order_id,restaurant_id,order_date,order_value_eur,order_channel,fulfilment_type,order_status
ORD-0004059,R-0006,2025-03-16,"50,33",app,pickup,completed
ORD-0004060,R-0006,2025-03-26,"29,06",web,delivery,completed
ORD-0004061,R-0006,2025-03-24,"38,21",app,delivery,completed
ORD-0004062,R-0006,2025-03-22,"39,01",app,delivery,completed
ORD-0004063,R-0006,2025-03-22,"48,34",app,delivery,completed
ORD-0004064,R-0006,2025-03-20,"24,10",app,delivery,completed
ORD-0004065,R-0006,2025-03-29,"11,44",web,delivery,completed
ORD-0005847,R-0010,2025-03-05,"40,79",app,delivery,completed
ORD-0005848,R-0010,2025-03-09,"34,08",web,delivery,completed
ORD-0005849,R-0010,2025-03-29,"53,87",app,pickup,completed
ORD-0005850,R-0010,2025-03-28,"54,49",web,pickup,completed
ORD-0005851,R-0010,2025-03-15,"16,64",web,pickup,completed
ORD-0005852,R-0010,2025-03-15,"58,53",web,pickup,Completed
ORD-0005853,R-0010,2025-03-18,"44,74",web,pickup,completed
ORD-0005854,R-0010,2025-03-03,"47,00",web,delivery,COMPLETED
ORD-0005855,R-0010,2025-03-08,"71,64",web,pickup,cancelled
ORD-0005856,R-0010,2025-03-19,"21,86",web,delivery,Completed
ORD-0005857,R-0010,2025-03-10,"26,67",web,pickup,completed
ORD-0005858,R-0010,2025-03-07,"44,88",web,delivery,cancelled
ORD-0005859,R-0010,2025-03-21,"19,33",web,pickup,completed
ORD-0005860,R-0010,2025-03-18,"39,41",web,delivery,completed
ORD-0005861,R-0010,2025-03-10,"58,55",app,delivery,completed
ORD-0005862,R-0010,2025-03-29,"53,44",web,delivery,completed
ORD-0005863,R-0010,2025-03-25,"43,94",web,delivery,COMPLETED
ORD-0005864,R-0010,2025-03-19,"39,10",web,pickup,COMPLETED
ORD-0005865,R-0010,2025-03-07,"39,26",web,delivery,Completed
ORD-0005866,R-0010,2025-03-21,"38,42",web,delivery,cancelled
ORD-0005867,R-0010,2025-03-22,"50,19",web,pickup,COMPLETED
ORD-0005868,R-0010,2025-03-19,"23,88",web,pickup,completed
ORD-0005869,R-0010,2025-03-21,"79,65",app,pickup,COMPLETED
ORD-0005870,R-0010,2025-03-06,"32,37",app,delivery,completed
ORD-0005871,R-0010,2025-03-11,"52,56",app,delivery,completed
ORD-0005872,R-0010,2025-03-28,"47,48",web,delivery,completed
ORD-0005873,R-0010,2025-03-05,"27,70",web,pickup,completed
ORD-0005874,R-0010,2025-03-19,"69,20",web,pickup,completed
ORD-0005875,R-0010,2025-03-29,"69,05",app,pickup,COMPLETED
ORD-0005876,R-0010,2025-03-01,"25,60",app,pickup,completed
ORD-0005877,R-0010,2025-03-30,"44,82",web,delivery,completed
ORD-0005878,R-0010,2025-03-28,"49,79",app,delivery,completed
ORD-0005879,R-0010,2025-03-22,"21,22",web,pickup,completed
ORD-0005880,R-0010,2025-03-22,"20,84",app,delivery,completed
ORD-0005881,R-0010,2025-03-28,"33,73",app,pickup,completed
ORD-0005882,R-0010,2025-03-06,"26,10",web,pickup,completed
ORD-0005883,R-0010,2025-03-22,"31,18",web,delivery,completed
ORD-0005884,R-0010,2025-03-11,"26,10",app,pickup,completed
ORD-0005885,R-0010,2025-03-28,"44,01",app,delivery,completed
ORD-0005886,R-0010,2025-03-17,"30,55",app,delivery,completed
ORD-0005887,R-0010,2025-03-24,"64,72",app,delivery,Completed
ORD-0005888,R-0010,2025-03-06,"45,64",web,delivery,completed
ORD-0005889,R-0010,2025-03-08,"62,02",web,pickup,completed
ORD-0005890,R-0010,2025-03-27,"22,68",app,delivery,completed
ORD-0005891,R-0010,2025-03-13,"33,72",web,delivery,completed
ORD-0005892,R-0010,2025-03-16,"48,48",app,delivery,completed
ORD-0005893,R-0010,2025-03-23,"54,58",app,pickup,COMPLETED
ORD-0005894,R-0010,2025-03-06,"33,48",web,delivery,completed
ORD-0005895,R-0010,2025-03-09,"38,19",app,pickup,completed
ORD-0005896,R-0010,2025-03-10,"36,85",web,delivery,completed
ORD-0005897,R-0010,2025-03-29,"41,21",web,pickup,COMPLETED
ORD-0005898,R-0010,2025-03-05,"95,88",web,delivery,completed
ORD-0005899,R-0010,2025-03-12,"47,96",web,delivery,completed
ORD-0005900,R-0010,2025-03-30,"46,76",app,delivery,completed
ORD-0005901,R-0010,2025-03-27,"26,63",web,pickup,completed
ORD-0005902,R-0010,2025-03-21,"29,02",web,pickup,completed
ORD-0005903,R-0010,2025-03-17,"39,39",web,pickup,completed
ORD-0005904,R-0010,2025-03-27,"65,12",app,delivery,completed
ORD-0005905,R-0010,2025-03-30,"42,76",app,pickup,completed
ORD-0005906,R-0010,2025-03-29,"43,45",app,pickup,completed
ORD-0016120,R-0025,2025-03-20,"22,07",web,delivery,completed
ORD-0016121,R-0025,2025-03-14,"20,63",app,pickup,Completed
ORD-0016122,R-0025,2025-03-18,"21,45",web,pickup,Completed
ORD-0016123,R-0025,2025-03-05,"26,59",app,delivery,completed
ORD-0016124,R-0025,2025-03-29,"32,70",app,delivery,completed
ORD-0016125,R-0025,2025-03-28,"18,81",web,delivery,completed
ORD-0016126,R-0025,2025-03-30,"14,19",web,delivery,completed
ORD-0016127,R-0025,2025-03-23,"31,14",app,delivery,completed
ORD-0016128,R-0025,2025-03-22,"50,98",app,delivery,COMPLETED
ORD-0016129,R-0025,2025-03-02,"28,42",app,delivery,completed
ORD-0016130,R-0025,2025-03-14,"20,87",app,delivery,completed
ORD-0016131,R-0025,2025-03-01,"25,48",app,delivery,completed
ORD-0016132,R-0025,2025-03-29,"24,87",web,delivery,completed
ORD-0016133,R-0025,2025-03-19,"21,49",app,delivery,completed
ORD-0016134,R-0025,2025-03-02,"17,06",app,pickup,completed
ORD-0016135,R-0025,2025-03-19,"31,03",app,pickup,completed
ORD-0016136,R-0025,2025-03-21,"17,71",web,delivery,completed
ORD-0016137,R-0025,2025-03-31,"30,73",web,delivery,completed
ORD-0016138,R-0025,2025-03-21,"28,55",app,delivery,completed
ORD-0016139,R-0025,2025-03-26,"36,18",app,pickup,completed
ORD-0016140,R-0025,2025-03-24,"28,19",web,pickup,completed
ORD-0016141,R-0025,2025-03-23,"10,24",app,pickup,completed
ORD-0016142,R-0025,2025-03-04,"13,16",web,pickup,completed
ORD-0016143,R-0025,2025-03-11,"22,30",web,pickup,completed
ORD-0016144,R-0025,2025-03-24,"39,70",web,delivery,COMPLETED
ORD-0016145,R-0025,2025-03-28,"20,41",web,delivery,COMPLETED
ORD-0016146,R-0025,2025-03-06,"13,32",app,pickup,completed
ORD-0016147,R-0025,2025-03-01,"31,27",app,pickup,completed
ORD-0016148,R-0025,2025-03-27,"39,10",app,delivery,completed
ORD-0016149,R-0025,2025-03-08,"17,70",web,delivery,completed
ORD-0016150,R-0025,2025-03-16,"19,46",web,delivery,completed
ORD-0016151,R-0025,2025-03-31,"39,12",app,delivery,completed
ORD-0016152,R-0025,2025-03-23,"14,90",web,delivery,refunded
ORD-0016153,R-0025,2025-03-06,"14,87",web,pickup,COMPLETED
ORD-0016154,R-0025,2025-03-29,"15,97",app,delivery,completed
ORD-0016155,R-0025,2025-03-07,"24,99",app,pickup,completed
ORD-0016156,R-0025,2025-03-27,"19,68",app,delivery,completed
ORD-0016157,R-0025,2025-03-01,"18,97",app,delivery,completed
ORD-0016158,R-0025,2025-03-08,"32,20",app,delivery,completed
ORD-0016159,R-0025,2025-03-04,"29,24",app,delivery,completed
ORD-0016160,R-0025,2025-03-18,"36,58",app,delivery,completed
ORD-0016161,R-0025,2025-03-20,"22,25",app,pickup,completed
ORD-0016162,R-0025,2025-03-22,"31,04",app,delivery,completed
ORD-0016163,R-0025,2025-03-09,"15,63",web,pickup,completed
ORD-0016164,R-0025,2025-03-30,"30,47",web,pickup,completed
ORD-0016165,R-0025,2025-03-01,"31,00",web,delivery,completed
ORD-0016166,R-0025,2025-03-10,"16,42",web,pickup,completed
ORD-0016167,R-0025,2025-03-02,"29,22",web,pickup,completed
ORD-0016168,R-0025,2025-03-12,"23,79",web,pickup,Completed
ORD-0016169,R-0025,2025-03-30,"27,78",web,delivery,completed
ORD-0016170,R-0025,2025-03-09,"33,06",app,delivery,completed
ORD-0016171,R-0025,2025-03-10,"23,22",app,pickup,completed
ORD-0016172,R-0025,2025-03-09,"35,67",web,pickup,completed
ORD-0016173,R-0025,2025-03-27,"14,64",web,pickup,completed
ORD-0016174,R-0025,2025-03-19,"16,01",app,pickup,completed
ORD-0016175,R-0025,2025-03-14,"22,24",web,pickup,completed
ORD-0016176,R-0025,2025-03-12,"16,56",web,delivery,COMPLETED
ORD-0016177,R-0025,2025-03-22,"25,85",app,pickup,Completed
ORD-0016178,R-0025,2025-03-31,"19,34",app,pickup,completed
ORD-0016179,R-0025,2025-03-15,"21,18",web,pickup,completed
ORD-0016180,R-0025,2025-03-08,"20,96",app,delivery,completed
ORD-0016181,R-0025,2025-03-13,"23,77",app,pickup,Completed
ORD-0016182,R-0025,2025-03-06,"21,78",web,pickup,COMPLETED
ORD-0016183,R-0025,2025-03-21,"26,88",web,pickup,completed
ORD-0016184,R-0025,2025-03-01,"20,50",app,pickup,completed
ORD-0016185,R-0025,2025-03-14,"12,17",app,delivery,completed
ORD-0016186,R-0025,2025-03-01,"30,71",app,delivery,completed
ORD-0016187,R-0025,2025-03-01,"17,82",app,pickup,completed
ORD-0016188,R-0025,2025-03-13,"24,13",app,pickup,completed
ORD-0016189,R-0025,2025-03-24,"21,81",app,delivery,COMPLETED
ORD-0016190,R-0025,2025-03-21,"52,02",web,delivery,completed
ORD-0016191,R-0025,2025-03-29,"9,03",web,delivery,completed
ORD-0016192,R-0025,2025-03-14,"18,62",app,delivery,completed
ORD-0016193,R-0025,2025-03-06,"24,96",web,delivery,completed
ORD-0016194,R-0025,2025-03-02,"13,27",app,pickup,completed
ORD-0016195,R-0025,2025-03-08,"23,19",web,delivery,completed
ORD-0025572,R-0050,2025-03-23,"17,62",app,delivery,Completed
ORD-0025573,R-0050,2025-03-07,"27,86",app,delivery,completed
ORD-0025574,R-0050,2025-03-19,"19,35",app,delivery,completed
ORD-0025575,R-0050,2025-03-07,"22,31",app,pickup,completed
ORD-0025576,R-0050,2025-03-16,"45,03",app,delivery,completed
ORD-0025577,R-0050,2025-03-19,"20,12",web,delivery,COMPLETED
ORD-0025578,R-0050,2025-03-31,"55,28",web,delivery,completed
ORD-0025579,R-0050,2025-03-05,"20,78",app,delivery,completed
ORD-0025580,R-0050,2025-03-14,"19,40",web,pickup,completed
ORD-0025581,R-0050,2025-03-27,"42,52",web,delivery,completed
ORD-0025582,R-0050,2025-03-28,"27,80",app,delivery,completed
ORD-0025583,R-0050,2025-03-07,"43,39",app,delivery,completed
ORD-0025584,R-0050,2025-03-01,"15,30",app,pickup,COMPLETED
ORD-0025585,R-0050,2025-03-01,"10,74",app,delivery,COMPLETED
ORD-0025586,R-0050,2025-03-28,"8,50",web,delivery,completed
ORD-0025587,R-0050,2025-03-12,"12,66",app,pickup,completed
ORD-0025588,R-0050,2025-03-25,"13,09",app,delivery,Completed
ORD-0025589,R-0050,2025-03-02,"30,63",app,delivery,completed
ORD-0025590,R-0050,2025-03-05,"20,94",app,pickup,completed
ORD-0025591,R-0050,2025-03-08,"21,48",web,delivery,completed
ORD-0025644,R-0053,2025-03-13,"23,86",app,pickup,Completed
ORD-0025645,R-0053,2025-03-01,"37,68",web,delivery,completed
ORD-0025646,R-0053,2025-03-14,"41,76",web,delivery,completed
ORD-0025647,R-0053,2025-03-30,"39,58",web,pickup,completed
ORD-0025648,R-0053,2025-03-29,"15,54",app,delivery,completed
ORD-0025649,R-0053,2025-03-14,"22,37",web,pickup,completed
ORD-0025650,R-0053,2025-03-02,"29,24",app,delivery,completed
ORD-0025651,R-0053,2025-03-07,"24,86",app,pickup,Completed
ORD-0025652,R-0053,2025-03-13,"26,33",web,pickup,completed
ORD-0025653,R-0053,2025-03-17,"21,03",web,delivery,completed
ORD-0025654,R-0053,2025-03-26,"38,35",web,pickup,completed
ORD-0025655,R-0053,2025-03-23,"34,00",app,delivery,completed
ORD-0025656,R-0053,2025-03-06,"23,84",web,pickup,completed
ORD-0025657,R-0053,2025-03-27,"27,21",web,delivery,completed
ORD-0025658,R-0053,2025-03-28,"33,38",web,delivery,completed
ORD-0025659,R-0053,2025-03-09,"50,92",web,pickup,COMPLETED
ORD-0025660,R-0053,2025-03-29,"27,43",web,delivery,completed
ORD-0025661,R-0053,2025-03-26,"33,28",web,pickup,completed
ORD-0025662,R-0053,2025-03-04,"22,89",app,delivery,Completed
ORD-0025663,R-0053,2025-03-18,"19,30",app,delivery,COMPLETED
ORD-0025664,R-0053,2025-03-26,"52,89",web,pickup,completed
ORD-0025665,R-0053,2025-03-06,"23,44",web,delivery,completed
ORD-0025666,R-0053,2025-03-14,"21,52",web,delivery,completed
ORD-0025667,R-0053,2025-03-27,"32,32",web,delivery,completed
ORD-0025668,R-0053,2025-03-03,"22,53",app,delivery,completed
ORD-0025669,R-0053,2025-03-30,"36,05",app,pickup,refunded
ORD-0025670,R-0053,2025-03-31,"20,69",web,pickup,completed
ORD-0033521,R-0074,2025-03-29,"39,05",web,delivery,completed
ORD-0033522,R-0074,2025-03-30,"31,47",web,delivery,completed
ORD-0033523,R-0074,2025-03-09,"32,52",app,pickup,completed
ORD-0033524,R-0074,2025-03-09,"33,84",app,pickup,completed
ORD-0033525,R-0074,2025-03-26,"21,06",app,delivery,completed
ORD-0033526,R-0074,2025-03-16,"15,34",app,pickup,completed
ORD-0033527,R-0074,2025-03-09,"27,63",app,delivery,completed
ORD-0033528,R-0074,2025-03-22,"16,41",app,pickup,completed
ORD-0033529,R-0074,2025-03-11,"26,87",app,pickup,completed
ORD-0033530,R-0074,2025-03-08,"45,91",web,delivery,completed
ORD-0033531,R-0074,2025-03-15,"16,13",web,delivery,completed
ORD-0033532,R-0074,2025-03-10,"39,00",app,delivery,completed
ORD-0033533,R-0074,2025-03-30,"45,75",app,delivery,completed
ORD-0033534,R-0074,2025-03-24,"27,17",app,delivery,completed
ORD-0033535,R-0074,2025-03-10,"28,33",app,delivery,completed
ORD-0033536,R-0074,2025-03-30,"35,06",app,pickup,completed
ORD-0036383,R-0081,2025-03-21,"59,20",app,pickup,Completed
ORD-0036384,R-0081,2025-03-23,"50,49",web,delivery,completed
ORD-0036385,R-0081,2025-03-26,"56,76",app,pickup,completed
ORD-0036386,R-0081,2025-03-30,"28,83",web,delivery,completed
ORD-0036387,R-0081,2025-03-21,"123,00",app,delivery,completed
ORD-0036388,R-0081,2025-03-26,"44,52",app,delivery,completed
ORD-0036389,R-0081,2025-03-28,"40,70",app,delivery,completed
ORD-0036390,R-0081,2025-03-30,"55,52",web,delivery,completed
ORD-0043965,R-0104,2025-03-09,"30,31",web,pickup,completed
ORD-0043966,R-0104,2025-03-22,"22,28",app,pickup,completed
ORD-0043967,R-0104,2025-03-05,"26,11",web,delivery,completed
ORD-0043968,R-0104,2025-03-12,"24,86",app,delivery,COMPLETED
ORD-0043969,R-0104,2025-03-07,"31,88",app,delivery,completed
ORD-0043970,R-0104,2025-03-05,"29,77",app,delivery,refunded
ORD-0043971,R-0104,2025-03-11,"20,52",app,delivery,completed
ORD-0043972,R-0104,2025-03-29,"35,50",app,delivery,completed
ORD-0043973,R-0104,2025-03-16,"48,51",web,pickup,completed
ORD-0043974,R-0104,2025-03-26,"33,80",app,delivery,completed
ORD-0043975,R-0104,2025-03-04,"20,17",app,delivery,completed
ORD-0043976,R-0104,2025-03-30,"18,26",web,delivery,completed
ORD-0043977,R-0104,2025-03-12,"28,95",app,delivery,completed
ORD-0043978,R-0104,2025-03-02,"36,44",app,pickup,completed
ORD-0043979,R-0104,2025-03-25,"14,25",app,delivery,completed
ORD-0043980,R-0104,2025-03-13,"32,91",app,pickup,completed
ORD-0043981,R-0104,2025-03-14,"30,72",web,pickup,completed
ORD-0043982,R-0104,2025-03-02,"31,82",web,delivery,Completed
ORD-0043983,R-0104,2025-03-17,"24,86",web,pickup,COMPLETED
ORD-0043984,R-0104,2025-03-07,"30,68",web,delivery,completed
ORD-0043985,R-0104,2025-03-17,"20,09",app,delivery,completed
ORD-0043986,R-0104,2025-03-17,"30,99",app,delivery,COMPLETED
ORD-0043987,R-0104,2025-03-09,"28,53",app,delivery,completed
ORD-0043988,R-0104,2025-03-02,"29,14",web,delivery,completed
ORD-0043989,R-0104,2025-03-02,"13,78",app,delivery,completed
ORD-0043990,R-0104,2025-03-29,"12,01",app,pickup,completed
ORD-0043991,R-0104,2025-03-29,"45,99",web,delivery,completed
ORD-0043992,R-0104,2025-03-02,"28,89",app,pickup,cancelled
ORD-0043993,R-0104,2025-03-26,"12,59",web,delivery,completed
ORD-0043994,R-0104,2025-03-04,"23,14",web,pickup,completed
ORD-0043995,R-0104,2025-03-28,"29,12",app,delivery,completed
ORD-0043996,R-0104,2025-03-21,"32,01",web,pickup,completed
ORD-0043997,R-0104,2025-03-06,"17,68",web,pickup,completed
ORD-0043998,R-0104,2025-03-29,"34,96",web,delivery,completed
ORD-0043999,R-0104,2025-03-15,"53,15",app,pickup,completed
ORD-0044000,R-0104,2025-03-10,"34,04",web,pickup,Completed
ORD-0044001,R-0104,2025-03-21,"55,92",web,pickup,completed
ORD-0044002,R-0104,2025-03-05,"15,49",web,delivery,completed
ORD-0044003,R-0104,2025-03-16,"19,17",app,pickup,completed
ORD-0044004,R-0104,2025-03-07,"20,34",app,delivery,completed
ORD-0044005,R-0104,2025-03-11,"21,92",web,delivery,completed
ORD-0044006,R-0104,2025-03-25,"38,47",web,pickup,completed
ORD-0044007,R-0104,2025-03-28,"35,44",web,pickup,completed
ORD-0044008,R-0104,2025-03-22,"22,58",app,delivery,completed
ORD-0044009,R-0104,2025-03-20,"59,39",web,pickup,COMPLETED
ORD-0044010,R-0104,2025-03-30,"16,70",app,pickup,completed
ORD-0048747,R-0119,2025-03-22,"30,48",app,delivery,completed
ORD-0048748,R-0119,2025-03-29,"33,47",app,delivery,completed
ORD-0048749,R-0119,2025-03-08,"43,54",web,delivery,COMPLETED
ORD-0048750,R-0119,2025-03-23,"49,76",app,delivery,completed
ORD-0048751,R-0119,2025-03-23,"25,82",web,delivery,completed
ORD-0048752,R-0119,2025-03-25,"21,06",app,delivery,completed
ORD-0048753,R-0119,2025-03-22,"35,77",web,pickup,completed
ORD-0048754,R-0119,2025-03-29,"14,43",web,delivery,completed
ORD-0048755,R-0119,2025-03-14,"44,90",app,delivery,COMPLETED
ORD-0048756,R-0119,2025-03-13,"37,98",web,pickup,completed
ORD-0048757,R-0119,2025-03-21,"38,90",app,pickup,completed
ORD-0048758,R-0119,2025-03-07,"61,89",web,pickup,COMPLETED
ORD-0048759,R-0119,2025-03-18,"14,89",web,delivery,completed
ORD-0048760,R-0119,2025-03-22,"30,92",app,pickup,COMPLETED
ORD-0048761,R-0119,2025-03-19,"38,17",app,delivery,completed
ORD-0048762,R-0119,2025-03-09,"32,83",app,delivery,Cancelled
ORD-0048763,R-0119,2025-03-31,"43,59",app,pickup,completed
ORD-0048764,R-0119,2025-03-08,"54,07",web,delivery,completed
ORD-0048765,R-0119,2025-03-12,"43,02",web,pickup,completed
ORD-0048766,R-0119,2025-03-29,"31,17",app,pickup,completed
ORD-0048767,R-0119,2025-03-14,"34,38",web,pickup,completed
ORD-0048768,R-0119,2025-03-07,"29,90",app,pickup,completed
ORD-0048769,R-0119,2025-03-28,"47,20",app,pickup,completed
ORD-0048770,R-0119,2025-03-30,"32,36",web,pickup,COMPLETED
ORD-0048771,R-0119,2025-03-18,"28,31",web,pickup,completed
ORD-0048772,R-0119,2025-03-17,"31,69",app,pickup,completed
ORD-0048773,R-0119,2025-03-24,"29,75",app,pickup,completed
ORD-0048774,R-0119,2025-03-14,"31,80",app,pickup,completed
ORD-0048775,R-0119,2025-03-19,"25,97",app,pickup,completed
ORD-0048776,R-0119,2025-03-17,"15,47",app,pickup,completed
ORD-0048777,R-0119,2025-03-01,"26,27",app,delivery,CANCELLED
ORD-0048778,R-0119,2025-03-29,"26,12",web,pickup,refunded
ORD-0048779,R-0119,2025-03-14,"37,40",app,pickup,completed
ORD-0050343,R-0124,2025-03-28,"39,11",web,delivery,completed
ORD-0050344,R-0124,2025-03-12,"31,60",web,delivery,completed
ORD-0050345,R-0124,2025-03-09,"62,27",app,delivery,completed
ORD-0050346,R-0124,2025-03-15,"21,04",app,delivery,completed
ORD-0050347,R-0124,2025-03-24,"23,32",app,delivery,completed
ORD-0051145,R-0126,2025-03-28,"43,69",web,pickup,completed
ORD-0051146,R-0126,2025-03-07,"26,43",web,pickup,completed
ORD-0051147,R-0126,2025-03-15,"38,23",app,pickup,COMPLETED
ORD-0051148,R-0126,2025-03-22,"11,08",web,delivery,completed
ORD-0051149,R-0126,2025-03-07,"46,25",web,delivery,completed
ORD-0051150,R-0126,2025-03-04,"12,22",web,pickup,completed
ORD-0051151,R-0126,2025-03-02,"21,60",app,pickup,completed
ORD-0051152,R-0126,2025-03-06,"16,18",web,pickup,completed
ORD-0051153,R-0126,2025-03-22,"26,61",app,delivery,completed
ORD-0051154,R-0126,2025-03-29,"31,75",app,delivery,completed
ORD-0051155,R-0126,2025-03-01,"14,01",app,delivery,completed
ORD-0051156,R-0126,2025-03-20,"30,82",app,delivery,completed
ORD-0051157,R-0126,2025-03-16,"45,65",app,pickup,completed
ORD-0051158,R-0126,2025-03-21,"49,70",web,delivery,completed
ORD-0051159,R-0126,2025-03-22,"33,94",web,pickup,completed
ORD-0051160,R-0126,2025-03-07,"21,71",app,delivery,completed
ORD-0051161,R-0126,2025-03-16,"24,88",app,delivery,completed
ORD-0051162,R-0126,2025-03-10,"16,48",app,pickup,completed
ORD-0051163,R-0126,2025-03-16,"33,63",app,delivery,completed
ORD-0051164,R-0126,2025-03-30,"18,49",web,pickup,completed
ORD-0051165,R-0126,2025-03-14,"28,15",app,delivery,completed
ORD-0051166,R-0126,2025-03-23,"18,79",app,delivery,completed
ORD-0051167,R-0126,2025-03-30,"26,85",web,pickup,completed
ORD-0051168,R-0126,2025-03-18,"45,63",app,pickup,completed
ORD-0051169,R-0126,2025-03-02,"31,02",web,pickup,completed
ORD-0051170,R-0126,2025-03-15,"30,96",app,pickup,completed
ORD-0051171,R-0126,2025-03-22,"33,19",app,delivery,completed
ORD-0051172,R-0126,2025-03-22,"42,81",app,delivery,completed
ORD-0051173,R-0126,2025-03-23,"23,54",app,pickup,completed
ORD-0051174,R-0126,2025-03-18,"27,80",app,pickup,completed
ORD-0051175,R-0126,2025-03-25,"24,80",app,pickup,completed
ORD-0051176,R-0126,2025-03-08,"39,14",web,delivery,COMPLETED
ORD-0051177,R-0126,2025-03-14,"23,97",web,pickup,Completed
ORD-0051178,R-0126,2025-03-13,"50,84",app,delivery,completed
ORD-0051179,R-0126,2025-03-30,"21,89",web,pickup,completed
ORD-0051180,R-0126,2025-03-16,"12,85",web,pickup,completed
ORD-0051181,R-0126,2025-03-22,"18,18",web,delivery,completed
ORD-0051182,R-0126,2025-03-26,"27,91",app,pickup,COMPLETED
ORD-0051183,R-0126,2025-03-24,"10,80",app,pickup,completed
ORD-0051184,R-0126,2025-03-02,"40,35",app,delivery,Completed
ORD-0051185,R-0126,2025-03-25,"15,42",app,pickup,completed
ORD-0051186,R-0126,2025-03-08,"37,38",app,delivery,completed
ORD-0051187,R-0126,2025-03-27,"65,71",web,delivery,completed
ORD-0051188,R-0126,2025-03-06,"25,10",web,pickup,completed
ORD-0051189,R-0126,2025-03-01,"22,37",app,delivery,completed
ORD-0051190,R-0126,2025-03-20,"14,50",web,delivery,completed
ORD-0051191,R-0126,2025-03-22,"31,80",web,pickup,completed
ORD-0051192,R-0126,2025-03-16,"24,60",app,delivery,completed
ORD-0051193,R-0126,2025-03-09,"36,58",web,pickup,completed
ORD-0051194,R-0126,2025-03-22,"23,65",web,pickup,completed
ORD-0051195,R-0126,2025-03-05,"22,00",app,pickup,cancelled
ORD-0051196,R-0126,2025-03-14,"32,95",web,delivery,completed
ORD-0051197,R-0126,2025-03-01,"53,11",app,pickup,COMPLETED
ORD-0051198,R-0126,2025-03-17,"55,30",web,pickup,COMPLETED
ORD-0051199,R-0126,2025-03-01,"32,31",web,delivery,COMPLETED
ORD-0051200,R-0126,2025-03-17,"36,39",web,pickup,completed
ORD-0051201,R-0126,2025-03-01,"43,35",web,pickup,completed
ORD-0051202,R-0126,2025-03-22,"23,49",app,pickup,completed
ORD-0051203,R-0126,2025-03-08,"21,83",app,delivery,completed
ORD-0051204,R-0126,2025-03-18,"32,41",app,delivery,completed
ORD-0051205,R-0126,2025-03-21,"35,22",web,delivery,completed
ORD-0051206,R-0126,2025-03-06,"29,42",web,delivery,completed
ORD-0051207,R-0126,2025-03-08,"26,71",app,delivery,completed
ORD-0051208,R-0126,2025-03-11,"19,90",web,pickup,completed
ORD-0051209,R-0126,2025-03-18,"52,58",app,delivery,completed
ORD-0051210,R-0126,2025-03-06,"39,30",app,delivery,completed
ORD-0051211,R-0126,2025-03-29,"20,99",app,pickup,completed
ORD-0051212,R-0126,2025-03-04,"19,33",app,pickup,completed
ORD-0051213,R-0126,2025-03-28,"42,51",web,delivery,completed
ORD-0051214,R-0126,2025-03-21,"16,40",app,pickup,completed
ORD-0051215,R-0126,2025-03-20,"17,73",app,delivery,completed
ORD-0051216,R-0126,2025-03-09,"28,87",web,delivery,COMPLETED
ORD-0051217,R-0126,2025-03-29,"36,47",app,pickup,completed
ORD-0051218,R-0126,2025-03-20,"46,87",web,delivery,completed
ORD-0051219,R-0126,2025-03-28,"10,45",web,pickup,completed
ORD-0051220,R-0126,2025-03-11,"20,05",app,pickup,COMPLETED
ORD-0051221,R-0126,2025-03-14,"52,30",web,delivery,completed
ORD-0051222,R-0126,2025-03-13,"28,04",app,pickup,completed
ORD-0051223,R-0126,2025-03-13,"29,57",web,pickup,completed
ORD-0051224,R-0126,2025-03-05,"29,35",web,delivery,completed
ORD-0051225,R-0126,2025-03-11,"13,78",app,delivery,completed
ORD-0051226,R-0126,2025-03-27,"10,34",web,delivery,completed
ORD-0051227,R-0126,2025-03-09,"47,20",web,pickup,completed
ORD-0051228,R-0126,2025-03-31,"31,75",app,delivery,completed
ORD-0051229,R-0126,2025-03-14,"23,98",web,delivery,completed
ORD-0051230,R-0126,2025-03-05,"33,20",app,delivery,completed
ORD-0051231,R-0126,2025-03-29,"8,10",app,delivery,completed
ORD-0051232,R-0126,2025-03-29,"40,10",web,pickup,COMPLETED
ORD-0051233,R-0126,2025-03-11,"29,39",app,delivery,completed
ORD-0051234,R-0126,2025-03-16,"27,39",app,pickup,COMPLETED
ORD-0051235,R-0126,2025-03-15,"20,17",web,delivery,completed
ORD-0051236,R-0126,2025-03-23,"24,65",web,delivery,completed
ORD-0051237,R-0126,2025-03-15,"18,70",app,delivery,Completed
ORD-0051238,R-0126,2025-03-02,"18,22",web,delivery,Refunded
ORD-0051239,R-0126,2025-03-28,"16,15",app,pickup,completed
ORD-0051240,R-0126,2025-03-21,"29,36",app,pickup,completed
ORD-0051241,R-0126,2025-03-30,"41,38",web,pickup,COMPLETED
ORD-0051242,R-0126,2025-03-06,"21,91",web,delivery,completed
ORD-0059244,R-0143,2025-03-24,"46,82",web,pickup,completed
ORD-0059245,R-0143,2025-03-01,"38,33",app,delivery,completed
ORD-0059246,R-0143,2025-03-10,"59,56",app,pickup,Completed
ORD-0059247,R-0143,2025-03-17,"40,49",web,pickup,completed
ORD-0059248,R-0143,2025-03-06,"74,24",app,pickup,refunded
ORD-0059249,R-0143,2025-03-08,"35,33",web,delivery,completed
ORD-0059250,R-0143,2025-03-25,"44,46",web,pickup,completed
ORD-0059251,R-0143,2025-03-26,"27,06",app,pickup,completed
ORD-0059252,R-0143,2025-03-28,"51,91",web,pickup,completed
ORD-0059253,R-0143,2025-03-25,"58,45",app,pickup,completed
ORD-0059254,R-0143,2025-03-08,"55,64",app,pickup,completed
ORD-0059255,R-0143,2025-03-20,"21,31",app,delivery,Completed
ORD-0059256,R-0143,2025-03-01,"62,93",app,pickup,completed
ORD-0059257,R-0143,2025-03-24,"49,27",app,pickup,completed
ORD-0059258,R-0143,2025-03-17,"31,50",app,pickup,completed
ORD-0059259,R-0143,2025-03-10,"44,86",app,pickup,completed
ORD-0059260,R-0143,2025-03-02,"124,83",app,pickup,completed
ORD-0059261,R-0143,2025-03-19,"44,16",app,pickup,cancelled
ORD-0059262,R-0143,2025-03-16,"50,64",web,pickup,completed
ORD-0059263,R-0143,2025-03-23,"54,30",app,pickup,completed
ORD-0059264,R-0143,2025-03-10,"76,75",app,pickup,completed
ORD-0059265,R-0143,2025-03-07,"39,00",web,delivery,completed
ORD-0059266,R-0143,2025-03-05,"22,59",web,pickup,completed
ORD-0059267,R-0143,2025-03-04,"82,81",web,pickup,completed
ORD-0059268,R-0143,2025-03-29,"50,54",app,pickup,cancelled
ORD-0059269,R-0143,2025-03-23,"41,96",web,pickup,completed
ORD-0059270,R-0143,2025-03-13,"74,88",app,pickup,cancelled
ORD-0059271,R-0143,2025-03-15,"75,53",app,pickup,completed
ORD-0059272,R-0143,2025-03-22,"26,87",web,pickup,completed
ORD-0059273,R-0143,2025-03-07,"53,40",app,pickup,completed
ORD-0059274,R-0143,2025-03-17,"29,54",web,pickup,completed
ORD-0059275,R-0143,2025-03-27,"52,84",app,pickup,completed
ORD-0059276,R-0143,2025-03-21,"30,60",web,pickup,completed
ORD-0059277,R-0143,2025-03-30,"103,97",web,pickup,completed
ORD-0059278,R-0143,2025-03-24,"40,73",web,pickup,COMPLETED
ORD-0059279,R-0143,2025-03-05,"38,40",app,pickup,completed
ORD-0059860,R-0146,2025-03-04,"54,47",web,delivery,COMPLETED
ORD-0059861,R-0146,2025-03-16,"32,90",app,pickup,completed
ORD-0059862,R-0146,2025-03-07,"27,91",web,pickup,completed
ORD-0059863,R-0146,2025-03-23,"30,53",web,pickup,completed
ORD-0059864,R-0146,2025-03-05,"41,71",web,pickup,completed
ORD-0059865,R-0146,2025-03-30,"29,82",web,pickup,cancelled
ORD-0059866,R-0146,2025-03-21,"28,49",app,pickup,completed
ORD-0059867,R-0146,2025-03-28,"19,52",web,pickup,COMPLETED
ORD-0059868,R-0146,2025-03-22,"25,64",web,delivery,completed
ORD-0059869,R-0146,2025-03-06,"15,06",web,delivery,completed
ORD-0059870,R-0146,2025-03-10,"43,00",app,pickup,completed
ORD-0059871,R-0146,2025-03-23,"33,11",app,pickup,completed
ORD-0059872,R-0146,2025-03-16,"24,53",app,pickup,completed
ORD-0059873,R-0146,2025-03-18,"36,01",web,delivery,Cancelled
ORD-0059874,R-0146,2025-03-30,"52,65",app,pickup,completed
ORD-0059875,R-0146,2025-03-07,"25,38",web,delivery,completed
ORD-0059876,R-0146,2025-03-12,"20,16",web,pickup,cancelled
ORD-0059877,R-0146,2025-03-31,"28,45",web,pickup,completed
ORD-0059878,R-0146,2025-03-27,"32,44",app,delivery,completed
ORD-0059879,R-0146,2025-03-22,"24,92",web,pickup,completed
ORD-0059880,R-0146,2025-03-29,"30,09",app,pickup,completed
ORD-0059881,R-0146,2025-03-08,"39,72",app,delivery,completed
ORD-0059882,R-0146,2025-03-08,"20,35",app,delivery,completed
ORD-0059883,R-0146,2025-03-04,"35,15",app,delivery,completed
ORD-0059884,R-0146,2025-03-30,"43,35",app,pickup,completed
ORD-0059885,R-0146,2025-03-14,"44,54",app,pickup,completed
ORD-0059886,R-0146,2025-03-20,"26,19",web,delivery,COMPLETED
ORD-0059887,R-0146,2025-03-10,"40,56",app,delivery,completed
ORD-0059888,R-0146,2025-03-21,"26,98",web,delivery,completed
ORD-0059889,R-0146,2025-03-03,"25,69",web,pickup,completed
ORD-0059890,R-0146,2025-03-09,"29,99",app,pickup,completed
ORD-0059891,R-0146,2025-03-30,"32,94",web,pickup,completed
ORD-0059892,R-0146,2025-03-03,"42,21",web,pickup,completed
ORD-0059893,R-0146,2025-03-30,"41,45",app,delivery,completed
ORD-0059894,R-0146,2025-03-16,"25,20",web,delivery,completed
ORD-0059895,R-0146,2025-03-21,"28,37",web,delivery,completed
ORD-0059896,R-0146,2025-03-31,"34,55",web,delivery,completed
ORD-0059897,R-0146,2025-03-17,"48,41",web,pickup,completed
ORD-0059898,R-0146,2025-03-29,"38,83",app,delivery,completed
ORD-0059899,R-0146,2025-03-26,"22,07",app,pickup,completed
ORD-0059900,R-0146,2025-03-15,"25,89",web,delivery,completed
ORD-0059901,R-0146,2025-03-29,"27,83",app,delivery,completed
ORD-0059902,R-0146,2025-03-03,"40,06",web,delivery,completed
ORD-0059903,R-0146,2025-03-28,"30,71",app,delivery,completed
ORD-0059904,R-0146,2025-03-08,"38,55",web,delivery,completed
ORD-0059905,R-0146,2025-03-29,"26,61",web,pickup,completed
ORD-0059906,R-0146,2025-03-21,"33,91",web,pickup,completed
ORD-0059907,R-0146,2025-03-04,"50,28",app,pickup,completed
ORD-0059908,R-0146,2025-03-07,"40,77",app,delivery,completed
ORD-0059909,R-0146,2025-03-24,"24,66",web,pickup,Completed
ORD-0059910,R-0146,2025-03-19,"34,26",app,delivery,completed
ORD-0059911,R-0146,2025-03-09,"43,30",app,delivery,completed
ORD-0059912,R-0146,2025-03-09,"64,78",app,delivery,completed
ORD-0059913,R-0146,2025-03-30,"23,43",web,delivery,completed
ORD-0059914,R-0146,2025-03-05,"29,36",web,delivery,completed
ORD-0059915,R-0146,2025-03-15,"32,58",web,pickup,completed
ORD-0059916,R-0146,2025-03-27,"39,74",web,pickup,completed
ORD-0059917,R-0146,2025-03-04,"30,77",app,delivery,completed
ORD-0059918,R-0146,2025-03-28,"41,02",web,delivery,completed
ORD-0059919,R-0146,2025-03-07,"40,94",web,delivery,completed
ORD-0059920,R-0146,2025-03-22,"32,76",web,delivery,completed
ORD-0059921,R-0146,2025-03-03,"49,36",web,delivery,completed
ORD-0061498,R-0154,2025-03-21,"51,50",web,delivery,completed
ORD-0061499,R-0154,2025-03-15,"52,12",app,delivery,COMPLETED
ORD-0061500,R-0154,2025-03-11,"35,97",app,delivery,completed
ORD-0061501,R-0154,2025-03-22,"36,31",app,delivery,completed
ORD-0061502,R-0154,2025-03-23,"69,00",app,delivery,completed
ORD-0061503,R-0154,2025-03-06,"18,89",app,delivery,completed
ORD-0061504,R-0154,2025-03-09,"69,66",web,delivery,completed
ORD-0061505,R-0154,2025-03-27,"23,13",app,pickup,refunded
ORD-0061506,R-0154,2025-03-20,"30,53",web,delivery,completed
ORD-0061507,R-0154,2025-03-01,"122,49",web,delivery,completed
ORD-0061508,R-0154,2025-03-08,"80,83",web,delivery,Completed
ORD-0061509,R-0154,2025-03-16,"23,86",app,delivery,completed
ORD-0061510,R-0154,2025-03-01,"50,77",web,delivery,completed
ORD-0061511,R-0154,2025-03-01,"51,16",app,delivery,completed
ORD-0061512,R-0154,2025-03-28,"72,95",web,delivery,completed
ORD-0061513,R-0154,2025-03-06,"135,41",web,delivery,completed
ORD-0061514,R-0154,2025-03-07,"70,29",web,delivery,completed
ORD-0061515,R-0154,2025-03-13,"30,41",web,pickup,completed
ORD-0061516,R-0154,2025-03-09,"39,64",web,delivery,completed
ORD-0061517,R-0154,2025-03-23,"42,11",app,delivery,completed
ORD-0061518,R-0154,2025-03-02,"61,25",app,delivery,completed
ORD-0061519,R-0154,2025-03-14,"43,95",app,delivery,Completed
ORD-0061520,R-0154,2025-03-24,"86,15",app,delivery,Completed
ORD-0061521,R-0154,2025-03-09,"28,42",app,delivery,completed
ORD-0061522,R-0154,2025-03-17,"17,03",web,delivery,completed
ORD-0061523,R-0154,2025-03-15,"36,56",web,delivery,completed
ORD-0073968,R-0171,2025-03-14,"18,05",app,pickup,completed
ORD-0073969,R-0171,2025-03-30,"29,17",web,pickup,completed
ORD-0073970,R-0171,2025-03-03,"19,47",web,pickup,COMPLETED
ORD-0073971,R-0171,2025-03-08,"25,06",web,delivery,Completed
ORD-0073972,R-0171,2025-03-20,"16,47",web,pickup,completed
ORD-0073973,R-0171,2025-03-01,"14,87",app,delivery,completed
ORD-0073974,R-0171,2025-03-01,"21,47",web,delivery,completed
ORD-0073975,R-0171,2025-03-27,"32,33",app,delivery,completed
ORD-0073976,R-0171,2025-03-16,"32,92",app,delivery,Completed
ORD-0073977,R-0171,2025-03-04,"31,55",web,delivery,completed
ORD-0073978,R-0171,2025-03-15,"17,42",web,delivery,cancelled
ORD-0073979,R-0171,2025-03-17,"17,63",app,pickup,completed
ORD-0073980,R-0171,2025-03-08,"15,81",web,pickup,completed
ORD-0073981,R-0171,2025-03-17,"14,46",app,delivery,completed
ORD-0073982,R-0171,2025-03-30,"16,86",web,pickup,completed
ORD-0073983,R-0171,2025-03-21,"20,84",app,pickup,refunded
ORD-0073984,R-0171,2025-03-09,"27,64",app,delivery,completed
ORD-0073985,R-0171,2025-03-03,"13,29",web,pickup,completed
ORD-0073986,R-0171,2025-03-28,"16,74",app,delivery,COMPLETED
ORD-0073987,R-0171,2025-03-27,"13,84",app,delivery,completed
ORD-0073988,R-0171,2025-03-19,"25,88",app,delivery,completed
ORD-0073989,R-0171,2025-03-04,"30,29",web,delivery,completed
ORD-0073990,R-0171,2025-03-12,"26,34",web,pickup,completed
ORD-0073991,R-0171,2025-03-04,"12,44",web,pickup,completed
ORD-0073992,R-0171,2025-03-23,"21,16",app,delivery,COMPLETED
ORD-0073993,R-0171,2025-03-16,"22,49",app,delivery,completed
ORD-0073994,R-0171,2025-03-12,"18,66",app,pickup,completed
ORD-0073995,R-0171,2025-03-29,"26,50",app,pickup,completed
ORD-0073996,R-0171,2025-03-29,"16,76",web,pickup,completed
ORD-0073997,R-0171,2025-03-10,"23,08",app,delivery,completed
ORD-0073998,R-0171,2025-03-15,"18,82",web,delivery,completed
ORD-0073999,R-0171,2025-03-23,"29,58",web,delivery,COMPLETED
ORD-0074000,R-0171,2025-03-14,"19,28",web,delivery,completed
ORD-0074001,R-0171,2025-03-19,"28,57",app,pickup,completed
ORD-0074002,R-0171,2025-03-22,"20,60",app,pickup,completed
ORD-0074003,R-0171,2025-03-24,"19,49",web,pickup,cancelled
ORD-0074004,R-0171,2025-03-11,"38,18",app,delivery,refunded
ORD-0074005,R-0171,2025-03-29,"23,97",app,delivery,completed
ORD-0074006,R-0171,2025-03-02,"17,01",web,delivery,completed
ORD-0074007,R-0171,2025-03-13,"25,47",web,pickup,completed
ORD-0074008,R-0171,2025-03-18,"19,53",app,delivery,completed
ORD-0074009,R-0171,2025-03-02,"20,20",web,pickup,completed
ORD-0074010,R-0171,2025-03-02,"13,49",app,delivery,completed
ORD-0074011,R-0171,2025-03-22,"30,90",web,pickup,completed
ORD-0074012,R-0171,2025-03-04,"26,75",web,delivery,completed
ORD-0074013,R-0171,2025-03-23,"26,37",app,delivery,Completed
ORD-0074014,R-0171,2025-03-01,"21,09",app,delivery,completed
ORD-0074015,R-0171,2025-03-15,"13,05",app,pickup,completed
ORD-0074016,R-0171,2025-03-17,"43,02",app,delivery,completed
ORD-0074017,R-0171,2025-03-19,"26,64",web,delivery,completed
ORD-0074018,R-0171,2025-03-23,"57,95",web,delivery,completed
ORD-0074019,R-0171,2025-03-07,"19,77",app,delivery,completed
ORD-0074020,R-0171,2025-03-05,"16,35",web,pickup,completed
ORD-0074021,R-0171,2025-03-27,"36,21",app,pickup,completed
ORD-0074022,R-0171,2025-03-22,"23,77",web,delivery,completed
ORD-0074023,R-0171,2025-03-06,"28,09",app,delivery,completed
ORD-0074024,R-0171,2025-03-03,"20,66",web,pickup,completed
ORD-0074025,R-0171,2025-03-12,"9,58",app,pickup,completed
ORD-0074026,R-0171,2025-03-24,"22,45",web,delivery,completed
ORD-0074027,R-0171,2025-03-14,"17,82",app,pickup,completed
ORD-0074028,R-0171,2025-03-17,"18,31",app,pickup,Completed
ORD-0074029,R-0171,2025-03-20,"15,91",web,delivery,COMPLETED
ORD-0074030,R-0171,2025-03-04,"15,34",app,delivery,completed
ORD-0074031,R-0171,2025-03-08,"18,91",app,delivery,completed
ORD-0074032,R-0171,2025-03-16,"20,72",app,delivery,completed
ORD-0074033,R-0171,2025-03-10,"24,53",app,pickup,completed
ORD-0074034,R-0171,2025-03-05,"18,18",web,delivery,completed
ORD-0074035,R-0171,2025-03-15,"13,61",app,delivery,completed
ORD-0074036,R-0171,2025-03-09,"8,01",app,delivery,completed
ORD-0074037,R-0171,2025-03-09,"21,81",web,pickup,completed
ORD-0074038,R-0171,2025-03-30,"17,37",app,delivery,completed
ORD-0074039,R-0171,2025-03-09,"16,37",app,delivery,completed
ORD-0074040,R-0171,2025-03-12,"22,05",web,pickup,refunded
ORD-0074041,R-0171,2025-03-19,"14,48",web,delivery,cancelled
ORD-0074042,R-0171,2025-03-07,"21,78",app,delivery,completed
ORD-0074043,R-0171,2025-03-22,"31,85",web,delivery,COMPLETED
ORD-0074044,R-0171,2025-03-11,"17,87",app,delivery,completed
ORD-0075233,R-0175,2025-03-14,"12,17",app,delivery,completed
ORD-0075234,R-0175,2025-03-09,"22,25",web,delivery,completed
ORD-0075235,R-0175,2025-03-08,"52,27",web,delivery,completed
ORD-0075236,R-0175,2025-03-21,"16,23",web,delivery,completed
ORD-0075237,R-0175,2025-03-26,"15,12",web,pickup,completed
ORD-0075238,R-0175,2025-03-07,"23,32",web,delivery,completed
ORD-0075239,R-0175,2025-03-03,"25,07",app,delivery,completed
ORD-0075240,R-0175,2025-03-22,"22,52",app,delivery,completed
ORD-0075241,R-0175,2025-03-05,"17,83",app,delivery,completed
ORD-0075242,R-0175,2025-03-28,"33,35",web,delivery,completed
ORD-0075243,R-0175,2025-03-31,"32,50",web,pickup,completed
ORD-0075244,R-0175,2025-03-04,"13,84",web,pickup,completed
ORD-0075245,R-0175,2025-03-20,"17,45",app,delivery,completed
ORD-0075246,R-0175,2025-03-01,"12,68",app,delivery,completed
ORD-0075247,R-0175,2025-03-14,"13,18",web,delivery,completed
ORD-0075248,R-0175,2025-03-01,"11,78",web,pickup,completed
ORD-0075249,R-0175,2025-03-23,"16,71",web,delivery,completed
ORD-0075250,R-0175,2025-03-24,"13,21",web,pickup,completed
ORD-0075251,R-0175,2025-03-10,"19,21",web,delivery,completed
ORD-0075252,R-0175,2025-03-13,"26,13",web,delivery,completed
ORD-0079704,R-0184,2025-03-22,"24,42",app,pickup,completed
ORD-0079705,R-0184,2025-03-11,"15,00",web,delivery,COMPLETED
ORD-0079706,R-0184,2025-03-23,"10,86",web,pickup,completed
ORD-0079707,R-0184,2025-03-29,"16,93",app,pickup,completed
ORD-0079708,R-0184,2025-03-18,"7,14",web,delivery,completed
ORD-0079709,R-0184,2025-03-31,"11,15",web,delivery,completed
ORD-0079710,R-0184,2025-03-12,"12,76",app,pickup,Cancelled
ORD-0079711,R-0184,2025-03-16,"17,30",app,pickup,completed
ORD-0079712,R-0184,2025-03-02,"18,41",app,delivery,completed
ORD-0079713,R-0184,2025-03-13,"22,61",app,delivery,completed
ORD-0079714,R-0184,2025-03-25,"11,43",app,pickup,completed
ORD-0079715,R-0184,2025-03-19,"11,80",app,delivery,completed
ORD-0079716,R-0184,2025-03-16,"12,78",web,pickup,completed
ORD-0079717,R-0184,2025-03-19,"26,75",app,delivery,completed
ORD-0079718,R-0184,2025-03-06,"18,13",web,delivery,COMPLETED
ORD-0079719,R-0184,2025-03-08,"19,18",web,pickup,completed
ORD-0079720,R-0184,2025-03-16,"30,94",app,delivery,Completed
ORD-0079721,R-0184,2025-03-27,"14,37",app,pickup,completed
ORD-0079722,R-0184,2025-03-02,"12,67",app,delivery,Completed
ORD-0079723,R-0184,2025-03-05,"17,41",app,pickup,completed
ORD-0079724,R-0184,2025-03-09,"25,86",web,pickup,completed
ORD-0079725,R-0184,2025-03-29,"21,28",app,pickup,cancelled
ORD-0079726,R-0184,2025-03-07,"14,74",web,delivery,completed
ORD-0079727,R-0184,2025-03-22,"11,13",app,delivery,Completed
ORD-0079728,R-0184,2025-03-21,"13,45",app,pickup,completed
ORD-0079729,R-0184,2025-03-28,"50,07",app,pickup,completed
ORD-0079730,R-0184,2025-03-05,"11,21",web,delivery,COMPLETED
ORD-0079731,R-0184,2025-03-13,"17,54",web,pickup,completed
ORD-0079732,R-0184,2025-03-08,"25,82",app,delivery,completed
ORD-0079733,R-0184,2025-03-20,"12,66",app,pickup,completed
ORD-0079734,R-0184,2025-03-17,"16,31",web,pickup,completed
ORD-0079735,R-0184,2025-03-23,"12,48",web,pickup,COMPLETED
ORD-0079736,R-0184,2025-03-18,"14,20",app,delivery,completed
ORD-0079737,R-0184,2025-03-21,"23,76",app,pickup,Completed
ORD-0079738,R-0184,2025-03-24,"14,91",app,delivery,COMPLETED
ORD-0079739,R-0184,2025-03-01,"25,47",web,delivery,completed
ORD-0079740,R-0184,2025-03-17,"13,69",web,pickup,completed
ORD-0079741,R-0184,2025-03-21,"20,20",app,delivery,completed
ORD-0079742,R-0184,2025-03-07,"20,45",app,delivery,completed
ORD-0079743,R-0184,2025-03-27,"19,14",app,pickup,completed
ORD-0079744,R-0184,2025-03-17,"20,95",web,pickup,COMPLETED
ORD-0079745,R-0184,2025-03-20,"23,94",web,delivery,completed
ORD-0079746,R-0184,2025-03-06,"14,07",app,delivery,completed
ORD-0079747,R-0184,2025-03-31,"27,49",web,pickup,completed
ORD-0079748,R-0184,2025-03-25,"53,73",app,pickup,completed
ORD-0079749,R-0184,2025-03-08,"11,95",app,pickup,completed
ORD-0079750,R-0184,2025-03-07,"15,08",web,pickup,completed
ORD-0079751,R-0184,2025-03-11,"13,16",app,pickup,completed
ORD-0079752,R-0184,2025-03-16,"14,38",web,delivery,cancelled
ORD-0079753,R-0184,2025-03-23,"12,66",app,delivery,cancelled
ORD-0079754,R-0184,2025-03-30,"30,66",app,delivery,completed
ORD-0079755,R-0184,2025-03-03,"9,62",web,delivery,completed
ORD-0079756,R-0184,2025-03-24,"23,82",web,delivery,completed
ORD-0079757,R-0184,2025-03-02,"29,29",app,delivery,completed
ORD-0079758,R-0184,2025-03-24,"23,89",app,pickup,completed
ORD-0079759,R-0184,2025-03-23,"18,66",web,pickup,completed
ORD-0079760,R-0184,2025-03-12,"15,41",app,delivery,completed
ORD-0079761,R-0184,2025-03-18,"19,87",app,pickup,completed
ORD-0079762,R-0184,2025-03-24,"12,96",web,pickup,completed
ORD-0079763,R-0184,2025-03-19,"18,70",app,delivery,Completed
ORD-0079764,R-0184,2025-03-05,"10,78",web,pickup,completed
ORD-0079765,R-0184,2025-03-30,"21,63",app,delivery,completed
ORD-0079766,R-0184,2025-03-26,"18,34",web,pickup,completed
ORD-0079767,R-0184,2025-03-22,"12,38",web,pickup,completed
ORD-0079768,R-0184,2025-03-17,"43,26",web,delivery,completed
ORD-0079769,R-0184,2025-03-06,"31,34",web,delivery,completed
ORD-0079770,R-0184,2025-03-01,"31,93",app,delivery,completed
ORD-0086372,R-0196,2025-03-25,"35,49",web,pickup,cancelled
ORD-0086373,R-0196,2025-03-20,"19,54",app,pickup,completed
ORD-0086374,R-0196,2025-03-22,"28,86",web,pickup,completed
ORD-0086375,R-0196,2025-03-25,"15,87",app,delivery,completed
ORD-0086376,R-0196,2025-03-28,"39,35",web,delivery,completed
ORD-0086377,R-0196,2025-03-30,"23,49",app,pickup,Completed
ORD-0086378,R-0196,2025-03-29,"35,40",web,delivery,refunded
ORD-0086379,R-0196,2025-03-14,"55,48",app,delivery,completed
ORD-0086380,R-0196,2025-03-18,"10,24",web,delivery,completed
ORD-0086381,R-0196,2025-03-27,"12,66",web,delivery,completed
ORD-0086382,R-0196,2025-03-28,"21,28",app,pickup,completed
ORD-0086383,R-0196,2025-03-15,"41,21",app,pickup,completed
ORD-0086384,R-0196,2025-03-11,"37,09",web,pickup,completed
ORD-0086385,R-0196,2025-03-22,"15,21",web,delivery,completed
ORD-0086386,R-0196,2025-03-27,"24,00",web,delivery,completed
ORD-0086387,R-0196,2025-03-14,"43,72",app,delivery,completed
ORD-0091061,R-0207,2025-03-03,"40,04",web,delivery,Completed
ORD-0091062,R-0207,2025-03-14,"98,64",app,delivery,completed
ORD-0091063,R-0207,2025-03-03,"94,12",web,pickup,COMPLETED
ORD-0091064,R-0207,2025-03-03,"60,27",web,pickup,completed
ORD-0091065,R-0207,2025-03-27,"22,20",app,pickup,completed
ORD-0091066,R-0207,2025-03-15,"49,13",web,pickup,completed
ORD-0091067,R-0207,2025-03-11,"60,50",app,delivery,completed
ORD-0091068,R-0207,2025-03-27,"52,11",app,delivery,completed
ORD-0091069,R-0207,2025-03-30,"37,25",web,delivery,completed
ORD-0091070,R-0207,2025-03-06,"29,78",app,delivery,completed
ORD-0091071,R-0207,2025-03-08,"22,34",web,delivery,completed
ORD-0091072,R-0207,2025-03-06,"36,48",app,pickup,Completed
ORD-0091073,R-0207,2025-03-11,"76,15",app,pickup,completed
ORD-0091074,R-0207,2025-03-11,"41,71",app,pickup,completed
ORD-0091075,R-0207,2025-03-05,"40,10",web,pickup,completed
ORD-0091076,R-0207,2025-03-07,"34,16",app,pickup,COMPLETED
ORD-0091077,R-0207,2025-03-16,"81,92",app,pickup,completed
ORD-0100959,R-0227,2025-03-19,"18,31",web,delivery,completed
ORD-0100960,R-0227,2025-03-08,"32,63",app,pickup,completed
ORD-0100961,R-0227,2025-03-21,"45,69",web,delivery,completed
ORD-0100962,R-0227,2025-03-20,"143,20",web,delivery,completed
ORD-0100963,R-0227,2025-03-18,"55,69",app,delivery,completed
ORD-0100964,R-0227,2025-03-15,"28,58",app,pickup,completed
ORD-0100965,R-0227,2025-03-15,"66,61",app,delivery,completed
ORD-0100966,R-0227,2025-03-16,"28,50",app,pickup,completed
ORD-0100967,R-0227,2025-03-08,"32,00",web,delivery,Completed
ORD-0100968,R-0227,2025-03-20,"40,83",web,delivery,completed
ORD-0100969,R-0227,2025-03-31,"24,63",web,pickup,COMPLETED
ORD-0100970,R-0227,2025-03-15,"43,58",app,pickup,completed
ORD-0100971,R-0227,2025-03-21,"44,49",app,delivery,completed
ORD-0100972,R-0227,2025-03-09,"38,20",web,delivery,completed
ORD-0100973,R-0227,2025-03-16,"76,35",web,delivery,Completed
ORD-0100974,R-0227,2025-03-15,"46,99",app,delivery,COMPLETED
ORD-0100975,R-0227,2025-03-12,"39,12",app,delivery,completed
ORD-0100976,R-0227,2025-03-22,"47,58",web,delivery,completed
ORD-0101684,R-0230,2025-03-08,"27,71",web,pickup,completed
ORD-0101685,R-0230,2025-03-19,"23,56",app,delivery,completed
ORD-0101686,R-0230,2025-03-11,"31,94",web,delivery,completed
ORD-0101687,R-0230,2025-03-15,"16,83",web,delivery,completed
ORD-0101688,R-0230,2025-03-01,"55,12",app,delivery,COMPLETED
ORD-0101689,R-0230,2025-03-01,"63,16",web,delivery,completed
ORD-0101690,R-0230,2025-03-22,"41,67",app,pickup,completed
ORD-0101691,R-0230,2025-03-11,"23,57",app,delivery,completed
ORD-0101692,R-0230,2025-03-26,"41,20",web,delivery,Completed
ORD-0101693,R-0230,2025-03-26,"51,03",web,delivery,completed
ORD-0101694,R-0230,2025-03-07,"71,01",web,pickup,completed
ORD-0101695,R-0230,2025-03-12,"50,28",app,delivery,completed
ORD-0101696,R-0230,2025-03-08,"41,41",app,delivery,completed
ORD-0101697,R-0230,2025-03-02,"34,63",web,delivery,completed
ORD-0105255,R-0236,2025-03-25,"26,48",app,pickup,completed
ORD-0105256,R-0236,2025-03-14,"28,20",app,pickup,completed
ORD-0105257,R-0236,2025-03-23,"20,30",app,pickup,completed
ORD-0105258,R-0236,2025-03-25,"12,84",app,delivery,completed
ORD-0105259,R-0236,2025-03-23,"37,95",app,delivery,completed
ORD-0105260,R-0236,2025-03-20,"37,69",app,delivery,completed
ORD-0105261,R-0236,2025-03-08,"20,88",app,delivery,COMPLETED
ORD-0105262,R-0236,2025-03-14,"28,62",app,delivery,COMPLETED
ORD-0105263,R-0236,2025-03-13,"22,18",app,delivery,completed
ORD-0105264,R-0236,2025-03-26,"33,52",app,delivery,completed
ORD-0105265,R-0236,2025-03-07,"30,70",web,delivery,completed
ORD-0105266,R-0236,2025-03-22,"26,47",app,pickup,completed
ORD-0105267,R-0236,2025-03-13,"25,01",web,pickup,completed
ORD-0105268,R-0236,2025-03-16,"42,37",app,delivery,completed
ORD-0105269,R-0236,2025-03-21,"17,26",app,delivery,completed
ORD-0105270,R-0236,2025-03-02,"33,73",app,pickup,completed
ORD-0105271,R-0236,2025-03-30,"27,72",app,delivery,completed
ORD-0105272,R-0236,2025-03-30,"45,54",app,delivery,COMPLETED
ORD-0105273,R-0236,2025-03-01,"16,49",app,pickup,completed
ORD-0105274,R-0236,2025-03-14,"38,70",app,delivery,completed
ORD-0105275,R-0236,2025-03-24,"20,34",app,pickup,completed
ORD-0105276,R-0236,2025-03-28,"43,41",app,pickup,Completed
ORD-0105277,R-0236,2025-03-27,"28,63",web,delivery,completed
ORD-0105278,R-0236,2025-03-08,"32,13",app,delivery,completed
ORD-0105279,R-0236,2025-03-02,"66,63",app,delivery,completed
ORD-0105280,R-0236,2025-03-07,"30,29",app,pickup,Completed
ORD-0105281,R-0236,2025-03-14,"27,53",web,delivery,completed
ORD-0105282,R-0236,2025-03-28,"32,00",app,delivery,COMPLETED
ORD-0105283,R-0236,2025-03-07,"30,25",app,delivery,completed
ORD-0105284,R-0236,2025-03-06,"21,40",app,delivery,completed
ORD-0105285,R-0236,2025-03-05,"22,68",web,pickup,completed
ORD-0105286,R-0236,2025-03-23,"22,98",web,pickup,completed
ORD-0105287,R-0236,2025-03-07,"33,78",app,delivery,cancelled
ORD-0105288,R-0236,2025-03-18,"29,61",app,pickup,completed
ORD-0105289,R-0236,2025-03-15,"34,91",app,delivery,COMPLETED
ORD-0105290,R-0236,2025-03-21,"36,59",app,delivery,completed
ORD-0105291,R-0236,2025-03-29,"27,80",app,delivery,completed
ORD-0105292,R-0236,2025-03-27,"19,07",app,pickup,completed
ORD-0105293,R-0236,2025-03-14,"43,50",app,delivery,completed
ORD-0105294,R-0236,2025-03-13,"27,92",app,pickup,completed
ORD-0105295,R-0236,2025-03-18,"34,73",app,delivery,completed
ORD-0105296,R-0236,2025-03-22,"28,45",app,pickup,completed
ORD-0105297,R-0236,2025-03-23,"29,87",app,pickup,completed
ORD-0105298,R-0236,2025-03-04,"39,02",web,delivery,completed
ORD-0105299,R-0236,2025-03-27,"21,59",app,delivery,cancelled
ORD-0111639,R-0260,2025-03-18,"21,11",app,pickup,COMPLETED
ORD-0111640,R-0260,2025-03-26,"33,06",web,delivery,completed
ORD-0111641,R-0260,2025-03-20,"31,82",app,pickup,completed
ORD-0111642,R-0260,2025-03-22,"30,11",app,delivery,completed
ORD-0111643,R-0260,2025-03-15,"37,97",app,delivery,completed
ORD-0111644,R-0260,2025-03-29,"20,21",app,delivery,Completed
ORD-0111645,R-0260,2025-03-28,"43,66",app,delivery,completed
ORD-0120099,R-0294,2025-03-27,"16,32",app,pickup,completed
ORD-0120100,R-0294,2025-03-10,"53,80",app,delivery,completed
ORD-0120101,R-0294,2025-03-23,"40,13",app,delivery,completed
ORD-0120102,R-0294,2025-03-10,"24,31",web,delivery,completed
ORD-0120103,R-0294,2025-03-22,"31,86",web,pickup,completed
ORD-0120104,R-0294,2025-03-21,"50,53",app,delivery,completed
ORD-0120105,R-0294,2025-03-31,"20,64",app,pickup,Completed
ORD-0120106,R-0294,2025-03-21,"15,78",web,pickup,COMPLETED
ORD-0120107,R-0294,2025-03-27,"17,38",app,delivery,completed
ORD-0120108,R-0294,2025-03-13,"17,70",web,delivery,completed
ORD-0132575,R-0324,2025-03-10,"41,07",app,delivery,completed
ORD-0132576,R-0324,2025-03-08,"34,26",app,delivery,completed
ORD-0132577,R-0324,2025-03-17,"41,38",app,pickup,completed
ORD-0132578,R-0324,2025-03-03,"28,72",web,pickup,completed
ORD-0132579,R-0324,2025-03-12,"32,53",app,delivery,COMPLETED
ORD-0132580,R-0324,2025-03-16,"28,83",app,delivery,completed
ORD-0132581,R-0324,2025-03-26,"13,28",web,delivery,completed
ORD-0132582,R-0324,2025-03-29,"23,72",app,delivery,completed
ORD-0132583,R-0324,2025-03-10,"12,98",web,delivery,completed
ORD-0132584,R-0324,2025-03-05,"26,90",web,pickup,completed
ORD-0132585,R-0324,2025-03-03,"19,82",app,pickup,completed
ORD-0132586,R-0324,2025-03-22,"49,78",app,pickup,Completed
ORD-0132587,R-0324,2025-03-01,"20,59",app,delivery,completed
ORD-0132588,R-0324,2025-03-03,"37,98",app,delivery,completed
ORD-0132589,R-0324,2025-03-10,"19,32",app,delivery,Completed
ORD-0132590,R-0324,2025-03-15,"29,42",app,delivery,completed
ORD-0132591,R-0324,2025-03-07,"35,96",app,pickup,completed
ORD-0134748,R-0330,2025-03-12,"30,21",web,delivery,completed
ORD-0134749,R-0330,2025-03-10,"20,36",app,delivery,Completed
ORD-0134750,R-0330,2025-03-24,"18,78",web,pickup,completed
ORD-0134751,R-0330,2025-03-16,"25,35",app,pickup,completed
ORD-0134752,R-0330,2025-03-14,"63,79",web,delivery,completed
ORD-0134753,R-0330,2025-03-16,"42,22",app,pickup,completed
ORD-0134754,R-0330,2025-03-29,"31,60",app,delivery,completed
ORD-0134755,R-0330,2025-03-12,"16,93",app,pickup,completed
ORD-0134756,R-0330,2025-03-11,"31,21",web,pickup,completed
ORD-0134757,R-0330,2025-03-30,"51,34",app,pickup,completed
ORD-0134758,R-0330,2025-03-17,"33,77",web,pickup,Completed
ORD-0134759,R-0330,2025-03-26,"28,43",web,delivery,completed
ORD-0134760,R-0330,2025-03-05,"22,13",web,pickup,completed
ORD-0134761,R-0330,2025-03-21,"32,18",web,pickup,completed
ORD-0134762,R-0330,2025-03-01,"44,14",web,pickup,COMPLETED
ORD-0134763,R-0330,2025-03-16,"24,73",app,delivery,completed
ORD-0137294,R-0337,2025-03-16,"33,05",app,delivery,completed
ORD-0137295,R-0337,2025-03-22,"38,84",app,delivery,COMPLETED
ORD-0137296,R-0337,2025-03-17,"63,06",app,delivery,completed
ORD-0137297,R-0337,2025-03-28,"14,42",web,delivery,completed
ORD-0137298,R-0337,2025-03-14,"33,99",web,delivery,Completed
ORD-0137299,R-0337,2025-03-29,"33,16",web,pickup,completed
ORD-0140458,R-0344,2025-03-14,"34,27",web,delivery,completed
ORD-0140459,R-0344,2025-03-20,"19,51",web,delivery,completed
ORD-0140460,R-0344,2025-03-07,"37,56",app,delivery,completed
ORD-0140461,R-0344,2025-03-18,"16,09",web,delivery,completed
ORD-0140462,R-0344,2025-03-01,"20,56",web,delivery,Completed
ORD-0140463,R-0344,2025-03-09,"43,57",web,delivery,completed
ORD-0140464,R-0344,2025-03-28,"27,56",web,delivery,cancelled
ORD-0140465,R-0344,2025-03-16,"18,74",web,pickup,completed
ORD-0140466,R-0344,2025-03-25,"25,56",web,delivery,completed
ORD-0140467,R-0344,2025-03-10,"32,18",app,delivery,completed
ORD-0140468,R-0344,2025-03-21,"15,12",app,delivery,completed
ORD-0140469,R-0344,2025-03-20,"40,50",web,delivery,completed
ORD-0140470,R-0344,2025-03-23,"24,95",app,pickup,completed
ORD-0140471,R-0344,2025-03-04,"12,21",app,pickup,completed
ORD-0140472,R-0344,2025-03-03,"40,54",app,pickup,completed
ORD-0140473,R-0344,2025-03-23,"24,82",app,pickup,completed
ORD-0140474,R-0344,2025-03-16,"25,49",app,pickup,completed
ORD-0140475,R-0344,2025-03-27,"28,71",web,pickup,completed
ORD-0140476,R-0344,2025-03-13,"17,25",app,delivery,completed
ORD-0140477,R-0344,2025-03-19,"50,59",app,pickup,completed
ORD-0140478,R-0344,2025-03-08,"24,04",app,pickup,completed
ORD-0140479,R-0344,2025-03-04,"38,80",app,delivery,completed
ORD-0140480,R-0344,2025-03-15,"19,72",web,delivery,completed
ORD-0140481,R-0344,2025-03-04,"23,09",app,pickup,completed
ORD-0140482,R-0344,2025-03-21,"33,89",web,pickup,COMPLETED
ORD-0140483,R-0344,2025-03-01,"43,88",app,delivery,completed
ORD-0140484,R-0344,2025-03-29,"17,92",web,delivery,completed
ORD-0140485,R-0344,2025-03-29,"31,64",app,pickup,completed
ORD-0140486,R-0344,2025-03-08,"35,41",app,delivery,completed
ORD-0140487,R-0344,2025-03-27,"36,57",app,pickup,completed
ORD-0140488,R-0344,2025-03-15,"25,26",web,delivery,completed
ORD-0140489,R-0344,2025-03-30,"16,90",app,pickup,completed
ORD-0140490,R-0344,2025-03-29,"43,15",web,delivery,completed
ORD-0140491,R-0344,2025-03-18,"13,75",app,delivery,refunded
ORD-0140492,R-0344,2025-03-18,"27,41",app,delivery,completed
ORD-0140493,R-0344,2025-03-28,"20,66",app,pickup,Completed
ORD-0140494,R-0344,2025-03-21,"14,50",web,delivery,completed
ORD-0140495,R-0344,2025-03-13,"14,90",web,delivery,completed
ORD-0140496,R-0344,2025-03-14,"80,98",app,pickup,completed
ORD-0140497,R-0344,2025-03-15,"33,94",app,delivery,completed
ORD-0140498,R-0344,2025-03-07,"17,77",app,delivery,completed
ORD-0140499,R-0344,2025-03-12,"36,50",web,pickup,completed
ORD-0142915,R-0350,2025-03-14,"25,85",app,pickup,completed
ORD-0142916,R-0350,2025-03-21,"31,66",app,pickup,completed
ORD-0142917,R-0350,2025-03-19,"18,28",app,delivery,completed
ORD-0142918,R-0350,2025-03-22,"10,98",app,pickup,completed
ORD-0142919,R-0350,2025-03-12,"21,09",web,delivery,completed
ORD-0142920,R-0350,2025-03-31,"33,00",app,delivery,completed
ORD-0142921,R-0350,2025-03-30,"13,75",web,pickup,completed
ORD-0142922,R-0350,2025-03-15,"17,23",app,pickup,completed
ORD-0142923,R-0350,2025-03-26,"17,73",app,pickup,COMPLETED
ORD-0142924,R-0350,2025-03-31,"14,69",web,pickup,Completed
ORD-0142925,R-0350,2025-03-17,"19,07",app,pickup,COMPLETED
ORD-0147989,R-0357,2025-03-20,"19,06",app,delivery,Completed
ORD-0147990,R-0357,2025-03-07,"10,86",web,delivery,COMPLETED
ORD-0147991,R-0357,2025-03-15,"34,59",app,delivery,cancelled
ORD-0147992,R-0357,2025-03-21,"33,35",web,delivery,completed
ORD-0147993,R-0357,2025-03-01,"23,40",web,pickup,completed
ORD-0147994,R-0357,2025-03-17,"46,71",web,delivery,completed
ORD-0147995,R-0357,2025-03-27,"20,64",web,delivery,completed
ORD-0147996,R-0357,2025-03-19,"25,91",web,delivery,completed
ORD-0147997,R-0357,2025-03-09,"27,06",web,delivery,completed
ORD-0147998,R-0357,2025-03-16,"21,16",web,delivery,completed
ORD-0147999,R-0357,2025-03-30,"21,56",app,delivery,completed
ORD-0148000,R-0357,2025-03-01,"18,11",app,pickup,Completed
ORD-0148001,R-0357,2025-03-23,"23,81",app,delivery,completed
ORD-0148002,R-0357,2025-03-19,"17,82",app,delivery,COMPLETED
ORD-0148003,R-0357,2025-03-24,"31,01",app,delivery,completed
ORD-0148004,R-0357,2025-03-06,"32,25",web,delivery,completed
ORD-0148005,R-0357,2025-03-07,"30,56",web,delivery,Completed
ORD-0148006,R-0357,2025-03-30,"37,40",web,delivery,Completed
ORD-0148007,R-0357,2025-03-25,"30,38",web,pickup,completed
ORD-0148008,R-0357,2025-03-26,"28,70",web,delivery,completed
ORD-0148009,R-0357,2025-03-11,"20,40",app,pickup,completed
ORD-0148010,R-0357,2025-03-16,"26,75",web,delivery,completed
ORD-0148011,R-0357,2025-03-06,"23,12",app,delivery,completed
ORD-0148012,R-0357,2025-03-02,"29,93",app,delivery,Completed
ORD-0148013,R-0357,2025-03-26,"23,99",web,delivery,completed
ORD-0148014,R-0357,2025-03-03,"33,55",web,delivery,completed
ORD-0148015,R-0357,2025-03-02,"100,50",app,delivery,Completed
ORD-0148016,R-0357,2025-03-10,"36,61",web,pickup,completed
ORD-0148017,R-0357,2025-03-29,"35,76",app,delivery,completed
ORD-0148018,R-0357,2025-03-22,"19,34",web,delivery,COMPLETED
ORD-0148019,R-0357,2025-03-17,"33,11",app,pickup,completed
ORD-0148020,R-0357,2025-03-01,"24,45",web,delivery,COMPLETED
ORD-0148021,R-0357,2025-03-09,"26,70",web,delivery,completed
ORD-0148022,R-0357,2025-03-07,"27,31",web,pickup,cancelled
ORD-0148023,R-0357,2025-03-28,"56,86",app,pickup,completed
ORD-0148024,R-0357,2025-03-16,"32,97",web,pickup,cancelled
ORD-0148025,R-0357,2025-03-19,"29,87",web,delivery,completed
ORD-0148026,R-0357,2025-03-22,"17,02",app,delivery,completed
ORD-0148027,R-0357,2025-03-26,"62,16",app,delivery,completed
ORD-0148028,R-0357,2025-03-22,"26,20",web,delivery,completed
ORD-0148029,R-0357,2025-03-17,"23,13",web,delivery,completed
ORD-0148030,R-0357,2025-03-16,"38,32",app,delivery,completed
ORD-0148031,R-0357,2025-03-14,"51,08",app,delivery,completed
ORD-0148032,R-0357,2025-03-07,"43,80",web,pickup,completed
ORD-0148033,R-0357,2025-03-05,"53,87",web,delivery,COMPLETED
ORD-0148034,R-0357,2025-03-16,"31,78",app,pickup,completed
ORD-0148035,R-0357,2025-03-28,"47,93",web,delivery,completed
ORD-0148036,R-0357,2025-03-06,"19,36",web,delivery,completed
ORD-0148037,R-0357,2025-03-01,"43,99",app,pickup,completed
ORD-0148038,R-0357,2025-03-22,"40,72",web,delivery,completed
ORD-0148039,R-0357,2025-03-15,"12,23",web,delivery,COMPLETED
ORD-0148040,R-0357,2025-03-01,"26,78",web,delivery,completed
ORD-0148041,R-0357,2025-03-29,"16,68",web,pickup,Completed
ORD-0148042,R-0357,2025-03-16,"45,70",web,delivery,completed
ORD-0148043,R-0357,2025-03-14,"29,48",web,pickup,Completed
ORD-0148044,R-0357,2025-03-27,"13,98",web,pickup,completed
ORD-0148045,R-0357,2025-03-08,"31,18",web,pickup,completed
ORD-0148046,R-0357,2025-03-16,"29,82",web,delivery,completed
ORD-0148047,R-0357,2025-03-02,"19,86",web,pickup,COMPLETED
ORD-0148048,R-0357,2025-03-17,"47,19",web,delivery,completed
ORD-0148049,R-0357,2025-03-29,"18,04",web,delivery,completed
ORD-0148050,R-0357,2025-03-23,"36,37",web,delivery,completed
ORD-0148051,R-0357,2025-03-25,"18,25",web,delivery,completed
ORD-0148052,R-0357,2025-03-16,"74,70",web,pickup,completed
ORD-0148053,R-0357,2025-03-05,"46,83",web,delivery,completed
ORD-0148054,R-0357,2025-03-28,"32,11",web,delivery,completed
ORD-0148055,R-0357,2025-03-29,"35,43",web,delivery,completed
ORD-0148056,R-0357,2025-03-07,"15,56",app,delivery,completed
ORD-0148057,R-0357,2025-03-31,"33,39",app,delivery,completed
ORD-0148058,R-0357,2025-03-04,"14,50",web,delivery,completed
ORD-0148059,R-0357,2025-03-07,"24,61",web,delivery,completed
ORD-0148060,R-0357,2025-03-21,"23,56",web,pickup,completed
ORD-0148061,R-0357,2025-03-09,"18,32",web,delivery,completed
ORD-0148062,R-0357,2025-03-08,"31,72",app,delivery,completed
ORD-0148063,R-0357,2025-03-28,"40,70",web,pickup,completed
ORD-0148064,R-0357,2025-03-21,"49,48",app,pickup,completed
ORD-0148065,R-0357,2025-03-09,"30,38",app,pickup,completed
ORD-0148066,R-0357,2025-03-15,"48,89",app,delivery,completed
ORD-0148067,R-0357,2025-03-18,"17,55",app,delivery,completed
ORD-0148068,R-0357,2025-03-21,"33,39",web,delivery,COMPLETED
ORD-0148069,R-0357,2025-03-01,"38,35",app,delivery,completed
ORD-0148070,R-0357,2025-03-27,"41,64",web,delivery,completed
ORD-0148071,R-0357,2025-03-28,"38,32",web,delivery,completed
ORD-0148072,R-0357,2025-03-24,"24,62",app,pickup,completed
ORD-0148073,R-0357,2025-03-24,"9,51",app,delivery,COMPLETED
ORD-0148074,R-0357,2025-03-20,"20,36",web,delivery,completed
ORD-0148075,R-0357,2025-03-02,"20,78",web,delivery,completed
ORD-0148076,R-0357,2025-03-30,"38,26",web,delivery,Completed
ORD-0148077,R-0357,2025-03-25,"26,34",app,delivery,completed
ORD-0148078,R-0357,2025-03-07,"58,89",web,delivery,completed
ORD-0148079,R-0357,2025-03-07,"18,84",web,delivery,completed
ORD-0148080,R-0357,2025-03-21,"30,03",web,delivery,Completed
ORD-0148081,R-0357,2025-03-23,"21,90",app,delivery,COMPLETED
ORD-0148082,R-0357,2025-03-15,"34,57",web,delivery,completed
ORD-0148083,R-0357,2025-03-19,"16,65",web,delivery,completed
ORD-0148084,R-0357,2025-03-16,"42,41",web,pickup,COMPLETED
ORD-0148085,R-0357,2025-03-28,"21,85",web,delivery,completed
ORD-0148086,R-0357,2025-03-29,"61,68",web,pickup,completed
ORD-0148087,R-0357,2025-03-29,"40,28",web,delivery,completed
ORD-0148088,R-0357,2025-03-01,"24,02",web,delivery,COMPLETED
ORD-0148089,R-0357,2025-03-29,"41,72",app,delivery,completed
ORD-0148090,R-0357,2025-03-03,"55,85",app,delivery,COMPLETED
ORD-0148091,R-0357,2025-03-30,"19,98",web,delivery,completed
ORD-0148092,R-0357,2025-03-03,"56,35",web,delivery,COMPLETED
ORD-0148093,R-0357,2025-03-26,"52,32",app,delivery,completed
ORD-0148094,R-0357,2025-03-01,"11,17",app,delivery,completed
ORD-0150022,R-0358,2025-03-07,"42,03",app,delivery,completed
ORD-0150023,R-0358,2025-03-15,"36,77",app,pickup,completed
ORD-0150024,R-0358,2025-03-10,"85,33",web,delivery,completed
ORD-0150025,R-0358,2025-03-02,"59,17",app,delivery,refunded
ORD-0150026,R-0358,2025-03-07,"59,25",web,delivery,completed
ORD-0150027,R-0358,2025-03-09,"49,37",app,delivery,COMPLETED
ORD-0150028,R-0358,2025-03-01,"47,70",app,delivery,completed
ORD-0150029,R-0358,2025-03-10,"40,89",app,delivery,cancelled
ORD-0150030,R-0358,2025-03-27,"36,15",app,delivery,completed
ORD-0150031,R-0358,2025-03-11,"28,63",app,delivery,completed
ORD-0150032,R-0358,2025-03-07,"29,25",app,delivery,completed
ORD-0150033,R-0358,2025-03-06,"50,62",app,delivery,completed
ORD-0150034,R-0358,2025-03-08,"58,06",app,delivery,completed
ORD-0150035,R-0358,2025-03-03,"48,65",app,delivery,completed
ORD-0150036,R-0358,2025-03-05,"22,86",app,delivery,completed
ORD-0150037,R-0358,2025-03-04,"36,70",app,delivery,completed
ORD-0150038,R-0358,2025-03-18,"50,92",app,delivery,completed
ORD-0150039,R-0358,2025-03-06,"36,60",app,delivery,Completed
ORD-0150040,R-0358,2025-03-19,"41,37",web,pickup,cancelled
ORD-0150041,R-0358,2025-03-21,"42,32",app,delivery,completed
ORD-0150042,R-0358,2025-03-14,"54,01",app,delivery,COMPLETED
ORD-0150043,R-0358,2025-03-09,"23,50",app,delivery,COMPLETED
ORD-0150044,R-0358,2025-03-26,"38,04",app,delivery,completed
ORD-0150045,R-0358,2025-03-23,"52,78",web,delivery,completed
ORD-0150046,R-0358,2025-03-01,"38,02",app,pickup,COMPLETED
ORD-0150047,R-0358,2025-03-01,"43,41",web,delivery,completed
ORD-0150048,R-0358,2025-03-27,"37,99",app,delivery,completed
ORD-0150049,R-0358,2025-03-03,"42,93",web,delivery,completed
ORD-0150050,R-0358,2025-03-18,"23,46",app,delivery,completed
ORD-0150051,R-0358,2025-03-27,"45,57",app,delivery,completed
ORD-0150052,R-0358,2025-03-15,"63,11",app,delivery,completed
ORD-0150053,R-0358,2025-03-02,"38,60",app,delivery,completed
ORD-0150054,R-0358,2025-03-11,"36,69",app,delivery,completed
ORD-0150055,R-0358,2025-03-10,"34,48",app,delivery,completed
ORD-0150056,R-0358,2025-03-19,"41,16",app,delivery,completed
ORD-0150057,R-0358,2025-03-30,"35,31",app,delivery,completed
ORD-0152229,R-0363,2025-03-10,"25,63",app,delivery,completed
ORD-0152230,R-0363,2025-03-30,"22,28",app,pickup,completed
ORD-0152231,R-0363,2025-03-24,"10,14",app,delivery,completed
ORD-0152232,R-0363,2025-03-30,"13,92",web,pickup,completed
ORD-0152233,R-0363,2025-03-09,"14,34",web,pickup,completed
ORD-0152234,R-0363,2025-03-01,"16,49",web,pickup,completed
ORD-0152235,R-0363,2025-03-15,"15,51",app,pickup,completed
ORD-0152236,R-0363,2025-03-09,"14,33",web,pickup,completed
ORD-0152237,R-0363,2025-03-22,"21,35",web,delivery,completed
ORD-0152238,R-0363,2025-03-15,"15,05",web,pickup,completed
ORD-0152239,R-0363,2025-03-11,"10,48",web,pickup,COMPLETED
ORD-0152240,R-0363,2025-03-04,"15,28",app,pickup,completed
ORD-0152241,R-0363,2025-03-04,"20,37",app,pickup,completed
ORD-0152242,R-0363,2025-03-14,"10,58",app,pickup,completed
ORD-0152243,R-0363,2025-03-20,"14,36",web,pickup,refunded
ORD-0152244,R-0363,2025-03-09,"16,27",web,pickup,completed
ORD-0152245,R-0363,2025-03-10,"27,90",web,pickup,completed
ORD-0152246,R-0363,2025-03-11,"14,52",app,pickup,completed
ORD-0152247,R-0363,2025-03-29,"19,99",web,pickup,completed
ORD-0152248,R-0363,2025-03-06,"10,65",app,delivery,completed
ORD-0152249,R-0363,2025-03-08,"30,59",web,pickup,completed
ORD-0152250,R-0363,2025-03-25,"16,90",app,pickup,completed
ORD-0152251,R-0363,2025-03-14,"27,05",web,pickup,completed
ORD-0152252,R-0363,2025-03-07,"15,16",web,pickup,completed
ORD-0152253,R-0363,2025-03-08,"13,58",app,pickup,completed
ORD-0152254,R-0363,2025-03-30,"15,96",web,delivery,completed
ORD-0152255,R-0363,2025-03-25,"10,46",web,pickup,completed
ORD-0152256,R-0363,2025-03-10,"15,47",web,delivery,completed
ORD-0152257,R-0363,2025-03-24,"10,57",web,delivery,completed
ORD-0152258,R-0363,2025-03-25,"12,19",web,pickup,Completed
ORD-0152259,R-0363,2025-03-12,"13,52",app,pickup,Refunded
ORD-0152260,R-0363,2025-03-07,"13,93",web,pickup,completed
ORD-0152261,R-0363,2025-03-13,"14,79",app,pickup,Completed
ORD-0152262,R-0363,2025-03-23,"22,02",web,pickup,completed
ORD-0152263,R-0363,2025-03-26,"13,89",app,pickup,completed
ORD-0152264,R-0363,2025-03-18,"11,13",web,pickup,completed
ORD-0152265,R-0363,2025-03-28,"13,97",app,pickup,completed
ORD-0152266,R-0363,2025-03-30,"13,63",web,delivery,completed
ORD-0152267,R-0363,2025-03-29,"30,47",web,pickup,Completed
ORD-0152268,R-0363,2025-03-12,"12,43",app,delivery,COMPLETED
ORD-0152269,R-0363,2025-03-25,"18,04",app,delivery,completed
ORD-0152270,R-0363,2025-03-07,"18,76",web,delivery,completed
ORD-0152271,R-0363,2025-03-13,"11,97",web,pickup,completed
ORD-0152272,R-0363,2025-03-10,"17,72",app,pickup,completed
ORD-0152273,R-0363,2025-03-14,"23,69",web,pickup,Completed
ORD-0152274,R-0363,2025-03-14,"20,03",web,delivery,completed
ORD-0152275,R-0363,2025-03-13,"7,30",app,pickup,completed
ORD-0152276,R-0363,2025-03-28,"16,49",web,pickup,completed
ORD-0152277,R-0363,2025-03-15,"17,00",web,pickup,completed
ORD-0152278,R-0363,2025-03-22,"29,59",web,delivery,completed
ORD-0152279,R-0363,2025-03-18,"15,45",web,pickup,Completed
ORD-0152280,R-0363,2025-03-07,"13,91",web,pickup,completed
ORD-0152281,R-0363,2025-03-24,"18,61",web,pickup,completed
ORD-0152282,R-0363,2025-03-05,"25,44",web,pickup,completed
ORD-0152283,R-0363,2025-03-10,"10,97",app,pickup,completed
ORD-0152284,R-0363,2025-03-01,"21,72",web,pickup,completed
ORD-0152285,R-0363,2025-03-21,"16,50",web,pickup,completed
ORD-0152286,R-0363,2025-03-03,"17,42",web,pickup,completed
ORD-0152287,R-0363,2025-03-01,"25,55",web,delivery,Completed
ORD-0152288,R-0363,2025-03-30,"13,72",app,pickup,completed
ORD-0152289,R-0363,2025-03-19,"11,52",app,pickup,completed
ORD-0152290,R-0363,2025-03-27,"12,67",app,pickup,completed
ORD-0152291,R-0363,2025-03-15,"21,54",web,pickup,COMPLETED
ORD-0152292,R-0363,2025-03-29,"18,21",app,pickup,cancelled
ORD-0152293,R-0363,2025-03-25,"22,69",web,pickup,completed
ORD-0152294,R-0363,2025-03-29,"12,52",app,pickup,completed
ORD-0152295,R-0363,2025-03-04,"12,08",app,pickup,completed
ORD-0152296,R-0363,2025-03-22,"29,03",web,pickup,completed
ORD-0152297,R-0363,2025-03-21,"9,95",app,pickup,completed
ORD-0152298,R-0363,2025-03-24,"9,30",web,pickup,Cancelled
ORD-0152299,R-0363,2025-03-17,"40,92",web,pickup,Completed
ORD-0157422,R-0369,2025-03-06,"14,36",web,delivery,completed
ORD-0157423,R-0369,2025-03-06,"28,24",web,pickup,completed
ORD-0157424,R-0369,2025-03-30,"39,73",app,pickup,completed
ORD-0157425,R-0369,2025-03-22,"28,18",web,delivery,completed
ORD-0157426,R-0369,2025-03-20,"20,80",web,delivery,COMPLETED
ORD-0157427,R-0369,2025-03-02,"15,85",web,delivery,completed
ORD-0157428,R-0369,2025-03-13,"7,65",app,pickup,completed
ORD-0157429,R-0369,2025-03-25,"30,68",web,delivery,COMPLETED
ORD-0157430,R-0369,2025-03-17,"19,53",app,delivery,COMPLETED
ORD-0157431,R-0369,2025-03-10,"22,90",app,delivery,completed
ORD-0157432,R-0369,2025-03-15,"21,42",app,pickup,completed
ORD-0157433,R-0369,2025-03-24,"19,33",web,delivery,completed
ORD-0157434,R-0369,2025-03-16,"19,63",app,delivery,completed
ORD-0157435,R-0369,2025-03-18,"16,48",app,delivery,completed
ORD-0157436,R-0369,2025-03-24,"21,35",web,delivery,completed
ORD-0157437,R-0369,2025-03-06,"19,15",web,delivery,completed
ORD-0157438,R-0369,2025-03-15,"22,78",app,delivery,completed
ORD-0157439,R-0369,2025-03-22,"40,78",web,delivery,completed
ORD-0157440,R-0369,2025-03-16,"15,79",web,delivery,completed
ORD-0157441,R-0369,2025-03-16,"24,49",web,delivery,completed
ORD-0157442,R-0369,2025-03-20,"23,90",web,pickup,completed
ORD-0157443,R-0369,2025-03-08,"32,92",web,delivery,completed
ORD-0157444,R-0369,2025-03-13,"16,38",web,delivery,completed
ORD-0160524,R-0375,2025-03-07,"14,14",web,delivery,completed
ORD-0160525,R-0375,2025-03-02,"22,84",web,pickup,cancelled
ORD-0160526,R-0375,2025-03-28,"33,24",app,delivery,completed
ORD-0160527,R-0375,2025-03-08,"18,36",web,pickup,completed
ORD-0160528,R-0375,2025-03-22,"19,42",app,delivery,completed
ORD-0160529,R-0375,2025-03-14,"17,29",app,pickup,completed
ORD-0160530,R-0375,2025-03-18,"30,39",web,delivery,Completed
ORD-0160531,R-0375,2025-03-26,"42,65",app,delivery,completed
ORD-0160532,R-0375,2025-03-18,"31,48",app,delivery,completed
ORD-0160533,R-0375,2025-03-09,"21,55",web,delivery,completed
ORD-0160534,R-0375,2025-03-18,"22,32",web,delivery,completed
ORD-0160535,R-0375,2025-03-09,"40,17",web,delivery,completed
ORD-0160536,R-0375,2025-03-26,"25,04",app,delivery,completed
ORD-0160537,R-0375,2025-03-30,"61,29",app,delivery,completed
ORD-0160538,R-0375,2025-03-10,"23,03",web,delivery,COMPLETED
ORD-0160539,R-0375,2025-03-28,"17,35",web,delivery,completed
ORD-0160540,R-0375,2025-03-07,"28,41",web,delivery,completed
ORD-0160541,R-0375,2025-03-14,"42,34",web,delivery,completed
ORD-0160542,R-0375,2025-03-19,"33,86",app,delivery,completed
ORD-0160543,R-0375,2025-03-31,"47,14",web,delivery,completed
ORD-0160544,R-0375,2025-03-16,"41,21",web,pickup,completed
ORD-0160545,R-0375,2025-03-22,"60,91",web,delivery,completed
ORD-0160546,R-0375,2025-03-08,"36,63",app,delivery,completed
ORD-0160547,R-0375,2025-03-19,"9,63",app,delivery,completed
ORD-0160548,R-0375,2025-03-01,"32,74",app,pickup,completed
ORD-0160549,R-0375,2025-03-31,"30,54",web,pickup,completed
ORD-0160550,R-0375,2025-03-01,"36,49",app,delivery,completed
ORD-0160551,R-0375,2025-03-06,"24,65",web,delivery,completed
ORD-0160552,R-0375,2025-03-30,"33,35",web,delivery,CANCELLED
ORD-0160553,R-0375,2025-03-08,"49,48",app,delivery,completed
ORD-0160554,R-0375,2025-03-21,"25,50",app,delivery,completed
ORD-0160555,R-0375,2025-03-09,"21,77",app,pickup,completed
ORD-0160556,R-0375,2025-03-26,"24,48",app,delivery,completed
ORD-0160557,R-0375,2025-03-01,"23,93",app,delivery,completed
ORD-0160558,R-0375,2025-03-10,"27,37",web,pickup,completed
ORD-0160559,R-0375,2025-03-12,"26,51",web,delivery,completed
ORD-0160560,R-0375,2025-03-18,"66,24",app,delivery,completed
ORD-0160561,R-0375,2025-03-09,"37,04",app,delivery,completed
ORD-0161517,R-0376,2025-03-30,"48,48",app,delivery,completed
ORD-0161518,R-0376,2025-03-23,"102,95",web,pickup,completed
ORD-0161519,R-0376,2025-03-02,"53,13",web,pickup,completed
ORD-0161520,R-0376,2025-03-04,"29,56",app,delivery,completed
ORD-0161521,R-0376,2025-03-05,"29,79",app,delivery,completed
ORD-0161522,R-0376,2025-03-26,"65,54",web,pickup,completed
ORD-0161523,R-0376,2025-03-27,"51,88",app,delivery,completed
ORD-0161524,R-0376,2025-03-13,"51,42",web,pickup,completed
ORD-0161525,R-0376,2025-03-02,"31,43",app,pickup,COMPLETED
ORD-0161526,R-0376,2025-03-22,"40,39",web,pickup,completed
ORD-0161527,R-0376,2025-03-12,"50,35",app,pickup,completed
ORD-0161528,R-0376,2025-03-03,"37,46",web,pickup,completed
ORD-0161529,R-0376,2025-03-07,"58,23",app,delivery,completed
ORD-0161530,R-0376,2025-03-22,"53,18",app,pickup,completed
ORD-0161531,R-0376,2025-03-08,"56,01",app,pickup,completed
ORD-0161532,R-0376,2025-03-24,"42,36",app,pickup,completed
ORD-0161533,R-0376,2025-03-18,"52,10",app,delivery,completed
ORD-0161534,R-0376,2025-03-28,"36,58",app,pickup,completed
ORD-0161535,R-0376,2025-03-29,"62,18",app,pickup,completed
ORD-0161536,R-0376,2025-03-02,"58,09",app,pickup,completed
ORD-0161537,R-0376,2025-03-28,"47,38",web,pickup,completed
ORD-0161538,R-0376,2025-03-03,"32,04",web,pickup,Completed
ORD-0161539,R-0376,2025-03-09,"27,23",app,delivery,COMPLETED
ORD-0161540,R-0376,2025-03-21,"64,31",app,pickup,completed
ORD-0161541,R-0376,2025-03-21,"31,46",app,delivery,completed
ORD-0161542,R-0376,2025-03-31,"25,67",app,pickup,completed
ORD-0161543,R-0376,2025-03-31,"61,48",app,pickup,Completed
ORD-0161544,R-0376,2025-03-11,"41,28",app,pickup,COMPLETED
ORD-0161545,R-0376,2025-03-28,"54,45",web,pickup,completed
ORD-0161546,R-0376,2025-03-21,"29,79",app,pickup,completed
ORD-0161547,R-0376,2025-03-08,"65,38",web,pickup,completed
ORD-0161548,R-0376,2025-03-14,"51,74",app,pickup,completed
ORD-0161549,R-0376,2025-03-21,"43,95",web,pickup,completed
ORD-0162519,R-0379,2025-03-31,"25,14",web,delivery,completed
ORD-0162520,R-0379,2025-03-20,"16,31",app,delivery,completed
ORD-0162521,R-0379,2025-03-16,"18,13",web,delivery,completed
ORD-0162522,R-0379,2025-03-05,"25,72",web,delivery,COMPLETED
ORD-0162523,R-0379,2025-03-13,"25,29",web,delivery,completed
ORD-0162524,R-0379,2025-03-15,"40,66",web,delivery,completed
ORD-0162525,R-0379,2025-03-16,"23,59",web,delivery,completed
ORD-0162526,R-0379,2025-03-19,"15,40",app,delivery,completed
ORD-0162527,R-0379,2025-03-30,"20,32",app,pickup,completed
ORD-0162528,R-0379,2025-03-28,"34,15",app,delivery,completed
ORD-0162529,R-0379,2025-03-23,"25,35",web,delivery,completed
ORD-0162530,R-0379,2025-03-20,"43,86",app,delivery,COMPLETED
ORD-0162531,R-0379,2025-03-26,"28,02",app,delivery,COMPLETED
ORD-0162532,R-0379,2025-03-13,"8,41",web,delivery,completed
ORD-0162533,R-0379,2025-03-06,"19,18",web,delivery,completed
ORD-0162534,R-0379,2025-03-22,"26,44",web,delivery,completed
ORD-0162535,R-0379,2025-03-12,"33,03",web,delivery,completed
ORD-0162536,R-0379,2025-03-24,"13,87",web,delivery,refunded
ORD-0162537,R-0379,2025-03-01,"38,73",app,delivery,completed
ORD-0162538,R-0379,2025-03-07,"29,59",web,delivery,COMPLETED
ORD-0162539,R-0379,2025-03-02,"22,74",web,delivery,completed
ORD-0162540,R-0379,2025-03-28,"17,73",app,delivery,completed
ORD-0162541,R-0379,2025-03-03,"19,67",app,delivery,completed
ORD-0162542,R-0379,2025-03-03,"28,74",web,delivery,completed
ORD-0162543,R-0379,2025-03-28,"12,22",app,delivery,completed
ORD-0162544,R-0379,2025-03-20,"24,86",web,delivery,completed
ORD-0162545,R-0379,2025-03-04,"50,62",app,delivery,completed
ORD-0162546,R-0379,2025-03-16,"17,43",web,delivery,cancelled
ORD-0162547,R-0379,2025-03-28,"16,63",web,delivery,completed
ORD-0162548,R-0379,2025-03-07,"22,21",web,delivery,completed
ORD-0162549,R-0379,2025-03-08,"14,65",app,delivery,completed
ORD-0162550,R-0379,2025-03-09,"16,00",web,delivery,completed
ORD-0162551,R-0379,2025-03-23,"20,68",app,delivery,completed
ORD-0162552,R-0379,2025-03-11,"18,98",web,delivery,completed
ORD-0162553,R-0379,2025-03-07,"18,21",web,delivery,completed
ORD-0162554,R-0379,2025-03-30,"18,96",app,delivery,completed
ORD-0162555,R-0379,2025-03-09,"33,07",app,pickup,completed
ORD-0166577,R-0388,2025-03-14,"48,41",app,delivery,completed
ORD-0166578,R-0388,2025-03-23,"26,84",app,pickup,COMPLETED
ORD-0166579,R-0388,2025-03-28,"27,13",app,delivery,completed
ORD-0166580,R-0388,2025-03-03,"24,46",app,pickup,completed
ORD-0166581,R-0388,2025-03-28,"31,89",web,delivery,completed
ORD-0166582,R-0388,2025-03-02,"50,49",web,pickup,completed
ORD-0166583,R-0388,2025-03-27,"40,06",app,delivery,COMPLETED
ORD-0166584,R-0388,2025-03-11,"30,73",app,pickup,completed
ORD-0166585,R-0388,2025-03-28,"31,09",web,delivery,completed
ORD-0166586,R-0388,2025-03-23,"24,76",app,delivery,completed
ORD-0166587,R-0388,2025-03-08,"35,29",app,pickup,completed
ORD-0166588,R-0388,2025-03-21,"25,59",app,delivery,completed
ORD-0166589,R-0388,2025-03-30,"37,87",app,delivery,completed
ORD-0166590,R-0388,2025-03-21,"26,88",app,delivery,completed
ORD-0166591,R-0388,2025-03-28,"27,58",app,delivery,COMPLETED
ORD-0178699,R-0420,2025-03-19,"25,03",web,pickup,completed
ORD-0178700,R-0420,2025-03-02,"22,03",web,pickup,completed
ORD-0178701,R-0420,2025-03-02,"19,04",app,delivery,Completed
ORD-0178702,R-0420,2025-03-31,"26,23",app,delivery,refunded
ORD-0178703,R-0420,2025-03-07,"24,54",app,delivery,completed
ORD-0178704,R-0420,2025-03-07,"14,28",web,pickup,completed
ORD-0178705,R-0420,2025-03-01,"25,26",app,pickup,completed
ORD-0178706,R-0420,2025-03-08,"39,47",web,delivery,completed
ORD-0178707,R-0420,2025-03-20,"34,02",app,pickup,Completed
ORD-0178708,R-0420,2025-03-17,"40,70",app,pickup,completed
ORD-0178709,R-0420,2025-03-07,"19,08",web,delivery,completed
ORD-0178710,R-0420,2025-03-23,"26,66",app,pickup,Completed
ORD-0178711,R-0420,2025-03-30,"17,69",web,pickup,refunded
ORD-0178712,R-0420,2025-03-15,"43,68",web,delivery,completed
ORD-0178713,R-0420,2025-03-28,"19,37",web,delivery,completed
ORD-0178714,R-0420,2025-03-24,"41,48",web,pickup,completed
ORD-0178715,R-0420,2025-03-25,"31,72",web,pickup,completed
ORD-0178716,R-0420,2025-03-03,"18,04",web,delivery,completed
ORD-0178717,R-0420,2025-03-27,"20,35",web,pickup,completed
ORD-0178718,R-0420,2025-03-08,"24,22",app,pickup,completed
ORD-0178719,R-0420,2025-03-07,"36,68",app,pickup,completed
ORD-0178720,R-0420,2025-03-31,"19,21",app,pickup,completed
ORD-0178721,R-0420,2025-03-16,"23,05",app,delivery,completed
ORD-0178722,R-0420,2025-03-05,"28,42",web,pickup,completed
ORD-0178723,R-0420,2025-03-16,"42,23",web,delivery,COMPLETED
ORD-0178724,R-0420,2025-03-25,"21,51",web,delivery,completed
ORD-0178725,R-0420,2025-03-03,"31,67",app,delivery,completed
ORD-0178726,R-0420,2025-03-22,"54,49",web,pickup,completed
ORD-0178727,R-0420,2025-03-08,"32,37",web,delivery,completed
ORD-0178728,R-0420,2025-03-30,"30,34",web,pickup,completed
ORD-0178729,R-0420,2025-03-04,"21,79",web,delivery,completed
ORD-0178730,R-0420,2025-03-02,"20,60",app,pickup,COMPLETED
ORD-0178731,R-0420,2025-03-15,"12,50",web,pickup,completed
ORD-0178732,R-0420,2025-03-15,"32,37",web,pickup,completed
ORD-0178733,R-0420,2025-03-05,"46,69",web,delivery,COMPLETED
ORD-0178734,R-0420,2025-03-09,"16,97",app,pickup,completed
ORD-0178735,R-0420,2025-03-02,"27,39",web,delivery,completed
ORD-0178736,R-0420,2025-03-17,"11,09",web,pickup,Cancelled
ORD-0178737,R-0420,2025-03-27,"35,71",app,pickup,completed
ORD-0178738,R-0420,2025-03-11,"21,02",web,pickup,completed
ORD-0185291,R-0426,2025-03-18,"59,61",web,pickup,COMPLETED
ORD-0185292,R-0426,2025-03-23,"60,10",web,delivery,COMPLETED
ORD-0185293,R-0426,2025-03-15,"38,51",app,delivery,completed
ORD-0185294,R-0426,2025-03-23,"91,98",web,pickup,completed
ORD-0185295,R-0426,2025-03-23,"82,05",app,delivery,COMPLETED
ORD-0185296,R-0426,2025-03-23,"64,93",web,delivery,COMPLETED
ORD-0185297,R-0426,2025-03-12,"45,91",app,delivery,completed
ORD-0185298,R-0426,2025-03-18,"52,61",web,pickup,completed
ORD-0185299,R-0426,2025-03-03,"94,78",web,delivery,COMPLETED
ORD-0185300,R-0426,2025-03-18,"28,59",app,delivery,completed
ORD-0185301,R-0426,2025-03-22,"30,58",web,pickup,completed
ORD-0185302,R-0426,2025-03-15,"40,32",web,delivery,completed
ORD-0185303,R-0426,2025-03-20,"47,75",app,delivery,completed
ORD-0185304,R-0426,2025-03-13,"24,29",web,delivery,completed
ORD-0185305,R-0426,2025-03-10,"49,10",web,pickup,Completed
ORD-0185306,R-0426,2025-03-25,"40,72",app,pickup,completed
ORD-0185307,R-0426,2025-03-21,"59,98",app,pickup,completed
ORD-0185308,R-0426,2025-03-21,"40,29",web,pickup,completed
ORD-0185309,R-0426,2025-03-14,"64,11",web,delivery,completed
ORD-0185310,R-0426,2025-03-15,"47,52",app,delivery,COMPLETED
ORD-0185311,R-0426,2025-03-10,"54,82",web,delivery,completed
ORD-0185312,R-0426,2025-03-09,"23,39",app,delivery,completed
ORD-0185313,R-0426,2025-03-07,"37,08",web,delivery,completed
ORD-0185314,R-0426,2025-03-18,"29,60",web,delivery,completed
ORD-0185315,R-0426,2025-03-30,"48,45",web,delivery,completed
ORD-0185316,R-0426,2025-03-07,"72,67",app,pickup,COMPLETED
ORD-0185317,R-0426,2025-03-29,"63,30",web,pickup,completed
ORD-0185318,R-0426,2025-03-07,"34,26",web,pickup,completed
ORD-0185319,R-0426,2025-03-18,"66,80",web,pickup,COMPLETED
ORD-0185320,R-0426,2025-03-31,"58,62",app,delivery,completed
ORD-0185321,R-0426,2025-03-20,"53,56",web,pickup,completed
ORD-0185322,R-0426,2025-03-08,"59,15",web,pickup,completed
ORD-0185323,R-0426,2025-03-01,"49,59",web,pickup,completed
ORD-0185324,R-0426,2025-03-24,"33,12",web,pickup,completed
ORD-0185325,R-0426,2025-03-31,"80,20",app,delivery,completed
ORD-0185326,R-0426,2025-03-07,"20,25",app,delivery,completed
ORD-0185327,R-0426,2025-03-03,"52,55",web,pickup,completed
ORD-0185328,R-0426,2025-03-19,"61,13",web,pickup,completed
ORD-0185329,R-0426,2025-03-03,"54,32",app,delivery,completed
ORD-0185330,R-0426,2025-03-10,"51,31",app,pickup,completed
ORD-0189808,R-0434,2025-03-31,"22,23",web,pickup,completed
ORD-0189809,R-0434,2025-03-27,"36,69",app,pickup,completed
ORD-0189810,R-0434,2025-03-29,"21,03",app,delivery,completed
ORD-0189811,R-0434,2025-03-29,"38,27",app,delivery,completed
ORD-0189812,R-0434,2025-03-29,"32,79",app,pickup,completed
ORD-0189813,R-0434,2025-03-31,"18,14",web,delivery,completed
ORD-0189814,R-0434,2025-03-29,"18,86",app,pickup,completed
ORD-0189815,R-0434,2025-03-26,"31,51",app,delivery,completed
ORD-0189816,R-0434,2025-03-29,"24,44",app,delivery,completed
ORD-0189817,R-0434,2025-03-30,"21,72",web,delivery,Completed
ORD-0189818,R-0434,2025-03-29,"47,34",web,delivery,completed
ORD-0189819,R-0434,2025-03-31,"36,14",web,delivery,completed
ORD-0191100,R-0436,2025-03-28,"37,80",app,delivery,completed
ORD-0192538,R-0446,2025-03-27,"54,78",web,pickup,COMPLETED
ORD-0192539,R-0446,2025-03-29,"66,35",app,delivery,completed
ORD-0192540,R-0446,2025-03-10,"18,38",app,delivery,completed
ORD-0192541,R-0446,2025-03-16,"66,64",app,delivery,completed
ORD-0192542,R-0446,2025-03-29,"53,37",web,pickup,completed
ORD-0192543,R-0446,2025-03-21,"35,63",app,pickup,completed
ORD-0192544,R-0446,2025-03-27,"17,30",app,delivery,completed
ORD-0192545,R-0446,2025-03-08,"43,04",app,delivery,completed
ORD-0192546,R-0446,2025-03-22,"57,56",app,delivery,completed
ORD-0192547,R-0446,2025-03-15,"49,74",app,delivery,completed
ORD-0192548,R-0446,2025-03-14,"80,24",web,delivery,completed
ORD-0192549,R-0446,2025-03-29,"91,59",app,pickup,COMPLETED
ORD-0192550,R-0446,2025-03-08,"36,88",app,delivery,refunded
ORD-0192551,R-0446,2025-03-24,"48,73",app,delivery,completed
ORD-0192552,R-0446,2025-03-30,"24,57",web,delivery,completed
ORD-0192553,R-0446,2025-03-23,"34,02",web,delivery,completed
ORD-0192554,R-0446,2025-03-17,"60,26",web,delivery,completed
ORD-0192555,R-0446,2025-03-21,"21,03",web,pickup,completed
ORD-0192556,R-0446,2025-03-03,"86,50",app,pickup,completed
ORD-0192557,R-0446,2025-03-29,"34,51",web,delivery,completed
ORD-0192558,R-0446,2025-03-11,"37,23",app,pickup,cancelled
ORD-0192559,R-0446,2025-03-10,"38,84",app,delivery,completed
ORD-0192560,R-0446,2025-03-29,"48,00",web,delivery,completed
ORD-0192561,R-0446,2025-03-31,"44,75",web,delivery,completed
ORD-0192562,R-0446,2025-03-09,"62,59",web,pickup,COMPLETED
ORD-0192563,R-0446,2025-03-17,"79,70",app,pickup,completed
ORD-0192564,R-0446,2025-03-17,"45,25",app,delivery,completed
ORD-0192565,R-0446,2025-03-14,"46,61",app,delivery,completed
ORD-0192566,R-0446,2025-03-26,"63,99",app,delivery,completed
ORD-0192567,R-0446,2025-03-02,"36,64",app,pickup,Completed
ORD-0192568,R-0446,2025-03-27,"34,96",app,pickup,COMPLETED
ORD-0192569,R-0446,2025-03-01,"68,15",app,pickup,completed
ORD-0192570,R-0446,2025-03-02,"89,76",app,delivery,COMPLETED
ORD-0192571,R-0446,2025-03-23,"34,39",app,delivery,completed
ORD-0192572,R-0446,2025-03-29,"37,14",app,delivery,completed
ORD-0192573,R-0446,2025-03-18,"34,93",web,pickup,completed
ORD-0192574,R-0446,2025-03-03,"29,63",app,pickup,cancelled
ORD-0192575,R-0446,2025-03-05,"35,96",app,pickup,completed
ORD-0192576,R-0446,2025-03-19,"34,30",app,pickup,completed
ORD-0192577,R-0446,2025-03-10,"31,07",app,delivery,completed
ORD-0192578,R-0446,2025-03-09,"44,43",app,delivery,completed
ORD-0192579,R-0446,2025-03-26,"34,00",web,delivery,completed
ORD-0192580,R-0446,2025-03-01,"26,40",app,delivery,completed
ORD-0192581,R-0446,2025-03-12,"39,07",app,delivery,COMPLETED
ORD-0192582,R-0446,2025-03-23,"31,05",web,pickup,completed
ORD-0192583,R-0446,2025-03-07,"76,65",app,delivery,completed
ORD-0192584,R-0446,2025-03-08,"21,98",app,pickup,completed
ORD-0192585,R-0446,2025-03-20,"40,48",web,delivery,completed
ORD-0192586,R-0446,2025-03-12,"30,62",app,pickup,completed
ORD-0192587,R-0446,2025-03-12,"27,87",app,pickup,completed
ORD-0192588,R-0446,2025-03-06,"31,65",app,delivery,completed
ORD-0192589,R-0446,2025-03-05,"36,17",app,pickup,completed
ORD-0192590,R-0446,2025-03-19,"30,91",web,delivery,completed
ORD-0192591,R-0446,2025-03-06,"35,32",app,pickup,completed
ORD-0192592,R-0446,2025-03-21,"49,76",app,delivery,completed
ORD-0192593,R-0446,2025-03-31,"73,01",app,delivery,completed
ORD-0192594,R-0446,2025-03-24,"94,18",web,pickup,completed
ORD-0192595,R-0446,2025-03-13,"34,77",app,delivery,completed
ORD-0192596,R-0446,2025-03-07,"65,01",web,delivery,completed
ORD-0192597,R-0446,2025-03-07,"35,55",web,delivery,completed
ORD-0192598,R-0446,2025-03-21,"52,43",app,pickup,cancelled
ORD-0192599,R-0446,2025-03-09,"35,88",app,pickup,COMPLETED
ORD-0192600,R-0446,2025-03-24,"25,92",app,delivery,completed
ORD-0192601,R-0446,2025-03-05,"54,29",web,delivery,COMPLETED
ORD-0192602,R-0446,2025-03-23,"49,49",web,pickup,completed
ORD-0192603,R-0446,2025-03-10,"31,15",app,delivery,Completed
ORD-0192604,R-0446,2025-03-29,"39,49",web,pickup,completed
ORD-0192605,R-0446,2025-03-22,"34,59",app,pickup,Completed
ORD-0192606,R-0446,2025-03-21,"24,40",web,delivery,completed
ORD-0192607,R-0446,2025-03-27,"35,29",web,pickup,completed
ORD-0192608,R-0446,2025-03-20,"67,23",web,delivery,completed
ORD-0192609,R-0446,2025-03-15,"47,19",app,pickup,completed
ORD-0192610,R-0446,2025-03-08,"29,17",web,pickup,completed
ORD-0192611,R-0446,2025-03-02,"40,87",app,pickup,completed
ORD-0192612,R-0446,2025-03-29,"24,35",web,delivery,completed
ORD-0192613,R-0446,2025-03-12,"24,87",web,delivery,completed
ORD-0192614,R-0446,2025-03-26,"44,21",app,pickup,completed
ORD-0192615,R-0446,2025-03-05,"32,62",web,delivery,Completed
ORD-0192616,R-0446,2025-03-31,"36,71",app,pickup,completed
ORD-0192617,R-0446,2025-03-10,"45,76",app,delivery,completed
ORD-0192618,R-0446,2025-03-28,"51,38",web,delivery,completed
ORD-0192619,R-0446,2025-03-07,"80,21",web,delivery,completed
ORD-0192620,R-0446,2025-03-22,"25,84",app,pickup,completed
ORD-0192621,R-0446,2025-03-05,"76,77",app,pickup,completed
ORD-0192622,R-0446,2025-03-09,"60,41",app,delivery,completed
ORD-0192623,R-0446,2025-03-08,"75,44",app,delivery,completed
ORD-0192624,R-0446,2025-03-22,"60,94",web,delivery,completed
ORD-0192625,R-0446,2025-03-29,"37,57",app,pickup,completed
ORD-0192626,R-0446,2025-03-14,"31,84",app,delivery,COMPLETED
ORD-0192627,R-0446,2025-03-15,"54,74",web,pickup,completed
ORD-0192628,R-0446,2025-03-10,"45,38",web,pickup,completed
ORD-0192629,R-0446,2025-03-05,"27,67",app,delivery,completed
ORD-0192630,R-0446,2025-03-10,"31,63",app,delivery,completed
ORD-0192631,R-0446,2025-03-12,"82,88",app,pickup,COMPLETED
ORD-0192632,R-0446,2025-03-17,"39,54",app,pickup,completed
ORD-0192633,R-0446,2025-03-20,"52,33",app,delivery,completed
ORD-0192634,R-0446,2025-03-07,"34,24",app,delivery,completed
ORD-0192635,R-0446,2025-03-15,"54,89",app,pickup,COMPLETED
ORD-0192636,R-0446,2025-03-17,"20,94",web,delivery,completed
ORD-0192637,R-0446,2025-03-04,"38,18",app,pickup,completed
ORD-0192638,R-0446,2025-03-20,"43,00",web,delivery,completed
ORD-0192639,R-0446,2025-03-18,"47,48",app,delivery,completed
ORD-0192640,R-0446,2025-03-14,"65,24",web,delivery,completed
ORD-0192641,R-0446,2025-03-15,"36,74",app,pickup,completed
ORD-0192642,R-0446,2025-03-13,"39,15",web,pickup,completed
ORD-0192643,R-0446,2025-03-09,"33,43",web,pickup,completed
ORD-0192644,R-0446,2025-03-02,"29,57",web,delivery,completed
ORD-0213383,R-0491,2025-03-17,"33,64",app,pickup,completed
ORD-0213384,R-0491,2025-03-02,"21,07",web,pickup,completed
ORD-0213385,R-0491,2025-03-15,"23,10",web,pickup,completed
ORD-0213386,R-0491,2025-03-12,"30,26",app,pickup,completed
ORD-0213387,R-0491,2025-03-10,"24,92",app,pickup,completed
ORD-0213388,R-0491,2025-03-14,"19,79",web,pickup,cancelled
ORD-0213389,R-0491,2025-03-10,"16,86",web,pickup,completed
ORD-0213390,R-0491,2025-03-31,"29,48",web,pickup,completed
ORD-0213391,R-0491,2025-03-14,"23,80",web,pickup,completed
ORD-0213392,R-0491,2025-03-15,"21,10",app,pickup,completed
ORD-0213393,R-0491,2025-03-19,"20,07",web,pickup,completed
ORD-0213394,R-0491,2025-03-28,"19,45",web,pickup,completed
ORD-0213395,R-0491,2025-03-24,"9,82",web,pickup,completed
ORD-0213396,R-0491,2025-03-07,"45,00",app,pickup,completed
ORD-0213397,R-0491,2025-03-13,"36,95",web,pickup,cancelled
ORD-0213398,R-0491,2025-03-31,"25,54",web,pickup,COMPLETED
ORD-0213399,R-0491,2025-03-16,"22,20",app,pickup,completed
ORD-0213400,R-0491,2025-03-22,"16,49",app,pickup,completed
ORD-0213401,R-0491,2025-03-28,"26,11",app,delivery,COMPLETED
ORD-0213402,R-0491,2025-03-26,"23,91",app,pickup,completed
ORD-0213403,R-0491,2025-03-23,"30,39",app,delivery,Completed
ORD-0213404,R-0491,2025-03-16,"63,85",app,pickup,completed
ORD-0213405,R-0491,2025-03-24,"31,59",app,pickup,completed
ORD-0213406,R-0491,2025-03-17,"20,31",app,pickup,completed
ORD-0213407,R-0491,2025-03-30,"20,27",app,pickup,completed
ORD-0213408,R-0491,2025-03-15,"34,79",app,delivery,completed
ORD-0213409,R-0491,2025-03-17,"23,50",web,pickup,completed
ORD-0213410,R-0491,2025-03-13,"48,55",app,delivery,completed
ORD-0213411,R-0491,2025-03-26,"28,28",app,pickup,completed
ORD-0213412,R-0491,2025-03-15,"40,46",web,pickup,Completed
ORD-0213413,R-0491,2025-03-30,"21,30",app,pickup,completed
ORD-0213414,R-0491,2025-03-04,"24,77",app,pickup,Completed
ORD-0213415,R-0491,2025-03-20,"20,80",app,pickup,COMPLETED
ORD-0213416,R-0491,2025-03-31,"33,12",app,pickup,Completed
ORD-0213417,R-0491,2025-03-09,"28,86",app,delivery,completed
ORD-0213418,R-0491,2025-03-10,"29,30",web,pickup,completed
ORD-0213419,R-0491,2025-03-15,"23,84",web,pickup,completed
ORD-0213420,R-0491,2025-03-19,"15,22",web,delivery,completed
ORD-0213421,R-0491,2025-03-15,"20,37",app,delivery,Completed
ORD-0213422,R-0491,2025-03-01,"31,66",app,pickup,completed
ORD-0213423,R-0491,2025-03-17,"39,83",app,pickup,completed
ORD-0213424,R-0491,2025-03-05,"20,45",app,pickup,refunded
ORD-0213425,R-0491,2025-03-06,"30,25",app,pickup,completed
ORD-0213426,R-0491,2025-03-21,"25,74",app,delivery,completed
ORD-0213427,R-0491,2025-03-16,"35,31",web,delivery,completed
ORD-0213428,R-0491,2025-03-11,"23,15",web,pickup,completed
ORD-0213429,R-0491,2025-03-24,"19,81",app,delivery,completed
ORD-0213430,R-0491,2025-03-05,"26,61",app,pickup,completed
ORD-0213431,R-0491,2025-03-22,"23,95",app,pickup,completed
ORD-0213432,R-0491,2025-03-07,"20,60",app,pickup,cancelled
ORD-0213433,R-0491,2025-03-05,"15,23",app,pickup,completed
ORD-0213434,R-0491,2025-03-09,"21,69",web,delivery,completed
ORD-0213435,R-0491,2025-03-21,"16,44",app,pickup,completed
ORD-0213436,R-0491,2025-03-20,"23,47",app,pickup,completed
ORD-0213437,R-0491,2025-03-30,"43,48",web,pickup,completed
ORD-0213438,R-0491,2025-03-15,"37,35",app,pickup,completed
ORD-0213439,R-0491,2025-03-12,"27,81",app,pickup,completed
ORD-0213440,R-0491,2025-03-05,"41,71",web,pickup,completed
ORD-0213441,R-0491,2025-03-22,"23,93",web,pickup,completed
ORD-0213442,R-0491,2025-03-11,"35,61",app,pickup,COMPLETED
ORD-0213443,R-0491,2025-03-06,"29,21",app,pickup,completed
ORD-0213444,R-0491,2025-03-02,"24,37",web,pickup,completed
ORD-0213445,R-0491,2025-03-28,"17,40",web,pickup,completed
ORD-0214917,R-0495,2025-03-07,"45,29",app,pickup,completed
ORD-0214918,R-0495,2025-03-15,"39,55",app,delivery,completed
ORD-0214919,R-0495,2025-03-29,"52,12",web,pickup,completed
ORD-0214920,R-0495,2025-03-03,"90,31",app,pickup,completed
ORD-0214921,R-0495,2025-03-29,"35,51",app,pickup,completed
ORD-0214922,R-0495,2025-03-22,"74,86",web,pickup,COMPLETED
ORD-0214923,R-0495,2025-03-30,"79,60",web,pickup,completed
ORD-0214924,R-0495,2025-03-24,"80,27",app,pickup,completed
ORD-0214925,R-0495,2025-03-25,"40,74",web,pickup,completed
ORD-0214926,R-0495,2025-03-16,"42,98",app,pickup,completed
ORD-0214927,R-0495,2025-03-12,"42,58",app,pickup,completed
ORD-0214928,R-0495,2025-03-02,"69,28",app,delivery,COMPLETED
ORD-0214929,R-0495,2025-03-16,"53,44",web,pickup,completed
ORD-0214930,R-0495,2025-03-22,"42,90",app,delivery,completed
ORD-0214931,R-0495,2025-03-11,"37,60",web,delivery,completed
ORD-0214932,R-0495,2025-03-01,"56,30",app,delivery,completed
ORD-0214933,R-0495,2025-03-01,"36,72",app,pickup,completed
ORD-0214934,R-0495,2025-03-01,"48,57",app,delivery,completed
ORD-0214935,R-0495,2025-03-28,"68,87",app,pickup,completed
ORD-0214936,R-0495,2025-03-11,"90,33",app,delivery,completed
ORD-0214937,R-0495,2025-03-31,"36,63",app,delivery,Completed
ORD-0214938,R-0495,2025-03-17,"63,37",app,delivery,COMPLETED
ORD-0214939,R-0495,2025-03-12,"57,55",web,pickup,Completed
ORD-0214940,R-0495,2025-03-10,"57,48",web,pickup,completed
ORD-0214941,R-0495,2025-03-21,"45,34",app,delivery,Completed
ORD-0214942,R-0495,2025-03-30,"51,10",app,delivery,completed
ORD-0214943,R-0495,2025-03-08,"63,33",app,delivery,completed
ORD-0214944,R-0495,2025-03-23,"47,09",app,delivery,COMPLETED
ORD-0214945,R-0495,2025-03-07,"54,86",app,pickup,Completed
ORD-0214946,R-0495,2025-03-29,"80,34",app,pickup,completed
ORD-0214947,R-0495,2025-03-02,"49,78",app,delivery,completed
ORD-0214948,R-0495,2025-03-02,"102,78",app,pickup,completed
ORD-0214949,R-0495,2025-03-13,"54,09",app,delivery,completed
ORD-0224728,R-0525,2025-03-29,"11,90",web,delivery,completed
ORD-0224729,R-0525,2025-03-12,"27,60",app,pickup,completed
ORD-0224730,R-0525,2025-03-27,"26,67",web,delivery,completed
ORD-0224731,R-0525,2025-03-15,"75,99",web,pickup,completed
ORD-0224732,R-0525,2025-03-14,"20,47",app,delivery,completed
ORD-0224733,R-0525,2025-03-25,"28,09",app,pickup,COMPLETED
ORD-0224734,R-0525,2025-03-23,"15,61",app,pickup,completed
ORD-0224735,R-0525,2025-03-12,"16,46",web,delivery,completed
ORD-0224736,R-0525,2025-03-22,"40,90",app,delivery,completed
ORD-0224737,R-0525,2025-03-11,"15,47",app,delivery,completed
ORD-0224738,R-0525,2025-03-06,"24,91",web,pickup,completed
ORD-0224739,R-0525,2025-03-02,"29,92",web,delivery,completed
ORD-0224740,R-0525,2025-03-16,"43,20",web,pickup,completed
ORD-0224741,R-0525,2025-03-10,"19,71",app,delivery,completed
ORD-0224742,R-0525,2025-03-19,"80,89",app,delivery,completed
ORD-0224743,R-0525,2025-03-13,"41,69",web,delivery,completed
ORD-0224744,R-0525,2025-03-06,"15,50",web,pickup,cancelled
ORD-0224745,R-0525,2025-03-24,"14,17",app,pickup,completed
ORD-0224746,R-0525,2025-03-04,"18,36",web,pickup,completed
ORD-0224747,R-0525,2025-03-16,"36,44",web,pickup,completed
ORD-0224748,R-0525,2025-03-08,"11,25",app,pickup,completed
ORD-0224749,R-0525,2025-03-29,"47,67",app,delivery,completed
ORD-0224750,R-0525,2025-03-18,"27,75",web,pickup,completed
ORD-0224751,R-0525,2025-03-07,"33,59",app,delivery,cancelled
ORD-0224752,R-0525,2025-03-01,"7,98",app,pickup,completed
ORD-0224753,R-0525,2025-03-22,"17,63",web,delivery,completed
ORD-0224754,R-0525,2025-03-06,"24,36",web,pickup,completed
ORD-0224755,R-0525,2025-03-25,"39,63",app,pickup,completed
ORD-0224756,R-0525,2025-03-22,"32,56",web,pickup,completed
ORD-0224757,R-0525,2025-03-11,"10,78",web,pickup,completed
ORD-0224758,R-0525,2025-03-26,"27,42",app,delivery,completed
ORD-0224759,R-0525,2025-03-29,"14,78",app,delivery,completed
ORD-0224760,R-0525,2025-03-21,"26,18",web,pickup,Completed
ORD-0224761,R-0525,2025-03-30,"25,80",app,delivery,completed
ORD-0224762,R-0525,2025-03-09,"19,45",app,pickup,completed
ORD-0224763,R-0525,2025-03-07,"64,84",app,pickup,completed
ORD-0224764,R-0525,2025-03-24,"28,82",app,pickup,completed
ORD-0224765,R-0525,2025-03-14,"38,81",app,delivery,completed
ORD-0224766,R-0525,2025-03-07,"25,58",web,delivery,completed
ORD-0224767,R-0525,2025-03-23,"31,35",app,delivery,completed
ORD-0224768,R-0525,2025-03-24,"16,41",app,delivery,Completed
ORD-0224769,R-0525,2025-03-28,"33,45",app,pickup,completed
ORD-0224770,R-0525,2025-03-28,"28,46",web,delivery,completed
ORD-0224771,R-0525,2025-03-27,"42,46",app,pickup,completed
ORD-0224772,R-0525,2025-03-18,"28,20",app,delivery,completed
ORD-0224773,R-0525,2025-03-28,"44,64",web,delivery,completed
ORD-0224774,R-0525,2025-03-24,"25,23",web,pickup,completed
ORD-0224775,R-0525,2025-03-15,"17,52",web,pickup,Completed
ORD-0224776,R-0525,2025-03-14,"28,27",app,pickup,Completed
ORD-0224777,R-0525,2025-03-10,"31,45",web,delivery,completed
ORD-0224778,R-0525,2025-03-22,"19,40",web,delivery,completed
ORD-0224779,R-0525,2025-03-08,"27,40",app,pickup,completed
ORD-0224780,R-0525,2025-03-18,"31,76",app,delivery,completed
ORD-0224781,R-0525,2025-03-20,"19,22",web,delivery,completed
ORD-0224782,R-0525,2025-03-27,"24,78",app,pickup,completed
ORD-0224783,R-0525,2025-03-22,"28,30",web,delivery,completed
ORD-0224784,R-0525,2025-03-13,"33,82",web,pickup,completed
ORD-0224785,R-0525,2025-03-25,"24,25",web,delivery,completed
ORD-0224786,R-0525,2025-03-23,"20,48",web,pickup,completed
ORD-0224787,R-0525,2025-03-31,"35,13",web,delivery,completed
ORD-0224788,R-0525,2025-03-30,"16,88",app,pickup,Completed
ORD-0224789,R-0525,2025-03-23,"17,30",app,delivery,completed
ORD-0224790,R-0525,2025-03-21,"18,81",app,delivery,completed
ORD-0224791,R-0525,2025-03-13,"26,39",web,delivery,completed
ORD-0224792,R-0525,2025-03-11,"17,26",app,delivery,completed
ORD-0224793,R-0525,2025-03-16,"23,62",app,pickup,completed
ORD-0224794,R-0525,2025-03-16,"13,36",web,pickup,completed
ORD-0224795,R-0525,2025-03-05,"35,92",app,pickup,refunded
ORD-0224796,R-0525,2025-03-20,"29,20",app,pickup,completed
ORD-0224797,R-0525,2025-03-15,"47,58",web,pickup,completed
ORD-0224798,R-0525,2025-03-07,"29,83",web,delivery,COMPLETED
ORD-0224799,R-0525,2025-03-18,"18,24",app,pickup,completed
ORD-0224800,R-0525,2025-03-22,"13,17",app,delivery,completed
ORD-0224801,R-0525,2025-03-14,"30,99",app,delivery,completed
ORD-0224802,R-0525,2025-03-29,"16,62",web,delivery,completed
ORD-0224803,R-0525,2025-03-10,"32,68",web,pickup,completed
ORD-0224804,R-0525,2025-03-21,"20,52",web,pickup,Completed
ORD-0224805,R-0525,2025-03-07,"14,30",web,delivery,completed
ORD-0224806,R-0525,2025-03-02,"18,85",web,delivery,Completed
ORD-0224807,R-0525,2025-03-03,"36,43",web,delivery,completed
ORD-0227498,R-0531,2025-03-29,"25,13",web,delivery,completed
ORD-0227499,R-0531,2025-03-16,"62,28",web,delivery,completed
ORD-0227500,R-0531,2025-03-14,"38,72",web,pickup,completed
ORD-0227501,R-0531,2025-03-29,"54,48",web,delivery,COMPLETED
ORD-0227502,R-0531,2025-03-21,"47,98",app,pickup,completed
ORD-0227503,R-0531,2025-03-26,"16,59",app,delivery,completed
ORD-0227504,R-0531,2025-03-31,"56,50",app,pickup,completed
ORD-0227505,R-0531,2025-03-07,"25,42",app,pickup,completed
ORD-0227506,R-0531,2025-03-09,"23,35",web,pickup,completed
ORD-0227507,R-0531,2025-03-18,"35,45",web,delivery,completed
ORD-0227508,R-0531,2025-03-18,"32,08",web,delivery,completed
ORD-0227509,R-0531,2025-03-31,"34,18",web,delivery,completed
ORD-0227510,R-0531,2025-03-13,"30,54",app,delivery,completed
ORD-0227511,R-0531,2025-03-29,"15,77",app,delivery,completed
ORD-0227512,R-0531,2025-03-05,"24,54",web,delivery,completed
ORD-0227513,R-0531,2025-03-08,"44,97",web,pickup,completed
ORD-0227514,R-0531,2025-03-14,"24,88",web,delivery,completed
ORD-0227515,R-0531,2025-03-26,"23,42",web,delivery,completed
ORD-0227516,R-0531,2025-03-29,"34,40",web,delivery,Completed
ORD-0227517,R-0531,2025-03-15,"45,01",app,delivery,COMPLETED
ORD-0227518,R-0531,2025-03-22,"28,32",web,pickup,completed
ORD-0227519,R-0531,2025-03-31,"25,13",web,pickup,Completed
ORD-0227520,R-0531,2025-03-21,"19,60",web,pickup,completed
ORD-0227521,R-0531,2025-03-17,"13,81",web,pickup,completed
ORD-0230368,R-0538,2025-03-08,"23,67",web,delivery,refunded
ORD-0230369,R-0538,2025-03-31,"26,93",web,pickup,COMPLETED
ORD-0230370,R-0538,2025-03-16,"41,24",web,pickup,completed
ORD-0230371,R-0538,2025-03-16,"20,46",web,delivery,completed
ORD-0230372,R-0538,2025-03-30,"30,05",web,pickup,completed
ORD-0230373,R-0538,2025-03-27,"32,76",web,delivery,completed
ORD-0230374,R-0538,2025-03-24,"18,50",web,pickup,completed
ORD-0230375,R-0538,2025-03-01,"22,52",app,delivery,completed
ORD-0230376,R-0538,2025-03-29,"22,49",web,pickup,Completed
ORD-0230377,R-0538,2025-03-26,"19,43",web,delivery,completed
ORD-0230378,R-0538,2025-03-31,"27,36",app,delivery,completed
ORD-0230379,R-0538,2025-03-06,"23,70",web,pickup,completed
ORD-0230380,R-0538,2025-03-08,"27,68",app,pickup,completed
ORD-0230381,R-0538,2025-03-17,"19,00",web,pickup,completed
ORD-0230382,R-0538,2025-03-22,"22,94",web,delivery,completed
ORD-0230383,R-0538,2025-03-08,"22,27",app,delivery,completed
ORD-0230384,R-0538,2025-03-15,"36,26",app,delivery,completed
ORD-0230385,R-0538,2025-03-07,"30,82",app,delivery,completed
ORD-0230386,R-0538,2025-03-24,"25,16",web,pickup,completed
ORD-0230387,R-0538,2025-03-19,"34,59",app,pickup,completed
ORD-0230388,R-0538,2025-03-01,"25,34",web,delivery,completed
ORD-0230389,R-0538,2025-03-01,"35,46",web,delivery,completed
ORD-0230390,R-0538,2025-03-10,"34,58",web,delivery,completed
ORD-0230391,R-0538,2025-03-09,"25,82",app,pickup,completed
ORD-0230392,R-0538,2025-03-31,"25,02",web,pickup,completed
ORD-0230393,R-0538,2025-03-13,"22,82",app,delivery,completed
ORD-0230394,R-0538,2025-03-01,"29,51",web,delivery,completed
ORD-0230395,R-0538,2025-03-14,"38,96",app,delivery,completed
ORD-0230396,R-0538,2025-03-10,"23,67",app,delivery,completed
ORD-0230397,R-0538,2025-03-08,"42,50",web,pickup,Completed
ORD-0230398,R-0538,2025-03-29,"17,53",web,delivery,completed
ORD-0230399,R-0538,2025-03-06,"32,85",web,delivery,completed
ORD-0230400,R-0538,2025-03-12,"13,95",app,pickup,completed
ORD-0230401,R-0538,2025-03-05,"20,00",app,delivery,completed
ORD-0230402,R-0538,2025-03-21,"41,48",web,delivery,completed
ORD-0230403,R-0538,2025-03-22,"23,27",web,pickup,completed
ORD-0230404,R-0538,2025-03-16,"11,97",app,pickup,completed
ORD-0230405,R-0538,2025-03-04,"27,18",app,delivery,completed
ORD-0230406,R-0538,2025-03-08,"14,69",web,pickup,COMPLETED
ORD-0230407,R-0538,2025-03-15,"25,68",web,delivery,Completed
ORD-0230408,R-0538,2025-03-29,"62,69",web,pickup,completed
ORD-0230409,R-0538,2025-03-01,"36,78",app,pickup,completed
ORD-0230410,R-0538,2025-03-08,"43,19",web,delivery,Completed
ORD-0230411,R-0538,2025-03-25,"18,84",web,pickup,completed
ORD-0230412,R-0538,2025-03-28,"29,93",app,pickup,completed
ORD-0230413,R-0538,2025-03-27,"21,58",app,pickup,completed
ORD-0230414,R-0538,2025-03-21,"29,93",app,pickup,completed
ORD-0230415,R-0538,2025-03-15,"37,72",app,pickup,completed
ORD-0230416,R-0538,2025-03-15,"35,16",app,pickup,completed
ORD-0230417,R-0538,2025-03-07,"20,64",app,delivery,completed
ORD-0230418,R-0538,2025-03-17,"30,09",web,pickup,Completed
ORD-0230419,R-0538,2025-03-03,"34,27",app,delivery,completed
ORD-0230420,R-0538,2025-03-28,"20,64",app,delivery,completed
ORD-0230421,R-0538,2025-03-19,"19,18",app,delivery,completed
ORD-0230422,R-0538,2025-03-28,"43,34",app,delivery,completed
ORD-0230423,R-0538,2025-03-02,"25,05",web,delivery,completed
ORD-0230424,R-0538,2025-03-16,"38,52",web,pickup,completed
ORD-0230425,R-0538,2025-03-16,"48,31",web,pickup,completed
ORD-0230426,R-0538,2025-03-31,"39,41",app,pickup,COMPLETED
ORD-0230427,R-0538,2025-03-07,"25,39",web,pickup,completed
ORD-0230428,R-0538,2025-03-22,"57,92",web,delivery,completed
ORD-0230429,R-0538,2025-03-30,"27,09",web,delivery,completed
ORD-0230430,R-0538,2025-03-26,"33,62",web,pickup,completed
ORD-0230431,R-0538,2025-03-13,"23,72",app,delivery,COMPLETED
ORD-0230432,R-0538,2025-03-13,"45,51",app,delivery,completed
ORD-0230433,R-0538,2025-03-24,"19,26",app,delivery,completed
ORD-0230434,R-0538,2025-03-14,"32,55",app,pickup,completed
ORD-0230435,R-0538,2025-03-07,"27,13",web,delivery,completed
ORD-0230436,R-0538,2025-03-06,"19,08",web,delivery,completed
ORD-0230437,R-0538,2025-03-14,"30,35",web,pickup,completed
ORD-0230438,R-0538,2025-03-10,"13,20",web,pickup,completed
ORD-0230439,R-0538,2025-03-02,"32,31",app,delivery,completed
ORD-0230440,R-0538,2025-03-10,"28,14",web,delivery,completed
ORD-0237521,R-0549,2025-03-27,"16,18",web,pickup,Completed
ORD-0237522,R-0549,2025-03-29,"20,13",web,pickup,Completed
ORD-0237523,R-0549,2025-03-28,"39,17",web,pickup,completed
ORD-0237524,R-0549,2025-03-29,"11,55",web,pickup,COMPLETED
ORD-0237525,R-0549,2025-03-27,"16,19",web,pickup,Completed
ORD-0237526,R-0549,2025-03-29,"21,86",web,delivery,completed
ORD-0237527,R-0549,2025-03-27,"16,40",web,delivery,completed
ORD-0238863,R-0550,2025-03-13,"68,08",web,pickup,completed
ORD-0238864,R-0550,2025-03-28,"32,19",app,pickup,completed
ORD-0244722,R-0568,2025-03-28,"21,92",app,pickup,completed
ORD-0244723,R-0568,2025-03-09,"85,50",app,pickup,Completed
ORD-0244724,R-0568,2025-03-19,"43,03",app,pickup,COMPLETED
ORD-0244725,R-0568,2025-03-15,"46,90",app,pickup,completed
ORD-0244726,R-0568,2025-03-17,"35,68",web,delivery,Cancelled
ORD-0244727,R-0568,2025-03-30,"63,25",app,delivery,completed
ORD-0244728,R-0568,2025-03-10,"98,02",app,delivery,completed
ORD-0244729,R-0568,2025-03-27,"49,11",app,delivery,completed
ORD-0244730,R-0568,2025-03-27,"42,80",app,pickup,completed
ORD-0244731,R-0568,2025-03-23,"73,17",app,pickup,completed
ORD-0244732,R-0568,2025-03-11,"37,49",app,delivery,completed
ORD-0244733,R-0568,2025-03-20,"38,03",app,delivery,refunded
ORD-0244734,R-0568,2025-03-01,"47,05",app,delivery,completed
ORD-0244735,R-0568,2025-03-01,"58,69",app,delivery,Completed
ORD-0244736,R-0568,2025-03-02,"39,58",app,delivery,completed
ORD-0244737,R-0568,2025-03-31,"48,08",app,delivery,completed
ORD-0244738,R-0568,2025-03-14,"91,70",web,delivery,completed
ORD-0244739,R-0568,2025-03-12,"57,47",app,pickup,completed
ORD-0244740,R-0568,2025-03-15,"38,55",web,pickup,COMPLETED
ORD-0244741,R-0568,2025-03-16,"53,51",app,pickup,completed
ORD-0244742,R-0568,2025-03-07,"32,98",web,pickup,completed
ORD-0244743,R-0568,2025-03-20,"35,71",app,pickup,Cancelled
ORD-0244744,R-0568,2025-03-09,"50,81",app,pickup,completed
ORD-0244745,R-0568,2025-03-20,"35,81",app,delivery,completed
ORD-0244746,R-0568,2025-03-02,"45,18",app,delivery,completed
ORD-0244747,R-0568,2025-03-15,"36,54",app,pickup,completed
ORD-0244748,R-0568,2025-03-12,"63,60",app,pickup,completed
ORD-0244749,R-0568,2025-03-26,"50,65",app,pickup,completed
ORD-0244750,R-0568,2025-03-21,"48,45",web,pickup,completed
ORD-0244751,R-0568,2025-03-19,"36,61",app,pickup,completed
ORD-0244752,R-0568,2025-03-17,"21,91",app,pickup,COMPLETED
ORD-0244753,R-0568,2025-03-28,"51,96",app,pickup,completed
ORD-0244754,R-0568,2025-03-26,"55,92",web,pickup,completed
ORD-0244755,R-0568,2025-03-13,"68,49",web,pickup,COMPLETED
ORD-0244756,R-0568,2025-03-14,"60,69",app,pickup,completed
ORD-0244757,R-0568,2025-03-08,"25,11",app,pickup,completed
ORD-0244758,R-0568,2025-03-04,"38,49",app,delivery,completed
ORD-0244759,R-0568,2025-03-16,"29,64",web,pickup,cancelled
ORD-0244760,R-0568,2025-03-22,"48,29",app,delivery,completed
ORD-0244761,R-0568,2025-03-10,"34,54",web,delivery,completed
ORD-0245858,R-0570,2025-03-02,"26,31",web,delivery,completed
ORD-0245859,R-0570,2025-03-20,"32,81",app,delivery,completed
ORD-0245860,R-0570,2025-03-23,"44,28",app,delivery,COMPLETED
ORD-0245861,R-0570,2025-03-08,"33,58",web,delivery,completed
ORD-0245862,R-0570,2025-03-07,"32,47",web,delivery,completed
ORD-0245863,R-0570,2025-03-08,"20,20",web,delivery,completed
ORD-0245864,R-0570,2025-03-16,"49,05",app,delivery,completed
ORD-0245865,R-0570,2025-03-12,"36,55",web,delivery,completed
ORD-0245866,R-0570,2025-03-02,"32,68",web,delivery,completed
ORD-0245867,R-0570,2025-03-26,"39,72",app,delivery,completed
ORD-0245868,R-0570,2025-03-12,"25,39",app,delivery,completed
ORD-0245869,R-0570,2025-03-28,"26,39",web,delivery,COMPLETED
ORD-0245870,R-0570,2025-03-08,"28,08",web,delivery,completed
ORD-0245871,R-0570,2025-03-22,"39,23",web,delivery,COMPLETED
ORD-0245872,R-0570,2025-03-22,"18,07",web,delivery,completed
ORD-0245873,R-0570,2025-03-22,"42,91",web,delivery,completed
ORD-0245874,R-0570,2025-03-08,"40,12",app,delivery,completed
ORD-0245875,R-0570,2025-03-09,"65,01",app,delivery,completed
ORD-0245876,R-0570,2025-03-22,"42,89",app,delivery,completed
ORD-0245877,R-0570,2025-03-09,"34,38",web,delivery,completed
ORD-0245878,R-0570,2025-03-29,"35,19",app,delivery,Completed
ORD-0245879,R-0570,2025-03-04,"52,14",web,delivery,Completed
ORD-0245880,R-0570,2025-03-09,"36,27",app,delivery,COMPLETED
ORD-0245881,R-0570,2025-03-13,"23,62",app,delivery,completed
ORD-0245882,R-0570,2025-03-24,"34,81",web,delivery,completed
ORD-0245883,R-0570,2025-03-02,"29,42",web,delivery,completed
ORD-0245884,R-0570,2025-03-17,"20,27",web,delivery,completed
ORD-0245885,R-0570,2025-03-08,"32,01",app,pickup,COMPLETED
ORD-0245886,R-0570,2025-03-13,"27,95",web,delivery,completed
ORD-0245887,R-0570,2025-03-29,"45,84",web,pickup,completed
ORD-0245888,R-0570,2025-03-27,"25,48",web,delivery,completed
ORD-0245889,R-0570,2025-03-11,"18,92",web,delivery,COMPLETED
ORD-0245890,R-0570,2025-03-19,"49,65",app,delivery,completed
ORD-0245891,R-0570,2025-03-24,"13,85",web,delivery,completed
ORD-0245892,R-0570,2025-03-29,"42,61",web,delivery,Completed
ORD-0245893,R-0570,2025-03-14,"19,53",web,delivery,completed
ORD-0245894,R-0570,2025-03-26,"36,23",web,delivery,cancelled
ORD-0245895,R-0570,2025-03-07,"28,93",web,pickup,completed
ORD-0245896,R-0570,2025-03-23,"32,04",web,delivery,COMPLETED
ORD-0245897,R-0570,2025-03-31,"71,62",web,delivery,completed
ORD-0245898,R-0570,2025-03-14,"25,43",app,pickup,Completed
ORD-0245899,R-0570,2025-03-01,"12,31",app,delivery,completed
ORD-0245900,R-0570,2025-03-22,"37,99",app,delivery,completed
ORD-0245901,R-0570,2025-03-23,"21,02",app,delivery,completed
ORD-0245902,R-0570,2025-03-25,"20,82",app,delivery,completed
ORD-0245903,R-0570,2025-03-20,"15,25",web,delivery,completed
ORD-0245904,R-0570,2025-03-20,"45,89",app,delivery,completed
ORD-0245905,R-0570,2025-03-23,"40,98",web,delivery,completed
ORD-0245906,R-0570,2025-03-23,"23,77",web,delivery,completed
ORD-0245907,R-0570,2025-03-09,"57,69",app,delivery,Completed
ORD-0245908,R-0570,2025-03-19,"51,06",web,delivery,completed
ORD-0245909,R-0570,2025-03-06,"14,37",web,delivery,completed
ORD-0245910,R-0570,2025-03-28,"20,95",web,delivery,completed
ORD-0245911,R-0570,2025-03-23,"43,33",app,delivery,completed
ORD-0245912,R-0570,2025-03-15,"34,01",app,pickup,completed
ORD-0245913,R-0570,2025-03-15,"23,18",web,delivery,completed
ORD-0245914,R-0570,2025-03-22,"22,45",web,delivery,completed
ORD-0245915,R-0570,2025-03-18,"39,93",web,delivery,completed
ORD-0245916,R-0570,2025-03-17,"25,52",app,pickup,completed
ORD-0245917,R-0570,2025-03-14,"26,80",web,delivery,completed
ORD-0246530,R-0575,2025-03-31,"19,74",web,pickup,completed
ORD-0246531,R-0575,2025-03-31,"18,88",web,delivery,completed
ORD-0247774,R-0579,2025-03-15,"17,75",web,delivery,completed
ORD-0247775,R-0579,2025-03-08,"17,89",web,delivery,completed
ORD-0247776,R-0579,2025-03-19,"25,68",app,delivery,Completed
ORD-0247777,R-0579,2025-03-07,"44,16",app,delivery,completed
ORD-0247778,R-0579,2025-03-15,"27,23",app,delivery,completed
ORD-0247779,R-0579,2025-03-29,"66,01",app,delivery,completed
ORD-0247780,R-0579,2025-03-15,"20,58",web,pickup,completed
ORD-0247781,R-0579,2025-03-05,"34,79",app,delivery,completed
ORD-0247782,R-0579,2025-03-22,"66,13",app,delivery,completed
ORD-0247783,R-0579,2025-03-05,"20,85",app,delivery,completed
ORD-0247784,R-0579,2025-03-28,"26,52",app,delivery,completed
ORD-0247785,R-0579,2025-03-31,"21,88",app,pickup,completed
ORD-0247786,R-0579,2025-03-29,"17,37",app,delivery,completed
ORD-0247787,R-0579,2025-03-06,"16,53",app,delivery,completed
ORD-0247788,R-0579,2025-03-03,"19,73",web,delivery,completed
ORD-0247789,R-0579,2025-03-02,"28,54",app,delivery,completed
ORD-0247790,R-0579,2025-03-17,"33,28",app,delivery,Completed
ORD-0247791,R-0579,2025-03-17,"29,18",web,delivery,completed
ORD-0247792,R-0579,2025-03-02,"19,89",web,delivery,completed
ORD-0247793,R-0579,2025-03-01,"34,83",web,delivery,completed
ORD-0247794,R-0579,2025-03-06,"19,84",app,delivery,completed
ORD-0247795,R-0579,2025-03-16,"9,41",app,delivery,COMPLETED
ORD-0247796,R-0579,2025-03-28,"31,30",web,delivery,completed
ORD-0247797,R-0579,2025-03-22,"32,36",app,delivery,completed
ORD-0247798,R-0579,2025-03-01,"21,62",app,delivery,completed
ORD-0247799,R-0579,2025-03-15,"12,82",web,delivery,completed
ORD-0247800,R-0579,2025-03-21,"10,45",app,delivery,completed
ORD-0247801,R-0579,2025-03-13,"29,01",app,delivery,completed
ORD-0247802,R-0579,2025-03-12,"29,25",web,delivery,completed
ORD-0247803,R-0579,2025-03-18,"36,70",app,delivery,completed
ORD-0247804,R-0579,2025-03-07,"24,40",app,delivery,completed
ORD-0247805,R-0579,2025-03-14,"34,61",web,delivery,completed
ORD-0247806,R-0579,2025-03-16,"30,80",app,delivery,completed
ORD-0247807,R-0579,2025-03-10,"22,65",web,delivery,completed
ORD-0247808,R-0579,2025-03-14,"31,77",web,delivery,Completed
ORD-0247809,R-0579,2025-03-28,"31,04",app,delivery,completed
ORD-0247810,R-0579,2025-03-04,"50,22",app,delivery,Completed
ORD-0247811,R-0579,2025-03-28,"20,10",web,delivery,completed
ORD-0247812,R-0579,2025-03-29,"51,07",web,pickup,completed
ORD-0247813,R-0579,2025-03-20,"37,13",app,delivery,completed
ORD-0249544,R-0586,2025-03-11,"23,98",web,pickup,completed
ORD-0249545,R-0586,2025-03-07,"13,71",web,pickup,completed
ORD-0249546,R-0586,2025-03-07,"13,93",web,pickup,completed
ORD-0249547,R-0586,2025-03-01,"16,95",app,delivery,completed
ORD-0249548,R-0586,2025-03-03,"26,75",app,delivery,completed
ORD-0249549,R-0586,2025-03-02,"15,93",web,pickup,completed
ORD-0249550,R-0586,2025-03-20,"17,58",app,delivery,completed
ORD-0249551,R-0586,2025-03-06,"19,04",app,pickup,completed
ORD-0249552,R-0586,2025-03-22,"7,09",app,pickup,completed
ORD-0249553,R-0586,2025-03-08,"14,00",web,delivery,completed
ORD-0249554,R-0586,2025-03-05,"37,75",app,pickup,completed
ORD-0249555,R-0586,2025-03-17,"26,08",app,pickup,completed
ORD-0249556,R-0586,2025-03-06,"28,25",app,pickup,completed
ORD-0249557,R-0586,2025-03-30,"12,95",web,delivery,completed
ORD-0249558,R-0586,2025-03-29,"18,59",web,pickup,completed
ORD-0249559,R-0586,2025-03-21,"20,08",web,delivery,completed
ORD-0249560,R-0586,2025-03-12,"32,79",app,pickup,completed
ORD-0249561,R-0586,2025-03-22,"19,00",app,delivery,completed
ORD-0249562,R-0586,2025-03-12,"18,21",app,pickup,completed
ORD-0249563,R-0586,2025-03-18,"19,12",app,pickup,completed
ORD-0249564,R-0586,2025-03-04,"17,42",app,delivery,completed
ORD-0249565,R-0586,2025-03-29,"28,91",app,pickup,completed
ORD-0249566,R-0586,2025-03-11,"17,83",app,delivery,completed
ORD-0249567,R-0586,2025-03-15,"23,32",web,delivery,completed
ORD-0249568,R-0586,2025-03-26,"20,01",web,pickup,COMPLETED
ORD-0249569,R-0586,2025-03-08,"11,95",web,delivery,Completed
ORD-0249570,R-0586,2025-03-14,"17,33",app,pickup,completed
ORD-0249571,R-0586,2025-03-28,"20,57",app,pickup,cancelled
ORD-0249572,R-0586,2025-03-29,"30,88",web,delivery,completed
ORD-0249573,R-0586,2025-03-31,"10,14",app,delivery,completed
ORD-0249574,R-0586,2025-03-04,"17,08",app,delivery,completed
ORD-0249575,R-0586,2025-03-10,"21,57",web,pickup,COMPLETED
ORD-0249576,R-0586,2025-03-30,"26,91",app,delivery,completed
ORD-0249577,R-0586,2025-03-08,"18,03",app,delivery,cancelled
ORD-0249578,R-0586,2025-03-16,"13,41",app,pickup,completed
ORD-0249579,R-0586,2025-03-29,"16,49",app,delivery,completed
ORD-0249580,R-0586,2025-03-08,"33,28",app,delivery,completed
ORD-0249581,R-0586,2025-03-08,"24,21",app,delivery,completed
ORD-0249582,R-0586,2025-03-05,"30,00",web,pickup,COMPLETED
ORD-0249583,R-0586,2025-03-28,"18,90",app,delivery,completed
ORD-0249584,R-0586,2025-03-23,"29,08",app,delivery,completed
ORD-0249585,R-0586,2025-03-11,"12,60",web,delivery,completed
ORD-0249586,R-0586,2025-03-03,"34,01",web,delivery,completed
ORD-0249587,R-0586,2025-03-18,"15,44",app,pickup,completed
ORD-0249588,R-0586,2025-03-10,"15,78",web,delivery,completed
ORD-0249589,R-0586,2025-03-23,"14,75",app,pickup,completed
ORD-0249590,R-0586,2025-03-21,"19,48",app,pickup,COMPLETED
ORD-0249591,R-0586,2025-03-27,"26,03",app,pickup,completed
ORD-0249592,R-0586,2025-03-25,"20,79",app,pickup,completed
ORD-0249593,R-0586,2025-03-08,"25,71",web,pickup,completed
ORD-0249594,R-0586,2025-03-10,"8,80",app,pickup,completed
ORD-0249595,R-0586,2025-03-31,"38,71",app,delivery,completed
ORD-0249596,R-0586,2025-03-23,"14,65",web,delivery,completed
ORD-0249597,R-0586,2025-03-22,"19,79",app,delivery,completed
ORD-0249598,R-0586,2025-03-05,"16,26",app,pickup,completed
ORD-0250835,R-0589,2025-03-24,"12,81",web,delivery,COMPLETED
ORD-0250836,R-0589,2025-03-23,"24,67",web,delivery,completed
ORD-0250837,R-0589,2025-03-20,"32,85",app,delivery,completed
ORD-0250838,R-0589,2025-03-24,"25,74",web,pickup,completed
ORD-0250839,R-0589,2025-03-29,"31,26",app,pickup,completed
ORD-0250840,R-0589,2025-03-29,"14,40",app,delivery,completed
