order_id,restaurant_id,order_date,order_value_eur,order_channel,fulfilment_type,order_status
ORD-0004147,R-0006,2025-08-01,25.27,app,delivery,completed
ORD-0004148,R-0006,2025-08-05,45.47,app,pickup,completed
ORD-0004149,R-0006,2025-08-07,16.92,web,delivery,completed
ORD-0004150,R-0006,2025-08-02,33.59,app,delivery,completed
ORD-0004151,R-0006,2025-08-15,17.89,web,delivery,completed
ORD-0004152,R-0006,2025-08-25,27.18,web,pickup,COMPLETED
ORD-0004153,R-0006,2025-08-01,31.61,web,delivery,completed
ORD-0004154,R-0006,2025-08-25,26.12,app,delivery,completed
ORD-0004155,R-0006,2025-08-30,29.25,app,delivery,completed
ORD-0004156,R-0006,2025-08-05,46.35,app,delivery,Completed
ORD-0004157,R-0006,2025-08-01,77.68,app,delivery,completed
ORD-0004158,R-0006,2025-08-15,39.74,app,delivery,completed
ORD-0004159,R-0006,2025-08-28,23.75,app,delivery,completed
ORD-0004160,R-0006,2025-08-23,35.94,web,delivery,COMPLETED
ORD-0004161,R-0006,2025-08-01,30.85,app,pickup,completed
ORD-0004162,R-0006,2025-08-22,48.58,app,delivery,completed
ORD-0004163,R-0006,2025-08-26,36.11,app,delivery,refunded
ORD-0004164,R-0006,2025-08-09,19.73,app,delivery,completed
ORD-0004165,R-0006,2025-08-21,48.54,app,delivery,completed
ORD-0004166,R-0006,2025-08-16,49.98,web,delivery,completed
ORD-0004167,R-0006,2025-08-07,56.12,app,delivery,cancelled
ORD-0004168,R-0006,2025-08-29,29.08,app,delivery,completed
ORD-0004169,R-0006,2025-08-08,39.19,app,delivery,completed
ORD-0004170,R-0006,2025-08-27,21.09,app,delivery,completed
ORD-0006274,R-0010,2025-08-06,30.55,web,pickup,completed
ORD-0006275,R-0010,2025-08-20,48.90,web,delivery,completed
ORD-0006276,R-0010,2025-08-16,26.17,web,delivery,COMPLETED
ORD-0006277,R-0010,2025-08-15,70.50,web,delivery,COMPLETED
ORD-0006278,R-0010,2025-08-30,65.49,web,pickup,completed
ORD-0006279,R-0010,2025-08-31,44.07,web,delivery,completed
ORD-0006280,R-0010,2025-08-30,24.80,app,pickup,completed
ORD-0006281,R-0010,2025-08-23,34.00,web,delivery,completed
ORD-0006282,R-0010,2025-08-19,43.67,app,pickup,completed
ORD-0006283,R-0010,2025-08-10,29.29,app,delivery,COMPLETED
ORD-0006284,R-0010,2025-08-30,31.13,web,pickup,completed
ORD-0006285,R-0010,2025-08-15,68.23,web,delivery,completed
ORD-0006286,R-0010,2025-08-07,45.21,app,delivery,completed
ORD-0006287,R-0010,2025-08-03,48.25,app,delivery,completed
ORD-0006288,R-0010,2025-08-27,51.97,web,pickup,completed
ORD-0006289,R-0010,2025-08-10,43.33,web,pickup,completed
ORD-0006290,R-0010,2025-08-24,45.06,web,delivery,Completed
ORD-0006291,R-0010,2025-08-20,50.60,web,delivery,completed
ORD-0006292,R-0010,2025-08-09,62.36,web,delivery,completed
ORD-0006293,R-0010,2025-08-28,51.40,app,delivery,completed
ORD-0006294,R-0010,2025-08-27,73.68,app,delivery,completed
ORD-0006295,R-0010,2025-08-06,43.05,web,delivery,completed
ORD-0006296,R-0010,2025-08-04,25.77,web,delivery,completed
ORD-0006297,R-0010,2025-08-19,64.10,web,delivery,completed
ORD-0006298,R-0010,2025-08-08,42.04,web,delivery,completed
ORD-0006299,R-0010,2025-08-10,34.56,web,pickup,Completed
ORD-0006300,R-0010,2025-08-30,60.15,web,pickup,cancelled
ORD-0006301,R-0010,2025-08-06,49.01,web,pickup,completed
ORD-0006302,R-0010,2025-08-15,28.55,web,delivery,completed
ORD-0006303,R-0010,2025-08-09,59.21,web,pickup,completed
ORD-0006304,R-0010,2025-08-11,86.02,web,delivery,completed
ORD-0006305,R-0010,2025-08-12,48.15,app,pickup,completed
ORD-0006306,R-0010,2025-08-08,41.86,web,pickup,completed
ORD-0006307,R-0010,2025-08-24,24.67,web,pickup,completed
ORD-0006308,R-0010,2025-08-26,91.91,web,pickup,completed
ORD-0006309,R-0010,2025-08-17,37.97,web,delivery,Completed
ORD-0006310,R-0010,2025-08-29,27.20,web,delivery,completed
ORD-0006311,R-0010,2025-08-04,44.47,app,delivery,cancelled
ORD-0006312,R-0010,2025-08-16,67.19,web,delivery,completed
ORD-0006313,R-0010,2025-08-27,67.74,web,delivery,completed
ORD-0006314,R-0010,2025-08-20,33.17,web,pickup,Completed
ORD-0006315,R-0010,2025-08-31,44.40,app,delivery,completed
ORD-0006316,R-0010,2025-08-19,42.67,web,pickup,completed
ORD-0006317,R-0010,2025-08-30,66.40,web,pickup,completed
ORD-0006318,R-0010,2025-08-03,57.51,web,pickup,completed
ORD-0006319,R-0010,2025-08-02,50.98,web,pickup,completed
ORD-0006320,R-0010,2025-08-11,60.07,web,delivery,COMPLETED
ORD-0006321,R-0010,2025-08-27,25.63,web,pickup,Completed
ORD-0006322,R-0010,2025-08-02,53.93,web,pickup,completed
ORD-0006323,R-0010,2025-08-08,50.06,web,pickup,completed
ORD-0006324,R-0010,2025-08-31,45.22,web,pickup,Completed
ORD-0006325,R-0010,2025-08-21,38.85,app,pickup,completed
ORD-0006326,R-0010,2025-08-13,44.86,web,pickup,completed
ORD-0006327,R-0010,2025-08-02,37.22,app,delivery,completed
ORD-0006328,R-0010,2025-08-24,127.83,app,delivery,completed
ORD-0006329,R-0010,2025-08-30,76.61,app,delivery,completed
ORD-0006330,R-0010,2025-08-23,69.35,web,pickup,completed
ORD-0006331,R-0010,2025-08-03,37.79,web,delivery,completed
ORD-0006332,R-0010,2025-08-17,32.20,app,pickup,completed
ORD-0006333,R-0010,2025-08-13,39.41,web,delivery,completed
ORD-0006334,R-0010,2025-08-29,48.08,web,pickup,completed
ORD-0006335,R-0010,2025-08-24,26.80,web,pickup,completed
ORD-0006336,R-0010,2025-08-25,51.05,web,delivery,completed
ORD-0006337,R-0010,2025-08-14,63.95,app,delivery,completed
ORD-0006338,R-0010,2025-08-01,19.96,web,pickup,completed
ORD-0006339,R-0010,2025-08-24,32.89,web,delivery,completed
ORD-0006340,R-0010,2025-08-21,67.54,web,pickup,completed
ORD-0006341,R-0010,2025-08-04,49.07,web,pickup,COMPLETED
ORD-0006342,R-0010,2025-08-24,33.32,web,pickup,COMPLETED
ORD-0006343,R-0010,2025-08-05,56.17,app,pickup,completed
ORD-0006344,R-0010,2025-08-23,36.89,web,delivery,completed
ORD-0006345,R-0010,2025-08-23,42.18,web,pickup,completed
ORD-0006346,R-0010,2025-08-01,30.09,web,pickup,cancelled
ORD-0006347,R-0010,2025-08-24,46.36,web,pickup,completed
ORD-0006348,R-0010,2025-08-13,62.44,app,pickup,completed
ORD-0006349,R-0010,2025-08-16,38.53,web,pickup,completed
ORD-0006350,R-0010,2025-08-30,58.66,app,delivery,completed
ORD-0006351,R-0010,2025-08-29,45.22,app,delivery,completed
ORD-0006352,R-0010,2025-08-12,63.88,web,pickup,completed
ORD-0006353,R-0010,2025-08-23,38.74,app,pickup,Completed
ORD-0006354,R-0010,2025-08-16,82.44,web,pickup,completed
ORD-0006355,R-0010,2025-08-26,55.05,app,delivery,completed
ORD-0006356,R-0010,2025-08-10,50.48,app,pickup,completed
ORD-0006357,R-0010,2025-08-15,51.17,app,pickup,completed
ORD-0006358,R-0010,2025-08-03,38.71,web,delivery,COMPLETED
ORD-0006359,R-0010,2025-08-30,37.79,web,pickup,completed
ORD-0006360,R-0010,2025-08-29,50.82,web,pickup,completed
ORD-0006361,R-0010,2025-08-09,29.42,web,pickup,completed
ORD-0006362,R-0010,2025-08-18,34.06,app,delivery,completed
ORD-0006363,R-0010,2025-08-12,30.04,web,delivery,Completed
ORD-0006364,R-0010,2025-08-05,52.84,app,delivery,completed
ORD-0006365,R-0010,2025-08-02,57.39,web,pickup,completed
ORD-0006366,R-0010,2025-08-26,68.56,web,pickup,completed
ORD-0006367,R-0010,2025-08-09,40.65,web,pickup,completed
ORD-0006368,R-0010,2025-08-16,34.05,web,pickup,completed
ORD-0006369,R-0010,2025-08-29,26.59,web,pickup,completed
ORD-0006370,R-0010,2025-08-01,50.99,app,delivery,completed
ORD-0006371,R-0010,2025-08-17,77.70,web,pickup,completed
ORD-0006372,R-0010,2025-08-30,44.80,app,pickup,Completed
ORD-0006373,R-0010,2025-08-26,43.09,web,delivery,completed
ORD-0006374,R-0010,2025-08-07,42.56,web,delivery,completed
ORD-0006375,R-0010,2025-08-07,46.91,web,pickup,completed
ORD-0006376,R-0010,2025-08-24,66.91,web,delivery,completed
ORD-0006377,R-0010,2025-08-02,94.48,web,delivery,completed
ORD-0006378,R-0010,2025-08-19,51.40,app,delivery,completed
ORD-0006379,R-0010,2025-08-08,56.90,web,pickup,completed
ORD-0006380,R-0010,2025-08-27,39.01,web,delivery,completed
ORD-0006381,R-0010,2025-08-12,40.97,app,pickup,completed
ORD-0009050,R-0013,2025-08-11,27.28,app,delivery,completed
ORD-0009051,R-0013,2025-08-30,24.28,app,pickup,completed
ORD-0009052,R-0013,2025-08-15,31.19,app,delivery,completed
ORD-0009053,R-0013,2025-08-10,22.28,web,delivery,completed
ORD-0009054,R-0013,2025-08-29,31.49,app,delivery,completed
ORD-0009055,R-0013,2025-08-04,27.69,web,delivery,completed
ORD-0009056,R-0013,2025-08-30,22.19,app,delivery,completed
ORD-0009057,R-0013,2025-08-26,23.87,app,delivery,completed
ORD-0009361,R-0015,2025-08-14,46.72,web,delivery,completed
ORD-0009362,R-0015,2025-08-22,78.50,app,pickup,COMPLETED
ORD-0009363,R-0015,2025-08-08,56.05,app,pickup,completed
ORD-0009364,R-0015,2025-08-01,29.01,web,pickup,completed
ORD-0009365,R-0015,2025-08-20,25.78,app,delivery,completed
ORD-0009366,R-0015,2025-08-28,37.19,web,pickup,completed
ORD-0009367,R-0015,2025-08-22,26.86,web,pickup,completed
ORD-0009368,R-0015,2025-08-16,13.74,app,pickup,cancelled
ORD-0009369,R-0015,2025-08-04,52.81,app,pickup,completed
ORD-0009370,R-0015,2025-08-02,15.26,app,pickup,completed
ORD-0009371,R-0015,2025-08-09,43.63,app,pickup,completed
ORD-0009372,R-0015,2025-08-30,35.84,web,pickup,completed
ORD-0009373,R-0015,2025-08-15,58.07,app,delivery,completed
ORD-0009374,R-0015,2025-08-26,34.72,app,pickup,completed
ORD-0009375,R-0015,2025-08-01,19.85,web,delivery,completed
ORD-0009376,R-0015,2025-08-15,41.35,web,pickup,completed
ORD-0009377,R-0015,2025-08-08,21.90,web,pickup,completed
ORD-0009378,R-0015,2025-08-30,16.73,web,pickup,completed
ORD-0009379,R-0015,2025-08-07,10.65,web,delivery,Completed
ORD-0009380,R-0015,2025-08-02,24.33,app,delivery,completed
ORD-0009381,R-0015,2025-08-05,11.34,app,delivery,COMPLETED
ORD-0009382,R-0015,2025-08-02,48.23,web,pickup,cancelled
ORD-0009383,R-0015,2025-08-10,12.90,web,delivery,completed
ORD-0009384,R-0015,2025-08-31,21.74,app,delivery,Completed
ORD-0009385,R-0015,2025-08-30,22.15,web,pickup,completed
ORD-0009386,R-0015,2025-08-18,25.64,web,pickup,completed
ORD-0009387,R-0015,2025-08-27,16.26,app,pickup,completed
ORD-0009388,R-0015,2025-08-13,39.12,web,pickup,completed
ORD-0009389,R-0015,2025-08-29,27.59,web,delivery,completed
ORD-0009390,R-0015,2025-08-07,23.60,web,pickup,completed
ORD-0009391,R-0015,2025-08-13,17.88,web,pickup,COMPLETED
ORD-0009392,R-0015,2025-08-03,32.69,web,delivery,completed
ORD-0009393,R-0015,2025-08-30,47.41,app,pickup,COMPLETED
ORD-0009394,R-0015,2025-08-10,83.76,app,pickup,completed
ORD-0009395,R-0015,2025-08-08,17.00,web,delivery,completed
ORD-0009396,R-0015,2025-08-08,24.19,web,delivery,COMPLETED
ORD-0009397,R-0015,2025-08-15,11.13,web,pickup,COMPLETED
ORD-0009398,R-0015,2025-08-16,34.61,app,delivery,completed
ORD-0009399,R-0015,2025-08-22,14.11,web,pickup,completed
ORD-0009400,R-0015,2025-08-26,26.84,app,delivery,cancelled
ORD-0009401,R-0015,2025-08-23,44.15,web,delivery,cancelled
ORD-0009402,R-0015,2025-08-16,21.44,app,pickup,completed
ORD-0009403,R-0015,2025-08-17,17.07,web,pickup,COMPLETED
ORD-0009404,R-0015,2025-08-31,45.79,web,pickup,completed
ORD-0009405,R-0015,2025-08-15,35.08,web,pickup,completed
ORD-0009406,R-0015,2025-08-10,15.65,web,delivery,completed
ORD-0009407,R-0015,2025-08-21,25.29,app,delivery,completed
ORD-0009408,R-0015,2025-08-22,17.66,web,delivery,completed
ORD-0009409,R-0015,2025-08-30,40.90,web,delivery,completed
ORD-0009410,R-0015,2025-08-11,25.10,app,pickup,completed
ORD-0009411,R-0015,2025-08-16,50.20,app,pickup,completed
ORD-0009412,R-0015,2025-08-20,15.81,web,delivery,completed
ORD-0009413,R-0015,2025-08-23,28.38,app,pickup,Completed
ORD-0009414,R-0015,2025-08-01,25.55,app,pickup,completed
ORD-0009415,R-0015,2025-08-29,28.72,web,delivery,completed
ORD-0009416,R-0015,2025-08-06,18.55,app,pickup,completed
ORD-0009417,R-0015,2025-08-08,9.57,app,pickup,completed
ORD-0009418,R-0015,2025-08-22,34.60,app,pickup,Completed
ORD-0009419,R-0015,2025-08-07,24.35,app,pickup,completed
ORD-0009420,R-0015,2025-08-04,16.52,app,pickup,completed
ORD-0009421,R-0015,2025-08-30,20.61,web,pickup,completed
ORD-0009422,R-0015,2025-08-21,14.24,app,pickup,completed
ORD-0009423,R-0015,2025-08-30,11.37,app,delivery,completed
ORD-0009424,R-0015,2025-08-02,40.51,web,pickup,completed
ORD-0009425,R-0015,2025-08-01,33.00,web,delivery,completed
ORD-0009426,R-0015,2025-08-09,14.20,app,pickup,completed
ORD-0009427,R-0015,2025-08-01,77.74,web,pickup,completed
ORD-0009428,R-0015,2025-08-14,14.51,app,delivery,completed
ORD-0010478,R-0017,2025-08-22,34.34,web,delivery,COMPLETED
ORD-0010479,R-0017,2025-08-15,23.46,web,pickup,completed
ORD-0010480,R-0017,2025-08-15,59.75,web,pickup,completed
ORD-0010481,R-0017,2025-08-23,22.49,web,delivery,completed
ORD-0010482,R-0017,2025-08-10,21.59,web,pickup,Completed
ORD-0010483,R-0017,2025-08-17,14.69,app,delivery,completed
ORD-0010484,R-0017,2025-08-03,22.66,web,pickup,completed
ORD-0010485,R-0017,2025-08-25,33.12,web,pickup,completed
ORD-0010486,R-0017,2025-08-10,20.89,web,delivery,completed
ORD-0010487,R-0017,2025-08-06,31.05,app,delivery,completed
ORD-0010488,R-0017,2025-08-23,31.00,web,delivery,completed
ORD-0010489,R-0017,2025-08-03,21.25,app,delivery,completed
ORD-0010490,R-0017,2025-08-30,27.62,web,delivery,COMPLETED
ORD-0010491,R-0017,2025-08-22,21.47,web,delivery,completed
ORD-0010492,R-0017,2025-08-23,37.26,web,delivery,completed
ORD-0010493,R-0017,2025-08-02,16.40,web,pickup,completed
ORD-0010494,R-0017,2025-08-18,33.24,web,pickup,completed
ORD-0010495,R-0017,2025-08-01,22.97,app,delivery,completed
ORD-0010496,R-0017,2025-08-10,29.69,web,pickup,completed
ORD-0010497,R-0017,2025-08-23,33.04,web,delivery,completed
ORD-0010498,R-0017,2025-08-07,27.69,web,pickup,completed
ORD-0010499,R-0017,2025-08-22,53.84,web,pickup,completed
ORD-0010500,R-0017,2025-08-17,25.21,app,pickup,COMPLETED
ORD-0010501,R-0017,2025-08-29,18.84,web,delivery,completed
ORD-0010502,R-0017,2025-08-16,55.71,web,pickup,completed
ORD-0010503,R-0017,2025-08-09,32.09,app,delivery,completed
ORD-0010504,R-0017,2025-08-28,27.80,web,pickup,completed
ORD-0010505,R-0017,2025-08-15,56.93,web,pickup,completed
ORD-0010506,R-0017,2025-08-09,19.21,web,pickup,completed
ORD-0010507,R-0017,2025-08-14,25.90,app,pickup,completed
ORD-0010508,R-0017,2025-08-15,20.58,web,pickup,completed
ORD-0010509,R-0017,2025-08-08,27.76,web,pickup,cancelled
ORD-0010510,R-0017,2025-08-25,17.15,app,delivery,completed
ORD-0010511,R-0017,2025-08-26,27.34,web,delivery,completed
ORD-0010512,R-0017,2025-08-15,28.88,web,pickup,completed
ORD-0010513,R-0017,2025-08-01,28.44,web,pickup,completed
ORD-0010514,R-0017,2025-08-03,14.35,web,delivery,Completed
ORD-0010515,R-0017,2025-08-16,36.37,web,delivery,completed
ORD-0010516,R-0017,2025-08-08,26.80,web,delivery,completed
ORD-0010517,R-0017,2025-08-10,64.32,app,pickup,COMPLETED
ORD-0010518,R-0017,2025-08-17,24.92,web,delivery,completed
ORD-0010519,R-0017,2025-08-22,23.69,web,delivery,completed
ORD-0010520,R-0017,2025-08-06,28.01,web,pickup,completed
ORD-0010521,R-0017,2025-08-22,19.74,app,delivery,completed
ORD-0010522,R-0017,2025-08-03,41.92,web,delivery,completed
ORD-0010523,R-0017,2025-08-18,20.04,web,delivery,completed
ORD-0010524,R-0017,2025-08-22,22.37,web,delivery,completed
ORD-0010525,R-0017,2025-08-09,37.31,web,pickup,completed
ORD-0010526,R-0017,2025-08-27,28.95,app,delivery,completed
ORD-0010527,R-0017,2025-08-25,28.78,web,pickup,completed
ORD-0010528,R-0017,2025-08-29,19.32,web,pickup,Completed
ORD-0010529,R-0017,2025-08-11,36.52,web,pickup,Completed
ORD-0010530,R-0017,2025-08-30,21.37,web,delivery,completed
ORD-0010531,R-0017,2025-08-16,17.28,web,pickup,completed
ORD-0010532,R-0017,2025-08-10,32.81,web,delivery,completed
ORD-0010533,R-0017,2025-08-20,25.40,app,delivery,completed
ORD-0010534,R-0017,2025-08-29,27.23,app,delivery,completed
ORD-0010535,R-0017,2025-08-29,35.96,web,pickup,completed
ORD-0010536,R-0017,2025-08-08,26.57,web,delivery,completed
ORD-0010537,R-0017,2025-08-05,15.88,app,pickup,completed
ORD-0010538,R-0017,2025-08-15,26.41,web,pickup,completed
ORD-0010539,R-0017,2025-08-30,32.00,web,pickup,COMPLETED
ORD-0010540,R-0017,2025-08-30,30.94,app,delivery,completed
ORD-0012474,R-0023,2025-08-18,15.26,app,pickup,completed
ORD-0012475,R-0023,2025-08-02,23.14,app,delivery,completed
ORD-0012476,R-0023,2025-08-14,10.06,app,pickup,completed
ORD-0012477,R-0023,2025-08-21,15.89,web,delivery,completed
ORD-0012478,R-0023,2025-08-29,21.44,app,pickup,completed
ORD-0012479,R-0023,2025-08-07,18.15,app,pickup,completed
ORD-0012480,R-0023,2025-08-02,20.34,app,delivery,completed
ORD-0012481,R-0023,2025-08-01,26.32,app,delivery,completed
ORD-0012482,R-0023,2025-08-26,26.55,web,pickup,Completed
ORD-0012483,R-0023,2025-08-11,8.21,app,pickup,completed
ORD-0012484,R-0023,2025-08-03,22.94,web,pickup,completed
ORD-0012485,R-0023,2025-08-25,17.31,web,delivery,completed
ORD-0012486,R-0023,2025-08-03,17.45,web,delivery,completed
ORD-0012487,R-0023,2025-08-17,37.80,web,delivery,completed
ORD-0012488,R-0023,2025-08-21,9.56,app,delivery,completed
ORD-0012489,R-0023,2025-08-29,20.82,web,delivery,completed
ORD-0012490,R-0023,2025-08-14,35.62,app,delivery,completed
ORD-0012491,R-0023,2025-08-22,21.92,web,delivery,completed
ORD-0012492,R-0023,2025-08-01,14.39,web,delivery,Completed
ORD-0012493,R-0023,2025-08-16,19.46,app,delivery,completed
ORD-0012494,R-0023,2025-08-15,44.11,app,delivery,completed
ORD-0012495,R-0023,2025-08-09,34.47,web,pickup,completed
ORD-0012496,R-0023,2025-08-29,17.19,app,pickup,completed
ORD-0012497,R-0023,2025-08-21,37.06,web,delivery,completed
ORD-0012498,R-0023,2025-08-18,25.61,web,delivery,completed
ORD-0012499,R-0023,2025-08-04,6.92,app,pickup,completed
ORD-0012500,R-0023,2025-08-22,20.37,app,delivery,completed
ORD-0012501,R-0023,2025-08-15,45.10,web,delivery,completed
ORD-0012502,R-0023,2025-08-22,19.95,app,delivery,completed
ORD-0012503,R-0023,2025-08-23,39.79,web,delivery,COMPLETED
ORD-0012504,R-0023,2025-08-26,10.91,app,pickup,completed
ORD-0012505,R-0023,2025-08-15,12.41,app,delivery,Completed
ORD-0012506,R-0023,2025-08-28,31.40,app,delivery,completed
ORD-0012507,R-0023,2025-08-12,27.98,app,delivery,completed
ORD-0012508,R-0023,2025-08-22,21.05,app,delivery,completed
ORD-0012509,R-0023,2025-08-11,28.17,web,delivery,completed
ORD-0012510,R-0023,2025-08-29,16.67,web,delivery,COMPLETED
ORD-0012511,R-0023,2025-08-14,12.39,web,delivery,completed
ORD-0012512,R-0023,2025-08-07,23.10,app,delivery,completed
ORD-0012513,R-0023,2025-08-31,18.91,app,delivery,completed
ORD-0012514,R-0023,2025-08-09,25.26,app,pickup,completed
ORD-0012515,R-0023,2025-08-29,23.16,app,delivery,completed
ORD-0012516,R-0023,2025-08-27,17.16,app,delivery,COMPLETED
ORD-0012517,R-0023,2025-08-17,46.21,web,delivery,completed
ORD-0012518,R-0023,2025-08-09,13.88,app,pickup,COMPLETED
ORD-0012519,R-0023,2025-08-02,22.66,app,pickup,completed
ORD-0012520,R-0023,2025-08-08,20.47,web,delivery,completed
ORD-0012521,R-0023,2025-08-29,24.15,app,delivery,completed
ORD-0012522,R-0023,2025-08-09,21.69,app,delivery,completed
ORD-0012523,R-0023,2025-08-08,33.18,web,delivery,completed
ORD-0012524,R-0023,2025-08-02,24.20,app,pickup,completed
ORD-0012525,R-0023,2025-08-16,16.28,app,delivery,completed
ORD-0012526,R-0023,2025-08-17,13.94,web,delivery,completed
ORD-0012527,R-0023,2025-08-22,15.50,app,delivery,completed
ORD-0012528,R-0023,2025-08-28,14.10,web,delivery,completed
ORD-0012529,R-0023,2025-08-03,28.13,web,delivery,completed
ORD-0012530,R-0023,2025-08-12,19.04,app,delivery,completed
ORD-0012531,R-0023,2025-08-20,23.18,web,pickup,Completed
ORD-0012532,R-0023,2025-08-06,11.17,app,delivery,completed
ORD-0012533,R-0023,2025-08-09,18.68,web,delivery,completed
ORD-0012534,R-0023,2025-08-25,24.03,app,delivery,CANCELLED
ORD-0012535,R-0023,2025-08-01,32.64,app,delivery,completed
ORD-0012536,R-0023,2025-08-29,11.54,app,delivery,completed
ORD-0012537,R-0023,2025-08-25,37.56,web,delivery,COMPLETED
ORD-0012538,R-0023,2025-08-10,38.50,app,delivery,completed
ORD-0012539,R-0023,2025-08-11,29.95,app,delivery,completed
ORD-0012540,R-0023,2025-08-08,35.82,web,delivery,completed
ORD-0012541,R-0023,2025-08-01,18.21,web,delivery,completed
ORD-0012542,R-0023,2025-08-23,15.32,web,delivery,completed
ORD-0012543,R-0023,2025-08-25,20.40,web,delivery,completed
ORD-0012544,R-0023,2025-08-06,22.30,app,pickup,completed
ORD-0012545,R-0023,2025-08-13,15.23,app,delivery,CANCELLED
ORD-0012546,R-0023,2025-08-15,27.12,app,delivery,completed
ORD-0012547,R-0023,2025-08-03,38.01,app,delivery,completed
ORD-0012548,R-0023,2025-08-09,30.76,app,delivery,completed
ORD-0012549,R-0023,2025-08-09,21.69,app,delivery,completed
ORD-0012550,R-0023,2025-08-28,7.21,app,delivery,completed
ORD-0012551,R-0023,2025-08-03,11.31,web,delivery,completed
ORD-0012552,R-0023,2025-08-08,20.47,app,delivery,completed
ORD-0012553,R-0023,2025-08-15,27.71,web,delivery,completed
ORD-0012554,R-0023,2025-08-04,10.97,web,delivery,completed
ORD-0012555,R-0023,2025-08-07,20.49,web,delivery,completed
ORD-0012556,R-0023,2025-08-30,28.51,app,delivery,completed
ORD-0012557,R-0023,2025-08-28,19.18,app,delivery,completed
ORD-0012558,R-0023,2025-08-04,15.25,app,delivery,completed
ORD-0012559,R-0023,2025-08-09,11.56,web,delivery,completed
ORD-0012560,R-0023,2025-08-28,27.08,app,delivery,completed
ORD-0012561,R-0023,2025-08-11,15.05,web,pickup,completed
ORD-0012562,R-0023,2025-08-15,41.90,app,delivery,Completed
ORD-0012563,R-0023,2025-08-06,21.19,app,delivery,completed
ORD-0012564,R-0023,2025-08-17,24.77,web,pickup,completed
ORD-0012565,R-0023,2025-08-05,27.75,web,delivery,completed
ORD-0012566,R-0023,2025-08-16,18.31,app,delivery,completed
ORD-0012567,R-0023,2025-08-29,25.82,app,delivery,completed
ORD-0012568,R-0023,2025-08-15,16.31,app,pickup,completed
ORD-0012569,R-0023,2025-08-26,14.17,web,delivery,completed
ORD-0012570,R-0023,2025-08-18,13.54,app,delivery,completed
ORD-0012571,R-0023,2025-08-12,16.11,app,delivery,completed
ORD-0012572,R-0023,2025-08-30,49.65,app,delivery,completed
ORD-0012573,R-0023,2025-08-31,14.67,app,delivery,completed
ORD-0012574,R-0023,2025-08-10,27.39,app,delivery,completed
ORD-0012575,R-0023,2025-08-31,19.38,app,delivery,completed
ORD-0012576,R-0023,2025-08-31,13.33,app,delivery,completed
ORD-0012577,R-0023,2025-08-10,29.47,web,delivery,completed
ORD-0012578,R-0023,2025-08-15,17.29,web,delivery,completed
ORD-0012579,R-0023,2025-08-01,17.71,web,delivery,completed
ORD-0012580,R-0023,2025-08-01,33.23,web,delivery,completed
ORD-0012581,R-0023,2025-08-05,17.69,app,delivery,completed
ORD-0012582,R-0023,2025-08-09,23.33,app,delivery,completed
ORD-0012583,R-0023,2025-08-29,21.03,app,delivery,completed
ORD-0012584,R-0023,2025-08-10,20.47,web,delivery,completed
ORD-0012585,R-0023,2025-08-23,12.36,app,pickup,completed
ORD-0016453,R-0025,2025-08-03,25.68,web,pickup,Completed
ORD-0016454,R-0025,2025-08-26,37.17,app,pickup,completed
ORD-0016455,R-0025,2025-08-23,30.24,web,pickup,completed
ORD-0016456,R-0025,2025-08-01,17.12,web,delivery,completed
ORD-0016457,R-0025,2025-08-04,51.59,app,pickup,completed
ORD-0016458,R-0025,2025-08-29,38.71,web,delivery,Completed
ORD-0016459,R-0025,2025-08-01,14.85,web,pickup,completed
ORD-0016460,R-0025,2025-08-17,22.27,app,delivery,completed
ORD-0016461,R-0025,2025-08-02,44.60,web,delivery,completed
ORD-0016462,R-0025,2025-08-27,27.44,web,pickup,completed
ORD-0016463,R-0025,2025-08-05,11.28,app,delivery,completed
ORD-0016464,R-0025,2025-08-19,17.00,app,delivery,completed
ORD-0016465,R-0025,2025-08-31,17.76,web,pickup,completed
ORD-0016466,R-0025,2025-08-22,40.07,app,delivery,COMPLETED
ORD-0016467,R-0025,2025-08-13,26.26,web,pickup,completed
ORD-0016468,R-0025,2025-08-12,19.56,app,delivery,completed
ORD-0016469,R-0025,2025-08-30,17.84,web,delivery,completed
ORD-0016470,R-0025,2025-08-19,27.74,app,delivery,completed
ORD-0016471,R-0025,2025-08-31,22.56,web,pickup,completed
ORD-0016472,R-0025,2025-08-02,25.15,web,delivery,completed
ORD-0016473,R-0025,2025-08-26,27.13,app,delivery,completed
ORD-0016474,R-0025,2025-08-06,23.24,web,pickup,completed
ORD-0016475,R-0025,2025-08-11,13.44,web,pickup,completed
ORD-0016476,R-0025,2025-08-21,29.65,web,pickup,COMPLETED
ORD-0016477,R-0025,2025-08-26,31.63,app,delivery,completed
ORD-0016478,R-0025,2025-08-18,46.42,web,pickup,completed
ORD-0016479,R-0025,2025-08-03,18.86,web,pickup,completed
ORD-0016480,R-0025,2025-08-01,37.32,app,pickup,completed
ORD-0016481,R-0025,2025-08-28,34.51,web,pickup,completed
ORD-0016482,R-0025,2025-08-09,34.55,app,pickup,COMPLETED
ORD-0016483,R-0025,2025-08-22,24.96,app,pickup,completed
ORD-0016484,R-0025,2025-08-24,16.98,app,delivery,completed
ORD-0016485,R-0025,2025-08-23,21.25,web,pickup,completed
ORD-0016486,R-0025,2025-08-03,15.80,web,pickup,Completed
ORD-0016487,R-0025,2025-08-24,13.74,web,delivery,completed
ORD-0016488,R-0025,2025-08-29,30.88,app,delivery,completed
ORD-0016489,R-0025,2025-08-25,16.17,web,delivery,completed
ORD-0016490,R-0025,2025-08-16,11.61,web,delivery,completed
ORD-0016491,R-0025,2025-08-07,22.83,app,delivery,completed
ORD-0016492,R-0025,2025-08-20,29.21,app,delivery,completed
ORD-0016493,R-0025,2025-08-22,29.57,app,pickup,completed
ORD-0016494,R-0025,2025-08-09,16.57,web,pickup,completed
ORD-0016495,R-0025,2025-08-21,17.62,web,delivery,completed
ORD-0016496,R-0025,2025-08-28,25.32,app,delivery,completed
ORD-0016497,R-0025,2025-08-12,30.21,app,pickup,completed
ORD-0016498,R-0025,2025-08-17,27.58,web,delivery,completed
ORD-0016499,R-0025,2025-08-23,32.25,app,delivery,completed
ORD-0016500,R-0025,2025-08-23,22.22,web,delivery,completed
ORD-0016501,R-0025,2025-08-21,25.20,web,pickup,Completed
ORD-0016502,R-0025,2025-08-17,25.50,app,delivery,Completed
ORD-0016503,R-0025,2025-08-23,15.91,web,delivery,COMPLETED
ORD-0016504,R-0025,2025-08-27,11.61,web,pickup,completed
ORD-0016505,R-0025,2025-08-29,17.35,web,delivery,completed
ORD-0016506,R-0025,2025-08-14,16.78,web,delivery,completed
ORD-0016507,R-0025,2025-08-23,37.99,app,pickup,completed
ORD-0016508,R-0025,2025-08-13,20.93,web,delivery,completed
ORD-0016509,R-0025,2025-08-28,16.16,web,pickup,completed
ORD-0016510,R-0025,2025-08-27,20.37,web,delivery,completed
ORD-0016511,R-0025,2025-08-24,25.36,web,delivery,refunded
ORD-0016512,R-0025,2025-08-16,20.14,web,delivery,completed
ORD-0016855,R-0027,2025-08-17,45.49,app,delivery,cancelled
ORD-0016856,R-0027,2025-08-28,27.85,web,delivery,completed
ORD-0016857,R-0027,2025-08-23,32.64,app,delivery,completed
ORD-0016858,R-0027,2025-08-21,21.50,app,delivery,completed
ORD-0016859,R-0027,2025-08-02,50.99,app,delivery,completed
ORD-0017109,R-0028,2025-08-27,36.95,app,delivery,completed
ORD-0017110,R-0028,2025-08-31,29.58,app,delivery,cancelled
ORD-0017111,R-0028,2025-08-28,21.79,web,delivery,cancelled
ORD-0017112,R-0028,2025-08-28,19.58,web,delivery,completed
ORD-0017113,R-0028,2025-08-29,20.40,web,delivery,COMPLETED
ORD-0017114,R-0028,2025-08-29,25.58,web,delivery,completed
ORD-0017115,R-0028,2025-08-30,26.58,web,delivery,completed
ORD-0017116,R-0028,2025-08-30,49.69,app,delivery,completed
ORD-0019500,R-0033,2025-08-24,34.63,web,delivery,completed
ORD-0019501,R-0033,2025-08-02,23.31,app,delivery,completed
ORD-0019502,R-0033,2025-08-03,17.23,web,pickup,completed
ORD-0019503,R-0033,2025-08-04,29.67,web,delivery,completed
ORD-0019504,R-0033,2025-08-31,21.12,web,delivery,completed
ORD-0019505,R-0033,2025-08-01,22.50,web,delivery,completed
ORD-0019506,R-0033,2025-08-03,16.08,app,pickup,COMPLETED
ORD-0019507,R-0033,2025-08-08,11.09,web,delivery,completed
ORD-0019508,R-0033,2025-08-29,34.18,web,pickup,completed
ORD-0019509,R-0033,2025-08-11,26.80,web,delivery,completed
ORD-0019607,R-0035,2025-08-14,42.76,web,delivery,Completed
ORD-0019608,R-0035,2025-08-29,91.96,web,delivery,completed
ORD-0019609,R-0035,2025-08-22,98.71,web,delivery,completed
ORD-0019610,R-0035,2025-08-31,104.54,web,pickup,COMPLETED
ORD-0019611,R-0035,2025-08-30,60.91,web,delivery,completed
ORD-0019612,R-0035,2025-08-07,59.93,app,delivery,COMPLETED
ORD-0019613,R-0035,2025-08-13,84.93,app,pickup,completed
ORD-0019614,R-0035,2025-08-10,41.65,web,delivery,COMPLETED
ORD-0019615,R-0035,2025-08-10,62.20,web,delivery,completed
ORD-0019616,R-0035,2025-08-24,75.05,app,delivery,completed
ORD-0019617,R-0035,2025-08-22,61.10,web,pickup,completed
ORD-0019618,R-0035,2025-08-23,91.44,web,delivery,completed
ORD-0019619,R-0035,2025-08-27,63.16,app,pickup,completed
ORD-0019620,R-0035,2025-08-09,46.25,web,delivery,completed
ORD-0019621,R-0035,2025-08-15,58.89,web,pickup,completed
ORD-0020289,R-0037,2025-08-31,29.87,web,delivery,Completed
ORD-0020290,R-0037,2025-08-27,32.01,web,delivery,completed
ORD-0020291,R-0037,2025-08-28,32.68,app,pickup,completed
ORD-0020292,R-0037,2025-08-06,18.46,app,pickup,completed
ORD-0020293,R-0037,2025-08-22,26.17,app,delivery,completed
ORD-0020294,R-0037,2025-08-15,33.56,app,pickup,completed
ORD-0020295,R-0037,2025-08-02,52.92,app,pickup,COMPLETED
ORD-0020296,R-0037,2025-08-23,26.75,app,delivery,completed
ORD-0020297,R-0037,2025-08-08,31.16,web,pickup,completed
ORD-0020298,R-0037,2025-08-20,41.96,app,delivery,completed
ORD-0020299,R-0037,2025-08-14,38.55,web,delivery,Completed
ORD-0020300,R-0037,2025-08-04,49.35,app,delivery,completed
ORD-0020301,R-0037,2025-08-19,39.44,web,delivery,Completed
ORD-0020302,R-0037,2025-08-25,34.44,web,delivery,completed
ORD-0020303,R-0037,2025-08-09,37.29,app,delivery,completed
ORD-0020304,R-0037,2025-08-19,47.69,app,delivery,completed
ORD-0020305,R-0037,2025-08-22,27.08,web,delivery,completed
ORD-0020306,R-0037,2025-08-16,42.96,web,pickup,completed
ORD-0020307,R-0037,2025-08-27,26.72,web,delivery,refunded
ORD-0020308,R-0037,2025-08-25,27.37,app,delivery,completed
ORD-0020309,R-0037,2025-08-07,33.31,web,delivery,completed
ORD-0020310,R-0037,2025-08-09,33.44,web,delivery,COMPLETED
ORD-0020311,R-0037,2025-08-23,27.63,web,delivery,completed
ORD-0020312,R-0037,2025-08-09,31.66,web,delivery,completed
ORD-0020313,R-0037,2025-08-23,32.80,web,pickup,completed
ORD-0020314,R-0037,2025-08-18,37.10,web,delivery,completed
ORD-0020315,R-0037,2025-08-02,33.52,app,delivery,Completed
ORD-0021217,R-0042,2025-08-15,17.91,web,pickup,completed
ORD-0021218,R-0042,2025-08-27,36.96,web,pickup,completed
ORD-0021219,R-0042,2025-08-29,24.38,app,pickup,completed
ORD-0021220,R-0042,2025-08-29,65.59,app,pickup,completed
ORD-0021221,R-0042,2025-08-16,24.47,app,pickup,Completed
ORD-0022132,R-0044,2025-08-21,28.97,app,delivery,completed
ORD-0022133,R-0044,2025-08-01,23.18,app,delivery,completed
ORD-0022134,R-0044,2025-08-09,45.33,web,delivery,completed
ORD-0022135,R-0044,2025-08-01,19.52,app,delivery,completed
ORD-0022136,R-0044,2025-08-15,31.49,app,delivery,completed
ORD-0022137,R-0044,2025-08-29,22.96,web,delivery,completed
ORD-0022138,R-0044,2025-08-21,20.59,app,delivery,completed
ORD-0022139,R-0044,2025-08-03,14.27,app,delivery,completed
ORD-0022140,R-0044,2025-08-24,25.75,app,delivery,completed
ORD-0022141,R-0044,2025-08-18,18.28,web,pickup,COMPLETED
ORD-0022142,R-0044,2025-08-16,21.05,app,pickup,refunded
ORD-0022143,R-0044,2025-08-30,21.14,app,delivery,completed
ORD-0022144,R-0044,2025-08-02,25.39,app,delivery,completed
ORD-0022145,R-0044,2025-08-02,31.20,app,delivery,completed
ORD-0022146,R-0044,2025-08-24,19.97,app,delivery,completed
ORD-0022147,R-0044,2025-08-27,17.66,app,delivery,completed
ORD-0022148,R-0044,2025-08-19,21.32,web,delivery,COMPLETED
ORD-0022149,R-0044,2025-08-09,15.04,web,pickup,completed
ORD-0022150,R-0044,2025-08-14,14.83,app,delivery,completed
ORD-0022151,R-0044,2025-08-23,25.22,web,pickup,completed
ORD-0022152,R-0044,2025-08-27,16.32,web,delivery,completed
ORD-0022153,R-0044,2025-08-30,27.57,app,pickup,completed
ORD-0022154,R-0044,2025-08-29,20.53,web,pickup,COMPLETED
ORD-0022155,R-0044,2025-08-24,18.94,app,delivery,completed
ORD-0022156,R-0044,2025-08-26,28.59,app,pickup,completed
ORD-0022157,R-0044,2025-08-18,15.84,web,pickup,completed
ORD-0022158,R-0044,2025-08-31,21.24,web,delivery,completed
ORD-0022159,R-0044,2025-08-04,15.98,app,pickup,completed
ORD-0022160,R-0044,2025-08-10,21.14,app,delivery,completed
ORD-0022161,R-0044,2025-08-24,26.20,app,pickup,completed
ORD-0022162,R-0044,2025-08-09,22.33,app,delivery,completed
ORD-0022163,R-0044,2025-08-03,20.96,app,delivery,completed
ORD-0022164,R-0044,2025-08-22,20.34,app,delivery,completed
ORD-0022165,R-0044,2025-08-02,23.18,app,delivery,completed
ORD-0022166,R-0044,2025-08-16,24.60,app,delivery,completed
ORD-0022167,R-0044,2025-08-04,22.66,web,delivery,COMPLETED
ORD-0022168,R-0044,2025-08-20,20.82,web,pickup,completed
ORD-0022169,R-0044,2025-08-02,17.53,web,delivery,completed
ORD-0022170,R-0044,2025-08-04,18.80,app,pickup,completed
ORD-0022171,R-0044,2025-08-24,18.37,app,pickup,COMPLETED
ORD-0022172,R-0044,2025-08-06,22.28,web,delivery,refunded
ORD-0023124,R-0046,2025-08-04,29.69,app,pickup,completed
ORD-0023125,R-0046,2025-08-23,23.97,app,delivery,completed
ORD-0023126,R-0046,2025-08-10,18.12,app,pickup,completed
ORD-0023127,R-0046,2025-08-15,33.61,app,delivery,COMPLETED
ORD-0023128,R-0046,2025-08-23,21.88,app,delivery,completed
ORD-0023129,R-0046,2025-08-08,15.28,app,delivery,Completed
ORD-0023130,R-0046,2025-08-23,22.65,web,pickup,COMPLETED
ORD-0023131,R-0046,2025-08-17,30.20,app,delivery,COMPLETED
ORD-0023132,R-0046,2025-08-03,22.85,web,delivery,completed
ORD-0023133,R-0046,2025-08-28,17.24,app,delivery,completed
ORD-0023134,R-0046,2025-08-20,25.42,app,delivery,completed
ORD-0023135,R-0046,2025-08-02,27.93,app,delivery,completed
ORD-0023136,R-0046,2025-08-24,16.85,app,pickup,completed
ORD-0023137,R-0046,2025-08-06,18.77,app,pickup,completed
ORD-0023138,R-0046,2025-08-15,17.60,app,delivery,COMPLETED
ORD-0023139,R-0046,2025-08-17,24.09,app,pickup,completed
ORD-0023140,R-0046,2025-08-09,38.51,web,delivery,completed
ORD-0023141,R-0046,2025-08-22,35.78,app,delivery,completed
ORD-0023142,R-0046,2025-08-02,23.07,app,pickup,completed
ORD-0023143,R-0046,2025-08-02,13.84,app,delivery,completed
ORD-0023144,R-0046,2025-08-23,22.98,web,delivery,completed
ORD-0023145,R-0046,2025-08-16,21.10,app,pickup,Cancelled
ORD-0023146,R-0046,2025-08-30,16.58,web,delivery,completed
ORD-0023147,R-0046,2025-08-09,30.93,app,pickup,completed
ORD-0023148,R-0046,2025-08-29,30.56,app,delivery,completed
ORD-0023149,R-0046,2025-08-03,23.04,app,delivery,completed
ORD-0023150,R-0046,2025-08-08,21.37,app,delivery,completed
ORD-0023151,R-0046,2025-08-16,16.84,app,pickup,completed
ORD-0023152,R-0046,2025-08-22,25.28,web,delivery,completed
ORD-0023153,R-0046,2025-08-04,26.23,web,pickup,cancelled
ORD-0023154,R-0046,2025-08-15,27.30,web,delivery,completed
ORD-0023155,R-0046,2025-08-09,24.12,web,delivery,COMPLETED
ORD-0023156,R-0046,2025-08-08,39.64,app,pickup,completed
ORD-0023157,R-0046,2025-08-12,23.92,app,delivery,completed
ORD-0023158,R-0046,2025-08-02,20.75,app,delivery,completed
ORD-0023159,R-0046,2025-08-22,18.88,app,delivery,completed
ORD-0023160,R-0046,2025-08-05,14.96,web,pickup,completed
ORD-0023161,R-0046,2025-08-07,41.35,app,pickup,completed
ORD-0023162,R-0046,2025-08-29,29.34,app,delivery,completed
ORD-0023163,R-0046,2025-08-27,31.72,web,delivery,completed
ORD-0023164,R-0046,2025-08-03,23.89,web,pickup,completed
ORD-0023165,R-0046,2025-08-21,22.90,app,pickup,completed
ORD-0023166,R-0046,2025-08-27,15.91,app,delivery,completed
ORD-0023167,R-0046,2025-08-08,20.73,app,pickup,completed
ORD-0023168,R-0046,2025-08-29,20.57,web,pickup,completed
ORD-0023169,R-0046,2025-08-20,15.31,app,delivery,cancelled
ORD-0023170,R-0046,2025-08-08,26.62,app,delivery,completed
ORD-0023171,R-0046,2025-08-19,66.18,web,delivery,completed
ORD-0023172,R-0046,2025-08-24,15.13,app,pickup,completed
ORD-0023173,R-0046,2025-08-12,24.92,app,delivery,Completed
ORD-0023174,R-0046,2025-08-14,17.82,web,delivery,completed
ORD-0023175,R-0046,2025-08-20,22.95,web,delivery,completed
ORD-0023176,R-0046,2025-08-20,35.61,web,pickup,completed
ORD-0023177,R-0046,2025-08-09,13.22,web,delivery,cancelled
ORD-0023178,R-0046,2025-08-07,14.67,app,delivery,Completed
ORD-0023179,R-0046,2025-08-30,20.56,app,pickup,completed
ORD-0023180,R-0046,2025-08-21,21.19,app,delivery,completed
ORD-0023181,R-0046,2025-08-05,17.10,app,pickup,completed
ORD-0023182,R-0046,2025-08-14,19.31,web,pickup,COMPLETED
ORD-0023183,R-0046,2025-08-02,30.27,app,pickup,completed
ORD-0023184,R-0046,2025-08-27,14.59,web,delivery,cancelled
ORD-0023185,R-0046,2025-08-10,18.69,web,pickup,completed
ORD-0023186,R-0046,2025-08-11,16.72,web,delivery,completed
ORD-0023187,R-0046,2025-08-05,30.43,web,delivery,completed
ORD-0023188,R-0046,2025-08-30,20.23,app,pickup,completed
ORD-0023189,R-0046,2025-08-09,18.99,app,pickup,completed
ORD-0023190,R-0046,2025-08-02,20.92,app,delivery,completed
ORD-0023191,R-0046,2025-08-01,22.92,app,pickup,completed
ORD-0023192,R-0046,2025-08-16,33.96,app,delivery,completed
ORD-0023193,R-0046,2025-08-01,26.07,web,delivery,Completed
ORD-0023194,R-0046,2025-08-29,41.66,web,delivery,completed
ORD-0023195,R-0046,2025-08-12,17.84,web,delivery,cancelled
ORD-0023196,R-0046,2025-08-08,29.97,app,pickup,completed
ORD-0023197,R-0046,2025-08-31,35.50,app,delivery,completed
ORD-0023198,R-0046,2025-08-10,15.28,app,delivery,completed
ORD-0023199,R-0046,2025-08-15,14.58,app,pickup,Completed
ORD-0023200,R-0046,2025-08-08,19.83,web,pickup,completed
ORD-0023201,R-0046,2025-08-19,37.21,app,pickup,completed
ORD-0023202,R-0046,2025-08-07,22.22,app,pickup,completed
ORD-0023203,R-0046,2025-08-16,24.94,app,delivery,completed
ORD-0023204,R-0046,2025-08-19,19.45,web,pickup,Completed
ORD-0023205,R-0046,2025-08-05,24.44,web,delivery,COMPLETED
ORD-0023206,R-0046,2025-08-03,23.72,app,delivery,completed
ORD-0023207,R-0046,2025-08-26,13.65,app,delivery,CANCELLED
ORD-0023208,R-0046,2025-08-14,10.27,app,pickup,COMPLETED
ORD-0023209,R-0046,2025-08-20,31.33,app,delivery,completed
ORD-0023210,R-0046,2025-08-13,9.84,app,pickup,completed
ORD-0023211,R-0046,2025-08-12,17.94,app,pickup,completed
ORD-0023212,R-0046,2025-08-30,18.86,app,pickup,completed
ORD-0023213,R-0046,2025-08-28,19.52,app,pickup,completed
ORD-0023214,R-0046,2025-08-26,20.54,web,delivery,completed
ORD-0023215,R-0046,2025-08-18,32.31,web,delivery,completed
ORD-0023216,R-0046,2025-08-14,23.34,web,delivery,completed
ORD-0023217,R-0046,2025-08-14,31.76,app,delivery,completed
ORD-0023218,R-0046,2025-08-22,19.80,app,delivery,completed
ORD-0023219,R-0046,2025-08-09,21.46,web,pickup,completed
ORD-0023220,R-0046,2025-08-16,15.61,app,pickup,COMPLETED
ORD-0023221,R-0046,2025-08-03,19.81,app,delivery,COMPLETED
ORD-0023222,R-0046,2025-08-16,26.06,app,pickup,Completed
ORD-0023223,R-0046,2025-08-23,11.93,app,delivery,completed
ORD-0023224,R-0046,2025-08-08,25.15,web,delivery,completed
ORD-0023225,R-0046,2025-08-24,15.05,app,pickup,COMPLETED
ORD-0025437,R-0049,2025-08-28,25.09,app,pickup,COMPLETED
ORD-0025438,R-0049,2025-08-08,18.28,app,pickup,completed
ORD-0025439,R-0049,2025-08-27,38.67,app,pickup,completed
ORD-0025440,R-0049,2025-08-06,28.85,app,pickup,completed
ORD-0025441,R-0049,2025-08-23,12.47,web,pickup,completed
ORD-0025442,R-0049,2025-08-23,23.56,app,pickup,completed
ORD-0025443,R-0049,2025-08-09,24.18,app,delivery,completed
ORD-0025444,R-0049,2025-08-24,22.26,web,pickup,completed
ORD-0025445,R-0049,2025-08-29,22.54,web,pickup,COMPLETED
ORD-0025446,R-0049,2025-08-02,11.77,web,pickup,completed
ORD-0025447,R-0049,2025-08-02,65.20,app,pickup,completed
ORD-0025448,R-0049,2025-08-18,21.05,app,pickup,completed
ORD-0025449,R-0049,2025-08-02,50.24,app,delivery,completed
ORD-0025450,R-0049,2025-08-04,18.96,web,pickup,completed
ORD-0025451,R-0049,2025-08-14,12.23,app,pickup,completed
ORD-0025452,R-0049,2025-08-15,26.08,app,pickup,completed
ORD-0025453,R-0049,2025-08-26,35.74,web,delivery,completed
ORD-0025454,R-0049,2025-08-03,18.49,web,pickup,completed
ORD-0025455,R-0049,2025-08-18,39.17,app,pickup,completed
ORD-0025456,R-0049,2025-08-03,20.15,app,pickup,completed
ORD-0025457,R-0049,2025-08-09,14.73,web,pickup,completed
ORD-0025907,R-0053,2025-08-05,26.20,app,pickup,completed
ORD-0025908,R-0053,2025-08-03,20.50,web,delivery,completed
ORD-0025909,R-0053,2025-08-17,33.02,app,delivery,completed
ORD-0025910,R-0053,2025-08-22,31.59,app,pickup,completed
ORD-0025911,R-0053,2025-08-24,23.44,web,pickup,completed
ORD-0025912,R-0053,2025-08-25,24.16,web,delivery,completed
ORD-0025913,R-0053,2025-08-27,23.23,web,pickup,completed
ORD-0025914,R-0053,2025-08-25,20.12,app,delivery,completed
ORD-0025915,R-0053,2025-08-06,47.42,web,delivery,completed
ORD-0025916,R-0053,2025-08-28,35.75,app,pickup,completed
ORD-0025917,R-0053,2025-08-16,51.47,web,delivery,completed
ORD-0025918,R-0053,2025-08-17,42.25,web,delivery,COMPLETED
ORD-0025919,R-0053,2025-08-05,41.88,web,pickup,completed
ORD-0025920,R-0053,2025-08-18,17.44,web,delivery,completed
ORD-0025921,R-0053,2025-08-26,24.23,app,pickup,COMPLETED
ORD-0025922,R-0053,2025-08-08,45.77,app,delivery,completed
ORD-0025923,R-0053,2025-08-29,41.64,web,delivery,Completed
ORD-0025924,R-0053,2025-08-04,38.91,app,pickup,completed
ORD-0025925,R-0053,2025-08-15,24.06,web,delivery,CANCELLED
ORD-0025926,R-0053,2025-08-15,38.55,app,delivery,COMPLETED
ORD-0025927,R-0053,2025-08-24,21.88,app,pickup,cancelled
ORD-0025928,R-0053,2025-08-22,30.80,web,delivery,completed
ORD-0025929,R-0053,2025-08-15,37.57,web,pickup,completed
ORD-0025930,R-0053,2025-08-27,21.83,web,pickup,COMPLETED
ORD-0025931,R-0053,2025-08-28,30.69,web,delivery,completed
ORD-0025932,R-0053,2025-08-22,29.47,web,pickup,completed
ORD-0025933,R-0053,2025-08-30,29.65,app,pickup,completed
ORD-0025934,R-0053,2025-08-23,28.46,web,delivery,completed
ORD-0025935,R-0053,2025-08-25,21.68,web,pickup,completed
ORD-0025936,R-0053,2025-08-15,24.67,web,delivery,completed
ORD-0025937,R-0053,2025-08-24,34.99,web,delivery,completed
ORD-0025938,R-0053,2025-08-15,21.67,app,delivery,completed
ORD-0025939,R-0053,2025-08-03,27.23,app,pickup,COMPLETED
ORD-0025940,R-0053,2025-08-06,32.44,web,pickup,completed
ORD-0025941,R-0053,2025-08-27,29.95,web,pickup,completed
ORD-0025942,R-0053,2025-08-09,25.50,app,delivery,refunded
ORD-0025943,R-0053,2025-08-06,34.36,app,pickup,completed
ORD-0025944,R-0053,2025-08-14,35.00,app,pickup,completed
ORD-0025945,R-0053,2025-08-21,37.57,web,pickup,COMPLETED
ORD-0025946,R-0053,2025-08-22,30.58,web,pickup,completed
ORD-0025947,R-0053,2025-08-29,46.38,web,delivery,completed
ORD-0025948,R-0053,2025-08-01,28.20,app,pickup,completed
ORD-0025949,R-0053,2025-08-17,21.44,app,delivery,Completed
ORD-0025950,R-0053,2025-08-08,22.67,web,pickup,completed
ORD-0025951,R-0053,2025-08-10,33.22,app,pickup,completed
ORD-0025952,R-0053,2025-08-02,22.77,app,delivery,completed
ORD-0025953,R-0053,2025-08-22,42.66,app,delivery,completed
ORD-0025954,R-0053,2025-08-30,42.43,web,delivery,COMPLETED
ORD-0025955,R-0053,2025-08-03,50.60,web,pickup,completed
ORD-0025956,R-0053,2025-08-03,37.51,web,delivery,Completed
ORD-0025957,R-0053,2025-08-23,19.52,app,delivery,completed
ORD-0025958,R-0053,2025-08-30,31.23,app,delivery,completed
ORD-0025959,R-0053,2025-08-13,28.57,web,delivery,COMPLETED
ORD-0025960,R-0053,2025-08-14,34.05,web,pickup,completed
ORD-0025961,R-0053,2025-08-29,31.17,web,delivery,refunded
ORD-0025962,R-0053,2025-08-11,40.69,app,pickup,completed
ORD-0025963,R-0053,2025-08-30,29.55,app,delivery,completed
ORD-0025964,R-0053,2025-08-10,33.83,web,delivery,completed
ORD-0027645,R-0056,2025-08-04,21.05,app,delivery,cancelled
ORD-0027646,R-0056,2025-08-02,21.48,app,delivery,completed
ORD-0027647,R-0056,2025-08-14,41.96,app,pickup,COMPLETED
ORD-0027648,R-0056,2025-08-16,35.73,app,pickup,completed
ORD-0027649,R-0056,2025-08-25,33.43,app,delivery,completed
ORD-0027650,R-0056,2025-08-11,45.32,app,pickup,completed
ORD-0027651,R-0056,2025-08-16,33.43,app,pickup,completed
ORD-0027652,R-0056,2025-08-24,47.46,app,pickup,completed
ORD-0027653,R-0056,2025-08-02,26.10,web,pickup,cancelled
ORD-0027654,R-0056,2025-08-17,66.27,app,pickup,cancelled
ORD-0027655,R-0056,2025-08-28,69.97,web,pickup,completed
ORD-0027656,R-0056,2025-08-08,49.45,app,delivery,Cancelled
ORD-0027657,R-0056,2025-08-01,53.40,app,delivery,completed
ORD-0027658,R-0056,2025-08-16,35.73,app,delivery,COMPLETED
ORD-0027659,R-0057,2025-08-08,42.49,web,delivery,completed
ORD-0027660,R-0057,2025-08-31,14.05,web,pickup,completed
ORD-0027661,R-0057,2025-08-31,57.58,app,pickup,completed
ORD-0027662,R-0057,2025-08-01,42.46,app,pickup,completed
ORD-0027663,R-0057,2025-08-08,43.18,app,pickup,completed
ORD-0027664,R-0057,2025-08-29,35.99,app,pickup,completed
ORD-0027665,R-0057,2025-08-19,45.92,app,delivery,completed
ORD-0027666,R-0057,2025-08-25,52.63,app,delivery,completed
ORD-0027667,R-0057,2025-08-15,18.37,web,pickup,completed
ORD-0027668,R-0057,2025-08-24,15.98,app,delivery,completed
ORD-0027669,R-0057,2025-08-07,48.71,app,delivery,completed
ORD-0027670,R-0057,2025-08-20,25.33,app,delivery,completed
ORD-0027671,R-0057,2025-08-30,31.57,web,delivery,completed
ORD-0027672,R-0057,2025-08-26,41.54,app,delivery,completed
ORD-0027673,R-0057,2025-08-29,63.76,web,pickup,completed
ORD-0027674,R-0057,2025-08-03,46.46,web,pickup,completed
ORD-0027675,R-0057,2025-08-31,58.61,app,pickup,completed
ORD-0027676,R-0057,2025-08-19,38.27,app,pickup,completed
ORD-0027677,R-0057,2025-08-12,23.42,web,pickup,COMPLETED
ORD-0027678,R-0057,2025-08-24,50.92,app,delivery,COMPLETED
ORD-0027679,R-0057,2025-08-16,15.24,app,pickup,completed
ORD-0027680,R-0057,2025-08-31,60.81,app,pickup,completed
ORD-0027681,R-0057,2025-08-16,28.65,app,pickup,completed
ORD-0027682,R-0057,2025-08-28,46.54,app,delivery,completed
ORD-0027816,R-0058,2025-08-18,25.86,web,delivery,completed
ORD-0027817,R-0058,2025-08-31,19.45,app,delivery,Completed
ORD-0027818,R-0058,2025-08-25,48.75,app,pickup,completed
ORD-0027819,R-0058,2025-08-16,35.32,web,delivery,completed
ORD-0027820,R-0058,2025-08-03,25.44,web,delivery,completed
ORD-0027821,R-0058,2025-08-20,34.09,app,pickup,completed
ORD-0027822,R-0058,2025-08-09,28.66,web,pickup,completed
ORD-0027823,R-0058,2025-08-01,52.91,web,delivery,completed
ORD-0027824,R-0058,2025-08-03,35.55,app,delivery,completed
ORD-0027825,R-0058,2025-08-14,47.07,web,delivery,completed
ORD-0027826,R-0058,2025-08-24,23.50,app,delivery,COMPLETED
ORD-0027827,R-0058,2025-08-28,29.49,web,delivery,completed
ORD-0027828,R-0058,2025-08-06,40.85,web,delivery,completed
ORD-0027829,R-0058,2025-08-14,29.64,app,delivery,COMPLETED
ORD-0027830,R-0059,2025-08-03,26.72,web,pickup,completed
ORD-0027831,R-0059,2025-08-26,18.05,app,delivery,completed
ORD-0027832,R-0059,2025-08-25,29.54,web,delivery,completed
ORD-0027833,R-0059,2025-08-02,56.70,app,pickup,completed
ORD-0027834,R-0059,2025-08-16,62.86,app,delivery,completed
ORD-0027835,R-0059,2025-08-22,19.32,app,delivery,completed
ORD-0027836,R-0059,2025-08-29,25.31,app,delivery,completed
ORD-0027837,R-0059,2025-08-26,34.74,web,delivery,completed
ORD-0027838,R-0059,2025-08-17,27.67,app,delivery,completed
ORD-0027839,R-0059,2025-08-23,21.78,web,delivery,completed
ORD-0027840,R-0059,2025-08-15,36.87,web,delivery,completed
ORD-0027841,R-0059,2025-08-20,20.82,web,delivery,completed
ORD-0027842,R-0059,2025-08-12,27.67,web,delivery,completed
ORD-0027843,R-0059,2025-08-15,33.53,web,pickup,completed
ORD-0027844,R-0059,2025-08-27,26.26,web,delivery,completed
ORD-0027845,R-0059,2025-08-03,19.86,web,delivery,completed
ORD-0027846,R-0059,2025-08-17,26.14,web,delivery,completed
ORD-0027847,R-0059,2025-08-09,33.13,web,delivery,completed
ORD-0027848,R-0059,2025-08-21,21.91,web,delivery,completed
ORD-0027849,R-0059,2025-08-08,29.06,web,pickup,completed
ORD-0027850,R-0059,2025-08-28,30.18,app,delivery,completed
ORD-0027851,R-0059,2025-08-15,35.75,app,delivery,completed
ORD-0027852,R-0059,2025-08-24,25.27,web,delivery,completed
ORD-0027853,R-0059,2025-08-03,19.91,app,delivery,completed
ORD-0027854,R-0059,2025-08-07,27.75,web,delivery,completed
ORD-0027855,R-0059,2025-08-07,21.62,app,delivery,completed
ORD-0027856,R-0059,2025-08-26,16.27,web,delivery,completed
ORD-0027857,R-0059,2025-08-11,14.36,web,delivery,cancelled
ORD-0027858,R-0059,2025-08-02,29.79,web,delivery,COMPLETED
ORD-0027859,R-0059,2025-08-25,14.77,app,delivery,completed
ORD-0028839,R-0061,2025-08-23,18.76,app,delivery,completed
ORD-0028840,R-0061,2025-08-20,33.30,web,delivery,completed
ORD-0028841,R-0061,2025-08-30,20.48,web,delivery,completed
ORD-0028842,R-0061,2025-08-13,27.48,app,delivery,completed
ORD-0028843,R-0061,2025-08-14,18.11,app,pickup,completed
ORD-0028844,R-0061,2025-08-07,27.14,app,delivery,Completed
ORD-0028845,R-0061,2025-08-05,25.58,app,pickup,Completed
ORD-0028846,R-0061,2025-08-23,28.46,web,pickup,completed
ORD-0028847,R-0061,2025-08-27,24.16,web,pickup,completed
ORD-0028848,R-0061,2025-08-20,16.75,web,pickup,Completed
ORD-0028849,R-0061,2025-08-04,40.77,app,pickup,completed
ORD-0028850,R-0061,2025-08-08,28.10,app,pickup,cancelled
ORD-0028851,R-0061,2025-08-09,41.59,web,pickup,completed
ORD-0028852,R-0061,2025-08-22,31.81,web,pickup,completed
ORD-0028853,R-0061,2025-08-27,34.62,app,delivery,completed
ORD-0028854,R-0061,2025-08-23,27.41,web,pickup,completed
ORD-0028855,R-0061,2025-08-18,27.67,app,pickup,completed
ORD-0028856,R-0061,2025-08-16,23.50,web,pickup,completed
ORD-0028857,R-0061,2025-08-23,30.99,app,pickup,completed
ORD-0028858,R-0061,2025-08-10,33.48,app,pickup,completed
ORD-0028859,R-0061,2025-08-17,19.82,web,delivery,completed
ORD-0028860,R-0061,2025-08-31,33.73,app,pickup,completed
ORD-0028861,R-0061,2025-08-06,36.92,web,delivery,completed
ORD-0028862,R-0061,2025-08-21,52.30,web,delivery,completed
ORD-0028863,R-0061,2025-08-08,30.32,web,delivery,completed
ORD-0028864,R-0061,2025-08-01,27.37,web,pickup,completed
ORD-0028865,R-0061,2025-08-25,15.57,app,delivery,completed
ORD-0028866,R-0061,2025-08-01,26.38,web,delivery,COMPLETED
ORD-0028867,R-0061,2025-08-07,35.92,web,pickup,completed
ORD-0028868,R-0061,2025-08-22,28.15,web,pickup,Cancelled
ORD-0028869,R-0061,2025-08-23,13.39,web,delivery,completed
ORD-0028870,R-0061,2025-08-29,27.39,web,delivery,Completed
ORD-0028871,R-0061,2025-08-10,29.78,web,pickup,completed
ORD-0028872,R-0061,2025-08-30,31.35,app,delivery,completed
ORD-0028873,R-0061,2025-08-16,50.67,web,pickup,Completed
ORD-0028874,R-0061,2025-08-05,34.76,app,delivery,COMPLETED
ORD-0028875,R-0061,2025-08-01,22.79,app,pickup,completed
ORD-0028876,R-0061,2025-08-08,29.39,web,delivery,completed
ORD-0028877,R-0061,2025-08-17,22.53,app,delivery,Completed
ORD-0028878,R-0061,2025-08-29,36.50,web,delivery,completed
ORD-0028879,R-0061,2025-08-16,29.47,app,delivery,COMPLETED
ORD-0028880,R-0061,2025-08-23,33.21,web,pickup,cancelled
ORD-0028881,R-0061,2025-08-10,25.73,app,pickup,completed
ORD-0028882,R-0061,2025-08-25,15.20,app,delivery,Completed
ORD-0028883,R-0061,2025-08-27,29.28,app,delivery,completed
ORD-0028884,R-0061,2025-08-09,35.06,web,pickup,completed
ORD-0028885,R-0061,2025-08-10,48.71,web,pickup,completed
ORD-0028886,R-0061,2025-08-09,32.25,web,pickup,completed
ORD-0028887,R-0061,2025-08-01,27.18,app,delivery,completed
ORD-0028888,R-0061,2025-08-27,51.48,web,pickup,completed
ORD-0028889,R-0061,2025-08-28,26.36,app,delivery,completed
ORD-0028890,R-0061,2025-08-05,23.49,app,delivery,completed
ORD-0028891,R-0061,2025-08-16,30.70,app,delivery,completed
ORD-0028892,R-0061,2025-08-20,27.52,app,pickup,completed
ORD-0028893,R-0061,2025-08-25,22.27,web,pickup,completed
ORD-0028894,R-0061,2025-08-15,20.53,web,pickup,completed
ORD-0028895,R-0061,2025-08-29,31.02,app,pickup,completed
ORD-0028896,R-0061,2025-08-15,17.29,app,delivery,completed
ORD-0028897,R-0061,2025-08-04,24.48,app,delivery,completed
ORD-0028898,R-0061,2025-08-31,26.64,app,pickup,completed
ORD-0028899,R-0061,2025-08-12,27.99,web,delivery,completed
ORD-0028900,R-0061,2025-08-01,32.26,web,delivery,completed
ORD-0028901,R-0061,2025-08-31,26.11,app,delivery,completed
ORD-0028902,R-0061,2025-08-22,28.46,app,pickup,completed
ORD-0028903,R-0061,2025-08-26,30.28,web,delivery,completed
ORD-0028904,R-0061,2025-08-14,27.12,web,pickup,Completed
ORD-0028905,R-0061,2025-08-15,23.83,web,pickup,completed
ORD-0028906,R-0061,2025-08-03,31.00,app,pickup,completed
ORD-0028907,R-0061,2025-08-08,58.47,web,delivery,completed
ORD-0028908,R-0061,2025-08-09,31.80,web,delivery,refunded
ORD-0028909,R-0061,2025-08-06,30.89,app,delivery,completed
ORD-0028910,R-0061,2025-08-05,23.17,app,delivery,CANCELLED
ORD-0028911,R-0061,2025-08-24,26.44,web,pickup,Completed
ORD-0028912,R-0061,2025-08-15,23.88,app,delivery,completed
ORD-0028913,R-0061,2025-08-03,29.08,web,delivery,completed
ORD-0028914,R-0061,2025-08-22,39.75,app,delivery,completed
ORD-0028915,R-0061,2025-08-24,29.00,app,pickup,completed
ORD-0028916,R-0061,2025-08-02,44.12,app,pickup,completed
ORD-0028917,R-0061,2025-08-17,31.05,web,delivery,completed
ORD-0028918,R-0061,2025-08-26,20.79,web,pickup,completed
ORD-0028919,R-0061,2025-08-15,30.79,app,delivery,completed
ORD-0028920,R-0061,2025-08-18,20.72,app,pickup,Completed
ORD-0028921,R-0061,2025-08-24,23.14,web,delivery,Completed
ORD-0028922,R-0061,2025-08-22,26.99,app,delivery,completed
ORD-0028923,R-0061,2025-08-08,58.25,web,delivery,Completed
ORD-0028924,R-0061,2025-08-30,41.84,web,delivery,completed
ORD-0028925,R-0061,2025-08-06,18.90,web,pickup,Completed
ORD-0028926,R-0061,2025-08-08,29.52,app,pickup,completed
ORD-0028927,R-0061,2025-08-16,45.72,web,delivery,completed
ORD-0028928,R-0061,2025-08-17,36.42,app,delivery,completed
ORD-0028929,R-0061,2025-08-01,29.75,app,pickup,completed
ORD-0028930,R-0061,2025-08-21,14.87,app,pickup,completed
ORD-0028931,R-0061,2025-08-22,20.56,web,delivery,completed
ORD-0028932,R-0061,2025-08-07,26.42,web,delivery,completed
ORD-0028933,R-0061,2025-08-15,44.51,web,delivery,COMPLETED
ORD-0028934,R-0061,2025-08-24,50.16,app,pickup,completed
ORD-0028935,R-0061,2025-08-26,23.32,web,delivery,Completed
ORD-0028936,R-0061,2025-08-13,38.69,app,delivery,completed
ORD-0028937,R-0061,2025-08-28,21.14,web,delivery,completed
ORD-0028938,R-0061,2025-08-02,37.62,app,pickup,COMPLETED
ORD-0028939,R-0061,2025-08-26,12.21,app,pickup,Completed
ORD-0028940,R-0061,2025-08-25,19.35,app,pickup,completed
ORD-0028941,R-0061,2025-08-25,18.92,app,delivery,completed
ORD-0028942,R-0061,2025-08-28,16.04,app,delivery,completed
ORD-0031341,R-0066,2025-08-22,36.25,web,delivery,completed
ORD-0031342,R-0066,2025-08-29,17.53,web,pickup,completed
ORD-0031343,R-0066,2025-08-27,19.00,web,pickup,completed
ORD-0031344,R-0066,2025-08-30,16.54,web,pickup,completed
ORD-0031345,R-0066,2025-08-31,36.79,web,delivery,COMPLETED
ORD-0031346,R-0066,2025-08-23,21.17,app,delivery,completed
ORD-0031347,R-0066,2025-08-25,28.80,web,delivery,completed
ORD-0031348,R-0066,2025-08-24,37.65,app,delivery,COMPLETED
ORD-0031349,R-0066,2025-08-30,30.86,web,pickup,completed
ORD-0031350,R-0066,2025-08-29,23.85,web,delivery,completed
ORD-0031351,R-0066,2025-08-25,15.22,web,pickup,completed
ORD-0031352,R-0066,2025-08-30,20.33,web,pickup,completed
ORD-0031353,R-0066,2025-08-24,36.44,web,delivery,completed
ORD-0031354,R-0066,2025-08-28,39.32,web,delivery,completed
ORD-0031355,R-0066,2025-08-23,23.14,app,delivery,completed
ORD-0031356,R-0066,2025-08-23,45.20,app,pickup,completed
ORD-0031357,R-0066,2025-08-27,62.06,app,delivery,completed
ORD-0031358,R-0066,2025-08-27,47.42,web,pickup,completed
ORD-0031359,R-0066,2025-08-29,25.72,web,delivery,completed
ORD-0033275,R-0072,2025-08-22,56.68,web,delivery,completed
ORD-0033276,R-0072,2025-08-17,34.85,app,pickup,completed
ORD-0033277,R-0072,2025-08-10,44.16,web,delivery,cancelled
ORD-0033278,R-0072,2025-08-29,71.20,web,delivery,completed
ORD-0033279,R-0072,2025-08-10,85.56,app,pickup,completed
ORD-0033280,R-0072,2025-08-18,40.67,web,pickup,completed
ORD-0033281,R-0072,2025-08-22,29.20,web,delivery,completed
ORD-0033282,R-0072,2025-08-14,34.29,web,delivery,completed
ORD-0033283,R-0072,2025-08-23,12.37,web,pickup,completed
ORD-0033284,R-0072,2025-08-04,67.60,web,pickup,completed
ORD-0033285,R-0072,2025-08-31,47.13,web,delivery,completed
ORD-0033286,R-0072,2025-08-14,31.51,web,delivery,completed
ORD-0033287,R-0072,2025-08-22,34.71,app,delivery,completed
ORD-0033288,R-0072,2025-08-22,26.70,app,delivery,completed
ORD-0033289,R-0072,2025-08-16,56.87,web,pickup,completed
ORD-0033290,R-0072,2025-08-10,34.96,app,delivery,completed
ORD-0033291,R-0072,2025-08-08,45.30,web,delivery,completed
ORD-0033292,R-0072,2025-08-12,28.81,web,delivery,completed
ORD-0033735,R-0074,2025-08-29,27.82,app,pickup,completed
ORD-0033736,R-0074,2025-08-07,33.37,app,delivery,completed
ORD-0033737,R-0074,2025-08-24,23.85,app,pickup,completed
ORD-0033738,R-0074,2025-08-10,28.04,app,pickup,completed
ORD-0033739,R-0074,2025-08-11,35.10,app,delivery,Completed
ORD-0033740,R-0074,2025-08-20,30.78,app,delivery,completed
ORD-0033741,R-0074,2025-08-16,46.87,app,delivery,COMPLETED
ORD-0033742,R-0074,2025-08-31,32.10,app,delivery,completed
ORD-0033743,R-0074,2025-08-08,28.06,app,delivery,completed
ORD-0033744,R-0074,2025-08-01,46.19,app,delivery,completed
ORD-0033745,R-0074,2025-08-15,24.42,app,delivery,completed
ORD-0033746,R-0074,2025-08-30,28.83,app,pickup,completed
ORD-0033747,R-0074,2025-08-12,26.92,web,delivery,completed
ORD-0033748,R-0074,2025-08-16,38.96,app,delivery,Completed
ORD-0033749,R-0074,2025-08-11,39.92,app,delivery,Completed
ORD-0033750,R-0074,2025-08-22,29.74,app,pickup,completed
ORD-0033751,R-0074,2025-08-10,28.94,web,pickup,completed
ORD-0033752,R-0074,2025-08-21,27.09,app,pickup,completed
ORD-0033753,R-0074,2025-08-22,33.48,web,pickup,completed
ORD-0033754,R-0074,2025-08-03,36.14,app,pickup,completed
ORD-0033755,R-0074,2025-08-23,40.77,app,pickup,completed
ORD-0033756,R-0074,2025-08-16,17.42,app,pickup,COMPLETED
ORD-0033757,R-0074,2025-08-24,25.18,app,pickup,completed
ORD-0033758,R-0074,2025-08-11,41.49,app,pickup,completed
ORD-0033759,R-0074,2025-08-13,18.92,web,pickup,completed
ORD-0033760,R-0074,2025-08-16,19.56,app,delivery,completed
ORD-0033761,R-0074,2025-08-03,36.38,app,delivery,COMPLETED
ORD-0033762,R-0074,2025-08-20,16.75,app,delivery,REFUNDED
ORD-0033763,R-0074,2025-08-11,36.18,web,delivery,completed
ORD-0033764,R-0074,2025-08-26,39.91,web,delivery,completed
ORD-0033765,R-0074,2025-08-02,51.37,web,pickup,COMPLETED
ORD-0033766,R-0074,2025-08-08,35.45,app,delivery,completed
ORD-0033767,R-0074,2025-08-21,32.25,app,delivery,completed
ORD-0033768,R-0074,2025-08-02,12.41,web,delivery,COMPLETED
ORD-0033769,R-0074,2025-08-09,25.83,app,pickup,COMPLETED
ORD-0033770,R-0074,2025-08-11,45.72,web,delivery,completed
ORD-0033771,R-0074,2025-08-13,19.15,web,delivery,completed
ORD-0033772,R-0074,2025-08-15,24.12,web,delivery,completed
ORD-0033773,R-0074,2025-08-29,36.98,web,delivery,completed
ORD-0033774,R-0074,2025-08-22,40.42,web,pickup,completed
ORD-0033775,R-0074,2025-08-02,38.03,web,pickup,Completed
ORD-0033776,R-0074,2025-08-30,39.92,app,delivery,completed
ORD-0033777,R-0074,2025-08-13,43.05,web,delivery,completed
ORD-0033778,R-0074,2025-08-01,41.86,app,delivery,completed
ORD-0033779,R-0074,2025-08-08,47.93,web,pickup,cancelled
ORD-0033780,R-0074,2025-08-01,28.84,app,delivery,COMPLETED
ORD-0033781,R-0074,2025-08-13,23.48,web,pickup,completed
ORD-0033782,R-0074,2025-08-22,56.17,app,pickup,completed
ORD-0033783,R-0074,2025-08-04,30.30,app,delivery,completed
ORD-0033784,R-0074,2025-08-08,36.45,web,delivery,completed
ORD-0033785,R-0074,2025-08-19,25.26,web,delivery,cancelled
ORD-0033786,R-0074,2025-08-18,17.26,app,pickup,completed
ORD-0033787,R-0074,2025-08-01,44.69,app,pickup,completed
ORD-0035386,R-0076,2025-08-27,42.06,app,pickup,completed
ORD-0035387,R-0076,2025-08-29,10.13,app,pickup,completed
ORD-0035388,R-0076,2025-08-29,25.88,app,delivery,completed
ORD-0035610,R-0077,2025-08-09,27.20,web,pickup,completed
ORD-0035611,R-0077,2025-08-28,29.10,web,delivery,completed
ORD-0035612,R-0077,2025-08-12,22.98,web,delivery,cancelled
ORD-0035613,R-0077,2025-08-15,45.28,web,pickup,completed
ORD-0035614,R-0077,2025-08-12,24.48,app,pickup,completed
ORD-0035615,R-0077,2025-08-01,17.67,web,delivery,completed
ORD-0035616,R-0077,2025-08-21,15.34,app,pickup,completed
ORD-0035617,R-0077,2025-08-18,24.64,app,delivery,COMPLETED
ORD-0035618,R-0077,2025-08-23,20.98,web,pickup,completed
ORD-0035619,R-0077,2025-08-02,51.28,app,pickup,completed
ORD-0035620,R-0077,2025-08-13,22.66,web,delivery,completed
ORD-0035621,R-0077,2025-08-15,24.86,web,pickup,completed
ORD-0035622,R-0077,2025-08-28,23.13,web,pickup,completed
ORD-0035623,R-0077,2025-08-07,24.89,web,pickup,completed
ORD-0035624,R-0077,2025-08-05,17.87,web,delivery,completed
ORD-0035625,R-0077,2025-08-26,17.53,app,pickup,completed
ORD-0035626,R-0077,2025-08-09,18.48,app,delivery,completed
ORD-0035627,R-0077,2025-08-21,20.44,web,pickup,completed
ORD-0035628,R-0077,2025-08-04,15.42,web,delivery,completed
ORD-0035629,R-0077,2025-08-13,19.54,web,pickup,completed
ORD-0035630,R-0077,2025-08-26,18.80,web,delivery,completed
ORD-0035631,R-0077,2025-08-02,28.85,web,pickup,completed
ORD-0035632,R-0077,2025-08-07,24.12,web,delivery,completed
ORD-0035633,R-0077,2025-08-17,23.74,app,delivery,completed
ORD-0035634,R-0077,2025-08-15,30.18,web,delivery,completed
ORD-0035635,R-0077,2025-08-29,22.24,web,pickup,completed
ORD-0035636,R-0077,2025-08-05,20.26,web,pickup,completed
ORD-0035637,R-0077,2025-08-22,9.35,app,pickup,completed
ORD-0035638,R-0077,2025-08-30,30.68,web,delivery,completed
ORD-0035639,R-0077,2025-08-24,18.45,app,delivery,COMPLETED
ORD-0035640,R-0077,2025-08-30,20.64,app,delivery,completed
ORD-0035641,R-0077,2025-08-17,27.25,web,pickup,completed
ORD-0035642,R-0077,2025-08-29,24.38,web,delivery,completed
ORD-0035643,R-0077,2025-08-15,14.12,app,delivery,completed
ORD-0035644,R-0077,2025-08-20,16.02,app,delivery,completed
ORD-0035645,R-0077,2025-08-19,17.54,web,pickup,Completed
ORD-0035646,R-0077,2025-08-23,38.33,web,pickup,completed
ORD-0035647,R-0077,2025-08-17,22.03,app,delivery,completed
ORD-0035648,R-0077,2025-08-03,17.78,web,delivery,completed
ORD-0035649,R-0077,2025-08-30,27.31,web,delivery,completed
ORD-0035650,R-0077,2025-08-27,14.94,app,delivery,COMPLETED
ORD-0035651,R-0077,2025-08-22,45.59,web,delivery,completed
ORD-0035652,R-0077,2025-08-29,18.33,web,pickup,completed
ORD-0035653,R-0077,2025-08-01,24.45,app,pickup,completed
ORD-0035654,R-0077,2025-08-27,29.38,web,pickup,completed
ORD-0035655,R-0077,2025-08-03,14.43,app,pickup,completed
ORD-0035656,R-0077,2025-08-07,10.48,web,pickup,COMPLETED
ORD-0035657,R-0077,2025-08-08,15.20,app,pickup,completed
ORD-0035658,R-0077,2025-08-12,28.32,app,delivery,completed
ORD-0035659,R-0077,2025-08-23,20.50,app,delivery,completed
ORD-0035660,R-0077,2025-08-21,21.49,web,pickup,completed
ORD-0035661,R-0077,2025-08-27,32.39,web,pickup,completed
ORD-0035662,R-0077,2025-08-02,13.98,web,delivery,completed
ORD-0035663,R-0077,2025-08-09,27.55,web,pickup,completed
ORD-0035664,R-0077,2025-08-31,38.34,app,pickup,completed
ORD-0035665,R-0077,2025-08-01,34.71,app,pickup,completed
ORD-0035666,R-0077,2025-08-08,36.56,web,pickup,completed
ORD-0035667,R-0077,2025-08-29,22.75,web,pickup,completed
ORD-0035668,R-0077,2025-08-18,25.39,web,delivery,completed
ORD-0035669,R-0077,2025-08-25,23.48,app,pickup,completed
ORD-0035670,R-0077,2025-08-16,25.90,web,pickup,completed
ORD-0035671,R-0077,2025-08-23,16.95,web,delivery,completed
ORD-0035672,R-0077,2025-08-12,14.73,web,pickup,cancelled
ORD-0035673,R-0077,2025-08-31,16.20,web,pickup,completed
ORD-0035674,R-0077,2025-08-09,25.03,web,pickup,completed
ORD-0035675,R-0077,2025-08-09,10.76,web,delivery,completed
ORD-0035676,R-0077,2025-08-25,19.90,web,pickup,completed
ORD-0035677,R-0077,2025-08-25,25.99,app,delivery,completed
ORD-0035678,R-0077,2025-08-01,43.75,app,pickup,completed
ORD-0035679,R-0077,2025-08-18,20.69,app,pickup,completed
ORD-0035680,R-0077,2025-08-09,12.05,web,delivery,completed
ORD-0035681,R-0077,2025-08-01,32.76,web,pickup,completed
ORD-0035682,R-0077,2025-08-12,27.18,app,delivery,completed
ORD-0035683,R-0077,2025-08-22,16.60,web,pickup,completed
ORD-0035684,R-0077,2025-08-09,24.61,web,delivery,completed
ORD-0035685,R-0077,2025-08-09,44.38,web,pickup,cancelled
ORD-0035686,R-0077,2025-08-19,13.15,app,pickup,completed
ORD-0035687,R-0077,2025-08-14,40.18,web,pickup,completed
ORD-0035688,R-0077,2025-08-08,25.12,app,pickup,COMPLETED
ORD-0035689,R-0077,2025-08-31,16.75,web,pickup,completed
ORD-0035690,R-0077,2025-08-10,25.56,app,pickup,completed
ORD-0035691,R-0077,2025-08-02,18.27,web,delivery,cancelled
ORD-0035692,R-0077,2025-08-12,51.54,app,pickup,completed
ORD-0036527,R-0081,2025-08-09,33.98,web,delivery,completed
ORD-0036528,R-0081,2025-08-10,40.03,web,delivery,completed
ORD-0036529,R-0081,2025-08-16,30.24,app,pickup,Completed
ORD-0036530,R-0081,2025-08-05,39.51,app,pickup,cancelled
ORD-0036531,R-0081,2025-08-02,55.34,app,pickup,completed
ORD-0036532,R-0081,2025-08-09,55.43,app,delivery,completed
ORD-0036533,R-0081,2025-08-26,42.89,web,delivery,completed
ORD-0036534,R-0081,2025-08-23,41.49,web,pickup,COMPLETED
ORD-0036535,R-0081,2025-08-13,38.54,app,pickup,completed
ORD-0036536,R-0081,2025-08-03,71.74,web,pickup,completed
ORD-0036537,R-0081,2025-08-31,63.59,app,delivery,completed
ORD-0036538,R-0081,2025-08-22,45.27,web,delivery,completed
ORD-0036539,R-0081,2025-08-17,97.83,app,delivery,completed
ORD-0036540,R-0081,2025-08-10,48.31,app,delivery,completed
ORD-0036541,R-0081,2025-08-28,59.38,web,delivery,completed
ORD-0036542,R-0081,2025-08-09,57.30,web,delivery,cancelled
ORD-0036543,R-0081,2025-08-29,29.84,web,delivery,completed
ORD-0036544,R-0081,2025-08-21,32.33,web,delivery,completed
ORD-0036545,R-0081,2025-08-07,63.39,app,pickup,completed
ORD-0036546,R-0081,2025-08-15,40.81,web,delivery,completed
ORD-0036547,R-0081,2025-08-02,54.64,web,pickup,completed
ORD-0036548,R-0081,2025-08-25,40.81,web,delivery,completed
ORD-0036549,R-0081,2025-08-07,58.31,web,delivery,completed
ORD-0036550,R-0081,2025-08-09,26.96,app,delivery,completed
ORD-0036551,R-0081,2025-08-06,50.37,app,pickup,completed
ORD-0036552,R-0081,2025-08-02,48.91,app,delivery,completed
ORD-0036553,R-0081,2025-08-14,37.94,app,delivery,completed
ORD-0036554,R-0081,2025-08-29,44.08,app,pickup,completed
ORD-0036555,R-0081,2025-08-16,75.65,app,pickup,completed
ORD-0036556,R-0081,2025-08-21,61.44,app,pickup,completed
ORD-0036557,R-0081,2025-08-01,78.03,app,delivery,completed
ORD-0036558,R-0081,2025-08-17,42.84,app,pickup,completed
ORD-0036559,R-0081,2025-08-25,37.76,app,delivery,completed
ORD-0036560,R-0081,2025-08-30,24.13,app,delivery,Completed
ORD-0037220,R-0083,2025-08-11,23.16,app,delivery,COMPLETED
ORD-0037221,R-0083,2025-08-18,27.20,app,pickup,completed
ORD-0037222,R-0083,2025-08-18,43.84,web,pickup,completed
ORD-0037223,R-0083,2025-08-29,18.52,web,delivery,completed
ORD-0037224,R-0083,2025-08-30,31.04,app,pickup,completed
ORD-0037225,R-0083,2025-08-21,47.07,web,pickup,Completed
ORD-0037226,R-0083,2025-08-22,25.89,app,delivery,completed
ORD-0038537,R-0087,2025-08-17,21.02,web,delivery,completed
ORD-0038538,R-0087,2025-08-17,28.46,app,pickup,completed
ORD-0038539,R-0087,2025-08-10,40.45,web,pickup,completed
ORD-0038540,R-0087,2025-08-27,23.19,web,pickup,completed
ORD-0038541,R-0087,2025-08-02,36.82,web,delivery,completed
ORD-0038542,R-0087,2025-08-05,29.18,web,delivery,completed
ORD-0038543,R-0087,2025-08-13,17.48,web,delivery,COMPLETED
ORD-0038544,R-0087,2025-08-17,45.25,web,delivery,completed
ORD-0038545,R-0087,2025-08-01,38.14,app,pickup,completed
ORD-0038546,R-0087,2025-08-24,45.47,app,pickup,completed
ORD-0038547,R-0087,2025-08-29,25.56,app,delivery,cancelled
ORD-0038548,R-0087,2025-08-10,42.55,app,delivery,completed
ORD-0038549,R-0087,2025-08-18,29.36,web,pickup,completed
ORD-0038550,R-0087,2025-08-09,41.65,web,pickup,completed
ORD-0038551,R-0087,2025-08-10,26.84,web,delivery,COMPLETED
ORD-0038552,R-0087,2025-08-30,32.36,app,delivery,completed
ORD-0038553,R-0087,2025-08-05,36.28,web,delivery,completed
ORD-0038554,R-0087,2025-08-26,25.94,app,delivery,completed
ORD-0038555,R-0087,2025-08-27,25.13,web,delivery,completed
ORD-0038556,R-0087,2025-08-24,24.93,app,pickup,completed
ORD-0038557,R-0087,2025-08-16,28.56,web,pickup,completed
ORD-0038558,R-0087,2025-08-08,45.83,web,delivery,completed
ORD-0038559,R-0087,2025-08-01,31.37,app,delivery,completed
ORD-0038560,R-0087,2025-08-21,21.67,web,delivery,completed
ORD-0038561,R-0087,2025-08-10,22.22,web,delivery,Completed
ORD-0038562,R-0087,2025-08-01,36.37,app,delivery,completed
ORD-0038563,R-0087,2025-08-06,13.18,web,delivery,completed
ORD-0038564,R-0087,2025-08-29,38.57,web,delivery,completed
ORD-0038565,R-0087,2025-08-26,24.36,web,pickup,completed
ORD-0038566,R-0087,2025-08-09,18.23,web,delivery,completed
ORD-0038567,R-0087,2025-08-16,35.89,app,pickup,cancelled
ORD-0038568,R-0087,2025-08-12,12.52,app,pickup,COMPLETED
ORD-0038569,R-0087,2025-08-31,32.85,app,delivery,completed
ORD-0038570,R-0087,2025-08-09,61.84,web,delivery,completed
ORD-0038571,R-0087,2025-08-13,33.09,app,delivery,completed
ORD-0038572,R-0087,2025-08-15,40.99,web,pickup,completed
ORD-0038573,R-0087,2025-08-22,36.14,web,pickup,completed
ORD-0038574,R-0087,2025-08-25,31.96,web,delivery,completed
ORD-0038575,R-0087,2025-08-31,54.72,web,pickup,completed
ORD-0038576,R-0087,2025-08-29,17.86,app,delivery,cancelled
ORD-0038577,R-0087,2025-08-13,16.31,app,pickup,completed
ORD-0038578,R-0087,2025-08-24,39.52,web,pickup,completed
ORD-0038579,R-0087,2025-08-01,30.29,app,delivery,completed
ORD-0038580,R-0087,2025-08-09,28.77,web,delivery,completed
ORD-0038581,R-0087,2025-08-21,60.47,app,pickup,completed
ORD-0038582,R-0087,2025-08-29,40.20,app,pickup,completed
ORD-0038583,R-0087,2025-08-02,32.13,app,delivery,completed
ORD-0038584,R-0087,2025-08-29,26.45,app,pickup,completed
ORD-0038585,R-0087,2025-08-17,59.71,web,pickup,completed
ORD-0038586,R-0087,2025-08-27,34.40,web,delivery,cancelled
ORD-0038587,R-0087,2025-08-13,24.19,app,delivery,cancelled
ORD-0038588,R-0087,2025-08-25,45.31,app,delivery,completed
ORD-0038589,R-0087,2025-08-11,30.09,web,delivery,completed
ORD-0038590,R-0087,2025-08-20,26.16,app,delivery,completed
ORD-0038591,R-0087,2025-08-04,19.27,app,pickup,COMPLETED
ORD-0038592,R-0087,2025-08-22,52.49,web,delivery,Completed
ORD-0038593,R-0087,2025-08-09,23.28,app,pickup,completed
ORD-0038594,R-0087,2025-08-29,41.21,app,delivery,completed
ORD-0038595,R-0087,2025-08-15,35.46,web,pickup,completed
ORD-0038596,R-0087,2025-08-13,33.00,web,pickup,completed
ORD-0038597,R-0087,2025-08-18,44.94,web,pickup,completed
ORD-0038598,R-0087,2025-08-09,33.42,web,pickup,completed
ORD-0038599,R-0087,2025-08-13,30.62,web,delivery,completed
ORD-0038600,R-0087,2025-08-07,36.01,web,pickup,completed
ORD-0038601,R-0087,2025-08-09,32.11,web,pickup,completed
ORD-0038602,R-0087,2025-08-24,39.60,web,delivery,completed
ORD-0038603,R-0087,2025-08-28,27.70,web,delivery,COMPLETED
ORD-0038604,R-0087,2025-08-02,33.78,app,delivery,completed
ORD-0038605,R-0087,2025-08-25,36.61,web,pickup,completed
ORD-0038606,R-0087,2025-08-09,39.15,app,pickup,refunded
ORD-0038607,R-0087,2025-08-06,38.92,web,delivery,completed
ORD-0038608,R-0087,2025-08-11,30.26,app,delivery,completed
ORD-0038609,R-0087,2025-08-22,40.27,web,delivery,completed
ORD-0038610,R-0087,2025-08-29,26.30,web,pickup,completed
ORD-0038611,R-0087,2025-08-04,67.94,app,pickup,completed
ORD-0040077,R-0090,2025-08-14,13.05,app,delivery,Completed
ORD-0040078,R-0090,2025-08-08,20.84,app,pickup,completed
ORD-0040079,R-0090,2025-08-01,21.40,app,pickup,completed
ORD-0040080,R-0090,2025-08-07,11.38,app,delivery,COMPLETED
ORD-0040081,R-0090,2025-08-04,21.80,web,delivery,completed
ORD-0040082,R-0090,2025-08-24,12.26,app,delivery,completed
ORD-0040083,R-0090,2025-08-21,21.87,web,delivery,completed
ORD-0040084,R-0090,2025-08-26,20.16,app,delivery,completed
ORD-0040085,R-0090,2025-08-09,22.69,web,delivery,completed
ORD-0040086,R-0090,2025-08-10,16.72,web,pickup,completed
ORD-0040087,R-0090,2025-08-21,17.16,app,pickup,completed
ORD-0040088,R-0090,2025-08-15,24.34,app,pickup,completed
ORD-0040089,R-0090,2025-08-01,21.16,app,delivery,completed
ORD-0040449,R-0091,2025-08-27,37.46,web,delivery,completed
ORD-0040450,R-0091,2025-08-12,87.19,web,pickup,completed
ORD-0040451,R-0091,2025-08-14,43.39,app,delivery,completed
ORD-0040452,R-0091,2025-08-12,66.61,web,delivery,Completed
ORD-0040453,R-0091,2025-08-24,33.53,app,delivery,completed
ORD-0040454,R-0091,2025-08-16,71.94,app,delivery,completed
ORD-0040455,R-0091,2025-08-27,70.69,app,delivery,completed
ORD-0040456,R-0091,2025-08-30,36.60,web,delivery,completed
ORD-0040457,R-0091,2025-08-28,63.51,web,delivery,completed
ORD-0040458,R-0091,2025-08-29,113.84,app,delivery,completed
ORD-0040459,R-0091,2025-08-08,65.62,web,delivery,completed
ORD-0040460,R-0091,2025-08-14,79.27,app,delivery,completed
ORD-0040461,R-0091,2025-08-22,58.89,app,delivery,completed
ORD-0040462,R-0091,2025-08-06,69.88,web,delivery,completed
ORD-0040463,R-0091,2025-08-24,74.69,app,pickup,completed
ORD-0040464,R-0091,2025-08-21,60.39,web,pickup,completed
ORD-0040465,R-0091,2025-08-15,50.95,app,delivery,completed
ORD-0040466,R-0091,2025-08-30,93.13,app,delivery,COMPLETED
ORD-0040467,R-0091,2025-08-07,101.63,web,pickup,completed
ORD-0040468,R-0091,2025-08-08,162.19,app,delivery,completed
ORD-0040469,R-0091,2025-08-14,83.81,web,delivery,completed
ORD-0040470,R-0091,2025-08-21,46.18,web,delivery,completed
ORD-0040471,R-0091,2025-08-21,127.74,web,pickup,completed
ORD-0040472,R-0091,2025-08-26,162.91,app,delivery,completed
ORD-0040473,R-0091,2025-08-08,33.80,app,delivery,COMPLETED
ORD-0040474,R-0091,2025-08-31,51.43,web,pickup,completed
ORD-0040475,R-0091,2025-08-08,38.70,app,delivery,Completed
ORD-0040476,R-0091,2025-08-30,74.10,web,delivery,completed
ORD-0040477,R-0091,2025-08-22,69.36,app,delivery,completed
ORD-0040478,R-0091,2025-08-28,54.94,app,delivery,cancelled
ORD-0040479,R-0091,2025-08-11,35.65,web,delivery,completed
ORD-0040480,R-0091,2025-08-01,31.61,app,delivery,COMPLETED
ORD-0040481,R-0091,2025-08-10,54.74,web,delivery,completed
ORD-0040482,R-0091,2025-08-23,157.96,app,delivery,completed
ORD-0040483,R-0091,2025-08-24,124.22,app,delivery,completed
ORD-0040484,R-0091,2025-08-23,127.69,web,pickup,Completed
ORD-0040485,R-0091,2025-08-25,20.04,app,delivery,cancelled
ORD-0040486,R-0091,2025-08-09,69.90,app,delivery,completed
ORD-0040487,R-0091,2025-08-30,174.98,app,pickup,completed
ORD-0040488,R-0091,2025-08-16,48.61,web,pickup,COMPLETED
ORD-0040489,R-0091,2025-08-22,66.26,app,delivery,COMPLETED
ORD-0040490,R-0091,2025-08-19,59.59,app,delivery,completed
ORD-0040491,R-0091,2025-08-30,71.02,app,delivery,Completed
ORD-0040492,R-0091,2025-08-09,69.29,web,delivery,COMPLETED
ORD-0040493,R-0091,2025-08-16,111.96,app,delivery,completed
ORD-0040494,R-0091,2025-08-08,52.64,app,pickup,completed
ORD-0040495,R-0091,2025-08-31,65.68,web,delivery,completed
ORD-0040496,R-0091,2025-08-13,33.52,web,delivery,completed
ORD-0040497,R-0091,2025-08-29,48.06,app,delivery,completed
ORD-0040498,R-0091,2025-08-01,67.65,web,pickup,COMPLETED
ORD-0040499,R-0091,2025-08-19,72.86,app,delivery,completed
ORD-0040500,R-0091,2025-08-28,67.43,web,pickup,completed
ORD-0040501,R-0091,2025-08-04,62.31,app,delivery,completed
ORD-0040502,R-0091,2025-08-11,40.42,web,delivery,completed
ORD-0040503,R-0091,2025-08-22,61.90,app,delivery,completed
ORD-0040504,R-0091,2025-08-02,70.00,web,pickup,completed
ORD-0040505,R-0091,2025-08-25,70.54,web,delivery,completed
ORD-0040506,R-0091,2025-08-02,90.34,app,pickup,completed
ORD-0041023,R-0092,2025-08-09,15.72,web,delivery,completed
ORD-0041024,R-0092,2025-08-30,16.70,web,delivery,completed
ORD-0041025,R-0092,2025-08-23,16.23,web,pickup,completed
ORD-0041026,R-0092,2025-08-01,15.60,web,delivery,completed
ORD-0041027,R-0092,2025-08-28,33.87,web,pickup,completed
ORD-0041028,R-0092,2025-08-20,14.67,app,pickup,refunded
ORD-0041029,R-0092,2025-08-13,38.13,web,pickup,completed
ORD-0041030,R-0092,2025-08-09,29.32,web,delivery,completed
ORD-0041031,R-0092,2025-08-28,42.02,web,pickup,completed
ORD-0041132,R-0095,2025-08-20,22.98,app,delivery,completed
ORD-0041133,R-0095,2025-08-19,33.26,web,pickup,completed
ORD-0041134,R-0095,2025-08-04,37.61,app,delivery,completed
ORD-0041135,R-0095,2025-08-22,34.68,app,pickup,completed
ORD-0041136,R-0095,2025-08-31,33.51,web,delivery,completed
ORD-0041137,R-0095,2025-08-04,29.84,web,delivery,completed
ORD-0041138,R-0095,2025-08-22,40.02,app,delivery,completed
ORD-0041139,R-0095,2025-08-18,36.61,web,delivery,completed
ORD-0041140,R-0095,2025-08-22,28.44,web,pickup,completed
ORD-0041141,R-0095,2025-08-04,16.36,web,delivery,completed
ORD-0041142,R-0095,2025-08-04,20.30,web,pickup,completed
ORD-0041143,R-0095,2025-08-27,47.54,web,delivery,completed
ORD-0041263,R-0097,2025-08-28,38.56,app,delivery,completed
ORD-0041264,R-0097,2025-08-30,63.77,app,delivery,completed
ORD-0041265,R-0097,2025-08-28,27.55,web,pickup,completed
ORD-0041266,R-0097,2025-08-19,31.03,app,pickup,completed
ORD-0041267,R-0097,2025-08-29,61.47,app,pickup,completed
ORD-0041268,R-0097,2025-08-29,45.34,app,pickup,completed
ORD-0041269,R-0097,2025-08-19,34.33,app,pickup,completed
ORD-0041270,R-0097,2025-08-21,21.01,app,delivery,completed
ORD-0041271,R-0097,2025-08-19,41.17,app,delivery,completed
ORD-0041502,R-0099,2025-08-23,67.64,web,pickup,completed
ORD-0041503,R-0099,2025-08-23,68.11,web,pickup,completed
ORD-0041504,R-0099,2025-08-23,25.47,web,delivery,completed
ORD-0041505,R-0099,2025-08-29,65.30,app,delivery,completed
ORD-0041506,R-0099,2025-08-24,73.32,web,pickup,completed
ORD-0041507,R-0099,2025-08-30,56.41,web,pickup,completed
ORD-0041508,R-0099,2025-08-28,46.86,app,pickup,completed
ORD-0041509,R-0099,2025-08-19,26.89,app,pickup,COMPLETED
ORD-0041510,R-0099,2025-08-21,47.41,web,pickup,completed
ORD-0041511,R-0099,2025-08-27,21.08,app,pickup,completed
ORD-0041512,R-0099,2025-08-27,23.43,app,delivery,cancelled
ORD-0042199,R-0100,2025-08-29,28.59,app,pickup,completed
ORD-0042200,R-0100,2025-08-27,26.00,app,delivery,completed
ORD-0042201,R-0100,2025-08-16,36.11,web,delivery,completed
ORD-0042202,R-0100,2025-08-10,27.30,app,delivery,completed
ORD-0042203,R-0100,2025-08-14,20.29,web,delivery,completed
ORD-0042204,R-0100,2025-08-21,21.24,app,delivery,completed
ORD-0042205,R-0100,2025-08-22,19.36,web,delivery,completed
ORD-0042206,R-0100,2025-08-10,17.00,web,pickup,completed
ORD-0042207,R-0100,2025-08-10,32.90,web,pickup,cancelled
ORD-0042208,R-0100,2025-08-05,46.75,web,delivery,completed
ORD-0042209,R-0100,2025-08-10,18.85,web,delivery,completed
ORD-0042210,R-0100,2025-08-28,42.70,web,delivery,completed
ORD-0042211,R-0100,2025-08-14,13.62,web,delivery,completed
ORD-0042212,R-0100,2025-08-16,30.81,app,delivery,completed
ORD-0042213,R-0100,2025-08-14,28.90,web,delivery,completed
ORD-0042214,R-0100,2025-08-31,38.19,web,delivery,completed
ORD-0042215,R-0100,2025-08-05,23.79,web,delivery,completed
ORD-0042216,R-0100,2025-08-16,26.29,web,delivery,completed
ORD-0042217,R-0100,2025-08-10,26.78,web,pickup,completed
ORD-0042218,R-0100,2025-08-12,37.24,web,delivery,completed
ORD-0042514,R-0101,2025-08-25,23.31,app,pickup,completed
ORD-0042515,R-0101,2025-08-05,13.84,app,pickup,completed
ORD-0042516,R-0101,2025-08-29,17.90,web,pickup,completed
ORD-0042517,R-0101,2025-08-22,21.36,web,pickup,completed
ORD-0042518,R-0101,2025-08-25,14.61,web,pickup,completed
ORD-0042519,R-0101,2025-08-19,11.84,web,pickup,completed
ORD-0042520,R-0101,2025-08-12,14.91,web,pickup,completed
ORD-0042521,R-0101,2025-08-17,23.29,web,pickup,completed
ORD-0042522,R-0101,2025-08-04,17.41,app,pickup,completed
ORD-0042523,R-0101,2025-08-23,28.78,app,pickup,completed
ORD-0042524,R-0101,2025-08-15,44.78,web,delivery,completed
ORD-0042525,R-0101,2025-08-24,29.64,web,pickup,completed
ORD-0042526,R-0101,2025-08-13,12.56,web,pickup,completed
ORD-0042527,R-0101,2025-08-27,12.91,web,delivery,completed
ORD-0042528,R-0101,2025-08-27,10.90,web,pickup,completed
ORD-0042529,R-0101,2025-08-30,20.63,app,pickup,completed
ORD-0042530,R-0101,2025-08-24,23.93,web,pickup,completed
ORD-0042531,R-0101,2025-08-29,15.43,app,pickup,completed
ORD-0042532,R-0101,2025-08-15,32.17,web,pickup,Completed
ORD-0042533,R-0101,2025-08-06,16.68,web,pickup,completed
ORD-0042534,R-0101,2025-08-25,36.33,web,pickup,completed
ORD-0042535,R-0101,2025-08-21,31.46,app,delivery,completed
ORD-0042536,R-0101,2025-08-23,17.02,app,pickup,completed
ORD-0042537,R-0101,2025-08-30,14.97,web,pickup,completed
ORD-0042538,R-0101,2025-08-22,20.23,web,pickup,completed
ORD-0042539,R-0101,2025-08-02,20.95,app,pickup,Completed
ORD-0042540,R-0101,2025-08-31,36.13,web,delivery,completed
ORD-0042541,R-0101,2025-08-03,15.07,app,pickup,COMPLETED
ORD-0042542,R-0101,2025-08-26,22.64,web,pickup,completed
ORD-0042543,R-0101,2025-08-31,31.22,web,pickup,completed
ORD-0042544,R-0101,2025-08-31,18.96,web,pickup,completed
ORD-0042545,R-0101,2025-08-08,40.56,web,pickup,COMPLETED
ORD-0042546,R-0101,2025-08-29,13.28,web,pickup,completed
ORD-0042547,R-0101,2025-08-30,21.59,app,pickup,COMPLETED
ORD-0043366,R-0103,2025-08-05,19.93,web,delivery,completed
ORD-0043367,R-0103,2025-08-04,31.81,app,pickup,completed
ORD-0043368,R-0103,2025-08-02,39.71,web,delivery,completed
ORD-0043369,R-0103,2025-08-29,21.76,web,delivery,completed
ORD-0043370,R-0103,2025-08-04,24.59,web,delivery,completed
ORD-0043371,R-0103,2025-08-07,15.04,web,delivery,COMPLETED
ORD-0043372,R-0103,2025-08-03,59.13,app,pickup,completed
ORD-0043373,R-0103,2025-08-29,69.47,app,delivery,completed
ORD-0043374,R-0103,2025-08-16,42.26,web,pickup,COMPLETED
ORD-0043375,R-0103,2025-08-09,28.72,app,delivery,completed
ORD-0043376,R-0103,2025-08-30,36.46,web,pickup,COMPLETED
ORD-0043377,R-0103,2025-08-27,19.85,web,delivery,completed
ORD-0043378,R-0103,2025-08-28,21.44,app,delivery,completed
ORD-0043379,R-0103,2025-08-16,44.14,web,delivery,completed
ORD-0043380,R-0103,2025-08-25,25.89,web,delivery,completed
ORD-0043381,R-0103,2025-08-19,42.68,web,delivery,completed
ORD-0043382,R-0103,2025-08-30,26.19,app,pickup,completed
ORD-0043383,R-0103,2025-08-22,34.49,web,pickup,completed
ORD-0043384,R-0103,2025-08-09,32.00,web,pickup,Completed
ORD-0043385,R-0103,2025-08-13,21.00,web,pickup,completed
ORD-0043386,R-0103,2025-08-07,28.13,web,delivery,completed
ORD-0043387,R-0103,2025-08-30,49.12,web,delivery,completed
ORD-0043388,R-0103,2025-08-23,59.12,web,delivery,completed
ORD-0043389,R-0103,2025-08-29,44.24,web,delivery,Completed
ORD-0043390,R-0103,2025-08-09,34.42,app,delivery,completed
ORD-0043391,R-0103,2025-08-16,40.42,app,delivery,completed
ORD-0043392,R-0103,2025-08-09,33.52,web,delivery,COMPLETED
ORD-0044202,R-0104,2025-08-31,12.46,web,pickup,completed
ORD-0044203,R-0104,2025-08-23,35.15,app,pickup,Completed
ORD-0044204,R-0104,2025-08-02,35.41,web,pickup,completed
ORD-0044205,R-0104,2025-08-17,35.24,app,delivery,completed
ORD-0044206,R-0104,2025-08-30,29.07,web,delivery,completed
ORD-0044207,R-0104,2025-08-14,38.17,app,pickup,completed
ORD-0044208,R-0104,2025-08-28,23.15,app,pickup,completed
ORD-0044209,R-0104,2025-08-09,20.42,web,delivery,completed
ORD-0044210,R-0104,2025-08-07,16.04,app,delivery,COMPLETED
ORD-0044211,R-0104,2025-08-25,16.77,app,delivery,completed
ORD-0044212,R-0104,2025-08-08,26.27,app,pickup,completed
ORD-0044213,R-0104,2025-08-21,27.53,web,pickup,completed
ORD-0044214,R-0104,2025-08-29,36.86,app,delivery,completed
ORD-0044215,R-0104,2025-08-27,40.92,app,delivery,Completed
ORD-0044216,R-0104,2025-08-29,32.96,web,pickup,completed
ORD-0044217,R-0104,2025-08-09,28.49,web,delivery,Completed
ORD-0044218,R-0104,2025-08-09,32.88,app,pickup,cancelled
ORD-0044219,R-0104,2025-08-05,26.82,app,pickup,completed
ORD-0044220,R-0104,2025-08-10,42.59,app,delivery,completed
ORD-0044221,R-0104,2025-08-16,31.92,app,pickup,COMPLETED
ORD-0044222,R-0104,2025-08-06,16.76,web,delivery,completed
ORD-0044223,R-0104,2025-08-22,29.57,web,pickup,completed
ORD-0044224,R-0104,2025-08-21,28.26,app,delivery,completed
ORD-0044225,R-0104,2025-08-28,28.79,web,delivery,completed
ORD-0044226,R-0104,2025-08-01,49.60,app,delivery,completed
ORD-0044227,R-0104,2025-08-19,27.25,app,pickup,completed
ORD-0044228,R-0104,2025-08-23,43.94,app,delivery,completed
ORD-0044229,R-0104,2025-08-29,19.78,app,pickup,completed
ORD-0044230,R-0104,2025-08-09,30.00,web,pickup,completed
ORD-0044231,R-0104,2025-08-01,36.41,app,delivery,completed
ORD-0044232,R-0104,2025-08-29,22.23,web,delivery,cancelled
ORD-0044233,R-0104,2025-08-15,42.97,web,delivery,completed
ORD-0044234,R-0104,2025-08-21,15.13,app,pickup,completed
ORD-0044235,R-0104,2025-08-12,16.77,web,delivery,completed
ORD-0044236,R-0104,2025-08-14,30.33,web,delivery,completed
ORD-0044237,R-0104,2025-08-06,22.27,app,delivery,completed
ORD-0044238,R-0104,2025-08-09,20.33,app,pickup,completed
ORD-0044239,R-0104,2025-08-02,75.94,app,delivery,completed
ORD-0044240,R-0104,2025-08-12,13.46,app,delivery,completed
ORD-0045083,R-0105,2025-08-09,28.09,web,pickup,Completed
ORD-0045084,R-0105,2025-08-22,40.77,app,delivery,cancelled
ORD-0045085,R-0105,2025-08-21,26.77,web,pickup,completed
ORD-0045086,R-0105,2025-08-23,22.99,web,delivery,completed
ORD-0045087,R-0105,2025-08-15,29.20,web,pickup,completed
ORD-0045088,R-0105,2025-08-14,22.40,app,pickup,completed
ORD-0045089,R-0105,2025-08-12,38.91,app,pickup,completed
ORD-0045090,R-0105,2025-08-15,31.09,app,pickup,completed
ORD-0045091,R-0105,2025-08-07,35.86,web,delivery,completed
ORD-0045092,R-0105,2025-08-02,29.05,web,delivery,completed
ORD-0045093,R-0105,2025-08-17,43.56,app,delivery,completed
ORD-0045094,R-0105,2025-08-02,53.11,web,delivery,cancelled
ORD-0045095,R-0105,2025-08-07,21.76,app,pickup,completed
ORD-0045096,R-0105,2025-08-01,18.82,app,delivery,completed
ORD-0045097,R-0105,2025-08-01,32.12,web,pickup,completed
ORD-0045806,R-0110,2025-08-10,39.84,web,delivery,completed
ORD-0045807,R-0110,2025-08-24,37.61,app,pickup,completed
ORD-0045808,R-0110,2025-08-08,41.94,app,pickup,completed
ORD-0045809,R-0110,2025-08-29,66.88,app,delivery,completed
ORD-0045810,R-0110,2025-08-22,24.36,app,delivery,completed
ORD-0045811,R-0110,2025-08-10,44.75,web,delivery,completed
ORD-0045812,R-0110,2025-08-18,29.68,app,pickup,completed
ORD-0045813,R-0110,2025-08-16,22.53,web,pickup,completed
ORD-0045814,R-0110,2025-08-17,28.63,web,pickup,completed
ORD-0045815,R-0110,2025-08-08,21.12,web,pickup,completed
ORD-0045816,R-0110,2025-08-16,27.03,web,pickup,refunded
ORD-0045817,R-0110,2025-08-30,34.08,app,pickup,completed
ORD-0045818,R-0110,2025-08-10,37.07,web,delivery,completed
ORD-0045819,R-0110,2025-08-22,20.36,web,pickup,completed
ORD-0045820,R-0110,2025-08-07,50.34,web,pickup,completed
ORD-0045821,R-0110,2025-08-18,28.59,app,pickup,completed
ORD-0045822,R-0110,2025-08-03,24.58,web,pickup,completed
ORD-0045823,R-0110,2025-08-01,50.09,web,delivery,completed
ORD-0045824,R-0110,2025-08-20,39.53,web,pickup,completed
ORD-0045825,R-0110,2025-08-19,24.98,web,delivery,completed
ORD-0045826,R-0110,2025-08-13,25.79,web,pickup,completed
ORD-0045827,R-0110,2025-08-09,30.55,web,delivery,Completed
ORD-0045828,R-0110,2025-08-23,42.58,web,pickup,COMPLETED
ORD-0045829,R-0110,2025-08-24,35.99,app,pickup,completed
ORD-0045830,R-0110,2025-08-22,77.90,web,delivery,completed
ORD-0045831,R-0110,2025-08-24,34.50,web,pickup,completed
ORD-0045832,R-0110,2025-08-18,53.19,app,pickup,completed
ORD-0045833,R-0110,2025-08-03,26.12,web,pickup,completed
ORD-0045834,R-0110,2025-08-07,24.59,web,pickup,completed
ORD-0045835,R-0110,2025-08-31,35.42,web,delivery,completed
ORD-0045836,R-0110,2025-08-23,64.99,web,delivery,completed
ORD-0045837,R-0110,2025-08-21,25.48,web,delivery,completed
ORD-0045838,R-0110,2025-08-05,38.32,app,delivery,Completed
ORD-0045839,R-0110,2025-08-31,34.00,app,pickup,completed
ORD-0045840,R-0110,2025-08-02,42.25,web,pickup,completed
ORD-0045841,R-0110,2025-08-29,26.60,app,delivery,completed
ORD-0045842,R-0110,2025-08-13,26.31,web,pickup,completed
ORD-0045843,R-0110,2025-08-13,25.70,web,pickup,completed
ORD-0045844,R-0110,2025-08-10,58.88,web,delivery,completed
ORD-0045845,R-0110,2025-08-03,27.31,app,delivery,completed
ORD-0046663,R-0111,2025-08-11,21.87,web,pickup,completed
ORD-0046664,R-0111,2025-08-02,24.18,app,delivery,completed
ORD-0046665,R-0111,2025-08-02,29.64,app,delivery,completed
ORD-0046666,R-0111,2025-08-23,27.25,app,delivery,completed
ORD-0046667,R-0111,2025-08-27,10.09,web,pickup,completed
ORD-0046668,R-0111,2025-08-22,15.22,web,delivery,completed
ORD-0046669,R-0111,2025-08-11,17.62,web,delivery,completed
ORD-0046670,R-0111,2025-08-02,24.23,app,pickup,completed
ORD-0046671,R-0111,2025-08-25,29.05,app,delivery,COMPLETED
ORD-0046672,R-0111,2025-08-23,17.83,web,pickup,cancelled
ORD-0046673,R-0111,2025-08-17,37.16,web,delivery,completed
ORD-0046674,R-0111,2025-08-19,27.34,app,pickup,completed
ORD-0046675,R-0111,2025-08-16,26.66,app,pickup,completed
ORD-0046676,R-0111,2025-08-10,36.05,app,delivery,COMPLETED
ORD-0046677,R-0111,2025-08-08,22.92,web,pickup,completed
ORD-0046678,R-0111,2025-08-16,24.38,app,pickup,completed
ORD-0046679,R-0111,2025-08-13,23.24,app,delivery,completed
ORD-0046680,R-0111,2025-08-02,11.52,app,delivery,completed
ORD-0046681,R-0111,2025-08-31,20.23,app,pickup,completed
ORD-0046682,R-0111,2025-08-31,20.07,app,pickup,completed
ORD-0046683,R-0111,2025-08-01,13.50,app,pickup,COMPLETED
ORD-0046684,R-0111,2025-08-01,28.45,web,delivery,completed
ORD-0046685,R-0111,2025-08-27,24.96,web,pickup,completed
ORD-0046686,R-0111,2025-08-31,19.44,app,pickup,cancelled
ORD-0046687,R-0111,2025-08-27,41.25,app,pickup,completed
ORD-0050257,R-0123,2025-08-18,45.58,web,delivery,COMPLETED
ORD-0050258,R-0123,2025-08-13,29.28,app,delivery,refunded
ORD-0050259,R-0123,2025-08-29,21.11,web,delivery,COMPLETED
ORD-0050260,R-0123,2025-08-05,27.52,app,pickup,completed
ORD-0050261,R-0123,2025-08-21,20.67,web,delivery,completed
ORD-0050262,R-0123,2025-08-03,20.99,web,delivery,completed
ORD-0050263,R-0123,2025-08-21,29.16,web,pickup,completed
ORD-0050264,R-0123,2025-08-23,34.40,app,delivery,completed
ORD-0050265,R-0123,2025-08-01,18.73,app,delivery,completed
ORD-0050266,R-0123,2025-08-29,28.28,app,delivery,completed
ORD-0050267,R-0123,2025-08-31,29.99,web,delivery,completed
ORD-0050268,R-0123,2025-08-16,37.25,web,delivery,completed
ORD-0050269,R-0123,2025-08-27,28.34,app,delivery,completed
ORD-0050270,R-0123,2025-08-17,21.32,web,delivery,COMPLETED
ORD-0050271,R-0123,2025-08-23,36.18,web,delivery,completed
ORD-0050272,R-0123,2025-08-14,49.05,web,delivery,completed
ORD-0050273,R-0123,2025-08-09,48.66,web,delivery,COMPLETED
ORD-0050274,R-0123,2025-08-23,26.18,web,delivery,completed
ORD-0050456,R-0124,2025-08-30,43.83,app,delivery,completed
ORD-0050457,R-0124,2025-08-17,33.00,web,delivery,COMPLETED
ORD-0050458,R-0124,2025-08-11,44.19,app,pickup,COMPLETED
ORD-0050459,R-0124,2025-08-11,26.03,app,delivery,cancelled
ORD-0050460,R-0124,2025-08-01,25.19,web,delivery,cancelled
ORD-0050461,R-0124,2025-08-23,25.71,web,delivery,completed
ORD-0050462,R-0124,2025-08-23,17.33,app,delivery,completed
ORD-0050463,R-0124,2025-08-07,36.61,web,pickup,COMPLETED
ORD-0050464,R-0124,2025-08-09,39.79,web,pickup,Completed
ORD-0050465,R-0124,2025-08-22,24.59,app,delivery,completed
ORD-0050466,R-0124,2025-08-09,33.22,app,delivery,completed
ORD-0050467,R-0124,2025-08-15,35.42,web,delivery,completed
ORD-0050468,R-0124,2025-08-16,23.36,web,pickup,completed
ORD-0050469,R-0124,2025-08-23,30.02,app,pickup,completed
ORD-0050470,R-0124,2025-08-21,27.68,app,delivery,Completed
ORD-0050471,R-0124,2025-08-11,18.82,web,delivery,completed
ORD-0050472,R-0124,2025-08-28,76.25,web,delivery,Completed
ORD-0050473,R-0124,2025-08-22,35.97,app,pickup,completed
ORD-0050474,R-0124,2025-08-26,39.63,app,pickup,completed
ORD-0050475,R-0124,2025-08-14,59.64,app,delivery,completed
ORD-0050476,R-0124,2025-08-08,53.53,app,delivery,completed
ORD-0050477,R-0124,2025-08-01,38.42,web,delivery,completed
ORD-0050478,R-0124,2025-08-05,23.95,web,delivery,completed
ORD-0050479,R-0124,2025-08-08,36.05,web,pickup,refunded
ORD-0050480,R-0124,2025-08-19,24.16,app,delivery,cancelled
ORD-0050481,R-0124,2025-08-30,51.71,app,delivery,completed
ORD-0050482,R-0124,2025-08-07,26.75,app,pickup,completed
ORD-0050483,R-0124,2025-08-08,13.87,app,pickup,completed
ORD-0050484,R-0124,2025-08-30,73.36,web,pickup,refunded
ORD-0050485,R-0124,2025-08-01,30.12,app,pickup,Completed
ORD-0050486,R-0124,2025-08-29,35.81,app,delivery,COMPLETED
ORD-0050487,R-0124,2025-08-03,17.06,app,delivery,completed
ORD-0050488,R-0124,2025-08-13,50.28,app,pickup,completed
ORD-0050489,R-0124,2025-08-09,24.75,web,delivery,completed
ORD-0050490,R-0124,2025-08-28,30.30,web,delivery,completed
ORD-0050491,R-0124,2025-08-25,24.02,app,pickup,completed
ORD-0050492,R-0124,2025-08-26,19.93,web,delivery,completed
ORD-0050493,R-0124,2025-08-02,34.91,web,delivery,completed
ORD-0050494,R-0124,2025-08-07,31.91,app,delivery,completed
ORD-0050495,R-0124,2025-08-19,41.80,web,delivery,completed
ORD-0050496,R-0124,2025-08-14,21.62,web,delivery,completed
ORD-0050497,R-0124,2025-08-02,33.54,app,pickup,completed
ORD-0050498,R-0124,2025-08-19,31.21,app,pickup,completed
ORD-0051758,R-0126,2025-08-10,37.32,web,pickup,completed
ORD-0051759,R-0126,2025-08-12,35.83,web,pickup,completed
ORD-0051760,R-0126,2025-08-29,24.20,web,delivery,completed
ORD-0051761,R-0126,2025-08-10,33.75,app,pickup,completed
ORD-0051762,R-0126,2025-08-16,16.62,web,pickup,Completed
ORD-0051763,R-0126,2025-08-27,40.82,app,delivery,completed
ORD-0051764,R-0126,2025-08-02,27.59,app,pickup,completed
ORD-0051765,R-0126,2025-08-15,41.26,web,delivery,completed
ORD-0051766,R-0126,2025-08-07,20.45,web,delivery,completed
ORD-0051767,R-0126,2025-08-20,55.33,app,pickup,completed
ORD-0051768,R-0126,2025-08-23,13.17,web,delivery,completed
ORD-0051769,R-0126,2025-08-26,27.59,web,pickup,completed
ORD-0051770,R-0126,2025-08-13,25.12,app,pickup,COMPLETED
ORD-0051771,R-0126,2025-08-21,20.08,app,delivery,completed
ORD-0051772,R-0126,2025-08-09,42.58,web,delivery,Completed
ORD-0051773,R-0126,2025-08-23,27.16,web,pickup,Completed
ORD-0051774,R-0126,2025-08-22,14.18,app,delivery,completed
ORD-0051775,R-0126,2025-08-31,29.09,app,delivery,COMPLETED
ORD-0051776,R-0126,2025-08-04,24.97,web,delivery,Completed
ORD-0051777,R-0126,2025-08-22,22.57,app,delivery,completed
ORD-0051778,R-0126,2025-08-24,46.53,web,pickup,completed
ORD-0051779,R-0126,2025-08-21,100.47,app,delivery,completed
ORD-0051780,R-0126,2025-08-26,32.11,web,pickup,Completed
ORD-0051781,R-0126,2025-08-27,15.81,app,pickup,completed
ORD-0051782,R-0126,2025-08-11,54.20,web,pickup,completed
ORD-0051783,R-0126,2025-08-23,25.34,web,delivery,completed
ORD-0051784,R-0126,2025-08-30,21.90,web,delivery,Completed
ORD-0051785,R-0126,2025-08-16,36.17,app,pickup,completed
ORD-0051786,R-0126,2025-08-11,23.01,web,pickup,COMPLETED
ORD-0051787,R-0126,2025-08-08,30.78,app,delivery,completed
ORD-0051788,R-0126,2025-08-14,67.61,app,delivery,completed
ORD-0051789,R-0126,2025-08-27,20.28,app,pickup,completed
ORD-0051790,R-0126,2025-08-18,9.67,app,delivery,completed
ORD-0051791,R-0126,2025-08-02,16.91,web,pickup,COMPLETED
ORD-0051792,R-0126,2025-08-15,45.75,app,delivery,completed
ORD-0051793,R-0126,2025-08-02,41.86,app,delivery,completed
ORD-0051794,R-0126,2025-08-03,10.61,app,pickup,completed
ORD-0051795,R-0126,2025-08-24,19.09,app,delivery,COMPLETED
ORD-0051796,R-0126,2025-08-23,19.13,app,pickup,completed
ORD-0051797,R-0126,2025-08-22,21.82,web,delivery,COMPLETED
ORD-0051798,R-0126,2025-08-20,50.06,web,delivery,completed
ORD-0051799,R-0126,2025-08-17,48.61,app,pickup,Completed
ORD-0051800,R-0126,2025-08-31,27.91,app,pickup,completed
ORD-0051801,R-0126,2025-08-23,25.56,web,delivery,completed
ORD-0051802,R-0126,2025-08-07,30.63,web,delivery,completed
ORD-0051803,R-0126,2025-08-17,15.54,app,pickup,completed
ORD-0051804,R-0126,2025-08-22,49.46,app,pickup,Completed
ORD-0051805,R-0126,2025-08-20,16.64,app,pickup,Completed
ORD-0051806,R-0126,2025-08-22,13.06,app,pickup,cancelled
ORD-0051807,R-0126,2025-08-17,19.16,web,pickup,completed
ORD-0051808,R-0126,2025-08-21,17.52,app,delivery,Completed
ORD-0051809,R-0126,2025-08-23,23.34,app,delivery,completed
ORD-0051810,R-0126,2025-08-22,14.46,app,pickup,completed
ORD-0051811,R-0126,2025-08-05,25.53,web,delivery,completed
ORD-0051812,R-0126,2025-08-20,11.03,web,pickup,Completed
ORD-0051813,R-0126,2025-08-24,34.64,web,delivery,completed
ORD-0051814,R-0126,2025-08-16,30.12,web,delivery,COMPLETED
ORD-0051815,R-0126,2025-08-26,20.17,web,pickup,completed
ORD-0051816,R-0126,2025-08-16,15.11,web,pickup,completed
ORD-0051817,R-0126,2025-08-05,24.83,web,delivery,completed
ORD-0051818,R-0126,2025-08-29,16.08,web,delivery,COMPLETED
ORD-0051819,R-0126,2025-08-02,37.70,app,delivery,completed
ORD-0051820,R-0126,2025-08-30,14.97,app,pickup,completed
ORD-0051821,R-0126,2025-08-04,12.66,web,pickup,COMPLETED
ORD-0051822,R-0126,2025-08-22,24.19,web,pickup,completed
ORD-0051823,R-0126,2025-08-22,28.28,app,delivery,completed
ORD-0051824,R-0126,2025-08-08,33.97,web,delivery,completed
ORD-0051825,R-0126,2025-08-14,27.57,app,delivery,Completed
ORD-0051826,R-0126,2025-08-14,33.84,web,pickup,completed
ORD-0051827,R-0126,2025-08-01,34.55,app,pickup,completed
ORD-0051828,R-0126,2025-08-23,87.22,app,delivery,completed
ORD-0051829,R-0126,2025-08-26,49.83,app,delivery,completed
ORD-0051830,R-0126,2025-08-31,12.76,app,delivery,completed
ORD-0051831,R-0126,2025-08-30,31.83,app,delivery,Completed
ORD-0051832,R-0126,2025-08-13,40.51,app,delivery,completed
ORD-0051833,R-0126,2025-08-23,21.65,app,pickup,completed
ORD-0051834,R-0126,2025-08-31,34.82,web,pickup,cancelled
ORD-0051835,R-0126,2025-08-23,49.80,web,pickup,completed
ORD-0051836,R-0126,2025-08-08,20.65,web,pickup,completed
ORD-0051837,R-0126,2025-08-21,13.03,app,delivery,completed
ORD-0051838,R-0126,2025-08-27,14.63,web,pickup,Cancelled
ORD-0051839,R-0126,2025-08-17,17.50,app,pickup,completed
ORD-0051840,R-0126,2025-08-02,28.10,app,pickup,completed
ORD-0051841,R-0126,2025-08-30,38.89,web,pickup,completed
ORD-0051842,R-0126,2025-08-20,26.39,web,pickup,completed
ORD-0051843,R-0126,2025-08-24,19.98,web,delivery,completed
ORD-0051844,R-0126,2025-08-17,35.86,web,delivery,completed
ORD-0051845,R-0126,2025-08-10,38.90,web,pickup,completed
ORD-0051846,R-0126,2025-08-27,20.12,web,pickup,completed
ORD-0051847,R-0126,2025-08-09,36.32,app,pickup,completed
ORD-0051848,R-0126,2025-08-09,30.30,web,pickup,completed
ORD-0051849,R-0126,2025-08-15,39.66,app,pickup,completed
ORD-0051850,R-0126,2025-08-19,15.31,app,pickup,completed
ORD-0051851,R-0126,2025-08-21,28.16,app,pickup,completed
ORD-0051852,R-0126,2025-08-14,19.62,app,pickup,completed
ORD-0051853,R-0126,2025-08-15,49.14,web,delivery,completed
ORD-0051854,R-0126,2025-08-10,32.95,app,pickup,completed
ORD-0051855,R-0126,2025-08-28,20.65,web,pickup,completed
ORD-0051856,R-0126,2025-08-22,29.51,app,pickup,completed
ORD-0051857,R-0126,2025-08-05,29.35,web,pickup,completed
ORD-0051858,R-0126,2025-08-29,44.09,app,delivery,completed
ORD-0051859,R-0126,2025-08-31,24.27,web,delivery,completed
ORD-0051860,R-0126,2025-08-30,38.41,app,delivery,completed
ORD-0051861,R-0126,2025-08-24,19.45,app,pickup,completed
ORD-0051862,R-0126,2025-08-12,23.22,app,delivery,completed
ORD-0051863,R-0126,2025-08-01,16.46,app,pickup,completed
ORD-0051864,R-0126,2025-08-15,98.06,app,delivery,completed
ORD-0051865,R-0126,2025-08-01,10.86,web,delivery,completed
ORD-0051866,R-0126,2025-08-10,37.22,app,pickup,completed
ORD-0051867,R-0126,2025-08-16,33.83,app,pickup,completed
ORD-0051868,R-0126,2025-08-24,43.66,web,delivery,completed
ORD-0051869,R-0126,2025-08-21,30.30,app,delivery,completed
ORD-0051870,R-0126,2025-08-20,13.11,web,pickup,completed
ORD-0051871,R-0126,2025-08-21,10.98,app,delivery,completed
ORD-0051872,R-0126,2025-08-08,41.67,app,delivery,completed
ORD-0051873,R-0126,2025-08-28,19.41,app,delivery,COMPLETED
ORD-0051874,R-0126,2025-08-02,34.05,web,delivery,completed
ORD-0051875,R-0126,2025-08-07,33.80,web,delivery,completed
ORD-0051876,R-0126,2025-08-10,23.60,web,delivery,completed
ORD-0051877,R-0126,2025-08-29,53.81,app,delivery,completed
ORD-0051878,R-0126,2025-08-02,15.13,web,pickup,completed
ORD-0051879,R-0126,2025-08-08,47.68,web,pickup,completed
ORD-0051880,R-0126,2025-08-29,28.46,app,delivery,completed
ORD-0051881,R-0126,2025-08-01,17.42,app,pickup,completed
ORD-0051882,R-0126,2025-08-03,19.20,web,pickup,completed
ORD-0051883,R-0126,2025-08-23,30.46,app,delivery,CANCELLED
ORD-0051884,R-0126,2025-08-05,15.98,app,pickup,completed
ORD-0051885,R-0126,2025-08-06,51.02,app,delivery,completed
ORD-0051886,R-0126,2025-08-06,23.65,app,delivery,completed
ORD-0051887,R-0126,2025-08-13,43.52,app,pickup,Cancelled
ORD-0051888,R-0126,2025-08-08,27.98,web,delivery,COMPLETED
ORD-0051889,R-0126,2025-08-18,21.63,web,delivery,Completed
ORD-0051890,R-0126,2025-08-28,18.31,app,pickup,completed
ORD-0051891,R-0126,2025-08-19,20.82,app,delivery,completed
ORD-0051892,R-0126,2025-08-28,33.20,app,delivery,completed
ORD-0051893,R-0126,2025-08-15,27.75,web,delivery,completed
ORD-0051894,R-0126,2025-08-16,76.05,web,delivery,COMPLETED
ORD-0051895,R-0126,2025-08-11,16.24,web,pickup,completed
ORD-0051896,R-0126,2025-08-12,48.39,app,delivery,completed
ORD-0051897,R-0126,2025-08-29,47.78,web,delivery,COMPLETED
ORD-0051898,R-0126,2025-08-02,32.60,web,delivery,completed
ORD-0051899,R-0126,2025-08-07,35.61,app,delivery,completed
ORD-0051900,R-0126,2025-08-21,34.66,app,delivery,completed
ORD-0051901,R-0126,2025-08-08,19.54,web,pickup,completed
ORD-0051902,R-0126,2025-08-12,56.31,web,delivery,Completed
ORD-0051903,R-0126,2025-08-16,28.46,app,pickup,Completed
ORD-0051904,R-0126,2025-08-08,33.57,app,delivery,completed
ORD-0051905,R-0126,2025-08-10,26.78,web,pickup,completed
ORD-0051906,R-0126,2025-08-05,23.11,web,pickup,refunded
ORD-0051907,R-0126,2025-08-27,16.12,app,pickup,completed
ORD-0051908,R-0126,2025-08-08,14.93,web,pickup,completed
ORD-0055292,R-0129,2025-08-16,22.14,app,delivery,completed
ORD-0055552,R-0132,2025-08-30,52.03,app,pickup,cancelled
ORD-0055553,R-0132,2025-08-24,10.07,web,pickup,completed
ORD-0055554,R-0132,2025-08-23,19.45,web,pickup,completed
ORD-0055555,R-0132,2025-08-14,24.09,web,pickup,completed
ORD-0055556,R-0132,2025-08-17,26.32,web,delivery,completed
ORD-0055557,R-0132,2025-08-14,26.83,app,pickup,completed
ORD-0055558,R-0132,2025-08-26,18.51,web,pickup,completed
ORD-0055559,R-0132,2025-08-21,12.41,app,pickup,cancelled
ORD-0055560,R-0132,2025-08-19,31.36,web,delivery,refunded
ORD-0055561,R-0132,2025-08-28,27.33,app,delivery,completed
ORD-0055562,R-0132,2025-08-17,23.26,web,delivery,completed
ORD-0055563,R-0132,2025-08-27,25.98,web,pickup,completed
ORD-0055564,R-0132,2025-08-14,33.01,app,pickup,completed
ORD-0055565,R-0132,2025-08-30,33.50,web,delivery,COMPLETED
ORD-0055566,R-0132,2025-08-23,13.51,app,pickup,completed
ORD-0055567,R-0132,2025-08-18,14.07,web,delivery,completed
ORD-0055568,R-0132,2025-08-25,24.45,web,pickup,completed
ORD-0055569,R-0132,2025-08-16,21.89,web,pickup,Completed
ORD-0055570,R-0132,2025-08-25,30.22,web,pickup,completed
ORD-0055571,R-0132,2025-08-30,24.86,web,pickup,completed
ORD-0055572,R-0132,2025-08-09,27.94,web,delivery,cancelled
ORD-0055573,R-0132,2025-08-30,24.68,web,delivery,completed
ORD-0055574,R-0132,2025-08-11,21.92,web,delivery,completed
ORD-0055575,R-0132,2025-08-25,26.25,web,pickup,completed
ORD-0055576,R-0132,2025-08-25,21.56,app,pickup,COMPLETED
ORD-0055577,R-0132,2025-08-21,15.86,web,delivery,completed
ORD-0055578,R-0132,2025-08-18,14.30,web,delivery,completed
ORD-0055579,R-0132,2025-08-19,12.53,web,delivery,completed
ORD-0055580,R-0132,2025-08-16,18.03,web,delivery,completed
ORD-0055581,R-0132,2025-08-18,27.40,app,delivery,completed
ORD-0055582,R-0132,2025-08-14,48.91,web,pickup,completed
ORD-0055583,R-0132,2025-08-20,17.29,web,delivery,completed
ORD-0055584,R-0132,2025-08-19,29.66,web,pickup,completed
ORD-0055585,R-0132,2025-08-11,32.90,web,delivery,completed
ORD-0056863,R-0136,2025-08-27,15.37,app,delivery,completed
ORD-0056864,R-0136,2025-08-30,46.79,app,delivery,completed
ORD-0056865,R-0136,2025-08-12,14.67,web,delivery,completed
ORD-0056866,R-0136,2025-08-07,24.41,app,pickup,completed
ORD-0056867,R-0136,2025-08-18,13.98,app,delivery,COMPLETED
ORD-0056868,R-0136,2025-08-30,29.50,app,delivery,completed
ORD-0056869,R-0136,2025-08-16,27.08,web,delivery,completed
ORD-0056870,R-0136,2025-08-17,27.97,app,delivery,completed
ORD-0056871,R-0136,2025-08-19,31.63,app,delivery,completed
ORD-0056872,R-0136,2025-08-31,34.72,app,delivery,completed
ORD-0056873,R-0136,2025-08-07,62.26,app,delivery,completed
ORD-0056874,R-0136,2025-08-06,28.83,app,pickup,completed
ORD-0056875,R-0136,2025-08-06,17.47,app,pickup,completed
ORD-0056876,R-0136,2025-08-16,24.97,app,pickup,completed
ORD-0056877,R-0136,2025-08-29,37.94,app,pickup,COMPLETED
ORD-0056878,R-0136,2025-08-15,16.70,app,delivery,completed
ORD-0056879,R-0136,2025-08-24,43.51,app,pickup,completed
ORD-0056880,R-0136,2025-08-14,59.90,app,delivery,completed
ORD-0056881,R-0136,2025-08-21,15.38,app,pickup,completed
ORD-0056882,R-0136,2025-08-19,20.07,app,delivery,completed
ORD-0056883,R-0136,2025-08-20,17.95,app,delivery,completed
ORD-0056884,R-0136,2025-08-06,23.03,app,delivery,completed
ORD-0056885,R-0136,2025-08-08,60.77,app,delivery,completed
ORD-0056886,R-0136,2025-08-24,60.20,app,pickup,completed
ORD-0056887,R-0136,2025-08-15,16.85,app,pickup,completed
ORD-0056888,R-0136,2025-08-15,42.75,app,delivery,COMPLETED
ORD-0057747,R-0141,2025-08-03,27.50,web,pickup,completed
ORD-0057748,R-0141,2025-08-07,13.39,web,pickup,completed
ORD-0057749,R-0141,2025-08-16,33.91,app,pickup,completed
ORD-0057750,R-0141,2025-08-14,17.14,web,pickup,completed
ORD-0057751,R-0141,2025-08-16,23.67,app,delivery,completed
ORD-0057752,R-0141,2025-08-03,26.05,app,delivery,completed
ORD-0057753,R-0141,2025-08-01,44.17,web,delivery,completed
ORD-0057754,R-0141,2025-08-03,41.44,app,delivery,completed
ORD-0057755,R-0141,2025-08-08,15.70,app,delivery,completed
ORD-0057756,R-0141,2025-08-13,25.64,app,delivery,completed
ORD-0057757,R-0141,2025-08-15,30.22,web,delivery,completed
ORD-0057758,R-0141,2025-08-03,42.63,web,pickup,completed
ORD-0057759,R-0141,2025-08-07,32.36,app,pickup,completed
ORD-0057760,R-0141,2025-08-18,21.84,web,pickup,completed
ORD-0057761,R-0141,2025-08-22,26.33,web,delivery,completed
ORD-0057762,R-0141,2025-08-19,37.19,app,delivery,completed
ORD-0057763,R-0141,2025-08-22,14.53,web,delivery,completed
ORD-0057764,R-0141,2025-08-09,35.57,app,pickup,completed
ORD-0057765,R-0141,2025-08-18,38.63,web,delivery,cancelled
ORD-0057766,R-0141,2025-08-23,39.37,web,delivery,completed
ORD-0057767,R-0141,2025-08-21,35.86,app,delivery,completed
ORD-0057768,R-0141,2025-08-02,44.68,web,pickup,completed
ORD-0057769,R-0141,2025-08-06,32.94,app,delivery,completed
ORD-0057770,R-0141,2025-08-10,14.11,web,pickup,completed
ORD-0057771,R-0141,2025-08-29,19.98,web,delivery,cancelled
ORD-0057772,R-0141,2025-08-13,30.95,app,delivery,completed
ORD-0057773,R-0141,2025-08-29,51.85,app,pickup,completed
ORD-0057774,R-0141,2025-08-23,37.03,web,delivery,completed
ORD-0057775,R-0141,2025-08-17,22.10,app,pickup,completed
ORD-0057776,R-0141,2025-08-22,18.56,app,pickup,completed
ORD-0057777,R-0141,2025-08-23,41.53,app,pickup,Completed
ORD-0057778,R-0141,2025-08-25,13.82,web,delivery,completed
ORD-0057779,R-0141,2025-08-09,28.62,web,delivery,completed
ORD-0057780,R-0141,2025-08-29,11.79,app,delivery,completed
ORD-0057781,R-0141,2025-08-18,28.31,web,pickup,completed
ORD-0057782,R-0141,2025-08-11,19.17,app,delivery,completed
ORD-0057783,R-0141,2025-08-17,15.12,app,pickup,completed
ORD-0057784,R-0141,2025-08-30,43.80,web,delivery,completed
ORD-0057785,R-0141,2025-08-24,17.82,app,pickup,completed
ORD-0057786,R-0141,2025-08-02,42.24,web,delivery,completed
ORD-0057787,R-0141,2025-08-26,25.71,app,pickup,completed
ORD-0057788,R-0141,2025-08-28,29.61,app,pickup,COMPLETED
ORD-0057789,R-0141,2025-08-25,40.71,app,pickup,completed
ORD-0057790,R-0141,2025-08-01,15.57,web,pickup,completed
ORD-0057791,R-0141,2025-08-08,27.38,app,pickup,completed
ORD-0057792,R-0141,2025-08-24,14.49,web,pickup,completed
ORD-0057793,R-0141,2025-08-19,14.43,app,pickup,completed
ORD-0057794,R-0141,2025-08-07,25.85,app,pickup,completed
ORD-0058879,R-0142,2025-08-17,22.35,app,delivery,completed
ORD-0058880,R-0142,2025-08-28,31.71,app,pickup,completed
ORD-0058881,R-0142,2025-08-18,24.80,web,pickup,completed
ORD-0058882,R-0142,2025-08-26,29.75,app,pickup,completed
ORD-0058883,R-0142,2025-08-10,36.63,web,delivery,completed
ORD-0058884,R-0142,2025-08-22,39.49,app,delivery,completed
ORD-0058885,R-0142,2025-08-02,33.21,app,delivery,completed
ORD-0058886,R-0142,2025-08-17,39.61,app,delivery,completed
ORD-0058887,R-0142,2025-08-24,21.14,web,delivery,completed
ORD-0058888,R-0142,2025-08-25,33.00,app,pickup,completed
ORD-0058889,R-0142,2025-08-16,32.09,app,delivery,Completed
ORD-0058890,R-0142,2025-08-25,36.69,web,delivery,Cancelled
ORD-0059406,R-0143,2025-08-31,50.72,app,pickup,completed
ORD-0059407,R-0143,2025-08-11,75.28,web,pickup,completed
ORD-0059408,R-0143,2025-08-24,47.04,app,pickup,completed
ORD-0059409,R-0143,2025-08-08,61.74,app,pickup,completed
ORD-0059410,R-0143,2025-08-29,40.55,app,delivery,completed
ORD-0059411,R-0143,2025-08-06,36.79,app,pickup,completed
ORD-0059412,R-0143,2025-08-06,33.68,app,pickup,completed
ORD-0059413,R-0143,2025-08-03,143.51,app,delivery,completed
ORD-0059414,R-0143,2025-08-26,64.22,app,pickup,completed
ORD-0059415,R-0143,2025-08-17,102.43,app,pickup,completed
ORD-0059416,R-0143,2025-08-06,73.96,app,pickup,completed
ORD-0059417,R-0143,2025-08-02,46.73,app,pickup,completed
ORD-0059418,R-0143,2025-08-11,79.35,app,pickup,completed
ORD-0059419,R-0143,2025-08-01,53.47,web,delivery,completed
ORD-0059420,R-0143,2025-08-15,85.75,web,delivery,cancelled
ORD-0059421,R-0143,2025-08-10,33.88,web,pickup,completed
ORD-0059422,R-0143,2025-08-03,73.78,app,pickup,COMPLETED
ORD-0059423,R-0143,2025-08-30,51.80,app,pickup,COMPLETED
ORD-0059424,R-0143,2025-08-13,60.31,app,delivery,completed
ORD-0059425,R-0143,2025-08-13,56.03,app,pickup,completed
ORD-0059426,R-0143,2025-08-01,61.64,app,pickup,Completed
ORD-0059427,R-0143,2025-08-08,33.39,web,pickup,completed
ORD-0059428,R-0143,2025-08-02,38.84,app,pickup,completed
ORD-0059429,R-0143,2025-08-01,38.29,app,pickup,completed
ORD-0059430,R-0143,2025-08-31,24.36,web,pickup,completed
ORD-0059431,R-0143,2025-08-10,36.77,app,pickup,completed
ORD-0059432,R-0143,2025-08-24,34.44,web,delivery,completed
ORD-0059433,R-0143,2025-08-21,78.57,app,pickup,completed
ORD-0059434,R-0143,2025-08-01,52.39,web,delivery,completed
ORD-0059435,R-0143,2025-08-05,30.06,app,pickup,completed
ORD-0059436,R-0143,2025-08-02,101.71,app,pickup,completed
ORD-0059437,R-0143,2025-08-18,32.24,app,pickup,completed
ORD-0059438,R-0143,2025-08-10,62.29,app,pickup,COMPLETED
ORD-0059439,R-0143,2025-08-26,20.95,app,pickup,completed
ORD-0059440,R-0143,2025-08-24,21.16,app,delivery,completed
ORD-0059441,R-0143,2025-08-09,55.87,app,pickup,refunded
ORD-0059442,R-0143,2025-08-10,97.33,app,pickup,completed
ORD-0059443,R-0143,2025-08-01,58.96,app,pickup,completed
ORD-0059444,R-0143,2025-08-21,79.82,app,pickup,completed
ORD-0059445,R-0143,2025-08-15,56.75,app,pickup,completed
ORD-0059446,R-0143,2025-08-08,52.70,app,pickup,completed
ORD-0059447,R-0143,2025-08-12,38.10,web,delivery,completed
ORD-0059448,R-0143,2025-08-22,46.57,app,pickup,completed
ORD-0059507,R-0144,2025-08-04,24.27,web,pickup,completed
ORD-0059508,R-0144,2025-08-22,25.07,web,delivery,completed
ORD-0059509,R-0144,2025-08-23,33.27,web,delivery,completed
ORD-0059510,R-0144,2025-08-21,48.81,web,delivery,completed
ORD-0059511,R-0144,2025-08-21,37.55,web,pickup,completed
ORD-0059512,R-0144,2025-08-01,38.16,web,pickup,completed
ORD-0059513,R-0144,2025-08-13,20.64,web,delivery,COMPLETED
ORD-0059514,R-0144,2025-08-30,21.84,web,delivery,completed
ORD-0059515,R-0144,2025-08-22,12.14,app,delivery,completed
ORD-0059516,R-0144,2025-08-27,29.13,web,delivery,completed
ORD-0059517,R-0144,2025-08-01,25.64,web,delivery,COMPLETED
ORD-0059518,R-0144,2025-08-23,14.19,web,pickup,completed
ORD-0059519,R-0144,2025-08-15,56.90,web,pickup,Cancelled
ORD-0059520,R-0144,2025-08-08,22.88,app,pickup,COMPLETED
ORD-0059521,R-0144,2025-08-01,33.33,web,pickup,COMPLETED
ORD-0059522,R-0144,2025-08-07,59.53,web,pickup,COMPLETED
ORD-0059523,R-0144,2025-08-23,31.83,web,delivery,completed
ORD-0059524,R-0144,2025-08-31,64.10,web,delivery,completed
ORD-0059525,R-0144,2025-08-21,29.87,web,delivery,completed
ORD-0059526,R-0144,2025-08-07,55.42,web,delivery,completed
ORD-0059527,R-0144,2025-08-18,32.90,web,delivery,Completed
ORD-0059528,R-0144,2025-08-02,28.97,app,delivery,completed
ORD-0059529,R-0144,2025-08-21,38.30,web,delivery,completed
ORD-0059530,R-0144,2025-08-11,22.46,web,delivery,completed
ORD-0059531,R-0144,2025-08-08,30.38,app,pickup,completed
ORD-0059532,R-0144,2025-08-05,46.38,web,delivery,completed
ORD-0059533,R-0144,2025-08-22,33.42,app,delivery,completed
ORD-0059534,R-0144,2025-08-10,25.78,web,delivery,completed
ORD-0060505,R-0146,2025-08-15,25.29,app,pickup,completed
ORD-0060506,R-0146,2025-08-13,27.44,web,pickup,completed
ORD-0060507,R-0146,2025-08-27,40.71,app,delivery,completed
ORD-0060508,R-0146,2025-08-03,25.71,web,delivery,completed
ORD-0060509,R-0146,2025-08-06,27.02,web,pickup,completed
ORD-0060510,R-0146,2025-08-30,28.79,web,delivery,completed
ORD-0060511,R-0146,2025-08-07,42.54,web,delivery,completed
ORD-0060512,R-0146,2025-08-29,34.24,web,delivery,completed
ORD-0060513,R-0146,2025-08-22,34.03,app,delivery,completed
ORD-0060514,R-0146,2025-08-19,30.98,app,pickup,completed
ORD-0060515,R-0146,2025-08-11,25.76,app,delivery,completed
ORD-0060516,R-0146,2025-08-07,30.66,web,delivery,cancelled
ORD-0060517,R-0146,2025-08-17,22.02,web,delivery,completed
ORD-0060518,R-0146,2025-08-25,37.85,web,delivery,completed
ORD-0060519,R-0146,2025-08-31,36.17,web,pickup,Completed
ORD-0060520,R-0146,2025-08-13,34.69,web,pickup,completed
ORD-0060521,R-0146,2025-08-30,33.18,app,delivery,COMPLETED
ORD-0060522,R-0146,2025-08-16,36.29,app,pickup,completed
ORD-0060523,R-0146,2025-08-02,35.61,web,pickup,completed
ORD-0060524,R-0146,2025-08-15,35.43,app,pickup,completed
ORD-0060525,R-0146,2025-08-29,27.41,app,pickup,completed
ORD-0060526,R-0146,2025-08-20,25.66,web,delivery,completed
ORD-0060527,R-0146,2025-08-20,32.52,app,delivery,completed
ORD-0060528,R-0146,2025-08-20,34.67,app,delivery,COMPLETED
ORD-0060529,R-0146,2025-08-06,54.31,web,delivery,refunded
ORD-0060530,R-0146,2025-08-11,26.39,app,pickup,Completed
ORD-0060531,R-0146,2025-08-29,28.84,app,delivery,completed
ORD-0060532,R-0146,2025-08-23,23.06,web,pickup,COMPLETED
ORD-0060533,R-0146,2025-08-15,19.58,web,delivery,COMPLETED
ORD-0060534,R-0146,2025-08-09,42.77,app,pickup,completed
ORD-0060535,R-0146,2025-08-16,34.24,web,pickup,completed
ORD-0060536,R-0146,2025-08-21,26.85,web,delivery,completed
ORD-0060537,R-0146,2025-08-20,31.58,web,pickup,completed
ORD-0060538,R-0146,2025-08-22,37.42,web,delivery,completed
ORD-0060539,R-0146,2025-08-07,37.24,web,pickup,COMPLETED
ORD-0060540,R-0146,2025-08-08,35.31,app,pickup,completed
ORD-0060541,R-0146,2025-08-29,28.42,app,delivery,completed
ORD-0060542,R-0146,2025-08-12,24.39,web,delivery,completed
ORD-0060543,R-0146,2025-08-24,38.85,app,delivery,completed
ORD-0060544,R-0146,2025-08-10,34.12,app,pickup,completed
ORD-0060545,R-0146,2025-08-22,40.67,app,pickup,completed
ORD-0060546,R-0146,2025-08-27,30.90,web,pickup,completed
ORD-0060547,R-0146,2025-08-11,48.92,app,delivery,completed
ORD-0060548,R-0146,2025-08-02,35.42,web,pickup,completed
ORD-0060549,R-0146,2025-08-09,26.78,app,pickup,completed
ORD-0060550,R-0146,2025-08-27,27.02,app,pickup,completed
ORD-0060551,R-0146,2025-08-05,18.28,web,pickup,completed
ORD-0060552,R-0146,2025-08-10,19.90,app,pickup,Completed
ORD-0060553,R-0146,2025-08-23,28.95,web,delivery,completed
ORD-0060554,R-0146,2025-08-25,26.05,web,delivery,completed
ORD-0060555,R-0146,2025-08-28,37.93,web,delivery,completed
ORD-0060556,R-0146,2025-08-02,18.13,web,delivery,completed
ORD-0060557,R-0146,2025-08-01,37.43,app,pickup,completed
ORD-0060558,R-0146,2025-08-24,37.64,web,delivery,completed
ORD-0060559,R-0146,2025-08-28,20.67,web,pickup,completed
ORD-0060560,R-0146,2025-08-24,39.44,app,pickup,COMPLETED
ORD-0060561,R-0146,2025-08-28,50.02,app,delivery,completed
ORD-0060562,R-0146,2025-08-01,30.95,app,pickup,completed
ORD-0060563,R-0146,2025-08-15,36.27,app,pickup,Completed
ORD-0060564,R-0146,2025-08-22,31.91,web,delivery,completed
ORD-0060565,R-0146,2025-08-24,51.33,web,delivery,completed
ORD-0060566,R-0146,2025-08-30,38.09,web,pickup,completed
ORD-0060567,R-0146,2025-08-05,35.55,app,delivery,completed
ORD-0060568,R-0146,2025-08-12,25.12,web,delivery,completed
ORD-0060569,R-0146,2025-08-17,29.46,app,delivery,completed
ORD-0060570,R-0146,2025-08-15,24.24,app,pickup,completed
ORD-0060571,R-0146,2025-08-15,33.43,web,delivery,completed
ORD-0060572,R-0146,2025-08-07,36.56,app,pickup,completed
ORD-0060573,R-0146,2025-08-21,19.19,web,pickup,completed
ORD-0060574,R-0146,2025-08-09,25.66,app,delivery,completed
ORD-0060575,R-0146,2025-08-07,27.97,app,pickup,completed
ORD-0060576,R-0146,2025-08-30,26.68,app,delivery,completed
ORD-0060577,R-0146,2025-08-31,25.42,web,delivery,completed
ORD-0060578,R-0146,2025-08-22,34.70,web,pickup,completed
ORD-0060579,R-0146,2025-08-30,25.32,web,pickup,completed
ORD-0060580,R-0146,2025-08-07,23.69,app,delivery,completed
ORD-0060581,R-0146,2025-08-28,18.00,web,pickup,completed
ORD-0060582,R-0146,2025-08-11,19.46,web,delivery,completed
ORD-0060583,R-0146,2025-08-21,25.65,app,delivery,completed
ORD-0060584,R-0146,2025-08-02,38.53,web,delivery,completed
ORD-0060585,R-0146,2025-08-11,39.73,app,pickup,completed
ORD-0060586,R-0146,2025-08-25,44.81,app,pickup,completed
ORD-0060587,R-0146,2025-08-06,27.67,web,delivery,completed
ORD-0060588,R-0146,2025-08-28,53.60,app,pickup,completed
ORD-0060589,R-0146,2025-08-02,37.19,web,pickup,completed
ORD-0060590,R-0146,2025-08-09,21.96,app,pickup,completed
ORD-0060591,R-0146,2025-08-27,23.05,app,pickup,completed
ORD-0060592,R-0146,2025-08-12,33.47,web,pickup,Completed
ORD-0060593,R-0146,2025-08-23,28.50,app,pickup,completed
ORD-0060594,R-0146,2025-08-03,28.13,web,pickup,completed
ORD-0060595,R-0146,2025-08-30,28.27,web,pickup,completed
ORD-0060596,R-0146,2025-08-05,35.55,web,pickup,completed
ORD-0060597,R-0146,2025-08-05,26.39,web,pickup,COMPLETED
ORD-0060598,R-0146,2025-08-07,26.38,app,pickup,completed
ORD-0060599,R-0146,2025-08-31,50.18,web,delivery,completed
ORD-0060600,R-0146,2025-08-31,22.27,web,pickup,completed
ORD-0060601,R-0146,2025-08-16,31.30,app,delivery,completed
ORD-0060602,R-0146,2025-08-01,22.59,web,delivery,completed
ORD-0060603,R-0146,2025-08-09,26.33,web,delivery,completed
ORD-0060604,R-0146,2025-08-20,29.79,web,delivery,completed
ORD-0060605,R-0146,2025-08-29,29.90,app,pickup,completed
ORD-0060606,R-0146,2025-08-02,19.22,web,delivery,completed
ORD-0060607,R-0146,2025-08-01,60.40,app,pickup,completed
ORD-0060608,R-0146,2025-08-03,30.50,app,pickup,completed
ORD-0060609,R-0146,2025-08-11,25.33,web,delivery,completed
ORD-0060610,R-0146,2025-08-02,25.94,web,pickup,completed
ORD-0060611,R-0146,2025-08-24,30.26,web,pickup,completed
ORD-0060612,R-0146,2025-08-30,31.48,web,delivery,completed
ORD-0060613,R-0146,2025-08-17,34.94,app,delivery,completed
ORD-0060614,R-0146,2025-08-24,29.07,web,delivery,completed
ORD-0060615,R-0146,2025-08-29,40.32,web,pickup,cancelled
ORD-0060616,R-0146,2025-08-10,40.90,web,delivery,completed
ORD-0060617,R-0146,2025-08-16,40.68,web,pickup,completed
ORD-0060618,R-0146,2025-08-25,29.26,app,pickup,completed
ORD-0060619,R-0146,2025-08-29,36.41,app,delivery,completed
ORD-0060620,R-0146,2025-08-08,44.47,web,pickup,completed
ORD-0060621,R-0146,2025-08-14,35.27,app,delivery,Completed
ORD-0060622,R-0146,2025-08-05,18.38,web,pickup,Cancelled
ORD-0060623,R-0146,2025-08-02,25.64,app,pickup,completed
ORD-0060624,R-0146,2025-08-06,31.91,app,pickup,completed
ORD-0060625,R-0146,2025-08-23,23.86,app,delivery,completed
ORD-0060626,R-0146,2025-08-05,23.23,web,pickup,completed
ORD-0060627,R-0146,2025-08-10,39.75,app,delivery,COMPLETED
ORD-0060628,R-0146,2025-08-21,37.45,app,delivery,COMPLETED
ORD-0060629,R-0146,2025-08-31,26.18,web,delivery,COMPLETED
ORD-0060630,R-0146,2025-08-17,22.96,app,pickup,COMPLETED
ORD-0060631,R-0146,2025-08-16,46.94,web,delivery,completed
ORD-0060632,R-0146,2025-08-10,37.05,app,pickup,Completed
ORD-0060633,R-0146,2025-08-14,35.20,web,delivery,completed
ORD-0060634,R-0146,2025-08-24,21.94,app,pickup,completed
ORD-0060635,R-0146,2025-08-26,37.40,web,pickup,completed
ORD-0060636,R-0146,2025-08-11,27.99,web,delivery,completed
ORD-0060637,R-0146,2025-08-20,28.48,app,delivery,completed
ORD-0060638,R-0146,2025-08-17,25.44,web,pickup,refunded
ORD-0060639,R-0146,2025-08-10,27.35,web,delivery,completed
ORD-0060640,R-0146,2025-08-22,19.96,app,pickup,completed
ORD-0060641,R-0146,2025-08-01,27.68,web,delivery,COMPLETED
ORD-0060642,R-0146,2025-08-09,22.47,app,delivery,completed
ORD-0060643,R-0146,2025-08-16,36.39,web,delivery,completed
ORD-0060644,R-0146,2025-08-21,21.89,app,delivery,completed
ORD-0060645,R-0146,2025-08-02,25.80,web,pickup,completed
ORD-0060646,R-0146,2025-08-16,42.12,app,delivery,completed
ORD-0060647,R-0146,2025-08-11,27.15,app,pickup,completed
ORD-0060648,R-0146,2025-08-17,44.78,app,delivery,completed
ORD-0060649,R-0146,2025-08-29,30.61,app,pickup,completed
ORD-0060650,R-0146,2025-08-16,27.75,web,delivery,completed
ORD-0060651,R-0146,2025-08-16,27.11,web,delivery,completed
ORD-0060652,R-0146,2025-08-15,44.13,app,pickup,completed
ORD-0061750,R-0154,2025-08-07,25.24,app,delivery,completed
ORD-0061751,R-0154,2025-08-15,73.85,web,delivery,completed
ORD-0061752,R-0154,2025-08-12,33.38,web,delivery,completed
ORD-0061753,R-0154,2025-08-03,45.38,web,pickup,completed
ORD-0061754,R-0154,2025-08-01,77.06,app,delivery,COMPLETED
ORD-0061755,R-0154,2025-08-26,16.94,web,delivery,completed
ORD-0061756,R-0154,2025-08-16,45.14,app,pickup,completed
ORD-0061757,R-0154,2025-08-12,24.37,app,delivery,completed
ORD-0061758,R-0154,2025-08-26,32.33,app,delivery,COMPLETED
ORD-0061759,R-0154,2025-08-24,72.59,app,delivery,COMPLETED
ORD-0061760,R-0154,2025-08-22,26.42,app,delivery,completed
ORD-0061761,R-0154,2025-08-24,27.07,app,delivery,completed
ORD-0061762,R-0154,2025-08-14,53.12,app,delivery,completed
ORD-0061763,R-0154,2025-08-16,27.13,web,pickup,completed
ORD-0061764,R-0154,2025-08-06,54.58,app,delivery,COMPLETED
ORD-0061765,R-0154,2025-08-14,53.42,web,delivery,completed
ORD-0061766,R-0154,2025-08-11,28.50,web,delivery,COMPLETED
ORD-0061767,R-0154,2025-08-01,63.37,web,delivery,completed
ORD-0061768,R-0154,2025-08-11,42.04,web,delivery,completed
ORD-0061769,R-0154,2025-08-02,68.37,web,delivery,completed
ORD-0061770,R-0154,2025-08-14,26.56,web,delivery,completed
ORD-0061771,R-0154,2025-08-09,22.50,app,delivery,completed
ORD-0061772,R-0154,2025-08-05,42.08,app,delivery,completed
ORD-0061773,R-0154,2025-08-27,46.71,app,delivery,completed
ORD-0061774,R-0154,2025-08-28,29.60,app,delivery,completed
ORD-0061775,R-0154,2025-08-31,26.77,app,delivery,completed
ORD-0061776,R-0154,2025-08-13,15.61,app,delivery,completed
ORD-0061777,R-0154,2025-08-08,73.57,app,delivery,completed
ORD-0061778,R-0154,2025-08-16,39.86,app,delivery,completed
ORD-0061779,R-0154,2025-08-20,65.12,web,delivery,completed
ORD-0061780,R-0154,2025-08-21,32.12,web,delivery,COMPLETED
ORD-0061781,R-0154,2025-08-09,68.34,web,delivery,completed
ORD-0061782,R-0154,2025-08-02,47.11,app,delivery,completed
ORD-0061783,R-0154,2025-08-08,28.37,app,delivery,completed
ORD-0061784,R-0154,2025-08-19,18.71,web,delivery,completed
ORD-0061785,R-0154,2025-08-06,39.49,web,delivery,completed
ORD-0061786,R-0154,2025-08-16,44.61,web,delivery,completed
ORD-0061787,R-0154,2025-08-01,94.54,app,delivery,completed
ORD-0061788,R-0154,2025-08-13,26.02,app,delivery,completed
ORD-0061789,R-0154,2025-08-02,39.24,web,delivery,completed
ORD-0061790,R-0154,2025-08-14,43.78,web,delivery,Completed
ORD-0061791,R-0154,2025-08-02,41.64,app,delivery,completed
ORD-0061792,R-0154,2025-08-03,39.12,web,delivery,completed
ORD-0061793,R-0154,2025-08-12,44.21,app,delivery,Completed
ORD-0061794,R-0154,2025-08-20,33.68,web,delivery,completed
ORD-0061795,R-0154,2025-08-09,35.71,web,delivery,completed
ORD-0061796,R-0154,2025-08-07,62.48,app,delivery,completed
ORD-0061797,R-0154,2025-08-16,44.26,app,delivery,completed
ORD-0061798,R-0154,2025-08-23,74.17,app,delivery,completed
ORD-0061799,R-0154,2025-08-13,65.63,app,delivery,completed
ORD-0061800,R-0154,2025-08-19,26.11,app,delivery,completed
ORD-0066538,R-0162,2025-08-03,18.55,web,delivery,completed
ORD-0066539,R-0162,2025-08-09,22.80,app,pickup,completed
ORD-0066540,R-0162,2025-08-05,18.03,web,pickup,completed
ORD-0066541,R-0162,2025-08-20,28.31,app,delivery,completed
ORD-0066542,R-0162,2025-08-01,21.72,app,pickup,completed
ORD-0066543,R-0162,2025-08-09,24.67,app,pickup,completed
ORD-0066544,R-0162,2025-08-02,14.01,app,delivery,completed
ORD-0066545,R-0162,2025-08-04,20.08,app,pickup,completed
ORD-0066546,R-0162,2025-08-31,14.18,app,delivery,completed
ORD-0066547,R-0162,2025-08-06,24.85,app,delivery,completed
ORD-0066548,R-0162,2025-08-11,17.75,web,pickup,completed
ORD-0066549,R-0162,2025-08-15,17.54,app,pickup,completed
ORD-0066550,R-0162,2025-08-07,24.37,web,pickup,completed
ORD-0066551,R-0162,2025-08-08,18.05,app,pickup,completed
ORD-0066552,R-0162,2025-08-28,11.33,app,delivery,completed
ORD-0066553,R-0162,2025-08-22,22.63,app,pickup,completed
ORD-0066554,R-0162,2025-08-18,11.67,app,pickup,completed
ORD-0066555,R-0162,2025-08-20,17.78,app,delivery,COMPLETED
ORD-0066556,R-0162,2025-08-12,22.63,web,delivery,completed
ORD-0066557,R-0162,2025-08-21,13.23,app,pickup,completed
ORD-0066558,R-0162,2025-08-10,19.95,web,delivery,COMPLETED
ORD-0066559,R-0162,2025-08-08,24.93,app,pickup,cancelled
ORD-0066560,R-0162,2025-08-09,16.71,web,delivery,completed
ORD-0066561,R-0162,2025-08-15,25.27,web,delivery,completed
ORD-0066562,R-0162,2025-08-31,15.23,web,delivery,completed
ORD-0066563,R-0162,2025-08-15,20.45,app,pickup,completed
ORD-0066564,R-0162,2025-08-10,16.00,web,pickup,completed
ORD-0066565,R-0162,2025-08-02,22.57,web,delivery,completed
ORD-0066566,R-0162,2025-08-20,18.89,web,pickup,completed
ORD-0066567,R-0162,2025-08-29,26.93,app,pickup,completed
ORD-0066568,R-0162,2025-08-19,15.06,web,delivery,completed
ORD-0066569,R-0162,2025-08-08,21.29,web,delivery,completed
ORD-0066570,R-0162,2025-08-28,34.72,web,pickup,completed
ORD-0066571,R-0162,2025-08-21,33.65,web,delivery,completed
ORD-0066572,R-0162,2025-08-07,14.47,app,pickup,completed
ORD-0066573,R-0162,2025-08-05,24.84,web,delivery,completed
ORD-0066574,R-0162,2025-08-29,19.82,app,pickup,completed
ORD-0066575,R-0162,2025-08-29,18.22,app,pickup,completed
ORD-0066576,R-0162,2025-08-30,22.48,web,delivery,completed
ORD-0066577,R-0162,2025-08-23,7.57,web,delivery,cancelled
ORD-0066578,R-0162,2025-08-23,27.87,web,delivery,completed
ORD-0066579,R-0162,2025-08-19,11.73,web,delivery,completed
ORD-0066580,R-0162,2025-08-02,26.31,web,pickup,completed
ORD-0066581,R-0162,2025-08-29,44.66,web,delivery,completed
ORD-0066582,R-0162,2025-08-01,15.24,web,pickup,COMPLETED
ORD-0066583,R-0162,2025-08-25,21.62,app,pickup,completed
ORD-0066584,R-0162,2025-08-11,27.29,web,pickup,completed
ORD-0066585,R-0162,2025-08-28,15.71,app,pickup,completed
ORD-0066586,R-0162,2025-08-23,28.76,app,delivery,completed
ORD-0066587,R-0162,2025-08-19,20.45,web,delivery,completed
ORD-0066588,R-0162,2025-08-09,11.30,web,delivery,completed
ORD-0066589,R-0162,2025-08-31,24.63,web,delivery,completed
ORD-0066590,R-0162,2025-08-09,18.60,web,delivery,COMPLETED
ORD-0066591,R-0162,2025-08-14,22.28,app,pickup,Completed
ORD-0066592,R-0162,2025-08-30,14.05,web,pickup,COMPLETED
ORD-0066593,R-0162,2025-08-05,19.61,app,pickup,cancelled
ORD-0066594,R-0162,2025-08-02,18.07,web,pickup,completed
ORD-0066595,R-0162,2025-08-01,18.13,web,delivery,completed
ORD-0066596,R-0162,2025-08-30,27.85,web,delivery,completed
ORD-0066597,R-0162,2025-08-16,22.54,web,delivery,Completed
ORD-0066598,R-0162,2025-08-02,48.67,app,pickup,completed
ORD-0066599,R-0162,2025-08-22,26.38,web,pickup,COMPLETED
ORD-0066600,R-0162,2025-08-10,16.51,web,pickup,completed
ORD-0066601,R-0162,2025-08-16,11.67,web,delivery,completed
ORD-0066602,R-0162,2025-08-27,18.38,web,delivery,completed
ORD-0066603,R-0162,2025-08-02,21.65,app,delivery,completed
ORD-0066604,R-0162,2025-08-17,25.17,app,delivery,completed
ORD-0066605,R-0162,2025-08-08,23.33,app,pickup,completed
ORD-0066606,R-0162,2025-08-15,16.10,app,delivery,completed
ORD-0066607,R-0162,2025-08-26,23.24,app,delivery,completed
ORD-0066608,R-0162,2025-08-27,15.81,app,delivery,completed
ORD-0066609,R-0162,2025-08-21,21.96,web,delivery,completed
ORD-0066610,R-0162,2025-08-27,15.01,web,delivery,completed
ORD-0066611,R-0162,2025-08-25,14.30,web,pickup,completed
ORD-0066612,R-0162,2025-08-04,16.20,web,delivery,completed
ORD-0066613,R-0162,2025-08-03,37.07,app,pickup,completed
ORD-0066614,R-0162,2025-08-30,31.90,app,delivery,completed
ORD-0066615,R-0162,2025-08-26,13.00,app,delivery,completed
ORD-0066616,R-0162,2025-08-22,25.18,web,delivery,completed
ORD-0066617,R-0162,2025-08-30,25.42,web,delivery,completed
ORD-0066618,R-0162,2025-08-01,29.04,web,pickup,completed
ORD-0066619,R-0162,2025-08-10,30.47,app,pickup,Completed
ORD-0066620,R-0162,2025-08-16,19.09,app,delivery,completed
ORD-0066621,R-0162,2025-08-14,39.10,web,pickup,completed
ORD-0066622,R-0162,2025-08-09,31.71,app,delivery,completed
ORD-0066623,R-0162,2025-08-20,11.57,web,delivery,completed
ORD-0066624,R-0162,2025-08-29,22.46,app,delivery,completed
ORD-0066625,R-0162,2025-08-08,16.80,app,delivery,completed
ORD-0066626,R-0162,2025-08-21,35.26,web,delivery,completed
ORD-0066627,R-0162,2025-08-02,24.88,app,delivery,Completed
ORD-0066628,R-0162,2025-08-05,18.75,app,delivery,completed
ORD-0066629,R-0162,2025-08-03,21.10,web,pickup,completed
ORD-0066630,R-0162,2025-08-30,22.12,app,pickup,completed
ORD-0066631,R-0162,2025-08-21,19.94,app,pickup,completed
ORD-0066632,R-0162,2025-08-08,12.66,web,pickup,completed
ORD-0066633,R-0162,2025-08-18,20.87,web,delivery,completed
ORD-0066634,R-0162,2025-08-14,15.99,web,pickup,completed
ORD-0066635,R-0162,2025-08-25,30.73,app,pickup,completed
ORD-0066636,R-0162,2025-08-16,29.34,web,pickup,completed
ORD-0066637,R-0162,2025-08-10,16.83,app,pickup,completed
ORD-0066638,R-0162,2025-08-16,17.36,web,pickup,completed
ORD-0066639,R-0162,2025-08-28,30.34,web,pickup,completed
ORD-0066640,R-0162,2025-08-23,23.79,app,delivery,completed
ORD-0066641,R-0162,2025-08-22,23.33,app,pickup,completed
ORD-0066642,R-0162,2025-08-05,19.99,app,delivery,completed
ORD-0066643,R-0162,2025-08-11,19.22,web,pickup,completed
ORD-0066644,R-0162,2025-08-22,23.79,app,pickup,COMPLETED
ORD-0066645,R-0162,2025-08-02,17.52,web,delivery,completed
ORD-0066646,R-0162,2025-08-22,19.54,web,delivery,completed
ORD-0066647,R-0162,2025-08-22,16.48,web,pickup,completed
ORD-0066648,R-0162,2025-08-11,22.32,app,delivery,Completed
ORD-0066649,R-0162,2025-08-09,20.77,web,pickup,completed
ORD-0066650,R-0162,2025-08-08,21.34,app,pickup,completed
ORD-0066651,R-0162,2025-08-15,33.61,web,pickup,cancelled
ORD-0066652,R-0162,2025-08-23,25.93,web,pickup,completed
ORD-0066653,R-0162,2025-08-23,21.25,app,delivery,Completed
ORD-0066654,R-0162,2025-08-10,16.45,app,delivery,COMPLETED
ORD-0066655,R-0162,2025-08-13,24.41,web,pickup,completed
ORD-0066656,R-0162,2025-08-15,21.33,app,pickup,completed
ORD-0066657,R-0162,2025-08-13,21.59,app,pickup,completed
ORD-0066658,R-0162,2025-08-20,34.00,app,pickup,completed
ORD-0066659,R-0162,2025-08-15,26.99,app,delivery,COMPLETED
ORD-0066660,R-0162,2025-08-18,30.56,web,pickup,completed
ORD-0066661,R-0162,2025-08-22,15.34,web,pickup,completed
ORD-0066662,R-0162,2025-08-06,13.00,app,delivery,completed
ORD-0066663,R-0162,2025-08-17,19.39,web,pickup,completed
ORD-0066664,R-0162,2025-08-06,22.23,web,delivery,completed
ORD-0066665,R-0162,2025-08-02,15.38,app,delivery,completed
ORD-0066666,R-0162,2025-08-30,35.22,web,delivery,completed
ORD-0066667,R-0162,2025-08-03,22.71,web,pickup,completed
ORD-0066668,R-0162,2025-08-17,18.92,web,pickup,completed
ORD-0066669,R-0162,2025-08-14,10.93,web,pickup,completed
ORD-0066670,R-0162,2025-08-25,33.36,web,delivery,completed
ORD-0066671,R-0162,2025-08-02,34.03,web,delivery,cancelled
ORD-0066672,R-0162,2025-08-31,21.41,web,pickup,completed
ORD-0066673,R-0162,2025-08-09,23.52,app,pickup,completed
ORD-0066674,R-0162,2025-08-04,38.14,app,pickup,completed
ORD-0066675,R-0162,2025-08-22,24.90,web,delivery,COMPLETED
ORD-0066676,R-0162,2025-08-20,18.60,app,delivery,completed
ORD-0066677,R-0162,2025-08-10,28.67,web,delivery,completed
ORD-0066678,R-0162,2025-08-20,26.51,web,delivery,Completed
ORD-0066679,R-0162,2025-08-22,30.41,web,delivery,completed
ORD-0066680,R-0162,2025-08-18,32.47,app,delivery,completed
ORD-0066681,R-0162,2025-08-28,24.98,app,delivery,completed
ORD-0066682,R-0162,2025-08-09,44.66,web,pickup,Completed
ORD-0066683,R-0162,2025-08-03,9.34,app,pickup,completed
ORD-0066684,R-0162,2025-08-28,21.91,web,pickup,completed
ORD-0066685,R-0162,2025-08-15,37.58,web,delivery,completed
ORD-0066686,R-0162,2025-08-17,20.92,app,delivery,completed
ORD-0066687,R-0162,2025-08-03,21.58,app,delivery,completed
ORD-0066688,R-0162,2025-08-30,21.31,app,pickup,completed
ORD-0066689,R-0162,2025-08-30,15.98,web,delivery,completed
ORD-0069094,R-0164,2025-08-17,27.32,web,delivery,completed
ORD-0069095,R-0164,2025-08-07,26.16,app,pickup,completed
ORD-0069096,R-0164,2025-08-02,21.48,web,delivery,completed
ORD-0069097,R-0164,2025-08-07,7.70,web,pickup,completed
ORD-0069098,R-0164,2025-08-31,21.21,web,delivery,completed
ORD-0069099,R-0164,2025-08-15,18.28,app,delivery,Completed
ORD-0069100,R-0164,2025-08-05,22.49,app,delivery,completed
ORD-0069101,R-0164,2025-08-01,12.08,web,delivery,completed
ORD-0069102,R-0164,2025-08-23,20.42,web,delivery,completed
ORD-0069103,R-0164,2025-08-29,9.02,app,delivery,completed
ORD-0069104,R-0164,2025-08-23,15.62,app,delivery,completed
ORD-0069105,R-0164,2025-08-30,28.69,app,delivery,completed
ORD-0069106,R-0164,2025-08-15,13.36,app,delivery,completed
ORD-0069107,R-0164,2025-08-29,16.13,web,delivery,completed
ORD-0069108,R-0164,2025-08-08,13.82,app,delivery,completed
ORD-0069109,R-0164,2025-08-18,24.62,web,delivery,COMPLETED
ORD-0069110,R-0164,2025-08-03,21.16,app,delivery,completed
ORD-0069111,R-0164,2025-08-09,8.18,app,pickup,completed
ORD-0069112,R-0164,2025-08-12,16.65,app,delivery,completed
ORD-0069113,R-0164,2025-08-31,25.80,web,delivery,completed
ORD-0069114,R-0164,2025-08-03,16.60,web,delivery,COMPLETED
ORD-0069115,R-0164,2025-08-07,9.56,web,delivery,completed
ORD-0069116,R-0164,2025-08-30,22.03,app,delivery,completed
ORD-0069117,R-0164,2025-08-20,9.77,web,delivery,completed
ORD-0069118,R-0164,2025-08-12,17.17,web,delivery,completed
ORD-0069119,R-0164,2025-08-19,27.36,app,delivery,completed
ORD-0069120,R-0164,2025-08-29,16.27,web,delivery,completed
ORD-0069121,R-0164,2025-08-24,32.07,web,delivery,completed
ORD-0069122,R-0164,2025-08-22,14.00,web,delivery,Completed
ORD-0069123,R-0164,2025-08-25,20.94,app,pickup,completed
ORD-0069124,R-0164,2025-08-02,14.39,app,delivery,completed
ORD-0069125,R-0164,2025-08-24,17.97,web,delivery,completed
ORD-0069126,R-0164,2025-08-23,22.92,web,pickup,completed
ORD-0069127,R-0164,2025-08-11,15.78,app,delivery,completed
ORD-0069128,R-0164,2025-08-18,27.31,web,delivery,completed
ORD-0069129,R-0164,2025-08-08,10.01,app,delivery,completed
ORD-0069130,R-0164,2025-08-18,11.75,web,delivery,completed
ORD-0069131,R-0164,2025-08-06,11.08,app,delivery,completed
ORD-0069132,R-0164,2025-08-23,20.36,app,delivery,completed
ORD-0069133,R-0164,2025-08-30,16.85,app,delivery,completed
ORD-0069134,R-0164,2025-08-27,12.99,web,delivery,completed
ORD-0069135,R-0164,2025-08-23,13.73,web,delivery,completed
ORD-0069136,R-0164,2025-08-31,17.49,app,pickup,completed
ORD-0069137,R-0164,2025-08-15,17.39,app,delivery,completed
ORD-0069138,R-0164,2025-08-04,17.76,app,delivery,completed
ORD-0069139,R-0164,2025-08-24,9.96,app,delivery,completed
ORD-0069140,R-0164,2025-08-15,27.90,app,delivery,completed
ORD-0069141,R-0164,2025-08-12,22.45,app,delivery,cancelled
ORD-0069142,R-0164,2025-08-15,31.60,app,delivery,completed
ORD-0069143,R-0164,2025-08-20,23.13,app,delivery,completed
ORD-0069144,R-0164,2025-08-13,13.21,web,delivery,completed
ORD-0069145,R-0164,2025-08-11,16.10,app,delivery,completed
ORD-0069146,R-0164,2025-08-21,9.98,app,delivery,completed
ORD-0069147,R-0164,2025-08-02,21.19,app,pickup,completed
ORD-0069148,R-0164,2025-08-16,19.19,app,pickup,completed
ORD-0069149,R-0164,2025-08-18,20.16,web,delivery,completed
ORD-0069150,R-0164,2025-08-07,12.20,app,delivery,completed
ORD-0069151,R-0164,2025-08-26,18.01,app,delivery,completed
ORD-0069152,R-0164,2025-08-01,15.00,web,delivery,cancelled
ORD-0069153,R-0164,2025-08-16,26.74,web,delivery,Completed
ORD-0069154,R-0164,2025-08-02,17.85,app,pickup,completed
ORD-0069155,R-0164,2025-08-17,23.05,app,delivery,completed
ORD-0069156,R-0164,2025-08-02,12.22,app,delivery,completed
ORD-0069157,R-0164,2025-08-03,22.35,app,delivery,completed
ORD-0069158,R-0164,2025-08-11,29.48,app,delivery,completed
ORD-0069159,R-0164,2025-08-27,10.93,app,pickup,completed
ORD-0069160,R-0164,2025-08-26,18.98,app,delivery,completed
ORD-0069161,R-0164,2025-08-11,24.64,app,delivery,completed
ORD-0069162,R-0164,2025-08-07,51.95,web,delivery,completed
ORD-0069163,R-0164,2025-08-18,25.49,app,delivery,completed
ORD-0069164,R-0164,2025-08-10,12.81,web,pickup,completed
ORD-0069165,R-0164,2025-08-16,22.65,app,delivery,completed
ORD-0069166,R-0164,2025-08-25,52.39,app,delivery,completed
ORD-0069167,R-0164,2025-08-13,27.64,app,pickup,COMPLETED
ORD-0069168,R-0164,2025-08-02,19.32,web,delivery,completed
ORD-0069169,R-0164,2025-08-09,23.14,app,pickup,completed
ORD-0069170,R-0164,2025-08-24,36.71,web,delivery,COMPLETED
ORD-0069171,R-0164,2025-08-14,40.89,web,delivery,completed
ORD-0069172,R-0164,2025-08-21,20.38,web,delivery,completed
ORD-0069173,R-0164,2025-08-22,22.68,app,pickup,completed
ORD-0069174,R-0164,2025-08-10,8.84,app,delivery,completed
ORD-0069175,R-0164,2025-08-20,18.58,app,delivery,completed
ORD-0069176,R-0164,2025-08-23,13.59,app,delivery,completed
ORD-0069177,R-0164,2025-08-08,30.18,app,pickup,completed
ORD-0069178,R-0164,2025-08-08,13.80,app,delivery,completed
ORD-0069179,R-0164,2025-08-29,17.32,app,delivery,completed
ORD-0069180,R-0164,2025-08-15,16.03,app,delivery,completed
ORD-0069181,R-0164,2025-08-23,28.29,web,delivery,completed
ORD-0069182,R-0164,2025-08-10,15.52,app,pickup,completed
ORD-0069183,R-0164,2025-08-10,7.59,web,delivery,completed
ORD-0069184,R-0164,2025-08-30,15.11,app,delivery,completed
ORD-0069185,R-0164,2025-08-21,16.61,app,delivery,completed
ORD-0069186,R-0164,2025-08-01,10.39,web,delivery,completed
ORD-0069187,R-0164,2025-08-17,23.18,app,delivery,completed
ORD-0069188,R-0164,2025-08-23,21.63,web,delivery,COMPLETED
ORD-0069189,R-0164,2025-08-14,34.78,app,delivery,completed
ORD-0069190,R-0164,2025-08-07,20.65,web,delivery,completed
ORD-0069191,R-0164,2025-08-31,11.85,app,delivery,completed
ORD-0069192,R-0164,2025-08-18,11.82,app,delivery,completed
ORD-0069193,R-0164,2025-08-21,20.28,app,delivery,completed
ORD-0069194,R-0164,2025-08-01,17.47,app,pickup,completed
ORD-0074401,R-0171,2025-08-20,12.97,web,pickup,completed
ORD-0074402,R-0171,2025-08-29,20.18,app,pickup,COMPLETED
ORD-0074403,R-0171,2025-08-28,17.10,web,pickup,completed
ORD-0074404,R-0171,2025-08-06,21.11,web,delivery,completed
ORD-0074405,R-0171,2025-08-23,19.07,web,pickup,completed
ORD-0074406,R-0171,2025-08-12,16.79,web,delivery,completed
ORD-0074407,R-0171,2025-08-17,20.71,app,delivery,completed
ORD-0074408,R-0171,2025-08-11,34.62,web,pickup,completed
ORD-0074409,R-0171,2025-08-25,14.53,app,delivery,completed
ORD-0074410,R-0171,2025-08-23,16.03,web,delivery,completed
ORD-0074411,R-0171,2025-08-12,27.97,web,delivery,completed
ORD-0074412,R-0171,2025-08-10,24.64,app,delivery,completed
ORD-0074413,R-0171,2025-08-30,22.32,app,pickup,completed
ORD-0074414,R-0171,2025-08-23,25.66,web,delivery,completed
ORD-0074415,R-0171,2025-08-26,21.08,app,pickup,completed
ORD-0074416,R-0171,2025-08-21,17.72,app,pickup,completed
ORD-0074417,R-0171,2025-08-14,12.79,app,delivery,completed
ORD-0074418,R-0171,2025-08-25,21.15,web,pickup,COMPLETED
ORD-0074419,R-0171,2025-08-29,38.75,web,delivery,completed
ORD-0074420,R-0171,2025-08-28,19.92,web,delivery,completed
ORD-0074421,R-0171,2025-08-24,32.13,app,delivery,completed
ORD-0074422,R-0171,2025-08-30,29.76,app,delivery,completed
ORD-0074423,R-0171,2025-08-01,35.44,web,delivery,completed
ORD-0074424,R-0171,2025-08-20,25.57,web,delivery,completed
ORD-0074425,R-0171,2025-08-02,30.51,app,delivery,completed
ORD-0074426,R-0171,2025-08-17,25.76,app,pickup,completed
ORD-0074427,R-0171,2025-08-13,14.22,app,delivery,completed
ORD-0074428,R-0171,2025-08-14,26.42,web,pickup,completed
ORD-0074429,R-0171,2025-08-10,28.67,app,pickup,cancelled
ORD-0074430,R-0171,2025-08-07,19.66,app,delivery,completed
ORD-0074431,R-0171,2025-08-28,20.50,web,pickup,Completed
ORD-0074432,R-0171,2025-08-19,24.87,app,delivery,completed
ORD-0074433,R-0171,2025-08-07,21.45,web,delivery,completed
ORD-0074434,R-0171,2025-08-15,22.64,app,pickup,completed
ORD-0074435,R-0171,2025-08-17,30.54,app,pickup,completed
ORD-0074436,R-0171,2025-08-26,19.27,app,pickup,completed
ORD-0074437,R-0171,2025-08-25,22.38,app,delivery,completed
ORD-0074438,R-0171,2025-08-09,21.34,app,delivery,completed
ORD-0074439,R-0171,2025-08-06,15.59,app,delivery,completed
ORD-0074440,R-0171,2025-08-10,23.39,web,pickup,completed
ORD-0074441,R-0171,2025-08-10,16.41,web,pickup,completed
ORD-0074442,R-0171,2025-08-23,19.08,app,delivery,cancelled
ORD-0074443,R-0171,2025-08-29,44.82,web,delivery,completed
ORD-0074444,R-0171,2025-08-19,20.96,web,pickup,completed
ORD-0074445,R-0171,2025-08-24,18.95,app,pickup,Completed
ORD-0074446,R-0171,2025-08-06,13.75,app,delivery,completed
ORD-0074447,R-0171,2025-08-16,27.73,app,pickup,completed
ORD-0074448,R-0171,2025-08-16,23.28,app,pickup,completed
ORD-0074449,R-0171,2025-08-16,12.72,web,delivery,completed
ORD-0074450,R-0171,2025-08-30,18.99,app,pickup,completed
ORD-0074451,R-0171,2025-08-13,16.90,app,pickup,completed
ORD-0074452,R-0171,2025-08-28,29.79,web,delivery,completed
ORD-0074453,R-0171,2025-08-16,20.33,app,pickup,completed
ORD-0074454,R-0171,2025-08-23,39.21,web,delivery,completed
ORD-0074455,R-0171,2025-08-11,19.79,web,pickup,completed
ORD-0074456,R-0171,2025-08-04,27.24,app,delivery,completed
ORD-0074457,R-0171,2025-08-07,21.55,app,pickup,completed
ORD-0074458,R-0171,2025-08-08,22.01,app,delivery,completed
ORD-0074459,R-0171,2025-08-21,26.79,web,pickup,completed
ORD-0074460,R-0171,2025-08-14,21.41,web,pickup,completed
ORD-0074461,R-0171,2025-08-12,29.03,web,pickup,completed
ORD-0074462,R-0171,2025-08-01,17.83,app,pickup,completed
ORD-0074463,R-0171,2025-08-18,17.05,web,pickup,completed
ORD-0074464,R-0171,2025-08-14,27.14,app,delivery,completed
ORD-0074465,R-0171,2025-08-07,17.49,web,pickup,completed
ORD-0074466,R-0171,2025-08-09,18.15,web,pickup,completed
ORD-0074467,R-0171,2025-08-06,22.33,app,delivery,completed
ORD-0074468,R-0171,2025-08-22,16.37,app,delivery,Completed
ORD-0074469,R-0171,2025-08-23,17.57,app,delivery,completed
ORD-0074470,R-0171,2025-08-16,32.35,web,delivery,completed
ORD-0074471,R-0171,2025-08-15,23.79,app,pickup,Completed
ORD-0074472,R-0171,2025-08-30,15.55,app,delivery,completed
ORD-0074992,R-0173,2025-08-22,107.07,app,pickup,completed
ORD-0074993,R-0173,2025-08-05,47.92,web,pickup,completed
ORD-0074994,R-0173,2025-08-20,33.16,web,delivery,completed
ORD-0074995,R-0173,2025-08-14,34.75,app,pickup,completed
ORD-0074996,R-0173,2025-08-11,49.24,web,delivery,completed
ORD-0074997,R-0173,2025-08-17,36.71,web,delivery,completed
ORD-0074998,R-0173,2025-08-01,43.42,app,pickup,COMPLETED
ORD-0074999,R-0173,2025-08-23,55.61,web,pickup,completed
ORD-0075000,R-0173,2025-08-17,87.23,web,delivery,completed
ORD-0075001,R-0173,2025-08-05,31.33,web,pickup,completed
ORD-0075002,R-0173,2025-08-08,17.38,web,pickup,completed
ORD-0075003,R-0173,2025-08-10,56.57,app,pickup,Completed
ORD-0075004,R-0173,2025-08-24,37.71,web,delivery,Completed
ORD-0075005,R-0173,2025-08-02,72.53,app,delivery,completed
ORD-0075006,R-0173,2025-08-24,49.19,app,delivery,Completed
ORD-0075007,R-0173,2025-08-20,84.34,app,delivery,completed
ORD-0075008,R-0173,2025-08-04,123.64,app,pickup,completed
ORD-0075009,R-0173,2025-08-28,20.86,app,delivery,COMPLETED
ORD-0075010,R-0173,2025-08-08,41.89,app,delivery,completed
ORD-0075011,R-0173,2025-08-30,47.25,web,pickup,completed
ORD-0075012,R-0173,2025-08-29,53.10,app,delivery,completed
ORD-0075013,R-0173,2025-08-09,104.32,app,delivery,completed
ORD-0075014,R-0173,2025-08-10,80.16,app,delivery,completed
ORD-0075015,R-0173,2025-08-06,40.79,web,pickup,completed
ORD-0075016,R-0173,2025-08-08,66.03,web,pickup,completed
ORD-0075017,R-0173,2025-08-09,54.94,app,delivery,completed
ORD-0075018,R-0173,2025-08-09,31.05,web,pickup,cancelled
ORD-0075019,R-0173,2025-08-08,60.52,app,delivery,completed
ORD-0075020,R-0173,2025-08-24,49.64,app,pickup,completed
ORD-0075021,R-0173,2025-08-31,26.32,app,delivery,completed
ORD-0075022,R-0173,2025-08-06,24.64,app,pickup,completed
ORD-0075023,R-0173,2025-08-12,25.99,app,pickup,Completed
ORD-0075024,R-0173,2025-08-28,61.51,web,delivery,Completed
ORD-0075025,R-0173,2025-08-01,24.27,web,pickup,cancelled
ORD-0075026,R-0173,2025-08-10,29.85,web,delivery,completed
ORD-0075027,R-0173,2025-08-16,67.09,web,pickup,completed
ORD-0075028,R-0173,2025-08-29,67.38,web,pickup,COMPLETED
ORD-0075029,R-0173,2025-08-03,63.31,app,delivery,COMPLETED
ORD-0075030,R-0173,2025-08-02,54.70,web,pickup,completed
ORD-0075031,R-0173,2025-08-16,47.25,app,delivery,completed
ORD-0075032,R-0173,2025-08-22,53.17,app,delivery,Completed
ORD-0075033,R-0173,2025-08-16,55.33,app,delivery,completed
ORD-0075034,R-0173,2025-08-29,41.61,web,delivery,completed
ORD-0075035,R-0173,2025-08-29,54.73,web,pickup,COMPLETED
ORD-0075036,R-0173,2025-08-13,71.26,web,pickup,completed
ORD-0075037,R-0173,2025-08-03,62.04,web,pickup,refunded
ORD-0075038,R-0173,2025-08-29,75.32,app,delivery,completed
ORD-0075039,R-0173,2025-08-10,35.07,web,pickup,completed
ORD-0075040,R-0173,2025-08-24,64.49,web,pickup,Completed
ORD-0075041,R-0173,2025-08-16,81.83,web,pickup,completed
ORD-0075042,R-0173,2025-08-29,66.05,web,delivery,completed
ORD-0075043,R-0173,2025-08-15,39.51,app,delivery,completed
ORD-0075044,R-0173,2025-08-22,54.99,web,delivery,completed
ORD-0075045,R-0173,2025-08-20,53.25,web,delivery,completed
ORD-0075046,R-0173,2025-08-22,49.70,web,delivery,completed
ORD-0075047,R-0173,2025-08-15,58.29,web,pickup,completed
ORD-0075377,R-0175,2025-08-25,13.81,web,pickup,completed
ORD-0075378,R-0175,2025-08-17,10.92,app,delivery,completed
ORD-0075379,R-0175,2025-08-11,19.47,web,delivery,completed
ORD-0075380,R-0175,2025-08-14,15.18,web,delivery,completed
ORD-0075381,R-0175,2025-08-11,17.00,web,delivery,completed
ORD-0075382,R-0175,2025-08-30,20.19,web,delivery,completed
ORD-0075383,R-0175,2025-08-13,23.10,web,delivery,completed
ORD-0075384,R-0175,2025-08-18,12.11,app,delivery,completed
ORD-0075385,R-0175,2025-08-09,16.55,app,delivery,completed
ORD-0075386,R-0175,2025-08-15,20.74,web,delivery,completed
ORD-0075387,R-0175,2025-08-25,38.57,app,delivery,completed
ORD-0075388,R-0175,2025-08-22,26.28,app,delivery,completed
ORD-0075389,R-0175,2025-08-16,19.11,web,delivery,completed
ORD-0075390,R-0175,2025-08-02,12.73,web,delivery,completed
ORD-0075391,R-0175,2025-08-22,27.66,app,delivery,completed
ORD-0075392,R-0175,2025-08-26,30.20,web,delivery,completed
ORD-0075393,R-0175,2025-08-24,28.03,app,delivery,completed
ORD-0075394,R-0175,2025-08-27,29.41,web,delivery,completed
ORD-0075395,R-0175,2025-08-23,12.04,app,delivery,completed
ORD-0075396,R-0175,2025-08-19,26.04,app,delivery,completed
ORD-0075397,R-0175,2025-08-22,19.16,web,pickup,Completed
ORD-0075398,R-0175,2025-08-30,25.91,web,delivery,completed
ORD-0079629,R-0183,2025-08-22,27.94,web,delivery,completed
ORD-0079630,R-0183,2025-08-02,51.66,app,delivery,completed
ORD-0079631,R-0183,2025-08-23,32.40,app,delivery,completed
ORD-0079632,R-0183,2025-08-29,25.84,app,delivery,COMPLETED
ORD-0079633,R-0183,2025-08-04,30.05,app,delivery,completed
ORD-0079634,R-0183,2025-08-02,32.74,app,delivery,completed
ORD-0079635,R-0183,2025-08-10,34.01,app,delivery,completed
ORD-0079636,R-0183,2025-08-22,53.42,app,delivery,COMPLETED
ORD-0079637,R-0183,2025-08-24,53.13,app,delivery,completed
ORD-0080042,R-0184,2025-08-16,15.62,app,delivery,completed
ORD-0080043,R-0184,2025-08-26,35.58,app,pickup,COMPLETED
ORD-0080044,R-0184,2025-08-28,8.34,app,delivery,completed
ORD-0080045,R-0184,2025-08-08,14.55,app,delivery,completed
ORD-0080046,R-0184,2025-08-05,17.40,web,pickup,completed
ORD-0080047,R-0184,2025-08-18,14.73,app,delivery,COMPLETED
ORD-0080048,R-0184,2025-08-03,21.48,web,pickup,completed
ORD-0080049,R-0184,2025-08-17,18.16,app,pickup,completed
ORD-0080050,R-0184,2025-08-16,16.97,app,pickup,completed
ORD-0080051,R-0184,2025-08-13,12.44,app,pickup,completed
ORD-0080052,R-0184,2025-08-20,18.34,app,pickup,COMPLETED
ORD-0080053,R-0184,2025-08-13,19.13,app,delivery,completed
ORD-0080054,R-0184,2025-08-24,11.32,app,delivery,completed
ORD-0080055,R-0184,2025-08-23,17.30,app,delivery,completed
ORD-0080056,R-0184,2025-08-11,17.12,app,pickup,completed
ORD-0080057,R-0184,2025-08-17,8.96,app,delivery,completed
ORD-0080058,R-0184,2025-08-09,15.19,web,delivery,completed
ORD-0080059,R-0184,2025-08-21,24.32,app,pickup,completed
ORD-0080060,R-0184,2025-08-15,19.15,web,delivery,completed
ORD-0080061,R-0184,2025-08-09,22.10,web,delivery,completed
ORD-0080062,R-0184,2025-08-15,17.48,app,delivery,completed
ORD-0080063,R-0184,2025-08-02,20.51,app,delivery,completed
ORD-0080064,R-0184,2025-08-18,31.01,app,delivery,refunded
ORD-0080065,R-0184,2025-08-29,15.94,app,delivery,completed
ORD-0080066,R-0184,2025-08-09,34.93,app,pickup,completed
ORD-0080067,R-0184,2025-08-23,14.39,app,delivery,completed
ORD-0080068,R-0184,2025-08-08,22.23,web,pickup,COMPLETED
ORD-0080069,R-0184,2025-08-08,6.32,app,delivery,completed
ORD-0080070,R-0184,2025-08-26,15.99,web,pickup,completed
ORD-0080071,R-0184,2025-08-25,24.21,web,delivery,completed
ORD-0080072,R-0184,2025-08-10,18.47,web,pickup,completed
ORD-0080073,R-0184,2025-08-18,22.41,app,delivery,COMPLETED
ORD-0080074,R-0184,2025-08-18,26.31,web,delivery,completed
ORD-0080075,R-0184,2025-08-03,16.43,app,delivery,completed
ORD-0080076,R-0184,2025-08-16,15.42,app,pickup,completed
ORD-0080077,R-0184,2025-08-25,19.02,web,delivery,completed
ORD-0080078,R-0184,2025-08-17,13.25,app,pickup,completed
ORD-0080079,R-0184,2025-08-09,27.77,app,delivery,completed
ORD-0080080,R-0184,2025-08-16,34.55,app,delivery,COMPLETED
ORD-0080081,R-0184,2025-08-30,13.96,app,delivery,cancelled
ORD-0080082,R-0184,2025-08-06,9.64,app,pickup,completed
ORD-0080083,R-0184,2025-08-28,18.06,web,delivery,completed
ORD-0081203,R-0187,2025-08-04,37.38,app,delivery,completed
ORD-0081204,R-0187,2025-08-16,30.45,app,delivery,completed
ORD-0081205,R-0187,2025-08-26,20.90,web,pickup,completed
ORD-0081206,R-0187,2025-08-15,39.49,app,delivery,completed
ORD-0081207,R-0187,2025-08-26,26.12,app,delivery,completed
ORD-0081208,R-0187,2025-08-16,51.73,app,delivery,completed
ORD-0081209,R-0187,2025-08-07,19.21,app,delivery,completed
ORD-0081210,R-0187,2025-08-01,14.76,web,delivery,completed
ORD-0081211,R-0187,2025-08-29,10.81,web,delivery,COMPLETED
ORD-0081212,R-0187,2025-08-09,33.15,web,delivery,completed
ORD-0081213,R-0187,2025-08-06,22.62,app,delivery,completed
ORD-0081214,R-0187,2025-08-09,32.05,web,delivery,COMPLETED
ORD-0081215,R-0187,2025-08-06,13.96,app,delivery,completed
ORD-0081216,R-0187,2025-08-15,27.53,app,delivery,completed
ORD-0081217,R-0187,2025-08-12,48.83,app,delivery,completed
ORD-0081218,R-0187,2025-08-18,15.66,app,delivery,completed
ORD-0081219,R-0187,2025-08-09,34.13,app,delivery,completed
ORD-0081220,R-0187,2025-08-29,40.60,app,delivery,completed
ORD-0081221,R-0187,2025-08-23,15.79,app,delivery,COMPLETED
ORD-0081222,R-0187,2025-08-08,20.15,app,delivery,completed
ORD-0081223,R-0187,2025-08-26,15.82,app,delivery,completed
ORD-0081224,R-0187,2025-08-16,44.01,app,pickup,completed
ORD-0081225,R-0187,2025-08-15,35.61,web,delivery,completed
ORD-0081226,R-0187,2025-08-24,24.31,app,delivery,completed
ORD-0081227,R-0187,2025-08-24,11.02,web,delivery,completed
ORD-0081228,R-0187,2025-08-26,9.97,web,delivery,completed
ORD-0081229,R-0187,2025-08-23,39.94,app,delivery,completed
ORD-0081230,R-0187,2025-08-14,14.52,app,delivery,COMPLETED
ORD-0081231,R-0187,2025-08-16,36.22,app,pickup,completed
ORD-0081232,R-0187,2025-08-04,40.09,app,delivery,COMPLETED
ORD-0081233,R-0187,2025-08-20,9.12,app,delivery,completed
ORD-0081234,R-0187,2025-08-09,26.83,app,delivery,completed
ORD-0081235,R-0187,2025-08-01,29.89,app,delivery,completed
ORD-0081236,R-0187,2025-08-07,29.93,app,delivery,completed
ORD-0081237,R-0187,2025-08-03,42.66,web,delivery,completed
ORD-0081238,R-0187,2025-08-24,34.53,app,delivery,Completed
ORD-0081239,R-0187,2025-08-21,34.00,app,pickup,completed
ORD-0081240,R-0187,2025-08-29,26.66,app,delivery,completed
ORD-0081241,R-0187,2025-08-02,36.22,app,delivery,completed
ORD-0081242,R-0187,2025-08-18,34.22,app,delivery,completed
ORD-0081243,R-0187,2025-08-15,16.09,app,delivery,completed
ORD-0081244,R-0187,2025-08-30,17.40,app,delivery,completed
ORD-0081245,R-0187,2025-08-03,26.73,web,delivery,Completed
ORD-0081246,R-0187,2025-08-21,19.47,app,delivery,completed
ORD-0081247,R-0187,2025-08-12,17.19,web,pickup,completed
ORD-0081248,R-0187,2025-08-24,24.16,web,delivery,completed
ORD-0081249,R-0187,2025-08-17,24.77,web,delivery,COMPLETED
ORD-0081250,R-0187,2025-08-13,31.97,web,delivery,completed
ORD-0081251,R-0187,2025-08-10,41.01,app,delivery,completed
ORD-0081252,R-0187,2025-08-04,33.41,app,delivery,completed
ORD-0081253,R-0187,2025-08-03,38.87,app,delivery,completed
ORD-0081254,R-0187,2025-08-23,56.89,app,delivery,completed
ORD-0081255,R-0187,2025-08-14,49.25,web,delivery,cancelled
ORD-0081256,R-0187,2025-08-07,23.86,app,pickup,Completed
ORD-0081257,R-0187,2025-08-16,15.23,app,delivery,completed
ORD-0081258,R-0187,2025-08-16,26.21,app,delivery,completed
ORD-0081259,R-0187,2025-08-24,15.78,app,delivery,completed
ORD-0081260,R-0187,2025-08-08,20.17,web,delivery,completed
ORD-0081261,R-0187,2025-08-17,35.94,web,delivery,Completed
ORD-0081262,R-0187,2025-08-31,51.25,web,delivery,completed
ORD-0081263,R-0187,2025-08-29,46.14,app,delivery,COMPLETED
ORD-0081264,R-0187,2025-08-05,15.44,web,delivery,completed
ORD-0081265,R-0187,2025-08-06,14.55,web,delivery,completed
ORD-0081266,R-0187,2025-08-16,21.67,app,delivery,completed
ORD-0081267,R-0187,2025-08-25,16.02,app,delivery,completed
ORD-0081268,R-0187,2025-08-08,15.22,app,delivery,completed
ORD-0081269,R-0187,2025-08-21,9.61,web,delivery,COMPLETED
ORD-0081270,R-0187,2025-08-18,28.22,web,delivery,completed
ORD-0081271,R-0187,2025-08-30,54.06,app,delivery,completed
ORD-0081272,R-0187,2025-08-20,38.14,web,delivery,completed
ORD-0081273,R-0187,2025-08-29,32.86,app,delivery,completed
ORD-0081274,R-0187,2025-08-21,15.90,web,delivery,completed
ORD-0081275,R-0187,2025-08-04,40.84,web,delivery,completed
ORD-0081276,R-0187,2025-08-15,26.26,web,delivery,completed
ORD-0081277,R-0187,2025-08-11,14.74,web,delivery,completed
ORD-0081278,R-0187,2025-08-02,57.16,web,delivery,completed
ORD-0083009,R-0190,2025-08-10,17.27,app,pickup,completed
ORD-0083010,R-0190,2025-08-08,16.89,app,pickup,completed
ORD-0083011,R-0190,2025-08-09,18.62,web,pickup,completed
ORD-0083012,R-0190,2025-08-21,21.36,app,pickup,completed
ORD-0083013,R-0190,2025-08-12,18.68,app,pickup,completed
ORD-0083014,R-0190,2025-08-19,20.25,app,pickup,refunded
ORD-0083015,R-0190,2025-08-02,20.97,web,delivery,completed
ORD-0083016,R-0190,2025-08-03,11.74,app,delivery,completed
ORD-0083017,R-0190,2025-08-08,21.15,app,delivery,completed
ORD-0083018,R-0190,2025-08-07,23.50,app,delivery,completed
ORD-0083019,R-0190,2025-08-15,33.99,app,pickup,completed
ORD-0083020,R-0190,2025-08-12,24.05,app,pickup,completed
ORD-0083021,R-0190,2025-08-20,22.42,app,delivery,completed
ORD-0083022,R-0190,2025-08-21,28.00,web,delivery,completed
ORD-0083023,R-0190,2025-08-06,20.35,app,pickup,completed
ORD-0083024,R-0190,2025-08-06,20.38,app,delivery,completed
ORD-0083025,R-0190,2025-08-22,10.55,app,delivery,completed
ORD-0083026,R-0190,2025-08-31,18.03,app,delivery,completed
ORD-0083027,R-0190,2025-08-27,23.91,app,delivery,completed
ORD-0083028,R-0190,2025-08-14,15.53,app,delivery,cancelled
ORD-0083029,R-0190,2025-08-19,28.04,app,pickup,completed
ORD-0083030,R-0190,2025-08-14,25.21,app,delivery,completed
ORD-0083031,R-0190,2025-08-21,29.16,app,delivery,completed
ORD-0083032,R-0190,2025-08-04,13.05,app,delivery,completed
ORD-0083033,R-0190,2025-08-21,13.93,app,delivery,cancelled
ORD-0083034,R-0190,2025-08-10,28.44,app,delivery,completed
ORD-0083035,R-0190,2025-08-26,26.74,app,delivery,completed
ORD-0083036,R-0190,2025-08-02,16.28,app,pickup,completed
ORD-0083037,R-0190,2025-08-30,25.39,web,delivery,completed
ORD-0083038,R-0190,2025-08-08,26.73,web,pickup,completed
ORD-0083039,R-0190,2025-08-22,28.84,app,delivery,completed
ORD-0083040,R-0190,2025-08-18,15.44,app,pickup,completed
ORD-0083041,R-0190,2025-08-10,24.37,app,pickup,completed
ORD-0083042,R-0190,2025-08-09,12.17,app,delivery,completed
ORD-0083043,R-0190,2025-08-05,16.90,app,delivery,completed
ORD-0083044,R-0190,2025-08-13,14.79,web,pickup,COMPLETED
ORD-0083045,R-0190,2025-08-10,17.37,app,delivery,completed
ORD-0083046,R-0190,2025-08-01,26.02,app,delivery,completed
ORD-0083047,R-0190,2025-08-13,7.55,app,delivery,completed
ORD-0083048,R-0190,2025-08-12,18.47,web,pickup,Completed
ORD-0083049,R-0190,2025-08-14,12.30,app,delivery,completed
ORD-0083050,R-0190,2025-08-10,25.32,app,delivery,completed
ORD-0083051,R-0190,2025-08-01,18.26,app,pickup,Completed
ORD-0083052,R-0190,2025-08-16,20.77,app,pickup,completed
ORD-0083053,R-0190,2025-08-16,17.82,app,pickup,completed
ORD-0083054,R-0190,2025-08-14,15.63,web,delivery,completed
ORD-0083055,R-0190,2025-08-15,19.45,app,delivery,completed
ORD-0083056,R-0190,2025-08-10,10.52,app,delivery,completed
ORD-0083057,R-0190,2025-08-06,17.08,web,pickup,completed
ORD-0083058,R-0190,2025-08-03,35.95,web,delivery,completed
ORD-0083059,R-0190,2025-08-21,28.67,app,delivery,completed
ORD-0083060,R-0190,2025-08-17,30.58,app,pickup,completed
ORD-0083061,R-0190,2025-08-15,15.41,app,delivery,completed
ORD-0083062,R-0190,2025-08-30,21.46,app,delivery,completed
ORD-0083063,R-0190,2025-08-05,25.64,web,delivery,completed
ORD-0083064,R-0190,2025-08-20,19.39,app,delivery,completed
ORD-0083065,R-0190,2025-08-16,22.89,app,pickup,Completed
ORD-0083066,R-0190,2025-08-28,18.25,app,delivery,completed
ORD-0083067,R-0190,2025-08-11,10.37,app,delivery,completed
ORD-0083068,R-0190,2025-08-19,11.94,web,delivery,completed
ORD-0083069,R-0190,2025-08-08,24.15,app,pickup,completed
ORD-0083070,R-0190,2025-08-05,22.29,web,pickup,completed
ORD-0083071,R-0190,2025-08-30,30.22,app,delivery,completed
ORD-0083072,R-0190,2025-08-13,25.42,web,delivery,CANCELLED
ORD-0083073,R-0190,2025-08-23,40.54,web,delivery,completed
ORD-0083074,R-0190,2025-08-17,25.34,web,delivery,completed
ORD-0083075,R-0190,2025-08-23,9.92,app,delivery,completed
ORD-0083076,R-0190,2025-08-22,20.25,app,pickup,completed
ORD-0083077,R-0190,2025-08-29,15.45,app,delivery,completed
ORD-0083078,R-0190,2025-08-02,19.97,web,pickup,completed
ORD-0083079,R-0190,2025-08-05,18.79,app,pickup,completed
ORD-0083080,R-0190,2025-08-30,20.22,app,pickup,cancelled
ORD-0083081,R-0190,2025-08-17,15.12,app,pickup,completed
ORD-0083082,R-0190,2025-08-23,15.13,app,delivery,completed
ORD-0083083,R-0190,2025-08-17,14.70,app,delivery,completed
ORD-0083084,R-0190,2025-08-17,12.14,web,delivery,completed
ORD-0083085,R-0190,2025-08-08,18.94,app,pickup,completed
ORD-0083086,R-0190,2025-08-28,25.60,app,delivery,completed
ORD-0083087,R-0190,2025-08-31,14.62,app,delivery,completed
ORD-0083088,R-0190,2025-08-26,18.76,web,pickup,completed
ORD-0083089,R-0190,2025-08-16,19.69,app,delivery,completed
ORD-0083090,R-0190,2025-08-07,20.55,app,pickup,completed
ORD-0083091,R-0190,2025-08-30,16.73,app,delivery,completed
ORD-0083092,R-0190,2025-08-09,12.01,app,delivery,Completed
ORD-0083093,R-0190,2025-08-22,14.83,app,delivery,completed
ORD-0083094,R-0190,2025-08-08,20.90,app,pickup,completed
ORD-0083095,R-0190,2025-08-30,33.93,app,delivery,COMPLETED
ORD-0083096,R-0190,2025-08-09,12.35,app,delivery,completed
ORD-0083097,R-0190,2025-08-29,12.24,app,delivery,completed
ORD-0083098,R-0190,2025-08-30,22.85,app,delivery,Completed
ORD-0083099,R-0190,2025-08-02,27.51,web,pickup,completed
ORD-0083100,R-0190,2025-08-15,20.12,web,pickup,COMPLETED
ORD-0083101,R-0190,2025-08-02,14.09,app,pickup,COMPLETED
ORD-0083102,R-0190,2025-08-22,20.68,app,delivery,completed
ORD-0083103,R-0190,2025-08-30,9.71,app,delivery,completed
ORD-0083104,R-0190,2025-08-08,21.67,web,delivery,cancelled
ORD-0083105,R-0190,2025-08-23,8.89,app,delivery,COMPLETED
ORD-0083106,R-0190,2025-08-01,14.29,app,pickup,completed
ORD-0083107,R-0190,2025-08-30,11.05,app,pickup,Completed
ORD-0083108,R-0190,2025-08-16,34.14,app,delivery,completed
ORD-0083109,R-0190,2025-08-16,15.45,app,delivery,completed
ORD-0083110,R-0190,2025-08-14,58.45,app,delivery,completed
ORD-0083111,R-0190,2025-08-02,14.06,app,delivery,completed
ORD-0083112,R-0190,2025-08-21,22.39,web,pickup,completed
ORD-0085565,R-0193,2025-08-03,46.30,app,pickup,completed
ORD-0085566,R-0193,2025-08-30,56.70,web,delivery,completed
ORD-0085567,R-0193,2025-08-31,22.37,web,delivery,completed
ORD-0085568,R-0193,2025-08-03,58.53,app,delivery,completed
ORD-0085569,R-0193,2025-08-22,50.47,app,delivery,completed
ORD-0085570,R-0193,2025-08-06,37.51,app,delivery,COMPLETED
ORD-0085571,R-0193,2025-08-03,23.95,web,pickup,Completed
ORD-0085572,R-0193,2025-08-03,59.26,app,delivery,completed
ORD-0085573,R-0193,2025-08-01,72.82,app,delivery,completed
ORD-0085574,R-0193,2025-08-29,56.69,web,pickup,completed
ORD-0085575,R-0193,2025-08-26,30.47,app,delivery,completed
ORD-0085576,R-0193,2025-08-07,32.39,app,delivery,completed
ORD-0085577,R-0193,2025-08-16,45.48,app,pickup,completed
ORD-0085578,R-0193,2025-08-16,16.23,app,delivery,completed
ORD-0085579,R-0193,2025-08-27,30.11,app,delivery,completed
ORD-0085580,R-0193,2025-08-15,25.78,web,delivery,completed
ORD-0085581,R-0193,2025-08-28,51.59,app,delivery,completed
ORD-0085582,R-0193,2025-08-30,27.47,web,delivery,completed
ORD-0085583,R-0193,2025-08-30,58.20,app,pickup,completed
ORD-0085584,R-0193,2025-08-08,16.89,app,delivery,completed
ORD-0085585,R-0193,2025-08-23,50.57,app,delivery,completed
ORD-0085586,R-0193,2025-08-07,20.61,app,delivery,completed
ORD-0085587,R-0193,2025-08-01,78.07,web,delivery,completed
ORD-0085588,R-0193,2025-08-30,27.64,web,delivery,completed
ORD-0085589,R-0193,2025-08-26,15.26,web,pickup,completed
ORD-0085590,R-0193,2025-08-30,29.82,web,delivery,COMPLETED
ORD-0085591,R-0193,2025-08-01,30.47,web,delivery,completed
ORD-0085592,R-0193,2025-08-08,27.42,app,delivery,completed
ORD-0085593,R-0193,2025-08-01,17.32,web,delivery,completed
ORD-0085594,R-0193,2025-08-09,37.51,web,delivery,completed
ORD-0085595,R-0193,2025-08-06,24.28,app,pickup,completed
ORD-0085596,R-0193,2025-08-30,59.11,app,delivery,completed
ORD-0085597,R-0193,2025-08-21,49.94,web,delivery,cancelled
ORD-0085598,R-0193,2025-08-22,48.10,app,delivery,COMPLETED
ORD-0085599,R-0193,2025-08-17,38.63,web,delivery,completed
ORD-0085600,R-0193,2025-08-18,25.84,app,delivery,completed
ORD-0085601,R-0193,2025-08-15,37.45,web,pickup,completed
ORD-0085602,R-0193,2025-08-27,64.97,web,delivery,completed
ORD-0085603,R-0193,2025-08-20,35.00,app,delivery,COMPLETED
ORD-0085604,R-0193,2025-08-23,33.35,app,delivery,completed
ORD-0085605,R-0193,2025-08-03,47.15,app,delivery,Completed
ORD-0085666,R-0194,2025-08-07,54.92,app,delivery,completed
ORD-0085667,R-0194,2025-08-29,30.35,app,delivery,completed
ORD-0085668,R-0194,2025-08-08,72.31,web,pickup,completed
ORD-0085669,R-0194,2025-08-08,32.74,web,delivery,refunded
ORD-0085670,R-0194,2025-08-02,74.06,web,pickup,completed
ORD-0085671,R-0194,2025-08-15,46.02,app,pickup,completed
ORD-0085672,R-0194,2025-08-13,34.72,app,delivery,completed
ORD-0085673,R-0194,2025-08-08,47.27,app,pickup,completed
ORD-0085674,R-0194,2025-08-30,40.76,app,pickup,cancelled
ORD-0085675,R-0194,2025-08-05,37.84,web,pickup,completed
ORD-0085676,R-0194,2025-08-12,24.73,web,pickup,completed
ORD-0085732,R-0195,2025-08-31,42.76,web,pickup,COMPLETED
ORD-0085733,R-0195,2025-08-28,24.40,app,pickup,completed
ORD-0085734,R-0195,2025-08-30,40.72,web,delivery,completed
ORD-0085735,R-0195,2025-08-30,22.49,app,pickup,completed
ORD-0085736,R-0195,2025-08-31,86.10,app,pickup,Completed
ORD-0086774,R-0200,2025-08-20,40.21,web,pickup,completed
ORD-0086775,R-0200,2025-08-20,16.17,web,delivery,Completed
ORD-0086776,R-0200,2025-08-17,40.63,web,delivery,completed
ORD-0086777,R-0200,2025-08-22,30.58,app,delivery,completed
ORD-0086778,R-0200,2025-08-22,32.28,web,delivery,completed
ORD-0086779,R-0200,2025-08-23,26.87,app,pickup,completed
ORD-0086780,R-0200,2025-08-31,16.15,app,delivery,completed
ORD-0086781,R-0200,2025-08-23,17.79,web,pickup,completed
ORD-0086782,R-0200,2025-08-17,21.95,app,pickup,completed
ORD-0086783,R-0200,2025-08-14,35.70,web,delivery,Completed
ORD-0086784,R-0200,2025-08-23,17.80,app,pickup,Completed
ORD-0086785,R-0200,2025-08-11,25.15,app,pickup,completed
ORD-0086786,R-0200,2025-08-28,36.06,app,delivery,COMPLETED
ORD-0086787,R-0200,2025-08-14,31.70,web,delivery,Completed
ORD-0086788,R-0200,2025-08-25,20.13,app,pickup,COMPLETED
ORD-0086789,R-0200,2025-08-20,21.48,web,delivery,completed
ORD-0086790,R-0200,2025-08-29,30.85,web,pickup,completed
ORD-0086791,R-0200,2025-08-25,24.06,app,delivery,Completed
ORD-0086792,R-0200,2025-08-21,42.97,app,delivery,completed
ORD-0086793,R-0200,2025-08-13,17.09,app,pickup,completed
ORD-0086794,R-0200,2025-08-14,17.30,app,pickup,completed
ORD-0086795,R-0200,2025-08-22,32.42,web,pickup,completed
ORD-0086796,R-0200,2025-08-15,28.98,app,delivery,completed
ORD-0086797,R-0200,2025-08-16,17.91,web,pickup,completed
ORD-0088798,R-0204,2025-08-29,22.00,app,delivery,COMPLETED
ORD-0088799,R-0204,2025-08-19,24.56,app,delivery,completed
ORD-0088800,R-0204,2025-08-21,29.73,app,delivery,completed
ORD-0088801,R-0204,2025-08-06,21.48,app,delivery,completed
ORD-0088802,R-0204,2025-08-27,37.65,app,pickup,completed
ORD-0088803,R-0204,2025-08-10,20.09,app,delivery,completed
ORD-0088804,R-0204,2025-08-22,25.39,web,pickup,completed
ORD-0088805,R-0204,2025-08-25,24.12,web,pickup,completed
ORD-0088806,R-0204,2025-08-14,23.19,app,delivery,completed
ORD-0088807,R-0204,2025-08-15,27.37,app,delivery,completed
ORD-0088808,R-0204,2025-08-01,30.62,app,delivery,completed
ORD-0088809,R-0204,2025-08-24,31.66,web,delivery,COMPLETED
ORD-0088810,R-0204,2025-08-26,40.29,app,pickup,cancelled
ORD-0088811,R-0204,2025-08-06,25.57,web,pickup,completed
ORD-0088812,R-0204,2025-08-30,30.96,app,delivery,completed
ORD-0088813,R-0204,2025-08-22,58.50,web,delivery,completed
ORD-0088814,R-0204,2025-08-03,34.65,web,delivery,COMPLETED
ORD-0088815,R-0204,2025-08-08,34.27,app,delivery,completed
ORD-0088816,R-0204,2025-08-04,29.80,app,delivery,completed
ORD-0088817,R-0204,2025-08-10,25.77,app,delivery,completed
ORD-0088818,R-0204,2025-08-19,43.47,app,delivery,Completed
ORD-0088819,R-0204,2025-08-06,23.10,app,delivery,completed
ORD-0088820,R-0204,2025-08-01,35.81,app,delivery,completed
ORD-0088821,R-0204,2025-08-09,25.70,app,pickup,completed
ORD-0088822,R-0204,2025-08-02,28.34,web,delivery,completed
ORD-0088823,R-0204,2025-08-16,24.99,web,pickup,completed
ORD-0088824,R-0204,2025-08-13,23.01,web,pickup,completed
ORD-0088825,R-0204,2025-08-22,32.27,app,delivery,completed
ORD-0088826,R-0204,2025-08-08,27.53,web,delivery,completed
ORD-0088827,R-0204,2025-08-03,35.75,app,pickup,completed
ORD-0088828,R-0204,2025-08-15,31.76,app,delivery,completed
ORD-0088829,R-0204,2025-08-22,22.62,app,pickup,cancelled
ORD-0088830,R-0204,2025-08-15,40.72,app,delivery,completed
ORD-0088831,R-0204,2025-08-15,33.48,app,delivery,completed
ORD-0088832,R-0204,2025-08-30,25.55,web,delivery,completed
ORD-0088833,R-0204,2025-08-21,19.63,app,delivery,completed
ORD-0088834,R-0204,2025-08-23,34.36,app,delivery,completed
ORD-0088835,R-0204,2025-08-23,39.71,web,delivery,completed
ORD-0088836,R-0204,2025-08-07,32.96,web,delivery,completed
ORD-0088837,R-0204,2025-08-02,29.49,app,pickup,completed
ORD-0088838,R-0204,2025-08-01,37.79,web,pickup,completed
ORD-0088839,R-0204,2025-08-30,9.89,app,delivery,completed
ORD-0088840,R-0204,2025-08-10,23.52,app,delivery,completed
ORD-0088841,R-0204,2025-08-16,28.14,app,delivery,completed
ORD-0088842,R-0204,2025-08-15,26.56,web,pickup,completed
ORD-0088843,R-0204,2025-08-14,45.56,app,delivery,completed
ORD-0088844,R-0204,2025-08-29,34.53,web,delivery,completed
ORD-0088845,R-0204,2025-08-19,34.95,app,delivery,completed
ORD-0088846,R-0204,2025-08-07,19.70,web,pickup,completed
ORD-0088847,R-0204,2025-08-24,44.24,app,delivery,completed
ORD-0088848,R-0204,2025-08-16,51.52,app,delivery,completed
ORD-0088849,R-0204,2025-08-12,28.74,app,pickup,COMPLETED
ORD-0088850,R-0204,2025-08-20,32.33,app,delivery,completed
ORD-0088851,R-0204,2025-08-29,21.98,web,pickup,completed
ORD-0088852,R-0204,2025-08-19,20.99,app,delivery,Completed
ORD-0088853,R-0204,2025-08-26,42.03,app,delivery,completed
ORD-0088854,R-0204,2025-08-29,27.83,app,delivery,completed
ORD-0088855,R-0204,2025-08-01,45.90,web,delivery,completed
ORD-0088856,R-0204,2025-08-15,44.41,app,delivery,completed
ORD-0088857,R-0204,2025-08-23,26.99,app,delivery,completed
ORD-0088858,R-0204,2025-08-09,15.77,web,pickup,completed
ORD-0088859,R-0204,2025-08-10,25.15,app,delivery,completed
ORD-0088860,R-0204,2025-08-15,26.48,app,delivery,completed
ORD-0088861,R-0204,2025-08-05,14.86,app,delivery,completed
ORD-0088862,R-0204,2025-08-09,21.05,app,delivery,completed
ORD-0088863,R-0204,2025-08-25,19.30,app,pickup,completed
ORD-0088864,R-0204,2025-08-28,21.95,app,pickup,completed
ORD-0088865,R-0204,2025-08-27,24.32,app,delivery,COMPLETED
ORD-0088866,R-0204,2025-08-08,30.60,app,delivery,Completed
ORD-0088867,R-0204,2025-08-22,20.38,web,pickup,completed
ORD-0088868,R-0204,2025-08-16,21.26,app,pickup,completed
ORD-0088869,R-0204,2025-08-05,44.62,app,delivery,completed
ORD-0091141,R-0207,2025-08-09,65.27,web,delivery,COMPLETED
ORD-0091142,R-0207,2025-08-15,49.11,app,pickup,COMPLETED
ORD-0091143,R-0207,2025-08-29,58.76,web,pickup,completed
ORD-0091144,R-0207,2025-08-24,48.11,web,delivery,completed
ORD-0091145,R-0207,2025-08-27,70.26,web,delivery,COMPLETED
ORD-0091146,R-0207,2025-08-01,62.50,app,pickup,completed
ORD-0091147,R-0207,2025-08-04,42.03,app,pickup,completed
ORD-0091148,R-0207,2025-08-07,46.67,web,pickup,completed
ORD-0091149,R-0207,2025-08-02,55.97,app,pickup,completed
ORD-0091150,R-0207,2025-08-21,56.28,web,delivery,completed
ORD-0091151,R-0207,2025-08-24,46.88,app,pickup,Completed
ORD-0091152,R-0207,2025-08-03,41.14,web,pickup,COMPLETED
ORD-0091606,R-0210,2025-08-12,58.94,app,delivery,COMPLETED
ORD-0091607,R-0210,2025-08-09,62.57,web,pickup,COMPLETED
ORD-0091608,R-0210,2025-08-14,75.47,web,delivery,COMPLETED
ORD-0091609,R-0210,2025-08-28,78.39,web,delivery,completed
ORD-0091610,R-0210,2025-08-29,39.22,app,delivery,completed
ORD-0091611,R-0210,2025-08-08,74.30,web,delivery,completed
ORD-0091612,R-0210,2025-08-07,53.65,app,delivery,completed
ORD-0091613,R-0210,2025-08-10,85.30,web,pickup,completed
ORD-0091614,R-0210,2025-08-15,75.10,web,delivery,completed
ORD-0091615,R-0210,2025-08-04,48.36,web,delivery,completed
ORD-0091616,R-0210,2025-08-04,69.06,app,pickup,completed
ORD-0091617,R-0210,2025-08-01,85.56,app,pickup,completed
ORD-0091618,R-0210,2025-08-08,47.62,app,delivery,COMPLETED
ORD-0091619,R-0210,2025-08-10,75.21,web,pickup,completed
ORD-0091620,R-0210,2025-08-28,49.84,app,delivery,completed
ORD-0091621,R-0210,2025-08-29,67.73,web,delivery,COMPLETED
ORD-0091622,R-0210,2025-08-31,66.14,app,pickup,completed
ORD-0091623,R-0210,2025-08-29,45.52,web,delivery,completed
ORD-0091624,R-0210,2025-08-27,56.57,web,delivery,COMPLETED
ORD-0091625,R-0210,2025-08-29,77.87,app,delivery,completed
ORD-0091626,R-0210,2025-08-30,44.52,app,delivery,completed
ORD-0091627,R-0210,2025-08-31,40.94,web,delivery,completed
ORD-0091628,R-0210,2025-08-08,66.24,app,delivery,completed
ORD-0091629,R-0210,2025-08-04,80.95,app,delivery,completed
ORD-0091630,R-0210,2025-08-30,45.05,web,delivery,completed
ORD-0091631,R-0210,2025-08-21,78.90,web,delivery,completed
ORD-0091632,R-0210,2025-08-09,59.00,app,delivery,Completed
ORD-0091633,R-0210,2025-08-23,85.30,app,delivery,completed
ORD-0091634,R-0210,2025-08-15,52.37,app,delivery,completed
ORD-0091635,R-0210,2025-08-23,51.20,app,delivery,COMPLETED
ORD-0091636,R-0210,2025-08-29,49.89,web,pickup,COMPLETED
ORD-0091637,R-0210,2025-08-06,51.69,web,delivery,completed
ORD-0091638,R-0210,2025-08-15,54.69,web,delivery,completed
ORD-0091639,R-0210,2025-08-31,75.46,web,delivery,CANCELLED
ORD-0091640,R-0210,2025-08-24,47.84,app,pickup,completed
ORD-0091641,R-0210,2025-08-31,42.28,web,pickup,completed
ORD-0091642,R-0210,2025-08-01,68.30,web,pickup,completed
ORD-0091643,R-0210,2025-08-15,63.40,web,delivery,completed
ORD-0091644,R-0210,2025-08-31,80.14,web,pickup,completed
ORD-0091645,R-0210,2025-08-22,70.88,web,pickup,completed
ORD-0091646,R-0210,2025-08-09,62.42,web,pickup,completed
ORD-0091647,R-0210,2025-08-12,68.57,web,delivery,completed
ORD-0091648,R-0210,2025-08-15,46.76,app,delivery,completed
ORD-0091649,R-0210,2025-08-07,51.49,app,delivery,completed
ORD-0091650,R-0210,2025-08-08,89.27,web,delivery,Completed
ORD-0091651,R-0210,2025-08-03,60.75,app,delivery,completed
ORD-0091652,R-0210,2025-08-11,62.74,app,pickup,Completed
ORD-0091653,R-0210,2025-08-17,90.03,web,pickup,cancelled
ORD-0091654,R-0210,2025-08-06,47.51,app,pickup,completed
ORD-0091655,R-0210,2025-08-19,73.20,web,pickup,completed
ORD-0091656,R-0210,2025-08-14,65.83,web,delivery,completed
ORD-0091657,R-0210,2025-08-15,117.99,web,delivery,COMPLETED
ORD-0091658,R-0210,2025-08-23,43.63,web,pickup,completed
ORD-0091659,R-0210,2025-08-30,48.09,web,pickup,completed
ORD-0091660,R-0210,2025-08-04,49.22,app,pickup,completed
ORD-0091661,R-0210,2025-08-11,77.71,web,delivery,completed
ORD-0091662,R-0210,2025-08-03,49.02,web,delivery,completed
ORD-0091663,R-0210,2025-08-09,104.03,app,pickup,completed
ORD-0091664,R-0210,2025-08-19,37.69,app,pickup,completed
ORD-0091665,R-0210,2025-08-01,102.84,app,delivery,completed
ORD-0091666,R-0210,2025-08-19,40.82,app,delivery,completed
ORD-0091667,R-0210,2025-08-23,65.02,web,delivery,completed
ORD-0091668,R-0210,2025-08-25,74.23,app,delivery,completed
ORD-0091669,R-0210,2025-08-12,66.52,app,delivery,completed
ORD-0091670,R-0210,2025-08-28,38.23,web,delivery,completed
ORD-0091671,R-0210,2025-08-12,58.33,web,pickup,completed
ORD-0093645,R-0211,2025-08-07,39.62,web,delivery,completed
ORD-0093646,R-0211,2025-08-02,38.79,app,pickup,completed
ORD-0093647,R-0211,2025-08-13,25.73,app,delivery,completed
ORD-0093648,R-0211,2025-08-17,21.89,app,delivery,completed
ORD-0093649,R-0211,2025-08-05,28.12,app,pickup,completed
ORD-0093650,R-0211,2025-08-22,37.41,web,delivery,completed
ORD-0093651,R-0211,2025-08-01,18.65,web,delivery,completed
ORD-0093652,R-0211,2025-08-17,39.97,app,delivery,completed
ORD-0093653,R-0211,2025-08-30,18.93,web,delivery,completed
ORD-0093654,R-0211,2025-08-03,26.48,web,pickup,COMPLETED
ORD-0093655,R-0211,2025-08-25,25.97,app,pickup,cancelled
ORD-0093656,R-0211,2025-08-30,50.50,app,pickup,completed
ORD-0093657,R-0211,2025-08-08,24.79,app,delivery,completed
ORD-0093658,R-0211,2025-08-28,24.24,app,delivery,Completed
ORD-0093659,R-0211,2025-08-02,24.38,web,delivery,completed
ORD-0093660,R-0211,2025-08-29,22.60,app,delivery,completed
ORD-0093661,R-0211,2025-08-03,20.21,web,delivery,Completed
ORD-0093662,R-0211,2025-08-28,31.00,web,delivery,completed
ORD-0093663,R-0211,2025-08-09,26.19,web,delivery,completed
ORD-0093664,R-0211,2025-08-23,26.84,web,pickup,completed
ORD-0093665,R-0211,2025-08-22,19.37,app,pickup,completed
ORD-0093666,R-0211,2025-08-23,20.59,app,pickup,completed
ORD-0093667,R-0211,2025-08-02,13.64,app,pickup,completed
ORD-0093668,R-0211,2025-08-23,35.18,web,pickup,completed
ORD-0093669,R-0211,2025-08-10,24.82,app,delivery,completed
ORD-0093670,R-0211,2025-08-22,40.74,web,delivery,completed
ORD-0093671,R-0211,2025-08-09,43.61,web,delivery,completed
ORD-0093672,R-0211,2025-08-11,17.39,app,delivery,completed
ORD-0093673,R-0211,2025-08-22,39.02,app,delivery,completed
ORD-0093674,R-0211,2025-08-01,24.61,app,delivery,completed
ORD-0093675,R-0211,2025-08-22,19.28,web,pickup,completed
ORD-0093676,R-0211,2025-08-06,14.48,app,pickup,completed
ORD-0093677,R-0211,2025-08-28,31.95,app,pickup,completed
ORD-0093678,R-0211,2025-08-25,24.21,app,pickup,completed
ORD-0093679,R-0211,2025-08-08,20.28,app,delivery,completed
ORD-0093680,R-0211,2025-08-29,31.18,web,delivery,completed
ORD-0096874,R-0218,2025-08-23,19.65,web,delivery,completed
ORD-0096875,R-0218,2025-08-29,42.76,web,delivery,completed
ORD-0096876,R-0218,2025-08-27,29.32,web,pickup,completed
ORD-0096877,R-0218,2025-08-23,8.51,app,pickup,completed
ORD-0096878,R-0218,2025-08-31,19.45,web,pickup,completed
ORD-0096879,R-0218,2025-08-29,28.83,web,delivery,completed
ORD-0096880,R-0218,2025-08-21,24.61,app,delivery,completed
ORD-0096881,R-0218,2025-08-30,25.20,app,pickup,cancelled
ORD-0096882,R-0218,2025-08-22,15.70,web,delivery,completed
ORD-0096883,R-0218,2025-08-23,12.47,app,delivery,completed
ORD-0096884,R-0218,2025-08-28,15.99,app,pickup,completed
ORD-0096885,R-0218,2025-08-19,21.54,app,delivery,completed
ORD-0096886,R-0218,2025-08-23,16.90,web,delivery,completed
ORD-0096887,R-0218,2025-08-31,40.55,app,delivery,completed
ORD-0096888,R-0218,2025-08-28,33.90,web,delivery,completed
ORD-0096889,R-0218,2025-08-28,21.29,web,delivery,completed
ORD-0096890,R-0218,2025-08-25,16.92,web,pickup,completed
ORD-0096891,R-0218,2025-08-18,14.81,app,delivery,completed
ORD-0096892,R-0218,2025-08-25,15.67,web,delivery,completed
ORD-0096893,R-0218,2025-08-24,16.59,app,pickup,completed
ORD-0096894,R-0218,2025-08-31,21.39,web,delivery,completed
ORD-0099365,R-0223,2025-08-28,24.01,app,delivery,completed
ORD-0099887,R-0224,2025-08-22,80.94,web,delivery,completed
ORD-0099888,R-0224,2025-08-02,43.58,app,pickup,completed
ORD-0099889,R-0224,2025-08-15,49.32,web,delivery,completed
ORD-0099890,R-0224,2025-08-18,59.71,web,delivery,completed
ORD-0099891,R-0224,2025-08-02,62.70,web,pickup,completed
ORD-0099892,R-0224,2025-08-31,32.51,web,pickup,completed
ORD-0099893,R-0224,2025-08-02,71.96,app,delivery,completed
ORD-0099894,R-0224,2025-08-02,114.52,app,delivery,completed
ORD-0099895,R-0224,2025-08-12,85.97,web,delivery,completed
ORD-0099896,R-0224,2025-08-07,83.81,web,delivery,Completed
ORD-0099897,R-0224,2025-08-15,89.07,app,delivery,completed
ORD-0099898,R-0224,2025-08-07,66.62,app,pickup,completed
ORD-0099899,R-0224,2025-08-27,86.09,web,pickup,completed
ORD-0101117,R-0227,2025-08-22,39.70,web,delivery,completed
ORD-0101118,R-0227,2025-08-22,37.96,web,delivery,completed
ORD-0101119,R-0227,2025-08-19,28.17,web,delivery,completed
ORD-0101120,R-0227,2025-08-15,73.06,app,delivery,completed
ORD-0101121,R-0227,2025-08-13,46.11,app,pickup,completed
ORD-0101122,R-0227,2025-08-31,74.17,web,pickup,completed
ORD-0101123,R-0227,2025-08-06,52.18,web,delivery,completed
ORD-0101124,R-0227,2025-08-09,67.63,app,pickup,completed
ORD-0101125,R-0227,2025-08-31,28.93,web,delivery,completed
ORD-0101126,R-0227,2025-08-20,35.46,app,delivery,completed
ORD-0101127,R-0227,2025-08-07,33.42,web,delivery,completed
ORD-0101128,R-0227,2025-08-24,70.52,app,pickup,completed
ORD-0101129,R-0227,2025-08-27,64.12,app,delivery,completed
ORD-0101130,R-0227,2025-08-04,49.69,app,delivery,COMPLETED
ORD-0101131,R-0227,2025-08-06,32.00,web,pickup,completed
ORD-0101132,R-0227,2025-08-27,29.33,web,pickup,COMPLETED
ORD-0101133,R-0227,2025-08-29,74.03,app,delivery,completed
ORD-0101134,R-0227,2025-08-02,31.44,app,delivery,COMPLETED
ORD-0101135,R-0227,2025-08-14,54.09,app,delivery,completed
ORD-0101136,R-0227,2025-08-04,29.26,app,delivery,completed
ORD-0101137,R-0227,2025-08-14,52.49,app,delivery,completed
ORD-0101138,R-0227,2025-08-23,52.16,app,delivery,completed
ORD-0101139,R-0227,2025-08-08,44.28,web,pickup,completed
ORD-0101140,R-0227,2025-08-10,51.79,web,pickup,completed
ORD-0101141,R-0227,2025-08-22,31.49,app,delivery,completed
ORD-0101142,R-0227,2025-08-03,34.00,web,delivery,COMPLETED
ORD-0101143,R-0227,2025-08-16,57.21,web,pickup,completed
ORD-0101144,R-0227,2025-08-08,41.93,app,pickup,completed
ORD-0101145,R-0227,2025-08-16,63.43,app,delivery,completed
ORD-0101146,R-0227,2025-08-26,28.62,web,pickup,completed
ORD-0101147,R-0227,2025-08-20,36.92,app,delivery,completed
ORD-0101148,R-0227,2025-08-10,40.76,app,delivery,COMPLETED
ORD-0101149,R-0227,2025-08-28,74.11,app,delivery,completed
ORD-0101150,R-0227,2025-08-28,40.38,web,delivery,completed
ORD-0101151,R-0227,2025-08-15,48.01,app,delivery,completed
ORD-0101152,R-0227,2025-08-03,59.47,web,delivery,completed
ORD-0101191,R-0228,2025-08-19,30.58,app,delivery,completed
ORD-0101192,R-0228,2025-08-14,24.53,app,delivery,completed
ORD-0101193,R-0228,2025-08-23,28.78,app,pickup,completed
ORD-0101194,R-0228,2025-08-31,15.08,app,delivery,completed
ORD-0101195,R-0228,2025-08-27,16.56,app,pickup,COMPLETED
ORD-0101196,R-0228,2025-08-22,14.04,app,delivery,completed
ORD-0101197,R-0228,2025-08-16,9.87,app,pickup,completed
ORD-0101198,R-0228,2025-08-21,13.05,app,delivery,completed
ORD-0101199,R-0228,2025-08-15,20.25,app,delivery,completed
ORD-0101200,R-0228,2025-08-22,7.69,app,delivery,completed
ORD-0101201,R-0228,2025-08-20,19.47,app,pickup,completed
ORD-0101202,R-0228,2025-08-15,9.98,app,delivery,completed
ORD-0101848,R-0232,2025-08-20,11.40,web,pickup,completed
ORD-0101849,R-0232,2025-08-15,11.50,app,delivery,completed
ORD-0101850,R-0232,2025-08-12,15.53,web,pickup,completed
ORD-0101851,R-0232,2025-08-23,36.00,app,delivery,completed
ORD-0101852,R-0232,2025-08-11,28.22,app,pickup,completed
ORD-0101853,R-0232,2025-08-26,16.35,app,delivery,completed
ORD-0101854,R-0232,2025-08-29,25.70,web,delivery,completed
ORD-0101855,R-0232,2025-08-22,26.16,app,delivery,completed
ORD-0101856,R-0232,2025-08-14,17.59,web,pickup,completed
ORD-0101857,R-0232,2025-08-22,23.95,app,delivery,completed
ORD-0101858,R-0232,2025-08-21,20.96,app,delivery,Completed
ORD-0101859,R-0232,2025-08-18,14.30,app,pickup,completed
ORD-0101860,R-0232,2025-08-07,28.05,app,pickup,completed
ORD-0101861,R-0232,2025-08-23,20.05,web,delivery,completed
ORD-0101862,R-0232,2025-08-11,18.33,web,pickup,completed
ORD-0101863,R-0232,2025-08-03,36.30,web,delivery,completed
ORD-0101864,R-0232,2025-08-13,37.78,app,pickup,COMPLETED
ORD-0101865,R-0232,2025-08-24,15.31,web,pickup,completed
ORD-0101866,R-0232,2025-08-22,24.47,web,delivery,completed
ORD-0101867,R-0232,2025-08-01,17.91,web,pickup,cancelled
ORD-0101868,R-0232,2025-08-10,22.52,app,delivery,completed
ORD-0101869,R-0232,2025-08-08,20.46,web,pickup,completed
ORD-0101870,R-0232,2025-08-03,16.64,app,pickup,completed
ORD-0101871,R-0232,2025-08-01,8.08,web,delivery,completed
ORD-0101872,R-0232,2025-08-28,24.81,app,delivery,COMPLETED
ORD-0101873,R-0232,2025-08-20,12.90,app,delivery,completed
ORD-0101874,R-0232,2025-08-17,22.45,web,delivery,completed
ORD-0101875,R-0232,2025-08-11,21.90,app,delivery,completed
ORD-0101876,R-0232,2025-08-22,23.20,app,delivery,completed
ORD-0101877,R-0232,2025-08-03,16.01,app,delivery,completed
ORD-0101878,R-0232,2025-08-01,27.98,web,pickup,COMPLETED
ORD-0101879,R-0232,2025-08-01,24.30,app,pickup,completed
ORD-0101880,R-0232,2025-08-23,12.74,app,delivery,COMPLETED
ORD-0101881,R-0232,2025-08-18,26.56,app,pickup,completed
ORD-0101882,R-0232,2025-08-14,14.22,web,pickup,completed
ORD-0101883,R-0232,2025-08-02,21.91,app,pickup,completed
ORD-0101884,R-0232,2025-08-16,26.11,web,delivery,completed
ORD-0101885,R-0232,2025-08-10,25.79,web,delivery,completed
ORD-0101886,R-0232,2025-08-22,15.14,app,pickup,completed
ORD-0101887,R-0232,2025-08-02,20.97,web,delivery,completed
ORD-0101888,R-0232,2025-08-12,15.97,app,delivery,completed
ORD-0101889,R-0232,2025-08-12,12.22,web,delivery,COMPLETED
ORD-0101890,R-0232,2025-08-28,18.03,app,delivery,Completed
ORD-0101891,R-0232,2025-08-29,12.53,app,delivery,completed
ORD-0101892,R-0232,2025-08-29,18.05,web,delivery,completed
ORD-0101893,R-0232,2025-08-27,16.99,app,pickup,completed
ORD-0101894,R-0232,2025-08-06,15.21,web,delivery,completed
ORD-0101895,R-0232,2025-08-16,23.29,app,delivery,completed
ORD-0101896,R-0232,2025-08-29,31.22,web,pickup,completed
ORD-0101897,R-0232,2025-08-13,19.02,web,pickup,completed
ORD-0101898,R-0232,2025-08-09,15.74,app,pickup,completed
ORD-0101899,R-0232,2025-08-29,28.40,app,pickup,completed
ORD-0101900,R-0232,2025-08-04,16.24,app,delivery,Completed
ORD-0101901,R-0232,2025-08-09,24.38,app,delivery,completed
ORD-0101902,R-0232,2025-08-30,16.96,app,delivery,completed
ORD-0101903,R-0232,2025-08-23,29.49,app,delivery,completed
ORD-0101904,R-0232,2025-08-25,17.67,web,delivery,completed
ORD-0101905,R-0232,2025-08-17,23.86,app,pickup,completed
ORD-0101906,R-0232,2025-08-06,18.82,app,pickup,completed
ORD-0101907,R-0232,2025-08-07,26.07,web,delivery,completed
ORD-0101908,R-0232,2025-08-26,20.31,app,delivery,completed
ORD-0101909,R-0232,2025-08-30,32.82,app,delivery,completed
ORD-0101910,R-0232,2025-08-24,24.42,app,pickup,completed
ORD-0101911,R-0232,2025-08-23,16.06,app,delivery,completed
ORD-0101912,R-0232,2025-08-15,16.95,app,pickup,completed
ORD-0101913,R-0232,2025-08-31,15.29,app,delivery,completed
ORD-0101914,R-0232,2025-08-16,17.05,app,delivery,completed
ORD-0101915,R-0232,2025-08-25,21.48,app,delivery,completed
ORD-0101916,R-0232,2025-08-07,22.90,web,pickup,completed
ORD-0101917,R-0232,2025-08-17,14.10,app,delivery,Completed
ORD-0101918,R-0232,2025-08-22,14.09,app,pickup,completed
ORD-0101919,R-0232,2025-08-07,21.47,app,delivery,completed
ORD-0101920,R-0232,2025-08-19,23.75,app,pickup,completed
ORD-0101921,R-0232,2025-08-09,16.01,app,pickup,completed
ORD-0101922,R-0232,2025-08-29,22.86,app,pickup,COMPLETED
ORD-0101923,R-0232,2025-08-09,27.59,app,delivery,Completed
ORD-0101924,R-0232,2025-08-17,15.12,web,delivery,Completed
ORD-0101925,R-0232,2025-08-23,19.45,app,pickup,completed
ORD-0101926,R-0232,2025-08-30,15.34,app,delivery,completed
ORD-0101927,R-0232,2025-08-26,14.70,app,delivery,completed
ORD-0101928,R-0232,2025-08-08,19.43,app,delivery,completed
ORD-0101929,R-0232,2025-08-01,18.37,web,pickup,completed
ORD-0101930,R-0232,2025-08-27,18.72,app,delivery,completed
ORD-0101931,R-0232,2025-08-11,11.83,web,delivery,completed
ORD-0101932,R-0232,2025-08-22,35.54,app,pickup,completed
ORD-0101933,R-0232,2025-08-16,27.50,app,pickup,completed
ORD-0101934,R-0232,2025-08-16,18.38,web,delivery,completed
ORD-0101935,R-0232,2025-08-02,16.33,web,delivery,cancelled
ORD-0101936,R-0232,2025-08-19,25.52,app,delivery,completed
ORD-0101937,R-0232,2025-08-09,30.37,app,delivery,completed
ORD-0101938,R-0232,2025-08-12,18.30,web,delivery,completed
ORD-0101939,R-0232,2025-08-26,14.43,web,delivery,completed
ORD-0101940,R-0232,2025-08-06,24.42,app,delivery,completed
ORD-0101941,R-0232,2025-08-27,30.36,app,delivery,COMPLETED
ORD-0101942,R-0232,2025-08-02,30.41,app,pickup,cancelled
ORD-0101943,R-0232,2025-08-09,17.98,web,delivery,completed
ORD-0101944,R-0232,2025-08-14,16.71,app,delivery,completed
ORD-0101945,R-0232,2025-08-11,10.90,app,delivery,completed
ORD-0101946,R-0232,2025-08-21,23.67,app,delivery,completed
ORD-0101947,R-0232,2025-08-01,22.55,app,delivery,cancelled
ORD-0101948,R-0232,2025-08-09,25.04,app,pickup,completed
ORD-0101949,R-0232,2025-08-22,20.13,app,pickup,completed
ORD-0101950,R-0232,2025-08-27,26.06,web,delivery,completed
ORD-0101951,R-0232,2025-08-15,29.76,web,delivery,completed
ORD-0101952,R-0232,2025-08-25,17.74,web,pickup,completed
ORD-0101953,R-0232,2025-08-03,29.61,app,pickup,completed
ORD-0101954,R-0232,2025-08-16,21.07,web,delivery,completed
ORD-0101955,R-0232,2025-08-27,18.88,app,delivery,completed
ORD-0101956,R-0232,2025-08-02,23.73,app,pickup,completed
ORD-0101957,R-0232,2025-08-08,9.15,web,delivery,completed
ORD-0101958,R-0232,2025-08-31,18.12,web,delivery,completed
ORD-0101959,R-0232,2025-08-05,23.19,app,delivery,completed
ORD-0101960,R-0232,2025-08-07,22.06,app,delivery,completed
ORD-0101961,R-0232,2025-08-22,28.02,web,delivery,completed
ORD-0101962,R-0232,2025-08-12,33.92,web,delivery,completed
ORD-0101963,R-0232,2025-08-01,23.38,app,delivery,completed
ORD-0101964,R-0232,2025-08-09,14.97,app,pickup,completed
ORD-0101965,R-0232,2025-08-16,15.19,web,pickup,COMPLETED
ORD-0101966,R-0232,2025-08-15,22.50,app,pickup,completed
ORD-0101967,R-0232,2025-08-19,13.18,app,delivery,COMPLETED
ORD-0101968,R-0232,2025-08-05,19.01,app,delivery,completed
ORD-0101969,R-0232,2025-08-27,12.78,web,delivery,completed
ORD-0101970,R-0232,2025-08-09,12.87,web,pickup,completed
ORD-0101971,R-0232,2025-08-09,14.24,app,delivery,completed
ORD-0101972,R-0232,2025-08-01,12.56,app,delivery,completed
ORD-0101973,R-0232,2025-08-08,25.42,app,delivery,completed
ORD-0101974,R-0232,2025-08-26,16.97,app,delivery,Completed
ORD-0101975,R-0232,2025-08-31,17.77,app,delivery,completed
ORD-0101976,R-0232,2025-08-22,19.47,app,delivery,completed
ORD-0101977,R-0232,2025-08-09,22.45,app,delivery,refunded
ORD-0101978,R-0232,2025-08-08,24.30,web,pickup,completed
ORD-0105469,R-0236,2025-08-31,35.47,app,pickup,COMPLETED
ORD-0105470,R-0236,2025-08-02,33.88,app,delivery,completed
ORD-0105471,R-0236,2025-08-18,43.17,app,pickup,refunded
ORD-0105472,R-0236,2025-08-22,18.54,web,delivery,completed
ORD-0105473,R-0236,2025-08-01,42.54,web,delivery,completed
ORD-0105474,R-0236,2025-08-13,34.87,app,pickup,completed
ORD-0105475,R-0236,2025-08-15,37.95,app,delivery,completed
ORD-0105476,R-0236,2025-08-12,15.45,app,delivery,COMPLETED
ORD-0105477,R-0236,2025-08-16,17.96,web,delivery,completed
ORD-0105478,R-0236,2025-08-24,34.12,app,pickup,completed
ORD-0105479,R-0236,2025-08-31,20.44,app,pickup,CANCELLED
ORD-0105480,R-0236,2025-08-22,32.57,web,delivery,completed
ORD-0105481,R-0236,2025-08-09,37.73,web,delivery,completed
ORD-0105482,R-0236,2025-08-10,33.95,app,delivery,completed
ORD-0105483,R-0236,2025-08-21,37.67,app,pickup,completed
ORD-0105484,R-0236,2025-08-22,29.94,app,delivery,completed
ORD-0105485,R-0236,2025-08-03,51.89,app,delivery,completed
ORD-0105486,R-0236,2025-08-18,35.52,web,delivery,completed
ORD-0105487,R-0236,2025-08-23,50.33,web,delivery,COMPLETED
ORD-0105488,R-0236,2025-08-26,17.84,app,delivery,completed
ORD-0105489,R-0236,2025-08-29,16.01,app,delivery,completed
ORD-0105490,R-0236,2025-08-24,57.18,app,delivery,completed
ORD-0105491,R-0236,2025-08-23,18.47,app,delivery,completed
ORD-0105492,R-0236,2025-08-21,25.52,web,pickup,completed
ORD-0105493,R-0236,2025-08-16,27.07,app,delivery,completed
ORD-0105494,R-0236,2025-08-03,39.35,web,delivery,completed
ORD-0105495,R-0236,2025-08-17,26.62,web,delivery,completed
ORD-0105496,R-0236,2025-08-21,28.55,app,delivery,completed
ORD-0105497,R-0236,2025-08-07,29.56,app,delivery,completed
ORD-0105498,R-0236,2025-08-15,28.53,web,delivery,completed
ORD-0105499,R-0236,2025-08-18,28.65,app,pickup,completed
ORD-0105500,R-0236,2025-08-30,37.13,web,delivery,completed
ORD-0105501,R-0236,2025-08-22,27.64,app,delivery,completed
ORD-0105502,R-0236,2025-08-31,28.42,app,delivery,COMPLETED
ORD-0105503,R-0236,2025-08-16,33.73,app,delivery,completed
ORD-0105504,R-0236,2025-08-07,30.12,app,delivery,COMPLETED
ORD-0105505,R-0236,2025-08-01,38.73,app,delivery,Completed
ORD-0106230,R-0239,2025-08-26,11.09,app,delivery,completed
ORD-0106231,R-0239,2025-08-29,18.72,app,delivery,completed
ORD-0106232,R-0239,2025-08-03,20.38,web,delivery,completed
ORD-0106233,R-0239,2025-08-22,24.74,app,delivery,completed
ORD-0106234,R-0239,2025-08-13,16.71,web,delivery,cancelled
ORD-0106235,R-0239,2025-08-28,18.07,app,delivery,completed
ORD-0106236,R-0239,2025-08-19,33.32,app,delivery,completed
ORD-0106237,R-0239,2025-08-03,15.93,app,delivery,completed
ORD-0106238,R-0239,2025-08-05,20.50,web,delivery,COMPLETED
ORD-0106239,R-0239,2025-08-24,34.11,web,delivery,completed
ORD-0106240,R-0239,2025-08-24,28.10,app,delivery,completed
ORD-0106241,R-0239,2025-08-28,21.47,app,delivery,completed
ORD-0106242,R-0239,2025-08-15,10.57,app,delivery,completed
ORD-0106243,R-0239,2025-08-27,28.13,app,pickup,completed
ORD-0106244,R-0239,2025-08-03,16.43,app,delivery,COMPLETED
ORD-0106245,R-0239,2025-08-22,25.70,app,delivery,completed
ORD-0106246,R-0239,2025-08-14,24.49,web,delivery,COMPLETED
ORD-0106247,R-0239,2025-08-30,40.99,app,pickup,completed
ORD-0106248,R-0239,2025-08-09,13.42,app,pickup,completed
ORD-0106249,R-0239,2025-08-09,36.66,app,delivery,completed
ORD-0106250,R-0239,2025-08-25,26.07,web,delivery,completed
ORD-0107580,R-0245,2025-08-17,24.97,app,delivery,completed
ORD-0107581,R-0245,2025-08-09,14.34,app,delivery,completed
ORD-0107582,R-0245,2025-08-08,20.99,web,delivery,completed
ORD-0107583,R-0245,2025-08-15,21.35,web,delivery,completed
ORD-0107584,R-0245,2025-08-24,34.49,web,delivery,completed
ORD-0107585,R-0245,2025-08-26,24.38,web,pickup,completed
ORD-0107586,R-0245,2025-08-16,26.57,app,delivery,completed
ORD-0107587,R-0245,2025-08-13,16.59,web,pickup,completed
ORD-0107588,R-0245,2025-08-01,18.68,app,pickup,COMPLETED
ORD-0107589,R-0245,2025-08-11,20.18,app,delivery,completed
ORD-0107590,R-0245,2025-08-25,21.01,web,pickup,completed
ORD-0107591,R-0245,2025-08-07,8.80,web,delivery,completed
ORD-0107592,R-0245,2025-08-01,24.88,app,delivery,Cancelled
ORD-0107593,R-0245,2025-08-24,30.33,app,delivery,COMPLETED
ORD-0107594,R-0245,2025-08-15,16.90,web,delivery,completed
ORD-0107595,R-0245,2025-08-26,15.16,app,pickup,Completed
ORD-0107596,R-0245,2025-08-25,35.73,app,pickup,completed
ORD-0107597,R-0245,2025-08-15,25.64,app,delivery,completed
ORD-0107598,R-0245,2025-08-22,11.70,web,delivery,completed
ORD-0107599,R-0245,2025-08-09,19.11,app,delivery,completed
ORD-0107600,R-0245,2025-08-06,20.74,app,delivery,completed
ORD-0107601,R-0245,2025-08-24,18.46,web,delivery,completed
ORD-0107602,R-0245,2025-08-07,10.18,app,delivery,completed
ORD-0107603,R-0245,2025-08-27,12.76,app,pickup,completed
ORD-0107604,R-0245,2025-08-19,16.74,web,delivery,completed
ORD-0107605,R-0245,2025-08-19,31.45,app,delivery,completed
ORD-0107606,R-0245,2025-08-20,18.72,app,delivery,completed
ORD-0107607,R-0245,2025-08-22,27.12,app,pickup,completed
ORD-0107608,R-0245,2025-08-30,29.67,app,delivery,completed
ORD-0107609,R-0245,2025-08-22,20.05,app,pickup,completed
ORD-0107610,R-0245,2025-08-18,20.79,web,delivery,completed
ORD-0107611,R-0245,2025-08-18,26.94,web,delivery,completed
ORD-0107612,R-0245,2025-08-09,27.55,web,delivery,completed
ORD-0107613,R-0245,2025-08-08,27.26,web,delivery,Completed
ORD-0107614,R-0245,2025-08-18,27.50,app,delivery,completed
ORD-0107615,R-0245,2025-08-27,15.63,app,delivery,completed
ORD-0107616,R-0245,2025-08-30,15.08,web,delivery,Completed
ORD-0107617,R-0245,2025-08-06,17.40,app,delivery,COMPLETED
ORD-0107618,R-0245,2025-08-07,31.29,app,delivery,completed
ORD-0107619,R-0245,2025-08-23,10.82,app,delivery,Completed
ORD-0107620,R-0245,2025-08-02,47.65,web,pickup,completed
ORD-0107621,R-0245,2025-08-16,50.02,app,delivery,completed
ORD-0107622,R-0245,2025-08-08,17.18,app,delivery,completed
ORD-0107623,R-0245,2025-08-14,22.28,web,pickup,completed
ORD-0107624,R-0245,2025-08-03,17.23,app,delivery,completed
ORD-0107625,R-0245,2025-08-08,35.76,app,delivery,completed
ORD-0107626,R-0245,2025-08-28,32.39,web,pickup,completed
ORD-0107627,R-0245,2025-08-23,18.52,web,delivery,completed
ORD-0107628,R-0245,2025-08-11,17.35,app,pickup,completed
ORD-0107629,R-0245,2025-08-06,18.39,web,delivery,completed
ORD-0107630,R-0245,2025-08-15,20.24,app,delivery,completed
ORD-0107631,R-0245,2025-08-08,26.46,web,pickup,completed
ORD-0107632,R-0245,2025-08-12,13.14,app,delivery,completed
ORD-0107633,R-0245,2025-08-17,27.62,web,delivery,completed
ORD-0109196,R-0247,2025-08-25,20.20,web,pickup,Completed
ORD-0109197,R-0247,2025-08-09,22.60,web,delivery,completed
ORD-0109198,R-0247,2025-08-21,12.73,app,pickup,completed
ORD-0109199,R-0247,2025-08-21,18.10,app,pickup,completed
ORD-0109200,R-0247,2025-08-29,24.39,web,delivery,completed
ORD-0109201,R-0247,2025-08-16,33.28,web,pickup,completed
ORD-0109202,R-0247,2025-08-14,13.70,web,pickup,refunded
ORD-0109203,R-0247,2025-08-07,40.51,web,pickup,completed
ORD-0109204,R-0247,2025-08-17,28.05,web,pickup,completed
ORD-0109205,R-0247,2025-08-13,28.25,web,delivery,completed
ORD-0109206,R-0247,2025-08-07,31.62,web,pickup,completed
ORD-0109207,R-0247,2025-08-17,16.14,web,delivery,completed
ORD-0109208,R-0247,2025-08-14,21.53,web,delivery,completed
ORD-0109209,R-0247,2025-08-12,18.68,app,pickup,completed
ORD-0109210,R-0247,2025-08-07,30.75,web,pickup,completed
ORD-0109211,R-0247,2025-08-02,25.30,web,delivery,completed
ORD-0109212,R-0247,2025-08-15,29.23,app,delivery,completed
ORD-0109213,R-0247,2025-08-23,42.53,app,pickup,completed
ORD-0109214,R-0247,2025-08-22,13.45,web,pickup,completed
ORD-0109215,R-0247,2025-08-22,25.20,web,pickup,completed
ORD-0109216,R-0247,2025-08-04,28.74,app,delivery,completed
ORD-0109217,R-0247,2025-08-16,44.58,app,delivery,completed
ORD-0109218,R-0247,2025-08-13,18.04,web,delivery,completed
ORD-0109219,R-0247,2025-08-09,21.96,web,pickup,completed
ORD-0109220,R-0247,2025-08-01,20.54,web,pickup,completed
ORD-0109221,R-0247,2025-08-07,19.55,app,delivery,completed
ORD-0109222,R-0247,2025-08-19,35.24,app,pickup,completed
ORD-0109223,R-0247,2025-08-03,27.33,web,pickup,completed
ORD-0109224,R-0247,2025-08-10,22.85,web,delivery,completed
ORD-0109225,R-0247,2025-08-30,30.66,web,pickup,completed
ORD-0109226,R-0247,2025-08-27,23.11,app,delivery,completed
ORD-0111723,R-0260,2025-08-23,21.00,web,delivery,COMPLETED
ORD-0111724,R-0260,2025-08-15,31.18,app,pickup,completed
ORD-0111725,R-0260,2025-08-31,31.49,web,delivery,completed
ORD-0111726,R-0260,2025-08-21,14.75,app,pickup,completed
ORD-0111727,R-0260,2025-08-26,74.44,web,delivery,completed
ORD-0111728,R-0260,2025-08-22,37.46,web,delivery,completed
ORD-0111729,R-0260,2025-08-14,26.20,web,delivery,completed
ORD-0111730,R-0260,2025-08-30,30.03,web,delivery,completed
ORD-0111731,R-0260,2025-08-13,53.90,app,delivery,completed
ORD-0111732,R-0260,2025-08-03,28.81,app,delivery,completed
ORD-0111733,R-0260,2025-08-28,15.19,app,delivery,completed
ORD-0111734,R-0260,2025-08-22,50.13,web,delivery,refunded
ORD-0111735,R-0260,2025-08-08,31.62,app,delivery,completed
ORD-0111736,R-0260,2025-08-04,35.46,web,delivery,Completed
ORD-0112065,R-0261,2025-08-06,13.15,app,delivery,completed
ORD-0112066,R-0261,2025-08-04,15.11,web,delivery,completed
ORD-0112067,R-0261,2025-08-26,30.12,web,delivery,completed
ORD-0112068,R-0261,2025-08-20,18.16,app,delivery,completed
ORD-0112069,R-0261,2025-08-30,17.30,app,delivery,completed
ORD-0112070,R-0261,2025-08-29,18.54,web,delivery,completed
ORD-0112071,R-0261,2025-08-10,39.44,app,delivery,completed
ORD-0112072,R-0261,2025-08-26,16.34,web,pickup,completed
ORD-0112073,R-0261,2025-08-10,18.64,app,delivery,completed
ORD-0112074,R-0261,2025-08-13,16.31,web,delivery,completed
ORD-0112075,R-0261,2025-08-01,12.16,web,delivery,completed
ORD-0112076,R-0261,2025-08-01,17.91,app,delivery,completed
ORD-0112077,R-0261,2025-08-17,40.56,app,delivery,completed
ORD-0112078,R-0261,2025-08-13,12.87,web,delivery,completed
ORD-0112079,R-0261,2025-08-29,9.59,web,delivery,completed
ORD-0112080,R-0261,2025-08-28,19.91,web,pickup,completed
ORD-0112081,R-0261,2025-08-24,10.30,web,delivery,COMPLETED
ORD-0112082,R-0261,2025-08-06,25.43,app,pickup,refunded
ORD-0112083,R-0261,2025-08-07,29.00,web,delivery,COMPLETED
ORD-0112084,R-0261,2025-08-06,14.18,web,delivery,COMPLETED
ORD-0112085,R-0261,2025-08-02,17.73,web,delivery,refunded
ORD-0112086,R-0261,2025-08-30,21.83,web,delivery,completed
ORD-0112087,R-0261,2025-08-01,28.94,app,delivery,completed
ORD-0112088,R-0261,2025-08-07,16.60,app,pickup,completed
ORD-0112089,R-0261,2025-08-06,25.15,web,delivery,completed
ORD-0112090,R-0261,2025-08-03,13.80,app,delivery,completed
ORD-0112091,R-0261,2025-08-07,21.38,web,pickup,completed
ORD-0112092,R-0261,2025-08-10,15.53,app,delivery,completed
ORD-0112093,R-0261,2025-08-03,10.29,web,delivery,cancelled
ORD-0112094,R-0261,2025-08-19,17.31,app,delivery,COMPLETED
ORD-0112095,R-0261,2025-08-15,21.73,app,pickup,completed
ORD-0112096,R-0261,2025-08-04,12.63,web,delivery,completed
ORD-0112097,R-0261,2025-08-27,23.47,web,delivery,COMPLETED
ORD-0112098,R-0261,2025-08-03,21.99,app,delivery,completed
ORD-0112099,R-0261,2025-08-05,11.14,app,pickup,completed
ORD-0112100,R-0261,2025-08-06,11.45,app,delivery,completed
ORD-0112101,R-0261,2025-08-13,14.73,web,delivery,completed
ORD-0112102,R-0261,2025-08-11,18.57,web,pickup,completed
ORD-0112103,R-0261,2025-08-08,12.64,app,delivery,completed
ORD-0112104,R-0261,2025-08-29,40.49,app,pickup,completed
ORD-0112105,R-0261,2025-08-19,21.83,app,delivery,completed
ORD-0112106,R-0261,2025-08-02,10.77,app,delivery,completed
ORD-0112107,R-0261,2025-08-30,36.77,app,delivery,completed
ORD-0112108,R-0261,2025-08-09,19.04,app,delivery,completed
ORD-0112109,R-0261,2025-08-09,21.02,web,delivery,completed
ORD-0112110,R-0261,2025-08-22,19.19,app,delivery,completed
ORD-0112111,R-0261,2025-08-02,10.97,web,delivery,Completed
ORD-0112112,R-0261,2025-08-18,10.68,web,pickup,completed
ORD-0112113,R-0261,2025-08-09,13.91,app,delivery,completed
ORD-0112114,R-0261,2025-08-14,19.52,web,delivery,COMPLETED
ORD-0112115,R-0261,2025-08-22,12.19,web,delivery,completed
ORD-0112116,R-0261,2025-08-10,18.67,web,delivery,completed
ORD-0112117,R-0261,2025-08-16,16.71,web,delivery,completed
ORD-0112118,R-0261,2025-08-21,24.21,web,pickup,completed
ORD-0112119,R-0261,2025-08-13,25.24,app,delivery,completed
ORD-0112120,R-0261,2025-08-19,19.60,app,delivery,Completed
ORD-0112121,R-0261,2025-08-16,23.88,app,delivery,completed
ORD-0112122,R-0261,2025-08-25,29.86,app,delivery,completed
ORD-0112123,R-0261,2025-08-18,19.25,app,delivery,completed
ORD-0112124,R-0261,2025-08-29,20.04,app,delivery,completed
ORD-0112125,R-0261,2025-08-16,17.74,web,pickup,Completed
ORD-0112126,R-0261,2025-08-04,24.31,app,delivery,completed
ORD-0112127,R-0261,2025-08-10,18.89,app,delivery,COMPLETED
ORD-0112128,R-0261,2025-08-15,15.35,web,pickup,completed
ORD-0112129,R-0261,2025-08-22,18.56,app,delivery,completed
ORD-0114555,R-0271,2025-08-15,16.89,app,delivery,Completed
ORD-0114556,R-0271,2025-08-15,23.30,web,delivery,completed
ORD-0114557,R-0271,2025-08-19,25.10,app,delivery,completed
ORD-0114558,R-0271,2025-08-09,45.93,app,pickup,completed
ORD-0114559,R-0271,2025-08-02,40.22,app,delivery,completed
ORD-0114560,R-0271,2025-08-17,31.07,app,pickup,completed
ORD-0114561,R-0271,2025-08-16,42.14,web,pickup,COMPLETED
ORD-0114562,R-0271,2025-08-29,28.59,web,delivery,Completed
ORD-0114563,R-0271,2025-08-05,9.64,app,pickup,completed
ORD-0114564,R-0271,2025-08-11,25.15,web,pickup,completed
ORD-0114565,R-0271,2025-08-23,39.46,app,delivery,completed
ORD-0114566,R-0271,2025-08-11,23.32,web,delivery,completed
ORD-0114567,R-0271,2025-08-09,25.19,web,delivery,Completed
ORD-0114568,R-0271,2025-08-27,21.76,app,pickup,completed
ORD-0114569,R-0271,2025-08-10,23.06,app,pickup,completed
ORD-0114570,R-0271,2025-08-29,55.62,app,delivery,Refunded
ORD-0114571,R-0271,2025-08-13,15.56,web,pickup,completed
ORD-0116137,R-0277,2025-08-17,14.26,app,delivery,cancelled
ORD-0116138,R-0277,2025-08-19,18.44,web,delivery,Completed
ORD-0116139,R-0277,2025-08-02,16.88,web,delivery,Completed
ORD-0116140,R-0277,2025-08-29,44.96,web,delivery,completed
ORD-0116141,R-0277,2025-08-13,26.57,app,delivery,completed
ORD-0116142,R-0277,2025-08-27,17.95,app,delivery,completed
ORD-0116143,R-0277,2025-08-01,20.71,web,pickup,completed
ORD-0116144,R-0277,2025-08-04,25.60,app,pickup,completed
ORD-0116145,R-0277,2025-08-24,22.19,app,delivery,completed
ORD-0116146,R-0277,2025-08-30,14.20,app,delivery,cancelled
ORD-0116147,R-0277,2025-08-19,25.14,app,delivery,completed
ORD-0116148,R-0277,2025-08-02,43.57,app,delivery,refunded
ORD-0116149,R-0277,2025-08-31,33.76,app,pickup,Completed
ORD-0116150,R-0277,2025-08-16,38.06,app,delivery,COMPLETED
ORD-0116151,R-0277,2025-08-01,20.28,app,delivery,completed
ORD-0116152,R-0277,2025-08-23,41.22,app,pickup,completed
ORD-0116153,R-0277,2025-08-28,38.85,app,pickup,completed
ORD-0116154,R-0277,2025-08-30,18.17,app,delivery,completed
ORD-0116155,R-0277,2025-08-02,17.60,web,delivery,completed
ORD-0116156,R-0277,2025-08-26,17.68,app,delivery,completed
ORD-0116157,R-0277,2025-08-20,26.56,web,delivery,completed
ORD-0116158,R-0277,2025-08-10,15.33,app,delivery,completed
ORD-0116159,R-0277,2025-08-30,20.81,web,delivery,completed
ORD-0116160,R-0277,2025-08-19,27.71,web,pickup,completed
ORD-0116161,R-0277,2025-08-09,60.74,app,delivery,completed
ORD-0116162,R-0277,2025-08-30,20.11,app,pickup,completed
ORD-0116163,R-0277,2025-08-05,13.86,app,delivery,completed
ORD-0116164,R-0277,2025-08-24,26.74,app,delivery,completed
ORD-0116165,R-0277,2025-08-04,21.17,app,delivery,completed
ORD-0116166,R-0277,2025-08-15,15.33,web,delivery,completed
ORD-0116167,R-0277,2025-08-14,22.14,app,pickup,COMPLETED
ORD-0116168,R-0277,2025-08-24,26.04,app,delivery,completed
ORD-0116169,R-0277,2025-08-22,32.85,app,pickup,completed
ORD-0116170,R-0277,2025-08-13,16.27,web,delivery,completed
ORD-0116171,R-0277,2025-08-30,52.51,app,delivery,Completed
ORD-0116172,R-0277,2025-08-27,15.48,app,delivery,completed
ORD-0116173,R-0277,2025-08-26,36.19,app,pickup,completed
ORD-0116174,R-0277,2025-08-03,25.07,app,delivery,completed
ORD-0116175,R-0277,2025-08-16,40.92,web,delivery,completed
ORD-0117280,R-0281,2025-08-16,30.25,web,pickup,completed
ORD-0117281,R-0281,2025-08-02,24.78,app,delivery,cancelled
ORD-0117282,R-0281,2025-08-31,25.02,web,delivery,completed
ORD-0117283,R-0281,2025-08-20,38.72,web,pickup,completed
ORD-0117284,R-0281,2025-08-17,21.24,app,delivery,completed
ORD-0117285,R-0281,2025-08-26,16.09,web,delivery,completed
ORD-0117286,R-0281,2025-08-08,20.34,web,pickup,completed
ORD-0117287,R-0281,2025-08-02,34.75,app,delivery,completed
ORD-0117288,R-0281,2025-08-03,20.71,app,delivery,completed
ORD-0117289,R-0281,2025-08-26,20.10,web,pickup,completed
ORD-0117290,R-0281,2025-08-04,8.80,web,delivery,completed
ORD-0117291,R-0281,2025-08-09,16.66,web,delivery,completed
ORD-0117292,R-0281,2025-08-07,14.54,web,delivery,completed
ORD-0117293,R-0281,2025-08-29,26.32,app,delivery,completed
ORD-0117294,R-0281,2025-08-30,22.99,web,delivery,completed
ORD-0117295,R-0281,2025-08-09,21.61,web,delivery,completed
ORD-0117296,R-0281,2025-08-26,15.95,web,delivery,completed
ORD-0117297,R-0281,2025-08-30,17.42,web,pickup,completed
ORD-0117298,R-0281,2025-08-02,13.55,web,delivery,completed
ORD-0117299,R-0281,2025-08-08,24.88,web,pickup,COMPLETED
ORD-0117300,R-0281,2025-08-11,18.79,web,delivery,completed
ORD-0117301,R-0281,2025-08-22,26.09,web,pickup,completed
ORD-0117302,R-0281,2025-08-29,17.37,web,delivery,completed
ORD-0117303,R-0281,2025-08-31,28.72,web,pickup,completed
ORD-0117304,R-0281,2025-08-21,20.75,web,pickup,completed
ORD-0117305,R-0281,2025-08-07,34.90,web,pickup,completed
ORD-0117306,R-0281,2025-08-09,17.28,web,pickup,completed
ORD-0117307,R-0281,2025-08-06,35.63,web,delivery,completed
ORD-0117308,R-0281,2025-08-05,12.05,web,pickup,completed
ORD-0117309,R-0281,2025-08-31,12.44,app,delivery,completed
ORD-0117310,R-0281,2025-08-24,25.17,web,delivery,cancelled
ORD-0117311,R-0281,2025-08-23,23.73,web,delivery,completed
ORD-0117312,R-0281,2025-08-30,20.44,app,delivery,completed
ORD-0117313,R-0281,2025-08-04,26.52,web,delivery,completed
ORD-0117314,R-0281,2025-08-17,11.99,app,delivery,cancelled
ORD-0117315,R-0281,2025-08-01,21.19,app,pickup,completed
ORD-0118679,R-0286,2025-08-13,51.87,web,delivery,completed
ORD-0118680,R-0286,2025-08-14,73.30,web,delivery,COMPLETED
ORD-0118681,R-0286,2025-08-13,40.13,web,delivery,completed
ORD-0118682,R-0286,2025-08-10,47.25,web,delivery,completed
ORD-0118683,R-0286,2025-08-15,61.65,app,pickup,completed
ORD-0118684,R-0286,2025-08-02,29.81,web,delivery,Completed
ORD-0118685,R-0286,2025-08-13,56.15,app,delivery,COMPLETED
ORD-0118686,R-0286,2025-08-28,108.19,app,delivery,COMPLETED
ORD-0118687,R-0286,2025-08-15,70.64,web,delivery,completed
ORD-0118688,R-0286,2025-08-16,51.75,app,delivery,completed
ORD-0118689,R-0286,2025-08-16,53.15,app,delivery,completed
ORD-0118690,R-0286,2025-08-29,65.10,web,delivery,completed
ORD-0118691,R-0286,2025-08-28,38.70,web,pickup,completed
ORD-0118692,R-0286,2025-08-09,56.99,web,delivery,completed
ORD-0118693,R-0286,2025-08-19,48.24,app,delivery,completed
ORD-0118694,R-0286,2025-08-02,75.00,app,delivery,completed
ORD-0118695,R-0286,2025-08-28,43.56,web,pickup,completed
ORD-0118696,R-0286,2025-08-02,78.69,web,delivery,completed
ORD-0118697,R-0286,2025-08-09,62.63,app,delivery,cancelled
ORD-0118698,R-0286,2025-08-22,54.34,app,pickup,completed
ORD-0118699,R-0286,2025-08-01,62.11,web,delivery,Completed
ORD-0118700,R-0286,2025-08-12,49.52,web,delivery,COMPLETED
ORD-0118701,R-0286,2025-08-18,47.32,web,delivery,completed
ORD-0118702,R-0286,2025-08-18,59.35,app,delivery,completed
ORD-0118703,R-0286,2025-08-13,38.12,app,pickup,completed
ORD-0119590,R-0290,2025-08-04,81.66,web,delivery,completed
ORD-0119591,R-0290,2025-08-01,64.85,web,delivery,completed
ORD-0119592,R-0290,2025-08-12,65.70,app,pickup,completed
ORD-0119593,R-0290,2025-08-20,66.44,app,delivery,COMPLETED
ORD-0119594,R-0290,2025-08-25,38.28,web,pickup,completed
ORD-0119595,R-0290,2025-08-22,67.98,web,pickup,completed
ORD-0119596,R-0290,2025-08-13,46.55,web,pickup,completed
ORD-0119597,R-0290,2025-08-15,25.47,app,delivery,COMPLETED
ORD-0119598,R-0290,2025-08-29,27.27,app,delivery,completed
ORD-0119599,R-0290,2025-08-29,38.45,app,delivery,completed
ORD-0119600,R-0290,2025-08-25,54.91,app,delivery,completed
ORD-0119601,R-0290,2025-08-18,49.75,app,pickup,cancelled
ORD-0119602,R-0290,2025-08-25,44.68,web,pickup,completed
ORD-0119603,R-0290,2025-08-15,26.07,app,pickup,completed
ORD-0119604,R-0290,2025-08-30,32.71,app,delivery,Completed
ORD-0119605,R-0290,2025-08-09,48.73,app,delivery,COMPLETED
ORD-0119606,R-0290,2025-08-19,39.09,web,pickup,completed
ORD-0119607,R-0290,2025-08-07,30.48,web,delivery,completed
ORD-0119608,R-0290,2025-08-16,96.59,app,pickup,completed
ORD-0119609,R-0290,2025-08-05,33.44,web,pickup,completed
ORD-0119610,R-0290,2025-08-24,33.88,web,delivery,completed
ORD-0120964,R-0297,2025-08-23,35.15,web,pickup,completed
ORD-0120965,R-0297,2025-08-26,39.58,app,delivery,COMPLETED
ORD-0120966,R-0297,2025-08-11,36.64,web,delivery,completed
ORD-0120967,R-0297,2025-08-05,25.95,web,delivery,completed
ORD-0120968,R-0297,2025-08-15,41.39,app,delivery,completed
ORD-0120969,R-0297,2025-08-23,52.27,web,delivery,Completed
ORD-0120970,R-0297,2025-08-28,37.68,web,delivery,completed
ORD-0120971,R-0297,2025-08-30,39.30,app,delivery,completed
ORD-0120972,R-0297,2025-08-29,39.80,app,delivery,COMPLETED
ORD-0120973,R-0297,2025-08-22,53.03,web,delivery,completed
ORD-0120974,R-0297,2025-08-15,47.92,app,delivery,COMPLETED
ORD-0120975,R-0297,2025-08-22,36.18,app,delivery,completed
ORD-0120976,R-0297,2025-08-14,17.71,web,delivery,completed
ORD-0120977,R-0297,2025-08-18,48.85,app,delivery,COMPLETED
ORD-0120978,R-0297,2025-08-10,37.62,web,delivery,completed
ORD-0120979,R-0297,2025-08-12,37.63,web,pickup,completed
ORD-0120980,R-0297,2025-08-18,27.90,app,delivery,completed
ORD-0120981,R-0297,2025-08-15,26.48,app,delivery,completed
ORD-0120982,R-0297,2025-08-10,34.12,web,delivery,completed
ORD-0120983,R-0297,2025-08-25,48.36,app,delivery,completed
ORD-0120984,R-0297,2025-08-10,32.86,app,delivery,completed
ORD-0120985,R-0297,2025-08-23,38.23,app,delivery,cancelled
ORD-0120986,R-0297,2025-08-19,27.95,web,delivery,cancelled
ORD-0120987,R-0297,2025-08-11,39.33,app,delivery,completed
ORD-0120988,R-0297,2025-08-13,30.57,web,delivery,completed
ORD-0120989,R-0297,2025-08-05,62.90,web,delivery,refunded
ORD-0120990,R-0297,2025-08-12,34.12,app,delivery,completed
ORD-0120991,R-0297,2025-08-30,31.39,web,delivery,completed
ORD-0120992,R-0297,2025-08-15,27.09,app,delivery,completed
ORD-0120993,R-0297,2025-08-07,23.66,web,delivery,COMPLETED
ORD-0120994,R-0297,2025-08-12,39.45,web,delivery,completed
ORD-0120995,R-0297,2025-08-09,43.57,web,delivery,completed
ORD-0120996,R-0297,2025-08-09,21.43,web,delivery,completed
ORD-0120997,R-0297,2025-08-28,37.46,web,delivery,completed
ORD-0120998,R-0297,2025-08-11,78.48,web,delivery,completed
ORD-0123973,R-0305,2025-08-09,50.45,web,delivery,completed
ORD-0123974,R-0305,2025-08-25,64.90,web,delivery,completed
ORD-0123975,R-0305,2025-08-09,95.33,web,delivery,completed
ORD-0123976,R-0305,2025-08-07,79.95,web,delivery,completed
ORD-0123977,R-0305,2025-08-17,34.73,app,delivery,Completed
ORD-0123978,R-0305,2025-08-22,46.76,app,delivery,completed
ORD-0123979,R-0305,2025-08-24,38.60,app,delivery,completed
ORD-0123980,R-0305,2025-08-15,77.08,web,delivery,completed
ORD-0123981,R-0305,2025-08-24,66.50,web,delivery,COMPLETED
ORD-0123982,R-0305,2025-08-26,50.94,web,delivery,completed
ORD-0123983,R-0305,2025-08-20,31.52,app,delivery,completed
ORD-0123984,R-0305,2025-08-23,67.83,web,delivery,completed
ORD-0123985,R-0305,2025-08-31,40.24,app,delivery,completed
ORD-0123986,R-0305,2025-08-30,52.90,web,delivery,completed
ORD-0123987,R-0305,2025-08-17,61.79,web,delivery,completed
ORD-0123988,R-0305,2025-08-07,41.44,web,delivery,completed
ORD-0123989,R-0305,2025-08-31,84.90,app,delivery,completed
ORD-0123990,R-0305,2025-08-29,57.94,app,delivery,completed
ORD-0123991,R-0305,2025-08-11,72.39,app,delivery,completed
ORD-0123992,R-0305,2025-08-26,42.91,app,delivery,completed
ORD-0123993,R-0305,2025-08-10,81.33,app,delivery,completed
ORD-0123994,R-0305,2025-08-16,77.28,web,delivery,completed
ORD-0123995,R-0305,2025-08-07,63.47,web,delivery,completed
ORD-0123996,R-0305,2025-08-02,56.31,web,delivery,Completed
ORD-0123997,R-0305,2025-08-31,59.46,web,delivery,completed
ORD-0123998,R-0305,2025-08-11,67.05,web,delivery,Completed
ORD-0123999,R-0305,2025-08-08,55.53,app,pickup,COMPLETED
ORD-0124000,R-0305,2025-08-04,81.29,app,delivery,completed
ORD-0124001,R-0305,2025-08-28,48.90,web,delivery,completed
ORD-0124002,R-0305,2025-08-26,77.77,app,delivery,completed
ORD-0124003,R-0305,2025-08-24,55.09,web,delivery,completed
ORD-0124004,R-0305,2025-08-02,102.32,web,delivery,completed
ORD-0124005,R-0305,2025-08-02,48.80,web,delivery,completed
ORD-0124006,R-0305,2025-08-29,36.95,web,delivery,completed
ORD-0124007,R-0305,2025-08-02,82.43,web,delivery,completed
ORD-0124008,R-0305,2025-08-06,37.45,app,delivery,COMPLETED
ORD-0124009,R-0305,2025-08-04,40.25,web,delivery,completed
ORD-0124010,R-0305,2025-08-27,86.10,app,delivery,completed
ORD-0124011,R-0305,2025-08-22,70.79,app,delivery,completed
ORD-0124012,R-0305,2025-08-16,54.85,web,delivery,completed
ORD-0124013,R-0305,2025-08-15,85.29,app,delivery,completed
ORD-0124014,R-0305,2025-08-01,72.54,web,delivery,completed
ORD-0124015,R-0305,2025-08-25,68.08,web,delivery,completed
ORD-0124016,R-0305,2025-08-31,64.27,web,delivery,completed
ORD-0124017,R-0305,2025-08-23,84.94,app,delivery,completed
ORD-0129855,R-0323,2025-08-19,17.69,web,pickup,completed
ORD-0129856,R-0323,2025-08-17,33.90,web,pickup,completed
ORD-0129857,R-0323,2025-08-04,32.53,web,delivery,completed
ORD-0129858,R-0323,2025-08-03,45.20,web,pickup,completed
ORD-0129859,R-0323,2025-08-04,50.47,app,delivery,Completed
ORD-0129860,R-0323,2025-08-09,59.43,web,delivery,completed
ORD-0129861,R-0323,2025-08-02,20.49,web,delivery,completed
ORD-0129862,R-0323,2025-08-18,28.08,app,delivery,completed
ORD-0129863,R-0323,2025-08-13,61.02,app,pickup,completed
ORD-0129864,R-0323,2025-08-15,29.19,web,delivery,completed
ORD-0129865,R-0323,2025-08-29,16.88,app,delivery,completed
ORD-0129866,R-0323,2025-08-23,29.33,web,pickup,completed
ORD-0129867,R-0323,2025-08-09,20.76,web,pickup,completed
ORD-0129868,R-0323,2025-08-23,43.63,app,pickup,completed
ORD-0129869,R-0323,2025-08-03,30.01,web,pickup,completed
ORD-0129870,R-0323,2025-08-15,30.47,web,pickup,completed
ORD-0129871,R-0323,2025-08-01,35.05,app,pickup,completed
ORD-0129872,R-0323,2025-08-24,67.69,web,delivery,completed
ORD-0129873,R-0323,2025-08-18,43.29,web,delivery,completed
ORD-0129874,R-0323,2025-08-25,18.06,app,delivery,completed
ORD-0129875,R-0323,2025-08-21,42.37,app,delivery,completed
ORD-0129876,R-0323,2025-08-23,25.78,web,pickup,completed
ORD-0129877,R-0323,2025-08-09,29.46,web,delivery,completed
ORD-0129878,R-0323,2025-08-22,9.84,web,delivery,Completed
ORD-0129879,R-0323,2025-08-22,30.83,app,delivery,completed
ORD-0129880,R-0323,2025-08-21,35.35,app,pickup,completed
ORD-0129881,R-0323,2025-08-01,39.72,app,pickup,completed
ORD-0129882,R-0323,2025-08-16,33.89,web,pickup,completed
ORD-0129883,R-0323,2025-08-05,36.89,app,delivery,COMPLETED
ORD-0129884,R-0323,2025-08-31,57.79,web,delivery,completed
ORD-0129885,R-0323,2025-08-24,35.31,web,delivery,completed
ORD-0129886,R-0323,2025-08-01,31.05,app,pickup,completed
ORD-0129887,R-0323,2025-08-09,39.27,web,delivery,completed
ORD-0129888,R-0323,2025-08-31,34.30,web,delivery,completed
ORD-0129889,R-0323,2025-08-05,21.27,web,delivery,completed
ORD-0129890,R-0323,2025-08-08,44.45,app,delivery,Completed
ORD-0129891,R-0323,2025-08-23,39.22,web,delivery,completed
ORD-0129892,R-0323,2025-08-12,30.67,web,delivery,Completed
ORD-0129893,R-0323,2025-08-14,39.34,web,delivery,completed
ORD-0129894,R-0323,2025-08-04,35.02,app,delivery,completed
ORD-0129895,R-0323,2025-08-16,28.29,app,delivery,completed
ORD-0129896,R-0323,2025-08-03,22.58,app,pickup,completed
ORD-0129897,R-0323,2025-08-21,45.77,web,delivery,completed
ORD-0129898,R-0323,2025-08-04,28.80,app,pickup,completed
ORD-0129899,R-0323,2025-08-12,17.92,web,pickup,completed
ORD-0129900,R-0323,2025-08-14,26.00,web,pickup,completed
ORD-0129901,R-0323,2025-08-20,31.62,web,pickup,completed
ORD-0129902,R-0323,2025-08-10,29.39,web,delivery,completed
ORD-0129903,R-0323,2025-08-27,65.07,app,delivery,Completed
ORD-0129904,R-0323,2025-08-09,48.21,web,delivery,completed
ORD-0129905,R-0323,2025-08-01,27.87,app,delivery,COMPLETED
ORD-0129906,R-0323,2025-08-29,37.83,web,pickup,completed
ORD-0129907,R-0323,2025-08-30,19.89,app,delivery,completed
ORD-0129908,R-0323,2025-08-01,32.11,web,pickup,completed
ORD-0129909,R-0323,2025-08-23,35.38,app,pickup,completed
ORD-0129910,R-0323,2025-08-22,20.95,web,delivery,completed
ORD-0129911,R-0323,2025-08-08,24.94,app,delivery,completed
ORD-0129912,R-0323,2025-08-09,16.45,web,delivery,completed
ORD-0129913,R-0323,2025-08-12,25.48,web,delivery,completed
ORD-0129914,R-0323,2025-08-23,23.72,web,pickup,completed
ORD-0129915,R-0323,2025-08-01,35.43,app,delivery,completed
ORD-0129916,R-0323,2025-08-02,35.15,web,delivery,completed
ORD-0129917,R-0323,2025-08-07,31.58,app,pickup,completed
ORD-0129918,R-0323,2025-08-27,59.17,app,pickup,COMPLETED
ORD-0129919,R-0323,2025-08-01,36.02,app,delivery,completed
ORD-0129920,R-0323,2025-08-19,35.35,app,delivery,completed
ORD-0129921,R-0323,2025-08-10,46.56,web,delivery,completed
ORD-0129922,R-0323,2025-08-08,23.27,web,delivery,completed
ORD-0129923,R-0323,2025-08-15,21.03,app,delivery,completed
ORD-0129924,R-0323,2025-08-11,40.36,web,pickup,completed
ORD-0129925,R-0323,2025-08-26,41.53,web,delivery,completed
ORD-0129926,R-0323,2025-08-09,34.05,app,delivery,completed
ORD-0129927,R-0323,2025-08-01,22.30,app,delivery,completed
ORD-0129928,R-0323,2025-08-11,24.47,web,pickup,completed
ORD-0129929,R-0323,2025-08-07,12.09,app,pickup,completed
ORD-0129930,R-0323,2025-08-03,68.52,app,pickup,completed
ORD-0129931,R-0323,2025-08-11,33.90,app,pickup,COMPLETED
ORD-0129932,R-0323,2025-08-14,39.16,app,delivery,completed
ORD-0129933,R-0323,2025-08-04,18.27,app,pickup,cancelled
ORD-0129934,R-0323,2025-08-07,17.99,app,delivery,completed
ORD-0129935,R-0323,2025-08-23,39.94,web,delivery,completed
ORD-0129936,R-0323,2025-08-26,11.09,app,delivery,completed
ORD-0129937,R-0323,2025-08-17,43.53,app,delivery,completed
ORD-0129938,R-0323,2025-08-24,26.72,app,delivery,COMPLETED
ORD-0129939,R-0323,2025-08-08,35.26,web,delivery,completed
ORD-0129940,R-0323,2025-08-08,46.31,app,delivery,completed
ORD-0129941,R-0323,2025-08-03,37.04,app,delivery,completed
ORD-0129942,R-0323,2025-08-30,28.64,app,delivery,completed
ORD-0129943,R-0323,2025-08-29,26.27,app,delivery,Completed
ORD-0129944,R-0323,2025-08-03,51.35,app,pickup,completed
ORD-0129945,R-0323,2025-08-30,59.06,app,delivery,completed
ORD-0129946,R-0323,2025-08-10,30.16,app,delivery,completed
ORD-0129947,R-0323,2025-08-22,18.44,web,delivery,cancelled
ORD-0129948,R-0323,2025-08-11,20.71,app,pickup,Completed
ORD-0132722,R-0324,2025-08-26,20.09,app,delivery,completed
ORD-0132723,R-0324,2025-08-13,31.31,app,delivery,completed
ORD-0132724,R-0324,2025-08-04,28.59,app,delivery,completed
ORD-0132725,R-0324,2025-08-08,15.86,web,pickup,completed
ORD-0132726,R-0324,2025-08-30,24.46,app,delivery,completed
ORD-0132727,R-0324,2025-08-30,20.70,web,delivery,COMPLETED
ORD-0132728,R-0324,2025-08-11,48.71,web,delivery,completed
ORD-0132729,R-0324,2025-08-23,14.75,web,delivery,completed
ORD-0132730,R-0324,2025-08-23,60.65,web,delivery,completed
ORD-0132731,R-0324,2025-08-18,29.72,app,pickup,completed
ORD-0132732,R-0324,2025-08-31,48.17,web,pickup,completed
ORD-0132733,R-0324,2025-08-09,35.34,web,delivery,completed
ORD-0132734,R-0324,2025-08-17,20.55,app,delivery,cancelled
ORD-0132735,R-0324,2025-08-30,32.43,app,delivery,completed
ORD-0132736,R-0324,2025-08-04,13.55,app,delivery,COMPLETED
ORD-0132737,R-0324,2025-08-23,34.14,web,delivery,completed
ORD-0132738,R-0324,2025-08-08,40.45,app,delivery,Completed
ORD-0132739,R-0324,2025-08-01,52.72,app,pickup,COMPLETED
ORD-0132740,R-0324,2025-08-02,68.35,app,delivery,completed
ORD-0132741,R-0324,2025-08-30,41.77,app,delivery,completed
ORD-0132742,R-0324,2025-08-25,26.21,app,pickup,completed
ORD-0132743,R-0324,2025-08-30,43.35,app,delivery,completed
ORD-0132744,R-0324,2025-08-14,20.48,app,delivery,completed
ORD-0132835,R-0325,2025-08-31,28.13,app,pickup,COMPLETED
ORD-0132836,R-0325,2025-08-23,30.08,web,pickup,Completed
ORD-0132837,R-0325,2025-08-21,14.04,app,delivery,completed
ORD-0132838,R-0325,2025-08-13,33.71,app,delivery,completed
ORD-0132839,R-0325,2025-08-15,33.39,app,pickup,completed
ORD-0132840,R-0325,2025-08-06,36.22,web,delivery,completed
ORD-0132841,R-0325,2025-08-23,23.20,app,delivery,completed
ORD-0132842,R-0325,2025-08-24,25.82,app,delivery,completed
ORD-0132843,R-0325,2025-08-03,23.62,app,pickup,completed
ORD-0132844,R-0325,2025-08-27,24.51,app,delivery,completed
ORD-0132845,R-0325,2025-08-07,24.08,web,delivery,completed
ORD-0132846,R-0325,2025-08-24,37.06,web,delivery,COMPLETED
ORD-0132847,R-0325,2025-08-01,15.23,app,delivery,completed
ORD-0132848,R-0325,2025-08-23,21.13,app,pickup,completed
ORD-0132849,R-0325,2025-08-22,24.82,app,delivery,completed
ORD-0132850,R-0325,2025-08-31,24.05,app,delivery,completed
ORD-0132851,R-0325,2025-08-10,26.23,web,delivery,completed
ORD-0132852,R-0325,2025-08-04,26.90,app,pickup,completed
ORD-0132893,R-0326,2025-08-17,21.19,web,pickup,completed
ORD-0132894,R-0326,2025-08-08,11.05,web,delivery,completed
ORD-0132895,R-0326,2025-08-31,22.98,web,delivery,completed
ORD-0132896,R-0326,2025-08-27,23.91,web,pickup,completed
ORD-0132897,R-0326,2025-08-16,13.47,web,pickup,completed
ORD-0132898,R-0326,2025-08-10,15.37,web,pickup,completed
ORD-0132899,R-0326,2025-08-16,23.31,web,delivery,completed
ORD-0132900,R-0326,2025-08-15,16.10,app,delivery,completed
ORD-0132901,R-0326,2025-08-04,13.82,web,delivery,completed
ORD-0132902,R-0326,2025-08-08,15.56,web,delivery,completed
ORD-0132903,R-0326,2025-08-06,15.93,web,delivery,completed
ORD-0132904,R-0326,2025-08-21,13.23,web,pickup,completed
ORD-0132905,R-0326,2025-08-24,20.59,web,pickup,COMPLETED
ORD-0132906,R-0326,2025-08-06,11.51,web,delivery,completed
ORD-0132907,R-0326,2025-08-22,23.79,web,pickup,completed
ORD-0132908,R-0326,2025-08-26,21.62,web,delivery,completed
ORD-0132909,R-0326,2025-08-01,36.75,web,delivery,completed
ORD-0132910,R-0326,2025-08-24,25.38,web,delivery,completed
ORD-0132911,R-0326,2025-08-11,18.37,app,pickup,completed
ORD-0132912,R-0326,2025-08-25,14.39,web,delivery,completed
ORD-0132913,R-0326,2025-08-01,13.67,web,delivery,completed
ORD-0132914,R-0326,2025-08-22,13.08,web,delivery,COMPLETED
ORD-0132915,R-0326,2025-08-16,14.37,web,delivery,completed
ORD-0132916,R-0326,2025-08-15,24.34,web,delivery,completed
ORD-0132917,R-0326,2025-08-22,9.05,app,delivery,completed
ORD-0132918,R-0326,2025-08-18,36.32,app,delivery,completed
ORD-0132919,R-0326,2025-08-04,26.55,web,pickup,completed
ORD-0132920,R-0326,2025-08-28,18.45,web,delivery,completed
ORD-0132921,R-0326,2025-08-15,16.03,web,pickup,completed
ORD-0132922,R-0326,2025-08-04,13.62,web,pickup,completed
ORD-0132923,R-0326,2025-08-08,32.93,app,pickup,completed
ORD-0132924,R-0326,2025-08-30,14.18,web,delivery,completed
ORD-0132925,R-0326,2025-08-10,10.12,web,pickup,completed
ORD-0132926,R-0326,2025-08-16,19.45,app,pickup,Completed
ORD-0132927,R-0326,2025-08-24,23.09,web,pickup,completed
ORD-0132928,R-0326,2025-08-31,28.20,web,pickup,completed
ORD-0132929,R-0326,2025-08-10,19.63,web,pickup,completed
ORD-0132930,R-0326,2025-08-16,18.98,web,delivery,completed
ORD-0132931,R-0326,2025-08-30,19.58,web,pickup,completed
ORD-0132932,R-0326,2025-08-23,28.63,web,pickup,cancelled
ORD-0132933,R-0326,2025-08-31,21.54,app,delivery,completed
ORD-0132934,R-0326,2025-08-30,13.05,web,delivery,COMPLETED
ORD-0132935,R-0326,2025-08-03,16.31,web,delivery,completed
ORD-0132936,R-0326,2025-08-21,6.00,web,delivery,completed
ORD-0132937,R-0326,2025-08-28,10.22,web,delivery,completed
ORD-0132938,R-0326,2025-08-14,20.37,app,pickup,completed
ORD-0132939,R-0326,2025-08-15,31.11,web,pickup,completed
ORD-0132940,R-0326,2025-08-09,12.13,web,pickup,completed
ORD-0132941,R-0326,2025-08-02,14.29,web,delivery,Completed
ORD-0132942,R-0326,2025-08-22,16.01,app,pickup,completed
ORD-0132943,R-0326,2025-08-14,22.64,web,delivery,completed
ORD-0134288,R-0329,2025-08-25,18.97,app,delivery,completed
ORD-0134289,R-0329,2025-08-19,17.65,app,delivery,completed
ORD-0134290,R-0329,2025-08-29,41.27,app,delivery,completed
ORD-0134291,R-0329,2025-08-14,23.17,app,pickup,Completed
ORD-0134292,R-0329,2025-08-25,30.28,web,delivery,completed
ORD-0134888,R-0330,2025-08-27,15.75,web,pickup,completed
ORD-0134889,R-0330,2025-08-16,22.49,app,delivery,completed
ORD-0134890,R-0330,2025-08-24,31.99,web,pickup,completed
ORD-0134891,R-0330,2025-08-07,12.07,web,pickup,completed
ORD-0134892,R-0330,2025-08-23,34.33,web,pickup,completed
ORD-0134893,R-0330,2025-08-05,25.93,web,pickup,completed
ORD-0134894,R-0330,2025-08-07,25.21,web,delivery,COMPLETED
ORD-0134895,R-0330,2025-08-20,32.36,web,pickup,cancelled
ORD-0134896,R-0330,2025-08-21,33.71,web,delivery,REFUNDED
ORD-0134897,R-0330,2025-08-09,36.76,app,delivery,completed
ORD-0134898,R-0330,2025-08-21,41.36,app,delivery,completed
ORD-0134899,R-0330,2025-08-30,43.45,web,delivery,completed
ORD-0134900,R-0330,2025-08-07,21.39,web,delivery,completed
ORD-0134901,R-0330,2025-08-02,22.77,app,pickup,completed
ORD-0134902,R-0330,2025-08-03,51.73,web,pickup,COMPLETED
ORD-0134903,R-0330,2025-08-01,42.24,web,delivery,COMPLETED
ORD-0134904,R-0330,2025-08-10,34.28,web,pickup,completed
ORD-0134905,R-0330,2025-08-09,29.20,app,pickup,COMPLETED
ORD-0134906,R-0330,2025-08-10,10.16,app,delivery,completed
ORD-0134907,R-0330,2025-08-01,31.64,web,delivery,completed
ORD-0134908,R-0330,2025-08-07,27.30,app,pickup,Completed
ORD-0134909,R-0330,2025-08-08,88.99,web,delivery,completed
ORD-0134910,R-0330,2025-08-09,20.67,web,delivery,completed
ORD-0134911,R-0330,2025-08-29,12.69,app,pickup,completed
ORD-0134912,R-0330,2025-08-30,33.19,app,pickup,COMPLETED
ORD-0134913,R-0330,2025-08-16,26.84,web,delivery,completed
ORD-0134914,R-0330,2025-08-01,26.08,web,pickup,completed
ORD-0134959,R-0331,2025-08-30,38.07,app,pickup,completed
ORD-0135186,R-0334,2025-08-22,53.67,app,delivery,completed
ORD-0135187,R-0334,2025-08-18,75.41,app,pickup,completed
ORD-0135188,R-0334,2025-08-15,47.24,app,delivery,completed
ORD-0135189,R-0334,2025-08-18,20.69,web,pickup,REFUNDED
ORD-0135190,R-0334,2025-08-22,28.25,web,pickup,completed
ORD-0135191,R-0334,2025-08-18,30.59,web,delivery,completed
ORD-0135192,R-0334,2025-08-25,50.11,app,pickup,completed
ORD-0135193,R-0334,2025-08-15,46.06,web,delivery,completed
ORD-0135194,R-0334,2025-08-19,38.13,app,delivery,completed
ORD-0135195,R-0334,2025-08-02,36.75,web,pickup,completed
ORD-0135196,R-0334,2025-08-19,45.89,web,pickup,CANCELLED
ORD-0135197,R-0334,2025-08-01,29.07,web,pickup,completed
ORD-0135198,R-0334,2025-08-14,53.70,web,delivery,completed
ORD-0135199,R-0334,2025-08-19,40.58,web,delivery,completed
ORD-0135200,R-0334,2025-08-26,48.73,app,delivery,completed
ORD-0135201,R-0334,2025-08-15,44.37,app,delivery,completed
ORD-0135202,R-0334,2025-08-02,29.36,app,pickup,completed
ORD-0135203,R-0334,2025-08-21,53.80,web,pickup,completed
ORD-0135204,R-0334,2025-08-24,39.40,web,delivery,completed
ORD-0135205,R-0334,2025-08-31,36.62,web,delivery,completed
ORD-0135206,R-0334,2025-08-03,83.55,web,pickup,completed
ORD-0135207,R-0334,2025-08-20,51.82,web,delivery,Completed
ORD-0135208,R-0334,2025-08-13,45.49,web,delivery,completed
ORD-0135209,R-0334,2025-08-20,61.01,web,delivery,COMPLETED
ORD-0135210,R-0334,2025-08-07,65.50,web,pickup,completed
ORD-0135211,R-0334,2025-08-10,31.26,app,pickup,completed
ORD-0135212,R-0334,2025-08-18,44.63,app,pickup,completed
ORD-0135213,R-0334,2025-08-22,30.51,web,pickup,COMPLETED
ORD-0135214,R-0334,2025-08-31,39.52,web,pickup,completed
ORD-0135215,R-0334,2025-08-23,58.14,web,delivery,completed
ORD-0135216,R-0334,2025-08-31,36.59,web,pickup,completed
ORD-0135217,R-0334,2025-08-07,46.98,web,pickup,completed
ORD-0135218,R-0334,2025-08-21,38.24,web,pickup,completed
ORD-0135219,R-0334,2025-08-01,28.89,web,pickup,COMPLETED
ORD-0135220,R-0334,2025-08-30,43.43,web,pickup,completed
ORD-0135221,R-0334,2025-08-12,44.10,web,delivery,completed
ORD-0135222,R-0334,2025-08-01,51.31,app,pickup,completed
ORD-0135223,R-0334,2025-08-31,31.84,app,pickup,completed
ORD-0135224,R-0334,2025-08-17,49.06,web,delivery,completed
ORD-0135225,R-0334,2025-08-07,36.81,web,pickup,completed
ORD-0135226,R-0334,2025-08-03,25.83,app,pickup,completed
ORD-0135227,R-0334,2025-08-20,41.27,app,delivery,completed
ORD-0135228,R-0334,2025-08-15,35.95,app,pickup,completed
ORD-0135229,R-0334,2025-08-06,43.05,web,pickup,completed
ORD-0135230,R-0334,2025-08-02,47.17,web,pickup,completed
ORD-0135231,R-0334,2025-08-08,82.52,web,delivery,completed
ORD-0135232,R-0334,2025-08-17,41.97,web,delivery,completed
ORD-0135233,R-0334,2025-08-09,89.24,app,pickup,completed
ORD-0135234,R-0334,2025-08-04,26.71,app,delivery,completed
ORD-0135235,R-0334,2025-08-31,73.57,web,pickup,completed
ORD-0135236,R-0334,2025-08-03,90.16,app,delivery,completed
ORD-0135237,R-0334,2025-08-06,33.45,app,pickup,completed
ORD-0135238,R-0334,2025-08-20,32.82,web,pickup,Completed
ORD-0135239,R-0334,2025-08-15,57.76,web,pickup,completed
ORD-0136343,R-0335,2025-08-31,40.66,web,delivery,completed
ORD-0136344,R-0335,2025-08-22,51.01,app,pickup,completed
ORD-0136345,R-0335,2025-08-15,25.38,app,delivery,Completed
ORD-0136346,R-0335,2025-08-14,67.45,web,delivery,completed
ORD-0136347,R-0335,2025-08-30,32.32,web,delivery,completed
ORD-0136348,R-0335,2025-08-02,46.97,app,delivery,completed
ORD-0136349,R-0335,2025-08-23,31.59,web,delivery,completed
ORD-0136350,R-0335,2025-08-22,73.65,app,delivery,completed
ORD-0136351,R-0335,2025-08-29,49.33,app,delivery,completed
ORD-0136352,R-0335,2025-08-06,42.03,app,delivery,completed
ORD-0136353,R-0335,2025-08-03,62.44,web,delivery,completed
ORD-0136354,R-0335,2025-08-28,33.95,web,delivery,completed
ORD-0136355,R-0335,2025-08-08,41.54,web,delivery,COMPLETED
ORD-0136356,R-0335,2025-08-20,32.81,web,delivery,completed
ORD-0136357,R-0335,2025-08-01,38.45,web,delivery,completed
ORD-0136358,R-0335,2025-08-02,74.89,web,pickup,completed
ORD-0136359,R-0335,2025-08-23,37.53,web,delivery,completed
ORD-0136360,R-0335,2025-08-08,36.29,app,delivery,completed
ORD-0136361,R-0335,2025-08-23,34.72,web,delivery,completed
ORD-0136362,R-0335,2025-08-10,58.86,web,pickup,completed
ORD-0136363,R-0335,2025-08-22,34.50,app,delivery,COMPLETED
ORD-0136364,R-0335,2025-08-15,24.43,web,pickup,completed
ORD-0136365,R-0335,2025-08-29,59.14,web,pickup,completed
ORD-0136366,R-0335,2025-08-02,82.87,web,delivery,completed
ORD-0136367,R-0335,2025-08-31,37.56,web,delivery,completed
ORD-0136368,R-0335,2025-08-08,35.84,web,delivery,refunded
ORD-0136369,R-0335,2025-08-31,28.95,web,delivery,completed
ORD-0136370,R-0335,2025-08-11,50.77,web,delivery,completed
ORD-0136371,R-0335,2025-08-06,41.19,web,delivery,completed
ORD-0136372,R-0335,2025-08-21,66.20,web,delivery,completed
ORD-0136373,R-0335,2025-08-02,44.12,web,pickup,completed
ORD-0136374,R-0335,2025-08-16,40.61,web,delivery,completed
ORD-0136375,R-0335,2025-08-14,50.40,app,delivery,COMPLETED
ORD-0136376,R-0335,2025-08-12,33.21,app,delivery,completed
ORD-0138839,R-0339,2025-08-16,19.43,web,delivery,completed
ORD-0138840,R-0339,2025-08-23,22.88,web,delivery,completed
ORD-0138841,R-0339,2025-08-06,12.44,web,delivery,completed
ORD-0138842,R-0339,2025-08-05,14.72,app,delivery,completed
ORD-0138843,R-0339,2025-08-24,16.61,app,delivery,cancelled
ORD-0138844,R-0339,2025-08-11,45.39,app,delivery,completed
ORD-0138845,R-0339,2025-08-03,15.15,web,delivery,completed
ORD-0138846,R-0339,2025-08-14,22.40,app,pickup,completed
ORD-0138847,R-0339,2025-08-03,20.77,web,delivery,completed
ORD-0138848,R-0339,2025-08-15,17.59,app,delivery,completed
ORD-0138849,R-0339,2025-08-08,26.99,app,delivery,COMPLETED
ORD-0138850,R-0339,2025-08-24,15.63,web,delivery,COMPLETED
ORD-0138851,R-0339,2025-08-16,28.12,app,delivery,completed
ORD-0138852,R-0339,2025-08-02,52.10,web,delivery,COMPLETED
ORD-0138853,R-0339,2025-08-28,20.69,app,delivery,completed
ORD-0138854,R-0339,2025-08-13,19.52,app,delivery,completed
ORD-0138855,R-0339,2025-08-25,14.89,app,pickup,completed
ORD-0138856,R-0339,2025-08-11,12.92,app,delivery,completed
ORD-0138857,R-0339,2025-08-19,22.74,web,delivery,completed
ORD-0138858,R-0339,2025-08-21,23.17,web,delivery,completed
ORD-0138859,R-0339,2025-08-16,33.21,web,delivery,completed
ORD-0138860,R-0339,2025-08-03,16.72,app,pickup,COMPLETED
ORD-0138861,R-0339,2025-08-07,24.47,web,delivery,completed
ORD-0138862,R-0339,2025-08-02,19.36,web,delivery,completed
ORD-0138863,R-0339,2025-08-02,17.40,app,delivery,completed
ORD-0138864,R-0339,2025-08-13,20.49,web,delivery,completed
ORD-0139855,R-0341,2025-08-20,23.05,web,delivery,completed
ORD-0139856,R-0341,2025-08-11,23.57,web,pickup,completed
ORD-0139857,R-0341,2025-08-23,54.01,web,delivery,completed
ORD-0139858,R-0341,2025-08-02,34.46,app,pickup,completed
ORD-0139859,R-0341,2025-08-02,23.98,app,delivery,completed
ORD-0139860,R-0341,2025-08-16,25.60,web,delivery,completed
ORD-0139861,R-0341,2025-08-28,24.58,web,pickup,completed
ORD-0139862,R-0341,2025-08-27,15.59,web,delivery,Completed
ORD-0139863,R-0341,2025-08-17,28.18,web,pickup,completed
ORD-0139864,R-0341,2025-08-20,17.77,web,delivery,COMPLETED
ORD-0139865,R-0341,2025-08-16,30.39,app,delivery,completed
ORD-0139866,R-0341,2025-08-18,20.57,web,delivery,completed
ORD-0139867,R-0341,2025-08-24,21.11,app,pickup,completed
ORD-0139868,R-0341,2025-08-16,26.17,app,delivery,completed
ORD-0139869,R-0341,2025-08-21,40.58,web,delivery,completed
ORD-0139870,R-0341,2025-08-09,30.42,app,delivery,completed
ORD-0139871,R-0341,2025-08-03,52.62,web,delivery,cancelled
ORD-0139872,R-0341,2025-08-18,44.90,app,delivery,completed
ORD-0139873,R-0341,2025-08-15,20.57,web,delivery,completed
ORD-0140213,R-0342,2025-08-23,27.55,web,delivery,completed
ORD-0140214,R-0342,2025-08-14,21.72,app,delivery,completed
ORD-0140215,R-0342,2025-08-15,21.51,web,pickup,completed
ORD-0140216,R-0342,2025-08-04,23.06,web,delivery,completed
ORD-0140217,R-0342,2025-08-04,26.55,web,pickup,completed
ORD-0140218,R-0342,2025-08-17,26.62,app,delivery,completed
ORD-0140219,R-0342,2025-08-14,21.81,web,pickup,completed
ORD-0140220,R-0342,2025-08-02,41.33,web,pickup,completed
ORD-0140221,R-0342,2025-08-19,26.60,app,pickup,completed
ORD-0140222,R-0342,2025-08-07,22.28,web,pickup,completed
ORD-0140223,R-0342,2025-08-28,24.86,web,delivery,CANCELLED
ORD-0140224,R-0342,2025-08-19,26.92,app,pickup,completed
ORD-0140225,R-0342,2025-08-02,21.52,app,delivery,completed
ORD-0140226,R-0342,2025-08-25,44.91,app,pickup,Completed
ORD-0140227,R-0342,2025-08-30,68.85,app,pickup,completed
ORD-0140228,R-0342,2025-08-06,25.76,web,delivery,completed
ORD-0140229,R-0342,2025-08-17,38.11,app,pickup,completed
ORD-0140230,R-0342,2025-08-16,32.36,web,delivery,refunded
ORD-0140231,R-0342,2025-08-25,36.05,app,delivery,completed
ORD-0140232,R-0342,2025-08-04,21.70,app,pickup,completed
ORD-0140233,R-0342,2025-08-18,53.52,app,pickup,completed
ORD-0140234,R-0342,2025-08-01,32.02,web,delivery,completed
ORD-0140235,R-0342,2025-08-09,31.63,app,delivery,completed
ORD-0140548,R-0345,2025-08-22,36.88,app,pickup,COMPLETED
ORD-0140549,R-0345,2025-08-23,58.50,app,pickup,completed
ORD-0140550,R-0345,2025-08-29,76.37,app,pickup,completed
ORD-0140551,R-0345,2025-08-02,50.88,web,delivery,completed
ORD-0140552,R-0345,2025-08-23,59.72,app,pickup,completed
ORD-0140553,R-0345,2025-08-14,36.48,web,delivery,completed
ORD-0140554,R-0345,2025-08-18,55.24,app,delivery,completed
ORD-0140555,R-0345,2025-08-18,46.37,web,delivery,completed
ORD-0140556,R-0345,2025-08-17,51.73,app,delivery,completed
ORD-0140557,R-0345,2025-08-04,69.98,web,delivery,completed
ORD-0140558,R-0345,2025-08-23,54.58,web,pickup,Completed
ORD-0140559,R-0345,2025-08-30,108.29,app,pickup,completed
ORD-0140560,R-0345,2025-08-02,61.16,web,pickup,COMPLETED
ORD-0140561,R-0345,2025-08-14,30.58,app,pickup,cancelled
ORD-0140562,R-0345,2025-08-09,79.27,web,pickup,completed
ORD-0140563,R-0345,2025-08-16,48.69,app,pickup,completed
ORD-0140564,R-0345,2025-08-13,47.51,app,delivery,completed
ORD-0140565,R-0345,2025-08-01,83.71,web,pickup,completed
ORD-0140566,R-0345,2025-08-10,53.44,web,pickup,completed
ORD-0140567,R-0345,2025-08-14,45.59,app,delivery,completed
ORD-0140568,R-0345,2025-08-29,60.57,app,pickup,completed
ORD-0140569,R-0345,2025-08-02,45.38,app,delivery,completed
ORD-0141314,R-0348,2025-08-22,52.07,app,pickup,completed
ORD-0141315,R-0348,2025-08-31,41.55,web,pickup,COMPLETED
ORD-0141316,R-0348,2025-08-30,79.18,app,delivery,completed
ORD-0141317,R-0348,2025-08-10,58.87,web,delivery,completed
ORD-0141318,R-0348,2025-08-06,32.18,web,delivery,completed
ORD-0141319,R-0348,2025-08-30,32.95,app,delivery,cancelled
ORD-0141320,R-0348,2025-08-31,52.47,web,delivery,completed
ORD-0141321,R-0348,2025-08-21,41.53,app,delivery,completed
ORD-0141322,R-0348,2025-08-09,54.12,web,pickup,completed
ORD-0141323,R-0348,2025-08-08,46.18,web,pickup,completed
ORD-0141324,R-0348,2025-08-16,85.16,web,delivery,completed
ORD-0141325,R-0348,2025-08-19,45.08,app,delivery,completed
ORD-0141326,R-0348,2025-08-17,44.43,app,pickup,COMPLETED
ORD-0141327,R-0348,2025-08-29,70.50,app,pickup,completed
ORD-0141328,R-0348,2025-08-20,39.52,app,pickup,completed
ORD-0141329,R-0348,2025-08-23,53.63,web,pickup,Completed
ORD-0141330,R-0348,2025-08-05,31.15,app,delivery,completed
ORD-0141331,R-0348,2025-08-20,37.95,app,pickup,completed
ORD-0141332,R-0348,2025-08-02,61.58,app,pickup,completed
ORD-0141333,R-0348,2025-08-18,37.86,app,pickup,completed
ORD-0141334,R-0348,2025-08-09,84.86,web,delivery,completed
ORD-0141335,R-0348,2025-08-19,50.65,web,pickup,completed
ORD-0141336,R-0348,2025-08-02,68.90,app,pickup,completed
ORD-0141337,R-0348,2025-08-07,26.29,web,delivery,Completed
ORD-0141338,R-0348,2025-08-01,53.68,app,pickup,completed
ORD-0141339,R-0348,2025-08-09,53.73,web,pickup,refunded
ORD-0141340,R-0348,2025-08-04,46.46,web,pickup,COMPLETED
ORD-0141341,R-0348,2025-08-03,36.39,web,pickup,completed
ORD-0141342,R-0348,2025-08-14,42.90,web,delivery,completed
ORD-0141343,R-0348,2025-08-23,71.73,web,delivery,Completed
ORD-0142547,R-0349,2025-08-25,21.12,app,pickup,completed
ORD-0142548,R-0349,2025-08-12,23.26,app,pickup,completed
ORD-0142549,R-0349,2025-08-06,28.87,app,delivery,completed
ORD-0142550,R-0349,2025-08-08,16.23,app,pickup,completed
ORD-0142551,R-0349,2025-08-28,9.11,app,pickup,COMPLETED
ORD-0142552,R-0349,2025-08-01,17.10,web,pickup,completed
ORD-0142553,R-0349,2025-08-15,28.10,app,pickup,completed
ORD-0142554,R-0349,2025-08-23,11.09,app,delivery,completed
ORD-0142555,R-0349,2025-08-19,35.21,app,pickup,completed
ORD-0142556,R-0349,2025-08-08,9.43,web,delivery,completed
ORD-0142557,R-0349,2025-08-25,20.94,app,pickup,completed
ORD-0142558,R-0349,2025-08-23,13.47,app,pickup,completed
ORD-0142559,R-0349,2025-08-09,21.82,app,pickup,completed
ORD-0142560,R-0349,2025-08-17,27.09,web,pickup,refunded
ORD-0142561,R-0349,2025-08-03,16.11,app,delivery,completed
ORD-0142562,R-0349,2025-08-24,16.84,app,pickup,completed
ORD-0142563,R-0349,2025-08-01,12.28,app,pickup,completed
ORD-0142564,R-0349,2025-08-26,19.56,web,pickup,COMPLETED
ORD-0142565,R-0349,2025-08-30,36.27,web,delivery,completed
ORD-0142566,R-0349,2025-08-11,23.69,app,pickup,completed
ORD-0142567,R-0349,2025-08-06,12.25,web,pickup,completed
ORD-0142568,R-0349,2025-08-01,28.86,web,pickup,completed
ORD-0142569,R-0349,2025-08-13,22.50,web,pickup,completed
ORD-0142570,R-0349,2025-08-05,22.93,web,pickup,completed
ORD-0142571,R-0349,2025-08-16,20.47,web,pickup,completed
ORD-0142572,R-0349,2025-08-03,13.84,app,pickup,completed
ORD-0142573,R-0349,2025-08-15,25.12,app,delivery,completed
ORD-0142574,R-0349,2025-08-23,32.98,app,pickup,completed
ORD-0142575,R-0349,2025-08-25,9.36,app,delivery,completed
ORD-0142576,R-0349,2025-08-30,34.67,web,pickup,completed
ORD-0142577,R-0349,2025-08-13,29.58,app,pickup,completed
ORD-0142578,R-0349,2025-08-02,24.56,web,delivery,completed
ORD-0143048,R-0350,2025-08-08,22.21,app,delivery,COMPLETED
ORD-0143049,R-0350,2025-08-22,16.42,app,pickup,completed
ORD-0143050,R-0350,2025-08-30,23.90,app,delivery,Completed
ORD-0143051,R-0350,2025-08-02,23.95,app,pickup,completed
ORD-0143052,R-0350,2025-08-31,41.89,app,delivery,completed
ORD-0143053,R-0350,2025-08-09,22.72,app,pickup,completed
ORD-0143054,R-0350,2025-08-10,15.72,app,delivery,completed
ORD-0143055,R-0350,2025-08-01,28.12,web,pickup,completed
ORD-0143056,R-0350,2025-08-25,15.89,app,pickup,Completed
ORD-0143057,R-0350,2025-08-01,34.30,web,pickup,completed
ORD-0143058,R-0350,2025-08-07,15.24,app,pickup,completed
ORD-0143059,R-0350,2025-08-29,14.96,app,delivery,completed
ORD-0143060,R-0350,2025-08-08,19.02,app,pickup,completed
ORD-0143061,R-0350,2025-08-27,14.97,app,delivery,completed
ORD-0143062,R-0350,2025-08-07,13.18,web,pickup,completed
ORD-0143063,R-0350,2025-08-18,16.14,app,pickup,completed
ORD-0143064,R-0350,2025-08-15,15.50,app,pickup,completed
ORD-0143065,R-0350,2025-08-25,11.37,app,pickup,completed
ORD-0143066,R-0350,2025-08-03,47.07,app,pickup,completed
ORD-0143067,R-0350,2025-08-02,10.01,web,delivery,refunded
ORD-0143068,R-0350,2025-08-20,26.67,web,pickup,completed
ORD-0143069,R-0350,2025-08-15,22.83,web,pickup,completed
ORD-0143070,R-0350,2025-08-09,8.16,app,pickup,cancelled
ORD-0143071,R-0350,2025-08-26,18.16,app,pickup,completed
ORD-0143072,R-0350,2025-08-29,17.09,web,pickup,completed
ORD-0143073,R-0350,2025-08-24,22.06,app,pickup,completed
ORD-0143074,R-0350,2025-08-28,9.95,web,delivery,completed
ORD-0143169,R-0351,2025-08-08,34.98,web,pickup,completed
ORD-0143170,R-0351,2025-08-31,16.04,web,pickup,completed
ORD-0143171,R-0351,2025-08-29,29.81,app,pickup,refunded
ORD-0143172,R-0351,2025-08-26,30.88,web,delivery,COMPLETED
ORD-0143173,R-0351,2025-08-29,64.65,app,pickup,completed
ORD-0143174,R-0351,2025-08-01,15.52,web,pickup,completed
ORD-0143175,R-0351,2025-08-21,19.41,app,pickup,completed
ORD-0143176,R-0351,2025-08-27,30.30,app,delivery,COMPLETED
ORD-0143177,R-0351,2025-08-28,32.07,app,pickup,completed
ORD-0143178,R-0351,2025-08-22,49.18,app,delivery,completed
ORD-0143179,R-0351,2025-08-23,17.86,app,pickup,completed
ORD-0143180,R-0351,2025-08-28,19.70,app,pickup,completed
ORD-0146010,R-0353,2025-08-18,20.96,app,delivery,CANCELLED
ORD-0146011,R-0353,2025-08-19,17.82,app,delivery,completed
ORD-0146012,R-0353,2025-08-29,23.34,web,pickup,completed
ORD-0146013,R-0353,2025-08-05,21.90,web,delivery,completed
ORD-0146014,R-0353,2025-08-13,30.36,web,delivery,completed
ORD-0146015,R-0353,2025-08-15,25.34,app,delivery,completed
ORD-0146016,R-0353,2025-08-31,15.51,web,delivery,completed
ORD-0146017,R-0353,2025-08-10,26.20,app,delivery,completed
ORD-0146018,R-0353,2025-08-24,17.78,app,delivery,completed
ORD-0146019,R-0353,2025-08-27,18.26,web,delivery,completed
ORD-0146020,R-0353,2025-08-16,18.17,web,delivery,Completed
ORD-0146021,R-0353,2025-08-31,15.26,app,delivery,completed
ORD-0146022,R-0353,2025-08-15,18.72,web,pickup,completed
ORD-0146023,R-0353,2025-08-29,20.95,app,delivery,completed
ORD-0146024,R-0353,2025-08-09,24.86,app,delivery,completed
ORD-0146025,R-0353,2025-08-18,33.15,web,delivery,completed
ORD-0146026,R-0353,2025-08-05,24.33,web,delivery,completed
ORD-0146027,R-0353,2025-08-08,28.47,web,delivery,completed
ORD-0146028,R-0353,2025-08-30,24.73,app,delivery,completed
ORD-0146029,R-0353,2025-08-23,28.74,web,delivery,COMPLETED
ORD-0146030,R-0353,2025-08-28,20.58,app,delivery,cancelled
ORD-0146031,R-0353,2025-08-28,13.71,web,delivery,completed
ORD-0146032,R-0353,2025-08-24,24.82,app,delivery,completed
ORD-0146033,R-0353,2025-08-31,24.44,web,delivery,completed
ORD-0146034,R-0353,2025-08-23,20.09,web,delivery,completed
ORD-0146035,R-0353,2025-08-15,31.06,web,delivery,completed
ORD-0146036,R-0353,2025-08-10,23.14,app,delivery,completed
ORD-0146037,R-0353,2025-08-06,30.23,app,delivery,completed
ORD-0146038,R-0353,2025-08-30,13.97,app,delivery,completed
ORD-0146039,R-0353,2025-08-28,26.78,app,delivery,completed
ORD-0146040,R-0353,2025-08-19,30.84,app,delivery,completed
ORD-0146041,R-0353,2025-08-11,17.78,web,delivery,completed
ORD-0146042,R-0353,2025-08-12,14.83,app,delivery,completed
ORD-0146043,R-0353,2025-08-30,20.04,app,delivery,COMPLETED
ORD-0146044,R-0353,2025-08-17,16.14,app,delivery,completed
ORD-0146045,R-0353,2025-08-11,25.24,app,delivery,completed
ORD-0146046,R-0353,2025-08-15,21.44,web,delivery,completed
ORD-0146047,R-0353,2025-08-26,31.53,app,delivery,completed
ORD-0146048,R-0353,2025-08-16,22.26,app,delivery,completed
ORD-0146049,R-0353,2025-08-14,21.01,app,pickup,completed
ORD-0146050,R-0353,2025-08-27,17.23,web,pickup,completed
ORD-0146051,R-0353,2025-08-09,22.15,web,pickup,completed
ORD-0146052,R-0353,2025-08-24,21.53,app,delivery,completed
ORD-0146053,R-0353,2025-08-07,21.43,app,delivery,completed
ORD-0146054,R-0353,2025-08-30,21.16,app,delivery,completed
ORD-0146055,R-0353,2025-08-29,38.89,app,delivery,completed
ORD-0146056,R-0353,2025-08-08,16.47,app,delivery,COMPLETED
ORD-0146057,R-0353,2025-08-05,20.19,app,delivery,Completed
ORD-0146058,R-0353,2025-08-20,17.59,web,delivery,completed
ORD-0146059,R-0353,2025-08-15,15.16,web,delivery,completed
ORD-0146060,R-0353,2025-08-22,18.52,app,delivery,completed
ORD-0146061,R-0353,2025-08-21,19.04,app,delivery,completed
ORD-0146062,R-0353,2025-08-30,22.33,app,delivery,completed
ORD-0146063,R-0353,2025-08-26,27.36,web,delivery,completed
ORD-0146064,R-0353,2025-08-07,23.67,web,delivery,Completed
ORD-0146065,R-0353,2025-08-16,15.93,web,delivery,completed
ORD-0146066,R-0353,2025-08-10,19.73,app,delivery,completed
ORD-0146067,R-0353,2025-08-25,20.06,web,delivery,completed
ORD-0146068,R-0353,2025-08-25,16.19,app,delivery,completed
ORD-0146069,R-0353,2025-08-08,14.09,app,delivery,completed
ORD-0146070,R-0353,2025-08-04,24.89,app,delivery,completed
ORD-0146071,R-0353,2025-08-27,19.76,web,delivery,COMPLETED
ORD-0146072,R-0353,2025-08-24,38.03,app,pickup,completed
ORD-0146073,R-0353,2025-08-15,17.89,web,delivery,completed
ORD-0146074,R-0353,2025-08-16,29.28,app,pickup,completed
ORD-0146075,R-0353,2025-08-17,24.67,app,pickup,completed
ORD-0146076,R-0353,2025-08-08,18.05,web,delivery,completed
ORD-0146077,R-0353,2025-08-18,21.77,app,delivery,Completed
ORD-0146078,R-0353,2025-08-17,30.58,app,delivery,completed
ORD-0146079,R-0353,2025-08-14,29.38,web,delivery,completed
ORD-0146080,R-0353,2025-08-17,17.96,app,delivery,COMPLETED
ORD-0146081,R-0353,2025-08-09,19.83,web,delivery,completed
ORD-0146082,R-0353,2025-08-08,29.38,app,delivery,completed
ORD-0146083,R-0353,2025-08-25,20.24,web,delivery,Completed
ORD-0146084,R-0353,2025-08-31,31.19,app,delivery,completed
ORD-0146085,R-0353,2025-08-21,13.90,app,delivery,completed
ORD-0146086,R-0353,2025-08-26,21.77,app,delivery,completed
ORD-0146087,R-0353,2025-08-07,22.35,app,delivery,cancelled
ORD-0146088,R-0353,2025-08-31,14.39,app,delivery,completed
ORD-0146089,R-0353,2025-08-23,23.02,app,delivery,completed
ORD-0146090,R-0353,2025-08-16,32.37,web,delivery,cancelled
ORD-0148698,R-0357,2025-08-18,20.36,web,pickup,completed
ORD-0148699,R-0357,2025-08-01,55.03,web,delivery,completed
ORD-0148700,R-0357,2025-08-04,16.44,web,delivery,Completed
ORD-0148701,R-0357,2025-08-02,18.06,web,delivery,completed
ORD-0148702,R-0357,2025-08-30,24.76,web,pickup,completed
ORD-0148703,R-0357,2025-08-24,24.00,web,delivery,completed
ORD-0148704,R-0357,2025-08-09,31.01,app,delivery,completed
ORD-0148705,R-0357,2025-08-01,53.74,web,delivery,COMPLETED
ORD-0148706,R-0357,2025-08-22,20.64,web,delivery,completed
ORD-0148707,R-0357,2025-08-17,24.57,web,delivery,completed
ORD-0148708,R-0357,2025-08-16,25.29,web,delivery,completed
ORD-0148709,R-0357,2025-08-15,25.93,web,pickup,completed
ORD-0148710,R-0357,2025-08-18,19.16,web,delivery,completed
ORD-0148711,R-0357,2025-08-01,41.40,web,delivery,completed
ORD-0148712,R-0357,2025-08-18,27.25,web,delivery,COMPLETED
ORD-0148713,R-0357,2025-08-02,42.41,web,delivery,completed
ORD-0148714,R-0357,2025-08-02,17.91,web,pickup,completed
ORD-0148715,R-0357,2025-08-27,36.15,web,pickup,COMPLETED
ORD-0148716,R-0357,2025-08-24,24.03,web,delivery,completed
ORD-0148717,R-0357,2025-08-08,42.34,app,delivery,completed
ORD-0148718,R-0357,2025-08-12,62.21,web,delivery,completed
ORD-0148719,R-0357,2025-08-01,48.08,web,pickup,completed
ORD-0148720,R-0357,2025-08-29,30.64,web,delivery,COMPLETED
ORD-0148721,R-0357,2025-08-11,31.09,web,delivery,completed
ORD-0148722,R-0357,2025-08-27,29.86,web,pickup,completed
ORD-0148723,R-0357,2025-08-27,18.83,web,delivery,completed
ORD-0148724,R-0357,2025-08-19,73.23,app,delivery,completed
ORD-0148725,R-0357,2025-08-06,50.71,web,delivery,completed
ORD-0148726,R-0357,2025-08-23,28.10,web,pickup,completed
ORD-0148727,R-0357,2025-08-02,30.33,web,delivery,completed
ORD-0148728,R-0357,2025-08-19,19.66,web,delivery,completed
ORD-0148729,R-0357,2025-08-01,30.44,app,delivery,completed
ORD-0148730,R-0357,2025-08-23,26.19,app,pickup,completed
ORD-0148731,R-0357,2025-08-22,28.79,app,delivery,completed
ORD-0148732,R-0357,2025-08-31,25.26,web,pickup,completed
ORD-0148733,R-0357,2025-08-17,27.94,app,pickup,completed
ORD-0148734,R-0357,2025-08-30,44.55,web,delivery,completed
ORD-0148735,R-0357,2025-08-27,30.92,web,pickup,completed
ORD-0148736,R-0357,2025-08-20,21.17,app,pickup,completed
ORD-0148737,R-0357,2025-08-30,22.09,app,delivery,completed
ORD-0148738,R-0357,2025-08-08,51.10,web,pickup,completed
ORD-0148739,R-0357,2025-08-09,19.58,web,delivery,completed
ORD-0148740,R-0357,2025-08-08,49.98,app,delivery,completed
ORD-0148741,R-0357,2025-08-07,13.34,web,delivery,completed
ORD-0148742,R-0357,2025-08-22,22.16,app,pickup,completed
ORD-0148743,R-0357,2025-08-03,54.20,web,pickup,Refunded
ORD-0148744,R-0357,2025-08-08,37.01,app,delivery,completed
ORD-0148745,R-0357,2025-08-01,25.25,web,delivery,COMPLETED
ORD-0148746,R-0357,2025-08-12,20.24,web,delivery,completed
ORD-0148747,R-0357,2025-08-15,37.79,web,pickup,completed
ORD-0148748,R-0357,2025-08-24,21.33,web,pickup,Completed
ORD-0148749,R-0357,2025-08-16,46.78,web,delivery,completed
ORD-0148750,R-0357,2025-08-21,16.02,web,pickup,completed
ORD-0148751,R-0357,2025-08-16,18.79,web,delivery,completed
ORD-0148752,R-0357,2025-08-03,43.15,web,delivery,completed
ORD-0148753,R-0357,2025-08-21,14.49,web,delivery,completed
ORD-0148754,R-0357,2025-08-29,17.78,web,delivery,completed
ORD-0148755,R-0357,2025-08-12,19.15,web,delivery,completed
ORD-0148756,R-0357,2025-08-02,61.89,web,delivery,completed
ORD-0148757,R-0357,2025-08-17,31.69,app,pickup,completed
ORD-0148758,R-0357,2025-08-18,17.64,web,pickup,cancelled
ORD-0148759,R-0357,2025-08-15,21.54,web,pickup,completed
ORD-0148760,R-0357,2025-08-13,27.74,app,delivery,COMPLETED
ORD-0148761,R-0357,2025-08-01,15.85,web,pickup,completed
ORD-0148762,R-0357,2025-08-02,37.51,app,delivery,completed
ORD-0148763,R-0357,2025-08-23,35.21,web,delivery,completed
ORD-0148764,R-0357,2025-08-21,47.08,web,delivery,completed
ORD-0148765,R-0357,2025-08-19,52.56,web,delivery,completed
ORD-0148766,R-0357,2025-08-11,24.03,app,delivery,completed
ORD-0148767,R-0357,2025-08-15,16.33,web,delivery,completed
ORD-0148768,R-0357,2025-08-01,21.94,web,delivery,completed
ORD-0148769,R-0357,2025-08-23,46.26,web,delivery,cancelled
ORD-0148770,R-0357,2025-08-25,19.98,web,delivery,completed
ORD-0148771,R-0357,2025-08-28,12.54,web,pickup,completed
ORD-0148772,R-0357,2025-08-01,16.96,app,delivery,completed
ORD-0148773,R-0357,2025-08-30,67.76,app,delivery,completed
ORD-0148774,R-0357,2025-08-05,25.55,web,delivery,completed
ORD-0148775,R-0357,2025-08-04,20.05,app,pickup,completed
ORD-0148776,R-0357,2025-08-22,28.46,web,delivery,COMPLETED
ORD-0148777,R-0357,2025-08-22,32.16,web,pickup,completed
ORD-0148778,R-0357,2025-08-15,36.96,app,delivery,COMPLETED
ORD-0148779,R-0357,2025-08-12,26.89,web,pickup,cancelled
ORD-0148780,R-0357,2025-08-29,15.17,app,delivery,completed
ORD-0148781,R-0357,2025-08-08,33.99,web,delivery,completed
ORD-0148782,R-0357,2025-08-02,21.52,web,delivery,completed
ORD-0148783,R-0357,2025-08-22,22.23,web,pickup,completed
ORD-0148784,R-0357,2025-08-15,37.29,web,delivery,completed
ORD-0148785,R-0357,2025-08-30,34.52,web,delivery,completed
ORD-0148786,R-0357,2025-08-11,20.25,web,pickup,completed
ORD-0148787,R-0357,2025-08-07,33.63,app,delivery,completed
ORD-0148788,R-0357,2025-08-02,32.40,web,delivery,completed
ORD-0148789,R-0357,2025-08-05,40.70,web,pickup,completed
ORD-0148790,R-0357,2025-08-16,24.63,web,delivery,completed
ORD-0148791,R-0357,2025-08-28,54.55,web,pickup,completed
ORD-0148792,R-0357,2025-08-29,29.78,web,delivery,completed
ORD-0148793,R-0357,2025-08-12,39.87,web,delivery,completed
ORD-0148794,R-0357,2025-08-08,31.01,web,pickup,completed
ORD-0148795,R-0357,2025-08-28,43.45,web,delivery,completed
ORD-0148796,R-0357,2025-08-25,45.42,web,delivery,completed
ORD-0148797,R-0357,2025-08-10,13.74,app,delivery,completed
ORD-0148798,R-0357,2025-08-23,41.08,web,delivery,completed
ORD-0148799,R-0357,2025-08-08,51.59,web,delivery,completed
ORD-0148800,R-0357,2025-08-04,26.98,web,delivery,completed
ORD-0148801,R-0357,2025-08-15,66.40,web,delivery,completed
ORD-0148802,R-0357,2025-08-16,44.39,web,delivery,completed
ORD-0148803,R-0357,2025-08-13,35.90,app,delivery,completed
ORD-0148804,R-0357,2025-08-22,22.85,web,delivery,completed
ORD-0148805,R-0357,2025-08-03,25.61,web,delivery,completed
ORD-0148806,R-0357,2025-08-09,37.65,web,delivery,completed
ORD-0148807,R-0357,2025-08-18,23.47,app,delivery,COMPLETED
ORD-0148808,R-0357,2025-08-02,46.96,web,pickup,refunded
ORD-0148809,R-0357,2025-08-22,48.09,web,delivery,completed
ORD-0148810,R-0357,2025-08-25,86.06,web,delivery,completed
ORD-0148811,R-0357,2025-08-15,22.29,app,delivery,Completed
ORD-0148812,R-0357,2025-08-03,52.27,app,delivery,completed
ORD-0148813,R-0357,2025-08-02,91.28,web,pickup,completed
ORD-0148814,R-0357,2025-08-09,15.37,web,delivery,refunded
ORD-0148815,R-0357,2025-08-24,27.67,web,pickup,completed
ORD-0148816,R-0357,2025-08-08,22.58,web,delivery,refunded
ORD-0148817,R-0357,2025-08-10,32.55,app,delivery,cancelled
ORD-0148818,R-0357,2025-08-05,25.04,web,pickup,completed
ORD-0148819,R-0357,2025-08-07,31.03,app,delivery,COMPLETED
ORD-0148820,R-0357,2025-08-11,26.63,web,delivery,completed
ORD-0148821,R-0357,2025-08-05,20.09,web,delivery,Completed
ORD-0148822,R-0357,2025-08-28,49.07,web,delivery,completed
ORD-0148823,R-0357,2025-08-06,57.97,web,delivery,COMPLETED
ORD-0148824,R-0357,2025-08-17,57.89,web,delivery,completed
ORD-0148825,R-0357,2025-08-29,15.83,web,pickup,completed
ORD-0148826,R-0357,2025-08-02,59.70,app,pickup,completed
ORD-0148827,R-0357,2025-08-21,40.91,web,delivery,completed
ORD-0148828,R-0357,2025-08-14,47.72,web,delivery,completed
ORD-0148829,R-0357,2025-08-06,30.64,web,delivery,refunded
ORD-0148830,R-0357,2025-08-04,16.08,web,pickup,completed
ORD-0148831,R-0357,2025-08-16,42.08,web,delivery,COMPLETED
ORD-0148832,R-0357,2025-08-29,46.31,web,delivery,cancelled
ORD-0148833,R-0357,2025-08-16,45.01,app,delivery,completed
ORD-0148834,R-0357,2025-08-23,23.50,app,pickup,completed
ORD-0148835,R-0357,2025-08-07,28.24,app,delivery,completed
ORD-0148836,R-0357,2025-08-12,57.72,app,delivery,completed
ORD-0148837,R-0357,2025-08-15,40.12,app,pickup,COMPLETED
ORD-0148838,R-0357,2025-08-14,39.16,web,delivery,completed
ORD-0150199,R-0358,2025-08-24,51.58,app,delivery,completed
ORD-0150200,R-0358,2025-08-08,75.61,app,delivery,completed
ORD-0150201,R-0358,2025-08-31,31.63,app,delivery,COMPLETED
ORD-0150202,R-0358,2025-08-13,38.42,app,delivery,COMPLETED
ORD-0150203,R-0358,2025-08-21,35.83,app,delivery,completed
ORD-0150204,R-0358,2025-08-11,33.21,app,delivery,completed
ORD-0150205,R-0358,2025-08-09,45.53,app,delivery,completed
ORD-0150206,R-0358,2025-08-28,43.17,app,delivery,completed
ORD-0150207,R-0358,2025-08-05,38.51,app,delivery,completed
ORD-0150208,R-0358,2025-08-08,28.58,web,pickup,Completed
ORD-0150209,R-0358,2025-08-22,37.07,app,delivery,cancelled
ORD-0150210,R-0358,2025-08-22,64.29,app,delivery,COMPLETED
ORD-0150211,R-0358,2025-08-17,59.70,web,delivery,completed
ORD-0150212,R-0358,2025-08-22,22.54,app,delivery,completed
ORD-0150213,R-0358,2025-08-08,59.17,app,delivery,completed
ORD-0150214,R-0358,2025-08-26,61.23,app,delivery,completed
ORD-0150215,R-0358,2025-08-03,44.06,web,delivery,completed
ORD-0150216,R-0358,2025-08-29,31.11,app,delivery,completed
ORD-0150217,R-0358,2025-08-01,29.14,app,delivery,completed
ORD-0150218,R-0358,2025-08-06,36.72,app,delivery,completed
ORD-0150219,R-0358,2025-08-10,66.44,app,delivery,completed
ORD-0150220,R-0358,2025-08-23,27.64,app,pickup,completed
ORD-0150221,R-0358,2025-08-16,33.62,app,delivery,completed
ORD-0150222,R-0358,2025-08-12,63.92,app,delivery,completed
ORD-0150223,R-0358,2025-08-12,39.23,app,delivery,completed
ORD-0150224,R-0358,2025-08-17,59.79,app,delivery,completed
ORD-0150225,R-0358,2025-08-15,45.89,web,pickup,completed
ORD-0150226,R-0358,2025-08-29,33.19,app,delivery,completed
ORD-0150227,R-0358,2025-08-01,23.63,web,delivery,completed
ORD-0150228,R-0358,2025-08-13,44.85,app,delivery,COMPLETED
ORD-0150496,R-0359,2025-08-07,29.14,app,delivery,completed
ORD-0150497,R-0359,2025-08-08,40.05,app,pickup,cancelled
ORD-0150498,R-0359,2025-08-02,24.21,web,pickup,refunded
ORD-0150499,R-0359,2025-08-10,44.14,app,pickup,completed
ORD-0150500,R-0359,2025-08-19,19.87,app,pickup,completed
ORD-0150501,R-0359,2025-08-16,34.76,app,pickup,REFUNDED
ORD-0150502,R-0359,2025-08-28,23.42,app,delivery,completed
ORD-0150503,R-0359,2025-08-21,48.58,web,delivery,COMPLETED
ORD-0150504,R-0359,2025-08-02,10.29,web,pickup,completed
ORD-0150505,R-0359,2025-08-18,15.50,web,delivery,completed
ORD-0150506,R-0359,2025-08-13,13.68,app,pickup,completed
ORD-0150507,R-0359,2025-08-22,34.86,web,pickup,completed
ORD-0150508,R-0359,2025-08-25,63.50,app,pickup,completed
ORD-0150509,R-0359,2025-08-15,38.39,app,pickup,completed
ORD-0150510,R-0359,2025-08-06,31.43,web,pickup,completed
ORD-0150511,R-0359,2025-08-29,26.32,web,delivery,COMPLETED
ORD-0150512,R-0359,2025-08-26,30.21,app,pickup,completed
ORD-0150513,R-0359,2025-08-21,38.38,web,delivery,completed
ORD-0150514,R-0359,2025-08-23,55.02,app,delivery,completed
ORD-0150515,R-0359,2025-08-18,41.01,web,delivery,completed
ORD-0150516,R-0359,2025-08-03,12.36,app,pickup,completed
ORD-0150517,R-0359,2025-08-31,35.99,app,delivery,completed
ORD-0150518,R-0359,2025-08-11,32.61,web,delivery,Completed
ORD-0150519,R-0359,2025-08-09,35.27,app,pickup,completed
ORD-0150520,R-0359,2025-08-23,32.71,web,pickup,completed
ORD-0150521,R-0359,2025-08-03,35.70,app,delivery,COMPLETED
ORD-0150522,R-0359,2025-08-05,51.24,app,pickup,completed
ORD-0150523,R-0359,2025-08-15,68.01,web,pickup,completed
ORD-0150524,R-0359,2025-08-26,26.78,app,delivery,completed
ORD-0150525,R-0359,2025-08-19,53.31,app,delivery,COMPLETED
ORD-0150526,R-0359,2025-08-04,36.38,app,pickup,cancelled
ORD-0150527,R-0359,2025-08-01,34.24,app,pickup,completed
ORD-0150528,R-0359,2025-08-09,18.83,app,pickup,completed
ORD-0150529,R-0359,2025-08-08,44.43,app,delivery,completed
ORD-0150530,R-0359,2025-08-01,78.42,app,pickup,completed
ORD-0150531,R-0359,2025-08-09,19.27,app,pickup,completed
ORD-0150532,R-0359,2025-08-29,36.56,app,delivery,completed
ORD-0150533,R-0359,2025-08-13,28.13,web,pickup,refunded
ORD-0150534,R-0359,2025-08-07,33.61,web,delivery,completed
ORD-0150535,R-0359,2025-08-23,30.16,web,pickup,completed
ORD-0150536,R-0359,2025-08-16,23.74,app,pickup,completed
ORD-0150537,R-0359,2025-08-31,11.53,web,delivery,completed
ORD-0150538,R-0359,2025-08-02,41.04,web,delivery,Completed
ORD-0150539,R-0359,2025-08-03,25.53,app,delivery,completed
ORD-0150540,R-0359,2025-08-23,27.93,app,delivery,completed
ORD-0150541,R-0359,2025-08-31,20.65,app,delivery,completed
ORD-0150542,R-0359,2025-08-21,50.00,web,delivery,COMPLETED
ORD-0150543,R-0359,2025-08-11,74.38,app,delivery,completed
ORD-0150544,R-0359,2025-08-16,21.89,web,pickup,completed
ORD-0150545,R-0359,2025-08-15,71.69,web,delivery,completed
ORD-0150546,R-0359,2025-08-06,34.79,web,pickup,completed
ORD-0150547,R-0359,2025-08-09,43.74,web,pickup,completed
ORD-0150548,R-0359,2025-08-09,56.34,app,delivery,completed
ORD-0150549,R-0359,2025-08-22,65.65,web,delivery,completed
ORD-0152579,R-0363,2025-08-17,21.76,web,pickup,completed
ORD-0152580,R-0363,2025-08-24,20.78,web,pickup,completed
ORD-0152581,R-0363,2025-08-29,17.14,web,pickup,completed
ORD-0152582,R-0363,2025-08-29,11.86,web,pickup,completed
ORD-0152583,R-0363,2025-08-25,9.60,web,pickup,completed
ORD-0152584,R-0363,2025-08-15,10.39,web,pickup,COMPLETED
ORD-0152585,R-0363,2025-08-22,25.83,app,pickup,completed
ORD-0152586,R-0363,2025-08-16,12.13,app,pickup,completed
ORD-0152587,R-0363,2025-08-08,19.45,web,pickup,completed
ORD-0152588,R-0363,2025-08-29,13.39,web,pickup,Completed
ORD-0152589,R-0363,2025-08-29,13.90,web,pickup,completed
ORD-0152590,R-0363,2025-08-08,14.78,web,pickup,completed
ORD-0152591,R-0363,2025-08-10,18.73,app,pickup,completed
ORD-0152592,R-0363,2025-08-24,16.80,web,pickup,completed
ORD-0152593,R-0363,2025-08-01,13.18,web,pickup,completed
ORD-0152594,R-0363,2025-08-15,20.09,app,pickup,completed
ORD-0152595,R-0363,2025-08-03,12.19,app,delivery,completed
ORD-0152596,R-0363,2025-08-29,15.43,app,pickup,completed
ORD-0152597,R-0363,2025-08-23,23.81,app,pickup,completed
ORD-0152598,R-0363,2025-08-16,10.54,app,pickup,COMPLETED
ORD-0152599,R-0363,2025-08-02,12.71,app,pickup,COMPLETED
ORD-0152600,R-0363,2025-08-29,15.24,web,pickup,completed
ORD-0152601,R-0363,2025-08-11,13.72,web,pickup,completed
ORD-0152602,R-0363,2025-08-25,13.31,app,delivery,completed
ORD-0152603,R-0363,2025-08-09,13.52,web,pickup,completed
ORD-0152604,R-0363,2025-08-31,10.73,web,pickup,COMPLETED
ORD-0152605,R-0363,2025-08-05,13.61,web,pickup,completed
ORD-0152606,R-0363,2025-08-01,13.18,app,pickup,completed
ORD-0152607,R-0363,2025-08-15,15.59,app,pickup,completed
ORD-0152608,R-0363,2025-08-06,15.21,web,delivery,completed
ORD-0152609,R-0363,2025-08-11,23.34,app,pickup,COMPLETED
ORD-0152610,R-0363,2025-08-24,20.06,app,pickup,completed
ORD-0152611,R-0363,2025-08-16,15.28,web,pickup,completed
ORD-0152612,R-0363,2025-08-30,11.85,web,pickup,completed
ORD-0152613,R-0363,2025-08-04,26.85,app,delivery,completed
ORD-0152614,R-0363,2025-08-14,21.93,web,delivery,completed
ORD-0152615,R-0363,2025-08-12,19.71,app,delivery,completed
ORD-0152616,R-0363,2025-08-29,16.23,web,delivery,completed
ORD-0152617,R-0363,2025-08-01,27.35,web,pickup,completed
ORD-0152618,R-0363,2025-08-25,18.63,web,delivery,completed
ORD-0152619,R-0363,2025-08-09,12.28,web,pickup,completed
ORD-0152620,R-0363,2025-08-10,11.37,app,pickup,completed
ORD-0152621,R-0363,2025-08-20,21.42,web,pickup,COMPLETED
ORD-0152622,R-0363,2025-08-30,13.54,web,delivery,completed
ORD-0152623,R-0363,2025-08-30,16.76,web,pickup,completed
ORD-0152624,R-0363,2025-08-31,15.71,web,pickup,completed
ORD-0152625,R-0363,2025-08-29,17.58,web,pickup,Completed
ORD-0152626,R-0363,2025-08-02,11.23,app,pickup,completed
ORD-0152627,R-0363,2025-08-16,13.75,web,delivery,COMPLETED
ORD-0152628,R-0363,2025-08-25,6.82,web,pickup,completed
ORD-0152629,R-0363,2025-08-23,32.37,web,pickup,completed
ORD-0152630,R-0363,2025-08-07,18.32,app,delivery,completed
ORD-0152631,R-0363,2025-08-30,28.04,web,pickup,completed
ORD-0153185,R-0364,2025-08-20,16.32,app,pickup,completed
ORD-0153186,R-0364,2025-08-06,20.83,app,delivery,completed
ORD-0153187,R-0364,2025-08-03,16.77,app,pickup,Completed
ORD-0153188,R-0364,2025-08-29,44.08,web,pickup,completed
ORD-0153189,R-0364,2025-08-28,33.73,web,pickup,completed
ORD-0153190,R-0364,2025-08-24,62.69,app,delivery,completed
ORD-0153191,R-0364,2025-08-01,22.54,app,pickup,completed
ORD-0153192,R-0364,2025-08-30,37.29,web,delivery,completed
ORD-0153193,R-0364,2025-08-06,19.60,app,pickup,completed
ORD-0153194,R-0364,2025-08-10,19.60,app,pickup,completed
ORD-0153195,R-0364,2025-08-15,17.07,app,pickup,completed
ORD-0153196,R-0364,2025-08-22,31.25,web,pickup,completed
ORD-0153197,R-0364,2025-08-11,37.29,app,pickup,completed
ORD-0153198,R-0364,2025-08-09,28.49,app,pickup,completed
ORD-0153199,R-0364,2025-08-25,24.83,app,pickup,completed
ORD-0153200,R-0364,2025-08-24,24.58,app,delivery,completed
ORD-0153201,R-0364,2025-08-09,31.70,web,delivery,completed
ORD-0153202,R-0364,2025-08-22,41.24,app,pickup,completed
ORD-0153203,R-0364,2025-08-10,24.17,app,delivery,completed
ORD-0153204,R-0364,2025-08-17,28.78,app,delivery,completed
ORD-0153205,R-0364,2025-08-10,32.00,app,pickup,completed
ORD-0153206,R-0364,2025-08-08,24.42,app,pickup,completed
ORD-0153207,R-0364,2025-08-23,29.84,app,delivery,completed
ORD-0153208,R-0364,2025-08-04,36.03,web,pickup,completed
ORD-0153209,R-0364,2025-08-02,29.17,web,pickup,completed
ORD-0153210,R-0364,2025-08-10,28.48,app,pickup,cancelled
ORD-0153211,R-0364,2025-08-02,31.44,app,pickup,completed
ORD-0153212,R-0364,2025-08-05,26.76,app,delivery,Cancelled
ORD-0153213,R-0364,2025-08-22,41.35,app,pickup,completed
ORD-0153214,R-0364,2025-08-16,20.83,app,pickup,completed
ORD-0153215,R-0364,2025-08-24,32.98,app,delivery,completed
ORD-0153216,R-0364,2025-08-24,35.57,web,delivery,completed
ORD-0153217,R-0364,2025-08-22,21.55,web,pickup,completed
ORD-0153218,R-0364,2025-08-15,30.41,app,pickup,completed
ORD-0153219,R-0364,2025-08-12,42.65,app,pickup,completed
ORD-0153220,R-0364,2025-08-08,20.97,app,pickup,completed
ORD-0153221,R-0364,2025-08-02,21.23,app,pickup,completed
ORD-0153222,R-0364,2025-08-20,43.86,web,pickup,cancelled
ORD-0153223,R-0364,2025-08-05,31.69,app,pickup,completed
ORD-0153224,R-0364,2025-08-29,48.14,app,pickup,completed
ORD-0153225,R-0364,2025-08-04,30.83,app,pickup,completed
ORD-0153226,R-0364,2025-08-28,32.55,app,delivery,completed
ORD-0153227,R-0364,2025-08-25,38.83,web,pickup,completed
ORD-0153228,R-0364,2025-08-20,47.19,app,pickup,cancelled
ORD-0153229,R-0364,2025-08-29,44.41,app,pickup,COMPLETED
ORD-0153230,R-0364,2025-08-01,66.57,app,pickup,completed
ORD-0153231,R-0364,2025-08-18,31.57,app,delivery,completed
ORD-0153232,R-0364,2025-08-01,27.04,app,delivery,completed
ORD-0153233,R-0364,2025-08-09,19.18,web,pickup,completed
ORD-0153234,R-0364,2025-08-30,40.96,app,delivery,cancelled
ORD-0153235,R-0364,2025-08-25,33.14,app,pickup,completed
ORD-0153236,R-0364,2025-08-08,21.56,app,delivery,completed
ORD-0153237,R-0364,2025-08-15,26.18,app,delivery,completed
ORD-0153238,R-0364,2025-08-31,16.62,app,pickup,completed
ORD-0153239,R-0364,2025-08-24,30.13,web,delivery,completed
ORD-0153240,R-0364,2025-08-05,22.14,app,pickup,COMPLETED
ORD-0153241,R-0364,2025-08-03,32.78,web,pickup,completed
ORD-0153242,R-0364,2025-08-06,35.06,app,pickup,completed
ORD-0153243,R-0364,2025-08-13,54.66,app,pickup,completed
ORD-0153244,R-0364,2025-08-16,25.68,web,pickup,completed
ORD-0153245,R-0364,2025-08-22,24.99,web,delivery,completed
ORD-0153246,R-0364,2025-08-09,22.81,web,delivery,completed
ORD-0153247,R-0364,2025-08-23,32.11,app,delivery,completed
ORD-0153248,R-0364,2025-08-22,26.34,app,pickup,cancelled
ORD-0153249,R-0364,2025-08-26,19.32,app,pickup,completed
ORD-0153250,R-0364,2025-08-07,30.89,app,pickup,completed
ORD-0153251,R-0364,2025-08-15,31.61,app,pickup,completed
ORD-0153252,R-0364,2025-08-10,40.43,app,pickup,completed
ORD-0153253,R-0364,2025-08-25,28.63,app,pickup,completed
ORD-0153254,R-0364,2025-08-17,30.41,web,pickup,completed
ORD-0153255,R-0364,2025-08-08,23.71,web,pickup,completed
ORD-0154179,R-0366,2025-08-07,48.42,app,delivery,cancelled
ORD-0154180,R-0366,2025-08-16,29.21,app,delivery,completed
ORD-0154181,R-0366,2025-08-22,21.27,web,delivery,completed
ORD-0154182,R-0366,2025-08-15,30.47,web,delivery,completed
ORD-0154183,R-0366,2025-08-03,70.83,app,delivery,completed
ORD-0154184,R-0366,2025-08-30,43.30,web,pickup,Completed
ORD-0154185,R-0366,2025-08-22,24.71,app,delivery,completed
ORD-0154186,R-0366,2025-08-10,35.46,app,delivery,refunded
ORD-0154187,R-0366,2025-08-04,21.87,app,delivery,completed
ORD-0154188,R-0366,2025-08-28,73.22,web,delivery,completed
ORD-0154189,R-0366,2025-08-19,38.37,web,pickup,completed
ORD-0154190,R-0366,2025-08-31,38.90,app,delivery,completed
ORD-0154191,R-0366,2025-08-17,32.42,app,delivery,completed
ORD-0154192,R-0366,2025-08-02,40.02,app,delivery,completed
ORD-0154193,R-0366,2025-08-16,50.04,web,delivery,completed
ORD-0154194,R-0366,2025-08-16,28.24,app,delivery,completed
ORD-0154195,R-0366,2025-08-10,41.31,app,delivery,completed
ORD-0154196,R-0366,2025-08-03,53.17,web,delivery,completed
ORD-0154197,R-0366,2025-08-29,33.58,app,delivery,completed
ORD-0154198,R-0366,2025-08-04,36.68,app,delivery,cancelled
ORD-0154199,R-0366,2025-08-17,90.44,web,delivery,completed
ORD-0154200,R-0366,2025-08-02,32.12,web,delivery,completed
ORD-0154201,R-0366,2025-08-18,31.51,app,delivery,completed
ORD-0154202,R-0366,2025-08-05,19.35,app,pickup,completed
ORD-0154203,R-0366,2025-08-09,60.99,app,delivery,completed
ORD-0154204,R-0366,2025-08-01,37.43,web,pickup,CANCELLED
ORD-0154205,R-0366,2025-08-07,39.63,web,delivery,completed
ORD-0154206,R-0366,2025-08-23,35.86,app,delivery,completed
ORD-0154207,R-0366,2025-08-03,68.30,app,delivery,completed
ORD-0154208,R-0366,2025-08-13,42.55,web,delivery,completed
ORD-0154209,R-0366,2025-08-24,82.42,app,delivery,COMPLETED
ORD-0154210,R-0366,2025-08-30,39.12,web,pickup,completed
ORD-0154211,R-0366,2025-08-17,48.19,web,delivery,completed
ORD-0154212,R-0366,2025-08-12,46.37,web,delivery,completed
ORD-0154213,R-0366,2025-08-03,46.48,web,delivery,completed
ORD-0154214,R-0366,2025-08-18,54.20,web,delivery,Completed
ORD-0154215,R-0366,2025-08-31,48.82,app,delivery,completed
ORD-0154216,R-0366,2025-08-22,46.25,app,delivery,completed
ORD-0155039,R-0367,2025-08-12,33.45,app,pickup,COMPLETED
ORD-0155040,R-0367,2025-08-19,34.47,app,pickup,completed
ORD-0155041,R-0367,2025-08-03,24.89,app,delivery,completed
ORD-0155042,R-0367,2025-08-25,27.31,web,delivery,completed
ORD-0155043,R-0367,2025-08-08,36.63,web,delivery,cancelled
ORD-0155044,R-0367,2025-08-09,36.53,app,pickup,completed
ORD-0155045,R-0367,2025-08-23,29.93,app,pickup,completed
ORD-0155046,R-0367,2025-08-05,29.67,web,pickup,completed
ORD-0155047,R-0367,2025-08-29,47.89,web,pickup,completed
ORD-0155048,R-0367,2025-08-18,30.29,app,delivery,completed
ORD-0155049,R-0367,2025-08-12,35.48,web,pickup,COMPLETED
ORD-0155050,R-0367,2025-08-22,43.18,web,pickup,completed
ORD-0155051,R-0367,2025-08-09,48.49,app,pickup,Completed
ORD-0155052,R-0367,2025-08-21,31.71,app,pickup,completed
ORD-0155053,R-0367,2025-08-31,35.14,app,pickup,cancelled
ORD-0155054,R-0367,2025-08-25,42.94,web,delivery,completed
ORD-0155055,R-0367,2025-08-15,46.98,app,delivery,COMPLETED
ORD-0155056,R-0367,2025-08-08,34.99,web,pickup,completed
ORD-0155057,R-0367,2025-08-19,49.48,app,delivery,completed
ORD-0155058,R-0367,2025-08-08,32.62,web,pickup,completed
ORD-0155059,R-0367,2025-08-01,36.12,app,pickup,cancelled
ORD-0155060,R-0367,2025-08-13,45.08,web,delivery,completed
ORD-0155061,R-0367,2025-08-07,34.25,app,pickup,completed
ORD-0155062,R-0367,2025-08-16,29.58,app,pickup,completed
ORD-0155063,R-0367,2025-08-29,29.19,app,delivery,completed
ORD-0155064,R-0367,2025-08-09,35.67,app,delivery,completed
ORD-0155065,R-0367,2025-08-09,41.87,app,delivery,completed
ORD-0155066,R-0367,2025-08-17,38.08,app,delivery,completed
ORD-0155067,R-0367,2025-08-14,37.34,app,pickup,completed
ORD-0155068,R-0367,2025-08-02,50.83,app,delivery,completed
ORD-0155069,R-0367,2025-08-15,33.91,app,delivery,completed
ORD-0155070,R-0367,2025-08-01,37.72,web,pickup,completed
ORD-0155071,R-0367,2025-08-01,39.79,web,pickup,completed
ORD-0155072,R-0367,2025-08-13,25.54,app,delivery,completed
ORD-0155073,R-0367,2025-08-03,35.21,web,delivery,completed
ORD-0155074,R-0367,2025-08-23,43.59,app,pickup,completed
ORD-0155075,R-0367,2025-08-07,33.34,app,delivery,completed
ORD-0155076,R-0367,2025-08-15,42.53,app,pickup,completed
ORD-0155077,R-0367,2025-08-29,25.31,app,pickup,Completed
ORD-0155078,R-0367,2025-08-12,22.18,web,pickup,completed
ORD-0155079,R-0367,2025-08-22,43.38,app,pickup,completed
ORD-0155080,R-0367,2025-08-14,51.66,app,delivery,completed
ORD-0155081,R-0367,2025-08-02,61.06,app,delivery,completed
ORD-0155082,R-0367,2025-08-11,32.18,app,pickup,completed
ORD-0155083,R-0367,2025-08-30,37.08,app,pickup,completed
ORD-0155084,R-0367,2025-08-16,25.26,app,pickup,completed
ORD-0155085,R-0367,2025-08-21,30.01,web,pickup,completed
ORD-0155086,R-0367,2025-08-24,26.92,app,pickup,completed
ORD-0155087,R-0367,2025-08-02,60.68,web,pickup,completed
ORD-0155088,R-0367,2025-08-10,41.17,app,pickup,completed
ORD-0155089,R-0367,2025-08-30,39.67,app,delivery,completed
ORD-0155090,R-0367,2025-08-11,28.00,app,delivery,completed
ORD-0155091,R-0367,2025-08-18,18.84,app,pickup,completed
ORD-0155092,R-0367,2025-08-30,66.46,app,pickup,completed
ORD-0155093,R-0367,2025-08-18,45.21,web,delivery,completed
ORD-0155094,R-0367,2025-08-11,67.81,app,pickup,completed
ORD-0155095,R-0367,2025-08-30,56.74,app,pickup,completed
ORD-0155096,R-0367,2025-08-29,36.63,web,pickup,COMPLETED
ORD-0155097,R-0367,2025-08-25,40.98,app,delivery,completed
ORD-0155098,R-0367,2025-08-04,41.47,app,delivery,refunded
ORD-0155099,R-0367,2025-08-14,37.71,app,delivery,completed
ORD-0155100,R-0367,2025-08-14,51.16,app,delivery,completed
ORD-0155101,R-0367,2025-08-17,34.49,app,pickup,completed
ORD-0155102,R-0367,2025-08-29,26.03,app,pickup,completed
ORD-0155103,R-0367,2025-08-18,29.84,app,delivery,completed
ORD-0155104,R-0367,2025-08-23,17.28,app,pickup,completed
ORD-0155105,R-0367,2025-08-29,29.16,web,delivery,completed
ORD-0155106,R-0367,2025-08-06,35.39,web,pickup,completed
ORD-0155107,R-0367,2025-08-26,48.88,app,delivery,completed
ORD-0155108,R-0367,2025-08-18,50.13,app,pickup,completed
ORD-0155109,R-0367,2025-08-23,41.32,web,pickup,completed
ORD-0155110,R-0367,2025-08-31,24.49,app,delivery,COMPLETED
ORD-0155111,R-0367,2025-08-28,36.52,web,delivery,completed
ORD-0155112,R-0367,2025-08-18,25.56,web,delivery,completed
ORD-0155113,R-0367,2025-08-12,43.75,app,delivery,cancelled
ORD-0155114,R-0367,2025-08-07,32.30,app,delivery,Completed
ORD-0155115,R-0367,2025-08-09,63.98,app,delivery,COMPLETED
ORD-0155116,R-0367,2025-08-26,31.09,web,pickup,completed
ORD-0155117,R-0367,2025-08-10,39.10,app,pickup,completed
ORD-0155118,R-0367,2025-08-16,19.40,web,pickup,Completed
ORD-0155119,R-0367,2025-08-19,29.07,app,delivery,completed
ORD-0155120,R-0367,2025-08-25,40.20,app,pickup,completed
ORD-0155121,R-0367,2025-08-02,36.46,app,pickup,completed
ORD-0155122,R-0367,2025-08-16,35.80,web,pickup,completed
ORD-0155123,R-0367,2025-08-23,39.39,app,delivery,completed
ORD-0155124,R-0367,2025-08-11,30.74,web,pickup,completed
ORD-0155125,R-0367,2025-08-22,41.75,app,pickup,Completed
ORD-0155126,R-0367,2025-08-04,33.02,app,pickup,completed
ORD-0155127,R-0367,2025-08-02,34.07,app,delivery,completed
ORD-0155128,R-0367,2025-08-01,40.86,app,pickup,completed
ORD-0155129,R-0367,2025-08-17,51.91,app,pickup,completed
ORD-0155130,R-0367,2025-08-24,25.78,app,delivery,completed
ORD-0155131,R-0367,2025-08-23,35.91,app,delivery,completed
ORD-0155132,R-0367,2025-08-01,44.77,app,pickup,completed
ORD-0155133,R-0367,2025-08-13,39.53,web,delivery,completed
ORD-0155134,R-0367,2025-08-24,27.75,web,pickup,completed
ORD-0155135,R-0367,2025-08-30,30.49,app,delivery,Completed
ORD-0155136,R-0367,2025-08-23,31.43,web,delivery,completed
ORD-0155137,R-0367,2025-08-18,22.23,app,delivery,completed
ORD-0155138,R-0367,2025-08-15,40.58,app,delivery,completed
ORD-0155139,R-0367,2025-08-07,48.10,app,delivery,completed
ORD-0155140,R-0367,2025-08-01,41.67,app,pickup,completed
ORD-0155141,R-0367,2025-08-05,42.88,app,pickup,completed
ORD-0155142,R-0367,2025-08-25,23.29,app,delivery,completed
ORD-0155143,R-0367,2025-08-08,41.64,app,pickup,completed
ORD-0155144,R-0367,2025-08-14,35.91,app,pickup,completed
ORD-0155145,R-0367,2025-08-24,55.84,app,pickup,completed
ORD-0155146,R-0367,2025-08-22,28.52,app,delivery,completed
ORD-0155147,R-0367,2025-08-27,39.49,web,pickup,completed
ORD-0155148,R-0367,2025-08-02,51.34,app,delivery,completed
ORD-0155149,R-0367,2025-08-08,55.58,app,pickup,completed
ORD-0155150,R-0367,2025-08-13,25.75,web,pickup,completed
ORD-0155151,R-0367,2025-08-09,31.63,app,pickup,completed
ORD-0155152,R-0367,2025-08-05,30.99,app,pickup,completed
ORD-0155153,R-0367,2025-08-03,33.12,app,pickup,completed
ORD-0155154,R-0367,2025-08-25,44.03,app,delivery,completed
ORD-0155155,R-0367,2025-08-26,31.47,web,pickup,completed
ORD-0155156,R-0367,2025-08-29,36.30,app,delivery,COMPLETED
ORD-0155157,R-0367,2025-08-11,30.43,app,pickup,completed
ORD-0155158,R-0367,2025-08-06,27.59,app,delivery,completed
ORD-0155159,R-0367,2025-08-30,34.73,app,delivery,completed
ORD-0155160,R-0367,2025-08-21,25.13,web,pickup,COMPLETED
ORD-0155161,R-0367,2025-08-09,57.45,web,pickup,COMPLETED
ORD-0155162,R-0367,2025-08-01,38.65,web,delivery,cancelled
ORD-0155163,R-0367,2025-08-09,42.42,web,pickup,completed
ORD-0155164,R-0367,2025-08-20,47.50,app,pickup,completed
ORD-0155165,R-0367,2025-08-20,44.20,web,pickup,Completed
ORD-0155166,R-0367,2025-08-13,44.92,web,pickup,completed
ORD-0155167,R-0367,2025-08-28,26.01,app,delivery,completed
ORD-0155168,R-0367,2025-08-12,46.71,app,pickup,completed
ORD-0155169,R-0367,2025-08-06,40.74,app,delivery,completed
ORD-0155170,R-0367,2025-08-17,33.90,app,delivery,completed
ORD-0155171,R-0367,2025-08-22,16.82,app,delivery,completed
ORD-0155172,R-0367,2025-08-29,27.93,web,delivery,completed
ORD-0155173,R-0367,2025-08-05,35.88,app,pickup,completed
ORD-0155174,R-0367,2025-08-18,49.24,app,pickup,completed
ORD-0155175,R-0367,2025-08-16,54.57,app,delivery,completed
ORD-0155176,R-0367,2025-08-09,29.38,app,delivery,completed
ORD-0157564,R-0369,2025-08-01,15.53,web,delivery,completed
ORD-0157565,R-0369,2025-08-08,19.41,web,delivery,completed
ORD-0157566,R-0369,2025-08-15,17.32,app,delivery,completed
ORD-0157567,R-0369,2025-08-17,15.18,app,delivery,Completed
ORD-0157568,R-0369,2025-08-15,15.42,web,pickup,completed
ORD-0157569,R-0369,2025-08-10,15.46,web,pickup,completed
ORD-0157570,R-0369,2025-08-24,30.86,web,pickup,completed
ORD-0157571,R-0369,2025-08-31,31.64,app,delivery,completed
ORD-0157572,R-0369,2025-08-29,27.54,web,delivery,completed
ORD-0157573,R-0369,2025-08-16,14.52,web,pickup,completed
ORD-0157574,R-0369,2025-08-11,14.90,app,pickup,completed
ORD-0157575,R-0369,2025-08-13,16.48,web,delivery,completed
ORD-0157576,R-0369,2025-08-06,19.51,web,delivery,completed
ORD-0157577,R-0369,2025-08-29,27.01,app,delivery,completed
ORD-0157578,R-0369,2025-08-10,21.97,web,delivery,completed
ORD-0157579,R-0369,2025-08-03,31.38,web,pickup,completed
ORD-0157580,R-0369,2025-08-30,47.55,web,delivery,completed
ORD-0157581,R-0369,2025-08-02,36.70,app,delivery,completed
ORD-0157582,R-0369,2025-08-03,29.85,app,delivery,completed
ORD-0157583,R-0369,2025-08-24,23.24,web,delivery,completed
ORD-0157584,R-0369,2025-08-22,20.03,app,delivery,completed
ORD-0157585,R-0369,2025-08-03,26.03,web,delivery,completed
ORD-0157586,R-0369,2025-08-31,30.57,web,pickup,completed
ORD-0157587,R-0369,2025-08-29,18.98,web,delivery,completed
ORD-0157588,R-0369,2025-08-22,34.94,web,delivery,completed
ORD-0157589,R-0369,2025-08-22,22.03,app,delivery,completed
ORD-0157590,R-0369,2025-08-29,31.53,web,delivery,completed
ORD-0157591,R-0369,2025-08-02,20.02,web,pickup,completed
ORD-0157592,R-0369,2025-08-18,14.96,web,delivery,completed
ORD-0157593,R-0369,2025-08-16,20.66,web,delivery,Completed
ORD-0157594,R-0369,2025-08-09,10.05,app,pickup,completed
ORD-0157595,R-0369,2025-08-07,19.23,app,delivery,completed
ORD-0157596,R-0369,2025-08-06,13.77,web,delivery,completed
ORD-0157597,R-0369,2025-08-24,25.39,web,pickup,completed
ORD-0157598,R-0369,2025-08-03,16.25,web,delivery,COMPLETED
ORD-0157599,R-0369,2025-08-17,21.37,app,delivery,completed
ORD-0159453,R-0374,2025-08-16,24.64,app,pickup,completed
ORD-0159454,R-0374,2025-08-26,29.16,web,pickup,completed
ORD-0159455,R-0374,2025-08-20,28.95,app,delivery,completed
ORD-0159456,R-0374,2025-08-22,49.93,web,delivery,completed
ORD-0159457,R-0374,2025-08-06,32.18,app,delivery,completed
ORD-0159458,R-0374,2025-08-16,32.01,web,delivery,completed
ORD-0159459,R-0374,2025-08-26,35.03,app,pickup,completed
ORD-0159460,R-0374,2025-08-11,35.60,app,delivery,completed
ORD-0159461,R-0374,2025-08-24,41.20,web,pickup,COMPLETED
ORD-0159462,R-0374,2025-08-16,52.93,app,delivery,completed
ORD-0159463,R-0374,2025-08-06,38.76,web,pickup,completed
ORD-0159464,R-0374,2025-08-28,34.32,web,delivery,COMPLETED
ORD-0159465,R-0374,2025-08-23,46.27,app,pickup,completed
ORD-0159466,R-0374,2025-08-26,32.54,web,pickup,completed
ORD-0159467,R-0374,2025-08-23,47.02,app,delivery,Completed
ORD-0159468,R-0374,2025-08-16,27.80,app,delivery,completed
ORD-0159469,R-0374,2025-08-15,43.76,app,delivery,completed
ORD-0159470,R-0374,2025-08-31,48.87,app,delivery,completed
ORD-0159471,R-0374,2025-08-15,27.69,app,delivery,completed
ORD-0159472,R-0374,2025-08-27,35.62,web,delivery,completed
ORD-0159473,R-0374,2025-08-31,33.62,web,delivery,completed
ORD-0159474,R-0374,2025-08-20,23.54,app,pickup,completed
ORD-0159475,R-0374,2025-08-27,39.32,web,delivery,COMPLETED
ORD-0159476,R-0374,2025-08-07,29.43,app,delivery,completed
ORD-0159477,R-0374,2025-08-15,40.70,app,delivery,completed
ORD-0160841,R-0375,2025-08-26,42.35,web,delivery,completed
ORD-0160842,R-0375,2025-08-03,24.30,app,delivery,completed
ORD-0160843,R-0375,2025-08-16,69.15,web,pickup,completed
ORD-0160844,R-0375,2025-08-18,29.68,app,pickup,COMPLETED
ORD-0160845,R-0375,2025-08-19,33.12,app,delivery,completed
ORD-0160846,R-0375,2025-08-02,32.60,web,delivery,completed
ORD-0160847,R-0375,2025-08-03,18.33,web,delivery,completed
ORD-0160848,R-0375,2025-08-12,62.09,web,delivery,completed
ORD-0160849,R-0375,2025-08-24,22.95,web,pickup,completed
ORD-0160850,R-0375,2025-08-08,23.92,web,pickup,completed
ORD-0160851,R-0375,2025-08-25,54.42,app,pickup,COMPLETED
ORD-0160852,R-0375,2025-08-31,37.82,web,pickup,completed
ORD-0160853,R-0375,2025-08-20,24.85,app,delivery,completed
ORD-0160854,R-0375,2025-08-16,17.68,app,pickup,completed
ORD-0160855,R-0375,2025-08-16,102.33,web,delivery,completed
ORD-0160856,R-0375,2025-08-14,45.72,web,delivery,completed
ORD-0160857,R-0375,2025-08-21,19.15,web,pickup,completed
ORD-0160858,R-0375,2025-08-23,34.71,web,delivery,completed
ORD-0160859,R-0375,2025-08-08,21.18,app,pickup,completed
ORD-0160860,R-0375,2025-08-24,44.27,web,delivery,completed
ORD-0160861,R-0375,2025-08-27,44.20,web,delivery,completed
ORD-0160862,R-0375,2025-08-30,33.39,app,delivery,Completed
ORD-0160863,R-0375,2025-08-24,31.80,web,delivery,completed
ORD-0160864,R-0375,2025-08-31,20.71,app,delivery,completed
ORD-0160865,R-0375,2025-08-23,27.86,app,delivery,completed
ORD-0160866,R-0375,2025-08-09,46.72,app,delivery,completed
ORD-0160867,R-0375,2025-08-23,38.28,app,pickup,completed
ORD-0160868,R-0375,2025-08-26,36.79,app,pickup,completed
ORD-0160869,R-0375,2025-08-08,21.75,web,delivery,COMPLETED
ORD-0160870,R-0375,2025-08-11,27.20,app,delivery,completed
ORD-0160871,R-0375,2025-08-08,35.10,app,delivery,completed
ORD-0160872,R-0375,2025-08-03,39.58,app,delivery,Completed
ORD-0160873,R-0375,2025-08-03,27.46,web,delivery,COMPLETED
ORD-0160874,R-0375,2025-08-23,41.30,web,delivery,completed
ORD-0160875,R-0375,2025-08-09,30.76,app,delivery,completed
ORD-0160876,R-0375,2025-08-04,43.65,web,pickup,completed
ORD-0160877,R-0375,2025-08-07,33.47,web,pickup,COMPLETED
ORD-0160878,R-0375,2025-08-01,18.47,web,delivery,completed
ORD-0160879,R-0375,2025-08-05,12.40,app,pickup,Completed
ORD-0160880,R-0375,2025-08-25,25.03,web,delivery,completed
ORD-0160881,R-0375,2025-08-01,16.20,web,delivery,COMPLETED
ORD-0160882,R-0375,2025-08-15,17.49,web,delivery,COMPLETED
ORD-0160883,R-0375,2025-08-23,42.07,web,pickup,completed
ORD-0160884,R-0375,2025-08-17,22.98,app,delivery,COMPLETED
ORD-0160885,R-0375,2025-08-31,50.29,web,delivery,completed
ORD-0160886,R-0375,2025-08-30,46.49,app,delivery,completed
ORD-0160887,R-0375,2025-08-27,27.15,app,delivery,completed
ORD-0160888,R-0375,2025-08-17,43.32,web,pickup,Completed
ORD-0160889,R-0375,2025-08-31,38.00,web,pickup,completed
ORD-0160890,R-0375,2025-08-01,26.17,web,pickup,completed
ORD-0160891,R-0375,2025-08-09,24.40,app,delivery,completed
ORD-0160892,R-0375,2025-08-16,30.00,app,delivery,completed
ORD-0160893,R-0375,2025-08-12,33.01,web,pickup,Completed
ORD-0160894,R-0375,2025-08-02,35.99,app,delivery,completed
ORD-0160895,R-0375,2025-08-02,17.17,app,delivery,completed
ORD-0160896,R-0375,2025-08-16,32.38,web,delivery,completed
ORD-0160897,R-0375,2025-08-18,14.17,web,delivery,completed
ORD-0160898,R-0375,2025-08-30,45.79,web,delivery,completed
ORD-0160899,R-0375,2025-08-23,20.66,web,pickup,completed
ORD-0161730,R-0376,2025-08-04,30.44,web,delivery,completed
ORD-0161731,R-0376,2025-08-10,52.76,web,pickup,completed
ORD-0161732,R-0376,2025-08-12,24.04,app,pickup,completed
ORD-0161733,R-0376,2025-08-17,60.40,app,pickup,completed
ORD-0161734,R-0376,2025-08-29,28.36,app,pickup,completed
ORD-0161735,R-0376,2025-08-15,22.16,app,pickup,completed
ORD-0161736,R-0376,2025-08-06,28.55,web,pickup,completed
ORD-0161737,R-0376,2025-08-03,53.96,app,pickup,completed
ORD-0161738,R-0376,2025-08-14,63.44,app,delivery,COMPLETED
ORD-0161739,R-0376,2025-08-22,70.40,app,pickup,completed
ORD-0161740,R-0376,2025-08-24,41.51,app,pickup,completed
ORD-0161741,R-0376,2025-08-13,50.41,app,pickup,completed
ORD-0161742,R-0376,2025-08-03,39.24,app,pickup,completed
ORD-0161743,R-0376,2025-08-01,24.56,app,pickup,completed
ORD-0161744,R-0376,2025-08-17,72.02,app,pickup,completed
ORD-0161745,R-0376,2025-08-11,25.77,web,pickup,completed
ORD-0161746,R-0376,2025-08-29,62.04,app,pickup,completed
ORD-0161747,R-0376,2025-08-03,30.70,app,pickup,COMPLETED
ORD-0161748,R-0376,2025-08-12,39.46,app,pickup,completed
ORD-0161749,R-0376,2025-08-27,49.81,app,pickup,completed
ORD-0161750,R-0376,2025-08-20,43.59,web,pickup,completed
ORD-0161751,R-0376,2025-08-29,81.25,app,pickup,completed
ORD-0161752,R-0376,2025-08-02,29.11,app,pickup,completed
ORD-0161753,R-0376,2025-08-22,51.44,app,delivery,Completed
ORD-0161754,R-0376,2025-08-21,27.60,web,pickup,completed
ORD-0161755,R-0376,2025-08-30,67.60,app,pickup,completed
ORD-0161756,R-0376,2025-08-17,101.03,web,pickup,completed
ORD-0161757,R-0376,2025-08-20,34.32,app,pickup,completed
ORD-0161758,R-0376,2025-08-25,19.93,app,pickup,completed
ORD-0161759,R-0376,2025-08-19,102.95,web,pickup,completed
ORD-0161760,R-0376,2025-08-10,45.15,app,pickup,completed
ORD-0161761,R-0376,2025-08-01,48.72,web,delivery,completed
ORD-0161762,R-0376,2025-08-14,25.22,app,delivery,completed
ORD-0161763,R-0376,2025-08-31,41.44,web,pickup,completed
ORD-0161764,R-0376,2025-08-10,46.39,app,delivery,completed
ORD-0162391,R-0377,2025-08-08,30.09,app,pickup,completed
ORD-0162392,R-0377,2025-08-15,23.49,app,pickup,completed
ORD-0162393,R-0377,2025-08-22,31.79,app,delivery,Completed
ORD-0162394,R-0377,2025-08-16,26.37,app,pickup,completed
ORD-0162395,R-0377,2025-08-14,27.78,app,pickup,Completed
ORD-0162396,R-0377,2025-08-25,32.45,app,pickup,completed
ORD-0162397,R-0377,2025-08-11,30.20,app,delivery,completed
ORD-0162398,R-0377,2025-08-10,19.01,app,pickup,completed
ORD-0162732,R-0379,2025-08-10,40.12,web,delivery,completed
ORD-0162733,R-0379,2025-08-03,56.79,web,delivery,completed
ORD-0162734,R-0379,2025-08-15,25.79,web,delivery,completed
ORD-0162735,R-0379,2025-08-22,34.66,web,pickup,completed
ORD-0162736,R-0379,2025-08-04,22.87,web,delivery,completed
ORD-0162737,R-0379,2025-08-01,20.04,app,pickup,completed
ORD-0162738,R-0379,2025-08-26,19.19,web,delivery,completed
ORD-0162739,R-0379,2025-08-20,30.75,web,delivery,completed
ORD-0162740,R-0379,2025-08-15,28.51,web,delivery,Cancelled
ORD-0162741,R-0379,2025-08-30,22.87,app,delivery,cancelled
ORD-0162742,R-0379,2025-08-07,19.12,app,delivery,completed
ORD-0162743,R-0379,2025-08-08,37.44,app,delivery,completed
ORD-0162744,R-0379,2025-08-01,13.88,web,delivery,completed
ORD-0162745,R-0379,2025-08-31,41.57,app,delivery,completed
ORD-0162746,R-0379,2025-08-31,13.65,web,delivery,completed
ORD-0162747,R-0379,2025-08-28,29.37,app,delivery,completed
ORD-0162748,R-0379,2025-08-11,19.23,web,delivery,completed
ORD-0162749,R-0379,2025-08-09,17.14,app,delivery,COMPLETED
ORD-0162750,R-0379,2025-08-01,22.39,web,pickup,completed
ORD-0162751,R-0379,2025-08-15,28.62,web,delivery,COMPLETED
ORD-0162752,R-0379,2025-08-24,24.11,web,delivery,completed
ORD-0162753,R-0379,2025-08-12,27.79,web,delivery,completed
ORD-0162754,R-0379,2025-08-20,19.86,app,delivery,completed
ORD-0162755,R-0379,2025-08-21,19.76,web,delivery,completed
ORD-0162756,R-0379,2025-08-18,20.49,web,delivery,refunded
ORD-0162757,R-0379,2025-08-04,17.11,app,delivery,completed
ORD-0162758,R-0379,2025-08-05,22.05,app,delivery,completed
ORD-0162759,R-0379,2025-08-14,28.76,web,delivery,completed
ORD-0162760,R-0379,2025-08-19,17.26,app,delivery,completed
ORD-0162761,R-0379,2025-08-31,16.79,app,delivery,Completed
ORD-0162762,R-0379,2025-08-11,17.31,web,delivery,completed
ORD-0162763,R-0379,2025-08-25,30.63,app,delivery,completed
ORD-0162764,R-0379,2025-08-02,15.62,app,delivery,completed
ORD-0162765,R-0379,2025-08-30,40.44,web,delivery,completed
ORD-0162766,R-0379,2025-08-10,23.84,web,delivery,completed
ORD-0162767,R-0379,2025-08-20,21.18,web,delivery,cancelled
ORD-0162768,R-0379,2025-08-05,25.08,app,pickup,completed
ORD-0162769,R-0379,2025-08-22,40.78,app,delivery,completed
ORD-0162770,R-0379,2025-08-30,24.51,web,delivery,completed
ORD-0162771,R-0379,2025-08-04,28.14,web,delivery,Completed
ORD-0162772,R-0379,2025-08-02,9.79,app,delivery,completed
ORD-0162773,R-0379,2025-08-02,29.82,web,delivery,completed
ORD-0162774,R-0379,2025-08-08,27.21,app,delivery,completed
ORD-0164514,R-0383,2025-08-15,38.95,web,delivery,completed
ORD-0164515,R-0383,2025-08-17,32.99,web,pickup,completed
ORD-0164516,R-0383,2025-08-25,29.86,web,delivery,completed
ORD-0164517,R-0383,2025-08-26,22.16,app,delivery,completed
ORD-0164518,R-0383,2025-08-24,16.30,web,pickup,Completed
ORD-0164519,R-0383,2025-08-17,14.63,web,delivery,completed
ORD-0164520,R-0383,2025-08-10,17.94,web,delivery,Completed
ORD-0164521,R-0383,2025-08-09,30.34,web,pickup,completed
ORD-0164522,R-0383,2025-08-01,21.01,app,delivery,completed
ORD-0164523,R-0383,2025-08-15,14.58,app,pickup,completed
ORD-0164524,R-0383,2025-08-14,15.44,web,delivery,completed
ORD-0164525,R-0383,2025-08-16,16.74,web,delivery,completed
ORD-0164526,R-0383,2025-08-22,36.20,web,delivery,completed
ORD-0164527,R-0383,2025-08-22,35.86,app,pickup,completed
ORD-0164528,R-0383,2025-08-30,28.91,app,pickup,completed
ORD-0164529,R-0383,2025-08-19,27.26,web,delivery,completed
ORD-0164530,R-0383,2025-08-27,23.34,app,delivery,completed
ORD-0164531,R-0383,2025-08-09,28.23,web,pickup,completed
ORD-0164532,R-0383,2025-08-02,22.94,web,delivery,completed
ORD-0164533,R-0383,2025-08-02,51.68,web,pickup,completed
ORD-0164534,R-0383,2025-08-28,23.18,web,pickup,completed
ORD-0164535,R-0383,2025-08-23,30.38,web,pickup,completed
ORD-0164536,R-0383,2025-08-29,18.20,app,delivery,completed
ORD-0164537,R-0383,2025-08-10,26.96,web,delivery,completed
ORD-0164538,R-0383,2025-08-02,29.24,web,delivery,cancelled
ORD-0164539,R-0383,2025-08-21,15.95,app,delivery,cancelled
ORD-0164540,R-0383,2025-08-30,23.51,web,delivery,completed
ORD-0164541,R-0383,2025-08-02,12.99,app,pickup,completed
ORD-0164542,R-0383,2025-08-15,16.25,app,delivery,completed
ORD-0164543,R-0383,2025-08-29,22.06,web,pickup,completed
ORD-0164544,R-0383,2025-08-25,16.39,web,delivery,completed
ORD-0164545,R-0383,2025-08-14,27.05,web,pickup,completed
ORD-0164546,R-0383,2025-08-13,27.81,web,pickup,completed
ORD-0164547,R-0383,2025-08-10,28.87,web,pickup,completed
ORD-0164548,R-0383,2025-08-10,31.00,app,delivery,completed
ORD-0164549,R-0383,2025-08-02,25.47,web,delivery,completed
ORD-0164550,R-0383,2025-08-27,19.33,web,delivery,cancelled
ORD-0164551,R-0383,2025-08-25,31.49,web,pickup,completed
ORD-0164552,R-0383,2025-08-23,18.59,web,delivery,completed
ORD-0164553,R-0383,2025-08-08,19.75,app,delivery,completed
ORD-0164554,R-0383,2025-08-02,24.11,web,delivery,completed
ORD-0164555,R-0383,2025-08-30,20.45,web,pickup,Completed
ORD-0164556,R-0383,2025-08-07,28.68,web,delivery,completed
ORD-0164557,R-0383,2025-08-12,23.98,web,delivery,completed
ORD-0164558,R-0383,2025-08-26,21.86,app,delivery,COMPLETED
ORD-0164559,R-0383,2025-08-18,26.02,app,delivery,completed
ORD-0164560,R-0383,2025-08-16,24.18,web,delivery,completed
ORD-0164561,R-0383,2025-08-11,47.89,web,pickup,Completed
ORD-0164562,R-0383,2025-08-11,19.62,app,delivery,COMPLETED
ORD-0164563,R-0383,2025-08-29,17.11,web,pickup,completed
ORD-0164564,R-0383,2025-08-21,13.88,app,delivery,completed
ORD-0164565,R-0383,2025-08-01,28.51,web,pickup,completed
ORD-0164566,R-0383,2025-08-08,40.08,web,delivery,completed
ORD-0164567,R-0383,2025-08-26,27.01,web,pickup,completed
ORD-0164568,R-0383,2025-08-16,20.72,app,delivery,completed
ORD-0164569,R-0383,2025-08-14,24.09,web,delivery,COMPLETED
ORD-0164570,R-0383,2025-08-20,22.63,app,delivery,cancelled
ORD-0164571,R-0383,2025-08-08,22.81,app,delivery,completed
ORD-0164572,R-0383,2025-08-16,41.85,web,pickup,COMPLETED
ORD-0164573,R-0383,2025-08-09,40.86,app,pickup,cancelled
ORD-0164574,R-0383,2025-08-03,19.98,web,delivery,COMPLETED
ORD-0164575,R-0383,2025-08-07,20.65,web,delivery,completed
ORD-0164576,R-0383,2025-08-19,18.50,web,delivery,Completed
ORD-0164577,R-0383,2025-08-19,22.87,app,delivery,completed
ORD-0164578,R-0383,2025-08-29,33.73,app,pickup,completed
ORD-0164579,R-0383,2025-08-29,25.01,web,delivery,Completed
ORD-0164580,R-0383,2025-08-27,25.47,web,delivery,completed
ORD-0164581,R-0383,2025-08-30,20.68,app,delivery,completed
ORD-0164582,R-0383,2025-08-09,13.09,app,delivery,Completed
ORD-0164583,R-0383,2025-08-19,19.74,web,delivery,completed
ORD-0164584,R-0383,2025-08-10,29.57,web,delivery,completed
ORD-0164585,R-0383,2025-08-24,17.17,web,delivery,completed
ORD-0164586,R-0383,2025-08-19,40.27,web,delivery,completed
ORD-0166277,R-0385,2025-08-22,20.95,web,pickup,completed
ORD-0166278,R-0385,2025-08-03,24.34,app,delivery,completed
ORD-0166279,R-0385,2025-08-10,36.35,app,delivery,completed
ORD-0166280,R-0385,2025-08-30,38.73,app,delivery,completed
ORD-0166281,R-0385,2025-08-23,28.98,app,delivery,completed
ORD-0166282,R-0385,2025-08-30,18.16,app,delivery,completed
ORD-0166283,R-0385,2025-08-17,28.08,app,delivery,completed
ORD-0166284,R-0385,2025-08-18,32.45,app,delivery,completed
ORD-0166285,R-0385,2025-08-22,23.57,app,delivery,completed
ORD-0166286,R-0385,2025-08-26,35.91,app,delivery,Completed
ORD-0166287,R-0385,2025-08-08,37.55,app,delivery,COMPLETED
ORD-0166288,R-0385,2025-08-15,35.04,web,delivery,completed
ORD-0166289,R-0385,2025-08-14,25.29,web,delivery,completed
ORD-0166290,R-0385,2025-08-07,20.65,web,delivery,COMPLETED
ORD-0166291,R-0385,2025-08-20,29.60,app,delivery,completed
ORD-0166292,R-0385,2025-08-27,20.92,web,delivery,completed
ORD-0166293,R-0385,2025-08-08,65.47,app,pickup,completed
ORD-0166294,R-0385,2025-08-02,18.27,app,delivery,completed
ORD-0166295,R-0385,2025-08-30,16.47,app,delivery,completed
ORD-0166296,R-0385,2025-08-13,27.02,app,delivery,completed
ORD-0166297,R-0385,2025-08-05,17.80,app,delivery,completed
ORD-0166658,R-0388,2025-08-06,14.10,app,pickup,Completed
ORD-0166659,R-0388,2025-08-04,45.36,web,delivery,completed
ORD-0166660,R-0388,2025-08-17,62.14,app,delivery,completed
ORD-0166661,R-0388,2025-08-13,48.92,web,delivery,completed
ORD-0166662,R-0388,2025-08-10,41.21,app,delivery,completed
ORD-0166663,R-0388,2025-08-30,30.39,web,delivery,completed
ORD-0166664,R-0388,2025-08-28,31.63,app,delivery,completed
ORD-0166665,R-0388,2025-08-20,24.36,app,delivery,cancelled
ORD-0166666,R-0388,2025-08-04,45.86,app,delivery,completed
ORD-0166667,R-0388,2025-08-24,29.40,web,pickup,completed
ORD-0166668,R-0388,2025-08-03,19.13,app,delivery,completed
ORD-0166669,R-0388,2025-08-29,40.07,app,delivery,completed
ORD-0166670,R-0388,2025-08-12,31.88,app,delivery,completed
ORD-0166671,R-0388,2025-08-06,33.01,app,delivery,completed
ORD-0166672,R-0388,2025-08-15,49.24,app,delivery,completed
ORD-0166673,R-0388,2025-08-29,29.06,app,delivery,completed
ORD-0166674,R-0388,2025-08-01,79.71,app,delivery,completed
ORD-0168567,R-0390,2025-08-23,48.06,web,delivery,completed
ORD-0168568,R-0390,2025-08-09,48.37,web,delivery,completed
ORD-0168569,R-0390,2025-08-20,23.94,app,pickup,Completed
ORD-0171897,R-0401,2025-08-01,29.07,app,pickup,completed
ORD-0171898,R-0401,2025-08-30,11.40,app,delivery,completed
ORD-0171899,R-0401,2025-08-22,36.16,app,pickup,COMPLETED
ORD-0171900,R-0401,2025-08-02,34.16,app,delivery,completed
ORD-0171901,R-0401,2025-08-21,22.53,app,delivery,COMPLETED
ORD-0171902,R-0401,2025-08-15,22.38,app,pickup,completed
ORD-0171903,R-0401,2025-08-15,44.84,app,pickup,completed
ORD-0171904,R-0401,2025-08-23,20.37,web,pickup,completed
ORD-0171905,R-0401,2025-08-07,38.91,app,pickup,completed
ORD-0171906,R-0401,2025-08-04,28.24,app,pickup,completed
ORD-0171907,R-0401,2025-08-24,37.99,app,delivery,completed
ORD-0171908,R-0401,2025-08-26,29.21,app,pickup,Completed
ORD-0171909,R-0401,2025-08-29,40.49,app,pickup,completed
ORD-0171910,R-0401,2025-08-24,49.45,app,delivery,refunded
ORD-0171911,R-0401,2025-08-10,20.44,app,pickup,completed
ORD-0171912,R-0401,2025-08-08,36.58,web,pickup,completed
ORD-0171913,R-0401,2025-08-02,20.66,app,delivery,completed
ORD-0171914,R-0401,2025-08-24,14.46,app,pickup,completed
ORD-0171915,R-0401,2025-08-20,22.89,app,delivery,completed
ORD-0171916,R-0401,2025-08-11,16.84,app,pickup,completed
ORD-0171917,R-0401,2025-08-15,25.27,web,delivery,completed
ORD-0171918,R-0401,2025-08-10,8.77,app,delivery,completed
ORD-0171919,R-0401,2025-08-05,64.91,app,delivery,completed
ORD-0171920,R-0401,2025-08-13,23.18,app,pickup,completed
ORD-0171921,R-0401,2025-08-07,32.11,app,pickup,Completed
ORD-0171922,R-0401,2025-08-15,23.13,app,pickup,completed
ORD-0171923,R-0401,2025-08-15,33.11,app,pickup,COMPLETED
ORD-0171924,R-0401,2025-08-14,23.16,app,delivery,completed
ORD-0171925,R-0401,2025-08-18,26.93,app,pickup,completed
ORD-0171926,R-0401,2025-08-23,21.18,web,pickup,COMPLETED
ORD-0171927,R-0401,2025-08-08,33.00,web,pickup,completed
ORD-0171928,R-0401,2025-08-17,53.14,app,delivery,COMPLETED
ORD-0171929,R-0401,2025-08-04,32.99,app,pickup,completed
ORD-0171930,R-0401,2025-08-22,76.64,app,delivery,completed
ORD-0171931,R-0401,2025-08-28,21.56,app,pickup,completed
ORD-0171932,R-0401,2025-08-15,34.04,app,delivery,completed
ORD-0171933,R-0401,2025-08-17,26.01,web,pickup,completed
ORD-0171934,R-0401,2025-08-20,40.38,app,pickup,completed
ORD-0171935,R-0401,2025-08-28,28.22,app,pickup,completed
ORD-0171936,R-0401,2025-08-31,54.95,app,pickup,completed
ORD-0171937,R-0401,2025-08-06,20.00,app,pickup,completed
ORD-0171938,R-0401,2025-08-09,23.20,app,delivery,completed
ORD-0171939,R-0401,2025-08-18,32.83,app,pickup,completed
ORD-0171940,R-0401,2025-08-10,39.96,web,pickup,COMPLETED
ORD-0171941,R-0401,2025-08-23,31.49,app,pickup,refunded
ORD-0171942,R-0401,2025-08-16,16.62,app,pickup,completed
ORD-0171943,R-0401,2025-08-25,29.69,app,pickup,completed
ORD-0171944,R-0401,2025-08-01,25.61,app,delivery,completed
ORD-0171945,R-0401,2025-08-14,21.04,app,pickup,COMPLETED
ORD-0171946,R-0401,2025-08-11,32.25,app,pickup,completed
ORD-0171947,R-0401,2025-08-21,27.16,app,delivery,completed
ORD-0171948,R-0401,2025-08-17,24.74,app,delivery,completed
ORD-0171949,R-0401,2025-08-08,23.66,web,pickup,completed
ORD-0171950,R-0401,2025-08-14,25.65,web,delivery,completed
ORD-0171951,R-0401,2025-08-26,24.20,app,pickup,completed
ORD-0171952,R-0401,2025-08-01,38.94,app,pickup,completed
ORD-0171953,R-0401,2025-08-14,21.10,app,delivery,Completed
ORD-0171954,R-0401,2025-08-23,21.31,app,pickup,completed
ORD-0171955,R-0401,2025-08-14,52.18,app,pickup,completed
ORD-0171956,R-0401,2025-08-21,26.49,web,delivery,completed
ORD-0171957,R-0401,2025-08-24,42.08,web,delivery,completed
ORD-0171958,R-0401,2025-08-24,54.84,web,delivery,Completed
ORD-0171959,R-0401,2025-08-16,15.78,app,pickup,completed
ORD-0171960,R-0401,2025-08-08,30.58,web,pickup,completed
ORD-0171961,R-0401,2025-08-01,36.01,app,delivery,COMPLETED
ORD-0171962,R-0401,2025-08-30,47.47,app,pickup,completed
ORD-0171963,R-0401,2025-08-29,25.20,app,pickup,completed
ORD-0171964,R-0401,2025-08-21,39.56,app,pickup,completed
ORD-0171965,R-0401,2025-08-17,29.86,web,pickup,completed
ORD-0171966,R-0401,2025-08-24,36.65,web,pickup,COMPLETED
ORD-0171967,R-0401,2025-08-15,14.00,web,delivery,completed
ORD-0171968,R-0401,2025-08-08,29.89,app,delivery,completed
ORD-0171969,R-0401,2025-08-03,14.78,app,pickup,completed
ORD-0171970,R-0401,2025-08-06,31.71,app,pickup,completed
ORD-0171971,R-0401,2025-08-08,17.70,app,pickup,completed
ORD-0171972,R-0401,2025-08-30,12.18,web,pickup,completed
ORD-0171973,R-0401,2025-08-09,22.40,app,delivery,completed
ORD-0171974,R-0401,2025-08-16,43.23,app,pickup,COMPLETED
ORD-0171975,R-0401,2025-08-16,42.52,web,pickup,completed
ORD-0171976,R-0401,2025-08-20,33.40,web,pickup,completed
ORD-0171977,R-0401,2025-08-01,35.97,app,pickup,completed
ORD-0171978,R-0401,2025-08-02,23.36,app,pickup,completed
ORD-0171979,R-0401,2025-08-06,27.95,app,pickup,completed
ORD-0171980,R-0401,2025-08-17,31.82,app,pickup,completed
ORD-0171981,R-0401,2025-08-23,38.65,app,pickup,completed
ORD-0171982,R-0401,2025-08-10,25.41,web,pickup,completed
ORD-0171983,R-0401,2025-08-24,13.06,web,pickup,completed
ORD-0171984,R-0401,2025-08-12,11.33,app,pickup,completed
ORD-0171985,R-0401,2025-08-17,51.02,app,delivery,completed
ORD-0171986,R-0401,2025-08-13,15.75,web,pickup,completed
ORD-0171987,R-0401,2025-08-23,32.80,app,delivery,completed
ORD-0171988,R-0401,2025-08-19,35.59,app,delivery,completed
ORD-0171989,R-0401,2025-08-16,24.94,app,delivery,completed
ORD-0171990,R-0401,2025-08-29,17.37,app,pickup,completed
ORD-0171991,R-0401,2025-08-22,40.00,app,pickup,completed
ORD-0171992,R-0401,2025-08-08,18.55,web,pickup,completed
ORD-0171993,R-0401,2025-08-17,18.35,app,pickup,completed
ORD-0171994,R-0401,2025-08-29,23.47,web,pickup,COMPLETED
ORD-0171995,R-0401,2025-08-24,30.35,app,pickup,COMPLETED
ORD-0171996,R-0401,2025-08-20,30.41,app,delivery,completed
ORD-0171997,R-0401,2025-08-14,36.59,app,delivery,completed
ORD-0171998,R-0401,2025-08-23,37.68,app,pickup,completed
ORD-0171999,R-0401,2025-08-28,36.82,app,pickup,completed
ORD-0172000,R-0401,2025-08-09,23.58,app,delivery,completed
ORD-0172001,R-0401,2025-08-08,13.84,web,pickup,COMPLETED
ORD-0172002,R-0401,2025-08-21,25.74,web,pickup,completed
ORD-0172003,R-0401,2025-08-27,19.24,app,pickup,completed
ORD-0172004,R-0401,2025-08-28,38.16,app,delivery,completed
ORD-0172005,R-0401,2025-08-29,29.66,app,delivery,Completed
ORD-0172006,R-0401,2025-08-12,11.85,app,pickup,completed
ORD-0172007,R-0401,2025-08-04,12.46,web,pickup,COMPLETED
ORD-0172008,R-0401,2025-08-08,28.05,app,pickup,completed
ORD-0172009,R-0401,2025-08-09,20.46,app,pickup,completed
ORD-0172010,R-0401,2025-08-31,31.31,web,delivery,completed
ORD-0172011,R-0401,2025-08-12,52.15,web,delivery,completed
ORD-0172012,R-0401,2025-08-22,21.80,app,delivery,Completed
ORD-0172013,R-0401,2025-08-30,47.23,web,pickup,COMPLETED
ORD-0172958,R-0404,2025-08-16,14.43,app,pickup,completed
ORD-0172959,R-0404,2025-08-31,23.64,app,delivery,completed
ORD-0172960,R-0404,2025-08-18,14.49,app,pickup,completed
ORD-0172961,R-0404,2025-08-02,25.54,app,delivery,completed
ORD-0172962,R-0404,2025-08-30,63.01,app,pickup,completed
ORD-0172963,R-0404,2025-08-02,25.65,web,pickup,completed
ORD-0172964,R-0404,2025-08-02,21.19,app,delivery,completed
ORD-0172965,R-0404,2025-08-05,27.08,app,pickup,completed
ORD-0172966,R-0404,2025-08-16,31.98,app,pickup,completed
ORD-0172967,R-0404,2025-08-11,35.17,app,pickup,completed
ORD-0172968,R-0404,2025-08-23,21.21,app,delivery,completed
ORD-0172969,R-0404,2025-08-28,15.53,app,delivery,completed
ORD-0172970,R-0404,2025-08-17,25.15,app,delivery,completed
ORD-0172971,R-0404,2025-08-22,42.26,web,delivery,completed
ORD-0172972,R-0404,2025-08-02,37.92,app,pickup,COMPLETED
ORD-0172973,R-0404,2025-08-08,36.30,app,delivery,completed
ORD-0172974,R-0404,2025-08-08,30.23,app,pickup,completed
ORD-0172975,R-0404,2025-08-16,34.86,app,delivery,completed
ORD-0172976,R-0404,2025-08-08,32.62,web,pickup,completed
ORD-0172977,R-0404,2025-08-26,22.49,web,pickup,Completed
ORD-0172978,R-0404,2025-08-29,35.27,app,delivery,completed
ORD-0172979,R-0404,2025-08-31,53.64,app,delivery,completed
ORD-0172980,R-0404,2025-08-30,35.00,web,delivery,completed
ORD-0172981,R-0404,2025-08-26,26.06,app,pickup,completed
ORD-0172982,R-0404,2025-08-09,30.92,app,pickup,completed
ORD-0172983,R-0404,2025-08-29,18.47,app,pickup,completed
ORD-0172984,R-0404,2025-08-02,34.67,app,pickup,completed
ORD-0172985,R-0404,2025-08-12,34.04,app,pickup,completed
ORD-0175526,R-0409,2025-08-24,31.39,app,delivery,completed
ORD-0175527,R-0409,2025-08-30,22.90,app,delivery,completed
ORD-0175528,R-0409,2025-08-11,33.29,web,delivery,completed
ORD-0175529,R-0409,2025-08-31,43.58,app,delivery,completed
ORD-0175530,R-0409,2025-08-30,28.49,app,delivery,completed
ORD-0175531,R-0409,2025-08-05,28.67,app,delivery,completed
ORD-0175532,R-0409,2025-08-20,27.83,web,delivery,completed
ORD-0175533,R-0409,2025-08-29,43.16,web,delivery,completed
ORD-0175534,R-0409,2025-08-08,46.59,web,delivery,completed
ORD-0175535,R-0409,2025-08-19,27.14,app,delivery,Completed
ORD-0175536,R-0409,2025-08-03,26.73,app,delivery,completed
ORD-0175537,R-0409,2025-08-05,34.66,app,delivery,completed
ORD-0175538,R-0409,2025-08-22,42.83,app,delivery,completed
ORD-0175539,R-0409,2025-08-27,50.84,app,delivery,completed
ORD-0175540,R-0409,2025-08-22,36.52,app,pickup,completed
ORD-0175541,R-0409,2025-08-19,49.90,web,delivery,completed
ORD-0175542,R-0409,2025-08-30,32.76,app,delivery,completed
ORD-0175543,R-0409,2025-08-23,28.28,app,delivery,completed
ORD-0175544,R-0409,2025-08-15,27.30,app,delivery,completed
ORD-0175545,R-0409,2025-08-14,22.59,app,delivery,completed
ORD-0175546,R-0409,2025-08-09,16.22,web,delivery,Completed
ORD-0175547,R-0409,2025-08-07,21.45,app,delivery,completed
ORD-0175548,R-0409,2025-08-11,21.12,web,delivery,completed
ORD-0175549,R-0409,2025-08-25,32.96,app,delivery,completed
ORD-0175550,R-0409,2025-08-03,39.78,app,delivery,completed
ORD-0175551,R-0409,2025-08-11,21.23,web,delivery,Completed
ORD-0175552,R-0409,2025-08-28,24.24,web,delivery,completed
ORD-0175553,R-0409,2025-08-30,27.91,web,delivery,completed
ORD-0175554,R-0409,2025-08-25,30.53,app,delivery,completed
ORD-0175555,R-0409,2025-08-22,14.36,app,delivery,completed
ORD-0175556,R-0409,2025-08-29,24.71,app,delivery,completed
ORD-0175557,R-0409,2025-08-23,26.18,web,delivery,Completed
ORD-0175558,R-0409,2025-08-17,25.07,app,delivery,COMPLETED
ORD-0175559,R-0409,2025-08-04,62.12,app,delivery,completed
ORD-0175560,R-0409,2025-08-08,26.97,app,delivery,completed
ORD-0175561,R-0409,2025-08-21,25.21,app,delivery,completed
ORD-0175562,R-0409,2025-08-20,50.57,web,delivery,completed
ORD-0175563,R-0409,2025-08-20,29.85,web,delivery,completed
ORD-0175564,R-0409,2025-08-02,51.53,web,delivery,completed
ORD-0175565,R-0409,2025-08-30,54.51,web,pickup,completed
ORD-0175566,R-0409,2025-08-01,29.82,app,delivery,completed
ORD-0175567,R-0409,2025-08-17,24.67,app,delivery,completed
ORD-0175568,R-0409,2025-08-08,32.07,app,delivery,completed
ORD-0175569,R-0409,2025-08-19,52.08,web,delivery,COMPLETED
ORD-0175570,R-0409,2025-08-01,35.69,app,delivery,refunded
ORD-0175571,R-0409,2025-08-23,39.01,app,delivery,completed
ORD-0175572,R-0409,2025-08-16,36.15,app,delivery,completed
ORD-0175573,R-0409,2025-08-24,20.19,app,delivery,completed
ORD-0175574,R-0409,2025-08-21,19.23,app,delivery,completed
ORD-0175575,R-0409,2025-08-06,74.13,app,delivery,completed
ORD-0175576,R-0409,2025-08-23,21.89,web,delivery,completed
ORD-0175577,R-0409,2025-08-30,18.73,web,delivery,completed
ORD-0175578,R-0409,2025-08-03,42.94,app,delivery,completed
ORD-0175579,R-0409,2025-08-14,31.03,app,delivery,completed
ORD-0178159,R-0418,2025-08-25,29.28,web,pickup,completed
ORD-0178160,R-0418,2025-08-31,26.75,web,delivery,COMPLETED
ORD-0178161,R-0418,2025-08-26,21.26,web,delivery,COMPLETED
ORD-0178162,R-0418,2025-08-24,17.26,app,delivery,completed
ORD-0178163,R-0418,2025-08-22,37.05,web,pickup,completed
ORD-0178164,R-0418,2025-08-22,34.49,web,delivery,completed
ORD-0178165,R-0418,2025-08-18,25.63,web,pickup,Completed
ORD-0178166,R-0418,2025-08-19,21.90,web,delivery,completed
ORD-0178167,R-0418,2025-08-17,18.69,web,delivery,completed
ORD-0178168,R-0418,2025-08-29,37.57,app,pickup,COMPLETED
ORD-0178169,R-0418,2025-08-28,15.46,app,delivery,COMPLETED
ORD-0178170,R-0418,2025-08-25,24.51,app,pickup,completed
ORD-0178171,R-0418,2025-08-30,32.83,web,pickup,Completed
ORD-0178172,R-0418,2025-08-21,16.11,app,delivery,completed
ORD-0178173,R-0418,2025-08-30,24.85,app,pickup,completed
ORD-0178174,R-0418,2025-08-28,17.17,app,delivery,completed
ORD-0178175,R-0418,2025-08-23,33.21,app,pickup,completed
ORD-0178176,R-0418,2025-08-31,20.66,web,delivery,completed
ORD-0178177,R-0418,2025-08-30,18.13,web,delivery,completed
ORD-0178178,R-0418,2025-08-31,25.53,web,pickup,completed
ORD-0179000,R-0420,2025-08-16,19.83,app,delivery,completed
ORD-0179001,R-0420,2025-08-16,17.80,web,delivery,completed
ORD-0179002,R-0420,2025-08-06,33.35,app,delivery,completed
ORD-0179003,R-0420,2025-08-31,18.93,app,delivery,COMPLETED
ORD-0179004,R-0420,2025-08-16,20.44,app,delivery,completed
ORD-0179005,R-0420,2025-08-22,27.18,web,delivery,completed
ORD-0179006,R-0420,2025-08-20,26.59,app,delivery,completed
ORD-0179007,R-0420,2025-08-18,26.80,app,pickup,completed
ORD-0179008,R-0420,2025-08-31,23.30,web,delivery,completed
ORD-0179009,R-0420,2025-08-27,65.11,web,delivery,COMPLETED
ORD-0179010,R-0420,2025-08-06,26.34,web,pickup,COMPLETED
ORD-0179011,R-0420,2025-08-22,35.62,web,delivery,COMPLETED
ORD-0179012,R-0420,2025-08-25,24.87,web,pickup,completed
ORD-0179013,R-0420,2025-08-15,35.52,app,delivery,completed
ORD-0179014,R-0420,2025-08-16,27.55,web,delivery,completed
ORD-0179015,R-0420,2025-08-30,15.88,app,pickup,cancelled
ORD-0179016,R-0420,2025-08-02,38.43,app,pickup,completed
ORD-0179017,R-0420,2025-08-13,30.37,web,pickup,completed
ORD-0179018,R-0420,2025-08-21,25.34,web,pickup,completed
ORD-0179019,R-0420,2025-08-25,13.79,web,delivery,completed
ORD-0179020,R-0420,2025-08-09,14.92,app,delivery,completed
ORD-0179021,R-0420,2025-08-29,14.96,web,delivery,Completed
ORD-0179022,R-0420,2025-08-15,23.52,web,delivery,completed
ORD-0179023,R-0420,2025-08-10,43.68,app,delivery,completed
ORD-0179024,R-0420,2025-08-10,19.46,web,pickup,completed
ORD-0179025,R-0420,2025-08-22,25.76,app,pickup,Completed
ORD-0179026,R-0420,2025-08-09,32.60,web,delivery,completed
ORD-0179027,R-0420,2025-08-16,21.53,app,pickup,completed
ORD-0179028,R-0420,2025-08-02,29.33,app,delivery,completed
ORD-0179029,R-0420,2025-08-30,15.70,app,pickup,completed
ORD-0179030,R-0420,2025-08-29,21.06,app,pickup,completed
ORD-0179031,R-0420,2025-08-22,14.27,app,pickup,completed
ORD-0179032,R-0420,2025-08-19,42.43,web,pickup,cancelled
ORD-0179033,R-0420,2025-08-29,21.48,web,delivery,completed
ORD-0179034,R-0420,2025-08-17,42.58,web,pickup,completed
ORD-0179035,R-0420,2025-08-28,21.96,app,pickup,completed
ORD-0179036,R-0420,2025-08-06,26.82,app,pickup,Completed
ORD-0179037,R-0420,2025-08-31,27.28,app,pickup,completed
ORD-0179038,R-0420,2025-08-30,30.42,web,pickup,completed
ORD-0179039,R-0420,2025-08-31,47.41,app,pickup,completed
ORD-0179040,R-0420,2025-08-31,22.21,web,delivery,completed
ORD-0179041,R-0420,2025-08-16,30.55,web,pickup,completed
ORD-0179042,R-0420,2025-08-08,33.73,web,delivery,completed
ORD-0179043,R-0420,2025-08-01,57.70,web,delivery,completed
ORD-0179044,R-0420,2025-08-18,24.68,app,pickup,completed
ORD-0179045,R-0420,2025-08-27,21.34,web,pickup,completed
ORD-0179046,R-0420,2025-08-23,45.72,app,pickup,completed
ORD-0180617,R-0423,2025-08-29,44.67,web,pickup,completed
ORD-0180618,R-0423,2025-08-08,25.21,web,delivery,completed
ORD-0180619,R-0423,2025-08-18,36.32,app,pickup,completed
ORD-0180620,R-0423,2025-08-02,46.20,web,pickup,COMPLETED
ORD-0180621,R-0423,2025-08-23,46.54,app,pickup,completed
ORD-0180622,R-0423,2025-08-30,33.76,app,delivery,completed
ORD-0180623,R-0423,2025-08-14,26.85,app,pickup,completed
ORD-0180624,R-0423,2025-08-08,25.57,app,delivery,COMPLETED
ORD-0180625,R-0423,2025-08-25,44.19,app,pickup,completed
ORD-0180626,R-0423,2025-08-14,17.57,web,pickup,completed
ORD-0180627,R-0423,2025-08-06,49.24,web,delivery,cancelled
ORD-0180628,R-0423,2025-08-03,35.00,app,pickup,completed
ORD-0180629,R-0423,2025-08-14,30.53,app,pickup,completed
ORD-0180630,R-0423,2025-08-20,17.62,app,pickup,completed
ORD-0180631,R-0423,2025-08-03,32.06,web,delivery,Completed
ORD-0180632,R-0423,2025-08-22,31.11,app,pickup,completed
ORD-0181049,R-0424,2025-08-03,23.63,app,delivery,completed
ORD-0181050,R-0424,2025-08-20,22.34,app,pickup,Completed
ORD-0181051,R-0424,2025-08-16,25.63,web,pickup,completed
ORD-0181052,R-0424,2025-08-28,18.21,app,delivery,completed
ORD-0181053,R-0424,2025-08-07,39.48,web,pickup,completed
ORD-0181054,R-0424,2025-08-17,24.17,app,delivery,completed
ORD-0181055,R-0424,2025-08-22,34.37,app,delivery,completed
ORD-0181056,R-0424,2025-08-16,43.78,web,delivery,completed
ORD-0181057,R-0424,2025-08-29,37.22,web,delivery,completed
ORD-0181058,R-0424,2025-08-18,42.72,app,pickup,completed
ORD-0181059,R-0424,2025-08-31,50.13,web,delivery,completed
ORD-0181060,R-0424,2025-08-02,23.43,app,pickup,completed
ORD-0181061,R-0424,2025-08-05,25.03,app,pickup,completed
ORD-0181062,R-0424,2025-08-10,16.24,web,delivery,completed
ORD-0181063,R-0424,2025-08-11,11.56,app,delivery,completed
ORD-0181064,R-0424,2025-08-30,79.07,web,pickup,COMPLETED
ORD-0181065,R-0424,2025-08-02,42.85,app,delivery,completed
ORD-0181066,R-0424,2025-08-27,14.59,app,delivery,completed
ORD-0181067,R-0424,2025-08-04,36.13,web,pickup,completed
ORD-0181068,R-0424,2025-08-22,31.01,web,pickup,completed
ORD-0181069,R-0424,2025-08-23,22.97,web,delivery,completed
ORD-0181070,R-0424,2025-08-22,30.93,web,pickup,COMPLETED
ORD-0181071,R-0424,2025-08-15,37.35,app,pickup,completed
ORD-0181072,R-0424,2025-08-15,23.81,web,pickup,completed
ORD-0181073,R-0424,2025-08-23,44.56,web,delivery,completed
ORD-0181074,R-0424,2025-08-15,17.69,web,pickup,completed
ORD-0181075,R-0424,2025-08-08,51.42,web,delivery,completed
ORD-0181076,R-0424,2025-08-26,18.46,app,delivery,completed
ORD-0181077,R-0424,2025-08-03,29.32,web,pickup,Completed
ORD-0181078,R-0424,2025-08-23,35.52,web,delivery,COMPLETED
ORD-0181079,R-0424,2025-08-18,37.86,web,delivery,completed
ORD-0181080,R-0424,2025-08-09,31.04,web,delivery,completed
ORD-0181081,R-0424,2025-08-26,29.22,app,pickup,completed
ORD-0181082,R-0424,2025-08-22,36.60,app,pickup,completed
ORD-0181083,R-0424,2025-08-31,30.23,app,delivery,completed
ORD-0181084,R-0424,2025-08-09,27.16,web,pickup,completed
ORD-0181085,R-0424,2025-08-09,33.93,web,delivery,completed
ORD-0181086,R-0424,2025-08-09,16.00,app,delivery,completed
ORD-0181087,R-0424,2025-08-19,40.00,app,pickup,completed
ORD-0181088,R-0424,2025-08-28,39.07,app,delivery,completed
ORD-0181089,R-0424,2025-08-08,31.53,web,pickup,completed
ORD-0181090,R-0424,2025-08-24,20.57,app,pickup,COMPLETED
ORD-0181091,R-0424,2025-08-08,27.32,app,delivery,completed
ORD-0181092,R-0424,2025-08-05,56.00,web,pickup,completed
ORD-0181093,R-0424,2025-08-12,28.06,web,pickup,completed
ORD-0181094,R-0424,2025-08-06,32.30,web,pickup,completed
ORD-0181095,R-0424,2025-08-25,26.70,app,delivery,completed
ORD-0181096,R-0424,2025-08-16,40.42,app,delivery,completed
ORD-0181097,R-0424,2025-08-25,20.77,app,delivery,completed
ORD-0181098,R-0424,2025-08-05,40.19,app,delivery,COMPLETED
ORD-0181099,R-0424,2025-08-01,51.61,app,delivery,COMPLETED
ORD-0181100,R-0424,2025-08-05,68.30,web,delivery,completed
ORD-0181101,R-0424,2025-08-16,61.06,web,delivery,completed
ORD-0181102,R-0424,2025-08-25,53.58,app,delivery,completed
ORD-0181103,R-0424,2025-08-15,36.23,app,delivery,Completed
ORD-0181104,R-0424,2025-08-16,24.32,web,delivery,completed
ORD-0181105,R-0424,2025-08-02,69.40,app,pickup,completed
ORD-0181106,R-0424,2025-08-25,22.77,app,delivery,COMPLETED
ORD-0181107,R-0424,2025-08-02,27.75,web,delivery,completed
ORD-0181108,R-0424,2025-08-21,33.01,web,delivery,completed
ORD-0181109,R-0424,2025-08-12,21.80,web,pickup,completed
ORD-0181110,R-0424,2025-08-19,30.49,app,delivery,completed
ORD-0181111,R-0424,2025-08-17,24.67,app,delivery,completed
ORD-0181112,R-0424,2025-08-01,11.95,app,pickup,completed
ORD-0181113,R-0424,2025-08-31,31.98,web,delivery,completed
ORD-0181114,R-0424,2025-08-06,30.94,app,delivery,completed
ORD-0181115,R-0424,2025-08-29,37.45,app,delivery,completed
ORD-0181116,R-0424,2025-08-30,21.85,app,delivery,completed
ORD-0181117,R-0424,2025-08-09,51.75,app,delivery,Completed
ORD-0181118,R-0424,2025-08-24,28.47,web,pickup,completed
ORD-0181119,R-0424,2025-08-10,27.01,app,delivery,completed
ORD-0181120,R-0424,2025-08-17,18.13,web,pickup,completed
ORD-0181121,R-0424,2025-08-23,36.03,app,pickup,completed
ORD-0181122,R-0424,2025-08-05,29.16,app,delivery,completed
ORD-0181123,R-0424,2025-08-01,33.36,app,delivery,completed
ORD-0181124,R-0424,2025-08-29,11.29,app,delivery,COMPLETED
ORD-0181125,R-0424,2025-08-02,26.60,app,delivery,completed
ORD-0181126,R-0424,2025-08-02,32.77,app,pickup,COMPLETED
ORD-0181127,R-0424,2025-08-20,23.97,app,delivery,COMPLETED
ORD-0181128,R-0424,2025-08-10,26.86,app,delivery,completed
ORD-0181129,R-0424,2025-08-19,24.43,web,pickup,COMPLETED
ORD-0181130,R-0424,2025-08-20,15.50,web,pickup,Completed
ORD-0181131,R-0424,2025-08-28,22.30,app,pickup,COMPLETED
ORD-0181132,R-0424,2025-08-15,18.98,web,pickup,completed
ORD-0181133,R-0424,2025-08-08,31.98,web,pickup,completed
ORD-0181134,R-0424,2025-08-30,30.42,web,delivery,completed
ORD-0181135,R-0424,2025-08-14,26.91,app,pickup,completed
ORD-0181136,R-0424,2025-08-25,19.05,web,pickup,completed
ORD-0181137,R-0424,2025-08-20,14.66,app,delivery,completed
ORD-0181138,R-0424,2025-08-08,24.40,web,pickup,completed
ORD-0181139,R-0424,2025-08-15,26.80,web,pickup,completed
ORD-0181140,R-0424,2025-08-27,13.11,app,delivery,completed
ORD-0181141,R-0424,2025-08-05,35.53,web,pickup,COMPLETED
ORD-0181142,R-0424,2025-08-28,18.61,web,pickup,completed
ORD-0181143,R-0424,2025-08-29,32.46,web,pickup,completed
ORD-0181144,R-0424,2025-08-30,42.51,web,pickup,completed
ORD-0181145,R-0424,2025-08-26,28.08,web,pickup,completed
ORD-0181146,R-0424,2025-08-22,31.40,app,delivery,COMPLETED
ORD-0181147,R-0424,2025-08-17,23.24,app,delivery,completed
ORD-0181148,R-0424,2025-08-10,37.06,app,delivery,completed
ORD-0181149,R-0424,2025-08-10,53.17,app,pickup,completed
ORD-0181150,R-0424,2025-08-11,18.08,app,delivery,completed
ORD-0181151,R-0424,2025-08-17,36.51,app,delivery,completed
ORD-0181152,R-0424,2025-08-06,34.13,web,pickup,completed
ORD-0181153,R-0424,2025-08-22,72.85,app,delivery,completed
ORD-0181154,R-0424,2025-08-08,72.88,app,delivery,completed
ORD-0181155,R-0424,2025-08-24,73.78,app,delivery,completed
ORD-0181156,R-0424,2025-08-25,22.63,web,delivery,COMPLETED
ORD-0181157,R-0424,2025-08-27,33.53,web,pickup,completed
ORD-0181158,R-0424,2025-08-28,23.90,web,delivery,completed
ORD-0181159,R-0424,2025-08-23,39.52,app,delivery,completed
ORD-0181160,R-0424,2025-08-02,14.84,app,pickup,completed
ORD-0181161,R-0424,2025-08-02,25.22,app,delivery,completed
ORD-0181162,R-0424,2025-08-16,23.67,web,delivery,completed
ORD-0181163,R-0424,2025-08-19,18.08,web,pickup,completed
ORD-0181164,R-0424,2025-08-08,66.38,web,delivery,completed
ORD-0181165,R-0424,2025-08-23,32.71,web,pickup,cancelled
ORD-0181166,R-0424,2025-08-15,39.01,app,pickup,completed
ORD-0181167,R-0424,2025-08-09,35.86,web,pickup,completed
ORD-0181168,R-0424,2025-08-16,43.38,app,delivery,completed
ORD-0181169,R-0424,2025-08-02,26.97,web,delivery,completed
ORD-0181170,R-0424,2025-08-11,24.75,app,delivery,completed
ORD-0181171,R-0424,2025-08-30,29.20,app,delivery,completed
ORD-0181172,R-0424,2025-08-06,15.67,web,delivery,completed
ORD-0181173,R-0424,2025-08-30,31.93,app,delivery,completed
ORD-0181174,R-0424,2025-08-07,32.26,web,delivery,refunded
ORD-0181175,R-0424,2025-08-10,24.00,web,delivery,completed
ORD-0181176,R-0424,2025-08-05,22.54,web,pickup,completed
ORD-0181177,R-0424,2025-08-14,37.98,app,pickup,completed
ORD-0181178,R-0424,2025-08-04,32.54,web,delivery,completed
ORD-0181179,R-0424,2025-08-08,40.49,app,pickup,completed
ORD-0181180,R-0424,2025-08-22,24.72,app,pickup,completed
ORD-0181181,R-0424,2025-08-01,28.08,web,pickup,completed
ORD-0181182,R-0424,2025-08-02,29.87,web,delivery,completed
ORD-0181183,R-0424,2025-08-23,24.75,web,delivery,Completed
ORD-0181184,R-0424,2025-08-14,20.36,app,delivery,completed
ORD-0181185,R-0424,2025-08-08,16.41,app,pickup,completed
ORD-0181186,R-0424,2025-08-30,32.45,app,delivery,completed
ORD-0181187,R-0424,2025-08-01,32.40,app,delivery,COMPLETED
ORD-0181188,R-0424,2025-08-30,60.95,app,delivery,completed
ORD-0181189,R-0424,2025-08-04,24.61,app,pickup,completed
ORD-0181190,R-0424,2025-08-29,25.60,app,delivery,completed
ORD-0181191,R-0424,2025-08-22,27.98,app,pickup,completed
ORD-0181192,R-0424,2025-08-21,26.12,web,pickup,completed
ORD-0181193,R-0424,2025-08-03,40.93,web,pickup,completed
ORD-0181194,R-0424,2025-08-10,50.12,web,pickup,completed
ORD-0181195,R-0424,2025-08-22,25.91,app,delivery,completed
ORD-0181196,R-0424,2025-08-08,36.00,app,delivery,completed
ORD-0181197,R-0424,2025-08-30,27.67,app,delivery,completed
ORD-0181198,R-0424,2025-08-13,65.28,app,pickup,completed
ORD-0181199,R-0424,2025-08-07,18.01,web,delivery,Completed
ORD-0181200,R-0424,2025-08-11,16.16,web,pickup,completed
ORD-0181201,R-0424,2025-08-03,40.21,web,pickup,completed
ORD-0181202,R-0424,2025-08-05,34.96,app,delivery,completed
ORD-0181203,R-0424,2025-08-19,18.19,web,delivery,COMPLETED
ORD-0181204,R-0424,2025-08-23,23.84,web,delivery,completed
ORD-0181205,R-0424,2025-08-15,23.15,app,delivery,completed
ORD-0181206,R-0424,2025-08-27,19.62,app,pickup,completed
ORD-0181207,R-0424,2025-08-01,30.54,app,pickup,Completed
ORD-0181208,R-0424,2025-08-23,21.90,web,pickup,completed
ORD-0181209,R-0424,2025-08-06,29.94,app,delivery,completed
ORD-0181210,R-0424,2025-08-13,28.16,web,delivery,completed
ORD-0181211,R-0424,2025-08-28,23.01,web,delivery,completed
ORD-0185526,R-0426,2025-08-07,33.86,app,pickup,completed
ORD-0185527,R-0426,2025-08-31,52.88,web,delivery,completed
ORD-0185528,R-0426,2025-08-07,67.41,web,pickup,completed
ORD-0185529,R-0426,2025-08-24,54.38,app,delivery,COMPLETED
ORD-0185530,R-0426,2025-08-09,40.52,web,delivery,completed
ORD-0185531,R-0426,2025-08-30,19.89,app,delivery,completed
ORD-0185532,R-0426,2025-08-15,24.17,web,delivery,completed
ORD-0185533,R-0426,2025-08-25,45.02,web,pickup,Completed
ORD-0185534,R-0426,2025-08-07,29.38,web,pickup,completed
ORD-0185535,R-0426,2025-08-08,47.60,web,delivery,completed
ORD-0185536,R-0426,2025-08-01,60.94,web,delivery,Completed
ORD-0185537,R-0426,2025-08-14,35.21,web,delivery,completed
ORD-0185538,R-0426,2025-08-30,94.13,web,delivery,completed
ORD-0185539,R-0426,2025-08-13,57.97,web,delivery,completed
ORD-0185540,R-0426,2025-08-01,61.02,web,delivery,COMPLETED
ORD-0185541,R-0426,2025-08-15,34.77,web,delivery,completed
ORD-0185542,R-0426,2025-08-26,49.46,web,delivery,completed
ORD-0185543,R-0426,2025-08-01,52.35,web,delivery,COMPLETED
ORD-0185544,R-0426,2025-08-27,64.21,web,pickup,completed
ORD-0185545,R-0426,2025-08-03,24.26,app,delivery,completed
ORD-0185546,R-0426,2025-08-30,38.50,web,delivery,completed
ORD-0185547,R-0426,2025-08-08,62.39,web,delivery,completed
ORD-0185548,R-0426,2025-08-19,22.81,app,delivery,completed
ORD-0185549,R-0426,2025-08-24,25.27,web,delivery,completed
ORD-0185550,R-0426,2025-08-01,58.22,web,delivery,completed
ORD-0185551,R-0426,2025-08-29,44.51,web,delivery,completed
ORD-0185552,R-0426,2025-08-22,137.64,app,delivery,completed
ORD-0185553,R-0426,2025-08-01,26.32,app,delivery,COMPLETED
ORD-0185554,R-0426,2025-08-06,89.57,web,pickup,completed
ORD-0185555,R-0426,2025-08-26,50.56,web,pickup,Completed
ORD-0185556,R-0426,2025-08-14,41.43,web,pickup,completed
ORD-0185557,R-0426,2025-08-15,39.55,web,delivery,completed
ORD-0185558,R-0426,2025-08-11,66.27,app,delivery,COMPLETED
ORD-0185559,R-0426,2025-08-04,18.64,app,delivery,completed
ORD-0185560,R-0426,2025-08-30,109.91,app,delivery,completed
ORD-0185561,R-0426,2025-08-09,59.35,web,pickup,completed
ORD-0185562,R-0426,2025-08-28,45.46,app,delivery,completed
ORD-0185563,R-0426,2025-08-15,58.66,app,delivery,completed
ORD-0185564,R-0426,2025-08-11,25.87,web,delivery,completed
ORD-0185565,R-0426,2025-08-15,31.77,web,pickup,completed
ORD-0185566,R-0426,2025-08-09,43.31,web,pickup,completed
ORD-0185567,R-0426,2025-08-02,49.43,app,delivery,completed
ORD-0185568,R-0426,2025-08-02,63.31,web,delivery,completed
ORD-0185569,R-0426,2025-08-05,36.65,app,delivery,COMPLETED
ORD-0185570,R-0426,2025-08-15,78.71,app,pickup,completed
ORD-0185571,R-0426,2025-08-23,37.83,web,delivery,completed
ORD-0185572,R-0426,2025-08-23,41.05,web,delivery,completed
ORD-0185573,R-0426,2025-08-07,36.61,web,pickup,Completed
ORD-0185574,R-0426,2025-08-24,48.88,web,delivery,completed
ORD-0185575,R-0426,2025-08-10,51.67,app,delivery,completed
ORD-0185576,R-0426,2025-08-17,83.47,web,pickup,completed
ORD-0185577,R-0426,2025-08-23,67.97,web,delivery,completed
ORD-0185578,R-0426,2025-08-24,51.98,web,pickup,completed
ORD-0185579,R-0426,2025-08-30,39.72,app,pickup,completed
ORD-0185580,R-0426,2025-08-13,68.02,web,delivery,cancelled
ORD-0185581,R-0426,2025-08-22,73.59,app,pickup,COMPLETED
ORD-0185582,R-0426,2025-08-10,39.16,web,delivery,completed
ORD-0187228,R-0429,2025-08-15,98.21,app,pickup,cancelled
ORD-0187229,R-0429,2025-08-30,56.40,web,delivery,completed
ORD-0187230,R-0429,2025-08-24,81.10,web,pickup,completed
ORD-0187231,R-0429,2025-08-11,30.13,app,delivery,completed
ORD-0187232,R-0429,2025-08-28,48.50,app,pickup,completed
ORD-0187233,R-0429,2025-08-11,70.82,app,pickup,completed
ORD-0187234,R-0429,2025-08-13,49.14,app,pickup,completed
ORD-0187235,R-0429,2025-08-20,65.49,app,pickup,completed
ORD-0187236,R-0429,2025-08-01,91.79,web,pickup,completed
ORD-0187237,R-0429,2025-08-17,46.74,app,delivery,completed
ORD-0187238,R-0429,2025-08-16,52.52,app,pickup,refunded
ORD-0187239,R-0429,2025-08-18,61.43,web,delivery,completed
ORD-0187240,R-0429,2025-08-11,111.62,web,pickup,completed
ORD-0187241,R-0429,2025-08-21,104.02,app,delivery,completed
ORD-0187242,R-0429,2025-08-23,52.04,app,delivery,completed
ORD-0187243,R-0429,2025-08-06,53.13,web,delivery,completed
ORD-0187244,R-0429,2025-08-21,88.76,app,delivery,completed
ORD-0187245,R-0429,2025-08-01,56.20,app,delivery,completed
ORD-0187246,R-0429,2025-08-19,61.92,app,pickup,completed
ORD-0187247,R-0429,2025-08-21,104.28,web,pickup,completed
ORD-0187248,R-0429,2025-08-11,55.56,app,delivery,completed
ORD-0187249,R-0429,2025-08-07,34.35,app,pickup,completed
ORD-0187250,R-0429,2025-08-02,51.67,app,pickup,completed
ORD-0187251,R-0429,2025-08-06,52.68,app,delivery,Completed
ORD-0187252,R-0429,2025-08-30,111.54,web,pickup,Completed
ORD-0187253,R-0429,2025-08-03,52.67,web,delivery,completed
ORD-0187254,R-0429,2025-08-11,61.98,app,delivery,COMPLETED
ORD-0187255,R-0429,2025-08-02,28.91,web,pickup,completed
ORD-0187256,R-0429,2025-08-10,116.02,web,delivery,COMPLETED
ORD-0187257,R-0429,2025-08-29,82.33,app,delivery,completed
ORD-0187258,R-0429,2025-08-26,41.38,web,delivery,completed
ORD-0187259,R-0429,2025-08-09,30.69,web,pickup,completed
ORD-0187260,R-0429,2025-08-25,66.22,web,pickup,completed
ORD-0187261,R-0429,2025-08-02,39.30,app,pickup,completed
ORD-0187262,R-0429,2025-08-04,31.05,app,pickup,completed
ORD-0187263,R-0429,2025-08-08,73.85,app,pickup,completed
ORD-0187264,R-0429,2025-08-28,116.96,app,delivery,completed
ORD-0187265,R-0429,2025-08-03,146.23,app,pickup,completed
ORD-0187266,R-0429,2025-08-29,57.31,app,delivery,COMPLETED
ORD-0187267,R-0429,2025-08-08,92.71,app,pickup,completed
ORD-0187268,R-0429,2025-08-21,65.00,app,pickup,completed
ORD-0187269,R-0429,2025-08-03,77.02,app,delivery,COMPLETED
ORD-0187270,R-0429,2025-08-31,52.99,app,pickup,completed
ORD-0187271,R-0429,2025-08-29,107.67,app,delivery,completed
ORD-0187272,R-0429,2025-08-21,45.95,app,delivery,completed
ORD-0187273,R-0429,2025-08-29,54.82,app,pickup,completed
ORD-0190172,R-0434,2025-08-15,21.19,app,pickup,COMPLETED
ORD-0190173,R-0434,2025-08-25,20.10,web,delivery,completed
ORD-0190174,R-0434,2025-08-10,14.94,web,delivery,completed
ORD-0190175,R-0434,2025-08-02,15.92,web,pickup,COMPLETED
ORD-0190176,R-0434,2025-08-08,52.89,web,delivery,completed
ORD-0190177,R-0434,2025-08-27,26.49,web,delivery,completed
ORD-0190178,R-0434,2025-08-08,17.89,web,delivery,completed
ORD-0190179,R-0434,2025-08-23,30.62,web,delivery,completed
ORD-0190180,R-0434,2025-08-23,22.77,app,delivery,completed
ORD-0190181,R-0434,2025-08-24,20.22,app,pickup,Completed
ORD-0190182,R-0434,2025-08-15,21.61,web,delivery,completed
ORD-0190183,R-0434,2025-08-30,31.57,app,delivery,Completed
ORD-0190184,R-0434,2025-08-20,20.98,app,delivery,cancelled
ORD-0190185,R-0434,2025-08-03,42.32,web,delivery,completed
ORD-0190186,R-0434,2025-08-28,23.32,app,delivery,completed
ORD-0190187,R-0434,2025-08-19,34.68,web,pickup,completed
ORD-0190188,R-0434,2025-08-01,66.50,app,delivery,refunded
ORD-0190189,R-0434,2025-08-27,30.34,app,delivery,completed
ORD-0190190,R-0434,2025-08-19,14.46,app,delivery,COMPLETED
ORD-0190191,R-0434,2025-08-25,26.61,app,delivery,completed
ORD-0190192,R-0434,2025-08-25,28.55,app,pickup,completed
ORD-0190193,R-0434,2025-08-12,19.31,web,pickup,completed
ORD-0190194,R-0434,2025-08-30,41.94,web,pickup,completed
ORD-0190195,R-0434,2025-08-26,21.21,web,delivery,completed
ORD-0190196,R-0434,2025-08-01,37.15,app,pickup,completed
ORD-0190197,R-0434,2025-08-04,14.87,web,pickup,completed
ORD-0190198,R-0434,2025-08-29,21.62,app,delivery,completed
ORD-0190199,R-0434,2025-08-30,23.21,app,pickup,Completed
ORD-0190200,R-0434,2025-08-14,27.11,app,delivery,completed
ORD-0190201,R-0434,2025-08-25,31.76,app,delivery,completed
ORD-0190202,R-0434,2025-08-19,41.51,app,delivery,completed
ORD-0190203,R-0434,2025-08-15,17.05,app,pickup,completed
ORD-0190204,R-0434,2025-08-29,27.17,web,pickup,completed
ORD-0190205,R-0434,2025-08-20,58.56,app,delivery,completed
ORD-0190206,R-0434,2025-08-11,13.97,web,delivery,completed
ORD-0190207,R-0434,2025-08-24,24.52,web,delivery,completed
ORD-0190208,R-0434,2025-08-07,39.46,app,pickup,completed
ORD-0190209,R-0434,2025-08-15,24.60,web,delivery,completed
ORD-0190210,R-0434,2025-08-15,15.55,app,pickup,completed
ORD-0190211,R-0434,2025-08-15,29.33,web,pickup,COMPLETED
ORD-0190212,R-0434,2025-08-08,22.23,app,pickup,COMPLETED
ORD-0190213,R-0434,2025-08-04,21.40,web,delivery,completed
ORD-0190214,R-0434,2025-08-29,27.32,app,delivery,COMPLETED
ORD-0190215,R-0434,2025-08-06,30.66,web,delivery,completed
ORD-0190216,R-0434,2025-08-18,29.21,web,delivery,completed
ORD-0190217,R-0434,2025-08-30,31.45,web,delivery,completed
ORD-0190218,R-0434,2025-08-01,31.79,app,pickup,completed
ORD-0190219,R-0434,2025-08-16,26.30,app,delivery,COMPLETED
ORD-0190220,R-0434,2025-08-12,26.99,web,pickup,cancelled
ORD-0190221,R-0434,2025-08-12,18.46,app,delivery,COMPLETED
ORD-0190222,R-0434,2025-08-12,21.64,app,delivery,cancelled
ORD-0190223,R-0434,2025-08-24,43.41,web,delivery,completed
ORD-0190224,R-0434,2025-08-03,24.57,app,delivery,COMPLETED
ORD-0190225,R-0434,2025-08-03,31.34,app,pickup,completed
ORD-0190226,R-0434,2025-08-27,32.76,app,delivery,completed
ORD-0190227,R-0434,2025-08-29,27.69,app,delivery,completed
ORD-0190228,R-0434,2025-08-17,34.95,app,pickup,completed
ORD-0190229,R-0434,2025-08-14,25.48,web,delivery,completed
ORD-0190230,R-0434,2025-08-28,30.63,web,pickup,completed
ORD-0190231,R-0434,2025-08-05,20.31,app,delivery,completed
ORD-0190232,R-0434,2025-08-09,20.81,web,delivery,cancelled
ORD-0190233,R-0434,2025-08-16,24.11,app,delivery,completed
ORD-0190234,R-0434,2025-08-29,37.70,app,pickup,completed
ORD-0190235,R-0434,2025-08-26,39.28,app,pickup,Completed
ORD-0190236,R-0434,2025-08-20,33.90,app,delivery,completed
ORD-0190237,R-0434,2025-08-02,22.98,app,delivery,completed
ORD-0190238,R-0434,2025-08-22,30.83,app,pickup,completed
ORD-0190239,R-0434,2025-08-30,26.71,app,pickup,completed
ORD-0190240,R-0434,2025-08-04,44.94,web,delivery,completed
ORD-0190241,R-0434,2025-08-09,31.53,app,pickup,completed
ORD-0190242,R-0434,2025-08-25,26.21,web,pickup,cancelled
ORD-0190243,R-0434,2025-08-23,38.03,app,pickup,COMPLETED
ORD-0190244,R-0434,2025-08-02,30.08,app,delivery,completed
ORD-0190245,R-0434,2025-08-08,29.07,web,pickup,completed
ORD-0190246,R-0434,2025-08-29,34.58,web,pickup,completed
ORD-0190247,R-0434,2025-08-03,36.16,app,delivery,completed
ORD-0190248,R-0434,2025-08-25,20.26,web,delivery,completed
ORD-0190249,R-0434,2025-08-17,21.90,app,delivery,completed
ORD-0190250,R-0434,2025-08-30,30.99,app,pickup,completed
ORD-0190251,R-0434,2025-08-29,19.28,app,delivery,completed
ORD-0190252,R-0434,2025-08-06,20.59,app,pickup,cancelled
ORD-0190253,R-0434,2025-08-01,65.98,app,delivery,completed
ORD-0190254,R-0434,2025-08-27,53.55,app,delivery,completed
ORD-0190255,R-0434,2025-08-16,28.67,app,delivery,completed
ORD-0190256,R-0434,2025-08-23,22.22,app,pickup,completed
ORD-0190257,R-0434,2025-08-08,22.24,web,pickup,completed
ORD-0190258,R-0434,2025-08-27,22.84,app,delivery,completed
ORD-0190259,R-0434,2025-08-16,27.01,app,delivery,completed
ORD-0190260,R-0434,2025-08-18,30.64,app,delivery,completed
ORD-0190261,R-0434,2025-08-02,34.29,web,delivery,completed
ORD-0190262,R-0434,2025-08-22,48.50,web,delivery,completed
ORD-0190263,R-0434,2025-08-23,22.43,app,delivery,completed
ORD-0190264,R-0434,2025-08-23,28.86,app,delivery,completed
ORD-0190265,R-0434,2025-08-25,19.73,app,delivery,completed
ORD-0190266,R-0434,2025-08-07,38.38,web,delivery,completed
ORD-0190267,R-0434,2025-08-28,45.74,app,delivery,completed
ORD-0190268,R-0434,2025-08-29,22.75,app,pickup,completed
ORD-0190269,R-0434,2025-08-03,26.03,web,delivery,completed
ORD-0190270,R-0434,2025-08-08,46.14,app,delivery,completed
ORD-0190271,R-0434,2025-08-10,17.04,web,delivery,completed
ORD-0190272,R-0434,2025-08-09,50.51,app,delivery,completed
ORD-0190273,R-0434,2025-08-21,33.66,app,pickup,completed
ORD-0190274,R-0434,2025-08-29,44.18,app,delivery,completed
ORD-0190275,R-0434,2025-08-30,37.62,app,delivery,completed
ORD-0190276,R-0434,2025-08-18,31.63,app,delivery,completed
ORD-0190277,R-0434,2025-08-30,36.85,web,delivery,completed
ORD-0190278,R-0434,2025-08-12,51.76,web,delivery,completed
ORD-0190279,R-0434,2025-08-22,34.16,app,pickup,CANCELLED
ORD-0191222,R-0436,2025-08-20,54.14,app,pickup,completed
ORD-0191223,R-0436,2025-08-03,25.51,app,delivery,completed
ORD-0191224,R-0436,2025-08-17,66.72,app,pickup,completed
ORD-0191225,R-0436,2025-08-16,74.76,web,delivery,Completed
ORD-0191226,R-0436,2025-08-27,62.91,app,pickup,completed
ORD-0191227,R-0436,2025-08-20,52.96,app,delivery,completed
ORD-0191228,R-0436,2025-08-15,48.69,app,pickup,completed
ORD-0191229,R-0436,2025-08-17,83.37,app,delivery,COMPLETED
ORD-0191230,R-0436,2025-08-25,67.35,app,delivery,completed
ORD-0191231,R-0436,2025-08-30,69.03,web,pickup,cancelled
ORD-0191232,R-0436,2025-08-29,52.37,app,delivery,completed
ORD-0191233,R-0436,2025-08-01,52.93,app,delivery,completed
ORD-0191234,R-0436,2025-08-24,85.49,app,delivery,completed
ORD-0191235,R-0436,2025-08-11,37.76,web,delivery,completed
ORD-0191236,R-0436,2025-08-17,84.85,web,pickup,completed
ORD-0191237,R-0436,2025-08-28,34.45,web,pickup,completed
ORD-0191238,R-0436,2025-08-10,52.11,app,delivery,completed
ORD-0192432,R-0445,2025-08-28,16.42,app,pickup,refunded
ORD-0192433,R-0445,2025-08-17,47.77,web,delivery,completed
ORD-0192434,R-0445,2025-08-30,31.20,app,delivery,completed
ORD-0192435,R-0445,2025-08-30,31.07,app,pickup,completed
ORD-0192436,R-0445,2025-08-16,12.66,app,pickup,COMPLETED
ORD-0192437,R-0445,2025-08-27,27.25,web,pickup,completed
ORD-0192438,R-0445,2025-08-03,19.62,web,pickup,completed
ORD-0192439,R-0445,2025-08-07,16.34,web,pickup,completed
ORD-0192440,R-0445,2025-08-08,25.80,app,pickup,completed
ORD-0192441,R-0445,2025-08-30,22.08,app,pickup,completed
ORD-0192442,R-0445,2025-08-15,37.60,app,delivery,completed
ORD-0192443,R-0445,2025-08-23,26.99,web,pickup,completed
ORD-0192444,R-0445,2025-08-02,28.20,app,delivery,completed
ORD-0192445,R-0445,2025-08-24,22.48,web,delivery,completed
ORD-0192446,R-0445,2025-08-05,29.56,app,delivery,completed
ORD-0192447,R-0445,2025-08-05,10.96,app,pickup,completed
ORD-0193229,R-0446,2025-08-07,52.31,app,pickup,completed
ORD-0193230,R-0446,2025-08-20,42.19,web,pickup,completed
ORD-0193231,R-0446,2025-08-01,37.08,web,delivery,completed
ORD-0193232,R-0446,2025-08-14,19.37,web,delivery,completed
ORD-0193233,R-0446,2025-08-29,56.64,app,pickup,completed
ORD-0193234,R-0446,2025-08-03,45.63,app,pickup,COMPLETED
ORD-0193235,R-0446,2025-08-26,48.77,app,delivery,completed
ORD-0193236,R-0446,2025-08-13,28.89,app,delivery,COMPLETED
ORD-0193237,R-0446,2025-08-18,46.32,app,delivery,completed
ORD-0193238,R-0446,2025-08-23,56.41,app,delivery,cancelled
ORD-0193239,R-0446,2025-08-26,72.95,app,delivery,completed
ORD-0193240,R-0446,2025-08-16,35.29,web,pickup,completed
ORD-0193241,R-0446,2025-08-11,24.05,app,pickup,completed
ORD-0193242,R-0446,2025-08-01,59.83,app,delivery,CANCELLED
ORD-0193243,R-0446,2025-08-02,52.15,app,pickup,completed
ORD-0193244,R-0446,2025-08-29,42.24,app,delivery,completed
ORD-0193245,R-0446,2025-08-01,43.67,web,delivery,completed
ORD-0193246,R-0446,2025-08-24,24.15,web,pickup,completed
ORD-0193247,R-0446,2025-08-01,30.23,web,pickup,completed
ORD-0193248,R-0446,2025-08-26,37.92,app,pickup,cancelled
ORD-0193249,R-0446,2025-08-26,38.65,app,pickup,completed
ORD-0193250,R-0446,2025-08-02,31.87,app,delivery,completed
ORD-0193251,R-0446,2025-08-02,67.84,app,pickup,completed
ORD-0193252,R-0446,2025-08-09,25.44,app,delivery,completed
ORD-0193253,R-0446,2025-08-29,52.47,app,delivery,Completed
ORD-0193254,R-0446,2025-08-25,33.63,app,delivery,completed
ORD-0193255,R-0446,2025-08-07,75.58,app,pickup,completed
ORD-0193256,R-0446,2025-08-11,35.70,app,pickup,completed
ORD-0193257,R-0446,2025-08-22,29.84,app,pickup,completed
ORD-0193258,R-0446,2025-08-09,62.37,app,delivery,completed
ORD-0193259,R-0446,2025-08-03,39.79,app,delivery,completed
ORD-0193260,R-0446,2025-08-04,53.92,web,delivery,completed
ORD-0193261,R-0446,2025-08-09,42.41,app,pickup,completed
ORD-0193262,R-0446,2025-08-02,22.00,app,delivery,completed
ORD-0193263,R-0446,2025-08-28,34.86,app,delivery,completed
ORD-0193264,R-0446,2025-08-06,37.85,web,delivery,COMPLETED
ORD-0193265,R-0446,2025-08-27,26.21,app,delivery,completed
ORD-0193266,R-0446,2025-08-15,21.19,app,delivery,Completed
ORD-0193267,R-0446,2025-08-15,27.74,app,delivery,completed
ORD-0193268,R-0446,2025-08-17,34.41,app,delivery,completed
ORD-0193269,R-0446,2025-08-30,48.47,web,pickup,COMPLETED
ORD-0193270,R-0446,2025-08-05,43.92,app,delivery,completed
ORD-0193271,R-0446,2025-08-22,51.93,app,pickup,completed
ORD-0193272,R-0446,2025-08-16,59.49,app,pickup,completed
ORD-0193273,R-0446,2025-08-22,40.98,web,delivery,completed
ORD-0193274,R-0446,2025-08-29,33.21,web,delivery,Completed
ORD-0193275,R-0446,2025-08-22,49.77,web,delivery,completed
ORD-0193276,R-0446,2025-08-03,39.29,app,delivery,completed
ORD-0193277,R-0446,2025-08-12,47.46,app,pickup,completed
ORD-0193278,R-0446,2025-08-21,42.90,web,delivery,completed
ORD-0193279,R-0446,2025-08-29,27.78,app,delivery,completed
ORD-0193280,R-0446,2025-08-13,67.01,web,pickup,completed
ORD-0193281,R-0446,2025-08-24,45.15,app,pickup,completed
ORD-0193282,R-0446,2025-08-03,41.13,app,delivery,completed
ORD-0193283,R-0446,2025-08-16,31.97,web,pickup,refunded
ORD-0193284,R-0446,2025-08-15,56.90,app,pickup,completed
ORD-0193285,R-0446,2025-08-19,37.64,app,pickup,COMPLETED
ORD-0193286,R-0446,2025-08-23,72.84,app,pickup,completed
ORD-0193287,R-0446,2025-08-30,19.17,app,pickup,completed
ORD-0193288,R-0446,2025-08-01,55.50,app,delivery,completed
ORD-0193289,R-0446,2025-08-22,55.78,web,delivery,completed
ORD-0193290,R-0446,2025-08-15,51.15,app,pickup,Completed
ORD-0193291,R-0446,2025-08-14,48.41,app,delivery,completed
ORD-0193292,R-0446,2025-08-10,61.84,app,delivery,completed
ORD-0193293,R-0446,2025-08-16,84.49,web,pickup,completed
ORD-0193294,R-0446,2025-08-25,33.96,web,delivery,refunded
ORD-0193295,R-0446,2025-08-19,39.28,app,pickup,completed
ORD-0193296,R-0446,2025-08-09,21.83,app,delivery,completed
ORD-0193297,R-0446,2025-08-30,71.64,app,pickup,completed
ORD-0193298,R-0446,2025-08-08,24.08,app,delivery,completed
ORD-0193299,R-0446,2025-08-14,34.51,app,delivery,completed
ORD-0193300,R-0446,2025-08-01,57.18,app,pickup,completed
ORD-0193301,R-0446,2025-08-23,61.63,web,delivery,completed
ORD-0193302,R-0446,2025-08-26,44.51,app,pickup,COMPLETED
ORD-0193303,R-0446,2025-08-23,37.74,app,delivery,Completed
ORD-0193304,R-0446,2025-08-22,83.60,app,pickup,completed
ORD-0193305,R-0446,2025-08-23,17.81,app,pickup,Completed
ORD-0193306,R-0446,2025-08-07,43.00,app,pickup,completed
ORD-0193307,R-0446,2025-08-01,24.39,app,delivery,completed
ORD-0193308,R-0446,2025-08-12,23.73,app,pickup,completed
ORD-0193309,R-0446,2025-08-11,39.97,app,delivery,completed
ORD-0193310,R-0446,2025-08-15,57.60,app,delivery,completed
ORD-0193311,R-0446,2025-08-23,36.66,app,pickup,completed
ORD-0193312,R-0446,2025-08-08,67.28,app,pickup,completed
ORD-0193313,R-0446,2025-08-27,42.83,app,pickup,completed
ORD-0193314,R-0446,2025-08-15,33.28,app,pickup,cancelled
ORD-0193315,R-0446,2025-08-04,20.66,app,pickup,completed
ORD-0193316,R-0446,2025-08-20,71.09,app,delivery,completed
ORD-0193317,R-0446,2025-08-11,22.45,web,pickup,completed
ORD-0193318,R-0446,2025-08-04,23.02,web,delivery,completed
ORD-0193319,R-0446,2025-08-18,33.33,app,pickup,completed
ORD-0193320,R-0446,2025-08-24,47.68,web,pickup,completed
ORD-0193321,R-0446,2025-08-23,59.91,app,delivery,completed
ORD-0193322,R-0446,2025-08-08,17.30,app,delivery,completed
ORD-0193323,R-0446,2025-08-12,34.07,web,delivery,completed
ORD-0193324,R-0446,2025-08-12,22.79,app,delivery,completed
ORD-0193325,R-0446,2025-08-25,20.93,web,delivery,completed
ORD-0193326,R-0446,2025-08-18,22.22,app,delivery,completed
ORD-0193327,R-0446,2025-08-06,25.74,app,delivery,completed
ORD-0193328,R-0446,2025-08-14,49.61,app,pickup,completed
ORD-0193329,R-0446,2025-08-04,30.12,web,delivery,completed
ORD-0193330,R-0446,2025-08-22,89.36,web,pickup,Completed
ORD-0193331,R-0446,2025-08-02,31.79,app,delivery,completed
ORD-0193332,R-0446,2025-08-13,38.21,app,pickup,COMPLETED
ORD-0193333,R-0446,2025-08-04,18.71,app,pickup,Completed
ORD-0193334,R-0446,2025-08-15,45.52,web,pickup,completed
ORD-0193335,R-0446,2025-08-11,21.20,app,delivery,completed
ORD-0193336,R-0446,2025-08-27,55.40,app,pickup,completed
ORD-0193337,R-0446,2025-08-06,31.20,app,delivery,completed
ORD-0193338,R-0446,2025-08-15,36.36,web,delivery,COMPLETED
ORD-0193339,R-0446,2025-08-16,21.03,app,pickup,completed
ORD-0193340,R-0446,2025-08-30,60.45,app,pickup,completed
ORD-0193341,R-0446,2025-08-01,35.37,app,delivery,Completed
ORD-0193342,R-0446,2025-08-12,34.46,app,delivery,completed
ORD-0193343,R-0446,2025-08-18,45.44,app,pickup,completed
ORD-0193344,R-0446,2025-08-17,30.32,app,delivery,Completed
ORD-0193345,R-0446,2025-08-23,41.11,app,delivery,completed
ORD-0193346,R-0446,2025-08-26,45.76,web,delivery,completed
ORD-0193347,R-0446,2025-08-18,53.32,app,delivery,completed
ORD-0193348,R-0446,2025-08-18,33.03,web,pickup,COMPLETED
ORD-0193349,R-0446,2025-08-24,57.73,app,pickup,COMPLETED
ORD-0193350,R-0446,2025-08-18,50.94,app,delivery,completed
ORD-0193351,R-0446,2025-08-21,34.35,web,pickup,COMPLETED
ORD-0193352,R-0446,2025-08-04,68.77,app,delivery,completed
ORD-0193353,R-0446,2025-08-25,66.11,web,delivery,COMPLETED
ORD-0193354,R-0446,2025-08-14,58.29,app,delivery,completed
ORD-0193355,R-0446,2025-08-22,40.96,web,pickup,completed
ORD-0193356,R-0446,2025-08-16,35.00,web,delivery,completed
ORD-0193357,R-0446,2025-08-07,20.82,web,delivery,completed
ORD-0193358,R-0446,2025-08-16,52.38,web,delivery,Completed
ORD-0193359,R-0446,2025-08-11,31.39,web,delivery,completed
ORD-0193360,R-0446,2025-08-22,58.52,app,delivery,completed
ORD-0193361,R-0446,2025-08-06,25.29,app,pickup,completed
ORD-0193362,R-0446,2025-08-21,58.16,app,delivery,completed
ORD-0193363,R-0446,2025-08-21,39.65,web,pickup,completed
ORD-0193364,R-0446,2025-08-09,49.41,app,pickup,completed
ORD-0193365,R-0446,2025-08-29,46.92,app,delivery,completed
ORD-0193366,R-0446,2025-08-22,31.62,app,pickup,completed
ORD-0193367,R-0446,2025-08-12,109.03,app,delivery,completed
ORD-0193368,R-0446,2025-08-16,56.66,web,pickup,completed
ORD-0193369,R-0446,2025-08-31,24.62,app,delivery,completed
ORD-0193370,R-0446,2025-08-22,30.29,app,delivery,Completed
ORD-0193371,R-0446,2025-08-15,71.65,app,delivery,COMPLETED
ORD-0193372,R-0446,2025-08-07,21.41,web,delivery,completed
ORD-0193373,R-0446,2025-08-14,97.48,app,delivery,completed
ORD-0193374,R-0446,2025-08-15,73.81,app,delivery,completed
ORD-0193375,R-0446,2025-08-18,20.91,app,pickup,refunded
ORD-0193376,R-0446,2025-08-17,44.07,web,pickup,completed
ORD-0193377,R-0446,2025-08-10,78.43,app,pickup,completed
ORD-0193378,R-0446,2025-08-07,32.73,web,delivery,Completed
ORD-0193379,R-0446,2025-08-12,19.71,app,pickup,COMPLETED
ORD-0193380,R-0446,2025-08-11,31.04,web,delivery,completed
ORD-0193381,R-0446,2025-08-16,28.46,web,pickup,completed
ORD-0193382,R-0446,2025-08-23,32.93,app,delivery,completed
ORD-0193383,R-0446,2025-08-10,45.92,app,pickup,completed
ORD-0193384,R-0446,2025-08-28,61.57,app,pickup,completed
ORD-0193385,R-0446,2025-08-09,83.20,web,delivery,completed
ORD-0193386,R-0446,2025-08-29,43.61,app,pickup,completed
ORD-0193387,R-0446,2025-08-02,42.97,web,pickup,Completed
ORD-0193388,R-0446,2025-08-27,31.01,app,pickup,completed
ORD-0193389,R-0446,2025-08-14,25.10,web,delivery,completed
ORD-0193390,R-0446,2025-08-24,21.06,app,delivery,COMPLETED
ORD-0193391,R-0446,2025-08-16,42.49,app,delivery,Completed
ORD-0193392,R-0446,2025-08-29,35.62,app,pickup,completed
ORD-0193393,R-0446,2025-08-09,17.80,web,pickup,cancelled
ORD-0193394,R-0446,2025-08-16,76.37,app,pickup,COMPLETED
ORD-0193395,R-0446,2025-08-01,36.58,web,delivery,completed
ORD-0196052,R-0447,2025-08-27,19.58,app,pickup,COMPLETED
ORD-0196053,R-0447,2025-08-30,21.17,app,delivery,completed
ORD-0196054,R-0447,2025-08-28,20.29,app,delivery,completed
ORD-0196055,R-0447,2025-08-30,8.24,app,delivery,completed
ORD-0196056,R-0447,2025-08-30,18.29,web,delivery,completed
ORD-0196057,R-0447,2025-08-31,26.15,web,delivery,completed
ORD-0196058,R-0447,2025-08-26,14.34,web,delivery,completed
ORD-0196059,R-0447,2025-08-30,26.95,app,pickup,refunded
ORD-0196060,R-0447,2025-08-29,22.09,app,pickup,Completed
ORD-0196061,R-0447,2025-08-30,24.17,app,delivery,completed
ORD-0199543,R-0451,2025-08-28,27.20,app,pickup,completed
ORD-0199544,R-0451,2025-08-11,65.78,app,pickup,completed
ORD-0199545,R-0451,2025-08-09,35.52,app,pickup,completed
ORD-0199546,R-0451,2025-08-08,18.77,app,delivery,Completed
ORD-0199547,R-0451,2025-08-26,21.55,web,delivery,completed
ORD-0199548,R-0451,2025-08-30,24.75,app,delivery,completed
ORD-0199549,R-0451,2025-08-25,51.05,web,delivery,completed
ORD-0199550,R-0451,2025-08-02,28.82,app,delivery,completed
ORD-0199551,R-0451,2025-08-24,40.66,app,delivery,completed
ORD-0199552,R-0451,2025-08-19,17.85,app,pickup,Completed
ORD-0199553,R-0451,2025-08-08,21.36,web,pickup,completed
ORD-0199554,R-0451,2025-08-09,28.78,app,delivery,completed
ORD-0199555,R-0451,2025-08-21,40.89,app,delivery,completed
ORD-0199556,R-0451,2025-08-08,22.57,app,delivery,completed
ORD-0199557,R-0451,2025-08-06,16.56,web,delivery,refunded
ORD-0199558,R-0451,2025-08-07,15.98,app,delivery,completed
ORD-0199559,R-0451,2025-08-16,52.58,app,pickup,completed
ORD-0199560,R-0451,2025-08-10,29.88,app,pickup,completed
ORD-0199561,R-0451,2025-08-10,17.76,app,pickup,completed
ORD-0199562,R-0451,2025-08-05,22.03,app,pickup,completed
ORD-0199563,R-0451,2025-08-18,52.36,web,pickup,completed
ORD-0199564,R-0451,2025-08-21,35.75,web,pickup,completed
ORD-0199565,R-0451,2025-08-30,30.32,app,delivery,completed
ORD-0199566,R-0451,2025-08-02,20.05,app,delivery,completed
ORD-0199567,R-0451,2025-08-31,22.92,app,pickup,completed
ORD-0199568,R-0451,2025-08-12,30.46,app,delivery,completed
ORD-0199569,R-0451,2025-08-13,23.27,app,pickup,completed
ORD-0199570,R-0451,2025-08-03,42.57,app,pickup,COMPLETED
ORD-0199571,R-0451,2025-08-09,60.62,app,pickup,completed
ORD-0199572,R-0451,2025-08-01,77.52,web,pickup,completed
ORD-0199573,R-0451,2025-08-18,64.60,app,pickup,completed
ORD-0199574,R-0451,2025-08-01,31.88,app,pickup,Completed
ORD-0199575,R-0451,2025-08-16,40.45,app,delivery,COMPLETED
ORD-0199576,R-0451,2025-08-04,68.52,web,pickup,completed
ORD-0199577,R-0451,2025-08-07,39.76,web,delivery,completed
ORD-0199578,R-0451,2025-08-15,43.84,app,delivery,completed
ORD-0199579,R-0451,2025-08-10,34.38,web,pickup,completed
ORD-0199580,R-0451,2025-08-12,13.68,app,delivery,completed
ORD-0199581,R-0451,2025-08-01,22.20,app,pickup,cancelled
ORD-0199582,R-0451,2025-08-02,43.71,app,delivery,Completed
ORD-0199583,R-0451,2025-08-31,32.24,web,pickup,completed
ORD-0199584,R-0451,2025-08-30,34.10,web,delivery,completed
ORD-0199585,R-0451,2025-08-25,31.43,web,pickup,completed
ORD-0199586,R-0451,2025-08-10,37.40,app,pickup,completed
ORD-0199587,R-0451,2025-08-01,31.88,app,pickup,completed
ORD-0199588,R-0451,2025-08-18,34.07,web,pickup,completed
ORD-0199589,R-0451,2025-08-20,20.31,web,pickup,completed
ORD-0199590,R-0451,2025-08-23,23.33,app,pickup,completed
ORD-0199591,R-0451,2025-08-13,49.03,app,pickup,cancelled
ORD-0199592,R-0451,2025-08-12,39.82,app,delivery,completed
ORD-0199593,R-0451,2025-08-09,35.19,app,pickup,refunded
ORD-0199594,R-0451,2025-08-16,72.73,web,pickup,completed
ORD-0199595,R-0451,2025-08-24,37.70,app,delivery,completed
ORD-0199596,R-0451,2025-08-21,32.90,app,delivery,completed
ORD-0199597,R-0451,2025-08-15,36.79,web,pickup,cancelled
ORD-0199598,R-0451,2025-08-03,36.66,app,pickup,COMPLETED
ORD-0199599,R-0451,2025-08-16,37.47,app,pickup,completed
ORD-0199600,R-0451,2025-08-06,23.77,web,delivery,completed
ORD-0199601,R-0451,2025-08-20,53.98,web,pickup,completed
ORD-0199602,R-0451,2025-08-25,29.86,app,delivery,completed
ORD-0199603,R-0451,2025-08-24,15.55,app,pickup,completed
ORD-0199604,R-0451,2025-08-02,31.73,app,delivery,completed
ORD-0199605,R-0451,2025-08-25,41.95,app,delivery,completed
ORD-0199606,R-0451,2025-08-30,63.83,web,delivery,completed
ORD-0199607,R-0451,2025-08-25,21.61,app,delivery,completed
ORD-0199608,R-0451,2025-08-10,29.09,app,delivery,completed
ORD-0199609,R-0451,2025-08-10,65.98,app,pickup,refunded
ORD-0199610,R-0451,2025-08-03,56.28,web,pickup,COMPLETED
ORD-0199611,R-0451,2025-08-01,38.45,app,pickup,completed
ORD-0199612,R-0451,2025-08-14,19.35,app,delivery,completed
ORD-0199613,R-0451,2025-08-21,16.25,app,pickup,completed
ORD-0199614,R-0451,2025-08-13,29.34,app,delivery,completed
ORD-0199615,R-0451,2025-08-15,21.95,web,delivery,completed
ORD-0199616,R-0451,2025-08-27,24.04,web,delivery,completed
ORD-0199617,R-0451,2025-08-22,20.56,web,delivery,completed
ORD-0199618,R-0451,2025-08-08,50.03,app,delivery,completed
ORD-0199619,R-0451,2025-08-09,34.42,web,pickup,completed
ORD-0199620,R-0451,2025-08-24,21.83,app,pickup,completed
ORD-0199621,R-0451,2025-08-22,25.16,web,pickup,completed
ORD-0199622,R-0451,2025-08-03,48.47,app,pickup,completed
ORD-0199623,R-0451,2025-08-28,36.35,web,delivery,completed
ORD-0199624,R-0451,2025-08-13,39.30,app,pickup,completed
ORD-0199625,R-0451,2025-08-29,23.32,app,pickup,completed
ORD-0199626,R-0451,2025-08-23,44.29,app,pickup,refunded
ORD-0199627,R-0451,2025-08-28,53.79,web,delivery,completed
ORD-0199628,R-0451,2025-08-18,49.79,app,delivery,completed
ORD-0201361,R-0454,2025-08-25,15.73,app,pickup,completed
ORD-0201362,R-0454,2025-08-30,30.84,app,delivery,completed
ORD-0201363,R-0454,2025-08-22,42.75,web,pickup,completed
ORD-0201364,R-0454,2025-08-01,19.44,web,delivery,completed
ORD-0201365,R-0454,2025-08-07,25.41,web,delivery,completed
ORD-0201366,R-0454,2025-08-09,33.75,app,delivery,completed
ORD-0201367,R-0454,2025-08-01,28.31,web,pickup,completed
ORD-0201368,R-0454,2025-08-08,28.34,web,delivery,completed
ORD-0201369,R-0454,2025-08-31,54.88,web,pickup,completed
ORD-0201370,R-0454,2025-08-06,25.36,app,pickup,completed
ORD-0201371,R-0454,2025-08-16,28.99,app,delivery,completed
ORD-0201372,R-0454,2025-08-06,20.76,web,pickup,completed
ORD-0201373,R-0454,2025-08-31,29.45,app,delivery,completed
ORD-0201374,R-0454,2025-08-02,87.24,app,delivery,COMPLETED
ORD-0201375,R-0454,2025-08-26,14.99,app,delivery,completed
ORD-0201376,R-0454,2025-08-02,29.31,app,pickup,COMPLETED
ORD-0201377,R-0454,2025-08-12,21.23,web,pickup,completed
ORD-0201378,R-0454,2025-08-23,26.45,app,pickup,Completed
ORD-0201379,R-0454,2025-08-14,52.79,app,pickup,completed
ORD-0201380,R-0454,2025-08-10,27.31,app,pickup,completed
ORD-0201381,R-0454,2025-08-28,20.25,app,delivery,completed
ORD-0201382,R-0454,2025-08-08,24.41,app,pickup,completed
ORD-0201383,R-0454,2025-08-20,37.46,app,delivery,COMPLETED
ORD-0201384,R-0454,2025-08-17,38.45,app,delivery,completed
ORD-0201385,R-0454,2025-08-12,26.66,web,delivery,completed
ORD-0201386,R-0454,2025-08-31,15.99,web,pickup,completed
ORD-0201387,R-0454,2025-08-09,41.53,app,pickup,COMPLETED
ORD-0201388,R-0454,2025-08-17,37.29,web,delivery,completed
ORD-0201389,R-0454,2025-08-03,38.32,app,delivery,completed
ORD-0201390,R-0454,2025-08-29,14.88,app,pickup,completed
ORD-0201391,R-0454,2025-08-08,22.48,web,delivery,completed
ORD-0201392,R-0454,2025-08-20,32.56,web,delivery,completed
ORD-0201393,R-0454,2025-08-01,30.70,app,pickup,completed
ORD-0201394,R-0454,2025-08-14,25.31,app,delivery,completed
ORD-0201395,R-0454,2025-08-09,44.83,app,pickup,completed
ORD-0201396,R-0454,2025-08-15,30.78,web,delivery,completed
ORD-0201397,R-0454,2025-08-21,33.08,app,pickup,completed
ORD-0201398,R-0454,2025-08-16,42.89,web,pickup,completed
ORD-0201399,R-0454,2025-08-30,36.08,web,delivery,completed
ORD-0201400,R-0454,2025-08-01,24.76,app,pickup,completed
ORD-0201401,R-0454,2025-08-20,19.11,web,pickup,completed
ORD-0201402,R-0454,2025-08-12,33.90,web,pickup,completed
ORD-0201403,R-0454,2025-08-03,19.12,web,delivery,completed
ORD-0201404,R-0454,2025-08-13,28.52,web,pickup,cancelled
ORD-0206031,R-0464,2025-08-06,64.40,app,delivery,completed
ORD-0206032,R-0464,2025-08-22,78.04,app,delivery,completed
ORD-0206033,R-0464,2025-08-22,67.15,app,pickup,completed
ORD-0206034,R-0464,2025-08-22,29.56,web,pickup,completed
ORD-0206035,R-0464,2025-08-23,52.84,app,pickup,completed
ORD-0206036,R-0464,2025-08-04,53.02,web,delivery,completed
ORD-0206037,R-0464,2025-08-26,48.59,web,pickup,completed
ORD-0206038,R-0464,2025-08-07,86.26,web,pickup,completed
ORD-0206039,R-0464,2025-08-17,30.19,app,pickup,completed
ORD-0206040,R-0464,2025-08-25,56.59,web,delivery,completed
ORD-0206041,R-0464,2025-08-08,77.98,app,pickup,completed
ORD-0206042,R-0464,2025-08-14,69.44,web,delivery,completed
ORD-0206043,R-0464,2025-08-29,43.33,app,delivery,completed
ORD-0206044,R-0464,2025-08-03,77.98,web,pickup,completed
ORD-0206045,R-0464,2025-08-30,76.54,web,pickup,completed
ORD-0206046,R-0464,2025-08-18,47.68,web,pickup,completed
ORD-0206047,R-0464,2025-08-30,36.20,app,pickup,completed
ORD-0206048,R-0464,2025-08-21,31.74,web,delivery,completed
ORD-0206049,R-0464,2025-08-19,45.43,app,pickup,completed
ORD-0206050,R-0464,2025-08-16,48.16,web,pickup,completed
ORD-0206051,R-0464,2025-08-13,68.10,app,pickup,completed
ORD-0206746,R-0466,2025-08-22,14.26,web,delivery,completed
ORD-0206747,R-0466,2025-08-15,25.74,app,delivery,completed
ORD-0206748,R-0466,2025-08-23,19.61,web,delivery,completed
ORD-0206749,R-0466,2025-08-11,17.41,web,delivery,completed
ORD-0206750,R-0466,2025-08-03,33.98,app,pickup,completed
ORD-0206751,R-0466,2025-08-17,33.01,web,delivery,cancelled
ORD-0206752,R-0466,2025-08-23,18.11,web,delivery,completed
ORD-0206753,R-0466,2025-08-09,24.03,web,pickup,COMPLETED
ORD-0206754,R-0466,2025-08-25,39.80,web,delivery,completed
ORD-0206755,R-0466,2025-08-21,20.50,web,pickup,completed
ORD-0206756,R-0466,2025-08-15,24.98,web,delivery,COMPLETED
ORD-0206757,R-0466,2025-08-01,25.03,app,delivery,completed
ORD-0206758,R-0466,2025-08-09,27.29,web,delivery,completed
ORD-0206759,R-0466,2025-08-04,27.82,web,delivery,completed
ORD-0206760,R-0466,2025-08-29,22.96,app,delivery,completed
ORD-0206761,R-0466,2025-08-03,41.01,web,delivery,completed
ORD-0206762,R-0466,2025-08-23,49.17,web,delivery,cancelled
ORD-0206763,R-0466,2025-08-26,31.66,web,delivery,Completed
ORD-0206764,R-0466,2025-08-13,28.65,web,delivery,completed
ORD-0206765,R-0466,2025-08-22,21.25,web,delivery,completed
ORD-0206766,R-0466,2025-08-29,35.63,app,delivery,completed
ORD-0206767,R-0466,2025-08-12,36.61,web,delivery,completed
ORD-0206768,R-0466,2025-08-02,25.98,app,delivery,completed
ORD-0206769,R-0466,2025-08-15,28.95,web,delivery,completed
ORD-0206770,R-0466,2025-08-24,29.16,web,delivery,completed
ORD-0206771,R-0466,2025-08-27,33.67,web,pickup,Completed
ORD-0206772,R-0466,2025-08-22,29.95,web,delivery,COMPLETED
ORD-0206773,R-0466,2025-08-29,21.70,app,delivery,completed
ORD-0206774,R-0466,2025-08-13,27.10,web,delivery,completed
ORD-0206775,R-0466,2025-08-22,18.43,app,delivery,cancelled
ORD-0206776,R-0466,2025-08-30,37.22,web,delivery,completed
ORD-0206777,R-0466,2025-08-24,36.01,web,pickup,completed
ORD-0206778,R-0466,2025-08-31,19.57,web,delivery,Completed
ORD-0206779,R-0466,2025-08-25,14.98,app,delivery,completed
ORD-0206780,R-0466,2025-08-09,31.71,web,delivery,completed
ORD-0206781,R-0466,2025-08-17,32.65,web,delivery,completed
ORD-0206782,R-0466,2025-08-02,23.67,web,delivery,COMPLETED
ORD-0206783,R-0466,2025-08-06,22.71,app,delivery,completed
ORD-0206784,R-0466,2025-08-15,25.08,web,delivery,completed
ORD-0206785,R-0466,2025-08-19,22.51,app,delivery,completed
ORD-0206786,R-0466,2025-08-09,21.18,app,pickup,completed
ORD-0206787,R-0466,2025-08-23,18.24,web,delivery,completed
ORD-0206788,R-0466,2025-08-05,12.32,web,delivery,COMPLETED
ORD-0206789,R-0466,2025-08-23,36.42,app,delivery,completed
ORD-0208034,R-0472,2025-08-23,11.85,web,pickup,completed
ORD-0208035,R-0472,2025-08-16,19.40,app,delivery,completed
ORD-0208036,R-0472,2025-08-09,24.80,app,delivery,completed
ORD-0208037,R-0472,2025-08-19,14.82,app,pickup,completed
ORD-0208038,R-0472,2025-08-23,21.96,app,pickup,completed
ORD-0208039,R-0472,2025-08-06,13.52,app,delivery,completed
ORD-0208040,R-0472,2025-08-29,39.66,app,delivery,COMPLETED
ORD-0208041,R-0472,2025-08-02,27.34,app,delivery,completed
ORD-0208042,R-0472,2025-08-25,15.62,app,delivery,completed
ORD-0208043,R-0472,2025-08-02,37.65,web,delivery,completed
ORD-0208044,R-0472,2025-08-19,34.95,web,delivery,completed
ORD-0208045,R-0472,2025-08-17,41.50,app,pickup,completed
ORD-0208046,R-0472,2025-08-31,27.78,app,pickup,completed
ORD-0208047,R-0472,2025-08-01,18.23,web,delivery,completed
ORD-0208048,R-0472,2025-08-03,28.35,web,delivery,completed
ORD-0208049,R-0472,2025-08-09,13.30,web,delivery,Completed
ORD-0208050,R-0472,2025-08-15,33.16,web,delivery,completed
ORD-0208051,R-0472,2025-08-24,14.42,web,delivery,refunded
ORD-0208052,R-0472,2025-08-01,28.87,web,delivery,completed
ORD-0208053,R-0472,2025-08-08,40.55,web,delivery,Completed
ORD-0208054,R-0472,2025-08-19,18.55,web,delivery,completed
ORD-0208055,R-0472,2025-08-02,41.85,web,pickup,completed
ORD-0208056,R-0472,2025-08-16,40.64,app,delivery,completed
ORD-0208057,R-0472,2025-08-22,56.25,app,delivery,refunded
ORD-0208058,R-0472,2025-08-23,23.37,web,delivery,completed
ORD-0208059,R-0472,2025-08-30,14.72,web,delivery,completed
ORD-0208060,R-0472,2025-08-16,26.45,web,delivery,completed
ORD-0208061,R-0472,2025-08-16,58.37,app,delivery,COMPLETED
ORD-0208062,R-0472,2025-08-05,23.17,web,delivery,completed
ORD-0208063,R-0472,2025-08-11,37.54,app,delivery,completed
ORD-0208064,R-0472,2025-08-16,23.32,web,delivery,completed
ORD-0208065,R-0472,2025-08-25,26.80,app,delivery,completed
ORD-0208066,R-0472,2025-08-30,24.05,web,delivery,cancelled
ORD-0208067,R-0472,2025-08-29,9.65,web,pickup,completed
ORD-0208068,R-0472,2025-08-26,39.96,app,delivery,completed
ORD-0208069,R-0472,2025-08-12,36.29,web,delivery,completed
ORD-0208070,R-0472,2025-08-12,19.12,app,delivery,COMPLETED
ORD-0208071,R-0472,2025-08-26,24.84,app,delivery,COMPLETED
ORD-0208072,R-0472,2025-08-02,61.02,web,pickup,completed
ORD-0208073,R-0472,2025-08-27,13.43,web,delivery,completed
ORD-0208074,R-0472,2025-08-02,29.74,app,delivery,completed
ORD-0208075,R-0472,2025-08-02,38.06,app,pickup,completed
ORD-0208076,R-0472,2025-08-15,15.01,web,delivery,Completed
ORD-0208077,R-0472,2025-08-11,12.66,web,delivery,completed
ORD-0208078,R-0472,2025-08-03,45.99,app,delivery,completed
ORD-0208079,R-0472,2025-08-29,37.00,web,delivery,completed
ORD-0208080,R-0472,2025-08-26,23.00,app,delivery,completed
ORD-0208081,R-0472,2025-08-09,73.45,web,delivery,COMPLETED
ORD-0208082,R-0472,2025-08-25,26.71,web,delivery,completed
ORD-0208083,R-0472,2025-08-17,35.05,web,delivery,completed
ORD-0208084,R-0472,2025-08-14,60.81,web,pickup,cancelled
ORD-0208085,R-0472,2025-08-17,56.82,app,delivery,completed
ORD-0208086,R-0472,2025-08-14,42.18,app,delivery,cancelled
ORD-0208087,R-0472,2025-08-17,23.52,web,delivery,completed
ORD-0208088,R-0472,2025-08-20,35.83,web,delivery,completed
ORD-0208089,R-0472,2025-08-14,39.80,app,delivery,completed
ORD-0208090,R-0472,2025-08-30,29.02,app,delivery,completed
ORD-0208091,R-0472,2025-08-17,36.81,web,delivery,completed
ORD-0208092,R-0472,2025-08-07,43.15,app,delivery,completed
ORD-0208093,R-0472,2025-08-20,19.52,app,delivery,completed
ORD-0208094,R-0472,2025-08-07,15.96,web,delivery,completed
ORD-0208095,R-0472,2025-08-12,40.40,app,delivery,completed
ORD-0208096,R-0472,2025-08-23,44.89,web,delivery,completed
ORD-0208097,R-0472,2025-08-22,21.40,web,delivery,completed
ORD-0208098,R-0472,2025-08-28,45.78,app,pickup,completed
ORD-0208099,R-0472,2025-08-22,30.36,app,pickup,COMPLETED
ORD-0208100,R-0472,2025-08-05,20.69,app,delivery,completed
ORD-0208101,R-0472,2025-08-11,28.42,app,delivery,COMPLETED
ORD-0212206,R-0487,2025-08-11,27.74,app,pickup,completed
ORD-0212207,R-0487,2025-08-30,42.19,app,delivery,cancelled
ORD-0212208,R-0487,2025-08-19,35.42,app,delivery,completed
ORD-0212209,R-0487,2025-08-01,37.53,web,delivery,completed
ORD-0212210,R-0487,2025-08-06,32.70,web,pickup,completed
ORD-0212211,R-0487,2025-08-08,39.34,web,delivery,completed
ORD-0212212,R-0487,2025-08-15,48.04,app,pickup,completed
ORD-0212213,R-0487,2025-08-01,57.66,app,pickup,completed
ORD-0212214,R-0487,2025-08-30,40.24,web,pickup,CANCELLED
ORD-0212215,R-0487,2025-08-08,28.56,web,delivery,Completed
ORD-0212216,R-0487,2025-08-29,17.75,web,pickup,completed
ORD-0212217,R-0487,2025-08-01,21.11,web,delivery,completed
ORD-0212218,R-0487,2025-08-23,41.71,app,delivery,completed
ORD-0212219,R-0487,2025-08-16,35.62,app,pickup,completed
ORD-0212220,R-0487,2025-08-22,110.96,app,delivery,completed
ORD-0212221,R-0487,2025-08-31,26.12,web,pickup,completed
ORD-0212222,R-0487,2025-08-26,17.42,web,pickup,completed
ORD-0212223,R-0487,2025-08-26,37.45,web,pickup,completed
ORD-0212224,R-0487,2025-08-01,17.19,app,pickup,completed
ORD-0212225,R-0487,2025-08-11,40.97,app,pickup,completed
ORD-0212226,R-0487,2025-08-26,26.43,web,delivery,completed
ORD-0212227,R-0487,2025-08-03,21.12,web,pickup,completed
ORD-0212228,R-0487,2025-08-31,26.74,web,pickup,completed
ORD-0212229,R-0487,2025-08-25,19.23,web,delivery,completed
ORD-0212230,R-0487,2025-08-16,36.36,app,delivery,completed
ORD-0212231,R-0487,2025-08-29,22.85,app,pickup,completed
ORD-0212232,R-0487,2025-08-09,10.45,app,delivery,completed
ORD-0212233,R-0487,2025-08-24,33.71,web,pickup,completed
ORD-0212234,R-0487,2025-08-06,36.56,web,pickup,completed
ORD-0212235,R-0487,2025-08-01,44.21,web,pickup,completed
ORD-0212236,R-0487,2025-08-21,52.47,web,delivery,completed
ORD-0212237,R-0487,2025-08-01,29.19,web,delivery,completed
ORD-0212238,R-0487,2025-08-25,44.96,web,delivery,completed
ORD-0212239,R-0487,2025-08-15,21.18,app,delivery,completed
ORD-0212240,R-0487,2025-08-13,47.69,web,delivery,completed
ORD-0212241,R-0487,2025-08-02,47.92,app,pickup,COMPLETED
ORD-0212242,R-0487,2025-08-22,22.41,web,pickup,completed
ORD-0212584,R-0488,2025-08-27,42.37,app,delivery,cancelled
ORD-0213638,R-0491,2025-08-13,25.35,app,pickup,completed
ORD-0213639,R-0491,2025-08-18,35.88,web,delivery,completed
ORD-0213640,R-0491,2025-08-31,31.42,web,pickup,completed
ORD-0213641,R-0491,2025-08-22,15.87,app,pickup,completed
ORD-0213642,R-0491,2025-08-01,14.22,app,delivery,completed
ORD-0213643,R-0491,2025-08-06,23.59,app,delivery,completed
ORD-0213644,R-0491,2025-08-07,18.75,web,pickup,completed
ORD-0213645,R-0491,2025-08-16,29.09,app,pickup,completed
ORD-0213646,R-0491,2025-08-15,21.36,web,delivery,completed
ORD-0213647,R-0491,2025-08-10,26.41,web,pickup,Completed
ORD-0213648,R-0491,2025-08-31,31.23,web,pickup,completed
ORD-0213649,R-0491,2025-08-22,27.01,web,pickup,completed
ORD-0213650,R-0491,2025-08-18,24.60,app,pickup,completed
ORD-0213651,R-0491,2025-08-08,22.48,web,pickup,completed
ORD-0213652,R-0491,2025-08-16,30.50,app,delivery,completed
ORD-0213653,R-0491,2025-08-21,26.92,app,pickup,completed
ORD-0213654,R-0491,2025-08-31,16.11,app,pickup,Completed
ORD-0213655,R-0491,2025-08-30,25.45,app,delivery,completed
ORD-0213656,R-0491,2025-08-31,20.42,web,pickup,completed
ORD-0213657,R-0491,2025-08-29,33.02,web,pickup,completed
ORD-0213658,R-0491,2025-08-08,34.15,app,delivery,completed
ORD-0213659,R-0491,2025-08-10,23.59,app,pickup,completed
ORD-0213660,R-0491,2025-08-24,30.65,app,pickup,completed
ORD-0213661,R-0491,2025-08-20,21.64,app,delivery,completed
ORD-0213662,R-0491,2025-08-29,39.46,web,delivery,cancelled
ORD-0213663,R-0491,2025-08-28,25.10,app,delivery,completed
ORD-0213664,R-0491,2025-08-31,21.14,app,pickup,Completed
ORD-0213665,R-0491,2025-08-08,29.31,app,pickup,completed
ORD-0213666,R-0491,2025-08-27,22.80,app,delivery,COMPLETED
ORD-0213667,R-0491,2025-08-11,37.32,app,pickup,completed
ORD-0213668,R-0491,2025-08-10,29.36,web,pickup,completed
ORD-0213669,R-0491,2025-08-03,30.28,app,pickup,Completed
ORD-0213670,R-0491,2025-08-10,30.93,app,pickup,completed
ORD-0213671,R-0491,2025-08-26,36.93,app,pickup,completed
ORD-0213672,R-0491,2025-08-11,22.93,web,pickup,completed
ORD-0213673,R-0491,2025-08-07,25.66,app,pickup,completed
ORD-0213674,R-0491,2025-08-03,34.88,web,pickup,completed
ORD-0213675,R-0491,2025-08-22,39.29,app,delivery,completed
ORD-0213676,R-0491,2025-08-10,37.68,web,pickup,completed
ORD-0213677,R-0491,2025-08-27,29.67,web,pickup,completed
ORD-0213678,R-0491,2025-08-03,24.48,web,pickup,Completed
ORD-0213679,R-0491,2025-08-03,21.93,app,delivery,completed
ORD-0213680,R-0491,2025-08-09,23.56,app,pickup,COMPLETED
ORD-0213681,R-0491,2025-08-17,32.96,web,pickup,completed
ORD-0213682,R-0491,2025-08-18,27.86,web,delivery,completed
ORD-0213683,R-0491,2025-08-04,19.12,app,pickup,completed
ORD-0215108,R-0495,2025-08-27,59.74,app,pickup,completed
ORD-0215109,R-0495,2025-08-15,76.27,app,pickup,completed
ORD-0215110,R-0495,2025-08-04,47.42,app,pickup,completed
ORD-0215111,R-0495,2025-08-29,48.89,app,pickup,completed
ORD-0215112,R-0495,2025-08-30,45.78,app,pickup,Completed
ORD-0215113,R-0495,2025-08-27,49.63,app,delivery,completed
ORD-0215114,R-0495,2025-08-28,47.20,app,delivery,completed
ORD-0215115,R-0495,2025-08-31,75.93,app,pickup,completed
ORD-0215116,R-0495,2025-08-03,49.06,app,delivery,completed
ORD-0215117,R-0495,2025-08-30,35.78,app,pickup,completed
ORD-0215118,R-0495,2025-08-02,67.77,app,delivery,Completed
ORD-0215119,R-0495,2025-08-24,70.04,app,delivery,completed
ORD-0215120,R-0495,2025-08-09,53.82,app,pickup,completed
ORD-0215121,R-0495,2025-08-08,67.03,web,pickup,COMPLETED
ORD-0215122,R-0495,2025-08-17,75.97,web,pickup,completed
ORD-0215123,R-0495,2025-08-09,63.79,app,pickup,completed
ORD-0215124,R-0495,2025-08-17,63.81,web,pickup,completed
ORD-0215125,R-0495,2025-08-13,40.52,app,delivery,completed
ORD-0215126,R-0495,2025-08-31,51.31,app,pickup,completed
ORD-0215127,R-0495,2025-08-15,84.72,app,pickup,completed
ORD-0215128,R-0495,2025-08-23,84.55,web,delivery,Completed
ORD-0215129,R-0495,2025-08-07,85.68,app,delivery,completed
ORD-0215130,R-0495,2025-08-22,80.22,web,pickup,completed
ORD-0215131,R-0495,2025-08-01,42.94,app,delivery,completed
ORD-0215132,R-0495,2025-08-17,67.96,web,delivery,completed
ORD-0215133,R-0495,2025-08-05,105.72,web,pickup,completed
ORD-0215134,R-0495,2025-08-13,40.54,app,pickup,completed
ORD-0215135,R-0495,2025-08-15,36.65,app,pickup,COMPLETED
ORD-0215136,R-0495,2025-08-11,91.16,app,pickup,completed
ORD-0215137,R-0495,2025-08-03,63.66,web,delivery,cancelled
ORD-0215138,R-0495,2025-08-17,34.16,app,delivery,COMPLETED
ORD-0215139,R-0495,2025-08-30,56.30,app,pickup,completed
ORD-0215140,R-0495,2025-08-02,62.69,app,pickup,completed
ORD-0215141,R-0495,2025-08-21,56.37,web,delivery,completed
ORD-0217756,R-0502,2025-08-13,20.45,app,delivery,completed
ORD-0217757,R-0502,2025-08-29,56.79,web,delivery,completed
ORD-0217758,R-0502,2025-08-27,21.62,app,pickup,completed
ORD-0217759,R-0502,2025-08-11,22.13,web,delivery,completed
ORD-0217760,R-0502,2025-08-01,22.70,app,delivery,cancelled
ORD-0217761,R-0502,2025-08-13,39.87,web,pickup,completed
ORD-0217762,R-0502,2025-08-29,36.50,app,delivery,completed
ORD-0217763,R-0502,2025-08-30,59.32,web,delivery,completed
ORD-0217764,R-0502,2025-08-30,33.56,web,pickup,COMPLETED
ORD-0218950,R-0510,2025-08-10,47.68,web,delivery,completed
ORD-0218951,R-0510,2025-08-04,44.77,app,delivery,completed
ORD-0218952,R-0510,2025-08-16,77.83,app,pickup,Completed
ORD-0218953,R-0510,2025-08-27,80.46,web,delivery,completed
ORD-0218954,R-0510,2025-08-03,66.41,app,pickup,completed
ORD-0218955,R-0510,2025-08-23,41.81,app,pickup,completed
ORD-0218956,R-0510,2025-08-22,63.03,app,pickup,completed
ORD-0218957,R-0510,2025-08-22,42.03,web,pickup,completed
ORD-0218958,R-0510,2025-08-30,76.96,web,delivery,completed
ORD-0218959,R-0510,2025-08-14,35.03,web,delivery,completed
ORD-0218960,R-0510,2025-08-09,34.30,app,delivery,Completed
ORD-0218961,R-0510,2025-08-09,44.17,app,delivery,Completed
ORD-0218962,R-0510,2025-08-12,81.06,web,delivery,Completed
ORD-0218963,R-0510,2025-08-01,86.20,web,delivery,completed
ORD-0218964,R-0510,2025-08-16,40.46,web,pickup,completed
ORD-0218965,R-0510,2025-08-11,79.13,app,delivery,completed
ORD-0218966,R-0510,2025-08-25,54.19,app,pickup,completed
ORD-0218967,R-0510,2025-08-28,77.85,app,pickup,completed
ORD-0218968,R-0510,2025-08-03,59.21,web,delivery,completed
ORD-0218969,R-0510,2025-08-21,70.42,app,delivery,completed
ORD-0218970,R-0510,2025-08-13,61.58,web,delivery,completed
ORD-0219778,R-0513,2025-08-23,16.73,app,delivery,cancelled
ORD-0219779,R-0513,2025-08-28,19.11,web,delivery,completed
ORD-0219780,R-0513,2025-08-02,21.54,app,delivery,completed
ORD-0219781,R-0513,2025-08-22,21.56,app,delivery,completed
ORD-0219782,R-0513,2025-08-03,29.61,app,delivery,completed
ORD-0219783,R-0513,2025-08-23,41.43,app,delivery,completed
ORD-0219784,R-0513,2025-08-21,36.22,web,delivery,completed
ORD-0219785,R-0513,2025-08-06,14.61,app,delivery,completed
ORD-0219786,R-0513,2025-08-02,25.08,app,pickup,completed
ORD-0219787,R-0513,2025-08-09,21.27,app,delivery,COMPLETED
ORD-0219788,R-0513,2025-08-22,25.19,app,pickup,completed
ORD-0219789,R-0513,2025-08-01,29.40,app,delivery,Completed
ORD-0219790,R-0513,2025-08-24,37.47,web,delivery,refunded
ORD-0219791,R-0513,2025-08-08,27.62,web,delivery,completed
ORD-0219792,R-0513,2025-08-07,14.21,app,delivery,COMPLETED
ORD-0219793,R-0513,2025-08-21,26.52,web,delivery,completed
ORD-0219794,R-0513,2025-08-22,20.77,app,delivery,completed
ORD-0219795,R-0513,2025-08-14,27.95,app,delivery,completed
ORD-0219796,R-0513,2025-08-27,24.11,app,delivery,completed
ORD-0219797,R-0513,2025-08-14,15.78,app,delivery,completed
ORD-0219798,R-0513,2025-08-26,19.19,app,delivery,completed
ORD-0219799,R-0513,2025-08-07,20.90,web,delivery,Cancelled
ORD-0219800,R-0513,2025-08-09,13.35,app,pickup,completed
ORD-0219801,R-0513,2025-08-23,29.06,app,delivery,completed
ORD-0219802,R-0513,2025-08-02,42.69,app,pickup,completed
ORD-0219803,R-0513,2025-08-05,17.65,web,pickup,completed
ORD-0219804,R-0513,2025-08-31,14.25,web,delivery,completed
ORD-0219805,R-0513,2025-08-02,21.78,app,delivery,completed
ORD-0219806,R-0513,2025-08-18,36.67,app,pickup,completed
ORD-0219807,R-0513,2025-08-13,18.90,app,delivery,completed
ORD-0219808,R-0513,2025-08-26,35.18,web,pickup,completed
ORD-0219809,R-0513,2025-08-20,23.57,web,delivery,completed
ORD-0219810,R-0513,2025-08-25,19.13,web,delivery,completed
ORD-0219811,R-0513,2025-08-05,32.93,app,pickup,completed
ORD-0219812,R-0513,2025-08-13,24.18,app,delivery,completed
ORD-0219813,R-0513,2025-08-31,12.81,app,delivery,completed
ORD-0219814,R-0513,2025-08-09,39.27,app,delivery,completed
ORD-0219815,R-0513,2025-08-12,16.46,app,delivery,completed
ORD-0219816,R-0513,2025-08-12,22.36,web,pickup,completed
ORD-0219817,R-0513,2025-08-09,21.98,app,delivery,COMPLETED
ORD-0219818,R-0513,2025-08-16,15.48,app,pickup,completed
ORD-0219819,R-0513,2025-08-27,27.69,web,delivery,completed
ORD-0219820,R-0513,2025-08-18,21.37,app,delivery,completed
ORD-0219821,R-0513,2025-08-06,22.51,app,delivery,completed
ORD-0219822,R-0513,2025-08-21,29.95,web,delivery,completed
ORD-0219823,R-0513,2025-08-03,39.27,app,delivery,COMPLETED
ORD-0219824,R-0513,2025-08-03,46.56,web,delivery,Completed
ORD-0219825,R-0513,2025-08-16,29.17,web,delivery,completed
ORD-0219826,R-0513,2025-08-27,19.47,app,delivery,completed
ORD-0219827,R-0513,2025-08-30,23.69,web,delivery,refunded
ORD-0219828,R-0513,2025-08-19,24.35,web,delivery,completed
ORD-0219829,R-0513,2025-08-02,40.78,web,pickup,Completed
ORD-0219830,R-0513,2025-08-15,28.90,app,delivery,completed
ORD-0219831,R-0513,2025-08-11,28.66,app,delivery,completed
ORD-0219832,R-0513,2025-08-31,21.44,app,delivery,completed
ORD-0219833,R-0513,2025-08-29,33.02,app,delivery,completed
ORD-0219834,R-0513,2025-08-12,26.15,app,delivery,COMPLETED
ORD-0219835,R-0513,2025-08-13,33.07,web,delivery,completed
ORD-0219836,R-0513,2025-08-05,26.15,app,delivery,completed
ORD-0219837,R-0513,2025-08-08,19.98,app,delivery,completed
ORD-0219838,R-0513,2025-08-29,28.05,web,delivery,completed
ORD-0219839,R-0513,2025-08-16,16.28,web,delivery,completed
ORD-0219840,R-0513,2025-08-17,20.48,web,delivery,completed
ORD-0219841,R-0513,2025-08-20,19.38,web,delivery,completed
ORD-0219842,R-0513,2025-08-24,18.15,web,delivery,completed
ORD-0219843,R-0513,2025-08-26,27.66,app,delivery,completed
ORD-0219844,R-0513,2025-08-24,47.96,app,delivery,completed
ORD-0219845,R-0513,2025-08-22,22.84,web,delivery,completed
ORD-0219846,R-0513,2025-08-19,18.64,app,delivery,completed
ORD-0219847,R-0513,2025-08-01,30.27,app,delivery,completed
ORD-0219848,R-0513,2025-08-29,41.70,web,pickup,completed
ORD-0219849,R-0513,2025-08-22,20.46,app,delivery,completed
ORD-0219850,R-0513,2025-08-28,20.24,app,delivery,completed
ORD-0219851,R-0513,2025-08-09,13.36,app,delivery,completed
ORD-0219852,R-0513,2025-08-15,19.58,app,pickup,COMPLETED
ORD-0219853,R-0513,2025-08-12,23.22,app,pickup,completed
ORD-0219854,R-0513,2025-08-12,24.54,app,pickup,completed
ORD-0219855,R-0513,2025-08-15,16.81,app,delivery,completed
ORD-0219856,R-0513,2025-08-27,18.51,app,delivery,completed
ORD-0219857,R-0513,2025-08-13,17.22,web,delivery,completed
ORD-0219858,R-0513,2025-08-07,14.45,app,delivery,completed
ORD-0219859,R-0513,2025-08-03,30.33,app,pickup,Completed
ORD-0219860,R-0513,2025-08-19,12.74,web,delivery,completed
ORD-0219861,R-0513,2025-08-16,29.51,app,pickup,refunded
ORD-0219862,R-0513,2025-08-07,24.80,web,delivery,completed
ORD-0219863,R-0513,2025-08-14,21.44,web,delivery,completed
ORD-0219864,R-0513,2025-08-09,29.73,web,delivery,completed
ORD-0219865,R-0513,2025-08-26,23.17,app,delivery,completed
ORD-0219866,R-0513,2025-08-24,26.17,web,delivery,completed
ORD-0219867,R-0513,2025-08-11,49.35,app,delivery,completed
ORD-0219868,R-0513,2025-08-30,21.83,app,delivery,completed
ORD-0219869,R-0513,2025-08-09,25.79,app,delivery,completed
ORD-0219870,R-0513,2025-08-09,30.98,app,delivery,completed
ORD-0219871,R-0513,2025-08-29,66.17,app,delivery,refunded
ORD-0219872,R-0513,2025-08-23,68.18,app,delivery,completed
ORD-0219873,R-0513,2025-08-02,27.13,web,delivery,completed
ORD-0219874,R-0513,2025-08-20,18.52,app,delivery,completed
ORD-0219875,R-0513,2025-08-09,34.89,app,delivery,completed
ORD-0219876,R-0513,2025-08-15,27.75,app,delivery,completed
ORD-0219877,R-0513,2025-08-04,21.23,app,delivery,completed
ORD-0219878,R-0513,2025-08-26,18.25,web,delivery,completed
ORD-0219879,R-0513,2025-08-02,34.56,app,delivery,completed
ORD-0219880,R-0513,2025-08-24,31.42,app,delivery,completed
ORD-0219881,R-0513,2025-08-02,34.93,web,delivery,completed
ORD-0219882,R-0513,2025-08-22,19.77,web,delivery,completed
ORD-0219883,R-0513,2025-08-18,22.91,app,delivery,completed
ORD-0219884,R-0513,2025-08-03,20.91,app,delivery,completed
ORD-0219885,R-0513,2025-08-15,26.41,app,pickup,completed
ORD-0219886,R-0513,2025-08-15,24.50,app,delivery,completed
ORD-0219887,R-0513,2025-08-12,24.58,app,delivery,completed
ORD-0222572,R-0519,2025-08-13,21.20,web,delivery,completed
ORD-0222573,R-0519,2025-08-22,11.73,app,delivery,COMPLETED
ORD-0222574,R-0519,2025-08-24,29.95,app,delivery,completed
ORD-0222575,R-0519,2025-08-21,30.70,web,delivery,completed
ORD-0222576,R-0519,2025-08-05,14.91,app,pickup,completed
ORD-0222577,R-0519,2025-08-23,14.41,app,pickup,completed
ORD-0222578,R-0519,2025-08-27,16.30,web,delivery,completed
ORD-0222579,R-0519,2025-08-01,26.25,web,delivery,cancelled
ORD-0222580,R-0519,2025-08-05,26.10,app,delivery,completed
ORD-0222581,R-0519,2025-08-25,18.52,web,pickup,completed
ORD-0222582,R-0519,2025-08-15,28.03,app,pickup,completed
ORD-0222583,R-0519,2025-08-27,19.59,web,pickup,completed
ORD-0222584,R-0519,2025-08-21,14.39,web,delivery,COMPLETED
ORD-0222585,R-0519,2025-08-14,15.14,app,delivery,completed
ORD-0222586,R-0519,2025-08-09,16.90,web,delivery,completed
ORD-0222587,R-0519,2025-08-28,24.84,app,pickup,completed
ORD-0222588,R-0519,2025-08-30,20.74,app,delivery,completed
ORD-0222589,R-0519,2025-08-08,19.05,app,delivery,completed
ORD-0222590,R-0519,2025-08-01,25.68,app,pickup,completed
ORD-0222591,R-0519,2025-08-24,15.42,web,delivery,Completed
ORD-0222592,R-0519,2025-08-25,10.56,web,delivery,completed
ORD-0222593,R-0519,2025-08-14,14.68,app,pickup,completed
ORD-0222594,R-0519,2025-08-27,11.36,web,pickup,COMPLETED
ORD-0222595,R-0519,2025-08-01,17.43,app,pickup,completed
ORD-0222596,R-0519,2025-08-09,14.53,app,pickup,completed
ORD-0222597,R-0519,2025-08-23,14.00,app,pickup,completed
ORD-0222598,R-0519,2025-08-20,18.39,app,pickup,cancelled
ORD-0222599,R-0519,2025-08-05,12.18,web,delivery,completed
ORD-0222600,R-0519,2025-08-09,12.20,app,pickup,completed
ORD-0222601,R-0519,2025-08-17,29.03,app,delivery,COMPLETED
ORD-0222602,R-0519,2025-08-30,24.36,app,delivery,completed
ORD-0222603,R-0519,2025-08-16,35.99,app,delivery,completed
ORD-0222604,R-0519,2025-08-06,12.03,web,pickup,completed
ORD-0222605,R-0519,2025-08-16,10.46,app,delivery,completed
ORD-0222606,R-0519,2025-08-07,10.08,app,delivery,COMPLETED
ORD-0222607,R-0519,2025-08-08,9.61,app,pickup,completed
ORD-0222608,R-0519,2025-08-22,12.93,web,delivery,completed
ORD-0222609,R-0519,2025-08-30,15.42,web,delivery,completed
ORD-0222610,R-0519,2025-08-31,36.58,app,delivery,completed
ORD-0222611,R-0519,2025-08-21,13.10,app,delivery,completed
ORD-0222612,R-0519,2025-08-16,26.02,app,delivery,completed
ORD-0222613,R-0519,2025-08-29,16.54,app,pickup,completed
ORD-0222614,R-0519,2025-08-28,15.02,web,pickup,completed
ORD-0222615,R-0519,2025-08-22,6.53,app,delivery,completed
ORD-0222616,R-0519,2025-08-13,23.59,app,pickup,completed
ORD-0222617,R-0519,2025-08-22,13.10,app,pickup,cancelled
ORD-0222618,R-0519,2025-08-22,21.73,app,delivery,completed
ORD-0222619,R-0519,2025-08-10,14.50,app,delivery,COMPLETED
ORD-0222620,R-0519,2025-08-13,26.06,web,delivery,completed
ORD-0222621,R-0519,2025-08-26,11.97,app,pickup,completed
ORD-0222622,R-0519,2025-08-06,12.56,app,delivery,completed
ORD-0222623,R-0519,2025-08-03,19.76,app,pickup,completed
ORD-0222624,R-0519,2025-08-10,13.22,app,delivery,completed
ORD-0222625,R-0519,2025-08-28,40.91,app,pickup,completed
ORD-0222626,R-0519,2025-08-22,20.43,app,delivery,completed
ORD-0222627,R-0519,2025-08-23,16.08,app,pickup,completed
ORD-0222628,R-0519,2025-08-19,19.95,app,delivery,completed
ORD-0222629,R-0519,2025-08-04,25.11,web,delivery,completed
ORD-0222630,R-0519,2025-08-21,59.40,app,delivery,completed
ORD-0222631,R-0519,2025-08-01,15.68,app,pickup,completed
ORD-0222632,R-0519,2025-08-25,17.35,app,delivery,completed
ORD-0222633,R-0519,2025-08-13,20.16,app,pickup,completed
ORD-0222634,R-0519,2025-08-09,26.66,app,delivery,completed
ORD-0222635,R-0519,2025-08-18,9.36,web,delivery,completed
ORD-0222636,R-0519,2025-08-23,18.07,web,pickup,completed
ORD-0222637,R-0519,2025-08-03,16.54,app,delivery,completed
ORD-0222638,R-0519,2025-08-02,15.96,app,pickup,completed
ORD-0222639,R-0519,2025-08-25,27.15,web,delivery,completed
ORD-0222640,R-0519,2025-08-17,14.17,web,pickup,COMPLETED
ORD-0222641,R-0519,2025-08-06,14.95,app,delivery,completed
ORD-0222642,R-0519,2025-08-24,28.84,app,pickup,completed
ORD-0222643,R-0519,2025-08-29,21.93,app,delivery,completed
ORD-0222644,R-0519,2025-08-13,25.41,app,delivery,completed
ORD-0222645,R-0519,2025-08-02,26.38,app,delivery,completed
ORD-0222646,R-0519,2025-08-19,12.32,app,pickup,completed
ORD-0222647,R-0519,2025-08-16,23.56,app,delivery,completed
ORD-0222648,R-0519,2025-08-29,23.02,web,pickup,completed
ORD-0222649,R-0519,2025-08-24,12.57,web,delivery,completed
ORD-0222650,R-0519,2025-08-23,22.57,app,delivery,completed
ORD-0222651,R-0519,2025-08-07,21.31,web,delivery,completed
ORD-0222652,R-0519,2025-08-10,12.99,app,pickup,completed
ORD-0222653,R-0519,2025-08-04,10.36,app,delivery,completed
ORD-0222654,R-0519,2025-08-08,37.20,app,pickup,cancelled
ORD-0222655,R-0519,2025-08-09,14.03,app,delivery,completed
ORD-0222656,R-0519,2025-08-01,15.42,app,delivery,completed
ORD-0222657,R-0519,2025-08-06,17.30,app,delivery,completed
ORD-0222658,R-0519,2025-08-30,13.38,app,delivery,completed
ORD-0222659,R-0519,2025-08-07,11.03,app,delivery,completed
ORD-0222660,R-0519,2025-08-27,18.25,app,delivery,completed
ORD-0222661,R-0519,2025-08-10,12.54,web,pickup,completed
ORD-0222662,R-0519,2025-08-05,12.94,app,delivery,completed
ORD-0222663,R-0519,2025-08-18,19.59,app,delivery,completed
ORD-0222664,R-0519,2025-08-30,10.34,app,delivery,Completed
ORD-0222665,R-0519,2025-08-03,15.68,web,delivery,completed
ORD-0222666,R-0519,2025-08-11,10.74,app,pickup,COMPLETED
ORD-0222667,R-0519,2025-08-31,13.85,app,pickup,completed
ORD-0224435,R-0523,2025-08-03,18.96,web,pickup,Completed
ORD-0224436,R-0523,2025-08-15,12.84,web,delivery,completed
ORD-0224437,R-0523,2025-08-14,26.85,web,pickup,completed
ORD-0224438,R-0523,2025-08-22,34.85,app,pickup,completed
ORD-0224439,R-0523,2025-08-07,28.88,web,delivery,Completed
ORD-0224440,R-0523,2025-08-26,32.45,app,delivery,refunded
ORD-0224441,R-0523,2025-08-11,28.38,web,delivery,completed
ORD-0224442,R-0523,2025-08-30,29.89,web,pickup,completed
ORD-0224443,R-0523,2025-08-06,27.67,web,delivery,completed
ORD-0224444,R-0523,2025-08-01,25.51,app,delivery,completed
ORD-0224445,R-0523,2025-08-19,12.86,web,delivery,completed
ORD-0224446,R-0523,2025-08-02,27.43,app,delivery,completed
ORD-0224447,R-0523,2025-08-22,40.43,web,delivery,completed
ORD-0224448,R-0523,2025-08-31,16.40,web,pickup,completed
ORD-0224449,R-0523,2025-08-02,24.57,web,pickup,completed
ORD-0224450,R-0523,2025-08-29,24.43,web,delivery,completed
ORD-0224451,R-0523,2025-08-17,16.87,web,delivery,completed
ORD-0224452,R-0523,2025-08-30,16.96,app,pickup,refunded
ORD-0224453,R-0523,2025-08-22,23.21,web,delivery,completed
ORD-0224454,R-0523,2025-08-02,35.58,app,pickup,completed
ORD-0224455,R-0523,2025-08-02,34.56,web,pickup,completed
ORD-0224456,R-0523,2025-08-04,28.54,web,pickup,completed
ORD-0224457,R-0523,2025-08-13,25.65,web,delivery,completed
ORD-0224458,R-0523,2025-08-07,21.10,app,delivery,completed
ORD-0225131,R-0525,2025-08-23,29.87,web,delivery,Completed
ORD-0225132,R-0525,2025-08-18,17.19,web,delivery,completed
ORD-0225133,R-0525,2025-08-22,51.82,web,delivery,Completed
ORD-0225134,R-0525,2025-08-11,40.72,app,pickup,completed
ORD-0225135,R-0525,2025-08-07,28.65,web,delivery,completed
ORD-0225136,R-0525,2025-08-12,32.80,app,delivery,completed
ORD-0225137,R-0525,2025-08-08,54.33,app,pickup,completed
ORD-0225138,R-0525,2025-08-31,32.15,app,delivery,Cancelled
ORD-0225139,R-0525,2025-08-17,12.27,web,delivery,completed
ORD-0225140,R-0525,2025-08-22,34.72,web,delivery,COMPLETED
ORD-0225141,R-0525,2025-08-16,19.65,web,delivery,completed
ORD-0225142,R-0525,2025-08-23,35.48,app,delivery,completed
ORD-0225143,R-0525,2025-08-22,30.15,web,delivery,completed
ORD-0225144,R-0525,2025-08-30,12.80,app,delivery,completed
ORD-0225145,R-0525,2025-08-28,19.36,web,delivery,completed
ORD-0225146,R-0525,2025-08-04,31.70,app,pickup,completed
ORD-0225147,R-0525,2025-08-16,26.92,web,pickup,completed
ORD-0225148,R-0525,2025-08-04,52.23,web,delivery,completed
ORD-0225149,R-0525,2025-08-24,13.48,app,delivery,completed
ORD-0225150,R-0525,2025-08-19,12.42,web,delivery,completed
ORD-0225151,R-0525,2025-08-12,38.86,web,delivery,refunded
ORD-0225152,R-0525,2025-08-10,27.05,app,pickup,cancelled
ORD-0225153,R-0525,2025-08-30,23.50,web,delivery,completed
ORD-0225154,R-0525,2025-08-31,34.86,app,delivery,completed
ORD-0225155,R-0525,2025-08-16,36.06,app,delivery,completed
ORD-0225156,R-0525,2025-08-23,15.25,app,pickup,completed
ORD-0225157,R-0525,2025-08-09,31.05,app,pickup,completed
ORD-0225158,R-0525,2025-08-15,23.24,web,delivery,completed
ORD-0225159,R-0525,2025-08-02,21.28,app,delivery,completed
ORD-0225160,R-0525,2025-08-13,27.60,app,pickup,completed
ORD-0225161,R-0525,2025-08-05,31.89,app,pickup,completed
ORD-0225162,R-0525,2025-08-23,20.20,web,delivery,completed
ORD-0225163,R-0525,2025-08-19,19.40,web,pickup,completed
ORD-0225164,R-0525,2025-08-22,30.23,app,pickup,completed
ORD-0225165,R-0525,2025-08-24,22.01,web,delivery,completed
ORD-0225166,R-0525,2025-08-05,29.27,app,pickup,completed
ORD-0225167,R-0525,2025-08-03,14.31,app,pickup,completed
ORD-0225168,R-0525,2025-08-03,54.38,web,pickup,completed
ORD-0225169,R-0525,2025-08-22,23.22,web,pickup,completed
ORD-0225170,R-0525,2025-08-20,10.40,web,delivery,completed
ORD-0225171,R-0525,2025-08-28,38.62,app,delivery,Completed
ORD-0225172,R-0525,2025-08-26,22.35,app,delivery,completed
ORD-0225173,R-0525,2025-08-25,18.67,web,pickup,completed
ORD-0225174,R-0525,2025-08-06,18.78,web,delivery,completed
ORD-0225175,R-0525,2025-08-01,42.85,web,delivery,completed
ORD-0225176,R-0525,2025-08-24,50.75,web,delivery,completed
ORD-0225177,R-0525,2025-08-24,23.75,app,delivery,completed
ORD-0225178,R-0525,2025-08-16,19.78,app,delivery,completed
ORD-0225179,R-0525,2025-08-03,35.24,web,delivery,Completed
ORD-0225180,R-0525,2025-08-01,32.13,app,pickup,completed
ORD-0225181,R-0525,2025-08-18,20.25,app,pickup,completed
ORD-0225182,R-0525,2025-08-01,25.77,app,delivery,completed
ORD-0225183,R-0525,2025-08-20,19.01,app,pickup,completed
ORD-0225184,R-0525,2025-08-22,29.88,web,delivery,completed
ORD-0225185,R-0525,2025-08-17,48.48,app,delivery,completed
ORD-0225186,R-0525,2025-08-25,32.27,app,pickup,completed
ORD-0225187,R-0525,2025-08-05,15.28,web,pickup,completed
ORD-0225188,R-0525,2025-08-28,37.50,web,pickup,Completed
ORD-0225189,R-0525,2025-08-01,27.04,app,delivery,completed
ORD-0225190,R-0525,2025-08-05,30.82,web,delivery,completed
ORD-0225191,R-0525,2025-08-16,47.37,app,delivery,completed
ORD-0225192,R-0525,2025-08-23,21.38,app,pickup,completed
ORD-0225193,R-0525,2025-08-11,7.69,app,delivery,completed
ORD-0225194,R-0525,2025-08-23,25.74,app,delivery,completed
ORD-0225195,R-0525,2025-08-07,19.39,web,delivery,completed
ORD-0225196,R-0525,2025-08-20,21.36,app,delivery,cancelled
ORD-0225197,R-0525,2025-08-02,40.65,app,pickup,completed
ORD-0225198,R-0525,2025-08-12,42.29,web,delivery,completed
ORD-0225199,R-0525,2025-08-25,31.16,app,pickup,Completed
ORD-0225200,R-0525,2025-08-03,22.20,web,delivery,completed
ORD-0225201,R-0525,2025-08-21,20.03,app,pickup,completed
ORD-0225202,R-0525,2025-08-16,35.55,app,pickup,COMPLETED
ORD-0225203,R-0525,2025-08-06,20.73,app,pickup,Completed
ORD-0225204,R-0525,2025-08-09,37.76,web,delivery,completed
ORD-0225205,R-0525,2025-08-18,27.91,app,delivery,completed
ORD-0225206,R-0525,2025-08-22,53.48,app,pickup,completed
ORD-0225207,R-0525,2025-08-22,27.99,app,delivery,completed
ORD-0225208,R-0525,2025-08-24,60.46,app,delivery,refunded
ORD-0225209,R-0525,2025-08-16,44.06,web,delivery,completed
ORD-0225210,R-0525,2025-08-07,10.75,web,delivery,completed
ORD-0225211,R-0525,2025-08-07,54.20,web,pickup,completed
ORD-0226067,R-0526,2025-08-01,30.39,web,pickup,completed
ORD-0226068,R-0526,2025-08-20,17.26,web,delivery,completed
ORD-0226069,R-0526,2025-08-29,33.65,app,delivery,completed
ORD-0226070,R-0526,2025-08-02,27.41,app,delivery,completed
ORD-0226071,R-0526,2025-08-15,30.64,web,pickup,Completed
ORD-0226072,R-0526,2025-08-05,32.30,app,delivery,completed
ORD-0226073,R-0526,2025-08-02,23.77,app,pickup,completed
ORD-0226074,R-0526,2025-08-20,47.29,web,delivery,completed
ORD-0226075,R-0526,2025-08-12,23.04,app,delivery,Completed
ORD-0226076,R-0526,2025-08-07,22.78,web,delivery,completed
ORD-0226077,R-0526,2025-08-09,17.38,app,pickup,completed
ORD-0226078,R-0526,2025-08-17,36.09,web,delivery,completed
ORD-0226079,R-0526,2025-08-09,35.12,app,pickup,completed
ORD-0226080,R-0526,2025-08-16,28.79,app,delivery,completed
ORD-0226081,R-0526,2025-08-26,23.99,web,pickup,completed
ORD-0226082,R-0526,2025-08-21,24.65,web,pickup,completed
ORD-0226083,R-0526,2025-08-05,49.67,app,pickup,completed
ORD-0226084,R-0526,2025-08-24,30.49,app,delivery,completed
ORD-0226085,R-0526,2025-08-03,27.74,web,pickup,completed
ORD-0226086,R-0526,2025-08-21,26.12,web,delivery,completed
ORD-0226087,R-0526,2025-08-29,30.67,app,pickup,COMPLETED
ORD-0226088,R-0526,2025-08-01,26.36,web,delivery,cancelled
ORD-0226089,R-0526,2025-08-03,22.25,web,delivery,completed
ORD-0226090,R-0526,2025-08-18,35.25,web,pickup,completed
ORD-0226091,R-0526,2025-08-02,28.84,web,delivery,completed
ORD-0227620,R-0531,2025-08-28,25.08,web,delivery,completed
ORD-0227621,R-0531,2025-08-15,38.47,web,delivery,completed
ORD-0227622,R-0531,2025-08-03,28.27,web,pickup,completed
ORD-0227623,R-0531,2025-08-03,32.54,app,pickup,completed
ORD-0227624,R-0531,2025-08-17,52.37,web,pickup,completed
ORD-0227625,R-0531,2025-08-14,23.20,app,pickup,completed
ORD-0227626,R-0531,2025-08-02,28.66,app,delivery,completed
ORD-0227627,R-0531,2025-08-14,44.51,web,delivery,completed
ORD-0227628,R-0531,2025-08-16,47.04,web,delivery,completed
ORD-0227629,R-0531,2025-08-30,36.57,web,delivery,completed
ORD-0227630,R-0531,2025-08-25,42.09,web,delivery,completed
ORD-0227631,R-0531,2025-08-02,22.26,web,delivery,completed
ORD-0227632,R-0531,2025-08-02,38.52,web,pickup,completed
ORD-0227633,R-0531,2025-08-15,47.64,web,delivery,completed
ORD-0227634,R-0531,2025-08-14,46.97,web,pickup,completed
ORD-0227635,R-0531,2025-08-28,12.92,web,delivery,COMPLETED
ORD-0227636,R-0531,2025-08-29,58.36,web,pickup,completed
ORD-0227637,R-0531,2025-08-10,29.82,web,pickup,completed
ORD-0227638,R-0531,2025-08-02,50.81,app,delivery,completed
ORD-0227639,R-0531,2025-08-21,51.07,web,delivery,completed
ORD-0227640,R-0531,2025-08-01,26.96,web,delivery,completed
ORD-0227641,R-0531,2025-08-26,24.33,web,pickup,completed
ORD-0227642,R-0531,2025-08-10,18.04,web,delivery,completed
ORD-0227643,R-0531,2025-08-08,32.00,app,delivery,completed
ORD-0227644,R-0531,2025-08-31,20.07,web,pickup,completed
ORD-0227645,R-0531,2025-08-15,15.35,web,delivery,completed
ORD-0227646,R-0531,2025-08-02,20.43,app,pickup,completed
ORD-0228027,R-0533,2025-08-10,35.93,web,pickup,completed
ORD-0228028,R-0533,2025-08-20,41.67,web,delivery,completed
ORD-0228029,R-0533,2025-08-28,27.29,web,delivery,completed
ORD-0228030,R-0533,2025-08-20,17.27,web,delivery,completed
ORD-0228031,R-0533,2025-08-10,22.11,app,delivery,completed
ORD-0228032,R-0533,2025-08-01,16.92,app,delivery,completed
ORD-0228033,R-0533,2025-08-28,29.83,web,delivery,completed
ORD-0228034,R-0533,2025-08-25,43.99,app,delivery,completed
ORD-0228035,R-0533,2025-08-29,33.98,web,delivery,cancelled
ORD-0228036,R-0533,2025-08-05,15.16,web,pickup,completed
ORD-0228037,R-0533,2025-08-03,37.46,app,delivery,completed
ORD-0228038,R-0533,2025-08-25,46.94,web,delivery,COMPLETED
ORD-0228039,R-0533,2025-08-07,20.60,web,pickup,completed
ORD-0228040,R-0533,2025-08-15,23.79,web,delivery,COMPLETED
ORD-0228041,R-0533,2025-08-02,29.80,web,delivery,completed
ORD-0228042,R-0533,2025-08-28,6.81,web,pickup,Completed
ORD-0228043,R-0533,2025-08-03,19.10,web,pickup,completed
ORD-0228044,R-0533,2025-08-17,47.49,web,delivery,completed
ORD-0228045,R-0533,2025-08-03,33.01,app,pickup,completed
ORD-0228046,R-0533,2025-08-16,30.54,web,delivery,completed
ORD-0228047,R-0533,2025-08-09,57.88,app,pickup,Completed
ORD-0228048,R-0533,2025-08-22,27.03,web,pickup,completed
ORD-0228049,R-0533,2025-08-09,33.62,web,delivery,cancelled
ORD-0228050,R-0533,2025-08-08,21.42,web,delivery,completed
ORD-0228051,R-0533,2025-08-29,15.62,web,delivery,completed
ORD-0228052,R-0533,2025-08-31,28.02,web,delivery,completed
ORD-0228053,R-0533,2025-08-12,28.37,web,pickup,completed
ORD-0228054,R-0533,2025-08-30,48.32,web,delivery,completed
ORD-0228055,R-0533,2025-08-22,20.20,web,delivery,completed
ORD-0228056,R-0533,2025-08-23,20.26,web,delivery,completed
ORD-0228057,R-0533,2025-08-15,11.11,web,pickup,completed
ORD-0228058,R-0533,2025-08-26,38.01,web,delivery,completed
ORD-0228059,R-0533,2025-08-22,23.87,web,delivery,completed
ORD-0228060,R-0533,2025-08-24,32.03,web,pickup,completed
ORD-0228061,R-0533,2025-08-09,44.20,web,delivery,completed
ORD-0228062,R-0533,2025-08-09,19.40,web,delivery,COMPLETED
ORD-0228063,R-0533,2025-08-31,27.87,app,delivery,completed
ORD-0228064,R-0533,2025-08-07,14.81,web,delivery,completed
ORD-0228065,R-0533,2025-08-27,38.10,app,delivery,completed
ORD-0228066,R-0533,2025-08-15,23.46,app,delivery,completed
ORD-0228067,R-0533,2025-08-06,20.36,web,pickup,completed
ORD-0228068,R-0533,2025-08-02,24.26,web,delivery,completed
ORD-0228069,R-0533,2025-08-09,23.25,web,delivery,completed
ORD-0228070,R-0533,2025-08-29,57.86,web,pickup,completed
ORD-0228071,R-0533,2025-08-15,30.17,web,delivery,COMPLETED
ORD-0228072,R-0533,2025-08-05,26.85,web,delivery,completed
ORD-0228073,R-0533,2025-08-09,37.50,app,pickup,completed
ORD-0228074,R-0533,2025-08-02,27.88,web,delivery,completed
ORD-0228075,R-0533,2025-08-13,28.15,web,delivery,completed
ORD-0228076,R-0533,2025-08-25,76.35,web,delivery,completed
ORD-0228077,R-0533,2025-08-08,29.85,web,delivery,refunded
ORD-0228078,R-0533,2025-08-06,23.80,web,delivery,completed
ORD-0228079,R-0533,2025-08-24,24.09,web,pickup,completed
ORD-0228080,R-0533,2025-08-08,17.28,web,delivery,Completed
ORD-0228081,R-0533,2025-08-12,30.95,web,delivery,completed
ORD-0228082,R-0533,2025-08-08,21.03,web,delivery,completed
ORD-0229235,R-0535,2025-08-12,42.96,app,delivery,completed
ORD-0229236,R-0535,2025-08-29,20.01,app,pickup,completed
ORD-0229237,R-0535,2025-08-22,22.59,app,pickup,completed
ORD-0229238,R-0535,2025-08-16,31.57,web,pickup,completed
ORD-0229239,R-0535,2025-08-31,30.02,app,delivery,completed
ORD-0229240,R-0535,2025-08-25,14.98,app,delivery,completed
ORD-0229241,R-0535,2025-08-10,23.77,app,pickup,completed
ORD-0229242,R-0535,2025-08-24,38.32,web,pickup,Completed
ORD-0229243,R-0535,2025-08-11,27.81,app,pickup,COMPLETED
ORD-0229244,R-0535,2025-08-24,22.15,web,pickup,completed
ORD-0229245,R-0535,2025-08-29,34.25,web,pickup,completed
ORD-0229246,R-0535,2025-08-24,19.75,app,delivery,completed
ORD-0229247,R-0535,2025-08-16,33.38,app,pickup,completed
ORD-0229248,R-0535,2025-08-14,20.21,app,pickup,Completed
ORD-0229249,R-0535,2025-08-11,27.77,web,pickup,completed
ORD-0229250,R-0535,2025-08-09,44.26,web,pickup,completed
ORD-0229251,R-0535,2025-08-20,32.63,app,pickup,completed
ORD-0229252,R-0535,2025-08-13,27.60,app,delivery,completed
ORD-0229253,R-0535,2025-08-24,25.49,app,pickup,completed
ORD-0229254,R-0535,2025-08-10,14.61,web,delivery,Completed
ORD-0229255,R-0535,2025-08-21,24.52,app,pickup,completed
ORD-0229256,R-0535,2025-08-15,46.64,app,delivery,completed
ORD-0229257,R-0535,2025-08-22,17.65,app,pickup,completed
ORD-0229258,R-0535,2025-08-31,27.38,app,pickup,completed
ORD-0229259,R-0535,2025-08-21,24.16,web,pickup,completed
ORD-0229260,R-0535,2025-08-19,33.68,app,delivery,completed
ORD-0229261,R-0535,2025-08-23,35.86,app,pickup,completed
ORD-0229262,R-0535,2025-08-30,19.04,web,pickup,completed
ORD-0229263,R-0535,2025-08-14,29.69,web,pickup,completed
ORD-0229264,R-0535,2025-08-09,22.06,web,pickup,Completed
ORD-0229265,R-0535,2025-08-16,36.61,web,delivery,completed
ORD-0229266,R-0535,2025-08-29,16.34,app,pickup,completed
ORD-0229267,R-0535,2025-08-27,18.70,web,pickup,completed
ORD-0229268,R-0535,2025-08-09,24.82,app,pickup,completed
ORD-0229269,R-0535,2025-08-15,21.67,web,delivery,completed
ORD-0229270,R-0535,2025-08-10,36.24,web,delivery,completed
ORD-0229271,R-0535,2025-08-24,34.07,web,delivery,completed
ORD-0229272,R-0535,2025-08-30,72.70,app,delivery,completed
ORD-0229273,R-0535,2025-08-30,18.08,app,pickup,Completed
ORD-0229274,R-0535,2025-08-27,32.92,web,pickup,completed
ORD-0229772,R-0536,2025-08-27,13.86,app,delivery,completed
ORD-0229773,R-0536,2025-08-08,27.40,app,delivery,completed
ORD-0229774,R-0536,2025-08-09,27.74,app,delivery,completed
ORD-0229775,R-0536,2025-08-19,23.71,app,delivery,completed
ORD-0229776,R-0536,2025-08-20,39.67,app,delivery,completed
ORD-0229777,R-0536,2025-08-14,20.31,app,delivery,completed
ORD-0229778,R-0536,2025-08-27,26.82,app,delivery,completed
ORD-0229779,R-0536,2025-08-24,30.34,app,delivery,completed
ORD-0229780,R-0536,2025-08-11,17.65,web,delivery,completed
ORD-0229781,R-0536,2025-08-24,22.30,app,delivery,completed
ORD-0229782,R-0536,2025-08-18,21.77,web,delivery,completed
ORD-0229783,R-0536,2025-08-29,34.29,app,pickup,Completed
ORD-0229784,R-0536,2025-08-31,18.31,web,delivery,completed
ORD-0229785,R-0536,2025-08-27,41.52,web,delivery,completed
ORD-0229786,R-0536,2025-08-28,31.63,app,delivery,completed
ORD-0229787,R-0536,2025-08-10,20.72,web,delivery,completed
ORD-0229788,R-0536,2025-08-18,25.23,web,pickup,completed
ORD-0229789,R-0536,2025-08-11,22.94,app,pickup,completed
ORD-0229790,R-0536,2025-08-31,22.32,app,delivery,completed
ORD-0229791,R-0536,2025-08-09,19.86,app,delivery,completed
ORD-0229792,R-0536,2025-08-14,11.85,web,delivery,completed
ORD-0229793,R-0536,2025-08-30,24.53,app,delivery,completed
ORD-0230734,R-0538,2025-08-09,18.71,app,delivery,completed
ORD-0230735,R-0538,2025-08-23,18.95,web,delivery,Completed
ORD-0230736,R-0538,2025-08-15,29.30,app,pickup,completed
ORD-0230737,R-0538,2025-08-12,29.56,web,pickup,completed
ORD-0230738,R-0538,2025-08-12,33.69,web,pickup,completed
ORD-0230739,R-0538,2025-08-24,26.99,app,pickup,COMPLETED
ORD-0230740,R-0538,2025-08-22,27.13,web,pickup,completed
ORD-0230741,R-0538,2025-08-23,36.00,web,pickup,completed
ORD-0230742,R-0538,2025-08-01,13.45,web,pickup,Completed
ORD-0230743,R-0538,2025-08-02,23.48,app,pickup,Completed
ORD-0230744,R-0538,2025-08-12,20.16,web,delivery,completed
ORD-0230745,R-0538,2025-08-23,32.27,app,pickup,completed
ORD-0230746,R-0538,2025-08-26,21.08,app,pickup,completed
ORD-0230747,R-0538,2025-08-09,22.64,web,pickup,completed
ORD-0230748,R-0538,2025-08-28,62.72,web,delivery,completed
ORD-0230749,R-0538,2025-08-23,27.25,web,pickup,completed
ORD-0230750,R-0538,2025-08-15,32.27,app,delivery,completed
ORD-0230751,R-0538,2025-08-21,24.81,app,pickup,completed
ORD-0230752,R-0538,2025-08-30,21.15,web,delivery,completed
ORD-0230753,R-0538,2025-08-31,53.57,app,pickup,completed
ORD-0230754,R-0538,2025-08-26,31.60,app,delivery,completed
ORD-0230755,R-0538,2025-08-08,77.82,web,pickup,completed
ORD-0230756,R-0538,2025-08-06,15.95,web,delivery,completed
ORD-0230757,R-0538,2025-08-07,19.22,app,pickup,COMPLETED
ORD-0230758,R-0538,2025-08-11,47.99,app,pickup,completed
ORD-0230759,R-0538,2025-08-03,43.94,web,delivery,Completed
ORD-0230760,R-0538,2025-08-15,17.08,app,delivery,completed
ORD-0230761,R-0538,2025-08-21,26.79,web,delivery,completed
ORD-0230762,R-0538,2025-08-05,27.19,app,delivery,completed
ORD-0230763,R-0538,2025-08-15,16.75,app,pickup,completed
ORD-0230764,R-0538,2025-08-10,47.00,app,delivery,completed
ORD-0230765,R-0538,2025-08-09,23.47,web,delivery,completed
ORD-0230766,R-0538,2025-08-19,16.33,app,delivery,completed
ORD-0230767,R-0538,2025-08-07,26.88,app,pickup,completed
ORD-0230768,R-0538,2025-08-15,34.82,app,delivery,refunded
ORD-0230769,R-0538,2025-08-16,24.46,app,pickup,completed
ORD-0230770,R-0538,2025-08-17,27.97,app,pickup,Completed
ORD-0230771,R-0538,2025-08-06,28.02,web,pickup,completed
ORD-0230772,R-0538,2025-08-16,29.33,web,delivery,completed
ORD-0230773,R-0538,2025-08-01,31.00,web,pickup,COMPLETED
ORD-0230774,R-0538,2025-08-14,24.20,app,delivery,completed
ORD-0230775,R-0538,2025-08-24,16.60,web,delivery,refunded
ORD-0230776,R-0538,2025-08-21,28.01,web,pickup,completed
ORD-0230777,R-0538,2025-08-03,23.73,app,delivery,COMPLETED
ORD-0230778,R-0538,2025-08-28,15.99,web,pickup,completed
ORD-0230779,R-0538,2025-08-15,38.42,app,delivery,completed
ORD-0230780,R-0538,2025-08-25,21.21,app,pickup,cancelled
ORD-0230781,R-0538,2025-08-09,17.91,app,pickup,Completed
ORD-0230782,R-0538,2025-08-07,30.77,app,delivery,completed
ORD-0230783,R-0538,2025-08-11,35.79,app,pickup,completed
ORD-0230784,R-0538,2025-08-07,35.11,app,pickup,COMPLETED
ORD-0230785,R-0538,2025-08-20,30.69,app,delivery,completed
ORD-0230786,R-0538,2025-08-18,23.43,web,pickup,completed
ORD-0230787,R-0538,2025-08-08,26.73,app,pickup,COMPLETED
ORD-0230788,R-0538,2025-08-10,24.75,app,pickup,completed
ORD-0230789,R-0538,2025-08-13,29.20,web,pickup,completed
ORD-0230790,R-0538,2025-08-25,27.30,web,delivery,cancelled
ORD-0230791,R-0538,2025-08-05,31.09,app,delivery,completed
ORD-0230792,R-0538,2025-08-23,26.20,app,delivery,Completed
ORD-0230793,R-0538,2025-08-24,23.84,web,pickup,completed
ORD-0230794,R-0538,2025-08-24,42.25,web,delivery,completed
ORD-0230795,R-0538,2025-08-03,17.80,web,pickup,completed
ORD-0230796,R-0538,2025-08-14,24.75,web,delivery,completed
ORD-0230797,R-0538,2025-08-06,38.56,web,delivery,completed
ORD-0230798,R-0538,2025-08-10,20.33,web,pickup,completed
ORD-0230799,R-0538,2025-08-31,31.96,app,pickup,Completed
ORD-0230800,R-0538,2025-08-06,34.69,web,delivery,cancelled
ORD-0230801,R-0538,2025-08-09,26.96,web,pickup,completed
ORD-0230802,R-0538,2025-08-25,22.53,web,pickup,completed
ORD-0230803,R-0538,2025-08-26,33.01,web,delivery,completed
ORD-0230804,R-0538,2025-08-26,24.82,app,delivery,completed
ORD-0230805,R-0538,2025-08-17,39.72,app,pickup,completed
ORD-0230806,R-0538,2025-08-23,30.17,web,pickup,completed
ORD-0230807,R-0538,2025-08-31,23.97,web,pickup,completed
ORD-0230808,R-0538,2025-08-03,38.15,app,pickup,completed
ORD-0230809,R-0538,2025-08-12,23.55,web,pickup,completed
ORD-0230810,R-0538,2025-08-28,19.40,app,delivery,completed
ORD-0230811,R-0538,2025-08-24,35.24,app,pickup,completed
ORD-0230812,R-0538,2025-08-01,43.14,web,pickup,completed
ORD-0230813,R-0538,2025-08-01,28.18,app,delivery,completed
ORD-0230814,R-0538,2025-08-29,17.64,app,delivery,completed
ORD-0237741,R-0549,2025-08-28,15.94,web,delivery,completed
ORD-0237742,R-0549,2025-08-23,15.31,web,delivery,completed
ORD-0237743,R-0549,2025-08-22,19.98,web,delivery,completed
ORD-0237744,R-0549,2025-08-08,25.33,web,pickup,completed
ORD-0237745,R-0549,2025-08-02,15.95,web,pickup,completed
ORD-0237746,R-0549,2025-08-08,18.83,web,delivery,completed
ORD-0237747,R-0549,2025-08-02,17.15,web,pickup,completed
ORD-0237748,R-0549,2025-08-12,15.02,app,delivery,cancelled
ORD-0237749,R-0549,2025-08-09,11.14,web,pickup,cancelled
ORD-0237750,R-0549,2025-08-16,26.71,web,delivery,completed
ORD-0237751,R-0549,2025-08-02,21.10,web,delivery,completed
ORD-0237752,R-0549,2025-08-13,25.38,web,delivery,completed
ORD-0237753,R-0549,2025-08-30,32.64,web,delivery,COMPLETED
ORD-0237754,R-0549,2025-08-02,28.42,web,pickup,Completed
ORD-0237755,R-0549,2025-08-02,22.22,web,delivery,completed
ORD-0237756,R-0549,2025-08-15,26.02,web,pickup,completed
ORD-0237757,R-0549,2025-08-07,24.39,web,delivery,completed
ORD-0237758,R-0549,2025-08-21,32.67,web,delivery,completed
ORD-0237759,R-0549,2025-08-06,12.25,web,delivery,completed
ORD-0237760,R-0549,2025-08-19,9.93,web,delivery,CANCELLED
ORD-0237761,R-0549,2025-08-04,23.46,web,pickup,completed
ORD-0237762,R-0549,2025-08-08,26.26,web,delivery,completed
ORD-0237763,R-0549,2025-08-11,27.58,web,pickup,completed
ORD-0237764,R-0549,2025-08-30,27.64,web,delivery,completed
ORD-0237765,R-0549,2025-08-15,11.91,web,pickup,completed
ORD-0237766,R-0549,2025-08-31,13.95,web,delivery,refunded
ORD-0237767,R-0549,2025-08-02,23.00,web,pickup,completed
ORD-0237768,R-0549,2025-08-02,40.76,web,pickup,cancelled
ORD-0237769,R-0549,2025-08-08,14.26,web,pickup,completed
ORD-0237770,R-0549,2025-08-26,23.96,web,delivery,completed
ORD-0237771,R-0549,2025-08-24,21.05,web,pickup,completed
ORD-0237772,R-0549,2025-08-12,23.54,web,delivery,completed
ORD-0237773,R-0549,2025-08-15,13.84,web,pickup,COMPLETED
ORD-0237774,R-0549,2025-08-16,17.55,web,delivery,completed
ORD-0237775,R-0549,2025-08-11,20.38,web,delivery,completed
ORD-0237776,R-0549,2025-08-06,10.94,web,delivery,completed
ORD-0237777,R-0549,2025-08-01,36.77,app,delivery,completed
ORD-0237778,R-0549,2025-08-29,17.51,web,pickup,completed
ORD-0237779,R-0549,2025-08-02,13.68,web,pickup,completed
ORD-0237780,R-0549,2025-08-02,10.71,web,delivery,cancelled
ORD-0237781,R-0549,2025-08-11,14.64,web,pickup,completed
ORD-0237782,R-0549,2025-08-13,6.79,web,delivery,completed
ORD-0237783,R-0549,2025-08-09,14.51,web,delivery,completed
ORD-0237784,R-0549,2025-08-22,32.80,web,pickup,cancelled
ORD-0237785,R-0549,2025-08-23,37.51,web,pickup,Completed
ORD-0237786,R-0549,2025-08-08,71.42,web,pickup,completed
ORD-0237787,R-0549,2025-08-19,19.13,web,pickup,REFUNDED
ORD-0237788,R-0549,2025-08-16,20.81,web,pickup,completed
ORD-0237789,R-0549,2025-08-20,15.88,web,delivery,completed
ORD-0237790,R-0549,2025-08-12,16.87,web,pickup,completed
ORD-0237791,R-0549,2025-08-15,14.79,web,pickup,completed
ORD-0237792,R-0549,2025-08-23,20.02,app,delivery,completed
ORD-0237793,R-0549,2025-08-11,31.85,web,delivery,completed
ORD-0237794,R-0549,2025-08-05,14.10,web,pickup,completed
ORD-0237795,R-0549,2025-08-11,18.77,web,pickup,completed
ORD-0237796,R-0549,2025-08-09,23.37,web,delivery,completed
ORD-0237797,R-0549,2025-08-20,25.17,web,delivery,completed
ORD-0237798,R-0549,2025-08-06,16.41,web,delivery,COMPLETED
ORD-0237799,R-0549,2025-08-30,13.43,web,delivery,cancelled
ORD-0237800,R-0549,2025-08-09,18.71,app,pickup,completed
ORD-0237801,R-0549,2025-08-03,16.22,web,delivery,completed
ORD-0237802,R-0549,2025-08-08,22.24,web,delivery,completed
ORD-0237803,R-0549,2025-08-02,12.13,web,pickup,completed
ORD-0237804,R-0549,2025-08-01,23.84,web,delivery,completed
ORD-0237805,R-0549,2025-08-15,21.36,web,pickup,completed
ORD-0237806,R-0549,2025-08-15,22.98,web,delivery,completed
ORD-0237807,R-0549,2025-08-07,18.60,web,delivery,COMPLETED
ORD-0237808,R-0549,2025-08-30,21.48,web,pickup,completed
ORD-0237809,R-0549,2025-08-10,25.94,web,delivery,completed
ORD-0237810,R-0549,2025-08-17,40.15,web,pickup,completed
ORD-0237811,R-0549,2025-08-04,23.04,web,delivery,completed
ORD-0237812,R-0549,2025-08-14,14.21,web,delivery,completed
ORD-0238888,R-0550,2025-08-15,27.15,app,delivery,COMPLETED
ORD-0238889,R-0550,2025-08-29,53.83,app,delivery,completed
ORD-0238890,R-0550,2025-08-16,43.42,app,delivery,completed
ORD-0238891,R-0550,2025-08-19,43.12,web,pickup,completed
ORD-0239098,R-0551,2025-08-17,94.94,app,delivery,cancelled
ORD-0239099,R-0551,2025-08-17,52.35,app,pickup,completed
ORD-0239100,R-0551,2025-08-17,44.25,app,pickup,completed
ORD-0239101,R-0551,2025-08-15,69.65,app,delivery,completed
ORD-0239102,R-0551,2025-08-25,21.41,app,delivery,completed
ORD-0239103,R-0551,2025-08-30,32.65,web,delivery,completed
ORD-0239104,R-0551,2025-08-04,72.70,app,pickup,completed
ORD-0239105,R-0551,2025-08-21,36.18,app,pickup,completed
ORD-0239106,R-0551,2025-08-30,37.92,app,pickup,completed
ORD-0239107,R-0551,2025-08-15,114.63,web,delivery,COMPLETED
ORD-0239108,R-0551,2025-08-01,49.59,app,delivery,completed
ORD-0239109,R-0551,2025-08-14,52.56,app,pickup,completed
ORD-0239110,R-0551,2025-08-25,25.23,app,delivery,completed
ORD-0239111,R-0551,2025-08-19,20.95,web,delivery,completed
ORD-0239112,R-0551,2025-08-30,34.93,app,delivery,completed
ORD-0239113,R-0551,2025-08-27,17.77,app,pickup,COMPLETED
ORD-0239114,R-0551,2025-08-03,54.52,app,delivery,completed
ORD-0239115,R-0551,2025-08-27,88.83,app,pickup,Completed
ORD-0239116,R-0551,2025-08-24,63.00,app,pickup,Completed
ORD-0239117,R-0551,2025-08-28,45.26,app,delivery,completed
ORD-0239118,R-0551,2025-08-27,38.84,app,pickup,completed
ORD-0239119,R-0551,2025-08-26,58.29,app,pickup,completed
ORD-0239120,R-0551,2025-08-07,25.58,web,pickup,completed
ORD-0239121,R-0551,2025-08-08,52.47,app,pickup,completed
ORD-0239122,R-0551,2025-08-29,35.49,app,delivery,completed
ORD-0239123,R-0551,2025-08-04,47.39,app,delivery,Completed
ORD-0239124,R-0551,2025-08-08,108.49,app,delivery,Completed
ORD-0239125,R-0551,2025-08-26,30.92,app,pickup,completed
ORD-0239126,R-0551,2025-08-28,27.53,app,delivery,completed
ORD-0239127,R-0551,2025-08-22,35.23,web,delivery,completed
ORD-0239128,R-0551,2025-08-16,129.10,app,pickup,completed
ORD-0239129,R-0551,2025-08-04,25.89,app,pickup,completed
ORD-0239130,R-0551,2025-08-11,23.39,app,delivery,completed
ORD-0239131,R-0551,2025-08-26,32.69,app,pickup,completed
ORD-0239132,R-0551,2025-08-25,23.26,app,delivery,completed
ORD-0239133,R-0551,2025-08-04,30.93,web,delivery,completed
ORD-0239134,R-0551,2025-08-22,90.74,app,delivery,completed
ORD-0239135,R-0551,2025-08-30,50.52,app,pickup,completed
ORD-0239136,R-0551,2025-08-07,57.31,app,delivery,completed
ORD-0239137,R-0551,2025-08-28,88.71,web,pickup,completed
ORD-0239138,R-0551,2025-08-27,29.02,app,delivery,completed
ORD-0239139,R-0551,2025-08-04,33.91,app,delivery,completed
ORD-0239140,R-0551,2025-08-25,67.08,app,delivery,completed
ORD-0239141,R-0551,2025-08-27,52.30,app,pickup,REFUNDED
ORD-0239142,R-0551,2025-08-28,16.96,web,delivery,COMPLETED
ORD-0239143,R-0551,2025-08-02,42.41,app,pickup,completed
ORD-0239144,R-0551,2025-08-04,71.82,app,delivery,completed
ORD-0239145,R-0551,2025-08-12,21.45,app,pickup,completed
ORD-0239146,R-0551,2025-08-30,17.47,web,pickup,completed
ORD-0239147,R-0551,2025-08-11,42.73,web,delivery,Completed
ORD-0240581,R-0553,2025-08-29,36.42,web,pickup,completed
ORD-0240582,R-0553,2025-08-15,31.34,app,pickup,completed
ORD-0240583,R-0553,2025-08-04,22.90,app,delivery,completed
ORD-0240584,R-0553,2025-08-16,32.83,app,pickup,completed
ORD-0240585,R-0553,2025-08-26,18.55,web,pickup,COMPLETED
ORD-0240586,R-0553,2025-08-24,30.72,app,delivery,completed
ORD-0240587,R-0553,2025-08-23,13.75,web,delivery,completed
ORD-0240588,R-0553,2025-08-29,30.11,web,delivery,completed
ORD-0240589,R-0553,2025-08-24,30.28,web,pickup,completed
ORD-0240590,R-0553,2025-08-29,32.65,app,pickup,COMPLETED
ORD-0240591,R-0553,2025-08-24,40.68,web,delivery,completed
ORD-0240592,R-0553,2025-08-07,17.08,web,delivery,completed
ORD-0240593,R-0553,2025-08-08,27.15,web,delivery,completed
ORD-0240594,R-0553,2025-08-02,31.27,app,pickup,completed
ORD-0240595,R-0553,2025-08-02,35.92,app,pickup,completed
ORD-0240596,R-0553,2025-08-25,16.74,app,pickup,completed
ORD-0240597,R-0553,2025-08-01,20.29,app,delivery,completed
ORD-0240598,R-0553,2025-08-30,44.14,app,delivery,completed
ORD-0240599,R-0553,2025-08-23,15.98,web,pickup,completed
ORD-0240600,R-0553,2025-08-29,24.62,web,pickup,COMPLETED
ORD-0240601,R-0553,2025-08-29,27.64,web,delivery,completed
ORD-0240602,R-0553,2025-08-06,21.80,web,pickup,completed
ORD-0240603,R-0553,2025-08-16,36.85,app,pickup,completed
ORD-0240604,R-0553,2025-08-26,17.13,web,delivery,completed
ORD-0240605,R-0553,2025-08-22,31.32,web,delivery,completed
ORD-0240606,R-0553,2025-08-10,33.52,web,pickup,Completed
ORD-0240607,R-0553,2025-08-03,33.25,app,pickup,completed
ORD-0240608,R-0553,2025-08-07,17.37,web,delivery,completed
ORD-0240609,R-0553,2025-08-02,17.41,app,pickup,Completed
ORD-0240610,R-0553,2025-08-03,27.24,app,pickup,completed
ORD-0240611,R-0553,2025-08-22,14.95,web,delivery,completed
ORD-0240612,R-0553,2025-08-13,15.96,app,delivery,completed
ORD-0240613,R-0553,2025-08-09,21.05,app,pickup,completed
ORD-0240614,R-0553,2025-08-28,23.19,app,pickup,completed
ORD-0240615,R-0553,2025-08-28,27.65,app,pickup,completed
ORD-0240616,R-0553,2025-08-06,31.47,app,pickup,completed
ORD-0240617,R-0553,2025-08-01,22.79,web,pickup,completed
ORD-0240618,R-0553,2025-08-29,44.08,app,delivery,completed
ORD-0240619,R-0553,2025-08-13,43.68,app,delivery,cancelled
ORD-0240620,R-0553,2025-08-07,21.46,app,pickup,Completed
ORD-0240621,R-0553,2025-08-08,22.69,app,delivery,completed
ORD-0240622,R-0553,2025-08-30,23.64,app,pickup,completed
ORD-0240623,R-0553,2025-08-15,40.75,app,pickup,completed
ORD-0240624,R-0553,2025-08-07,20.27,web,pickup,completed
ORD-0240625,R-0553,2025-08-13,26.59,app,pickup,completed
ORD-0240626,R-0553,2025-08-15,33.93,app,pickup,completed
ORD-0240627,R-0553,2025-08-29,31.95,web,pickup,completed
ORD-0240628,R-0553,2025-08-09,26.86,app,delivery,completed
ORD-0240629,R-0553,2025-08-17,27.38,app,pickup,completed
ORD-0240630,R-0553,2025-08-20,15.60,app,delivery,completed
ORD-0240631,R-0553,2025-08-29,29.30,web,pickup,completed
ORD-0240632,R-0553,2025-08-08,23.85,web,delivery,completed
ORD-0240633,R-0553,2025-08-17,25.79,web,delivery,completed
ORD-0240634,R-0553,2025-08-22,30.31,app,pickup,Completed
ORD-0240635,R-0553,2025-08-27,36.68,app,delivery,completed
ORD-0240636,R-0553,2025-08-14,28.16,app,pickup,completed
ORD-0240637,R-0553,2025-08-24,26.37,app,pickup,refunded
ORD-0240638,R-0553,2025-08-21,21.47,web,pickup,completed
ORD-0240639,R-0553,2025-08-04,25.55,web,delivery,completed
ORD-0240640,R-0553,2025-08-04,39.20,app,delivery,completed
ORD-0240641,R-0553,2025-08-22,31.88,app,pickup,completed
ORD-0240642,R-0553,2025-08-07,39.41,app,pickup,Completed
ORD-0240643,R-0553,2025-08-26,24.20,web,delivery,Completed
ORD-0240644,R-0553,2025-08-28,36.06,web,delivery,completed
ORD-0240645,R-0553,2025-08-05,40.84,app,pickup,completed
ORD-0240646,R-0553,2025-08-26,25.33,app,pickup,completed
ORD-0240647,R-0553,2025-08-02,11.29,web,delivery,completed
ORD-0240648,R-0553,2025-08-11,37.57,app,pickup,completed
ORD-0240649,R-0553,2025-08-31,22.74,app,delivery,completed
ORD-0240650,R-0553,2025-08-02,32.71,app,pickup,Completed
ORD-0240651,R-0553,2025-08-30,19.30,web,delivery,completed
ORD-0240652,R-0553,2025-08-16,30.36,app,pickup,COMPLETED
ORD-0240653,R-0553,2025-08-28,26.37,app,pickup,completed
ORD-0240654,R-0553,2025-08-11,30.78,web,delivery,completed
ORD-0240655,R-0553,2025-08-01,21.77,web,delivery,completed
ORD-0240656,R-0553,2025-08-05,13.08,app,pickup,completed
ORD-0240657,R-0553,2025-08-05,33.83,web,delivery,completed
ORD-0240658,R-0553,2025-08-30,38.32,web,delivery,completed
ORD-0240659,R-0553,2025-08-04,29.27,web,pickup,cancelled
ORD-0240660,R-0553,2025-08-13,26.64,web,pickup,completed
ORD-0240661,R-0553,2025-08-13,19.34,app,pickup,completed
ORD-0240662,R-0553,2025-08-22,23.04,app,delivery,completed
ORD-0240663,R-0553,2025-08-23,24.83,app,pickup,completed
ORD-0240664,R-0553,2025-08-04,21.98,app,delivery,completed
ORD-0240665,R-0553,2025-08-31,40.40,app,pickup,completed
ORD-0242765,R-0560,2025-08-06,31.46,app,pickup,completed
ORD-0242766,R-0560,2025-08-27,50.34,app,pickup,completed
ORD-0242767,R-0560,2025-08-30,15.64,web,delivery,completed
ORD-0242768,R-0560,2025-08-31,17.48,app,delivery,completed
ORD-0242769,R-0560,2025-08-17,16.49,web,pickup,completed
ORD-0242770,R-0560,2025-08-24,33.86,web,pickup,completed
ORD-0242771,R-0560,2025-08-05,15.48,app,delivery,completed
ORD-0242772,R-0560,2025-08-15,26.91,app,pickup,refunded
ORD-0242773,R-0560,2025-08-31,29.37,app,pickup,completed
ORD-0242774,R-0560,2025-08-13,17.12,web,delivery,cancelled
ORD-0242775,R-0560,2025-08-17,18.56,app,pickup,completed
ORD-0242776,R-0560,2025-08-23,20.86,app,pickup,completed
ORD-0242777,R-0560,2025-08-15,9.55,web,delivery,completed
ORD-0244944,R-0568,2025-08-08,20.14,app,delivery,Completed
ORD-0244945,R-0568,2025-08-28,64.85,app,delivery,completed
ORD-0244946,R-0568,2025-08-25,34.44,app,delivery,COMPLETED
ORD-0244947,R-0568,2025-08-13,60.38,web,delivery,COMPLETED
ORD-0244948,R-0568,2025-08-22,55.34,app,pickup,completed
ORD-0244949,R-0568,2025-08-09,74.97,web,pickup,completed
ORD-0244950,R-0568,2025-08-21,21.88,app,delivery,completed
ORD-0244951,R-0568,2025-08-04,30.45,app,pickup,completed
ORD-0244952,R-0568,2025-08-02,35.34,app,pickup,completed
ORD-0244953,R-0568,2025-08-10,48.73,app,pickup,completed
ORD-0244954,R-0568,2025-08-10,45.32,app,delivery,completed
ORD-0244955,R-0568,2025-08-09,31.14,app,delivery,completed
ORD-0244956,R-0568,2025-08-10,67.27,web,pickup,completed
ORD-0244957,R-0568,2025-08-09,32.56,web,pickup,refunded
ORD-0244958,R-0568,2025-08-10,33.14,web,pickup,completed
ORD-0244959,R-0568,2025-08-16,68.50,app,delivery,completed
ORD-0244960,R-0568,2025-08-25,38.27,app,delivery,completed
ORD-0244961,R-0568,2025-08-24,79.13,app,pickup,completed
ORD-0244962,R-0568,2025-08-22,43.91,app,delivery,completed
ORD-0244963,R-0568,2025-08-20,45.43,app,pickup,Completed
ORD-0244964,R-0568,2025-08-23,34.10,web,pickup,completed
ORD-0244965,R-0568,2025-08-22,65.15,app,delivery,COMPLETED
ORD-0244966,R-0568,2025-08-02,69.26,app,pickup,completed
ORD-0244967,R-0568,2025-08-09,42.13,app,delivery,completed
ORD-0244968,R-0568,2025-08-17,25.35,web,delivery,completed
ORD-0244969,R-0568,2025-08-17,67.55,app,pickup,completed
ORD-0244970,R-0568,2025-08-26,25.64,app,delivery,completed
ORD-0244971,R-0568,2025-08-23,45.76,web,delivery,completed
ORD-0244972,R-0568,2025-08-13,44.19,app,delivery,completed
ORD-0244973,R-0568,2025-08-30,39.54,web,delivery,completed
ORD-0244974,R-0568,2025-08-14,32.15,app,pickup,completed
ORD-0244975,R-0568,2025-08-06,44.98,app,delivery,completed
ORD-0244976,R-0568,2025-08-24,73.02,web,pickup,completed
ORD-0244977,R-0568,2025-08-10,22.02,web,pickup,completed
ORD-0244978,R-0568,2025-08-26,31.94,app,delivery,completed
ORD-0244979,R-0568,2025-08-13,56.38,app,pickup,completed
ORD-0244980,R-0568,2025-08-24,49.30,web,pickup,completed
ORD-0244981,R-0568,2025-08-26,55.55,app,delivery,completed
ORD-0244982,R-0568,2025-08-29,22.05,web,pickup,completed
ORD-0244983,R-0568,2025-08-28,38.85,app,pickup,completed
ORD-0244984,R-0568,2025-08-23,57.12,app,delivery,COMPLETED
ORD-0244985,R-0568,2025-08-01,28.04,app,pickup,completed
ORD-0244986,R-0568,2025-08-17,37.84,app,delivery,completed
ORD-0244987,R-0568,2025-08-29,25.66,app,pickup,completed
ORD-0244988,R-0568,2025-08-16,70.01,web,delivery,completed
ORD-0244989,R-0568,2025-08-16,54.74,web,delivery,completed
ORD-0244990,R-0568,2025-08-23,55.95,web,delivery,completed
ORD-0244991,R-0568,2025-08-21,38.72,app,pickup,completed
ORD-0244992,R-0568,2025-08-04,37.17,app,delivery,completed
ORD-0247995,R-0579,2025-08-17,27.87,web,delivery,completed
ORD-0247996,R-0579,2025-08-23,32.79,web,delivery,COMPLETED
ORD-0247997,R-0579,2025-08-10,25.61,web,delivery,completed
ORD-0247998,R-0579,2025-08-15,36.78,app,delivery,completed
ORD-0247999,R-0579,2025-08-29,36.52,web,delivery,completed
ORD-0248000,R-0579,2025-08-07,21.59,web,delivery,completed
ORD-0248001,R-0579,2025-08-09,31.80,app,delivery,completed
ORD-0248002,R-0579,2025-08-30,20.43,app,delivery,completed
ORD-0248003,R-0579,2025-08-08,33.86,app,delivery,completed
ORD-0248004,R-0579,2025-08-04,24.10,web,delivery,completed
ORD-0248005,R-0579,2025-08-25,32.03,app,delivery,completed
ORD-0248006,R-0579,2025-08-12,45.84,web,delivery,completed
ORD-0248007,R-0579,2025-08-24,20.43,app,delivery,Completed
ORD-0248008,R-0579,2025-08-30,16.03,app,delivery,completed
ORD-0248009,R-0579,2025-08-30,20.24,app,pickup,completed
ORD-0248010,R-0579,2025-08-08,15.15,web,delivery,completed
ORD-0248011,R-0579,2025-08-11,13.64,app,delivery,completed
ORD-0248012,R-0579,2025-08-12,28.07,web,delivery,completed
ORD-0248013,R-0579,2025-08-02,45.67,app,delivery,Completed
ORD-0248014,R-0579,2025-08-15,20.82,app,delivery,completed
ORD-0248015,R-0579,2025-08-30,48.16,app,pickup,completed
ORD-0248016,R-0579,2025-08-29,14.87,app,delivery,completed
ORD-0248017,R-0579,2025-08-03,24.15,app,delivery,COMPLETED
ORD-0248018,R-0579,2025-08-26,39.60,app,pickup,completed
ORD-0248019,R-0579,2025-08-29,26.08,app,delivery,completed
ORD-0248020,R-0579,2025-08-08,24.73,app,delivery,completed
ORD-0248021,R-0579,2025-08-29,28.20,app,delivery,completed
ORD-0248022,R-0579,2025-08-12,42.35,web,delivery,completed
ORD-0248023,R-0579,2025-08-09,31.43,app,delivery,completed
ORD-0248024,R-0579,2025-08-30,20.75,app,pickup,completed
ORD-0248025,R-0579,2025-08-28,29.26,web,pickup,completed
ORD-0248026,R-0579,2025-08-08,19.57,web,delivery,completed
ORD-0248027,R-0579,2025-08-24,16.09,web,delivery,completed
ORD-0248028,R-0579,2025-08-24,15.95,app,delivery,COMPLETED
ORD-0248029,R-0579,2025-08-16,35.35,app,delivery,completed
ORD-0248030,R-0579,2025-08-15,26.56,app,delivery,cancelled
ORD-0248031,R-0579,2025-08-21,14.17,app,delivery,completed
ORD-0248032,R-0579,2025-08-09,19.62,web,delivery,completed
ORD-0248033,R-0579,2025-08-23,34.25,app,pickup,completed
ORD-0248034,R-0579,2025-08-25,34.23,web,delivery,completed
ORD-0248035,R-0579,2025-08-02,22.93,web,delivery,completed
ORD-0248036,R-0579,2025-08-04,22.77,web,delivery,completed
ORD-0248037,R-0579,2025-08-21,24.41,web,delivery,cancelled
ORD-0248038,R-0579,2025-08-31,17.18,web,delivery,completed
ORD-0248039,R-0579,2025-08-17,31.43,web,delivery,completed
ORD-0248040,R-0579,2025-08-09,22.45,web,delivery,Completed
ORD-0248041,R-0579,2025-08-27,31.48,web,delivery,completed
ORD-0248042,R-0579,2025-08-25,17.39,app,delivery,completed
ORD-0248662,R-0580,2025-08-13,46.72,web,delivery,completed
ORD-0248663,R-0580,2025-08-28,33.80,web,delivery,completed
ORD-0248664,R-0580,2025-08-26,33.19,web,delivery,COMPLETED
ORD-0248665,R-0580,2025-08-03,38.26,app,delivery,completed
ORD-0248666,R-0580,2025-08-31,27.41,app,delivery,completed
ORD-0248667,R-0580,2025-08-20,26.34,app,delivery,completed
ORD-0248668,R-0580,2025-08-08,23.02,app,delivery,completed
ORD-0248669,R-0580,2025-08-09,19.01,web,delivery,completed
ORD-0249060,R-0585,2025-08-30,59.54,app,delivery,Completed
ORD-0249061,R-0585,2025-08-30,32.87,app,delivery,completed
ORD-0249791,R-0586,2025-08-16,28.21,web,pickup,completed
ORD-0249792,R-0586,2025-08-29,19.21,web,delivery,completed
ORD-0249793,R-0586,2025-08-31,14.74,app,delivery,completed
ORD-0249794,R-0586,2025-08-16,23.63,app,pickup,completed
ORD-0249795,R-0586,2025-08-16,26.17,app,delivery,cancelled
ORD-0249796,R-0586,2025-08-28,11.54,app,pickup,completed
ORD-0249797,R-0586,2025-08-07,21.45,app,pickup,completed
ORD-0249798,R-0586,2025-08-24,11.97,app,pickup,completed
ORD-0249799,R-0586,2025-08-10,15.14,app,delivery,completed
ORD-0249800,R-0586,2025-08-07,13.90,app,delivery,completed
ORD-0249801,R-0586,2025-08-15,14.73,web,delivery,completed
ORD-0249802,R-0586,2025-08-02,23.75,app,pickup,completed
ORD-0249803,R-0586,2025-08-03,20.65,app,delivery,refunded
ORD-0249804,R-0586,2025-08-29,21.90,app,pickup,completed
ORD-0249805,R-0586,2025-08-10,13.66,web,pickup,completed
ORD-0249806,R-0586,2025-08-25,20.10,app,pickup,completed
ORD-0249807,R-0586,2025-08-16,29.74,web,pickup,Completed
ORD-0249808,R-0586,2025-08-07,23.03,app,delivery,completed
ORD-0249809,R-0586,2025-08-03,15.00,app,pickup,cancelled
ORD-0250974,R-0589,2025-08-09,17.40,web,pickup,completed
ORD-0250975,R-0589,2025-08-29,26.49,web,delivery,completed
ORD-0250976,R-0589,2025-08-29,15.55,web,delivery,completed
ORD-0250977,R-0589,2025-08-16,13.78,web,delivery,completed
ORD-0250978,R-0589,2025-08-30,20.05,app,delivery,completed
ORD-0250979,R-0589,2025-08-23,21.32,web,delivery,completed
ORD-0250980,R-0589,2025-08-22,31.78,app,delivery,completed
ORD-0250981,R-0589,2025-08-19,18.66,app,delivery,completed
ORD-0250982,R-0589,2025-08-05,29.15,web,delivery,completed
ORD-0250983,R-0589,2025-08-23,31.34,web,delivery,completed
ORD-0250984,R-0589,2025-08-08,15.47,web,pickup,COMPLETED
ORD-0250985,R-0589,2025-08-07,21.04,web,delivery,cancelled
ORD-0250986,R-0589,2025-08-18,30.23,web,delivery,completed
ORD-0250987,R-0589,2025-08-04,25.09,app,delivery,completed
ORD-0250988,R-0589,2025-08-23,25.54,web,delivery,completed
ORD-0250989,R-0589,2025-08-03,13.49,web,delivery,COMPLETED
ORD-0250990,R-0589,2025-08-29,14.46,app,delivery,completed
ORD-0250991,R-0589,2025-08-10,18.91,app,delivery,completed
ORD-0250992,R-0589,2025-08-07,15.33,app,delivery,Completed
ORD-0250993,R-0589,2025-08-23,19.39,web,delivery,completed
ORD-0250994,R-0589,2025-08-21,15.09,web,pickup,Completed
ORD-0250995,R-0589,2025-08-24,23.33,app,delivery,completed
ORD-0250996,R-0589,2025-08-05,16.40,web,delivery,completed
ORD-0250997,R-0589,2025-08-07,23.10,web,pickup,completed
ORD-0250998,R-0589,2025-08-09,19.49,app,delivery,completed
ORD-0250999,R-0589,2025-08-09,25.42,web,delivery,completed
ORD-0251000,R-0589,2025-08-06,37.57,web,delivery,completed
ORD-0251001,R-0589,2025-08-11,8.39,web,pickup,completed
ORD-0251002,R-0589,2025-08-29,18.64,web,delivery,completed
ORD-0251003,R-0589,2025-08-17,17.23,web,pickup,completed
ORD-0251004,R-0589,2025-08-27,7.24,web,pickup,completed
ORD-0251005,R-0589,2025-08-22,28.24,web,delivery,completed
ORD-0251006,R-0589,2025-08-24,22.70,web,pickup,completed
ORD-0251007,R-0589,2025-08-31,20.46,web,pickup,completed
ORD-0252684,R-0594,2025-08-12,45.78,app,delivery,COMPLETED
ORD-0252685,R-0594,2025-08-30,14.31,app,delivery,completed
ORD-0252686,R-0594,2025-08-26,36.91,app,delivery,completed
ORD-0252687,R-0594,2025-08-22,40.42,app,delivery,cancelled
ORD-0252688,R-0594,2025-08-17,84.03,app,pickup,completed
ORD-0252689,R-0594,2025-08-25,46.58,app,delivery,completed
ORD-0252690,R-0594,2025-08-26,33.21,app,delivery,completed
ORD-0252691,R-0594,2025-08-16,29.39,app,delivery,completed
ORD-0252692,R-0594,2025-08-23,40.14,app,pickup,completed
ORD-0252693,R-0594,2025-08-29,38.45,app,pickup,cancelled
ORD-0252694,R-0594,2025-08-29,42.88,app,pickup,completed
ORD-0252695,R-0594,2025-08-30,54.84,web,delivery,completed
ORD-0252696,R-0594,2025-08-02,40.78,app,pickup,completed
ORD-0252697,R-0594,2025-08-01,49.77,app,delivery,completed
ORD-0252698,R-0594,2025-08-09,86.42,app,delivery,completed
ORD-0252699,R-0594,2025-08-27,21.31,app,delivery,completed
ORD-0252700,R-0594,2025-08-05,36.25,app,delivery,completed
ORD-0252701,R-0594,2025-08-11,40.52,app,delivery,completed
ORD-0252702,R-0594,2025-08-28,28.94,app,delivery,completed
ORD-0252703,R-0594,2025-08-07,93.52,web,pickup,completed
ORD-0252704,R-0594,2025-08-29,70.93,app,pickup,completed
ORD-0252705,R-0594,2025-08-03,43.64,app,delivery,completed
ORD-0252706,R-0594,2025-08-30,54.83,web,pickup,completed
ORD-0253261,R-0597,2025-08-09,31.62,web,delivery,completed
ORD-0253262,R-0597,2025-08-15,15.55,app,delivery,completed
ORD-0253263,R-0597,2025-08-26,14.99,web,delivery,completed
ORD-0253264,R-0597,2025-08-13,18.40,app,delivery,completed
ORD-0253265,R-0597,2025-08-04,16.11,app,delivery,completed
ORD-0253266,R-0597,2025-08-22,13.62,web,pickup,completed
ORD-0253267,R-0597,2025-08-02,16.46,web,delivery,completed
ORD-0253268,R-0597,2025-08-03,25.12,web,delivery,Completed
ORD-0253269,R-0597,2025-08-11,14.68,web,delivery,completed
ORD-0253270,R-0597,2025-08-31,14.82,app,delivery,completed
ORD-0253271,R-0597,2025-08-22,18.43,web,delivery,COMPLETED
