order_id,restaurant_id,order_date,order_value_eur,order_channel,fulfilment_type,order_status
ORD-0000046,R-0002,2025-10-17,25.85,web,delivery,completed
ORD-0000047,R-0002,2025-10-29,26.18,app,delivery,completed
ORD-0000048,R-0002,2025-10-01,38.21,app,delivery,completed
ORD-0000049,R-0002,2025-10-03,38.19,app,delivery,completed
ORD-0000050,R-0002,2025-10-13,37.96,app,pickup,completed
ORD-0000051,R-0002,2025-10-21,11.57,app,delivery,completed
ORD-0000052,R-0002,2025-10-15,47.44,app,delivery,completed
ORD-0000053,R-0002,2025-10-28,33.65,web,delivery,completed
ORD-0000054,R-0002,2025-10-02,59.58,app,pickup,completed
ORD-0000055,R-0002,2025-10-11,23.30,web,delivery,completed
ORD-0000056,R-0002,2025-10-11,17.14,web,delivery,completed
ORD-0000057,R-0002,2025-10-11,29.84,app,delivery,completed
ORD-0000058,R-0002,2025-10-16,25.29,app,delivery,completed
ORD-0000059,R-0002,2025-10-25,36.53,app,pickup,completed
ORD-0000060,R-0002,2025-10-10,41.68,app,pickup,COMPLETED
ORD-0000061,R-0002,2025-10-24,28.97,web,pickup,completed
ORD-0000062,R-0002,2025-10-05,27.61,app,delivery,completed
ORD-0000063,R-0002,2025-10-18,35.07,app,delivery,completed
ORD-0000064,R-0002,2025-10-12,27.48,web,pickup,completed
ORD-0000065,R-0002,2025-10-17,26.77,web,delivery,completed
ORD-0000066,R-0002,2025-10-04,41.19,web,pickup,completed
ORD-0000067,R-0002,2025-10-30,40.90,app,delivery,completed
ORD-0000068,R-0002,2025-10-29,38.71,web,delivery,completed
ORD-0000069,R-0002,2025-10-26,28.25,app,delivery,COMPLETED
ORD-0000070,R-0002,2025-10-28,14.11,app,delivery,completed
ORD-0000071,R-0002,2025-10-05,28.42,web,delivery,completed
ORD-0000072,R-0002,2025-10-16,21.74,web,delivery,COMPLETED
ORD-0000073,R-0002,2025-10-10,28.59,app,delivery,completed
ORD-0000074,R-0002,2025-10-28,22.34,app,delivery,Completed
ORD-0000075,R-0002,2025-10-06,27.39,app,pickup,CANCELLED
ORD-0000076,R-0002,2025-10-07,19.91,web,delivery,completed
ORD-0000077,R-0002,2025-10-22,18.46,web,pickup,completed
ORD-0000078,R-0002,2025-10-03,43.66,app,delivery,completed
ORD-0000079,R-0002,2025-10-24,21.98,app,delivery,completed
ORD-0000080,R-0002,2025-10-09,27.57,web,delivery,completed
ORD-0000081,R-0002,2025-10-21,37.17,web,pickup,completed
ORD-0000082,R-0002,2025-10-27,36.70,app,delivery,completed
ORD-0000083,R-0002,2025-10-19,38.19,app,pickup,completed
ORD-0000084,R-0002,2025-10-07,30.31,web,delivery,completed
ORD-0004197,R-0006,2025-10-08,17.85,web,delivery,completed
ORD-0004198,R-0006,2025-10-05,35.40,web,delivery,Completed
ORD-0004199,R-0006,2025-10-03,99.40,app,delivery,completed
ORD-0004200,R-0006,2025-10-07,18.77,web,pickup,refunded
ORD-0004201,R-0006,2025-10-08,34.43,app,delivery,completed
ORD-0004202,R-0006,2025-10-11,40.30,web,delivery,completed
ORD-0004203,R-0006,2025-10-30,39.11,app,delivery,completed
ORD-0004204,R-0006,2025-10-20,22.84,web,pickup,completed
ORD-0004205,R-0006,2025-10-22,39.24,app,delivery,completed
ORD-0004206,R-0006,2025-10-04,28.88,web,delivery,completed
ORD-0004207,R-0006,2025-10-06,19.30,web,delivery,completed
ORD-0004208,R-0006,2025-10-28,46.02,web,delivery,completed
ORD-0004209,R-0006,2025-10-20,41.44,app,delivery,completed
ORD-0004210,R-0006,2025-10-25,24.67,app,delivery,completed
ORD-0004211,R-0006,2025-10-11,28.79,app,delivery,completed
ORD-0004212,R-0006,2025-10-18,28.41,web,pickup,completed
ORD-0004213,R-0006,2025-10-16,17.84,app,delivery,completed
ORD-0004214,R-0006,2025-10-07,42.95,app,delivery,completed
ORD-0004215,R-0006,2025-10-26,47.02,web,delivery,completed
ORD-0004216,R-0006,2025-10-11,31.09,app,delivery,completed
ORD-0004217,R-0006,2025-10-15,32.18,web,pickup,completed
ORD-0004218,R-0006,2025-10-04,36.61,app,pickup,completed
ORD-0004219,R-0006,2025-10-20,35.54,web,delivery,completed
ORD-0004220,R-0006,2025-10-25,21.46,app,pickup,completed
ORD-0004221,R-0006,2025-10-13,38.86,web,delivery,completed
ORD-0004802,R-0009,2025-10-10,43.54,app,pickup,completed
ORD-0004803,R-0009,2025-10-27,24.45,app,delivery,completed
ORD-0004804,R-0009,2025-10-17,27.02,app,pickup,completed
ORD-0004805,R-0009,2025-10-13,23.82,app,delivery,COMPLETED
ORD-0004806,R-0009,2025-10-15,29.08,app,delivery,completed
ORD-0004807,R-0009,2025-10-04,47.10,web,delivery,cancelled
ORD-0004808,R-0009,2025-10-07,17.45,web,delivery,completed
ORD-0004809,R-0009,2025-10-31,30.36,app,pickup,completed
ORD-0004810,R-0009,2025-10-20,14.41,app,delivery,completed
ORD-0004811,R-0009,2025-10-10,42.75,app,delivery,completed
ORD-0004812,R-0009,2025-10-30,24.45,web,delivery,completed
ORD-0004813,R-0009,2025-10-12,15.98,app,delivery,completed
ORD-0004814,R-0009,2025-10-04,17.30,web,delivery,completed
ORD-0004815,R-0009,2025-10-31,36.86,web,delivery,completed
ORD-0004816,R-0009,2025-10-21,13.92,web,delivery,completed
ORD-0004817,R-0009,2025-10-24,30.37,app,pickup,completed
ORD-0004818,R-0009,2025-10-01,21.77,app,pickup,completed
ORD-0004819,R-0009,2025-10-10,25.59,app,delivery,completed
ORD-0004820,R-0009,2025-10-30,19.92,web,delivery,completed
ORD-0004821,R-0009,2025-10-05,19.45,web,delivery,completed
ORD-0004822,R-0009,2025-10-27,21.31,web,delivery,completed
ORD-0004823,R-0009,2025-10-24,33.77,web,delivery,completed
ORD-0004824,R-0009,2025-10-12,24.70,web,pickup,completed
ORD-0004825,R-0009,2025-10-28,29.61,app,delivery,completed
ORD-0004826,R-0009,2025-10-29,23.29,app,delivery,COMPLETED
ORD-0004827,R-0009,2025-10-27,31.72,web,delivery,completed
ORD-0004828,R-0009,2025-10-13,29.54,web,delivery,completed
ORD-0004829,R-0009,2025-10-18,22.58,web,pickup,completed
ORD-0004830,R-0009,2025-10-10,19.44,web,pickup,completed
ORD-0004831,R-0009,2025-10-04,38.80,app,delivery,cancelled
ORD-0004832,R-0009,2025-10-28,18.94,web,delivery,cancelled
ORD-0004833,R-0009,2025-10-31,32.91,web,pickup,completed
ORD-0004834,R-0009,2025-10-03,27.77,app,delivery,COMPLETED
ORD-0004835,R-0009,2025-10-22,21.50,app,delivery,completed
ORD-0004836,R-0009,2025-10-30,29.70,app,delivery,Completed
ORD-0004837,R-0009,2025-10-19,45.05,app,delivery,completed
ORD-0004838,R-0009,2025-10-02,31.88,web,delivery,completed
ORD-0004839,R-0009,2025-10-01,26.64,web,delivery,completed
ORD-0004840,R-0009,2025-10-16,45.72,web,delivery,completed
ORD-0004841,R-0009,2025-10-30,13.87,app,delivery,completed
ORD-0004842,R-0009,2025-10-09,17.00,app,delivery,completed
ORD-0004843,R-0009,2025-10-11,23.21,app,delivery,completed
ORD-0004844,R-0009,2025-10-25,45.90,web,delivery,COMPLETED
ORD-0004845,R-0009,2025-10-25,38.62,app,delivery,completed
ORD-0004846,R-0009,2025-10-30,13.66,app,delivery,completed
ORD-0004847,R-0009,2025-10-26,23.44,web,delivery,COMPLETED
ORD-0004848,R-0009,2025-10-18,17.00,app,pickup,completed
ORD-0004849,R-0009,2025-10-30,25.05,web,delivery,completed
ORD-0004850,R-0009,2025-10-19,38.06,web,pickup,completed
ORD-0004851,R-0009,2025-10-19,39.09,web,pickup,completed
ORD-0004852,R-0009,2025-10-01,28.01,web,delivery,completed
ORD-0004853,R-0009,2025-10-15,21.80,web,delivery,completed
ORD-0004854,R-0009,2025-10-02,24.56,app,delivery,completed
ORD-0004855,R-0009,2025-10-28,32.56,app,delivery,completed
ORD-0004856,R-0009,2025-10-01,59.46,app,delivery,completed
ORD-0004857,R-0009,2025-10-10,17.88,app,delivery,completed
ORD-0004858,R-0009,2025-10-31,48.80,web,delivery,completed
ORD-0004859,R-0009,2025-10-25,29.99,app,delivery,completed
ORD-0004860,R-0009,2025-10-24,36.95,app,delivery,completed
ORD-0004861,R-0009,2025-10-23,27.18,web,delivery,completed
ORD-0004862,R-0009,2025-10-02,42.26,app,delivery,completed
ORD-0004863,R-0009,2025-10-10,30.94,app,delivery,completed
ORD-0004864,R-0009,2025-10-25,21.71,web,delivery,completed
ORD-0004865,R-0009,2025-10-28,29.92,app,delivery,completed
ORD-0004866,R-0009,2025-10-11,41.28,app,delivery,completed
ORD-0004867,R-0009,2025-10-09,25.42,app,delivery,completed
ORD-0004868,R-0009,2025-10-08,12.00,web,pickup,completed
ORD-0004869,R-0009,2025-10-17,26.34,web,delivery,completed
ORD-0004870,R-0009,2025-10-10,28.45,web,pickup,completed
ORD-0004871,R-0009,2025-10-01,25.01,app,delivery,completed
ORD-0004872,R-0009,2025-10-12,22.95,web,delivery,completed
ORD-0004873,R-0009,2025-10-18,44.32,app,delivery,Completed
ORD-0004874,R-0009,2025-10-20,10.77,app,delivery,completed
ORD-0004875,R-0009,2025-10-11,28.41,app,delivery,completed
ORD-0004876,R-0009,2025-10-10,28.55,app,pickup,completed
ORD-0004877,R-0009,2025-10-10,58.61,app,delivery,completed
ORD-0004878,R-0009,2025-10-19,27.31,app,delivery,completed
ORD-0004879,R-0009,2025-10-10,32.26,app,delivery,completed
ORD-0004880,R-0009,2025-10-29,26.60,app,delivery,completed
ORD-0004881,R-0009,2025-10-10,28.41,web,delivery,completed
ORD-0004882,R-0009,2025-10-25,51.97,app,delivery,completed
ORD-0004883,R-0009,2025-10-10,18.36,web,delivery,completed
ORD-0004884,R-0009,2025-10-20,19.97,app,delivery,completed
ORD-0004885,R-0009,2025-10-22,33.40,app,delivery,completed
ORD-0006532,R-0010,2025-10-07,28.36,web,pickup,completed
ORD-0006533,R-0010,2025-10-19,26.87,app,pickup,completed
ORD-0006534,R-0010,2025-10-12,32.90,app,delivery,completed
ORD-0006535,R-0010,2025-10-12,35.16,web,delivery,completed
ORD-0006536,R-0010,2025-10-25,31.28,web,delivery,COMPLETED
ORD-0006537,R-0010,2025-10-31,61.33,app,delivery,refunded
ORD-0006538,R-0010,2025-10-06,84.92,web,delivery,completed
ORD-0006539,R-0010,2025-10-13,58.10,web,pickup,completed
ORD-0006540,R-0010,2025-10-17,37.29,web,pickup,completed
ORD-0006541,R-0010,2025-10-08,46.15,app,pickup,completed
ORD-0006542,R-0010,2025-10-12,44.94,app,pickup,completed
ORD-0006543,R-0010,2025-10-03,36.69,app,delivery,completed
ORD-0006544,R-0010,2025-10-02,70.03,web,delivery,completed
ORD-0006545,R-0010,2025-10-25,97.64,web,pickup,completed
ORD-0006546,R-0010,2025-10-11,26.58,web,delivery,completed
ORD-0006547,R-0010,2025-10-23,73.13,web,delivery,completed
ORD-0006548,R-0010,2025-10-03,36.93,web,delivery,COMPLETED
ORD-0006549,R-0010,2025-10-21,38.67,app,delivery,completed
ORD-0006550,R-0010,2025-10-20,47.42,web,delivery,completed
ORD-0006551,R-0010,2025-10-25,82.21,app,delivery,completed
ORD-0006552,R-0010,2025-10-07,47.39,web,pickup,completed
ORD-0006553,R-0010,2025-10-18,53.76,app,pickup,completed
ORD-0006554,R-0010,2025-10-28,58.71,app,pickup,completed
ORD-0006555,R-0010,2025-10-07,62.28,web,pickup,completed
ORD-0006556,R-0010,2025-10-04,55.78,web,pickup,completed
ORD-0006557,R-0010,2025-10-11,67.42,web,delivery,completed
ORD-0006558,R-0010,2025-10-31,36.84,web,delivery,completed
ORD-0006559,R-0010,2025-10-05,24.08,app,delivery,cancelled
ORD-0006560,R-0010,2025-10-04,91.20,app,pickup,completed
ORD-0006561,R-0010,2025-10-31,31.25,web,pickup,completed
ORD-0006562,R-0010,2025-10-12,37.73,web,delivery,completed
ORD-0006563,R-0010,2025-10-05,40.70,web,delivery,Completed
ORD-0006564,R-0010,2025-10-18,38.16,web,delivery,completed
ORD-0006565,R-0010,2025-10-01,32.51,web,delivery,completed
ORD-0006566,R-0010,2025-10-13,50.74,web,delivery,Completed
ORD-0006567,R-0010,2025-10-02,50.94,web,pickup,completed
ORD-0006568,R-0010,2025-10-18,58.10,app,delivery,cancelled
ORD-0006569,R-0010,2025-10-19,56.75,app,pickup,completed
ORD-0006570,R-0010,2025-10-01,36.50,web,delivery,completed
ORD-0006571,R-0010,2025-10-17,39.40,web,delivery,completed
ORD-0006572,R-0010,2025-10-30,64.85,web,delivery,completed
ORD-0006573,R-0010,2025-10-12,37.91,web,delivery,completed
ORD-0006574,R-0010,2025-10-30,34.84,web,pickup,completed
ORD-0006575,R-0010,2025-10-31,65.24,app,pickup,completed
ORD-0006576,R-0010,2025-10-08,42.36,web,delivery,completed
ORD-0006577,R-0010,2025-10-18,38.14,web,delivery,completed
ORD-0006578,R-0010,2025-10-26,38.27,web,delivery,Completed
ORD-0006579,R-0010,2025-10-23,64.96,app,delivery,completed
ORD-0006580,R-0010,2025-10-24,57.37,web,pickup,completed
ORD-0006581,R-0010,2025-10-09,46.61,app,pickup,completed
ORD-0006582,R-0010,2025-10-29,27.57,app,delivery,completed
ORD-0006583,R-0010,2025-10-08,46.68,web,pickup,Completed
ORD-0006584,R-0010,2025-10-20,39.39,web,delivery,completed
ORD-0006585,R-0010,2025-10-28,30.32,web,pickup,completed
ORD-0006586,R-0010,2025-10-11,36.79,web,delivery,completed
ORD-0006587,R-0010,2025-10-18,59.78,web,pickup,completed
ORD-0006588,R-0010,2025-10-22,67.91,web,delivery,completed
ORD-0006589,R-0010,2025-10-30,28.72,app,pickup,completed
ORD-0006590,R-0010,2025-10-14,30.11,app,pickup,Completed
ORD-0006591,R-0010,2025-10-19,59.74,web,delivery,completed
ORD-0006592,R-0010,2025-10-04,39.53,web,delivery,cancelled
ORD-0006593,R-0010,2025-10-03,56.66,web,pickup,completed
ORD-0006594,R-0010,2025-10-01,36.42,web,delivery,completed
ORD-0006595,R-0010,2025-10-16,52.94,web,pickup,completed
ORD-0006596,R-0010,2025-10-17,27.55,web,delivery,completed
ORD-0006597,R-0010,2025-10-03,56.59,web,delivery,completed
ORD-0006598,R-0010,2025-10-06,19.45,app,pickup,completed
ORD-0006599,R-0010,2025-10-09,60.31,web,delivery,refunded
ORD-0006600,R-0010,2025-10-28,42.12,web,delivery,Completed
ORD-0006601,R-0010,2025-10-04,54.34,web,delivery,completed
ORD-0006602,R-0010,2025-10-16,46.62,web,pickup,completed
ORD-0006603,R-0010,2025-10-25,24.33,web,delivery,completed
ORD-0006604,R-0010,2025-10-27,71.14,web,delivery,COMPLETED
ORD-0006605,R-0010,2025-10-22,48.35,app,pickup,Completed
ORD-0006606,R-0010,2025-10-09,56.61,web,delivery,completed
ORD-0006607,R-0010,2025-10-04,34.16,app,delivery,completed
ORD-0006608,R-0010,2025-10-05,50.42,app,delivery,completed
ORD-0006609,R-0010,2025-10-24,28.22,app,delivery,completed
ORD-0006610,R-0010,2025-10-10,48.72,web,pickup,completed
ORD-0006611,R-0010,2025-10-11,32.42,app,pickup,completed
ORD-0006612,R-0010,2025-10-05,300.02,app,pickup,completed
ORD-0006613,R-0010,2025-10-14,53.50,web,pickup,completed
ORD-0006614,R-0010,2025-10-11,75.81,web,delivery,Completed
ORD-0006615,R-0010,2025-10-11,41.96,web,pickup,COMPLETED
ORD-0006616,R-0010,2025-10-02,49.53,web,delivery,completed
ORD-0006617,R-0010,2025-10-15,59.86,web,pickup,completed
ORD-0006618,R-0010,2025-10-04,30.84,web,pickup,completed
ORD-0006619,R-0010,2025-10-17,35.82,web,delivery,Completed
ORD-0006620,R-0010,2025-10-21,61.38,web,pickup,completed
ORD-0006621,R-0010,2025-10-17,42.46,web,delivery,completed
ORD-0006622,R-0010,2025-10-05,34.83,web,pickup,completed
ORD-0006623,R-0010,2025-10-19,36.38,app,delivery,completed
ORD-0006624,R-0010,2025-10-13,27.00,app,delivery,cancelled
ORD-0006625,R-0010,2025-10-11,22.13,web,pickup,Completed
ORD-0006626,R-0010,2025-10-05,24.42,web,delivery,completed
ORD-0006627,R-0010,2025-10-31,46.87,app,delivery,completed
ORD-0006628,R-0010,2025-10-12,59.24,web,pickup,completed
ORD-0006629,R-0010,2025-10-15,109.49,app,pickup,completed
ORD-0006630,R-0010,2025-10-03,45.36,web,delivery,refunded
ORD-0006631,R-0010,2025-10-21,26.42,web,delivery,completed
ORD-0006632,R-0010,2025-10-10,45.58,web,delivery,COMPLETED
ORD-0006633,R-0010,2025-10-24,59.93,web,delivery,completed
ORD-0006634,R-0010,2025-10-03,67.74,web,pickup,completed
ORD-0006635,R-0010,2025-10-10,65.32,web,pickup,completed
ORD-0006636,R-0010,2025-10-24,57.08,web,pickup,completed
ORD-0006637,R-0010,2025-10-12,47.74,web,delivery,completed
ORD-0006638,R-0010,2025-10-02,56.20,web,pickup,completed
ORD-0006639,R-0010,2025-10-25,29.57,app,delivery,completed
ORD-0006640,R-0010,2025-10-31,21.73,app,pickup,completed
ORD-0006641,R-0010,2025-10-12,100.83,app,pickup,completed
ORD-0006642,R-0010,2025-10-19,45.27,web,pickup,completed
ORD-0006643,R-0010,2025-10-12,56.26,app,delivery,completed
ORD-0006644,R-0010,2025-10-18,16.15,web,delivery,completed
ORD-0006645,R-0010,2025-10-24,82.13,web,pickup,completed
ORD-0006646,R-0010,2025-10-20,65.74,web,delivery,completed
ORD-0006647,R-0010,2025-10-10,25.65,web,delivery,COMPLETED
ORD-0006648,R-0010,2025-10-06,37.88,web,pickup,completed
ORD-0006649,R-0010,2025-10-17,50.90,app,pickup,COMPLETED
ORD-0006650,R-0010,2025-10-21,26.59,web,delivery,completed
ORD-0006651,R-0010,2025-10-18,55.32,web,delivery,completed
ORD-0006652,R-0010,2025-10-04,68.13,app,pickup,completed
ORD-0006653,R-0010,2025-10-11,52.01,app,delivery,completed
ORD-0006654,R-0010,2025-10-24,25.64,web,pickup,completed
ORD-0006655,R-0010,2025-10-05,31.26,app,pickup,completed
ORD-0006656,R-0010,2025-10-28,40.73,app,pickup,completed
ORD-0006657,R-0010,2025-10-15,38.86,web,pickup,completed
ORD-0006658,R-0010,2025-10-25,42.28,web,delivery,completed
ORD-0006659,R-0010,2025-10-11,41.73,app,pickup,completed
ORD-0006660,R-0010,2025-10-11,23.46,web,delivery,completed
ORD-0006661,R-0010,2025-10-31,62.28,web,pickup,completed
ORD-0006662,R-0010,2025-10-18,58.26,app,delivery,cancelled
ORD-0006663,R-0010,2025-10-04,56.02,web,pickup,completed
ORD-0006664,R-0010,2025-10-31,54.11,web,delivery,COMPLETED
ORD-0006665,R-0010,2025-10-12,41.43,web,delivery,completed
ORD-0006666,R-0010,2025-10-23,33.99,web,delivery,completed
ORD-0006667,R-0010,2025-10-04,31.48,web,delivery,COMPLETED
ORD-0006668,R-0010,2025-10-26,82.07,app,delivery,cancelled
ORD-0006669,R-0010,2025-10-31,45.72,web,pickup,completed
ORD-0006670,R-0010,2025-10-12,24.75,app,pickup,completed
ORD-0006671,R-0010,2025-10-05,45.57,web,pickup,completed
ORD-0006672,R-0010,2025-10-18,21.12,app,pickup,completed
ORD-0006673,R-0010,2025-10-05,50.55,app,delivery,completed
ORD-0006674,R-0010,2025-10-14,45.00,app,pickup,completed
ORD-0006675,R-0010,2025-10-19,37.62,web,delivery,COMPLETED
ORD-0006676,R-0010,2025-10-04,32.42,web,delivery,completed
ORD-0006677,R-0010,2025-10-30,52.65,web,delivery,COMPLETED
ORD-0006678,R-0010,2025-10-23,41.35,web,pickup,completed
ORD-0006679,R-0010,2025-10-11,22.28,web,delivery,completed
ORD-0006680,R-0010,2025-10-13,66.94,web,delivery,completed
ORD-0006681,R-0010,2025-10-26,32.41,web,pickup,Completed
ORD-0006682,R-0010,2025-10-15,26.05,app,pickup,completed
ORD-0006683,R-0010,2025-10-31,76.60,web,pickup,completed
ORD-0006684,R-0010,2025-10-03,68.49,web,delivery,COMPLETED
ORD-0006685,R-0010,2025-10-09,36.45,web,delivery,completed
ORD-0006686,R-0010,2025-10-17,28.83,app,pickup,completed
ORD-0006687,R-0010,2025-10-04,32.78,web,pickup,completed
ORD-0006688,R-0010,2025-10-11,39.12,web,delivery,COMPLETED
ORD-0006689,R-0010,2025-10-17,72.62,web,pickup,completed
ORD-0006690,R-0010,2025-10-09,69.26,app,delivery,completed
ORD-0006691,R-0010,2025-10-05,49.02,app,delivery,completed
ORD-0006692,R-0010,2025-10-09,54.41,web,delivery,completed
ORD-0006693,R-0010,2025-10-03,42.60,web,pickup,completed
ORD-0006694,R-0010,2025-10-06,30.77,web,pickup,completed
ORD-0006695,R-0010,2025-10-03,26.28,web,delivery,completed
ORD-0006696,R-0010,2025-10-30,48.14,app,pickup,completed
ORD-0006697,R-0010,2025-10-05,64.53,app,delivery,refunded
ORD-0006698,R-0010,2025-10-01,35.24,web,delivery,completed
ORD-0006699,R-0010,2025-10-31,71.85,app,pickup,COMPLETED
ORD-0006700,R-0010,2025-10-24,39.89,web,delivery,completed
ORD-0006701,R-0010,2025-10-09,44.02,web,pickup,completed
ORD-0006702,R-0010,2025-10-27,39.27,app,pickup,completed
ORD-0006703,R-0010,2025-10-27,67.76,web,pickup,cancelled
ORD-0009073,R-0013,2025-10-22,32.48,web,delivery,completed
ORD-0009074,R-0013,2025-10-15,58.41,app,pickup,Completed
ORD-0009075,R-0013,2025-10-21,23.98,web,pickup,completed
ORD-0009076,R-0013,2025-10-12,41.49,app,delivery,completed
ORD-0009077,R-0013,2025-10-03,18.47,web,delivery,completed
ORD-0009078,R-0013,2025-10-26,9.48,web,pickup,completed
ORD-0009079,R-0013,2025-10-02,23.21,web,delivery,completed
ORD-0009080,R-0013,2025-10-11,28.60,web,delivery,completed
ORD-0009081,R-0013,2025-10-18,32.56,app,pickup,COMPLETED
ORD-0009509,R-0015,2025-10-16,13.06,web,delivery,completed
ORD-0009510,R-0015,2025-10-03,25.45,web,pickup,completed
ORD-0009511,R-0015,2025-10-17,19.52,web,pickup,completed
ORD-0009512,R-0015,2025-10-31,39.95,web,pickup,completed
ORD-0009513,R-0015,2025-10-25,18.13,web,pickup,completed
ORD-0009514,R-0015,2025-10-06,24.53,web,pickup,completed
ORD-0009515,R-0015,2025-10-07,24.69,web,pickup,completed
ORD-0009516,R-0015,2025-10-10,27.99,app,pickup,completed
ORD-0009517,R-0015,2025-10-01,17.27,web,pickup,cancelled
ORD-0009518,R-0015,2025-10-03,30.15,app,pickup,completed
ORD-0009519,R-0015,2025-10-23,24.08,web,delivery,completed
ORD-0009520,R-0015,2025-10-17,29.86,web,pickup,completed
ORD-0009521,R-0015,2025-10-22,47.44,web,pickup,completed
ORD-0009522,R-0015,2025-10-23,25.02,app,pickup,completed
ORD-0009523,R-0015,2025-10-03,16.60,app,pickup,completed
ORD-0009524,R-0015,2025-10-30,56.21,app,pickup,completed
ORD-0009525,R-0015,2025-10-31,39.46,web,pickup,completed
ORD-0009526,R-0015,2025-10-02,31.69,app,pickup,completed
ORD-0009527,R-0015,2025-10-03,23.71,web,delivery,completed
ORD-0009528,R-0015,2025-10-25,35.53,web,delivery,completed
ORD-0009529,R-0015,2025-10-19,10.42,web,delivery,completed
ORD-0009530,R-0015,2025-10-31,50.61,app,delivery,completed
ORD-0009531,R-0015,2025-10-08,35.24,app,pickup,completed
ORD-0009532,R-0015,2025-10-25,23.77,web,pickup,completed
ORD-0009533,R-0015,2025-10-17,37.64,app,pickup,completed
ORD-0009534,R-0015,2025-10-18,33.70,web,delivery,completed
ORD-0009535,R-0015,2025-10-07,15.28,web,pickup,completed
ORD-0009536,R-0015,2025-10-19,27.78,web,pickup,COMPLETED
ORD-0009537,R-0015,2025-10-13,28.04,web,delivery,completed
ORD-0009538,R-0015,2025-10-07,22.43,web,delivery,completed
ORD-0009539,R-0015,2025-10-26,23.33,app,pickup,completed
ORD-0009540,R-0015,2025-10-07,35.31,web,delivery,completed
ORD-0009541,R-0015,2025-10-10,27.75,app,pickup,completed
ORD-0009542,R-0015,2025-10-03,58.53,web,pickup,completed
ORD-0009543,R-0015,2025-10-21,17.86,web,delivery,completed
ORD-0009544,R-0015,2025-10-10,30.74,app,delivery,completed
ORD-0009545,R-0015,2025-10-31,17.15,app,pickup,completed
ORD-0009546,R-0015,2025-10-24,34.57,web,delivery,COMPLETED
ORD-0009547,R-0015,2025-10-28,14.59,app,pickup,completed
ORD-0009548,R-0015,2025-10-06,26.99,web,delivery,completed
ORD-0009549,R-0015,2025-10-20,39.92,app,delivery,completed
ORD-0009550,R-0015,2025-10-27,24.33,app,pickup,completed
ORD-0009551,R-0015,2025-10-31,16.63,web,pickup,COMPLETED
ORD-0009552,R-0015,2025-10-20,36.00,app,pickup,completed
ORD-0009553,R-0015,2025-10-30,27.85,web,delivery,COMPLETED
ORD-0009554,R-0015,2025-10-05,24.74,web,delivery,Completed
ORD-0009555,R-0015,2025-10-02,15.56,web,delivery,completed
ORD-0009556,R-0015,2025-10-15,11.74,web,delivery,Completed
ORD-0009557,R-0015,2025-10-10,68.96,web,pickup,completed
ORD-0009558,R-0015,2025-10-29,18.50,web,pickup,completed
ORD-0009559,R-0015,2025-10-01,15.39,web,pickup,REFUNDED
ORD-0009560,R-0015,2025-10-10,29.49,app,pickup,completed
ORD-0009561,R-0015,2025-10-11,16.43,web,pickup,completed
ORD-0009562,R-0015,2025-10-23,29.59,app,pickup,completed
ORD-0009563,R-0015,2025-10-01,43.02,app,pickup,COMPLETED
ORD-0009564,R-0015,2025-10-26,16.15,app,pickup,completed
ORD-0009565,R-0015,2025-10-30,20.86,app,pickup,completed
ORD-0009566,R-0015,2025-10-16,28.73,web,delivery,completed
ORD-0009567,R-0015,2025-10-04,15.05,app,pickup,completed
ORD-0009568,R-0015,2025-10-02,15.95,app,pickup,completed
ORD-0009569,R-0015,2025-10-09,22.60,app,pickup,completed
ORD-0009570,R-0015,2025-10-04,60.70,web,pickup,completed
ORD-0009571,R-0015,2025-10-16,16.36,app,pickup,COMPLETED
ORD-0009572,R-0015,2025-10-13,21.01,web,pickup,Completed
ORD-0009573,R-0015,2025-10-06,70.57,web,pickup,completed
ORD-0009574,R-0015,2025-10-26,36.40,web,pickup,completed
ORD-0010609,R-0017,2025-10-09,33.18,web,delivery,completed
ORD-0010610,R-0017,2025-10-30,69.90,app,delivery,completed
ORD-0010611,R-0017,2025-10-11,26.04,app,pickup,completed
ORD-0010612,R-0017,2025-10-11,38.42,web,delivery,completed
ORD-0010613,R-0017,2025-10-04,24.47,web,pickup,completed
ORD-0010614,R-0017,2025-10-09,21.79,web,pickup,COMPLETED
ORD-0010615,R-0017,2025-10-11,62.66,web,delivery,completed
ORD-0010616,R-0017,2025-10-09,15.11,web,delivery,completed
ORD-0010617,R-0017,2025-10-08,28.07,web,delivery,completed
ORD-0010618,R-0017,2025-10-30,48.36,web,delivery,completed
ORD-0010619,R-0017,2025-10-18,19.10,web,delivery,completed
ORD-0010620,R-0017,2025-10-02,24.26,web,delivery,completed
ORD-0010621,R-0017,2025-10-30,37.43,app,delivery,completed
ORD-0010622,R-0017,2025-10-25,21.18,app,delivery,completed
ORD-0010623,R-0017,2025-10-04,33.86,app,delivery,Completed
ORD-0010624,R-0017,2025-10-08,22.25,app,delivery,completed
ORD-0010625,R-0017,2025-10-06,42.69,app,pickup,completed
ORD-0010626,R-0017,2025-10-22,42.23,web,pickup,completed
ORD-0010627,R-0017,2025-10-19,26.43,web,delivery,Completed
ORD-0010628,R-0017,2025-10-24,12.71,web,delivery,completed
ORD-0010629,R-0017,2025-10-17,35.84,app,pickup,completed
ORD-0010630,R-0017,2025-10-10,41.86,app,delivery,completed
ORD-0010631,R-0017,2025-10-08,33.27,web,pickup,completed
ORD-0010632,R-0017,2025-10-21,32.00,web,pickup,completed
ORD-0010633,R-0017,2025-10-12,33.19,web,pickup,completed
ORD-0010634,R-0017,2025-10-12,27.56,web,delivery,completed
ORD-0010635,R-0017,2025-10-07,22.41,app,delivery,completed
ORD-0010636,R-0017,2025-10-25,30.92,web,delivery,Completed
ORD-0010637,R-0017,2025-10-19,28.38,app,delivery,completed
ORD-0010638,R-0017,2025-10-07,34.81,app,pickup,COMPLETED
ORD-0010639,R-0017,2025-10-13,21.70,web,pickup,completed
ORD-0010640,R-0017,2025-10-23,24.67,web,pickup,cancelled
ORD-0010641,R-0017,2025-10-22,28.83,web,delivery,completed
ORD-0010642,R-0017,2025-10-14,22.25,app,delivery,completed
ORD-0010643,R-0017,2025-10-21,18.31,web,delivery,Completed
ORD-0010644,R-0017,2025-10-19,36.86,app,pickup,completed
ORD-0010645,R-0017,2025-10-03,20.28,web,delivery,completed
ORD-0010646,R-0017,2025-10-18,32.03,web,pickup,completed
ORD-0010647,R-0017,2025-10-02,32.96,app,pickup,completed
ORD-0010648,R-0017,2025-10-25,46.72,web,delivery,completed
ORD-0010649,R-0017,2025-10-26,61.25,app,pickup,completed
ORD-0010650,R-0017,2025-10-02,41.90,web,delivery,Completed
ORD-0010651,R-0017,2025-10-11,24.35,web,delivery,completed
ORD-0010652,R-0017,2025-10-25,27.59,app,delivery,completed
ORD-0010653,R-0017,2025-10-21,30.69,web,delivery,completed
ORD-0010654,R-0017,2025-10-12,29.65,web,pickup,completed
ORD-0010655,R-0017,2025-10-09,29.32,web,pickup,completed
ORD-0010656,R-0017,2025-10-10,44.24,web,pickup,completed
ORD-0010657,R-0017,2025-10-04,31.42,web,delivery,completed
ORD-0010658,R-0017,2025-10-31,39.95,web,pickup,completed
ORD-0010659,R-0017,2025-10-21,19.77,web,pickup,completed
ORD-0010660,R-0017,2025-10-18,34.97,app,delivery,completed
ORD-0010661,R-0017,2025-10-31,18.07,web,delivery,completed
ORD-0010662,R-0017,2025-10-12,42.47,app,pickup,completed
ORD-0010663,R-0017,2025-10-27,26.37,web,pickup,completed
ORD-0010664,R-0017,2025-10-28,18.29,web,pickup,completed
ORD-0010665,R-0017,2025-10-04,27.67,web,pickup,completed
ORD-0010666,R-0017,2025-10-31,34.84,app,delivery,completed
ORD-0010667,R-0017,2025-10-24,20.61,web,pickup,COMPLETED
ORD-0010668,R-0017,2025-10-11,23.01,app,delivery,completed
ORD-0010669,R-0017,2025-10-12,26.68,web,delivery,completed
ORD-0010670,R-0017,2025-10-03,38.87,app,delivery,completed
ORD-0010671,R-0017,2025-10-25,16.26,web,pickup,completed
ORD-0010672,R-0017,2025-10-10,34.66,web,pickup,completed
ORD-0010673,R-0017,2025-10-11,27.86,app,delivery,completed
ORD-0010674,R-0017,2025-10-17,41.81,app,pickup,completed
ORD-0010675,R-0017,2025-10-17,34.05,web,delivery,Completed
ORD-0010676,R-0017,2025-10-07,42.28,web,delivery,Completed
ORD-0010677,R-0017,2025-10-01,31.62,web,delivery,completed
ORD-0010678,R-0017,2025-10-23,19.24,web,delivery,completed
ORD-0010679,R-0017,2025-10-14,31.80,web,delivery,completed
ORD-0010680,R-0017,2025-10-23,32.42,web,pickup,completed
ORD-0010681,R-0017,2025-10-12,24.32,app,pickup,completed
ORD-0010682,R-0017,2025-10-12,25.46,app,pickup,completed
ORD-0010683,R-0017,2025-10-29,13.32,web,delivery,completed
ORD-0010684,R-0017,2025-10-09,34.81,web,pickup,completed
ORD-0010685,R-0017,2025-10-12,28.72,web,pickup,completed
ORD-0010686,R-0017,2025-10-11,25.15,app,delivery,completed
ORD-0010687,R-0017,2025-10-06,20.37,web,delivery,completed
ORD-0010688,R-0017,2025-10-06,23.80,app,delivery,completed
ORD-0010689,R-0017,2025-10-30,31.67,web,pickup,completed
ORD-0010690,R-0017,2025-10-03,31.60,app,pickup,cancelled
ORD-0010691,R-0017,2025-10-23,24.99,web,pickup,completed
ORD-0010692,R-0017,2025-10-04,20.54,web,delivery,completed
ORD-0010693,R-0017,2025-10-05,26.89,web,delivery,completed
ORD-0010694,R-0017,2025-10-24,23.11,web,delivery,completed
ORD-0010695,R-0017,2025-10-19,27.87,web,delivery,completed
ORD-0010696,R-0017,2025-10-11,36.02,web,pickup,cancelled
ORD-0010697,R-0017,2025-10-08,23.37,web,pickup,completed
ORD-0011316,R-0020,2025-10-27,14.60,web,delivery,completed
ORD-0011317,R-0020,2025-10-18,31.62,web,pickup,completed
ORD-0011318,R-0020,2025-10-18,25.65,app,delivery,completed
ORD-0011319,R-0020,2025-10-16,25.99,app,delivery,completed
ORD-0011320,R-0020,2025-10-21,30.68,app,pickup,completed
ORD-0011321,R-0020,2025-10-25,21.00,app,delivery,completed
ORD-0011322,R-0020,2025-10-24,37.08,app,delivery,COMPLETED
ORD-0011323,R-0020,2025-10-16,45.81,app,delivery,completed
ORD-0011324,R-0020,2025-10-31,23.41,web,delivery,completed
ORD-0011325,R-0020,2025-10-21,20.10,app,delivery,completed
ORD-0011326,R-0020,2025-10-15,36.24,web,delivery,completed
ORD-0011327,R-0020,2025-10-25,35.64,app,delivery,completed
ORD-0011328,R-0020,2025-10-15,14.22,app,pickup,Completed
ORD-0011329,R-0020,2025-10-30,28.63,app,delivery,completed
ORD-0011330,R-0020,2025-10-25,33.29,app,delivery,completed
ORD-0011331,R-0020,2025-10-20,23.42,app,pickup,completed
ORD-0011332,R-0020,2025-10-20,39.17,app,pickup,completed
ORD-0012739,R-0023,2025-10-09,21.95,app,delivery,completed
ORD-0012740,R-0023,2025-10-13,7.67,web,delivery,completed
ORD-0012741,R-0023,2025-10-04,26.52,web,delivery,Completed
ORD-0012742,R-0023,2025-10-30,18.27,app,delivery,completed
ORD-0012743,R-0023,2025-10-09,16.00,web,delivery,completed
ORD-0012744,R-0023,2025-10-18,25.03,app,delivery,completed
ORD-0012745,R-0023,2025-10-12,19.21,app,pickup,completed
ORD-0012746,R-0023,2025-10-11,23.11,app,delivery,completed
ORD-0012747,R-0023,2025-10-05,17.15,app,delivery,completed
ORD-0012748,R-0023,2025-10-31,16.87,app,delivery,completed
ORD-0012749,R-0023,2025-10-10,33.56,app,delivery,completed
ORD-0012750,R-0023,2025-10-12,22.30,app,delivery,completed
ORD-0012751,R-0023,2025-10-06,23.32,app,delivery,COMPLETED
ORD-0012752,R-0023,2025-10-19,16.77,app,delivery,COMPLETED
ORD-0012753,R-0023,2025-10-03,32.97,app,pickup,completed
ORD-0012754,R-0023,2025-10-21,21.44,app,delivery,completed
ORD-0012755,R-0023,2025-10-16,17.14,app,delivery,completed
ORD-0012756,R-0023,2025-10-20,33.18,app,delivery,completed
ORD-0012757,R-0023,2025-10-01,17.14,web,delivery,completed
ORD-0012758,R-0023,2025-10-21,21.22,app,delivery,completed
ORD-0012759,R-0023,2025-10-02,12.01,app,delivery,completed
ORD-0012760,R-0023,2025-10-29,15.23,app,delivery,COMPLETED
ORD-0012761,R-0023,2025-10-25,29.29,web,delivery,completed
ORD-0012762,R-0023,2025-10-04,20.84,app,delivery,completed
ORD-0012763,R-0023,2025-10-18,22.10,app,delivery,completed
ORD-0012764,R-0023,2025-10-30,18.98,web,delivery,completed
ORD-0012765,R-0023,2025-10-08,19.31,app,delivery,completed
ORD-0012766,R-0023,2025-10-03,17.03,app,delivery,completed
ORD-0012767,R-0023,2025-10-13,16.23,app,pickup,completed
ORD-0012768,R-0023,2025-10-04,18.85,app,delivery,completed
ORD-0012769,R-0023,2025-10-25,18.88,app,delivery,completed
ORD-0012770,R-0023,2025-10-29,23.83,web,delivery,completed
ORD-0012771,R-0023,2025-10-14,23.51,app,delivery,completed
ORD-0012772,R-0023,2025-10-31,36.60,app,delivery,completed
ORD-0012773,R-0023,2025-10-06,26.20,app,delivery,completed
ORD-0012774,R-0023,2025-10-29,13.68,app,delivery,completed
ORD-0012775,R-0023,2025-10-11,16.15,web,delivery,completed
ORD-0012776,R-0023,2025-10-28,28.89,app,pickup,completed
ORD-0012777,R-0023,2025-10-29,25.85,web,delivery,COMPLETED
ORD-0012778,R-0023,2025-10-11,32.63,web,delivery,completed
ORD-0012779,R-0023,2025-10-01,19.67,web,delivery,completed
ORD-0012780,R-0023,2025-10-10,19.12,app,pickup,COMPLETED
ORD-0012781,R-0023,2025-10-14,22.68,app,delivery,completed
ORD-0012782,R-0023,2025-10-31,12.08,app,delivery,Completed
ORD-0012783,R-0023,2025-10-22,18.16,app,delivery,completed
ORD-0012784,R-0023,2025-10-20,44.13,app,delivery,COMPLETED
ORD-0012785,R-0023,2025-10-20,17.20,web,delivery,completed
ORD-0012786,R-0023,2025-10-12,21.14,app,delivery,completed
ORD-0012787,R-0023,2025-10-22,18.12,web,delivery,completed
ORD-0012788,R-0023,2025-10-09,36.57,app,delivery,completed
ORD-0012789,R-0023,2025-10-24,13.06,app,delivery,completed
ORD-0012790,R-0023,2025-10-20,26.01,app,delivery,completed
ORD-0012791,R-0023,2025-10-24,18.05,web,delivery,completed
ORD-0012792,R-0023,2025-10-05,16.28,app,delivery,completed
ORD-0012793,R-0023,2025-10-18,10.67,web,delivery,completed
ORD-0012794,R-0023,2025-10-06,39.90,web,delivery,COMPLETED
ORD-0012795,R-0023,2025-10-10,28.66,app,delivery,completed
ORD-0012796,R-0023,2025-10-25,12.32,app,delivery,Cancelled
ORD-0012797,R-0023,2025-10-13,11.73,app,delivery,completed
ORD-0012798,R-0023,2025-10-02,15.10,web,delivery,completed
ORD-0012799,R-0023,2025-10-28,24.19,web,delivery,completed
ORD-0012800,R-0023,2025-10-04,20.18,app,delivery,completed
ORD-0012801,R-0023,2025-10-16,13.53,web,delivery,completed
ORD-0012802,R-0023,2025-10-15,19.06,web,delivery,completed
ORD-0012803,R-0023,2025-10-12,35.86,app,pickup,completed
ORD-0012804,R-0023,2025-10-01,25.17,app,delivery,completed
ORD-0012805,R-0023,2025-10-09,9.37,app,delivery,COMPLETED
ORD-0012806,R-0023,2025-10-05,13.80,app,delivery,completed
ORD-0012807,R-0023,2025-10-05,20.16,app,delivery,Completed
ORD-0012808,R-0023,2025-10-04,22.48,web,delivery,completed
ORD-0012809,R-0023,2025-10-26,36.47,app,delivery,completed
ORD-0012810,R-0023,2025-10-04,21.19,web,delivery,completed
ORD-0012811,R-0023,2025-10-11,26.56,web,delivery,completed
ORD-0012812,R-0023,2025-10-18,8.65,app,delivery,completed
ORD-0012813,R-0023,2025-10-02,16.73,web,delivery,completed
ORD-0012814,R-0023,2025-10-17,28.37,web,delivery,completed
ORD-0012815,R-0023,2025-10-15,42.86,app,pickup,completed
ORD-0012816,R-0023,2025-10-27,11.35,app,delivery,completed
ORD-0012817,R-0023,2025-10-04,19.82,app,delivery,completed
ORD-0012818,R-0023,2025-10-03,10.30,web,delivery,COMPLETED
ORD-0012819,R-0023,2025-10-05,19.56,web,delivery,completed
ORD-0012820,R-0023,2025-10-15,30.25,app,pickup,completed
ORD-0012821,R-0023,2025-10-04,31.11,app,pickup,COMPLETED
ORD-0012822,R-0023,2025-10-19,20.85,app,delivery,completed
ORD-0012823,R-0023,2025-10-25,19.13,web,delivery,completed
ORD-0012824,R-0023,2025-10-18,62.06,app,delivery,completed
ORD-0012825,R-0023,2025-10-11,19.45,app,delivery,completed
ORD-0012826,R-0023,2025-10-14,15.70,web,delivery,completed
ORD-0012827,R-0023,2025-10-08,15.62,app,delivery,completed
ORD-0012828,R-0023,2025-10-26,11.62,app,delivery,completed
ORD-0012829,R-0023,2025-10-11,25.48,app,delivery,completed
ORD-0012830,R-0023,2025-10-27,25.72,app,pickup,completed
ORD-0012831,R-0023,2025-10-31,27.38,web,delivery,completed
ORD-0012832,R-0023,2025-10-09,27.09,web,delivery,completed
ORD-0012833,R-0023,2025-10-27,15.41,app,delivery,completed
ORD-0012834,R-0023,2025-10-26,19.87,app,delivery,completed
ORD-0012835,R-0023,2025-10-19,34.16,web,pickup,completed
ORD-0012836,R-0023,2025-10-26,17.52,app,delivery,COMPLETED
ORD-0012837,R-0023,2025-10-13,15.62,web,delivery,completed
ORD-0012838,R-0023,2025-10-19,32.02,web,delivery,completed
ORD-0012839,R-0023,2025-10-13,14.19,web,delivery,cancelled
ORD-0012840,R-0023,2025-10-31,13.28,web,delivery,completed
ORD-0012841,R-0023,2025-10-17,13.80,web,delivery,completed
ORD-0012842,R-0023,2025-10-08,59.88,web,delivery,completed
ORD-0012843,R-0023,2025-10-21,29.80,web,delivery,cancelled
ORD-0012844,R-0023,2025-10-24,27.47,app,pickup,completed
ORD-0012845,R-0023,2025-10-27,13.38,app,delivery,completed
ORD-0012846,R-0023,2025-10-01,24.18,web,delivery,completed
ORD-0012847,R-0023,2025-10-24,42.72,app,delivery,completed
ORD-0014448,R-0024,2025-10-29,40.01,app,delivery,completed
ORD-0014449,R-0024,2025-10-26,28.84,app,delivery,completed
ORD-0014450,R-0024,2025-10-27,20.47,app,pickup,COMPLETED
ORD-0014451,R-0024,2025-10-07,38.63,web,delivery,completed
ORD-0014452,R-0024,2025-10-16,23.51,web,delivery,completed
ORD-0014453,R-0024,2025-10-14,23.31,app,delivery,completed
ORD-0014454,R-0024,2025-10-28,51.27,app,pickup,COMPLETED
ORD-0014455,R-0024,2025-10-13,10.22,web,delivery,completed
ORD-0014456,R-0024,2025-10-30,16.21,web,delivery,completed
ORD-0014457,R-0024,2025-10-26,32.46,app,delivery,COMPLETED
ORD-0014458,R-0024,2025-10-28,16.27,app,delivery,COMPLETED
ORD-0014459,R-0024,2025-10-08,16.19,app,pickup,completed
ORD-0014460,R-0024,2025-10-31,36.65,app,delivery,completed
ORD-0014461,R-0024,2025-10-15,18.26,app,pickup,completed
ORD-0014462,R-0024,2025-10-07,28.10,app,delivery,completed
ORD-0014463,R-0024,2025-10-22,21.74,web,delivery,completed
ORD-0014464,R-0024,2025-10-28,27.88,app,pickup,completed
ORD-0014465,R-0024,2025-10-24,25.03,app,delivery,completed
ORD-0014466,R-0024,2025-10-24,36.81,app,delivery,Completed
ORD-0014467,R-0024,2025-10-30,35.73,web,delivery,completed
ORD-0014468,R-0024,2025-10-31,19.53,app,delivery,completed
ORD-0014469,R-0024,2025-10-26,13.38,web,delivery,completed
ORD-0014470,R-0024,2025-10-25,24.60,app,delivery,completed
ORD-0014471,R-0024,2025-10-14,18.95,app,delivery,completed
ORD-0014472,R-0024,2025-10-17,19.38,app,delivery,completed
ORD-0014473,R-0024,2025-10-19,12.72,app,delivery,COMPLETED
ORD-0014474,R-0024,2025-10-18,21.98,app,delivery,completed
ORD-0014475,R-0024,2025-10-26,26.45,web,pickup,completed
ORD-0014476,R-0024,2025-10-31,20.37,app,delivery,completed
ORD-0014477,R-0024,2025-10-10,25.47,app,delivery,completed
ORD-0014478,R-0024,2025-10-25,34.00,app,pickup,completed
ORD-0014479,R-0024,2025-10-21,43.21,web,delivery,completed
ORD-0014480,R-0024,2025-10-24,48.99,web,pickup,completed
ORD-0014481,R-0024,2025-10-18,19.88,web,delivery,completed
ORD-0014482,R-0024,2025-10-24,19.08,app,pickup,completed
ORD-0014483,R-0024,2025-10-22,13.61,app,pickup,completed
ORD-0014484,R-0024,2025-10-23,33.70,web,delivery,completed
ORD-0014485,R-0024,2025-10-31,28.04,web,delivery,completed
ORD-0014486,R-0024,2025-10-06,43.23,app,pickup,completed
ORD-0014487,R-0024,2025-10-12,28.01,web,delivery,completed
ORD-0014488,R-0024,2025-10-22,19.12,app,delivery,completed
ORD-0014489,R-0024,2025-10-15,23.59,app,delivery,completed
ORD-0014490,R-0024,2025-10-17,23.77,app,delivery,completed
ORD-0014491,R-0024,2025-10-17,19.32,web,delivery,completed
ORD-0014492,R-0024,2025-10-25,26.92,web,delivery,completed
ORD-0014493,R-0024,2025-10-06,16.78,web,pickup,completed
ORD-0014494,R-0024,2025-10-17,46.12,app,delivery,completed
ORD-0014495,R-0024,2025-10-23,11.83,app,delivery,cancelled
ORD-0014496,R-0024,2025-10-16,39.54,app,delivery,completed
ORD-0014497,R-0024,2025-10-06,19.56,app,pickup,completed
ORD-0014498,R-0024,2025-10-30,7.26,app,delivery,completed
ORD-0014499,R-0024,2025-10-15,11.45,app,pickup,completed
ORD-0014500,R-0024,2025-10-30,23.42,web,pickup,completed
ORD-0014501,R-0024,2025-10-30,20.22,app,delivery,completed
ORD-0014502,R-0024,2025-10-09,28.48,app,delivery,completed
ORD-0014503,R-0024,2025-10-22,20.19,app,delivery,completed
ORD-0014504,R-0024,2025-10-12,32.99,app,delivery,completed
ORD-0014505,R-0024,2025-10-10,26.11,web,pickup,completed
ORD-0014506,R-0024,2025-10-19,34.00,app,pickup,completed
ORD-0014507,R-0024,2025-10-19,37.17,web,delivery,completed
ORD-0014508,R-0024,2025-10-28,29.67,app,pickup,completed
ORD-0014509,R-0024,2025-10-23,21.28,app,delivery,completed
ORD-0014510,R-0024,2025-10-24,46.74,app,delivery,completed
ORD-0014511,R-0024,2025-10-25,25.28,web,delivery,completed
ORD-0014512,R-0024,2025-10-06,17.83,app,delivery,completed
ORD-0014513,R-0024,2025-10-15,20.19,app,pickup,completed
ORD-0014514,R-0024,2025-10-21,28.22,app,delivery,Completed
ORD-0014515,R-0024,2025-10-25,39.22,app,pickup,completed
ORD-0014516,R-0024,2025-10-26,34.22,app,delivery,cancelled
ORD-0014517,R-0024,2025-10-28,31.72,app,pickup,Completed
ORD-0016555,R-0025,2025-10-18,14.53,web,delivery,completed
ORD-0016556,R-0025,2025-10-24,16.98,web,pickup,COMPLETED
ORD-0016557,R-0025,2025-10-10,31.46,app,delivery,completed
ORD-0016558,R-0025,2025-10-30,28.27,web,delivery,completed
ORD-0016559,R-0025,2025-10-10,19.90,app,delivery,completed
ORD-0016560,R-0025,2025-10-31,21.21,app,delivery,completed
ORD-0016561,R-0025,2025-10-04,14.61,app,pickup,completed
ORD-0016562,R-0025,2025-10-03,14.95,web,delivery,completed
ORD-0016563,R-0025,2025-10-16,25.31,app,pickup,completed
ORD-0016564,R-0025,2025-10-01,18.70,web,delivery,completed
ORD-0016565,R-0025,2025-10-25,20.90,web,delivery,COMPLETED
ORD-0016566,R-0025,2025-10-23,27.71,app,delivery,completed
ORD-0016567,R-0025,2025-10-01,25.56,web,delivery,completed
ORD-0016568,R-0025,2025-10-03,21.70,web,delivery,completed
ORD-0016569,R-0025,2025-10-15,33.41,app,delivery,completed
ORD-0016570,R-0025,2025-10-31,19.48,web,pickup,completed
ORD-0016571,R-0025,2025-10-26,16.71,web,pickup,completed
ORD-0016572,R-0025,2025-10-11,14.99,web,pickup,completed
ORD-0016573,R-0025,2025-10-10,36.23,app,pickup,completed
ORD-0016574,R-0025,2025-10-23,17.41,web,delivery,completed
ORD-0016575,R-0025,2025-10-10,23.70,web,pickup,completed
ORD-0016576,R-0025,2025-10-23,42.69,app,delivery,COMPLETED
ORD-0016577,R-0025,2025-10-02,16.43,app,delivery,Completed
ORD-0016578,R-0025,2025-10-26,24.57,app,delivery,completed
ORD-0016579,R-0025,2025-10-06,22.70,web,delivery,completed
ORD-0016580,R-0025,2025-10-11,23.98,app,delivery,Completed
ORD-0016581,R-0025,2025-10-23,30.33,web,delivery,completed
ORD-0016582,R-0025,2025-10-07,25.03,web,delivery,Refunded
ORD-0016583,R-0025,2025-10-31,25.22,web,delivery,completed
ORD-0016584,R-0025,2025-10-11,43.00,app,delivery,completed
ORD-0016585,R-0025,2025-10-18,13.88,web,pickup,CANCELLED
ORD-0016586,R-0025,2025-10-27,14.28,app,delivery,Completed
ORD-0016587,R-0025,2025-10-31,23.04,app,delivery,completed
ORD-0016588,R-0025,2025-10-29,26.33,app,delivery,completed
ORD-0016589,R-0025,2025-10-29,21.51,web,delivery,COMPLETED
ORD-0016590,R-0025,2025-10-23,17.25,web,pickup,completed
ORD-0016591,R-0025,2025-10-04,37.08,web,delivery,completed
ORD-0016592,R-0025,2025-10-08,29.19,web,delivery,completed
ORD-0016593,R-0025,2025-10-21,17.61,app,delivery,completed
ORD-0016594,R-0025,2025-10-20,39.28,web,pickup,COMPLETED
ORD-0016595,R-0025,2025-10-20,18.81,app,delivery,completed
ORD-0016596,R-0025,2025-10-04,21.40,web,pickup,completed
ORD-0016597,R-0025,2025-10-09,12.63,app,pickup,completed
ORD-0016598,R-0025,2025-10-19,25.91,web,delivery,COMPLETED
ORD-0016599,R-0025,2025-10-15,43.48,web,delivery,completed
ORD-0016600,R-0025,2025-10-20,42.89,app,pickup,completed
ORD-0016601,R-0025,2025-10-08,19.21,app,delivery,completed
ORD-0016602,R-0025,2025-10-17,19.44,web,delivery,completed
ORD-0016603,R-0025,2025-10-02,22.01,app,delivery,COMPLETED
ORD-0016604,R-0025,2025-10-02,36.38,web,delivery,completed
ORD-0016605,R-0025,2025-10-10,25.37,app,delivery,completed
ORD-0016606,R-0025,2025-10-01,29.06,app,delivery,completed
ORD-0016607,R-0025,2025-10-12,30.25,web,delivery,completed
ORD-0016608,R-0025,2025-10-10,35.37,web,delivery,completed
ORD-0016609,R-0025,2025-10-16,29.72,web,pickup,completed
ORD-0016610,R-0025,2025-10-03,18.77,web,pickup,completed
ORD-0016611,R-0025,2025-10-14,23.10,web,delivery,completed
ORD-0016878,R-0027,2025-10-14,18.75,web,delivery,COMPLETED
ORD-0016879,R-0027,2025-10-01,19.57,app,delivery,Completed
ORD-0016880,R-0027,2025-10-02,17.80,app,delivery,completed
ORD-0016881,R-0027,2025-10-24,37.84,app,delivery,completed
ORD-0016882,R-0027,2025-10-26,8.01,app,delivery,completed
ORD-0016883,R-0027,2025-10-31,26.13,app,pickup,completed
ORD-0016884,R-0027,2025-10-03,26.12,app,delivery,completed
ORD-0016885,R-0027,2025-10-16,25.07,app,pickup,completed
ORD-0016886,R-0027,2025-10-03,23.88,app,delivery,Completed
ORD-0016887,R-0027,2025-10-18,42.50,app,delivery,completed
ORD-0016888,R-0027,2025-10-20,23.33,app,delivery,completed
ORD-0016889,R-0027,2025-10-17,22.55,app,pickup,completed
ORD-0017169,R-0028,2025-10-08,29.86,app,pickup,Completed
ORD-0017170,R-0028,2025-10-30,24.53,web,delivery,completed
ORD-0017171,R-0028,2025-10-25,30.04,web,delivery,completed
ORD-0017172,R-0028,2025-10-18,32.71,web,pickup,completed
ORD-0017173,R-0028,2025-10-04,40.74,web,delivery,completed
ORD-0017174,R-0028,2025-10-18,20.06,app,delivery,COMPLETED
ORD-0017175,R-0028,2025-10-02,34.00,app,delivery,completed
ORD-0017176,R-0028,2025-10-03,51.13,web,delivery,completed
ORD-0017177,R-0028,2025-10-22,27.27,web,pickup,completed
ORD-0017178,R-0028,2025-10-05,24.42,app,delivery,completed
ORD-0017179,R-0028,2025-10-03,44.75,web,delivery,completed
ORD-0017180,R-0028,2025-10-14,21.92,web,pickup,completed
ORD-0017181,R-0028,2025-10-31,22.22,app,pickup,completed
ORD-0017182,R-0028,2025-10-24,19.11,web,delivery,completed
ORD-0017183,R-0028,2025-10-17,37.59,web,pickup,completed
ORD-0017184,R-0028,2025-10-05,22.53,app,delivery,COMPLETED
ORD-0017185,R-0028,2025-10-08,18.42,app,delivery,completed
ORD-0017186,R-0028,2025-10-25,33.84,web,delivery,completed
ORD-0017187,R-0028,2025-10-03,23.77,web,delivery,CANCELLED
ORD-0017188,R-0028,2025-10-18,38.66,web,pickup,completed
ORD-0017189,R-0028,2025-10-29,34.88,app,pickup,completed
ORD-0017190,R-0028,2025-10-15,30.75,web,delivery,refunded
ORD-0017191,R-0028,2025-10-30,23.97,web,pickup,completed
ORD-0017192,R-0028,2025-10-24,41.03,web,delivery,completed
ORD-0017193,R-0028,2025-10-22,19.89,app,pickup,completed
ORD-0017194,R-0028,2025-10-13,41.90,app,delivery,completed
ORD-0017195,R-0028,2025-10-05,30.32,web,pickup,completed
ORD-0017196,R-0028,2025-10-08,29.23,web,pickup,Completed
ORD-0017197,R-0028,2025-10-05,36.13,app,delivery,completed
ORD-0017198,R-0028,2025-10-23,43.72,web,delivery,completed
ORD-0017199,R-0028,2025-10-18,35.48,app,delivery,completed
ORD-0017200,R-0028,2025-10-18,28.48,app,delivery,completed
ORD-0017201,R-0028,2025-10-11,38.51,app,delivery,completed
ORD-0017202,R-0028,2025-10-08,41.81,app,delivery,completed
ORD-0017203,R-0028,2025-10-24,43.76,web,delivery,completed
ORD-0017204,R-0028,2025-10-08,32.05,web,pickup,completed
ORD-0017205,R-0028,2025-10-04,34.89,web,delivery,completed
ORD-0017206,R-0028,2025-10-16,33.84,app,pickup,completed
ORD-0017207,R-0028,2025-10-23,38.63,app,delivery,completed
ORD-0017208,R-0028,2025-10-01,29.08,web,delivery,completed
ORD-0019516,R-0033,2025-10-28,20.09,web,delivery,completed
ORD-0019517,R-0033,2025-10-26,24.93,app,delivery,completed
ORD-0019644,R-0035,2025-10-03,91.39,web,delivery,completed
ORD-0019645,R-0035,2025-10-08,43.92,web,delivery,COMPLETED
ORD-0019646,R-0035,2025-10-05,43.74,app,pickup,completed
ORD-0019647,R-0035,2025-10-27,41.75,app,delivery,COMPLETED
ORD-0019648,R-0035,2025-10-28,57.54,web,delivery,completed
ORD-0019649,R-0035,2025-10-18,70.24,web,pickup,completed
ORD-0019650,R-0035,2025-10-10,112.44,web,delivery,completed
ORD-0019651,R-0035,2025-10-09,46.92,web,delivery,Completed
ORD-0019652,R-0035,2025-10-15,61.16,web,delivery,completed
ORD-0019653,R-0035,2025-10-29,57.03,web,delivery,completed
ORD-0019654,R-0035,2025-10-21,70.12,web,delivery,completed
ORD-0019655,R-0035,2025-10-28,60.02,app,pickup,completed
ORD-0019656,R-0035,2025-10-20,47.52,web,delivery,completed
ORD-0019657,R-0035,2025-10-07,63.76,app,pickup,completed
ORD-0020347,R-0037,2025-10-26,31.33,web,pickup,completed
ORD-0020348,R-0037,2025-10-10,35.36,web,delivery,completed
ORD-0020349,R-0037,2025-10-05,29.38,web,pickup,completed
ORD-0020350,R-0037,2025-10-25,41.23,app,delivery,completed
ORD-0020351,R-0037,2025-10-11,52.04,web,pickup,completed
ORD-0020352,R-0037,2025-10-04,34.81,web,pickup,completed
ORD-0020353,R-0037,2025-10-25,24.33,web,delivery,Completed
ORD-0020354,R-0037,2025-10-20,31.34,web,pickup,completed
ORD-0020355,R-0037,2025-10-26,43.49,web,pickup,completed
ORD-0020356,R-0037,2025-10-16,41.81,web,delivery,completed
ORD-0020357,R-0037,2025-10-17,30.39,web,pickup,completed
ORD-0020358,R-0037,2025-10-17,20.64,app,delivery,completed
ORD-0020359,R-0037,2025-10-31,48.75,app,delivery,Completed
ORD-0020360,R-0037,2025-10-11,31.46,app,delivery,completed
ORD-0020361,R-0037,2025-10-03,38.12,app,delivery,completed
ORD-0020362,R-0037,2025-10-04,64.21,web,delivery,completed
ORD-0020363,R-0037,2025-10-05,40.39,app,delivery,completed
ORD-0020364,R-0037,2025-10-01,38.67,app,delivery,completed
ORD-0020365,R-0037,2025-10-02,29.33,web,delivery,completed
ORD-0020366,R-0037,2025-10-04,42.30,app,pickup,Completed
ORD-0020367,R-0037,2025-10-26,16.24,web,delivery,completed
ORD-0020368,R-0037,2025-10-08,14.56,app,pickup,completed
ORD-0020369,R-0037,2025-10-27,33.01,web,pickup,completed
ORD-0020370,R-0037,2025-10-05,19.87,web,pickup,completed
ORD-0020371,R-0037,2025-10-30,54.20,web,delivery,Completed
ORD-0020372,R-0037,2025-10-29,43.65,app,delivery,completed
ORD-0020373,R-0037,2025-10-28,53.27,app,delivery,completed
ORD-0020374,R-0037,2025-10-18,29.49,web,pickup,completed
ORD-0020375,R-0037,2025-10-11,37.02,web,delivery,completed
ORD-0020376,R-0037,2025-10-20,30.05,web,delivery,completed
ORD-0020377,R-0037,2025-10-08,27.77,web,delivery,completed
ORD-0020378,R-0037,2025-10-04,23.83,web,pickup,COMPLETED
ORD-0020379,R-0037,2025-10-27,27.97,web,pickup,completed
ORD-0020380,R-0037,2025-10-04,25.60,web,pickup,completed
ORD-0020381,R-0037,2025-10-09,36.30,app,pickup,cancelled
ORD-0020382,R-0037,2025-10-27,25.54,web,pickup,completed
ORD-0020383,R-0037,2025-10-25,50.97,web,pickup,completed
ORD-0020384,R-0037,2025-10-19,25.28,app,delivery,completed
ORD-0020385,R-0037,2025-10-11,30.54,web,delivery,completed
ORD-0020386,R-0037,2025-10-02,34.92,web,pickup,completed
ORD-0020387,R-0037,2025-10-25,32.64,web,delivery,COMPLETED
ORD-0020388,R-0037,2025-10-04,27.42,web,pickup,completed
ORD-0020389,R-0037,2025-10-14,39.97,web,delivery,completed
ORD-0020390,R-0037,2025-10-31,29.82,app,pickup,COMPLETED
ORD-0020391,R-0037,2025-10-19,47.93,web,delivery,completed
ORD-0021238,R-0042,2025-10-12,22.05,app,delivery,completed
ORD-0021239,R-0042,2025-10-09,36.75,web,pickup,completed
ORD-0021240,R-0042,2025-10-03,39.00,web,delivery,completed
ORD-0021241,R-0042,2025-10-25,38.47,app,pickup,COMPLETED
ORD-0021242,R-0042,2025-10-24,28.75,web,pickup,completed
ORD-0021243,R-0042,2025-10-07,21.79,app,pickup,completed
ORD-0021244,R-0042,2025-10-22,38.91,web,pickup,completed
ORD-0021245,R-0042,2025-10-05,31.87,web,pickup,completed
ORD-0021246,R-0042,2025-10-01,29.47,web,pickup,completed
ORD-0021247,R-0042,2025-10-14,21.13,web,pickup,completed
ORD-0021248,R-0042,2025-10-20,29.06,app,pickup,completed
ORD-0021249,R-0042,2025-10-10,61.32,web,pickup,completed
ORD-0021250,R-0042,2025-10-25,50.76,web,pickup,completed
ORD-0021251,R-0042,2025-10-13,34.87,web,pickup,COMPLETED
ORD-0021252,R-0042,2025-10-23,39.10,web,pickup,completed
ORD-0021253,R-0042,2025-10-27,16.52,web,pickup,completed
ORD-0021254,R-0042,2025-10-09,77.30,app,pickup,completed
ORD-0021255,R-0042,2025-10-10,91.95,web,pickup,completed
ORD-0022250,R-0044,2025-10-05,27.30,web,delivery,completed
ORD-0022251,R-0044,2025-10-24,15.89,web,delivery,completed
ORD-0022252,R-0044,2025-10-18,19.21,web,pickup,completed
ORD-0022253,R-0044,2025-10-02,36.66,web,delivery,completed
ORD-0022254,R-0044,2025-10-28,13.12,app,delivery,completed
ORD-0022255,R-0044,2025-10-22,32.83,web,delivery,completed
ORD-0022256,R-0044,2025-10-01,35.67,web,pickup,Completed
ORD-0022257,R-0044,2025-10-26,15.99,app,delivery,completed
ORD-0022258,R-0044,2025-10-10,29.19,app,delivery,completed
ORD-0022259,R-0044,2025-10-03,39.57,app,pickup,completed
ORD-0022260,R-0044,2025-10-04,40.60,app,delivery,completed
ORD-0022261,R-0044,2025-10-30,10.07,app,delivery,completed
ORD-0022262,R-0044,2025-10-20,28.13,app,pickup,completed
ORD-0022263,R-0044,2025-10-31,23.69,app,pickup,Completed
ORD-0022264,R-0044,2025-10-30,30.97,app,delivery,completed
ORD-0022265,R-0044,2025-10-08,23.44,app,delivery,completed
ORD-0022266,R-0044,2025-10-09,20.60,app,delivery,completed
ORD-0022267,R-0044,2025-10-23,40.19,app,delivery,completed
ORD-0022268,R-0044,2025-10-14,21.56,app,delivery,completed
ORD-0022269,R-0044,2025-10-04,41.29,app,delivery,completed
ORD-0022270,R-0044,2025-10-11,27.50,app,delivery,completed
ORD-0022271,R-0044,2025-10-01,14.23,app,delivery,completed
ORD-0022272,R-0044,2025-10-10,25.31,app,delivery,completed
ORD-0022273,R-0044,2025-10-11,36.81,app,pickup,completed
ORD-0022274,R-0044,2025-10-04,15.95,web,delivery,completed
ORD-0022275,R-0044,2025-10-19,23.56,app,delivery,COMPLETED
ORD-0022276,R-0044,2025-10-09,8.60,web,delivery,completed
ORD-0022277,R-0044,2025-10-28,14.82,web,delivery,completed
ORD-0022278,R-0044,2025-10-31,14.01,web,delivery,completed
ORD-0022279,R-0044,2025-10-07,13.47,web,delivery,completed
ORD-0022280,R-0044,2025-10-31,32.52,app,delivery,completed
ORD-0022281,R-0044,2025-10-09,17.18,web,delivery,completed
ORD-0022282,R-0044,2025-10-05,18.33,web,delivery,completed
ORD-0022283,R-0044,2025-10-16,15.46,app,delivery,completed
ORD-0022284,R-0044,2025-10-09,24.69,app,pickup,completed
ORD-0022285,R-0044,2025-10-14,34.53,app,delivery,COMPLETED
ORD-0022286,R-0044,2025-10-06,24.32,app,delivery,completed
ORD-0022287,R-0044,2025-10-22,25.78,app,delivery,completed
ORD-0022288,R-0044,2025-10-30,28.34,app,delivery,completed
ORD-0022289,R-0044,2025-10-28,21.13,app,delivery,Completed
ORD-0022290,R-0044,2025-10-24,12.23,app,pickup,completed
ORD-0022291,R-0044,2025-10-22,29.08,web,delivery,completed
ORD-0022292,R-0044,2025-10-28,18.13,app,delivery,completed
ORD-0022293,R-0044,2025-10-07,10.90,app,delivery,completed
ORD-0022294,R-0044,2025-10-20,23.62,app,delivery,completed
ORD-0022295,R-0044,2025-10-07,38.88,app,delivery,completed
ORD-0022296,R-0044,2025-10-24,32.55,app,delivery,completed
ORD-0022297,R-0044,2025-10-28,12.04,app,delivery,completed
ORD-0022298,R-0044,2025-10-12,20.66,app,delivery,completed
ORD-0022299,R-0044,2025-10-11,17.21,web,delivery,completed
ORD-0022300,R-0044,2025-10-25,14.00,app,delivery,completed
ORD-0022301,R-0044,2025-10-18,20.39,app,pickup,completed
ORD-0022302,R-0044,2025-10-26,20.15,web,delivery,completed
ORD-0022303,R-0044,2025-10-12,14.56,web,delivery,completed
ORD-0022304,R-0044,2025-10-07,17.21,web,pickup,completed
ORD-0022305,R-0044,2025-10-15,18.04,app,pickup,completed
ORD-0022306,R-0044,2025-10-22,14.31,web,pickup,completed
ORD-0022307,R-0044,2025-10-20,10.87,web,pickup,completed
ORD-0022308,R-0044,2025-10-07,15.07,app,delivery,completed
ORD-0022309,R-0044,2025-10-23,11.49,app,delivery,completed
ORD-0022310,R-0044,2025-10-03,23.60,app,delivery,completed
ORD-0022311,R-0044,2025-10-26,21.16,web,delivery,completed
ORD-0022312,R-0044,2025-10-08,29.72,app,delivery,completed
ORD-0022313,R-0044,2025-10-03,9.95,app,delivery,completed
ORD-0023350,R-0046,2025-10-16,24.49,app,delivery,completed
ORD-0023351,R-0046,2025-10-15,40.86,app,pickup,completed
ORD-0023352,R-0046,2025-10-19,23.47,web,delivery,completed
ORD-0023353,R-0046,2025-10-08,34.92,app,delivery,COMPLETED
ORD-0023354,R-0046,2025-10-13,10.91,app,pickup,completed
ORD-0023355,R-0046,2025-10-28,26.58,web,delivery,completed
ORD-0023356,R-0046,2025-10-17,21.45,app,pickup,completed
ORD-0023357,R-0046,2025-10-17,24.78,app,delivery,refunded
ORD-0023358,R-0046,2025-10-07,24.07,app,delivery,COMPLETED
ORD-0023359,R-0046,2025-10-02,25.88,app,pickup,completed
ORD-0023360,R-0046,2025-10-31,38.06,web,delivery,completed
ORD-0023361,R-0046,2025-10-17,27.14,web,delivery,completed
ORD-0023362,R-0046,2025-10-03,22.77,app,delivery,completed
ORD-0023363,R-0046,2025-10-09,24.66,web,delivery,completed
ORD-0023364,R-0046,2025-10-16,15.88,app,delivery,completed
ORD-0023365,R-0046,2025-10-23,38.54,web,delivery,completed
ORD-0023366,R-0046,2025-10-05,18.50,app,delivery,completed
ORD-0023367,R-0046,2025-10-10,29.24,web,delivery,refunded
ORD-0023368,R-0046,2025-10-28,31.27,web,pickup,completed
ORD-0023369,R-0046,2025-10-12,27.43,app,pickup,completed
ORD-0023370,R-0046,2025-10-26,18.70,app,pickup,completed
ORD-0023371,R-0046,2025-10-07,16.86,app,pickup,completed
ORD-0023372,R-0046,2025-10-02,30.27,web,delivery,completed
ORD-0023373,R-0046,2025-10-24,25.80,app,pickup,completed
ORD-0023374,R-0046,2025-10-16,18.31,app,delivery,completed
ORD-0023375,R-0046,2025-10-18,17.64,web,delivery,completed
ORD-0023376,R-0046,2025-10-11,18.51,app,pickup,completed
ORD-0023377,R-0046,2025-10-29,22.33,web,delivery,completed
ORD-0023378,R-0046,2025-10-05,48.63,web,delivery,completed
ORD-0023379,R-0046,2025-10-03,15.48,app,pickup,Completed
ORD-0023380,R-0046,2025-10-31,10.89,app,delivery,completed
ORD-0023381,R-0046,2025-10-29,21.24,app,pickup,completed
ORD-0023382,R-0046,2025-10-12,18.64,app,pickup,completed
ORD-0023383,R-0046,2025-10-02,18.76,app,pickup,completed
ORD-0023384,R-0046,2025-10-12,15.87,web,delivery,completed
ORD-0023385,R-0046,2025-10-01,31.46,web,pickup,completed
ORD-0023386,R-0046,2025-10-17,19.50,web,pickup,completed
ORD-0023387,R-0046,2025-10-26,26.44,web,delivery,completed
ORD-0023388,R-0046,2025-10-10,37.17,web,delivery,completed
ORD-0023389,R-0046,2025-10-21,19.55,web,delivery,completed
ORD-0023390,R-0046,2025-10-12,17.52,app,delivery,completed
ORD-0023391,R-0046,2025-10-19,21.74,app,delivery,completed
ORD-0023392,R-0046,2025-10-15,20.35,app,delivery,completed
ORD-0023393,R-0046,2025-10-21,24.80,app,pickup,Completed
ORD-0023394,R-0046,2025-10-19,22.70,app,pickup,completed
ORD-0023395,R-0046,2025-10-03,23.36,web,pickup,completed
ORD-0023396,R-0046,2025-10-17,19.61,app,pickup,completed
ORD-0023397,R-0046,2025-10-01,22.39,web,delivery,completed
ORD-0023398,R-0046,2025-10-31,25.16,web,pickup,completed
ORD-0023399,R-0046,2025-10-10,26.98,app,delivery,completed
ORD-0023400,R-0046,2025-10-20,12.42,app,delivery,completed
ORD-0023401,R-0046,2025-10-11,15.61,app,pickup,completed
ORD-0023402,R-0046,2025-10-23,13.43,app,delivery,COMPLETED
ORD-0023403,R-0046,2025-10-01,28.36,web,delivery,completed
ORD-0023404,R-0046,2025-10-25,15.73,app,delivery,completed
ORD-0023405,R-0046,2025-10-14,18.32,web,pickup,completed
ORD-0023406,R-0046,2025-10-30,20.87,app,delivery,completed
ORD-0023407,R-0046,2025-10-21,13.28,app,delivery,completed
ORD-0023408,R-0046,2025-10-11,19.34,app,pickup,completed
ORD-0023409,R-0046,2025-10-24,50.30,app,delivery,completed
ORD-0023410,R-0046,2025-10-21,21.34,app,pickup,completed
ORD-0023411,R-0046,2025-10-12,39.85,app,pickup,completed
ORD-0023412,R-0046,2025-10-18,19.40,web,delivery,completed
ORD-0023413,R-0046,2025-10-03,27.71,web,delivery,completed
ORD-0023414,R-0046,2025-10-29,18.14,app,delivery,COMPLETED
ORD-0023415,R-0046,2025-10-04,24.52,web,delivery,completed
ORD-0023416,R-0046,2025-10-23,26.99,app,delivery,completed
ORD-0023417,R-0046,2025-10-28,18.21,web,delivery,completed
ORD-0023418,R-0046,2025-10-18,26.76,web,delivery,completed
ORD-0023419,R-0046,2025-10-19,20.50,app,pickup,completed
ORD-0023420,R-0046,2025-10-11,24.59,web,delivery,Completed
ORD-0023421,R-0046,2025-10-20,28.90,app,delivery,Completed
ORD-0023422,R-0046,2025-10-17,35.23,app,delivery,completed
ORD-0023423,R-0046,2025-10-04,31.56,app,pickup,refunded
ORD-0023424,R-0046,2025-10-13,20.77,app,pickup,completed
ORD-0023425,R-0046,2025-10-08,31.51,app,delivery,completed
ORD-0023426,R-0046,2025-10-02,28.02,app,delivery,completed
ORD-0023427,R-0046,2025-10-21,17.99,app,pickup,completed
ORD-0023428,R-0046,2025-10-05,16.29,web,pickup,cancelled
ORD-0023429,R-0046,2025-10-12,13.26,app,delivery,completed
ORD-0023430,R-0046,2025-10-01,36.58,app,pickup,completed
ORD-0023431,R-0046,2025-10-24,13.90,app,pickup,completed
ORD-0023432,R-0046,2025-10-04,21.14,app,delivery,completed
ORD-0023433,R-0046,2025-10-19,25.63,web,delivery,COMPLETED
ORD-0023434,R-0046,2025-10-17,15.54,app,delivery,completed
ORD-0023435,R-0046,2025-10-31,38.42,app,pickup,COMPLETED
ORD-0023436,R-0046,2025-10-10,48.20,web,delivery,completed
ORD-0023437,R-0046,2025-10-12,23.67,app,delivery,completed
ORD-0023438,R-0046,2025-10-03,21.27,app,pickup,completed
ORD-0023439,R-0046,2025-10-12,18.07,web,delivery,COMPLETED
ORD-0023440,R-0046,2025-10-21,23.70,web,pickup,completed
ORD-0023441,R-0046,2025-10-18,11.72,web,pickup,completed
ORD-0023442,R-0046,2025-10-13,21.52,app,delivery,completed
ORD-0023443,R-0046,2025-10-25,28.54,app,delivery,completed
ORD-0023444,R-0046,2025-10-02,17.31,web,pickup,completed
ORD-0023445,R-0046,2025-10-30,22.70,web,delivery,COMPLETED
ORD-0023446,R-0046,2025-10-31,26.51,app,pickup,completed
ORD-0023447,R-0046,2025-10-17,25.20,app,pickup,completed
ORD-0023448,R-0046,2025-10-06,18.46,app,delivery,completed
ORD-0023449,R-0046,2025-10-24,28.04,app,pickup,completed
ORD-0023450,R-0046,2025-10-12,17.46,web,pickup,completed
ORD-0023451,R-0046,2025-10-18,16.44,app,pickup,completed
ORD-0023452,R-0046,2025-10-25,18.40,web,pickup,completed
ORD-0023453,R-0046,2025-10-15,22.80,web,delivery,completed
ORD-0023454,R-0046,2025-10-07,11.87,app,pickup,completed
ORD-0023455,R-0046,2025-10-29,14.50,app,delivery,completed
ORD-0023456,R-0046,2025-10-03,15.94,web,delivery,completed
ORD-0023457,R-0046,2025-10-14,21.96,app,delivery,cancelled
ORD-0023458,R-0046,2025-10-13,16.20,app,delivery,completed
ORD-0023459,R-0046,2025-10-16,14.81,app,pickup,completed
ORD-0023460,R-0046,2025-10-15,13.90,web,pickup,completed
ORD-0023461,R-0046,2025-10-05,16.77,web,delivery,completed
ORD-0023462,R-0046,2025-10-08,17.51,web,pickup,completed
ORD-0023463,R-0046,2025-10-17,15.62,web,pickup,completed
ORD-0023464,R-0046,2025-10-02,22.19,app,delivery,completed
ORD-0023465,R-0046,2025-10-10,21.37,web,delivery,Completed
ORD-0023466,R-0046,2025-10-01,30.53,web,pickup,completed
ORD-0023467,R-0046,2025-10-10,38.70,app,pickup,completed
ORD-0023468,R-0046,2025-10-10,21.46,app,delivery,completed
ORD-0023469,R-0046,2025-10-15,24.43,web,pickup,completed
ORD-0023470,R-0046,2025-10-23,25.61,web,pickup,completed
ORD-0023471,R-0046,2025-10-19,23.33,app,delivery,completed
ORD-0023472,R-0046,2025-10-29,16.49,web,delivery,COMPLETED
ORD-0023473,R-0046,2025-10-01,23.48,app,pickup,completed
ORD-0023474,R-0046,2025-10-16,14.04,app,delivery,COMPLETED
ORD-0023475,R-0046,2025-10-11,25.62,app,pickup,completed
ORD-0023476,R-0046,2025-10-30,20.01,app,delivery,completed
ORD-0023477,R-0046,2025-10-12,23.94,app,delivery,completed
ORD-0023478,R-0046,2025-10-26,23.41,app,pickup,cancelled
ORD-0023479,R-0046,2025-10-21,32.39,web,delivery,Completed
ORD-0023480,R-0046,2025-10-27,16.53,app,delivery,completed
ORD-0023481,R-0046,2025-10-08,27.29,app,delivery,completed
ORD-0023482,R-0046,2025-10-09,21.56,web,pickup,completed
ORD-0023483,R-0046,2025-10-14,33.10,app,delivery,completed
ORD-0023484,R-0046,2025-10-14,13.92,app,delivery,Completed
ORD-0023485,R-0046,2025-10-18,21.91,app,pickup,completed
ORD-0023486,R-0046,2025-10-10,25.36,app,delivery,completed
ORD-0023487,R-0046,2025-10-21,20.89,web,delivery,COMPLETED
ORD-0023488,R-0046,2025-10-09,12.89,app,delivery,Completed
ORD-0023489,R-0046,2025-10-20,17.12,web,pickup,Completed
ORD-0023490,R-0046,2025-10-11,17.39,app,delivery,completed
ORD-0023491,R-0046,2025-10-23,37.57,app,pickup,completed
ORD-0023492,R-0046,2025-10-09,21.69,app,delivery,completed
ORD-0023493,R-0046,2025-10-05,16.44,app,pickup,completed
ORD-0023494,R-0046,2025-10-16,26.60,app,delivery,completed
ORD-0023495,R-0046,2025-10-08,18.39,app,pickup,completed
ORD-0023496,R-0046,2025-10-13,31.55,app,delivery,completed
ORD-0023497,R-0046,2025-10-03,17.61,app,delivery,completed
ORD-0023498,R-0046,2025-10-25,16.20,app,delivery,completed
ORD-0023499,R-0046,2025-10-19,19.12,web,delivery,completed
ORD-0023500,R-0046,2025-10-08,24.54,app,pickup,completed
ORD-0023501,R-0046,2025-10-13,24.52,app,pickup,completed
ORD-0023502,R-0046,2025-10-30,32.14,app,delivery,completed
ORD-0023503,R-0046,2025-10-10,42.37,app,delivery,COMPLETED
ORD-0023504,R-0046,2025-10-08,25.54,app,pickup,completed
ORD-0023505,R-0046,2025-10-13,16.91,app,delivery,completed
ORD-0023506,R-0046,2025-10-24,30.22,web,pickup,Completed
ORD-0023507,R-0046,2025-10-15,21.43,app,pickup,cancelled
ORD-0023508,R-0046,2025-10-13,21.20,app,pickup,completed
ORD-0023509,R-0046,2025-10-14,20.37,web,delivery,completed
ORD-0023510,R-0046,2025-10-15,15.25,web,delivery,Completed
ORD-0023511,R-0046,2025-10-11,17.57,web,delivery,completed
ORD-0023512,R-0046,2025-10-05,15.46,web,delivery,completed
ORD-0023513,R-0046,2025-10-13,12.03,app,delivery,completed
ORD-0023514,R-0046,2025-10-15,22.64,app,delivery,cancelled
ORD-0023515,R-0046,2025-10-20,33.36,app,pickup,completed
ORD-0023516,R-0046,2025-10-26,25.79,app,delivery,COMPLETED
ORD-0023517,R-0046,2025-10-31,28.02,web,delivery,completed
ORD-0023518,R-0046,2025-10-07,39.81,app,delivery,COMPLETED
ORD-0023519,R-0046,2025-10-31,16.37,web,pickup,cancelled
ORD-0023520,R-0046,2025-10-04,37.24,app,delivery,completed
ORD-0023521,R-0046,2025-10-27,31.00,app,pickup,refunded
ORD-0023522,R-0046,2025-10-08,20.98,app,pickup,completed
ORD-0023523,R-0046,2025-10-24,15.94,app,pickup,completed
ORD-0023524,R-0046,2025-10-21,24.55,app,delivery,COMPLETED
ORD-0023525,R-0046,2025-10-05,48.98,web,delivery,completed
ORD-0023526,R-0046,2025-10-01,28.65,app,delivery,completed
ORD-0023527,R-0046,2025-10-22,16.28,app,pickup,COMPLETED
ORD-0023528,R-0046,2025-10-12,28.49,app,delivery,completed
ORD-0023529,R-0046,2025-10-17,20.97,web,delivery,completed
ORD-0023530,R-0046,2025-10-04,27.46,web,pickup,completed
ORD-0025487,R-0049,2025-10-03,61.15,web,pickup,completed
ORD-0025488,R-0049,2025-10-18,32.53,web,delivery,completed
ORD-0025489,R-0049,2025-10-06,61.46,app,delivery,COMPLETED
ORD-0025490,R-0049,2025-10-22,19.70,app,pickup,Completed
ORD-0025491,R-0049,2025-10-25,27.48,app,delivery,COMPLETED
ORD-0025492,R-0049,2025-10-05,16.42,app,delivery,Completed
ORD-0025493,R-0049,2025-10-15,33.44,app,delivery,COMPLETED
ORD-0025494,R-0049,2025-10-18,28.12,web,pickup,completed
ORD-0025495,R-0049,2025-10-14,32.18,app,delivery,completed
ORD-0025496,R-0049,2025-10-30,30.15,web,delivery,completed
ORD-0025497,R-0049,2025-10-30,29.40,app,pickup,completed
ORD-0025498,R-0049,2025-10-26,37.48,web,pickup,completed
ORD-0025499,R-0049,2025-10-03,39.61,app,pickup,completed
ORD-0025500,R-0049,2025-10-30,28.61,app,delivery,completed
ORD-0025501,R-0049,2025-10-24,28.97,app,delivery,completed
ORD-0025502,R-0049,2025-10-22,16.47,app,pickup,Completed
ORD-0025503,R-0049,2025-10-12,41.31,web,pickup,completed
ORD-0025504,R-0049,2025-10-31,17.44,app,delivery,COMPLETED
ORD-0025505,R-0049,2025-10-03,23.39,app,delivery,completed
ORD-0025506,R-0049,2025-10-29,24.32,app,delivery,COMPLETED
ORD-0025507,R-0049,2025-10-30,13.13,app,delivery,completed
ORD-0025508,R-0049,2025-10-18,14.65,app,pickup,completed
ORD-0025509,R-0049,2025-10-22,16.97,app,pickup,completed
ORD-0025510,R-0049,2025-10-09,29.51,web,delivery,completed
ORD-0025511,R-0049,2025-10-03,29.75,web,delivery,completed
ORD-0025512,R-0049,2025-10-10,19.81,web,delivery,completed
ORD-0025513,R-0049,2025-10-26,46.75,app,delivery,completed
ORD-0025514,R-0049,2025-10-11,21.50,app,delivery,completed
ORD-0025515,R-0049,2025-10-23,47.03,app,delivery,completed
ORD-0025516,R-0049,2025-10-01,20.78,app,pickup,completed
ORD-0025517,R-0049,2025-10-27,17.46,app,delivery,COMPLETED
ORD-0025518,R-0049,2025-10-25,83.31,app,delivery,completed
ORD-0026056,R-0053,2025-10-27,27.39,web,delivery,COMPLETED
ORD-0026057,R-0053,2025-10-27,26.04,app,delivery,completed
ORD-0026058,R-0053,2025-10-16,25.54,app,delivery,completed
ORD-0026059,R-0053,2025-10-08,25.21,web,pickup,completed
ORD-0026060,R-0053,2025-10-31,22.48,app,pickup,Completed
ORD-0026061,R-0053,2025-10-04,43.76,app,delivery,completed
ORD-0026062,R-0053,2025-10-21,68.49,web,delivery,COMPLETED
ORD-0026063,R-0053,2025-10-08,28.79,web,delivery,Completed
ORD-0026064,R-0053,2025-10-22,28.96,app,pickup,completed
ORD-0026065,R-0053,2025-10-29,72.57,app,pickup,completed
ORD-0026066,R-0053,2025-10-12,19.97,web,delivery,completed
ORD-0026067,R-0053,2025-10-25,26.43,web,delivery,COMPLETED
ORD-0026068,R-0053,2025-10-16,33.11,web,delivery,completed
ORD-0026069,R-0053,2025-10-25,30.51,app,pickup,completed
ORD-0026070,R-0053,2025-10-17,26.02,app,pickup,completed
ORD-0026071,R-0053,2025-10-11,60.15,web,delivery,REFUNDED
ORD-0026072,R-0053,2025-10-15,39.81,web,pickup,completed
ORD-0026073,R-0053,2025-10-10,37.11,app,pickup,cancelled
ORD-0026074,R-0053,2025-10-20,40.47,web,pickup,completed
ORD-0026075,R-0053,2025-10-31,35.72,app,pickup,completed
ORD-0026076,R-0053,2025-10-13,38.91,app,pickup,completed
ORD-0026077,R-0053,2025-10-18,40.98,web,pickup,completed
ORD-0026078,R-0053,2025-10-07,16.87,app,delivery,completed
ORD-0026079,R-0053,2025-10-18,31.97,app,pickup,COMPLETED
ORD-0026080,R-0053,2025-10-12,31.98,web,pickup,completed
ORD-0026081,R-0053,2025-10-30,22.13,web,pickup,completed
ORD-0026082,R-0053,2025-10-24,26.50,app,delivery,completed
ORD-0026083,R-0053,2025-10-19,29.93,web,pickup,completed
ORD-0026084,R-0053,2025-10-17,31.15,app,delivery,completed
ORD-0026085,R-0053,2025-10-17,52.23,web,delivery,completed
ORD-0026086,R-0053,2025-10-03,43.21,web,delivery,completed
ORD-0026087,R-0053,2025-10-02,27.46,web,delivery,Cancelled
ORD-0026088,R-0053,2025-10-19,45.75,web,pickup,completed
ORD-0026089,R-0053,2025-10-19,29.18,web,delivery,completed
ORD-0026090,R-0053,2025-10-08,15.56,web,delivery,completed
ORD-0026091,R-0053,2025-10-25,29.98,web,delivery,Completed
ORD-0026092,R-0053,2025-10-03,46.32,app,delivery,COMPLETED
ORD-0026093,R-0053,2025-10-23,51.73,web,pickup,completed
ORD-0026094,R-0053,2025-10-17,33.77,app,pickup,completed
ORD-0026095,R-0053,2025-10-11,30.29,web,delivery,completed
ORD-0026096,R-0053,2025-10-28,29.31,app,pickup,completed
ORD-0026097,R-0053,2025-10-24,27.74,app,pickup,completed
ORD-0026098,R-0053,2025-10-30,28.50,web,delivery,completed
ORD-0026099,R-0053,2025-10-10,23.90,app,delivery,completed
ORD-0026100,R-0053,2025-10-19,21.92,app,pickup,completed
ORD-0026101,R-0053,2025-10-24,30.17,web,delivery,completed
ORD-0026102,R-0053,2025-10-17,29.92,web,delivery,cancelled
ORD-0026103,R-0053,2025-10-28,20.79,app,delivery,completed
ORD-0026104,R-0053,2025-10-10,32.73,web,delivery,completed
ORD-0026105,R-0053,2025-10-20,32.23,web,delivery,COMPLETED
ORD-0026106,R-0053,2025-10-19,39.56,web,delivery,completed
ORD-0026107,R-0053,2025-10-20,14.41,web,delivery,completed
ORD-0026108,R-0053,2025-10-16,32.75,web,delivery,completed
ORD-0026109,R-0053,2025-10-25,43.19,app,delivery,completed
ORD-0026110,R-0053,2025-10-23,36.02,web,pickup,completed
ORD-0026111,R-0053,2025-10-18,37.88,web,pickup,completed
ORD-0026112,R-0053,2025-10-02,27.93,web,pickup,completed
ORD-0026113,R-0053,2025-10-11,25.82,web,delivery,completed
ORD-0026114,R-0053,2025-10-05,32.88,web,delivery,completed
ORD-0026115,R-0053,2025-10-02,34.73,web,delivery,completed
ORD-0026116,R-0053,2025-10-26,37.75,app,pickup,completed
ORD-0026117,R-0053,2025-10-10,50.14,app,delivery,COMPLETED
ORD-0026118,R-0053,2025-10-31,26.98,app,delivery,COMPLETED
ORD-0026119,R-0053,2025-10-22,29.56,app,pickup,completed
ORD-0026120,R-0053,2025-10-03,32.62,web,pickup,completed
ORD-0026121,R-0053,2025-10-06,21.33,web,delivery,completed
ORD-0026122,R-0053,2025-10-25,26.72,app,pickup,completed
ORD-0026123,R-0053,2025-10-16,27.40,web,delivery,completed
ORD-0026124,R-0053,2025-10-02,28.05,app,delivery,completed
ORD-0026125,R-0053,2025-10-12,26.68,web,pickup,completed
ORD-0026126,R-0053,2025-10-20,41.93,app,pickup,COMPLETED
ORD-0026127,R-0053,2025-10-15,32.01,web,delivery,completed
ORD-0026128,R-0053,2025-10-22,36.44,web,pickup,Completed
ORD-0026129,R-0053,2025-10-06,26.32,web,pickup,completed
ORD-0026130,R-0053,2025-10-13,21.60,web,delivery,completed
ORD-0026131,R-0053,2025-10-07,34.74,web,delivery,completed
ORD-0026132,R-0053,2025-10-16,11.89,web,delivery,completed
ORD-0026133,R-0053,2025-10-08,32.31,web,delivery,completed
ORD-0026134,R-0053,2025-10-24,15.84,web,pickup,completed
ORD-0026135,R-0053,2025-10-01,38.84,app,delivery,cancelled
ORD-0026136,R-0053,2025-10-31,18.03,web,delivery,completed
ORD-0026137,R-0053,2025-10-04,24.17,web,delivery,completed
ORD-0026138,R-0053,2025-10-24,40.45,app,pickup,completed
ORD-0026139,R-0053,2025-10-19,21.26,app,delivery,completed
ORD-0026140,R-0053,2025-10-25,32.23,web,delivery,completed
ORD-0026141,R-0053,2025-10-29,47.13,app,delivery,COMPLETED
ORD-0026142,R-0053,2025-10-19,48.18,web,pickup,completed
ORD-0026143,R-0053,2025-10-09,33.20,app,delivery,completed
ORD-0026144,R-0053,2025-10-10,49.33,web,delivery,Completed
ORD-0026145,R-0053,2025-10-12,35.88,web,pickup,COMPLETED
ORD-0026146,R-0053,2025-10-13,23.28,web,delivery,completed
ORD-0026147,R-0053,2025-10-26,19.93,web,pickup,completed
ORD-0027719,R-0057,2025-10-23,34.46,app,pickup,completed
ORD-0027720,R-0057,2025-10-13,18.30,web,delivery,completed
ORD-0027721,R-0057,2025-10-25,41.41,web,pickup,completed
ORD-0027722,R-0057,2025-10-18,53.11,web,pickup,completed
ORD-0027723,R-0057,2025-10-24,30.77,app,delivery,completed
ORD-0027724,R-0057,2025-10-18,25.56,web,pickup,Completed
ORD-0027725,R-0057,2025-10-31,82.52,app,delivery,completed
ORD-0027726,R-0057,2025-10-20,37.13,web,delivery,completed
ORD-0027727,R-0057,2025-10-03,45.76,web,delivery,completed
ORD-0027728,R-0057,2025-10-29,38.26,app,delivery,completed
ORD-0027729,R-0057,2025-10-03,54.65,app,pickup,Completed
ORD-0027730,R-0057,2025-10-11,48.75,web,delivery,Completed
ORD-0027731,R-0057,2025-10-10,32.39,web,pickup,completed
ORD-0027732,R-0057,2025-10-11,17.35,app,pickup,completed
ORD-0027733,R-0057,2025-10-31,27.81,app,delivery,completed
ORD-0027734,R-0057,2025-10-22,34.29,web,pickup,completed
ORD-0027735,R-0057,2025-10-05,56.87,web,pickup,completed
ORD-0027736,R-0057,2025-10-03,69.75,web,pickup,completed
ORD-0027737,R-0057,2025-10-29,29.64,app,delivery,completed
ORD-0027738,R-0057,2025-10-26,82.03,app,delivery,completed
ORD-0027889,R-0059,2025-10-04,24.98,app,delivery,completed
ORD-0027890,R-0059,2025-10-08,23.46,app,delivery,completed
ORD-0027891,R-0059,2025-10-25,28.84,web,delivery,completed
ORD-0027892,R-0059,2025-10-15,42.01,web,delivery,completed
ORD-0027893,R-0059,2025-10-24,23.67,app,delivery,completed
ORD-0027894,R-0059,2025-10-30,19.77,app,delivery,completed
ORD-0027895,R-0059,2025-10-06,19.52,web,pickup,Completed
ORD-0027896,R-0059,2025-10-30,26.86,app,delivery,completed
ORD-0027897,R-0059,2025-10-19,18.21,web,delivery,completed
ORD-0027898,R-0059,2025-10-21,15.90,app,pickup,COMPLETED
ORD-0027899,R-0059,2025-10-29,20.36,web,pickup,completed
ORD-0027900,R-0059,2025-10-05,27.81,app,delivery,completed
ORD-0027901,R-0059,2025-10-16,17.00,web,delivery,completed
ORD-0027902,R-0059,2025-10-02,35.89,app,delivery,completed
ORD-0027903,R-0059,2025-10-20,30.72,web,pickup,completed
ORD-0027904,R-0059,2025-10-14,25.99,web,delivery,completed
ORD-0027905,R-0059,2025-10-16,33.48,app,delivery,Completed
ORD-0027906,R-0059,2025-10-20,24.57,web,delivery,completed
ORD-0027907,R-0059,2025-10-22,44.16,app,delivery,completed
ORD-0027908,R-0059,2025-10-07,16.52,web,delivery,completed
ORD-0027909,R-0059,2025-10-18,13.93,web,pickup,refunded
ORD-0027910,R-0059,2025-10-26,16.28,app,delivery,completed
ORD-0027911,R-0059,2025-10-26,28.42,web,delivery,completed
ORD-0027912,R-0059,2025-10-15,31.62,web,delivery,completed
ORD-0027913,R-0059,2025-10-11,36.46,web,delivery,completed
ORD-0027914,R-0059,2025-10-04,49.84,app,delivery,COMPLETED
ORD-0027915,R-0059,2025-10-30,20.00,app,delivery,Completed
ORD-0027916,R-0059,2025-10-14,26.14,web,delivery,completed
ORD-0027917,R-0059,2025-10-24,11.65,web,delivery,completed
ORD-0027918,R-0059,2025-10-03,17.90,app,delivery,completed
ORD-0027919,R-0059,2025-10-03,36.12,web,pickup,COMPLETED
ORD-0027920,R-0059,2025-10-14,21.49,app,delivery,completed
ORD-0027921,R-0059,2025-10-26,26.12,web,delivery,completed
ORD-0029065,R-0061,2025-10-18,36.10,app,delivery,Completed
ORD-0029066,R-0061,2025-10-31,23.83,app,delivery,completed
ORD-0029067,R-0061,2025-10-24,21.89,app,delivery,completed
ORD-0029068,R-0061,2025-10-31,26.34,app,delivery,completed
ORD-0029069,R-0061,2025-10-31,28.22,web,pickup,completed
ORD-0029070,R-0061,2025-10-26,33.52,app,pickup,completed
ORD-0029071,R-0061,2025-10-01,33.96,app,pickup,Completed
ORD-0029072,R-0061,2025-10-31,34.79,app,pickup,completed
ORD-0029073,R-0061,2025-10-22,24.10,app,delivery,refunded
ORD-0029074,R-0061,2025-10-22,40.32,app,delivery,completed
ORD-0029075,R-0061,2025-10-16,30.32,app,delivery,Completed
ORD-0029076,R-0061,2025-10-04,52.55,web,pickup,completed
ORD-0029077,R-0061,2025-10-09,34.80,web,delivery,COMPLETED
ORD-0029078,R-0061,2025-10-16,13.92,web,pickup,completed
ORD-0029079,R-0061,2025-10-05,17.77,app,delivery,completed
ORD-0029080,R-0061,2025-10-25,52.56,app,pickup,completed
ORD-0029081,R-0061,2025-10-15,34.84,web,pickup,completed
ORD-0029082,R-0061,2025-10-17,31.06,web,delivery,completed
ORD-0029083,R-0061,2025-10-27,59.39,app,delivery,completed
ORD-0029084,R-0061,2025-10-15,12.84,app,delivery,completed
ORD-0029085,R-0061,2025-10-13,20.22,web,delivery,COMPLETED
ORD-0029086,R-0061,2025-10-17,33.24,app,delivery,completed
ORD-0029087,R-0061,2025-10-01,25.49,web,pickup,completed
ORD-0029088,R-0061,2025-10-24,42.84,app,delivery,completed
ORD-0029089,R-0061,2025-10-26,62.81,app,delivery,completed
ORD-0029090,R-0061,2025-10-10,40.87,app,pickup,completed
ORD-0029091,R-0061,2025-10-08,13.85,app,delivery,COMPLETED
ORD-0029092,R-0061,2025-10-30,51.59,web,pickup,completed
ORD-0029093,R-0061,2025-10-16,27.80,app,pickup,completed
ORD-0029094,R-0061,2025-10-03,24.04,web,pickup,completed
ORD-0029095,R-0061,2025-10-30,14.71,app,delivery,COMPLETED
ORD-0029096,R-0061,2025-10-02,28.63,app,delivery,completed
ORD-0029097,R-0061,2025-10-24,17.00,web,delivery,completed
ORD-0029098,R-0061,2025-10-10,23.02,web,pickup,completed
ORD-0029099,R-0061,2025-10-31,18.21,web,pickup,completed
ORD-0029100,R-0061,2025-10-04,26.76,app,pickup,completed
ORD-0029101,R-0061,2025-10-24,26.64,web,delivery,completed
ORD-0029102,R-0061,2025-10-31,19.89,app,pickup,completed
ORD-0029103,R-0061,2025-10-15,25.70,app,delivery,completed
ORD-0029104,R-0061,2025-10-10,36.68,app,pickup,completed
ORD-0029105,R-0061,2025-10-04,28.93,app,delivery,completed
ORD-0029106,R-0061,2025-10-16,67.44,app,pickup,completed
ORD-0029107,R-0061,2025-10-04,25.50,app,delivery,Completed
ORD-0029108,R-0061,2025-10-30,26.67,app,pickup,completed
ORD-0029109,R-0061,2025-10-11,45.84,web,delivery,completed
ORD-0029110,R-0061,2025-10-21,20.25,app,pickup,CANCELLED
ORD-0029111,R-0061,2025-10-15,35.48,web,delivery,completed
ORD-0029112,R-0061,2025-10-16,19.24,web,delivery,completed
ORD-0029113,R-0061,2025-10-04,23.77,web,delivery,completed
ORD-0029114,R-0061,2025-10-18,33.60,app,pickup,Completed
ORD-0029115,R-0061,2025-10-28,21.22,app,delivery,completed
ORD-0029116,R-0061,2025-10-19,25.54,app,delivery,refunded
ORD-0029117,R-0061,2025-10-07,13.68,web,delivery,completed
ORD-0029118,R-0061,2025-10-17,54.80,web,delivery,cancelled
ORD-0029119,R-0061,2025-10-22,36.10,web,pickup,Completed
ORD-0029120,R-0061,2025-10-12,34.63,web,delivery,completed
ORD-0029121,R-0061,2025-10-10,24.40,app,pickup,completed
ORD-0029122,R-0061,2025-10-13,14.35,web,delivery,completed
ORD-0029123,R-0061,2025-10-17,34.87,web,delivery,completed
ORD-0029124,R-0061,2025-10-04,34.61,web,pickup,completed
ORD-0029125,R-0061,2025-10-18,15.21,web,pickup,completed
ORD-0029126,R-0061,2025-10-30,16.54,app,pickup,completed
ORD-0029127,R-0061,2025-10-31,29.62,app,delivery,cancelled
ORD-0029128,R-0061,2025-10-17,33.82,app,pickup,completed
ORD-0029129,R-0061,2025-10-29,26.62,app,delivery,cancelled
ORD-0029130,R-0061,2025-10-19,11.34,app,delivery,cancelled
ORD-0029131,R-0061,2025-10-02,29.68,web,delivery,completed
ORD-0029132,R-0061,2025-10-16,26.63,app,delivery,completed
ORD-0029133,R-0061,2025-10-15,16.71,app,delivery,completed
ORD-0029134,R-0061,2025-10-21,28.16,web,delivery,Completed
ORD-0029135,R-0061,2025-10-07,22.19,web,pickup,completed
ORD-0029136,R-0061,2025-10-25,14.07,app,delivery,completed
ORD-0029137,R-0061,2025-10-10,30.59,app,delivery,completed
ORD-0029138,R-0061,2025-10-12,42.35,web,delivery,Completed
ORD-0029139,R-0061,2025-10-09,42.80,app,pickup,completed
ORD-0029140,R-0061,2025-10-07,37.57,app,pickup,completed
ORD-0029141,R-0061,2025-10-31,27.13,app,delivery,completed
ORD-0029142,R-0061,2025-10-25,23.66,app,pickup,completed
ORD-0029143,R-0061,2025-10-13,18.11,app,delivery,completed
ORD-0029144,R-0061,2025-10-22,12.56,app,delivery,completed
ORD-0029145,R-0061,2025-10-05,31.44,app,delivery,completed
ORD-0029146,R-0061,2025-10-04,31.78,web,delivery,completed
ORD-0029147,R-0061,2025-10-04,25.80,web,delivery,completed
ORD-0029148,R-0061,2025-10-09,43.20,web,pickup,completed
ORD-0029149,R-0061,2025-10-25,43.99,app,pickup,completed
ORD-0029150,R-0061,2025-10-11,36.94,app,delivery,completed
ORD-0029151,R-0061,2025-10-17,23.30,app,delivery,completed
ORD-0029152,R-0061,2025-10-25,57.71,web,pickup,completed
ORD-0029153,R-0061,2025-10-31,49.44,app,delivery,completed
ORD-0029154,R-0061,2025-10-31,18.43,web,delivery,completed
ORD-0029155,R-0061,2025-10-15,30.70,web,pickup,completed
ORD-0029156,R-0061,2025-10-05,37.38,web,delivery,completed
ORD-0029157,R-0061,2025-10-28,19.10,app,delivery,completed
ORD-0029158,R-0061,2025-10-17,40.06,app,delivery,completed
ORD-0029159,R-0061,2025-10-14,43.03,app,delivery,completed
ORD-0029160,R-0061,2025-10-23,21.67,web,pickup,completed
ORD-0029161,R-0061,2025-10-25,27.13,app,delivery,completed
ORD-0029162,R-0061,2025-10-02,34.40,web,delivery,completed
ORD-0029163,R-0061,2025-10-17,55.34,app,delivery,completed
ORD-0029164,R-0061,2025-10-23,34.49,app,pickup,Completed
ORD-0029165,R-0061,2025-10-04,24.96,app,pickup,completed
ORD-0029166,R-0061,2025-10-20,24.15,web,delivery,completed
ORD-0029167,R-0061,2025-10-07,31.88,app,pickup,completed
ORD-0029168,R-0061,2025-10-04,31.38,app,pickup,completed
ORD-0029169,R-0061,2025-10-22,28.16,app,pickup,Completed
ORD-0029170,R-0061,2025-10-04,19.22,web,delivery,completed
ORD-0029171,R-0061,2025-10-03,32.93,app,pickup,completed
ORD-0029172,R-0061,2025-10-23,33.93,app,delivery,CANCELLED
ORD-0029173,R-0061,2025-10-31,24.65,app,delivery,completed
ORD-0029174,R-0061,2025-10-18,36.90,app,pickup,completed
ORD-0029175,R-0061,2025-10-07,40.30,web,pickup,completed
ORD-0029176,R-0061,2025-10-31,40.16,app,delivery,completed
ORD-0029177,R-0061,2025-10-30,46.09,web,pickup,Completed
ORD-0029178,R-0061,2025-10-26,20.32,app,delivery,completed
ORD-0029179,R-0061,2025-10-08,34.32,app,pickup,completed
ORD-0029180,R-0061,2025-10-05,54.97,app,pickup,completed
ORD-0029181,R-0061,2025-10-27,46.47,app,pickup,completed
ORD-0029182,R-0061,2025-10-02,12.88,app,delivery,completed
ORD-0029183,R-0061,2025-10-18,25.58,web,pickup,Completed
ORD-0029184,R-0061,2025-10-03,33.07,app,delivery,completed
ORD-0029185,R-0061,2025-10-05,13.66,web,delivery,completed
ORD-0029186,R-0061,2025-10-12,34.60,app,pickup,completed
ORD-0029187,R-0061,2025-10-15,15.34,app,pickup,completed
ORD-0029188,R-0061,2025-10-21,24.31,app,pickup,completed
ORD-0029189,R-0061,2025-10-31,24.20,app,pickup,completed
ORD-0029190,R-0061,2025-10-25,24.59,app,pickup,completed
ORD-0029191,R-0061,2025-10-23,25.10,app,delivery,completed
ORD-0029192,R-0061,2025-10-04,14.43,web,pickup,completed
ORD-0029193,R-0061,2025-10-30,33.36,web,pickup,completed
ORD-0029194,R-0061,2025-10-10,32.97,app,delivery,completed
ORD-0029195,R-0061,2025-10-10,35.33,app,pickup,completed
ORD-0029196,R-0061,2025-10-18,45.48,web,delivery,completed
ORD-0029197,R-0061,2025-10-05,43.57,app,delivery,COMPLETED
ORD-0029198,R-0061,2025-10-10,30.41,app,pickup,completed
ORD-0029199,R-0061,2025-10-03,34.84,app,pickup,COMPLETED
ORD-0029200,R-0061,2025-10-26,44.45,web,pickup,COMPLETED
ORD-0029201,R-0061,2025-10-19,20.79,web,delivery,Completed
ORD-0029202,R-0061,2025-10-11,35.06,app,delivery,refunded
ORD-0029203,R-0061,2025-10-24,20.67,app,delivery,completed
ORD-0029204,R-0061,2025-10-27,18.15,web,pickup,completed
ORD-0029205,R-0061,2025-10-12,23.92,web,delivery,completed
ORD-0029206,R-0061,2025-10-09,27.53,app,pickup,completed
ORD-0029207,R-0061,2025-10-18,35.39,app,delivery,completed
ORD-0029208,R-0061,2025-10-24,21.95,app,pickup,completed
ORD-0029209,R-0061,2025-10-24,48.73,app,pickup,Completed
ORD-0029210,R-0061,2025-10-16,30.10,web,delivery,completed
ORD-0029211,R-0061,2025-10-26,27.37,web,delivery,completed
ORD-0029212,R-0061,2025-10-01,24.13,app,pickup,COMPLETED
ORD-0029213,R-0061,2025-10-06,23.93,app,delivery,completed
ORD-0029214,R-0061,2025-10-31,20.48,web,delivery,completed
ORD-0029215,R-0061,2025-10-17,20.19,app,delivery,completed
ORD-0029216,R-0061,2025-10-07,25.20,app,pickup,refunded
ORD-0029217,R-0061,2025-10-25,27.71,web,delivery,completed
ORD-0029218,R-0061,2025-10-17,38.65,app,delivery,completed
ORD-0029499,R-0062,2025-10-08,76.73,app,delivery,completed
ORD-0029500,R-0062,2025-10-11,98.56,app,delivery,completed
ORD-0029501,R-0062,2025-10-15,89.39,web,delivery,refunded
ORD-0029502,R-0062,2025-10-18,133.61,app,pickup,completed
ORD-0029503,R-0062,2025-10-04,76.12,web,delivery,COMPLETED
ORD-0029504,R-0062,2025-10-06,137.58,app,delivery,completed
ORD-0029505,R-0062,2025-10-21,69.40,app,pickup,completed
ORD-0029506,R-0062,2025-10-14,77.19,web,delivery,completed
ORD-0029507,R-0062,2025-10-20,194.58,app,delivery,refunded
ORD-0029508,R-0062,2025-10-28,105.08,app,delivery,completed
ORD-0029509,R-0062,2025-10-10,81.39,app,pickup,cancelled
ORD-0029510,R-0062,2025-10-29,94.77,app,delivery,Completed
ORD-0029511,R-0062,2025-10-03,84.15,app,delivery,cancelled
ORD-0029512,R-0062,2025-10-23,161.10,app,pickup,Completed
ORD-0029513,R-0062,2025-10-17,65.41,app,pickup,completed
ORD-0029514,R-0062,2025-10-25,44.13,web,delivery,completed
ORD-0029515,R-0062,2025-10-07,66.37,app,delivery,completed
ORD-0029516,R-0062,2025-10-23,57.03,app,delivery,completed
ORD-0029517,R-0062,2025-10-29,57.69,app,delivery,completed
ORD-0029518,R-0062,2025-10-22,40.25,app,delivery,completed
ORD-0029519,R-0062,2025-10-16,107.89,app,delivery,completed
ORD-0029520,R-0062,2025-10-10,98.76,app,delivery,completed
ORD-0029521,R-0062,2025-10-13,152.12,app,delivery,completed
ORD-0029522,R-0062,2025-10-26,91.58,app,pickup,completed
ORD-0029523,R-0062,2025-10-25,114.76,web,pickup,completed
ORD-0029524,R-0062,2025-10-12,72.48,web,delivery,completed
ORD-0029525,R-0062,2025-10-14,55.61,app,delivery,completed
ORD-0029526,R-0062,2025-10-18,52.16,app,pickup,completed
ORD-0029527,R-0062,2025-10-30,111.12,app,delivery,completed
ORD-0029528,R-0062,2025-10-05,102.45,app,pickup,completed
ORD-0029529,R-0062,2025-10-05,96.88,app,delivery,COMPLETED
ORD-0029530,R-0062,2025-10-26,58.42,app,pickup,completed
ORD-0029531,R-0062,2025-10-18,150.16,app,delivery,completed
ORD-0029532,R-0062,2025-10-26,66.44,web,pickup,completed
ORD-0029533,R-0062,2025-10-30,67.89,web,pickup,completed
ORD-0029534,R-0062,2025-10-20,59.13,web,pickup,completed
ORD-0029535,R-0062,2025-10-03,83.36,web,delivery,completed
ORD-0029536,R-0062,2025-10-05,119.73,app,pickup,completed
ORD-0029537,R-0062,2025-10-25,78.84,web,delivery,completed
ORD-0029538,R-0062,2025-10-25,71.19,app,delivery,completed
ORD-0031434,R-0066,2025-10-10,25.80,web,pickup,completed
ORD-0031435,R-0066,2025-10-07,32.75,web,pickup,completed
ORD-0031436,R-0066,2025-10-17,34.63,web,pickup,completed
ORD-0031437,R-0066,2025-10-26,28.05,app,delivery,completed
ORD-0031438,R-0066,2025-10-17,24.43,web,delivery,completed
ORD-0031439,R-0066,2025-10-01,24.97,web,delivery,Completed
ORD-0031440,R-0066,2025-10-22,19.85,web,pickup,completed
ORD-0031441,R-0066,2025-10-18,39.31,web,delivery,completed
ORD-0031442,R-0066,2025-10-04,68.72,web,pickup,completed
ORD-0031443,R-0066,2025-10-09,19.77,web,delivery,completed
ORD-0031444,R-0066,2025-10-19,35.09,web,pickup,completed
ORD-0031445,R-0066,2025-10-13,32.46,web,pickup,completed
ORD-0031446,R-0066,2025-10-03,49.94,web,delivery,completed
ORD-0031447,R-0066,2025-10-26,27.94,app,delivery,completed
ORD-0031448,R-0066,2025-10-18,24.91,web,delivery,completed
ORD-0031449,R-0066,2025-10-10,23.23,web,delivery,completed
ORD-0031450,R-0066,2025-10-19,57.11,app,delivery,completed
ORD-0031451,R-0066,2025-10-18,46.64,web,delivery,completed
ORD-0031452,R-0066,2025-10-03,19.26,web,pickup,completed
ORD-0031453,R-0066,2025-10-12,50.91,web,pickup,completed
ORD-0031454,R-0066,2025-10-18,29.00,web,pickup,COMPLETED
ORD-0031455,R-0066,2025-10-02,26.73,web,delivery,completed
ORD-0031456,R-0066,2025-10-24,19.41,web,pickup,Completed
ORD-0031457,R-0066,2025-10-17,46.53,web,pickup,completed
ORD-0031458,R-0066,2025-10-28,25.21,app,delivery,cancelled
ORD-0031459,R-0066,2025-10-05,33.69,web,delivery,completed
ORD-0031460,R-0066,2025-10-03,16.75,web,pickup,Completed
ORD-0031461,R-0066,2025-10-08,28.90,web,delivery,completed
ORD-0031462,R-0066,2025-10-21,13.64,web,pickup,COMPLETED
ORD-0031463,R-0066,2025-10-24,29.34,web,pickup,completed
ORD-0031464,R-0066,2025-10-11,24.32,web,pickup,completed
ORD-0031465,R-0066,2025-10-18,20.32,web,delivery,completed
ORD-0031466,R-0066,2025-10-11,37.60,web,pickup,completed
ORD-0031467,R-0066,2025-10-01,20.34,web,delivery,completed
ORD-0031468,R-0066,2025-10-04,33.82,app,pickup,completed
ORD-0031469,R-0066,2025-10-31,29.99,app,delivery,COMPLETED
ORD-0031470,R-0066,2025-10-04,28.70,web,pickup,completed
ORD-0031471,R-0066,2025-10-30,59.98,app,pickup,Completed
ORD-0031472,R-0066,2025-10-11,38.45,web,delivery,completed
ORD-0031473,R-0066,2025-10-30,36.76,web,pickup,completed
ORD-0031474,R-0066,2025-10-14,24.74,web,pickup,completed
ORD-0031475,R-0066,2025-10-02,27.87,web,pickup,COMPLETED
ORD-0031476,R-0066,2025-10-20,14.89,web,delivery,completed
ORD-0031477,R-0066,2025-10-19,22.42,app,pickup,completed
ORD-0031478,R-0066,2025-10-04,25.54,web,delivery,completed
ORD-0031479,R-0066,2025-10-25,31.53,web,pickup,completed
ORD-0031480,R-0066,2025-10-05,17.30,web,delivery,completed
ORD-0031481,R-0066,2025-10-02,31.80,web,pickup,completed
ORD-0031482,R-0066,2025-10-26,28.27,app,delivery,completed
ORD-0031483,R-0066,2025-10-31,31.67,web,pickup,completed
ORD-0031484,R-0066,2025-10-29,40.00,web,delivery,completed
ORD-0031485,R-0066,2025-10-03,18.76,web,delivery,completed
ORD-0031486,R-0066,2025-10-11,26.32,web,delivery,completed
ORD-0031487,R-0066,2025-10-31,26.63,web,delivery,completed
ORD-0031488,R-0066,2025-10-31,21.66,web,delivery,completed
ORD-0031489,R-0066,2025-10-24,28.91,app,delivery,completed
ORD-0031490,R-0066,2025-10-16,24.10,web,delivery,completed
ORD-0031491,R-0066,2025-10-13,26.74,app,pickup,completed
ORD-0031492,R-0066,2025-10-16,23.36,app,delivery,completed
ORD-0031493,R-0066,2025-10-17,18.31,app,pickup,completed
ORD-0031494,R-0066,2025-10-26,23.25,web,delivery,completed
ORD-0031495,R-0066,2025-10-20,18.49,app,pickup,completed
ORD-0031496,R-0066,2025-10-04,18.17,web,delivery,completed
ORD-0031497,R-0066,2025-10-10,29.15,web,delivery,completed
ORD-0031498,R-0066,2025-10-24,27.34,web,delivery,completed
ORD-0031499,R-0066,2025-10-12,30.96,web,pickup,completed
ORD-0031500,R-0066,2025-10-24,30.69,web,delivery,COMPLETED
ORD-0031501,R-0066,2025-10-03,41.57,web,delivery,COMPLETED
ORD-0031502,R-0066,2025-10-19,51.92,web,pickup,completed
ORD-0031503,R-0066,2025-10-28,28.90,web,pickup,completed
ORD-0031504,R-0066,2025-10-05,15.14,web,delivery,completed
ORD-0031505,R-0066,2025-10-15,23.48,web,delivery,COMPLETED
ORD-0031506,R-0066,2025-10-09,39.43,web,pickup,COMPLETED
ORD-0031507,R-0066,2025-10-02,23.19,web,pickup,completed
ORD-0031508,R-0066,2025-10-28,14.98,web,pickup,completed
ORD-0031509,R-0066,2025-10-16,28.23,web,delivery,completed
ORD-0031510,R-0066,2025-10-26,22.92,web,delivery,completed
ORD-0031511,R-0066,2025-10-02,15.86,web,pickup,refunded
ORD-0031512,R-0066,2025-10-14,28.86,web,pickup,completed
ORD-0031513,R-0066,2025-10-23,20.72,app,delivery,Completed
ORD-0031514,R-0066,2025-10-07,43.80,web,delivery,completed
ORD-0031515,R-0066,2025-10-07,22.32,web,pickup,completed
ORD-0031516,R-0066,2025-10-08,56.21,app,pickup,completed
ORD-0031517,R-0066,2025-10-07,21.67,web,delivery,completed
ORD-0031518,R-0066,2025-10-27,45.06,web,delivery,COMPLETED
ORD-0031519,R-0066,2025-10-31,28.03,web,delivery,COMPLETED
ORD-0031520,R-0066,2025-10-31,50.64,web,pickup,completed
ORD-0031521,R-0066,2025-10-06,29.89,web,pickup,completed
ORD-0032844,R-0070,2025-10-24,50.31,app,delivery,completed
ORD-0032845,R-0070,2025-10-11,46.78,app,pickup,completed
ORD-0032846,R-0070,2025-10-11,44.89,app,pickup,completed
ORD-0032847,R-0070,2025-10-04,12.33,web,delivery,Completed
ORD-0032848,R-0070,2025-10-22,35.89,app,delivery,completed
ORD-0032849,R-0070,2025-10-30,32.37,app,pickup,completed
ORD-0032850,R-0070,2025-10-09,14.70,app,pickup,completed
ORD-0032851,R-0070,2025-10-05,44.39,app,pickup,completed
ORD-0032852,R-0070,2025-10-22,28.64,web,pickup,completed
ORD-0032853,R-0070,2025-10-22,55.47,app,delivery,completed
ORD-0032854,R-0070,2025-10-13,44.57,app,pickup,completed
ORD-0032855,R-0070,2025-10-10,15.88,web,pickup,completed
ORD-0032856,R-0070,2025-10-05,26.64,app,pickup,completed
ORD-0032857,R-0070,2025-10-29,27.62,app,delivery,cancelled
ORD-0032858,R-0070,2025-10-09,24.24,web,delivery,completed
ORD-0032859,R-0070,2025-10-16,46.25,app,delivery,completed
ORD-0032860,R-0070,2025-10-18,17.65,web,delivery,completed
ORD-0032861,R-0070,2025-10-12,29.27,app,pickup,Completed
ORD-0032862,R-0070,2025-10-01,16.05,app,pickup,Completed
ORD-0032863,R-0070,2025-10-14,27.93,web,delivery,COMPLETED
ORD-0032864,R-0070,2025-10-08,25.30,app,delivery,cancelled
ORD-0032865,R-0070,2025-10-18,41.73,web,pickup,Completed
ORD-0032866,R-0070,2025-10-17,63.40,web,delivery,completed
ORD-0032867,R-0070,2025-10-04,17.43,app,pickup,completed
ORD-0032868,R-0070,2025-10-02,39.11,app,delivery,completed
ORD-0032869,R-0070,2025-10-03,45.92,web,pickup,completed
ORD-0032870,R-0070,2025-10-05,12.80,web,delivery,completed
ORD-0032871,R-0070,2025-10-01,30.15,app,pickup,completed
ORD-0032872,R-0070,2025-10-04,53.27,web,delivery,completed
ORD-0032873,R-0070,2025-10-08,19.50,web,delivery,completed
ORD-0032874,R-0070,2025-10-06,27.57,app,delivery,Completed
ORD-0032875,R-0070,2025-10-29,17.74,web,pickup,completed
ORD-0032876,R-0070,2025-10-25,25.24,app,delivery,completed
ORD-0032877,R-0070,2025-10-04,38.71,web,delivery,completed
ORD-0032878,R-0070,2025-10-29,13.13,web,pickup,completed
ORD-0032879,R-0070,2025-10-24,36.54,app,delivery,completed
ORD-0032880,R-0070,2025-10-24,25.50,web,pickup,completed
ORD-0032881,R-0070,2025-10-28,26.15,app,delivery,completed
ORD-0032882,R-0070,2025-10-24,29.34,app,pickup,Completed
ORD-0032883,R-0070,2025-10-14,38.74,app,pickup,COMPLETED
ORD-0032884,R-0070,2025-10-21,54.61,web,delivery,completed
ORD-0032885,R-0070,2025-10-02,33.88,web,delivery,Completed
ORD-0032886,R-0070,2025-10-06,36.46,app,pickup,completed
ORD-0032887,R-0070,2025-10-18,56.84,app,delivery,completed
ORD-0032888,R-0070,2025-10-07,21.14,app,delivery,completed
ORD-0032889,R-0070,2025-10-28,31.88,web,delivery,COMPLETED
ORD-0032890,R-0070,2025-10-11,37.29,app,delivery,completed
ORD-0032891,R-0070,2025-10-10,35.42,web,delivery,completed
ORD-0032892,R-0070,2025-10-22,35.38,app,pickup,completed
ORD-0032893,R-0070,2025-10-12,119.82,web,delivery,completed
ORD-0032894,R-0070,2025-10-25,12.59,web,delivery,Completed
ORD-0032895,R-0070,2025-10-23,35.23,web,delivery,completed
ORD-0032896,R-0070,2025-10-20,19.49,app,delivery,completed
ORD-0032897,R-0070,2025-10-19,34.83,web,delivery,completed
ORD-0032898,R-0070,2025-10-29,20.89,app,pickup,completed
ORD-0032899,R-0070,2025-10-28,21.53,app,delivery,completed
ORD-0032900,R-0070,2025-10-11,57.06,app,pickup,completed
ORD-0032901,R-0070,2025-10-31,43.62,web,pickup,completed
ORD-0032902,R-0070,2025-10-29,27.94,web,delivery,completed
ORD-0032903,R-0070,2025-10-20,12.29,app,delivery,completed
ORD-0032904,R-0070,2025-10-31,38.14,web,delivery,completed
ORD-0032905,R-0070,2025-10-02,40.11,web,pickup,Completed
ORD-0032906,R-0070,2025-10-09,17.41,app,delivery,completed
ORD-0032907,R-0070,2025-10-06,52.58,web,pickup,completed
ORD-0032908,R-0070,2025-10-24,24.93,web,delivery,completed
ORD-0032909,R-0070,2025-10-17,24.07,app,delivery,completed
ORD-0032910,R-0070,2025-10-09,25.42,app,pickup,completed
ORD-0032911,R-0070,2025-10-24,64.03,app,delivery,completed
ORD-0032912,R-0070,2025-10-02,13.92,web,delivery,completed
ORD-0032913,R-0070,2025-10-24,23.85,web,delivery,COMPLETED
ORD-0032914,R-0070,2025-10-24,40.45,app,delivery,COMPLETED
ORD-0032915,R-0070,2025-10-19,36.91,app,pickup,completed
ORD-0032916,R-0070,2025-10-15,15.99,app,delivery,completed
ORD-0032917,R-0070,2025-10-17,19.92,app,delivery,completed
ORD-0032918,R-0070,2025-10-29,26.17,app,pickup,completed
ORD-0032919,R-0070,2025-10-12,37.21,app,pickup,completed
ORD-0032920,R-0070,2025-10-07,55.84,web,delivery,completed
ORD-0032921,R-0070,2025-10-06,27.73,app,delivery,completed
ORD-0032922,R-0070,2025-10-05,40.02,web,delivery,completed
ORD-0032923,R-0070,2025-10-24,11.33,web,pickup,completed
ORD-0032924,R-0070,2025-10-01,18.58,app,delivery,completed
ORD-0032925,R-0070,2025-10-27,24.18,web,pickup,completed
ORD-0032926,R-0070,2025-10-30,18.24,app,delivery,completed
ORD-0032927,R-0070,2025-10-25,38.27,web,pickup,completed
ORD-0032928,R-0070,2025-10-10,25.83,app,pickup,completed
ORD-0032929,R-0070,2025-10-10,9.62,app,delivery,completed
ORD-0032930,R-0070,2025-10-06,16.58,web,delivery,completed
ORD-0032931,R-0070,2025-10-25,25.06,web,delivery,completed
ORD-0032932,R-0070,2025-10-12,14.63,app,delivery,completed
ORD-0032933,R-0070,2025-10-30,28.01,app,delivery,completed
ORD-0032934,R-0070,2025-10-15,26.64,web,delivery,completed
ORD-0032935,R-0070,2025-10-06,49.85,app,delivery,completed
ORD-0032936,R-0070,2025-10-09,27.71,app,pickup,completed
ORD-0032937,R-0070,2025-10-16,35.35,web,delivery,completed
ORD-0032938,R-0070,2025-10-24,22.00,web,delivery,completed
ORD-0032939,R-0070,2025-10-07,9.92,app,delivery,completed
ORD-0032940,R-0070,2025-10-09,21.47,web,delivery,completed
ORD-0032941,R-0070,2025-10-18,12.33,app,delivery,completed
ORD-0032942,R-0070,2025-10-29,15.01,web,delivery,Completed
ORD-0032943,R-0070,2025-10-27,31.37,web,delivery,completed
ORD-0032944,R-0070,2025-10-13,31.08,app,pickup,COMPLETED
ORD-0032945,R-0070,2025-10-29,41.09,app,pickup,completed
ORD-0032946,R-0070,2025-10-31,27.76,app,delivery,completed
ORD-0032947,R-0070,2025-10-12,28.23,app,delivery,COMPLETED
ORD-0032948,R-0070,2025-10-03,34.55,app,delivery,completed
ORD-0032949,R-0070,2025-10-14,11.56,web,delivery,completed
ORD-0032950,R-0070,2025-10-15,51.51,app,delivery,completed
ORD-0032951,R-0070,2025-10-04,14.05,app,delivery,completed
ORD-0032952,R-0070,2025-10-26,16.36,app,delivery,completed
ORD-0033328,R-0072,2025-10-23,24.05,web,delivery,completed
ORD-0033329,R-0072,2025-10-01,44.52,app,delivery,completed
ORD-0033330,R-0072,2025-10-02,25.66,app,delivery,completed
ORD-0033331,R-0072,2025-10-07,44.02,web,delivery,completed
ORD-0033332,R-0072,2025-10-16,42.58,web,pickup,completed
ORD-0033333,R-0072,2025-10-25,39.49,web,delivery,completed
ORD-0033334,R-0072,2025-10-22,36.23,web,delivery,completed
ORD-0033335,R-0072,2025-10-08,68.27,app,delivery,completed
ORD-0033336,R-0072,2025-10-26,43.01,app,pickup,completed
ORD-0033337,R-0072,2025-10-26,44.85,app,delivery,completed
ORD-0033338,R-0072,2025-10-29,32.79,app,delivery,completed
ORD-0033339,R-0072,2025-10-14,48.77,app,delivery,completed
ORD-0033340,R-0072,2025-10-17,38.68,app,delivery,COMPLETED
ORD-0033341,R-0072,2025-10-26,62.84,web,delivery,completed
ORD-0033342,R-0072,2025-10-31,37.69,app,delivery,completed
ORD-0033343,R-0072,2025-10-14,36.67,web,pickup,COMPLETED
ORD-0033344,R-0072,2025-10-31,41.24,web,delivery,completed
ORD-0033345,R-0072,2025-10-29,20.10,web,delivery,completed
ORD-0033346,R-0072,2025-10-02,18.13,web,delivery,cancelled
ORD-0033347,R-0072,2025-10-06,45.88,app,delivery,COMPLETED
ORD-0033348,R-0072,2025-10-07,25.54,web,delivery,completed
ORD-0033349,R-0072,2025-10-02,31.64,app,delivery,completed
ORD-0033350,R-0072,2025-10-16,33.83,app,delivery,Completed
ORD-0033351,R-0072,2025-10-03,38.14,app,delivery,Completed
ORD-0033352,R-0072,2025-10-08,21.44,web,pickup,completed
ORD-0033353,R-0072,2025-10-10,23.34,web,delivery,COMPLETED
ORD-0033354,R-0072,2025-10-19,33.79,app,delivery,cancelled
ORD-0033853,R-0074,2025-10-25,17.79,app,delivery,completed
ORD-0033854,R-0074,2025-10-06,35.03,web,delivery,completed
ORD-0033855,R-0074,2025-10-16,24.91,web,pickup,completed
ORD-0033856,R-0074,2025-10-27,54.39,app,delivery,completed
ORD-0033857,R-0074,2025-10-19,30.44,app,delivery,completed
ORD-0033858,R-0074,2025-10-05,39.09,app,delivery,completed
ORD-0033859,R-0074,2025-10-10,49.43,app,delivery,completed
ORD-0033860,R-0074,2025-10-24,30.18,web,delivery,completed
ORD-0033861,R-0074,2025-10-04,41.37,app,pickup,completed
ORD-0033862,R-0074,2025-10-10,56.56,app,delivery,completed
ORD-0033863,R-0074,2025-10-08,25.80,app,delivery,completed
ORD-0033864,R-0074,2025-10-17,34.94,app,delivery,completed
ORD-0033865,R-0074,2025-10-08,45.17,app,pickup,completed
ORD-0033866,R-0074,2025-10-21,27.82,app,pickup,completed
ORD-0033867,R-0074,2025-10-17,29.55,app,pickup,completed
ORD-0033868,R-0074,2025-10-25,21.33,app,delivery,completed
ORD-0033869,R-0074,2025-10-15,16.46,app,delivery,completed
ORD-0033870,R-0074,2025-10-08,23.54,web,delivery,completed
ORD-0033871,R-0074,2025-10-30,15.59,app,pickup,completed
ORD-0033872,R-0074,2025-10-15,40.03,app,delivery,completed
ORD-0033873,R-0074,2025-10-31,23.09,web,pickup,completed
ORD-0033874,R-0074,2025-10-04,59.08,app,delivery,completed
ORD-0033875,R-0074,2025-10-29,71.03,web,pickup,completed
ORD-0033876,R-0074,2025-10-11,30.66,web,delivery,Completed
ORD-0033877,R-0074,2025-10-24,35.28,app,delivery,completed
ORD-0033878,R-0074,2025-10-09,31.98,app,delivery,Completed
ORD-0033879,R-0074,2025-10-16,21.89,app,pickup,completed
ORD-0033880,R-0074,2025-10-26,16.44,web,pickup,Completed
ORD-0033881,R-0074,2025-10-03,20.89,web,delivery,completed
ORD-0033882,R-0074,2025-10-18,13.98,app,pickup,COMPLETED
ORD-0033883,R-0074,2025-10-30,20.26,web,delivery,completed
ORD-0033884,R-0074,2025-10-02,50.71,app,pickup,completed
ORD-0033885,R-0074,2025-10-14,25.31,app,delivery,completed
ORD-0033886,R-0074,2025-10-18,32.96,web,delivery,completed
ORD-0033887,R-0074,2025-10-05,55.60,app,delivery,completed
ORD-0033888,R-0074,2025-10-25,25.55,app,delivery,completed
ORD-0033889,R-0074,2025-10-14,26.85,app,delivery,Completed
ORD-0033890,R-0074,2025-10-14,25.10,web,delivery,completed
ORD-0033891,R-0074,2025-10-03,57.36,app,delivery,completed
ORD-0033892,R-0074,2025-10-12,36.68,app,delivery,cancelled
ORD-0033893,R-0074,2025-10-27,36.14,app,pickup,completed
ORD-0033894,R-0074,2025-10-06,38.34,app,delivery,refunded
ORD-0033895,R-0074,2025-10-18,30.44,app,delivery,completed
ORD-0033896,R-0074,2025-10-29,25.94,app,delivery,completed
ORD-0033897,R-0074,2025-10-24,35.59,app,delivery,completed
ORD-0033898,R-0074,2025-10-18,29.12,web,delivery,completed
ORD-0033899,R-0074,2025-10-03,32.05,web,delivery,COMPLETED
ORD-0033900,R-0074,2025-10-13,39.69,app,delivery,completed
ORD-0033901,R-0074,2025-10-12,33.33,app,delivery,completed
ORD-0033902,R-0074,2025-10-04,38.43,app,delivery,completed
ORD-0033903,R-0074,2025-10-12,42.04,web,delivery,completed
ORD-0033904,R-0074,2025-10-02,16.51,web,delivery,completed
ORD-0033905,R-0074,2025-10-04,18.48,app,pickup,completed
ORD-0033906,R-0074,2025-10-24,21.89,web,delivery,completed
ORD-0033907,R-0074,2025-10-28,15.07,app,pickup,completed
ORD-0033908,R-0074,2025-10-26,22.01,app,pickup,completed
ORD-0033909,R-0074,2025-10-31,57.65,web,delivery,Completed
ORD-0033910,R-0074,2025-10-27,33.93,web,delivery,completed
ORD-0033911,R-0074,2025-10-06,36.70,web,pickup,completed
ORD-0033912,R-0074,2025-10-26,34.74,app,delivery,completed
ORD-0033913,R-0074,2025-10-21,31.91,app,pickup,completed
ORD-0033914,R-0074,2025-10-18,39.10,app,delivery,completed
ORD-0033915,R-0074,2025-10-22,32.93,app,delivery,completed
ORD-0033916,R-0074,2025-10-25,41.31,app,delivery,completed
ORD-0033917,R-0074,2025-10-07,18.05,app,pickup,completed
ORD-0033918,R-0074,2025-10-12,41.29,app,delivery,completed
ORD-0033919,R-0074,2025-10-18,47.38,web,delivery,completed
ORD-0033920,R-0074,2025-10-05,19.98,web,pickup,completed
ORD-0033921,R-0074,2025-10-04,28.39,app,delivery,completed
ORD-0033922,R-0074,2025-10-18,30.38,app,delivery,completed
ORD-0033923,R-0074,2025-10-04,29.79,app,delivery,completed
ORD-0033924,R-0074,2025-10-18,31.81,app,delivery,completed
ORD-0033925,R-0074,2025-10-11,47.78,web,delivery,completed
ORD-0033926,R-0074,2025-10-06,46.68,app,delivery,completed
ORD-0033927,R-0074,2025-10-11,28.66,app,delivery,completed
ORD-0033928,R-0074,2025-10-04,15.32,web,delivery,completed
ORD-0035052,R-0075,2025-10-30,48.14,app,pickup,COMPLETED
ORD-0035053,R-0075,2025-10-11,21.21,app,delivery,completed
ORD-0035054,R-0075,2025-10-15,40.09,app,delivery,completed
ORD-0035055,R-0075,2025-10-19,48.74,app,delivery,cancelled
ORD-0035056,R-0075,2025-10-21,25.49,app,delivery,completed
ORD-0035057,R-0075,2025-10-20,16.82,app,pickup,completed
ORD-0035058,R-0075,2025-10-10,11.48,web,delivery,completed
ORD-0035059,R-0075,2025-10-16,25.92,app,pickup,completed
ORD-0035060,R-0075,2025-10-05,49.87,app,delivery,completed
ORD-0035061,R-0075,2025-10-13,17.33,app,pickup,completed
ORD-0035062,R-0075,2025-10-25,41.43,app,pickup,completed
ORD-0035063,R-0075,2025-10-24,21.35,app,pickup,completed
ORD-0035064,R-0075,2025-10-29,34.75,app,delivery,completed
ORD-0035065,R-0075,2025-10-04,41.84,web,delivery,completed
ORD-0035066,R-0075,2025-10-15,22.85,app,pickup,completed
ORD-0035067,R-0075,2025-10-18,35.05,web,delivery,completed
ORD-0035068,R-0075,2025-10-22,23.92,web,pickup,completed
ORD-0035069,R-0075,2025-10-25,19.26,app,delivery,completed
ORD-0035070,R-0075,2025-10-13,10.77,app,delivery,cancelled
ORD-0035071,R-0075,2025-10-28,11.85,app,delivery,COMPLETED
ORD-0035072,R-0075,2025-10-15,14.80,app,delivery,completed
ORD-0035073,R-0075,2025-10-30,49.18,web,delivery,completed
ORD-0035074,R-0075,2025-10-11,28.08,app,delivery,completed
ORD-0035075,R-0075,2025-10-26,27.20,app,pickup,completed
ORD-0035076,R-0075,2025-10-05,24.81,app,pickup,completed
ORD-0035077,R-0075,2025-10-19,16.84,app,pickup,completed
ORD-0035078,R-0075,2025-10-10,25.14,app,delivery,completed
ORD-0035079,R-0075,2025-10-31,15.85,web,delivery,completed
ORD-0035080,R-0075,2025-10-31,31.33,app,delivery,completed
ORD-0035081,R-0075,2025-10-18,13.37,app,delivery,completed
ORD-0035082,R-0075,2025-10-30,20.77,app,delivery,completed
ORD-0035083,R-0075,2025-10-31,34.90,app,delivery,completed
ORD-0035084,R-0075,2025-10-26,32.88,app,pickup,completed
ORD-0035085,R-0075,2025-10-04,26.65,app,delivery,cancelled
ORD-0035086,R-0075,2025-10-18,25.56,web,delivery,completed
ORD-0035408,R-0076,2025-10-24,63.71,web,delivery,completed
ORD-0035409,R-0076,2025-10-14,19.38,app,delivery,completed
ORD-0035410,R-0076,2025-10-14,35.16,app,delivery,completed
ORD-0035411,R-0076,2025-10-26,24.17,web,pickup,completed
ORD-0035412,R-0076,2025-10-08,25.82,app,delivery,completed
ORD-0035413,R-0076,2025-10-09,22.29,web,delivery,completed
ORD-0035414,R-0076,2025-10-17,28.10,web,delivery,completed
ORD-0035415,R-0076,2025-10-23,33.45,app,delivery,completed
ORD-0035416,R-0076,2025-10-24,14.42,app,delivery,COMPLETED
ORD-0035417,R-0076,2025-10-01,32.02,web,delivery,COMPLETED
ORD-0035418,R-0076,2025-10-27,33.02,app,delivery,completed
ORD-0035419,R-0076,2025-10-29,9.92,app,pickup,completed
ORD-0035420,R-0076,2025-10-30,22.00,app,pickup,completed
ORD-0035421,R-0076,2025-10-20,22.93,app,delivery,completed
ORD-0035422,R-0076,2025-10-04,23.35,web,delivery,completed
ORD-0035423,R-0076,2025-10-20,22.36,app,delivery,completed
ORD-0035424,R-0076,2025-10-06,28.29,web,pickup,completed
ORD-0035425,R-0076,2025-10-18,17.18,app,pickup,completed
ORD-0035426,R-0076,2025-10-26,33.97,app,pickup,completed
ORD-0035427,R-0076,2025-10-16,26.34,web,pickup,completed
ORD-0035428,R-0076,2025-10-04,28.43,app,pickup,completed
ORD-0035429,R-0076,2025-10-24,26.23,app,delivery,cancelled
ORD-0035430,R-0076,2025-10-19,41.50,app,delivery,completed
ORD-0035431,R-0076,2025-10-29,33.09,app,pickup,cancelled
ORD-0036020,R-0079,2025-10-24,50.42,app,pickup,completed
ORD-0036021,R-0079,2025-10-01,38.14,app,pickup,completed
ORD-0036022,R-0079,2025-10-12,45.72,app,pickup,completed
ORD-0036023,R-0079,2025-10-24,30.23,web,delivery,completed
ORD-0036024,R-0079,2025-10-08,46.31,web,delivery,completed
ORD-0036025,R-0079,2025-10-01,24.75,web,pickup,completed
ORD-0036026,R-0079,2025-10-01,16.45,app,delivery,completed
ORD-0036027,R-0079,2025-10-05,27.00,web,delivery,completed
ORD-0036028,R-0079,2025-10-31,26.80,web,pickup,cancelled
ORD-0036029,R-0079,2025-10-20,48.22,web,pickup,Completed
ORD-0036235,R-0080,2025-10-30,39.17,app,delivery,CANCELLED
ORD-0036236,R-0080,2025-10-30,26.47,web,delivery,completed
ORD-0036237,R-0080,2025-10-18,34.50,web,delivery,completed
ORD-0036238,R-0080,2025-10-29,20.23,web,delivery,completed
ORD-0036239,R-0080,2025-10-24,51.72,web,delivery,completed
ORD-0036240,R-0080,2025-10-28,24.51,web,pickup,completed
ORD-0036241,R-0080,2025-10-31,12.63,web,delivery,completed
ORD-0036242,R-0080,2025-10-24,7.63,app,delivery,completed
ORD-0036243,R-0080,2025-10-12,35.95,app,pickup,COMPLETED
ORD-0036593,R-0081,2025-10-04,79.05,web,delivery,completed
ORD-0036594,R-0081,2025-10-29,54.86,web,pickup,completed
ORD-0036595,R-0081,2025-10-01,41.33,web,pickup,completed
ORD-0036596,R-0081,2025-10-18,49.96,app,pickup,completed
ORD-0036597,R-0081,2025-10-04,54.73,web,delivery,completed
ORD-0036598,R-0081,2025-10-09,48.29,app,delivery,completed
ORD-0036599,R-0081,2025-10-19,64.34,web,delivery,completed
ORD-0036600,R-0081,2025-10-04,78.94,app,delivery,completed
ORD-0036601,R-0081,2025-10-30,49.62,web,pickup,completed
ORD-0036602,R-0081,2025-10-18,57.34,app,pickup,completed
ORD-0036603,R-0081,2025-10-31,44.01,web,delivery,completed
ORD-0036604,R-0081,2025-10-31,71.87,web,delivery,completed
ORD-0036605,R-0081,2025-10-17,74.13,web,pickup,completed
ORD-0036606,R-0081,2025-10-11,43.37,app,delivery,completed
ORD-0036607,R-0081,2025-10-03,67.49,app,delivery,completed
ORD-0036608,R-0081,2025-10-12,84.35,app,pickup,completed
ORD-0036609,R-0081,2025-10-18,63.44,web,delivery,completed
ORD-0036610,R-0081,2025-10-23,63.02,web,pickup,completed
ORD-0036611,R-0081,2025-10-03,31.30,web,pickup,completed
ORD-0036612,R-0081,2025-10-20,55.22,app,delivery,completed
ORD-0036613,R-0081,2025-10-13,46.57,app,pickup,completed
ORD-0036614,R-0081,2025-10-10,58.53,web,delivery,completed
ORD-0036615,R-0081,2025-10-28,25.88,web,pickup,completed
ORD-0036616,R-0081,2025-10-05,30.26,app,delivery,completed
ORD-0036617,R-0081,2025-10-27,20.29,web,delivery,Completed
ORD-0036618,R-0081,2025-10-26,52.97,app,delivery,completed
ORD-0036619,R-0081,2025-10-05,40.52,app,pickup,completed
ORD-0037250,R-0083,2025-10-12,30.71,app,pickup,completed
ORD-0037251,R-0083,2025-10-03,32.69,app,delivery,completed
ORD-0037252,R-0083,2025-10-30,36.40,web,pickup,completed
ORD-0037253,R-0083,2025-10-31,18.73,web,pickup,completed
ORD-0037254,R-0083,2025-10-04,40.59,app,pickup,completed
ORD-0037255,R-0083,2025-10-04,24.54,web,pickup,Completed
ORD-0037256,R-0083,2025-10-20,36.38,app,pickup,completed
ORD-0037257,R-0083,2025-10-09,17.64,app,pickup,completed
ORD-0037258,R-0083,2025-10-25,17.78,web,pickup,completed
ORD-0037259,R-0083,2025-10-01,57.38,web,delivery,completed
ORD-0037260,R-0083,2025-10-13,44.20,web,pickup,completed
ORD-0037261,R-0083,2025-10-21,44.94,web,pickup,completed
ORD-0037262,R-0083,2025-10-28,29.62,app,pickup,completed
ORD-0037263,R-0083,2025-10-08,23.14,app,pickup,completed
ORD-0037264,R-0083,2025-10-23,21.98,web,pickup,completed
ORD-0037265,R-0083,2025-10-24,27.52,web,delivery,completed
ORD-0037266,R-0083,2025-10-30,19.34,app,delivery,completed
ORD-0037267,R-0083,2025-10-10,22.15,app,pickup,completed
ORD-0037268,R-0083,2025-10-25,64.67,web,pickup,cancelled
ORD-0037269,R-0083,2025-10-04,36.47,app,delivery,completed
ORD-0037270,R-0083,2025-10-18,17.12,app,pickup,completed
ORD-0037271,R-0083,2025-10-25,22.47,web,delivery,completed
ORD-0037272,R-0083,2025-10-14,28.47,web,pickup,completed
ORD-0037273,R-0083,2025-10-20,32.72,app,pickup,completed
ORD-0037274,R-0083,2025-10-18,15.88,web,delivery,completed
ORD-0037275,R-0083,2025-10-03,28.21,app,delivery,Completed
ORD-0037276,R-0083,2025-10-20,19.29,web,delivery,completed
ORD-0037277,R-0083,2025-10-06,24.91,app,pickup,Completed
ORD-0037278,R-0083,2025-10-17,58.29,app,delivery,completed
ORD-0038684,R-0087,2025-10-30,31.60,web,pickup,completed
ORD-0038685,R-0087,2025-10-03,43.34,app,delivery,completed
ORD-0038686,R-0087,2025-10-15,21.44,web,delivery,completed
ORD-0038687,R-0087,2025-10-08,27.92,web,pickup,completed
ORD-0038688,R-0087,2025-10-15,35.67,web,pickup,completed
ORD-0038689,R-0087,2025-10-23,68.04,web,delivery,completed
ORD-0038690,R-0087,2025-10-08,35.32,web,pickup,completed
ORD-0038691,R-0087,2025-10-20,27.18,app,delivery,COMPLETED
ORD-0038692,R-0087,2025-10-12,38.90,web,delivery,completed
ORD-0038693,R-0087,2025-10-20,59.94,app,pickup,completed
ORD-0038694,R-0087,2025-10-14,36.08,app,delivery,completed
ORD-0038695,R-0087,2025-10-18,36.65,web,delivery,completed
ORD-0038696,R-0087,2025-10-04,29.93,web,delivery,completed
ORD-0038697,R-0087,2025-10-10,39.39,app,pickup,completed
ORD-0038698,R-0087,2025-10-31,19.01,app,delivery,Completed
ORD-0038699,R-0087,2025-10-05,37.49,web,pickup,COMPLETED
ORD-0038700,R-0087,2025-10-07,11.48,app,delivery,completed
ORD-0038701,R-0087,2025-10-24,52.46,web,delivery,completed
ORD-0038702,R-0087,2025-10-08,38.02,web,delivery,completed
ORD-0038703,R-0087,2025-10-28,39.32,web,delivery,COMPLETED
ORD-0038704,R-0087,2025-10-04,88.51,app,delivery,completed
ORD-0038705,R-0087,2025-10-21,28.88,web,delivery,completed
ORD-0038706,R-0087,2025-10-19,47.23,app,delivery,completed
ORD-0038707,R-0087,2025-10-11,42.82,app,delivery,completed
ORD-0038708,R-0087,2025-10-06,23.64,web,pickup,completed
ORD-0038709,R-0087,2025-10-27,22.59,web,pickup,completed
ORD-0038710,R-0087,2025-10-16,39.69,web,pickup,refunded
ORD-0038711,R-0087,2025-10-19,49.15,web,pickup,completed
ORD-0038712,R-0087,2025-10-25,28.10,web,pickup,completed
ORD-0038713,R-0087,2025-10-23,30.14,app,delivery,completed
ORD-0038714,R-0087,2025-10-25,33.41,web,pickup,Completed
ORD-0038715,R-0087,2025-10-08,62.69,web,delivery,completed
ORD-0038716,R-0087,2025-10-18,37.79,web,pickup,completed
ORD-0038717,R-0087,2025-10-06,24.10,web,delivery,completed
ORD-0038718,R-0087,2025-10-26,35.36,app,delivery,completed
ORD-0038719,R-0087,2025-10-09,25.07,app,pickup,completed
ORD-0038720,R-0087,2025-10-30,32.51,app,delivery,completed
ORD-0038721,R-0087,2025-10-24,27.06,web,pickup,completed
ORD-0038722,R-0087,2025-10-03,16.15,web,delivery,completed
ORD-0038723,R-0087,2025-10-10,43.94,web,delivery,completed
ORD-0038724,R-0087,2025-10-28,34.45,web,pickup,completed
ORD-0038725,R-0087,2025-10-08,11.05,web,delivery,completed
ORD-0038726,R-0087,2025-10-01,43.56,web,pickup,completed
ORD-0038727,R-0087,2025-10-20,28.16,app,pickup,COMPLETED
ORD-0038728,R-0087,2025-10-09,33.06,app,pickup,COMPLETED
ORD-0038729,R-0087,2025-10-19,58.25,web,delivery,completed
ORD-0038730,R-0087,2025-10-19,32.69,app,delivery,completed
ORD-0038731,R-0087,2025-10-15,35.41,app,pickup,completed
ORD-0038732,R-0087,2025-10-21,35.20,app,delivery,completed
ORD-0038733,R-0087,2025-10-22,35.50,app,delivery,Completed
ORD-0038734,R-0087,2025-10-12,35.65,web,delivery,cancelled
ORD-0038735,R-0087,2025-10-26,29.82,web,delivery,COMPLETED
ORD-0038736,R-0087,2025-10-05,23.15,app,pickup,completed
ORD-0038737,R-0087,2025-10-19,23.78,app,delivery,completed
ORD-0038738,R-0087,2025-10-25,36.64,web,pickup,completed
ORD-0038739,R-0087,2025-10-04,49.66,web,pickup,completed
ORD-0038740,R-0087,2025-10-17,24.81,web,delivery,completed
ORD-0038741,R-0087,2025-10-02,31.44,web,pickup,completed
ORD-0038742,R-0087,2025-10-03,25.00,web,pickup,COMPLETED
ORD-0038743,R-0087,2025-10-22,36.07,web,pickup,completed
ORD-0038744,R-0087,2025-10-30,43.99,app,pickup,cancelled
ORD-0038745,R-0087,2025-10-21,43.86,app,delivery,cancelled
ORD-0038746,R-0087,2025-10-14,30.87,app,pickup,completed
ORD-0038747,R-0087,2025-10-31,58.83,web,delivery,completed
ORD-0038748,R-0087,2025-10-14,26.70,app,delivery,completed
ORD-0038749,R-0087,2025-10-16,42.82,app,delivery,completed
ORD-0038750,R-0087,2025-10-03,23.90,web,pickup,COMPLETED
ORD-0038751,R-0087,2025-10-13,31.12,app,pickup,completed
ORD-0038752,R-0087,2025-10-21,52.41,app,pickup,completed
ORD-0038753,R-0087,2025-10-30,23.86,web,delivery,completed
ORD-0038754,R-0087,2025-10-25,32.25,web,delivery,COMPLETED
ORD-0038755,R-0087,2025-10-28,34.45,web,pickup,completed
ORD-0038756,R-0087,2025-10-10,31.78,web,delivery,completed
ORD-0038757,R-0087,2025-10-18,40.46,web,pickup,Refunded
ORD-0038758,R-0087,2025-10-01,28.04,web,delivery,completed
ORD-0038759,R-0087,2025-10-04,33.55,app,pickup,completed
ORD-0038760,R-0087,2025-10-06,33.85,app,pickup,completed
ORD-0038761,R-0087,2025-10-22,53.14,web,delivery,completed
ORD-0038762,R-0087,2025-10-16,42.40,web,pickup,completed
ORD-0038763,R-0087,2025-10-19,34.52,web,delivery,completed
ORD-0038764,R-0087,2025-10-28,37.96,web,delivery,completed
ORD-0038765,R-0087,2025-10-08,20.97,app,pickup,completed
ORD-0039691,R-0089,2025-10-31,45.83,web,delivery,completed
ORD-0039692,R-0089,2025-10-24,23.97,web,delivery,completed
ORD-0039693,R-0089,2025-10-27,20.01,web,delivery,cancelled
ORD-0039694,R-0089,2025-10-31,29.39,app,pickup,completed
ORD-0039695,R-0089,2025-10-24,19.64,app,pickup,completed
ORD-0039696,R-0089,2025-10-29,19.87,app,delivery,completed
ORD-0039697,R-0089,2025-10-26,21.45,app,pickup,completed
ORD-0039698,R-0089,2025-10-25,26.21,app,delivery,completed
ORD-0039699,R-0089,2025-10-26,46.39,web,pickup,completed
ORD-0040113,R-0090,2025-10-23,35.06,app,delivery,cancelled
ORD-0040114,R-0090,2025-10-25,17.30,app,pickup,completed
ORD-0040115,R-0090,2025-10-25,26.16,app,delivery,COMPLETED
ORD-0040116,R-0090,2025-10-05,12.46,web,pickup,Completed
ORD-0040117,R-0090,2025-10-30,21.29,web,delivery,completed
ORD-0040118,R-0090,2025-10-04,15.34,app,pickup,completed
ORD-0040119,R-0090,2025-10-13,27.54,web,delivery,completed
ORD-0040120,R-0090,2025-10-15,14.31,app,delivery,completed
ORD-0040121,R-0090,2025-10-31,14.15,app,delivery,completed
ORD-0040122,R-0090,2025-10-05,20.25,app,pickup,completed
ORD-0040123,R-0090,2025-10-06,15.31,app,delivery,completed
ORD-0040124,R-0090,2025-10-02,19.43,app,delivery,completed
ORD-0040125,R-0090,2025-10-05,17.41,app,pickup,completed
ORD-0040126,R-0090,2025-10-26,21.21,web,delivery,COMPLETED
ORD-0040127,R-0090,2025-10-09,26.23,app,delivery,completed
ORD-0040128,R-0090,2025-10-12,17.72,app,delivery,completed
ORD-0040129,R-0090,2025-10-14,23.73,web,pickup,completed
ORD-0040130,R-0090,2025-10-17,17.36,web,pickup,completed
ORD-0040131,R-0090,2025-10-17,14.45,web,delivery,completed
ORD-0040132,R-0090,2025-10-19,36.44,web,delivery,completed
ORD-0040133,R-0090,2025-10-11,22.71,web,delivery,completed
ORD-0040134,R-0090,2025-10-05,25.87,app,pickup,completed
ORD-0040135,R-0090,2025-10-27,14.41,app,delivery,cancelled
ORD-0040136,R-0090,2025-10-22,20.34,web,delivery,completed
ORD-0040137,R-0090,2025-10-01,22.37,app,pickup,completed
ORD-0040138,R-0090,2025-10-09,27.82,app,pickup,COMPLETED
ORD-0040139,R-0090,2025-10-19,22.90,web,delivery,completed
ORD-0040140,R-0090,2025-10-25,24.58,app,delivery,completed
ORD-0040600,R-0091,2025-10-02,66.42,web,delivery,completed
ORD-0040601,R-0091,2025-10-03,79.58,app,pickup,completed
ORD-0040602,R-0091,2025-10-10,47.95,app,delivery,completed
ORD-0040603,R-0091,2025-10-27,46.54,web,delivery,completed
ORD-0040604,R-0091,2025-10-11,82.75,app,pickup,refunded
ORD-0040605,R-0091,2025-10-24,56.16,web,delivery,completed
ORD-0040606,R-0091,2025-10-27,32.99,web,delivery,completed
ORD-0040607,R-0091,2025-10-03,98.36,web,pickup,completed
ORD-0040608,R-0091,2025-10-02,70.97,web,delivery,completed
ORD-0040609,R-0091,2025-10-30,36.00,app,delivery,completed
ORD-0040610,R-0091,2025-10-23,40.04,app,delivery,completed
ORD-0040611,R-0091,2025-10-12,74.99,web,delivery,completed
ORD-0040612,R-0091,2025-10-12,31.58,web,delivery,completed
ORD-0040613,R-0091,2025-10-04,77.57,web,pickup,completed
ORD-0040614,R-0091,2025-10-29,71.56,web,pickup,COMPLETED
ORD-0040615,R-0091,2025-10-31,90.97,app,delivery,completed
ORD-0040616,R-0091,2025-10-22,79.07,web,delivery,completed
ORD-0040617,R-0091,2025-10-09,38.39,web,delivery,completed
ORD-0040618,R-0091,2025-10-31,98.49,app,delivery,completed
ORD-0040619,R-0091,2025-10-09,40.52,web,pickup,completed
ORD-0040620,R-0091,2025-10-16,22.26,app,pickup,COMPLETED
ORD-0040621,R-0091,2025-10-23,52.36,app,delivery,completed
ORD-0040622,R-0091,2025-10-19,45.54,web,delivery,completed
ORD-0040623,R-0091,2025-10-10,57.30,web,pickup,completed
ORD-0040624,R-0091,2025-10-30,56.06,web,delivery,completed
ORD-0040625,R-0091,2025-10-10,47.06,app,delivery,completed
ORD-0040626,R-0091,2025-10-11,40.05,web,pickup,completed
ORD-0040627,R-0091,2025-10-09,50.53,app,delivery,completed
ORD-0040628,R-0091,2025-10-22,61.69,app,delivery,completed
ORD-0040629,R-0091,2025-10-07,43.73,web,delivery,completed
ORD-0040630,R-0091,2025-10-22,94.39,app,delivery,Completed
ORD-0040631,R-0091,2025-10-26,73.59,web,delivery,completed
ORD-0040632,R-0091,2025-10-31,95.05,app,delivery,completed
ORD-0040633,R-0091,2025-10-24,102.47,app,pickup,completed
ORD-0040634,R-0091,2025-10-04,50.75,app,delivery,completed
ORD-0040635,R-0091,2025-10-27,24.35,app,delivery,completed
ORD-0040636,R-0091,2025-10-31,112.42,web,delivery,completed
ORD-0040637,R-0091,2025-10-29,132.92,web,delivery,completed
ORD-0040638,R-0091,2025-10-05,83.00,web,pickup,completed
ORD-0040639,R-0091,2025-10-31,59.09,web,pickup,completed
ORD-0040640,R-0091,2025-10-25,41.53,app,delivery,completed
ORD-0040641,R-0091,2025-10-14,87.03,app,delivery,completed
ORD-0040642,R-0091,2025-10-18,36.14,web,pickup,completed
ORD-0040643,R-0091,2025-10-30,51.07,web,delivery,completed
ORD-0040644,R-0091,2025-10-10,34.83,app,pickup,Completed
ORD-0040645,R-0091,2025-10-05,69.91,app,delivery,completed
ORD-0040646,R-0091,2025-10-26,166.01,web,delivery,completed
ORD-0040647,R-0091,2025-10-22,40.87,web,delivery,completed
ORD-0040648,R-0091,2025-10-27,89.05,app,pickup,completed
ORD-0040649,R-0091,2025-10-14,72.20,app,pickup,completed
ORD-0040650,R-0091,2025-10-24,47.30,web,delivery,Completed
ORD-0040651,R-0091,2025-10-25,80.54,web,delivery,completed
ORD-0040652,R-0091,2025-10-10,78.10,web,delivery,completed
ORD-0040653,R-0091,2025-10-12,68.61,web,pickup,completed
ORD-0040654,R-0091,2025-10-04,69.80,web,pickup,completed
ORD-0040655,R-0091,2025-10-17,37.56,app,delivery,COMPLETED
ORD-0040656,R-0091,2025-10-02,56.22,app,delivery,completed
ORD-0040657,R-0091,2025-10-10,54.91,app,pickup,completed
ORD-0040658,R-0091,2025-10-15,44.75,app,delivery,completed
ORD-0040659,R-0091,2025-10-25,24.43,app,delivery,completed
ORD-0040660,R-0091,2025-10-11,42.35,web,delivery,completed
ORD-0040661,R-0091,2025-10-15,47.52,app,delivery,completed
ORD-0040662,R-0091,2025-10-24,53.50,app,delivery,completed
ORD-0040663,R-0091,2025-10-07,39.63,web,delivery,completed
ORD-0040664,R-0091,2025-10-18,48.07,web,delivery,COMPLETED
ORD-0040665,R-0091,2025-10-02,44.95,web,pickup,Completed
ORD-0040666,R-0091,2025-10-26,148.20,web,delivery,completed
ORD-0040667,R-0091,2025-10-22,45.84,web,delivery,COMPLETED
ORD-0040668,R-0091,2025-10-18,66.33,web,delivery,refunded
ORD-0040669,R-0091,2025-10-14,56.48,web,delivery,completed
ORD-0040670,R-0091,2025-10-03,58.20,app,pickup,completed
ORD-0040671,R-0091,2025-10-25,115.34,web,delivery,completed
ORD-0040672,R-0091,2025-10-04,118.87,app,delivery,completed
ORD-0040673,R-0091,2025-10-11,64.03,app,delivery,completed
ORD-0040674,R-0091,2025-10-09,62.42,app,delivery,completed
ORD-0040675,R-0091,2025-10-08,55.97,web,pickup,completed
ORD-0040676,R-0091,2025-10-18,73.52,app,delivery,COMPLETED
ORD-0040677,R-0091,2025-10-24,55.46,web,delivery,completed
ORD-0040678,R-0091,2025-10-08,53.35,app,delivery,completed
ORD-0040679,R-0091,2025-10-11,62.69,app,delivery,completed
ORD-0040680,R-0091,2025-10-23,68.39,web,pickup,completed
ORD-0040681,R-0091,2025-10-05,60.28,app,delivery,completed
ORD-0040682,R-0091,2025-10-11,110.32,app,delivery,completed
ORD-0040683,R-0091,2025-10-25,78.34,app,delivery,completed
ORD-0040684,R-0091,2025-10-15,55.48,app,delivery,completed
ORD-0040685,R-0091,2025-10-10,227.21,app,pickup,completed
ORD-0040686,R-0091,2025-10-25,106.41,web,delivery,cancelled
ORD-0040687,R-0091,2025-10-03,74.84,web,delivery,completed
ORD-0040688,R-0091,2025-10-08,72.59,app,delivery,completed
ORD-0040689,R-0091,2025-10-18,83.65,web,delivery,refunded
ORD-0040690,R-0091,2025-10-05,105.89,web,delivery,cancelled
ORD-0040691,R-0091,2025-10-22,112.19,web,delivery,completed
ORD-0040692,R-0091,2025-10-31,53.59,web,pickup,COMPLETED
ORD-0040693,R-0091,2025-10-29,26.54,web,pickup,completed
ORD-0040694,R-0091,2025-10-21,43.41,app,delivery,completed
ORD-0040695,R-0091,2025-10-02,50.42,app,delivery,completed
ORD-0040696,R-0091,2025-10-23,65.42,app,pickup,completed
ORD-0041042,R-0092,2025-10-18,33.10,app,delivery,completed
ORD-0041043,R-0092,2025-10-17,44.14,web,pickup,completed
ORD-0041044,R-0092,2025-10-11,23.59,web,pickup,completed
ORD-0041045,R-0092,2025-10-30,16.57,web,delivery,completed
ORD-0041046,R-0092,2025-10-17,23.43,web,delivery,cancelled
ORD-0041047,R-0092,2025-10-02,15.64,web,delivery,completed
ORD-0041048,R-0092,2025-10-29,72.57,web,pickup,completed
ORD-0041178,R-0095,2025-10-23,27.76,web,delivery,completed
ORD-0041179,R-0095,2025-10-22,35.42,web,delivery,COMPLETED
ORD-0041180,R-0095,2025-10-31,19.87,app,delivery,completed
ORD-0041181,R-0095,2025-10-10,45.36,app,delivery,completed
ORD-0041182,R-0095,2025-10-17,27.20,web,delivery,completed
ORD-0041183,R-0095,2025-10-17,39.91,app,pickup,completed
ORD-0041184,R-0095,2025-10-18,27.52,web,delivery,completed
ORD-0041185,R-0095,2025-10-23,30.36,web,delivery,completed
ORD-0041186,R-0095,2025-10-03,29.15,app,delivery,completed
ORD-0041187,R-0095,2025-10-11,26.49,web,pickup,completed
ORD-0041188,R-0095,2025-10-24,35.03,web,delivery,completed
ORD-0041189,R-0095,2025-10-21,50.03,web,delivery,completed
ORD-0041190,R-0095,2025-10-25,54.56,app,delivery,completed
ORD-0041191,R-0095,2025-10-17,34.13,web,pickup,completed
ORD-0041192,R-0095,2025-10-03,31.41,web,delivery,completed
ORD-0041193,R-0095,2025-10-24,28.40,web,delivery,completed
ORD-0041194,R-0095,2025-10-11,39.57,web,pickup,Completed
ORD-0041195,R-0095,2025-10-04,21.93,app,delivery,completed
ORD-0041196,R-0095,2025-10-06,30.70,app,delivery,completed
ORD-0041197,R-0095,2025-10-09,33.92,web,pickup,completed
ORD-0041198,R-0095,2025-10-25,33.35,web,pickup,completed
ORD-0041199,R-0095,2025-10-11,34.83,app,delivery,completed
ORD-0041200,R-0095,2025-10-23,47.05,web,delivery,COMPLETED
ORD-0041201,R-0095,2025-10-06,19.42,web,delivery,completed
ORD-0041202,R-0095,2025-10-29,22.13,web,delivery,completed
ORD-0041203,R-0095,2025-10-25,38.29,app,delivery,completed
ORD-0041204,R-0095,2025-10-29,23.04,web,delivery,completed
ORD-0041205,R-0095,2025-10-16,43.44,web,pickup,completed
ORD-0041206,R-0095,2025-10-08,28.14,app,delivery,completed
ORD-0041207,R-0095,2025-10-18,28.69,app,delivery,cancelled
ORD-0041208,R-0095,2025-10-09,14.31,web,delivery,completed
ORD-0041209,R-0095,2025-10-13,41.11,web,pickup,completed
ORD-0041210,R-0095,2025-10-17,24.13,web,delivery,completed
ORD-0041211,R-0095,2025-10-17,18.60,web,delivery,COMPLETED
ORD-0041212,R-0095,2025-10-30,25.00,web,delivery,completed
ORD-0041213,R-0095,2025-10-18,24.87,app,delivery,completed
ORD-0041214,R-0095,2025-10-25,14.79,app,delivery,completed
ORD-0041215,R-0095,2025-10-18,39.02,web,delivery,completed
ORD-0041279,R-0097,2025-10-11,40.07,app,delivery,Completed
ORD-0041280,R-0097,2025-10-30,52.36,web,delivery,completed
ORD-0041281,R-0097,2025-10-04,30.47,app,delivery,completed
ORD-0041550,R-0099,2025-10-17,40.63,web,pickup,completed
ORD-0041551,R-0099,2025-10-15,35.02,app,delivery,completed
ORD-0041552,R-0099,2025-10-22,40.34,app,delivery,Completed
ORD-0041553,R-0099,2025-10-02,39.08,app,delivery,completed
ORD-0041554,R-0099,2025-10-31,30.57,web,pickup,completed
ORD-0041555,R-0099,2025-10-11,45.87,web,pickup,completed
ORD-0041556,R-0099,2025-10-27,27.41,app,pickup,completed
ORD-0041557,R-0099,2025-10-05,36.45,app,delivery,REFUNDED
ORD-0041558,R-0099,2025-10-23,61.43,app,delivery,completed
ORD-0041559,R-0099,2025-10-08,29.04,app,delivery,Completed
ORD-0041560,R-0099,2025-10-11,53.53,app,pickup,completed
ORD-0041561,R-0099,2025-10-04,89.69,web,pickup,completed
ORD-0041562,R-0099,2025-10-31,50.83,web,delivery,completed
ORD-0041563,R-0099,2025-10-11,56.49,app,pickup,completed
ORD-0041564,R-0099,2025-10-03,72.36,web,pickup,Completed
ORD-0041565,R-0099,2025-10-07,48.99,app,pickup,completed
ORD-0041566,R-0099,2025-10-08,37.28,app,pickup,completed
ORD-0041567,R-0099,2025-10-18,63.85,web,delivery,Completed
ORD-0041568,R-0099,2025-10-07,36.98,app,pickup,completed
ORD-0041569,R-0099,2025-10-30,27.35,web,pickup,cancelled
ORD-0041570,R-0099,2025-10-01,60.12,app,pickup,COMPLETED
ORD-0041571,R-0099,2025-10-10,50.67,app,delivery,completed
ORD-0041572,R-0099,2025-10-11,39.11,app,pickup,completed
ORD-0041573,R-0099,2025-10-01,90.71,app,pickup,Completed
ORD-0041574,R-0099,2025-10-12,59.02,web,delivery,completed
ORD-0041575,R-0099,2025-10-05,75.13,web,delivery,COMPLETED
ORD-0041576,R-0099,2025-10-04,55.12,web,pickup,Completed
ORD-0041577,R-0099,2025-10-03,79.21,web,pickup,completed
ORD-0041578,R-0099,2025-10-23,37.37,web,delivery,completed
ORD-0041579,R-0099,2025-10-04,27.27,app,pickup,completed
ORD-0041580,R-0099,2025-10-19,39.10,app,delivery,completed
ORD-0041581,R-0099,2025-10-30,68.64,web,pickup,completed
ORD-0041582,R-0099,2025-10-04,27.81,web,delivery,COMPLETED
ORD-0041583,R-0099,2025-10-24,55.20,web,delivery,COMPLETED
ORD-0041584,R-0099,2025-10-17,61.53,web,delivery,completed
ORD-0041585,R-0099,2025-10-06,84.80,web,pickup,cancelled
ORD-0041586,R-0099,2025-10-10,82.58,app,pickup,completed
ORD-0041587,R-0099,2025-10-01,32.56,web,pickup,completed
ORD-0041588,R-0099,2025-10-16,32.02,web,delivery,CANCELLED
ORD-0041589,R-0099,2025-10-03,159.12,app,delivery,completed
ORD-0041590,R-0099,2025-10-16,122.42,web,pickup,completed
ORD-0041591,R-0099,2025-10-10,31.15,web,pickup,completed
ORD-0041592,R-0099,2025-10-17,37.13,app,pickup,completed
ORD-0041593,R-0099,2025-10-02,67.43,app,pickup,completed
ORD-0041594,R-0099,2025-10-08,24.29,app,delivery,completed
ORD-0041595,R-0099,2025-10-19,45.06,web,pickup,COMPLETED
ORD-0041596,R-0099,2025-10-31,47.84,app,pickup,completed
ORD-0041597,R-0099,2025-10-24,60.69,web,pickup,completed
ORD-0042253,R-0100,2025-10-14,25.40,app,pickup,completed
ORD-0042254,R-0100,2025-10-08,57.17,app,delivery,Cancelled
ORD-0042255,R-0100,2025-10-21,18.93,web,delivery,completed
ORD-0042256,R-0100,2025-10-30,25.01,web,delivery,completed
ORD-0042257,R-0100,2025-10-21,13.91,web,delivery,completed
ORD-0042258,R-0100,2025-10-23,30.64,app,delivery,completed
ORD-0042259,R-0100,2025-10-03,13.58,web,delivery,completed
ORD-0042260,R-0100,2025-10-02,20.79,web,delivery,completed
ORD-0042261,R-0100,2025-10-28,52.81,app,pickup,COMPLETED
ORD-0042262,R-0100,2025-10-19,19.91,web,delivery,cancelled
ORD-0042263,R-0100,2025-10-30,12.30,web,pickup,completed
ORD-0042264,R-0100,2025-10-16,24.32,app,delivery,COMPLETED
ORD-0042265,R-0100,2025-10-10,30.07,app,delivery,completed
ORD-0042266,R-0100,2025-10-08,19.25,web,delivery,completed
ORD-0042267,R-0100,2025-10-10,25.82,web,delivery,completed
ORD-0042268,R-0100,2025-10-12,21.44,web,pickup,completed
ORD-0042269,R-0100,2025-10-04,19.87,web,delivery,completed
ORD-0042270,R-0100,2025-10-17,17.50,web,pickup,Completed
ORD-0042271,R-0100,2025-10-19,22.31,web,delivery,completed
ORD-0042272,R-0100,2025-10-02,20.73,web,pickup,completed
ORD-0042273,R-0100,2025-10-11,18.38,web,delivery,cancelled
ORD-0042274,R-0100,2025-10-11,17.48,app,delivery,completed
ORD-0042569,R-0101,2025-10-04,19.98,web,pickup,completed
ORD-0042570,R-0101,2025-10-30,31.60,web,delivery,completed
ORD-0042571,R-0101,2025-10-04,22.94,app,pickup,completed
ORD-0042572,R-0101,2025-10-19,26.19,app,pickup,completed
ORD-0042573,R-0101,2025-10-20,18.48,web,pickup,completed
ORD-0042574,R-0101,2025-10-20,11.18,app,delivery,completed
ORD-0042575,R-0101,2025-10-23,34.59,web,pickup,completed
ORD-0042576,R-0101,2025-10-16,28.33,web,delivery,completed
ORD-0042577,R-0101,2025-10-10,13.22,web,pickup,completed
ORD-0042578,R-0101,2025-10-20,19.88,web,delivery,completed
ORD-0042579,R-0101,2025-10-25,24.41,web,delivery,completed
ORD-0042580,R-0101,2025-10-27,15.45,web,delivery,completed
ORD-0042581,R-0101,2025-10-18,32.50,web,pickup,cancelled
ORD-0042582,R-0101,2025-10-08,17.58,web,pickup,completed
ORD-0042583,R-0101,2025-10-06,19.33,web,pickup,COMPLETED
ORD-0042584,R-0101,2025-10-04,20.88,app,pickup,completed
ORD-0042585,R-0101,2025-10-08,25.12,app,delivery,completed
ORD-0042586,R-0101,2025-10-17,21.15,app,pickup,completed
ORD-0042587,R-0101,2025-10-25,21.69,web,pickup,completed
ORD-0042588,R-0101,2025-10-29,19.75,web,pickup,completed
ORD-0042589,R-0101,2025-10-31,20.80,web,delivery,completed
ORD-0042590,R-0101,2025-10-09,21.40,web,pickup,completed
ORD-0042591,R-0101,2025-10-10,14.98,web,pickup,completed
ORD-0042592,R-0101,2025-10-11,24.61,app,pickup,completed
ORD-0042593,R-0101,2025-10-21,20.75,app,delivery,COMPLETED
ORD-0042594,R-0101,2025-10-17,44.45,web,delivery,cancelled
ORD-0042595,R-0101,2025-10-02,10.68,web,delivery,completed
ORD-0042596,R-0101,2025-10-27,12.58,app,delivery,completed
ORD-0042597,R-0101,2025-10-26,14.27,web,delivery,completed
ORD-0042598,R-0101,2025-10-05,28.25,app,pickup,completed
ORD-0042599,R-0101,2025-10-25,30.09,app,delivery,completed
ORD-0042600,R-0101,2025-10-17,21.17,app,pickup,completed
ORD-0042601,R-0101,2025-10-29,15.38,web,pickup,completed
ORD-0042602,R-0101,2025-10-05,17.35,app,delivery,completed
ORD-0042603,R-0101,2025-10-30,16.31,web,pickup,completed
ORD-0042604,R-0101,2025-10-31,26.16,app,delivery,completed
ORD-0042605,R-0101,2025-10-24,18.71,app,pickup,cancelled
ORD-0042606,R-0101,2025-10-21,18.74,web,pickup,Refunded
ORD-0043204,R-0102,2025-10-31,30.96,app,delivery,completed
ORD-0043205,R-0102,2025-10-21,46.94,app,delivery,completed
ORD-0043206,R-0102,2025-10-28,43.88,app,delivery,completed
ORD-0043207,R-0102,2025-10-28,96.96,app,delivery,completed
ORD-0043420,R-0103,2025-10-01,13.77,app,delivery,completed
ORD-0043421,R-0103,2025-10-10,45.35,web,delivery,completed
ORD-0043422,R-0103,2025-10-31,40.11,web,pickup,completed
ORD-0043423,R-0103,2025-10-05,25.50,web,pickup,completed
ORD-0043424,R-0103,2025-10-17,19.77,web,delivery,completed
ORD-0043425,R-0103,2025-10-19,34.22,app,delivery,completed
ORD-0043426,R-0103,2025-10-28,32.08,app,delivery,completed
ORD-0043427,R-0103,2025-10-16,32.23,web,delivery,completed
ORD-0043428,R-0103,2025-10-20,52.71,web,pickup,completed
ORD-0043429,R-0103,2025-10-10,21.46,web,pickup,completed
ORD-0043430,R-0103,2025-10-24,42.32,app,pickup,completed
ORD-0043431,R-0103,2025-10-17,27.27,web,pickup,completed
ORD-0043432,R-0103,2025-10-23,20.20,web,delivery,completed
ORD-0043433,R-0103,2025-10-24,43.38,web,pickup,completed
ORD-0043434,R-0103,2025-10-01,45.56,web,delivery,completed
ORD-0043435,R-0103,2025-10-13,26.49,web,delivery,completed
ORD-0043436,R-0103,2025-10-13,52.32,web,delivery,completed
ORD-0043437,R-0103,2025-10-07,26.37,web,pickup,completed
ORD-0043438,R-0103,2025-10-24,32.11,app,delivery,completed
ORD-0043439,R-0103,2025-10-29,21.63,web,delivery,completed
ORD-0043440,R-0103,2025-10-20,19.01,web,pickup,completed
ORD-0043441,R-0103,2025-10-03,58.02,web,delivery,completed
ORD-0043442,R-0103,2025-10-20,51.99,web,pickup,completed
ORD-0043443,R-0103,2025-10-29,31.50,web,pickup,COMPLETED
ORD-0043444,R-0103,2025-10-10,23.04,web,delivery,completed
ORD-0043445,R-0103,2025-10-15,34.27,web,delivery,completed
ORD-0043446,R-0103,2025-10-19,21.11,web,delivery,completed
ORD-0043447,R-0103,2025-10-25,22.46,web,pickup,completed
ORD-0043448,R-0103,2025-10-29,39.01,web,pickup,completed
ORD-0043449,R-0103,2025-10-24,34.03,web,delivery,completed
ORD-0043450,R-0103,2025-10-17,41.86,web,pickup,completed
ORD-0043451,R-0103,2025-10-07,25.75,web,delivery,refunded
ORD-0044278,R-0104,2025-10-21,12.50,app,delivery,completed
ORD-0044279,R-0104,2025-10-09,16.82,app,delivery,completed
ORD-0044280,R-0104,2025-10-03,21.28,web,delivery,completed
ORD-0044281,R-0104,2025-10-25,40.10,web,delivery,completed
ORD-0044282,R-0104,2025-10-08,33.62,web,delivery,COMPLETED
ORD-0044283,R-0104,2025-10-30,17.80,web,pickup,completed
ORD-0044284,R-0104,2025-10-03,57.02,app,delivery,completed
ORD-0044285,R-0104,2025-10-26,17.50,web,pickup,completed
ORD-0044286,R-0104,2025-10-25,24.91,web,delivery,completed
ORD-0044287,R-0104,2025-10-18,30.38,app,delivery,completed
ORD-0044288,R-0104,2025-10-14,16.86,web,delivery,completed
ORD-0044289,R-0104,2025-10-03,31.32,web,delivery,Completed
ORD-0044290,R-0104,2025-10-03,22.47,app,delivery,completed
ORD-0044291,R-0104,2025-10-23,18.11,web,pickup,COMPLETED
ORD-0044292,R-0104,2025-10-04,44.06,app,delivery,completed
ORD-0044293,R-0104,2025-10-24,16.89,app,delivery,completed
ORD-0044294,R-0104,2025-10-26,30.63,app,delivery,completed
ORD-0044295,R-0104,2025-10-03,25.07,web,pickup,completed
ORD-0044296,R-0104,2025-10-05,38.49,app,pickup,completed
ORD-0044297,R-0104,2025-10-11,31.71,web,delivery,completed
ORD-0044298,R-0104,2025-10-05,32.44,app,delivery,completed
ORD-0044299,R-0104,2025-10-02,26.15,app,delivery,completed
ORD-0044300,R-0104,2025-10-23,28.03,app,pickup,completed
ORD-0044301,R-0104,2025-10-15,19.20,app,pickup,Completed
ORD-0044302,R-0104,2025-10-02,19.98,app,pickup,completed
ORD-0044303,R-0104,2025-10-18,27.43,web,delivery,Completed
ORD-0044304,R-0104,2025-10-20,31.25,web,pickup,completed
ORD-0044305,R-0104,2025-10-03,18.78,web,pickup,completed
ORD-0044306,R-0104,2025-10-01,20.17,app,pickup,completed
ORD-0044307,R-0104,2025-10-17,21.97,app,delivery,Completed
ORD-0044308,R-0104,2025-10-10,10.74,app,pickup,completed
ORD-0044309,R-0104,2025-10-29,20.22,app,delivery,Completed
ORD-0044310,R-0104,2025-10-21,41.29,app,delivery,cancelled
ORD-0044311,R-0104,2025-10-04,45.24,app,delivery,completed
ORD-0044312,R-0104,2025-10-23,30.81,web,pickup,completed
ORD-0044313,R-0104,2025-10-22,25.82,app,delivery,completed
ORD-0044314,R-0104,2025-10-21,22.33,web,delivery,completed
ORD-0044315,R-0104,2025-10-17,15.08,web,delivery,completed
ORD-0044316,R-0104,2025-10-09,20.65,app,delivery,completed
ORD-0044317,R-0104,2025-10-17,18.37,app,delivery,completed
ORD-0044318,R-0104,2025-10-25,39.50,web,delivery,completed
ORD-0044319,R-0104,2025-10-19,43.52,web,pickup,completed
ORD-0044320,R-0104,2025-10-17,34.39,app,delivery,completed
ORD-0044321,R-0104,2025-10-23,14.05,web,delivery,completed
ORD-0044322,R-0104,2025-10-19,31.53,web,delivery,completed
ORD-0044323,R-0104,2025-10-05,18.17,web,pickup,completed
ORD-0044324,R-0104,2025-10-19,42.13,app,delivery,completed
ORD-0044325,R-0104,2025-10-01,30.68,app,pickup,COMPLETED
ORD-0044326,R-0104,2025-10-19,25.39,app,delivery,completed
ORD-0044327,R-0104,2025-10-31,38.82,web,pickup,completed
ORD-0044328,R-0104,2025-10-25,32.15,web,pickup,completed
ORD-0044329,R-0104,2025-10-02,45.62,app,delivery,completed
ORD-0044330,R-0104,2025-10-28,36.29,web,delivery,completed
ORD-0044331,R-0104,2025-10-02,25.79,web,pickup,completed
ORD-0044332,R-0104,2025-10-16,35.90,web,pickup,completed
ORD-0044333,R-0104,2025-10-03,24.55,web,delivery,completed
ORD-0044334,R-0104,2025-10-04,22.34,web,delivery,completed
ORD-0044335,R-0104,2025-10-17,28.77,web,delivery,completed
ORD-0044336,R-0104,2025-10-08,20.91,app,pickup,completed
ORD-0044337,R-0104,2025-10-04,48.15,app,delivery,cancelled
ORD-0044338,R-0104,2025-10-17,15.47,app,delivery,Completed
ORD-0044339,R-0104,2025-10-31,19.09,web,delivery,completed
ORD-0045222,R-0107,2025-10-04,31.62,web,delivery,completed
ORD-0045223,R-0107,2025-10-12,34.85,web,delivery,completed
ORD-0045224,R-0107,2025-10-22,38.01,web,pickup,completed
ORD-0045225,R-0107,2025-10-17,26.81,web,pickup,Completed
ORD-0045226,R-0107,2025-10-02,27.88,app,pickup,completed
ORD-0045227,R-0107,2025-10-17,22.84,app,pickup,COMPLETED
ORD-0045228,R-0107,2025-10-10,35.07,app,pickup,COMPLETED
ORD-0045229,R-0107,2025-10-18,44.55,web,pickup,completed
ORD-0045230,R-0107,2025-10-05,38.80,web,pickup,completed
ORD-0045231,R-0107,2025-10-11,44.34,web,delivery,completed
ORD-0045232,R-0107,2025-10-30,34.18,app,pickup,completed
ORD-0045233,R-0107,2025-10-17,33.49,web,delivery,completed
ORD-0045234,R-0107,2025-10-03,47.53,web,delivery,completed
ORD-0045235,R-0107,2025-10-03,29.19,web,delivery,completed
ORD-0045236,R-0107,2025-10-12,48.59,web,delivery,COMPLETED
ORD-0045237,R-0107,2025-10-07,21.08,app,delivery,COMPLETED
ORD-0045238,R-0107,2025-10-03,38.65,web,pickup,completed
ORD-0045239,R-0107,2025-10-18,29.37,web,pickup,completed
ORD-0045240,R-0107,2025-10-05,24.50,app,pickup,completed
ORD-0045241,R-0107,2025-10-28,25.80,web,delivery,completed
ORD-0045242,R-0107,2025-10-02,38.64,app,pickup,cancelled
ORD-0045243,R-0107,2025-10-27,36.90,app,pickup,completed
ORD-0045244,R-0107,2025-10-24,30.17,app,delivery,completed
ORD-0045245,R-0107,2025-10-19,23.12,app,pickup,completed
ORD-0045246,R-0107,2025-10-14,27.61,web,pickup,completed
ORD-0045247,R-0107,2025-10-30,27.87,app,pickup,completed
ORD-0045248,R-0107,2025-10-16,34.01,web,pickup,completed
ORD-0045249,R-0107,2025-10-12,25.62,web,pickup,completed
ORD-0045250,R-0107,2025-10-18,22.29,app,delivery,completed
ORD-0045251,R-0107,2025-10-15,23.55,web,pickup,cancelled
ORD-0045252,R-0107,2025-10-18,41.12,app,delivery,completed
ORD-0045253,R-0107,2025-10-14,43.08,app,delivery,completed
ORD-0045254,R-0107,2025-10-04,19.82,web,pickup,completed
ORD-0045255,R-0107,2025-10-03,34.78,web,pickup,completed
ORD-0045256,R-0107,2025-10-27,37.18,app,delivery,COMPLETED
ORD-0045257,R-0107,2025-10-04,33.51,app,pickup,COMPLETED
ORD-0045258,R-0107,2025-10-11,27.46,web,pickup,completed
ORD-0045259,R-0107,2025-10-02,71.69,app,pickup,completed
ORD-0045260,R-0107,2025-10-10,27.20,app,delivery,completed
ORD-0045261,R-0107,2025-10-28,30.92,web,pickup,completed
ORD-0045262,R-0107,2025-10-13,34.26,app,pickup,completed
ORD-0045263,R-0107,2025-10-30,30.98,app,pickup,Completed
ORD-0045264,R-0107,2025-10-16,36.61,app,pickup,COMPLETED
ORD-0045265,R-0107,2025-10-02,29.86,web,delivery,completed
ORD-0045266,R-0107,2025-10-03,37.99,app,pickup,completed
ORD-0045267,R-0107,2025-10-01,37.83,web,pickup,CANCELLED
ORD-0045268,R-0107,2025-10-22,22.93,web,delivery,completed
ORD-0045269,R-0107,2025-10-06,25.85,app,pickup,completed
ORD-0045270,R-0107,2025-10-02,25.34,web,pickup,COMPLETED
ORD-0045271,R-0107,2025-10-21,40.86,web,delivery,completed
ORD-0045272,R-0107,2025-10-18,40.65,web,pickup,completed
ORD-0045273,R-0107,2025-10-31,45.57,web,delivery,Completed
ORD-0045274,R-0107,2025-10-17,26.77,web,pickup,completed
ORD-0045275,R-0107,2025-10-11,35.76,app,pickup,completed
ORD-0045276,R-0107,2025-10-29,26.19,web,pickup,completed
ORD-0045277,R-0107,2025-10-20,27.34,web,pickup,completed
ORD-0045278,R-0107,2025-10-20,30.55,web,delivery,COMPLETED
ORD-0045279,R-0107,2025-10-04,28.20,web,pickup,Completed
ORD-0045280,R-0107,2025-10-25,28.70,web,pickup,completed
ORD-0045281,R-0107,2025-10-21,22.31,web,delivery,completed
ORD-0045282,R-0107,2025-10-09,24.94,web,delivery,completed
ORD-0045283,R-0107,2025-10-28,27.28,web,pickup,COMPLETED
ORD-0045284,R-0107,2025-10-03,28.15,web,delivery,completed
ORD-0045285,R-0107,2025-10-23,36.82,web,delivery,completed
ORD-0045286,R-0107,2025-10-18,44.59,web,pickup,completed
ORD-0045287,R-0107,2025-10-18,37.26,web,pickup,Completed
ORD-0045900,R-0110,2025-10-13,40.45,web,pickup,completed
ORD-0045901,R-0110,2025-10-31,29.05,web,delivery,completed
ORD-0045902,R-0110,2025-10-07,22.49,web,delivery,completed
ORD-0045903,R-0110,2025-10-12,30.46,app,pickup,completed
ORD-0045904,R-0110,2025-10-05,41.49,web,delivery,completed
ORD-0045905,R-0110,2025-10-10,43.37,web,delivery,completed
ORD-0045906,R-0110,2025-10-27,23.23,web,pickup,completed
ORD-0045907,R-0110,2025-10-12,47.71,app,delivery,completed
ORD-0045908,R-0110,2025-10-02,18.11,web,delivery,completed
ORD-0045909,R-0110,2025-10-09,37.98,web,delivery,completed
ORD-0045910,R-0110,2025-10-11,35.49,app,delivery,completed
ORD-0045911,R-0110,2025-10-18,41.53,web,pickup,completed
ORD-0045912,R-0110,2025-10-01,28.62,web,delivery,cancelled
ORD-0045913,R-0110,2025-10-05,55.38,app,pickup,completed
ORD-0045914,R-0110,2025-10-25,44.95,web,delivery,completed
ORD-0045915,R-0110,2025-10-04,60.95,web,delivery,completed
ORD-0045916,R-0110,2025-10-12,21.14,app,delivery,COMPLETED
ORD-0045917,R-0110,2025-10-10,37.64,web,delivery,Completed
ORD-0045918,R-0110,2025-10-24,35.86,app,pickup,completed
ORD-0045919,R-0110,2025-10-29,19.18,app,pickup,completed
ORD-0045920,R-0110,2025-10-24,41.40,app,delivery,completed
ORD-0045921,R-0110,2025-10-09,41.77,app,delivery,completed
ORD-0045922,R-0110,2025-10-16,40.51,web,pickup,completed
ORD-0045923,R-0110,2025-10-31,42.76,web,pickup,cancelled
ORD-0045924,R-0110,2025-10-22,24.94,web,pickup,COMPLETED
ORD-0045925,R-0110,2025-10-03,27.35,app,pickup,completed
ORD-0045926,R-0110,2025-10-24,28.87,web,delivery,completed
ORD-0045927,R-0110,2025-10-21,39.37,app,pickup,completed
ORD-0045928,R-0110,2025-10-12,45.41,web,pickup,completed
ORD-0045929,R-0110,2025-10-25,36.11,web,delivery,completed
ORD-0045930,R-0110,2025-10-03,41.34,web,pickup,completed
ORD-0045931,R-0110,2025-10-09,25.71,app,delivery,completed
ORD-0045932,R-0110,2025-10-16,34.07,web,pickup,completed
ORD-0045933,R-0110,2025-10-06,23.11,web,delivery,completed
ORD-0045934,R-0110,2025-10-10,19.74,web,delivery,completed
ORD-0045935,R-0110,2025-10-13,18.48,app,delivery,completed
ORD-0045936,R-0110,2025-10-24,30.06,app,pickup,completed
ORD-0045937,R-0110,2025-10-21,17.67,app,delivery,completed
ORD-0045938,R-0110,2025-10-22,22.80,web,delivery,completed
ORD-0045939,R-0110,2025-10-24,37.19,web,pickup,completed
ORD-0045940,R-0110,2025-10-15,52.57,web,delivery,cancelled
ORD-0045941,R-0110,2025-10-16,33.09,app,delivery,completed
ORD-0045942,R-0110,2025-10-05,28.16,web,delivery,completed
ORD-0045943,R-0110,2025-10-06,15.23,web,delivery,Completed
ORD-0045944,R-0110,2025-10-16,62.78,web,delivery,completed
ORD-0045945,R-0110,2025-10-21,31.05,web,delivery,completed
ORD-0045946,R-0110,2025-10-15,26.10,web,delivery,completed
ORD-0045947,R-0110,2025-10-11,26.71,app,delivery,completed
ORD-0045948,R-0110,2025-10-09,20.23,web,delivery,COMPLETED
ORD-0045949,R-0110,2025-10-10,28.68,app,pickup,completed
ORD-0045950,R-0110,2025-10-19,35.82,app,delivery,completed
ORD-0045951,R-0110,2025-10-22,36.36,app,delivery,completed
ORD-0045952,R-0110,2025-10-01,31.32,web,delivery,completed
ORD-0045953,R-0110,2025-10-04,41.42,web,delivery,completed
ORD-0045954,R-0110,2025-10-18,32.64,web,pickup,completed
ORD-0045955,R-0110,2025-10-31,26.83,app,pickup,completed
ORD-0045956,R-0110,2025-10-06,41.11,app,delivery,completed
ORD-0045957,R-0110,2025-10-03,23.34,app,delivery,completed
ORD-0045958,R-0110,2025-10-11,31.66,app,pickup,COMPLETED
ORD-0045959,R-0110,2025-10-30,38.42,app,pickup,completed
ORD-0045960,R-0110,2025-10-07,25.13,web,delivery,completed
ORD-0045961,R-0110,2025-10-23,35.21,web,pickup,Completed
ORD-0045962,R-0110,2025-10-10,36.69,web,delivery,completed
ORD-0045963,R-0110,2025-10-13,26.98,app,pickup,completed
ORD-0045964,R-0110,2025-10-12,39.79,app,pickup,completed
ORD-0045965,R-0110,2025-10-13,19.84,app,pickup,COMPLETED
ORD-0045966,R-0110,2025-10-13,30.21,app,pickup,completed
ORD-0045967,R-0110,2025-10-11,28.43,web,pickup,cancelled
ORD-0046745,R-0111,2025-10-07,32.23,app,pickup,completed
ORD-0046746,R-0111,2025-10-03,43.43,app,delivery,Refunded
ORD-0046747,R-0111,2025-10-26,42.70,app,delivery,completed
ORD-0046748,R-0111,2025-10-01,26.04,app,pickup,completed
ORD-0046749,R-0111,2025-10-30,12.82,web,pickup,Completed
ORD-0046750,R-0111,2025-10-10,29.85,app,pickup,completed
ORD-0046751,R-0111,2025-10-27,38.85,web,pickup,cancelled
ORD-0046752,R-0111,2025-10-27,32.89,web,delivery,completed
ORD-0046753,R-0111,2025-10-14,31.61,web,delivery,completed
ORD-0046754,R-0111,2025-10-04,14.12,web,pickup,completed
ORD-0046755,R-0111,2025-10-24,11.94,app,pickup,completed
ORD-0046756,R-0111,2025-10-30,34.01,web,delivery,completed
ORD-0046757,R-0111,2025-10-05,21.66,web,pickup,completed
ORD-0046758,R-0111,2025-10-05,19.23,app,delivery,completed
ORD-0046759,R-0111,2025-10-10,11.80,app,delivery,completed
ORD-0046760,R-0111,2025-10-19,45.81,web,pickup,completed
ORD-0046761,R-0111,2025-10-30,24.85,app,delivery,completed
ORD-0046762,R-0111,2025-10-27,34.04,web,pickup,completed
ORD-0046763,R-0111,2025-10-01,17.87,web,delivery,completed
ORD-0046764,R-0111,2025-10-04,33.42,app,delivery,completed
ORD-0046765,R-0111,2025-10-15,20.04,web,delivery,cancelled
ORD-0046766,R-0111,2025-10-04,30.22,web,delivery,COMPLETED
ORD-0046767,R-0111,2025-10-15,30.49,app,pickup,completed
ORD-0046768,R-0111,2025-10-26,19.33,app,delivery,completed
ORD-0046769,R-0111,2025-10-19,16.86,app,pickup,completed
ORD-0046770,R-0111,2025-10-13,20.02,app,delivery,completed
ORD-0046771,R-0111,2025-10-28,22.64,app,pickup,COMPLETED
ORD-0046772,R-0111,2025-10-31,27.69,app,pickup,COMPLETED
ORD-0046773,R-0111,2025-10-15,22.00,app,pickup,completed
ORD-0046774,R-0111,2025-10-15,15.62,web,pickup,completed
ORD-0046775,R-0111,2025-10-05,20.40,app,pickup,completed
ORD-0046776,R-0111,2025-10-26,28.19,app,delivery,completed
ORD-0046777,R-0111,2025-10-17,22.69,web,pickup,COMPLETED
ORD-0046778,R-0111,2025-10-12,25.90,web,pickup,completed
ORD-0046779,R-0111,2025-10-04,22.25,web,delivery,completed
ORD-0046780,R-0111,2025-10-01,26.80,app,pickup,completed
ORD-0046781,R-0111,2025-10-07,24.13,web,delivery,completed
ORD-0046782,R-0111,2025-10-03,20.16,web,pickup,completed
ORD-0046783,R-0111,2025-10-27,18.56,app,pickup,Completed
ORD-0046784,R-0111,2025-10-09,25.01,web,delivery,completed
ORD-0046785,R-0111,2025-10-17,18.03,app,delivery,completed
ORD-0046786,R-0111,2025-10-09,22.76,app,pickup,completed
ORD-0046787,R-0111,2025-10-15,26.65,web,delivery,completed
ORD-0046788,R-0111,2025-10-12,65.58,web,pickup,COMPLETED
ORD-0046789,R-0111,2025-10-23,24.99,app,delivery,completed
ORD-0046790,R-0111,2025-10-11,17.78,app,pickup,completed
ORD-0046791,R-0111,2025-10-13,17.84,web,delivery,COMPLETED
ORD-0046792,R-0111,2025-10-07,33.08,web,pickup,COMPLETED
ORD-0046793,R-0111,2025-10-06,15.81,web,delivery,Completed
ORD-0047672,R-0115,2025-10-11,35.71,web,pickup,completed
ORD-0047673,R-0115,2025-10-08,38.31,app,delivery,COMPLETED
ORD-0047674,R-0115,2025-10-07,50.55,app,pickup,completed
ORD-0047675,R-0115,2025-10-16,51.31,app,pickup,completed
ORD-0047676,R-0115,2025-10-18,59.65,app,pickup,completed
ORD-0047677,R-0115,2025-10-03,35.10,app,delivery,completed
ORD-0047678,R-0115,2025-10-10,47.36,web,delivery,completed
ORD-0047679,R-0115,2025-10-11,49.48,app,pickup,COMPLETED
ORD-0047680,R-0115,2025-10-25,56.68,web,pickup,completed
ORD-0047681,R-0115,2025-10-16,46.03,web,delivery,completed
ORD-0047682,R-0115,2025-10-25,85.44,web,pickup,completed
ORD-0047683,R-0115,2025-10-12,33.42,web,delivery,Completed
ORD-0047684,R-0115,2025-10-17,49.16,web,pickup,cancelled
ORD-0047685,R-0115,2025-10-24,34.51,app,pickup,completed
ORD-0047686,R-0115,2025-10-04,100.90,web,pickup,completed
ORD-0047687,R-0115,2025-10-11,49.09,app,delivery,completed
ORD-0047688,R-0115,2025-10-19,57.35,app,delivery,completed
ORD-0047689,R-0115,2025-10-22,54.18,app,delivery,completed
ORD-0047690,R-0115,2025-10-22,48.05,web,delivery,completed
ORD-0047691,R-0115,2025-10-01,38.28,app,delivery,completed
ORD-0047692,R-0115,2025-10-17,75.01,app,delivery,completed
ORD-0047693,R-0115,2025-10-10,88.90,web,pickup,COMPLETED
ORD-0047694,R-0115,2025-10-18,83.75,app,pickup,completed
ORD-0047695,R-0115,2025-10-26,73.66,web,delivery,COMPLETED
ORD-0048513,R-0118,2025-10-20,30.76,app,pickup,completed
ORD-0048514,R-0118,2025-10-30,43.83,app,delivery,completed
ORD-0048515,R-0118,2025-10-06,19.24,app,delivery,completed
ORD-0048516,R-0118,2025-10-24,38.27,app,delivery,completed
ORD-0048517,R-0118,2025-10-19,24.38,app,pickup,COMPLETED
ORD-0048518,R-0118,2025-10-26,38.16,app,delivery,completed
ORD-0048519,R-0118,2025-10-06,56.69,web,pickup,completed
ORD-0048520,R-0118,2025-10-04,43.45,app,pickup,completed
ORD-0048521,R-0118,2025-10-06,18.89,app,pickup,completed
ORD-0048522,R-0118,2025-10-18,32.37,app,delivery,completed
ORD-0048523,R-0118,2025-10-19,28.68,app,delivery,completed
ORD-0048524,R-0118,2025-10-04,34.31,app,pickup,completed
ORD-0048525,R-0118,2025-10-22,36.47,web,delivery,completed
ORD-0048526,R-0118,2025-10-17,39.54,web,delivery,COMPLETED
ORD-0048527,R-0118,2025-10-02,27.29,app,pickup,completed
ORD-0048528,R-0118,2025-10-14,28.87,web,pickup,completed
ORD-0048529,R-0118,2025-10-18,23.82,web,delivery,completed
ORD-0048530,R-0118,2025-10-08,27.21,app,delivery,completed
ORD-0048531,R-0118,2025-10-18,36.32,app,pickup,completed
ORD-0048532,R-0118,2025-10-21,25.50,app,delivery,completed
ORD-0048533,R-0118,2025-10-12,31.47,web,delivery,completed
ORD-0048534,R-0118,2025-10-03,37.67,app,delivery,completed
ORD-0048535,R-0118,2025-10-07,25.50,app,pickup,completed
ORD-0048536,R-0118,2025-10-25,42.42,app,delivery,completed
ORD-0048537,R-0118,2025-10-09,43.48,web,delivery,COMPLETED
ORD-0048538,R-0118,2025-10-11,28.54,web,delivery,COMPLETED
ORD-0048539,R-0118,2025-10-03,28.38,app,delivery,completed
ORD-0048540,R-0118,2025-10-24,49.28,app,pickup,completed
ORD-0048541,R-0118,2025-10-27,23.87,web,delivery,Cancelled
ORD-0048542,R-0118,2025-10-31,31.19,app,delivery,completed
ORD-0048543,R-0118,2025-10-11,40.69,web,delivery,completed
ORD-0048544,R-0118,2025-10-02,23.14,app,delivery,Completed
ORD-0048545,R-0118,2025-10-11,42.73,web,pickup,COMPLETED
ORD-0048546,R-0118,2025-10-26,27.86,app,pickup,completed
ORD-0048547,R-0118,2025-10-30,27.96,app,delivery,completed
ORD-0048548,R-0118,2025-10-12,29.14,web,delivery,completed
ORD-0048817,R-0120,2025-10-17,28.14,app,delivery,Completed
ORD-0048818,R-0120,2025-10-26,25.14,web,delivery,completed
ORD-0048819,R-0120,2025-10-11,45.47,web,pickup,completed
ORD-0048820,R-0120,2025-10-16,32.73,app,delivery,cancelled
ORD-0048821,R-0120,2025-10-30,62.59,web,delivery,COMPLETED
ORD-0048822,R-0120,2025-10-31,18.36,web,pickup,Completed
ORD-0048823,R-0120,2025-10-01,18.77,web,delivery,completed
ORD-0048824,R-0120,2025-10-08,31.21,web,delivery,completed
ORD-0048825,R-0120,2025-10-27,24.21,web,delivery,completed
ORD-0048826,R-0120,2025-10-02,20.26,web,delivery,COMPLETED
ORD-0048827,R-0120,2025-10-09,16.29,web,pickup,completed
ORD-0048828,R-0120,2025-10-24,34.44,app,delivery,completed
ORD-0048829,R-0120,2025-10-05,16.17,app,pickup,completed
ORD-0048830,R-0120,2025-10-31,28.18,web,delivery,completed
ORD-0048831,R-0120,2025-10-30,19.08,app,pickup,completed
ORD-0048832,R-0120,2025-10-15,44.43,app,pickup,completed
ORD-0048833,R-0120,2025-10-24,22.60,web,pickup,completed
ORD-0048834,R-0120,2025-10-26,25.69,web,delivery,completed
ORD-0048835,R-0120,2025-10-31,13.85,web,delivery,completed
ORD-0048836,R-0120,2025-10-11,44.38,web,delivery,completed
ORD-0048837,R-0120,2025-10-09,12.74,app,delivery,completed
ORD-0048838,R-0120,2025-10-23,28.05,app,delivery,completed
ORD-0048839,R-0120,2025-10-26,18.63,web,delivery,completed
ORD-0048840,R-0120,2025-10-31,15.77,app,pickup,completed
ORD-0048841,R-0120,2025-10-05,18.82,web,delivery,completed
ORD-0048842,R-0120,2025-10-07,15.36,app,pickup,completed
ORD-0048843,R-0120,2025-10-11,35.95,app,delivery,Completed
ORD-0048844,R-0120,2025-10-18,21.40,web,delivery,completed
ORD-0050286,R-0123,2025-10-25,21.61,web,delivery,completed
ORD-0050287,R-0123,2025-10-06,24.20,web,delivery,completed
ORD-0050288,R-0123,2025-10-20,27.23,app,delivery,completed
ORD-0050289,R-0123,2025-10-17,17.92,app,delivery,completed
ORD-0050290,R-0123,2025-10-12,26.98,web,delivery,completed
ORD-0050291,R-0123,2025-10-23,40.86,web,delivery,refunded
ORD-0050292,R-0123,2025-10-25,31.63,web,delivery,completed
ORD-0050541,R-0124,2025-10-04,25.23,web,pickup,COMPLETED
ORD-0050542,R-0124,2025-10-20,41.64,web,pickup,completed
ORD-0050543,R-0124,2025-10-29,18.45,app,delivery,completed
ORD-0050544,R-0124,2025-10-11,32.30,app,delivery,completed
ORD-0050545,R-0124,2025-10-24,29.60,app,pickup,completed
ORD-0050546,R-0124,2025-10-11,35.12,web,pickup,completed
ORD-0050547,R-0124,2025-10-01,22.32,web,delivery,completed
ORD-0050548,R-0124,2025-10-07,25.49,web,delivery,completed
ORD-0050549,R-0124,2025-10-06,25.65,app,pickup,completed
ORD-0050550,R-0124,2025-10-17,20.04,app,pickup,completed
ORD-0050551,R-0124,2025-10-16,38.76,app,delivery,completed
ORD-0050552,R-0124,2025-10-17,28.78,app,pickup,completed
ORD-0050553,R-0124,2025-10-23,26.98,web,delivery,completed
ORD-0050554,R-0124,2025-10-18,43.63,app,delivery,completed
ORD-0050555,R-0124,2025-10-19,18.46,web,pickup,completed
ORD-0050556,R-0124,2025-10-17,54.77,app,delivery,completed
ORD-0050557,R-0124,2025-10-25,24.18,app,pickup,completed
ORD-0050558,R-0124,2025-10-10,40.80,app,delivery,completed
ORD-0050559,R-0124,2025-10-26,36.02,app,pickup,completed
ORD-0050560,R-0124,2025-10-23,53.29,web,delivery,completed
ORD-0050561,R-0124,2025-10-10,36.93,app,delivery,completed
ORD-0050562,R-0124,2025-10-25,43.47,web,pickup,Completed
ORD-0050563,R-0124,2025-10-20,12.91,app,delivery,completed
ORD-0050564,R-0124,2025-10-01,30.25,app,delivery,completed
ORD-0050565,R-0124,2025-10-01,26.32,web,pickup,cancelled
ORD-0050566,R-0124,2025-10-11,22.61,app,delivery,COMPLETED
ORD-0050567,R-0124,2025-10-20,19.67,web,pickup,completed
ORD-0050568,R-0124,2025-10-16,15.91,app,delivery,completed
ORD-0050569,R-0124,2025-10-25,29.47,web,delivery,completed
ORD-0050570,R-0124,2025-10-07,19.13,app,delivery,completed
ORD-0050571,R-0124,2025-10-02,40.83,app,delivery,COMPLETED
ORD-0050572,R-0124,2025-10-31,42.06,web,delivery,completed
ORD-0050573,R-0124,2025-10-31,52.54,web,pickup,completed
ORD-0050574,R-0124,2025-10-02,21.67,app,delivery,completed
ORD-0050575,R-0124,2025-10-23,15.45,web,delivery,completed
ORD-0050576,R-0124,2025-10-11,28.31,web,delivery,completed
ORD-0050577,R-0124,2025-10-29,24.77,app,delivery,completed
ORD-0050578,R-0124,2025-10-03,29.71,app,pickup,Completed
ORD-0050579,R-0124,2025-10-26,37.82,app,delivery,completed
ORD-0050580,R-0124,2025-10-30,20.83,app,delivery,Completed
ORD-0052112,R-0126,2025-10-31,54.07,app,delivery,completed
ORD-0052113,R-0126,2025-10-17,14.57,app,pickup,completed
ORD-0052114,R-0126,2025-10-17,11.12,web,delivery,completed
ORD-0052115,R-0126,2025-10-15,42.50,web,delivery,COMPLETED
ORD-0052116,R-0126,2025-10-24,27.47,web,pickup,completed
ORD-0052117,R-0126,2025-10-12,37.87,app,pickup,completed
ORD-0052118,R-0126,2025-10-11,15.14,web,pickup,completed
ORD-0052119,R-0126,2025-10-24,12.32,app,delivery,completed
ORD-0052120,R-0126,2025-10-12,25.13,web,pickup,completed
ORD-0052121,R-0126,2025-10-31,15.45,web,pickup,completed
ORD-0052122,R-0126,2025-10-21,20.69,app,delivery,completed
ORD-0052123,R-0126,2025-10-16,18.13,app,delivery,completed
ORD-0052124,R-0126,2025-10-30,22.63,web,delivery,completed
ORD-0052125,R-0126,2025-10-09,9.23,app,delivery,completed
ORD-0052126,R-0126,2025-10-18,33.14,web,delivery,COMPLETED
ORD-0052127,R-0126,2025-10-08,21.33,web,delivery,completed
ORD-0052128,R-0126,2025-10-11,16.26,web,delivery,completed
ORD-0052129,R-0126,2025-10-01,44.45,app,delivery,COMPLETED
ORD-0052130,R-0126,2025-10-15,28.38,app,pickup,completed
ORD-0052131,R-0126,2025-10-11,18.59,app,delivery,completed
ORD-0052132,R-0126,2025-10-23,42.31,app,delivery,refunded
ORD-0052133,R-0126,2025-10-04,29.80,web,delivery,Completed
ORD-0052134,R-0126,2025-10-06,39.53,web,delivery,completed
ORD-0052135,R-0126,2025-10-08,11.14,web,pickup,completed
ORD-0052136,R-0126,2025-10-28,39.42,web,pickup,completed
ORD-0052137,R-0126,2025-10-25,39.54,app,pickup,completed
ORD-0052138,R-0126,2025-10-08,25.13,web,pickup,completed
ORD-0052139,R-0126,2025-10-09,13.79,web,pickup,completed
ORD-0052140,R-0126,2025-10-25,23.93,app,delivery,completed
ORD-0052141,R-0126,2025-10-17,50.61,app,delivery,completed
ORD-0052142,R-0126,2025-10-28,15.04,app,delivery,completed
ORD-0052143,R-0126,2025-10-24,24.29,app,pickup,completed
ORD-0052144,R-0126,2025-10-04,23.63,app,delivery,COMPLETED
ORD-0052145,R-0126,2025-10-23,22.78,app,delivery,completed
ORD-0052146,R-0126,2025-10-11,9.60,web,pickup,completed
ORD-0052147,R-0126,2025-10-10,12.81,app,pickup,COMPLETED
ORD-0052148,R-0126,2025-10-20,26.42,app,pickup,completed
ORD-0052149,R-0126,2025-10-10,38.58,web,delivery,completed
ORD-0052150,R-0126,2025-10-17,17.07,web,pickup,cancelled
ORD-0052151,R-0126,2025-10-23,21.02,app,pickup,completed
ORD-0052152,R-0126,2025-10-26,42.65,app,delivery,completed
ORD-0052153,R-0126,2025-10-17,52.34,web,delivery,Completed
ORD-0052154,R-0126,2025-10-18,38.93,web,delivery,completed
ORD-0052155,R-0126,2025-10-15,14.97,app,delivery,completed
ORD-0052156,R-0126,2025-10-14,13.26,app,delivery,completed
ORD-0052157,R-0126,2025-10-03,33.81,app,delivery,completed
ORD-0052158,R-0126,2025-10-21,17.02,app,delivery,COMPLETED
ORD-0052159,R-0126,2025-10-01,45.91,web,delivery,completed
ORD-0052160,R-0126,2025-10-11,22.52,web,delivery,completed
ORD-0052161,R-0126,2025-10-12,15.75,app,pickup,completed
ORD-0052162,R-0126,2025-10-02,40.46,app,pickup,completed
ORD-0052163,R-0126,2025-10-05,19.83,app,delivery,completed
ORD-0052164,R-0126,2025-10-09,24.76,web,pickup,completed
ORD-0052165,R-0126,2025-10-18,13.50,web,pickup,completed
ORD-0052166,R-0126,2025-10-11,25.03,web,delivery,Cancelled
ORD-0052167,R-0126,2025-10-15,40.76,app,delivery,completed
ORD-0052168,R-0126,2025-10-03,28.38,app,pickup,completed
ORD-0052169,R-0126,2025-10-24,22.77,app,pickup,Completed
ORD-0052170,R-0126,2025-10-17,24.17,web,pickup,completed
ORD-0052171,R-0126,2025-10-07,19.43,web,pickup,COMPLETED
ORD-0052172,R-0126,2025-10-16,20.81,web,pickup,Completed
ORD-0052173,R-0126,2025-10-04,47.87,app,delivery,Completed
ORD-0052174,R-0126,2025-10-16,15.88,web,pickup,completed
ORD-0052175,R-0126,2025-10-08,17.53,app,pickup,completed
ORD-0052176,R-0126,2025-10-28,25.69,app,pickup,completed
ORD-0052177,R-0126,2025-10-08,21.65,web,pickup,Completed
ORD-0052178,R-0126,2025-10-04,19.02,app,pickup,completed
ORD-0052179,R-0126,2025-10-01,36.88,app,delivery,completed
ORD-0052180,R-0126,2025-10-01,25.62,web,delivery,completed
ORD-0052181,R-0126,2025-10-25,21.93,web,delivery,completed
ORD-0052182,R-0126,2025-10-03,19.60,app,delivery,completed
ORD-0052183,R-0126,2025-10-21,12.02,app,delivery,completed
ORD-0052184,R-0126,2025-10-01,36.76,app,delivery,completed
ORD-0052185,R-0126,2025-10-08,33.14,app,delivery,completed
ORD-0052186,R-0126,2025-10-07,42.81,app,delivery,completed
ORD-0052187,R-0126,2025-10-30,12.83,app,delivery,COMPLETED
ORD-0052188,R-0126,2025-10-24,25.19,web,delivery,completed
ORD-0052189,R-0126,2025-10-18,15.07,web,delivery,completed
ORD-0052190,R-0126,2025-10-05,37.81,app,delivery,Completed
ORD-0052191,R-0126,2025-10-31,25.78,web,delivery,cancelled
ORD-0052192,R-0126,2025-10-17,24.71,web,delivery,completed
ORD-0052193,R-0126,2025-10-03,40.52,app,delivery,completed
ORD-0052194,R-0126,2025-10-08,61.62,web,delivery,completed
ORD-0052195,R-0126,2025-10-28,28.85,app,delivery,completed
ORD-0052196,R-0126,2025-10-09,18.09,web,pickup,completed
ORD-0052197,R-0126,2025-10-29,27.28,app,delivery,Completed
ORD-0052198,R-0126,2025-10-24,40.70,app,delivery,completed
ORD-0052199,R-0126,2025-10-31,27.78,app,delivery,completed
ORD-0052200,R-0126,2025-10-14,14.99,web,pickup,completed
ORD-0052201,R-0126,2025-10-17,55.65,app,pickup,completed
ORD-0052202,R-0126,2025-10-31,14.46,app,delivery,completed
ORD-0052203,R-0126,2025-10-27,23.49,web,delivery,completed
ORD-0052204,R-0126,2025-10-17,47.55,web,delivery,COMPLETED
ORD-0052205,R-0126,2025-10-14,31.17,app,pickup,completed
ORD-0052206,R-0126,2025-10-03,16.68,app,pickup,COMPLETED
ORD-0052207,R-0126,2025-10-13,25.62,app,delivery,completed
ORD-0052208,R-0126,2025-10-03,22.79,app,delivery,COMPLETED
ORD-0052209,R-0126,2025-10-20,19.76,web,delivery,completed
ORD-0052210,R-0126,2025-10-30,31.98,app,pickup,completed
ORD-0052211,R-0126,2025-10-05,42.90,web,delivery,completed
ORD-0052212,R-0126,2025-10-19,23.86,app,pickup,completed
ORD-0052213,R-0126,2025-10-11,19.04,web,delivery,completed
ORD-0052214,R-0126,2025-10-18,70.99,web,delivery,completed
ORD-0052215,R-0126,2025-10-24,44.96,app,delivery,completed
ORD-0052216,R-0126,2025-10-28,25.35,app,pickup,completed
ORD-0052217,R-0126,2025-10-30,22.94,web,pickup,completed
ORD-0052218,R-0126,2025-10-05,25.26,web,delivery,completed
ORD-0052219,R-0126,2025-10-25,69.48,app,delivery,completed
ORD-0052220,R-0126,2025-10-29,37.96,app,delivery,completed
ORD-0052221,R-0126,2025-10-16,58.17,app,pickup,Completed
ORD-0052222,R-0126,2025-10-04,27.85,app,delivery,completed
ORD-0052223,R-0126,2025-10-12,18.86,app,delivery,completed
ORD-0052224,R-0126,2025-10-08,16.86,web,pickup,completed
ORD-0052225,R-0126,2025-10-10,33.75,app,delivery,completed
ORD-0052226,R-0126,2025-10-23,34.28,app,pickup,completed
ORD-0052227,R-0126,2025-10-22,36.84,app,delivery,completed
ORD-0052228,R-0126,2025-10-31,33.17,web,pickup,COMPLETED
ORD-0052229,R-0126,2025-10-03,19.03,app,pickup,completed
ORD-0052230,R-0126,2025-10-23,29.37,web,delivery,cancelled
ORD-0052231,R-0126,2025-10-23,22.80,app,pickup,completed
ORD-0052232,R-0126,2025-10-06,50.43,app,pickup,completed
ORD-0052233,R-0126,2025-10-03,19.30,web,delivery,COMPLETED
ORD-0052234,R-0126,2025-10-29,27.78,app,pickup,COMPLETED
ORD-0052235,R-0126,2025-10-04,34.62,app,delivery,completed
ORD-0052236,R-0126,2025-10-20,21.66,app,pickup,completed
ORD-0052237,R-0126,2025-10-17,34.88,web,delivery,completed
ORD-0052238,R-0126,2025-10-18,37.80,web,pickup,completed
ORD-0052239,R-0126,2025-10-09,16.76,web,delivery,completed
ORD-0052240,R-0126,2025-10-03,57.17,app,delivery,completed
ORD-0052241,R-0126,2025-10-03,18.02,web,delivery,completed
ORD-0052242,R-0126,2025-10-01,27.45,web,pickup,completed
ORD-0052243,R-0126,2025-10-07,40.61,app,delivery,refunded
ORD-0052244,R-0126,2025-10-03,12.37,app,pickup,completed
ORD-0052245,R-0126,2025-10-07,33.43,app,delivery,completed
ORD-0052246,R-0126,2025-10-17,40.43,web,delivery,completed
ORD-0052247,R-0126,2025-10-12,15.96,app,delivery,completed
ORD-0052248,R-0126,2025-10-27,34.74,app,pickup,completed
ORD-0052249,R-0126,2025-10-10,26.28,app,delivery,completed
ORD-0052250,R-0126,2025-10-26,16.22,app,delivery,completed
ORD-0052251,R-0126,2025-10-12,17.73,web,delivery,completed
ORD-0052252,R-0126,2025-10-22,32.68,app,pickup,completed
ORD-0052253,R-0126,2025-10-03,27.48,app,pickup,completed
ORD-0052254,R-0126,2025-10-24,24.20,web,delivery,completed
ORD-0052255,R-0126,2025-10-04,15.85,app,delivery,Completed
ORD-0052256,R-0126,2025-10-04,32.23,web,delivery,completed
ORD-0052257,R-0126,2025-10-28,41.54,app,delivery,COMPLETED
ORD-0052258,R-0126,2025-10-11,25.25,web,delivery,completed
ORD-0052259,R-0126,2025-10-31,37.16,web,delivery,completed
ORD-0052260,R-0126,2025-10-09,19.91,app,delivery,completed
ORD-0052261,R-0126,2025-10-12,25.87,app,delivery,completed
ORD-0052262,R-0126,2025-10-01,44.07,app,pickup,completed
ORD-0052263,R-0126,2025-10-26,24.23,web,delivery,Completed
ORD-0052264,R-0126,2025-10-21,35.00,app,delivery,refunded
ORD-0052265,R-0126,2025-10-20,15.79,app,delivery,completed
ORD-0052266,R-0126,2025-10-08,55.51,app,delivery,completed
ORD-0052267,R-0126,2025-10-26,13.60,app,pickup,completed
ORD-0052268,R-0126,2025-10-01,18.00,app,delivery,completed
ORD-0052269,R-0126,2025-10-06,45.83,app,pickup,completed
ORD-0052270,R-0126,2025-10-22,15.02,web,pickup,completed
ORD-0052271,R-0126,2025-10-25,41.82,app,delivery,completed
ORD-0052272,R-0126,2025-10-29,26.01,app,delivery,COMPLETED
ORD-0052273,R-0126,2025-10-24,12.24,app,pickup,completed
ORD-0052274,R-0126,2025-10-18,54.36,app,pickup,completed
ORD-0052275,R-0126,2025-10-04,24.52,app,pickup,cancelled
ORD-0052276,R-0126,2025-10-27,12.44,web,delivery,completed
ORD-0052277,R-0126,2025-10-17,19.83,web,pickup,completed
ORD-0052278,R-0126,2025-10-05,10.73,web,pickup,completed
ORD-0052279,R-0126,2025-10-27,18.90,web,delivery,completed
ORD-0052280,R-0126,2025-10-31,41.75,app,pickup,completed
ORD-0052281,R-0126,2025-10-18,23.26,web,delivery,completed
ORD-0052282,R-0126,2025-10-17,32.92,web,pickup,completed
ORD-0052283,R-0126,2025-10-04,55.71,app,delivery,Completed
ORD-0052284,R-0126,2025-10-08,16.23,app,delivery,completed
ORD-0052285,R-0126,2025-10-04,43.84,web,pickup,completed
ORD-0052286,R-0126,2025-10-09,26.40,app,delivery,completed
ORD-0052287,R-0126,2025-10-19,22.50,app,pickup,completed
ORD-0052288,R-0126,2025-10-27,14.87,app,delivery,cancelled
ORD-0052289,R-0126,2025-10-10,37.97,app,pickup,refunded
ORD-0052290,R-0126,2025-10-07,10.30,app,delivery,completed
ORD-0052291,R-0126,2025-10-02,14.77,web,delivery,completed
ORD-0052292,R-0126,2025-10-25,25.72,web,delivery,completed
ORD-0052293,R-0126,2025-10-22,31.30,web,pickup,completed
ORD-0052294,R-0126,2025-10-26,14.14,web,pickup,Completed
ORD-0052295,R-0126,2025-10-29,18.65,web,delivery,Completed
ORD-0052296,R-0126,2025-10-23,25.97,app,pickup,completed
ORD-0052297,R-0126,2025-10-25,34.88,app,pickup,completed
ORD-0052298,R-0126,2025-10-18,19.59,app,delivery,completed
ORD-0052299,R-0126,2025-10-05,19.21,web,delivery,completed
ORD-0052300,R-0126,2025-10-08,22.83,web,delivery,completed
ORD-0052301,R-0126,2025-10-25,15.15,app,delivery,COMPLETED
ORD-0052302,R-0126,2025-10-25,33.89,web,delivery,completed
ORD-0052303,R-0126,2025-10-03,17.01,app,delivery,completed
ORD-0052304,R-0126,2025-10-17,37.42,web,delivery,completed
ORD-0052305,R-0126,2025-10-01,42.10,app,pickup,completed
ORD-0052306,R-0126,2025-10-14,33.79,web,pickup,completed
ORD-0052307,R-0126,2025-10-17,36.68,web,delivery,completed
ORD-0052308,R-0126,2025-10-30,29.21,app,delivery,completed
ORD-0052309,R-0126,2025-10-24,34.74,app,pickup,Completed
ORD-0052310,R-0126,2025-10-31,25.28,app,pickup,COMPLETED
ORD-0052311,R-0126,2025-10-11,55.63,app,delivery,completed
ORD-0052312,R-0126,2025-10-13,25.96,web,delivery,COMPLETED
ORD-0052313,R-0126,2025-10-12,20.73,web,delivery,completed
ORD-0052314,R-0126,2025-10-06,44.65,app,delivery,COMPLETED
ORD-0052315,R-0126,2025-10-11,58.82,app,delivery,completed
ORD-0052316,R-0126,2025-10-10,19.71,web,delivery,cancelled
ORD-0052317,R-0126,2025-10-25,55.30,web,pickup,completed
ORD-0052318,R-0126,2025-10-04,25.39,web,delivery,completed
ORD-0052319,R-0126,2025-10-08,18.47,app,pickup,completed
ORD-0052320,R-0126,2025-10-18,24.19,app,delivery,completed
ORD-0052321,R-0126,2025-10-06,54.25,app,delivery,completed
ORD-0052322,R-0126,2025-10-03,24.99,app,delivery,completed
ORD-0052323,R-0126,2025-10-18,18.93,app,delivery,completed
ORD-0052324,R-0126,2025-10-09,17.63,app,delivery,completed
ORD-0052325,R-0126,2025-10-03,24.35,app,delivery,completed
ORD-0052326,R-0126,2025-10-20,12.92,app,pickup,completed
ORD-0052327,R-0126,2025-10-17,39.72,web,delivery,COMPLETED
ORD-0052328,R-0126,2025-10-17,38.01,app,delivery,completed
ORD-0052329,R-0126,2025-10-29,22.52,web,pickup,completed
ORD-0052330,R-0126,2025-10-02,12.13,app,delivery,COMPLETED
ORD-0052331,R-0126,2025-10-25,30.10,app,pickup,completed
ORD-0052332,R-0126,2025-10-05,20.92,web,delivery,completed
ORD-0052333,R-0126,2025-10-28,31.01,app,pickup,completed
ORD-0052334,R-0126,2025-10-09,10.88,web,delivery,completed
ORD-0052335,R-0126,2025-10-24,20.53,web,delivery,Completed
ORD-0052336,R-0126,2025-10-17,10.78,web,delivery,completed
ORD-0052337,R-0126,2025-10-24,14.77,app,delivery,completed
ORD-0052338,R-0126,2025-10-05,31.86,web,pickup,completed
ORD-0052339,R-0126,2025-10-16,39.12,app,pickup,completed
ORD-0052340,R-0126,2025-10-31,46.68,app,delivery,Completed
ORD-0052341,R-0126,2025-10-11,47.08,web,pickup,COMPLETED
ORD-0052342,R-0126,2025-10-28,17.68,app,delivery,completed
ORD-0052343,R-0126,2025-10-25,38.96,web,delivery,COMPLETED
ORD-0052344,R-0126,2025-10-04,76.74,web,delivery,cancelled
ORD-0052345,R-0126,2025-10-14,56.09,app,pickup,completed
ORD-0052346,R-0126,2025-10-24,23.85,web,pickup,completed
ORD-0052347,R-0126,2025-10-10,32.68,app,delivery,COMPLETED
ORD-0052348,R-0126,2025-10-19,16.54,app,delivery,completed
ORD-0052349,R-0126,2025-10-04,30.22,web,pickup,completed
ORD-0052350,R-0126,2025-10-25,33.94,web,pickup,cancelled
ORD-0052351,R-0126,2025-10-17,30.62,app,delivery,completed
ORD-0052352,R-0126,2025-10-17,37.91,app,pickup,completed
ORD-0052353,R-0126,2025-10-25,45.62,app,delivery,completed
ORD-0052354,R-0126,2025-10-17,38.69,web,pickup,completed
ORD-0052355,R-0126,2025-10-03,50.64,web,delivery,Completed
ORD-0052356,R-0126,2025-10-14,24.83,web,delivery,completed
ORD-0052357,R-0126,2025-10-19,25.16,web,delivery,cancelled
ORD-0052358,R-0126,2025-10-08,20.10,web,pickup,Completed
ORD-0052359,R-0126,2025-10-09,18.44,app,pickup,completed
ORD-0052360,R-0126,2025-10-06,18.84,web,pickup,completed
ORD-0052361,R-0126,2025-10-20,17.94,app,delivery,completed
ORD-0052362,R-0126,2025-10-24,45.96,app,delivery,completed
ORD-0052363,R-0126,2025-10-05,16.97,web,delivery,completed
ORD-0052364,R-0126,2025-10-28,40.58,web,delivery,completed
ORD-0052365,R-0126,2025-10-23,21.91,app,pickup,completed
ORD-0055045,R-0128,2025-10-22,43.38,app,pickup,completed
ORD-0055046,R-0128,2025-10-21,23.69,web,pickup,completed
ORD-0055047,R-0128,2025-10-18,53.16,app,delivery,completed
ORD-0055048,R-0128,2025-10-02,31.39,web,delivery,COMPLETED
ORD-0055049,R-0128,2025-10-08,29.51,web,delivery,completed
ORD-0055050,R-0128,2025-10-24,25.01,web,delivery,completed
ORD-0055051,R-0128,2025-10-12,37.03,web,delivery,completed
ORD-0055052,R-0128,2025-10-31,42.08,web,delivery,completed
ORD-0055053,R-0128,2025-10-19,30.26,app,delivery,completed
ORD-0055054,R-0128,2025-10-25,29.01,web,pickup,completed
ORD-0055299,R-0129,2025-10-25,15.64,app,delivery,completed
ORD-0055300,R-0129,2025-10-05,24.35,web,delivery,completed
ORD-0055301,R-0129,2025-10-07,24.88,web,pickup,completed
ORD-0055302,R-0129,2025-10-02,24.73,app,delivery,completed
ORD-0055303,R-0129,2025-10-12,23.45,app,delivery,completed
ORD-0055304,R-0129,2025-10-31,22.94,app,pickup,completed
ORD-0055636,R-0132,2025-10-02,12.80,web,pickup,COMPLETED
ORD-0055637,R-0132,2025-10-02,35.68,app,delivery,completed
ORD-0055638,R-0132,2025-10-12,17.19,app,delivery,completed
ORD-0055639,R-0132,2025-10-07,36.22,web,delivery,completed
ORD-0055640,R-0132,2025-10-14,22.45,app,pickup,completed
ORD-0055641,R-0132,2025-10-25,43.28,app,delivery,completed
ORD-0055642,R-0132,2025-10-18,32.48,app,pickup,completed
ORD-0055643,R-0132,2025-10-04,25.82,web,delivery,completed
ORD-0055644,R-0132,2025-10-13,22.86,app,pickup,completed
ORD-0055645,R-0132,2025-10-17,19.69,web,delivery,completed
ORD-0055646,R-0132,2025-10-30,15.15,web,delivery,completed
ORD-0055647,R-0132,2025-10-04,12.59,app,pickup,cancelled
ORD-0055648,R-0132,2025-10-05,24.65,web,delivery,completed
ORD-0055649,R-0132,2025-10-14,21.54,web,pickup,completed
ORD-0055650,R-0132,2025-10-25,22.63,web,pickup,completed
ORD-0055651,R-0132,2025-10-28,32.24,app,pickup,completed
ORD-0055652,R-0132,2025-10-16,19.65,app,pickup,completed
ORD-0055653,R-0132,2025-10-03,21.82,web,pickup,completed
ORD-0055654,R-0132,2025-10-04,30.69,web,delivery,completed
ORD-0055655,R-0132,2025-10-03,9.73,app,delivery,completed
ORD-0055656,R-0132,2025-10-06,17.16,app,delivery,completed
ORD-0055657,R-0132,2025-10-04,34.47,app,pickup,completed
ORD-0055658,R-0132,2025-10-24,31.35,web,delivery,completed
ORD-0055659,R-0132,2025-10-29,17.74,web,delivery,completed
ORD-0055660,R-0132,2025-10-11,32.17,web,delivery,completed
ORD-0055661,R-0132,2025-10-16,38.23,web,delivery,CANCELLED
ORD-0055662,R-0132,2025-10-26,22.49,web,delivery,completed
ORD-0055663,R-0132,2025-10-11,22.11,web,pickup,refunded
ORD-0055664,R-0132,2025-10-08,21.20,web,pickup,Completed
ORD-0055665,R-0132,2025-10-27,33.49,web,pickup,completed
ORD-0055666,R-0132,2025-10-30,18.53,web,delivery,completed
ORD-0055667,R-0132,2025-10-14,31.01,web,pickup,completed
ORD-0055668,R-0132,2025-10-03,28.91,web,pickup,completed
ORD-0055669,R-0132,2025-10-30,26.38,web,pickup,completed
ORD-0055670,R-0132,2025-10-12,17.96,web,pickup,completed
ORD-0055671,R-0132,2025-10-11,21.04,web,delivery,completed
ORD-0055672,R-0132,2025-10-10,27.08,web,delivery,completed
ORD-0055673,R-0132,2025-10-13,18.66,web,delivery,completed
ORD-0055674,R-0132,2025-10-09,12.10,web,pickup,completed
ORD-0055675,R-0132,2025-10-24,19.19,app,delivery,Completed
ORD-0055676,R-0132,2025-10-17,31.25,web,pickup,completed
ORD-0055677,R-0132,2025-10-06,17.99,web,delivery,completed
ORD-0055678,R-0132,2025-10-17,42.21,web,delivery,completed
ORD-0055679,R-0132,2025-10-24,22.01,web,delivery,completed
ORD-0055680,R-0132,2025-10-24,64.49,app,pickup,COMPLETED
ORD-0055681,R-0132,2025-10-11,30.55,web,pickup,completed
ORD-0055682,R-0132,2025-10-19,27.80,web,delivery,COMPLETED
ORD-0055683,R-0132,2025-10-13,27.91,app,delivery,completed
ORD-0055684,R-0132,2025-10-30,23.92,web,pickup,completed
ORD-0055685,R-0132,2025-10-06,18.56,app,pickup,Completed
ORD-0055686,R-0132,2025-10-25,30.23,web,delivery,completed
ORD-0055687,R-0132,2025-10-22,38.48,app,delivery,completed
ORD-0055688,R-0132,2025-10-25,22.30,web,pickup,completed
ORD-0055689,R-0132,2025-10-30,26.14,web,pickup,completed
ORD-0055690,R-0132,2025-10-16,15.36,web,pickup,completed
ORD-0055691,R-0132,2025-10-25,29.44,web,pickup,completed
ORD-0055692,R-0132,2025-10-31,47.08,web,pickup,completed
ORD-0055693,R-0132,2025-10-05,27.99,web,delivery,completed
ORD-0055694,R-0132,2025-10-02,19.19,web,pickup,Completed
ORD-0055695,R-0132,2025-10-02,26.76,web,delivery,COMPLETED
ORD-0055696,R-0132,2025-10-22,24.92,app,delivery,completed
ORD-0055697,R-0132,2025-10-01,18.90,web,delivery,completed
ORD-0056927,R-0136,2025-10-17,12.72,app,pickup,completed
ORD-0056928,R-0136,2025-10-27,47.02,app,pickup,completed
ORD-0056929,R-0136,2025-10-26,37.00,app,delivery,completed
ORD-0056930,R-0136,2025-10-04,16.56,app,delivery,completed
ORD-0056931,R-0136,2025-10-04,50.52,app,delivery,completed
ORD-0056932,R-0136,2025-10-08,22.32,app,pickup,completed
ORD-0056933,R-0136,2025-10-11,31.66,app,delivery,completed
ORD-0056934,R-0136,2025-10-03,23.39,app,delivery,completed
ORD-0056935,R-0136,2025-10-28,20.72,app,delivery,completed
ORD-0056936,R-0136,2025-10-23,17.71,app,pickup,completed
ORD-0056937,R-0136,2025-10-27,74.16,app,delivery,completed
ORD-0056938,R-0136,2025-10-24,65.35,app,delivery,Completed
ORD-0056939,R-0136,2025-10-26,68.20,app,delivery,COMPLETED
ORD-0056940,R-0136,2025-10-23,21.07,app,delivery,completed
ORD-0056941,R-0136,2025-10-25,74.94,app,pickup,completed
ORD-0056942,R-0136,2025-10-18,52.99,app,delivery,completed
ORD-0056943,R-0136,2025-10-23,68.28,app,delivery,completed
ORD-0056944,R-0136,2025-10-08,34.66,web,delivery,completed
ORD-0056945,R-0136,2025-10-10,47.46,app,delivery,completed
ORD-0056946,R-0136,2025-10-05,67.04,web,delivery,completed
ORD-0056947,R-0136,2025-10-30,47.16,app,delivery,completed
ORD-0056948,R-0136,2025-10-26,29.88,app,delivery,completed
ORD-0056949,R-0136,2025-10-04,26.96,app,pickup,Completed
ORD-0056950,R-0136,2025-10-14,38.85,app,delivery,Completed
ORD-0056951,R-0136,2025-10-10,39.52,app,delivery,completed
ORD-0056952,R-0136,2025-10-22,27.42,web,delivery,completed
ORD-0056953,R-0136,2025-10-09,13.74,app,pickup,completed
ORD-0056954,R-0136,2025-10-09,27.07,web,delivery,completed
ORD-0056955,R-0136,2025-10-23,22.08,app,delivery,completed
ORD-0056956,R-0136,2025-10-04,41.75,app,delivery,COMPLETED
ORD-0056957,R-0136,2025-10-18,38.56,app,delivery,completed
ORD-0056958,R-0136,2025-10-12,24.14,web,delivery,completed
ORD-0056959,R-0136,2025-10-25,17.38,app,delivery,completed
ORD-0056960,R-0136,2025-10-04,32.67,app,delivery,COMPLETED
ORD-0056961,R-0136,2025-10-17,69.64,app,pickup,completed
ORD-0056962,R-0136,2025-10-19,30.71,app,delivery,completed
ORD-0056963,R-0136,2025-10-08,25.42,app,delivery,COMPLETED
ORD-0056964,R-0136,2025-10-12,35.43,app,delivery,completed
ORD-0056965,R-0136,2025-10-31,28.52,app,pickup,completed
ORD-0056966,R-0136,2025-10-17,58.50,app,delivery,completed
ORD-0056967,R-0136,2025-10-14,25.48,app,pickup,completed
ORD-0056968,R-0136,2025-10-09,30.38,app,pickup,completed
ORD-0056969,R-0136,2025-10-08,38.48,app,delivery,completed
ORD-0056970,R-0136,2025-10-02,69.63,app,pickup,completed
ORD-0056971,R-0136,2025-10-30,23.95,app,delivery,completed
ORD-0056972,R-0136,2025-10-11,24.93,app,delivery,completed
ORD-0056973,R-0136,2025-10-08,36.38,app,pickup,completed
ORD-0057205,R-0140,2025-10-13,44.88,app,delivery,COMPLETED
ORD-0057206,R-0140,2025-10-17,48.22,app,delivery,completed
ORD-0057207,R-0140,2025-10-24,39.60,app,pickup,completed
ORD-0057208,R-0140,2025-10-25,37.37,app,delivery,completed
ORD-0057209,R-0140,2025-10-18,27.57,app,pickup,completed
ORD-0057210,R-0140,2025-10-05,23.44,app,delivery,completed
ORD-0057211,R-0140,2025-10-27,50.03,app,pickup,Completed
ORD-0057212,R-0140,2025-10-20,34.30,web,pickup,completed
ORD-0057213,R-0140,2025-10-24,56.79,web,delivery,completed
ORD-0057214,R-0140,2025-10-25,48.74,app,delivery,COMPLETED
ORD-0057215,R-0140,2025-10-17,70.36,app,delivery,completed
ORD-0057216,R-0140,2025-10-30,43.88,web,pickup,completed
ORD-0057217,R-0140,2025-10-27,39.60,app,pickup,completed
ORD-0057218,R-0140,2025-10-09,80.26,app,delivery,completed
ORD-0057219,R-0140,2025-10-17,32.80,app,pickup,completed
ORD-0057220,R-0140,2025-10-04,26.42,web,pickup,completed
ORD-0057221,R-0140,2025-10-21,30.47,app,delivery,completed
ORD-0057222,R-0140,2025-10-09,80.61,app,delivery,completed
ORD-0057223,R-0140,2025-10-04,22.99,app,delivery,completed
ORD-0057853,R-0141,2025-10-03,23.16,web,pickup,Completed
ORD-0057854,R-0141,2025-10-25,25.23,web,pickup,COMPLETED
ORD-0057855,R-0141,2025-10-26,20.64,web,delivery,completed
ORD-0057856,R-0141,2025-10-30,27.16,app,delivery,completed
ORD-0057857,R-0141,2025-10-18,11.01,app,delivery,completed
ORD-0057858,R-0141,2025-10-31,23.85,app,delivery,Refunded
ORD-0057859,R-0141,2025-10-18,23.28,web,delivery,completed
ORD-0057860,R-0141,2025-10-15,14.70,app,pickup,completed
ORD-0057861,R-0141,2025-10-30,30.55,web,delivery,completed
ORD-0057862,R-0141,2025-10-31,18.87,web,pickup,completed
ORD-0057863,R-0141,2025-10-13,25.25,web,delivery,Completed
ORD-0057864,R-0141,2025-10-10,23.84,app,delivery,refunded
ORD-0057865,R-0141,2025-10-12,39.65,web,pickup,completed
ORD-0057866,R-0141,2025-10-30,40.74,web,delivery,COMPLETED
ORD-0057867,R-0141,2025-10-15,15.28,web,pickup,completed
ORD-0057868,R-0141,2025-10-03,13.27,web,pickup,completed
ORD-0057869,R-0141,2025-10-09,48.81,web,delivery,completed
ORD-0057870,R-0141,2025-10-04,47.59,app,delivery,cancelled
ORD-0057871,R-0141,2025-10-10,28.31,web,pickup,completed
ORD-0057872,R-0141,2025-10-12,36.17,web,pickup,completed
ORD-0057873,R-0141,2025-10-27,21.90,app,pickup,completed
ORD-0057874,R-0141,2025-10-31,28.20,app,pickup,cancelled
ORD-0057875,R-0141,2025-10-29,12.07,app,pickup,COMPLETED
ORD-0057876,R-0141,2025-10-30,24.39,app,pickup,completed
ORD-0057877,R-0141,2025-10-25,29.45,app,delivery,completed
ORD-0057878,R-0141,2025-10-11,37.68,app,delivery,completed
ORD-0057879,R-0141,2025-10-02,34.55,web,delivery,completed
ORD-0057880,R-0141,2025-10-08,19.24,web,delivery,completed
ORD-0057881,R-0141,2025-10-02,25.25,app,delivery,completed
ORD-0057882,R-0141,2025-10-26,37.10,app,pickup,completed
ORD-0057883,R-0141,2025-10-15,24.91,app,pickup,completed
ORD-0057884,R-0141,2025-10-28,17.52,app,delivery,completed
ORD-0057885,R-0141,2025-10-17,6.81,web,pickup,completed
ORD-0057886,R-0141,2025-10-12,21.19,app,pickup,completed
ORD-0057887,R-0141,2025-10-31,23.36,app,pickup,completed
ORD-0057888,R-0141,2025-10-05,43.62,app,delivery,completed
ORD-0057889,R-0141,2025-10-07,38.28,web,delivery,completed
ORD-0057890,R-0141,2025-10-26,38.36,app,pickup,completed
ORD-0057891,R-0141,2025-10-09,25.30,app,delivery,completed
ORD-0057892,R-0141,2025-10-16,24.40,web,pickup,completed
ORD-0057893,R-0141,2025-10-30,18.81,web,delivery,COMPLETED
ORD-0057894,R-0141,2025-10-16,17.86,app,pickup,completed
ORD-0057895,R-0141,2025-10-17,45.32,app,pickup,completed
ORD-0057896,R-0141,2025-10-03,21.95,web,delivery,completed
ORD-0057897,R-0141,2025-10-16,28.83,app,pickup,completed
ORD-0057898,R-0141,2025-10-30,6.61,web,delivery,COMPLETED
ORD-0057899,R-0141,2025-10-17,32.16,web,delivery,completed
ORD-0057900,R-0141,2025-10-11,24.94,app,pickup,completed
ORD-0057901,R-0141,2025-10-21,18.60,app,pickup,completed
ORD-0057902,R-0141,2025-10-21,23.26,app,delivery,completed
ORD-0057903,R-0141,2025-10-02,27.45,app,pickup,completed
ORD-0057904,R-0141,2025-10-10,20.89,web,pickup,completed
ORD-0057905,R-0141,2025-10-09,17.06,web,pickup,completed
ORD-0057906,R-0141,2025-10-09,58.33,web,delivery,completed
ORD-0057907,R-0141,2025-10-26,60.96,web,pickup,completed
ORD-0057908,R-0141,2025-10-30,36.06,app,delivery,completed
ORD-0057909,R-0141,2025-10-17,22.25,app,delivery,COMPLETED
ORD-0057910,R-0141,2025-10-05,24.22,app,delivery,completed
ORD-0057911,R-0141,2025-10-03,19.85,app,delivery,completed
ORD-0057912,R-0141,2025-10-22,12.01,web,pickup,completed
ORD-0057913,R-0141,2025-10-02,38.42,app,pickup,refunded
ORD-0057914,R-0141,2025-10-20,18.83,app,pickup,completed
ORD-0057915,R-0141,2025-10-12,21.56,app,delivery,completed
ORD-0057916,R-0141,2025-10-23,17.69,web,pickup,COMPLETED
ORD-0057917,R-0141,2025-10-09,22.33,app,delivery,completed
ORD-0058905,R-0142,2025-10-18,39.85,web,delivery,completed
ORD-0058906,R-0142,2025-10-22,48.82,app,delivery,completed
ORD-0058907,R-0142,2025-10-05,32.04,web,delivery,completed
ORD-0058908,R-0142,2025-10-16,52.41,app,delivery,completed
ORD-0058909,R-0142,2025-10-28,14.12,web,pickup,completed
ORD-0058910,R-0142,2025-10-27,23.27,web,pickup,completed
ORD-0058911,R-0142,2025-10-07,28.84,app,delivery,completed
ORD-0058912,R-0142,2025-10-08,20.65,app,pickup,completed
ORD-0058913,R-0142,2025-10-10,49.97,web,delivery,completed
ORD-0058914,R-0142,2025-10-31,43.63,app,pickup,completed
ORD-0058915,R-0142,2025-10-01,77.11,app,pickup,completed
ORD-0058916,R-0142,2025-10-16,37.58,web,pickup,Completed
ORD-0058917,R-0142,2025-10-30,27.38,app,pickup,completed
ORD-0058918,R-0142,2025-10-08,29.64,app,pickup,completed
ORD-0058919,R-0142,2025-10-11,30.36,app,delivery,cancelled
ORD-0058920,R-0142,2025-10-25,48.52,app,delivery,completed
ORD-0061857,R-0154,2025-10-11,54.22,app,delivery,completed
ORD-0061858,R-0154,2025-10-31,60.15,app,delivery,completed
ORD-0061859,R-0154,2025-10-19,47.64,app,delivery,completed
ORD-0061860,R-0154,2025-10-30,31.11,app,delivery,completed
ORD-0061861,R-0154,2025-10-28,31.74,web,delivery,completed
ORD-0061862,R-0154,2025-10-31,24.47,app,delivery,Completed
ORD-0061863,R-0154,2025-10-28,45.03,app,delivery,completed
ORD-0061864,R-0154,2025-10-12,61.09,app,delivery,completed
ORD-0061865,R-0154,2025-10-26,46.76,web,delivery,completed
ORD-0061866,R-0154,2025-10-04,54.53,app,delivery,completed
ORD-0061867,R-0154,2025-10-04,42.72,app,delivery,completed
ORD-0061868,R-0154,2025-10-17,24.84,web,delivery,completed
ORD-0061869,R-0154,2025-10-08,60.57,web,delivery,completed
ORD-0061870,R-0154,2025-10-04,30.62,app,delivery,completed
ORD-0061871,R-0154,2025-10-10,41.12,app,delivery,completed
ORD-0061872,R-0154,2025-10-28,32.93,app,delivery,completed
ORD-0061873,R-0154,2025-10-23,31.11,app,delivery,Completed
ORD-0061874,R-0154,2025-10-19,34.60,app,delivery,completed
ORD-0061875,R-0154,2025-10-18,49.23,app,delivery,completed
ORD-0061876,R-0154,2025-10-31,30.84,web,pickup,Completed
ORD-0061877,R-0154,2025-10-26,96.03,app,delivery,completed
ORD-0061878,R-0154,2025-10-14,13.37,web,delivery,cancelled
ORD-0061879,R-0154,2025-10-25,38.54,web,delivery,cancelled
ORD-0061880,R-0154,2025-10-19,43.36,web,delivery,completed
ORD-0061881,R-0154,2025-10-26,23.04,app,delivery,completed
ORD-0061882,R-0154,2025-10-11,54.38,app,delivery,completed
ORD-0061883,R-0154,2025-10-23,56.25,app,delivery,Completed
ORD-0061884,R-0154,2025-10-04,35.61,app,delivery,completed
ORD-0061885,R-0154,2025-10-30,42.99,web,delivery,completed
ORD-0061886,R-0154,2025-10-23,18.83,web,delivery,completed
ORD-0061887,R-0154,2025-10-30,23.05,app,delivery,COMPLETED
ORD-0061888,R-0154,2025-10-16,43.17,web,delivery,completed
ORD-0061889,R-0154,2025-10-13,29.52,web,delivery,completed
ORD-0061890,R-0154,2025-10-10,27.36,web,delivery,completed
ORD-0061891,R-0154,2025-10-11,28.20,app,delivery,completed
ORD-0061892,R-0154,2025-10-01,16.19,web,delivery,completed
ORD-0061893,R-0154,2025-10-05,29.84,web,delivery,completed
ORD-0061894,R-0154,2025-10-31,69.68,app,delivery,completed
ORD-0061895,R-0154,2025-10-16,10.89,web,delivery,Completed
ORD-0061896,R-0154,2025-10-31,36.66,app,delivery,completed
ORD-0061897,R-0154,2025-10-13,71.59,web,delivery,refunded
ORD-0061898,R-0154,2025-10-15,28.06,app,delivery,refunded
ORD-0061899,R-0154,2025-10-13,51.95,app,delivery,completed
ORD-0061900,R-0154,2025-10-20,28.26,app,delivery,completed
ORD-0061901,R-0154,2025-10-12,48.46,web,delivery,completed
ORD-0061902,R-0154,2025-10-17,20.84,web,delivery,completed
ORD-0061903,R-0154,2025-10-06,79.65,app,delivery,completed
ORD-0061904,R-0154,2025-10-25,50.48,app,delivery,completed
ORD-0062610,R-0155,2025-10-30,55.59,web,delivery,completed
ORD-0062611,R-0155,2025-10-31,26.34,web,delivery,Completed
ORD-0062612,R-0155,2025-10-27,31.60,web,delivery,cancelled
ORD-0062613,R-0155,2025-10-31,31.95,web,delivery,completed
ORD-0062614,R-0155,2025-10-27,35.34,web,delivery,completed
ORD-0062615,R-0155,2025-10-31,29.07,web,pickup,completed
ORD-0065315,R-0161,2025-10-21,37.19,app,delivery,completed
ORD-0065316,R-0161,2025-10-21,36.45,web,pickup,completed
ORD-0065317,R-0161,2025-10-31,54.61,app,pickup,cancelled
ORD-0065318,R-0161,2025-10-24,30.61,web,delivery,completed
ORD-0065319,R-0161,2025-10-27,95.58,web,delivery,completed
ORD-0065320,R-0161,2025-10-25,41.53,web,pickup,completed
ORD-0065321,R-0161,2025-10-28,39.20,app,pickup,COMPLETED
ORD-0065322,R-0161,2025-10-16,57.00,app,delivery,COMPLETED
ORD-0065323,R-0161,2025-10-26,36.25,app,pickup,completed
ORD-0065324,R-0161,2025-10-30,50.35,web,pickup,completed
ORD-0065325,R-0161,2025-10-22,36.39,web,pickup,completed
ORD-0065326,R-0161,2025-10-14,56.09,app,delivery,completed
ORD-0065327,R-0161,2025-10-25,39.25,web,pickup,completed
ORD-0065328,R-0161,2025-10-29,33.27,app,pickup,completed
ORD-0065329,R-0161,2025-10-21,43.38,web,pickup,completed
ORD-0065330,R-0161,2025-10-23,51.63,web,pickup,completed
ORD-0065331,R-0161,2025-10-25,56.75,app,pickup,completed
ORD-0066839,R-0162,2025-10-24,20.87,web,pickup,completed
ORD-0066840,R-0162,2025-10-17,14.59,app,delivery,completed
ORD-0066841,R-0162,2025-10-23,16.94,app,delivery,completed
ORD-0066842,R-0162,2025-10-08,29.51,app,delivery,completed
ORD-0066843,R-0162,2025-10-08,21.46,app,pickup,completed
ORD-0066844,R-0162,2025-10-31,21.60,app,delivery,completed
ORD-0066845,R-0162,2025-10-30,11.15,web,delivery,COMPLETED
ORD-0066846,R-0162,2025-10-18,15.35,app,delivery,completed
ORD-0066847,R-0162,2025-10-27,22.85,app,pickup,completed
ORD-0066848,R-0162,2025-10-25,27.07,web,pickup,completed
ORD-0066849,R-0162,2025-10-24,21.56,app,delivery,completed
ORD-0066850,R-0162,2025-10-31,27.57,web,delivery,completed
ORD-0066851,R-0162,2025-10-02,11.42,web,delivery,refunded
ORD-0066852,R-0162,2025-10-09,19.88,app,pickup,completed
ORD-0066853,R-0162,2025-10-06,16.84,web,pickup,completed
ORD-0066854,R-0162,2025-10-21,30.75,web,delivery,completed
ORD-0066855,R-0162,2025-10-18,38.87,app,delivery,completed
ORD-0066856,R-0162,2025-10-15,12.24,web,delivery,Completed
ORD-0066857,R-0162,2025-10-18,34.56,app,pickup,completed
ORD-0066858,R-0162,2025-10-05,14.84,app,pickup,completed
ORD-0066859,R-0162,2025-10-22,18.10,app,delivery,completed
ORD-0066860,R-0162,2025-10-10,20.32,app,pickup,completed
ORD-0066861,R-0162,2025-10-07,18.24,web,pickup,completed
ORD-0066862,R-0162,2025-10-19,19.68,web,pickup,completed
ORD-0066863,R-0162,2025-10-27,25.67,app,delivery,completed
ORD-0066864,R-0162,2025-10-13,12.82,app,pickup,completed
ORD-0066865,R-0162,2025-10-19,26.13,web,pickup,refunded
ORD-0066866,R-0162,2025-10-11,9.71,app,delivery,Completed
ORD-0066867,R-0162,2025-10-24,12.91,app,pickup,COMPLETED
ORD-0066868,R-0162,2025-10-23,15.10,app,delivery,completed
ORD-0066869,R-0162,2025-10-30,24.43,app,pickup,completed
ORD-0066870,R-0162,2025-10-01,15.85,app,delivery,completed
ORD-0066871,R-0162,2025-10-22,20.06,web,delivery,completed
ORD-0066872,R-0162,2025-10-10,36.69,app,pickup,completed
ORD-0066873,R-0162,2025-10-24,9.81,app,pickup,completed
ORD-0066874,R-0162,2025-10-02,30.62,app,delivery,completed
ORD-0066875,R-0162,2025-10-31,27.08,app,delivery,completed
ORD-0066876,R-0162,2025-10-06,17.73,web,delivery,completed
ORD-0066877,R-0162,2025-10-22,15.12,app,delivery,completed
ORD-0066878,R-0162,2025-10-23,18.62,web,pickup,completed
ORD-0066879,R-0162,2025-10-03,35.55,app,pickup,completed
ORD-0066880,R-0162,2025-10-06,21.79,web,pickup,completed
ORD-0066881,R-0162,2025-10-22,16.80,app,delivery,COMPLETED
ORD-0066882,R-0162,2025-10-21,11.88,app,pickup,completed
ORD-0066883,R-0162,2025-10-08,19.74,app,pickup,completed
ORD-0066884,R-0162,2025-10-16,16.90,app,pickup,completed
ORD-0066885,R-0162,2025-10-02,20.96,web,pickup,cancelled
ORD-0066886,R-0162,2025-10-22,16.35,app,pickup,completed
ORD-0066887,R-0162,2025-10-10,24.73,app,delivery,completed
ORD-0066888,R-0162,2025-10-14,29.40,web,pickup,completed
ORD-0066889,R-0162,2025-10-02,19.61,app,pickup,Completed
ORD-0066890,R-0162,2025-10-31,18.52,web,delivery,completed
ORD-0066891,R-0162,2025-10-27,22.21,app,delivery,Completed
ORD-0066892,R-0162,2025-10-18,17.25,web,pickup,completed
ORD-0066893,R-0162,2025-10-13,12.83,app,delivery,completed
ORD-0066894,R-0162,2025-10-02,22.33,web,delivery,completed
ORD-0066895,R-0162,2025-10-17,22.62,web,delivery,completed
ORD-0066896,R-0162,2025-10-14,26.56,app,delivery,completed
ORD-0066897,R-0162,2025-10-07,20.76,app,delivery,COMPLETED
ORD-0066898,R-0162,2025-10-17,17.56,app,pickup,completed
ORD-0066899,R-0162,2025-10-11,18.89,app,pickup,completed
ORD-0066900,R-0162,2025-10-20,30.27,web,delivery,completed
ORD-0066901,R-0162,2025-10-25,20.10,app,delivery,completed
ORD-0066902,R-0162,2025-10-13,19.45,app,delivery,COMPLETED
ORD-0066903,R-0162,2025-10-03,26.20,app,delivery,completed
ORD-0066904,R-0162,2025-10-09,34.44,web,delivery,completed
ORD-0066905,R-0162,2025-10-03,13.06,app,pickup,completed
ORD-0066906,R-0162,2025-10-26,9.18,app,delivery,completed
ORD-0066907,R-0162,2025-10-21,11.51,app,pickup,completed
ORD-0066908,R-0162,2025-10-03,20.84,app,delivery,completed
ORD-0066909,R-0162,2025-10-25,19.94,web,pickup,completed
ORD-0066910,R-0162,2025-10-28,34.97,app,delivery,completed
ORD-0066911,R-0162,2025-10-04,24.24,web,delivery,completed
ORD-0066912,R-0162,2025-10-06,12.06,app,pickup,completed
ORD-0066913,R-0162,2025-10-03,14.84,web,delivery,Completed
ORD-0066914,R-0162,2025-10-07,8.79,web,delivery,completed
ORD-0066915,R-0162,2025-10-31,32.63,app,pickup,Completed
ORD-0066916,R-0162,2025-10-19,22.85,web,pickup,completed
ORD-0066917,R-0162,2025-10-18,23.39,app,delivery,completed
ORD-0066918,R-0162,2025-10-22,28.08,web,pickup,COMPLETED
ORD-0066919,R-0162,2025-10-17,28.94,web,pickup,completed
ORD-0066920,R-0162,2025-10-02,18.35,app,delivery,completed
ORD-0066921,R-0162,2025-10-08,26.08,app,delivery,completed
ORD-0066922,R-0162,2025-10-12,28.32,app,delivery,completed
ORD-0066923,R-0162,2025-10-26,23.18,app,delivery,completed
ORD-0066924,R-0162,2025-10-19,26.49,web,delivery,completed
ORD-0066925,R-0162,2025-10-18,19.81,app,delivery,completed
ORD-0066926,R-0162,2025-10-05,16.09,web,delivery,completed
ORD-0066927,R-0162,2025-10-29,24.53,web,delivery,completed
ORD-0066928,R-0162,2025-10-27,32.22,app,pickup,completed
ORD-0066929,R-0162,2025-10-12,16.17,app,pickup,completed
ORD-0066930,R-0162,2025-10-17,16.28,app,pickup,completed
ORD-0066931,R-0162,2025-10-20,32.95,web,delivery,completed
ORD-0066932,R-0162,2025-10-13,12.78,app,delivery,completed
ORD-0066933,R-0162,2025-10-02,20.82,app,pickup,completed
ORD-0066934,R-0162,2025-10-04,14.58,app,delivery,completed
ORD-0066935,R-0162,2025-10-30,17.98,app,pickup,completed
ORD-0066936,R-0162,2025-10-03,18.74,app,delivery,completed
ORD-0066937,R-0162,2025-10-09,13.17,app,pickup,completed
ORD-0066938,R-0162,2025-10-03,14.81,app,delivery,completed
ORD-0066939,R-0162,2025-10-23,12.83,app,delivery,COMPLETED
ORD-0066940,R-0162,2025-10-06,34.92,app,delivery,COMPLETED
ORD-0066941,R-0162,2025-10-03,34.67,app,delivery,completed
ORD-0066942,R-0162,2025-10-24,18.78,web,pickup,Completed
ORD-0066943,R-0162,2025-10-06,18.98,app,pickup,completed
ORD-0066944,R-0162,2025-10-10,24.58,app,delivery,completed
ORD-0066945,R-0162,2025-10-28,12.67,web,delivery,completed
ORD-0066946,R-0162,2025-10-04,22.90,app,delivery,completed
ORD-0066947,R-0162,2025-10-31,12.97,web,delivery,completed
ORD-0066948,R-0162,2025-10-22,41.70,web,pickup,completed
ORD-0066949,R-0162,2025-10-11,21.43,web,delivery,Completed
ORD-0066950,R-0162,2025-10-11,17.59,web,pickup,completed
ORD-0066951,R-0162,2025-10-12,20.88,web,delivery,completed
ORD-0066952,R-0162,2025-10-19,11.68,app,delivery,COMPLETED
ORD-0066953,R-0162,2025-10-27,23.33,web,delivery,completed
ORD-0066954,R-0162,2025-10-24,39.33,app,pickup,completed
ORD-0066955,R-0162,2025-10-08,14.16,app,delivery,completed
ORD-0066956,R-0162,2025-10-11,13.00,app,delivery,Completed
ORD-0066957,R-0162,2025-10-25,19.59,web,pickup,completed
ORD-0066958,R-0162,2025-10-13,27.86,app,pickup,COMPLETED
ORD-0066959,R-0162,2025-10-22,23.81,app,pickup,completed
ORD-0066960,R-0162,2025-10-01,20.18,app,delivery,completed
ORD-0066961,R-0162,2025-10-12,20.87,app,pickup,completed
ORD-0066962,R-0162,2025-10-12,25.30,web,delivery,completed
ORD-0066963,R-0162,2025-10-17,20.10,app,delivery,completed
ORD-0066964,R-0162,2025-10-03,24.25,app,delivery,COMPLETED
ORD-0066965,R-0162,2025-10-23,12.06,web,delivery,completed
ORD-0066966,R-0162,2025-10-14,12.47,app,delivery,completed
ORD-0066967,R-0162,2025-10-06,21.27,web,delivery,cancelled
ORD-0066968,R-0162,2025-10-07,33.96,web,pickup,completed
ORD-0066969,R-0162,2025-10-24,22.99,app,delivery,completed
ORD-0066970,R-0162,2025-10-24,12.59,web,pickup,completed
ORD-0066971,R-0162,2025-10-06,23.10,app,pickup,completed
ORD-0066972,R-0162,2025-10-25,17.41,web,delivery,completed
ORD-0066973,R-0162,2025-10-28,11.96,app,delivery,completed
ORD-0066974,R-0162,2025-10-10,19.56,app,pickup,completed
ORD-0066975,R-0162,2025-10-05,19.82,web,delivery,completed
ORD-0066976,R-0162,2025-10-11,27.78,web,pickup,completed
ORD-0066977,R-0162,2025-10-24,28.31,app,delivery,completed
ORD-0066978,R-0162,2025-10-11,25.50,web,delivery,completed
ORD-0066979,R-0162,2025-10-16,16.35,web,delivery,Completed
ORD-0066980,R-0162,2025-10-06,23.52,web,pickup,cancelled
ORD-0066981,R-0162,2025-10-02,21.31,app,delivery,completed
ORD-0066982,R-0162,2025-10-28,23.93,app,delivery,completed
ORD-0066983,R-0162,2025-10-31,29.97,app,delivery,completed
ORD-0066984,R-0162,2025-10-29,25.78,web,pickup,completed
ORD-0066985,R-0162,2025-10-04,33.22,app,delivery,completed
ORD-0066986,R-0162,2025-10-17,22.14,web,pickup,completed
ORD-0066987,R-0162,2025-10-04,19.75,web,pickup,completed
ORD-0066988,R-0162,2025-10-23,29.89,app,pickup,completed
ORD-0066989,R-0162,2025-10-18,20.14,web,delivery,COMPLETED
ORD-0066990,R-0162,2025-10-14,19.76,app,delivery,completed
ORD-0066991,R-0162,2025-10-02,20.40,app,pickup,completed
ORD-0066992,R-0162,2025-10-12,13.29,web,delivery,completed
ORD-0066993,R-0162,2025-10-25,36.21,app,delivery,CANCELLED
ORD-0066994,R-0162,2025-10-12,35.21,app,delivery,completed
ORD-0066995,R-0162,2025-10-19,27.05,app,delivery,completed
ORD-0066996,R-0162,2025-10-31,26.09,web,delivery,completed
ORD-0066997,R-0162,2025-10-13,12.65,web,pickup,completed
ORD-0066998,R-0162,2025-10-22,29.90,app,pickup,completed
ORD-0066999,R-0162,2025-10-31,24.08,web,pickup,completed
ORD-0067000,R-0162,2025-10-18,16.15,web,pickup,completed
ORD-0067001,R-0162,2025-10-09,30.25,app,pickup,completed
ORD-0067002,R-0162,2025-10-11,15.66,app,delivery,completed
ORD-0067003,R-0162,2025-10-30,16.85,app,delivery,completed
ORD-0067004,R-0162,2025-10-10,18.32,app,delivery,completed
ORD-0067005,R-0162,2025-10-31,18.53,web,pickup,completed
ORD-0067006,R-0162,2025-10-16,7.71,web,pickup,completed
ORD-0067007,R-0162,2025-10-18,36.57,web,pickup,completed
ORD-0067008,R-0162,2025-10-11,12.58,web,delivery,completed
ORD-0067009,R-0162,2025-10-12,26.38,app,delivery,completed
ORD-0067010,R-0162,2025-10-19,29.06,app,delivery,completed
ORD-0069376,R-0164,2025-10-10,20.62,web,delivery,completed
ORD-0069377,R-0164,2025-10-25,26.12,web,pickup,completed
ORD-0069378,R-0164,2025-10-09,12.19,web,delivery,COMPLETED
ORD-0069379,R-0164,2025-10-25,14.22,web,pickup,completed
ORD-0069380,R-0164,2025-10-21,15.51,web,delivery,completed
ORD-0069381,R-0164,2025-10-03,24.93,app,delivery,completed
ORD-0069382,R-0164,2025-10-27,18.92,web,delivery,completed
ORD-0069383,R-0164,2025-10-20,9.58,app,delivery,completed
ORD-0069384,R-0164,2025-10-27,22.78,app,pickup,completed
ORD-0069385,R-0164,2025-10-16,9.05,app,pickup,completed
ORD-0069386,R-0164,2025-10-16,22.30,app,pickup,completed
ORD-0069387,R-0164,2025-10-12,26.76,web,pickup,COMPLETED
ORD-0069388,R-0164,2025-10-17,9.74,app,delivery,completed
ORD-0069389,R-0164,2025-10-31,15.40,app,delivery,completed
ORD-0069390,R-0164,2025-10-21,15.99,app,pickup,completed
ORD-0069391,R-0164,2025-10-18,23.46,web,delivery,completed
ORD-0069392,R-0164,2025-10-16,25.17,app,delivery,completed
ORD-0069393,R-0164,2025-10-01,12.38,app,delivery,completed
ORD-0069394,R-0164,2025-10-17,12.54,app,pickup,completed
ORD-0069395,R-0164,2025-10-17,13.05,web,delivery,Completed
ORD-0069396,R-0164,2025-10-18,18.76,web,delivery,completed
ORD-0069397,R-0164,2025-10-21,20.33,web,delivery,completed
ORD-0069398,R-0164,2025-10-22,20.60,web,delivery,completed
ORD-0069399,R-0164,2025-10-06,19.19,web,delivery,completed
ORD-0069400,R-0164,2025-10-16,9.45,web,pickup,completed
ORD-0069401,R-0164,2025-10-18,43.50,app,delivery,completed
ORD-0069402,R-0164,2025-10-03,15.08,web,delivery,completed
ORD-0069403,R-0164,2025-10-22,19.75,app,delivery,COMPLETED
ORD-0069404,R-0164,2025-10-01,12.50,app,delivery,CANCELLED
ORD-0069405,R-0164,2025-10-14,13.64,web,delivery,completed
ORD-0069406,R-0164,2025-10-31,21.01,app,delivery,completed
ORD-0069407,R-0164,2025-10-21,14.17,app,delivery,completed
ORD-0069408,R-0164,2025-10-03,34.34,web,delivery,completed
ORD-0069409,R-0164,2025-10-18,15.50,app,delivery,completed
ORD-0069410,R-0164,2025-10-09,14.96,web,pickup,completed
ORD-0069411,R-0164,2025-10-10,9.89,app,pickup,COMPLETED
ORD-0069412,R-0164,2025-10-29,17.19,app,pickup,completed
ORD-0069413,R-0164,2025-10-19,23.07,app,delivery,completed
ORD-0069414,R-0164,2025-10-24,17.68,app,pickup,Completed
ORD-0069415,R-0164,2025-10-05,18.56,app,pickup,Completed
ORD-0069416,R-0164,2025-10-31,11.07,web,delivery,completed
ORD-0069417,R-0164,2025-10-08,20.71,web,delivery,completed
ORD-0069418,R-0164,2025-10-31,17.24,app,pickup,completed
ORD-0069419,R-0164,2025-10-11,6.48,app,pickup,completed
ORD-0069420,R-0164,2025-10-31,6.96,app,pickup,completed
ORD-0069421,R-0164,2025-10-21,15.68,web,delivery,completed
ORD-0069422,R-0164,2025-10-17,15.46,web,pickup,completed
ORD-0069423,R-0164,2025-10-13,8.04,web,delivery,completed
ORD-0069424,R-0164,2025-10-06,13.95,app,delivery,completed
ORD-0069425,R-0164,2025-10-11,17.89,web,delivery,completed
ORD-0069426,R-0164,2025-10-18,12.73,web,pickup,completed
ORD-0069427,R-0164,2025-10-07,33.24,web,delivery,completed
ORD-0069428,R-0164,2025-10-24,21.23,web,pickup,completed
ORD-0069429,R-0164,2025-10-03,21.72,app,delivery,completed
ORD-0069430,R-0164,2025-10-30,8.91,web,pickup,completed
ORD-0069431,R-0164,2025-10-05,28.06,app,delivery,COMPLETED
ORD-0069432,R-0164,2025-10-04,26.80,web,delivery,completed
ORD-0069433,R-0164,2025-10-25,7.38,web,delivery,completed
ORD-0069434,R-0164,2025-10-18,14.71,app,delivery,CANCELLED
ORD-0069435,R-0164,2025-10-27,24.23,web,delivery,completed
ORD-0069436,R-0164,2025-10-16,6.77,app,delivery,completed
ORD-0069437,R-0164,2025-10-08,15.73,web,delivery,completed
ORD-0069438,R-0164,2025-10-16,16.43,app,delivery,completed
ORD-0069439,R-0164,2025-10-14,12.90,app,delivery,completed
ORD-0069440,R-0164,2025-10-23,24.03,web,delivery,completed
ORD-0069441,R-0164,2025-10-15,8.46,web,delivery,COMPLETED
ORD-0069442,R-0164,2025-10-17,21.69,app,delivery,completed
ORD-0069443,R-0164,2025-10-24,23.12,web,delivery,completed
ORD-0069444,R-0164,2025-10-25,12.46,web,pickup,completed
ORD-0069445,R-0164,2025-10-03,29.80,web,delivery,completed
ORD-0069446,R-0164,2025-10-30,16.79,app,delivery,COMPLETED
ORD-0069447,R-0164,2025-10-10,10.69,app,pickup,completed
ORD-0069448,R-0164,2025-10-23,20.05,web,delivery,completed
ORD-0069449,R-0164,2025-10-07,10.87,web,delivery,completed
ORD-0069450,R-0164,2025-10-17,27.01,web,pickup,completed
ORD-0069451,R-0164,2025-10-29,15.83,app,delivery,completed
ORD-0069452,R-0164,2025-10-22,20.29,app,pickup,completed
ORD-0069453,R-0164,2025-10-14,20.41,web,pickup,COMPLETED
ORD-0069454,R-0164,2025-10-20,22.11,web,delivery,completed
ORD-0069455,R-0164,2025-10-04,16.08,app,pickup,completed
ORD-0069456,R-0164,2025-10-31,32.03,web,delivery,completed
ORD-0069457,R-0164,2025-10-17,21.30,web,delivery,Completed
ORD-0069458,R-0164,2025-10-25,34.31,web,pickup,completed
ORD-0069459,R-0164,2025-10-11,19.54,web,delivery,completed
ORD-0069460,R-0164,2025-10-16,15.93,web,delivery,completed
ORD-0069461,R-0164,2025-10-18,26.35,app,delivery,completed
ORD-0069462,R-0164,2025-10-08,15.33,web,pickup,completed
ORD-0069463,R-0164,2025-10-18,8.52,web,delivery,completed
ORD-0069464,R-0164,2025-10-16,7.65,web,delivery,Completed
ORD-0069465,R-0164,2025-10-10,27.22,app,delivery,Completed
ORD-0069466,R-0164,2025-10-24,28.88,web,delivery,completed
ORD-0069467,R-0164,2025-10-26,19.53,app,delivery,completed
ORD-0069468,R-0164,2025-10-29,14.87,app,delivery,completed
ORD-0069469,R-0164,2025-10-13,11.59,web,pickup,cancelled
ORD-0069470,R-0164,2025-10-04,11.56,web,delivery,completed
ORD-0069471,R-0164,2025-10-05,22.30,web,delivery,completed
ORD-0069472,R-0164,2025-10-25,26.50,web,pickup,completed
ORD-0069473,R-0164,2025-10-31,14.85,web,pickup,completed
ORD-0069474,R-0164,2025-10-10,21.44,web,delivery,completed
ORD-0069475,R-0164,2025-10-12,16.99,app,delivery,completed
ORD-0069476,R-0164,2025-10-25,18.77,app,pickup,completed
ORD-0069477,R-0164,2025-10-01,12.22,app,delivery,Completed
ORD-0069478,R-0164,2025-10-11,8.07,web,delivery,completed
ORD-0069479,R-0164,2025-10-05,6.44,app,delivery,completed
ORD-0069480,R-0164,2025-10-30,18.23,app,delivery,completed
ORD-0069481,R-0164,2025-10-03,10.07,app,pickup,completed
ORD-0069482,R-0164,2025-10-24,8.85,web,delivery,completed
ORD-0069483,R-0164,2025-10-11,23.64,app,delivery,completed
ORD-0069484,R-0164,2025-10-18,12.61,app,delivery,Completed
ORD-0069485,R-0164,2025-10-07,55.79,app,pickup,completed
ORD-0069486,R-0164,2025-10-20,9.79,app,delivery,completed
ORD-0069487,R-0164,2025-10-19,21.40,app,pickup,completed
ORD-0069488,R-0164,2025-10-18,21.07,web,pickup,completed
ORD-0069489,R-0164,2025-10-28,31.00,app,pickup,completed
ORD-0069490,R-0164,2025-10-28,40.46,app,pickup,completed
ORD-0069491,R-0164,2025-10-26,21.91,app,delivery,completed
ORD-0069492,R-0164,2025-10-10,19.47,web,delivery,completed
ORD-0069493,R-0164,2025-10-05,17.34,web,pickup,completed
ORD-0069494,R-0164,2025-10-05,14.86,app,delivery,completed
ORD-0069495,R-0164,2025-10-24,23.53,app,delivery,completed
ORD-0069496,R-0164,2025-10-24,17.75,web,pickup,completed
ORD-0069497,R-0164,2025-10-16,10.84,app,delivery,completed
ORD-0069498,R-0164,2025-10-27,11.17,app,delivery,completed
ORD-0069499,R-0164,2025-10-22,13.96,app,delivery,completed
ORD-0069500,R-0164,2025-10-25,18.17,web,delivery,completed
ORD-0069501,R-0164,2025-10-24,22.16,app,delivery,completed
ORD-0069502,R-0164,2025-10-06,13.92,app,delivery,completed
ORD-0069503,R-0164,2025-10-19,29.47,app,delivery,completed
ORD-0069504,R-0164,2025-10-31,19.18,app,pickup,COMPLETED
ORD-0069505,R-0164,2025-10-08,19.06,web,delivery,completed
ORD-0069506,R-0164,2025-10-30,24.78,app,delivery,completed
ORD-0069507,R-0164,2025-10-25,16.89,app,pickup,completed
ORD-0069508,R-0164,2025-10-16,42.18,app,pickup,refunded
ORD-0069509,R-0164,2025-10-26,25.29,app,pickup,completed
ORD-0069510,R-0164,2025-10-02,16.57,web,delivery,completed
ORD-0069511,R-0164,2025-10-05,15.50,app,pickup,completed
ORD-0069512,R-0164,2025-10-10,23.30,app,delivery,Completed
ORD-0069513,R-0164,2025-10-02,16.23,web,delivery,refunded
ORD-0069514,R-0164,2025-10-14,37.58,web,pickup,completed
ORD-0069515,R-0164,2025-10-19,12.77,app,delivery,completed
ORD-0069516,R-0164,2025-10-18,18.70,app,pickup,completed
ORD-0069517,R-0164,2025-10-25,20.41,app,pickup,completed
ORD-0069518,R-0164,2025-10-19,16.26,web,delivery,completed
ORD-0069519,R-0164,2025-10-11,6.00,app,pickup,completed
ORD-0069520,R-0164,2025-10-04,18.43,app,delivery,completed
ORD-0069521,R-0164,2025-10-10,21.73,app,delivery,completed
ORD-0069522,R-0164,2025-10-11,14.13,web,delivery,completed
ORD-0069523,R-0164,2025-10-26,12.91,app,delivery,completed
ORD-0069524,R-0164,2025-10-11,21.04,app,pickup,Completed
ORD-0069525,R-0164,2025-10-07,17.38,app,delivery,completed
ORD-0069526,R-0164,2025-10-25,24.21,app,delivery,completed
ORD-0069527,R-0164,2025-10-09,11.37,app,delivery,completed
ORD-0069528,R-0164,2025-10-22,14.27,app,delivery,completed
ORD-0069529,R-0164,2025-10-12,18.81,app,delivery,Completed
ORD-0069530,R-0164,2025-10-31,32.62,app,delivery,completed
ORD-0069531,R-0164,2025-10-24,25.57,app,delivery,completed
ORD-0069532,R-0164,2025-10-26,22.50,app,delivery,COMPLETED
ORD-0069533,R-0164,2025-10-04,17.03,app,pickup,Completed
ORD-0069534,R-0164,2025-10-18,12.60,app,delivery,completed
ORD-0069535,R-0164,2025-10-22,27.95,web,delivery,completed
ORD-0069536,R-0164,2025-10-04,12.71,web,pickup,completed
ORD-0069537,R-0164,2025-10-30,9.68,web,pickup,completed
ORD-0069538,R-0164,2025-10-27,8.49,app,delivery,completed
ORD-0069539,R-0164,2025-10-04,14.44,app,delivery,completed
ORD-0069540,R-0164,2025-10-10,16.28,web,delivery,completed
ORD-0069541,R-0164,2025-10-12,21.75,web,pickup,completed
ORD-0069542,R-0164,2025-10-19,33.38,web,delivery,COMPLETED
ORD-0069543,R-0164,2025-10-13,8.99,web,delivery,completed
ORD-0069544,R-0164,2025-10-10,17.48,app,delivery,completed
ORD-0069545,R-0164,2025-10-04,25.26,app,delivery,completed
ORD-0069546,R-0164,2025-10-05,7.21,web,delivery,completed
ORD-0069547,R-0164,2025-10-25,20.29,app,delivery,completed
ORD-0069548,R-0164,2025-10-23,8.88,web,delivery,COMPLETED
ORD-0069549,R-0164,2025-10-16,17.48,app,pickup,completed
ORD-0069550,R-0164,2025-10-16,21.67,app,delivery,completed
ORD-0069551,R-0164,2025-10-18,18.34,app,delivery,completed
ORD-0069552,R-0164,2025-10-23,13.97,web,delivery,completed
ORD-0069553,R-0164,2025-10-20,21.99,app,delivery,completed
ORD-0069554,R-0164,2025-10-22,16.77,web,delivery,completed
ORD-0069555,R-0164,2025-10-03,15.45,web,delivery,completed
ORD-0069556,R-0164,2025-10-04,23.94,app,delivery,refunded
ORD-0069557,R-0164,2025-10-03,19.45,app,delivery,completed
ORD-0069558,R-0164,2025-10-06,9.80,web,delivery,completed
ORD-0069559,R-0164,2025-10-27,13.69,app,delivery,Completed
ORD-0069560,R-0164,2025-10-31,30.34,app,delivery,Completed
ORD-0069561,R-0164,2025-10-09,23.95,app,delivery,completed
ORD-0069562,R-0164,2025-10-11,20.73,app,delivery,completed
ORD-0069563,R-0164,2025-10-30,11.88,app,delivery,refunded
ORD-0069564,R-0164,2025-10-21,8.76,web,delivery,COMPLETED
ORD-0069565,R-0164,2025-10-11,21.37,app,pickup,completed
ORD-0069566,R-0164,2025-10-13,11.71,web,pickup,completed
ORD-0069567,R-0164,2025-10-09,16.06,web,delivery,completed
ORD-0069568,R-0164,2025-10-26,8.23,web,delivery,completed
ORD-0069569,R-0164,2025-10-28,19.65,app,delivery,Completed
ORD-0069570,R-0164,2025-10-30,15.11,app,delivery,completed
ORD-0069571,R-0164,2025-10-29,10.06,app,delivery,completed
ORD-0069572,R-0164,2025-10-10,32.90,app,delivery,completed
ORD-0069573,R-0164,2025-10-03,18.40,web,pickup,completed
ORD-0069574,R-0164,2025-10-30,22.92,app,delivery,completed
ORD-0069575,R-0164,2025-10-17,53.48,web,delivery,completed
ORD-0069576,R-0164,2025-10-28,16.64,web,pickup,completed
ORD-0069577,R-0164,2025-10-17,29.15,app,pickup,completed
ORD-0069578,R-0164,2025-10-07,9.92,web,delivery,COMPLETED
ORD-0069579,R-0164,2025-10-31,16.92,web,delivery,completed
ORD-0069580,R-0164,2025-10-16,15.48,app,delivery,completed
ORD-0069581,R-0164,2025-10-23,17.56,web,pickup,completed
ORD-0069582,R-0164,2025-10-10,13.33,app,delivery,completed
ORD-0069583,R-0164,2025-10-19,19.88,app,pickup,completed
ORD-0069584,R-0164,2025-10-05,17.89,app,pickup,completed
ORD-0069585,R-0164,2025-10-24,18.11,app,delivery,completed
ORD-0069586,R-0164,2025-10-25,9.85,web,delivery,completed
ORD-0069587,R-0164,2025-10-17,9.56,app,delivery,cancelled
ORD-0069588,R-0164,2025-10-11,9.04,app,delivery,completed
ORD-0069589,R-0164,2025-10-11,17.68,app,delivery,completed
ORD-0069590,R-0164,2025-10-23,6.54,app,pickup,completed
ORD-0069591,R-0164,2025-10-28,24.66,app,delivery,completed
ORD-0069592,R-0164,2025-10-20,31.21,app,delivery,completed
ORD-0069593,R-0164,2025-10-16,17.42,web,pickup,completed
ORD-0069594,R-0164,2025-10-31,8.76,app,delivery,completed
ORD-0069595,R-0164,2025-10-16,18.94,web,pickup,COMPLETED
ORD-0069596,R-0164,2025-10-29,13.64,web,delivery,completed
ORD-0069597,R-0164,2025-10-18,10.54,app,delivery,completed
ORD-0069598,R-0164,2025-10-30,19.59,app,delivery,completed
ORD-0069599,R-0164,2025-10-25,23.12,app,delivery,completed
ORD-0069600,R-0164,2025-10-06,22.78,app,pickup,completed
ORD-0069601,R-0164,2025-10-07,9.40,web,delivery,completed
ORD-0069602,R-0164,2025-10-11,16.69,web,delivery,completed
ORD-0069603,R-0164,2025-10-31,16.79,app,pickup,completed
ORD-0069604,R-0164,2025-10-24,11.22,app,delivery,completed
ORD-0069605,R-0164,2025-10-14,38.04,web,delivery,cancelled
ORD-0073824,R-0170,2025-10-01,28.75,app,delivery,completed
ORD-0073825,R-0170,2025-10-08,24.76,app,pickup,Completed
ORD-0073826,R-0170,2025-10-17,55.29,app,pickup,completed
ORD-0073827,R-0170,2025-10-18,23.36,app,pickup,Completed
ORD-0073828,R-0170,2025-10-10,36.72,app,delivery,completed
ORD-0073829,R-0170,2025-10-22,41.79,app,delivery,completed
ORD-0073830,R-0170,2025-10-17,19.96,app,delivery,completed
ORD-0073831,R-0170,2025-10-28,28.47,app,delivery,completed
ORD-0073832,R-0170,2025-10-10,31.98,app,pickup,completed
ORD-0073833,R-0170,2025-10-17,17.90,app,delivery,completed
ORD-0073834,R-0170,2025-10-20,22.62,app,delivery,completed
ORD-0073835,R-0170,2025-10-17,23.95,app,delivery,refunded
ORD-0073836,R-0170,2025-10-05,25.52,web,delivery,completed
ORD-0073837,R-0170,2025-10-15,43.13,app,delivery,completed
ORD-0073838,R-0170,2025-10-12,43.67,web,delivery,cancelled
ORD-0073839,R-0170,2025-10-25,26.17,app,delivery,COMPLETED
ORD-0073840,R-0170,2025-10-28,39.97,app,delivery,completed
ORD-0073841,R-0170,2025-10-11,25.61,app,pickup,completed
ORD-0073842,R-0170,2025-10-20,32.83,web,delivery,completed
ORD-0073843,R-0170,2025-10-03,39.91,app,delivery,completed
ORD-0073844,R-0170,2025-10-01,58.50,app,pickup,completed
ORD-0073845,R-0170,2025-10-12,40.41,app,delivery,completed
ORD-0073846,R-0170,2025-10-30,19.40,app,delivery,completed
ORD-0073847,R-0170,2025-10-04,30.04,app,delivery,completed
ORD-0073848,R-0170,2025-10-10,41.48,web,delivery,completed
ORD-0073849,R-0170,2025-10-17,36.96,app,delivery,completed
ORD-0073850,R-0170,2025-10-04,37.73,web,delivery,completed
ORD-0073851,R-0170,2025-10-08,20.10,app,delivery,completed
ORD-0073852,R-0170,2025-10-28,15.94,app,delivery,completed
ORD-0073853,R-0170,2025-10-26,46.43,app,delivery,completed
ORD-0073854,R-0170,2025-10-04,33.25,app,delivery,completed
ORD-0074567,R-0171,2025-10-16,13.72,web,delivery,Completed
ORD-0074568,R-0171,2025-10-09,19.16,app,delivery,completed
ORD-0074569,R-0171,2025-10-12,24.93,app,pickup,completed
ORD-0074570,R-0171,2025-10-29,11.27,app,delivery,refunded
ORD-0074571,R-0171,2025-10-31,13.68,app,delivery,completed
ORD-0074572,R-0171,2025-10-30,15.42,web,delivery,completed
ORD-0074573,R-0171,2025-10-02,31.06,app,pickup,COMPLETED
ORD-0074574,R-0171,2025-10-04,22.98,app,delivery,completed
ORD-0074575,R-0171,2025-10-18,21.97,app,pickup,completed
ORD-0074576,R-0171,2025-10-26,22.41,web,pickup,completed
ORD-0074577,R-0171,2025-10-31,15.10,app,delivery,completed
ORD-0074578,R-0171,2025-10-14,24.27,app,delivery,completed
ORD-0074579,R-0171,2025-10-11,23.05,app,pickup,completed
ORD-0074580,R-0171,2025-10-25,15.04,app,pickup,completed
ORD-0074581,R-0171,2025-10-25,23.44,app,delivery,completed
ORD-0074582,R-0171,2025-10-01,17.35,app,delivery,completed
ORD-0074583,R-0171,2025-10-14,22.85,web,delivery,completed
ORD-0074584,R-0171,2025-10-11,24.08,web,delivery,completed
ORD-0074585,R-0171,2025-10-07,27.13,web,pickup,completed
ORD-0074586,R-0171,2025-10-14,19.73,web,delivery,completed
ORD-0074587,R-0171,2025-10-09,14.57,app,delivery,completed
ORD-0074588,R-0171,2025-10-04,25.89,app,pickup,completed
ORD-0074589,R-0171,2025-10-17,41.47,web,pickup,COMPLETED
ORD-0074590,R-0171,2025-10-11,26.48,app,delivery,COMPLETED
ORD-0074591,R-0171,2025-10-12,24.21,web,delivery,completed
ORD-0074592,R-0171,2025-10-23,10.01,app,pickup,Completed
ORD-0074593,R-0171,2025-10-10,19.07,app,pickup,COMPLETED
ORD-0074594,R-0171,2025-10-25,24.55,web,delivery,Completed
ORD-0074595,R-0171,2025-10-19,31.36,web,delivery,Completed
ORD-0074596,R-0171,2025-10-02,20.57,app,pickup,completed
ORD-0074597,R-0171,2025-10-29,26.06,app,delivery,Completed
ORD-0074598,R-0171,2025-10-04,17.84,app,delivery,completed
ORD-0074599,R-0171,2025-10-02,13.96,app,delivery,completed
ORD-0074600,R-0171,2025-10-07,22.19,app,pickup,completed
ORD-0074601,R-0171,2025-10-08,13.58,app,delivery,completed
ORD-0074602,R-0171,2025-10-04,21.01,app,delivery,completed
ORD-0074603,R-0171,2025-10-21,15.71,app,delivery,completed
ORD-0074604,R-0171,2025-10-20,20.22,web,pickup,completed
ORD-0074605,R-0171,2025-10-10,15.89,app,delivery,COMPLETED
ORD-0074606,R-0171,2025-10-25,25.54,app,pickup,completed
ORD-0074607,R-0171,2025-10-14,16.73,app,pickup,completed
ORD-0074608,R-0171,2025-10-01,14.89,web,delivery,completed
ORD-0074609,R-0171,2025-10-11,19.48,app,pickup,Completed
ORD-0074610,R-0171,2025-10-25,14.24,app,delivery,completed
ORD-0074611,R-0171,2025-10-05,21.76,app,delivery,completed
ORD-0074612,R-0171,2025-10-21,23.12,web,delivery,COMPLETED
ORD-0074613,R-0171,2025-10-06,18.64,app,pickup,COMPLETED
ORD-0074614,R-0171,2025-10-09,23.58,web,delivery,completed
ORD-0074615,R-0171,2025-10-01,15.96,app,delivery,completed
ORD-0074616,R-0171,2025-10-15,13.03,app,delivery,cancelled
ORD-0074617,R-0171,2025-10-27,27.73,app,delivery,completed
ORD-0074618,R-0171,2025-10-22,14.87,web,delivery,cancelled
ORD-0074619,R-0171,2025-10-11,13.31,app,delivery,completed
ORD-0074620,R-0171,2025-10-31,30.39,app,delivery,completed
ORD-0074621,R-0171,2025-10-04,33.87,web,pickup,completed
ORD-0074622,R-0171,2025-10-21,15.75,app,delivery,completed
ORD-0074623,R-0171,2025-10-18,27.11,app,delivery,completed
ORD-0074624,R-0171,2025-10-18,17.44,web,delivery,completed
ORD-0074625,R-0171,2025-10-03,18.16,app,delivery,completed
ORD-0074626,R-0171,2025-10-01,27.36,app,delivery,completed
ORD-0074627,R-0171,2025-10-13,23.82,app,delivery,completed
ORD-0074628,R-0171,2025-10-24,33.12,web,pickup,completed
ORD-0074629,R-0171,2025-10-31,16.34,app,pickup,completed
ORD-0074630,R-0171,2025-10-25,13.51,web,pickup,completed
ORD-0074631,R-0171,2025-10-12,23.11,web,pickup,completed
ORD-0074632,R-0171,2025-10-08,22.99,web,pickup,completed
ORD-0074633,R-0171,2025-10-11,25.19,web,delivery,completed
ORD-0074634,R-0171,2025-10-30,10.96,app,pickup,completed
ORD-0074635,R-0171,2025-10-25,17.82,app,delivery,completed
ORD-0074636,R-0171,2025-10-01,13.24,web,delivery,completed
ORD-0074637,R-0171,2025-10-21,22.78,app,delivery,completed
ORD-0074638,R-0171,2025-10-28,16.28,web,delivery,completed
ORD-0074639,R-0171,2025-10-10,14.08,app,delivery,completed
ORD-0074640,R-0171,2025-10-26,24.42,app,delivery,completed
ORD-0074641,R-0171,2025-10-07,17.68,app,pickup,completed
ORD-0074642,R-0171,2025-10-06,28.96,app,pickup,completed
ORD-0074643,R-0171,2025-10-12,25.42,web,delivery,COMPLETED
ORD-0074644,R-0171,2025-10-30,20.62,app,pickup,completed
ORD-0074645,R-0171,2025-10-31,19.12,app,pickup,completed
ORD-0074646,R-0171,2025-10-16,21.09,app,pickup,completed
ORD-0074647,R-0171,2025-10-19,13.30,web,pickup,COMPLETED
ORD-0074648,R-0171,2025-10-25,19.35,web,delivery,completed
ORD-0074649,R-0171,2025-10-09,22.70,app,delivery,completed
ORD-0074650,R-0171,2025-10-18,20.10,app,delivery,completed
ORD-0075137,R-0174,2025-10-11,26.57,app,delivery,completed
ORD-0075138,R-0174,2025-10-28,44.17,web,pickup,completed
ORD-0075139,R-0174,2025-10-03,22.74,app,delivery,Refunded
ORD-0075140,R-0174,2025-10-02,29.79,app,delivery,completed
ORD-0075141,R-0174,2025-10-27,22.61,web,delivery,completed
ORD-0075142,R-0174,2025-10-01,28.38,web,delivery,completed
ORD-0075143,R-0174,2025-10-14,51.03,app,pickup,completed
ORD-0075144,R-0174,2025-10-27,56.72,app,pickup,completed
ORD-0075145,R-0174,2025-10-04,22.05,app,delivery,completed
ORD-0075146,R-0174,2025-10-07,26.76,app,delivery,completed
ORD-0075147,R-0174,2025-10-23,25.73,web,pickup,completed
ORD-0075148,R-0174,2025-10-07,27.83,app,delivery,cancelled
ORD-0075149,R-0174,2025-10-01,45.74,web,delivery,COMPLETED
ORD-0075150,R-0174,2025-10-22,35.03,app,delivery,completed
ORD-0075151,R-0174,2025-10-12,43.09,app,pickup,completed
ORD-0075152,R-0174,2025-10-04,23.41,app,delivery,completed
ORD-0075153,R-0174,2025-10-01,19.39,app,delivery,completed
ORD-0075154,R-0174,2025-10-17,23.14,app,delivery,Completed
ORD-0075155,R-0174,2025-10-26,25.73,web,pickup,completed
ORD-0075156,R-0174,2025-10-11,22.92,app,delivery,completed
ORD-0075425,R-0175,2025-10-18,38.44,web,pickup,completed
ORD-0075426,R-0175,2025-10-10,9.63,web,delivery,completed
ORD-0075427,R-0175,2025-10-03,49.66,web,pickup,COMPLETED
ORD-0075428,R-0175,2025-10-25,19.58,web,pickup,Completed
ORD-0075429,R-0175,2025-10-01,15.81,web,delivery,completed
ORD-0075430,R-0175,2025-10-16,18.37,web,pickup,completed
ORD-0075431,R-0175,2025-10-17,25.76,web,delivery,completed
ORD-0075432,R-0175,2025-10-13,30.71,app,delivery,completed
ORD-0075433,R-0175,2025-10-30,12.15,web,delivery,completed
ORD-0075434,R-0175,2025-10-19,13.87,web,delivery,completed
ORD-0075435,R-0175,2025-10-10,37.19,web,delivery,completed
ORD-0075436,R-0175,2025-10-09,23.50,web,delivery,completed
ORD-0075437,R-0175,2025-10-04,27.07,web,delivery,completed
ORD-0075438,R-0175,2025-10-01,15.37,app,pickup,completed
ORD-0075439,R-0175,2025-10-20,20.56,web,pickup,completed
ORD-0075440,R-0175,2025-10-14,16.02,app,delivery,COMPLETED
ORD-0075441,R-0175,2025-10-02,24.21,web,delivery,Completed
ORD-0075442,R-0175,2025-10-30,12.88,app,delivery,completed
ORD-0075443,R-0175,2025-10-10,23.42,web,pickup,completed
ORD-0075444,R-0175,2025-10-31,21.07,web,delivery,completed
ORD-0075445,R-0175,2025-10-15,28.71,web,delivery,completed
ORD-0075446,R-0175,2025-10-26,12.99,app,pickup,completed
ORD-0075447,R-0175,2025-10-13,20.55,web,delivery,completed
ORD-0075448,R-0175,2025-10-06,15.35,web,delivery,completed
ORD-0077197,R-0179,2025-10-27,26.76,app,pickup,completed
ORD-0077198,R-0179,2025-10-22,27.53,web,delivery,completed
ORD-0077199,R-0179,2025-10-17,16.63,web,delivery,completed
ORD-0077200,R-0179,2025-10-25,33.30,web,pickup,completed
ORD-0077201,R-0179,2025-10-12,27.02,app,delivery,completed
ORD-0077202,R-0179,2025-10-23,18.39,web,pickup,completed
ORD-0077203,R-0179,2025-10-23,33.15,app,delivery,completed
ORD-0077204,R-0179,2025-10-11,31.50,app,delivery,completed
ORD-0077205,R-0179,2025-10-17,33.16,app,delivery,completed
ORD-0077206,R-0179,2025-10-24,23.18,app,delivery,Completed
ORD-0077207,R-0179,2025-10-28,33.45,app,delivery,Completed
ORD-0077208,R-0179,2025-10-13,26.16,app,delivery,completed
ORD-0077209,R-0179,2025-10-09,19.38,app,delivery,COMPLETED
ORD-0077210,R-0179,2025-10-14,28.26,web,delivery,completed
ORD-0077211,R-0179,2025-10-09,19.48,app,delivery,completed
ORD-0077212,R-0179,2025-10-12,27.92,app,delivery,completed
ORD-0077213,R-0179,2025-10-10,35.42,web,delivery,completed
ORD-0077214,R-0179,2025-10-11,34.86,web,delivery,completed
ORD-0077215,R-0179,2025-10-16,17.25,web,pickup,COMPLETED
ORD-0077216,R-0179,2025-10-12,33.93,web,delivery,completed
ORD-0077217,R-0179,2025-10-08,15.32,web,pickup,cancelled
ORD-0080127,R-0184,2025-10-03,21.51,app,delivery,completed
ORD-0080128,R-0184,2025-10-25,18.72,app,pickup,completed
ORD-0080129,R-0184,2025-10-03,29.33,web,delivery,completed
ORD-0080130,R-0184,2025-10-26,14.50,web,pickup,completed
ORD-0080131,R-0184,2025-10-24,10.57,app,pickup,completed
ORD-0080132,R-0184,2025-10-11,54.49,web,delivery,completed
ORD-0080133,R-0184,2025-10-13,7.15,app,delivery,completed
ORD-0080134,R-0184,2025-10-03,26.65,app,pickup,completed
ORD-0080135,R-0184,2025-10-05,21.17,app,pickup,completed
ORD-0080136,R-0184,2025-10-23,19.41,app,pickup,completed
ORD-0080137,R-0184,2025-10-04,18.60,app,delivery,completed
ORD-0080138,R-0184,2025-10-29,27.43,web,delivery,completed
ORD-0080139,R-0184,2025-10-13,12.99,app,delivery,completed
ORD-0080140,R-0184,2025-10-25,23.90,app,delivery,completed
ORD-0080141,R-0184,2025-10-31,21.95,app,pickup,Completed
ORD-0080142,R-0184,2025-10-03,26.11,app,pickup,completed
ORD-0080143,R-0184,2025-10-12,19.14,web,pickup,completed
ORD-0080144,R-0184,2025-10-20,12.84,web,pickup,completed
ORD-0080145,R-0184,2025-10-12,14.34,app,delivery,COMPLETED
ORD-0080146,R-0184,2025-10-31,17.24,app,pickup,completed
ORD-0080147,R-0184,2025-10-03,29.48,app,pickup,completed
ORD-0080148,R-0184,2025-10-07,26.13,app,delivery,completed
ORD-0080149,R-0184,2025-10-17,15.27,app,delivery,completed
ORD-0080150,R-0184,2025-10-10,15.11,app,delivery,completed
ORD-0080151,R-0184,2025-10-30,8.08,web,delivery,completed
ORD-0080152,R-0184,2025-10-12,22.90,app,delivery,completed
ORD-0080153,R-0184,2025-10-14,12.19,app,delivery,completed
ORD-0080154,R-0184,2025-10-04,23.96,app,delivery,Completed
ORD-0080155,R-0184,2025-10-03,43.84,web,pickup,completed
ORD-0080156,R-0184,2025-10-08,15.17,web,pickup,COMPLETED
ORD-0080157,R-0184,2025-10-11,25.66,app,pickup,completed
ORD-0080158,R-0184,2025-10-02,14.57,app,pickup,completed
ORD-0080159,R-0184,2025-10-13,12.41,web,pickup,completed
ORD-0080160,R-0184,2025-10-27,29.99,app,pickup,completed
ORD-0080161,R-0184,2025-10-31,15.23,app,pickup,completed
ORD-0080162,R-0184,2025-10-01,12.90,web,delivery,COMPLETED
ORD-0080163,R-0184,2025-10-21,10.50,app,pickup,completed
ORD-0080164,R-0184,2025-10-31,15.47,app,pickup,completed
ORD-0081359,R-0187,2025-10-24,33.90,web,delivery,completed
ORD-0081360,R-0187,2025-10-04,28.79,app,pickup,completed
ORD-0081361,R-0187,2025-10-01,26.57,web,delivery,COMPLETED
ORD-0081362,R-0187,2025-10-16,15.91,web,delivery,completed
ORD-0081363,R-0187,2025-10-10,38.17,app,delivery,completed
ORD-0081364,R-0187,2025-10-17,76.54,app,delivery,completed
ORD-0081365,R-0187,2025-10-29,22.80,app,delivery,COMPLETED
ORD-0081366,R-0187,2025-10-29,31.75,web,pickup,completed
ORD-0081367,R-0187,2025-10-25,30.34,web,delivery,completed
ORD-0081368,R-0187,2025-10-01,20.26,web,delivery,completed
ORD-0081369,R-0187,2025-10-23,50.69,app,delivery,completed
ORD-0081370,R-0187,2025-10-18,31.09,web,pickup,completed
ORD-0081371,R-0187,2025-10-11,23.31,app,delivery,completed
ORD-0081372,R-0187,2025-10-03,19.37,app,delivery,completed
ORD-0081373,R-0187,2025-10-09,25.94,app,delivery,COMPLETED
ORD-0081374,R-0187,2025-10-25,37.90,app,delivery,completed
ORD-0081375,R-0187,2025-10-14,45.86,app,delivery,cancelled
ORD-0081376,R-0187,2025-10-26,13.82,web,delivery,completed
ORD-0081377,R-0187,2025-10-01,35.39,web,delivery,completed
ORD-0081378,R-0187,2025-10-08,36.34,web,delivery,completed
ORD-0081379,R-0187,2025-10-20,18.82,app,delivery,completed
ORD-0081380,R-0187,2025-10-15,32.22,web,delivery,completed
ORD-0081381,R-0187,2025-10-24,26.71,web,delivery,COMPLETED
ORD-0081382,R-0187,2025-10-17,25.94,app,delivery,completed
ORD-0081383,R-0187,2025-10-18,27.25,app,delivery,COMPLETED
ORD-0081384,R-0187,2025-10-30,26.04,web,delivery,completed
ORD-0081385,R-0187,2025-10-26,25.56,web,delivery,completed
ORD-0081386,R-0187,2025-10-27,18.71,web,delivery,completed
ORD-0081387,R-0187,2025-10-04,104.32,app,delivery,completed
ORD-0081388,R-0187,2025-10-30,40.83,app,delivery,completed
ORD-0081389,R-0187,2025-10-14,15.57,app,delivery,completed
ORD-0081390,R-0187,2025-10-03,16.43,web,delivery,completed
ORD-0081391,R-0187,2025-10-11,32.08,web,pickup,completed
ORD-0081392,R-0187,2025-10-31,47.45,app,pickup,COMPLETED
ORD-0081393,R-0187,2025-10-04,27.62,web,delivery,completed
ORD-0081394,R-0187,2025-10-20,11.42,app,delivery,completed
ORD-0081395,R-0187,2025-10-01,21.64,app,delivery,completed
ORD-0081396,R-0187,2025-10-02,61.54,app,delivery,completed
ORD-0081397,R-0187,2025-10-31,25.81,app,delivery,COMPLETED
ORD-0081398,R-0187,2025-10-27,35.46,app,delivery,completed
ORD-0081399,R-0187,2025-10-27,41.88,app,delivery,completed
ORD-0081400,R-0187,2025-10-21,22.70,app,pickup,completed
ORD-0081401,R-0187,2025-10-15,44.56,web,delivery,completed
ORD-0081402,R-0187,2025-10-03,19.62,web,delivery,completed
ORD-0081403,R-0187,2025-10-22,22.07,app,delivery,completed
ORD-0081404,R-0187,2025-10-20,20.58,web,delivery,completed
ORD-0081405,R-0187,2025-10-15,18.86,web,delivery,completed
ORD-0081406,R-0187,2025-10-23,33.62,web,delivery,completed
ORD-0081407,R-0187,2025-10-25,16.78,web,delivery,Completed
ORD-0081408,R-0187,2025-10-02,45.94,app,delivery,completed
ORD-0081409,R-0187,2025-10-30,34.55,app,delivery,completed
ORD-0081410,R-0187,2025-10-20,12.80,app,delivery,completed
ORD-0081411,R-0187,2025-10-31,25.25,app,pickup,completed
ORD-0081412,R-0187,2025-10-22,31.84,web,pickup,completed
ORD-0081413,R-0187,2025-10-23,16.18,app,delivery,completed
ORD-0081414,R-0187,2025-10-07,24.78,app,delivery,completed
ORD-0081415,R-0187,2025-10-08,27.27,app,delivery,completed
ORD-0081416,R-0187,2025-10-24,25.24,app,delivery,completed
ORD-0081417,R-0187,2025-10-08,63.37,web,delivery,completed
ORD-0081418,R-0187,2025-10-17,22.61,web,delivery,completed
ORD-0081419,R-0187,2025-10-27,45.88,web,delivery,completed
ORD-0081420,R-0187,2025-10-08,21.26,app,delivery,completed
ORD-0081421,R-0187,2025-10-22,12.77,app,delivery,completed
ORD-0081422,R-0187,2025-10-06,34.07,web,pickup,completed
ORD-0081423,R-0187,2025-10-14,69.02,app,delivery,Completed
ORD-0081424,R-0187,2025-10-25,29.00,app,pickup,completed
ORD-0081425,R-0187,2025-10-04,12.67,app,pickup,completed
ORD-0081426,R-0187,2025-10-24,28.36,app,delivery,completed
ORD-0081427,R-0187,2025-10-14,21.21,app,delivery,completed
ORD-0081428,R-0187,2025-10-17,51.77,app,delivery,completed
ORD-0081429,R-0187,2025-10-04,18.41,app,pickup,completed
ORD-0081430,R-0187,2025-10-12,55.63,app,delivery,completed
ORD-0081431,R-0187,2025-10-13,51.06,app,delivery,Completed
ORD-0081432,R-0187,2025-10-04,18.04,app,pickup,Completed
ORD-0081433,R-0187,2025-10-18,17.39,app,delivery,Completed
ORD-0081434,R-0187,2025-10-04,60.84,web,delivery,completed
ORD-0081435,R-0187,2025-10-04,24.77,web,pickup,completed
ORD-0081436,R-0187,2025-10-25,17.99,app,delivery,completed
ORD-0081437,R-0187,2025-10-18,59.35,app,delivery,completed
ORD-0081438,R-0187,2025-10-03,23.90,app,delivery,COMPLETED
ORD-0081439,R-0187,2025-10-21,18.30,web,delivery,completed
ORD-0081440,R-0187,2025-10-15,28.90,app,delivery,completed
ORD-0081441,R-0187,2025-10-05,58.52,app,delivery,completed
ORD-0081442,R-0187,2025-10-22,6.63,app,delivery,completed
ORD-0081443,R-0187,2025-10-24,39.17,web,delivery,COMPLETED
ORD-0081444,R-0187,2025-10-04,43.03,app,delivery,completed
ORD-0081445,R-0187,2025-10-16,43.90,web,delivery,completed
ORD-0081446,R-0187,2025-10-07,19.05,web,delivery,completed
ORD-0081447,R-0187,2025-10-11,27.55,web,delivery,completed
ORD-0081448,R-0187,2025-10-06,22.15,app,delivery,completed
ORD-0081449,R-0187,2025-10-11,27.42,web,delivery,completed
ORD-0081450,R-0187,2025-10-22,24.38,web,delivery,completed
ORD-0081451,R-0187,2025-10-08,21.22,app,delivery,completed
ORD-0081452,R-0187,2025-10-19,48.76,app,delivery,completed
ORD-0081453,R-0187,2025-10-19,20.86,app,delivery,completed
ORD-0081454,R-0187,2025-10-09,32.64,web,pickup,completed
ORD-0081455,R-0187,2025-10-23,40.86,app,delivery,completed
ORD-0081456,R-0187,2025-10-05,10.86,web,delivery,completed
ORD-0083247,R-0190,2025-10-29,17.74,web,delivery,completed
ORD-0083248,R-0190,2025-10-11,15.78,app,delivery,completed
ORD-0083249,R-0190,2025-10-02,14.89,app,pickup,completed
ORD-0083250,R-0190,2025-10-31,9.40,app,delivery,completed
ORD-0083251,R-0190,2025-10-12,13.99,app,delivery,completed
ORD-0083252,R-0190,2025-10-10,22.83,app,pickup,completed
ORD-0083253,R-0190,2025-10-31,21.96,web,pickup,completed
ORD-0083254,R-0190,2025-10-30,13.82,app,pickup,completed
ORD-0083255,R-0190,2025-10-10,21.54,app,pickup,completed
ORD-0083256,R-0190,2025-10-29,19.42,web,pickup,Completed
ORD-0083257,R-0190,2025-10-17,46.67,app,pickup,completed
ORD-0083258,R-0190,2025-10-19,19.19,app,delivery,completed
ORD-0083259,R-0190,2025-10-04,21.56,app,pickup,Completed
ORD-0083260,R-0190,2025-10-13,18.53,web,delivery,completed
ORD-0083261,R-0190,2025-10-05,11.64,app,delivery,completed
ORD-0083262,R-0190,2025-10-27,20.03,app,pickup,completed
ORD-0083263,R-0190,2025-10-07,14.91,app,pickup,refunded
ORD-0083264,R-0190,2025-10-28,19.06,app,delivery,cancelled
ORD-0083265,R-0190,2025-10-25,22.54,web,delivery,completed
ORD-0083266,R-0190,2025-10-09,13.97,app,pickup,completed
ORD-0083267,R-0190,2025-10-06,17.67,app,pickup,completed
ORD-0083268,R-0190,2025-10-16,17.48,app,delivery,completed
ORD-0083269,R-0190,2025-10-04,30.04,web,delivery,completed
ORD-0083270,R-0190,2025-10-28,26.18,web,delivery,completed
ORD-0083271,R-0190,2025-10-09,22.08,app,pickup,Completed
ORD-0083272,R-0190,2025-10-21,11.98,app,delivery,completed
ORD-0083273,R-0190,2025-10-22,17.84,app,pickup,completed
ORD-0083274,R-0190,2025-10-04,20.75,app,delivery,completed
ORD-0083275,R-0190,2025-10-03,15.65,app,delivery,completed
ORD-0083276,R-0190,2025-10-02,25.55,web,pickup,completed
ORD-0083277,R-0190,2025-10-31,27.51,web,delivery,completed
ORD-0083278,R-0190,2025-10-18,18.14,app,delivery,completed
ORD-0083279,R-0190,2025-10-17,13.84,app,pickup,completed
ORD-0083280,R-0190,2025-10-16,24.77,web,delivery,Completed
ORD-0083281,R-0190,2025-10-14,11.24,web,delivery,completed
ORD-0083282,R-0190,2025-10-10,13.38,app,pickup,completed
ORD-0083283,R-0190,2025-10-21,20.23,app,delivery,completed
ORD-0083284,R-0190,2025-10-01,31.03,app,pickup,completed
ORD-0083285,R-0190,2025-10-23,31.60,app,pickup,completed
ORD-0083286,R-0190,2025-10-01,24.10,app,delivery,completed
ORD-0083287,R-0190,2025-10-29,19.66,web,delivery,COMPLETED
ORD-0083288,R-0190,2025-10-18,27.80,app,delivery,completed
ORD-0083289,R-0190,2025-10-14,23.21,app,pickup,completed
ORD-0083290,R-0190,2025-10-11,17.31,app,delivery,completed
ORD-0083291,R-0190,2025-10-04,14.59,app,pickup,completed
ORD-0083292,R-0190,2025-10-12,11.52,app,delivery,completed
ORD-0083293,R-0190,2025-10-16,35.23,app,pickup,completed
ORD-0083294,R-0190,2025-10-14,11.57,app,delivery,completed
ORD-0083295,R-0190,2025-10-11,29.59,app,delivery,completed
ORD-0083296,R-0190,2025-10-08,23.07,app,pickup,completed
ORD-0083297,R-0190,2025-10-06,24.52,web,pickup,Completed
ORD-0083298,R-0190,2025-10-24,10.10,app,pickup,completed
ORD-0083299,R-0190,2025-10-03,31.11,app,pickup,completed
ORD-0083300,R-0190,2025-10-14,21.87,app,pickup,completed
ORD-0083301,R-0190,2025-10-15,14.41,app,delivery,COMPLETED
ORD-0083302,R-0190,2025-10-24,22.70,app,delivery,completed
ORD-0083303,R-0190,2025-10-25,31.23,app,delivery,completed
ORD-0083304,R-0190,2025-10-16,13.22,web,pickup,completed
ORD-0083305,R-0190,2025-10-15,25.79,app,delivery,completed
ORD-0083306,R-0190,2025-10-01,21.12,app,delivery,completed
ORD-0083307,R-0190,2025-10-02,20.34,app,pickup,completed
ORD-0083308,R-0190,2025-10-03,16.97,web,pickup,completed
ORD-0083309,R-0190,2025-10-06,24.26,app,pickup,completed
ORD-0083310,R-0190,2025-10-26,24.60,web,delivery,completed
ORD-0083311,R-0190,2025-10-13,12.51,app,delivery,completed
ORD-0083312,R-0190,2025-10-03,24.85,web,delivery,completed
ORD-0083313,R-0190,2025-10-15,19.70,app,delivery,COMPLETED
ORD-0083314,R-0190,2025-10-15,14.63,app,pickup,completed
ORD-0083315,R-0190,2025-10-01,24.00,app,delivery,completed
ORD-0083316,R-0190,2025-10-10,18.20,web,pickup,completed
ORD-0083317,R-0190,2025-10-27,8.11,app,delivery,completed
ORD-0083318,R-0190,2025-10-20,24.06,app,delivery,completed
ORD-0083319,R-0190,2025-10-01,26.68,app,delivery,completed
ORD-0083320,R-0190,2025-10-31,13.65,web,delivery,completed
ORD-0083321,R-0190,2025-10-25,15.38,app,delivery,completed
ORD-0083322,R-0190,2025-10-18,12.93,app,delivery,cancelled
ORD-0083323,R-0190,2025-10-24,23.56,app,delivery,completed
ORD-0083324,R-0190,2025-10-05,13.36,app,delivery,completed
ORD-0083325,R-0190,2025-10-05,17.05,app,delivery,completed
ORD-0083326,R-0190,2025-10-14,16.17,web,pickup,completed
ORD-0083327,R-0190,2025-10-29,20.18,web,delivery,COMPLETED
ORD-0083328,R-0190,2025-10-03,29.72,app,pickup,completed
ORD-0083329,R-0190,2025-10-19,20.81,app,delivery,completed
ORD-0083330,R-0190,2025-10-26,13.72,app,delivery,completed
ORD-0083331,R-0190,2025-10-21,21.54,web,pickup,Completed
ORD-0083332,R-0190,2025-10-04,23.31,app,delivery,Completed
ORD-0083333,R-0190,2025-10-26,13.31,app,pickup,completed
ORD-0083334,R-0190,2025-10-22,8.42,app,pickup,completed
ORD-0083335,R-0190,2025-10-31,18.76,app,pickup,completed
ORD-0083336,R-0190,2025-10-24,25.23,web,delivery,Completed
ORD-0083337,R-0190,2025-10-31,10.36,app,pickup,completed
ORD-0083338,R-0190,2025-10-07,15.86,app,pickup,REFUNDED
ORD-0083339,R-0190,2025-10-13,16.07,app,delivery,completed
ORD-0083340,R-0190,2025-10-22,27.71,app,pickup,completed
ORD-0085686,R-0194,2025-10-15,52.30,web,delivery,completed
ORD-0085687,R-0194,2025-10-25,39.32,web,pickup,completed
ORD-0085688,R-0194,2025-10-03,36.02,web,delivery,completed
ORD-0085689,R-0194,2025-10-12,40.76,web,delivery,completed
ORD-0085690,R-0194,2025-10-05,42.68,app,delivery,completed
ORD-0085691,R-0194,2025-10-11,14.81,web,pickup,completed
ORD-0085692,R-0194,2025-10-06,28.20,web,pickup,completed
ORD-0085693,R-0194,2025-10-31,42.73,web,pickup,completed
ORD-0085694,R-0194,2025-10-31,58.33,web,pickup,completed
ORD-0085695,R-0194,2025-10-01,44.99,web,delivery,COMPLETED
ORD-0085696,R-0194,2025-10-10,49.02,app,pickup,completed
ORD-0085697,R-0194,2025-10-31,36.86,web,delivery,Completed
ORD-0085698,R-0194,2025-10-06,29.92,web,pickup,completed
ORD-0085699,R-0194,2025-10-23,26.55,web,delivery,completed
ORD-0085700,R-0194,2025-10-26,27.75,web,delivery,completed
ORD-0085701,R-0194,2025-10-17,47.58,web,delivery,completed
ORD-0085702,R-0194,2025-10-19,22.00,web,delivery,completed
ORD-0085703,R-0194,2025-10-05,22.67,app,pickup,completed
ORD-0085704,R-0194,2025-10-10,66.11,web,pickup,completed
ORD-0085705,R-0194,2025-10-31,98.59,web,pickup,completed
ORD-0085706,R-0194,2025-10-23,29.81,app,delivery,completed
ORD-0085707,R-0194,2025-10-24,81.09,app,pickup,cancelled
ORD-0085762,R-0195,2025-10-09,51.36,web,delivery,completed
ORD-0085763,R-0195,2025-10-22,16.49,app,pickup,completed
ORD-0085764,R-0195,2025-10-22,40.82,web,pickup,completed
ORD-0085765,R-0195,2025-10-24,22.91,web,delivery,completed
ORD-0085766,R-0195,2025-10-10,54.96,app,pickup,completed
ORD-0085767,R-0195,2025-10-05,40.67,app,delivery,COMPLETED
ORD-0085768,R-0195,2025-10-03,31.15,app,pickup,completed
ORD-0085769,R-0195,2025-10-07,17.07,web,pickup,COMPLETED
ORD-0085770,R-0195,2025-10-22,30.00,app,pickup,Cancelled
ORD-0085771,R-0195,2025-10-03,40.56,app,delivery,completed
ORD-0085772,R-0195,2025-10-02,22.68,web,delivery,completed
ORD-0085773,R-0195,2025-10-30,24.69,app,pickup,completed
ORD-0085774,R-0195,2025-10-12,34.53,app,pickup,completed
ORD-0085775,R-0195,2025-10-23,41.14,app,pickup,completed
ORD-0085776,R-0195,2025-10-01,42.32,web,pickup,completed
ORD-0085777,R-0195,2025-10-17,26.52,web,pickup,completed
ORD-0085778,R-0195,2025-10-07,40.04,web,pickup,completed
ORD-0085779,R-0195,2025-10-16,23.21,app,pickup,completed
ORD-0085780,R-0195,2025-10-09,46.68,app,delivery,completed
ORD-0085781,R-0195,2025-10-24,19.57,app,pickup,COMPLETED
ORD-0085782,R-0195,2025-10-24,24.93,app,pickup,completed
ORD-0085783,R-0195,2025-10-02,23.59,app,pickup,completed
ORD-0085784,R-0195,2025-10-31,36.57,web,delivery,cancelled
ORD-0085785,R-0195,2025-10-26,19.92,web,pickup,completed
ORD-0085786,R-0195,2025-10-06,59.93,app,pickup,completed
ORD-0085787,R-0195,2025-10-25,78.29,app,pickup,completed
ORD-0085788,R-0195,2025-10-28,46.13,app,pickup,CANCELLED
ORD-0085789,R-0195,2025-10-17,47.21,web,delivery,completed
ORD-0085790,R-0195,2025-10-04,26.48,app,delivery,completed
ORD-0085791,R-0195,2025-10-05,43.80,app,pickup,completed
ORD-0085792,R-0195,2025-10-29,27.81,app,delivery,completed
ORD-0085793,R-0195,2025-10-18,20.28,app,delivery,completed
ORD-0085794,R-0195,2025-10-28,15.89,app,pickup,completed
ORD-0085795,R-0195,2025-10-31,72.52,app,pickup,completed
ORD-0085796,R-0195,2025-10-21,19.09,web,pickup,completed
ORD-0085797,R-0195,2025-10-27,69.82,app,pickup,completed
ORD-0085798,R-0195,2025-10-07,82.88,app,pickup,COMPLETED
ORD-0085799,R-0195,2025-10-10,13.59,app,pickup,completed
ORD-0085800,R-0195,2025-10-12,15.54,web,delivery,completed
ORD-0085801,R-0195,2025-10-05,29.30,web,pickup,COMPLETED
ORD-0085802,R-0195,2025-10-16,33.58,web,delivery,completed
ORD-0085803,R-0195,2025-10-06,40.78,web,pickup,completed
ORD-0085804,R-0195,2025-10-25,23.52,app,delivery,completed
ORD-0085805,R-0195,2025-10-18,46.18,web,pickup,cancelled
ORD-0085806,R-0195,2025-10-24,37.10,app,delivery,completed
ORD-0085807,R-0195,2025-10-08,47.04,web,pickup,completed
ORD-0085808,R-0195,2025-10-19,40.26,web,pickup,completed
ORD-0085809,R-0195,2025-10-01,28.18,web,pickup,completed
ORD-0085810,R-0195,2025-10-10,57.84,app,pickup,completed
ORD-0085811,R-0195,2025-10-23,17.68,app,delivery,COMPLETED
ORD-0085812,R-0195,2025-10-24,34.40,web,delivery,completed
ORD-0085813,R-0195,2025-10-31,19.39,web,delivery,completed
ORD-0085814,R-0195,2025-10-11,29.48,web,pickup,completed
ORD-0085815,R-0195,2025-10-31,24.75,app,delivery,completed
ORD-0086869,R-0200,2025-10-28,18.64,web,delivery,completed
ORD-0086870,R-0200,2025-10-11,43.85,app,delivery,completed
ORD-0086871,R-0200,2025-10-04,33.09,app,pickup,completed
ORD-0086872,R-0200,2025-10-24,29.06,app,pickup,completed
ORD-0086873,R-0200,2025-10-31,29.22,web,pickup,completed
ORD-0086874,R-0200,2025-10-21,39.54,app,delivery,completed
ORD-0086875,R-0200,2025-10-23,26.03,app,pickup,completed
ORD-0086876,R-0200,2025-10-12,70.83,app,pickup,completed
ORD-0086877,R-0200,2025-10-28,17.84,app,pickup,completed
ORD-0086878,R-0200,2025-10-27,17.58,web,pickup,completed
ORD-0086879,R-0200,2025-10-28,23.88,app,delivery,completed
ORD-0086880,R-0200,2025-10-10,36.19,app,delivery,COMPLETED
ORD-0086881,R-0200,2025-10-28,24.00,app,delivery,completed
ORD-0086882,R-0200,2025-10-18,25.98,web,delivery,completed
ORD-0086883,R-0200,2025-10-19,32.83,web,pickup,cancelled
ORD-0086884,R-0200,2025-10-11,21.49,web,pickup,completed
ORD-0086885,R-0200,2025-10-04,28.80,web,pickup,completed
ORD-0086886,R-0200,2025-10-06,35.55,app,pickup,completed
ORD-0086887,R-0200,2025-10-16,30.04,app,delivery,completed
ORD-0086888,R-0200,2025-10-02,16.86,app,delivery,completed
ORD-0086889,R-0200,2025-10-06,22.42,app,pickup,completed
ORD-0086890,R-0200,2025-10-28,33.59,app,pickup,cancelled
ORD-0086891,R-0200,2025-10-11,15.63,web,delivery,completed
ORD-0086892,R-0200,2025-10-16,30.68,app,delivery,COMPLETED
ORD-0086893,R-0200,2025-10-18,32.61,app,delivery,COMPLETED
ORD-0086894,R-0200,2025-10-21,21.89,app,delivery,completed
ORD-0086895,R-0200,2025-10-24,23.33,web,pickup,completed
ORD-0086896,R-0200,2025-10-18,21.51,web,delivery,COMPLETED
ORD-0086897,R-0200,2025-10-09,20.73,web,pickup,completed
ORD-0086898,R-0200,2025-10-23,20.83,app,pickup,completed
ORD-0086899,R-0200,2025-10-10,27.37,app,delivery,completed
ORD-0086900,R-0200,2025-10-29,28.18,web,delivery,completed
ORD-0086901,R-0200,2025-10-02,25.87,app,pickup,completed
ORD-0086902,R-0200,2025-10-29,20.21,app,delivery,completed
ORD-0086903,R-0200,2025-10-19,29.08,web,pickup,COMPLETED
ORD-0086904,R-0200,2025-10-13,28.89,web,delivery,completed
ORD-0086905,R-0200,2025-10-10,31.19,app,pickup,completed
ORD-0086906,R-0200,2025-10-20,18.91,app,pickup,completed
ORD-0086907,R-0200,2025-10-13,23.16,app,delivery,completed
ORD-0086908,R-0200,2025-10-04,33.48,app,pickup,Completed
ORD-0086909,R-0200,2025-10-01,32.51,web,pickup,completed
ORD-0086910,R-0200,2025-10-02,23.62,web,delivery,completed
ORD-0086911,R-0200,2025-10-03,30.80,app,delivery,completed
ORD-0086912,R-0200,2025-10-31,33.27,app,pickup,completed
ORD-0086913,R-0200,2025-10-20,30.57,app,pickup,completed
ORD-0086914,R-0200,2025-10-22,14.95,app,delivery,Completed
ORD-0086915,R-0200,2025-10-16,19.78,web,delivery,completed
ORD-0086916,R-0200,2025-10-30,32.77,app,pickup,completed
ORD-0086917,R-0200,2025-10-02,30.03,app,delivery,Completed
ORD-0086918,R-0200,2025-10-06,17.84,web,pickup,completed
ORD-0086919,R-0200,2025-10-03,30.28,web,pickup,COMPLETED
ORD-0086920,R-0200,2025-10-02,31.85,web,delivery,completed
ORD-0086921,R-0200,2025-10-25,20.09,app,pickup,COMPLETED
ORD-0086922,R-0200,2025-10-11,22.82,app,pickup,completed
ORD-0086923,R-0200,2025-10-03,27.08,app,pickup,completed
ORD-0086924,R-0200,2025-10-05,29.28,web,pickup,completed
ORD-0086925,R-0200,2025-10-07,24.56,app,pickup,COMPLETED
ORD-0086926,R-0200,2025-10-17,35.68,app,pickup,completed
ORD-0086927,R-0200,2025-10-06,34.79,app,pickup,completed
ORD-0086928,R-0200,2025-10-14,21.04,app,pickup,completed
ORD-0086929,R-0200,2025-10-13,29.05,app,delivery,completed
ORD-0086930,R-0200,2025-10-18,44.43,app,pickup,cancelled
ORD-0086931,R-0200,2025-10-09,17.95,web,delivery,completed
ORD-0086932,R-0200,2025-10-26,40.71,web,pickup,completed
ORD-0086933,R-0200,2025-10-12,35.12,web,delivery,cancelled
ORD-0086934,R-0200,2025-10-30,20.05,app,delivery,completed
ORD-0086935,R-0200,2025-10-30,47.97,app,delivery,COMPLETED
ORD-0086936,R-0200,2025-10-04,27.85,app,pickup,completed
ORD-0086937,R-0200,2025-10-04,32.16,web,pickup,cancelled
ORD-0088003,R-0202,2025-10-28,47.94,web,pickup,completed
ORD-0088004,R-0202,2025-10-01,21.13,app,pickup,completed
ORD-0088005,R-0202,2025-10-09,21.98,app,delivery,completed
ORD-0088006,R-0202,2025-10-11,29.60,web,delivery,completed
ORD-0088007,R-0202,2025-10-02,18.29,web,delivery,completed
ORD-0088008,R-0202,2025-10-17,27.22,web,delivery,completed
ORD-0088009,R-0202,2025-10-08,28.69,web,delivery,completed
ORD-0088010,R-0202,2025-10-01,30.59,web,delivery,Completed
ORD-0088011,R-0202,2025-10-18,23.17,web,delivery,completed
ORD-0088012,R-0202,2025-10-17,28.35,web,pickup,completed
ORD-0088013,R-0202,2025-10-26,32.48,web,pickup,completed
ORD-0088014,R-0202,2025-10-31,30.23,web,delivery,completed
ORD-0088015,R-0202,2025-10-31,29.20,web,delivery,completed
ORD-0088016,R-0202,2025-10-29,17.63,app,pickup,completed
ORD-0088017,R-0202,2025-10-08,19.97,web,pickup,COMPLETED
ORD-0088018,R-0202,2025-10-06,27.86,app,pickup,completed
ORD-0088019,R-0202,2025-10-25,16.99,app,pickup,completed
ORD-0088020,R-0202,2025-10-25,24.12,web,pickup,completed
ORD-0088021,R-0202,2025-10-12,28.13,app,pickup,completed
ORD-0088022,R-0202,2025-10-19,26.45,web,pickup,cancelled
ORD-0088023,R-0202,2025-10-04,26.89,app,pickup,completed
ORD-0088024,R-0202,2025-10-25,39.80,web,pickup,completed
ORD-0088025,R-0202,2025-10-30,25.40,web,delivery,completed
ORD-0088026,R-0202,2025-10-03,40.96,app,delivery,completed
ORD-0088027,R-0202,2025-10-10,21.31,app,delivery,completed
ORD-0088028,R-0202,2025-10-03,33.96,app,pickup,completed
ORD-0088029,R-0202,2025-10-16,24.99,web,delivery,completed
ORD-0088030,R-0202,2025-10-29,15.91,app,delivery,REFUNDED
ORD-0088031,R-0202,2025-10-23,24.41,app,delivery,COMPLETED
ORD-0088032,R-0202,2025-10-15,25.32,app,delivery,completed
ORD-0088033,R-0202,2025-10-07,26.85,app,delivery,Completed
ORD-0088034,R-0202,2025-10-28,25.10,web,delivery,completed
ORD-0088035,R-0202,2025-10-20,23.26,web,delivery,Completed
ORD-0088036,R-0202,2025-10-07,17.84,app,delivery,completed
ORD-0088037,R-0202,2025-10-14,60.18,app,delivery,completed
ORD-0088038,R-0202,2025-10-03,36.17,web,pickup,completed
ORD-0088039,R-0202,2025-10-25,34.50,app,delivery,completed
ORD-0088040,R-0202,2025-10-08,37.84,web,delivery,completed
ORD-0088041,R-0202,2025-10-02,22.80,web,delivery,completed
ORD-0088042,R-0202,2025-10-23,30.51,app,pickup,completed
ORD-0088043,R-0202,2025-10-16,30.71,app,delivery,completed
ORD-0088044,R-0202,2025-10-18,32.96,web,delivery,completed
ORD-0088045,R-0202,2025-10-21,37.47,web,pickup,completed
ORD-0088046,R-0202,2025-10-25,30.74,web,delivery,completed
ORD-0088047,R-0202,2025-10-09,18.59,web,pickup,completed
ORD-0088048,R-0202,2025-10-16,24.06,web,delivery,completed
ORD-0088049,R-0202,2025-10-29,31.28,web,delivery,completed
ORD-0088050,R-0202,2025-10-12,25.80,app,pickup,Completed
ORD-0088051,R-0202,2025-10-15,21.38,web,delivery,completed
ORD-0088052,R-0202,2025-10-17,21.48,web,delivery,completed
ORD-0088053,R-0202,2025-10-10,28.13,app,delivery,completed
ORD-0088054,R-0202,2025-10-10,30.88,web,delivery,completed
ORD-0088055,R-0202,2025-10-23,24.76,web,pickup,completed
ORD-0088056,R-0202,2025-10-19,26.37,web,pickup,completed
ORD-0088057,R-0202,2025-10-06,18.33,web,pickup,completed
ORD-0088058,R-0202,2025-10-31,23.31,web,pickup,completed
ORD-0088059,R-0202,2025-10-10,28.19,app,pickup,completed
ORD-0088060,R-0202,2025-10-27,34.54,web,delivery,COMPLETED
ORD-0088061,R-0202,2025-10-23,21.77,app,delivery,completed
ORD-0088062,R-0202,2025-10-29,31.84,web,pickup,completed
ORD-0088063,R-0202,2025-10-18,40.21,web,delivery,completed
ORD-0088064,R-0202,2025-10-19,27.78,app,delivery,completed
ORD-0088065,R-0202,2025-10-29,37.51,web,pickup,completed
ORD-0088066,R-0202,2025-10-14,24.56,app,pickup,completed
ORD-0088067,R-0202,2025-10-06,33.15,app,delivery,Completed
ORD-0088068,R-0202,2025-10-08,29.89,app,delivery,COMPLETED
ORD-0088984,R-0204,2025-10-13,31.13,web,pickup,completed
ORD-0088985,R-0204,2025-10-30,32.76,app,delivery,completed
ORD-0088986,R-0204,2025-10-11,42.22,app,delivery,completed
ORD-0088987,R-0204,2025-10-28,29.52,web,pickup,completed
ORD-0088988,R-0204,2025-10-17,18.51,app,delivery,completed
ORD-0088989,R-0204,2025-10-06,21.04,app,delivery,completed
ORD-0088990,R-0204,2025-10-10,31.88,web,delivery,COMPLETED
ORD-0088991,R-0204,2025-10-28,20.41,app,delivery,COMPLETED
ORD-0088992,R-0204,2025-10-07,13.57,app,delivery,completed
ORD-0088993,R-0204,2025-10-25,43.10,web,delivery,completed
ORD-0088994,R-0204,2025-10-10,17.07,app,delivery,completed
ORD-0088995,R-0204,2025-10-19,49.67,app,delivery,COMPLETED
ORD-0088996,R-0204,2025-10-16,16.14,app,delivery,completed
ORD-0088997,R-0204,2025-10-24,24.76,app,delivery,COMPLETED
ORD-0088998,R-0204,2025-10-10,22.74,web,delivery,completed
ORD-0088999,R-0204,2025-10-29,21.52,app,pickup,completed
ORD-0089000,R-0204,2025-10-14,24.23,web,delivery,completed
ORD-0089001,R-0204,2025-10-24,29.18,app,delivery,completed
ORD-0089002,R-0204,2025-10-09,40.00,app,delivery,completed
ORD-0089003,R-0204,2025-10-08,51.74,web,pickup,completed
ORD-0089004,R-0204,2025-10-05,31.90,app,delivery,completed
ORD-0089005,R-0204,2025-10-30,19.75,app,pickup,Completed
ORD-0089006,R-0204,2025-10-22,24.28,web,pickup,completed
ORD-0089007,R-0204,2025-10-07,25.79,app,delivery,completed
ORD-0089008,R-0204,2025-10-25,25.42,app,delivery,completed
ORD-0089009,R-0204,2025-10-13,31.76,app,delivery,completed
ORD-0089010,R-0204,2025-10-19,31.11,app,delivery,completed
ORD-0089011,R-0204,2025-10-25,29.02,app,delivery,completed
ORD-0089012,R-0204,2025-10-26,25.98,app,pickup,completed
ORD-0089013,R-0204,2025-10-07,26.91,app,delivery,completed
ORD-0089014,R-0204,2025-10-09,18.72,web,delivery,completed
ORD-0089015,R-0204,2025-10-29,28.13,app,delivery,completed
ORD-0089016,R-0204,2025-10-24,26.16,app,delivery,completed
ORD-0089017,R-0204,2025-10-23,29.21,app,pickup,completed
ORD-0089018,R-0204,2025-10-12,24.27,app,delivery,completed
ORD-0089019,R-0204,2025-10-25,42.88,app,delivery,completed
ORD-0089020,R-0204,2025-10-18,25.71,web,delivery,completed
ORD-0089021,R-0204,2025-10-13,28.61,app,pickup,COMPLETED
ORD-0089022,R-0204,2025-10-15,44.77,app,delivery,completed
ORD-0089023,R-0204,2025-10-28,39.30,app,pickup,completed
ORD-0089024,R-0204,2025-10-25,36.51,app,pickup,completed
ORD-0089025,R-0204,2025-10-04,23.24,app,delivery,completed
ORD-0089026,R-0204,2025-10-03,26.59,app,delivery,completed
ORD-0089027,R-0204,2025-10-02,32.38,app,delivery,completed
ORD-0089028,R-0204,2025-10-11,58.57,web,delivery,completed
ORD-0089029,R-0204,2025-10-26,31.29,app,delivery,completed
ORD-0089030,R-0204,2025-10-05,24.13,app,pickup,completed
ORD-0089031,R-0204,2025-10-19,20.29,app,delivery,completed
ORD-0089032,R-0204,2025-10-19,24.65,app,pickup,completed
ORD-0089033,R-0204,2025-10-25,21.26,app,delivery,completed
ORD-0089034,R-0204,2025-10-08,24.19,app,delivery,COMPLETED
ORD-0089035,R-0204,2025-10-10,43.28,app,delivery,completed
ORD-0089036,R-0204,2025-10-03,35.98,app,delivery,COMPLETED
ORD-0089037,R-0204,2025-10-02,14.41,web,delivery,completed
ORD-0089038,R-0204,2025-10-06,14.65,app,delivery,completed
ORD-0089039,R-0204,2025-10-06,19.26,app,delivery,completed
ORD-0089040,R-0204,2025-10-17,19.66,app,delivery,completed
ORD-0089041,R-0204,2025-10-03,22.06,web,delivery,completed
ORD-0089042,R-0204,2025-10-03,19.11,app,delivery,completed
ORD-0089043,R-0204,2025-10-11,20.27,app,delivery,completed
ORD-0089044,R-0204,2025-10-04,31.16,app,pickup,completed
ORD-0089045,R-0204,2025-10-16,15.21,app,delivery,completed
ORD-0089046,R-0204,2025-10-10,57.09,app,pickup,completed
ORD-0089047,R-0204,2025-10-12,40.00,app,delivery,completed
ORD-0089048,R-0204,2025-10-31,23.08,app,pickup,completed
ORD-0089049,R-0204,2025-10-13,24.87,web,delivery,completed
ORD-0089050,R-0204,2025-10-26,18.45,app,delivery,completed
ORD-0089051,R-0204,2025-10-17,40.78,app,delivery,completed
ORD-0089052,R-0204,2025-10-11,38.89,app,delivery,completed
ORD-0089053,R-0204,2025-10-18,32.36,app,pickup,completed
ORD-0089054,R-0204,2025-10-04,33.69,app,pickup,COMPLETED
ORD-0089055,R-0204,2025-10-29,28.55,app,delivery,completed
ORD-0089056,R-0204,2025-10-02,32.91,app,pickup,completed
ORD-0089057,R-0204,2025-10-31,35.25,app,delivery,completed
ORD-0089058,R-0204,2025-10-28,20.24,web,delivery,completed
ORD-0089059,R-0204,2025-10-24,30.09,app,delivery,completed
ORD-0089060,R-0204,2025-10-07,17.72,app,delivery,completed
ORD-0089061,R-0204,2025-10-02,32.58,web,delivery,Completed
ORD-0089062,R-0204,2025-10-16,29.39,app,pickup,completed
ORD-0089063,R-0204,2025-10-22,36.69,app,delivery,completed
ORD-0089064,R-0204,2025-10-16,15.75,app,pickup,completed
ORD-0089065,R-0204,2025-10-10,29.15,web,delivery,completed
ORD-0089066,R-0204,2025-10-05,25.78,app,delivery,completed
ORD-0089067,R-0204,2025-10-19,36.50,app,delivery,completed
ORD-0089068,R-0204,2025-10-17,44.61,app,delivery,completed
ORD-0089069,R-0204,2025-10-31,19.14,app,delivery,completed
ORD-0089070,R-0204,2025-10-27,40.94,web,delivery,completed
ORD-0089071,R-0204,2025-10-23,22.11,app,pickup,Completed
ORD-0089072,R-0204,2025-10-31,37.51,app,pickup,completed
ORD-0089073,R-0204,2025-10-24,25.49,app,pickup,completed
ORD-0089074,R-0204,2025-10-03,38.92,web,delivery,completed
ORD-0089075,R-0204,2025-10-18,33.22,web,delivery,Completed
ORD-0089076,R-0204,2025-10-24,42.47,app,delivery,completed
ORD-0089077,R-0204,2025-10-03,26.88,web,delivery,completed
ORD-0089078,R-0204,2025-10-24,40.43,app,delivery,completed
ORD-0089079,R-0204,2025-10-19,12.48,app,pickup,completed
ORD-0089080,R-0204,2025-10-25,33.30,web,pickup,COMPLETED
ORD-0089081,R-0204,2025-10-22,23.49,app,pickup,completed
ORD-0089082,R-0204,2025-10-23,24.32,app,pickup,completed
ORD-0089083,R-0204,2025-10-08,23.78,app,pickup,completed
ORD-0089084,R-0204,2025-10-11,29.01,app,delivery,completed
ORD-0089085,R-0204,2025-10-05,15.02,app,pickup,completed
ORD-0089086,R-0204,2025-10-27,15.69,app,delivery,completed
ORD-0089087,R-0204,2025-10-20,38.69,app,pickup,completed
ORD-0089088,R-0204,2025-10-02,27.87,web,delivery,completed
ORD-0089089,R-0204,2025-10-10,23.57,web,pickup,Completed
ORD-0089090,R-0204,2025-10-30,23.15,app,pickup,completed
ORD-0089091,R-0204,2025-10-24,30.24,web,delivery,cancelled
ORD-0089092,R-0204,2025-10-27,16.80,app,pickup,completed
ORD-0089093,R-0204,2025-10-03,31.92,web,delivery,completed
ORD-0089094,R-0204,2025-10-11,33.28,app,delivery,COMPLETED
ORD-0089095,R-0204,2025-10-19,19.30,app,delivery,completed
ORD-0089096,R-0204,2025-10-31,36.18,web,delivery,completed
ORD-0089097,R-0204,2025-10-11,31.59,app,delivery,cancelled
ORD-0089098,R-0204,2025-10-10,34.48,app,pickup,completed
ORD-0089099,R-0204,2025-10-20,13.81,app,delivery,completed
ORD-0089100,R-0204,2025-10-15,24.64,app,delivery,completed
ORD-0089101,R-0204,2025-10-09,31.25,web,delivery,completed
ORD-0089102,R-0204,2025-10-10,40.00,app,delivery,completed
ORD-0089103,R-0204,2025-10-13,23.60,app,delivery,completed
ORD-0089104,R-0204,2025-10-27,47.62,app,delivery,completed
ORD-0089105,R-0204,2025-10-26,37.03,app,pickup,completed
ORD-0089106,R-0204,2025-10-31,51.65,web,delivery,completed
ORD-0089107,R-0204,2025-10-16,34.47,app,delivery,Completed
ORD-0089108,R-0204,2025-10-26,42.04,app,delivery,completed
ORD-0089109,R-0204,2025-10-31,45.97,app,delivery,completed
ORD-0089110,R-0204,2025-10-17,18.93,app,delivery,completed
ORD-0089111,R-0204,2025-10-07,17.19,app,pickup,completed
ORD-0089112,R-0204,2025-10-07,22.01,web,pickup,completed
ORD-0089113,R-0204,2025-10-03,27.29,app,delivery,completed
ORD-0089114,R-0204,2025-10-23,23.84,app,pickup,completed
ORD-0089115,R-0204,2025-10-03,36.69,app,pickup,completed
ORD-0089116,R-0204,2025-10-30,35.60,app,pickup,completed
ORD-0089117,R-0204,2025-10-04,26.86,app,delivery,completed
ORD-0089118,R-0204,2025-10-02,25.70,app,delivery,completed
ORD-0089119,R-0204,2025-10-18,42.88,web,delivery,completed
ORD-0089120,R-0204,2025-10-05,38.38,app,delivery,completed
ORD-0089121,R-0204,2025-10-19,31.74,app,delivery,Completed
ORD-0089122,R-0204,2025-10-18,38.05,web,pickup,completed
ORD-0089123,R-0204,2025-10-13,13.18,web,delivery,cancelled
ORD-0089124,R-0204,2025-10-22,36.79,app,delivery,completed
ORD-0089125,R-0204,2025-10-07,16.76,web,delivery,Completed
ORD-0089126,R-0204,2025-10-22,21.39,app,pickup,completed
ORD-0089127,R-0204,2025-10-05,28.93,app,pickup,completed
ORD-0089128,R-0204,2025-10-16,15.85,web,pickup,completed
ORD-0089129,R-0204,2025-10-30,27.96,app,delivery,completed
ORD-0089130,R-0204,2025-10-24,21.07,app,pickup,completed
ORD-0089131,R-0204,2025-10-11,32.43,app,delivery,completed
ORD-0089132,R-0204,2025-10-12,27.98,app,pickup,completed
ORD-0089133,R-0204,2025-10-18,20.72,app,pickup,completed
ORD-0089134,R-0204,2025-10-22,25.10,web,delivery,completed
ORD-0089135,R-0204,2025-10-31,40.58,app,pickup,completed
ORD-0089136,R-0204,2025-10-09,27.84,app,pickup,COMPLETED
ORD-0089137,R-0204,2025-10-26,31.42,app,pickup,Completed
ORD-0089138,R-0204,2025-10-26,25.92,app,delivery,completed
ORD-0089139,R-0204,2025-10-01,30.44,app,delivery,completed
ORD-0089140,R-0204,2025-10-17,36.63,app,delivery,completed
ORD-0089141,R-0204,2025-10-01,25.36,app,delivery,Completed
ORD-0089142,R-0204,2025-10-04,22.24,app,delivery,completed
ORD-0089143,R-0204,2025-10-25,24.17,app,pickup,completed
ORD-0089144,R-0204,2025-10-09,27.24,app,delivery,completed
ORD-0089145,R-0204,2025-10-13,40.42,app,pickup,completed
ORD-0089146,R-0204,2025-10-03,20.67,app,pickup,cancelled
ORD-0089147,R-0204,2025-10-24,23.91,app,delivery,completed
ORD-0089148,R-0204,2025-10-14,18.93,app,delivery,cancelled
ORD-0089149,R-0204,2025-10-07,21.94,app,delivery,completed
ORD-0089150,R-0204,2025-10-24,43.79,web,delivery,completed
ORD-0089151,R-0204,2025-10-07,32.46,app,delivery,COMPLETED
ORD-0089152,R-0204,2025-10-05,28.14,web,pickup,COMPLETED
ORD-0089153,R-0204,2025-10-16,20.17,web,pickup,completed
ORD-0089154,R-0204,2025-10-09,17.31,web,delivery,COMPLETED
ORD-0089155,R-0204,2025-10-04,22.56,web,pickup,completed
ORD-0089156,R-0204,2025-10-19,26.88,app,delivery,completed
ORD-0089157,R-0204,2025-10-16,48.42,app,pickup,completed
ORD-0089158,R-0204,2025-10-17,19.54,app,pickup,completed
ORD-0089159,R-0204,2025-10-17,28.21,app,pickup,completed
ORD-0089160,R-0204,2025-10-24,44.04,app,delivery,completed
ORD-0089161,R-0204,2025-10-14,22.18,web,delivery,completed
ORD-0089162,R-0204,2025-10-07,43.69,web,delivery,completed
ORD-0089163,R-0204,2025-10-25,35.53,web,delivery,completed
ORD-0089164,R-0204,2025-10-15,29.64,app,pickup,CANCELLED
ORD-0089165,R-0204,2025-10-11,39.28,app,delivery,COMPLETED
ORD-0089166,R-0204,2025-10-26,31.30,web,delivery,completed
ORD-0089167,R-0204,2025-10-17,34.19,app,delivery,completed
ORD-0089168,R-0204,2025-10-31,15.03,app,pickup,completed
ORD-0089169,R-0204,2025-10-09,21.13,app,pickup,completed
ORD-0089170,R-0204,2025-10-02,34.38,web,delivery,completed
ORD-0089171,R-0204,2025-10-30,23.78,web,delivery,completed
ORD-0089172,R-0204,2025-10-08,29.29,app,delivery,Completed
ORD-0089173,R-0204,2025-10-03,15.42,app,delivery,completed
ORD-0091178,R-0207,2025-10-14,59.38,app,pickup,completed
ORD-0091179,R-0207,2025-10-04,54.99,web,pickup,completed
ORD-0091180,R-0207,2025-10-04,80.39,web,pickup,completed
ORD-0091181,R-0207,2025-10-19,51.94,app,pickup,completed
ORD-0091182,R-0207,2025-10-28,54.79,app,pickup,completed
ORD-0091183,R-0207,2025-10-10,34.85,app,delivery,completed
ORD-0091184,R-0207,2025-10-20,72.38,app,delivery,completed
ORD-0091185,R-0207,2025-10-05,92.00,web,delivery,cancelled
ORD-0091186,R-0207,2025-10-10,46.22,app,pickup,completed
ORD-0091187,R-0207,2025-10-25,54.43,app,delivery,completed
ORD-0091188,R-0207,2025-10-31,54.99,app,delivery,completed
ORD-0091189,R-0207,2025-10-04,36.39,web,delivery,completed
ORD-0091190,R-0207,2025-10-20,91.73,app,pickup,completed
ORD-0091191,R-0207,2025-10-11,85.00,web,pickup,completed
ORD-0091192,R-0207,2025-10-24,39.21,web,delivery,completed
ORD-0091193,R-0207,2025-10-11,43.38,app,pickup,completed
ORD-0091194,R-0207,2025-10-13,81.39,web,delivery,completed
ORD-0091195,R-0207,2025-10-02,75.47,web,delivery,completed
ORD-0091196,R-0207,2025-10-24,106.89,app,pickup,COMPLETED
ORD-0091197,R-0207,2025-10-30,25.60,app,pickup,completed
ORD-0091198,R-0207,2025-10-11,35.39,app,pickup,completed
ORD-0091199,R-0207,2025-10-30,32.69,app,pickup,completed
ORD-0091435,R-0209,2025-10-10,23.80,web,delivery,completed
ORD-0091436,R-0209,2025-10-14,42.81,app,delivery,Completed
ORD-0091437,R-0209,2025-10-05,23.46,web,delivery,completed
ORD-0091438,R-0209,2025-10-05,25.49,app,pickup,completed
ORD-0091439,R-0209,2025-10-03,21.16,web,delivery,completed
ORD-0091440,R-0209,2025-10-23,17.81,app,delivery,Completed
ORD-0091441,R-0209,2025-10-09,32.55,app,delivery,completed
ORD-0091442,R-0209,2025-10-18,24.76,web,delivery,completed
ORD-0091443,R-0209,2025-10-13,27.89,web,delivery,completed
ORD-0091444,R-0209,2025-10-15,12.77,web,delivery,completed
ORD-0091445,R-0209,2025-10-15,25.41,web,delivery,completed
ORD-0091446,R-0209,2025-10-27,16.71,app,delivery,completed
ORD-0091447,R-0209,2025-10-10,35.06,web,delivery,completed
ORD-0091448,R-0209,2025-10-04,24.42,web,pickup,completed
ORD-0091449,R-0209,2025-10-10,18.48,app,pickup,COMPLETED
ORD-0091450,R-0209,2025-10-25,24.80,app,delivery,completed
ORD-0091451,R-0209,2025-10-18,18.39,web,delivery,completed
ORD-0091452,R-0209,2025-10-18,37.59,app,delivery,completed
ORD-0091453,R-0209,2025-10-19,13.59,app,pickup,completed
ORD-0091454,R-0209,2025-10-11,26.63,app,delivery,completed
ORD-0091808,R-0210,2025-10-13,62.58,app,pickup,cancelled
ORD-0091809,R-0210,2025-10-26,64.89,app,pickup,completed
ORD-0091810,R-0210,2025-10-09,70.12,app,delivery,cancelled
ORD-0091811,R-0210,2025-10-25,60.96,web,delivery,completed
ORD-0091812,R-0210,2025-10-16,39.75,app,delivery,completed
ORD-0091813,R-0210,2025-10-24,82.38,app,delivery,completed
ORD-0091814,R-0210,2025-10-25,67.10,app,delivery,completed
ORD-0091815,R-0210,2025-10-27,48.42,web,delivery,completed
ORD-0091816,R-0210,2025-10-18,54.59,web,pickup,COMPLETED
ORD-0091817,R-0210,2025-10-30,39.73,web,delivery,completed
ORD-0091818,R-0210,2025-10-27,36.12,web,delivery,Completed
ORD-0091819,R-0210,2025-10-23,28.53,web,pickup,cancelled
ORD-0091820,R-0210,2025-10-20,61.33,web,delivery,completed
ORD-0091821,R-0210,2025-10-02,92.29,web,delivery,completed
ORD-0091822,R-0210,2025-10-17,61.31,app,pickup,completed
ORD-0091823,R-0210,2025-10-28,58.61,app,pickup,completed
ORD-0091824,R-0210,2025-10-14,47.77,web,pickup,completed
ORD-0091825,R-0210,2025-10-31,59.29,web,delivery,completed
ORD-0091826,R-0210,2025-10-04,37.73,app,delivery,completed
ORD-0091827,R-0210,2025-10-14,72.32,app,delivery,completed
ORD-0091828,R-0210,2025-10-31,109.46,web,pickup,completed
ORD-0091829,R-0210,2025-10-18,77.17,app,pickup,completed
ORD-0091830,R-0210,2025-10-23,56.77,app,delivery,completed
ORD-0091831,R-0210,2025-10-16,30.37,web,pickup,completed
ORD-0091832,R-0210,2025-10-03,74.78,web,delivery,completed
ORD-0091833,R-0210,2025-10-18,103.79,web,delivery,completed
ORD-0091834,R-0210,2025-10-31,64.65,app,delivery,completed
ORD-0091835,R-0210,2025-10-15,65.80,app,pickup,completed
ORD-0091836,R-0210,2025-10-11,80.05,app,pickup,completed
ORD-0091837,R-0210,2025-10-19,47.43,app,delivery,completed
ORD-0091838,R-0210,2025-10-23,55.63,web,delivery,Completed
ORD-0091839,R-0210,2025-10-16,77.24,app,delivery,completed
ORD-0091840,R-0210,2025-10-31,62.93,web,delivery,completed
ORD-0091841,R-0210,2025-10-25,112.77,web,delivery,completed
ORD-0091842,R-0210,2025-10-16,95.38,app,delivery,completed
ORD-0091843,R-0210,2025-10-22,44.99,app,pickup,completed
ORD-0091844,R-0210,2025-10-07,66.83,web,delivery,Completed
ORD-0091845,R-0210,2025-10-11,50.19,app,delivery,completed
ORD-0091846,R-0210,2025-10-02,31.63,app,delivery,completed
ORD-0091847,R-0210,2025-10-03,56.09,web,pickup,COMPLETED
ORD-0091848,R-0210,2025-10-15,59.25,web,delivery,completed
ORD-0091849,R-0210,2025-10-18,167.72,app,pickup,completed
ORD-0091850,R-0210,2025-10-17,32.22,web,pickup,cancelled
ORD-0091851,R-0210,2025-10-19,74.16,app,delivery,completed
ORD-0091852,R-0210,2025-10-09,33.92,app,delivery,completed
ORD-0091853,R-0210,2025-10-31,45.61,web,delivery,completed
ORD-0091854,R-0210,2025-10-09,73.84,web,delivery,completed
ORD-0091855,R-0210,2025-10-03,78.06,app,delivery,completed
ORD-0091856,R-0210,2025-10-02,76.32,web,delivery,COMPLETED
ORD-0091857,R-0210,2025-10-23,82.98,web,delivery,completed
ORD-0091858,R-0210,2025-10-03,53.47,app,delivery,Completed
ORD-0091859,R-0210,2025-10-12,43.34,web,delivery,completed
ORD-0091860,R-0210,2025-10-30,70.44,web,pickup,completed
ORD-0091861,R-0210,2025-10-07,52.51,web,delivery,completed
ORD-0091862,R-0210,2025-10-27,47.33,web,pickup,completed
ORD-0091863,R-0210,2025-10-04,111.76,app,pickup,completed
ORD-0091864,R-0210,2025-10-03,60.42,app,pickup,completed
ORD-0091865,R-0210,2025-10-30,64.18,web,pickup,completed
ORD-0091866,R-0210,2025-10-22,69.67,web,pickup,Completed
ORD-0091867,R-0210,2025-10-28,67.14,web,pickup,completed
ORD-0091868,R-0210,2025-10-05,52.14,web,pickup,completed
ORD-0091869,R-0210,2025-10-18,47.78,app,delivery,completed
ORD-0091870,R-0210,2025-10-17,31.04,web,delivery,COMPLETED
ORD-0091871,R-0210,2025-10-17,56.94,web,pickup,completed
ORD-0091872,R-0210,2025-10-13,34.64,web,delivery,completed
ORD-0091873,R-0210,2025-10-26,61.91,web,delivery,completed
ORD-0091874,R-0210,2025-10-10,42.75,web,pickup,completed
ORD-0091875,R-0210,2025-10-19,60.44,web,delivery,completed
ORD-0091876,R-0210,2025-10-29,46.37,web,delivery,completed
ORD-0091877,R-0210,2025-10-26,80.63,web,delivery,completed
ORD-0091878,R-0210,2025-10-01,66.64,web,delivery,completed
ORD-0091879,R-0210,2025-10-26,73.20,web,pickup,completed
ORD-0091880,R-0210,2025-10-04,41.41,web,delivery,completed
ORD-0091881,R-0210,2025-10-17,109.86,web,pickup,completed
ORD-0091882,R-0210,2025-10-04,67.22,web,pickup,completed
ORD-0091883,R-0210,2025-10-18,71.71,app,pickup,completed
ORD-0091884,R-0210,2025-10-27,53.23,web,delivery,completed
ORD-0091885,R-0210,2025-10-14,42.34,web,delivery,completed
ORD-0091886,R-0210,2025-10-19,72.48,web,delivery,completed
ORD-0091887,R-0210,2025-10-22,79.43,web,pickup,completed
ORD-0091888,R-0210,2025-10-17,38.91,web,delivery,completed
ORD-0091889,R-0210,2025-10-06,43.35,app,pickup,completed
ORD-0091890,R-0210,2025-10-11,100.61,web,pickup,completed
ORD-0091891,R-0210,2025-10-01,47.02,web,pickup,completed
ORD-0091892,R-0210,2025-10-04,40.10,web,delivery,completed
ORD-0091893,R-0210,2025-10-01,79.15,app,delivery,completed
ORD-0091894,R-0210,2025-10-31,67.21,web,pickup,cancelled
ORD-0091895,R-0210,2025-10-10,32.66,web,pickup,completed
ORD-0091896,R-0210,2025-10-16,45.53,app,pickup,completed
ORD-0091897,R-0210,2025-10-23,73.63,web,pickup,completed
ORD-0091898,R-0210,2025-10-31,57.78,web,pickup,completed
ORD-0091899,R-0210,2025-10-30,64.64,app,pickup,completed
ORD-0091900,R-0210,2025-10-27,66.09,web,delivery,completed
ORD-0091901,R-0210,2025-10-25,108.01,web,delivery,Completed
ORD-0091902,R-0210,2025-10-03,63.68,app,delivery,completed
ORD-0091903,R-0210,2025-10-14,44.18,app,delivery,completed
ORD-0091904,R-0210,2025-10-20,29.06,web,pickup,completed
ORD-0091905,R-0210,2025-10-25,104.98,web,delivery,completed
ORD-0091906,R-0210,2025-10-19,52.54,web,pickup,completed
ORD-0091907,R-0210,2025-10-11,60.93,web,delivery,completed
ORD-0091908,R-0210,2025-10-12,53.46,app,pickup,completed
ORD-0091909,R-0210,2025-10-04,119.98,web,delivery,COMPLETED
ORD-0091910,R-0210,2025-10-09,74.36,web,pickup,completed
ORD-0091911,R-0210,2025-10-11,35.48,web,delivery,completed
ORD-0091912,R-0210,2025-10-17,78.91,web,pickup,completed
ORD-0091913,R-0210,2025-10-11,50.94,app,pickup,completed
ORD-0091914,R-0210,2025-10-03,38.25,app,pickup,completed
ORD-0091915,R-0210,2025-10-26,72.04,app,delivery,completed
ORD-0091916,R-0210,2025-10-07,33.74,app,delivery,completed
ORD-0091917,R-0210,2025-10-23,35.86,web,delivery,completed
ORD-0091918,R-0210,2025-10-13,49.07,app,delivery,completed
ORD-0091919,R-0210,2025-10-23,95.99,app,pickup,cancelled
ORD-0091920,R-0210,2025-10-21,38.79,web,pickup,completed
ORD-0091921,R-0210,2025-10-22,29.72,web,delivery,Completed
ORD-0091922,R-0210,2025-10-03,45.02,web,pickup,completed
ORD-0091923,R-0210,2025-10-18,54.10,app,delivery,completed
ORD-0091924,R-0210,2025-10-05,99.25,web,delivery,completed
ORD-0091925,R-0210,2025-10-03,60.29,app,pickup,completed
ORD-0091926,R-0210,2025-10-24,91.36,web,delivery,completed
ORD-0091927,R-0210,2025-10-19,71.08,web,delivery,completed
ORD-0091928,R-0210,2025-10-25,66.31,web,delivery,completed
ORD-0091929,R-0210,2025-10-25,84.61,web,pickup,COMPLETED
ORD-0091930,R-0210,2025-10-28,58.54,app,delivery,completed
ORD-0091931,R-0210,2025-10-17,87.65,web,pickup,completed
ORD-0091932,R-0210,2025-10-23,62.91,app,delivery,Completed
ORD-0091933,R-0210,2025-10-11,37.41,app,delivery,completed
ORD-0091934,R-0210,2025-10-09,69.51,web,pickup,completed
ORD-0091935,R-0210,2025-10-20,44.70,app,pickup,completed
ORD-0091936,R-0210,2025-10-19,66.69,app,delivery,completed
ORD-0091937,R-0210,2025-10-03,64.84,web,delivery,completed
ORD-0091938,R-0210,2025-10-05,102.55,app,delivery,completed
ORD-0091939,R-0210,2025-10-17,75.50,app,delivery,completed
ORD-0091940,R-0210,2025-10-11,72.63,web,pickup,completed
ORD-0091941,R-0210,2025-10-31,49.78,web,delivery,completed
ORD-0091942,R-0210,2025-10-06,39.28,web,delivery,completed
ORD-0091943,R-0210,2025-10-04,86.55,web,delivery,completed
ORD-0091944,R-0210,2025-10-19,94.38,web,pickup,COMPLETED
ORD-0091945,R-0210,2025-10-02,39.96,web,delivery,completed
ORD-0091946,R-0210,2025-10-31,116.37,app,pickup,completed
ORD-0091947,R-0210,2025-10-26,62.93,app,pickup,completed
ORD-0091948,R-0210,2025-10-29,24.05,web,delivery,completed
ORD-0091949,R-0210,2025-10-11,84.52,web,delivery,completed
ORD-0091950,R-0210,2025-10-20,63.97,web,pickup,cancelled
ORD-0091951,R-0210,2025-10-08,60.34,app,pickup,completed
ORD-0091952,R-0210,2025-10-25,123.96,app,delivery,completed
ORD-0091953,R-0210,2025-10-11,94.22,app,pickup,completed
ORD-0091954,R-0210,2025-10-13,39.20,app,pickup,completed
ORD-0091955,R-0210,2025-10-10,80.18,app,delivery,completed
ORD-0091956,R-0210,2025-10-13,51.77,app,delivery,completed
ORD-0091957,R-0210,2025-10-04,96.39,app,delivery,completed
ORD-0091958,R-0210,2025-10-17,83.16,web,delivery,completed
ORD-0091959,R-0210,2025-10-16,56.90,web,delivery,completed
ORD-0091960,R-0210,2025-10-08,48.36,web,pickup,completed
ORD-0091961,R-0210,2025-10-04,97.60,web,delivery,Completed
ORD-0091962,R-0210,2025-10-24,58.81,app,pickup,completed
ORD-0091963,R-0210,2025-10-18,117.37,web,pickup,completed
ORD-0091964,R-0210,2025-10-30,46.58,web,delivery,completed
ORD-0091965,R-0210,2025-10-29,52.61,web,delivery,completed
ORD-0091966,R-0210,2025-10-10,58.10,web,pickup,completed
ORD-0091967,R-0210,2025-10-28,47.79,web,delivery,completed
ORD-0091968,R-0210,2025-10-04,60.27,web,pickup,completed
ORD-0091969,R-0210,2025-10-18,119.87,web,pickup,completed
ORD-0091970,R-0210,2025-10-04,38.77,app,delivery,completed
ORD-0091971,R-0210,2025-10-27,40.37,web,delivery,completed
ORD-0091972,R-0210,2025-10-11,101.20,web,pickup,completed
ORD-0091973,R-0210,2025-10-31,70.61,web,delivery,completed
ORD-0091974,R-0210,2025-10-11,53.65,web,delivery,completed
ORD-0091975,R-0210,2025-10-10,127.80,web,pickup,Completed
ORD-0091976,R-0210,2025-10-03,39.80,web,delivery,completed
ORD-0091977,R-0210,2025-10-03,64.37,web,pickup,completed
ORD-0091978,R-0210,2025-10-04,46.34,web,delivery,COMPLETED
ORD-0091979,R-0210,2025-10-02,42.14,web,delivery,completed
ORD-0091980,R-0210,2025-10-25,94.91,web,delivery,cancelled
ORD-0091981,R-0210,2025-10-26,35.53,app,pickup,completed
ORD-0091982,R-0210,2025-10-11,61.71,app,delivery,completed
ORD-0091983,R-0210,2025-10-20,49.16,app,delivery,completed
ORD-0091984,R-0210,2025-10-18,62.93,app,pickup,COMPLETED
ORD-0091985,R-0210,2025-10-04,69.63,web,delivery,completed
ORD-0091986,R-0210,2025-10-26,89.50,web,delivery,completed
ORD-0091987,R-0210,2025-10-19,52.26,app,delivery,completed
ORD-0091988,R-0210,2025-10-24,47.76,web,pickup,COMPLETED
ORD-0091989,R-0210,2025-10-12,73.78,app,delivery,completed
ORD-0091990,R-0210,2025-10-05,51.07,web,pickup,cancelled
ORD-0091991,R-0210,2025-10-19,44.29,app,pickup,completed
ORD-0091992,R-0210,2025-10-18,93.39,web,delivery,completed
ORD-0091993,R-0210,2025-10-18,47.40,web,delivery,completed
ORD-0091994,R-0210,2025-10-09,124.35,app,delivery,completed
ORD-0091995,R-0210,2025-10-24,48.00,app,delivery,completed
ORD-0093721,R-0211,2025-10-25,30.71,app,delivery,completed
ORD-0093722,R-0211,2025-10-15,21.69,web,delivery,completed
ORD-0093723,R-0211,2025-10-13,20.76,app,delivery,completed
ORD-0093724,R-0211,2025-10-10,29.33,app,pickup,completed
ORD-0093725,R-0211,2025-10-07,31.27,app,delivery,completed
ORD-0093726,R-0211,2025-10-05,25.35,web,delivery,completed
ORD-0093727,R-0211,2025-10-06,18.90,app,pickup,completed
ORD-0093728,R-0211,2025-10-11,19.63,app,delivery,completed
ORD-0093729,R-0211,2025-10-17,45.79,web,pickup,completed
ORD-0093730,R-0211,2025-10-24,24.69,web,pickup,completed
ORD-0093731,R-0211,2025-10-10,26.29,app,delivery,completed
ORD-0093732,R-0211,2025-10-04,33.01,app,delivery,completed
ORD-0093733,R-0211,2025-10-11,31.56,web,delivery,completed
ORD-0093734,R-0211,2025-10-07,15.58,app,delivery,completed
ORD-0093735,R-0211,2025-10-31,23.06,web,delivery,completed
ORD-0093736,R-0211,2025-10-03,22.19,web,delivery,completed
ORD-0093737,R-0211,2025-10-02,35.50,app,pickup,completed
ORD-0093738,R-0211,2025-10-08,25.27,web,delivery,completed
ORD-0093739,R-0211,2025-10-24,35.45,app,delivery,completed
ORD-0093740,R-0211,2025-10-25,14.93,app,delivery,completed
ORD-0093741,R-0211,2025-10-03,22.27,app,delivery,completed
ORD-0093742,R-0211,2025-10-06,15.54,app,delivery,completed
ORD-0093743,R-0211,2025-10-31,37.93,app,delivery,completed
ORD-0093744,R-0211,2025-10-03,23.53,app,pickup,completed
ORD-0093745,R-0211,2025-10-02,21.29,app,pickup,completed
ORD-0093746,R-0211,2025-10-11,23.53,web,pickup,completed
ORD-0093747,R-0211,2025-10-19,21.17,web,delivery,Completed
ORD-0093748,R-0211,2025-10-24,25.44,web,delivery,completed
ORD-0093749,R-0211,2025-10-09,29.36,app,delivery,completed
ORD-0093750,R-0211,2025-10-17,18.64,app,delivery,completed
ORD-0093751,R-0211,2025-10-20,20.93,app,delivery,completed
ORD-0093752,R-0211,2025-10-03,16.22,app,delivery,completed
ORD-0093753,R-0211,2025-10-15,29.53,app,delivery,refunded
ORD-0093754,R-0211,2025-10-29,30.38,app,delivery,refunded
ORD-0093755,R-0211,2025-10-26,31.24,web,pickup,completed
ORD-0093756,R-0211,2025-10-30,33.88,web,pickup,completed
ORD-0093757,R-0211,2025-10-22,17.79,app,delivery,completed
ORD-0093758,R-0211,2025-10-24,22.55,web,delivery,completed
ORD-0093759,R-0211,2025-10-25,28.86,app,delivery,Completed
ORD-0093760,R-0211,2025-10-31,39.94,app,delivery,completed
ORD-0093761,R-0211,2025-10-30,20.39,app,delivery,COMPLETED
ORD-0093762,R-0211,2025-10-27,16.47,app,pickup,COMPLETED
ORD-0093763,R-0211,2025-10-01,17.38,app,delivery,completed
ORD-0094706,R-0214,2025-10-03,55.00,app,pickup,completed
ORD-0094707,R-0214,2025-10-04,42.97,app,pickup,completed
ORD-0094708,R-0214,2025-10-23,12.26,web,pickup,completed
ORD-0094709,R-0214,2025-10-15,19.04,web,pickup,completed
ORD-0094710,R-0214,2025-10-16,26.47,web,pickup,completed
ORD-0094711,R-0214,2025-10-03,23.74,app,pickup,completed
ORD-0094712,R-0214,2025-10-17,7.10,app,delivery,completed
ORD-0094713,R-0214,2025-10-02,11.41,app,pickup,completed
ORD-0094714,R-0214,2025-10-27,17.51,web,pickup,COMPLETED
ORD-0094715,R-0214,2025-10-04,23.51,app,pickup,completed
ORD-0094716,R-0214,2025-10-05,38.75,web,pickup,completed
ORD-0094717,R-0214,2025-10-10,52.61,web,pickup,Completed
ORD-0094718,R-0214,2025-10-28,7.43,web,delivery,completed
ORD-0094719,R-0214,2025-10-09,35.84,web,delivery,completed
ORD-0094720,R-0214,2025-10-13,15.17,web,delivery,completed
ORD-0094721,R-0214,2025-10-03,27.84,web,delivery,COMPLETED
ORD-0094722,R-0214,2025-10-19,38.51,app,pickup,COMPLETED
ORD-0094723,R-0214,2025-10-01,53.58,web,delivery,completed
ORD-0094724,R-0214,2025-10-20,54.04,app,delivery,completed
ORD-0094725,R-0214,2025-10-25,9.49,app,pickup,Completed
ORD-0094726,R-0214,2025-10-02,40.76,web,pickup,completed
ORD-0094727,R-0214,2025-10-15,17.63,app,pickup,completed
ORD-0094728,R-0214,2025-10-25,22.03,web,pickup,completed
ORD-0094729,R-0214,2025-10-17,7.80,web,pickup,completed
ORD-0094730,R-0214,2025-10-14,30.69,app,delivery,completed
ORD-0094731,R-0214,2025-10-13,63.61,web,pickup,completed
ORD-0094732,R-0214,2025-10-25,23.15,web,delivery,completed
ORD-0094733,R-0214,2025-10-20,30.53,web,pickup,completed
ORD-0094734,R-0214,2025-10-31,27.89,web,delivery,completed
ORD-0094735,R-0214,2025-10-17,32.97,app,delivery,completed
ORD-0094736,R-0214,2025-10-05,80.71,web,delivery,completed
ORD-0094737,R-0214,2025-10-16,25.65,web,delivery,completed
ORD-0094738,R-0214,2025-10-19,21.45,app,delivery,completed
ORD-0094739,R-0214,2025-10-20,14.23,app,pickup,completed
ORD-0094740,R-0214,2025-10-10,38.93,web,pickup,completed
ORD-0094741,R-0214,2025-10-22,19.34,app,delivery,completed
ORD-0094742,R-0214,2025-10-15,29.04,web,pickup,completed
ORD-0094743,R-0214,2025-10-01,23.64,web,pickup,completed
ORD-0094744,R-0214,2025-10-19,29.76,web,delivery,completed
ORD-0094745,R-0214,2025-10-03,57.67,web,pickup,completed
ORD-0094746,R-0214,2025-10-18,21.09,web,delivery,COMPLETED
ORD-0094747,R-0214,2025-10-17,24.85,web,delivery,completed
ORD-0094748,R-0214,2025-10-07,9.26,app,delivery,completed
ORD-0094749,R-0214,2025-10-24,22.29,web,delivery,completed
ORD-0094750,R-0214,2025-10-03,60.40,web,pickup,completed
ORD-0094751,R-0214,2025-10-30,32.26,app,delivery,completed
ORD-0094752,R-0214,2025-10-10,24.31,web,delivery,completed
ORD-0094753,R-0214,2025-10-17,41.17,app,delivery,completed
ORD-0094754,R-0214,2025-10-24,18.95,web,delivery,completed
ORD-0094755,R-0214,2025-10-06,24.44,app,pickup,completed
ORD-0094756,R-0214,2025-10-25,28.12,web,delivery,completed
ORD-0094757,R-0214,2025-10-29,13.47,app,delivery,completed
ORD-0094758,R-0214,2025-10-04,50.71,web,delivery,completed
ORD-0094759,R-0214,2025-10-11,24.08,web,delivery,COMPLETED
ORD-0094760,R-0214,2025-10-02,19.58,web,pickup,Completed
ORD-0094761,R-0214,2025-10-31,18.35,web,delivery,completed
ORD-0094762,R-0214,2025-10-18,55.78,app,delivery,completed
ORD-0094763,R-0214,2025-10-25,59.78,app,pickup,completed
ORD-0094764,R-0214,2025-10-11,32.13,app,pickup,completed
ORD-0094765,R-0214,2025-10-12,31.77,web,pickup,completed
ORD-0094766,R-0214,2025-10-10,32.15,web,pickup,completed
ORD-0094767,R-0214,2025-10-24,21.49,web,delivery,completed
ORD-0094768,R-0214,2025-10-14,16.10,app,pickup,Completed
ORD-0094769,R-0214,2025-10-03,24.62,app,pickup,completed
ORD-0094770,R-0214,2025-10-27,21.81,app,delivery,completed
ORD-0094771,R-0214,2025-10-17,13.79,app,delivery,completed
ORD-0094772,R-0214,2025-10-16,19.27,app,pickup,completed
ORD-0094773,R-0214,2025-10-13,19.62,app,delivery,completed
ORD-0094774,R-0214,2025-10-03,28.10,web,pickup,completed
ORD-0094775,R-0214,2025-10-23,18.00,web,delivery,COMPLETED
ORD-0094776,R-0214,2025-10-26,53.75,app,delivery,completed
ORD-0094777,R-0214,2025-10-16,12.82,web,pickup,completed
ORD-0094778,R-0214,2025-10-19,23.54,app,delivery,completed
ORD-0094779,R-0214,2025-10-30,27.64,web,delivery,completed
ORD-0094780,R-0214,2025-10-09,15.90,web,delivery,completed
ORD-0094781,R-0214,2025-10-31,24.37,web,pickup,completed
ORD-0094782,R-0214,2025-10-17,19.80,web,delivery,completed
ORD-0094783,R-0214,2025-10-16,29.31,web,pickup,completed
ORD-0094784,R-0214,2025-10-30,56.73,web,pickup,CANCELLED
ORD-0094785,R-0214,2025-10-11,24.55,web,delivery,completed
ORD-0096972,R-0218,2025-10-09,24.73,web,pickup,completed
ORD-0096973,R-0218,2025-10-04,14.40,web,delivery,completed
ORD-0096974,R-0218,2025-10-15,15.06,web,delivery,cancelled
ORD-0096975,R-0218,2025-10-16,36.28,web,pickup,completed
ORD-0096976,R-0218,2025-10-05,14.94,web,pickup,completed
ORD-0096977,R-0218,2025-10-03,36.50,web,pickup,completed
ORD-0096978,R-0218,2025-10-24,21.90,app,delivery,COMPLETED
ORD-0096979,R-0218,2025-10-27,18.74,app,delivery,Completed
ORD-0096980,R-0218,2025-10-07,20.45,app,pickup,completed
ORD-0096981,R-0218,2025-10-24,21.83,app,pickup,COMPLETED
ORD-0096982,R-0218,2025-10-25,18.51,app,delivery,completed
ORD-0096983,R-0218,2025-10-28,36.55,app,pickup,completed
ORD-0096984,R-0218,2025-10-29,24.96,web,delivery,cancelled
ORD-0096985,R-0218,2025-10-21,17.32,app,delivery,Completed
ORD-0096986,R-0218,2025-10-02,24.07,app,delivery,COMPLETED
ORD-0096987,R-0218,2025-10-23,15.43,app,delivery,COMPLETED
ORD-0096988,R-0218,2025-10-02,15.29,web,delivery,completed
ORD-0096989,R-0218,2025-10-03,20.32,web,delivery,completed
ORD-0096990,R-0218,2025-10-12,31.40,web,pickup,completed
ORD-0096991,R-0218,2025-10-07,35.69,web,delivery,completed
ORD-0096992,R-0218,2025-10-17,17.89,web,delivery,COMPLETED
ORD-0096993,R-0218,2025-10-31,24.72,app,pickup,completed
ORD-0096994,R-0218,2025-10-30,33.77,app,pickup,completed
ORD-0096995,R-0218,2025-10-10,19.72,app,pickup,completed
ORD-0096996,R-0218,2025-10-26,14.00,app,delivery,completed
ORD-0096997,R-0218,2025-10-11,20.36,app,delivery,completed
ORD-0096998,R-0218,2025-10-18,42.98,web,pickup,completed
ORD-0096999,R-0218,2025-10-06,14.60,web,delivery,completed
ORD-0097000,R-0218,2025-10-18,18.84,web,delivery,completed
ORD-0097001,R-0218,2025-10-23,22.99,app,delivery,completed
ORD-0097002,R-0218,2025-10-09,15.45,web,delivery,completed
ORD-0097003,R-0218,2025-10-19,26.74,app,delivery,completed
ORD-0097004,R-0218,2025-10-22,13.02,web,pickup,Completed
ORD-0097005,R-0218,2025-10-30,26.31,app,delivery,completed
ORD-0097006,R-0218,2025-10-17,25.22,app,delivery,Completed
ORD-0097007,R-0218,2025-10-12,22.50,web,pickup,completed
ORD-0097008,R-0218,2025-10-12,17.69,web,delivery,COMPLETED
ORD-0097009,R-0218,2025-10-22,15.08,web,delivery,completed
ORD-0097010,R-0218,2025-10-17,10.37,web,delivery,completed
ORD-0097011,R-0218,2025-10-23,11.55,web,delivery,completed
ORD-0097012,R-0218,2025-10-13,13.70,app,pickup,completed
ORD-0097013,R-0218,2025-10-30,33.48,app,delivery,completed
ORD-0097014,R-0218,2025-10-14,56.86,app,delivery,completed
ORD-0097015,R-0218,2025-10-03,20.30,app,delivery,completed
ORD-0097016,R-0218,2025-10-24,44.43,web,delivery,completed
ORD-0097017,R-0218,2025-10-02,30.31,web,pickup,completed
ORD-0097018,R-0218,2025-10-11,12.95,app,pickup,completed
ORD-0097019,R-0218,2025-10-18,18.20,app,pickup,completed
ORD-0097020,R-0218,2025-10-25,20.02,web,delivery,completed
ORD-0097021,R-0218,2025-10-10,47.17,web,delivery,completed
ORD-0097022,R-0218,2025-10-25,42.25,web,delivery,completed
ORD-0097023,R-0218,2025-10-15,20.09,web,delivery,completed
ORD-0097024,R-0218,2025-10-16,11.55,web,delivery,completed
ORD-0097025,R-0218,2025-10-11,18.25,app,delivery,Completed
ORD-0097026,R-0218,2025-10-09,12.17,web,delivery,completed
ORD-0097027,R-0218,2025-10-11,13.42,web,pickup,Completed
ORD-0097028,R-0218,2025-10-24,25.84,web,delivery,completed
ORD-0097029,R-0218,2025-10-10,17.19,app,delivery,completed
ORD-0097030,R-0218,2025-10-01,14.65,app,pickup,completed
ORD-0097031,R-0218,2025-10-18,9.21,app,delivery,completed
ORD-0097032,R-0218,2025-10-24,13.63,app,delivery,completed
ORD-0097033,R-0218,2025-10-31,21.35,web,pickup,completed
ORD-0097034,R-0218,2025-10-07,24.95,app,delivery,completed
ORD-0097035,R-0218,2025-10-24,21.40,app,delivery,completed
ORD-0097036,R-0218,2025-10-21,9.16,web,delivery,completed
ORD-0097037,R-0218,2025-10-17,20.03,app,delivery,completed
ORD-0097038,R-0218,2025-10-30,32.63,web,pickup,completed
ORD-0097039,R-0218,2025-10-04,13.91,web,delivery,completed
ORD-0097040,R-0218,2025-10-03,27.63,web,pickup,completed
ORD-0097041,R-0218,2025-10-17,10.17,app,pickup,completed
ORD-0097042,R-0218,2025-10-17,17.65,app,delivery,completed
ORD-0097043,R-0218,2025-10-20,54.28,web,delivery,COMPLETED
ORD-0097044,R-0218,2025-10-09,22.28,app,delivery,COMPLETED
ORD-0097045,R-0218,2025-10-08,25.29,app,delivery,completed
ORD-0097046,R-0218,2025-10-02,21.79,app,delivery,completed
ORD-0097047,R-0218,2025-10-15,21.22,web,delivery,completed
ORD-0097048,R-0218,2025-10-03,29.66,web,delivery,completed
ORD-0097049,R-0218,2025-10-20,20.73,app,delivery,completed
ORD-0097050,R-0218,2025-10-22,29.69,app,delivery,completed
ORD-0097051,R-0218,2025-10-14,32.69,web,pickup,completed
ORD-0097052,R-0218,2025-10-23,31.54,web,delivery,COMPLETED
ORD-0097053,R-0218,2025-10-03,14.78,app,delivery,completed
ORD-0097054,R-0218,2025-10-05,27.47,app,delivery,completed
ORD-0097055,R-0218,2025-10-04,17.23,app,pickup,Completed
ORD-0097056,R-0218,2025-10-25,12.63,app,pickup,completed
ORD-0097057,R-0218,2025-10-27,10.00,app,delivery,completed
ORD-0097058,R-0218,2025-10-01,42.22,app,pickup,cancelled
ORD-0097059,R-0218,2025-10-17,25.18,web,pickup,completed
ORD-0097060,R-0218,2025-10-14,23.93,web,pickup,completed
ORD-0097061,R-0218,2025-10-18,30.10,app,pickup,completed
ORD-0097062,R-0218,2025-10-15,27.25,web,delivery,completed
ORD-0097063,R-0218,2025-10-05,35.89,web,delivery,completed
ORD-0097064,R-0218,2025-10-04,27.94,app,pickup,completed
ORD-0097065,R-0218,2025-10-25,19.10,app,delivery,COMPLETED
ORD-0097066,R-0218,2025-10-05,13.42,app,pickup,cancelled
ORD-0097067,R-0218,2025-10-09,25.85,app,delivery,Completed
ORD-0097068,R-0218,2025-10-21,10.93,web,pickup,Completed
ORD-0097069,R-0218,2025-10-23,6.52,web,delivery,completed
ORD-0097070,R-0218,2025-10-17,14.05,app,pickup,completed
ORD-0097071,R-0218,2025-10-18,20.41,web,pickup,completed
ORD-0099407,R-0223,2025-10-23,21.03,app,pickup,completed
ORD-0099408,R-0223,2025-10-11,33.67,web,delivery,Completed
ORD-0099409,R-0223,2025-10-09,27.31,app,delivery,completed
ORD-0099410,R-0223,2025-10-15,11.93,web,delivery,completed
ORD-0099411,R-0223,2025-10-06,40.46,web,delivery,completed
ORD-0099412,R-0223,2025-10-10,20.76,web,delivery,completed
ORD-0099413,R-0223,2025-10-29,25.81,app,delivery,Completed
ORD-0099414,R-0223,2025-10-01,16.17,app,pickup,completed
ORD-0099415,R-0223,2025-10-13,16.23,web,delivery,completed
ORD-0099416,R-0223,2025-10-26,26.44,app,delivery,completed
ORD-0099417,R-0223,2025-10-25,21.88,web,delivery,refunded
ORD-0099418,R-0223,2025-10-26,27.47,app,delivery,completed
ORD-0099419,R-0223,2025-10-04,16.75,app,delivery,completed
ORD-0099420,R-0223,2025-10-26,11.91,app,delivery,completed
ORD-0099421,R-0223,2025-10-10,26.67,web,delivery,completed
ORD-0099422,R-0223,2025-10-31,50.30,app,delivery,completed
ORD-0099423,R-0223,2025-10-16,20.49,web,delivery,completed
ORD-0099424,R-0223,2025-10-18,25.85,web,delivery,completed
ORD-0099425,R-0223,2025-10-18,17.63,web,delivery,completed
ORD-0099426,R-0223,2025-10-03,48.00,app,pickup,COMPLETED
ORD-0099427,R-0223,2025-10-06,14.68,web,delivery,completed
ORD-0099428,R-0223,2025-10-01,20.19,web,delivery,Completed
ORD-0099429,R-0223,2025-10-04,29.92,web,delivery,completed
ORD-0099430,R-0223,2025-10-31,26.65,web,delivery,cancelled
ORD-0099431,R-0223,2025-10-30,17.53,web,delivery,completed
ORD-0099432,R-0223,2025-10-25,30.94,app,delivery,completed
ORD-0099433,R-0223,2025-10-02,23.06,web,pickup,completed
ORD-0099434,R-0223,2025-10-03,17.12,app,pickup,REFUNDED
ORD-0099435,R-0223,2025-10-10,8.47,app,delivery,Completed
ORD-0099436,R-0223,2025-10-25,12.42,app,delivery,completed
ORD-0099437,R-0223,2025-10-24,13.07,web,pickup,completed
ORD-0099438,R-0223,2025-10-30,14.64,app,delivery,COMPLETED
ORD-0099439,R-0223,2025-10-17,24.67,app,delivery,completed
ORD-0099440,R-0223,2025-10-03,19.97,web,pickup,cancelled
ORD-0099441,R-0223,2025-10-03,22.42,app,delivery,completed
ORD-0099442,R-0223,2025-10-06,14.30,web,delivery,completed
ORD-0099443,R-0223,2025-10-24,19.62,app,delivery,completed
ORD-0099444,R-0223,2025-10-12,22.06,web,delivery,completed
ORD-0099445,R-0223,2025-10-21,17.22,web,delivery,completed
ORD-0099446,R-0223,2025-10-30,24.71,app,delivery,completed
ORD-0099447,R-0223,2025-10-24,22.06,web,delivery,completed
ORD-0099929,R-0224,2025-10-13,60.75,app,delivery,Completed
ORD-0099930,R-0224,2025-10-15,82.59,web,delivery,completed
ORD-0099931,R-0224,2025-10-05,97.16,web,delivery,completed
ORD-0099932,R-0224,2025-10-18,74.12,web,delivery,completed
ORD-0099933,R-0224,2025-10-13,26.41,app,delivery,cancelled
ORD-0099934,R-0224,2025-10-05,104.42,web,delivery,completed
ORD-0099935,R-0224,2025-10-11,84.36,web,pickup,completed
ORD-0099936,R-0224,2025-10-18,35.25,app,delivery,completed
ORD-0099937,R-0224,2025-10-27,53.40,web,delivery,COMPLETED
ORD-0099938,R-0224,2025-10-24,47.98,web,pickup,completed
ORD-0099939,R-0224,2025-10-10,65.63,web,pickup,completed
ORD-0099940,R-0224,2025-10-18,56.43,app,pickup,completed
ORD-0099941,R-0224,2025-10-31,88.53,web,pickup,completed
ORD-0099942,R-0224,2025-10-14,45.77,web,delivery,Completed
ORD-0099943,R-0224,2025-10-04,47.72,web,pickup,completed
ORD-0099944,R-0224,2025-10-17,32.79,web,delivery,completed
ORD-0099945,R-0224,2025-10-04,68.19,app,pickup,completed
ORD-0099946,R-0224,2025-10-15,70.03,app,delivery,completed
ORD-0099947,R-0224,2025-10-06,79.74,web,delivery,completed
ORD-0099948,R-0224,2025-10-11,94.11,web,delivery,completed
ORD-0099949,R-0224,2025-10-03,66.48,app,pickup,completed
ORD-0099950,R-0224,2025-10-20,40.72,web,pickup,completed
ORD-0099951,R-0224,2025-10-11,30.56,web,delivery,completed
ORD-0099952,R-0224,2025-10-10,79.71,app,delivery,completed
ORD-0099953,R-0224,2025-10-16,58.40,web,delivery,completed
ORD-0099954,R-0224,2025-10-17,45.64,app,delivery,completed
ORD-0099955,R-0224,2025-10-28,80.93,web,delivery,completed
ORD-0099956,R-0224,2025-10-22,98.76,app,delivery,completed
ORD-0099957,R-0224,2025-10-12,72.00,web,delivery,completed
ORD-0099958,R-0224,2025-10-03,80.33,app,delivery,completed
ORD-0099959,R-0224,2025-10-09,39.53,web,delivery,completed
ORD-0099960,R-0224,2025-10-25,71.86,web,pickup,Completed
ORD-0101238,R-0228,2025-10-25,10.36,app,delivery,completed
ORD-0101239,R-0228,2025-10-02,13.25,app,pickup,completed
ORD-0101240,R-0228,2025-10-17,33.60,app,pickup,completed
ORD-0101241,R-0228,2025-10-14,43.05,web,pickup,Completed
ORD-0101242,R-0228,2025-10-02,11.46,web,delivery,completed
ORD-0101243,R-0228,2025-10-26,13.19,app,delivery,Completed
ORD-0101244,R-0228,2025-10-19,24.70,app,delivery,completed
ORD-0101245,R-0228,2025-10-01,24.58,app,delivery,completed
ORD-0101246,R-0228,2025-10-23,39.78,web,delivery,completed
ORD-0101247,R-0228,2025-10-04,31.13,app,pickup,completed
ORD-0101248,R-0228,2025-10-15,20.39,app,delivery,completed
ORD-0101249,R-0228,2025-10-03,21.63,web,pickup,completed
ORD-0101250,R-0228,2025-10-04,21.96,app,delivery,completed
ORD-0101251,R-0228,2025-10-21,13.46,app,delivery,completed
ORD-0101252,R-0228,2025-10-02,25.08,app,delivery,cancelled
ORD-0101253,R-0228,2025-10-11,13.34,app,delivery,completed
ORD-0101254,R-0228,2025-10-02,13.21,app,delivery,completed
ORD-0101255,R-0228,2025-10-31,23.98,web,pickup,completed
ORD-0101256,R-0228,2025-10-04,25.25,app,delivery,completed
ORD-0101257,R-0228,2025-10-04,9.72,web,delivery,completed
ORD-0101258,R-0228,2025-10-29,22.70,web,delivery,completed
ORD-0101259,R-0228,2025-10-24,11.84,web,pickup,COMPLETED
ORD-0101260,R-0228,2025-10-03,10.89,app,delivery,refunded
ORD-0101261,R-0228,2025-10-20,19.26,app,delivery,completed
ORD-0101262,R-0228,2025-10-24,18.74,app,pickup,completed
ORD-0101263,R-0228,2025-10-16,15.66,app,delivery,completed
ORD-0101264,R-0228,2025-10-30,14.26,web,pickup,COMPLETED
ORD-0101265,R-0228,2025-10-11,25.33,app,delivery,completed
ORD-0101266,R-0228,2025-10-17,19.99,app,delivery,completed
ORD-0101267,R-0228,2025-10-08,28.34,app,pickup,completed
ORD-0101268,R-0228,2025-10-13,19.11,app,delivery,Completed
ORD-0101269,R-0228,2025-10-10,31.23,web,delivery,COMPLETED
ORD-0101270,R-0228,2025-10-31,12.04,app,delivery,completed
ORD-0101271,R-0228,2025-10-17,14.29,app,pickup,completed
ORD-0101272,R-0228,2025-10-26,16.47,app,delivery,completed
ORD-0101273,R-0228,2025-10-24,12.76,app,pickup,refunded
ORD-0101274,R-0228,2025-10-10,23.67,app,delivery,COMPLETED
ORD-0101275,R-0228,2025-10-15,29.32,web,delivery,completed
ORD-0101276,R-0228,2025-10-18,13.93,app,delivery,completed
ORD-0101277,R-0228,2025-10-23,20.29,app,delivery,completed
ORD-0101278,R-0228,2025-10-14,25.61,web,delivery,completed
ORD-0101279,R-0228,2025-10-28,18.12,app,delivery,completed
ORD-0102184,R-0232,2025-10-08,18.34,app,pickup,completed
ORD-0102185,R-0232,2025-10-28,29.28,app,delivery,COMPLETED
ORD-0102186,R-0232,2025-10-06,17.54,web,delivery,completed
ORD-0102187,R-0232,2025-10-29,10.94,app,delivery,completed
ORD-0102188,R-0232,2025-10-21,30.61,app,pickup,completed
ORD-0102189,R-0232,2025-10-18,16.15,web,delivery,completed
ORD-0102190,R-0232,2025-10-13,19.80,web,pickup,COMPLETED
ORD-0102191,R-0232,2025-10-19,23.50,app,delivery,Completed
ORD-0102192,R-0232,2025-10-02,21.54,app,pickup,completed
ORD-0102193,R-0232,2025-10-03,22.27,app,pickup,completed
ORD-0102194,R-0232,2025-10-24,34.21,app,pickup,completed
ORD-0102195,R-0232,2025-10-22,23.97,app,delivery,completed
ORD-0102196,R-0232,2025-10-18,19.50,web,pickup,completed
ORD-0102197,R-0232,2025-10-27,20.22,app,delivery,completed
ORD-0102198,R-0232,2025-10-25,22.28,web,delivery,completed
ORD-0102199,R-0232,2025-10-25,21.76,web,delivery,completed
ORD-0102200,R-0232,2025-10-20,14.78,app,delivery,completed
ORD-0102201,R-0232,2025-10-11,20.55,app,delivery,completed
ORD-0102202,R-0232,2025-10-27,19.32,app,delivery,cancelled
ORD-0102203,R-0232,2025-10-28,9.96,app,delivery,completed
ORD-0102204,R-0232,2025-10-10,23.14,app,pickup,Completed
ORD-0102205,R-0232,2025-10-14,16.72,app,pickup,completed
ORD-0102206,R-0232,2025-10-05,23.69,app,delivery,Completed
ORD-0102207,R-0232,2025-10-07,16.38,app,delivery,COMPLETED
ORD-0102208,R-0232,2025-10-04,25.56,app,delivery,completed
ORD-0102209,R-0232,2025-10-16,21.53,app,delivery,completed
ORD-0102210,R-0232,2025-10-29,35.94,app,delivery,completed
ORD-0102211,R-0232,2025-10-11,12.15,app,delivery,completed
ORD-0102212,R-0232,2025-10-06,27.52,app,delivery,completed
ORD-0102213,R-0232,2025-10-18,42.13,app,delivery,completed
ORD-0102214,R-0232,2025-10-16,16.43,app,delivery,completed
ORD-0102215,R-0232,2025-10-11,17.11,web,delivery,Completed
ORD-0102216,R-0232,2025-10-11,19.12,app,delivery,completed
ORD-0102217,R-0232,2025-10-03,22.65,app,delivery,completed
ORD-0102218,R-0232,2025-10-24,18.06,app,pickup,completed
ORD-0102219,R-0232,2025-10-15,17.90,app,delivery,Completed
ORD-0102220,R-0232,2025-10-10,16.62,web,delivery,completed
ORD-0102221,R-0232,2025-10-06,22.87,app,delivery,cancelled
ORD-0102222,R-0232,2025-10-31,11.01,app,delivery,completed
ORD-0102223,R-0232,2025-10-13,32.59,app,delivery,completed
ORD-0102224,R-0232,2025-10-10,25.24,app,pickup,refunded
ORD-0102225,R-0232,2025-10-08,20.16,app,delivery,refunded
ORD-0102226,R-0232,2025-10-10,21.49,app,delivery,completed
ORD-0102227,R-0232,2025-10-17,11.96,app,delivery,completed
ORD-0102228,R-0232,2025-10-14,24.79,app,pickup,completed
ORD-0102229,R-0232,2025-10-24,25.63,web,delivery,completed
ORD-0102230,R-0232,2025-10-09,24.88,web,delivery,completed
ORD-0102231,R-0232,2025-10-17,18.42,app,delivery,completed
ORD-0102232,R-0232,2025-10-21,15.01,app,delivery,completed
ORD-0102233,R-0232,2025-10-30,21.12,web,delivery,completed
ORD-0102234,R-0232,2025-10-11,30.33,app,delivery,completed
ORD-0102235,R-0232,2025-10-26,17.66,app,delivery,completed
ORD-0102236,R-0232,2025-10-17,18.15,app,delivery,cancelled
ORD-0102237,R-0232,2025-10-12,10.58,app,delivery,completed
ORD-0102238,R-0232,2025-10-05,26.37,app,delivery,completed
ORD-0102239,R-0232,2025-10-20,18.88,app,delivery,cancelled
ORD-0102240,R-0232,2025-10-17,15.27,app,delivery,completed
ORD-0102241,R-0232,2025-10-04,11.86,web,pickup,completed
ORD-0102242,R-0232,2025-10-31,18.76,web,delivery,completed
ORD-0102243,R-0232,2025-10-18,18.11,web,pickup,CANCELLED
ORD-0102244,R-0232,2025-10-09,35.28,app,pickup,completed
ORD-0102245,R-0232,2025-10-10,22.62,app,pickup,completed
ORD-0102246,R-0232,2025-10-12,16.88,web,delivery,completed
ORD-0102247,R-0232,2025-10-04,26.99,app,delivery,completed
ORD-0102248,R-0232,2025-10-01,20.98,web,delivery,completed
ORD-0102249,R-0232,2025-10-23,19.54,app,delivery,Completed
ORD-0102250,R-0232,2025-10-23,13.98,app,delivery,completed
ORD-0102251,R-0232,2025-10-03,31.12,app,delivery,Completed
ORD-0102252,R-0232,2025-10-21,19.71,app,delivery,completed
ORD-0102253,R-0232,2025-10-22,16.89,app,pickup,completed
ORD-0102254,R-0232,2025-10-23,28.08,app,delivery,Completed
ORD-0102255,R-0232,2025-10-04,20.06,app,delivery,completed
ORD-0102256,R-0232,2025-10-28,17.30,app,delivery,completed
ORD-0102257,R-0232,2025-10-02,17.65,web,delivery,completed
ORD-0102258,R-0232,2025-10-17,16.15,app,delivery,Completed
ORD-0102259,R-0232,2025-10-03,24.65,app,delivery,completed
ORD-0102260,R-0232,2025-10-04,24.89,app,delivery,completed
ORD-0102261,R-0232,2025-10-12,30.36,app,delivery,completed
ORD-0102262,R-0232,2025-10-18,20.84,web,delivery,completed
ORD-0102263,R-0232,2025-10-09,37.34,app,delivery,completed
ORD-0102264,R-0232,2025-10-22,16.16,web,delivery,completed
ORD-0102265,R-0232,2025-10-12,13.52,web,pickup,completed
ORD-0102266,R-0232,2025-10-24,28.41,app,delivery,completed
ORD-0102267,R-0232,2025-10-18,16.52,app,delivery,completed
ORD-0102268,R-0232,2025-10-04,26.68,app,delivery,completed
ORD-0102269,R-0232,2025-10-25,11.93,app,delivery,completed
ORD-0102270,R-0232,2025-10-24,24.81,web,delivery,Completed
ORD-0102271,R-0232,2025-10-23,16.98,app,delivery,completed
ORD-0102272,R-0232,2025-10-04,25.83,web,pickup,Completed
ORD-0102273,R-0232,2025-10-12,19.27,app,delivery,completed
ORD-0102274,R-0232,2025-10-13,20.07,web,pickup,completed
ORD-0102275,R-0232,2025-10-02,21.23,app,pickup,Completed
ORD-0102276,R-0232,2025-10-28,28.12,app,delivery,completed
ORD-0102277,R-0232,2025-10-24,31.35,app,pickup,completed
ORD-0102278,R-0232,2025-10-01,12.50,app,pickup,completed
ORD-0102279,R-0232,2025-10-08,17.14,web,pickup,completed
ORD-0102280,R-0232,2025-10-11,20.76,app,delivery,completed
ORD-0102281,R-0232,2025-10-24,23.46,app,delivery,completed
ORD-0102282,R-0232,2025-10-05,29.00,app,delivery,COMPLETED
ORD-0102283,R-0232,2025-10-25,24.56,web,delivery,COMPLETED
ORD-0102284,R-0232,2025-10-12,25.03,app,delivery,completed
ORD-0102285,R-0232,2025-10-27,12.43,app,pickup,completed
ORD-0102286,R-0232,2025-10-11,11.28,web,pickup,completed
ORD-0102287,R-0232,2025-10-31,17.57,app,delivery,completed
ORD-0102288,R-0232,2025-10-17,30.00,app,delivery,completed
ORD-0102289,R-0232,2025-10-18,21.51,web,delivery,COMPLETED
ORD-0102290,R-0232,2025-10-24,32.45,app,pickup,COMPLETED
ORD-0102291,R-0232,2025-10-31,18.33,app,delivery,completed
ORD-0102292,R-0232,2025-10-15,26.50,web,pickup,completed
ORD-0102293,R-0232,2025-10-23,14.86,app,delivery,completed
ORD-0102294,R-0232,2025-10-29,14.06,app,delivery,completed
ORD-0102295,R-0232,2025-10-10,15.15,app,pickup,completed
ORD-0102296,R-0232,2025-10-29,13.76,app,pickup,completed
ORD-0102297,R-0232,2025-10-30,19.88,web,delivery,refunded
ORD-0102298,R-0232,2025-10-01,13.91,app,delivery,COMPLETED
ORD-0102299,R-0232,2025-10-06,15.77,web,pickup,COMPLETED
ORD-0102300,R-0232,2025-10-01,13.10,web,delivery,cancelled
ORD-0102301,R-0232,2025-10-06,30.35,app,pickup,completed
ORD-0102302,R-0232,2025-10-12,24.10,app,pickup,completed
ORD-0102303,R-0232,2025-10-31,14.24,app,delivery,completed
ORD-0102304,R-0232,2025-10-17,18.72,web,delivery,COMPLETED
ORD-0102305,R-0232,2025-10-18,23.95,web,delivery,completed
ORD-0102306,R-0232,2025-10-24,17.52,app,pickup,completed
ORD-0102307,R-0232,2025-10-15,18.95,app,delivery,completed
ORD-0102308,R-0232,2025-10-05,23.90,app,delivery,completed
ORD-0102309,R-0232,2025-10-22,20.82,app,delivery,completed
ORD-0102310,R-0232,2025-10-16,15.24,app,pickup,cancelled
ORD-0102311,R-0232,2025-10-06,19.21,web,delivery,completed
ORD-0102312,R-0232,2025-10-27,29.45,app,delivery,completed
ORD-0102313,R-0232,2025-10-17,39.25,app,delivery,completed
ORD-0102314,R-0232,2025-10-15,25.30,app,delivery,completed
ORD-0102315,R-0232,2025-10-03,18.21,app,pickup,completed
ORD-0102316,R-0232,2025-10-17,18.30,app,pickup,completed
ORD-0102317,R-0232,2025-10-02,29.78,app,delivery,COMPLETED
ORD-0102318,R-0232,2025-10-24,19.74,app,delivery,completed
ORD-0102319,R-0232,2025-10-09,18.32,app,pickup,completed
ORD-0102320,R-0232,2025-10-05,23.05,web,delivery,completed
ORD-0102321,R-0232,2025-10-29,23.50,app,delivery,completed
ORD-0102322,R-0232,2025-10-23,16.09,app,pickup,COMPLETED
ORD-0102323,R-0232,2025-10-30,23.91,app,delivery,Completed
ORD-0102324,R-0232,2025-10-09,10.04,web,pickup,completed
ORD-0102325,R-0232,2025-10-16,26.35,app,delivery,cancelled
ORD-0102326,R-0232,2025-10-10,34.24,web,delivery,completed
ORD-0102327,R-0232,2025-10-04,14.02,app,pickup,Completed
ORD-0102328,R-0232,2025-10-22,19.11,web,pickup,Completed
ORD-0102329,R-0232,2025-10-07,12.82,web,delivery,completed
ORD-0102330,R-0232,2025-10-29,27.49,web,pickup,completed
ORD-0102331,R-0232,2025-10-05,33.76,web,delivery,completed
ORD-0102332,R-0232,2025-10-24,18.25,app,delivery,completed
ORD-0102333,R-0232,2025-10-24,20.01,app,delivery,completed
ORD-0102334,R-0232,2025-10-07,27.12,app,delivery,completed
ORD-0102335,R-0232,2025-10-18,20.15,app,pickup,completed
ORD-0102336,R-0232,2025-10-12,32.68,app,delivery,completed
ORD-0102337,R-0232,2025-10-15,14.84,app,delivery,completed
ORD-0102338,R-0232,2025-10-15,14.01,app,pickup,completed
ORD-0102339,R-0232,2025-10-18,42.76,app,delivery,completed
ORD-0102340,R-0232,2025-10-21,23.25,app,delivery,completed
ORD-0102341,R-0232,2025-10-10,18.97,app,delivery,completed
ORD-0102342,R-0232,2025-10-14,20.93,app,delivery,completed
ORD-0102343,R-0232,2025-10-02,22.91,app,delivery,completed
ORD-0102344,R-0232,2025-10-31,35.98,app,delivery,completed
ORD-0102345,R-0232,2025-10-09,14.36,web,delivery,completed
ORD-0102346,R-0232,2025-10-10,30.48,web,delivery,Completed
ORD-0102347,R-0232,2025-10-14,18.52,web,delivery,Completed
ORD-0102348,R-0232,2025-10-16,19.23,app,delivery,COMPLETED
ORD-0102349,R-0232,2025-10-24,17.00,web,delivery,completed
ORD-0102350,R-0232,2025-10-13,11.78,app,delivery,completed
ORD-0102351,R-0232,2025-10-09,23.12,app,delivery,completed
ORD-0102352,R-0232,2025-10-18,22.81,web,delivery,completed
ORD-0102353,R-0232,2025-10-17,43.68,app,delivery,completed
ORD-0102354,R-0232,2025-10-09,8.94,app,pickup,completed
ORD-0102355,R-0232,2025-10-11,22.04,app,delivery,completed
ORD-0102356,R-0232,2025-10-16,19.47,web,delivery,completed
ORD-0102357,R-0232,2025-10-05,15.07,app,pickup,completed
ORD-0102358,R-0232,2025-10-29,34.90,app,pickup,completed
ORD-0102359,R-0232,2025-10-24,25.00,app,delivery,completed
ORD-0102360,R-0232,2025-10-18,19.13,app,pickup,completed
ORD-0102361,R-0232,2025-10-01,25.32,app,delivery,completed
ORD-0102362,R-0232,2025-10-28,19.83,web,delivery,completed
ORD-0102363,R-0232,2025-10-05,17.66,app,delivery,completed
ORD-0102364,R-0232,2025-10-05,23.58,app,delivery,COMPLETED
ORD-0102365,R-0232,2025-10-25,31.93,app,delivery,Completed
ORD-0102366,R-0232,2025-10-19,19.61,app,delivery,completed
ORD-0102367,R-0232,2025-10-09,19.75,web,pickup,completed
ORD-0102368,R-0232,2025-10-17,22.96,app,delivery,completed
ORD-0102369,R-0232,2025-10-10,20.17,app,pickup,completed
ORD-0102370,R-0232,2025-10-11,18.53,app,pickup,completed
ORD-0102371,R-0232,2025-10-03,32.67,app,delivery,completed
ORD-0102372,R-0232,2025-10-18,40.27,web,pickup,CANCELLED
ORD-0102373,R-0232,2025-10-20,27.38,app,delivery,completed
ORD-0102374,R-0232,2025-10-11,10.25,app,pickup,completed
ORD-0102375,R-0232,2025-10-07,17.86,app,delivery,completed
ORD-0102376,R-0232,2025-10-26,20.70,app,delivery,completed
ORD-0102377,R-0232,2025-10-04,29.32,app,pickup,completed
ORD-0102378,R-0232,2025-10-01,8.29,web,delivery,completed
ORD-0102379,R-0232,2025-10-04,24.53,app,pickup,completed
ORD-0102380,R-0232,2025-10-01,18.05,web,delivery,completed
ORD-0102381,R-0232,2025-10-11,18.76,web,pickup,completed
ORD-0102382,R-0232,2025-10-19,12.60,app,pickup,completed
ORD-0102383,R-0232,2025-10-14,24.51,app,delivery,COMPLETED
ORD-0102384,R-0232,2025-10-16,33.85,app,delivery,completed
ORD-0102385,R-0232,2025-10-07,11.27,web,pickup,COMPLETED
ORD-0102386,R-0232,2025-10-02,19.75,web,delivery,completed
ORD-0102387,R-0232,2025-10-04,13.19,app,delivery,completed
ORD-0102388,R-0232,2025-10-22,15.42,app,delivery,completed
ORD-0102389,R-0232,2025-10-25,14.52,web,pickup,completed
ORD-0102390,R-0232,2025-10-16,17.12,web,delivery,completed
ORD-0102391,R-0232,2025-10-16,18.54,app,pickup,completed
ORD-0102392,R-0232,2025-10-23,21.37,app,delivery,completed
ORD-0102393,R-0232,2025-10-29,16.62,web,pickup,Completed
ORD-0102394,R-0232,2025-10-30,33.19,web,delivery,completed
ORD-0102395,R-0232,2025-10-06,17.03,app,pickup,cancelled
ORD-0102396,R-0232,2025-10-05,25.18,web,delivery,completed
ORD-0102397,R-0232,2025-10-21,20.31,app,pickup,completed
ORD-0102398,R-0232,2025-10-30,14.40,app,delivery,completed
ORD-0102399,R-0232,2025-10-18,18.32,app,delivery,completed
ORD-0102400,R-0232,2025-10-06,16.82,app,delivery,completed
ORD-0102401,R-0232,2025-10-15,14.69,web,delivery,completed
ORD-0102402,R-0232,2025-10-31,22.04,app,delivery,completed
ORD-0102403,R-0232,2025-10-08,12.06,web,delivery,completed
ORD-0105540,R-0236,2025-10-05,26.93,app,delivery,completed
ORD-0105541,R-0236,2025-10-31,27.22,web,delivery,completed
ORD-0105542,R-0236,2025-10-31,45.27,web,delivery,completed
ORD-0105543,R-0236,2025-10-05,30.79,app,pickup,COMPLETED
ORD-0105544,R-0236,2025-10-16,28.09,web,pickup,Completed
ORD-0105545,R-0236,2025-10-10,31.11,app,pickup,completed
ORD-0105546,R-0236,2025-10-09,24.64,web,delivery,completed
ORD-0105547,R-0236,2025-10-15,24.67,app,pickup,completed
ORD-0105548,R-0236,2025-10-31,15.84,web,delivery,completed
ORD-0105549,R-0236,2025-10-11,28.67,web,delivery,completed
ORD-0105550,R-0236,2025-10-12,30.80,app,delivery,completed
ORD-0105551,R-0236,2025-10-12,55.99,web,delivery,completed
ORD-0105552,R-0236,2025-10-18,42.04,app,delivery,completed
ORD-0105553,R-0236,2025-10-26,26.16,app,delivery,completed
ORD-0105554,R-0236,2025-10-17,38.92,web,pickup,completed
ORD-0105555,R-0236,2025-10-26,28.80,app,delivery,completed
ORD-0105556,R-0236,2025-10-12,37.03,app,delivery,COMPLETED
ORD-0105557,R-0236,2025-10-08,22.36,app,delivery,completed
ORD-0105558,R-0236,2025-10-02,50.96,web,pickup,completed
ORD-0105559,R-0236,2025-10-28,27.04,web,pickup,completed
ORD-0105560,R-0236,2025-10-29,29.80,web,delivery,Completed
ORD-0105561,R-0236,2025-10-28,12.48,web,pickup,completed
ORD-0106283,R-0239,2025-10-21,28.18,app,delivery,completed
ORD-0106284,R-0239,2025-10-19,17.16,web,delivery,completed
ORD-0106285,R-0239,2025-10-04,22.53,app,delivery,completed
ORD-0106286,R-0239,2025-10-31,25.98,web,delivery,completed
ORD-0106287,R-0239,2025-10-22,14.20,app,pickup,completed
ORD-0106288,R-0239,2025-10-19,19.28,web,delivery,completed
ORD-0106289,R-0239,2025-10-13,18.82,app,delivery,completed
ORD-0106290,R-0239,2025-10-04,18.67,app,delivery,completed
ORD-0106291,R-0239,2025-10-26,30.49,app,delivery,Completed
ORD-0106292,R-0239,2025-10-04,22.52,app,delivery,COMPLETED
ORD-0106293,R-0239,2025-10-07,24.44,web,delivery,completed
ORD-0106294,R-0239,2025-10-28,14.73,web,delivery,completed
ORD-0106295,R-0239,2025-10-08,31.20,app,delivery,completed
ORD-0106296,R-0239,2025-10-30,20.38,app,delivery,completed
ORD-0106297,R-0239,2025-10-04,23.74,web,delivery,completed
ORD-0106298,R-0239,2025-10-13,12.11,web,delivery,completed
ORD-0106299,R-0239,2025-10-16,32.29,app,delivery,completed
ORD-0106300,R-0239,2025-10-18,22.01,app,pickup,completed
ORD-0106301,R-0239,2025-10-12,12.92,web,pickup,completed
ORD-0106302,R-0239,2025-10-03,22.77,web,delivery,completed
ORD-0106303,R-0239,2025-10-22,15.86,web,delivery,COMPLETED
ORD-0106304,R-0239,2025-10-11,31.22,app,delivery,completed
ORD-0106305,R-0239,2025-10-04,19.48,web,delivery,completed
ORD-0106306,R-0239,2025-10-03,24.76,app,delivery,completed
ORD-0106307,R-0239,2025-10-18,17.02,web,delivery,completed
ORD-0106308,R-0239,2025-10-22,13.01,app,delivery,completed
ORD-0106309,R-0239,2025-10-09,13.91,web,delivery,completed
ORD-0106310,R-0239,2025-10-15,22.05,app,pickup,completed
ORD-0106311,R-0239,2025-10-15,12.09,app,delivery,completed
ORD-0106312,R-0239,2025-10-13,19.60,app,delivery,completed
ORD-0106313,R-0239,2025-10-03,17.41,app,delivery,completed
ORD-0106314,R-0239,2025-10-03,22.75,web,pickup,completed
ORD-0106880,R-0242,2025-10-05,14.44,app,delivery,completed
ORD-0106881,R-0242,2025-10-09,31.84,web,pickup,completed
ORD-0106882,R-0242,2025-10-11,17.08,web,pickup,COMPLETED
ORD-0106883,R-0242,2025-10-01,15.54,web,delivery,completed
ORD-0106884,R-0242,2025-10-06,32.98,app,delivery,completed
ORD-0106885,R-0242,2025-10-03,23.13,app,delivery,completed
ORD-0106886,R-0242,2025-10-15,22.13,web,delivery,completed
ORD-0106887,R-0242,2025-10-25,14.95,app,pickup,completed
ORD-0106888,R-0242,2025-10-12,17.07,app,pickup,completed
ORD-0106889,R-0242,2025-10-05,21.80,web,pickup,COMPLETED
ORD-0106890,R-0242,2025-10-28,29.19,app,delivery,COMPLETED
ORD-0106891,R-0242,2025-10-12,17.95,app,delivery,completed
ORD-0106892,R-0242,2025-10-24,17.69,web,delivery,completed
ORD-0106893,R-0242,2025-10-04,18.19,web,pickup,COMPLETED
ORD-0106894,R-0242,2025-10-09,18.96,app,pickup,completed
ORD-0106895,R-0242,2025-10-04,20.65,app,delivery,Completed
ORD-0106896,R-0242,2025-10-07,24.71,app,delivery,completed
ORD-0106897,R-0242,2025-10-20,21.21,web,pickup,completed
ORD-0106898,R-0242,2025-10-29,22.88,app,delivery,completed
ORD-0106899,R-0242,2025-10-18,31.84,app,delivery,completed
ORD-0106900,R-0242,2025-10-09,15.51,app,pickup,COMPLETED
ORD-0106901,R-0242,2025-10-21,27.86,web,pickup,completed
ORD-0106902,R-0242,2025-10-16,12.64,web,pickup,completed
ORD-0106903,R-0242,2025-10-30,16.31,web,delivery,completed
ORD-0106904,R-0242,2025-10-31,15.37,app,delivery,completed
ORD-0106905,R-0242,2025-10-10,17.01,web,pickup,completed
ORD-0106906,R-0242,2025-10-04,26.28,app,delivery,completed
ORD-0106907,R-0242,2025-10-18,15.23,app,pickup,completed
ORD-0106908,R-0242,2025-10-23,17.62,app,pickup,completed
ORD-0106909,R-0242,2025-10-10,10.95,web,delivery,Completed
ORD-0106910,R-0242,2025-10-29,18.14,app,pickup,completed
ORD-0106911,R-0242,2025-10-29,14.62,app,delivery,completed
ORD-0106912,R-0242,2025-10-25,19.78,web,delivery,completed
ORD-0107716,R-0245,2025-10-25,18.43,web,pickup,completed
ORD-0107717,R-0245,2025-10-29,21.65,app,delivery,completed
ORD-0107718,R-0245,2025-10-03,30.53,web,delivery,completed
ORD-0107719,R-0245,2025-10-10,14.07,app,delivery,completed
ORD-0107720,R-0245,2025-10-25,17.71,app,delivery,completed
ORD-0107721,R-0245,2025-10-03,11.47,app,pickup,completed
ORD-0107722,R-0245,2025-10-16,24.48,web,delivery,completed
ORD-0107723,R-0245,2025-10-17,15.79,app,pickup,completed
ORD-0107724,R-0245,2025-10-05,10.63,app,delivery,completed
ORD-0107725,R-0245,2025-10-23,18.00,app,pickup,completed
ORD-0107726,R-0245,2025-10-27,26.25,web,delivery,completed
ORD-0107727,R-0245,2025-10-09,20.90,app,delivery,completed
ORD-0107728,R-0245,2025-10-18,53.26,app,delivery,completed
ORD-0107729,R-0245,2025-10-11,21.27,app,delivery,completed
ORD-0107730,R-0245,2025-10-13,20.46,web,delivery,completed
ORD-0107731,R-0245,2025-10-14,16.99,web,delivery,completed
ORD-0107732,R-0245,2025-10-30,29.76,web,delivery,completed
ORD-0107733,R-0245,2025-10-03,18.05,web,pickup,COMPLETED
ORD-0107734,R-0245,2025-10-18,27.66,app,delivery,completed
ORD-0107735,R-0245,2025-10-18,30.58,app,delivery,completed
ORD-0107736,R-0245,2025-10-26,37.86,web,delivery,completed
ORD-0107737,R-0245,2025-10-27,11.74,app,delivery,completed
ORD-0107738,R-0245,2025-10-03,11.05,web,delivery,completed
ORD-0107739,R-0245,2025-10-30,15.79,web,delivery,completed
ORD-0107740,R-0245,2025-10-24,16.13,web,delivery,completed
ORD-0107741,R-0245,2025-10-17,23.06,app,delivery,completed
ORD-0107742,R-0245,2025-10-19,20.46,app,delivery,COMPLETED
ORD-0107743,R-0245,2025-10-30,25.31,app,delivery,completed
ORD-0107744,R-0245,2025-10-09,33.77,web,delivery,completed
ORD-0107745,R-0245,2025-10-10,25.89,app,delivery,completed
ORD-0107746,R-0245,2025-10-10,41.90,web,delivery,completed
ORD-0107747,R-0245,2025-10-17,21.02,app,delivery,completed
ORD-0107748,R-0245,2025-10-23,7.48,web,pickup,completed
ORD-0107749,R-0245,2025-10-10,18.00,web,delivery,completed
ORD-0107750,R-0245,2025-10-31,28.22,web,delivery,completed
ORD-0107751,R-0245,2025-10-28,17.60,web,delivery,completed
ORD-0107752,R-0245,2025-10-27,11.11,app,delivery,COMPLETED
ORD-0107753,R-0245,2025-10-11,19.70,app,pickup,completed
ORD-0107754,R-0245,2025-10-07,23.54,web,delivery,Completed
ORD-0107755,R-0245,2025-10-01,16.66,web,delivery,COMPLETED
ORD-0107756,R-0245,2025-10-23,18.55,web,delivery,completed
ORD-0107757,R-0245,2025-10-16,26.72,app,delivery,completed
ORD-0107758,R-0245,2025-10-05,15.95,web,delivery,completed
ORD-0107759,R-0245,2025-10-11,23.96,app,delivery,completed
ORD-0107760,R-0245,2025-10-12,14.24,app,delivery,completed
ORD-0107761,R-0245,2025-10-05,22.32,app,delivery,Refunded
ORD-0107762,R-0245,2025-10-21,47.04,web,pickup,Completed
ORD-0107763,R-0245,2025-10-27,53.62,web,delivery,completed
ORD-0107764,R-0245,2025-10-12,10.08,web,pickup,completed
ORD-0107765,R-0245,2025-10-03,8.69,app,delivery,completed
ORD-0107766,R-0245,2025-10-17,29.51,app,pickup,completed
ORD-0107767,R-0245,2025-10-19,22.52,web,delivery,completed
ORD-0107768,R-0245,2025-10-10,19.95,web,delivery,completed
ORD-0107769,R-0245,2025-10-17,18.97,web,pickup,completed
ORD-0107770,R-0245,2025-10-02,31.10,app,delivery,completed
ORD-0107771,R-0245,2025-10-15,21.59,app,pickup,completed
ORD-0107772,R-0245,2025-10-11,16.92,web,pickup,completed
ORD-0107773,R-0245,2025-10-08,26.51,app,delivery,completed
ORD-0107774,R-0245,2025-10-18,24.99,app,delivery,completed
ORD-0107775,R-0245,2025-10-29,13.79,app,delivery,Completed
ORD-0107776,R-0245,2025-10-05,17.24,app,pickup,completed
ORD-0107777,R-0245,2025-10-25,15.28,app,pickup,completed
ORD-0107778,R-0245,2025-10-22,17.17,app,delivery,completed
ORD-0107779,R-0245,2025-10-10,12.21,app,pickup,completed
ORD-0107780,R-0245,2025-10-01,7.32,web,delivery,completed
ORD-0107781,R-0245,2025-10-08,24.62,app,delivery,completed
ORD-0107782,R-0245,2025-10-18,22.63,app,delivery,completed
ORD-0107783,R-0245,2025-10-26,18.39,app,delivery,COMPLETED
ORD-0107784,R-0245,2025-10-10,24.20,web,delivery,completed
ORD-0107785,R-0245,2025-10-08,16.85,web,pickup,Completed
ORD-0107786,R-0245,2025-10-18,18.18,web,delivery,completed
ORD-0107787,R-0245,2025-10-24,21.02,web,delivery,completed
ORD-0107788,R-0245,2025-10-13,25.92,app,delivery,completed
ORD-0107789,R-0245,2025-10-04,30.79,app,delivery,completed
ORD-0108864,R-0246,2025-10-12,46.61,web,delivery,completed
ORD-0108865,R-0246,2025-10-24,59.68,app,pickup,completed
ORD-0108866,R-0246,2025-10-09,61.39,app,pickup,COMPLETED
ORD-0108867,R-0246,2025-10-01,52.43,web,delivery,completed
ORD-0108868,R-0246,2025-10-28,38.20,web,delivery,Completed
ORD-0108869,R-0246,2025-10-02,83.56,app,delivery,completed
ORD-0108870,R-0246,2025-10-20,61.23,web,delivery,completed
ORD-0108871,R-0246,2025-10-15,64.94,app,delivery,completed
ORD-0108872,R-0246,2025-10-17,91.19,web,delivery,completed
ORD-0108873,R-0246,2025-10-09,39.26,app,pickup,completed
ORD-0108874,R-0246,2025-10-18,42.41,app,pickup,completed
ORD-0108875,R-0246,2025-10-30,73.84,app,delivery,completed
ORD-0108876,R-0246,2025-10-17,53.18,app,delivery,COMPLETED
ORD-0108877,R-0246,2025-10-13,39.21,web,delivery,completed
ORD-0108878,R-0246,2025-10-11,45.83,app,delivery,completed
ORD-0108879,R-0246,2025-10-26,33.15,app,delivery,completed
ORD-0108880,R-0246,2025-10-25,31.55,web,delivery,completed
ORD-0108881,R-0246,2025-10-18,43.69,web,delivery,completed
ORD-0108882,R-0246,2025-10-25,59.83,app,pickup,completed
ORD-0108883,R-0246,2025-10-20,37.88,web,delivery,completed
ORD-0108884,R-0246,2025-10-09,49.27,web,delivery,Completed
ORD-0108885,R-0246,2025-10-06,33.84,web,delivery,completed
ORD-0108886,R-0246,2025-10-24,66.72,web,pickup,completed
ORD-0108887,R-0246,2025-10-08,93.67,web,delivery,completed
ORD-0108888,R-0246,2025-10-07,50.62,web,pickup,completed
ORD-0108889,R-0246,2025-10-31,58.92,web,delivery,completed
ORD-0108890,R-0246,2025-10-06,35.51,web,delivery,completed
ORD-0108891,R-0246,2025-10-02,54.02,web,delivery,Completed
ORD-0108892,R-0246,2025-10-22,106.90,web,delivery,completed
ORD-0108893,R-0246,2025-10-29,73.74,app,pickup,Completed
ORD-0108894,R-0246,2025-10-23,55.38,web,pickup,completed
ORD-0108895,R-0246,2025-10-30,73.58,app,delivery,COMPLETED
ORD-0108896,R-0246,2025-10-17,85.41,web,delivery,completed
ORD-0108897,R-0246,2025-10-12,65.51,web,delivery,completed
ORD-0108898,R-0246,2025-10-05,102.90,app,delivery,completed
ORD-0108899,R-0246,2025-10-08,40.46,web,delivery,completed
ORD-0108900,R-0246,2025-10-25,115.90,web,pickup,completed
ORD-0108901,R-0246,2025-10-24,42.65,web,delivery,completed
ORD-0108902,R-0246,2025-10-18,61.23,web,delivery,completed
ORD-0108903,R-0246,2025-10-17,50.35,web,delivery,completed
ORD-0108904,R-0246,2025-10-03,91.18,web,pickup,completed
ORD-0108905,R-0246,2025-10-25,50.02,web,pickup,completed
ORD-0108906,R-0246,2025-10-28,77.28,web,pickup,completed
ORD-0108907,R-0246,2025-10-03,72.76,web,delivery,completed
ORD-0108908,R-0246,2025-10-31,28.79,web,delivery,cancelled
ORD-0108909,R-0246,2025-10-18,93.62,web,pickup,Completed
ORD-0108910,R-0246,2025-10-19,36.61,web,pickup,completed
ORD-0109260,R-0247,2025-10-18,38.05,app,pickup,completed
ORD-0109261,R-0247,2025-10-02,27.15,app,delivery,completed
ORD-0109262,R-0247,2025-10-15,22.92,app,pickup,completed
ORD-0109263,R-0247,2025-10-07,25.52,app,pickup,completed
ORD-0109264,R-0247,2025-10-15,15.20,web,pickup,completed
ORD-0109265,R-0247,2025-10-29,24.89,app,pickup,completed
ORD-0109266,R-0247,2025-10-20,28.86,app,pickup,completed
ORD-0109267,R-0247,2025-10-22,23.14,web,delivery,completed
ORD-0109268,R-0247,2025-10-28,19.82,app,pickup,completed
ORD-0109269,R-0247,2025-10-01,24.69,app,delivery,completed
ORD-0109270,R-0247,2025-10-04,14.35,web,delivery,completed
ORD-0109271,R-0247,2025-10-23,24.03,web,delivery,cancelled
ORD-0109272,R-0247,2025-10-10,22.44,web,pickup,Completed
ORD-0109273,R-0247,2025-10-22,22.49,web,delivery,completed
ORD-0109274,R-0247,2025-10-18,72.63,app,delivery,completed
ORD-0109275,R-0247,2025-10-17,28.59,app,pickup,completed
ORD-0109276,R-0247,2025-10-28,24.35,web,delivery,refunded
ORD-0109277,R-0247,2025-10-17,41.14,web,delivery,completed
ORD-0109278,R-0247,2025-10-13,32.53,web,pickup,completed
ORD-0109279,R-0247,2025-10-28,22.93,app,pickup,completed
ORD-0109280,R-0247,2025-10-13,20.57,app,delivery,completed
ORD-0109281,R-0247,2025-10-28,20.28,app,pickup,completed
ORD-0109282,R-0247,2025-10-25,37.00,app,pickup,COMPLETED
ORD-0109283,R-0247,2025-10-11,16.91,web,pickup,completed
ORD-0109284,R-0247,2025-10-26,13.75,web,pickup,completed
ORD-0109285,R-0247,2025-10-05,21.00,web,pickup,completed
ORD-0109286,R-0247,2025-10-07,14.31,web,delivery,completed
ORD-0109287,R-0247,2025-10-09,29.66,web,pickup,completed
ORD-0109288,R-0247,2025-10-20,31.73,app,pickup,completed
ORD-0109289,R-0247,2025-10-16,28.10,web,delivery,cancelled
ORD-0109290,R-0247,2025-10-14,20.73,web,pickup,completed
ORD-0109291,R-0247,2025-10-22,38.97,web,pickup,completed
ORD-0109292,R-0247,2025-10-10,30.62,app,delivery,completed
ORD-0109293,R-0247,2025-10-10,19.05,app,delivery,completed
ORD-0109294,R-0247,2025-10-06,23.82,app,pickup,completed
ORD-0109295,R-0247,2025-10-05,19.85,web,delivery,completed
ORD-0109296,R-0247,2025-10-25,40.95,web,pickup,completed
ORD-0109297,R-0247,2025-10-27,23.75,app,pickup,completed
ORD-0109298,R-0247,2025-10-24,23.83,web,delivery,completed
ORD-0109299,R-0247,2025-10-20,14.87,app,pickup,Completed
ORD-0109300,R-0247,2025-10-19,26.69,web,pickup,COMPLETED
ORD-0109301,R-0247,2025-10-16,33.28,web,pickup,refunded
ORD-0109302,R-0247,2025-10-20,27.34,web,pickup,completed
ORD-0109303,R-0247,2025-10-17,26.84,app,delivery,COMPLETED
ORD-0109304,R-0247,2025-10-27,32.13,web,delivery,completed
ORD-0109305,R-0247,2025-10-11,20.97,web,pickup,completed
ORD-0109306,R-0247,2025-10-02,35.05,web,pickup,completed
ORD-0109307,R-0247,2025-10-19,15.84,web,pickup,COMPLETED
ORD-0109308,R-0247,2025-10-13,29.85,web,delivery,COMPLETED
ORD-0109309,R-0247,2025-10-29,40.17,web,delivery,completed
ORD-0109310,R-0247,2025-10-02,36.77,app,pickup,completed
ORD-0109311,R-0247,2025-10-14,24.49,app,pickup,Completed
ORD-0109312,R-0247,2025-10-20,30.17,app,delivery,cancelled
ORD-0109313,R-0247,2025-10-26,21.46,web,pickup,completed
ORD-0109314,R-0247,2025-10-28,23.94,app,pickup,cancelled
ORD-0109315,R-0247,2025-10-01,23.95,app,delivery,COMPLETED
ORD-0109316,R-0247,2025-10-02,25.01,web,delivery,completed
ORD-0109317,R-0247,2025-10-01,38.41,app,pickup,COMPLETED
ORD-0109318,R-0247,2025-10-30,14.89,web,pickup,completed
ORD-0109319,R-0247,2025-10-17,26.47,app,delivery,completed
ORD-0109320,R-0247,2025-10-22,26.06,web,pickup,completed
ORD-0109321,R-0247,2025-10-10,35.56,app,delivery,completed
ORD-0109322,R-0247,2025-10-04,56.56,app,pickup,completed
ORD-0109926,R-0248,2025-10-30,34.21,app,pickup,completed
ORD-0109927,R-0248,2025-10-15,28.76,web,delivery,completed
ORD-0109928,R-0248,2025-10-23,29.99,web,pickup,completed
ORD-0109929,R-0248,2025-10-09,20.65,web,pickup,completed
ORD-0109930,R-0248,2025-10-18,47.67,web,delivery,completed
ORD-0109931,R-0248,2025-10-23,29.65,app,pickup,COMPLETED
ORD-0109932,R-0248,2025-10-11,39.55,web,pickup,completed
ORD-0109933,R-0248,2025-10-18,26.77,web,pickup,completed
ORD-0109934,R-0248,2025-10-23,25.04,web,pickup,completed
ORD-0109935,R-0248,2025-10-23,45.87,web,delivery,completed
ORD-0109936,R-0248,2025-10-22,16.63,app,pickup,completed
ORD-0109937,R-0248,2025-10-06,33.77,web,pickup,completed
ORD-0109938,R-0248,2025-10-14,31.51,web,pickup,COMPLETED
ORD-0109939,R-0248,2025-10-28,24.95,app,pickup,completed
ORD-0109940,R-0248,2025-10-31,33.00,app,pickup,Completed
ORD-0109941,R-0248,2025-10-26,43.21,web,pickup,completed
ORD-0111096,R-0257,2025-10-18,22.88,app,delivery,completed
ORD-0111097,R-0257,2025-10-30,38.20,app,delivery,Completed
ORD-0111098,R-0257,2025-10-31,32.04,web,pickup,completed
ORD-0111099,R-0257,2025-10-17,23.47,app,pickup,completed
ORD-0111100,R-0257,2025-10-25,42.95,app,delivery,completed
ORD-0111101,R-0257,2025-10-23,27.54,app,delivery,completed
ORD-0111766,R-0260,2025-10-20,18.98,app,delivery,completed
ORD-0111767,R-0260,2025-10-19,26.52,web,delivery,completed
ORD-0111768,R-0260,2025-10-22,24.23,web,pickup,Completed
ORD-0111769,R-0260,2025-10-31,37.51,app,delivery,completed
ORD-0111770,R-0260,2025-10-15,31.64,web,pickup,completed
ORD-0111771,R-0260,2025-10-07,23.20,app,delivery,completed
ORD-0111772,R-0260,2025-10-13,48.05,web,pickup,completed
ORD-0111773,R-0260,2025-10-04,33.98,app,pickup,completed
ORD-0111774,R-0260,2025-10-26,31.62,web,delivery,completed
ORD-0111775,R-0260,2025-10-13,32.05,web,delivery,completed
ORD-0111776,R-0260,2025-10-19,21.60,app,delivery,Completed
ORD-0111777,R-0260,2025-10-14,28.10,web,pickup,completed
ORD-0111778,R-0260,2025-10-29,23.43,web,delivery,completed
ORD-0111779,R-0260,2025-10-23,25.75,web,delivery,completed
ORD-0111780,R-0260,2025-10-02,32.33,app,delivery,completed
ORD-0111781,R-0260,2025-10-09,31.30,web,delivery,completed
ORD-0111782,R-0260,2025-10-03,16.72,web,delivery,completed
ORD-0111783,R-0260,2025-10-13,22.36,web,delivery,completed
ORD-0111784,R-0260,2025-10-15,21.48,app,pickup,Completed
ORD-0111785,R-0260,2025-10-10,31.01,app,pickup,completed
ORD-0111786,R-0260,2025-10-16,21.54,app,pickup,completed
ORD-0111787,R-0260,2025-10-20,40.50,app,pickup,completed
ORD-0111788,R-0260,2025-10-20,46.43,web,delivery,completed
ORD-0111789,R-0260,2025-10-09,15.29,web,delivery,COMPLETED
ORD-0111790,R-0260,2025-10-03,21.30,app,delivery,completed
ORD-0111791,R-0260,2025-10-01,55.68,app,delivery,completed
ORD-0111792,R-0260,2025-10-16,47.47,web,delivery,completed
ORD-0111793,R-0260,2025-10-21,23.08,web,delivery,completed
ORD-0111794,R-0260,2025-10-31,29.56,web,delivery,completed
ORD-0111795,R-0260,2025-10-31,38.96,app,pickup,completed
ORD-0111796,R-0260,2025-10-17,20.35,app,delivery,completed
ORD-0111797,R-0260,2025-10-04,18.21,web,delivery,completed
ORD-0111798,R-0260,2025-10-12,47.85,web,pickup,Completed
ORD-0111799,R-0260,2025-10-14,31.75,web,delivery,COMPLETED
ORD-0111800,R-0260,2025-10-10,19.72,app,delivery,completed
ORD-0111801,R-0260,2025-10-24,22.73,web,delivery,completed
ORD-0111802,R-0260,2025-10-02,39.53,app,pickup,completed
ORD-0111803,R-0260,2025-10-23,31.06,app,pickup,completed
ORD-0111804,R-0260,2025-10-16,47.40,app,pickup,completed
ORD-0111805,R-0260,2025-10-31,24.21,web,delivery,completed
ORD-0111806,R-0260,2025-10-20,37.15,web,pickup,completed
ORD-0111807,R-0260,2025-10-17,44.89,web,pickup,completed
ORD-0112239,R-0261,2025-10-04,15.76,web,delivery,completed
ORD-0112240,R-0261,2025-10-02,27.00,web,delivery,completed
ORD-0112241,R-0261,2025-10-25,17.03,web,pickup,completed
ORD-0112242,R-0261,2025-10-04,26.92,web,delivery,completed
ORD-0112243,R-0261,2025-10-10,22.45,web,delivery,Completed
ORD-0112244,R-0261,2025-10-26,17.99,app,delivery,completed
ORD-0112245,R-0261,2025-10-13,24.99,app,pickup,completed
ORD-0112246,R-0261,2025-10-10,24.65,web,delivery,completed
ORD-0112247,R-0261,2025-10-18,10.83,web,delivery,completed
ORD-0112248,R-0261,2025-10-19,39.53,web,delivery,completed
ORD-0112249,R-0261,2025-10-17,9.19,web,delivery,completed
ORD-0112250,R-0261,2025-10-05,14.64,web,delivery,completed
ORD-0112251,R-0261,2025-10-21,24.96,web,delivery,completed
ORD-0112252,R-0261,2025-10-06,20.74,app,pickup,completed
ORD-0112253,R-0261,2025-10-20,11.95,app,delivery,completed
ORD-0112254,R-0261,2025-10-09,14.17,web,delivery,completed
ORD-0112255,R-0261,2025-10-24,14.66,app,delivery,COMPLETED
ORD-0112256,R-0261,2025-10-22,6.00,web,delivery,COMPLETED
ORD-0112257,R-0261,2025-10-30,41.33,web,delivery,completed
ORD-0112258,R-0261,2025-10-19,39.23,app,delivery,completed
ORD-0112259,R-0261,2025-10-03,13.17,app,delivery,completed
ORD-0112260,R-0261,2025-10-08,11.60,web,delivery,completed
ORD-0112261,R-0261,2025-10-13,11.20,web,delivery,completed
ORD-0112262,R-0261,2025-10-31,16.92,web,delivery,Completed
ORD-0112263,R-0261,2025-10-15,28.42,app,delivery,completed
ORD-0112264,R-0261,2025-10-02,19.06,app,delivery,completed
ORD-0112265,R-0261,2025-10-18,21.17,web,delivery,REFUNDED
ORD-0112266,R-0261,2025-10-03,15.12,web,delivery,cancelled
ORD-0112267,R-0261,2025-10-17,29.63,web,delivery,completed
ORD-0112268,R-0261,2025-10-22,17.44,app,delivery,completed
ORD-0112269,R-0261,2025-10-08,16.19,app,delivery,COMPLETED
ORD-0112270,R-0261,2025-10-18,12.19,web,delivery,completed
ORD-0112271,R-0261,2025-10-09,21.31,app,delivery,completed
ORD-0112272,R-0261,2025-10-12,7.21,app,delivery,completed
ORD-0112273,R-0261,2025-10-30,15.54,app,pickup,cancelled
ORD-0112274,R-0261,2025-10-31,20.61,app,delivery,completed
ORD-0112275,R-0261,2025-10-26,17.90,web,pickup,completed
ORD-0112276,R-0261,2025-10-27,11.87,web,delivery,completed
ORD-0112277,R-0261,2025-10-04,12.06,web,delivery,completed
ORD-0112278,R-0261,2025-10-04,27.08,web,delivery,completed
ORD-0112279,R-0261,2025-10-15,12.66,web,delivery,completed
ORD-0112280,R-0261,2025-10-02,11.11,web,pickup,completed
ORD-0112281,R-0261,2025-10-12,17.57,app,delivery,completed
ORD-0112282,R-0261,2025-10-30,21.46,app,delivery,Completed
ORD-0112283,R-0261,2025-10-24,18.48,app,delivery,completed
ORD-0112284,R-0261,2025-10-11,27.97,web,delivery,Completed
ORD-0112285,R-0261,2025-10-24,24.86,web,delivery,completed
ORD-0112286,R-0261,2025-10-10,21.93,web,delivery,completed
ORD-0112287,R-0261,2025-10-15,21.07,web,pickup,completed
ORD-0112288,R-0261,2025-10-11,17.52,web,delivery,completed
ORD-0112289,R-0261,2025-10-12,24.67,web,delivery,completed
ORD-0112290,R-0261,2025-10-22,23.88,web,pickup,completed
ORD-0112291,R-0261,2025-10-19,14.22,app,delivery,completed
ORD-0112292,R-0261,2025-10-05,18.33,app,delivery,completed
ORD-0112293,R-0261,2025-10-04,29.53,app,delivery,completed
ORD-0112294,R-0261,2025-10-18,7.40,web,delivery,completed
ORD-0112295,R-0261,2025-10-05,16.33,app,delivery,completed
ORD-0112296,R-0261,2025-10-04,13.23,web,pickup,completed
ORD-0112297,R-0261,2025-10-22,29.56,app,delivery,COMPLETED
ORD-0112298,R-0261,2025-10-31,39.95,web,delivery,Completed
ORD-0112299,R-0261,2025-10-25,41.22,web,delivery,completed
ORD-0112300,R-0261,2025-10-10,10.82,web,delivery,completed
ORD-0112301,R-0261,2025-10-17,16.26,web,pickup,completed
ORD-0112302,R-0261,2025-10-16,17.40,web,delivery,completed
ORD-0112303,R-0261,2025-10-02,27.14,app,delivery,completed
ORD-0112304,R-0261,2025-10-13,21.33,web,delivery,completed
ORD-0112305,R-0261,2025-10-22,46.89,web,delivery,CANCELLED
ORD-0112306,R-0261,2025-10-15,16.28,app,pickup,completed
ORD-0112307,R-0261,2025-10-18,17.65,app,delivery,completed
ORD-0112308,R-0261,2025-10-17,15.62,app,delivery,completed
ORD-0112309,R-0261,2025-10-11,17.96,web,delivery,completed
ORD-0112310,R-0261,2025-10-17,9.26,web,delivery,completed
ORD-0112311,R-0261,2025-10-11,34.79,web,delivery,completed
ORD-0112312,R-0261,2025-10-25,19.14,web,delivery,completed
ORD-0112313,R-0261,2025-10-11,11.94,web,delivery,COMPLETED
ORD-0112314,R-0261,2025-10-26,22.66,app,pickup,COMPLETED
ORD-0112315,R-0261,2025-10-16,15.79,app,delivery,completed
ORD-0112316,R-0261,2025-10-14,14.16,app,delivery,completed
ORD-0112317,R-0261,2025-10-28,15.76,app,delivery,completed
ORD-0112318,R-0261,2025-10-29,11.66,web,delivery,completed
ORD-0112319,R-0261,2025-10-25,9.62,web,delivery,completed
ORD-0112320,R-0261,2025-10-27,24.50,web,pickup,COMPLETED
ORD-0112321,R-0261,2025-10-07,12.30,app,delivery,completed
ORD-0112322,R-0261,2025-10-05,22.30,app,delivery,completed
ORD-0112323,R-0261,2025-10-04,9.86,web,delivery,completed
ORD-0112324,R-0261,2025-10-12,24.28,app,delivery,completed
ORD-0112325,R-0261,2025-10-22,20.00,web,pickup,Completed
ORD-0112326,R-0261,2025-10-19,22.49,web,delivery,completed
ORD-0112327,R-0261,2025-10-05,22.23,web,delivery,completed
ORD-0112328,R-0261,2025-10-09,12.17,app,pickup,completed
ORD-0112329,R-0261,2025-10-18,28.57,web,delivery,completed
ORD-0112330,R-0261,2025-10-03,17.75,app,delivery,completed
ORD-0112331,R-0261,2025-10-24,10.53,web,delivery,completed
ORD-0112332,R-0261,2025-10-25,23.22,web,delivery,completed
ORD-0112333,R-0261,2025-10-26,21.20,app,delivery,completed
ORD-0112334,R-0261,2025-10-12,18.94,app,delivery,completed
ORD-0112335,R-0261,2025-10-29,23.24,web,delivery,completed
ORD-0112336,R-0261,2025-10-31,50.97,web,pickup,completed
ORD-0112337,R-0261,2025-10-21,12.61,web,delivery,completed
ORD-0112338,R-0261,2025-10-03,16.70,app,delivery,completed
ORD-0112339,R-0261,2025-10-21,33.47,app,delivery,completed
ORD-0112340,R-0261,2025-10-23,16.95,web,delivery,cancelled
ORD-0112341,R-0261,2025-10-25,20.27,web,delivery,completed
ORD-0112342,R-0261,2025-10-10,22.98,app,delivery,completed
ORD-0112343,R-0261,2025-10-26,18.65,web,delivery,completed
ORD-0112344,R-0261,2025-10-24,28.49,app,delivery,completed
ORD-0112345,R-0261,2025-10-12,34.21,app,delivery,completed
ORD-0112346,R-0261,2025-10-18,24.95,web,delivery,completed
ORD-0112347,R-0261,2025-10-11,28.00,web,delivery,completed
ORD-0112348,R-0261,2025-10-25,24.44,web,delivery,completed
ORD-0112349,R-0261,2025-10-31,8.32,web,delivery,completed
ORD-0112350,R-0261,2025-10-03,12.96,app,delivery,completed
ORD-0112351,R-0261,2025-10-13,10.79,app,delivery,completed
ORD-0112352,R-0261,2025-10-31,11.76,web,delivery,COMPLETED
ORD-0112353,R-0261,2025-10-20,25.14,web,delivery,completed
ORD-0112354,R-0261,2025-10-24,24.41,web,delivery,completed
ORD-0112355,R-0261,2025-10-16,37.32,web,delivery,COMPLETED
ORD-0112356,R-0261,2025-10-09,23.79,web,pickup,completed
ORD-0113330,R-0262,2025-10-06,37.10,web,pickup,completed
ORD-0113331,R-0262,2025-10-23,15.80,app,delivery,cancelled
ORD-0113332,R-0262,2025-10-04,38.23,app,delivery,completed
ORD-0113333,R-0262,2025-10-16,55.81,web,delivery,completed
ORD-0113334,R-0262,2025-10-07,23.61,app,pickup,completed
ORD-0113335,R-0262,2025-10-06,28.70,app,pickup,completed
ORD-0113336,R-0262,2025-10-29,37.91,web,delivery,completed
ORD-0113337,R-0262,2025-10-03,36.78,web,delivery,completed
ORD-0113338,R-0262,2025-10-16,30.40,app,delivery,completed
ORD-0113339,R-0262,2025-10-05,44.85,app,pickup,completed
ORD-0113340,R-0262,2025-10-27,32.76,web,delivery,completed
ORD-0113341,R-0262,2025-10-19,25.49,web,delivery,completed
ORD-0113342,R-0262,2025-10-14,25.29,web,pickup,Completed
ORD-0113343,R-0262,2025-10-25,65.85,web,delivery,completed
ORD-0113344,R-0262,2025-10-28,28.96,web,delivery,completed
ORD-0113345,R-0262,2025-10-22,37.16,app,delivery,completed
ORD-0113346,R-0262,2025-10-20,23.43,web,delivery,completed
ORD-0113347,R-0262,2025-10-02,55.28,web,pickup,completed
ORD-0113348,R-0262,2025-10-08,39.30,app,pickup,completed
ORD-0113349,R-0262,2025-10-17,38.69,web,delivery,completed
ORD-0113350,R-0262,2025-10-05,55.27,web,pickup,completed
ORD-0113351,R-0262,2025-10-03,22.00,app,delivery,completed
ORD-0113352,R-0262,2025-10-09,27.77,web,delivery,completed
ORD-0113353,R-0262,2025-10-05,24.25,web,delivery,completed
ORD-0113354,R-0262,2025-10-17,39.59,web,delivery,completed
ORD-0113355,R-0262,2025-10-05,31.30,app,pickup,completed
ORD-0114590,R-0271,2025-10-20,33.89,web,pickup,completed
ORD-0114591,R-0271,2025-10-16,25.54,app,delivery,completed
ORD-0114592,R-0271,2025-10-25,22.68,app,delivery,completed
ORD-0114593,R-0271,2025-10-17,17.30,web,pickup,completed
ORD-0114594,R-0271,2025-10-25,9.31,app,delivery,completed
ORD-0114595,R-0271,2025-10-21,17.31,web,pickup,completed
ORD-0114596,R-0271,2025-10-04,21.07,web,pickup,completed
ORD-0114597,R-0271,2025-10-18,30.60,app,pickup,completed
ORD-0114598,R-0271,2025-10-14,29.31,web,delivery,completed
ORD-0114599,R-0271,2025-10-21,26.99,web,pickup,completed
ORD-0114600,R-0271,2025-10-10,20.32,app,delivery,completed
ORD-0114601,R-0271,2025-10-17,19.17,web,delivery,completed
ORD-0114602,R-0271,2025-10-13,31.13,web,delivery,completed
ORD-0114603,R-0271,2025-10-08,20.66,web,pickup,completed
ORD-0114604,R-0271,2025-10-13,26.12,web,delivery,Completed
ORD-0114605,R-0271,2025-10-25,68.72,app,pickup,completed
ORD-0114606,R-0271,2025-10-21,20.43,app,delivery,completed
ORD-0114607,R-0271,2025-10-14,73.66,web,pickup,COMPLETED
ORD-0114608,R-0271,2025-10-01,55.08,web,delivery,cancelled
ORD-0116231,R-0277,2025-10-09,24.14,web,delivery,completed
ORD-0116232,R-0277,2025-10-16,24.84,web,delivery,completed
ORD-0116233,R-0277,2025-10-15,19.89,app,delivery,completed
ORD-0116234,R-0277,2025-10-09,15.03,app,pickup,completed
ORD-0116235,R-0277,2025-10-10,12.20,app,delivery,COMPLETED
ORD-0116236,R-0277,2025-10-05,8.72,app,delivery,completed
ORD-0116237,R-0277,2025-10-30,10.26,app,delivery,completed
ORD-0116238,R-0277,2025-10-28,20.83,app,delivery,completed
ORD-0116239,R-0277,2025-10-26,21.06,app,delivery,completed
ORD-0116240,R-0277,2025-10-26,34.74,app,delivery,completed
ORD-0116241,R-0277,2025-10-11,46.42,app,delivery,completed
ORD-0116242,R-0277,2025-10-05,18.84,app,delivery,completed
ORD-0116243,R-0277,2025-10-27,36.86,app,delivery,completed
ORD-0116244,R-0277,2025-10-26,19.08,app,delivery,completed
ORD-0116245,R-0277,2025-10-18,67.69,web,delivery,completed
ORD-0116246,R-0277,2025-10-23,21.33,app,delivery,cancelled
ORD-0116247,R-0277,2025-10-31,32.04,app,delivery,COMPLETED
ORD-0116248,R-0277,2025-10-16,27.96,web,pickup,completed
ORD-0116249,R-0277,2025-10-24,23.13,app,delivery,completed
ORD-0116250,R-0277,2025-10-10,28.73,web,delivery,completed
ORD-0116251,R-0277,2025-10-30,51.26,web,pickup,completed
ORD-0116252,R-0277,2025-10-30,18.63,web,delivery,completed
ORD-0116253,R-0277,2025-10-03,29.95,app,delivery,completed
ORD-0116254,R-0277,2025-10-30,37.95,app,delivery,COMPLETED
ORD-0116255,R-0277,2025-10-07,7.60,app,delivery,completed
ORD-0116256,R-0277,2025-10-30,20.71,app,pickup,completed
ORD-0116257,R-0277,2025-10-17,37.20,app,delivery,completed
ORD-0116258,R-0277,2025-10-15,63.70,web,delivery,completed
ORD-0116259,R-0277,2025-10-18,30.28,app,delivery,COMPLETED
ORD-0116260,R-0277,2025-10-12,16.68,app,delivery,completed
ORD-0116261,R-0277,2025-10-31,29.77,app,delivery,cancelled
ORD-0116262,R-0277,2025-10-12,19.85,app,delivery,completed
ORD-0116263,R-0277,2025-10-31,30.41,app,delivery,completed
ORD-0116264,R-0277,2025-10-17,40.94,web,pickup,Completed
ORD-0116265,R-0277,2025-10-16,41.87,app,delivery,completed
ORD-0116266,R-0277,2025-10-09,43.16,app,pickup,Completed
ORD-0116267,R-0277,2025-10-02,58.43,app,delivery,completed
ORD-0116268,R-0277,2025-10-21,24.39,web,pickup,completed
ORD-0116269,R-0277,2025-10-18,40.81,app,delivery,COMPLETED
ORD-0116270,R-0277,2025-10-31,19.39,web,delivery,refunded
ORD-0116271,R-0277,2025-10-20,32.72,app,delivery,completed
ORD-0116272,R-0277,2025-10-27,53.03,app,pickup,completed
ORD-0116273,R-0277,2025-10-26,34.62,app,pickup,completed
ORD-0116274,R-0277,2025-10-28,10.20,app,delivery,completed
ORD-0116275,R-0277,2025-10-02,21.35,web,delivery,Completed
ORD-0116276,R-0277,2025-10-01,37.96,app,pickup,CANCELLED
ORD-0116277,R-0277,2025-10-10,21.27,app,pickup,completed
ORD-0116278,R-0277,2025-10-14,28.39,app,pickup,completed
ORD-0116279,R-0277,2025-10-21,25.06,app,delivery,completed
ORD-0117379,R-0281,2025-10-18,17.95,web,delivery,cancelled
ORD-0117380,R-0281,2025-10-22,18.67,web,delivery,completed
ORD-0117381,R-0281,2025-10-11,16.03,web,delivery,completed
ORD-0117382,R-0281,2025-10-23,20.29,web,delivery,completed
ORD-0117383,R-0281,2025-10-18,38.84,web,delivery,completed
ORD-0117384,R-0281,2025-10-01,23.74,app,pickup,completed
ORD-0117385,R-0281,2025-10-11,21.11,web,delivery,completed
ORD-0117386,R-0281,2025-10-10,15.84,web,pickup,completed
ORD-0117387,R-0281,2025-10-12,33.63,web,delivery,completed
ORD-0117388,R-0281,2025-10-09,31.71,web,delivery,completed
ORD-0117389,R-0281,2025-10-05,8.35,app,delivery,completed
ORD-0117390,R-0281,2025-10-11,43.11,web,delivery,completed
ORD-0117391,R-0281,2025-10-12,26.78,web,delivery,completed
ORD-0117392,R-0281,2025-10-30,22.15,web,pickup,completed
ORD-0117393,R-0281,2025-10-18,33.47,web,delivery,completed
ORD-0117394,R-0281,2025-10-19,23.23,app,delivery,completed
ORD-0117395,R-0281,2025-10-26,19.32,app,delivery,completed
ORD-0117396,R-0281,2025-10-25,15.62,app,delivery,completed
ORD-0117397,R-0281,2025-10-01,15.26,web,delivery,completed
ORD-0117398,R-0281,2025-10-25,11.79,web,pickup,completed
ORD-0117399,R-0281,2025-10-11,18.32,web,pickup,completed
ORD-0117400,R-0281,2025-10-04,22.28,app,delivery,COMPLETED
ORD-0117401,R-0281,2025-10-29,16.91,app,delivery,completed
ORD-0117402,R-0281,2025-10-31,19.78,web,pickup,completed
ORD-0117403,R-0281,2025-10-30,23.08,web,delivery,completed
ORD-0117404,R-0281,2025-10-17,25.70,web,delivery,completed
ORD-0117405,R-0281,2025-10-19,15.00,app,pickup,completed
ORD-0117406,R-0281,2025-10-19,15.09,web,pickup,completed
ORD-0117407,R-0281,2025-10-19,16.48,app,delivery,completed
ORD-0117408,R-0281,2025-10-30,18.54,web,delivery,completed
ORD-0117409,R-0281,2025-10-18,29.51,web,delivery,completed
ORD-0117410,R-0281,2025-10-13,17.58,web,pickup,completed
ORD-0117411,R-0281,2025-10-21,20.34,app,pickup,completed
ORD-0117412,R-0281,2025-10-25,12.62,app,pickup,completed
ORD-0117413,R-0281,2025-10-06,25.57,app,delivery,COMPLETED
ORD-0117414,R-0281,2025-10-24,19.47,web,delivery,completed
ORD-0117415,R-0281,2025-10-02,10.64,web,delivery,completed
ORD-0117416,R-0281,2025-10-24,32.64,web,delivery,completed
ORD-0117417,R-0281,2025-10-06,12.86,web,delivery,completed
ORD-0117418,R-0281,2025-10-03,25.56,app,pickup,completed
ORD-0117419,R-0281,2025-10-31,20.97,web,delivery,completed
ORD-0117420,R-0281,2025-10-13,29.41,web,delivery,COMPLETED
ORD-0117421,R-0281,2025-10-14,19.45,app,delivery,completed
ORD-0117422,R-0281,2025-10-23,15.42,app,pickup,COMPLETED
ORD-0117423,R-0281,2025-10-25,28.11,app,delivery,Completed
ORD-0117424,R-0281,2025-10-24,20.15,web,pickup,cancelled
ORD-0117425,R-0281,2025-10-04,54.86,web,pickup,completed
ORD-0117426,R-0281,2025-10-16,16.35,app,delivery,completed
ORD-0117427,R-0281,2025-10-27,21.17,web,delivery,completed
ORD-0117966,R-0282,2025-10-02,15.96,web,pickup,completed
ORD-0117967,R-0282,2025-10-22,32.44,web,delivery,completed
ORD-0117968,R-0282,2025-10-24,25.09,app,pickup,completed
ORD-0117969,R-0282,2025-10-02,24.04,web,pickup,Completed
ORD-0117970,R-0282,2025-10-07,24.16,app,delivery,completed
ORD-0117971,R-0282,2025-10-29,22.26,web,pickup,completed
ORD-0117972,R-0282,2025-10-19,41.10,app,pickup,completed
ORD-0117973,R-0282,2025-10-07,13.41,app,pickup,completed
ORD-0117974,R-0282,2025-10-15,43.74,web,pickup,cancelled
ORD-0117975,R-0282,2025-10-27,31.82,app,delivery,cancelled
ORD-0117976,R-0282,2025-10-27,15.93,app,delivery,completed
ORD-0117977,R-0282,2025-10-06,28.86,app,pickup,completed
ORD-0117978,R-0282,2025-10-16,9.06,app,pickup,completed
ORD-0117979,R-0282,2025-10-25,25.05,app,delivery,completed
ORD-0117980,R-0282,2025-10-12,17.47,app,pickup,completed
ORD-0117981,R-0282,2025-10-27,12.39,web,pickup,completed
ORD-0117982,R-0282,2025-10-04,33.13,web,pickup,completed
ORD-0117983,R-0282,2025-10-04,11.80,web,delivery,completed
ORD-0117984,R-0282,2025-10-11,15.93,app,delivery,completed
ORD-0117985,R-0282,2025-10-18,12.04,app,pickup,completed
ORD-0117986,R-0282,2025-10-25,27.15,app,pickup,completed
ORD-0117987,R-0282,2025-10-10,24.43,web,pickup,completed
ORD-0117988,R-0282,2025-10-10,23.59,app,delivery,completed
ORD-0117989,R-0282,2025-10-31,24.08,app,pickup,completed
ORD-0117990,R-0282,2025-10-10,28.51,app,pickup,completed
ORD-0117991,R-0282,2025-10-17,21.00,web,delivery,completed
ORD-0117992,R-0282,2025-10-11,15.87,web,delivery,completed
ORD-0117993,R-0282,2025-10-03,16.33,web,pickup,completed
ORD-0117994,R-0282,2025-10-16,21.62,app,pickup,completed
ORD-0117995,R-0282,2025-10-17,12.03,web,pickup,completed
ORD-0117996,R-0282,2025-10-13,30.82,web,pickup,Completed
ORD-0118739,R-0286,2025-10-30,53.38,app,pickup,completed
ORD-0118740,R-0286,2025-10-17,44.95,app,delivery,completed
ORD-0118741,R-0286,2025-10-25,56.75,web,delivery,Refunded
ORD-0118742,R-0286,2025-10-27,22.07,app,pickup,completed
ORD-0118743,R-0286,2025-10-05,33.33,web,pickup,completed
ORD-0118744,R-0286,2025-10-18,51.02,web,delivery,completed
ORD-0118745,R-0286,2025-10-29,25.64,web,delivery,completed
ORD-0118746,R-0286,2025-10-11,64.70,web,delivery,Completed
ORD-0118747,R-0286,2025-10-28,38.19,web,delivery,completed
ORD-0118748,R-0286,2025-10-12,52.54,web,delivery,completed
ORD-0118749,R-0286,2025-10-21,39.02,web,delivery,completed
ORD-0118750,R-0286,2025-10-22,97.86,web,delivery,completed
ORD-0118751,R-0286,2025-10-29,32.04,web,delivery,completed
ORD-0118752,R-0286,2025-10-28,63.59,app,delivery,cancelled
ORD-0118753,R-0286,2025-10-10,54.63,web,pickup,completed
ORD-0118754,R-0286,2025-10-11,57.33,web,delivery,completed
ORD-0118755,R-0286,2025-10-03,53.05,web,delivery,COMPLETED
ORD-0118756,R-0286,2025-10-11,87.66,app,delivery,completed
ORD-0118757,R-0286,2025-10-07,34.91,web,pickup,COMPLETED
ORD-0118758,R-0286,2025-10-11,53.72,app,delivery,completed
ORD-0118759,R-0286,2025-10-24,57.16,web,delivery,completed
ORD-0118760,R-0286,2025-10-10,71.33,web,delivery,completed
ORD-0118761,R-0286,2025-10-11,38.38,web,delivery,completed
ORD-0118762,R-0286,2025-10-24,98.09,web,pickup,completed
ORD-0118763,R-0286,2025-10-27,37.14,app,delivery,COMPLETED
ORD-0119611,R-0291,2025-10-28,92.01,app,pickup,completed
ORD-0119612,R-0291,2025-10-21,70.07,app,delivery,completed
ORD-0119613,R-0291,2025-10-18,72.48,web,delivery,completed
ORD-0119614,R-0291,2025-10-21,52.14,app,delivery,completed
ORD-0119615,R-0291,2025-10-30,34.97,web,pickup,COMPLETED
ORD-0119616,R-0291,2025-10-24,37.84,app,delivery,completed
ORD-0119617,R-0291,2025-10-18,42.36,app,delivery,completed
ORD-0119618,R-0291,2025-10-25,32.80,app,delivery,completed
ORD-0119619,R-0291,2025-10-20,43.79,web,delivery,completed
ORD-0119620,R-0291,2025-10-30,30.05,app,delivery,completed
ORD-0119621,R-0291,2025-10-17,43.55,web,pickup,completed
ORD-0119622,R-0291,2025-10-24,63.69,app,pickup,completed
ORD-0119623,R-0291,2025-10-30,32.03,app,delivery,completed
ORD-0119624,R-0291,2025-10-26,71.61,web,pickup,completed
ORD-0119625,R-0291,2025-10-16,23.25,web,delivery,completed
ORD-0119626,R-0291,2025-10-18,68.88,app,delivery,COMPLETED
ORD-0119627,R-0291,2025-10-26,34.56,web,delivery,completed
ORD-0119628,R-0291,2025-10-18,35.56,app,delivery,completed
ORD-0119629,R-0291,2025-10-16,53.00,web,pickup,completed
ORD-0121060,R-0297,2025-10-05,35.30,app,delivery,completed
ORD-0121061,R-0297,2025-10-07,48.62,web,pickup,COMPLETED
ORD-0121062,R-0297,2025-10-19,30.20,web,delivery,completed
ORD-0121063,R-0297,2025-10-11,25.55,web,pickup,completed
ORD-0121064,R-0297,2025-10-17,32.84,app,delivery,completed
ORD-0121065,R-0297,2025-10-03,62.31,app,delivery,completed
ORD-0121066,R-0297,2025-10-29,43.40,app,delivery,cancelled
ORD-0121067,R-0297,2025-10-30,32.73,web,delivery,completed
ORD-0121068,R-0297,2025-10-10,22.79,web,delivery,completed
ORD-0121069,R-0297,2025-10-08,37.90,app,delivery,completed
ORD-0121070,R-0297,2025-10-12,65.24,app,delivery,completed
ORD-0121071,R-0297,2025-10-08,41.30,web,delivery,Completed
ORD-0121072,R-0297,2025-10-30,47.12,app,delivery,completed
ORD-0121073,R-0297,2025-10-24,68.26,app,delivery,completed
ORD-0121074,R-0297,2025-10-09,32.28,web,pickup,completed
ORD-0121075,R-0297,2025-10-30,42.65,app,pickup,completed
ORD-0121076,R-0297,2025-10-02,38.91,web,delivery,completed
ORD-0121077,R-0297,2025-10-24,48.57,web,delivery,completed
ORD-0121078,R-0297,2025-10-17,38.32,web,delivery,completed
ORD-0121079,R-0297,2025-10-24,31.22,app,delivery,completed
ORD-0121080,R-0297,2025-10-06,38.29,web,delivery,completed
ORD-0121081,R-0297,2025-10-27,31.27,app,delivery,completed
ORD-0121082,R-0297,2025-10-07,33.93,app,delivery,completed
ORD-0121083,R-0297,2025-10-23,45.83,app,delivery,completed
ORD-0121084,R-0297,2025-10-10,43.74,web,delivery,completed
ORD-0121085,R-0297,2025-10-02,34.71,app,delivery,completed
ORD-0121086,R-0297,2025-10-25,28.92,web,delivery,completed
ORD-0121087,R-0297,2025-10-21,27.74,app,delivery,completed
ORD-0121088,R-0297,2025-10-31,16.29,web,delivery,completed
ORD-0121089,R-0297,2025-10-25,36.79,web,delivery,completed
ORD-0121090,R-0297,2025-10-30,39.49,web,delivery,completed
ORD-0121091,R-0297,2025-10-03,45.30,web,delivery,completed
ORD-0121092,R-0297,2025-10-05,29.12,app,delivery,COMPLETED
ORD-0121093,R-0297,2025-10-04,33.23,web,delivery,cancelled
ORD-0121094,R-0297,2025-10-12,51.15,web,delivery,completed
ORD-0121095,R-0297,2025-10-28,42.02,web,delivery,completed
ORD-0121096,R-0297,2025-10-10,39.21,web,delivery,completed
ORD-0121097,R-0297,2025-10-25,37.88,web,delivery,completed
ORD-0121098,R-0297,2025-10-24,40.05,web,delivery,completed
ORD-0121099,R-0297,2025-10-25,54.67,app,delivery,completed
ORD-0121100,R-0297,2025-10-31,62.87,app,delivery,completed
ORD-0121101,R-0297,2025-10-22,37.20,app,delivery,completed
ORD-0121102,R-0297,2025-10-01,20.16,app,delivery,Completed
ORD-0121103,R-0297,2025-10-24,50.94,web,delivery,completed
ORD-0121104,R-0297,2025-10-24,29.02,web,delivery,completed
ORD-0121105,R-0297,2025-10-01,62.65,app,pickup,completed
ORD-0121106,R-0297,2025-10-29,29.84,app,delivery,completed
ORD-0121107,R-0297,2025-10-04,60.59,app,delivery,Completed
ORD-0121108,R-0297,2025-10-23,27.63,app,pickup,COMPLETED
ORD-0121109,R-0297,2025-10-14,24.77,app,delivery,Completed
ORD-0121110,R-0297,2025-10-20,32.85,app,delivery,completed
ORD-0121111,R-0297,2025-10-17,23.63,app,delivery,completed
ORD-0121112,R-0297,2025-10-07,56.43,app,pickup,completed
ORD-0121113,R-0297,2025-10-17,28.57,web,delivery,completed
ORD-0121114,R-0297,2025-10-14,23.41,app,delivery,completed
ORD-0121115,R-0297,2025-10-15,50.82,web,delivery,completed
ORD-0121116,R-0297,2025-10-31,27.72,app,delivery,completed
ORD-0121117,R-0297,2025-10-10,43.50,app,delivery,completed
ORD-0121118,R-0297,2025-10-22,24.56,web,delivery,completed
ORD-0121119,R-0297,2025-10-18,37.04,app,delivery,completed
ORD-0121120,R-0297,2025-10-05,30.33,app,delivery,completed
ORD-0121121,R-0297,2025-10-14,40.36,web,delivery,completed
ORD-0121122,R-0297,2025-10-04,32.20,web,delivery,completed
ORD-0121123,R-0297,2025-10-06,27.27,app,pickup,completed
ORD-0121124,R-0297,2025-10-26,39.91,web,pickup,completed
ORD-0121125,R-0297,2025-10-21,31.05,app,delivery,completed
ORD-0121126,R-0297,2025-10-18,65.61,web,delivery,Completed
ORD-0121127,R-0297,2025-10-31,47.55,app,delivery,completed
ORD-0121128,R-0297,2025-10-04,28.88,app,delivery,completed
ORD-0121129,R-0297,2025-10-02,46.30,app,delivery,cancelled
ORD-0121130,R-0297,2025-10-20,26.86,web,delivery,completed
ORD-0121131,R-0297,2025-10-25,47.69,web,delivery,Completed
ORD-0121132,R-0297,2025-10-27,28.84,app,delivery,COMPLETED
ORD-0121133,R-0297,2025-10-10,38.13,web,delivery,completed
ORD-0121134,R-0297,2025-10-03,25.85,app,delivery,completed
ORD-0121135,R-0297,2025-10-18,35.39,web,delivery,completed
ORD-0121136,R-0297,2025-10-31,48.46,web,delivery,Completed
ORD-0121137,R-0297,2025-10-29,55.33,app,delivery,completed
ORD-0121138,R-0297,2025-10-07,31.01,web,delivery,completed
ORD-0121139,R-0297,2025-10-12,42.91,app,delivery,completed
ORD-0121140,R-0297,2025-10-18,29.13,app,delivery,completed
ORD-0121141,R-0297,2025-10-17,32.63,web,delivery,completed
ORD-0121142,R-0297,2025-10-10,48.61,app,delivery,completed
ORD-0121143,R-0297,2025-10-24,34.36,app,delivery,completed
ORD-0121144,R-0297,2025-10-06,36.79,web,delivery,completed
ORD-0121145,R-0297,2025-10-20,38.01,web,delivery,completed
ORD-0121146,R-0297,2025-10-16,32.74,web,delivery,Completed
ORD-0121147,R-0297,2025-10-01,23.97,web,pickup,completed
ORD-0121148,R-0297,2025-10-16,21.25,web,delivery,Completed
ORD-0121149,R-0297,2025-10-17,43.59,web,delivery,completed
ORD-0121150,R-0297,2025-10-19,36.08,app,delivery,completed
ORD-0121151,R-0297,2025-10-21,31.88,app,delivery,completed
ORD-0121152,R-0297,2025-10-23,22.78,web,delivery,completed
ORD-0121153,R-0297,2025-10-15,20.09,web,delivery,completed
ORD-0121154,R-0297,2025-10-14,41.14,app,pickup,completed
ORD-0121155,R-0297,2025-10-11,36.85,web,delivery,completed
ORD-0121156,R-0297,2025-10-12,51.22,app,delivery,cancelled
ORD-0121157,R-0297,2025-10-23,47.58,web,delivery,completed
ORD-0123477,R-0303,2025-10-31,26.64,app,delivery,completed
ORD-0123478,R-0303,2025-10-29,48.53,web,delivery,completed
ORD-0123479,R-0303,2025-10-31,52.03,app,pickup,Completed
ORD-0124072,R-0305,2025-10-27,32.04,web,delivery,completed
ORD-0124073,R-0305,2025-10-11,98.16,app,delivery,completed
ORD-0124074,R-0305,2025-10-24,64.42,web,delivery,completed
ORD-0124075,R-0305,2025-10-16,58.29,web,delivery,completed
ORD-0124076,R-0305,2025-10-21,63.37,app,delivery,completed
ORD-0124077,R-0305,2025-10-06,40.72,app,delivery,completed
ORD-0124078,R-0305,2025-10-13,43.50,web,delivery,COMPLETED
ORD-0124079,R-0305,2025-10-15,58.46,web,delivery,completed
ORD-0124080,R-0305,2025-10-25,88.34,web,delivery,completed
ORD-0124081,R-0305,2025-10-12,66.08,web,delivery,completed
ORD-0124082,R-0305,2025-10-31,38.48,app,delivery,completed
ORD-0124083,R-0305,2025-10-31,43.37,web,delivery,completed
ORD-0124084,R-0305,2025-10-06,64.97,web,delivery,completed
ORD-0124085,R-0305,2025-10-18,39.13,web,delivery,completed
ORD-0124086,R-0305,2025-10-09,43.49,app,delivery,completed
ORD-0124087,R-0305,2025-10-19,58.35,app,pickup,completed
ORD-0124088,R-0305,2025-10-22,98.00,web,delivery,completed
ORD-0124089,R-0305,2025-10-27,68.29,web,delivery,completed
ORD-0124090,R-0305,2025-10-21,46.42,web,delivery,completed
ORD-0124091,R-0305,2025-10-18,35.82,web,delivery,completed
ORD-0124092,R-0305,2025-10-07,105.66,web,delivery,completed
ORD-0124093,R-0305,2025-10-26,57.69,app,delivery,completed
ORD-0124094,R-0305,2025-10-24,52.09,web,delivery,completed
ORD-0124095,R-0305,2025-10-11,71.70,web,pickup,completed
ORD-0124096,R-0305,2025-10-31,36.14,app,delivery,completed
ORD-0124097,R-0305,2025-10-07,63.02,web,pickup,completed
ORD-0124098,R-0305,2025-10-23,52.38,app,delivery,COMPLETED
ORD-0124099,R-0305,2025-10-25,29.13,app,delivery,completed
ORD-0124100,R-0305,2025-10-19,61.42,app,delivery,completed
ORD-0124101,R-0305,2025-10-18,22.34,web,delivery,completed
ORD-0124102,R-0305,2025-10-21,45.09,app,delivery,completed
ORD-0124103,R-0305,2025-10-31,34.43,web,delivery,completed
ORD-0124104,R-0305,2025-10-25,42.68,web,delivery,completed
ORD-0124105,R-0305,2025-10-08,86.44,web,delivery,completed
ORD-0124106,R-0305,2025-10-11,58.08,app,delivery,completed
ORD-0124107,R-0305,2025-10-21,100.65,web,delivery,completed
ORD-0124108,R-0305,2025-10-23,66.31,web,delivery,completed
ORD-0124109,R-0305,2025-10-18,101.18,app,delivery,completed
ORD-0124110,R-0305,2025-10-02,85.35,web,delivery,completed
ORD-0124111,R-0305,2025-10-08,41.87,web,delivery,completed
ORD-0124112,R-0305,2025-10-03,78.23,web,pickup,completed
ORD-0124113,R-0305,2025-10-02,40.40,app,delivery,completed
ORD-0124114,R-0305,2025-10-03,69.75,app,delivery,completed
ORD-0124115,R-0305,2025-10-30,66.09,web,delivery,completed
ORD-0124116,R-0305,2025-10-11,79.46,web,delivery,completed
ORD-0124117,R-0305,2025-10-21,35.09,app,delivery,completed
ORD-0124118,R-0305,2025-10-15,78.96,web,delivery,completed
ORD-0124119,R-0305,2025-10-06,61.20,app,delivery,completed
ORD-0124120,R-0305,2025-10-31,69.63,web,delivery,completed
ORD-0124121,R-0305,2025-10-29,43.52,web,delivery,completed
ORD-0124122,R-0305,2025-10-09,43.48,app,delivery,completed
ORD-0124123,R-0305,2025-10-01,61.86,web,delivery,completed
ORD-0124124,R-0305,2025-10-23,114.66,app,delivery,completed
ORD-0124125,R-0305,2025-10-27,33.59,web,delivery,completed
ORD-0124126,R-0305,2025-10-01,68.59,web,delivery,completed
ORD-0124127,R-0305,2025-10-08,44.79,app,delivery,completed
ORD-0124128,R-0305,2025-10-03,64.31,web,delivery,CANCELLED
ORD-0124129,R-0305,2025-10-22,59.53,web,delivery,completed
ORD-0124130,R-0305,2025-10-10,31.91,app,delivery,completed
ORD-0124131,R-0305,2025-10-15,30.39,app,delivery,completed
ORD-0124132,R-0305,2025-10-05,97.58,web,pickup,completed
ORD-0124133,R-0305,2025-10-18,36.29,web,delivery,completed
ORD-0124134,R-0305,2025-10-17,30.08,web,delivery,completed
ORD-0124135,R-0305,2025-10-25,63.67,web,pickup,completed
ORD-0124136,R-0305,2025-10-24,42.86,web,delivery,completed
ORD-0124137,R-0305,2025-10-31,65.16,web,delivery,completed
ORD-0125115,R-0309,2025-10-13,46.44,app,pickup,completed
ORD-0125116,R-0309,2025-10-17,64.32,app,delivery,completed
ORD-0125117,R-0309,2025-10-19,57.81,app,pickup,completed
ORD-0125118,R-0309,2025-10-26,72.13,web,pickup,completed
ORD-0125119,R-0309,2025-10-20,40.92,app,pickup,completed
ORD-0125120,R-0309,2025-10-04,54.75,app,pickup,COMPLETED
ORD-0125121,R-0309,2025-10-31,62.54,web,pickup,COMPLETED
ORD-0125122,R-0309,2025-10-17,67.97,web,pickup,completed
ORD-0125123,R-0309,2025-10-18,50.35,web,pickup,Completed
ORD-0125124,R-0309,2025-10-06,32.00,web,delivery,completed
ORD-0125125,R-0309,2025-10-26,43.28,web,delivery,completed
ORD-0125126,R-0309,2025-10-18,43.38,app,delivery,COMPLETED
ORD-0125127,R-0309,2025-10-10,36.63,app,pickup,completed
ORD-0125128,R-0309,2025-10-10,78.23,web,pickup,completed
ORD-0125129,R-0309,2025-10-25,42.18,app,pickup,completed
ORD-0125130,R-0309,2025-10-25,24.69,app,pickup,completed
ORD-0125131,R-0309,2025-10-21,45.54,app,delivery,cancelled
ORD-0125132,R-0309,2025-10-29,52.80,app,delivery,completed
ORD-0125133,R-0309,2025-10-08,66.68,app,pickup,completed
ORD-0125134,R-0309,2025-10-27,56.46,app,delivery,completed
ORD-0125135,R-0309,2025-10-04,26.40,web,delivery,completed
ORD-0125136,R-0309,2025-10-24,16.00,app,delivery,completed
ORD-0125137,R-0309,2025-10-05,46.48,app,delivery,completed
ORD-0125138,R-0309,2025-10-05,44.05,app,delivery,completed
ORD-0125139,R-0309,2025-10-11,39.04,app,delivery,completed
ORD-0125140,R-0309,2025-10-03,24.93,app,pickup,completed
ORD-0125141,R-0309,2025-10-07,42.68,web,pickup,completed
ORD-0125142,R-0309,2025-10-03,63.21,web,pickup,completed
ORD-0125143,R-0309,2025-10-14,51.86,web,pickup,completed
ORD-0125144,R-0309,2025-10-03,51.63,app,delivery,completed
ORD-0125145,R-0309,2025-10-24,44.26,web,delivery,cancelled
ORD-0125146,R-0309,2025-10-18,37.64,app,delivery,COMPLETED
ORD-0125147,R-0309,2025-10-11,22.72,app,delivery,completed
ORD-0125148,R-0309,2025-10-30,40.70,app,pickup,completed
ORD-0125149,R-0309,2025-10-25,37.30,app,delivery,completed
ORD-0125150,R-0309,2025-10-22,84.90,app,pickup,completed
ORD-0125151,R-0309,2025-10-25,40.97,app,pickup,completed
ORD-0125152,R-0309,2025-10-08,41.62,web,pickup,completed
ORD-0125153,R-0309,2025-10-23,38.97,app,delivery,completed
ORD-0130144,R-0323,2025-10-18,39.83,web,delivery,completed
ORD-0130145,R-0323,2025-10-22,27.57,web,pickup,completed
ORD-0130146,R-0323,2025-10-05,25.85,web,delivery,completed
ORD-0130147,R-0323,2025-10-24,24.79,web,pickup,cancelled
ORD-0130148,R-0323,2025-10-06,26.91,web,delivery,completed
ORD-0130149,R-0323,2025-10-09,27.17,app,delivery,completed
ORD-0130150,R-0323,2025-10-04,30.15,web,delivery,completed
ORD-0130151,R-0323,2025-10-03,42.32,app,delivery,completed
ORD-0130152,R-0323,2025-10-24,29.28,web,delivery,completed
ORD-0130153,R-0323,2025-10-13,18.40,web,delivery,completed
ORD-0130154,R-0323,2025-10-03,26.54,app,pickup,completed
ORD-0130155,R-0323,2025-10-14,16.72,web,delivery,completed
ORD-0130156,R-0323,2025-10-21,20.68,app,delivery,completed
ORD-0130157,R-0323,2025-10-25,23.58,web,pickup,completed
ORD-0130158,R-0323,2025-10-25,24.43,app,delivery,completed
ORD-0130159,R-0323,2025-10-30,30.57,web,delivery,completed
ORD-0130160,R-0323,2025-10-25,20.57,app,pickup,completed
ORD-0130161,R-0323,2025-10-08,33.90,web,delivery,completed
ORD-0130162,R-0323,2025-10-08,42.36,app,pickup,completed
ORD-0130163,R-0323,2025-10-10,32.58,web,delivery,completed
ORD-0130164,R-0323,2025-10-27,20.39,web,delivery,completed
ORD-0130165,R-0323,2025-10-01,27.52,app,pickup,completed
ORD-0130166,R-0323,2025-10-11,14.35,web,delivery,completed
ORD-0130167,R-0323,2025-10-23,18.59,web,delivery,completed
ORD-0130168,R-0323,2025-10-18,28.61,web,delivery,completed
ORD-0130169,R-0323,2025-10-02,30.09,web,delivery,completed
ORD-0130170,R-0323,2025-10-21,20.57,web,delivery,completed
ORD-0130171,R-0323,2025-10-27,31.87,web,delivery,completed
ORD-0130172,R-0323,2025-10-31,32.84,app,pickup,completed
ORD-0130173,R-0323,2025-10-18,27.39,web,delivery,completed
ORD-0130174,R-0323,2025-10-24,28.63,app,pickup,completed
ORD-0130175,R-0323,2025-10-11,22.74,web,delivery,completed
ORD-0130176,R-0323,2025-10-30,36.22,web,delivery,completed
ORD-0130177,R-0323,2025-10-06,25.08,app,pickup,completed
ORD-0130178,R-0323,2025-10-27,57.77,app,delivery,completed
ORD-0130179,R-0323,2025-10-16,41.68,app,delivery,completed
ORD-0130180,R-0323,2025-10-11,23.34,web,delivery,completed
ORD-0130181,R-0323,2025-10-23,26.28,app,delivery,completed
ORD-0130182,R-0323,2025-10-31,22.50,app,delivery,Completed
ORD-0130183,R-0323,2025-10-31,24.26,web,delivery,completed
ORD-0130184,R-0323,2025-10-03,13.48,web,pickup,completed
ORD-0130185,R-0323,2025-10-07,23.63,web,delivery,completed
ORD-0130186,R-0323,2025-10-25,21.15,app,pickup,completed
ORD-0130187,R-0323,2025-10-11,19.84,app,delivery,completed
ORD-0130188,R-0323,2025-10-28,29.18,web,delivery,completed
ORD-0130189,R-0323,2025-10-26,23.93,app,delivery,completed
ORD-0130190,R-0323,2025-10-29,18.87,web,delivery,COMPLETED
ORD-0130191,R-0323,2025-10-01,20.31,app,delivery,completed
ORD-0130192,R-0323,2025-10-17,14.22,app,delivery,completed
ORD-0130193,R-0323,2025-10-02,25.44,app,pickup,completed
ORD-0130194,R-0323,2025-10-25,26.88,web,delivery,cancelled
ORD-0130195,R-0323,2025-10-04,31.42,app,delivery,completed
ORD-0130196,R-0323,2025-10-09,19.33,app,pickup,completed
ORD-0130197,R-0323,2025-10-17,42.58,web,delivery,COMPLETED
ORD-0130198,R-0323,2025-10-04,11.00,web,delivery,completed
ORD-0130199,R-0323,2025-10-04,41.30,app,delivery,completed
ORD-0130200,R-0323,2025-10-10,15.12,web,delivery,Completed
ORD-0130201,R-0323,2025-10-02,28.87,app,delivery,completed
ORD-0130202,R-0323,2025-10-09,68.23,web,delivery,completed
ORD-0130203,R-0323,2025-10-16,17.45,web,delivery,completed
ORD-0130204,R-0323,2025-10-21,29.33,web,delivery,completed
ORD-0130205,R-0323,2025-10-29,17.59,app,pickup,completed
ORD-0130206,R-0323,2025-10-12,22.13,app,delivery,completed
ORD-0130207,R-0323,2025-10-16,30.82,app,delivery,completed
ORD-0130208,R-0323,2025-10-25,24.38,app,pickup,completed
ORD-0130209,R-0323,2025-10-27,28.70,web,delivery,completed
ORD-0130210,R-0323,2025-10-19,32.58,app,delivery,completed
ORD-0130211,R-0323,2025-10-22,27.31,web,delivery,completed
ORD-0130212,R-0323,2025-10-20,44.70,web,delivery,completed
ORD-0130213,R-0323,2025-10-02,23.20,web,delivery,completed
ORD-0130214,R-0323,2025-10-01,21.47,app,pickup,completed
ORD-0130215,R-0323,2025-10-05,34.57,app,pickup,completed
ORD-0130216,R-0323,2025-10-06,21.66,app,delivery,completed
ORD-0130217,R-0323,2025-10-10,38.73,app,delivery,completed
ORD-0130218,R-0323,2025-10-01,33.59,app,delivery,completed
ORD-0130219,R-0323,2025-10-23,38.26,app,delivery,completed
ORD-0130220,R-0323,2025-10-17,25.77,app,pickup,cancelled
ORD-0130221,R-0323,2025-10-31,25.61,web,pickup,completed
ORD-0130222,R-0323,2025-10-21,25.16,app,pickup,completed
ORD-0130223,R-0323,2025-10-05,32.23,app,delivery,completed
ORD-0130224,R-0323,2025-10-17,48.17,app,pickup,COMPLETED
ORD-0130225,R-0323,2025-10-26,36.32,web,pickup,completed
ORD-0130226,R-0323,2025-10-20,43.26,web,pickup,completed
ORD-0130227,R-0323,2025-10-11,25.92,web,delivery,completed
ORD-0130228,R-0323,2025-10-13,32.60,web,delivery,cancelled
ORD-0130229,R-0323,2025-10-08,27.32,app,pickup,Completed
ORD-0130230,R-0323,2025-10-12,18.38,app,pickup,completed
ORD-0130231,R-0323,2025-10-13,25.96,web,delivery,completed
ORD-0130232,R-0323,2025-10-06,30.18,app,delivery,completed
ORD-0130233,R-0323,2025-10-17,21.42,web,delivery,completed
ORD-0130234,R-0323,2025-10-16,30.00,app,delivery,completed
ORD-0130235,R-0323,2025-10-09,17.32,web,pickup,completed
ORD-0130236,R-0323,2025-10-07,17.51,web,delivery,completed
ORD-0130237,R-0323,2025-10-21,40.97,web,delivery,completed
ORD-0130238,R-0323,2025-10-20,14.41,web,delivery,completed
ORD-0130239,R-0323,2025-10-01,30.70,app,delivery,Completed
ORD-0130240,R-0323,2025-10-25,19.21,web,delivery,Completed
ORD-0130241,R-0323,2025-10-10,49.09,web,delivery,completed
ORD-0130242,R-0323,2025-10-26,21.82,web,delivery,completed
ORD-0130243,R-0323,2025-10-03,27.63,app,delivery,completed
ORD-0130244,R-0323,2025-10-05,31.93,web,delivery,completed
ORD-0130245,R-0323,2025-10-19,24.88,web,delivery,completed
ORD-0130246,R-0323,2025-10-22,24.65,app,pickup,completed
ORD-0130247,R-0323,2025-10-28,23.03,web,delivery,completed
ORD-0130248,R-0323,2025-10-11,28.04,app,delivery,completed
ORD-0130249,R-0323,2025-10-19,23.22,app,delivery,completed
ORD-0130250,R-0323,2025-10-03,25.42,app,delivery,completed
ORD-0130251,R-0323,2025-10-13,48.76,web,pickup,completed
ORD-0130252,R-0323,2025-10-23,27.71,app,delivery,completed
ORD-0130253,R-0323,2025-10-11,33.05,app,delivery,Completed
ORD-0130254,R-0323,2025-10-11,35.12,app,delivery,completed
ORD-0130255,R-0323,2025-10-19,27.92,web,delivery,COMPLETED
ORD-0130256,R-0323,2025-10-19,24.36,web,delivery,completed
ORD-0130257,R-0323,2025-10-12,27.21,app,delivery,completed
ORD-0130258,R-0323,2025-10-20,21.91,app,delivery,completed
ORD-0130259,R-0323,2025-10-02,24.55,web,pickup,completed
ORD-0130260,R-0323,2025-10-04,33.25,web,delivery,Completed
ORD-0130261,R-0323,2025-10-26,20.74,app,pickup,cancelled
ORD-0130262,R-0323,2025-10-27,22.68,app,delivery,COMPLETED
ORD-0130263,R-0323,2025-10-21,10.63,app,delivery,completed
ORD-0130264,R-0323,2025-10-18,27.26,app,delivery,completed
ORD-0130265,R-0323,2025-10-12,24.44,app,delivery,completed
ORD-0130266,R-0323,2025-10-05,19.28,web,delivery,completed
ORD-0130267,R-0323,2025-10-15,28.92,app,delivery,completed
ORD-0130268,R-0323,2025-10-27,16.04,app,pickup,completed
ORD-0130269,R-0323,2025-10-13,26.09,app,delivery,completed
ORD-0130270,R-0323,2025-10-18,37.04,app,delivery,cancelled
ORD-0130271,R-0323,2025-10-18,24.70,web,delivery,COMPLETED
ORD-0130272,R-0323,2025-10-03,32.12,app,pickup,completed
ORD-0130273,R-0323,2025-10-12,19.57,web,delivery,completed
ORD-0130274,R-0323,2025-10-23,45.97,app,delivery,completed
ORD-0130275,R-0323,2025-10-07,19.57,app,delivery,COMPLETED
ORD-0130276,R-0323,2025-10-13,28.75,app,delivery,completed
ORD-0130277,R-0323,2025-10-04,25.21,app,delivery,COMPLETED
ORD-0130278,R-0323,2025-10-12,29.02,app,delivery,completed
ORD-0130279,R-0323,2025-10-03,43.86,web,delivery,completed
ORD-0130280,R-0323,2025-10-17,38.76,app,delivery,cancelled
ORD-0130281,R-0323,2025-10-12,24.61,web,pickup,completed
ORD-0130282,R-0323,2025-10-25,22.42,app,delivery,completed
ORD-0130283,R-0323,2025-10-15,25.79,app,pickup,completed
ORD-0130284,R-0323,2025-10-25,17.82,app,pickup,completed
ORD-0130285,R-0323,2025-10-29,25.97,app,pickup,COMPLETED
ORD-0130286,R-0323,2025-10-14,45.18,web,delivery,completed
ORD-0130287,R-0323,2025-10-19,36.54,app,delivery,completed
ORD-0130288,R-0323,2025-10-11,38.98,app,delivery,COMPLETED
ORD-0130289,R-0323,2025-10-25,23.06,web,delivery,completed
ORD-0130290,R-0323,2025-10-20,24.37,web,pickup,completed
ORD-0130291,R-0323,2025-10-15,24.85,app,pickup,completed
ORD-0130292,R-0323,2025-10-07,25.22,web,delivery,completed
ORD-0130293,R-0323,2025-10-16,55.86,web,pickup,completed
ORD-0130294,R-0323,2025-10-25,14.03,web,pickup,completed
ORD-0130295,R-0323,2025-10-04,33.51,app,delivery,refunded
ORD-0130296,R-0323,2025-10-10,19.91,app,delivery,completed
ORD-0130297,R-0323,2025-10-16,16.62,app,pickup,completed
ORD-0130298,R-0323,2025-10-24,32.53,web,pickup,COMPLETED
ORD-0130299,R-0323,2025-10-14,28.35,app,delivery,completed
ORD-0130300,R-0323,2025-10-28,39.07,web,delivery,completed
ORD-0130301,R-0323,2025-10-06,21.15,web,delivery,completed
ORD-0130302,R-0323,2025-10-15,29.63,app,pickup,completed
ORD-0130303,R-0323,2025-10-01,14.78,app,delivery,completed
ORD-0130304,R-0323,2025-10-04,30.05,app,delivery,completed
ORD-0130305,R-0323,2025-10-19,28.27,app,delivery,completed
ORD-0130306,R-0323,2025-10-21,40.03,web,pickup,completed
ORD-0130307,R-0323,2025-10-04,27.35,app,delivery,COMPLETED
ORD-0130308,R-0323,2025-10-03,42.70,app,delivery,completed
ORD-0130309,R-0323,2025-10-30,43.13,web,delivery,completed
ORD-0130310,R-0323,2025-10-12,47.07,web,delivery,completed
ORD-0130311,R-0323,2025-10-21,21.01,app,delivery,COMPLETED
ORD-0130312,R-0323,2025-10-04,26.49,app,delivery,completed
ORD-0130313,R-0323,2025-10-31,33.69,web,delivery,completed
ORD-0130314,R-0323,2025-10-09,20.83,app,pickup,completed
ORD-0130315,R-0323,2025-10-15,41.98,web,delivery,completed
ORD-0130316,R-0323,2025-10-30,14.15,web,delivery,refunded
ORD-0130317,R-0323,2025-10-19,21.64,app,pickup,cancelled
ORD-0130318,R-0323,2025-10-21,12.76,app,delivery,completed
ORD-0130319,R-0323,2025-10-25,27.34,app,delivery,completed
ORD-0130320,R-0323,2025-10-10,23.29,app,pickup,completed
ORD-0130321,R-0323,2025-10-23,12.52,app,delivery,completed
ORD-0130322,R-0323,2025-10-11,78.26,web,pickup,COMPLETED
ORD-0130323,R-0323,2025-10-19,48.87,app,pickup,completed
ORD-0130324,R-0323,2025-10-23,59.60,app,delivery,completed
ORD-0130325,R-0323,2025-10-11,25.58,app,delivery,completed
ORD-0130326,R-0323,2025-10-16,20.89,app,delivery,Completed
ORD-0130327,R-0323,2025-10-16,33.97,app,delivery,completed
ORD-0130328,R-0323,2025-10-02,19.44,web,delivery,completed
ORD-0130329,R-0323,2025-10-13,21.19,app,delivery,completed
ORD-0130330,R-0323,2025-10-05,30.51,app,delivery,completed
ORD-0130331,R-0323,2025-10-06,32.58,app,pickup,Cancelled
ORD-0130332,R-0323,2025-10-31,14.33,web,delivery,COMPLETED
ORD-0130333,R-0323,2025-10-20,33.83,app,delivery,completed
ORD-0130334,R-0323,2025-10-27,41.08,app,delivery,completed
ORD-0130335,R-0323,2025-10-21,19.76,app,pickup,completed
ORD-0130336,R-0323,2025-10-18,18.60,app,delivery,Completed
ORD-0130337,R-0323,2025-10-16,27.40,app,delivery,completed
ORD-0130338,R-0323,2025-10-19,27.61,app,pickup,refunded
ORD-0130339,R-0323,2025-10-29,23.28,web,delivery,completed
ORD-0130340,R-0323,2025-10-10,37.08,app,delivery,completed
ORD-0130341,R-0323,2025-10-03,30.52,app,delivery,completed
ORD-0130342,R-0323,2025-10-31,33.72,app,pickup,completed
ORD-0130343,R-0323,2025-10-26,38.17,app,delivery,Completed
ORD-0130344,R-0323,2025-10-14,28.76,app,delivery,completed
ORD-0130345,R-0323,2025-10-18,16.97,app,delivery,completed
ORD-0130346,R-0323,2025-10-31,28.52,app,delivery,COMPLETED
ORD-0130347,R-0323,2025-10-09,25.01,app,delivery,completed
ORD-0130348,R-0323,2025-10-11,33.54,app,delivery,COMPLETED
ORD-0130349,R-0323,2025-10-12,28.55,web,delivery,completed
ORD-0130350,R-0323,2025-10-03,34.44,app,delivery,completed
ORD-0130351,R-0323,2025-10-27,33.14,web,delivery,completed
ORD-0130352,R-0323,2025-10-26,50.33,app,delivery,completed
ORD-0130353,R-0323,2025-10-21,34.21,web,delivery,completed
ORD-0130354,R-0323,2025-10-11,19.67,app,pickup,completed
ORD-0130355,R-0323,2025-10-16,20.03,app,delivery,completed
ORD-0130356,R-0323,2025-10-10,31.51,web,pickup,completed
ORD-0130357,R-0323,2025-10-17,11.07,app,delivery,completed
ORD-0130358,R-0323,2025-10-25,49.39,app,delivery,completed
ORD-0130359,R-0323,2025-10-21,21.29,app,pickup,completed
ORD-0130360,R-0323,2025-10-03,68.27,web,pickup,completed
ORD-0130361,R-0323,2025-10-25,20.94,app,pickup,cancelled
ORD-0130362,R-0323,2025-10-30,40.31,web,pickup,completed
ORD-0130363,R-0323,2025-10-05,50.22,web,pickup,completed
ORD-0130364,R-0323,2025-10-15,51.56,web,delivery,completed
ORD-0130365,R-0323,2025-10-18,22.09,app,delivery,completed
ORD-0130366,R-0323,2025-10-05,33.51,web,delivery,completed
ORD-0130367,R-0323,2025-10-24,47.16,app,delivery,completed
ORD-0130368,R-0323,2025-10-25,19.47,web,delivery,completed
ORD-0130369,R-0323,2025-10-03,41.15,app,pickup,completed
ORD-0130370,R-0323,2025-10-25,25.91,app,delivery,completed
ORD-0130371,R-0323,2025-10-26,23.49,web,delivery,completed
ORD-0130372,R-0323,2025-10-02,25.17,app,delivery,completed
ORD-0130373,R-0323,2025-10-06,20.18,web,delivery,completed
ORD-0130374,R-0323,2025-10-18,33.95,web,delivery,completed
ORD-0130375,R-0323,2025-10-13,20.49,web,pickup,completed
ORD-0130376,R-0323,2025-10-07,22.85,web,delivery,completed
ORD-0130377,R-0323,2025-10-12,20.10,web,pickup,completed
ORD-0130378,R-0323,2025-10-16,24.33,app,delivery,completed
ORD-0130379,R-0323,2025-10-17,33.91,app,pickup,completed
ORD-0130380,R-0323,2025-10-06,27.26,app,delivery,completed
ORD-0130381,R-0323,2025-10-08,56.90,app,delivery,completed
ORD-0130382,R-0323,2025-10-26,47.25,app,delivery,COMPLETED
ORD-0130383,R-0323,2025-10-17,37.67,app,delivery,completed
ORD-0130384,R-0323,2025-10-02,24.07,app,delivery,completed
ORD-0130385,R-0323,2025-10-22,44.29,app,delivery,completed
ORD-0130386,R-0323,2025-10-13,41.09,app,delivery,completed
ORD-0130387,R-0323,2025-10-01,33.18,app,delivery,completed
ORD-0130388,R-0323,2025-10-07,65.48,web,delivery,completed
ORD-0130389,R-0323,2025-10-18,20.91,web,delivery,COMPLETED
ORD-0130390,R-0323,2025-10-18,17.78,web,delivery,completed
ORD-0130391,R-0323,2025-10-04,53.64,app,pickup,COMPLETED
ORD-0130392,R-0323,2025-10-10,42.20,app,delivery,completed
ORD-0130393,R-0323,2025-10-07,46.51,web,delivery,completed
ORD-0130394,R-0323,2025-10-09,41.29,web,delivery,completed
ORD-0130395,R-0323,2025-10-31,12.09,app,delivery,Completed
ORD-0130396,R-0323,2025-10-28,10.73,web,delivery,completed
ORD-0130397,R-0323,2025-10-19,25.81,app,delivery,completed
ORD-0130398,R-0323,2025-10-17,32.25,app,pickup,completed
ORD-0130399,R-0323,2025-10-19,33.50,app,delivery,completed
ORD-0130400,R-0323,2025-10-25,13.40,app,delivery,cancelled
ORD-0130401,R-0323,2025-10-12,47.36,app,delivery,completed
ORD-0130402,R-0323,2025-10-29,25.55,app,delivery,completed
ORD-0130403,R-0323,2025-10-03,20.47,web,pickup,completed
ORD-0130404,R-0323,2025-10-05,31.93,app,delivery,completed
ORD-0130405,R-0323,2025-10-27,21.23,web,delivery,completed
ORD-0130406,R-0323,2025-10-04,19.71,app,pickup,completed
ORD-0130407,R-0323,2025-10-15,15.93,web,pickup,completed
ORD-0130408,R-0323,2025-10-25,32.41,app,delivery,completed
ORD-0130409,R-0323,2025-10-19,34.40,web,delivery,Completed
ORD-0130410,R-0323,2025-10-06,30.09,app,delivery,COMPLETED
ORD-0130411,R-0323,2025-10-27,37.15,app,delivery,cancelled
ORD-0130412,R-0323,2025-10-08,26.24,app,pickup,completed
ORD-0130413,R-0323,2025-10-30,11.60,web,delivery,completed
ORD-0130414,R-0323,2025-10-27,28.16,app,pickup,completed
ORD-0130415,R-0323,2025-10-10,17.81,app,delivery,COMPLETED
ORD-0130416,R-0323,2025-10-25,32.89,app,pickup,COMPLETED
ORD-0130417,R-0323,2025-10-29,18.01,web,delivery,completed
ORD-0130418,R-0323,2025-10-18,22.99,web,delivery,completed
ORD-0130419,R-0323,2025-10-10,24.04,app,delivery,completed
ORD-0130420,R-0323,2025-10-31,16.41,web,pickup,completed
ORD-0130421,R-0323,2025-10-22,20.04,app,pickup,completed
ORD-0130422,R-0323,2025-10-20,26.59,app,delivery,completed
ORD-0130423,R-0323,2025-10-01,20.84,app,pickup,completed
ORD-0130424,R-0323,2025-10-17,25.54,web,delivery,completed
ORD-0130425,R-0323,2025-10-13,26.76,app,delivery,completed
ORD-0130426,R-0323,2025-10-02,18.53,app,pickup,Completed
ORD-0130427,R-0323,2025-10-11,30.80,app,delivery,completed
ORD-0130428,R-0323,2025-10-30,20.17,app,delivery,refunded
ORD-0130429,R-0323,2025-10-29,38.05,app,delivery,completed
ORD-0130430,R-0323,2025-10-25,36.36,app,pickup,completed
ORD-0132779,R-0324,2025-10-15,27.35,web,delivery,completed
ORD-0132780,R-0324,2025-10-08,25.42,app,delivery,completed
ORD-0132781,R-0324,2025-10-24,45.14,web,pickup,completed
ORD-0132782,R-0324,2025-10-17,57.57,app,delivery,completed
ORD-0132783,R-0324,2025-10-09,30.31,web,delivery,completed
ORD-0132784,R-0324,2025-10-02,38.97,app,pickup,completed
ORD-0132785,R-0324,2025-10-17,15.56,app,pickup,completed
ORD-0132786,R-0324,2025-10-24,32.98,web,delivery,completed
ORD-0132787,R-0324,2025-10-27,10.52,web,pickup,completed
ORD-0132788,R-0324,2025-10-15,31.40,web,pickup,completed
ORD-0132789,R-0324,2025-10-07,13.49,app,pickup,completed
ORD-0132790,R-0324,2025-10-06,27.33,app,pickup,completed
ORD-0132791,R-0324,2025-10-15,37.13,app,delivery,completed
ORD-0132792,R-0324,2025-10-31,9.64,web,delivery,completed
ORD-0132793,R-0324,2025-10-26,12.65,app,delivery,completed
ORD-0132794,R-0324,2025-10-11,18.28,web,pickup,completed
ORD-0132795,R-0324,2025-10-16,27.65,app,pickup,completed
ORD-0132796,R-0324,2025-10-26,11.97,app,pickup,completed
ORD-0132797,R-0324,2025-10-26,48.49,web,delivery,completed
ORD-0132798,R-0324,2025-10-04,47.87,web,pickup,completed
ORD-0132799,R-0324,2025-10-05,31.87,web,pickup,completed
ORD-0132800,R-0324,2025-10-01,45.93,web,pickup,completed
ORD-0132801,R-0324,2025-10-17,34.84,app,delivery,completed
ORD-0132802,R-0324,2025-10-31,20.53,app,pickup,completed
ORD-0132803,R-0324,2025-10-14,12.74,app,pickup,completed
ORD-0132804,R-0324,2025-10-11,27.47,app,delivery,completed
ORD-0132805,R-0324,2025-10-17,38.06,web,pickup,completed
ORD-0132806,R-0324,2025-10-19,20.24,app,delivery,Completed
ORD-0132807,R-0324,2025-10-18,34.32,app,delivery,cancelled
ORD-0132808,R-0324,2025-10-13,17.42,web,pickup,completed
ORD-0132809,R-0324,2025-10-22,20.41,web,delivery,COMPLETED
ORD-0133004,R-0326,2025-10-06,22.67,web,pickup,refunded
ORD-0133005,R-0326,2025-10-31,12.97,web,delivery,completed
ORD-0133006,R-0326,2025-10-06,21.69,web,delivery,completed
ORD-0133007,R-0326,2025-10-26,24.28,web,pickup,completed
ORD-0133008,R-0326,2025-10-12,15.33,web,pickup,completed
ORD-0133009,R-0326,2025-10-03,25.53,web,delivery,completed
ORD-0133010,R-0326,2025-10-07,13.11,web,delivery,completed
ORD-0133011,R-0326,2025-10-24,14.22,web,delivery,completed
ORD-0133012,R-0326,2025-10-31,28.65,web,pickup,completed
ORD-0133013,R-0326,2025-10-25,42.35,web,pickup,COMPLETED
ORD-0133014,R-0326,2025-10-11,20.24,web,pickup,completed
ORD-0133015,R-0326,2025-10-17,16.85,web,delivery,completed
ORD-0133016,R-0326,2025-10-21,12.06,app,pickup,completed
ORD-0133017,R-0326,2025-10-14,23.93,web,delivery,completed
ORD-0133018,R-0326,2025-10-10,26.95,web,delivery,completed
ORD-0133019,R-0326,2025-10-26,24.63,web,pickup,completed
ORD-0133020,R-0326,2025-10-04,14.25,web,delivery,completed
ORD-0133021,R-0326,2025-10-22,32.76,app,delivery,completed
ORD-0133022,R-0326,2025-10-05,28.13,web,pickup,completed
ORD-0133023,R-0326,2025-10-25,9.96,web,delivery,completed
ORD-0133024,R-0326,2025-10-11,15.82,web,pickup,completed
ORD-0133025,R-0326,2025-10-01,20.17,web,delivery,completed
ORD-0133026,R-0326,2025-10-21,19.01,web,delivery,completed
ORD-0133027,R-0326,2025-10-18,16.67,web,pickup,completed
ORD-0133028,R-0326,2025-10-13,13.86,web,pickup,Completed
ORD-0133029,R-0326,2025-10-12,27.63,web,pickup,completed
ORD-0133030,R-0326,2025-10-17,10.84,app,delivery,completed
ORD-0133031,R-0326,2025-10-28,24.59,web,pickup,completed
ORD-0133032,R-0326,2025-10-17,20.32,web,pickup,completed
ORD-0133033,R-0326,2025-10-17,26.40,web,delivery,completed
ORD-0133034,R-0326,2025-10-11,25.85,web,pickup,completed
ORD-0133035,R-0326,2025-10-17,9.97,web,delivery,completed
ORD-0133036,R-0326,2025-10-19,21.77,web,pickup,completed
ORD-0133037,R-0326,2025-10-08,15.49,web,delivery,COMPLETED
ORD-0133038,R-0326,2025-10-12,34.84,web,pickup,completed
ORD-0133039,R-0326,2025-10-09,25.37,web,pickup,COMPLETED
ORD-0133040,R-0326,2025-10-04,9.10,web,delivery,completed
ORD-0133041,R-0326,2025-10-26,15.56,app,pickup,completed
ORD-0133042,R-0326,2025-10-18,14.47,web,delivery,completed
ORD-0133043,R-0326,2025-10-14,12.81,app,delivery,completed
ORD-0133044,R-0326,2025-10-14,19.33,app,pickup,completed
ORD-0133045,R-0326,2025-10-22,27.61,web,pickup,completed
ORD-0133046,R-0326,2025-10-17,8.59,web,delivery,completed
ORD-0133047,R-0326,2025-10-25,10.40,web,delivery,completed
ORD-0133048,R-0326,2025-10-03,12.91,web,delivery,completed
ORD-0133049,R-0326,2025-10-04,19.53,web,pickup,Completed
ORD-0133050,R-0326,2025-10-25,40.71,web,pickup,completed
ORD-0133051,R-0326,2025-10-29,10.59,web,pickup,completed
ORD-0133052,R-0326,2025-10-15,22.23,app,pickup,completed
ORD-0133053,R-0326,2025-10-29,7.20,web,pickup,completed
ORD-0133054,R-0326,2025-10-11,17.89,web,pickup,completed
ORD-0133055,R-0326,2025-10-02,17.38,web,pickup,completed
ORD-0134321,R-0329,2025-10-06,12.91,web,delivery,completed
ORD-0134322,R-0329,2025-10-02,40.61,app,pickup,COMPLETED
ORD-0134323,R-0329,2025-10-08,29.39,app,pickup,completed
ORD-0134324,R-0329,2025-10-24,24.17,app,pickup,completed
ORD-0134325,R-0329,2025-10-26,32.78,app,pickup,completed
ORD-0134326,R-0329,2025-10-09,22.79,app,delivery,COMPLETED
ORD-0134327,R-0329,2025-10-17,29.59,app,delivery,Completed
ORD-0134328,R-0329,2025-10-19,28.59,app,delivery,completed
ORD-0134329,R-0329,2025-10-05,18.96,web,delivery,COMPLETED
ORD-0134330,R-0329,2025-10-18,29.41,app,delivery,completed
ORD-0134331,R-0329,2025-10-20,18.06,app,delivery,completed
ORD-0134332,R-0329,2025-10-10,26.71,web,pickup,completed
ORD-0134333,R-0329,2025-10-05,36.44,app,delivery,Completed
ORD-0134334,R-0329,2025-10-14,17.36,web,delivery,COMPLETED
ORD-0134335,R-0329,2025-10-05,35.26,app,delivery,COMPLETED
ORD-0134336,R-0329,2025-10-22,16.36,app,pickup,completed
ORD-0134337,R-0329,2025-10-19,21.38,app,delivery,completed
ORD-0134338,R-0329,2025-10-07,31.00,web,pickup,completed
ORD-0134339,R-0329,2025-10-02,27.83,app,pickup,completed
ORD-0134340,R-0329,2025-10-20,27.65,app,pickup,completed
ORD-0134341,R-0329,2025-10-10,38.73,web,pickup,Completed
ORD-0134342,R-0329,2025-10-17,33.33,web,pickup,completed
ORD-0134343,R-0329,2025-10-29,32.24,app,pickup,completed
ORD-0134344,R-0329,2025-10-16,24.95,app,pickup,completed
ORD-0134345,R-0329,2025-10-25,35.56,web,delivery,completed
ORD-0134346,R-0329,2025-10-30,21.11,app,pickup,completed
ORD-0134347,R-0329,2025-10-03,47.39,app,pickup,completed
ORD-0134348,R-0329,2025-10-21,29.95,app,delivery,completed
ORD-0134349,R-0329,2025-10-11,17.75,app,delivery,completed
ORD-0134350,R-0329,2025-10-18,28.68,app,pickup,completed
ORD-0134351,R-0329,2025-10-26,23.68,app,delivery,completed
ORD-0134352,R-0329,2025-10-17,17.18,web,delivery,Completed
ORD-0134353,R-0329,2025-10-31,54.97,web,pickup,completed
ORD-0134354,R-0329,2025-10-28,30.56,web,delivery,completed
ORD-0134355,R-0329,2025-10-20,48.51,app,delivery,completed
ORD-0134356,R-0329,2025-10-15,35.73,app,delivery,completed
ORD-0134357,R-0329,2025-10-06,26.10,app,delivery,completed
ORD-0134358,R-0329,2025-10-10,24.77,web,pickup,completed
ORD-0134359,R-0329,2025-10-03,21.84,app,delivery,completed
ORD-0134360,R-0329,2025-10-19,24.73,web,pickup,completed
ORD-0134361,R-0329,2025-10-22,20.91,app,delivery,refunded
ORD-0134362,R-0329,2025-10-03,23.20,web,delivery,completed
ORD-0134363,R-0329,2025-10-19,42.29,app,delivery,completed
ORD-0134364,R-0329,2025-10-10,33.89,app,delivery,completed
ORD-0134365,R-0329,2025-10-18,54.83,app,delivery,completed
ORD-0134366,R-0329,2025-10-30,31.36,web,delivery,completed
ORD-0134367,R-0329,2025-10-13,18.97,web,delivery,completed
ORD-0134368,R-0329,2025-10-03,45.26,app,delivery,completed
ORD-0134369,R-0329,2025-10-31,20.24,web,delivery,completed
ORD-0134936,R-0330,2025-10-21,40.40,app,delivery,completed
ORD-0134937,R-0330,2025-10-24,46.97,app,pickup,completed
ORD-0134938,R-0330,2025-10-21,20.82,web,delivery,completed
ORD-0134939,R-0330,2025-10-26,14.24,web,delivery,completed
ORD-0134940,R-0330,2025-10-10,39.56,app,pickup,completed
ORD-0134941,R-0330,2025-10-22,25.88,web,delivery,completed
ORD-0134942,R-0330,2025-10-26,25.29,web,pickup,completed
ORD-0134943,R-0330,2025-10-04,16.19,web,delivery,completed
ORD-0134944,R-0330,2025-10-09,27.42,web,pickup,completed
ORD-0134945,R-0330,2025-10-03,16.32,app,delivery,completed
ORD-0134946,R-0330,2025-10-29,21.26,web,pickup,refunded
ORD-0134947,R-0330,2025-10-23,24.14,web,pickup,completed
ORD-0134948,R-0330,2025-10-19,42.55,app,delivery,completed
ORD-0134949,R-0330,2025-10-25,24.65,web,pickup,completed
ORD-0134950,R-0330,2025-10-12,31.79,web,delivery,Completed
ORD-0134951,R-0330,2025-10-16,41.86,app,delivery,completed
ORD-0134952,R-0330,2025-10-11,22.60,web,pickup,completed
ORD-0134953,R-0330,2025-10-07,21.98,web,pickup,completed
ORD-0134954,R-0330,2025-10-17,26.05,app,delivery,completed
ORD-0134955,R-0330,2025-10-07,20.60,web,delivery,completed
ORD-0134956,R-0330,2025-10-26,46.65,web,pickup,completed
ORD-0134957,R-0330,2025-10-16,38.93,app,pickup,completed
ORD-0134958,R-0330,2025-10-24,71.57,web,pickup,completed
ORD-0134971,R-0331,2025-10-26,50.73,web,delivery,completed
ORD-0134972,R-0331,2025-10-14,32.10,app,delivery,completed
ORD-0134973,R-0331,2025-10-08,26.62,app,pickup,completed
ORD-0134974,R-0331,2025-10-08,17.11,web,delivery,COMPLETED
ORD-0134975,R-0331,2025-10-19,47.81,app,delivery,completed
ORD-0134976,R-0331,2025-10-25,25.49,web,delivery,cancelled
ORD-0134977,R-0331,2025-10-22,56.09,app,delivery,completed
ORD-0134978,R-0331,2025-10-11,39.64,app,delivery,completed
ORD-0134979,R-0331,2025-10-20,29.16,app,delivery,completed
ORD-0134980,R-0331,2025-10-29,20.90,web,pickup,completed
ORD-0134981,R-0331,2025-10-18,35.37,app,delivery,completed
ORD-0134982,R-0331,2025-10-22,28.00,app,delivery,completed
ORD-0134983,R-0331,2025-10-30,20.00,app,delivery,cancelled
ORD-0134984,R-0331,2025-10-05,36.67,app,delivery,completed
ORD-0134985,R-0331,2025-10-01,35.38,web,delivery,completed
ORD-0134986,R-0331,2025-10-01,20.42,app,delivery,completed
ORD-0134987,R-0331,2025-10-10,28.92,app,delivery,completed
ORD-0134988,R-0331,2025-10-08,41.39,app,delivery,completed
ORD-0134989,R-0331,2025-10-24,26.69,web,pickup,completed
ORD-0134990,R-0331,2025-10-09,20.84,app,delivery,Completed
ORD-0134991,R-0331,2025-10-03,25.62,app,delivery,completed
ORD-0135339,R-0334,2025-10-15,76.96,web,pickup,completed
ORD-0135340,R-0334,2025-10-15,54.90,app,pickup,completed
ORD-0135341,R-0334,2025-10-06,44.34,web,pickup,completed
ORD-0135342,R-0334,2025-10-17,68.47,web,pickup,completed
ORD-0135343,R-0334,2025-10-06,32.35,web,delivery,completed
ORD-0135344,R-0334,2025-10-11,37.76,app,pickup,completed
ORD-0135345,R-0334,2025-10-05,67.72,app,delivery,COMPLETED
ORD-0135346,R-0334,2025-10-09,83.56,app,pickup,completed
ORD-0135347,R-0334,2025-10-01,51.69,web,delivery,completed
ORD-0135348,R-0334,2025-10-26,74.40,web,pickup,completed
ORD-0135349,R-0334,2025-10-30,45.10,web,pickup,completed
ORD-0135350,R-0334,2025-10-01,75.36,web,delivery,completed
ORD-0135351,R-0334,2025-10-31,30.73,web,pickup,completed
ORD-0135352,R-0334,2025-10-01,32.28,app,pickup,completed
ORD-0135353,R-0334,2025-10-30,38.08,web,delivery,completed
ORD-0135354,R-0334,2025-10-26,52.11,web,pickup,completed
ORD-0135355,R-0334,2025-10-31,33.39,web,delivery,completed
ORD-0135356,R-0334,2025-10-08,26.22,web,pickup,refunded
ORD-0135357,R-0334,2025-10-19,63.32,web,pickup,completed
ORD-0135358,R-0334,2025-10-11,58.76,web,pickup,COMPLETED
ORD-0135359,R-0334,2025-10-02,34.09,app,pickup,completed
ORD-0135360,R-0334,2025-10-07,26.52,web,pickup,completed
ORD-0135361,R-0334,2025-10-31,57.54,web,delivery,completed
ORD-0135362,R-0334,2025-10-04,102.15,web,pickup,completed
ORD-0135363,R-0334,2025-10-29,24.53,web,pickup,completed
ORD-0135364,R-0334,2025-10-08,49.65,web,pickup,completed
ORD-0135365,R-0334,2025-10-06,49.86,web,pickup,COMPLETED
ORD-0135366,R-0334,2025-10-02,49.59,web,delivery,completed
ORD-0135367,R-0334,2025-10-25,57.97,web,delivery,completed
ORD-0135368,R-0334,2025-10-20,45.75,app,delivery,cancelled
ORD-0135369,R-0334,2025-10-27,58.44,web,delivery,COMPLETED
ORD-0135370,R-0334,2025-10-22,41.92,web,delivery,COMPLETED
ORD-0135371,R-0334,2025-10-01,61.33,web,pickup,Completed
ORD-0135372,R-0334,2025-10-18,44.68,web,pickup,completed
ORD-0135373,R-0334,2025-10-10,64.35,web,pickup,completed
ORD-0135374,R-0334,2025-10-30,54.88,web,pickup,completed
ORD-0135375,R-0334,2025-10-25,66.18,web,delivery,completed
ORD-0135376,R-0334,2025-10-11,92.16,web,pickup,completed
ORD-0135377,R-0334,2025-10-11,55.28,app,pickup,completed
ORD-0135378,R-0334,2025-10-24,33.14,web,pickup,completed
ORD-0135379,R-0334,2025-10-20,50.57,web,pickup,completed
ORD-0135380,R-0334,2025-10-05,35.35,app,pickup,completed
ORD-0135381,R-0334,2025-10-17,56.43,web,delivery,completed
ORD-0135382,R-0334,2025-10-07,46.00,web,pickup,completed
ORD-0135383,R-0334,2025-10-13,63.04,app,pickup,completed
ORD-0135384,R-0334,2025-10-10,24.54,web,pickup,COMPLETED
ORD-0135385,R-0334,2025-10-13,68.76,app,pickup,completed
ORD-0135386,R-0334,2025-10-31,35.47,app,delivery,Completed
ORD-0135387,R-0334,2025-10-12,49.90,web,pickup,completed
ORD-0135388,R-0334,2025-10-11,46.68,web,pickup,cancelled
ORD-0135389,R-0334,2025-10-25,29.76,web,pickup,completed
ORD-0135390,R-0334,2025-10-06,53.47,app,pickup,completed
ORD-0135391,R-0334,2025-10-30,37.86,app,pickup,refunded
ORD-0135392,R-0334,2025-10-31,75.64,web,pickup,completed
ORD-0135393,R-0334,2025-10-21,36.16,web,delivery,completed
ORD-0135394,R-0334,2025-10-11,58.89,web,pickup,completed
ORD-0135395,R-0334,2025-10-18,81.44,web,pickup,completed
ORD-0135396,R-0334,2025-10-13,48.78,app,pickup,completed
ORD-0135397,R-0334,2025-10-27,54.14,web,pickup,Cancelled
ORD-0135398,R-0334,2025-10-09,55.51,app,delivery,completed
ORD-0135399,R-0334,2025-10-05,51.74,app,delivery,COMPLETED
ORD-0135400,R-0334,2025-10-11,30.15,web,pickup,completed
ORD-0135401,R-0334,2025-10-18,38.17,web,pickup,completed
ORD-0135402,R-0334,2025-10-18,72.57,web,pickup,cancelled
ORD-0135403,R-0334,2025-10-12,48.26,web,pickup,completed
ORD-0135404,R-0334,2025-10-31,43.05,app,pickup,completed
ORD-0135405,R-0334,2025-10-11,33.68,web,pickup,completed
ORD-0135406,R-0334,2025-10-24,28.00,app,pickup,completed
ORD-0135407,R-0334,2025-10-01,30.21,web,pickup,completed
ORD-0135408,R-0334,2025-10-25,63.19,app,pickup,completed
ORD-0135409,R-0334,2025-10-27,40.50,web,pickup,completed
ORD-0135410,R-0334,2025-10-11,101.70,web,pickup,completed
ORD-0135411,R-0334,2025-10-23,43.75,app,pickup,completed
ORD-0135412,R-0334,2025-10-23,31.32,web,pickup,completed
ORD-0135413,R-0334,2025-10-08,52.95,web,delivery,completed
ORD-0135414,R-0334,2025-10-22,82.00,app,pickup,Completed
ORD-0135415,R-0334,2025-10-09,23.75,web,pickup,COMPLETED
ORD-0135416,R-0334,2025-10-05,38.18,web,pickup,Completed
ORD-0135417,R-0334,2025-10-16,55.20,web,delivery,COMPLETED
ORD-0135418,R-0334,2025-10-11,34.35,web,pickup,completed
ORD-0135419,R-0334,2025-10-19,54.91,web,delivery,completed
ORD-0135420,R-0334,2025-10-31,34.03,web,pickup,completed
ORD-0136412,R-0335,2025-10-29,47.38,web,delivery,completed
ORD-0136413,R-0335,2025-10-07,27.62,app,delivery,Completed
ORD-0136414,R-0335,2025-10-09,51.36,web,delivery,completed
ORD-0136415,R-0335,2025-10-04,43.74,web,pickup,completed
ORD-0136416,R-0335,2025-10-18,28.90,web,pickup,completed
ORD-0136417,R-0335,2025-10-14,36.89,web,delivery,completed
ORD-0136418,R-0335,2025-10-24,33.61,web,delivery,completed
ORD-0136419,R-0335,2025-10-02,20.36,web,delivery,Completed
ORD-0136420,R-0335,2025-10-24,54.12,web,delivery,COMPLETED
ORD-0136421,R-0335,2025-10-26,33.81,web,delivery,completed
ORD-0136422,R-0335,2025-10-25,29.62,web,pickup,completed
ORD-0136423,R-0335,2025-10-01,38.26,app,delivery,completed
ORD-0136424,R-0335,2025-10-26,42.91,app,delivery,completed
ORD-0136425,R-0335,2025-10-30,54.24,web,pickup,completed
ORD-0136426,R-0335,2025-10-07,53.80,web,delivery,completed
ORD-0136427,R-0335,2025-10-04,28.90,web,delivery,completed
ORD-0136428,R-0335,2025-10-13,50.17,app,delivery,completed
ORD-0136429,R-0335,2025-10-26,39.76,web,delivery,completed
ORD-0136430,R-0335,2025-10-09,33.80,app,delivery,Completed
ORD-0136431,R-0335,2025-10-24,54.00,app,delivery,Completed
ORD-0136432,R-0335,2025-10-30,47.48,web,delivery,completed
ORD-0136433,R-0335,2025-10-23,42.00,web,delivery,completed
ORD-0136434,R-0335,2025-10-07,33.85,web,delivery,completed
ORD-0136435,R-0335,2025-10-03,60.20,web,delivery,completed
ORD-0136436,R-0335,2025-10-12,50.49,web,delivery,completed
ORD-0136437,R-0335,2025-10-04,45.33,web,delivery,completed
ORD-0136438,R-0335,2025-10-13,40.31,app,delivery,completed
ORD-0136439,R-0335,2025-10-05,36.82,app,delivery,completed
ORD-0136440,R-0335,2025-10-13,17.70,web,delivery,completed
ORD-0136441,R-0335,2025-10-25,30.78,web,delivery,COMPLETED
ORD-0136442,R-0335,2025-10-27,36.14,web,pickup,COMPLETED
ORD-0136443,R-0335,2025-10-04,29.48,web,pickup,completed
ORD-0136444,R-0335,2025-10-23,47.61,web,pickup,Completed
ORD-0136748,R-0336,2025-10-20,30.29,app,delivery,COMPLETED
ORD-0136749,R-0336,2025-10-10,27.42,app,delivery,completed
ORD-0136750,R-0336,2025-10-11,53.31,app,delivery,COMPLETED
ORD-0136751,R-0336,2025-10-11,23.13,app,delivery,completed
ORD-0136752,R-0336,2025-10-09,30.31,app,pickup,cancelled
ORD-0136753,R-0336,2025-10-18,27.72,app,pickup,completed
ORD-0136754,R-0336,2025-10-09,36.88,web,delivery,completed
ORD-0136755,R-0336,2025-10-10,28.19,app,delivery,completed
ORD-0136756,R-0336,2025-10-26,40.89,app,delivery,completed
ORD-0136757,R-0336,2025-10-07,34.83,app,delivery,completed
ORD-0136758,R-0336,2025-10-01,21.08,web,pickup,Completed
ORD-0136759,R-0336,2025-10-23,21.66,app,delivery,completed
ORD-0136760,R-0336,2025-10-20,46.09,web,delivery,completed
ORD-0136761,R-0336,2025-10-31,30.31,app,delivery,completed
ORD-0136762,R-0336,2025-10-18,28.50,web,pickup,completed
ORD-0136763,R-0336,2025-10-10,30.47,app,delivery,completed
ORD-0136764,R-0336,2025-10-14,32.68,app,pickup,COMPLETED
ORD-0136765,R-0336,2025-10-08,33.90,app,pickup,Completed
ORD-0136766,R-0336,2025-10-04,43.54,app,pickup,completed
ORD-0136767,R-0336,2025-10-18,20.49,app,pickup,COMPLETED
ORD-0136768,R-0336,2025-10-14,46.27,app,pickup,COMPLETED
ORD-0136769,R-0336,2025-10-24,32.19,app,delivery,completed
ORD-0136770,R-0336,2025-10-02,30.91,app,pickup,completed
ORD-0136771,R-0336,2025-10-30,17.26,web,pickup,COMPLETED
ORD-0136772,R-0336,2025-10-17,27.65,app,delivery,completed
ORD-0136773,R-0336,2025-10-24,25.19,web,delivery,Completed
ORD-0136774,R-0336,2025-10-05,38.07,app,pickup,COMPLETED
ORD-0136775,R-0336,2025-10-18,29.00,app,delivery,completed
ORD-0136776,R-0336,2025-10-14,33.64,web,pickup,completed
ORD-0136777,R-0336,2025-10-31,25.54,app,delivery,completed
ORD-0136778,R-0336,2025-10-22,24.26,web,delivery,completed
ORD-0136779,R-0336,2025-10-15,22.79,app,delivery,completed
ORD-0136780,R-0336,2025-10-24,57.47,app,delivery,completed
ORD-0136781,R-0336,2025-10-21,23.34,web,delivery,completed
ORD-0136782,R-0336,2025-10-11,26.26,app,delivery,completed
ORD-0136783,R-0336,2025-10-04,36.06,app,delivery,cancelled
ORD-0136784,R-0336,2025-10-11,21.37,web,delivery,completed
ORD-0136785,R-0336,2025-10-25,49.40,app,delivery,Completed
ORD-0136786,R-0336,2025-10-19,44.13,app,delivery,completed
ORD-0136787,R-0336,2025-10-11,40.70,web,delivery,completed
ORD-0136788,R-0336,2025-10-18,32.55,web,delivery,completed
ORD-0136789,R-0336,2025-10-16,34.40,app,delivery,completed
ORD-0136790,R-0336,2025-10-02,32.83,web,delivery,Completed
ORD-0136791,R-0336,2025-10-14,26.58,app,delivery,completed
ORD-0136792,R-0336,2025-10-11,30.87,app,delivery,completed
ORD-0136793,R-0336,2025-10-03,28.34,app,delivery,completed
ORD-0136794,R-0336,2025-10-29,28.48,app,delivery,completed
ORD-0136795,R-0336,2025-10-19,33.31,web,pickup,completed
ORD-0136796,R-0336,2025-10-11,37.99,app,delivery,COMPLETED
ORD-0136797,R-0336,2025-10-18,32.95,web,delivery,completed
ORD-0136798,R-0336,2025-10-14,34.62,web,pickup,completed
ORD-0136799,R-0336,2025-10-31,46.58,app,delivery,completed
ORD-0136800,R-0336,2025-10-09,27.08,app,delivery,refunded
ORD-0136801,R-0336,2025-10-15,35.28,web,delivery,completed
ORD-0136802,R-0336,2025-10-23,33.55,web,pickup,completed
ORD-0138897,R-0339,2025-10-31,12.26,app,delivery,CANCELLED
ORD-0138898,R-0339,2025-10-25,19.64,app,delivery,completed
ORD-0138899,R-0339,2025-10-06,29.34,web,delivery,completed
ORD-0138900,R-0339,2025-10-04,29.26,app,delivery,completed
ORD-0138901,R-0339,2025-10-11,33.74,app,delivery,completed
ORD-0138902,R-0339,2025-10-02,27.65,web,delivery,completed
ORD-0138903,R-0339,2025-10-30,12.19,web,delivery,completed
ORD-0138904,R-0339,2025-10-10,19.32,web,delivery,cancelled
ORD-0138905,R-0339,2025-10-24,17.81,web,delivery,completed
ORD-0138906,R-0339,2025-10-21,30.72,web,delivery,completed
ORD-0138907,R-0339,2025-10-26,25.27,web,delivery,completed
ORD-0138908,R-0339,2025-10-07,22.92,web,delivery,completed
ORD-0138909,R-0339,2025-10-28,22.93,app,delivery,completed
ORD-0138910,R-0339,2025-10-28,27.13,web,delivery,completed
ORD-0138911,R-0339,2025-10-21,31.73,web,delivery,completed
ORD-0138912,R-0339,2025-10-25,14.98,web,delivery,completed
ORD-0138913,R-0339,2025-10-30,19.38,app,delivery,completed
ORD-0138914,R-0339,2025-10-17,19.81,web,delivery,Completed
ORD-0138915,R-0339,2025-10-08,16.16,app,delivery,Completed
ORD-0138916,R-0339,2025-10-09,23.00,web,delivery,completed
ORD-0138917,R-0339,2025-10-18,24.92,app,pickup,completed
ORD-0138918,R-0339,2025-10-28,17.64,app,delivery,completed
ORD-0138919,R-0339,2025-10-10,19.41,app,pickup,COMPLETED
ORD-0138920,R-0339,2025-10-06,23.70,app,delivery,completed
ORD-0138921,R-0339,2025-10-27,16.86,web,delivery,completed
ORD-0138922,R-0339,2025-10-01,24.03,web,delivery,completed
ORD-0138923,R-0339,2025-10-27,17.89,app,delivery,completed
ORD-0138924,R-0339,2025-10-08,37.62,app,delivery,completed
ORD-0138925,R-0339,2025-10-17,28.68,web,delivery,completed
ORD-0138926,R-0339,2025-10-12,42.18,web,delivery,Completed
ORD-0138927,R-0339,2025-10-24,20.51,web,pickup,completed
ORD-0138928,R-0339,2025-10-09,22.02,web,delivery,completed
ORD-0138929,R-0339,2025-10-19,26.94,app,delivery,completed
ORD-0138930,R-0339,2025-10-04,17.55,web,delivery,completed
ORD-0138931,R-0339,2025-10-28,23.27,web,delivery,completed
ORD-0138932,R-0339,2025-10-28,14.21,app,delivery,completed
ORD-0138933,R-0339,2025-10-07,14.98,app,pickup,cancelled
ORD-0138934,R-0339,2025-10-04,27.47,web,delivery,COMPLETED
ORD-0138935,R-0339,2025-10-04,28.25,web,delivery,completed
ORD-0138936,R-0339,2025-10-25,12.55,web,delivery,refunded
ORD-0138937,R-0339,2025-10-15,17.83,app,delivery,CANCELLED
ORD-0138938,R-0339,2025-10-31,21.39,web,delivery,completed
ORD-0138939,R-0339,2025-10-19,28.40,web,delivery,completed
ORD-0139113,R-0340,2025-10-31,39.04,web,delivery,cancelled
ORD-0139114,R-0340,2025-10-31,25.17,web,delivery,Completed
ORD-0139912,R-0341,2025-10-12,25.86,web,delivery,completed
ORD-0139913,R-0341,2025-10-17,24.46,app,delivery,completed
ORD-0139914,R-0341,2025-10-24,38.61,web,delivery,completed
ORD-0139915,R-0341,2025-10-25,30.30,app,pickup,completed
ORD-0139916,R-0341,2025-10-31,33.99,app,pickup,Completed
ORD-0139917,R-0341,2025-10-24,45.45,web,delivery,completed
ORD-0139918,R-0341,2025-10-19,24.58,web,delivery,COMPLETED
ORD-0139919,R-0341,2025-10-09,49.71,web,delivery,completed
ORD-0139920,R-0341,2025-10-05,32.58,web,delivery,COMPLETED
ORD-0139921,R-0341,2025-10-01,35.44,app,delivery,completed
ORD-0139922,R-0341,2025-10-12,26.87,web,pickup,completed
ORD-0139923,R-0341,2025-10-01,39.51,web,delivery,completed
ORD-0139924,R-0341,2025-10-26,38.52,app,pickup,completed
ORD-0139925,R-0341,2025-10-11,47.21,app,pickup,completed
ORD-0139926,R-0341,2025-10-08,16.13,app,delivery,COMPLETED
ORD-0139927,R-0341,2025-10-08,22.93,web,delivery,completed
ORD-0139928,R-0341,2025-10-18,38.20,web,delivery,completed
ORD-0139929,R-0341,2025-10-01,40.06,app,delivery,completed
ORD-0139930,R-0341,2025-10-27,57.20,app,delivery,completed
ORD-0139931,R-0341,2025-10-24,28.21,web,delivery,completed
ORD-0139932,R-0341,2025-10-02,17.78,web,delivery,COMPLETED
ORD-0139933,R-0341,2025-10-05,51.91,web,pickup,completed
ORD-0139934,R-0341,2025-10-28,31.29,web,pickup,completed
ORD-0140277,R-0342,2025-10-09,32.88,app,pickup,Completed
ORD-0140278,R-0342,2025-10-26,39.02,app,delivery,completed
ORD-0140279,R-0342,2025-10-02,30.29,app,pickup,completed
ORD-0140280,R-0342,2025-10-30,54.37,app,pickup,completed
ORD-0140281,R-0342,2025-10-21,38.14,app,delivery,completed
ORD-0140282,R-0342,2025-10-27,19.27,app,pickup,completed
ORD-0140283,R-0342,2025-10-22,48.95,web,pickup,completed
ORD-0140284,R-0342,2025-10-17,30.64,web,delivery,completed
ORD-0140285,R-0342,2025-10-18,33.10,app,delivery,completed
ORD-0140286,R-0342,2025-10-01,34.59,web,delivery,completed
ORD-0140287,R-0342,2025-10-17,37.79,web,pickup,completed
ORD-0140288,R-0342,2025-10-23,31.15,web,delivery,completed
ORD-0140289,R-0342,2025-10-02,24.12,web,pickup,completed
ORD-0140290,R-0342,2025-10-02,35.31,app,delivery,completed
ORD-0140291,R-0342,2025-10-25,44.74,web,delivery,completed
ORD-0140292,R-0342,2025-10-05,28.01,web,pickup,completed
ORD-0140293,R-0342,2025-10-10,38.69,web,delivery,completed
ORD-0140294,R-0342,2025-10-11,38.54,web,pickup,completed
ORD-0140295,R-0342,2025-10-29,33.12,app,pickup,Completed
ORD-0140296,R-0342,2025-10-13,30.65,web,delivery,Completed
ORD-0140297,R-0342,2025-10-17,36.02,web,delivery,completed
ORD-0140298,R-0342,2025-10-27,27.57,app,pickup,completed
ORD-0140299,R-0342,2025-10-15,25.03,web,pickup,completed
ORD-0140300,R-0342,2025-10-01,24.07,app,delivery,cancelled
ORD-0140301,R-0342,2025-10-26,23.77,app,pickup,completed
ORD-0140302,R-0342,2025-10-18,23.83,app,delivery,completed
ORD-0140303,R-0342,2025-10-24,37.61,app,delivery,completed
ORD-0140304,R-0342,2025-10-03,48.62,app,pickup,completed
ORD-0140305,R-0342,2025-10-25,32.03,app,pickup,completed
ORD-0140306,R-0342,2025-10-26,21.35,web,delivery,completed
ORD-0140307,R-0342,2025-10-11,20.88,app,pickup,completed
ORD-0140308,R-0342,2025-10-30,30.97,app,delivery,completed
ORD-0140309,R-0342,2025-10-23,45.34,app,delivery,completed
ORD-0140310,R-0342,2025-10-20,29.59,web,delivery,completed
ORD-0140311,R-0342,2025-10-29,23.50,app,pickup,completed
ORD-0140312,R-0342,2025-10-10,48.42,web,delivery,completed
ORD-0140313,R-0342,2025-10-29,45.09,web,delivery,completed
ORD-0140314,R-0342,2025-10-12,29.82,app,pickup,completed
ORD-0140315,R-0342,2025-10-24,20.87,web,pickup,completed
ORD-0140316,R-0342,2025-10-19,43.64,app,pickup,completed
ORD-0140317,R-0342,2025-10-13,36.12,app,pickup,completed
ORD-0140586,R-0345,2025-10-23,80.53,web,delivery,completed
ORD-0140587,R-0345,2025-10-04,78.37,app,pickup,completed
ORD-0140588,R-0345,2025-10-26,73.31,app,pickup,completed
ORD-0140589,R-0345,2025-10-21,49.30,web,pickup,completed
ORD-0140590,R-0345,2025-10-03,68.29,app,pickup,Completed
ORD-0140591,R-0345,2025-10-26,31.87,app,pickup,completed
ORD-0140592,R-0345,2025-10-18,70.89,web,pickup,completed
ORD-0140593,R-0345,2025-10-30,67.49,app,delivery,completed
ORD-0140594,R-0345,2025-10-18,67.09,web,delivery,completed
ORD-0140595,R-0345,2025-10-25,84.73,app,delivery,completed
ORD-0140596,R-0345,2025-10-31,74.77,app,delivery,completed
ORD-0140597,R-0345,2025-10-29,63.89,web,pickup,completed
ORD-0140598,R-0345,2025-10-25,80.08,web,pickup,cancelled
ORD-0140599,R-0345,2025-10-01,48.08,app,pickup,Completed
ORD-0140600,R-0345,2025-10-11,49.20,app,pickup,completed
ORD-0140601,R-0345,2025-10-25,50.27,app,pickup,completed
ORD-0140602,R-0345,2025-10-26,74.06,app,pickup,completed
ORD-0140603,R-0345,2025-10-17,43.09,web,delivery,completed
ORD-0140604,R-0345,2025-10-20,50.88,web,pickup,completed
ORD-0140605,R-0345,2025-10-11,62.30,web,pickup,completed
ORD-0141394,R-0348,2025-10-20,25.51,web,delivery,completed
ORD-0141395,R-0348,2025-10-31,69.11,web,delivery,completed
ORD-0141396,R-0348,2025-10-17,32.58,web,delivery,completed
ORD-0141397,R-0348,2025-10-15,45.08,web,pickup,completed
ORD-0141398,R-0348,2025-10-30,46.56,web,delivery,completed
ORD-0141399,R-0348,2025-10-09,48.54,app,delivery,completed
ORD-0141400,R-0348,2025-10-03,50.56,web,delivery,completed
ORD-0141401,R-0348,2025-10-24,90.46,web,pickup,completed
ORD-0141402,R-0348,2025-10-19,71.49,app,delivery,completed
ORD-0141403,R-0348,2025-10-03,55.40,web,delivery,completed
ORD-0141404,R-0348,2025-10-13,49.28,app,delivery,completed
ORD-0141405,R-0348,2025-10-20,45.94,web,pickup,COMPLETED
ORD-0141406,R-0348,2025-10-26,73.78,app,pickup,cancelled
ORD-0141407,R-0348,2025-10-31,71.81,web,delivery,completed
ORD-0141408,R-0348,2025-10-06,31.54,web,delivery,completed
ORD-0141409,R-0348,2025-10-16,53.04,app,pickup,completed
ORD-0141410,R-0348,2025-10-30,27.41,app,delivery,completed
ORD-0141411,R-0348,2025-10-09,48.15,app,delivery,completed
ORD-0141412,R-0348,2025-10-29,44.88,app,delivery,completed
ORD-0141413,R-0348,2025-10-02,63.18,web,delivery,completed
ORD-0141414,R-0348,2025-10-18,48.01,web,delivery,completed
ORD-0141415,R-0348,2025-10-08,40.36,web,pickup,completed
ORD-0141416,R-0348,2025-10-15,63.38,app,pickup,cancelled
ORD-0141417,R-0348,2025-10-30,43.26,app,delivery,completed
ORD-0141418,R-0348,2025-10-26,51.99,web,pickup,completed
ORD-0141419,R-0348,2025-10-11,55.08,web,pickup,completed
ORD-0141420,R-0348,2025-10-11,50.96,app,pickup,completed
ORD-0141421,R-0348,2025-10-02,61.36,app,pickup,completed
ORD-0141422,R-0348,2025-10-24,41.73,web,pickup,completed
ORD-0141423,R-0348,2025-10-31,28.71,web,pickup,completed
ORD-0141424,R-0348,2025-10-16,36.49,web,pickup,completed
ORD-0141425,R-0348,2025-10-25,32.35,web,pickup,completed
ORD-0141426,R-0348,2025-10-04,52.52,app,delivery,completed
ORD-0141427,R-0348,2025-10-11,45.16,app,delivery,completed
ORD-0141428,R-0348,2025-10-09,42.31,web,delivery,completed
ORD-0141429,R-0348,2025-10-31,69.29,web,delivery,completed
ORD-0141430,R-0348,2025-10-25,39.66,web,pickup,cancelled
ORD-0141431,R-0348,2025-10-04,49.15,web,pickup,completed
ORD-0141432,R-0348,2025-10-25,74.96,app,delivery,completed
ORD-0141433,R-0348,2025-10-27,47.20,web,delivery,completed
ORD-0141434,R-0348,2025-10-09,57.38,web,pickup,completed
ORD-0141435,R-0348,2025-10-21,44.19,web,delivery,completed
ORD-0141436,R-0348,2025-10-05,50.20,web,pickup,completed
ORD-0141437,R-0348,2025-10-19,75.66,app,delivery,completed
ORD-0141438,R-0348,2025-10-28,37.76,web,pickup,completed
ORD-0141439,R-0348,2025-10-18,25.56,app,delivery,completed
ORD-0141440,R-0348,2025-10-04,61.78,web,pickup,completed
ORD-0141441,R-0348,2025-10-13,57.10,app,pickup,cancelled
ORD-0141442,R-0348,2025-10-07,41.24,web,pickup,COMPLETED
ORD-0141443,R-0348,2025-10-22,54.90,web,pickup,completed
ORD-0141444,R-0348,2025-10-15,63.06,web,pickup,completed
ORD-0141445,R-0348,2025-10-27,55.32,web,delivery,completed
ORD-0141446,R-0348,2025-10-01,59.27,web,pickup,completed
ORD-0141447,R-0348,2025-10-17,56.96,web,pickup,completed
ORD-0142616,R-0349,2025-10-05,15.46,app,pickup,completed
ORD-0142617,R-0349,2025-10-25,20.38,app,delivery,completed
ORD-0142618,R-0349,2025-10-25,17.09,app,delivery,completed
ORD-0142619,R-0349,2025-10-11,18.65,app,pickup,completed
ORD-0142620,R-0349,2025-10-15,43.80,app,delivery,completed
ORD-0142621,R-0349,2025-10-15,27.01,web,delivery,completed
ORD-0142622,R-0349,2025-10-27,31.50,app,delivery,completed
ORD-0142623,R-0349,2025-10-25,21.81,web,delivery,completed
ORD-0142624,R-0349,2025-10-31,16.62,web,pickup,completed
ORD-0142625,R-0349,2025-10-24,29.40,web,pickup,completed
ORD-0142626,R-0349,2025-10-26,23.26,web,pickup,completed
ORD-0142627,R-0349,2025-10-18,20.69,web,pickup,completed
ORD-0142628,R-0349,2025-10-17,21.29,app,delivery,completed
ORD-0142629,R-0349,2025-10-31,15.31,app,pickup,completed
ORD-0142630,R-0349,2025-10-28,23.30,app,pickup,completed
ORD-0142631,R-0349,2025-10-25,22.00,app,pickup,completed
ORD-0142632,R-0349,2025-10-16,13.55,app,pickup,COMPLETED
ORD-0142633,R-0349,2025-10-10,16.22,app,pickup,refunded
ORD-0142634,R-0349,2025-10-29,10.68,web,delivery,Completed
ORD-0142635,R-0349,2025-10-31,31.21,web,pickup,completed
ORD-0142636,R-0349,2025-10-24,19.62,web,pickup,completed
ORD-0142637,R-0349,2025-10-10,31.36,web,pickup,CANCELLED
ORD-0142638,R-0349,2025-10-29,16.48,app,pickup,completed
ORD-0142639,R-0349,2025-10-07,29.90,web,pickup,Completed
ORD-0142640,R-0349,2025-10-22,24.22,app,pickup,refunded
ORD-0142641,R-0349,2025-10-26,12.38,app,pickup,COMPLETED
ORD-0142642,R-0349,2025-10-21,38.54,app,delivery,completed
ORD-0142643,R-0349,2025-10-02,11.96,app,delivery,completed
ORD-0142644,R-0349,2025-10-01,28.63,app,delivery,completed
ORD-0142645,R-0349,2025-10-30,18.71,web,delivery,Completed
ORD-0143213,R-0351,2025-10-01,24.36,web,delivery,completed
ORD-0143214,R-0351,2025-10-10,19.76,app,delivery,completed
ORD-0143215,R-0351,2025-10-04,35.05,app,pickup,completed
ORD-0143216,R-0351,2025-10-08,22.49,app,pickup,completed
ORD-0143217,R-0351,2025-10-25,42.92,app,pickup,completed
ORD-0143218,R-0351,2025-10-27,29.31,app,pickup,completed
ORD-0143219,R-0351,2025-10-16,95.59,app,delivery,Completed
ORD-0143220,R-0351,2025-10-11,11.48,web,pickup,completed
ORD-0143221,R-0351,2025-10-23,37.82,web,pickup,completed
ORD-0143222,R-0351,2025-10-25,12.56,web,delivery,completed
ORD-0143223,R-0351,2025-10-20,25.38,app,delivery,COMPLETED
ORD-0143224,R-0351,2025-10-31,15.37,app,pickup,completed
ORD-0143225,R-0351,2025-10-17,62.47,app,delivery,COMPLETED
ORD-0143226,R-0351,2025-10-20,40.27,app,delivery,completed
ORD-0143227,R-0351,2025-10-19,62.55,web,pickup,completed
ORD-0143228,R-0351,2025-10-24,35.07,app,delivery,completed
ORD-0143229,R-0351,2025-10-16,43.23,app,pickup,completed
ORD-0143230,R-0351,2025-10-10,47.03,app,pickup,completed
ORD-0143231,R-0351,2025-10-30,43.92,web,pickup,completed
ORD-0143232,R-0351,2025-10-23,23.67,app,pickup,completed
ORD-0143233,R-0351,2025-10-26,37.82,app,pickup,completed
ORD-0143234,R-0351,2025-10-21,25.34,app,delivery,completed
ORD-0143235,R-0351,2025-10-28,40.71,app,delivery,COMPLETED
ORD-0143236,R-0351,2025-10-17,41.81,app,delivery,completed
ORD-0143237,R-0351,2025-10-20,42.34,web,pickup,completed
ORD-0143238,R-0351,2025-10-05,30.42,app,delivery,completed
ORD-0143239,R-0351,2025-10-04,17.14,app,pickup,completed
ORD-0143240,R-0351,2025-10-14,25.72,web,pickup,completed
ORD-0143241,R-0351,2025-10-19,73.45,app,delivery,completed
ORD-0143242,R-0351,2025-10-10,34.01,app,pickup,completed
ORD-0143243,R-0351,2025-10-05,17.91,app,pickup,completed
ORD-0143244,R-0351,2025-10-06,21.63,web,pickup,Completed
ORD-0143245,R-0351,2025-10-17,16.16,app,pickup,completed
ORD-0143246,R-0351,2025-10-04,37.00,app,pickup,completed
ORD-0143247,R-0351,2025-10-30,25.15,web,pickup,COMPLETED
ORD-0143248,R-0351,2025-10-29,58.61,app,delivery,completed
ORD-0143249,R-0351,2025-10-19,27.75,app,pickup,completed
ORD-0143250,R-0351,2025-10-16,34.46,app,pickup,completed
ORD-0143251,R-0351,2025-10-17,13.86,web,pickup,completed
ORD-0143252,R-0351,2025-10-29,32.20,web,delivery,Completed
ORD-0143253,R-0351,2025-10-16,13.01,app,delivery,completed
ORD-0143254,R-0351,2025-10-30,30.77,app,pickup,completed
ORD-0143255,R-0351,2025-10-11,19.75,web,pickup,completed
ORD-0143256,R-0351,2025-10-22,19.00,web,delivery,completed
ORD-0143257,R-0351,2025-10-02,22.69,app,pickup,completed
ORD-0143258,R-0351,2025-10-16,31.77,app,pickup,completed
ORD-0143259,R-0351,2025-10-17,35.34,web,pickup,completed
ORD-0143260,R-0351,2025-10-05,18.29,app,pickup,completed
ORD-0143261,R-0351,2025-10-28,30.35,app,pickup,completed
ORD-0143262,R-0351,2025-10-07,27.51,web,delivery,completed
ORD-0143263,R-0351,2025-10-03,73.43,app,pickup,COMPLETED
ORD-0143264,R-0351,2025-10-30,26.12,app,pickup,COMPLETED
ORD-0143265,R-0351,2025-10-02,49.59,app,delivery,completed
ORD-0143633,R-0352,2025-10-30,14.58,app,pickup,completed
ORD-0143634,R-0352,2025-10-30,17.03,app,pickup,completed
ORD-0143635,R-0352,2025-10-30,18.49,app,pickup,completed
ORD-0143636,R-0352,2025-10-31,38.55,web,delivery,completed
ORD-0143637,R-0352,2025-10-30,20.40,web,delivery,completed
ORD-0143638,R-0352,2025-10-31,38.44,app,pickup,completed
ORD-0143639,R-0352,2025-10-31,31.23,web,delivery,COMPLETED
ORD-0143640,R-0352,2025-10-29,31.75,app,delivery,completed
ORD-0143641,R-0352,2025-10-31,43.05,web,delivery,completed
ORD-0143642,R-0352,2025-10-31,39.72,app,delivery,completed
ORD-0143643,R-0352,2025-10-31,41.46,app,delivery,completed
ORD-0146224,R-0353,2025-10-10,21.26,app,delivery,completed
ORD-0146225,R-0353,2025-10-23,23.13,web,delivery,completed
ORD-0146226,R-0353,2025-10-03,17.91,app,delivery,completed
ORD-0146227,R-0353,2025-10-14,13.73,web,delivery,COMPLETED
ORD-0146228,R-0353,2025-10-25,15.64,web,delivery,completed
ORD-0146229,R-0353,2025-10-04,11.07,web,delivery,completed
ORD-0146230,R-0353,2025-10-10,33.47,app,delivery,completed
ORD-0146231,R-0353,2025-10-18,39.73,app,delivery,completed
ORD-0146232,R-0353,2025-10-25,21.37,app,delivery,completed
ORD-0146233,R-0353,2025-10-11,30.96,web,delivery,completed
ORD-0146234,R-0353,2025-10-14,17.12,app,delivery,completed
ORD-0146235,R-0353,2025-10-18,29.71,app,delivery,completed
ORD-0146236,R-0353,2025-10-07,25.23,app,delivery,completed
ORD-0146237,R-0353,2025-10-05,19.03,app,delivery,completed
ORD-0146238,R-0353,2025-10-25,17.67,app,delivery,completed
ORD-0146239,R-0353,2025-10-07,15.43,web,delivery,completed
ORD-0146240,R-0353,2025-10-06,25.69,app,delivery,completed
ORD-0146241,R-0353,2025-10-27,22.29,app,delivery,completed
ORD-0146242,R-0353,2025-10-18,25.34,app,delivery,completed
ORD-0146243,R-0353,2025-10-05,24.81,web,delivery,Completed
ORD-0146244,R-0353,2025-10-18,32.93,app,pickup,completed
ORD-0146245,R-0353,2025-10-16,22.20,web,delivery,completed
ORD-0146246,R-0353,2025-10-19,22.62,app,delivery,completed
ORD-0146247,R-0353,2025-10-15,9.28,app,delivery,completed
ORD-0146248,R-0353,2025-10-23,18.43,web,delivery,completed
ORD-0146249,R-0353,2025-10-02,30.25,app,delivery,completed
ORD-0146250,R-0353,2025-10-18,26.88,app,delivery,completed
ORD-0146251,R-0353,2025-10-07,15.95,app,delivery,Completed
ORD-0146252,R-0353,2025-10-17,33.90,web,delivery,completed
ORD-0146253,R-0353,2025-10-15,16.98,web,delivery,refunded
ORD-0146254,R-0353,2025-10-13,16.61,app,delivery,completed
ORD-0146255,R-0353,2025-10-15,19.51,web,delivery,completed
ORD-0146256,R-0353,2025-10-29,21.19,web,delivery,completed
ORD-0146257,R-0353,2025-10-10,29.89,app,delivery,completed
ORD-0146258,R-0353,2025-10-01,14.00,app,delivery,completed
ORD-0146259,R-0353,2025-10-28,14.72,app,pickup,completed
ORD-0146260,R-0353,2025-10-10,17.34,app,delivery,completed
ORD-0146261,R-0353,2025-10-18,20.89,app,pickup,completed
ORD-0146262,R-0353,2025-10-05,13.06,app,delivery,completed
ORD-0146263,R-0353,2025-10-04,14.98,app,delivery,completed
ORD-0146264,R-0353,2025-10-21,16.83,app,delivery,completed
ORD-0146265,R-0353,2025-10-29,22.89,web,delivery,completed
ORD-0146266,R-0353,2025-10-18,20.73,web,pickup,completed
ORD-0146267,R-0353,2025-10-30,19.89,app,delivery,completed
ORD-0146268,R-0353,2025-10-10,27.37,app,delivery,completed
ORD-0146269,R-0353,2025-10-31,16.41,app,delivery,COMPLETED
ORD-0146270,R-0353,2025-10-22,28.41,app,delivery,completed
ORD-0146271,R-0353,2025-10-19,21.95,app,delivery,completed
ORD-0146272,R-0353,2025-10-25,16.82,app,delivery,completed
ORD-0146273,R-0353,2025-10-03,14.05,app,delivery,completed
ORD-0146274,R-0353,2025-10-17,24.73,app,delivery,completed
ORD-0146275,R-0353,2025-10-08,22.11,app,delivery,completed
ORD-0146276,R-0353,2025-10-03,24.83,web,delivery,Completed
ORD-0146277,R-0353,2025-10-19,25.64,app,delivery,completed
ORD-0146278,R-0353,2025-10-09,26.73,web,pickup,completed
ORD-0146279,R-0353,2025-10-13,27.27,web,delivery,completed
ORD-0146280,R-0353,2025-10-24,26.94,app,pickup,completed
ORD-0146281,R-0353,2025-10-21,15.48,web,delivery,completed
ORD-0146282,R-0353,2025-10-15,19.33,app,delivery,completed
ORD-0146283,R-0353,2025-10-10,22.90,app,delivery,completed
ORD-0146284,R-0353,2025-10-10,20.87,app,delivery,completed
ORD-0146285,R-0353,2025-10-02,26.79,app,delivery,completed
ORD-0146286,R-0353,2025-10-08,16.37,web,delivery,completed
ORD-0146287,R-0353,2025-10-18,35.06,web,delivery,COMPLETED
ORD-0146288,R-0353,2025-10-17,16.84,web,pickup,completed
ORD-0146289,R-0353,2025-10-17,22.17,web,pickup,completed
ORD-0146290,R-0353,2025-10-27,20.07,web,delivery,completed
ORD-0146291,R-0353,2025-10-03,20.04,app,delivery,completed
ORD-0146292,R-0353,2025-10-28,28.98,app,delivery,completed
ORD-0146293,R-0353,2025-10-11,13.99,app,delivery,completed
ORD-0146294,R-0353,2025-10-02,10.85,app,delivery,completed
ORD-0146295,R-0353,2025-10-31,13.20,app,delivery,completed
ORD-0146296,R-0353,2025-10-11,20.47,web,delivery,completed
ORD-0146297,R-0353,2025-10-03,21.42,web,delivery,completed
ORD-0146298,R-0353,2025-10-05,17.56,web,delivery,completed
ORD-0146299,R-0353,2025-10-22,14.02,web,pickup,completed
ORD-0146300,R-0353,2025-10-24,27.54,app,pickup,COMPLETED
ORD-0146301,R-0353,2025-10-26,18.93,web,delivery,Completed
ORD-0146302,R-0353,2025-10-04,22.25,app,delivery,completed
ORD-0146303,R-0353,2025-10-10,20.48,web,delivery,completed
ORD-0146304,R-0353,2025-10-16,16.47,web,delivery,COMPLETED
ORD-0146305,R-0353,2025-10-31,9.52,app,pickup,completed
ORD-0146306,R-0353,2025-10-08,14.84,web,delivery,completed
ORD-0146307,R-0353,2025-10-25,19.52,app,delivery,completed
ORD-0146308,R-0353,2025-10-30,23.45,app,delivery,completed
ORD-0146309,R-0353,2025-10-05,26.10,app,delivery,completed
ORD-0146310,R-0353,2025-10-27,21.91,app,delivery,completed
ORD-0146311,R-0353,2025-10-07,16.59,web,delivery,completed
ORD-0146312,R-0353,2025-10-20,25.87,app,delivery,completed
ORD-0146313,R-0353,2025-10-18,18.94,web,delivery,completed
ORD-0146314,R-0353,2025-10-31,15.27,web,delivery,completed
ORD-0146315,R-0353,2025-10-05,24.08,web,delivery,completed
ORD-0146316,R-0353,2025-10-03,7.99,app,delivery,COMPLETED
ORD-0146317,R-0353,2025-10-31,24.95,app,delivery,completed
ORD-0146318,R-0353,2025-10-16,14.21,web,delivery,completed
ORD-0146319,R-0353,2025-10-16,26.29,web,delivery,completed
ORD-0146320,R-0353,2025-10-27,15.10,app,pickup,completed
ORD-0146321,R-0353,2025-10-17,27.41,web,delivery,Completed
ORD-0146322,R-0353,2025-10-18,19.77,app,delivery,completed
ORD-0146323,R-0353,2025-10-25,27.76,app,delivery,completed
ORD-0146324,R-0353,2025-10-04,23.87,web,delivery,completed
ORD-0146325,R-0353,2025-10-11,34.26,app,delivery,completed
ORD-0146326,R-0353,2025-10-18,18.01,app,delivery,completed
ORD-0146327,R-0353,2025-10-18,32.67,app,delivery,completed
ORD-0146328,R-0353,2025-10-10,18.09,app,delivery,COMPLETED
ORD-0146329,R-0353,2025-10-30,16.53,web,delivery,COMPLETED
ORD-0146330,R-0353,2025-10-20,14.27,web,delivery,completed
ORD-0146331,R-0353,2025-10-04,18.45,app,delivery,completed
ORD-0146332,R-0353,2025-10-31,20.95,web,delivery,completed
ORD-0146333,R-0353,2025-10-31,19.01,app,delivery,completed
ORD-0146334,R-0353,2025-10-09,19.23,web,delivery,completed
ORD-0146335,R-0353,2025-10-19,27.29,web,delivery,completed
ORD-0146336,R-0353,2025-10-23,18.53,web,delivery,completed
ORD-0146337,R-0353,2025-10-06,21.42,web,delivery,Completed
ORD-0146338,R-0353,2025-10-12,13.02,app,delivery,completed
ORD-0146339,R-0353,2025-10-21,27.25,app,delivery,completed
ORD-0146340,R-0353,2025-10-30,16.80,web,pickup,completed
ORD-0146341,R-0353,2025-10-28,23.03,app,delivery,completed
ORD-0146342,R-0353,2025-10-24,26.75,app,delivery,completed
ORD-0146343,R-0353,2025-10-10,20.72,app,delivery,completed
ORD-0146344,R-0353,2025-10-13,13.37,app,delivery,completed
ORD-0146345,R-0353,2025-10-12,15.37,app,delivery,completed
ORD-0146346,R-0353,2025-10-08,12.66,app,pickup,completed
ORD-0146347,R-0353,2025-10-23,19.11,app,delivery,Completed
ORD-0146348,R-0353,2025-10-05,27.32,web,delivery,completed
ORD-0146349,R-0353,2025-10-03,28.52,app,delivery,completed
ORD-0146350,R-0353,2025-10-10,26.25,app,delivery,completed
ORD-0146351,R-0353,2025-10-26,16.90,app,delivery,completed
ORD-0146352,R-0353,2025-10-01,8.91,app,delivery,completed
ORD-0146353,R-0353,2025-10-18,24.08,web,delivery,completed
ORD-0146354,R-0353,2025-10-26,19.53,web,delivery,completed
ORD-0146355,R-0353,2025-10-04,23.50,app,delivery,completed
ORD-0146356,R-0353,2025-10-27,35.20,web,delivery,COMPLETED
ORD-0146357,R-0353,2025-10-07,27.97,web,delivery,completed
ORD-0146358,R-0353,2025-10-12,23.23,app,delivery,completed
ORD-0146359,R-0353,2025-10-09,12.69,app,delivery,completed
ORD-0146360,R-0353,2025-10-14,16.35,app,pickup,completed
ORD-0146361,R-0353,2025-10-11,29.39,web,delivery,completed
ORD-0146362,R-0353,2025-10-09,12.11,app,delivery,completed
ORD-0146363,R-0353,2025-10-17,30.10,app,delivery,COMPLETED
ORD-0146364,R-0353,2025-10-15,23.06,app,delivery,completed
ORD-0146365,R-0353,2025-10-21,23.83,app,delivery,completed
ORD-0147611,R-0355,2025-10-28,55.62,web,delivery,completed
ORD-0147612,R-0355,2025-10-17,23.39,web,delivery,Completed
ORD-0147613,R-0355,2025-10-21,35.43,web,pickup,COMPLETED
ORD-0147614,R-0355,2025-10-23,39.36,web,delivery,completed
ORD-0147615,R-0355,2025-10-31,60.15,web,pickup,completed
ORD-0147616,R-0355,2025-10-04,40.66,web,delivery,completed
ORD-0147617,R-0355,2025-10-22,38.91,app,delivery,completed
ORD-0147618,R-0355,2025-10-11,41.66,web,delivery,completed
ORD-0147619,R-0355,2025-10-12,27.15,app,pickup,COMPLETED
ORD-0147620,R-0355,2025-10-04,48.30,app,pickup,completed
ORD-0147621,R-0355,2025-10-25,33.10,app,delivery,completed
ORD-0147622,R-0355,2025-10-17,48.14,app,pickup,completed
ORD-0147623,R-0355,2025-10-23,30.27,app,delivery,completed
ORD-0147624,R-0355,2025-10-20,57.51,app,pickup,completed
ORD-0147625,R-0355,2025-10-12,26.70,web,pickup,COMPLETED
ORD-0147626,R-0355,2025-10-02,53.43,web,delivery,completed
ORD-0147627,R-0355,2025-10-05,26.63,web,pickup,COMPLETED
ORD-0147628,R-0355,2025-10-13,27.76,web,delivery,COMPLETED
ORD-0147629,R-0355,2025-10-02,34.09,web,delivery,completed
ORD-0147630,R-0355,2025-10-23,30.15,web,delivery,completed
ORD-0147631,R-0355,2025-10-18,33.52,app,delivery,completed
ORD-0147632,R-0355,2025-10-16,31.89,app,pickup,COMPLETED
ORD-0147633,R-0355,2025-10-02,44.40,web,delivery,completed
ORD-0147634,R-0355,2025-10-23,31.46,app,pickup,completed
ORD-0148980,R-0357,2025-10-07,27.65,web,delivery,completed
ORD-0148981,R-0357,2025-10-29,38.92,web,pickup,completed
ORD-0148982,R-0357,2025-10-30,10.23,app,pickup,completed
ORD-0148983,R-0357,2025-10-06,22.36,web,delivery,completed
ORD-0148984,R-0357,2025-10-14,49.22,web,delivery,completed
ORD-0148985,R-0357,2025-10-29,35.73,web,delivery,completed
ORD-0148986,R-0357,2025-10-18,82.97,app,pickup,completed
ORD-0148987,R-0357,2025-10-10,13.30,web,delivery,refunded
ORD-0148988,R-0357,2025-10-24,22.21,web,pickup,completed
ORD-0148989,R-0357,2025-10-25,19.54,web,delivery,COMPLETED
ORD-0148990,R-0357,2025-10-30,35.29,web,delivery,completed
ORD-0148991,R-0357,2025-10-19,42.64,web,delivery,completed
ORD-0148992,R-0357,2025-10-23,20.62,app,delivery,completed
ORD-0148993,R-0357,2025-10-06,32.34,web,delivery,completed
ORD-0148994,R-0357,2025-10-26,58.06,web,pickup,completed
ORD-0148995,R-0357,2025-10-12,33.79,web,pickup,completed
ORD-0148996,R-0357,2025-10-11,19.20,app,delivery,completed
ORD-0148997,R-0357,2025-10-08,15.12,app,pickup,cancelled
ORD-0148998,R-0357,2025-10-28,17.27,web,delivery,Completed
ORD-0148999,R-0357,2025-10-24,11.66,web,delivery,completed
ORD-0149000,R-0357,2025-10-30,54.97,web,pickup,completed
ORD-0149001,R-0357,2025-10-05,25.67,web,delivery,completed
ORD-0149002,R-0357,2025-10-04,19.89,web,delivery,completed
ORD-0149003,R-0357,2025-10-19,45.31,web,delivery,completed
ORD-0149004,R-0357,2025-10-11,56.67,web,pickup,COMPLETED
ORD-0149005,R-0357,2025-10-17,42.97,web,delivery,completed
ORD-0149006,R-0357,2025-10-11,27.18,web,delivery,completed
ORD-0149007,R-0357,2025-10-05,17.02,web,delivery,completed
ORD-0149008,R-0357,2025-10-04,43.00,web,delivery,completed
ORD-0149009,R-0357,2025-10-11,34.22,web,delivery,completed
ORD-0149010,R-0357,2025-10-24,38.24,web,delivery,completed
ORD-0149011,R-0357,2025-10-04,51.55,web,pickup,completed
ORD-0149012,R-0357,2025-10-09,20.69,app,delivery,completed
ORD-0149013,R-0357,2025-10-31,37.69,web,delivery,Completed
ORD-0149014,R-0357,2025-10-26,16.15,web,delivery,completed
ORD-0149015,R-0357,2025-10-03,62.58,web,pickup,completed
ORD-0149016,R-0357,2025-10-11,34.50,web,delivery,completed
ORD-0149017,R-0357,2025-10-30,16.38,web,pickup,completed
ORD-0149018,R-0357,2025-10-19,21.91,app,delivery,completed
ORD-0149019,R-0357,2025-10-12,34.16,web,delivery,completed
ORD-0149020,R-0357,2025-10-19,23.34,web,delivery,Completed
ORD-0149021,R-0357,2025-10-17,22.09,app,delivery,cancelled
ORD-0149022,R-0357,2025-10-24,29.89,web,delivery,completed
ORD-0149023,R-0357,2025-10-14,15.44,web,delivery,Completed
ORD-0149024,R-0357,2025-10-31,50.67,web,pickup,completed
ORD-0149025,R-0357,2025-10-30,43.52,web,delivery,completed
ORD-0149026,R-0357,2025-10-19,20.13,app,delivery,completed
ORD-0149027,R-0357,2025-10-30,22.93,app,pickup,completed
ORD-0149028,R-0357,2025-10-17,25.55,app,pickup,completed
ORD-0149029,R-0357,2025-10-31,12.88,app,delivery,Completed
ORD-0149030,R-0357,2025-10-16,29.37,web,pickup,COMPLETED
ORD-0149031,R-0357,2025-10-20,46.91,app,pickup,completed
ORD-0149032,R-0357,2025-10-20,21.32,web,delivery,completed
ORD-0149033,R-0357,2025-10-18,38.96,web,delivery,refunded
ORD-0149034,R-0357,2025-10-30,44.41,web,pickup,completed
ORD-0149035,R-0357,2025-10-04,31.60,app,delivery,completed
ORD-0149036,R-0357,2025-10-31,45.40,web,delivery,completed
ORD-0149037,R-0357,2025-10-18,41.61,app,delivery,completed
ORD-0149038,R-0357,2025-10-24,28.17,app,delivery,completed
ORD-0149039,R-0357,2025-10-12,23.03,app,delivery,completed
ORD-0149040,R-0357,2025-10-24,24.28,web,delivery,completed
ORD-0149041,R-0357,2025-10-10,24.87,web,delivery,Completed
ORD-0149042,R-0357,2025-10-30,40.76,web,delivery,completed
ORD-0149043,R-0357,2025-10-31,49.09,web,delivery,completed
ORD-0149044,R-0357,2025-10-25,46.04,web,pickup,completed
ORD-0149045,R-0357,2025-10-16,72.68,web,delivery,Cancelled
ORD-0149046,R-0357,2025-10-28,32.37,web,pickup,completed
ORD-0149047,R-0357,2025-10-04,41.40,web,delivery,completed
ORD-0149048,R-0357,2025-10-10,35.99,web,pickup,cancelled
ORD-0149049,R-0357,2025-10-23,28.71,web,pickup,completed
ORD-0149050,R-0357,2025-10-04,35.32,app,pickup,completed
ORD-0149051,R-0357,2025-10-14,20.68,web,pickup,completed
ORD-0149052,R-0357,2025-10-27,30.85,web,delivery,COMPLETED
ORD-0149053,R-0357,2025-10-21,35.74,web,delivery,Completed
ORD-0149054,R-0357,2025-10-20,32.12,web,delivery,completed
ORD-0149055,R-0357,2025-10-27,47.43,web,pickup,completed
ORD-0149056,R-0357,2025-10-24,15.64,web,delivery,completed
ORD-0149057,R-0357,2025-10-08,19.62,web,pickup,completed
ORD-0149058,R-0357,2025-10-15,29.58,app,delivery,completed
ORD-0149059,R-0357,2025-10-21,13.73,app,delivery,COMPLETED
ORD-0149060,R-0357,2025-10-18,43.60,web,delivery,completed
ORD-0149061,R-0357,2025-10-17,56.02,web,pickup,completed
ORD-0149062,R-0357,2025-10-10,46.67,app,delivery,completed
ORD-0149063,R-0357,2025-10-26,19.59,web,delivery,completed
ORD-0149064,R-0357,2025-10-18,36.90,web,delivery,COMPLETED
ORD-0149065,R-0357,2025-10-07,30.18,web,delivery,COMPLETED
ORD-0149066,R-0357,2025-10-23,28.90,app,pickup,COMPLETED
ORD-0149067,R-0357,2025-10-09,36.13,app,delivery,cancelled
ORD-0149068,R-0357,2025-10-06,74.04,web,delivery,completed
ORD-0149069,R-0357,2025-10-13,30.35,app,delivery,completed
ORD-0149070,R-0357,2025-10-06,10.88,web,delivery,completed
ORD-0149071,R-0357,2025-10-27,25.00,web,delivery,completed
ORD-0149072,R-0357,2025-10-23,23.36,web,pickup,completed
ORD-0149073,R-0357,2025-10-23,52.13,web,pickup,completed
ORD-0149074,R-0357,2025-10-26,40.30,web,pickup,completed
ORD-0149075,R-0357,2025-10-16,36.17,web,delivery,completed
ORD-0149076,R-0357,2025-10-01,35.01,web,delivery,completed
ORD-0149077,R-0357,2025-10-19,23.14,web,pickup,completed
ORD-0149078,R-0357,2025-10-31,38.21,app,pickup,completed
ORD-0149079,R-0357,2025-10-05,29.29,app,delivery,completed
ORD-0149080,R-0357,2025-10-22,21.88,web,delivery,COMPLETED
ORD-0149081,R-0357,2025-10-25,18.01,web,delivery,completed
ORD-0149082,R-0357,2025-10-31,19.41,app,pickup,completed
ORD-0149083,R-0357,2025-10-25,34.96,app,pickup,completed
ORD-0149084,R-0357,2025-10-28,40.72,web,delivery,completed
ORD-0149085,R-0357,2025-10-24,40.49,web,delivery,refunded
ORD-0149086,R-0357,2025-10-24,16.98,app,delivery,completed
ORD-0149087,R-0357,2025-10-03,8.71,web,delivery,completed
ORD-0149088,R-0357,2025-10-14,29.14,app,delivery,completed
ORD-0149089,R-0357,2025-10-31,48.75,app,delivery,completed
ORD-0149090,R-0357,2025-10-16,15.35,app,delivery,completed
ORD-0149091,R-0357,2025-10-04,19.50,web,pickup,completed
ORD-0149092,R-0357,2025-10-15,23.78,app,pickup,completed
ORD-0149093,R-0357,2025-10-31,21.49,web,delivery,COMPLETED
ORD-0149094,R-0357,2025-10-03,25.45,web,delivery,completed
ORD-0149095,R-0357,2025-10-22,22.26,web,delivery,completed
ORD-0149096,R-0357,2025-10-25,29.78,web,delivery,completed
ORD-0149097,R-0357,2025-10-16,28.14,web,pickup,completed
ORD-0149098,R-0357,2025-10-13,28.89,app,delivery,completed
ORD-0149099,R-0357,2025-10-03,38.90,app,delivery,completed
ORD-0149100,R-0357,2025-10-25,58.56,web,delivery,completed
ORD-0149101,R-0357,2025-10-29,36.54,web,delivery,completed
ORD-0149102,R-0357,2025-10-11,33.21,web,delivery,completed
ORD-0149103,R-0357,2025-10-18,25.13,web,delivery,Completed
ORD-0149104,R-0357,2025-10-27,28.97,app,delivery,completed
ORD-0149105,R-0357,2025-10-19,22.89,web,delivery,completed
ORD-0149106,R-0357,2025-10-25,37.00,web,delivery,completed
ORD-0149107,R-0357,2025-10-23,44.78,web,delivery,completed
ORD-0149108,R-0357,2025-10-02,11.45,web,delivery,completed
ORD-0149109,R-0357,2025-10-26,42.89,web,delivery,completed
ORD-0149110,R-0357,2025-10-01,52.73,web,pickup,completed
ORD-0149111,R-0357,2025-10-30,32.83,web,delivery,completed
ORD-0149112,R-0357,2025-10-18,30.39,app,pickup,completed
ORD-0149113,R-0357,2025-10-10,28.96,web,delivery,completed
ORD-0149114,R-0357,2025-10-22,37.49,app,delivery,completed
ORD-0149115,R-0357,2025-10-07,17.34,app,delivery,completed
ORD-0149116,R-0357,2025-10-14,16.15,web,delivery,completed
ORD-0149117,R-0357,2025-10-19,23.08,web,delivery,completed
ORD-0149118,R-0357,2025-10-01,29.67,web,delivery,completed
ORD-0149119,R-0357,2025-10-09,32.59,app,delivery,completed
ORD-0149120,R-0357,2025-10-09,25.30,web,pickup,completed
ORD-0149121,R-0357,2025-10-04,65.48,web,delivery,completed
ORD-0149122,R-0357,2025-10-16,31.96,web,delivery,completed
ORD-0149123,R-0357,2025-10-24,47.86,web,delivery,completed
ORD-0149124,R-0357,2025-10-18,39.57,web,delivery,completed
ORD-0149125,R-0357,2025-10-22,17.91,web,delivery,completed
ORD-0150267,R-0358,2025-10-31,28.49,web,delivery,Completed
ORD-0150268,R-0358,2025-10-23,72.27,app,pickup,completed
ORD-0150269,R-0358,2025-10-04,50.95,app,delivery,COMPLETED
ORD-0150270,R-0358,2025-10-04,33.29,app,delivery,completed
ORD-0150271,R-0358,2025-10-25,22.47,app,delivery,completed
ORD-0150272,R-0358,2025-10-27,37.70,app,delivery,completed
ORD-0150273,R-0358,2025-10-09,48.67,web,delivery,completed
ORD-0150274,R-0358,2025-10-19,47.62,web,pickup,completed
ORD-0150275,R-0358,2025-10-26,52.20,app,delivery,completed
ORD-0150276,R-0358,2025-10-26,38.84,app,delivery,COMPLETED
ORD-0150277,R-0358,2025-10-11,58.79,app,pickup,Completed
ORD-0150278,R-0358,2025-10-19,39.19,app,delivery,completed
ORD-0150279,R-0358,2025-10-30,31.26,app,delivery,completed
ORD-0150280,R-0358,2025-10-20,56.64,app,pickup,completed
ORD-0150281,R-0358,2025-10-23,19.07,app,delivery,completed
ORD-0150282,R-0358,2025-10-04,76.90,app,delivery,completed
ORD-0150283,R-0358,2025-10-10,61.29,app,delivery,completed
ORD-0150284,R-0358,2025-10-11,55.64,app,pickup,COMPLETED
ORD-0150285,R-0358,2025-10-02,55.77,app,delivery,completed
ORD-0150286,R-0358,2025-10-18,51.71,app,delivery,completed
ORD-0150287,R-0358,2025-10-09,31.30,app,delivery,completed
ORD-0150288,R-0358,2025-10-16,45.80,app,delivery,completed
ORD-0150289,R-0358,2025-10-08,45.78,web,delivery,completed
ORD-0150290,R-0358,2025-10-09,54.26,app,delivery,completed
ORD-0150291,R-0358,2025-10-16,30.33,app,delivery,COMPLETED
ORD-0150292,R-0358,2025-10-02,41.48,app,delivery,completed
ORD-0150293,R-0358,2025-10-17,45.98,app,delivery,completed
ORD-0150294,R-0358,2025-10-04,57.83,app,delivery,completed
ORD-0150295,R-0358,2025-10-14,22.10,app,pickup,completed
ORD-0150296,R-0358,2025-10-08,56.63,app,pickup,completed
ORD-0150297,R-0358,2025-10-14,46.87,web,delivery,completed
ORD-0150298,R-0358,2025-10-15,23.41,app,delivery,completed
ORD-0150299,R-0358,2025-10-10,30.42,app,delivery,refunded
ORD-0150300,R-0358,2025-10-15,38.90,app,delivery,completed
ORD-0150301,R-0358,2025-10-05,68.43,app,delivery,completed
ORD-0150605,R-0359,2025-10-20,20.42,app,delivery,completed
ORD-0150606,R-0359,2025-10-02,40.73,web,pickup,completed
ORD-0150607,R-0359,2025-10-25,55.15,app,delivery,completed
ORD-0150608,R-0359,2025-10-16,36.34,app,pickup,completed
ORD-0150609,R-0359,2025-10-01,45.27,web,pickup,completed
ORD-0150610,R-0359,2025-10-12,29.86,app,pickup,completed
ORD-0150611,R-0359,2025-10-10,54.07,app,delivery,COMPLETED
ORD-0150612,R-0359,2025-10-12,28.31,web,pickup,completed
ORD-0150613,R-0359,2025-10-12,25.13,app,pickup,completed
ORD-0150614,R-0359,2025-10-01,23.22,app,delivery,completed
ORD-0150615,R-0359,2025-10-24,101.07,web,pickup,completed
ORD-0150616,R-0359,2025-10-19,48.88,web,pickup,Completed
ORD-0150617,R-0359,2025-10-29,36.78,web,pickup,completed
ORD-0150618,R-0359,2025-10-05,33.10,app,pickup,completed
ORD-0150619,R-0359,2025-10-20,35.80,app,delivery,COMPLETED
ORD-0150620,R-0359,2025-10-03,27.58,app,pickup,completed
ORD-0150621,R-0359,2025-10-05,24.26,app,pickup,completed
ORD-0150622,R-0359,2025-10-11,33.95,app,delivery,completed
ORD-0150623,R-0359,2025-10-12,33.03,web,pickup,completed
ORD-0150624,R-0359,2025-10-06,24.82,app,pickup,COMPLETED
ORD-0150625,R-0359,2025-10-19,22.13,app,pickup,completed
ORD-0150626,R-0359,2025-10-11,28.45,web,delivery,completed
ORD-0150627,R-0359,2025-10-04,41.79,app,pickup,completed
ORD-0150628,R-0359,2025-10-24,19.82,web,delivery,completed
ORD-0150629,R-0359,2025-10-08,24.97,app,delivery,completed
ORD-0150630,R-0359,2025-10-30,14.99,app,delivery,completed
ORD-0150631,R-0359,2025-10-23,46.98,app,pickup,completed
ORD-0150632,R-0359,2025-10-04,34.23,web,pickup,completed
ORD-0150633,R-0359,2025-10-29,33.44,web,pickup,completed
ORD-0150634,R-0359,2025-10-24,39.28,web,delivery,completed
ORD-0150635,R-0359,2025-10-04,31.81,web,delivery,completed
ORD-0150636,R-0359,2025-10-26,37.05,app,pickup,completed
ORD-0150637,R-0359,2025-10-11,43.14,web,pickup,COMPLETED
ORD-0150638,R-0359,2025-10-31,43.64,app,pickup,completed
ORD-0150639,R-0359,2025-10-13,16.07,web,pickup,completed
ORD-0150640,R-0359,2025-10-28,29.91,web,pickup,completed
ORD-0150641,R-0359,2025-10-01,45.99,web,delivery,completed
ORD-0150642,R-0359,2025-10-04,68.69,web,delivery,completed
ORD-0150643,R-0359,2025-10-17,78.07,web,pickup,completed
ORD-0150644,R-0359,2025-10-17,20.11,app,pickup,completed
ORD-0150645,R-0359,2025-10-12,26.03,web,delivery,Completed
ORD-0150646,R-0359,2025-10-20,26.60,web,pickup,completed
ORD-0150647,R-0359,2025-10-04,23.03,app,pickup,completed
ORD-0150648,R-0359,2025-10-14,19.68,app,delivery,completed
ORD-0150649,R-0359,2025-10-31,29.11,web,pickup,completed
ORD-0150650,R-0359,2025-10-28,32.57,app,pickup,completed
ORD-0150651,R-0359,2025-10-18,11.00,app,delivery,completed
ORD-0150652,R-0359,2025-10-01,57.88,app,delivery,completed
ORD-0150653,R-0359,2025-10-21,51.07,app,pickup,completed
ORD-0150654,R-0359,2025-10-12,57.15,app,pickup,completed
ORD-0150655,R-0359,2025-10-24,43.45,web,pickup,completed
ORD-0150656,R-0359,2025-10-13,17.90,web,delivery,completed
ORD-0150657,R-0359,2025-10-27,12.34,web,delivery,completed
ORD-0150658,R-0359,2025-10-20,43.80,web,pickup,completed
ORD-0150659,R-0359,2025-10-29,69.00,web,pickup,completed
ORD-0150660,R-0359,2025-10-22,32.46,web,delivery,completed
ORD-0150661,R-0359,2025-10-11,36.03,app,pickup,completed
ORD-0150662,R-0359,2025-10-03,80.29,app,delivery,completed
ORD-0150663,R-0359,2025-10-15,31.01,app,delivery,completed
ORD-0150664,R-0359,2025-10-18,83.73,web,delivery,completed
ORD-0150665,R-0359,2025-10-17,32.12,web,delivery,completed
ORD-0150666,R-0359,2025-10-26,36.43,app,pickup,completed
ORD-0150667,R-0359,2025-10-07,17.50,web,delivery,completed
ORD-0150668,R-0359,2025-10-15,69.26,app,delivery,completed
ORD-0150669,R-0359,2025-10-10,47.30,app,delivery,completed
ORD-0150670,R-0359,2025-10-20,52.19,app,delivery,completed
ORD-0150671,R-0359,2025-10-30,61.85,web,delivery,completed
ORD-0150672,R-0359,2025-10-31,20.71,web,pickup,completed
ORD-0150673,R-0359,2025-10-17,33.37,app,delivery,completed
ORD-0150674,R-0359,2025-10-07,27.43,app,pickup,completed
ORD-0150675,R-0359,2025-10-05,24.08,web,delivery,completed
ORD-0150676,R-0359,2025-10-04,34.92,web,pickup,completed
ORD-0150677,R-0359,2025-10-12,26.02,app,delivery,completed
ORD-0150678,R-0359,2025-10-05,62.32,web,pickup,completed
ORD-0150679,R-0359,2025-10-10,59.21,app,pickup,completed
ORD-0151549,R-0362,2025-10-08,19.17,web,delivery,completed
ORD-0151550,R-0362,2025-10-24,21.12,web,delivery,completed
ORD-0151551,R-0362,2025-10-10,46.81,web,delivery,completed
ORD-0151552,R-0362,2025-10-06,23.49,web,delivery,cancelled
ORD-0151553,R-0362,2025-10-24,16.01,app,pickup,Completed
ORD-0151554,R-0362,2025-10-07,14.40,web,delivery,cancelled
ORD-0151555,R-0362,2025-10-31,24.25,app,delivery,completed
ORD-0151556,R-0362,2025-10-18,28.04,app,delivery,completed
ORD-0151557,R-0362,2025-10-11,17.87,web,delivery,completed
ORD-0151558,R-0362,2025-10-11,18.25,web,delivery,completed
ORD-0151559,R-0362,2025-10-05,21.67,app,pickup,completed
ORD-0151560,R-0362,2025-10-31,34.96,web,delivery,COMPLETED
ORD-0151561,R-0362,2025-10-31,13.51,web,delivery,completed
ORD-0151562,R-0362,2025-10-22,14.86,web,delivery,completed
ORD-0151563,R-0362,2025-10-14,30.42,app,delivery,completed
ORD-0151564,R-0362,2025-10-21,22.79,app,delivery,completed
ORD-0151565,R-0362,2025-10-17,42.29,web,pickup,completed
ORD-0151566,R-0362,2025-10-15,47.74,app,delivery,completed
ORD-0151567,R-0362,2025-10-08,20.02,app,delivery,completed
ORD-0151568,R-0362,2025-10-01,58.46,app,delivery,completed
ORD-0151569,R-0362,2025-10-03,34.08,web,delivery,completed
ORD-0151570,R-0362,2025-10-18,34.20,web,delivery,completed
ORD-0151571,R-0362,2025-10-07,43.48,app,pickup,completed
ORD-0151572,R-0362,2025-10-18,21.94,app,delivery,completed
ORD-0151573,R-0362,2025-10-31,27.80,web,delivery,completed
ORD-0151574,R-0362,2025-10-19,34.82,app,delivery,completed
ORD-0151575,R-0362,2025-10-10,48.19,web,pickup,completed
ORD-0151576,R-0362,2025-10-24,37.78,app,delivery,Completed
ORD-0151577,R-0362,2025-10-04,25.84,app,delivery,completed
ORD-0151578,R-0362,2025-10-25,38.28,web,delivery,cancelled
ORD-0151579,R-0362,2025-10-07,31.71,app,pickup,completed
ORD-0151580,R-0362,2025-10-27,22.78,web,delivery,completed
ORD-0151581,R-0362,2025-10-08,30.34,app,delivery,completed
ORD-0151582,R-0362,2025-10-23,22.34,web,delivery,completed
ORD-0151583,R-0362,2025-10-29,33.72,web,delivery,completed
ORD-0151584,R-0362,2025-10-12,21.97,app,delivery,completed
ORD-0151585,R-0362,2025-10-26,20.85,web,delivery,completed
ORD-0151586,R-0362,2025-10-04,37.89,web,delivery,completed
ORD-0151587,R-0362,2025-10-31,22.95,app,delivery,completed
ORD-0151588,R-0362,2025-10-10,27.09,web,delivery,completed
ORD-0151589,R-0362,2025-10-19,14.38,web,delivery,COMPLETED
ORD-0151590,R-0362,2025-10-04,30.22,web,delivery,completed
ORD-0151591,R-0362,2025-10-03,38.43,app,delivery,completed
ORD-0152697,R-0363,2025-10-16,25.72,web,pickup,completed
ORD-0152698,R-0363,2025-10-04,16.79,web,pickup,completed
ORD-0152699,R-0363,2025-10-04,12.66,web,pickup,completed
ORD-0152700,R-0363,2025-10-16,10.16,web,delivery,completed
ORD-0152701,R-0363,2025-10-08,9.95,app,delivery,completed
ORD-0152702,R-0363,2025-10-03,21.35,app,delivery,completed
ORD-0152703,R-0363,2025-10-01,11.09,web,delivery,completed
ORD-0152704,R-0363,2025-10-20,18.97,app,pickup,refunded
ORD-0152705,R-0363,2025-10-22,31.00,app,delivery,completed
ORD-0152706,R-0363,2025-10-23,11.47,web,pickup,completed
ORD-0152707,R-0363,2025-10-08,23.06,app,pickup,Completed
ORD-0152708,R-0363,2025-10-27,41.44,web,pickup,completed
ORD-0152709,R-0363,2025-10-22,15.14,app,delivery,Completed
ORD-0152710,R-0363,2025-10-03,12.99,app,pickup,completed
ORD-0152711,R-0363,2025-10-07,19.47,web,pickup,completed
ORD-0152712,R-0363,2025-10-25,11.40,web,pickup,completed
ORD-0152713,R-0363,2025-10-17,21.09,web,pickup,completed
ORD-0152714,R-0363,2025-10-11,11.86,web,pickup,completed
ORD-0152715,R-0363,2025-10-12,13.48,web,pickup,completed
ORD-0152716,R-0363,2025-10-18,17.92,web,pickup,Completed
ORD-0152717,R-0363,2025-10-26,24.33,web,pickup,completed
ORD-0152718,R-0363,2025-10-12,19.36,app,delivery,completed
ORD-0152719,R-0363,2025-10-18,16.89,web,delivery,Completed
ORD-0152720,R-0363,2025-10-29,7.88,app,pickup,completed
ORD-0152721,R-0363,2025-10-06,27.94,web,pickup,completed
ORD-0152722,R-0363,2025-10-09,13.27,web,pickup,completed
ORD-0152723,R-0363,2025-10-10,15.63,app,pickup,COMPLETED
ORD-0152724,R-0363,2025-10-11,18.84,web,pickup,completed
ORD-0152725,R-0363,2025-10-24,19.25,web,delivery,refunded
ORD-0152726,R-0363,2025-10-09,21.13,web,pickup,COMPLETED
ORD-0152727,R-0363,2025-10-05,18.26,web,pickup,completed
ORD-0152728,R-0363,2025-10-03,9.03,app,pickup,completed
ORD-0152729,R-0363,2025-10-24,12.74,app,pickup,completed
ORD-0152730,R-0363,2025-10-24,23.94,web,delivery,completed
ORD-0152731,R-0363,2025-10-31,11.60,web,delivery,cancelled
ORD-0152732,R-0363,2025-10-23,9.18,web,pickup,completed
ORD-0152733,R-0363,2025-10-25,25.48,web,delivery,completed
ORD-0152734,R-0363,2025-10-28,7.74,app,pickup,completed
ORD-0152735,R-0363,2025-10-03,11.34,web,delivery,completed
ORD-0152736,R-0363,2025-10-17,15.83,web,pickup,completed
ORD-0152737,R-0363,2025-10-18,23.23,app,pickup,completed
ORD-0152738,R-0363,2025-10-15,16.60,web,pickup,completed
ORD-0152739,R-0363,2025-10-07,28.98,web,pickup,completed
ORD-0152740,R-0363,2025-10-05,13.80,web,pickup,COMPLETED
ORD-0152741,R-0363,2025-10-28,8.73,web,pickup,completed
ORD-0152742,R-0363,2025-10-29,15.20,web,pickup,completed
ORD-0152743,R-0363,2025-10-12,15.63,web,pickup,completed
ORD-0152744,R-0363,2025-10-30,13.68,web,pickup,completed
ORD-0152745,R-0363,2025-10-11,18.18,app,pickup,completed
ORD-0152746,R-0363,2025-10-13,20.71,web,delivery,Completed
ORD-0152747,R-0363,2025-10-24,18.02,app,pickup,completed
ORD-0152748,R-0363,2025-10-30,19.95,web,delivery,completed
ORD-0152749,R-0363,2025-10-10,12.57,app,pickup,completed
ORD-0152750,R-0363,2025-10-20,11.97,web,delivery,Completed
ORD-0152751,R-0363,2025-10-10,18.75,app,pickup,completed
ORD-0152752,R-0363,2025-10-22,12.67,web,pickup,completed
ORD-0152753,R-0363,2025-10-12,15.05,web,pickup,COMPLETED
ORD-0152754,R-0363,2025-10-31,14.73,app,delivery,completed
ORD-0152755,R-0363,2025-10-13,17.38,app,pickup,completed
ORD-0152756,R-0363,2025-10-10,10.93,web,pickup,completed
ORD-0152757,R-0363,2025-10-19,10.07,web,pickup,completed
ORD-0152758,R-0363,2025-10-08,15.07,app,pickup,Completed
ORD-0152759,R-0363,2025-10-24,20.59,web,delivery,completed
ORD-0152760,R-0363,2025-10-09,11.65,app,pickup,completed
ORD-0152761,R-0363,2025-10-19,22.31,web,delivery,completed
ORD-0152762,R-0363,2025-10-03,13.25,web,pickup,completed
ORD-0152763,R-0363,2025-10-14,24.13,app,pickup,completed
ORD-0152764,R-0363,2025-10-10,11.31,web,pickup,completed
ORD-0152765,R-0363,2025-10-16,11.60,web,pickup,completed
ORD-0152766,R-0363,2025-10-12,18.04,app,delivery,completed
ORD-0152767,R-0363,2025-10-28,12.61,web,pickup,completed
ORD-0152768,R-0363,2025-10-01,18.39,web,delivery,refunded
ORD-0152769,R-0363,2025-10-05,11.07,app,pickup,completed
ORD-0152770,R-0363,2025-10-18,14.22,web,delivery,completed
ORD-0152771,R-0363,2025-10-21,12.24,web,pickup,completed
ORD-0152772,R-0363,2025-10-25,23.61,app,pickup,completed
ORD-0152773,R-0363,2025-10-18,19.56,app,pickup,Completed
ORD-0152774,R-0363,2025-10-21,14.74,app,delivery,completed
ORD-0153314,R-0364,2025-10-25,42.37,app,delivery,completed
ORD-0153315,R-0364,2025-10-25,35.24,app,delivery,COMPLETED
ORD-0153316,R-0364,2025-10-21,35.00,web,pickup,completed
ORD-0153317,R-0364,2025-10-18,41.13,web,pickup,completed
ORD-0153318,R-0364,2025-10-22,25.38,web,pickup,completed
ORD-0153319,R-0364,2025-10-19,24.11,web,pickup,completed
ORD-0153320,R-0364,2025-10-21,26.49,app,pickup,completed
ORD-0153321,R-0364,2025-10-17,17.17,app,pickup,completed
ORD-0153322,R-0364,2025-10-17,42.51,app,pickup,cancelled
ORD-0153323,R-0364,2025-10-02,27.26,app,pickup,completed
ORD-0153324,R-0364,2025-10-31,40.12,app,pickup,completed
ORD-0153325,R-0364,2025-10-24,32.95,web,delivery,completed
ORD-0153326,R-0364,2025-10-28,38.36,app,pickup,COMPLETED
ORD-0153327,R-0364,2025-10-31,33.28,web,delivery,completed
ORD-0153328,R-0364,2025-10-17,23.07,web,pickup,completed
ORD-0153329,R-0364,2025-10-12,26.03,web,delivery,completed
ORD-0153330,R-0364,2025-10-17,24.87,web,pickup,Completed
ORD-0153331,R-0364,2025-10-12,16.13,web,delivery,completed
ORD-0153332,R-0364,2025-10-04,24.18,app,delivery,COMPLETED
ORD-0153333,R-0364,2025-10-22,29.93,app,pickup,completed
ORD-0153334,R-0364,2025-10-04,42.24,app,pickup,completed
ORD-0153335,R-0364,2025-10-04,32.64,app,delivery,completed
ORD-0153336,R-0364,2025-10-22,31.11,app,delivery,completed
ORD-0153337,R-0364,2025-10-01,37.60,web,pickup,completed
ORD-0153338,R-0364,2025-10-02,31.85,app,delivery,completed
ORD-0153339,R-0364,2025-10-27,36.35,web,pickup,completed
ORD-0153340,R-0364,2025-10-13,31.93,web,pickup,completed
ORD-0153341,R-0364,2025-10-24,24.26,app,pickup,completed
ORD-0153342,R-0364,2025-10-07,27.16,app,pickup,completed
ORD-0153343,R-0364,2025-10-10,34.19,web,pickup,completed
ORD-0153344,R-0364,2025-10-16,20.01,app,pickup,COMPLETED
ORD-0153345,R-0364,2025-10-05,23.14,app,delivery,completed
ORD-0153346,R-0364,2025-10-05,29.57,app,delivery,completed
ORD-0153347,R-0364,2025-10-03,34.97,app,pickup,completed
ORD-0153348,R-0364,2025-10-10,22.60,app,delivery,completed
ORD-0153349,R-0364,2025-10-01,25.43,web,delivery,completed
ORD-0153350,R-0364,2025-10-10,49.40,app,pickup,completed
ORD-0153351,R-0364,2025-10-20,20.67,app,pickup,completed
ORD-0153352,R-0364,2025-10-11,33.23,app,pickup,completed
ORD-0153353,R-0364,2025-10-15,30.71,web,delivery,completed
ORD-0153354,R-0364,2025-10-31,30.62,app,pickup,completed
ORD-0153355,R-0364,2025-10-04,19.25,app,delivery,completed
ORD-0154271,R-0366,2025-10-10,69.07,app,delivery,Completed
ORD-0154272,R-0366,2025-10-24,52.53,web,delivery,completed
ORD-0154273,R-0366,2025-10-22,53.00,app,delivery,completed
ORD-0154274,R-0366,2025-10-27,58.68,app,delivery,completed
ORD-0154275,R-0366,2025-10-13,57.38,app,pickup,completed
ORD-0154276,R-0366,2025-10-10,47.38,web,delivery,completed
ORD-0154277,R-0366,2025-10-29,30.98,app,pickup,completed
ORD-0154278,R-0366,2025-10-09,61.60,web,delivery,completed
ORD-0154279,R-0366,2025-10-06,42.95,web,delivery,cancelled
ORD-0154280,R-0366,2025-10-18,48.57,web,delivery,completed
ORD-0154281,R-0366,2025-10-30,46.41,app,pickup,completed
ORD-0154282,R-0366,2025-10-24,59.02,web,delivery,completed
ORD-0154283,R-0366,2025-10-28,29.23,web,delivery,completed
ORD-0154284,R-0366,2025-10-17,57.25,web,pickup,completed
ORD-0154285,R-0366,2025-10-14,28.16,web,delivery,completed
ORD-0154286,R-0366,2025-10-26,44.42,app,delivery,COMPLETED
ORD-0154287,R-0366,2025-10-27,35.05,web,delivery,completed
ORD-0154288,R-0366,2025-10-17,30.70,web,delivery,completed
ORD-0154289,R-0366,2025-10-05,33.58,app,delivery,Completed
ORD-0154290,R-0366,2025-10-14,37.78,app,delivery,refunded
ORD-0154291,R-0366,2025-10-22,34.31,app,delivery,completed
ORD-0154292,R-0366,2025-10-22,48.85,app,delivery,completed
ORD-0154293,R-0366,2025-10-23,40.98,app,delivery,COMPLETED
ORD-0154294,R-0366,2025-10-24,44.28,app,delivery,completed
ORD-0154295,R-0366,2025-10-02,55.56,app,delivery,completed
ORD-0154296,R-0366,2025-10-04,89.73,app,delivery,completed
ORD-0154297,R-0366,2025-10-02,72.21,app,delivery,completed
ORD-0154298,R-0366,2025-10-04,44.44,web,delivery,completed
ORD-0154299,R-0366,2025-10-17,56.00,app,delivery,completed
ORD-0154300,R-0366,2025-10-25,22.53,web,pickup,completed
ORD-0154301,R-0366,2025-10-27,21.59,app,delivery,completed
ORD-0154302,R-0366,2025-10-26,64.26,app,delivery,Completed
ORD-0154303,R-0366,2025-10-25,24.60,app,delivery,completed
ORD-0154304,R-0366,2025-10-14,67.90,app,pickup,COMPLETED
ORD-0154305,R-0366,2025-10-14,56.98,app,delivery,completed
ORD-0154306,R-0366,2025-10-21,46.16,app,pickup,completed
ORD-0154307,R-0366,2025-10-18,40.98,app,pickup,completed
ORD-0154308,R-0366,2025-10-24,49.44,app,delivery,completed
ORD-0154309,R-0366,2025-10-23,28.87,app,delivery,completed
ORD-0154310,R-0366,2025-10-12,21.46,app,delivery,completed
ORD-0154311,R-0366,2025-10-24,37.65,app,delivery,completed
ORD-0154312,R-0366,2025-10-30,36.93,web,delivery,completed
ORD-0154313,R-0366,2025-10-25,46.65,web,delivery,completed
ORD-0154314,R-0366,2025-10-28,38.47,web,delivery,completed
ORD-0154315,R-0366,2025-10-05,23.17,app,pickup,completed
ORD-0154316,R-0366,2025-10-04,60.43,web,delivery,COMPLETED
ORD-0154317,R-0366,2025-10-02,36.66,app,delivery,completed
ORD-0154318,R-0366,2025-10-03,33.44,app,delivery,completed
ORD-0154319,R-0366,2025-10-01,46.73,app,delivery,completed
ORD-0154320,R-0366,2025-10-24,65.53,app,delivery,completed
ORD-0154321,R-0366,2025-10-31,32.18,app,delivery,completed
ORD-0154322,R-0366,2025-10-01,42.55,web,delivery,completed
ORD-0154323,R-0366,2025-10-16,53.55,app,delivery,completed
ORD-0154324,R-0366,2025-10-30,88.50,app,delivery,completed
ORD-0154325,R-0366,2025-10-11,34.12,app,delivery,Completed
ORD-0155300,R-0367,2025-10-30,48.70,app,delivery,completed
ORD-0155301,R-0367,2025-10-11,55.35,app,pickup,completed
ORD-0155302,R-0367,2025-10-06,19.91,app,delivery,completed
ORD-0155303,R-0367,2025-10-24,30.81,app,delivery,completed
ORD-0155304,R-0367,2025-10-03,27.85,app,delivery,completed
ORD-0155305,R-0367,2025-10-22,38.46,app,pickup,completed
ORD-0155306,R-0367,2025-10-08,42.33,app,delivery,completed
ORD-0155307,R-0367,2025-10-18,24.40,web,pickup,Completed
ORD-0155308,R-0367,2025-10-02,60.05,app,pickup,completed
ORD-0155309,R-0367,2025-10-03,26.65,app,delivery,completed
ORD-0155310,R-0367,2025-10-31,34.14,app,pickup,completed
ORD-0155311,R-0367,2025-10-10,25.69,app,delivery,completed
ORD-0155312,R-0367,2025-10-03,18.60,web,pickup,completed
ORD-0155313,R-0367,2025-10-10,44.32,app,pickup,completed
ORD-0155314,R-0367,2025-10-29,27.07,web,pickup,completed
ORD-0155315,R-0367,2025-10-09,25.02,web,delivery,completed
ORD-0155316,R-0367,2025-10-26,29.30,web,delivery,COMPLETED
ORD-0155317,R-0367,2025-10-11,35.89,app,pickup,completed
ORD-0155318,R-0367,2025-10-30,50.67,app,delivery,completed
ORD-0155319,R-0367,2025-10-13,52.12,app,pickup,COMPLETED
ORD-0155320,R-0367,2025-10-02,36.22,web,delivery,completed
ORD-0155321,R-0367,2025-10-29,55.40,app,pickup,COMPLETED
ORD-0155322,R-0367,2025-10-18,30.00,app,pickup,completed
ORD-0155323,R-0367,2025-10-02,29.03,web,pickup,completed
ORD-0155324,R-0367,2025-10-23,26.50,app,pickup,completed
ORD-0155325,R-0367,2025-10-04,40.51,app,delivery,COMPLETED
ORD-0155326,R-0367,2025-10-31,31.48,web,delivery,completed
ORD-0155327,R-0367,2025-10-13,42.47,web,pickup,completed
ORD-0155328,R-0367,2025-10-03,20.41,web,pickup,completed
ORD-0155329,R-0367,2025-10-14,53.31,app,delivery,completed
ORD-0155330,R-0367,2025-10-25,39.68,app,delivery,completed
ORD-0155331,R-0367,2025-10-26,32.13,app,delivery,COMPLETED
ORD-0155332,R-0367,2025-10-12,50.78,app,delivery,completed
ORD-0155333,R-0367,2025-10-03,27.10,app,pickup,completed
ORD-0155334,R-0367,2025-10-23,31.32,app,pickup,COMPLETED
ORD-0155335,R-0367,2025-10-07,38.32,web,pickup,completed
ORD-0155336,R-0367,2025-10-03,33.31,app,pickup,completed
ORD-0155337,R-0367,2025-10-26,29.94,web,delivery,COMPLETED
ORD-0155338,R-0367,2025-10-11,45.34,web,delivery,completed
ORD-0155339,R-0367,2025-10-04,37.90,app,pickup,completed
ORD-0155340,R-0367,2025-10-01,27.56,app,pickup,completed
ORD-0155341,R-0367,2025-10-08,24.72,app,pickup,completed
ORD-0155342,R-0367,2025-10-12,32.45,app,pickup,completed
ORD-0155343,R-0367,2025-10-11,45.12,app,pickup,completed
ORD-0155344,R-0367,2025-10-17,31.00,web,pickup,COMPLETED
ORD-0155345,R-0367,2025-10-15,30.38,app,pickup,completed
ORD-0155346,R-0367,2025-10-27,29.11,web,pickup,completed
ORD-0155347,R-0367,2025-10-30,32.12,app,pickup,completed
ORD-0155348,R-0367,2025-10-20,30.51,app,pickup,completed
ORD-0155349,R-0367,2025-10-12,30.11,web,pickup,COMPLETED
ORD-0155350,R-0367,2025-10-07,31.88,app,pickup,COMPLETED
ORD-0155351,R-0367,2025-10-22,40.95,app,pickup,completed
ORD-0155352,R-0367,2025-10-06,46.26,app,pickup,completed
ORD-0155353,R-0367,2025-10-22,20.68,app,pickup,completed
ORD-0155354,R-0367,2025-10-24,123.48,app,pickup,completed
ORD-0155355,R-0367,2025-10-04,29.17,web,pickup,completed
ORD-0155356,R-0367,2025-10-24,38.99,web,pickup,completed
ORD-0155357,R-0367,2025-10-25,40.03,web,pickup,completed
ORD-0155358,R-0367,2025-10-02,40.61,app,pickup,Completed
ORD-0155359,R-0367,2025-10-28,31.69,app,delivery,completed
ORD-0155360,R-0367,2025-10-15,33.27,app,delivery,completed
ORD-0155361,R-0367,2025-10-11,38.46,app,pickup,completed
ORD-0155362,R-0367,2025-10-21,28.75,app,pickup,completed
ORD-0155363,R-0367,2025-10-30,24.45,app,pickup,completed
ORD-0155364,R-0367,2025-10-04,46.66,app,pickup,completed
ORD-0155365,R-0367,2025-10-03,45.83,web,delivery,completed
ORD-0155366,R-0367,2025-10-02,26.40,web,pickup,completed
ORD-0155367,R-0367,2025-10-31,20.59,app,pickup,completed
ORD-0155368,R-0367,2025-10-13,27.08,app,pickup,completed
ORD-0155369,R-0367,2025-10-10,30.90,app,delivery,completed
ORD-0155370,R-0367,2025-10-10,19.02,app,delivery,completed
ORD-0155371,R-0367,2025-10-29,24.19,app,pickup,completed
ORD-0155372,R-0367,2025-10-05,32.86,web,pickup,completed
ORD-0155373,R-0367,2025-10-04,29.51,web,pickup,completed
ORD-0155374,R-0367,2025-10-08,26.08,web,delivery,completed
ORD-0155375,R-0367,2025-10-14,34.49,app,pickup,completed
ORD-0155376,R-0367,2025-10-05,39.49,app,delivery,completed
ORD-0155377,R-0367,2025-10-02,32.28,app,pickup,completed
ORD-0155378,R-0367,2025-10-20,24.58,app,delivery,REFUNDED
ORD-0155379,R-0367,2025-10-31,23.24,app,delivery,COMPLETED
ORD-0155380,R-0367,2025-10-01,36.91,app,delivery,completed
ORD-0155381,R-0367,2025-10-01,38.53,app,pickup,cancelled
ORD-0155382,R-0367,2025-10-24,48.58,app,pickup,COMPLETED
ORD-0155383,R-0367,2025-10-01,26.96,app,delivery,completed
ORD-0155384,R-0367,2025-10-21,24.33,app,delivery,completed
ORD-0155385,R-0367,2025-10-24,47.70,app,delivery,completed
ORD-0155386,R-0367,2025-10-31,33.74,app,delivery,completed
ORD-0155387,R-0367,2025-10-22,26.59,app,delivery,completed
ORD-0155388,R-0367,2025-10-18,29.37,app,pickup,completed
ORD-0155389,R-0367,2025-10-06,36.47,app,pickup,completed
ORD-0155390,R-0367,2025-10-23,32.90,app,pickup,Completed
ORD-0155391,R-0367,2025-10-25,29.08,app,delivery,completed
ORD-0155392,R-0367,2025-10-23,55.06,web,delivery,completed
ORD-0155393,R-0367,2025-10-03,19.84,app,pickup,COMPLETED
ORD-0155394,R-0367,2025-10-03,31.34,web,delivery,COMPLETED
ORD-0155395,R-0367,2025-10-16,35.05,app,delivery,completed
ORD-0155396,R-0367,2025-10-18,33.10,app,pickup,cancelled
ORD-0155397,R-0367,2025-10-11,26.40,app,pickup,completed
ORD-0155398,R-0367,2025-10-10,30.74,web,delivery,completed
ORD-0155399,R-0367,2025-10-30,26.94,app,delivery,COMPLETED
ORD-0155400,R-0367,2025-10-25,33.13,app,pickup,completed
ORD-0155401,R-0367,2025-10-06,48.71,app,delivery,cancelled
ORD-0155402,R-0367,2025-10-23,23.24,app,delivery,completed
ORD-0155403,R-0367,2025-10-10,26.65,app,delivery,completed
ORD-0155404,R-0367,2025-10-02,40.52,web,pickup,completed
ORD-0155405,R-0367,2025-10-10,41.47,web,delivery,completed
ORD-0155406,R-0367,2025-10-12,44.14,app,delivery,Completed
ORD-0155407,R-0367,2025-10-12,27.39,app,delivery,completed
ORD-0155408,R-0367,2025-10-28,33.04,app,pickup,completed
ORD-0155409,R-0367,2025-10-05,32.72,app,delivery,completed
ORD-0155410,R-0367,2025-10-18,28.44,app,delivery,completed
ORD-0155411,R-0367,2025-10-04,55.84,app,delivery,completed
ORD-0155412,R-0367,2025-10-02,34.20,app,pickup,completed
ORD-0155413,R-0367,2025-10-17,32.78,app,pickup,completed
ORD-0155414,R-0367,2025-10-21,45.41,app,pickup,refunded
ORD-0155415,R-0367,2025-10-26,45.24,app,delivery,completed
ORD-0155416,R-0367,2025-10-08,33.76,app,pickup,completed
ORD-0155417,R-0367,2025-10-21,27.33,app,delivery,completed
ORD-0155418,R-0367,2025-10-12,57.89,app,delivery,COMPLETED
ORD-0155419,R-0367,2025-10-02,30.30,web,delivery,completed
ORD-0155420,R-0367,2025-10-24,38.09,web,pickup,completed
ORD-0155421,R-0367,2025-10-25,41.21,web,pickup,completed
ORD-0155422,R-0367,2025-10-10,53.43,app,pickup,COMPLETED
ORD-0155423,R-0367,2025-10-16,32.99,web,pickup,completed
ORD-0155424,R-0367,2025-10-02,23.36,web,pickup,refunded
ORD-0155425,R-0367,2025-10-26,49.01,web,delivery,completed
ORD-0155426,R-0367,2025-10-11,41.81,app,delivery,completed
ORD-0155427,R-0367,2025-10-23,31.71,app,delivery,completed
ORD-0155428,R-0367,2025-10-19,33.99,app,pickup,completed
ORD-0155429,R-0367,2025-10-04,37.63,web,delivery,completed
ORD-0155430,R-0367,2025-10-24,34.11,app,delivery,completed
ORD-0155431,R-0367,2025-10-26,25.91,app,delivery,COMPLETED
ORD-0155432,R-0367,2025-10-09,54.25,app,pickup,completed
ORD-0155433,R-0367,2025-10-05,43.46,app,delivery,Completed
ORD-0155434,R-0367,2025-10-25,34.35,app,delivery,completed
ORD-0155435,R-0367,2025-10-18,37.93,web,pickup,completed
ORD-0155436,R-0367,2025-10-19,25.69,app,pickup,COMPLETED
ORD-0155437,R-0367,2025-10-02,44.92,app,delivery,COMPLETED
ORD-0155438,R-0367,2025-10-11,43.20,app,pickup,completed
ORD-0155439,R-0367,2025-10-08,41.63,app,pickup,completed
ORD-0155440,R-0367,2025-10-19,34.66,app,delivery,refunded
ORD-0155441,R-0367,2025-10-05,33.94,app,pickup,COMPLETED
ORD-0155442,R-0367,2025-10-31,35.09,app,pickup,completed
ORD-0155443,R-0367,2025-10-24,32.63,app,delivery,completed
ORD-0155444,R-0367,2025-10-30,53.25,app,delivery,completed
ORD-0155445,R-0367,2025-10-07,41.82,app,delivery,COMPLETED
ORD-0157638,R-0369,2025-10-08,22.86,app,delivery,completed
ORD-0157639,R-0369,2025-10-27,39.91,app,pickup,Completed
ORD-0157640,R-0369,2025-10-18,17.11,web,pickup,completed
ORD-0157641,R-0369,2025-10-18,20.87,web,delivery,completed
ORD-0157642,R-0369,2025-10-31,15.86,web,pickup,completed
ORD-0157643,R-0369,2025-10-25,25.36,web,pickup,completed
ORD-0157644,R-0369,2025-10-11,23.45,web,delivery,completed
ORD-0157645,R-0369,2025-10-19,16.51,web,delivery,completed
ORD-0157646,R-0369,2025-10-01,23.14,app,pickup,Completed
ORD-0157647,R-0369,2025-10-20,13.60,web,pickup,completed
ORD-0157648,R-0369,2025-10-03,15.94,app,delivery,completed
ORD-0157649,R-0369,2025-10-30,21.01,web,delivery,completed
ORD-0157650,R-0369,2025-10-19,16.38,web,delivery,completed
ORD-0157651,R-0369,2025-10-03,27.54,app,delivery,COMPLETED
ORD-0157652,R-0369,2025-10-04,29.44,web,delivery,completed
ORD-0157653,R-0369,2025-10-09,21.95,web,delivery,completed
ORD-0157654,R-0369,2025-10-14,24.79,web,delivery,completed
ORD-0157655,R-0369,2025-10-16,32.68,web,delivery,completed
ORD-0157656,R-0369,2025-10-23,10.85,web,delivery,completed
ORD-0157657,R-0369,2025-10-18,22.24,web,delivery,completed
ORD-0157658,R-0369,2025-10-09,34.91,web,delivery,completed
ORD-0157659,R-0369,2025-10-29,20.46,web,delivery,completed
ORD-0157660,R-0369,2025-10-07,12.78,web,delivery,completed
ORD-0157661,R-0369,2025-10-18,7.19,web,pickup,completed
ORD-0157662,R-0369,2025-10-03,32.86,app,delivery,completed
ORD-0157663,R-0369,2025-10-11,26.78,app,delivery,completed
ORD-0157664,R-0369,2025-10-21,30.04,web,delivery,refunded
ORD-0157665,R-0369,2025-10-14,20.70,app,delivery,completed
ORD-0157666,R-0369,2025-10-05,29.13,web,delivery,completed
ORD-0157667,R-0369,2025-10-30,30.14,web,delivery,completed
ORD-0157668,R-0369,2025-10-11,28.94,app,pickup,completed
ORD-0157669,R-0369,2025-10-07,21.60,app,delivery,Completed
ORD-0157670,R-0369,2025-10-30,10.06,web,pickup,completed
ORD-0157671,R-0369,2025-10-25,23.21,web,pickup,completed
ORD-0157672,R-0369,2025-10-30,41.54,web,delivery,completed
ORD-0157673,R-0369,2025-10-31,24.90,web,delivery,COMPLETED
ORD-0157674,R-0369,2025-10-25,33.92,web,delivery,completed
ORD-0157675,R-0369,2025-10-31,38.98,web,delivery,Cancelled
ORD-0157676,R-0369,2025-10-18,20.72,web,delivery,completed
ORD-0157677,R-0369,2025-10-04,21.39,web,delivery,completed
ORD-0157678,R-0369,2025-10-11,26.26,web,delivery,completed
ORD-0157679,R-0369,2025-10-06,22.17,web,delivery,completed
ORD-0157680,R-0369,2025-10-21,17.93,web,pickup,Completed
ORD-0157681,R-0369,2025-10-12,27.02,web,pickup,completed
ORD-0157682,R-0369,2025-10-16,19.69,web,delivery,completed
ORD-0157683,R-0369,2025-10-01,33.90,web,pickup,completed
ORD-0157684,R-0369,2025-10-09,19.46,web,delivery,completed
ORD-0157685,R-0369,2025-10-31,23.21,web,delivery,completed
ORD-0157686,R-0369,2025-10-16,24.11,web,pickup,COMPLETED
ORD-0157687,R-0369,2025-10-08,20.78,web,delivery,completed
ORD-0157688,R-0369,2025-10-11,17.25,app,delivery,completed
ORD-0157689,R-0369,2025-10-26,29.22,web,delivery,Completed
ORD-0157690,R-0369,2025-10-22,26.21,web,delivery,COMPLETED
ORD-0157691,R-0369,2025-10-10,18.67,web,pickup,completed
ORD-0157692,R-0369,2025-10-04,18.36,app,delivery,completed
ORD-0157693,R-0369,2025-10-28,22.92,web,pickup,completed
ORD-0157694,R-0369,2025-10-14,28.85,app,delivery,completed
ORD-0157695,R-0369,2025-10-09,22.02,web,pickup,completed
ORD-0157696,R-0369,2025-10-10,11.85,web,delivery,completed
ORD-0157697,R-0369,2025-10-31,17.85,web,pickup,completed
ORD-0157698,R-0369,2025-10-06,13.94,web,pickup,completed
ORD-0157699,R-0369,2025-10-10,45.99,web,delivery,cancelled
ORD-0157700,R-0369,2025-10-15,26.65,web,pickup,completed
ORD-0157701,R-0369,2025-10-28,21.49,app,pickup,completed
ORD-0159509,R-0374,2025-10-06,43.85,app,delivery,completed
ORD-0159510,R-0374,2025-10-13,35.90,app,delivery,completed
ORD-0159511,R-0374,2025-10-28,43.36,app,pickup,Completed
ORD-0159512,R-0374,2025-10-12,38.36,app,delivery,completed
ORD-0159513,R-0374,2025-10-07,39.31,web,pickup,completed
ORD-0159514,R-0374,2025-10-17,24.05,app,pickup,completed
ORD-0159515,R-0374,2025-10-19,32.59,app,pickup,completed
ORD-0159516,R-0374,2025-10-04,33.65,app,pickup,COMPLETED
ORD-0159517,R-0374,2025-10-12,45.63,web,delivery,completed
ORD-0159518,R-0374,2025-10-11,41.66,app,delivery,completed
ORD-0159519,R-0374,2025-10-08,18.53,web,delivery,completed
ORD-0159520,R-0374,2025-10-04,24.15,web,pickup,completed
ORD-0159521,R-0374,2025-10-17,37.08,app,delivery,completed
ORD-0159522,R-0374,2025-10-19,40.16,app,delivery,completed
ORD-0159523,R-0374,2025-10-23,47.73,app,delivery,completed
ORD-0159524,R-0374,2025-10-06,28.74,app,pickup,completed
ORD-0159525,R-0374,2025-10-07,30.89,web,pickup,completed
ORD-0159526,R-0374,2025-10-13,34.01,app,pickup,completed
ORD-0159527,R-0374,2025-10-07,37.68,web,delivery,completed
ORD-0159528,R-0374,2025-10-04,36.50,app,delivery,completed
ORD-0159529,R-0374,2025-10-20,26.91,web,delivery,completed
ORD-0159530,R-0374,2025-10-04,48.78,app,pickup,completed
ORD-0159531,R-0374,2025-10-03,44.47,web,delivery,completed
ORD-0159532,R-0374,2025-10-29,28.10,web,delivery,completed
ORD-0159533,R-0374,2025-10-21,22.44,app,delivery,completed
ORD-0159534,R-0374,2025-10-01,25.68,web,pickup,completed
ORD-0159535,R-0374,2025-10-01,50.72,app,delivery,completed
ORD-0159536,R-0374,2025-10-04,35.37,app,delivery,CANCELLED
ORD-0159537,R-0374,2025-10-17,33.18,web,pickup,COMPLETED
ORD-0159538,R-0374,2025-10-03,33.86,app,delivery,CANCELLED
ORD-0159539,R-0374,2025-10-25,41.28,web,pickup,completed
ORD-0159540,R-0374,2025-10-18,59.45,web,delivery,completed
ORD-0159541,R-0374,2025-10-11,27.50,web,delivery,completed
ORD-0159542,R-0374,2025-10-04,33.48,app,delivery,completed
ORD-0159543,R-0374,2025-10-03,21.71,web,pickup,completed
ORD-0159544,R-0374,2025-10-22,35.04,web,pickup,completed
ORD-0159545,R-0374,2025-10-29,27.63,app,pickup,completed
ORD-0159546,R-0374,2025-10-10,43.46,app,delivery,completed
ORD-0159547,R-0374,2025-10-24,27.57,web,delivery,completed
ORD-0159548,R-0374,2025-10-20,30.05,app,pickup,completed
ORD-0159549,R-0374,2025-10-23,16.61,app,pickup,completed
ORD-0159550,R-0374,2025-10-14,33.10,web,pickup,cancelled
ORD-0159551,R-0374,2025-10-13,29.86,app,pickup,completed
ORD-0159552,R-0374,2025-10-07,35.36,web,pickup,completed
ORD-0159553,R-0374,2025-10-08,26.63,app,delivery,completed
ORD-0159554,R-0374,2025-10-01,32.26,app,delivery,completed
ORD-0159555,R-0374,2025-10-09,28.73,app,pickup,completed
ORD-0159556,R-0374,2025-10-21,26.64,web,delivery,completed
ORD-0159557,R-0374,2025-10-21,19.24,app,pickup,completed
ORD-0159558,R-0374,2025-10-10,31.70,web,delivery,completed
ORD-0159559,R-0374,2025-10-16,25.31,web,pickup,completed
ORD-0159560,R-0374,2025-10-11,29.09,app,delivery,completed
ORD-0159561,R-0374,2025-10-03,18.65,web,delivery,REFUNDED
ORD-0159562,R-0374,2025-10-04,30.16,web,delivery,completed
ORD-0159563,R-0374,2025-10-13,40.20,app,delivery,completed
ORD-0160976,R-0375,2025-10-29,16.07,app,delivery,completed
ORD-0160977,R-0375,2025-10-19,30.81,web,delivery,completed
ORD-0160978,R-0375,2025-10-18,25.08,app,delivery,completed
ORD-0160979,R-0375,2025-10-18,27.03,app,delivery,completed
ORD-0160980,R-0375,2025-10-05,23.15,app,delivery,COMPLETED
ORD-0160981,R-0375,2025-10-30,26.79,app,delivery,refunded
ORD-0160982,R-0375,2025-10-29,31.90,web,pickup,completed
ORD-0160983,R-0375,2025-10-08,21.72,app,pickup,completed
ORD-0160984,R-0375,2025-10-21,18.44,app,delivery,completed
ORD-0160985,R-0375,2025-10-06,47.98,web,delivery,completed
ORD-0160986,R-0375,2025-10-15,21.30,web,pickup,completed
ORD-0160987,R-0375,2025-10-04,13.35,app,delivery,completed
ORD-0160988,R-0375,2025-10-18,32.88,web,pickup,completed
ORD-0160989,R-0375,2025-10-04,36.11,web,delivery,completed
ORD-0160990,R-0375,2025-10-25,15.60,app,delivery,cancelled
ORD-0160991,R-0375,2025-10-04,13.04,app,pickup,completed
ORD-0160992,R-0375,2025-10-08,9.08,app,delivery,COMPLETED
ORD-0160993,R-0375,2025-10-11,45.51,app,delivery,completed
ORD-0160994,R-0375,2025-10-17,26.95,web,delivery,completed
ORD-0160995,R-0375,2025-10-31,36.30,app,delivery,completed
ORD-0160996,R-0375,2025-10-14,20.89,web,pickup,completed
ORD-0160997,R-0375,2025-10-01,21.77,web,delivery,completed
ORD-0160998,R-0375,2025-10-14,46.22,web,delivery,completed
ORD-0160999,R-0375,2025-10-28,36.43,web,delivery,completed
ORD-0161000,R-0375,2025-10-21,29.81,app,delivery,completed
ORD-0161001,R-0375,2025-10-30,22.77,app,delivery,refunded
ORD-0161002,R-0375,2025-10-14,12.32,web,pickup,completed
ORD-0161003,R-0375,2025-10-04,49.73,web,delivery,completed
ORD-0161004,R-0375,2025-10-30,21.30,app,delivery,COMPLETED
ORD-0161005,R-0375,2025-10-18,30.11,app,delivery,completed
ORD-0161006,R-0375,2025-10-26,44.80,app,delivery,completed
ORD-0161007,R-0375,2025-10-17,38.83,web,delivery,completed
ORD-0161008,R-0375,2025-10-09,30.63,web,delivery,Completed
ORD-0161009,R-0375,2025-10-13,24.31,app,delivery,cancelled
ORD-0161010,R-0375,2025-10-01,27.69,web,pickup,completed
ORD-0161011,R-0375,2025-10-18,60.93,web,delivery,completed
ORD-0161012,R-0375,2025-10-02,33.28,web,delivery,completed
ORD-0161013,R-0375,2025-10-31,39.57,web,delivery,completed
ORD-0161014,R-0375,2025-10-18,25.70,web,delivery,completed
ORD-0161015,R-0375,2025-10-02,34.39,app,pickup,completed
ORD-0161016,R-0375,2025-10-22,20.03,web,delivery,completed
ORD-0161017,R-0375,2025-10-03,33.80,app,pickup,completed
ORD-0161018,R-0375,2025-10-07,35.74,app,delivery,completed
ORD-0161019,R-0375,2025-10-04,106.05,app,delivery,completed
ORD-0161020,R-0375,2025-10-07,20.61,app,delivery,completed
ORD-0161021,R-0375,2025-10-24,22.12,app,delivery,completed
ORD-0161022,R-0375,2025-10-13,17.95,app,delivery,completed
ORD-0161023,R-0375,2025-10-23,45.82,web,delivery,COMPLETED
ORD-0161024,R-0375,2025-10-19,32.37,app,delivery,completed
ORD-0161025,R-0375,2025-10-12,21.12,web,pickup,completed
ORD-0161026,R-0375,2025-10-25,29.01,app,pickup,cancelled
ORD-0161027,R-0375,2025-10-14,19.50,app,delivery,completed
ORD-0161028,R-0375,2025-10-13,37.47,web,pickup,completed
ORD-0161029,R-0375,2025-10-23,17.94,web,delivery,completed
ORD-0161030,R-0375,2025-10-28,15.63,web,delivery,Completed
ORD-0161031,R-0375,2025-10-01,30.10,web,pickup,COMPLETED
ORD-0161032,R-0375,2025-10-09,21.06,web,delivery,completed
ORD-0161033,R-0375,2025-10-16,49.15,app,pickup,completed
ORD-0161034,R-0375,2025-10-15,18.57,web,delivery,completed
ORD-0161035,R-0375,2025-10-11,18.31,app,delivery,completed
ORD-0161036,R-0375,2025-10-02,48.52,web,delivery,cancelled
ORD-0161037,R-0375,2025-10-18,45.81,app,pickup,completed
ORD-0161038,R-0375,2025-10-31,39.30,web,pickup,completed
ORD-0161039,R-0375,2025-10-21,43.90,app,delivery,completed
ORD-0161040,R-0375,2025-10-09,32.59,web,pickup,COMPLETED
ORD-0161041,R-0375,2025-10-25,26.65,app,delivery,completed
ORD-0161042,R-0375,2025-10-11,71.93,app,pickup,completed
ORD-0161043,R-0375,2025-10-26,22.92,app,delivery,COMPLETED
ORD-0161044,R-0375,2025-10-07,7.75,app,delivery,completed
ORD-0161045,R-0375,2025-10-31,40.26,app,delivery,completed
ORD-0161046,R-0375,2025-10-30,13.65,app,delivery,completed
ORD-0161047,R-0375,2025-10-29,14.07,web,delivery,completed
ORD-0161048,R-0375,2025-10-27,37.24,web,pickup,completed
ORD-0161049,R-0375,2025-10-03,100.77,web,pickup,completed
ORD-0161050,R-0375,2025-10-18,32.42,web,delivery,completed
ORD-0161051,R-0375,2025-10-21,22.38,app,delivery,completed
ORD-0161052,R-0375,2025-10-01,18.50,app,delivery,completed
ORD-0161053,R-0375,2025-10-04,51.09,web,pickup,completed
ORD-0161054,R-0375,2025-10-12,33.20,app,delivery,completed
ORD-0161055,R-0375,2025-10-04,24.55,web,delivery,completed
ORD-0161056,R-0375,2025-10-13,22.67,app,pickup,completed
ORD-0161057,R-0375,2025-10-08,50.63,app,pickup,completed
ORD-0161058,R-0375,2025-10-17,53.90,web,delivery,completed
ORD-0161059,R-0375,2025-10-18,53.97,app,delivery,completed
ORD-0161060,R-0375,2025-10-21,29.63,web,delivery,completed
ORD-0161061,R-0375,2025-10-22,50.78,web,delivery,COMPLETED
ORD-0161062,R-0375,2025-10-11,35.96,web,delivery,completed
ORD-0161063,R-0375,2025-10-26,41.31,app,delivery,CANCELLED
ORD-0161064,R-0375,2025-10-10,26.32,app,delivery,completed
ORD-0161065,R-0375,2025-10-14,37.36,app,delivery,Completed
ORD-0161066,R-0375,2025-10-09,31.70,app,delivery,completed
ORD-0161067,R-0375,2025-10-25,18.84,web,delivery,completed
ORD-0161068,R-0375,2025-10-22,42.62,web,delivery,completed
ORD-0161069,R-0375,2025-10-03,12.05,web,delivery,completed
ORD-0161070,R-0375,2025-10-24,46.98,app,delivery,completed
ORD-0161071,R-0375,2025-10-19,50.54,app,pickup,completed
ORD-0161072,R-0375,2025-10-13,37.12,web,delivery,completed
ORD-0161073,R-0375,2025-10-30,18.62,app,delivery,completed
ORD-0161074,R-0375,2025-10-18,48.75,app,delivery,completed
ORD-0161075,R-0375,2025-10-06,15.39,app,delivery,completed
ORD-0161076,R-0375,2025-10-17,35.26,app,pickup,completed
ORD-0161077,R-0375,2025-10-21,64.34,app,delivery,completed
ORD-0161078,R-0375,2025-10-29,42.02,web,pickup,cancelled
ORD-0161079,R-0375,2025-10-10,40.65,web,delivery,completed
ORD-0161080,R-0375,2025-10-06,22.68,web,delivery,completed
ORD-0161081,R-0375,2025-10-11,46.67,app,pickup,completed
ORD-0161082,R-0375,2025-10-24,23.35,app,delivery,completed
ORD-0161083,R-0375,2025-10-27,19.40,app,delivery,completed
ORD-0161084,R-0375,2025-10-15,26.59,app,pickup,completed
ORD-0161085,R-0375,2025-10-17,24.50,web,delivery,completed
ORD-0161805,R-0376,2025-10-03,47.72,web,delivery,completed
ORD-0161806,R-0376,2025-10-15,28.39,web,pickup,completed
ORD-0161807,R-0376,2025-10-04,30.36,web,pickup,completed
ORD-0161808,R-0376,2025-10-04,30.89,app,delivery,completed
ORD-0161809,R-0376,2025-10-19,18.42,web,pickup,completed
ORD-0161810,R-0376,2025-10-07,66.09,app,pickup,completed
ORD-0161811,R-0376,2025-10-17,47.38,app,delivery,completed
ORD-0161812,R-0376,2025-10-05,42.45,web,pickup,completed
ORD-0161813,R-0376,2025-10-04,34.18,web,pickup,cancelled
ORD-0161814,R-0376,2025-10-25,31.53,web,delivery,completed
ORD-0161815,R-0376,2025-10-10,38.82,app,delivery,completed
ORD-0161816,R-0376,2025-10-27,107.05,web,pickup,COMPLETED
ORD-0161817,R-0376,2025-10-24,28.96,web,delivery,completed
ORD-0161818,R-0376,2025-10-06,37.53,app,pickup,completed
ORD-0161819,R-0376,2025-10-02,27.29,app,delivery,completed
ORD-0161820,R-0376,2025-10-17,47.11,web,pickup,completed
ORD-0161821,R-0376,2025-10-04,45.59,app,pickup,Completed
ORD-0161822,R-0376,2025-10-17,56.75,web,pickup,completed
ORD-0161823,R-0376,2025-10-19,35.20,web,pickup,cancelled
ORD-0161824,R-0376,2025-10-28,48.41,app,pickup,Completed
ORD-0161825,R-0376,2025-10-17,46.21,web,pickup,completed
ORD-0161826,R-0376,2025-10-09,132.33,web,delivery,completed
ORD-0161827,R-0376,2025-10-13,43.76,app,delivery,completed
ORD-0161828,R-0376,2025-10-16,42.40,app,pickup,completed
ORD-0161829,R-0376,2025-10-26,22.24,app,pickup,completed
ORD-0161830,R-0376,2025-10-20,51.44,web,pickup,completed
ORD-0161831,R-0376,2025-10-25,68.25,app,delivery,completed
ORD-0161832,R-0376,2025-10-28,47.62,app,pickup,Completed
ORD-0161833,R-0376,2025-10-01,61.87,app,delivery,completed
ORD-0161834,R-0376,2025-10-25,35.13,web,pickup,completed
ORD-0161835,R-0376,2025-10-13,77.20,app,pickup,completed
ORD-0161836,R-0376,2025-10-23,25.01,app,delivery,completed
ORD-0161837,R-0376,2025-10-27,21.91,web,delivery,completed
ORD-0161838,R-0376,2025-10-28,24.02,app,pickup,refunded
ORD-0161839,R-0376,2025-10-21,26.23,app,pickup,completed
ORD-0161840,R-0376,2025-10-27,22.24,web,pickup,Completed
ORD-0162813,R-0379,2025-10-21,36.87,app,delivery,completed
ORD-0162814,R-0379,2025-10-25,51.18,app,delivery,completed
ORD-0162815,R-0379,2025-10-06,20.29,app,delivery,completed
ORD-0162816,R-0379,2025-10-14,28.02,app,delivery,completed
ORD-0162817,R-0379,2025-10-22,17.90,web,delivery,completed
ORD-0162818,R-0379,2025-10-28,19.99,web,delivery,completed
ORD-0162819,R-0379,2025-10-31,22.21,web,delivery,completed
ORD-0162820,R-0379,2025-10-21,25.44,app,delivery,completed
ORD-0162821,R-0379,2025-10-19,33.19,app,delivery,completed
ORD-0162822,R-0379,2025-10-11,29.41,web,delivery,completed
ORD-0162823,R-0379,2025-10-06,14.54,app,delivery,completed
ORD-0162824,R-0379,2025-10-31,33.76,web,delivery,completed
ORD-0162825,R-0379,2025-10-25,20.69,app,delivery,completed
ORD-0162826,R-0379,2025-10-09,25.91,app,delivery,completed
ORD-0162827,R-0379,2025-10-26,19.51,app,delivery,completed
ORD-0162828,R-0379,2025-10-20,33.00,web,delivery,completed
ORD-0162829,R-0379,2025-10-11,22.07,app,delivery,completed
ORD-0162830,R-0379,2025-10-15,29.44,web,delivery,completed
ORD-0162831,R-0379,2025-10-30,21.04,web,delivery,completed
ORD-0162832,R-0379,2025-10-04,49.72,web,delivery,completed
ORD-0162833,R-0379,2025-10-04,16.96,web,delivery,completed
ORD-0162834,R-0379,2025-10-26,34.73,web,pickup,completed
ORD-0162835,R-0379,2025-10-08,21.56,web,delivery,completed
ORD-0162836,R-0379,2025-10-02,38.12,web,delivery,Completed
ORD-0162837,R-0379,2025-10-11,27.53,web,delivery,completed
ORD-0162838,R-0379,2025-10-14,31.71,web,delivery,Completed
ORD-0162839,R-0379,2025-10-18,19.31,web,delivery,completed
ORD-0162840,R-0379,2025-10-21,46.16,web,delivery,completed
ORD-0162841,R-0379,2025-10-17,22.52,web,delivery,completed
ORD-0162842,R-0379,2025-10-08,23.52,app,delivery,completed
ORD-0162843,R-0379,2025-10-03,17.45,web,delivery,completed
ORD-0162844,R-0379,2025-10-03,23.98,web,delivery,refunded
ORD-0162845,R-0379,2025-10-23,14.84,app,delivery,COMPLETED
ORD-0162846,R-0379,2025-10-30,40.02,app,delivery,completed
ORD-0162847,R-0379,2025-10-14,10.97,web,delivery,Completed
ORD-0162848,R-0379,2025-10-26,27.58,web,delivery,completed
ORD-0162849,R-0379,2025-10-17,11.85,web,delivery,completed
ORD-0162850,R-0379,2025-10-18,23.76,web,delivery,completed
ORD-0162851,R-0379,2025-10-23,12.89,app,delivery,completed
ORD-0162852,R-0379,2025-10-23,25.38,app,delivery,completed
ORD-0162853,R-0379,2025-10-28,19.71,web,delivery,completed
ORD-0162854,R-0379,2025-10-12,17.37,app,delivery,COMPLETED
ORD-0162855,R-0379,2025-10-13,17.46,web,delivery,Completed
ORD-0162856,R-0379,2025-10-09,26.51,web,delivery,completed
ORD-0162857,R-0379,2025-10-14,23.14,web,delivery,completed
ORD-0162858,R-0379,2025-10-06,18.11,app,delivery,completed
ORD-0162859,R-0379,2025-10-03,19.09,app,delivery,completed
ORD-0162860,R-0379,2025-10-10,28.86,web,delivery,completed
ORD-0162861,R-0379,2025-10-02,39.94,app,delivery,completed
ORD-0162862,R-0379,2025-10-23,16.08,web,pickup,cancelled
ORD-0162863,R-0379,2025-10-08,23.57,web,delivery,completed
ORD-0162864,R-0379,2025-10-01,25.42,web,delivery,completed
ORD-0162865,R-0379,2025-10-24,19.10,web,delivery,completed
ORD-0162866,R-0379,2025-10-09,22.95,app,delivery,COMPLETED
ORD-0162867,R-0379,2025-10-05,31.22,app,delivery,completed
ORD-0162868,R-0379,2025-10-14,22.81,web,pickup,completed
ORD-0162869,R-0379,2025-10-12,24.22,web,delivery,completed
ORD-0162870,R-0379,2025-10-14,43.41,web,pickup,completed
ORD-0162871,R-0379,2025-10-03,29.15,app,delivery,COMPLETED
ORD-0162872,R-0379,2025-10-29,27.61,web,delivery,completed
ORD-0162873,R-0379,2025-10-08,23.48,app,delivery,completed
ORD-0162874,R-0379,2025-10-09,25.43,web,delivery,Completed
ORD-0162875,R-0379,2025-10-15,41.80,web,delivery,completed
ORD-0162876,R-0379,2025-10-15,20.87,web,pickup,completed
ORD-0162877,R-0379,2025-10-04,26.42,web,delivery,completed
ORD-0162878,R-0379,2025-10-17,33.68,web,delivery,Completed
ORD-0163590,R-0381,2025-10-31,49.61,web,pickup,completed
ORD-0163591,R-0381,2025-10-31,30.01,app,pickup,completed
ORD-0163639,R-0382,2025-10-11,43.17,app,pickup,completed
ORD-0163640,R-0382,2025-10-26,34.05,web,delivery,completed
ORD-0163641,R-0382,2025-10-10,34.34,app,delivery,completed
ORD-0163642,R-0382,2025-10-05,28.83,app,delivery,completed
ORD-0163643,R-0382,2025-10-12,14.82,app,pickup,completed
ORD-0163644,R-0382,2025-10-13,19.68,web,delivery,completed
ORD-0163645,R-0382,2025-10-04,27.44,web,delivery,COMPLETED
ORD-0163646,R-0382,2025-10-11,21.91,app,delivery,COMPLETED
ORD-0163647,R-0382,2025-10-10,26.27,web,delivery,completed
ORD-0163648,R-0382,2025-10-08,20.56,web,pickup,completed
ORD-0163649,R-0382,2025-10-14,22.45,web,pickup,COMPLETED
ORD-0163650,R-0382,2025-10-25,28.37,app,delivery,completed
ORD-0163651,R-0382,2025-10-23,18.00,app,delivery,completed
ORD-0163652,R-0382,2025-10-04,37.55,web,pickup,completed
ORD-0163653,R-0382,2025-10-12,18.85,web,delivery,completed
ORD-0163654,R-0382,2025-10-09,21.18,app,delivery,completed
ORD-0163655,R-0382,2025-10-31,27.76,app,delivery,completed
ORD-0163656,R-0382,2025-10-21,48.81,app,pickup,completed
ORD-0163657,R-0382,2025-10-19,29.43,app,pickup,completed
ORD-0163658,R-0382,2025-10-23,25.78,app,delivery,completed
ORD-0163659,R-0382,2025-10-15,21.79,app,delivery,completed
ORD-0163660,R-0382,2025-10-29,22.02,web,delivery,completed
ORD-0163661,R-0382,2025-10-19,17.99,web,delivery,completed
ORD-0163662,R-0382,2025-10-31,24.68,web,delivery,completed
ORD-0163663,R-0382,2025-10-22,20.28,app,pickup,completed
ORD-0163664,R-0382,2025-10-29,34.30,web,delivery,completed
ORD-0163665,R-0382,2025-10-03,25.50,web,delivery,completed
ORD-0163666,R-0382,2025-10-30,17.42,web,delivery,completed
ORD-0163667,R-0382,2025-10-02,37.81,web,pickup,completed
ORD-0163668,R-0382,2025-10-17,37.32,web,pickup,completed
ORD-0163669,R-0382,2025-10-14,35.64,web,delivery,cancelled
ORD-0163670,R-0382,2025-10-31,31.07,app,delivery,completed
ORD-0163671,R-0382,2025-10-22,10.85,web,delivery,completed
ORD-0163672,R-0382,2025-10-28,69.49,web,delivery,completed
ORD-0163673,R-0382,2025-10-18,38.98,app,delivery,cancelled
ORD-0163674,R-0382,2025-10-02,30.25,app,pickup,completed
ORD-0163675,R-0382,2025-10-11,23.71,app,delivery,completed
ORD-0163676,R-0382,2025-10-17,17.24,web,pickup,cancelled
ORD-0163677,R-0382,2025-10-31,23.47,app,delivery,completed
ORD-0163678,R-0382,2025-10-06,30.94,app,delivery,completed
ORD-0163679,R-0382,2025-10-21,18.77,web,delivery,completed
ORD-0164680,R-0383,2025-10-13,20.82,web,delivery,completed
ORD-0164681,R-0383,2025-10-01,20.55,app,pickup,Completed
ORD-0164682,R-0383,2025-10-23,21.72,app,delivery,completed
ORD-0164683,R-0383,2025-10-27,23.40,app,pickup,completed
ORD-0164684,R-0383,2025-10-16,26.78,web,delivery,completed
ORD-0164685,R-0383,2025-10-11,22.77,app,delivery,completed
ORD-0164686,R-0383,2025-10-16,32.52,web,delivery,completed
ORD-0164687,R-0383,2025-10-01,22.39,app,delivery,completed
ORD-0164688,R-0383,2025-10-21,43.22,web,delivery,completed
ORD-0164689,R-0383,2025-10-04,19.38,app,delivery,completed
ORD-0164690,R-0383,2025-10-27,28.43,web,delivery,completed
ORD-0164691,R-0383,2025-10-28,30.62,web,delivery,completed
ORD-0164692,R-0383,2025-10-27,26.27,web,delivery,completed
ORD-0164693,R-0383,2025-10-31,14.29,web,delivery,COMPLETED
ORD-0164694,R-0383,2025-10-13,12.31,app,delivery,completed
ORD-0164695,R-0383,2025-10-24,29.74,web,delivery,completed
ORD-0164696,R-0383,2025-10-03,50.18,web,pickup,completed
ORD-0164697,R-0383,2025-10-17,17.60,web,delivery,completed
ORD-0164698,R-0383,2025-10-04,31.30,web,delivery,completed
ORD-0164699,R-0383,2025-10-13,10.11,web,delivery,completed
ORD-0164700,R-0383,2025-10-11,44.48,web,delivery,completed
ORD-0164701,R-0383,2025-10-16,17.82,web,delivery,completed
ORD-0164702,R-0383,2025-10-13,46.22,web,pickup,completed
ORD-0164703,R-0383,2025-10-30,25.97,web,pickup,completed
ORD-0164704,R-0383,2025-10-04,9.65,web,delivery,completed
ORD-0164705,R-0383,2025-10-03,37.82,web,delivery,cancelled
ORD-0164706,R-0383,2025-10-02,22.49,app,delivery,completed
ORD-0164707,R-0383,2025-10-27,32.28,web,delivery,CANCELLED
ORD-0164708,R-0383,2025-10-07,25.14,web,pickup,completed
ORD-0164709,R-0383,2025-10-20,15.75,web,delivery,COMPLETED
ORD-0164710,R-0383,2025-10-24,24.91,web,delivery,completed
ORD-0164711,R-0383,2025-10-17,19.64,web,delivery,completed
ORD-0164712,R-0383,2025-10-15,36.83,web,delivery,completed
ORD-0164713,R-0383,2025-10-02,23.89,app,delivery,COMPLETED
ORD-0164714,R-0383,2025-10-14,22.72,app,delivery,completed
ORD-0164715,R-0383,2025-10-27,13.26,app,delivery,completed
ORD-0164716,R-0383,2025-10-25,21.68,app,delivery,completed
ORD-0164717,R-0383,2025-10-12,24.94,web,pickup,completed
ORD-0164718,R-0383,2025-10-26,18.59,web,delivery,completed
ORD-0164719,R-0383,2025-10-01,51.74,web,delivery,completed
ORD-0164720,R-0383,2025-10-15,25.62,web,delivery,completed
ORD-0164721,R-0383,2025-10-26,21.71,web,delivery,completed
ORD-0164722,R-0383,2025-10-10,18.10,web,pickup,completed
ORD-0164723,R-0383,2025-10-24,22.87,web,delivery,Completed
ORD-0164724,R-0383,2025-10-04,25.34,web,delivery,REFUNDED
ORD-0164725,R-0383,2025-10-11,27.84,app,pickup,completed
ORD-0164726,R-0383,2025-10-11,37.54,app,delivery,Cancelled
ORD-0164727,R-0383,2025-10-31,11.63,app,pickup,completed
ORD-0164728,R-0383,2025-10-24,36.24,app,delivery,Completed
ORD-0164729,R-0383,2025-10-04,15.37,web,delivery,completed
ORD-0164730,R-0383,2025-10-12,24.01,web,delivery,completed
ORD-0164731,R-0383,2025-10-10,45.14,web,delivery,completed
ORD-0164732,R-0383,2025-10-24,33.45,web,delivery,completed
ORD-0164733,R-0383,2025-10-25,29.45,web,pickup,completed
ORD-0164734,R-0383,2025-10-18,17.74,web,pickup,completed
ORD-0164735,R-0383,2025-10-12,17.00,web,delivery,completed
ORD-0164736,R-0383,2025-10-29,12.29,app,delivery,completed
ORD-0164737,R-0383,2025-10-10,39.92,app,delivery,completed
ORD-0164738,R-0383,2025-10-25,17.60,web,delivery,completed
ORD-0164739,R-0383,2025-10-17,15.83,web,delivery,completed
ORD-0164740,R-0383,2025-10-03,31.15,app,delivery,COMPLETED
ORD-0164741,R-0383,2025-10-10,22.33,web,delivery,completed
ORD-0164742,R-0383,2025-10-08,13.51,app,delivery,completed
ORD-0164743,R-0383,2025-10-04,23.38,web,pickup,completed
ORD-0164744,R-0383,2025-10-13,17.88,web,delivery,completed
ORD-0164745,R-0383,2025-10-18,21.38,web,pickup,COMPLETED
ORD-0164746,R-0383,2025-10-22,38.71,web,delivery,completed
ORD-0164747,R-0383,2025-10-23,18.77,web,delivery,completed
ORD-0164748,R-0383,2025-10-31,26.02,web,delivery,completed
ORD-0164749,R-0383,2025-10-26,19.47,web,pickup,completed
ORD-0164750,R-0383,2025-10-24,23.46,app,pickup,completed
ORD-0164751,R-0383,2025-10-11,25.74,app,delivery,COMPLETED
ORD-0164752,R-0383,2025-10-28,25.25,app,delivery,cancelled
ORD-0164753,R-0383,2025-10-09,33.09,web,delivery,completed
ORD-0164754,R-0383,2025-10-03,17.40,web,delivery,completed
ORD-0164755,R-0383,2025-10-02,22.77,web,delivery,completed
ORD-0164756,R-0383,2025-10-13,45.93,app,delivery,completed
ORD-0164757,R-0383,2025-10-19,18.09,web,delivery,completed
ORD-0164758,R-0383,2025-10-18,21.58,web,delivery,completed
ORD-0164759,R-0383,2025-10-17,27.41,app,delivery,completed
ORD-0164760,R-0383,2025-10-11,22.38,web,pickup,completed
ORD-0164761,R-0383,2025-10-17,23.51,app,delivery,completed
ORD-0164762,R-0383,2025-10-23,25.71,web,delivery,Completed
ORD-0164763,R-0383,2025-10-15,19.68,app,delivery,completed
ORD-0164764,R-0383,2025-10-14,21.08,web,delivery,completed
ORD-0164765,R-0383,2025-10-25,49.46,web,delivery,completed
ORD-0164766,R-0383,2025-10-22,13.04,app,pickup,completed
ORD-0164767,R-0383,2025-10-11,26.06,web,pickup,completed
ORD-0164768,R-0383,2025-10-02,30.99,web,delivery,completed
ORD-0164769,R-0383,2025-10-16,18.80,app,delivery,completed
ORD-0164770,R-0383,2025-10-14,12.08,web,delivery,COMPLETED
ORD-0164771,R-0383,2025-10-14,31.90,app,pickup,completed
ORD-0164772,R-0383,2025-10-23,15.09,web,delivery,cancelled
ORD-0164773,R-0383,2025-10-31,23.63,web,delivery,completed
ORD-0164774,R-0383,2025-10-25,12.08,app,delivery,completed
ORD-0164775,R-0383,2025-10-18,31.59,web,delivery,completed
ORD-0164776,R-0383,2025-10-03,24.14,app,pickup,completed
ORD-0164777,R-0383,2025-10-16,18.88,web,delivery,completed
ORD-0164778,R-0383,2025-10-14,23.04,app,delivery,completed
ORD-0164779,R-0383,2025-10-23,14.19,web,delivery,completed
ORD-0164780,R-0383,2025-10-09,31.59,web,delivery,completed
ORD-0164781,R-0383,2025-10-10,28.00,web,delivery,completed
ORD-0164782,R-0383,2025-10-02,28.14,web,delivery,completed
ORD-0164783,R-0383,2025-10-01,14.87,web,pickup,Completed
ORD-0164784,R-0383,2025-10-02,23.48,web,delivery,completed
ORD-0164785,R-0383,2025-10-04,11.72,app,pickup,completed
ORD-0164786,R-0383,2025-10-03,21.57,app,delivery,completed
ORD-0164787,R-0383,2025-10-03,45.73,web,pickup,Completed
ORD-0164788,R-0383,2025-10-22,30.71,app,delivery,COMPLETED
ORD-0164789,R-0383,2025-10-21,21.63,app,pickup,completed
ORD-0166342,R-0385,2025-10-17,40.10,app,delivery,completed
ORD-0166343,R-0385,2025-10-03,17.26,app,pickup,completed
ORD-0166344,R-0385,2025-10-09,27.39,app,pickup,completed
ORD-0166345,R-0385,2025-10-23,15.38,app,delivery,completed
ORD-0166346,R-0385,2025-10-22,34.90,app,delivery,completed
ORD-0166347,R-0385,2025-10-04,25.21,web,delivery,completed
ORD-0166348,R-0385,2025-10-10,17.47,app,pickup,completed
ORD-0166349,R-0385,2025-10-11,18.05,web,delivery,completed
ORD-0166350,R-0385,2025-10-28,30.23,app,delivery,Completed
ORD-0166351,R-0385,2025-10-25,23.83,app,delivery,completed
ORD-0166352,R-0385,2025-10-21,31.05,app,delivery,completed
ORD-0166353,R-0385,2025-10-13,17.06,web,pickup,completed
ORD-0166354,R-0385,2025-10-17,23.95,web,pickup,completed
ORD-0166355,R-0385,2025-10-12,30.16,app,delivery,completed
ORD-0166356,R-0385,2025-10-21,29.46,web,pickup,completed
ORD-0166357,R-0385,2025-10-19,16.46,web,delivery,completed
ORD-0166358,R-0385,2025-10-22,54.86,app,pickup,completed
ORD-0166359,R-0385,2025-10-21,30.94,app,pickup,completed
ORD-0166360,R-0385,2025-10-30,18.23,web,pickup,completed
ORD-0166361,R-0385,2025-10-03,14.03,web,delivery,completed
ORD-0166362,R-0385,2025-10-30,22.74,app,delivery,completed
ORD-0166363,R-0385,2025-10-24,39.01,web,delivery,completed
ORD-0166364,R-0385,2025-10-21,27.46,app,delivery,completed
ORD-0166365,R-0385,2025-10-29,19.87,web,delivery,COMPLETED
ORD-0166366,R-0385,2025-10-09,22.66,app,pickup,completed
ORD-0166367,R-0385,2025-10-04,35.41,app,pickup,completed
ORD-0166368,R-0385,2025-10-11,31.15,app,pickup,COMPLETED
ORD-0166369,R-0385,2025-10-19,19.17,web,pickup,cancelled
ORD-0166370,R-0385,2025-10-19,43.08,app,delivery,completed
ORD-0166371,R-0385,2025-10-27,20.07,web,delivery,completed
ORD-0166372,R-0385,2025-10-30,36.92,app,delivery,completed
ORD-0166373,R-0385,2025-10-15,16.96,web,delivery,completed
ORD-0166374,R-0385,2025-10-16,13.73,app,delivery,completed
ORD-0166375,R-0385,2025-10-03,14.70,app,pickup,completed
ORD-0166376,R-0385,2025-10-28,26.64,app,delivery,completed
ORD-0166493,R-0386,2025-10-07,19.10,app,pickup,CANCELLED
ORD-0166494,R-0386,2025-10-11,24.53,web,delivery,completed
ORD-0166495,R-0386,2025-10-31,22.93,web,delivery,completed
ORD-0166496,R-0386,2025-10-18,17.73,web,delivery,completed
ORD-0166497,R-0386,2025-10-22,39.00,web,delivery,completed
ORD-0166498,R-0386,2025-10-11,36.10,app,delivery,completed
ORD-0166499,R-0386,2025-10-12,25.85,app,pickup,completed
ORD-0166500,R-0386,2025-10-05,24.22,web,pickup,completed
ORD-0166501,R-0386,2025-10-06,37.33,app,pickup,completed
ORD-0166502,R-0386,2025-10-13,17.46,app,delivery,completed
ORD-0166691,R-0388,2025-10-16,27.88,app,delivery,completed
ORD-0166692,R-0388,2025-10-05,23.31,app,delivery,COMPLETED
ORD-0166693,R-0388,2025-10-23,36.06,app,delivery,completed
ORD-0166694,R-0388,2025-10-27,75.59,app,delivery,completed
ORD-0166695,R-0388,2025-10-29,31.62,web,pickup,completed
ORD-0166696,R-0388,2025-10-27,31.87,app,delivery,completed
ORD-0166697,R-0388,2025-10-29,43.31,web,delivery,completed
ORD-0166698,R-0388,2025-10-08,30.09,app,pickup,completed
ORD-0166699,R-0388,2025-10-25,32.84,app,pickup,Completed
ORD-0166700,R-0388,2025-10-02,21.18,app,delivery,completed
ORD-0166701,R-0388,2025-10-31,54.53,web,delivery,completed
ORD-0166702,R-0388,2025-10-06,33.66,app,delivery,completed
ORD-0166703,R-0388,2025-10-08,27.92,web,delivery,completed
ORD-0166704,R-0388,2025-10-16,54.63,app,delivery,completed
ORD-0166705,R-0388,2025-10-24,44.43,app,pickup,completed
ORD-0166706,R-0388,2025-10-30,29.12,app,delivery,completed
ORD-0166707,R-0388,2025-10-02,42.83,web,delivery,completed
ORD-0166938,R-0389,2025-10-27,17.24,web,pickup,completed
ORD-0166939,R-0389,2025-10-24,20.38,web,pickup,completed
ORD-0166940,R-0389,2025-10-25,26.73,web,delivery,completed
ORD-0166941,R-0389,2025-10-31,27.59,app,pickup,completed
ORD-0166942,R-0389,2025-10-24,23.65,web,pickup,completed
ORD-0166943,R-0389,2025-10-25,24.78,web,pickup,completed
ORD-0166944,R-0389,2025-10-30,14.20,app,pickup,completed
ORD-0166945,R-0389,2025-10-26,28.92,web,pickup,refunded
ORD-0166946,R-0389,2025-10-27,24.78,app,delivery,completed
ORD-0166947,R-0389,2025-10-24,23.32,app,pickup,cancelled
ORD-0166948,R-0389,2025-10-27,17.94,app,pickup,completed
ORD-0166949,R-0389,2025-10-24,34.03,app,pickup,completed
ORD-0166950,R-0389,2025-10-27,37.95,web,pickup,completed
ORD-0166951,R-0389,2025-10-29,31.72,web,pickup,completed
ORD-0166952,R-0389,2025-10-27,29.38,app,pickup,completed
ORD-0166953,R-0389,2025-10-25,18.05,web,delivery,Completed
ORD-0166954,R-0389,2025-10-31,23.79,web,pickup,completed
ORD-0166955,R-0389,2025-10-26,22.81,app,pickup,Completed
ORD-0166956,R-0389,2025-10-26,46.81,web,pickup,completed
ORD-0166957,R-0389,2025-10-24,18.78,app,pickup,completed
ORD-0168577,R-0390,2025-10-11,71.38,app,pickup,completed
ORD-0168578,R-0390,2025-10-27,23.77,web,delivery,completed
ORD-0168579,R-0390,2025-10-27,28.85,web,delivery,completed
ORD-0168580,R-0390,2025-10-11,22.40,web,delivery,completed
ORD-0168581,R-0390,2025-10-28,55.93,app,delivery,completed
ORD-0168582,R-0390,2025-10-26,25.66,web,delivery,completed
ORD-0168583,R-0390,2025-10-21,65.13,web,delivery,completed
ORD-0168584,R-0390,2025-10-14,44.87,app,pickup,completed
ORD-0168585,R-0390,2025-10-10,33.17,web,delivery,COMPLETED
ORD-0168586,R-0390,2025-10-09,42.33,app,pickup,completed
ORD-0168587,R-0390,2025-10-22,25.03,web,pickup,cancelled
ORD-0168588,R-0390,2025-10-20,44.87,web,pickup,COMPLETED
ORD-0168589,R-0390,2025-10-27,25.74,app,delivery,cancelled
ORD-0168590,R-0390,2025-10-16,33.35,app,delivery,completed
ORD-0168591,R-0390,2025-10-25,20.28,web,pickup,completed
ORD-0168592,R-0390,2025-10-21,50.34,web,delivery,COMPLETED
ORD-0168593,R-0390,2025-10-31,28.29,web,pickup,completed
ORD-0172154,R-0401,2025-10-13,19.89,web,pickup,completed
ORD-0172155,R-0401,2025-10-11,30.65,web,pickup,completed
ORD-0172156,R-0401,2025-10-19,13.35,app,pickup,completed
ORD-0172157,R-0401,2025-10-08,12.89,app,pickup,completed
ORD-0172158,R-0401,2025-10-23,20.97,web,pickup,COMPLETED
ORD-0172159,R-0401,2025-10-01,30.91,app,delivery,completed
ORD-0172160,R-0401,2025-10-05,27.99,app,delivery,completed
ORD-0172161,R-0401,2025-10-04,30.06,app,pickup,completed
ORD-0172162,R-0401,2025-10-12,46.86,app,pickup,completed
ORD-0172163,R-0401,2025-10-04,28.23,web,pickup,completed
ORD-0172164,R-0401,2025-10-12,33.12,app,pickup,completed
ORD-0172165,R-0401,2025-10-05,58.83,web,pickup,completed
ORD-0172166,R-0401,2025-10-24,34.75,app,delivery,completed
ORD-0172167,R-0401,2025-10-22,14.91,app,delivery,completed
ORD-0172168,R-0401,2025-10-31,20.11,web,delivery,completed
ORD-0172169,R-0401,2025-10-07,66.04,app,delivery,Cancelled
ORD-0172170,R-0401,2025-10-18,11.52,web,pickup,completed
ORD-0172171,R-0401,2025-10-27,28.46,app,delivery,completed
ORD-0172172,R-0401,2025-10-16,35.43,app,pickup,completed
ORD-0172173,R-0401,2025-10-08,33.84,web,delivery,completed
ORD-0172174,R-0401,2025-10-14,16.94,web,pickup,completed
ORD-0172175,R-0401,2025-10-29,12.02,app,pickup,completed
ORD-0172176,R-0401,2025-10-26,116.88,app,delivery,completed
ORD-0172177,R-0401,2025-10-13,35.39,web,pickup,completed
ORD-0172178,R-0401,2025-10-03,38.79,app,pickup,completed
ORD-0172179,R-0401,2025-10-25,46.36,app,pickup,Completed
ORD-0172180,R-0401,2025-10-19,29.87,web,delivery,COMPLETED
ORD-0172181,R-0401,2025-10-23,24.00,web,delivery,CANCELLED
ORD-0172182,R-0401,2025-10-31,56.61,app,pickup,completed
ORD-0172183,R-0401,2025-10-11,25.15,app,pickup,completed
ORD-0172184,R-0401,2025-10-07,57.23,app,pickup,Completed
ORD-0172185,R-0401,2025-10-13,19.39,web,pickup,completed
ORD-0172186,R-0401,2025-10-26,31.35,app,delivery,completed
ORD-0172187,R-0401,2025-10-31,28.71,app,pickup,completed
ORD-0172188,R-0401,2025-10-17,22.45,app,pickup,completed
ORD-0172189,R-0401,2025-10-21,38.28,app,delivery,completed
ORD-0172190,R-0401,2025-10-28,29.53,web,pickup,completed
ORD-0172191,R-0401,2025-10-04,20.14,web,delivery,completed
ORD-0172192,R-0401,2025-10-07,30.48,app,delivery,completed
ORD-0172193,R-0401,2025-10-31,37.48,app,pickup,completed
ORD-0172194,R-0401,2025-10-01,17.33,web,delivery,completed
ORD-0172195,R-0401,2025-10-01,32.30,web,pickup,completed
ORD-0172196,R-0401,2025-10-15,33.04,app,pickup,completed
ORD-0172197,R-0401,2025-10-18,31.77,app,pickup,completed
ORD-0172198,R-0401,2025-10-13,26.98,app,pickup,completed
ORD-0172199,R-0401,2025-10-25,38.93,web,pickup,COMPLETED
ORD-0172200,R-0401,2025-10-07,75.51,app,delivery,completed
ORD-0172201,R-0401,2025-10-24,17.82,app,pickup,completed
ORD-0172202,R-0401,2025-10-25,45.91,app,pickup,completed
ORD-0172203,R-0401,2025-10-02,19.58,app,delivery,completed
ORD-0172204,R-0401,2025-10-22,40.20,app,pickup,completed
ORD-0172205,R-0401,2025-10-21,39.54,app,pickup,completed
ORD-0172206,R-0401,2025-10-29,16.05,app,pickup,completed
ORD-0172207,R-0401,2025-10-28,34.08,app,delivery,completed
ORD-0172208,R-0401,2025-10-01,14.25,app,delivery,completed
ORD-0172209,R-0401,2025-10-04,40.41,web,pickup,completed
ORD-0172210,R-0401,2025-10-18,30.28,app,pickup,completed
ORD-0172211,R-0401,2025-10-01,22.30,app,pickup,refunded
ORD-0172212,R-0401,2025-10-11,49.72,app,delivery,completed
ORD-0172213,R-0401,2025-10-30,40.82,app,delivery,completed
ORD-0172214,R-0401,2025-10-12,31.76,web,delivery,completed
ORD-0172215,R-0401,2025-10-29,21.32,web,delivery,completed
ORD-0172216,R-0401,2025-10-23,31.56,app,delivery,completed
ORD-0172217,R-0401,2025-10-29,38.11,web,pickup,completed
ORD-0172218,R-0401,2025-10-31,44.17,app,pickup,completed
ORD-0172219,R-0401,2025-10-11,26.60,app,pickup,completed
ORD-0172220,R-0401,2025-10-07,23.49,web,pickup,completed
ORD-0172221,R-0401,2025-10-25,20.52,app,pickup,completed
ORD-0172222,R-0401,2025-10-21,26.99,web,delivery,completed
ORD-0172223,R-0401,2025-10-13,32.65,app,delivery,completed
ORD-0172224,R-0401,2025-10-14,37.03,app,delivery,completed
ORD-0172225,R-0401,2025-10-13,44.27,web,delivery,cancelled
ORD-0172226,R-0401,2025-10-26,35.22,app,delivery,completed
ORD-0172227,R-0401,2025-10-01,20.94,app,delivery,Completed
ORD-0172228,R-0401,2025-10-30,41.43,web,pickup,completed
ORD-0172229,R-0401,2025-10-17,13.18,web,delivery,completed
ORD-0172230,R-0401,2025-10-17,44.83,app,pickup,completed
ORD-0172231,R-0401,2025-10-30,21.73,app,pickup,completed
ORD-0172232,R-0401,2025-10-09,17.65,app,delivery,completed
ORD-0172233,R-0401,2025-10-18,25.76,app,delivery,completed
ORD-0172234,R-0401,2025-10-30,27.67,web,pickup,completed
ORD-0172235,R-0401,2025-10-10,14.21,app,pickup,completed
ORD-0172236,R-0401,2025-10-19,28.67,app,pickup,completed
ORD-0172237,R-0401,2025-10-19,25.91,app,delivery,COMPLETED
ORD-0172238,R-0401,2025-10-04,44.64,web,pickup,completed
ORD-0172239,R-0401,2025-10-28,38.71,web,delivery,completed
ORD-0172240,R-0401,2025-10-04,74.52,app,pickup,completed
ORD-0172241,R-0401,2025-10-31,43.69,app,delivery,completed
ORD-0172242,R-0401,2025-10-17,35.47,web,delivery,completed
ORD-0172243,R-0401,2025-10-15,36.30,app,pickup,cancelled
ORD-0172244,R-0401,2025-10-25,24.33,app,delivery,completed
ORD-0172245,R-0401,2025-10-04,15.87,app,pickup,COMPLETED
ORD-0172246,R-0401,2025-10-20,49.32,web,pickup,completed
ORD-0172247,R-0401,2025-10-18,36.45,app,pickup,completed
ORD-0172248,R-0401,2025-10-03,21.17,app,pickup,COMPLETED
ORD-0172249,R-0401,2025-10-25,19.01,app,pickup,completed
ORD-0172250,R-0401,2025-10-17,17.90,web,pickup,completed
ORD-0172251,R-0401,2025-10-17,45.12,app,pickup,completed
ORD-0172252,R-0401,2025-10-06,32.85,web,pickup,completed
ORD-0172253,R-0401,2025-10-06,38.84,web,delivery,completed
ORD-0172254,R-0401,2025-10-31,31.59,web,pickup,completed
ORD-0172255,R-0401,2025-10-22,40.82,app,pickup,completed
ORD-0172256,R-0401,2025-10-04,27.38,app,delivery,completed
ORD-0172257,R-0401,2025-10-19,38.11,app,delivery,completed
ORD-0172258,R-0401,2025-10-25,21.54,app,pickup,completed
ORD-0172259,R-0401,2025-10-24,23.84,web,delivery,completed
ORD-0172260,R-0401,2025-10-13,18.18,web,delivery,completed
ORD-0172261,R-0401,2025-10-22,27.41,app,delivery,completed
ORD-0172262,R-0401,2025-10-31,19.68,web,delivery,completed
ORD-0172263,R-0401,2025-10-13,67.88,app,pickup,completed
ORD-0172264,R-0401,2025-10-22,43.75,app,pickup,completed
ORD-0172265,R-0401,2025-10-10,30.99,app,pickup,completed
ORD-0172266,R-0401,2025-10-02,22.65,app,pickup,completed
ORD-0172267,R-0401,2025-10-07,46.59,app,pickup,completed
ORD-0172268,R-0401,2025-10-06,7.45,app,pickup,completed
ORD-0172269,R-0401,2025-10-11,53.64,app,pickup,completed
ORD-0172270,R-0401,2025-10-15,14.29,app,pickup,completed
ORD-0172271,R-0401,2025-10-29,29.49,web,delivery,completed
ORD-0172272,R-0401,2025-10-29,23.85,web,delivery,completed
ORD-0172273,R-0401,2025-10-25,38.61,app,delivery,completed
ORD-0172274,R-0401,2025-10-20,16.90,app,pickup,completed
ORD-0172275,R-0401,2025-10-04,31.45,app,delivery,completed
ORD-0172276,R-0401,2025-10-18,34.65,web,pickup,completed
ORD-0172277,R-0401,2025-10-13,28.42,app,pickup,COMPLETED
ORD-0172278,R-0401,2025-10-16,35.22,app,pickup,completed
ORD-0172279,R-0401,2025-10-03,26.92,app,pickup,COMPLETED
ORD-0172280,R-0401,2025-10-26,17.37,app,pickup,COMPLETED
ORD-0172281,R-0401,2025-10-17,16.35,app,pickup,completed
ORD-0172282,R-0401,2025-10-18,13.94,app,delivery,completed
ORD-0172283,R-0401,2025-10-25,13.00,app,delivery,completed
ORD-0172284,R-0401,2025-10-07,11.57,app,pickup,completed
ORD-0173041,R-0404,2025-10-25,34.20,web,pickup,completed
ORD-0173042,R-0404,2025-10-28,33.76,web,pickup,completed
ORD-0173043,R-0404,2025-10-26,23.61,app,pickup,completed
ORD-0173044,R-0404,2025-10-03,24.43,app,delivery,completed
ORD-0173045,R-0404,2025-10-26,38.34,web,pickup,completed
ORD-0173046,R-0404,2025-10-11,29.55,app,delivery,completed
ORD-0173047,R-0404,2025-10-11,13.12,app,pickup,completed
ORD-0173048,R-0404,2025-10-24,30.34,app,delivery,completed
ORD-0173049,R-0404,2025-10-01,18.56,web,pickup,completed
ORD-0173050,R-0404,2025-10-23,32.76,app,delivery,completed
ORD-0173051,R-0404,2025-10-12,24.53,app,delivery,completed
ORD-0173052,R-0404,2025-10-03,50.08,web,delivery,completed
ORD-0173053,R-0404,2025-10-19,23.08,app,pickup,COMPLETED
ORD-0173054,R-0404,2025-10-10,21.67,web,pickup,completed
ORD-0173055,R-0404,2025-10-04,15.46,app,delivery,completed
ORD-0173056,R-0404,2025-10-03,35.99,app,pickup,completed
ORD-0173057,R-0404,2025-10-31,36.86,app,pickup,completed
ORD-0173058,R-0404,2025-10-05,50.34,app,pickup,completed
ORD-0173059,R-0404,2025-10-27,27.59,app,pickup,completed
ORD-0173060,R-0404,2025-10-31,29.70,app,pickup,refunded
ORD-0173061,R-0404,2025-10-24,26.50,app,pickup,completed
ORD-0173062,R-0404,2025-10-28,22.90,web,pickup,completed
ORD-0173063,R-0404,2025-10-20,25.53,app,delivery,cancelled
ORD-0173064,R-0404,2025-10-21,28.01,app,pickup,completed
ORD-0173065,R-0404,2025-10-01,39.56,app,pickup,completed
ORD-0173066,R-0404,2025-10-04,16.04,app,delivery,completed
ORD-0173067,R-0404,2025-10-25,57.75,app,pickup,completed
ORD-0173068,R-0404,2025-10-08,14.93,app,pickup,completed
ORD-0173069,R-0404,2025-10-24,35.01,app,delivery,COMPLETED
ORD-0173070,R-0404,2025-10-14,43.24,web,pickup,COMPLETED
ORD-0173071,R-0404,2025-10-01,43.45,app,delivery,completed
ORD-0173072,R-0404,2025-10-18,27.20,app,pickup,completed
ORD-0173073,R-0404,2025-10-04,19.24,web,pickup,completed
ORD-0173074,R-0404,2025-10-27,42.14,app,pickup,completed
ORD-0173075,R-0404,2025-10-09,21.45,web,delivery,completed
ORD-0173076,R-0404,2025-10-29,15.67,app,pickup,completed
ORD-0173077,R-0404,2025-10-28,24.66,app,pickup,completed
ORD-0173078,R-0404,2025-10-24,39.64,app,delivery,cancelled
ORD-0173079,R-0404,2025-10-22,17.47,web,delivery,completed
ORD-0173080,R-0404,2025-10-04,21.13,web,pickup,completed
ORD-0173081,R-0404,2025-10-04,26.40,app,pickup,completed
ORD-0173082,R-0404,2025-10-10,30.24,web,pickup,completed
ORD-0173083,R-0404,2025-10-13,34.32,web,delivery,completed
ORD-0173084,R-0404,2025-10-08,26.05,app,pickup,completed
ORD-0173085,R-0404,2025-10-07,25.06,app,pickup,completed
ORD-0173086,R-0404,2025-10-12,30.33,app,delivery,COMPLETED
ORD-0173087,R-0404,2025-10-15,17.07,web,pickup,completed
ORD-0173088,R-0404,2025-10-17,33.03,app,pickup,Completed
ORD-0173089,R-0404,2025-10-24,38.07,app,pickup,completed
ORD-0173090,R-0404,2025-10-11,21.92,web,delivery,completed
ORD-0173091,R-0404,2025-10-27,62.15,web,delivery,completed
ORD-0173092,R-0404,2025-10-05,21.75,app,pickup,completed
ORD-0173093,R-0404,2025-10-01,21.11,app,pickup,completed
ORD-0173094,R-0404,2025-10-30,36.91,web,delivery,completed
ORD-0173095,R-0404,2025-10-04,33.10,app,pickup,completed
ORD-0173096,R-0404,2025-10-11,27.16,web,delivery,completed
ORD-0173097,R-0404,2025-10-18,16.50,web,pickup,completed
ORD-0173098,R-0404,2025-10-21,16.34,app,delivery,completed
ORD-0173099,R-0404,2025-10-04,34.90,web,pickup,COMPLETED
ORD-0173100,R-0404,2025-10-31,45.59,app,pickup,completed
ORD-0175642,R-0409,2025-10-23,37.14,app,delivery,completed
ORD-0175643,R-0409,2025-10-26,35.93,app,delivery,completed
ORD-0175644,R-0409,2025-10-27,16.32,web,delivery,completed
ORD-0175645,R-0409,2025-10-18,26.99,app,delivery,completed
ORD-0175646,R-0409,2025-10-05,33.72,app,delivery,completed
ORD-0175647,R-0409,2025-10-22,23.04,web,delivery,completed
ORD-0175648,R-0409,2025-10-01,24.57,app,delivery,completed
ORD-0175649,R-0409,2025-10-26,25.11,web,delivery,completed
ORD-0175650,R-0409,2025-10-31,56.02,app,delivery,completed
ORD-0175651,R-0409,2025-10-23,42.58,app,delivery,completed
ORD-0175652,R-0409,2025-10-30,24.67,web,delivery,completed
ORD-0175653,R-0409,2025-10-13,19.51,web,pickup,completed
ORD-0175654,R-0409,2025-10-30,26.86,web,delivery,completed
ORD-0175655,R-0409,2025-10-28,46.54,web,delivery,completed
ORD-0175656,R-0409,2025-10-21,25.21,web,delivery,completed
ORD-0175657,R-0409,2025-10-09,30.71,app,delivery,completed
ORD-0175658,R-0409,2025-10-11,54.14,app,delivery,completed
ORD-0175659,R-0409,2025-10-21,30.22,app,delivery,completed
ORD-0175660,R-0409,2025-10-31,37.87,app,delivery,completed
ORD-0175661,R-0409,2025-10-15,38.28,web,delivery,Completed
ORD-0175662,R-0409,2025-10-01,28.39,app,delivery,completed
ORD-0175663,R-0409,2025-10-05,49.35,app,pickup,completed
ORD-0175664,R-0409,2025-10-03,27.88,app,delivery,completed
ORD-0175665,R-0409,2025-10-09,62.34,web,delivery,completed
ORD-0175666,R-0409,2025-10-04,32.17,web,delivery,completed
ORD-0175667,R-0409,2025-10-18,42.58,app,delivery,completed
ORD-0175668,R-0409,2025-10-26,28.87,app,delivery,completed
ORD-0175669,R-0409,2025-10-25,20.64,app,delivery,completed
ORD-0175670,R-0409,2025-10-04,34.66,web,delivery,completed
ORD-0175671,R-0409,2025-10-07,39.78,web,delivery,completed
ORD-0175672,R-0409,2025-10-13,39.26,web,delivery,completed
ORD-0175673,R-0409,2025-10-17,18.84,web,delivery,completed
ORD-0175674,R-0409,2025-10-25,35.71,web,delivery,COMPLETED
ORD-0175675,R-0409,2025-10-14,32.45,web,delivery,COMPLETED
ORD-0175676,R-0409,2025-10-10,29.72,app,delivery,completed
ORD-0175677,R-0409,2025-10-26,55.76,app,delivery,completed
ORD-0175678,R-0409,2025-10-24,30.47,app,delivery,completed
ORD-0175679,R-0409,2025-10-14,32.91,app,delivery,completed
ORD-0175680,R-0409,2025-10-30,40.08,web,delivery,completed
ORD-0175681,R-0409,2025-10-13,25.75,web,delivery,completed
ORD-0175682,R-0409,2025-10-02,64.58,web,delivery,completed
ORD-0175683,R-0409,2025-10-07,42.92,app,delivery,completed
ORD-0175684,R-0409,2025-10-26,41.91,web,delivery,completed
ORD-0175685,R-0409,2025-10-22,29.38,web,delivery,completed
ORD-0175686,R-0409,2025-10-31,34.31,web,delivery,completed
ORD-0175687,R-0409,2025-10-23,28.52,app,delivery,completed
ORD-0175688,R-0409,2025-10-25,20.66,app,delivery,completed
ORD-0175689,R-0409,2025-10-24,41.67,web,delivery,completed
ORD-0175690,R-0409,2025-10-19,44.05,app,delivery,completed
ORD-0175691,R-0409,2025-10-17,39.40,app,delivery,completed
ORD-0175692,R-0409,2025-10-08,63.76,app,delivery,completed
ORD-0175693,R-0409,2025-10-21,38.47,web,delivery,completed
ORD-0175694,R-0409,2025-10-30,34.97,app,delivery,COMPLETED
ORD-0175695,R-0409,2025-10-30,22.70,web,delivery,completed
ORD-0175696,R-0409,2025-10-27,43.32,app,delivery,completed
ORD-0175697,R-0409,2025-10-22,26.71,app,delivery,completed
ORD-0175698,R-0409,2025-10-06,34.02,app,delivery,completed
ORD-0175699,R-0409,2025-10-03,53.61,app,delivery,completed
ORD-0175700,R-0409,2025-10-23,54.42,app,delivery,completed
ORD-0175701,R-0409,2025-10-02,27.10,web,delivery,completed
ORD-0175702,R-0409,2025-10-07,22.64,app,delivery,completed
ORD-0175703,R-0409,2025-10-16,38.92,app,delivery,COMPLETED
ORD-0175704,R-0409,2025-10-12,16.52,app,delivery,completed
ORD-0175705,R-0409,2025-10-16,14.79,app,delivery,completed
ORD-0175706,R-0409,2025-10-08,30.24,app,delivery,completed
ORD-0177204,R-0411,2025-10-13,22.40,web,pickup,completed
ORD-0177205,R-0411,2025-10-13,28.82,web,pickup,completed
ORD-0177206,R-0411,2025-10-25,11.87,app,pickup,COMPLETED
ORD-0177207,R-0411,2025-10-11,30.38,web,pickup,completed
ORD-0177208,R-0411,2025-10-20,24.85,web,pickup,completed
ORD-0177209,R-0411,2025-10-12,40.96,app,pickup,completed
ORD-0177210,R-0411,2025-10-11,17.17,app,pickup,completed
ORD-0177211,R-0411,2025-10-27,32.95,app,pickup,completed
ORD-0177212,R-0411,2025-10-15,16.54,web,delivery,completed
ORD-0177213,R-0411,2025-10-25,28.84,app,pickup,Completed
ORD-0177214,R-0411,2025-10-14,20.16,app,delivery,completed
ORD-0177215,R-0411,2025-10-23,22.18,app,pickup,completed
ORD-0177216,R-0411,2025-10-15,17.68,app,pickup,completed
ORD-0177217,R-0411,2025-10-26,26.66,web,pickup,completed
ORD-0177218,R-0411,2025-10-16,18.10,app,pickup,completed
ORD-0177219,R-0411,2025-10-26,27.51,web,pickup,completed
ORD-0177220,R-0411,2025-10-09,26.91,app,pickup,refunded
ORD-0177221,R-0411,2025-10-26,22.80,app,pickup,Completed
ORD-0177222,R-0411,2025-10-24,34.60,app,delivery,Completed
ORD-0177223,R-0411,2025-10-17,47.95,web,pickup,completed
ORD-0177224,R-0411,2025-10-26,21.83,web,pickup,completed
ORD-0177225,R-0411,2025-10-20,16.96,app,pickup,completed
ORD-0177226,R-0411,2025-10-30,17.11,web,pickup,completed
ORD-0177227,R-0411,2025-10-25,22.43,app,pickup,completed
ORD-0177228,R-0411,2025-10-26,20.38,web,delivery,completed
ORD-0177229,R-0411,2025-10-23,15.46,app,delivery,completed
ORD-0177230,R-0411,2025-10-25,30.50,web,pickup,completed
ORD-0177882,R-0412,2025-10-31,48.84,app,delivery,Completed
ORD-0177951,R-0413,2025-10-22,28.28,web,delivery,completed
ORD-0177952,R-0413,2025-10-04,24.04,app,delivery,completed
ORD-0177953,R-0413,2025-10-28,24.16,web,delivery,completed
ORD-0177954,R-0413,2025-10-12,38.69,app,pickup,completed
ORD-0177955,R-0413,2025-10-28,16.70,web,delivery,completed
ORD-0177956,R-0413,2025-10-08,28.48,web,delivery,completed
ORD-0177957,R-0413,2025-10-11,31.36,web,delivery,completed
ORD-0177958,R-0413,2025-10-05,39.95,app,delivery,completed
ORD-0177959,R-0413,2025-10-10,25.20,app,delivery,completed
ORD-0177960,R-0413,2025-10-24,36.27,app,pickup,completed
ORD-0177961,R-0413,2025-10-11,27.20,web,delivery,completed
ORD-0177962,R-0413,2025-10-02,39.32,web,pickup,completed
ORD-0177963,R-0413,2025-10-08,32.51,app,delivery,completed
ORD-0177964,R-0413,2025-10-19,36.84,web,delivery,completed
ORD-0177965,R-0413,2025-10-18,32.84,web,delivery,cancelled
ORD-0177966,R-0413,2025-10-22,18.11,web,delivery,completed
ORD-0177967,R-0413,2025-10-17,40.30,web,delivery,completed
ORD-0177968,R-0413,2025-10-03,44.69,web,pickup,completed
ORD-0177969,R-0413,2025-10-17,29.08,web,delivery,completed
ORD-0177970,R-0413,2025-10-11,23.00,web,delivery,completed
ORD-0177971,R-0413,2025-10-27,25.73,app,delivery,completed
ORD-0177972,R-0413,2025-10-02,32.84,web,delivery,completed
ORD-0177973,R-0413,2025-10-23,17.06,web,pickup,Completed
ORD-0177974,R-0413,2025-10-21,29.96,app,pickup,COMPLETED
ORD-0177975,R-0413,2025-10-13,28.60,web,delivery,cancelled
ORD-0179086,R-0420,2025-10-09,22.74,app,delivery,completed
ORD-0179087,R-0420,2025-10-31,25.42,app,delivery,completed
ORD-0179088,R-0420,2025-10-07,40.62,web,pickup,completed
ORD-0179089,R-0420,2025-10-12,27.68,app,pickup,Completed
ORD-0179090,R-0420,2025-10-12,24.39,web,delivery,completed
ORD-0179091,R-0420,2025-10-10,12.43,app,delivery,completed
ORD-0179092,R-0420,2025-10-15,24.51,app,pickup,completed
ORD-0179093,R-0420,2025-10-17,34.89,web,pickup,completed
ORD-0179094,R-0420,2025-10-11,14.05,web,delivery,completed
ORD-0179095,R-0420,2025-10-26,35.53,app,delivery,completed
ORD-0179096,R-0420,2025-10-08,39.88,app,delivery,completed
ORD-0179097,R-0420,2025-10-03,28.58,web,pickup,completed
ORD-0179098,R-0420,2025-10-15,20.22,web,pickup,COMPLETED
ORD-0179099,R-0420,2025-10-07,24.64,web,delivery,Completed
ORD-0179100,R-0420,2025-10-27,33.57,app,pickup,completed
ORD-0179101,R-0420,2025-10-12,30.81,web,pickup,completed
ORD-0179102,R-0420,2025-10-10,30.07,web,delivery,completed
ORD-0179103,R-0420,2025-10-30,91.62,app,pickup,completed
ORD-0179104,R-0420,2025-10-10,49.39,web,pickup,completed
ORD-0179105,R-0420,2025-10-18,40.31,web,pickup,completed
ORD-0179106,R-0420,2025-10-22,12.15,web,delivery,completed
ORD-0179107,R-0420,2025-10-07,19.23,app,pickup,completed
ORD-0179108,R-0420,2025-10-20,18.64,app,delivery,COMPLETED
ORD-0179109,R-0420,2025-10-02,18.62,web,delivery,completed
ORD-0179110,R-0420,2025-10-31,12.24,app,delivery,Completed
ORD-0179111,R-0420,2025-10-19,43.62,web,delivery,completed
ORD-0179112,R-0420,2025-10-18,32.67,app,delivery,completed
ORD-0179113,R-0420,2025-10-17,21.95,web,delivery,completed
ORD-0179114,R-0420,2025-10-16,23.55,app,pickup,Completed
ORD-0179115,R-0420,2025-10-17,25.20,app,pickup,completed
ORD-0179116,R-0420,2025-10-05,15.38,app,delivery,completed
ORD-0179117,R-0420,2025-10-23,17.44,app,pickup,completed
ORD-0179118,R-0420,2025-10-31,31.99,app,pickup,cancelled
ORD-0179119,R-0420,2025-10-30,32.85,app,delivery,Completed
ORD-0179120,R-0420,2025-10-06,15.12,web,delivery,completed
ORD-0179121,R-0420,2025-10-17,26.21,app,pickup,completed
ORD-0179122,R-0420,2025-10-02,29.08,app,pickup,completed
ORD-0179123,R-0420,2025-10-11,24.11,web,delivery,completed
ORD-0179124,R-0420,2025-10-06,53.19,app,pickup,completed
ORD-0179125,R-0420,2025-10-01,24.58,web,delivery,completed
ORD-0179126,R-0420,2025-10-15,23.17,web,pickup,completed
ORD-0179127,R-0420,2025-10-30,18.86,app,pickup,completed
ORD-0179128,R-0420,2025-10-13,27.69,app,delivery,completed
ORD-0179129,R-0420,2025-10-19,39.76,app,pickup,completed
ORD-0179130,R-0420,2025-10-29,20.36,web,pickup,completed
ORD-0179131,R-0420,2025-10-29,31.02,web,pickup,completed
ORD-0179132,R-0420,2025-10-31,22.12,web,delivery,completed
ORD-0179133,R-0420,2025-10-14,18.29,web,delivery,completed
ORD-0179134,R-0420,2025-10-23,23.97,app,delivery,completed
ORD-0179135,R-0420,2025-10-25,42.58,app,pickup,COMPLETED
ORD-0179136,R-0420,2025-10-27,16.31,web,pickup,completed
ORD-0179137,R-0420,2025-10-09,18.32,app,pickup,completed
ORD-0179138,R-0420,2025-10-03,20.93,web,delivery,completed
ORD-0179139,R-0420,2025-10-17,25.61,web,pickup,completed
ORD-0179140,R-0420,2025-10-15,23.52,web,pickup,COMPLETED
ORD-0179141,R-0420,2025-10-19,15.73,web,pickup,completed
ORD-0179142,R-0420,2025-10-09,26.36,app,delivery,completed
ORD-0179143,R-0420,2025-10-10,30.61,web,pickup,completed
ORD-0179144,R-0420,2025-10-03,28.08,web,pickup,COMPLETED
ORD-0179145,R-0420,2025-10-18,42.26,web,delivery,completed
ORD-0179146,R-0420,2025-10-27,19.41,app,delivery,completed
ORD-0179147,R-0420,2025-10-22,23.60,web,pickup,completed
ORD-0179148,R-0420,2025-10-15,16.78,app,pickup,completed
ORD-0179149,R-0420,2025-10-01,28.43,app,delivery,completed
ORD-0179150,R-0420,2025-10-29,28.06,app,delivery,COMPLETED
ORD-0179151,R-0420,2025-10-20,15.51,app,pickup,completed
ORD-0179152,R-0420,2025-10-05,40.88,app,pickup,completed
ORD-0179153,R-0420,2025-10-31,14.70,web,pickup,completed
ORD-0179154,R-0420,2025-10-10,17.88,web,delivery,completed
ORD-0179155,R-0420,2025-10-03,26.88,app,delivery,COMPLETED
ORD-0179156,R-0420,2025-10-23,32.58,web,delivery,completed
ORD-0179157,R-0420,2025-10-03,47.49,app,pickup,completed
ORD-0179158,R-0420,2025-10-24,18.94,app,pickup,completed
ORD-0179159,R-0420,2025-10-09,11.72,app,pickup,completed
ORD-0179160,R-0420,2025-10-24,17.26,app,pickup,cancelled
ORD-0179161,R-0420,2025-10-22,35.55,web,delivery,completed
ORD-0179162,R-0420,2025-10-12,16.12,web,pickup,refunded
ORD-0179163,R-0420,2025-10-25,22.10,web,pickup,completed
ORD-0179164,R-0420,2025-10-30,15.97,app,delivery,completed
ORD-0179165,R-0420,2025-10-26,27.30,web,pickup,completed
ORD-0179166,R-0420,2025-10-24,20.82,app,delivery,completed
ORD-0179167,R-0420,2025-10-05,37.45,app,pickup,Completed
ORD-0179168,R-0420,2025-10-17,15.64,app,pickup,completed
ORD-0179169,R-0420,2025-10-09,21.07,web,delivery,completed
ORD-0180654,R-0423,2025-10-15,31.34,web,pickup,completed
ORD-0180655,R-0423,2025-10-24,34.04,web,pickup,completed
ORD-0180656,R-0423,2025-10-31,33.65,app,delivery,Completed
ORD-0180657,R-0423,2025-10-12,21.31,app,delivery,completed
ORD-0180658,R-0423,2025-10-13,26.03,web,delivery,completed
ORD-0180659,R-0423,2025-10-08,41.20,app,delivery,completed
ORD-0180660,R-0423,2025-10-01,27.54,app,pickup,completed
ORD-0180661,R-0423,2025-10-31,45.98,app,pickup,COMPLETED
ORD-0180662,R-0423,2025-10-04,39.03,app,delivery,completed
ORD-0180663,R-0423,2025-10-05,33.67,app,pickup,completed
ORD-0180664,R-0423,2025-10-04,46.23,web,delivery,completed
ORD-0180665,R-0423,2025-10-18,37.89,web,delivery,Completed
ORD-0180666,R-0423,2025-10-25,41.59,web,pickup,completed
ORD-0180667,R-0423,2025-10-08,51.09,web,delivery,completed
ORD-0180668,R-0423,2025-10-18,28.34,app,pickup,completed
ORD-0180669,R-0423,2025-10-12,17.17,web,delivery,completed
ORD-0180670,R-0423,2025-10-22,23.03,app,delivery,Completed
ORD-0181462,R-0424,2025-10-25,39.34,app,pickup,completed
ORD-0181463,R-0424,2025-10-24,23.18,app,pickup,completed
ORD-0181464,R-0424,2025-10-24,23.92,web,pickup,completed
ORD-0181465,R-0424,2025-10-26,41.70,web,delivery,completed
ORD-0181466,R-0424,2025-10-06,56.62,app,pickup,Completed
ORD-0181467,R-0424,2025-10-04,43.20,app,delivery,completed
ORD-0181468,R-0424,2025-10-25,51.17,web,pickup,completed
ORD-0181469,R-0424,2025-10-08,40.45,web,delivery,completed
ORD-0181470,R-0424,2025-10-22,19.40,web,delivery,completed
ORD-0181471,R-0424,2025-10-16,38.07,web,pickup,completed
ORD-0181472,R-0424,2025-10-28,20.87,web,delivery,completed
ORD-0181473,R-0424,2025-10-17,25.25,web,delivery,completed
ORD-0181474,R-0424,2025-10-18,17.18,web,pickup,completed
ORD-0181475,R-0424,2025-10-05,35.00,app,pickup,completed
ORD-0181476,R-0424,2025-10-21,46.23,web,pickup,completed
ORD-0181477,R-0424,2025-10-16,30.12,web,delivery,CANCELLED
ORD-0181478,R-0424,2025-10-30,34.69,app,pickup,Completed
ORD-0181479,R-0424,2025-10-13,16.00,web,pickup,Cancelled
ORD-0181480,R-0424,2025-10-03,33.38,app,delivery,completed
ORD-0181481,R-0424,2025-10-11,21.61,app,delivery,completed
ORD-0181482,R-0424,2025-10-04,27.21,web,pickup,completed
ORD-0181483,R-0424,2025-10-16,40.73,app,delivery,completed
ORD-0181484,R-0424,2025-10-29,20.41,web,pickup,COMPLETED
ORD-0181485,R-0424,2025-10-02,17.95,web,pickup,completed
ORD-0181486,R-0424,2025-10-08,18.64,web,delivery,completed
ORD-0181487,R-0424,2025-10-29,18.56,web,pickup,completed
ORD-0181488,R-0424,2025-10-07,20.04,web,delivery,completed
ORD-0181489,R-0424,2025-10-10,38.80,app,delivery,completed
ORD-0181490,R-0424,2025-10-20,20.15,app,delivery,COMPLETED
ORD-0181491,R-0424,2025-10-04,25.96,app,pickup,completed
ORD-0181492,R-0424,2025-10-24,56.41,app,delivery,completed
ORD-0181493,R-0424,2025-10-13,29.87,web,pickup,completed
ORD-0181494,R-0424,2025-10-07,22.12,web,pickup,completed
ORD-0181495,R-0424,2025-10-01,27.55,app,delivery,completed
ORD-0181496,R-0424,2025-10-19,39.80,app,pickup,completed
ORD-0181497,R-0424,2025-10-18,11.82,app,delivery,completed
ORD-0181498,R-0424,2025-10-09,31.18,web,delivery,completed
ORD-0181499,R-0424,2025-10-20,18.77,web,delivery,completed
ORD-0181500,R-0424,2025-10-20,26.14,app,delivery,completed
ORD-0181501,R-0424,2025-10-20,31.33,app,delivery,completed
ORD-0181502,R-0424,2025-10-26,35.69,app,delivery,completed
ORD-0181503,R-0424,2025-10-11,27.31,web,pickup,completed
ORD-0181504,R-0424,2025-10-17,28.45,app,delivery,completed
ORD-0181505,R-0424,2025-10-10,32.61,web,delivery,completed
ORD-0181506,R-0424,2025-10-20,15.21,web,pickup,COMPLETED
ORD-0181507,R-0424,2025-10-16,26.22,app,delivery,completed
ORD-0181508,R-0424,2025-10-29,25.78,web,delivery,completed
ORD-0181509,R-0424,2025-10-25,20.81,web,pickup,COMPLETED
ORD-0181510,R-0424,2025-10-28,18.49,app,pickup,Completed
ORD-0181511,R-0424,2025-10-17,14.06,app,delivery,completed
ORD-0181512,R-0424,2025-10-17,21.89,web,pickup,completed
ORD-0181513,R-0424,2025-10-19,34.48,web,pickup,completed
ORD-0181514,R-0424,2025-10-21,43.82,app,delivery,completed
ORD-0181515,R-0424,2025-10-08,26.02,app,delivery,COMPLETED
ORD-0181516,R-0424,2025-10-17,19.43,app,pickup,completed
ORD-0181517,R-0424,2025-10-20,20.38,app,pickup,completed
ORD-0181518,R-0424,2025-10-09,18.58,app,delivery,completed
ORD-0181519,R-0424,2025-10-11,17.53,web,delivery,completed
ORD-0181520,R-0424,2025-10-05,51.98,web,pickup,completed
ORD-0181521,R-0424,2025-10-12,20.18,app,delivery,completed
ORD-0181522,R-0424,2025-10-28,39.37,app,delivery,completed
ORD-0181523,R-0424,2025-10-18,59.34,web,delivery,completed
ORD-0181524,R-0424,2025-10-10,21.34,web,pickup,completed
ORD-0181525,R-0424,2025-10-26,9.16,web,pickup,CANCELLED
ORD-0181526,R-0424,2025-10-05,17.35,web,delivery,completed
ORD-0181527,R-0424,2025-10-03,27.03,web,delivery,COMPLETED
ORD-0181528,R-0424,2025-10-11,38.68,web,delivery,completed
ORD-0181529,R-0424,2025-10-05,19.18,web,pickup,completed
ORD-0181530,R-0424,2025-10-31,39.46,web,delivery,completed
ORD-0181531,R-0424,2025-10-08,43.99,app,pickup,completed
ORD-0181532,R-0424,2025-10-01,23.21,app,delivery,completed
ORD-0181533,R-0424,2025-10-25,20.05,app,pickup,completed
ORD-0181534,R-0424,2025-10-29,27.59,app,pickup,completed
ORD-0181535,R-0424,2025-10-15,19.49,app,pickup,completed
ORD-0181536,R-0424,2025-10-26,32.14,web,delivery,completed
ORD-0181537,R-0424,2025-10-04,51.53,web,pickup,completed
ORD-0181538,R-0424,2025-10-31,19.42,web,delivery,cancelled
ORD-0181539,R-0424,2025-10-06,38.22,app,delivery,completed
ORD-0181540,R-0424,2025-10-14,18.53,web,delivery,completed
ORD-0181541,R-0424,2025-10-05,28.41,web,pickup,completed
ORD-0181542,R-0424,2025-10-14,43.88,web,delivery,completed
ORD-0181543,R-0424,2025-10-22,13.22,web,pickup,COMPLETED
ORD-0181544,R-0424,2025-10-23,21.59,app,delivery,completed
ORD-0181545,R-0424,2025-10-13,50.04,web,delivery,completed
ORD-0181546,R-0424,2025-10-04,21.75,app,delivery,completed
ORD-0181547,R-0424,2025-10-18,38.25,web,delivery,completed
ORD-0181548,R-0424,2025-10-11,35.15,app,delivery,completed
ORD-0181549,R-0424,2025-10-10,24.08,web,delivery,completed
ORD-0181550,R-0424,2025-10-23,35.86,web,pickup,completed
ORD-0181551,R-0424,2025-10-04,43.86,web,pickup,completed
ORD-0181552,R-0424,2025-10-08,34.13,web,pickup,completed
ORD-0181553,R-0424,2025-10-29,15.61,app,pickup,completed
ORD-0181554,R-0424,2025-10-03,71.61,app,pickup,completed
ORD-0181555,R-0424,2025-10-18,18.59,app,delivery,completed
ORD-0181556,R-0424,2025-10-10,36.21,web,delivery,completed
ORD-0181557,R-0424,2025-10-04,34.46,web,delivery,completed
ORD-0181558,R-0424,2025-10-31,22.02,web,delivery,completed
ORD-0181559,R-0424,2025-10-22,15.96,web,delivery,completed
ORD-0181560,R-0424,2025-10-05,23.58,web,delivery,completed
ORD-0181561,R-0424,2025-10-16,63.61,web,pickup,cancelled
ORD-0181562,R-0424,2025-10-03,30.04,app,delivery,completed
ORD-0181563,R-0424,2025-10-13,23.36,web,delivery,completed
ORD-0181564,R-0424,2025-10-10,27.77,web,pickup,completed
ORD-0181565,R-0424,2025-10-18,37.88,web,delivery,completed
ORD-0181566,R-0424,2025-10-31,33.02,web,pickup,Completed
ORD-0181567,R-0424,2025-10-09,34.24,web,pickup,completed
ORD-0181568,R-0424,2025-10-09,46.51,app,pickup,completed
ORD-0181569,R-0424,2025-10-23,11.72,web,delivery,completed
ORD-0181570,R-0424,2025-10-28,13.07,web,pickup,Completed
ORD-0181571,R-0424,2025-10-29,23.48,app,pickup,completed
ORD-0181572,R-0424,2025-10-18,19.70,app,delivery,completed
ORD-0181573,R-0424,2025-10-23,38.49,web,delivery,completed
ORD-0181574,R-0424,2025-10-06,29.83,app,delivery,COMPLETED
ORD-0181575,R-0424,2025-10-29,27.18,app,delivery,completed
ORD-0181576,R-0424,2025-10-01,25.66,app,pickup,completed
ORD-0181577,R-0424,2025-10-23,30.44,app,delivery,completed
ORD-0181578,R-0424,2025-10-10,39.92,web,delivery,completed
ORD-0181579,R-0424,2025-10-07,32.39,web,delivery,COMPLETED
ORD-0181580,R-0424,2025-10-25,24.52,app,pickup,completed
ORD-0181581,R-0424,2025-10-12,41.50,web,pickup,completed
ORD-0181582,R-0424,2025-10-23,36.92,web,delivery,completed
ORD-0181583,R-0424,2025-10-13,47.69,web,delivery,completed
ORD-0181584,R-0424,2025-10-28,22.53,web,delivery,completed
ORD-0181585,R-0424,2025-10-16,15.80,web,delivery,completed
ORD-0181586,R-0424,2025-10-02,38.60,web,delivery,completed
ORD-0181587,R-0424,2025-10-04,31.22,web,delivery,completed
ORD-0181588,R-0424,2025-10-22,18.23,app,delivery,completed
ORD-0181589,R-0424,2025-10-02,64.24,app,pickup,completed
ORD-0181590,R-0424,2025-10-07,24.21,app,delivery,cancelled
ORD-0181591,R-0424,2025-10-17,16.76,app,delivery,completed
ORD-0181592,R-0424,2025-10-03,9.99,web,delivery,completed
ORD-0181593,R-0424,2025-10-20,46.10,web,pickup,completed
ORD-0181594,R-0424,2025-10-05,34.06,app,delivery,completed
ORD-0181595,R-0424,2025-10-02,31.10,app,pickup,completed
ORD-0181596,R-0424,2025-10-07,26.73,app,delivery,completed
ORD-0181597,R-0424,2025-10-31,28.67,web,delivery,completed
ORD-0181598,R-0424,2025-10-26,22.06,web,delivery,completed
ORD-0181599,R-0424,2025-10-21,26.36,web,delivery,completed
ORD-0181600,R-0424,2025-10-30,14.38,web,delivery,completed
ORD-0181601,R-0424,2025-10-14,36.89,web,pickup,completed
ORD-0181602,R-0424,2025-10-13,43.28,web,pickup,completed
ORD-0181603,R-0424,2025-10-11,29.46,web,pickup,completed
ORD-0181604,R-0424,2025-10-13,29.56,web,pickup,completed
ORD-0181605,R-0424,2025-10-20,38.64,app,delivery,completed
ORD-0181606,R-0424,2025-10-23,22.31,web,pickup,completed
ORD-0181607,R-0424,2025-10-26,31.51,web,delivery,Completed
ORD-0181608,R-0424,2025-10-31,15.52,web,pickup,completed
ORD-0181609,R-0424,2025-10-23,15.98,app,delivery,COMPLETED
ORD-0181610,R-0424,2025-10-03,22.23,web,delivery,completed
ORD-0181611,R-0424,2025-10-10,34.65,app,delivery,completed
ORD-0181612,R-0424,2025-10-23,37.21,app,delivery,completed
ORD-0181613,R-0424,2025-10-18,41.76,web,pickup,completed
ORD-0181614,R-0424,2025-10-25,22.58,app,delivery,Completed
ORD-0181615,R-0424,2025-10-03,35.54,app,pickup,completed
ORD-0181616,R-0424,2025-10-06,29.71,web,pickup,completed
ORD-0181617,R-0424,2025-10-11,40.53,app,delivery,COMPLETED
ORD-0181618,R-0424,2025-10-09,41.47,web,pickup,COMPLETED
ORD-0181619,R-0424,2025-10-26,25.71,app,pickup,completed
ORD-0181620,R-0424,2025-10-04,54.97,app,delivery,completed
ORD-0181621,R-0424,2025-10-28,29.56,web,pickup,completed
ORD-0181622,R-0424,2025-10-02,36.75,web,pickup,completed
ORD-0181623,R-0424,2025-10-24,23.75,web,pickup,COMPLETED
ORD-0181624,R-0424,2025-10-12,35.83,app,pickup,completed
ORD-0181625,R-0424,2025-10-13,31.40,web,delivery,completed
ORD-0181626,R-0424,2025-10-09,23.50,web,pickup,completed
ORD-0181627,R-0424,2025-10-12,38.66,app,pickup,completed
ORD-0181628,R-0424,2025-10-11,36.83,web,pickup,completed
ORD-0181629,R-0424,2025-10-18,34.21,app,pickup,completed
ORD-0181630,R-0424,2025-10-03,8.89,app,delivery,completed
ORD-0181631,R-0424,2025-10-31,16.82,app,pickup,completed
ORD-0181632,R-0424,2025-10-18,22.03,web,pickup,completed
ORD-0181633,R-0424,2025-10-24,23.07,app,delivery,completed
ORD-0181634,R-0424,2025-10-26,32.99,app,delivery,completed
ORD-0181635,R-0424,2025-10-23,26.88,web,delivery,completed
ORD-0181636,R-0424,2025-10-18,19.41,web,delivery,completed
ORD-0181637,R-0424,2025-10-19,37.31,web,delivery,completed
ORD-0181638,R-0424,2025-10-28,28.36,app,delivery,completed
ORD-0181639,R-0424,2025-10-05,15.60,web,delivery,completed
ORD-0181640,R-0424,2025-10-06,28.65,web,delivery,completed
ORD-0181641,R-0424,2025-10-19,29.03,web,delivery,completed
ORD-0181642,R-0424,2025-10-01,24.79,app,pickup,completed
ORD-0181643,R-0424,2025-10-21,43.62,app,delivery,completed
ORD-0181644,R-0424,2025-10-12,19.73,app,delivery,completed
ORD-0181645,R-0424,2025-10-08,19.63,web,delivery,completed
ORD-0181646,R-0424,2025-10-31,44.64,app,delivery,CANCELLED
ORD-0181647,R-0424,2025-10-17,25.70,app,delivery,completed
ORD-0181648,R-0424,2025-10-06,27.23,web,delivery,completed
ORD-0181649,R-0424,2025-10-19,54.65,web,delivery,completed
ORD-0181650,R-0424,2025-10-09,19.84,app,delivery,completed
ORD-0181651,R-0424,2025-10-04,35.45,app,delivery,completed
ORD-0181652,R-0424,2025-10-13,22.13,app,pickup,completed
ORD-0181653,R-0424,2025-10-30,23.04,app,delivery,completed
ORD-0181654,R-0424,2025-10-16,36.04,app,pickup,completed
ORD-0181655,R-0424,2025-10-16,16.34,app,delivery,CANCELLED
ORD-0181656,R-0424,2025-10-13,39.29,web,delivery,completed
ORD-0181657,R-0424,2025-10-10,15.78,web,delivery,completed
ORD-0181658,R-0424,2025-10-30,22.09,app,delivery,COMPLETED
ORD-0181659,R-0424,2025-10-25,29.27,web,pickup,completed
ORD-0181660,R-0424,2025-10-03,25.02,web,delivery,COMPLETED
ORD-0181661,R-0424,2025-10-29,40.02,web,delivery,completed
ORD-0181662,R-0424,2025-10-08,19.95,app,pickup,completed
ORD-0181663,R-0424,2025-10-03,81.74,app,delivery,completed
ORD-0181664,R-0424,2025-10-14,18.15,web,delivery,completed
ORD-0181665,R-0424,2025-10-16,41.58,app,delivery,completed
ORD-0181666,R-0424,2025-10-01,29.28,web,delivery,completed
ORD-0181667,R-0424,2025-10-04,54.86,web,delivery,completed
ORD-0181668,R-0424,2025-10-18,30.63,web,delivery,completed
ORD-0181669,R-0424,2025-10-06,17.33,app,delivery,completed
ORD-0181670,R-0424,2025-10-26,45.05,app,pickup,completed
ORD-0181671,R-0424,2025-10-05,19.87,web,delivery,completed
ORD-0181672,R-0424,2025-10-11,16.72,app,delivery,completed
ORD-0181673,R-0424,2025-10-26,42.27,web,pickup,completed
ORD-0181674,R-0424,2025-10-17,38.90,app,pickup,completed
ORD-0181675,R-0424,2025-10-31,33.32,app,pickup,completed
ORD-0181676,R-0424,2025-10-27,29.79,app,delivery,completed
ORD-0181677,R-0424,2025-10-09,52.67,app,delivery,completed
ORD-0181678,R-0424,2025-10-21,26.03,web,delivery,completed
ORD-0181679,R-0424,2025-10-20,19.27,app,delivery,completed
ORD-0181680,R-0424,2025-10-11,58.65,web,delivery,completed
ORD-0181681,R-0424,2025-10-29,31.67,web,delivery,completed
ORD-0181682,R-0424,2025-10-04,16.08,web,pickup,completed
ORD-0181683,R-0424,2025-10-22,29.84,app,delivery,completed
ORD-0181684,R-0424,2025-10-13,11.89,app,pickup,COMPLETED
ORD-0181685,R-0424,2025-10-10,73.10,app,delivery,completed
ORD-0181686,R-0424,2025-10-18,34.89,app,pickup,completed
ORD-0181687,R-0424,2025-10-28,18.42,web,delivery,completed
ORD-0181688,R-0424,2025-10-17,41.35,web,pickup,completed
ORD-0181689,R-0424,2025-10-02,25.13,app,pickup,cancelled
ORD-0181690,R-0424,2025-10-07,18.90,web,pickup,COMPLETED
ORD-0181691,R-0424,2025-10-12,14.30,app,delivery,completed
ORD-0181692,R-0424,2025-10-17,27.03,web,pickup,completed
ORD-0181693,R-0424,2025-10-07,45.90,web,delivery,completed
ORD-0181694,R-0424,2025-10-17,35.10,app,delivery,completed
ORD-0181695,R-0424,2025-10-20,38.15,app,pickup,completed
ORD-0181696,R-0424,2025-10-12,30.59,app,delivery,cancelled
ORD-0181697,R-0424,2025-10-10,30.72,web,pickup,completed
ORD-0181698,R-0424,2025-10-02,47.30,web,pickup,completed
ORD-0181699,R-0424,2025-10-17,13.16,app,delivery,completed
ORD-0181700,R-0424,2025-10-24,23.65,web,pickup,completed
ORD-0181701,R-0424,2025-10-18,45.41,web,delivery,completed
ORD-0181702,R-0424,2025-10-21,26.99,app,delivery,completed
ORD-0181703,R-0424,2025-10-31,21.84,web,pickup,completed
ORD-0181704,R-0424,2025-10-17,36.91,app,delivery,completed
ORD-0181705,R-0424,2025-10-21,32.71,app,pickup,completed
ORD-0181706,R-0424,2025-10-17,15.92,app,pickup,Completed
ORD-0181707,R-0424,2025-10-01,28.09,web,delivery,completed
ORD-0181708,R-0424,2025-10-01,42.49,app,pickup,completed
ORD-0181709,R-0424,2025-10-11,35.67,app,pickup,completed
ORD-0181710,R-0424,2025-10-19,21.91,app,pickup,completed
ORD-0181711,R-0424,2025-10-04,25.46,app,delivery,completed
ORD-0181712,R-0424,2025-10-24,38.92,app,pickup,completed
ORD-0181713,R-0424,2025-10-25,37.85,web,delivery,completed
ORD-0181714,R-0424,2025-10-27,32.40,app,pickup,completed
ORD-0181715,R-0424,2025-10-15,26.70,web,delivery,completed
ORD-0181716,R-0424,2025-10-28,56.19,app,delivery,completed
ORD-0181717,R-0424,2025-10-19,32.27,app,delivery,completed
ORD-0181718,R-0424,2025-10-14,33.54,web,delivery,completed
ORD-0181719,R-0424,2025-10-11,18.26,app,delivery,completed
ORD-0181720,R-0424,2025-10-17,36.17,app,delivery,completed
ORD-0181721,R-0424,2025-10-24,33.47,app,delivery,completed
ORD-0181722,R-0424,2025-10-07,30.67,app,pickup,completed
ORD-0181723,R-0424,2025-10-03,29.38,app,pickup,completed
ORD-0181724,R-0424,2025-10-23,20.80,app,pickup,COMPLETED
ORD-0181725,R-0424,2025-10-13,31.12,web,delivery,completed
ORD-0181726,R-0424,2025-10-16,26.00,web,delivery,completed
ORD-0181727,R-0424,2025-10-24,45.53,app,pickup,completed
ORD-0181728,R-0424,2025-10-24,29.15,web,pickup,completed
ORD-0181729,R-0424,2025-10-23,46.40,app,delivery,completed
ORD-0181730,R-0424,2025-10-31,38.01,web,delivery,completed
ORD-0181731,R-0424,2025-10-10,44.32,app,delivery,completed
ORD-0181732,R-0424,2025-10-06,35.80,web,delivery,completed
ORD-0181733,R-0424,2025-10-04,40.65,app,delivery,completed
ORD-0181734,R-0424,2025-10-30,25.57,web,pickup,completed
ORD-0181735,R-0424,2025-10-18,21.67,web,pickup,completed
ORD-0181736,R-0424,2025-10-31,38.13,app,pickup,completed
ORD-0181737,R-0424,2025-10-17,38.80,app,delivery,completed
ORD-0181738,R-0424,2025-10-16,16.25,app,delivery,completed
ORD-0181739,R-0424,2025-10-10,35.08,web,delivery,completed
ORD-0181740,R-0424,2025-10-10,49.21,web,delivery,completed
ORD-0181741,R-0424,2025-10-13,35.66,web,delivery,completed
ORD-0181742,R-0424,2025-10-07,21.35,web,delivery,COMPLETED
ORD-0181743,R-0424,2025-10-17,15.75,web,delivery,completed
ORD-0181744,R-0424,2025-10-01,25.67,web,delivery,completed
ORD-0181745,R-0424,2025-10-31,21.64,web,delivery,completed
ORD-0181746,R-0424,2025-10-04,37.23,web,pickup,completed
ORD-0181747,R-0424,2025-10-29,12.75,app,delivery,completed
ORD-0181748,R-0424,2025-10-09,21.05,web,pickup,completed
ORD-0181749,R-0424,2025-10-10,15.08,web,delivery,cancelled
ORD-0181750,R-0424,2025-10-16,35.92,web,delivery,CANCELLED
ORD-0181751,R-0424,2025-10-30,34.88,web,pickup,completed
ORD-0181752,R-0424,2025-10-13,41.21,web,delivery,completed
ORD-0181753,R-0424,2025-10-27,39.97,app,delivery,completed
ORD-0181754,R-0424,2025-10-01,19.56,web,pickup,cancelled
ORD-0181755,R-0424,2025-10-29,21.47,web,delivery,Completed
ORD-0181756,R-0424,2025-10-17,29.82,web,delivery,completed
ORD-0181757,R-0424,2025-10-08,40.31,web,pickup,completed
ORD-0181758,R-0424,2025-10-18,21.66,app,pickup,completed
ORD-0181759,R-0424,2025-10-16,18.69,app,pickup,completed
ORD-0181760,R-0424,2025-10-04,30.66,app,pickup,completed
ORD-0181761,R-0424,2025-10-18,18.48,web,delivery,cancelled
ORD-0181762,R-0424,2025-10-25,15.05,web,pickup,completed
ORD-0181763,R-0424,2025-10-29,49.50,web,delivery,completed
ORD-0181764,R-0424,2025-10-14,40.51,app,delivery,COMPLETED
ORD-0181765,R-0424,2025-10-01,22.59,app,delivery,completed
ORD-0181766,R-0424,2025-10-25,29.08,web,delivery,completed
ORD-0181767,R-0424,2025-10-13,51.62,web,pickup,completed
ORD-0181768,R-0424,2025-10-09,49.70,app,delivery,completed
ORD-0181769,R-0424,2025-10-17,18.01,web,pickup,completed
ORD-0181770,R-0424,2025-10-16,23.33,app,delivery,completed
ORD-0181771,R-0424,2025-10-12,22.14,web,pickup,completed
ORD-0181772,R-0424,2025-10-25,35.67,web,delivery,completed
ORD-0181773,R-0424,2025-10-02,12.98,web,delivery,completed
ORD-0181774,R-0424,2025-10-08,17.58,app,delivery,completed
ORD-0185656,R-0426,2025-10-12,36.61,web,delivery,cancelled
ORD-0185657,R-0426,2025-10-18,33.51,web,pickup,COMPLETED
ORD-0185658,R-0426,2025-10-09,52.18,app,pickup,completed
ORD-0185659,R-0426,2025-10-27,44.10,app,delivery,COMPLETED
ORD-0185660,R-0426,2025-10-26,60.71,web,pickup,COMPLETED
ORD-0185661,R-0426,2025-10-03,58.38,web,pickup,completed
ORD-0185662,R-0426,2025-10-08,51.81,web,pickup,completed
ORD-0185663,R-0426,2025-10-01,45.65,web,pickup,completed
ORD-0185664,R-0426,2025-10-04,26.80,web,delivery,completed
ORD-0185665,R-0426,2025-10-04,40.85,app,delivery,completed
ORD-0185666,R-0426,2025-10-23,35.31,web,pickup,completed
ORD-0185667,R-0426,2025-10-17,39.44,web,delivery,completed
ORD-0185668,R-0426,2025-10-10,33.15,web,delivery,completed
ORD-0185669,R-0426,2025-10-26,83.27,web,pickup,COMPLETED
ORD-0185670,R-0426,2025-10-15,19.29,web,delivery,completed
ORD-0185671,R-0426,2025-10-23,26.12,web,delivery,completed
ORD-0185672,R-0426,2025-10-10,37.78,app,delivery,completed
ORD-0185673,R-0426,2025-10-01,45.93,app,pickup,completed
ORD-0185674,R-0426,2025-10-05,47.98,app,delivery,completed
ORD-0185675,R-0426,2025-10-20,36.46,web,delivery,completed
ORD-0185676,R-0426,2025-10-26,44.50,web,delivery,COMPLETED
ORD-0185677,R-0426,2025-10-26,48.21,app,pickup,completed
ORD-0185678,R-0426,2025-10-17,31.12,app,pickup,completed
ORD-0185679,R-0426,2025-10-02,29.14,web,delivery,cancelled
ORD-0185680,R-0426,2025-10-16,53.77,web,pickup,completed
ORD-0185681,R-0426,2025-10-25,29.35,web,delivery,completed
ORD-0185682,R-0426,2025-10-06,36.58,app,pickup,completed
ORD-0185683,R-0426,2025-10-12,57.72,web,delivery,completed
ORD-0185684,R-0426,2025-10-30,34.72,web,delivery,completed
ORD-0185685,R-0426,2025-10-20,67.52,web,pickup,completed
ORD-0185686,R-0426,2025-10-12,56.45,app,delivery,cancelled
ORD-0185687,R-0426,2025-10-24,61.06,web,pickup,completed
ORD-0185688,R-0426,2025-10-23,23.02,web,delivery,completed
ORD-0185689,R-0426,2025-10-31,47.69,app,pickup,completed
ORD-0185690,R-0426,2025-10-07,26.43,app,pickup,completed
ORD-0185691,R-0426,2025-10-04,45.56,app,pickup,completed
ORD-0185692,R-0426,2025-10-04,24.57,web,delivery,Completed
ORD-0185693,R-0426,2025-10-22,19.59,app,delivery,completed
ORD-0185694,R-0426,2025-10-16,25.91,web,pickup,completed
ORD-0185695,R-0426,2025-10-04,28.01,web,pickup,completed
ORD-0185696,R-0426,2025-10-02,31.09,app,delivery,completed
ORD-0185697,R-0426,2025-10-04,57.35,web,delivery,completed
ORD-0185698,R-0426,2025-10-23,66.73,web,pickup,completed
ORD-0185699,R-0426,2025-10-04,39.77,app,delivery,completed
ORD-0185700,R-0426,2025-10-18,110.70,web,pickup,COMPLETED
ORD-0185701,R-0426,2025-10-27,41.64,web,pickup,completed
ORD-0185702,R-0426,2025-10-25,63.01,web,delivery,COMPLETED
ORD-0185703,R-0426,2025-10-26,39.69,web,delivery,completed
ORD-0185704,R-0426,2025-10-17,45.99,web,pickup,completed
ORD-0185705,R-0426,2025-10-22,127.32,app,delivery,completed
ORD-0185706,R-0426,2025-10-11,73.29,app,delivery,COMPLETED
ORD-0185707,R-0426,2025-10-10,56.70,web,delivery,completed
ORD-0185708,R-0426,2025-10-09,39.28,web,pickup,COMPLETED
ORD-0185709,R-0426,2025-10-09,27.75,web,delivery,completed
ORD-0185710,R-0426,2025-10-05,26.21,web,pickup,completed
ORD-0185711,R-0426,2025-10-10,100.66,web,pickup,completed
ORD-0185712,R-0426,2025-10-27,52.72,web,pickup,completed
ORD-0185713,R-0426,2025-10-31,109.60,web,delivery,completed
ORD-0185714,R-0426,2025-10-19,34.65,web,delivery,completed
ORD-0185715,R-0426,2025-10-03,102.12,web,pickup,cancelled
ORD-0185716,R-0426,2025-10-01,55.66,web,delivery,completed
ORD-0185717,R-0426,2025-10-12,63.72,web,pickup,completed
ORD-0187362,R-0429,2025-10-18,138.93,app,pickup,completed
ORD-0187363,R-0429,2025-10-26,43.98,web,delivery,COMPLETED
ORD-0187364,R-0429,2025-10-28,48.08,app,pickup,refunded
ORD-0187365,R-0429,2025-10-08,82.84,app,delivery,completed
ORD-0187366,R-0429,2025-10-04,78.67,app,delivery,Completed
ORD-0187367,R-0429,2025-10-07,61.21,app,delivery,completed
ORD-0187368,R-0429,2025-10-24,59.50,app,delivery,completed
ORD-0187369,R-0429,2025-10-25,42.65,app,pickup,completed
ORD-0187370,R-0429,2025-10-04,48.95,app,pickup,COMPLETED
ORD-0187371,R-0429,2025-10-15,69.77,app,delivery,completed
ORD-0187372,R-0429,2025-10-29,44.11,app,delivery,completed
ORD-0187373,R-0429,2025-10-26,77.59,app,pickup,completed
ORD-0187374,R-0429,2025-10-16,27.45,app,pickup,completed
ORD-0187375,R-0429,2025-10-20,80.78,app,delivery,completed
ORD-0187376,R-0429,2025-10-23,36.52,web,pickup,COMPLETED
ORD-0187377,R-0429,2025-10-25,61.66,app,pickup,completed
ORD-0187378,R-0429,2025-10-28,48.74,app,delivery,completed
ORD-0187379,R-0429,2025-10-03,115.27,app,delivery,completed
ORD-0187380,R-0429,2025-10-05,40.49,app,delivery,completed
ORD-0187381,R-0429,2025-10-15,60.05,web,delivery,completed
ORD-0187382,R-0429,2025-10-18,70.65,web,delivery,Completed
ORD-0187383,R-0429,2025-10-22,87.72,app,pickup,completed
ORD-0187384,R-0429,2025-10-31,39.78,app,pickup,completed
ORD-0187385,R-0429,2025-10-03,107.37,app,pickup,completed
ORD-0187386,R-0429,2025-10-15,63.64,web,pickup,completed
ORD-0187387,R-0429,2025-10-11,90.76,web,pickup,Completed
ORD-0187388,R-0429,2025-10-08,42.01,app,pickup,Completed
ORD-0187389,R-0429,2025-10-12,38.55,web,delivery,completed
ORD-0187390,R-0429,2025-10-25,93.46,app,pickup,completed
ORD-0187391,R-0429,2025-10-18,52.03,app,pickup,completed
ORD-0187392,R-0429,2025-10-12,61.42,app,delivery,completed
ORD-0187393,R-0429,2025-10-04,99.24,web,delivery,completed
ORD-0187394,R-0429,2025-10-15,61.45,app,delivery,completed
ORD-0187395,R-0429,2025-10-10,75.52,app,delivery,completed
ORD-0187396,R-0429,2025-10-19,43.36,app,delivery,completed
ORD-0187397,R-0429,2025-10-24,36.08,app,pickup,completed
ORD-0187398,R-0429,2025-10-04,69.88,app,delivery,completed
ORD-0187399,R-0429,2025-10-11,139.71,web,delivery,completed
ORD-0187400,R-0429,2025-10-14,59.42,app,pickup,COMPLETED
ORD-0187401,R-0429,2025-10-13,59.73,app,pickup,Completed
ORD-0187402,R-0429,2025-10-21,49.25,app,delivery,completed
ORD-0187403,R-0429,2025-10-29,53.95,app,pickup,completed
ORD-0187404,R-0429,2025-10-12,51.69,web,pickup,CANCELLED
ORD-0187405,R-0429,2025-10-16,82.49,app,pickup,completed
ORD-0187406,R-0429,2025-10-22,72.34,app,delivery,completed
ORD-0187407,R-0429,2025-10-18,81.98,app,pickup,completed
ORD-0187408,R-0429,2025-10-11,66.30,web,delivery,completed
ORD-0187409,R-0429,2025-10-20,57.64,app,delivery,Completed
ORD-0187410,R-0429,2025-10-27,77.62,app,delivery,completed
ORD-0187411,R-0429,2025-10-03,140.29,app,pickup,COMPLETED
ORD-0187412,R-0429,2025-10-24,69.55,app,delivery,completed
ORD-0187413,R-0429,2025-10-13,93.85,web,delivery,completed
ORD-0187414,R-0429,2025-10-07,66.97,app,pickup,completed
ORD-0187415,R-0429,2025-10-04,30.77,app,delivery,completed
ORD-0187416,R-0429,2025-10-30,80.02,app,pickup,completed
ORD-0187417,R-0429,2025-10-25,76.74,app,delivery,completed
ORD-0187418,R-0429,2025-10-22,40.16,app,delivery,completed
ORD-0187419,R-0429,2025-10-29,38.60,app,delivery,completed
ORD-0187420,R-0429,2025-10-07,64.32,app,delivery,completed
ORD-0187421,R-0429,2025-10-12,66.17,web,delivery,completed
ORD-0187422,R-0429,2025-10-25,53.04,app,delivery,completed
ORD-0187423,R-0429,2025-10-06,69.10,app,delivery,completed
ORD-0187424,R-0429,2025-10-14,71.56,app,delivery,completed
ORD-0187425,R-0429,2025-10-14,45.90,app,delivery,completed
ORD-0187426,R-0429,2025-10-19,90.99,web,pickup,completed
ORD-0187427,R-0429,2025-10-09,79.89,app,delivery,completed
ORD-0187428,R-0429,2025-10-14,96.66,web,delivery,completed
ORD-0187429,R-0429,2025-10-29,43.01,web,delivery,completed
ORD-0187430,R-0429,2025-10-17,152.64,web,delivery,COMPLETED
ORD-0187431,R-0429,2025-10-06,43.78,app,delivery,completed
ORD-0187432,R-0429,2025-10-16,46.49,app,pickup,completed
ORD-0187433,R-0429,2025-10-22,128.00,app,pickup,completed
ORD-0187434,R-0429,2025-10-24,79.09,app,pickup,completed
ORD-0187435,R-0429,2025-10-24,85.59,web,pickup,completed
ORD-0187436,R-0429,2025-10-20,70.71,app,delivery,completed
ORD-0187437,R-0429,2025-10-28,109.10,app,delivery,completed
ORD-0187438,R-0429,2025-10-25,61.70,app,delivery,completed
ORD-0187439,R-0429,2025-10-11,100.29,app,delivery,completed
ORD-0187440,R-0429,2025-10-09,64.66,app,delivery,completed
ORD-0187441,R-0429,2025-10-26,44.59,app,pickup,refunded
ORD-0187442,R-0429,2025-10-23,49.43,web,pickup,completed
ORD-0187443,R-0429,2025-10-12,83.47,app,delivery,completed
ORD-0187444,R-0429,2025-10-12,87.00,app,delivery,completed
ORD-0187445,R-0429,2025-10-03,41.94,app,delivery,completed
ORD-0187446,R-0429,2025-10-10,62.00,web,pickup,cancelled
ORD-0187447,R-0429,2025-10-15,43.49,app,pickup,completed
ORD-0187448,R-0429,2025-10-08,95.22,app,delivery,completed
ORD-0187449,R-0429,2025-10-30,60.54,app,delivery,completed
ORD-0187450,R-0429,2025-10-09,100.63,app,delivery,completed
ORD-0187451,R-0429,2025-10-08,65.55,app,delivery,completed
ORD-0187452,R-0429,2025-10-12,67.97,app,pickup,completed
ORD-0187453,R-0429,2025-10-05,44.87,app,delivery,completed
ORD-0187454,R-0429,2025-10-08,55.21,app,delivery,COMPLETED
ORD-0187455,R-0429,2025-10-19,40.48,app,delivery,Cancelled
ORD-0187456,R-0429,2025-10-11,104.27,web,pickup,completed
ORD-0187457,R-0429,2025-10-31,67.74,app,delivery,completed
ORD-0187458,R-0429,2025-10-06,27.41,app,delivery,completed
ORD-0187459,R-0429,2025-10-03,34.66,web,pickup,completed
ORD-0190416,R-0434,2025-10-04,15.50,app,pickup,completed
ORD-0190417,R-0434,2025-10-24,33.76,web,delivery,completed
ORD-0190418,R-0434,2025-10-17,42.73,app,delivery,cancelled
ORD-0190419,R-0434,2025-10-11,39.41,app,delivery,completed
ORD-0190420,R-0434,2025-10-25,24.05,web,delivery,completed
ORD-0190421,R-0434,2025-10-03,34.44,app,delivery,completed
ORD-0190422,R-0434,2025-10-11,24.91,app,pickup,completed
ORD-0190423,R-0434,2025-10-09,37.98,app,pickup,completed
ORD-0190424,R-0434,2025-10-24,20.73,web,pickup,completed
ORD-0190425,R-0434,2025-10-24,28.15,app,pickup,completed
ORD-0190426,R-0434,2025-10-20,33.64,web,pickup,completed
ORD-0190427,R-0434,2025-10-02,15.98,web,pickup,completed
ORD-0190428,R-0434,2025-10-19,25.90,app,pickup,completed
ORD-0190429,R-0434,2025-10-25,18.60,app,delivery,completed
ORD-0190430,R-0434,2025-10-24,39.36,app,pickup,COMPLETED
ORD-0190431,R-0434,2025-10-18,33.39,app,delivery,completed
ORD-0190432,R-0434,2025-10-31,19.54,app,delivery,completed
ORD-0190433,R-0434,2025-10-27,38.55,web,delivery,Completed
ORD-0190434,R-0434,2025-10-23,20.23,app,pickup,completed
ORD-0190435,R-0434,2025-10-09,23.22,app,delivery,completed
ORD-0190436,R-0434,2025-10-18,28.41,app,pickup,completed
ORD-0190437,R-0434,2025-10-18,39.53,web,delivery,completed
ORD-0190438,R-0434,2025-10-31,24.46,app,pickup,completed
ORD-0190439,R-0434,2025-10-17,23.61,app,pickup,completed
ORD-0190440,R-0434,2025-10-05,17.64,app,pickup,completed
ORD-0190441,R-0434,2025-10-15,21.51,app,pickup,completed
ORD-0190442,R-0434,2025-10-25,44.33,web,pickup,COMPLETED
ORD-0190443,R-0434,2025-10-25,35.68,app,delivery,completed
ORD-0190444,R-0434,2025-10-05,21.35,web,delivery,completed
ORD-0190445,R-0434,2025-10-22,35.61,app,delivery,completed
ORD-0190446,R-0434,2025-10-06,12.76,app,delivery,completed
ORD-0190447,R-0434,2025-10-07,19.46,web,delivery,COMPLETED
ORD-0190448,R-0434,2025-10-23,24.18,web,pickup,completed
ORD-0190449,R-0434,2025-10-14,29.71,app,delivery,cancelled
ORD-0190450,R-0434,2025-10-08,29.00,app,delivery,completed
ORD-0190451,R-0434,2025-10-31,24.71,app,delivery,completed
ORD-0190452,R-0434,2025-10-03,23.24,web,delivery,completed
ORD-0190453,R-0434,2025-10-17,26.94,app,delivery,completed
ORD-0190454,R-0434,2025-10-30,19.31,app,delivery,completed
ORD-0190455,R-0434,2025-10-27,46.92,app,delivery,completed
ORD-0190456,R-0434,2025-10-23,28.88,web,delivery,completed
ORD-0190457,R-0434,2025-10-07,18.16,app,delivery,completed
ORD-0190458,R-0434,2025-10-17,25.58,web,delivery,completed
ORD-0190459,R-0434,2025-10-12,24.46,app,delivery,completed
ORD-0190460,R-0434,2025-10-06,25.32,web,delivery,completed
ORD-0190461,R-0434,2025-10-22,21.20,app,delivery,completed
ORD-0190462,R-0434,2025-10-30,19.53,app,delivery,completed
ORD-0190463,R-0434,2025-10-06,35.97,app,delivery,completed
ORD-0190464,R-0434,2025-10-24,18.58,app,pickup,completed
ORD-0190465,R-0434,2025-10-22,21.71,app,delivery,completed
ORD-0190466,R-0434,2025-10-18,15.80,app,delivery,completed
ORD-0190467,R-0434,2025-10-10,42.77,web,delivery,completed
ORD-0190468,R-0434,2025-10-10,35.80,app,delivery,Completed
ORD-0190469,R-0434,2025-10-28,26.36,app,delivery,completed
ORD-0190470,R-0434,2025-10-04,25.93,app,delivery,completed
ORD-0190471,R-0434,2025-10-31,32.84,web,pickup,completed
ORD-0190472,R-0434,2025-10-17,38.19,web,delivery,completed
ORD-0190473,R-0434,2025-10-14,40.32,app,delivery,completed
ORD-0190474,R-0434,2025-10-12,39.87,app,delivery,completed
ORD-0190475,R-0434,2025-10-21,30.62,web,pickup,completed
ORD-0190476,R-0434,2025-10-10,23.56,app,pickup,completed
ORD-0190477,R-0434,2025-10-10,33.89,web,pickup,completed
ORD-0190478,R-0434,2025-10-29,18.26,web,delivery,completed
ORD-0190479,R-0434,2025-10-19,23.47,app,delivery,Completed
ORD-0190480,R-0434,2025-10-04,28.25,app,pickup,completed
ORD-0190481,R-0434,2025-10-09,24.02,web,delivery,completed
ORD-0190482,R-0434,2025-10-17,33.24,web,delivery,completed
ORD-0190483,R-0434,2025-10-10,30.77,web,delivery,COMPLETED
ORD-0190484,R-0434,2025-10-31,24.24,app,delivery,completed
ORD-0190485,R-0434,2025-10-06,38.39,web,delivery,completed
ORD-0190486,R-0434,2025-10-03,23.93,app,pickup,completed
ORD-0190487,R-0434,2025-10-11,29.00,web,pickup,completed
ORD-0190488,R-0434,2025-10-10,19.09,app,pickup,completed
ORD-0190489,R-0434,2025-10-26,14.15,app,delivery,completed
ORD-0190490,R-0434,2025-10-02,25.71,web,delivery,completed
ORD-0190491,R-0434,2025-10-14,33.95,web,delivery,completed
ORD-0190492,R-0434,2025-10-04,28.38,app,delivery,completed
ORD-0190493,R-0434,2025-10-21,26.47,app,delivery,cancelled
ORD-0190494,R-0434,2025-10-22,20.59,web,pickup,completed
ORD-0190495,R-0434,2025-10-24,28.86,app,pickup,completed
ORD-0190496,R-0434,2025-10-21,17.19,app,pickup,completed
ORD-0190497,R-0434,2025-10-23,21.68,app,pickup,COMPLETED
ORD-0190498,R-0434,2025-10-04,28.17,app,pickup,completed
ORD-0190499,R-0434,2025-10-17,30.60,app,delivery,COMPLETED
ORD-0190500,R-0434,2025-10-03,23.31,app,pickup,completed
ORD-0190501,R-0434,2025-10-31,15.06,app,delivery,completed
ORD-0190502,R-0434,2025-10-03,25.70,app,pickup,completed
ORD-0190503,R-0434,2025-10-10,26.98,app,delivery,completed
ORD-0190504,R-0434,2025-10-18,17.87,app,delivery,completed
ORD-0190505,R-0434,2025-10-13,12.81,app,delivery,completed
ORD-0190506,R-0434,2025-10-28,48.49,app,delivery,completed
ORD-0190507,R-0434,2025-10-31,29.90,web,delivery,completed
ORD-0190508,R-0434,2025-10-26,37.28,app,delivery,completed
ORD-0190509,R-0434,2025-10-14,45.03,app,delivery,completed
ORD-0190510,R-0434,2025-10-27,35.03,web,delivery,completed
ORD-0190511,R-0434,2025-10-14,24.65,app,delivery,completed
ORD-0190512,R-0434,2025-10-11,31.82,web,delivery,completed
ORD-0190513,R-0434,2025-10-26,27.88,web,pickup,completed
ORD-0190514,R-0434,2025-10-28,42.42,app,delivery,Completed
ORD-0190515,R-0434,2025-10-10,64.18,app,pickup,completed
ORD-0190516,R-0434,2025-10-03,29.06,app,pickup,completed
ORD-0190517,R-0434,2025-10-01,16.72,web,delivery,completed
ORD-0190518,R-0434,2025-10-05,34.23,app,delivery,completed
ORD-0190519,R-0434,2025-10-12,25.14,app,pickup,completed
ORD-0190520,R-0434,2025-10-24,25.22,app,delivery,cancelled
ORD-0190521,R-0434,2025-10-18,46.51,app,delivery,completed
ORD-0190522,R-0434,2025-10-03,44.39,app,pickup,completed
ORD-0190523,R-0434,2025-10-12,28.50,app,pickup,completed
ORD-0190524,R-0434,2025-10-04,22.76,app,pickup,Completed
ORD-0190525,R-0434,2025-10-04,28.05,web,delivery,cancelled
ORD-0190526,R-0434,2025-10-03,28.74,app,delivery,completed
ORD-0190527,R-0434,2025-10-11,21.48,app,delivery,completed
ORD-0190528,R-0434,2025-10-10,13.07,app,pickup,completed
ORD-0190529,R-0434,2025-10-27,25.25,app,delivery,completed
ORD-0190530,R-0434,2025-10-15,21.24,web,delivery,completed
ORD-0190531,R-0434,2025-10-24,20.74,app,delivery,completed
ORD-0190532,R-0434,2025-10-30,20.66,app,pickup,completed
ORD-0190533,R-0434,2025-10-04,27.60,app,delivery,completed
ORD-0190534,R-0434,2025-10-24,34.90,web,delivery,completed
ORD-0190535,R-0434,2025-10-20,40.31,app,delivery,completed
ORD-0190536,R-0434,2025-10-21,29.35,app,delivery,completed
ORD-0190537,R-0434,2025-10-23,22.24,app,pickup,completed
ORD-0190538,R-0434,2025-10-25,14.48,app,delivery,completed
ORD-0190539,R-0434,2025-10-08,26.74,app,delivery,completed
ORD-0190540,R-0434,2025-10-28,21.35,app,delivery,Completed
ORD-0190541,R-0434,2025-10-07,41.15,web,pickup,completed
ORD-0190542,R-0434,2025-10-12,26.54,app,delivery,completed
ORD-0193595,R-0446,2025-10-29,37.00,app,pickup,completed
ORD-0193596,R-0446,2025-10-05,25.52,web,delivery,completed
ORD-0193597,R-0446,2025-10-13,31.16,web,delivery,completed
ORD-0193598,R-0446,2025-10-10,50.88,app,pickup,completed
ORD-0193599,R-0446,2025-10-14,34.15,web,delivery,completed
ORD-0193600,R-0446,2025-10-04,24.98,web,delivery,completed
ORD-0193601,R-0446,2025-10-12,57.36,web,pickup,COMPLETED
ORD-0193602,R-0446,2025-10-09,53.74,app,pickup,completed
ORD-0193603,R-0446,2025-10-25,33.49,app,delivery,completed
ORD-0193604,R-0446,2025-10-27,47.61,web,delivery,completed
ORD-0193605,R-0446,2025-10-23,59.84,web,delivery,completed
ORD-0193606,R-0446,2025-10-23,45.16,app,pickup,completed
ORD-0193607,R-0446,2025-10-30,55.68,app,delivery,completed
ORD-0193608,R-0446,2025-10-03,48.27,app,pickup,completed
ORD-0193609,R-0446,2025-10-09,43.69,app,delivery,Completed
ORD-0193610,R-0446,2025-10-18,49.43,app,pickup,completed
ORD-0193611,R-0446,2025-10-31,23.50,web,delivery,completed
ORD-0193612,R-0446,2025-10-02,51.73,web,pickup,completed
ORD-0193613,R-0446,2025-10-11,48.18,web,delivery,completed
ORD-0193614,R-0446,2025-10-02,34.70,app,delivery,completed
ORD-0193615,R-0446,2025-10-04,39.28,app,pickup,completed
ORD-0193616,R-0446,2025-10-31,35.78,web,delivery,completed
ORD-0193617,R-0446,2025-10-28,18.94,app,delivery,completed
ORD-0193618,R-0446,2025-10-05,23.71,web,delivery,completed
ORD-0193619,R-0446,2025-10-26,33.13,app,delivery,completed
ORD-0193620,R-0446,2025-10-31,21.20,app,delivery,completed
ORD-0193621,R-0446,2025-10-11,43.11,web,pickup,completed
ORD-0193622,R-0446,2025-10-18,33.34,web,pickup,completed
ORD-0193623,R-0446,2025-10-05,35.32,app,delivery,completed
ORD-0193624,R-0446,2025-10-17,49.32,web,pickup,completed
ORD-0193625,R-0446,2025-10-29,20.74,web,delivery,cancelled
ORD-0193626,R-0446,2025-10-03,24.41,app,pickup,COMPLETED
ORD-0193627,R-0446,2025-10-13,93.18,app,delivery,COMPLETED
ORD-0193628,R-0446,2025-10-25,64.42,app,pickup,completed
ORD-0193629,R-0446,2025-10-14,69.95,app,pickup,completed
ORD-0193630,R-0446,2025-10-02,21.60,app,pickup,completed
ORD-0193631,R-0446,2025-10-26,41.38,app,pickup,completed
ORD-0193632,R-0446,2025-10-03,48.11,web,delivery,completed
ORD-0193633,R-0446,2025-10-21,29.61,app,pickup,completed
ORD-0193634,R-0446,2025-10-02,28.81,web,pickup,completed
ORD-0193635,R-0446,2025-10-11,26.05,web,delivery,completed
ORD-0193636,R-0446,2025-10-12,78.25,app,delivery,completed
ORD-0193637,R-0446,2025-10-04,31.64,app,delivery,completed
ORD-0193638,R-0446,2025-10-26,35.87,app,pickup,completed
ORD-0193639,R-0446,2025-10-17,56.66,web,pickup,completed
ORD-0193640,R-0446,2025-10-30,26.15,app,delivery,completed
ORD-0193641,R-0446,2025-10-16,83.55,app,pickup,completed
ORD-0193642,R-0446,2025-10-01,33.52,web,delivery,COMPLETED
ORD-0193643,R-0446,2025-10-28,26.63,web,pickup,completed
ORD-0193644,R-0446,2025-10-10,34.80,app,delivery,completed
ORD-0193645,R-0446,2025-10-31,43.33,app,delivery,completed
ORD-0193646,R-0446,2025-10-07,65.73,app,pickup,completed
ORD-0193647,R-0446,2025-10-07,43.10,app,delivery,Completed
ORD-0193648,R-0446,2025-10-08,33.58,app,pickup,completed
ORD-0193649,R-0446,2025-10-04,113.35,app,pickup,completed
ORD-0193650,R-0446,2025-10-05,26.77,app,pickup,Completed
ORD-0193651,R-0446,2025-10-03,81.67,app,pickup,completed
ORD-0193652,R-0446,2025-10-05,67.17,app,pickup,completed
ORD-0193653,R-0446,2025-10-04,30.52,web,pickup,completed
ORD-0193654,R-0446,2025-10-30,31.75,app,delivery,completed
ORD-0193655,R-0446,2025-10-11,45.40,web,delivery,completed
ORD-0193656,R-0446,2025-10-17,42.18,app,pickup,completed
ORD-0193657,R-0446,2025-10-03,33.29,app,pickup,completed
ORD-0193658,R-0446,2025-10-12,64.80,web,pickup,completed
ORD-0193659,R-0446,2025-10-30,49.66,app,delivery,completed
ORD-0193660,R-0446,2025-10-02,30.53,app,pickup,completed
ORD-0193661,R-0446,2025-10-05,72.13,app,delivery,completed
ORD-0193662,R-0446,2025-10-11,40.45,web,delivery,completed
ORD-0193663,R-0446,2025-10-24,45.13,app,delivery,completed
ORD-0193664,R-0446,2025-10-21,34.13,web,pickup,completed
ORD-0193665,R-0446,2025-10-05,47.06,web,delivery,completed
ORD-0193666,R-0446,2025-10-03,35.92,web,pickup,completed
ORD-0193667,R-0446,2025-10-09,42.85,app,delivery,completed
ORD-0193668,R-0446,2025-10-11,117.53,app,delivery,completed
ORD-0193669,R-0446,2025-10-11,37.73,app,delivery,completed
ORD-0193670,R-0446,2025-10-14,34.87,app,delivery,completed
ORD-0193671,R-0446,2025-10-31,39.27,web,pickup,completed
ORD-0193672,R-0446,2025-10-07,25.50,web,delivery,completed
ORD-0193673,R-0446,2025-10-30,63.07,app,delivery,completed
ORD-0193674,R-0446,2025-10-17,58.55,app,delivery,completed
ORD-0193675,R-0446,2025-10-30,45.50,web,delivery,completed
ORD-0193676,R-0446,2025-10-06,29.69,app,delivery,COMPLETED
ORD-0193677,R-0446,2025-10-03,45.52,app,delivery,completed
ORD-0193678,R-0446,2025-10-24,28.34,web,delivery,completed
ORD-0193679,R-0446,2025-10-04,18.75,app,delivery,completed
ORD-0193680,R-0446,2025-10-15,42.54,web,pickup,completed
ORD-0193681,R-0446,2025-10-31,46.83,app,delivery,COMPLETED
ORD-0193682,R-0446,2025-10-30,42.74,web,pickup,completed
ORD-0193683,R-0446,2025-10-04,40.78,app,delivery,completed
ORD-0193684,R-0446,2025-10-08,47.43,app,pickup,completed
ORD-0193685,R-0446,2025-10-15,38.96,app,delivery,completed
ORD-0193686,R-0446,2025-10-09,71.07,app,delivery,completed
ORD-0193687,R-0446,2025-10-28,24.95,web,pickup,completed
ORD-0193688,R-0446,2025-10-29,75.56,app,delivery,completed
ORD-0193689,R-0446,2025-10-17,43.38,app,delivery,completed
ORD-0193690,R-0446,2025-10-30,43.18,app,pickup,completed
ORD-0193691,R-0446,2025-10-24,24.60,web,pickup,completed
ORD-0193692,R-0446,2025-10-24,22.41,app,delivery,COMPLETED
ORD-0193693,R-0446,2025-10-07,28.62,app,pickup,completed
ORD-0193694,R-0446,2025-10-24,54.96,app,pickup,completed
ORD-0193695,R-0446,2025-10-10,33.80,app,delivery,Completed
ORD-0193696,R-0446,2025-10-18,30.46,web,pickup,completed
ORD-0193697,R-0446,2025-10-22,43.20,web,delivery,REFUNDED
ORD-0193698,R-0446,2025-10-18,50.32,app,delivery,completed
ORD-0193699,R-0446,2025-10-04,52.92,web,delivery,COMPLETED
ORD-0193700,R-0446,2025-10-03,28.79,app,pickup,completed
ORD-0193701,R-0446,2025-10-05,33.85,app,pickup,completed
ORD-0193702,R-0446,2025-10-02,35.61,app,delivery,completed
ORD-0193703,R-0446,2025-10-25,29.98,app,pickup,completed
ORD-0193704,R-0446,2025-10-20,35.24,app,delivery,completed
ORD-0193705,R-0446,2025-10-11,30.09,web,delivery,completed
ORD-0193706,R-0446,2025-10-18,39.32,web,delivery,completed
ORD-0193707,R-0446,2025-10-04,49.71,app,pickup,completed
ORD-0193708,R-0446,2025-10-08,49.23,app,delivery,completed
ORD-0193709,R-0446,2025-10-21,29.82,web,delivery,completed
ORD-0193710,R-0446,2025-10-15,34.47,app,pickup,completed
ORD-0193711,R-0446,2025-10-22,48.92,app,pickup,completed
ORD-0193712,R-0446,2025-10-09,27.48,app,pickup,completed
ORD-0193713,R-0446,2025-10-09,24.10,web,delivery,Completed
ORD-0193714,R-0446,2025-10-21,21.75,web,delivery,completed
ORD-0193715,R-0446,2025-10-09,24.22,app,delivery,COMPLETED
ORD-0193716,R-0446,2025-10-11,49.93,app,pickup,completed
ORD-0193717,R-0446,2025-10-07,43.16,app,delivery,completed
ORD-0193718,R-0446,2025-10-22,19.90,app,pickup,completed
ORD-0193719,R-0446,2025-10-27,25.48,web,pickup,completed
ORD-0193720,R-0446,2025-10-18,28.96,app,delivery,completed
ORD-0193721,R-0446,2025-10-31,39.91,app,delivery,completed
ORD-0193722,R-0446,2025-10-01,30.21,app,pickup,completed
ORD-0193723,R-0446,2025-10-17,48.27,app,delivery,completed
ORD-0193724,R-0446,2025-10-27,34.52,web,pickup,Completed
ORD-0193725,R-0446,2025-10-07,31.46,app,pickup,completed
ORD-0193726,R-0446,2025-10-19,42.89,web,pickup,COMPLETED
ORD-0193727,R-0446,2025-10-05,34.96,web,delivery,completed
ORD-0193728,R-0446,2025-10-22,41.54,web,delivery,Completed
ORD-0193729,R-0446,2025-10-05,28.88,app,pickup,completed
ORD-0193730,R-0446,2025-10-10,45.71,app,delivery,completed
ORD-0193731,R-0446,2025-10-11,27.79,app,pickup,completed
ORD-0193732,R-0446,2025-10-21,25.32,app,delivery,completed
ORD-0193733,R-0446,2025-10-30,32.14,web,delivery,completed
ORD-0193734,R-0446,2025-10-18,42.86,app,delivery,completed
ORD-0193735,R-0446,2025-10-12,33.60,web,delivery,completed
ORD-0193736,R-0446,2025-10-23,23.05,app,pickup,completed
ORD-0193737,R-0446,2025-10-17,37.08,app,pickup,completed
ORD-0193738,R-0446,2025-10-08,59.52,web,delivery,completed
ORD-0193739,R-0446,2025-10-31,28.68,app,delivery,COMPLETED
ORD-0193740,R-0446,2025-10-06,35.79,app,delivery,completed
ORD-0193741,R-0446,2025-10-05,40.85,app,delivery,completed
ORD-0193742,R-0446,2025-10-01,30.26,app,delivery,completed
ORD-0193743,R-0446,2025-10-07,53.82,web,delivery,Completed
ORD-0193744,R-0446,2025-10-17,52.16,app,delivery,completed
ORD-0193745,R-0446,2025-10-03,72.42,app,pickup,completed
ORD-0193746,R-0446,2025-10-10,48.39,web,delivery,completed
ORD-0193747,R-0446,2025-10-11,104.94,web,pickup,cancelled
ORD-0193748,R-0446,2025-10-20,90.03,web,delivery,completed
ORD-0193749,R-0446,2025-10-26,23.19,app,pickup,Completed
ORD-0193750,R-0446,2025-10-10,40.69,app,delivery,completed
ORD-0193751,R-0446,2025-10-04,34.87,web,pickup,completed
ORD-0193752,R-0446,2025-10-27,25.34,web,delivery,completed
ORD-0193753,R-0446,2025-10-26,64.41,app,pickup,completed
ORD-0193754,R-0446,2025-10-31,25.33,app,delivery,Completed
ORD-0193755,R-0446,2025-10-04,91.64,app,delivery,completed
ORD-0193756,R-0446,2025-10-17,40.97,web,delivery,completed
ORD-0193757,R-0446,2025-10-26,21.24,app,delivery,completed
ORD-0193758,R-0446,2025-10-19,45.74,app,delivery,cancelled
ORD-0193759,R-0446,2025-10-11,36.60,app,delivery,COMPLETED
ORD-0193760,R-0446,2025-10-20,50.37,app,delivery,completed
ORD-0193761,R-0446,2025-10-26,39.52,web,pickup,completed
ORD-0193762,R-0446,2025-10-18,60.02,app,pickup,completed
ORD-0193763,R-0446,2025-10-09,23.84,app,pickup,completed
ORD-0193764,R-0446,2025-10-28,31.73,app,delivery,completed
ORD-0193765,R-0446,2025-10-03,60.56,web,pickup,completed
ORD-0193766,R-0446,2025-10-11,49.73,web,pickup,Completed
ORD-0193767,R-0446,2025-10-12,43.87,web,pickup,completed
ORD-0193768,R-0446,2025-10-09,50.33,app,delivery,completed
ORD-0193769,R-0446,2025-10-13,60.58,app,delivery,completed
ORD-0193770,R-0446,2025-10-13,18.23,app,pickup,Completed
ORD-0193771,R-0446,2025-10-03,25.10,app,pickup,completed
ORD-0193772,R-0446,2025-10-17,14.15,app,pickup,completed
ORD-0193773,R-0446,2025-10-01,37.48,app,pickup,completed
ORD-0193774,R-0446,2025-10-25,39.42,web,pickup,completed
ORD-0193775,R-0446,2025-10-25,30.62,app,delivery,completed
ORD-0193776,R-0446,2025-10-18,37.82,web,pickup,completed
ORD-0193777,R-0446,2025-10-10,31.17,web,delivery,completed
ORD-0193778,R-0446,2025-10-15,74.66,web,delivery,completed
ORD-0193779,R-0446,2025-10-22,46.87,app,pickup,completed
ORD-0193780,R-0446,2025-10-04,27.99,app,pickup,completed
ORD-0193781,R-0446,2025-10-14,51.77,app,delivery,completed
ORD-0193782,R-0446,2025-10-10,36.99,web,pickup,completed
ORD-0193783,R-0446,2025-10-15,31.75,web,delivery,completed
ORD-0193784,R-0446,2025-10-13,41.72,app,delivery,completed
ORD-0193785,R-0446,2025-10-23,42.15,web,delivery,completed
ORD-0193786,R-0446,2025-10-05,25.68,app,delivery,completed
ORD-0193787,R-0446,2025-10-07,79.70,app,delivery,completed
ORD-0193788,R-0446,2025-10-29,27.54,app,delivery,completed
ORD-0193789,R-0446,2025-10-19,23.63,web,pickup,COMPLETED
ORD-0193790,R-0446,2025-10-15,38.34,web,pickup,completed
ORD-0193791,R-0446,2025-10-30,60.05,app,pickup,completed
ORD-0193792,R-0446,2025-10-24,31.10,app,delivery,completed
ORD-0193793,R-0446,2025-10-08,23.26,web,pickup,completed
ORD-0193794,R-0446,2025-10-30,50.71,app,delivery,completed
ORD-0193795,R-0446,2025-10-31,34.19,app,pickup,completed
ORD-0193796,R-0446,2025-10-12,38.12,app,pickup,completed
ORD-0193797,R-0446,2025-10-27,50.45,app,pickup,cancelled
ORD-0193798,R-0446,2025-10-20,48.90,web,delivery,COMPLETED
ORD-0193799,R-0446,2025-10-25,46.80,app,pickup,completed
ORD-0193800,R-0446,2025-10-16,28.00,web,pickup,completed
ORD-0193801,R-0446,2025-10-10,34.80,app,delivery,Completed
ORD-0193802,R-0446,2025-10-15,23.89,web,delivery,Completed
ORD-0193803,R-0446,2025-10-27,49.54,app,pickup,COMPLETED
ORD-0193804,R-0446,2025-10-14,32.02,app,pickup,completed
ORD-0193805,R-0446,2025-10-21,21.48,web,delivery,completed
ORD-0193806,R-0446,2025-10-31,46.51,web,pickup,completed
ORD-0193807,R-0446,2025-10-01,25.50,web,pickup,completed
ORD-0193808,R-0446,2025-10-31,36.51,web,pickup,completed
ORD-0193809,R-0446,2025-10-04,83.46,app,pickup,completed
ORD-0193810,R-0446,2025-10-05,34.68,app,delivery,Completed
ORD-0193811,R-0446,2025-10-17,17.71,web,delivery,completed
ORD-0193812,R-0446,2025-10-06,52.26,web,pickup,completed
ORD-0193813,R-0446,2025-10-24,39.23,app,delivery,completed
ORD-0193814,R-0446,2025-10-03,55.04,app,delivery,cancelled
ORD-0193815,R-0446,2025-10-30,46.46,app,pickup,completed
ORD-0193816,R-0446,2025-10-21,68.93,web,delivery,COMPLETED
ORD-0193817,R-0446,2025-10-26,37.13,app,delivery,completed
ORD-0193818,R-0446,2025-10-28,45.57,app,delivery,Completed
ORD-0193819,R-0446,2025-10-09,71.17,app,delivery,completed
ORD-0193820,R-0446,2025-10-05,33.55,app,delivery,completed
ORD-0193821,R-0446,2025-10-25,34.71,app,delivery,completed
ORD-0193822,R-0446,2025-10-03,31.22,web,pickup,completed
ORD-0193823,R-0446,2025-10-10,38.73,app,delivery,completed
ORD-0193824,R-0446,2025-10-24,53.05,web,delivery,COMPLETED
ORD-0193825,R-0446,2025-10-11,31.10,app,pickup,completed
ORD-0193826,R-0446,2025-10-16,46.55,app,delivery,completed
ORD-0193827,R-0446,2025-10-20,20.95,app,pickup,completed
ORD-0193828,R-0446,2025-10-23,18.73,app,delivery,Completed
ORD-0193829,R-0446,2025-10-19,26.32,app,pickup,completed
ORD-0193830,R-0446,2025-10-31,48.46,app,pickup,completed
ORD-0193831,R-0446,2025-10-26,37.82,web,delivery,completed
ORD-0193832,R-0446,2025-10-13,68.32,web,pickup,Completed
ORD-0193833,R-0446,2025-10-16,40.25,web,pickup,completed
ORD-0193834,R-0446,2025-10-02,34.61,web,delivery,completed
ORD-0193835,R-0446,2025-10-04,48.13,web,delivery,completed
ORD-0193836,R-0446,2025-10-17,28.37,web,pickup,completed
ORD-0193837,R-0446,2025-10-02,40.70,app,pickup,completed
ORD-0193838,R-0446,2025-10-25,52.08,app,delivery,completed
ORD-0193839,R-0446,2025-10-22,33.32,app,pickup,completed
ORD-0193840,R-0446,2025-10-22,41.68,web,delivery,completed
ORD-0193841,R-0446,2025-10-02,36.61,app,delivery,completed
ORD-0193842,R-0446,2025-10-23,25.96,app,delivery,completed
ORD-0193843,R-0446,2025-10-24,29.73,app,delivery,completed
ORD-0193844,R-0446,2025-10-21,29.43,web,delivery,completed
ORD-0193845,R-0446,2025-10-14,29.27,app,pickup,completed
ORD-0193846,R-0446,2025-10-14,42.12,app,delivery,completed
ORD-0193847,R-0446,2025-10-12,50.00,app,delivery,completed
ORD-0193848,R-0446,2025-10-17,54.34,app,pickup,completed
ORD-0193849,R-0446,2025-10-20,23.15,web,delivery,completed
ORD-0193850,R-0446,2025-10-26,52.03,web,delivery,COMPLETED
ORD-0193851,R-0446,2025-10-26,37.90,web,delivery,completed
ORD-0193852,R-0446,2025-10-06,26.15,web,delivery,completed
ORD-0193853,R-0446,2025-10-25,47.49,web,pickup,completed
ORD-0193854,R-0446,2025-10-10,53.06,app,delivery,completed
ORD-0196209,R-0447,2025-10-17,29.89,app,delivery,completed
ORD-0196210,R-0447,2025-10-19,15.35,app,delivery,completed
ORD-0196211,R-0447,2025-10-10,13.14,app,delivery,Completed
ORD-0196212,R-0447,2025-10-01,18.81,app,delivery,completed
ORD-0196213,R-0447,2025-10-15,26.73,web,delivery,Completed
ORD-0196214,R-0447,2025-10-11,21.04,app,delivery,completed
ORD-0196215,R-0447,2025-10-03,20.74,web,pickup,completed
ORD-0196216,R-0447,2025-10-10,40.44,app,delivery,completed
ORD-0196217,R-0447,2025-10-01,21.16,app,pickup,completed
ORD-0196218,R-0447,2025-10-31,13.80,app,pickup,completed
ORD-0196219,R-0447,2025-10-08,27.44,app,delivery,completed
ORD-0196220,R-0447,2025-10-11,17.16,web,pickup,Cancelled
ORD-0196221,R-0447,2025-10-10,42.25,web,delivery,completed
ORD-0196222,R-0447,2025-10-31,32.15,web,delivery,completed
ORD-0196223,R-0447,2025-10-21,9.79,app,delivery,completed
ORD-0196224,R-0447,2025-10-01,14.88,app,delivery,completed
ORD-0196225,R-0447,2025-10-17,17.87,web,delivery,completed
ORD-0196226,R-0447,2025-10-18,27.76,app,pickup,completed
ORD-0196227,R-0447,2025-10-30,10.74,app,delivery,completed
ORD-0196228,R-0447,2025-10-23,25.98,app,delivery,completed
ORD-0196229,R-0447,2025-10-12,16.00,web,delivery,COMPLETED
ORD-0196230,R-0447,2025-10-29,14.28,app,delivery,completed
ORD-0196231,R-0447,2025-10-26,26.01,app,delivery,completed
ORD-0196232,R-0447,2025-10-20,26.69,app,delivery,completed
ORD-0196233,R-0447,2025-10-07,16.52,app,delivery,COMPLETED
ORD-0196234,R-0447,2025-10-24,25.63,app,delivery,completed
ORD-0196235,R-0447,2025-10-03,42.11,web,pickup,completed
ORD-0196236,R-0447,2025-10-01,20.57,web,pickup,completed
ORD-0196237,R-0447,2025-10-31,21.32,app,delivery,Refunded
ORD-0196238,R-0447,2025-10-27,10.69,app,delivery,completed
ORD-0196239,R-0447,2025-10-18,49.53,web,delivery,completed
ORD-0196240,R-0447,2025-10-18,18.58,app,delivery,COMPLETED
ORD-0196241,R-0447,2025-10-24,16.15,app,pickup,completed
ORD-0196242,R-0447,2025-10-30,14.56,web,delivery,completed
ORD-0196243,R-0447,2025-10-20,19.71,app,delivery,completed
ORD-0196244,R-0447,2025-10-18,20.50,app,pickup,completed
ORD-0196245,R-0447,2025-10-04,20.68,web,delivery,completed
ORD-0196246,R-0447,2025-10-12,19.61,app,pickup,completed
ORD-0196247,R-0447,2025-10-18,22.06,app,delivery,completed
ORD-0196248,R-0447,2025-10-25,46.08,app,delivery,completed
ORD-0196249,R-0447,2025-10-27,14.96,app,delivery,completed
ORD-0196250,R-0447,2025-10-25,17.55,app,pickup,completed
ORD-0196251,R-0447,2025-10-04,14.27,app,delivery,refunded
ORD-0196252,R-0447,2025-10-26,21.84,app,delivery,completed
ORD-0196253,R-0447,2025-10-12,30.75,web,delivery,Completed
ORD-0196254,R-0447,2025-10-07,32.10,app,pickup,Completed
ORD-0196255,R-0447,2025-10-11,17.64,app,pickup,completed
ORD-0196256,R-0447,2025-10-31,23.31,web,pickup,completed
ORD-0196257,R-0447,2025-10-04,18.40,web,pickup,completed
ORD-0196258,R-0447,2025-10-10,33.37,app,delivery,completed
ORD-0196259,R-0447,2025-10-12,14.65,app,delivery,completed
ORD-0196260,R-0447,2025-10-04,14.71,web,delivery,completed
ORD-0196261,R-0447,2025-10-23,31.02,web,pickup,completed
ORD-0196262,R-0447,2025-10-06,15.62,web,pickup,completed
ORD-0196263,R-0447,2025-10-20,18.94,web,pickup,COMPLETED
ORD-0196264,R-0447,2025-10-31,17.04,app,delivery,completed
ORD-0196265,R-0447,2025-10-01,24.72,web,delivery,refunded
ORD-0196266,R-0447,2025-10-10,36.36,app,delivery,Completed
ORD-0196267,R-0447,2025-10-10,40.27,web,pickup,completed
ORD-0196268,R-0447,2025-10-18,26.44,app,delivery,COMPLETED
ORD-0196269,R-0447,2025-10-23,20.15,app,delivery,Completed
ORD-0196270,R-0447,2025-10-12,16.86,web,delivery,cancelled
ORD-0196271,R-0447,2025-10-18,32.21,web,delivery,completed
ORD-0196272,R-0447,2025-10-19,29.32,app,delivery,COMPLETED
ORD-0196273,R-0447,2025-10-30,16.77,web,pickup,completed
ORD-0196274,R-0447,2025-10-18,34.32,app,pickup,completed
ORD-0196275,R-0447,2025-10-31,17.93,app,pickup,completed
ORD-0196276,R-0447,2025-10-28,17.99,app,delivery,completed
ORD-0196277,R-0447,2025-10-05,17.23,web,delivery,completed
ORD-0196278,R-0447,2025-10-04,29.36,web,delivery,completed
ORD-0196279,R-0447,2025-10-23,14.67,app,delivery,completed
ORD-0196280,R-0447,2025-10-09,22.01,app,pickup,completed
ORD-0196281,R-0447,2025-10-18,32.62,web,pickup,COMPLETED
ORD-0196282,R-0447,2025-10-11,18.86,web,pickup,completed
ORD-0196283,R-0447,2025-10-13,17.44,app,delivery,completed
ORD-0196284,R-0447,2025-10-06,13.92,web,delivery,completed
ORD-0196285,R-0447,2025-10-13,13.24,web,pickup,CANCELLED
ORD-0196286,R-0447,2025-10-30,27.12,web,delivery,completed
ORD-0196287,R-0447,2025-10-07,12.45,web,delivery,cancelled
ORD-0196288,R-0447,2025-10-05,25.08,app,delivery,completed
ORD-0196289,R-0447,2025-10-11,17.13,app,delivery,completed
ORD-0196290,R-0447,2025-10-05,28.28,app,pickup,completed
ORD-0196291,R-0447,2025-10-10,25.47,web,delivery,completed
ORD-0196292,R-0447,2025-10-21,29.20,app,delivery,completed
ORD-0196293,R-0447,2025-10-26,22.49,web,delivery,completed
ORD-0196294,R-0447,2025-10-10,22.52,web,delivery,completed
ORD-0196295,R-0447,2025-10-30,19.61,app,delivery,completed
ORD-0196296,R-0447,2025-10-16,27.60,app,pickup,Completed
ORD-0196297,R-0447,2025-10-21,19.93,web,delivery,completed
ORD-0196298,R-0447,2025-10-24,22.37,app,delivery,completed
ORD-0196299,R-0447,2025-10-01,22.32,app,delivery,completed
ORD-0196300,R-0447,2025-10-16,44.88,web,delivery,completed
ORD-0196301,R-0447,2025-10-11,27.87,app,pickup,completed
ORD-0196302,R-0447,2025-10-07,32.09,app,delivery,completed
ORD-0196303,R-0447,2025-10-04,29.37,app,delivery,completed
ORD-0196304,R-0447,2025-10-04,15.98,web,delivery,completed
ORD-0196305,R-0447,2025-10-08,21.90,web,pickup,completed
ORD-0196306,R-0447,2025-10-26,28.40,web,pickup,completed
ORD-0196307,R-0447,2025-10-03,23.09,web,delivery,COMPLETED
ORD-0196308,R-0447,2025-10-14,25.43,web,delivery,completed
ORD-0196309,R-0447,2025-10-15,15.15,web,pickup,completed
ORD-0196310,R-0447,2025-10-06,17.88,web,delivery,completed
ORD-0196311,R-0447,2025-10-04,22.07,app,pickup,completed
ORD-0196312,R-0447,2025-10-03,9.18,web,delivery,completed
ORD-0196313,R-0447,2025-10-27,17.13,app,delivery,completed
ORD-0196314,R-0447,2025-10-03,32.40,app,delivery,completed
ORD-0196315,R-0447,2025-10-02,30.55,web,pickup,completed
ORD-0196316,R-0447,2025-10-11,16.48,app,pickup,completed
ORD-0196317,R-0447,2025-10-11,10.37,web,delivery,completed
ORD-0196318,R-0447,2025-10-22,26.99,app,delivery,completed
ORD-0196319,R-0447,2025-10-15,19.69,app,delivery,completed
ORD-0196320,R-0447,2025-10-06,16.73,app,delivery,completed
ORD-0196321,R-0447,2025-10-09,14.60,app,delivery,completed
ORD-0196322,R-0447,2025-10-26,17.83,app,delivery,completed
ORD-0196323,R-0447,2025-10-30,28.94,web,pickup,completed
ORD-0196324,R-0447,2025-10-23,22.35,app,delivery,completed
ORD-0196325,R-0447,2025-10-25,36.61,app,delivery,completed
ORD-0196326,R-0447,2025-10-06,16.56,web,delivery,completed
ORD-0196327,R-0447,2025-10-03,30.25,web,delivery,completed
ORD-0196328,R-0447,2025-10-25,38.77,app,delivery,completed
ORD-0196329,R-0447,2025-10-26,14.51,web,delivery,completed
ORD-0196330,R-0447,2025-10-15,21.16,app,delivery,completed
ORD-0196331,R-0447,2025-10-14,28.96,web,pickup,completed
ORD-0196332,R-0447,2025-10-05,15.83,app,delivery,completed
ORD-0196333,R-0447,2025-10-01,18.65,app,delivery,completed
ORD-0196334,R-0447,2025-10-16,26.33,app,delivery,completed
ORD-0196335,R-0447,2025-10-21,13.10,app,delivery,completed
ORD-0196336,R-0447,2025-10-04,13.84,web,delivery,completed
ORD-0196337,R-0447,2025-10-31,19.52,web,delivery,completed
ORD-0196338,R-0447,2025-10-12,26.49,app,delivery,completed
ORD-0196339,R-0447,2025-10-01,13.11,web,delivery,completed
ORD-0196340,R-0447,2025-10-04,32.59,web,pickup,completed
ORD-0196341,R-0447,2025-10-20,25.40,app,delivery,completed
ORD-0196342,R-0447,2025-10-11,17.79,app,delivery,completed
ORD-0196343,R-0447,2025-10-30,13.81,web,delivery,completed
ORD-0196344,R-0447,2025-10-18,31.33,web,delivery,completed
ORD-0196345,R-0447,2025-10-25,19.13,app,delivery,completed
ORD-0196346,R-0447,2025-10-03,12.99,web,pickup,completed
ORD-0196347,R-0447,2025-10-21,13.84,web,delivery,completed
ORD-0196348,R-0447,2025-10-17,22.73,web,delivery,completed
ORD-0196349,R-0447,2025-10-04,17.35,web,delivery,completed
ORD-0196350,R-0447,2025-10-12,23.05,web,delivery,COMPLETED
ORD-0196351,R-0447,2025-10-25,32.13,web,delivery,completed
ORD-0196352,R-0447,2025-10-25,11.47,app,delivery,completed
ORD-0196353,R-0447,2025-10-27,31.41,web,delivery,completed
ORD-0196354,R-0447,2025-10-11,17.06,web,delivery,completed
ORD-0196355,R-0447,2025-10-12,34.80,app,delivery,completed
ORD-0196356,R-0447,2025-10-12,18.01,app,delivery,completed
ORD-0196357,R-0447,2025-10-22,23.76,app,delivery,completed
ORD-0196358,R-0447,2025-10-10,13.55,app,delivery,completed
ORD-0196359,R-0447,2025-10-08,21.68,web,delivery,completed
ORD-0196360,R-0447,2025-10-09,23.66,web,delivery,completed
ORD-0196361,R-0447,2025-10-11,19.42,web,delivery,completed
ORD-0196362,R-0447,2025-10-31,32.84,web,delivery,Completed
ORD-0196363,R-0447,2025-10-21,16.05,app,pickup,completed
ORD-0196364,R-0447,2025-10-16,15.84,web,delivery,completed
ORD-0196365,R-0447,2025-10-26,22.41,web,delivery,completed
ORD-0196366,R-0447,2025-10-22,11.31,web,pickup,completed
ORD-0196367,R-0447,2025-10-24,24.89,app,delivery,completed
ORD-0196368,R-0447,2025-10-01,14.54,app,delivery,completed
ORD-0196369,R-0447,2025-10-02,21.66,app,pickup,completed
ORD-0196370,R-0447,2025-10-12,20.47,app,delivery,completed
ORD-0196371,R-0447,2025-10-26,25.62,web,delivery,completed
ORD-0196372,R-0447,2025-10-29,12.27,web,delivery,completed
ORD-0196373,R-0447,2025-10-09,26.28,web,delivery,Completed
ORD-0196374,R-0447,2025-10-24,33.15,web,delivery,Completed
ORD-0196375,R-0447,2025-10-11,32.71,web,delivery,completed
ORD-0196376,R-0447,2025-10-04,43.78,app,pickup,completed
ORD-0196377,R-0447,2025-10-30,27.35,app,delivery,completed
ORD-0196378,R-0447,2025-10-15,18.36,web,delivery,Completed
ORD-0196379,R-0447,2025-10-13,20.15,app,delivery,completed
ORD-0196380,R-0447,2025-10-24,18.63,app,pickup,Completed
ORD-0196381,R-0447,2025-10-11,17.49,app,delivery,completed
ORD-0196382,R-0447,2025-10-10,21.80,app,delivery,completed
ORD-0196383,R-0447,2025-10-28,21.82,app,pickup,completed
ORD-0196384,R-0447,2025-10-21,15.84,app,delivery,completed
ORD-0196385,R-0447,2025-10-23,18.30,app,delivery,COMPLETED
ORD-0196386,R-0447,2025-10-13,15.65,app,delivery,completed
ORD-0196387,R-0447,2025-10-25,23.15,web,delivery,completed
ORD-0196388,R-0447,2025-10-23,20.29,web,delivery,completed
ORD-0196389,R-0447,2025-10-18,23.47,web,delivery,completed
ORD-0196390,R-0447,2025-10-05,20.15,web,delivery,completed
ORD-0196391,R-0447,2025-10-02,17.70,app,delivery,completed
ORD-0196392,R-0447,2025-10-26,21.09,app,delivery,completed
ORD-0196393,R-0447,2025-10-18,25.64,web,delivery,completed
ORD-0196394,R-0447,2025-10-24,15.02,web,delivery,completed
ORD-0196395,R-0447,2025-10-27,14.33,web,delivery,COMPLETED
ORD-0196396,R-0447,2025-10-16,20.23,app,pickup,completed
ORD-0196397,R-0447,2025-10-25,17.14,app,delivery,completed
ORD-0196398,R-0447,2025-10-03,27.24,web,delivery,completed
ORD-0196399,R-0447,2025-10-09,37.81,web,pickup,completed
ORD-0196400,R-0447,2025-10-24,22.42,web,delivery,completed
ORD-0196401,R-0447,2025-10-24,24.34,web,pickup,cancelled
ORD-0199286,R-0450,2025-10-03,20.33,app,delivery,completed
ORD-0199287,R-0450,2025-10-23,13.53,app,delivery,completed
ORD-0199288,R-0450,2025-10-08,18.54,app,delivery,completed
ORD-0199289,R-0450,2025-10-25,19.76,app,pickup,completed
ORD-0199290,R-0450,2025-10-02,18.73,web,pickup,completed
ORD-0199291,R-0450,2025-10-31,35.03,app,pickup,completed
ORD-0199292,R-0450,2025-10-09,23.34,app,delivery,completed
ORD-0199293,R-0450,2025-10-06,30.18,web,delivery,completed
ORD-0199294,R-0450,2025-10-14,17.22,web,delivery,completed
ORD-0199295,R-0450,2025-10-19,17.95,web,delivery,completed
ORD-0199296,R-0450,2025-10-04,24.24,app,delivery,completed
ORD-0199297,R-0450,2025-10-10,44.17,web,delivery,completed
ORD-0199298,R-0450,2025-10-29,22.30,app,delivery,completed
ORD-0199299,R-0450,2025-10-17,30.57,app,pickup,completed
ORD-0199300,R-0450,2025-10-31,26.57,app,pickup,completed
ORD-0199301,R-0450,2025-10-13,53.64,web,delivery,completed
ORD-0199302,R-0450,2025-10-18,16.39,app,delivery,completed
ORD-0199303,R-0450,2025-10-23,17.96,web,pickup,completed
ORD-0199304,R-0450,2025-10-17,30.50,web,delivery,completed
ORD-0199305,R-0450,2025-10-06,26.76,app,pickup,completed
ORD-0199306,R-0450,2025-10-17,30.81,web,delivery,COMPLETED
ORD-0199307,R-0450,2025-10-01,30.26,web,delivery,completed
ORD-0199308,R-0450,2025-10-27,27.87,web,delivery,completed
ORD-0199309,R-0450,2025-10-03,19.43,web,pickup,completed
ORD-0199310,R-0450,2025-10-04,7.66,app,delivery,completed
ORD-0199311,R-0450,2025-10-03,33.21,app,pickup,completed
ORD-0199312,R-0450,2025-10-03,50.48,web,delivery,completed
ORD-0199313,R-0450,2025-10-01,24.06,app,delivery,completed
ORD-0199314,R-0450,2025-10-25,22.97,web,pickup,completed
ORD-0199315,R-0450,2025-10-13,42.74,app,delivery,completed
ORD-0199316,R-0450,2025-10-11,22.74,web,pickup,completed
ORD-0199317,R-0450,2025-10-12,30.03,web,delivery,completed
ORD-0199318,R-0450,2025-10-10,33.78,app,pickup,completed
ORD-0199319,R-0450,2025-10-18,26.79,app,delivery,completed
ORD-0199320,R-0450,2025-10-06,18.49,web,delivery,completed
ORD-0199321,R-0450,2025-10-14,32.10,app,delivery,cancelled
ORD-0199322,R-0450,2025-10-31,24.24,web,pickup,completed
ORD-0199323,R-0450,2025-10-30,20.49,app,delivery,completed
ORD-0199739,R-0451,2025-10-11,36.25,app,pickup,completed
ORD-0199740,R-0451,2025-10-18,51.61,web,delivery,completed
ORD-0199741,R-0451,2025-10-27,46.98,web,pickup,Completed
ORD-0199742,R-0451,2025-10-04,36.75,web,pickup,completed
ORD-0199743,R-0451,2025-10-29,20.30,app,pickup,completed
ORD-0199744,R-0451,2025-10-24,45.79,app,pickup,completed
ORD-0199745,R-0451,2025-10-09,39.07,app,delivery,refunded
ORD-0199746,R-0451,2025-10-01,63.07,app,pickup,completed
ORD-0199747,R-0451,2025-10-12,63.24,app,pickup,completed
ORD-0199748,R-0451,2025-10-23,40.64,app,pickup,completed
ORD-0199749,R-0451,2025-10-11,21.43,app,pickup,completed
ORD-0199750,R-0451,2025-10-17,20.54,web,pickup,Completed
ORD-0199751,R-0451,2025-10-25,37.69,app,pickup,completed
ORD-0199752,R-0451,2025-10-11,34.57,app,delivery,COMPLETED
ORD-0199753,R-0451,2025-10-30,74.19,app,delivery,completed
ORD-0199754,R-0451,2025-10-20,57.08,app,pickup,completed
ORD-0199755,R-0451,2025-10-18,38.50,app,pickup,completed
ORD-0199756,R-0451,2025-10-12,28.98,app,delivery,COMPLETED
ORD-0199757,R-0451,2025-10-17,34.84,app,pickup,completed
ORD-0199758,R-0451,2025-10-24,71.74,app,pickup,Completed
ORD-0199759,R-0451,2025-10-21,33.96,app,delivery,completed
ORD-0199760,R-0451,2025-10-11,75.73,web,delivery,Completed
ORD-0199761,R-0451,2025-10-11,44.90,web,pickup,completed
ORD-0199762,R-0451,2025-10-18,38.33,app,delivery,completed
ORD-0199763,R-0451,2025-10-13,51.54,app,pickup,completed
ORD-0199764,R-0451,2025-10-15,38.18,app,delivery,COMPLETED
ORD-0199765,R-0451,2025-10-04,28.57,app,pickup,completed
ORD-0199766,R-0451,2025-10-31,29.47,web,pickup,completed
ORD-0199767,R-0451,2025-10-22,34.70,app,pickup,completed
ORD-0199768,R-0451,2025-10-10,23.44,app,pickup,completed
ORD-0199769,R-0451,2025-10-22,26.72,app,pickup,COMPLETED
ORD-0199770,R-0451,2025-10-04,23.87,app,pickup,completed
ORD-0199771,R-0451,2025-10-27,29.50,app,pickup,completed
ORD-0199772,R-0451,2025-10-26,62.01,app,delivery,completed
ORD-0199773,R-0451,2025-10-08,20.80,web,pickup,COMPLETED
ORD-0199774,R-0451,2025-10-18,22.05,web,pickup,completed
ORD-0199775,R-0451,2025-10-18,38.00,app,pickup,completed
ORD-0199776,R-0451,2025-10-25,31.57,web,pickup,completed
ORD-0199777,R-0451,2025-10-10,42.83,app,delivery,completed
ORD-0199778,R-0451,2025-10-22,56.03,app,pickup,completed
ORD-0199779,R-0451,2025-10-26,34.93,app,delivery,cancelled
ORD-0199780,R-0451,2025-10-06,33.27,web,pickup,completed
ORD-0199781,R-0451,2025-10-20,33.24,app,pickup,completed
ORD-0199782,R-0451,2025-10-13,17.65,app,pickup,completed
ORD-0199783,R-0451,2025-10-17,88.00,web,pickup,completed
ORD-0199784,R-0451,2025-10-25,22.39,web,delivery,cancelled
ORD-0199785,R-0451,2025-10-04,20.79,app,delivery,completed
ORD-0199786,R-0451,2025-10-18,83.31,app,pickup,Completed
ORD-0199787,R-0451,2025-10-21,18.49,app,delivery,completed
ORD-0199788,R-0451,2025-10-14,21.41,app,pickup,COMPLETED
ORD-0199789,R-0451,2025-10-30,28.57,app,pickup,completed
ORD-0199790,R-0451,2025-10-25,61.27,app,delivery,completed
ORD-0199791,R-0451,2025-10-21,52.33,app,pickup,completed
ORD-0199792,R-0451,2025-10-25,28.53,web,pickup,completed
ORD-0199793,R-0451,2025-10-01,17.59,app,delivery,COMPLETED
ORD-0199794,R-0451,2025-10-03,38.07,app,pickup,completed
ORD-0199795,R-0451,2025-10-16,15.58,web,pickup,completed
ORD-0199796,R-0451,2025-10-03,30.51,app,pickup,completed
ORD-0199797,R-0451,2025-10-27,22.45,app,pickup,completed
ORD-0199798,R-0451,2025-10-26,30.33,app,pickup,completed
ORD-0199799,R-0451,2025-10-18,23.73,web,pickup,completed
ORD-0199800,R-0451,2025-10-18,63.29,web,pickup,completed
ORD-0199801,R-0451,2025-10-20,35.99,app,pickup,completed
ORD-0199802,R-0451,2025-10-03,32.61,web,delivery,completed
ORD-0199803,R-0451,2025-10-05,13.79,app,delivery,cancelled
ORD-0199804,R-0451,2025-10-13,46.73,app,pickup,Completed
ORD-0199805,R-0451,2025-10-18,31.00,app,pickup,completed
ORD-0199806,R-0451,2025-10-21,26.90,app,delivery,completed
ORD-0199807,R-0451,2025-10-10,69.44,web,pickup,COMPLETED
ORD-0199808,R-0451,2025-10-06,36.15,app,pickup,completed
ORD-0199809,R-0451,2025-10-11,44.95,web,delivery,completed
ORD-0199810,R-0451,2025-10-08,44.78,app,delivery,completed
ORD-0199811,R-0451,2025-10-05,38.03,app,pickup,completed
ORD-0199812,R-0451,2025-10-23,33.01,web,pickup,completed
ORD-0199813,R-0451,2025-10-01,28.02,web,delivery,completed
ORD-0199814,R-0451,2025-10-17,38.73,app,pickup,completed
ORD-0199815,R-0451,2025-10-14,25.32,app,delivery,completed
ORD-0199816,R-0451,2025-10-11,49.06,web,delivery,completed
ORD-0199817,R-0451,2025-10-15,66.12,web,pickup,refunded
ORD-0199818,R-0451,2025-10-09,77.33,app,pickup,completed
ORD-0199819,R-0451,2025-10-03,26.77,app,pickup,completed
ORD-0199820,R-0451,2025-10-21,50.41,app,delivery,completed
ORD-0199821,R-0451,2025-10-11,39.73,app,delivery,completed
ORD-0199822,R-0451,2025-10-11,42.74,web,pickup,completed
ORD-0199823,R-0451,2025-10-12,40.44,web,pickup,completed
ORD-0199824,R-0451,2025-10-03,44.26,app,pickup,completed
ORD-0199825,R-0451,2025-10-10,12.35,app,pickup,completed
ORD-0199826,R-0451,2025-10-26,38.61,app,pickup,completed
ORD-0199827,R-0451,2025-10-14,33.00,app,pickup,completed
ORD-0199828,R-0451,2025-10-08,16.26,web,pickup,COMPLETED
ORD-0199829,R-0451,2025-10-10,72.53,web,delivery,completed
ORD-0199830,R-0451,2025-10-28,29.21,app,delivery,completed
ORD-0199831,R-0451,2025-10-10,28.00,web,delivery,completed
ORD-0199832,R-0451,2025-10-24,25.13,web,pickup,completed
ORD-0199833,R-0451,2025-10-01,65.53,web,delivery,Completed
ORD-0199834,R-0451,2025-10-18,47.76,web,pickup,cancelled
ORD-0199835,R-0451,2025-10-25,110.18,app,delivery,completed
ORD-0199836,R-0451,2025-10-05,32.11,app,delivery,completed
ORD-0199837,R-0451,2025-10-04,35.51,web,pickup,completed
ORD-0199838,R-0451,2025-10-25,53.08,web,delivery,completed
ORD-0199839,R-0451,2025-10-17,63.72,web,delivery,completed
ORD-0200914,R-0453,2025-10-01,109.62,web,delivery,completed
ORD-0200915,R-0453,2025-10-06,50.72,app,pickup,completed
ORD-0200916,R-0453,2025-10-30,44.66,app,pickup,completed
ORD-0200917,R-0453,2025-10-14,67.75,app,delivery,completed
ORD-0200918,R-0453,2025-10-20,68.70,web,pickup,completed
ORD-0200919,R-0453,2025-10-24,90.78,app,delivery,completed
ORD-0200920,R-0453,2025-10-20,54.45,app,pickup,completed
ORD-0200921,R-0453,2025-10-10,38.23,web,pickup,completed
ORD-0200922,R-0453,2025-10-24,46.15,app,delivery,completed
ORD-0200923,R-0453,2025-10-22,72.28,app,delivery,completed
ORD-0200924,R-0453,2025-10-27,78.79,web,delivery,completed
ORD-0200925,R-0453,2025-10-04,52.61,web,delivery,completed
ORD-0200926,R-0453,2025-10-25,120.61,web,delivery,COMPLETED
ORD-0200927,R-0453,2025-10-13,73.30,app,delivery,cancelled
ORD-0200928,R-0453,2025-10-26,78.51,app,pickup,completed
ORD-0200929,R-0453,2025-10-12,59.47,app,pickup,completed
ORD-0200930,R-0453,2025-10-11,28.77,app,pickup,completed
ORD-0200931,R-0453,2025-10-31,55.52,web,delivery,completed
ORD-0200932,R-0453,2025-10-06,88.35,app,delivery,completed
ORD-0200933,R-0453,2025-10-12,70.44,app,pickup,completed
ORD-0200934,R-0453,2025-10-04,65.72,app,pickup,Completed
ORD-0200935,R-0453,2025-10-25,48.56,app,pickup,completed
ORD-0200936,R-0453,2025-10-03,41.27,app,delivery,completed
ORD-0200937,R-0453,2025-10-29,67.21,app,delivery,completed
ORD-0201454,R-0454,2025-10-22,17.97,web,delivery,completed
ORD-0201455,R-0454,2025-10-02,19.10,web,pickup,completed
ORD-0201456,R-0454,2025-10-10,24.60,web,pickup,completed
ORD-0201457,R-0454,2025-10-03,27.80,app,pickup,completed
ORD-0201458,R-0454,2025-10-27,31.35,app,delivery,completed
ORD-0201459,R-0454,2025-10-25,26.15,app,delivery,completed
ORD-0201460,R-0454,2025-10-20,28.40,app,pickup,completed
ORD-0201461,R-0454,2025-10-17,16.25,web,pickup,completed
ORD-0201462,R-0454,2025-10-25,21.99,web,delivery,completed
ORD-0201463,R-0454,2025-10-06,26.83,app,delivery,cancelled
ORD-0201464,R-0454,2025-10-17,19.53,app,delivery,completed
ORD-0201465,R-0454,2025-10-22,16.67,app,delivery,completed
ORD-0201466,R-0454,2025-10-23,14.65,web,delivery,completed
ORD-0201467,R-0454,2025-10-23,20.42,web,delivery,COMPLETED
ORD-0201468,R-0454,2025-10-04,27.81,app,delivery,completed
ORD-0201469,R-0454,2025-10-25,41.20,web,delivery,completed
ORD-0201470,R-0454,2025-10-02,43.38,app,delivery,completed
ORD-0201471,R-0454,2025-10-29,36.26,app,delivery,completed
ORD-0201472,R-0454,2025-10-05,27.51,web,delivery,completed
ORD-0201473,R-0454,2025-10-19,19.21,app,pickup,completed
ORD-0201474,R-0454,2025-10-11,19.70,app,delivery,completed
ORD-0201475,R-0454,2025-10-17,35.16,app,pickup,completed
ORD-0201476,R-0454,2025-10-28,42.23,web,delivery,completed
ORD-0201477,R-0454,2025-10-19,26.72,app,delivery,completed
ORD-0201478,R-0454,2025-10-20,36.52,web,delivery,completed
ORD-0201479,R-0454,2025-10-16,52.71,web,delivery,completed
ORD-0201480,R-0454,2025-10-04,36.39,app,delivery,completed
ORD-0201481,R-0454,2025-10-22,40.89,web,delivery,COMPLETED
ORD-0201482,R-0454,2025-10-18,51.33,app,pickup,completed
ORD-0201483,R-0454,2025-10-25,35.73,web,delivery,completed
ORD-0201484,R-0454,2025-10-16,14.91,app,delivery,COMPLETED
ORD-0201485,R-0454,2025-10-04,28.12,app,delivery,completed
ORD-0201486,R-0454,2025-10-31,20.26,app,delivery,completed
ORD-0201487,R-0454,2025-10-25,56.49,web,pickup,completed
ORD-0201488,R-0454,2025-10-25,25.62,web,delivery,Completed
ORD-0201489,R-0454,2025-10-27,15.99,app,delivery,completed
ORD-0201490,R-0454,2025-10-15,31.97,web,delivery,refunded
ORD-0201491,R-0454,2025-10-29,23.17,web,pickup,COMPLETED
ORD-0201492,R-0454,2025-10-26,28.61,app,delivery,cancelled
ORD-0201493,R-0454,2025-10-16,24.11,web,delivery,completed
ORD-0201494,R-0454,2025-10-08,19.50,web,pickup,completed
ORD-0201495,R-0454,2025-10-24,28.33,app,pickup,cancelled
ORD-0201496,R-0454,2025-10-17,37.49,app,delivery,completed
ORD-0201497,R-0454,2025-10-20,42.04,web,delivery,COMPLETED
ORD-0201498,R-0454,2025-10-15,26.08,web,pickup,completed
ORD-0201499,R-0454,2025-10-07,26.26,app,pickup,completed
ORD-0201500,R-0454,2025-10-25,31.57,app,delivery,completed
ORD-0201501,R-0454,2025-10-11,26.43,web,delivery,completed
ORD-0201502,R-0454,2025-10-04,53.86,app,pickup,completed
ORD-0201503,R-0454,2025-10-19,24.59,app,delivery,completed
ORD-0201504,R-0454,2025-10-23,23.35,app,delivery,Completed
ORD-0201505,R-0454,2025-10-04,24.34,web,pickup,completed
ORD-0201506,R-0454,2025-10-06,32.83,web,pickup,completed
ORD-0201507,R-0454,2025-10-31,24.75,app,delivery,COMPLETED
ORD-0201508,R-0454,2025-10-21,40.19,web,delivery,completed
ORD-0201509,R-0454,2025-10-27,47.72,app,pickup,Completed
ORD-0201510,R-0454,2025-10-16,28.29,app,pickup,completed
ORD-0201511,R-0454,2025-10-10,24.99,app,pickup,completed
ORD-0201512,R-0454,2025-10-10,58.73,web,pickup,completed
ORD-0201513,R-0454,2025-10-11,37.40,web,pickup,completed
ORD-0201514,R-0454,2025-10-14,25.74,web,pickup,completed
ORD-0201515,R-0454,2025-10-31,32.02,app,delivery,COMPLETED
ORD-0201516,R-0454,2025-10-17,36.50,app,delivery,completed
ORD-0201517,R-0454,2025-10-19,29.65,app,delivery,completed
ORD-0201518,R-0454,2025-10-01,33.89,app,delivery,COMPLETED
ORD-0201519,R-0454,2025-10-03,37.66,web,delivery,completed
ORD-0201520,R-0454,2025-10-12,31.83,web,pickup,completed
ORD-0201521,R-0454,2025-10-11,27.76,web,delivery,completed
ORD-0201522,R-0454,2025-10-17,39.41,web,delivery,completed
ORD-0201523,R-0454,2025-10-18,70.05,app,delivery,completed
ORD-0201524,R-0454,2025-10-20,24.39,app,delivery,completed
ORD-0201525,R-0454,2025-10-24,22.07,app,pickup,completed
ORD-0201526,R-0454,2025-10-31,34.43,app,delivery,completed
ORD-0201527,R-0454,2025-10-09,20.80,web,pickup,completed
ORD-0202283,R-0455,2025-10-17,43.11,web,delivery,completed
ORD-0202284,R-0455,2025-10-10,20.75,web,delivery,completed
ORD-0202285,R-0455,2025-10-06,29.67,web,delivery,completed
ORD-0202286,R-0455,2025-10-28,18.00,app,delivery,completed
ORD-0202287,R-0455,2025-10-15,37.03,web,delivery,completed
ORD-0202288,R-0455,2025-10-23,17.32,app,delivery,completed
ORD-0202289,R-0455,2025-10-11,24.75,app,delivery,completed
ORD-0202290,R-0455,2025-10-18,27.77,app,delivery,completed
ORD-0202291,R-0455,2025-10-19,32.20,app,delivery,completed
ORD-0202292,R-0455,2025-10-18,22.21,app,delivery,completed
ORD-0202293,R-0455,2025-10-17,43.46,web,delivery,completed
ORD-0202294,R-0455,2025-10-31,29.09,app,pickup,completed
ORD-0202295,R-0455,2025-10-16,32.03,web,delivery,completed
ORD-0202296,R-0455,2025-10-30,20.76,app,delivery,completed
ORD-0202297,R-0455,2025-10-17,30.64,web,pickup,completed
ORD-0202298,R-0455,2025-10-05,19.98,web,delivery,completed
ORD-0202299,R-0455,2025-10-23,25.85,app,delivery,completed
ORD-0202300,R-0455,2025-10-08,18.77,app,delivery,completed
ORD-0202301,R-0455,2025-10-31,39.83,app,delivery,completed
ORD-0202302,R-0455,2025-10-19,22.65,app,delivery,completed
ORD-0202303,R-0455,2025-10-12,54.06,web,delivery,completed
ORD-0202304,R-0455,2025-10-05,23.98,web,delivery,completed
ORD-0202305,R-0455,2025-10-31,19.53,web,delivery,completed
ORD-0202306,R-0455,2025-10-27,25.90,app,delivery,completed
ORD-0202307,R-0455,2025-10-18,42.42,web,delivery,completed
ORD-0202308,R-0455,2025-10-02,19.04,app,delivery,COMPLETED
ORD-0202309,R-0455,2025-10-30,32.29,web,pickup,completed
ORD-0202310,R-0455,2025-10-19,31.60,web,pickup,completed
ORD-0202311,R-0455,2025-10-24,34.51,web,delivery,completed
ORD-0202312,R-0455,2025-10-02,18.82,app,delivery,completed
ORD-0202313,R-0455,2025-10-16,56.94,web,pickup,completed
ORD-0202314,R-0455,2025-10-21,23.90,app,delivery,completed
ORD-0202315,R-0455,2025-10-17,24.16,web,delivery,completed
ORD-0202316,R-0455,2025-10-24,34.56,app,delivery,completed
ORD-0202317,R-0455,2025-10-20,17.59,web,delivery,COMPLETED
ORD-0202318,R-0455,2025-10-06,25.78,app,delivery,completed
ORD-0202319,R-0455,2025-10-31,32.60,app,delivery,COMPLETED
ORD-0202320,R-0455,2025-10-27,32.57,web,pickup,cancelled
ORD-0202321,R-0455,2025-10-10,33.81,app,delivery,completed
ORD-0202322,R-0455,2025-10-10,26.86,app,pickup,completed
ORD-0202323,R-0455,2025-10-12,28.77,web,delivery,completed
ORD-0202324,R-0455,2025-10-12,17.34,app,delivery,completed
ORD-0202325,R-0455,2025-10-20,22.00,web,pickup,completed
ORD-0202326,R-0455,2025-10-09,17.37,web,delivery,completed
ORD-0202327,R-0455,2025-10-12,31.40,web,delivery,Completed
ORD-0202328,R-0455,2025-10-10,29.16,web,delivery,completed
ORD-0202329,R-0455,2025-10-03,23.21,app,delivery,completed
ORD-0202330,R-0455,2025-10-09,23.80,web,delivery,completed
ORD-0202331,R-0455,2025-10-21,29.12,app,delivery,completed
ORD-0202332,R-0455,2025-10-21,33.76,web,delivery,completed
ORD-0202333,R-0455,2025-10-14,31.08,app,delivery,completed
ORD-0202334,R-0455,2025-10-23,27.76,app,delivery,completed
ORD-0202335,R-0455,2025-10-16,17.57,web,delivery,completed
ORD-0202336,R-0455,2025-10-04,31.84,app,pickup,completed
ORD-0202337,R-0455,2025-10-19,20.82,web,delivery,completed
ORD-0202338,R-0455,2025-10-04,49.53,app,delivery,completed
ORD-0202339,R-0455,2025-10-09,30.93,web,pickup,COMPLETED
ORD-0202340,R-0455,2025-10-17,29.83,web,delivery,completed
ORD-0202341,R-0455,2025-10-24,48.07,app,delivery,completed
ORD-0202342,R-0455,2025-10-02,24.92,web,delivery,completed
ORD-0202343,R-0455,2025-10-30,32.59,app,delivery,completed
ORD-0202344,R-0455,2025-10-21,24.43,app,delivery,completed
ORD-0202345,R-0455,2025-10-24,24.16,app,delivery,completed
ORD-0202346,R-0455,2025-10-17,37.36,app,delivery,completed
ORD-0202347,R-0455,2025-10-04,25.83,web,delivery,completed
ORD-0202348,R-0455,2025-10-25,32.07,app,delivery,completed
ORD-0202349,R-0455,2025-10-18,25.02,web,delivery,completed
ORD-0202350,R-0455,2025-10-19,19.80,web,delivery,completed
ORD-0202351,R-0455,2025-10-30,17.30,app,delivery,COMPLETED
ORD-0202352,R-0455,2025-10-19,36.25,web,delivery,Completed
ORD-0202353,R-0455,2025-10-11,46.48,web,delivery,completed
ORD-0202354,R-0455,2025-10-18,29.41,app,delivery,completed
ORD-0202355,R-0455,2025-10-25,32.36,app,delivery,completed
ORD-0202356,R-0455,2025-10-23,33.41,web,delivery,completed
ORD-0202357,R-0455,2025-10-29,19.94,app,delivery,completed
ORD-0202358,R-0455,2025-10-15,23.39,web,delivery,Completed
ORD-0202359,R-0455,2025-10-05,22.68,web,delivery,Completed
ORD-0202360,R-0455,2025-10-18,30.42,web,delivery,completed
ORD-0202361,R-0455,2025-10-17,18.64,app,delivery,completed
ORD-0202362,R-0455,2025-10-18,41.62,web,delivery,completed
ORD-0202363,R-0455,2025-10-21,24.97,app,delivery,completed
ORD-0202364,R-0455,2025-10-23,24.26,app,pickup,completed
ORD-0202365,R-0455,2025-10-28,25.19,web,delivery,completed
ORD-0202366,R-0455,2025-10-20,15.63,app,delivery,completed
ORD-0202367,R-0455,2025-10-07,21.77,web,delivery,completed
ORD-0202368,R-0455,2025-10-18,44.59,web,delivery,Completed
ORD-0202369,R-0455,2025-10-02,22.81,app,delivery,COMPLETED
ORD-0202370,R-0455,2025-10-13,18.43,app,delivery,completed
ORD-0202371,R-0455,2025-10-18,36.18,app,pickup,Completed
ORD-0202372,R-0455,2025-10-07,25.97,web,delivery,completed
ORD-0202373,R-0455,2025-10-10,25.25,app,delivery,completed
ORD-0202374,R-0455,2025-10-04,29.27,web,delivery,Completed
ORD-0202375,R-0455,2025-10-02,17.90,app,delivery,refunded
ORD-0202376,R-0455,2025-10-17,30.47,app,delivery,completed
ORD-0202377,R-0455,2025-10-13,30.31,web,delivery,completed
ORD-0202378,R-0455,2025-10-18,25.33,web,delivery,completed
ORD-0202379,R-0455,2025-10-10,36.00,web,delivery,completed
ORD-0202380,R-0455,2025-10-02,27.37,web,pickup,completed
ORD-0202381,R-0455,2025-10-30,28.93,app,delivery,completed
ORD-0202382,R-0455,2025-10-03,52.58,app,delivery,completed
ORD-0202383,R-0455,2025-10-30,20.08,app,delivery,completed
ORD-0202384,R-0455,2025-10-28,28.37,web,delivery,completed
ORD-0202385,R-0455,2025-10-31,27.24,web,delivery,COMPLETED
ORD-0202386,R-0455,2025-10-17,21.21,app,delivery,Completed
ORD-0206083,R-0464,2025-10-22,34.19,app,delivery,completed
ORD-0206084,R-0464,2025-10-02,73.95,web,delivery,completed
ORD-0206085,R-0464,2025-10-25,51.49,web,pickup,completed
ORD-0206086,R-0464,2025-10-11,62.39,app,delivery,completed
ORD-0206087,R-0464,2025-10-16,46.97,app,pickup,completed
ORD-0206088,R-0464,2025-10-04,55.63,web,delivery,completed
ORD-0206089,R-0464,2025-10-10,50.70,app,delivery,completed
ORD-0206090,R-0464,2025-10-19,49.08,app,pickup,COMPLETED
ORD-0206091,R-0464,2025-10-12,61.01,web,pickup,COMPLETED
ORD-0206092,R-0464,2025-10-09,24.62,app,pickup,completed
ORD-0206093,R-0464,2025-10-15,68.36,app,delivery,completed
ORD-0206094,R-0464,2025-10-25,48.88,app,pickup,completed
ORD-0206095,R-0464,2025-10-10,57.13,app,delivery,completed
ORD-0206096,R-0464,2025-10-25,64.27,web,pickup,completed
ORD-0206097,R-0464,2025-10-30,70.52,web,delivery,completed
ORD-0206098,R-0464,2025-10-29,39.27,app,delivery,completed
ORD-0206099,R-0464,2025-10-04,56.23,app,delivery,completed
ORD-0206100,R-0464,2025-10-11,52.37,web,pickup,completed
ORD-0206101,R-0464,2025-10-03,64.21,web,delivery,completed
ORD-0206102,R-0464,2025-10-06,38.70,app,delivery,completed
ORD-0206103,R-0464,2025-10-17,91.65,web,delivery,completed
ORD-0206104,R-0464,2025-10-21,41.15,app,delivery,completed
ORD-0206105,R-0464,2025-10-11,37.35,app,delivery,completed
ORD-0206106,R-0464,2025-10-17,60.19,app,delivery,completed
ORD-0206107,R-0464,2025-10-09,41.29,web,delivery,completed
ORD-0206108,R-0464,2025-10-17,45.26,web,delivery,COMPLETED
ORD-0206109,R-0464,2025-10-19,43.52,web,delivery,completed
ORD-0206110,R-0464,2025-10-11,64.98,web,delivery,completed
ORD-0206111,R-0464,2025-10-11,59.98,app,pickup,completed
ORD-0206112,R-0464,2025-10-31,136.25,web,delivery,completed
ORD-0206113,R-0464,2025-10-11,94.41,app,delivery,completed
ORD-0206114,R-0464,2025-10-13,34.24,app,delivery,completed
ORD-0206115,R-0464,2025-10-17,60.28,app,delivery,completed
ORD-0206116,R-0464,2025-10-31,80.59,app,pickup,completed
ORD-0206846,R-0466,2025-10-24,15.91,web,delivery,Completed
ORD-0206847,R-0466,2025-10-21,32.99,web,delivery,Completed
ORD-0206848,R-0466,2025-10-09,17.94,web,delivery,completed
ORD-0206849,R-0466,2025-10-15,19.14,web,delivery,Completed
ORD-0206850,R-0466,2025-10-25,35.81,app,delivery,completed
ORD-0206851,R-0466,2025-10-19,19.50,app,delivery,completed
ORD-0206852,R-0466,2025-10-27,12.11,web,delivery,cancelled
ORD-0206853,R-0466,2025-10-14,20.86,app,delivery,completed
ORD-0206854,R-0466,2025-10-02,19.26,web,delivery,COMPLETED
ORD-0206855,R-0466,2025-10-06,19.11,app,delivery,completed
ORD-0206856,R-0466,2025-10-04,23.86,web,delivery,completed
ORD-0206857,R-0466,2025-10-24,19.01,web,delivery,completed
ORD-0206858,R-0466,2025-10-07,30.60,app,delivery,completed
ORD-0206859,R-0466,2025-10-02,18.99,web,delivery,completed
ORD-0206860,R-0466,2025-10-29,28.21,app,delivery,completed
ORD-0206861,R-0466,2025-10-29,29.67,web,delivery,completed
ORD-0206862,R-0466,2025-10-24,41.74,web,delivery,completed
ORD-0206863,R-0466,2025-10-26,25.73,app,delivery,completed
ORD-0206864,R-0466,2025-10-14,37.00,app,delivery,Completed
ORD-0206865,R-0466,2025-10-04,26.99,web,delivery,Completed
ORD-0206866,R-0466,2025-10-10,24.81,web,delivery,Completed
ORD-0206867,R-0466,2025-10-12,30.49,app,delivery,COMPLETED
ORD-0206868,R-0466,2025-10-19,27.77,web,delivery,completed
ORD-0206869,R-0466,2025-10-17,41.09,web,delivery,COMPLETED
ORD-0206870,R-0466,2025-10-25,27.46,web,delivery,completed
ORD-0206871,R-0466,2025-10-16,22.30,web,delivery,completed
ORD-0206872,R-0466,2025-10-23,27.85,web,delivery,completed
ORD-0206873,R-0466,2025-10-24,31.30,web,delivery,completed
ORD-0206874,R-0466,2025-10-18,27.78,web,delivery,completed
ORD-0206875,R-0466,2025-10-10,30.66,web,delivery,COMPLETED
ORD-0206876,R-0466,2025-10-21,15.92,web,delivery,completed
ORD-0206877,R-0466,2025-10-31,54.23,app,delivery,completed
ORD-0206878,R-0466,2025-10-05,27.87,app,delivery,completed
ORD-0206879,R-0466,2025-10-26,45.31,web,delivery,cancelled
ORD-0206880,R-0466,2025-10-05,15.29,web,delivery,completed
ORD-0206881,R-0466,2025-10-23,22.21,web,delivery,completed
ORD-0206882,R-0466,2025-10-27,22.08,web,delivery,completed
ORD-0206883,R-0466,2025-10-05,29.32,web,delivery,Completed
ORD-0206884,R-0466,2025-10-30,29.52,web,delivery,completed
ORD-0206885,R-0466,2025-10-22,18.27,web,delivery,completed
ORD-0206886,R-0466,2025-10-07,38.60,web,delivery,completed
ORD-0206887,R-0466,2025-10-25,48.52,web,delivery,completed
ORD-0206888,R-0466,2025-10-10,28.13,web,delivery,completed
ORD-0206889,R-0466,2025-10-03,23.80,web,delivery,completed
ORD-0206890,R-0466,2025-10-26,30.45,web,delivery,completed
ORD-0206891,R-0466,2025-10-04,35.71,web,delivery,completed
ORD-0206892,R-0466,2025-10-28,39.41,app,delivery,completed
ORD-0206893,R-0466,2025-10-08,29.49,web,delivery,completed
ORD-0206894,R-0466,2025-10-11,25.79,web,delivery,completed
ORD-0206895,R-0466,2025-10-23,22.29,web,delivery,completed
ORD-0206896,R-0466,2025-10-05,35.36,web,delivery,completed
ORD-0206897,R-0466,2025-10-25,47.77,web,pickup,completed
ORD-0206898,R-0466,2025-10-20,16.54,web,delivery,completed
ORD-0206899,R-0466,2025-10-13,32.69,web,delivery,completed
ORD-0206900,R-0466,2025-10-17,18.92,web,delivery,completed
ORD-0206901,R-0466,2025-10-16,20.44,web,pickup,completed
ORD-0207075,R-0467,2025-10-29,18.05,web,delivery,cancelled
ORD-0207076,R-0467,2025-10-29,45.76,web,pickup,completed
ORD-0207077,R-0467,2025-10-31,16.23,app,pickup,completed
ORD-0207078,R-0467,2025-10-26,36.37,app,pickup,completed
ORD-0207079,R-0467,2025-10-26,19.83,app,pickup,completed
ORD-0207117,R-0468,2025-10-09,35.75,web,pickup,completed
ORD-0207118,R-0468,2025-10-28,29.47,web,delivery,completed
ORD-0207119,R-0468,2025-10-01,29.02,web,delivery,completed
ORD-0207120,R-0468,2025-10-22,33.41,web,pickup,completed
ORD-0207121,R-0468,2025-10-17,15.95,app,delivery,completed
ORD-0207122,R-0468,2025-10-23,37.64,web,delivery,completed
ORD-0207123,R-0468,2025-10-18,46.68,app,pickup,completed
ORD-0207124,R-0468,2025-10-13,23.33,web,pickup,completed
ORD-0207125,R-0468,2025-10-03,46.28,app,delivery,completed
ORD-0207126,R-0468,2025-10-26,28.61,web,pickup,completed
ORD-0207127,R-0468,2025-10-10,44.17,app,pickup,completed
ORD-0207231,R-0469,2025-10-31,23.39,app,pickup,completed
ORD-0207232,R-0469,2025-10-31,47.52,app,pickup,completed
ORD-0207670,R-0470,2025-10-08,17.50,app,delivery,completed
ORD-0207671,R-0470,2025-10-22,15.41,app,delivery,completed
ORD-0207672,R-0470,2025-10-25,26.43,web,delivery,completed
ORD-0207673,R-0470,2025-10-15,26.07,web,delivery,completed
ORD-0207674,R-0470,2025-10-06,46.59,web,delivery,cancelled
ORD-0207675,R-0470,2025-10-18,47.94,app,delivery,completed
ORD-0207676,R-0470,2025-10-30,24.53,app,pickup,completed
ORD-0207677,R-0470,2025-10-16,25.99,app,delivery,completed
ORD-0207678,R-0470,2025-10-20,21.25,web,delivery,cancelled
ORD-0207679,R-0470,2025-10-11,65.40,app,delivery,completed
ORD-0207680,R-0470,2025-10-10,17.43,app,delivery,completed
ORD-0207681,R-0470,2025-10-17,16.08,web,delivery,completed
ORD-0208188,R-0472,2025-10-29,26.99,web,delivery,completed
ORD-0208189,R-0472,2025-10-29,24.33,app,delivery,Completed
ORD-0208190,R-0472,2025-10-25,15.81,app,delivery,completed
ORD-0208191,R-0472,2025-10-23,39.33,web,delivery,completed
ORD-0208192,R-0472,2025-10-04,27.51,web,delivery,cancelled
ORD-0208193,R-0472,2025-10-31,20.03,app,delivery,completed
ORD-0208194,R-0472,2025-10-03,24.37,web,delivery,completed
ORD-0208195,R-0472,2025-10-25,22.48,web,delivery,completed
ORD-0208196,R-0472,2025-10-04,27.39,app,pickup,COMPLETED
ORD-0208197,R-0472,2025-10-19,37.18,web,delivery,completed
ORD-0208198,R-0472,2025-10-11,57.36,app,delivery,completed
ORD-0208199,R-0472,2025-10-25,25.89,app,delivery,completed
ORD-0208200,R-0472,2025-10-05,46.96,app,delivery,completed
ORD-0208201,R-0472,2025-10-29,45.68,web,pickup,completed
ORD-0208202,R-0472,2025-10-27,48.34,web,delivery,completed
ORD-0208203,R-0472,2025-10-31,38.22,web,pickup,completed
ORD-0208204,R-0472,2025-10-03,27.58,app,delivery,completed
ORD-0208205,R-0472,2025-10-05,24.06,web,delivery,cancelled
ORD-0208206,R-0472,2025-10-31,26.81,web,delivery,completed
ORD-0208207,R-0472,2025-10-25,20.70,web,delivery,completed
ORD-0208208,R-0472,2025-10-03,52.16,web,delivery,completed
ORD-0208209,R-0472,2025-10-23,17.22,app,pickup,Completed
ORD-0208210,R-0472,2025-10-18,13.48,web,delivery,Completed
ORD-0208211,R-0472,2025-10-08,31.56,app,delivery,completed
ORD-0208212,R-0472,2025-10-09,19.24,web,delivery,completed
ORD-0208213,R-0472,2025-10-04,24.94,web,pickup,completed
ORD-0208214,R-0472,2025-10-02,23.39,app,pickup,completed
ORD-0208215,R-0472,2025-10-30,31.71,app,delivery,completed
ORD-0208216,R-0472,2025-10-18,27.01,web,delivery,completed
ORD-0208217,R-0472,2025-10-19,22.97,app,pickup,completed
ORD-0208218,R-0472,2025-10-07,29.90,web,delivery,completed
ORD-0208219,R-0472,2025-10-04,14.69,web,pickup,completed
ORD-0208220,R-0472,2025-10-16,30.17,web,pickup,completed
ORD-0208221,R-0472,2025-10-18,40.00,web,delivery,completed
ORD-0208222,R-0472,2025-10-17,25.79,web,pickup,completed
ORD-0208223,R-0472,2025-10-04,24.42,app,delivery,cancelled
ORD-0208224,R-0472,2025-10-13,42.95,app,pickup,completed
ORD-0208225,R-0472,2025-10-19,16.61,web,delivery,completed
ORD-0208226,R-0472,2025-10-07,90.48,app,delivery,COMPLETED
ORD-0208227,R-0472,2025-10-04,21.34,app,delivery,completed
ORD-0208228,R-0472,2025-10-29,29.66,app,delivery,COMPLETED
ORD-0208229,R-0472,2025-10-24,52.97,app,pickup,completed
ORD-0208230,R-0472,2025-10-19,62.16,app,delivery,completed
ORD-0208231,R-0472,2025-10-06,31.49,web,delivery,completed
ORD-0208232,R-0472,2025-10-19,30.61,web,pickup,completed
ORD-0208233,R-0472,2025-10-12,87.39,app,delivery,completed
ORD-0208234,R-0472,2025-10-07,31.56,app,pickup,completed
ORD-0208235,R-0472,2025-10-29,33.48,app,pickup,completed
ORD-0208236,R-0472,2025-10-30,19.36,app,delivery,completed
ORD-0208237,R-0472,2025-10-22,16.13,app,delivery,completed
ORD-0208238,R-0472,2025-10-03,14.10,app,pickup,completed
ORD-0208239,R-0472,2025-10-26,29.61,web,pickup,completed
ORD-0208240,R-0472,2025-10-15,36.21,web,delivery,Completed
ORD-0208241,R-0472,2025-10-30,19.86,app,pickup,REFUNDED
ORD-0208242,R-0472,2025-10-30,20.16,web,delivery,completed
ORD-0208243,R-0472,2025-10-08,26.67,web,delivery,COMPLETED
ORD-0208244,R-0472,2025-10-25,20.40,app,delivery,cancelled
ORD-0208245,R-0472,2025-10-12,20.78,app,delivery,completed
ORD-0208246,R-0472,2025-10-24,37.75,app,delivery,completed
ORD-0208247,R-0472,2025-10-17,44.31,web,delivery,completed
ORD-0210913,R-0483,2025-10-29,20.70,app,delivery,refunded
ORD-0210914,R-0483,2025-10-25,19.00,app,pickup,completed
ORD-0210915,R-0483,2025-10-31,38.64,app,delivery,completed
ORD-0210916,R-0483,2025-10-20,20.61,web,delivery,completed
ORD-0210917,R-0483,2025-10-21,37.22,web,delivery,completed
ORD-0210918,R-0483,2025-10-25,56.77,web,delivery,completed
ORD-0210919,R-0483,2025-10-30,57.36,web,pickup,completed
ORD-0210920,R-0483,2025-10-29,48.86,app,delivery,cancelled
ORD-0210921,R-0483,2025-10-31,29.82,app,delivery,completed
ORD-0210922,R-0483,2025-10-20,32.47,web,delivery,completed
ORD-0210923,R-0483,2025-10-22,24.49,web,delivery,completed
ORD-0210924,R-0483,2025-10-26,41.61,web,delivery,completed
ORD-0210925,R-0483,2025-10-20,58.40,web,delivery,completed
ORD-0212272,R-0487,2025-10-17,68.08,app,delivery,completed
ORD-0212273,R-0487,2025-10-19,23.38,web,pickup,completed
ORD-0212274,R-0487,2025-10-11,28.39,web,pickup,refunded
ORD-0212275,R-0487,2025-10-10,19.26,app,delivery,completed
ORD-0212276,R-0487,2025-10-30,15.46,web,delivery,completed
ORD-0212277,R-0487,2025-10-22,31.86,web,pickup,completed
ORD-0212278,R-0487,2025-10-03,25.26,web,pickup,completed
ORD-0212279,R-0487,2025-10-29,47.94,app,delivery,completed
ORD-0212280,R-0487,2025-10-04,58.49,app,delivery,completed
ORD-0212281,R-0487,2025-10-11,20.42,web,delivery,completed
ORD-0212282,R-0487,2025-10-31,57.81,web,pickup,completed
ORD-0212283,R-0487,2025-10-30,27.10,app,pickup,completed
ORD-0212284,R-0487,2025-10-12,43.60,app,pickup,completed
ORD-0212285,R-0487,2025-10-08,26.91,app,delivery,completed
ORD-0212286,R-0487,2025-10-23,26.07,web,delivery,completed
ORD-0212287,R-0487,2025-10-12,18.46,web,pickup,completed
ORD-0212288,R-0487,2025-10-17,28.54,web,delivery,completed
ORD-0212289,R-0487,2025-10-20,29.02,web,pickup,completed
ORD-0212290,R-0487,2025-10-23,31.59,web,pickup,completed
ORD-0212291,R-0487,2025-10-13,29.43,app,pickup,COMPLETED
ORD-0212609,R-0488,2025-10-25,25.86,app,delivery,Completed
ORD-0212610,R-0488,2025-10-20,24.15,app,pickup,completed
ORD-0212611,R-0488,2025-10-20,36.91,app,pickup,completed
ORD-0212612,R-0488,2025-10-20,26.55,app,pickup,completed
ORD-0212613,R-0488,2025-10-17,25.74,app,delivery,completed
ORD-0212614,R-0488,2025-10-18,28.93,app,pickup,completed
ORD-0212615,R-0488,2025-10-13,34.47,web,delivery,completed
ORD-0212616,R-0488,2025-10-21,28.29,web,delivery,completed
ORD-0212617,R-0488,2025-10-29,24.57,app,delivery,completed
ORD-0212618,R-0488,2025-10-27,18.49,web,delivery,completed
ORD-0212619,R-0488,2025-10-12,20.44,app,pickup,completed
ORD-0212620,R-0488,2025-10-18,41.95,app,delivery,completed
ORD-0212621,R-0488,2025-10-03,25.80,app,pickup,COMPLETED
ORD-0212622,R-0488,2025-10-25,25.09,app,delivery,completed
ORD-0212623,R-0488,2025-10-01,46.33,web,pickup,completed
ORD-0212624,R-0488,2025-10-26,31.91,app,delivery,Completed
ORD-0212625,R-0488,2025-10-18,20.82,app,pickup,COMPLETED
ORD-0212626,R-0488,2025-10-11,27.47,web,delivery,cancelled
ORD-0212627,R-0488,2025-10-08,29.18,app,delivery,completed
ORD-0212628,R-0488,2025-10-24,29.49,app,pickup,completed
ORD-0212629,R-0488,2025-10-26,29.96,web,delivery,completed
ORD-0212630,R-0488,2025-10-09,27.33,web,delivery,completed
ORD-0212631,R-0488,2025-10-22,23.79,web,pickup,completed
ORD-0212632,R-0488,2025-10-01,30.24,web,delivery,completed
ORD-0212633,R-0488,2025-10-22,29.38,web,delivery,completed
ORD-0212634,R-0488,2025-10-24,42.80,app,delivery,completed
ORD-0212635,R-0488,2025-10-21,23.46,app,delivery,completed
ORD-0212636,R-0488,2025-10-06,23.78,app,delivery,completed
ORD-0212637,R-0488,2025-10-11,37.89,app,pickup,completed
ORD-0213744,R-0491,2025-10-05,32.53,app,pickup,Completed
ORD-0213745,R-0491,2025-10-04,42.01,app,pickup,completed
ORD-0213746,R-0491,2025-10-01,31.89,app,pickup,completed
ORD-0213747,R-0491,2025-10-11,26.62,app,pickup,completed
ORD-0213748,R-0491,2025-10-05,42.98,web,pickup,cancelled
ORD-0213749,R-0491,2025-10-11,27.29,web,pickup,completed
ORD-0213750,R-0491,2025-10-03,21.09,web,pickup,completed
ORD-0213751,R-0491,2025-10-23,26.26,app,pickup,completed
ORD-0213752,R-0491,2025-10-24,34.89,app,delivery,completed
ORD-0213753,R-0491,2025-10-16,27.80,web,pickup,completed
ORD-0213754,R-0491,2025-10-27,21.47,app,pickup,completed
ORD-0213755,R-0491,2025-10-16,43.58,app,pickup,completed
ORD-0213756,R-0491,2025-10-08,22.43,app,pickup,completed
ORD-0213757,R-0491,2025-10-19,33.38,app,pickup,completed
ORD-0213758,R-0491,2025-10-12,12.98,app,pickup,completed
ORD-0213759,R-0491,2025-10-07,29.61,web,pickup,completed
ORD-0213760,R-0491,2025-10-13,26.58,app,delivery,completed
ORD-0213761,R-0491,2025-10-10,22.42,app,delivery,Completed
ORD-0213762,R-0491,2025-10-03,20.10,web,pickup,completed
ORD-0213763,R-0491,2025-10-25,21.87,app,pickup,completed
ORD-0213764,R-0491,2025-10-01,15.33,app,pickup,completed
ORD-0213765,R-0491,2025-10-28,17.88,web,pickup,completed
ORD-0213766,R-0491,2025-10-08,20.88,web,delivery,COMPLETED
ORD-0213767,R-0491,2025-10-24,16.67,app,delivery,completed
ORD-0213768,R-0491,2025-10-09,35.52,app,pickup,completed
ORD-0213769,R-0491,2025-10-21,25.64,app,pickup,completed
ORD-0213770,R-0491,2025-10-09,13.84,app,pickup,completed
ORD-0213771,R-0491,2025-10-19,15.91,web,pickup,refunded
ORD-0213772,R-0491,2025-10-31,28.85,app,pickup,completed
ORD-0213773,R-0491,2025-10-17,31.22,app,pickup,cancelled
ORD-0213774,R-0491,2025-10-19,18.65,app,pickup,completed
ORD-0213775,R-0491,2025-10-02,23.48,app,pickup,completed
ORD-0213776,R-0491,2025-10-16,28.39,app,pickup,completed
ORD-0213777,R-0491,2025-10-21,28.98,web,pickup,completed
ORD-0213778,R-0491,2025-10-01,30.28,app,delivery,completed
ORD-0213779,R-0491,2025-10-25,34.00,app,delivery,completed
ORD-0213780,R-0491,2025-10-07,23.19,app,pickup,COMPLETED
ORD-0213781,R-0491,2025-10-18,21.20,app,pickup,completed
ORD-0213782,R-0491,2025-10-30,31.72,app,pickup,completed
ORD-0213783,R-0491,2025-10-27,18.73,web,pickup,completed
ORD-0213784,R-0491,2025-10-02,16.26,app,pickup,COMPLETED
ORD-0213785,R-0491,2025-10-02,27.01,app,pickup,completed
ORD-0213786,R-0491,2025-10-27,17.15,app,pickup,cancelled
ORD-0213787,R-0491,2025-10-25,32.18,web,pickup,completed
ORD-0213788,R-0491,2025-10-15,17.45,app,pickup,completed
ORD-0213789,R-0491,2025-10-17,35.89,app,pickup,completed
ORD-0213790,R-0491,2025-10-30,15.53,web,pickup,completed
ORD-0213791,R-0491,2025-10-08,35.72,web,pickup,completed
ORD-0213792,R-0491,2025-10-14,21.89,app,pickup,completed
ORD-0213793,R-0491,2025-10-31,33.18,app,pickup,completed
ORD-0213794,R-0491,2025-10-03,27.94,web,pickup,completed
ORD-0213795,R-0491,2025-10-19,16.34,app,pickup,completed
ORD-0213796,R-0491,2025-10-10,42.92,app,pickup,completed
ORD-0213797,R-0491,2025-10-17,34.23,web,delivery,completed
ORD-0213798,R-0491,2025-10-24,49.13,web,delivery,completed
ORD-0213799,R-0491,2025-10-07,15.66,app,pickup,completed
ORD-0213800,R-0491,2025-10-12,23.61,app,pickup,completed
ORD-0213801,R-0491,2025-10-02,21.94,app,pickup,completed
ORD-0213802,R-0491,2025-10-02,18.09,web,delivery,completed
ORD-0213803,R-0491,2025-10-01,12.87,app,pickup,completed
ORD-0213804,R-0491,2025-10-06,17.97,app,pickup,completed
ORD-0213805,R-0491,2025-10-08,25.99,web,pickup,completed
ORD-0213806,R-0491,2025-10-21,22.28,app,pickup,completed
ORD-0213807,R-0491,2025-10-05,21.60,app,pickup,completed
ORD-0213808,R-0491,2025-10-29,30.05,web,pickup,completed
ORD-0213809,R-0491,2025-10-04,27.45,web,pickup,completed
ORD-0213810,R-0491,2025-10-24,30.07,app,delivery,completed
ORD-0213811,R-0491,2025-10-04,34.51,web,pickup,completed
ORD-0215171,R-0495,2025-10-06,54.51,web,pickup,completed
ORD-0215172,R-0495,2025-10-30,63.05,web,pickup,completed
ORD-0215173,R-0495,2025-10-30,41.91,web,pickup,COMPLETED
ORD-0215174,R-0495,2025-10-04,68.57,app,pickup,completed
ORD-0215175,R-0495,2025-10-14,41.43,web,delivery,completed
ORD-0215176,R-0495,2025-10-31,56.95,app,pickup,completed
ORD-0215177,R-0495,2025-10-30,77.52,app,delivery,completed
ORD-0215178,R-0495,2025-10-03,48.90,app,delivery,COMPLETED
ORD-0215179,R-0495,2025-10-22,39.29,app,pickup,completed
ORD-0215180,R-0495,2025-10-03,65.34,web,delivery,completed
ORD-0215181,R-0495,2025-10-26,66.03,app,pickup,completed
ORD-0215182,R-0495,2025-10-15,45.36,app,delivery,completed
ORD-0215183,R-0495,2025-10-05,73.95,web,delivery,completed
ORD-0215184,R-0495,2025-10-30,48.85,web,pickup,COMPLETED
ORD-0215185,R-0495,2025-10-29,63.27,app,delivery,cancelled
ORD-0215186,R-0495,2025-10-24,77.10,app,pickup,completed
ORD-0215187,R-0495,2025-10-16,71.45,web,pickup,refunded
ORD-0215188,R-0495,2025-10-16,53.07,app,delivery,completed
ORD-0215189,R-0495,2025-10-27,23.98,web,pickup,completed
ORD-0215190,R-0495,2025-10-02,35.59,app,pickup,completed
ORD-0215191,R-0495,2025-10-31,78.65,app,pickup,completed
ORD-0215192,R-0495,2025-10-06,66.99,web,pickup,completed
ORD-0215193,R-0495,2025-10-04,48.21,app,pickup,completed
ORD-0215194,R-0495,2025-10-10,44.46,app,delivery,completed
ORD-0215195,R-0495,2025-10-12,167.01,app,delivery,completed
ORD-0215196,R-0495,2025-10-12,50.97,app,pickup,completed
ORD-0215197,R-0495,2025-10-22,38.59,web,delivery,completed
ORD-0215198,R-0495,2025-10-29,55.58,web,delivery,completed
ORD-0215199,R-0495,2025-10-02,31.09,web,delivery,completed
ORD-0215200,R-0495,2025-10-27,38.19,web,pickup,completed
ORD-0215201,R-0495,2025-10-24,44.08,web,pickup,completed
ORD-0215202,R-0495,2025-10-05,54.75,web,delivery,completed
ORD-0215203,R-0495,2025-10-21,25.80,app,delivery,completed
ORD-0215204,R-0495,2025-10-02,52.92,web,pickup,completed
ORD-0215205,R-0495,2025-10-05,45.85,app,pickup,Completed
ORD-0215206,R-0495,2025-10-15,33.17,app,pickup,completed
ORD-0215207,R-0495,2025-10-13,41.48,app,delivery,completed
ORD-0215208,R-0495,2025-10-25,139.60,app,pickup,completed
ORD-0215209,R-0495,2025-10-04,86.48,app,delivery,completed
ORD-0215210,R-0495,2025-10-08,51.09,app,delivery,completed
ORD-0215211,R-0495,2025-10-23,53.71,app,delivery,refunded
ORD-0215212,R-0495,2025-10-12,42.38,web,pickup,completed
ORD-0215213,R-0495,2025-10-01,55.17,app,pickup,Completed
ORD-0215214,R-0495,2025-10-23,47.88,app,delivery,completed
ORD-0215215,R-0495,2025-10-08,67.06,app,pickup,COMPLETED
ORD-0215216,R-0495,2025-10-07,61.10,app,delivery,completed
ORD-0215217,R-0495,2025-10-04,63.61,web,pickup,completed
ORD-0215218,R-0495,2025-10-24,35.09,app,pickup,completed
ORD-0216289,R-0501,2025-10-28,29.51,app,delivery,completed
ORD-0216290,R-0501,2025-10-18,41.78,web,delivery,completed
ORD-0216291,R-0501,2025-10-21,31.88,app,delivery,completed
ORD-0216292,R-0501,2025-10-31,20.60,app,pickup,completed
ORD-0216293,R-0501,2025-10-18,24.05,app,delivery,completed
ORD-0216294,R-0501,2025-10-05,25.50,app,delivery,completed
ORD-0216295,R-0501,2025-10-26,19.33,web,delivery,completed
ORD-0216296,R-0501,2025-10-22,23.76,app,pickup,completed
ORD-0216297,R-0501,2025-10-16,19.68,web,delivery,completed
ORD-0216298,R-0501,2025-10-12,31.53,app,pickup,completed
ORD-0216299,R-0501,2025-10-18,23.45,web,delivery,completed
ORD-0216300,R-0501,2025-10-14,28.89,web,pickup,completed
ORD-0216301,R-0501,2025-10-23,29.01,web,delivery,completed
ORD-0216302,R-0501,2025-10-10,29.26,app,delivery,refunded
ORD-0216303,R-0501,2025-10-28,38.38,app,pickup,completed
ORD-0216304,R-0501,2025-10-11,32.95,app,delivery,completed
ORD-0216305,R-0501,2025-10-03,31.27,app,pickup,completed
ORD-0216306,R-0501,2025-10-01,32.32,app,pickup,completed
ORD-0216307,R-0501,2025-10-16,17.65,web,pickup,completed
ORD-0216308,R-0501,2025-10-24,29.82,app,delivery,completed
ORD-0216309,R-0501,2025-10-17,21.20,app,delivery,completed
ORD-0216310,R-0501,2025-10-10,42.17,web,pickup,COMPLETED
ORD-0216311,R-0501,2025-10-28,23.51,app,delivery,completed
ORD-0216312,R-0501,2025-10-21,20.03,app,pickup,completed
ORD-0216313,R-0501,2025-10-04,28.14,app,delivery,completed
ORD-0216314,R-0501,2025-10-12,24.77,app,delivery,completed
ORD-0216315,R-0501,2025-10-30,19.81,app,pickup,completed
ORD-0216316,R-0501,2025-10-21,13.59,app,delivery,Completed
ORD-0216317,R-0501,2025-10-14,22.89,app,pickup,completed
ORD-0216318,R-0501,2025-10-25,39.08,web,delivery,completed
ORD-0216319,R-0501,2025-10-15,15.69,app,pickup,cancelled
ORD-0216320,R-0501,2025-10-26,30.30,app,delivery,completed
ORD-0216321,R-0501,2025-10-25,25.05,web,pickup,completed
ORD-0216322,R-0501,2025-10-20,22.83,app,pickup,Completed
ORD-0216323,R-0501,2025-10-13,27.82,app,delivery,completed
ORD-0216324,R-0501,2025-10-24,29.85,web,delivery,completed
ORD-0216325,R-0501,2025-10-26,24.02,web,delivery,completed
ORD-0216326,R-0501,2025-10-27,30.03,web,delivery,completed
ORD-0216327,R-0501,2025-10-04,35.58,app,delivery,completed
ORD-0216328,R-0501,2025-10-10,30.96,app,delivery,completed
ORD-0216329,R-0501,2025-10-11,37.75,app,delivery,completed
ORD-0216330,R-0501,2025-10-28,30.94,app,delivery,completed
ORD-0216331,R-0501,2025-10-08,25.78,app,pickup,completed
ORD-0216332,R-0501,2025-10-09,29.00,app,pickup,completed
ORD-0216333,R-0501,2025-10-28,40.10,app,delivery,COMPLETED
ORD-0216334,R-0501,2025-10-22,27.93,web,delivery,completed
ORD-0216335,R-0501,2025-10-23,40.32,web,pickup,Completed
ORD-0216336,R-0501,2025-10-03,42.32,web,delivery,completed
ORD-0216337,R-0501,2025-10-23,33.83,app,pickup,cancelled
ORD-0216338,R-0501,2025-10-31,20.63,web,delivery,completed
ORD-0216339,R-0501,2025-10-06,23.07,web,delivery,completed
ORD-0216340,R-0501,2025-10-24,27.70,app,delivery,completed
ORD-0216341,R-0501,2025-10-26,22.41,app,delivery,completed
ORD-0216342,R-0501,2025-10-17,34.01,app,pickup,completed
ORD-0216343,R-0501,2025-10-17,41.81,app,delivery,completed
ORD-0216344,R-0501,2025-10-11,19.13,app,delivery,completed
ORD-0216345,R-0501,2025-10-08,25.45,app,delivery,completed
ORD-0216346,R-0501,2025-10-18,18.77,app,delivery,completed
ORD-0216347,R-0501,2025-10-31,32.27,app,delivery,completed
ORD-0216348,R-0501,2025-10-22,17.39,app,pickup,completed
ORD-0216349,R-0501,2025-10-18,26.90,app,delivery,completed
ORD-0216350,R-0501,2025-10-11,25.55,web,delivery,completed
ORD-0216351,R-0501,2025-10-03,22.00,web,delivery,completed
ORD-0216352,R-0501,2025-10-11,18.20,app,delivery,completed
ORD-0216353,R-0501,2025-10-07,24.80,app,delivery,COMPLETED
ORD-0216354,R-0501,2025-10-28,27.28,app,delivery,completed
ORD-0216355,R-0501,2025-10-02,24.72,app,delivery,COMPLETED
ORD-0216356,R-0501,2025-10-30,23.44,web,delivery,completed
ORD-0216357,R-0501,2025-10-26,27.31,app,delivery,completed
ORD-0216358,R-0501,2025-10-15,17.92,app,delivery,completed
ORD-0216359,R-0501,2025-10-12,28.91,web,delivery,completed
ORD-0216360,R-0501,2025-10-20,19.07,app,delivery,cancelled
ORD-0216361,R-0501,2025-10-09,40.99,app,delivery,completed
ORD-0216362,R-0501,2025-10-31,27.36,app,delivery,completed
ORD-0216363,R-0501,2025-10-06,23.42,app,delivery,completed
ORD-0216364,R-0501,2025-10-25,19.76,app,delivery,completed
ORD-0216365,R-0501,2025-10-11,27.63,app,delivery,completed
ORD-0216366,R-0501,2025-10-21,33.75,web,delivery,Completed
ORD-0216367,R-0501,2025-10-11,20.21,web,delivery,COMPLETED
ORD-0216368,R-0501,2025-10-24,20.47,web,delivery,completed
ORD-0216369,R-0501,2025-10-22,18.92,app,delivery,COMPLETED
ORD-0216370,R-0501,2025-10-11,20.63,web,delivery,completed
ORD-0216371,R-0501,2025-10-23,25.20,app,delivery,completed
ORD-0216372,R-0501,2025-10-11,26.27,app,delivery,COMPLETED
ORD-0216373,R-0501,2025-10-17,21.76,app,pickup,Completed
ORD-0216374,R-0501,2025-10-16,25.08,app,delivery,completed
ORD-0216375,R-0501,2025-10-05,23.27,app,delivery,completed
ORD-0216376,R-0501,2025-10-31,29.27,app,delivery,completed
ORD-0217773,R-0502,2025-10-17,24.19,app,delivery,completed
ORD-0217774,R-0502,2025-10-05,54.74,app,delivery,completed
ORD-0217775,R-0502,2025-10-09,21.71,app,pickup,completed
ORD-0217776,R-0502,2025-10-17,30.23,app,delivery,completed
ORD-0217777,R-0502,2025-10-17,47.33,app,pickup,Completed
ORD-0217778,R-0502,2025-10-07,22.32,app,pickup,COMPLETED
ORD-0217779,R-0502,2025-10-18,40.47,app,delivery,completed
ORD-0217780,R-0502,2025-10-08,23.09,web,pickup,completed
ORD-0217781,R-0502,2025-10-28,23.93,app,delivery,completed
ORD-0217782,R-0502,2025-10-02,37.64,web,delivery,completed
ORD-0217783,R-0502,2025-10-28,50.75,web,delivery,completed
ORD-0217784,R-0502,2025-10-18,35.29,web,pickup,completed
ORD-0218626,R-0507,2025-10-25,17.64,app,delivery,completed
ORD-0218627,R-0507,2025-10-16,18.82,app,pickup,completed
ORD-0218628,R-0507,2025-10-25,45.09,app,delivery,completed
ORD-0218629,R-0507,2025-10-26,20.95,app,delivery,completed
ORD-0218630,R-0507,2025-10-18,34.06,app,delivery,completed
ORD-0218631,R-0507,2025-10-30,15.44,app,pickup,completed
ORD-0218632,R-0507,2025-10-25,19.61,app,pickup,completed
ORD-0218633,R-0507,2025-10-30,30.25,app,delivery,completed
ORD-0218634,R-0507,2025-10-31,26.10,app,delivery,completed
ORD-0218635,R-0507,2025-10-25,39.25,app,pickup,completed
ORD-0218636,R-0507,2025-10-23,33.61,app,delivery,completed
ORD-0218637,R-0507,2025-10-26,18.79,app,pickup,completed
ORD-0218638,R-0507,2025-10-28,14.17,web,delivery,completed
ORD-0218639,R-0507,2025-10-18,26.98,app,delivery,completed
ORD-0218984,R-0510,2025-10-12,54.75,web,pickup,COMPLETED
ORD-0218985,R-0510,2025-10-02,46.28,web,pickup,completed
ORD-0218986,R-0510,2025-10-19,25.59,app,delivery,COMPLETED
ORD-0218987,R-0510,2025-10-07,57.94,web,pickup,Completed
ORD-0218988,R-0510,2025-10-23,57.12,app,delivery,completed
ORD-0218989,R-0510,2025-10-21,51.91,app,pickup,completed
ORD-0218990,R-0510,2025-10-23,88.79,app,delivery,completed
ORD-0218991,R-0510,2025-10-03,49.59,app,delivery,completed
ORD-0218992,R-0510,2025-10-12,62.87,app,delivery,completed
ORD-0218993,R-0510,2025-10-18,47.70,web,delivery,COMPLETED
ORD-0218994,R-0510,2025-10-02,48.99,app,delivery,completed
ORD-0218995,R-0510,2025-10-16,42.02,app,pickup,cancelled
ORD-0219404,R-0512,2025-10-27,43.41,web,delivery,COMPLETED
ORD-0219405,R-0512,2025-10-09,60.12,web,delivery,completed
ORD-0219406,R-0512,2025-10-19,118.20,app,delivery,completed
ORD-0219407,R-0512,2025-10-30,81.60,app,delivery,completed
ORD-0219408,R-0512,2025-10-25,77.02,web,delivery,COMPLETED
ORD-0219409,R-0512,2025-10-17,92.29,app,delivery,completed
ORD-0219410,R-0512,2025-10-02,79.04,app,delivery,completed
ORD-0219411,R-0512,2025-10-25,38.91,app,delivery,completed
ORD-0219412,R-0512,2025-10-06,91.43,app,delivery,Completed
ORD-0219413,R-0512,2025-10-24,78.12,app,pickup,completed
ORD-0219414,R-0512,2025-10-24,94.70,web,delivery,completed
ORD-0219415,R-0512,2025-10-29,50.34,web,delivery,completed
ORD-0219416,R-0512,2025-10-02,31.34,web,delivery,completed
ORD-0219417,R-0512,2025-10-07,67.98,web,pickup,cancelled
ORD-0219418,R-0512,2025-10-10,48.93,web,delivery,completed
ORD-0219419,R-0512,2025-10-15,66.35,web,delivery,completed
ORD-0219420,R-0512,2025-10-22,76.16,app,delivery,COMPLETED
ORD-0220013,R-0513,2025-10-16,33.27,web,delivery,completed
ORD-0220014,R-0513,2025-10-27,18.34,app,delivery,completed
ORD-0220015,R-0513,2025-10-21,28.64,app,pickup,completed
ORD-0220016,R-0513,2025-10-18,24.72,app,delivery,Completed
ORD-0220017,R-0513,2025-10-24,20.21,app,delivery,completed
ORD-0220018,R-0513,2025-10-23,23.48,app,delivery,completed
ORD-0220019,R-0513,2025-10-20,34.56,app,delivery,completed
ORD-0220020,R-0513,2025-10-16,17.64,app,delivery,completed
ORD-0220021,R-0513,2025-10-25,15.70,app,delivery,completed
ORD-0220022,R-0513,2025-10-11,25.27,app,delivery,completed
ORD-0220023,R-0513,2025-10-11,18.01,app,pickup,completed
ORD-0220024,R-0513,2025-10-25,24.73,app,pickup,completed
ORD-0220025,R-0513,2025-10-26,22.98,app,delivery,completed
ORD-0220026,R-0513,2025-10-15,25.23,app,delivery,refunded
ORD-0220027,R-0513,2025-10-09,31.06,web,delivery,completed
ORD-0220028,R-0513,2025-10-02,20.12,app,pickup,completed
ORD-0220029,R-0513,2025-10-29,27.14,web,delivery,completed
ORD-0220030,R-0513,2025-10-13,16.42,app,delivery,completed
ORD-0220031,R-0513,2025-10-26,25.53,web,delivery,completed
ORD-0220032,R-0513,2025-10-24,18.26,app,pickup,completed
ORD-0220033,R-0513,2025-10-05,33.92,web,delivery,completed
ORD-0220034,R-0513,2025-10-05,19.19,app,delivery,completed
ORD-0220035,R-0513,2025-10-10,33.21,app,delivery,completed
ORD-0220036,R-0513,2025-10-11,26.64,app,delivery,Completed
ORD-0220037,R-0513,2025-10-18,24.32,app,pickup,completed
ORD-0220038,R-0513,2025-10-11,27.44,app,delivery,completed
ORD-0220039,R-0513,2025-10-23,23.34,app,delivery,completed
ORD-0220040,R-0513,2025-10-11,23.98,app,delivery,completed
ORD-0220041,R-0513,2025-10-05,27.30,app,pickup,completed
ORD-0220042,R-0513,2025-10-15,31.62,app,delivery,Completed
ORD-0220043,R-0513,2025-10-20,28.43,app,delivery,completed
ORD-0220044,R-0513,2025-10-28,29.09,app,delivery,completed
ORD-0220045,R-0513,2025-10-28,38.16,web,pickup,Completed
ORD-0220046,R-0513,2025-10-06,20.73,app,pickup,Completed
ORD-0220047,R-0513,2025-10-23,21.02,app,delivery,completed
ORD-0220048,R-0513,2025-10-25,25.47,app,delivery,completed
ORD-0220049,R-0513,2025-10-04,31.56,app,delivery,completed
ORD-0220050,R-0513,2025-10-07,44.40,app,delivery,completed
ORD-0220051,R-0513,2025-10-25,15.08,app,delivery,completed
ORD-0220052,R-0513,2025-10-05,33.34,app,delivery,COMPLETED
ORD-0220053,R-0513,2025-10-28,26.72,web,delivery,COMPLETED
ORD-0220054,R-0513,2025-10-14,20.40,web,pickup,Completed
ORD-0220055,R-0513,2025-10-30,10.70,web,delivery,completed
ORD-0220056,R-0513,2025-10-10,22.52,web,delivery,completed
ORD-0220057,R-0513,2025-10-01,23.51,app,delivery,completed
ORD-0220058,R-0513,2025-10-21,50.49,app,pickup,completed
ORD-0220059,R-0513,2025-10-21,17.33,web,pickup,completed
ORD-0220060,R-0513,2025-10-17,19.69,app,delivery,completed
ORD-0220061,R-0513,2025-10-24,38.53,app,delivery,completed
ORD-0220062,R-0513,2025-10-26,21.05,app,pickup,completed
ORD-0220063,R-0513,2025-10-17,15.83,web,delivery,completed
ORD-0220064,R-0513,2025-10-25,22.80,app,delivery,completed
ORD-0220065,R-0513,2025-10-20,37.16,web,delivery,COMPLETED
ORD-0220066,R-0513,2025-10-11,23.99,web,delivery,Completed
ORD-0220067,R-0513,2025-10-03,27.28,app,pickup,completed
ORD-0220068,R-0513,2025-10-20,19.93,web,delivery,completed
ORD-0220069,R-0513,2025-10-24,20.51,app,delivery,completed
ORD-0220070,R-0513,2025-10-17,28.11,app,delivery,completed
ORD-0220071,R-0513,2025-10-15,24.06,app,delivery,completed
ORD-0220072,R-0513,2025-10-29,23.23,app,delivery,COMPLETED
ORD-0220073,R-0513,2025-10-26,19.89,app,delivery,completed
ORD-0220074,R-0513,2025-10-01,27.78,web,delivery,COMPLETED
ORD-0220075,R-0513,2025-10-09,18.16,app,delivery,completed
ORD-0220076,R-0513,2025-10-17,38.55,app,delivery,completed
ORD-0220077,R-0513,2025-10-21,14.61,web,delivery,completed
ORD-0220078,R-0513,2025-10-22,13.16,app,pickup,completed
ORD-0220079,R-0513,2025-10-09,26.45,app,pickup,completed
ORD-0220080,R-0513,2025-10-27,19.68,app,delivery,completed
ORD-0220081,R-0513,2025-10-28,24.53,app,delivery,completed
ORD-0220082,R-0513,2025-10-11,30.69,web,delivery,completed
ORD-0220083,R-0513,2025-10-16,21.03,app,delivery,completed
ORD-0220084,R-0513,2025-10-09,18.66,app,pickup,cancelled
ORD-0220085,R-0513,2025-10-17,43.82,web,pickup,completed
ORD-0220086,R-0513,2025-10-08,20.47,web,delivery,completed
ORD-0220087,R-0513,2025-10-13,29.72,web,delivery,completed
ORD-0220088,R-0513,2025-10-30,27.44,app,delivery,completed
ORD-0220089,R-0513,2025-10-17,17.21,app,pickup,completed
ORD-0220090,R-0513,2025-10-18,24.00,web,delivery,completed
ORD-0220091,R-0513,2025-10-28,18.95,app,delivery,completed
ORD-0220092,R-0513,2025-10-26,17.71,app,pickup,COMPLETED
ORD-0220093,R-0513,2025-10-25,33.38,app,delivery,completed
ORD-0220094,R-0513,2025-10-09,20.06,app,delivery,completed
ORD-0220095,R-0513,2025-10-31,18.73,app,delivery,completed
ORD-0220096,R-0513,2025-10-27,22.45,app,delivery,completed
ORD-0220097,R-0513,2025-10-09,30.58,app,pickup,completed
ORD-0220098,R-0513,2025-10-20,21.06,app,delivery,completed
ORD-0220099,R-0513,2025-10-30,36.30,web,delivery,COMPLETED
ORD-0220100,R-0513,2025-10-06,20.13,app,delivery,cancelled
ORD-0220101,R-0513,2025-10-14,22.43,app,delivery,COMPLETED
ORD-0220102,R-0513,2025-10-11,18.57,app,pickup,completed
ORD-0220103,R-0513,2025-10-18,24.64,app,delivery,completed
ORD-0220104,R-0513,2025-10-24,23.72,app,delivery,completed
ORD-0220105,R-0513,2025-10-16,17.62,app,delivery,completed
ORD-0220106,R-0513,2025-10-28,34.48,web,pickup,completed
ORD-0220107,R-0513,2025-10-16,31.56,app,delivery,completed
ORD-0220108,R-0513,2025-10-10,13.04,web,pickup,completed
ORD-0220109,R-0513,2025-10-19,23.23,app,pickup,cancelled
ORD-0220110,R-0513,2025-10-06,22.71,app,pickup,completed
ORD-0220111,R-0513,2025-10-13,34.93,web,delivery,Completed
ORD-0220112,R-0513,2025-10-03,27.60,app,delivery,completed
ORD-0220113,R-0513,2025-10-24,28.49,app,pickup,cancelled
ORD-0220114,R-0513,2025-10-31,13.44,app,delivery,completed
ORD-0220115,R-0513,2025-10-03,29.89,web,delivery,COMPLETED
ORD-0220116,R-0513,2025-10-25,33.14,web,delivery,completed
ORD-0220117,R-0513,2025-10-31,16.23,app,delivery,completed
ORD-0220118,R-0513,2025-10-09,13.82,app,delivery,completed
ORD-0220119,R-0513,2025-10-27,24.91,app,delivery,completed
ORD-0220120,R-0513,2025-10-10,20.78,web,delivery,completed
ORD-0220121,R-0513,2025-10-21,14.54,app,pickup,completed
ORD-0220122,R-0513,2025-10-31,17.66,app,pickup,completed
ORD-0220123,R-0513,2025-10-15,35.41,app,delivery,completed
ORD-0220124,R-0513,2025-10-10,27.49,app,delivery,completed
ORD-0220125,R-0513,2025-10-22,22.75,app,delivery,completed
ORD-0220126,R-0513,2025-10-30,42.07,app,delivery,COMPLETED
ORD-0220127,R-0513,2025-10-24,31.80,app,delivery,completed
ORD-0220128,R-0513,2025-10-30,19.93,web,delivery,COMPLETED
ORD-0220129,R-0513,2025-10-23,17.66,app,delivery,completed
ORD-0220130,R-0513,2025-10-11,20.88,app,delivery,completed
ORD-0220131,R-0513,2025-10-11,24.04,web,pickup,completed
ORD-0220132,R-0513,2025-10-03,18.60,app,delivery,Completed
ORD-0220133,R-0513,2025-10-29,14.15,app,delivery,completed
ORD-0220134,R-0513,2025-10-30,20.40,app,pickup,COMPLETED
ORD-0220135,R-0513,2025-10-26,23.17,web,delivery,completed
ORD-0220136,R-0513,2025-10-07,22.81,web,pickup,Completed
ORD-0220137,R-0513,2025-10-28,15.67,app,delivery,Completed
ORD-0220138,R-0513,2025-10-04,17.27,app,pickup,completed
ORD-0220139,R-0513,2025-10-08,15.79,app,delivery,completed
ORD-0220140,R-0513,2025-10-15,23.21,app,delivery,completed
ORD-0220141,R-0513,2025-10-06,24.32,app,delivery,completed
ORD-0220142,R-0513,2025-10-30,25.14,app,delivery,completed
ORD-0220143,R-0513,2025-10-07,23.45,app,delivery,cancelled
ORD-0220144,R-0513,2025-10-16,20.72,web,delivery,completed
ORD-0220145,R-0513,2025-10-11,51.05,app,delivery,completed
ORD-0220146,R-0513,2025-10-03,27.57,web,pickup,completed
ORD-0220147,R-0513,2025-10-23,18.89,web,delivery,completed
ORD-0220148,R-0513,2025-10-12,27.71,app,delivery,completed
ORD-0220149,R-0513,2025-10-24,19.95,app,delivery,COMPLETED
ORD-0220150,R-0513,2025-10-09,28.70,app,pickup,completed
ORD-0220151,R-0513,2025-10-10,28.77,web,delivery,completed
ORD-0220152,R-0513,2025-10-17,31.44,app,delivery,completed
ORD-0220153,R-0513,2025-10-12,22.75,app,pickup,completed
ORD-0220154,R-0513,2025-10-12,28.97,app,pickup,completed
ORD-0220155,R-0513,2025-10-13,20.37,app,delivery,COMPLETED
ORD-0220156,R-0513,2025-10-07,24.25,app,delivery,COMPLETED
ORD-0220157,R-0513,2025-10-25,22.55,app,pickup,cancelled
ORD-0220158,R-0513,2025-10-21,20.98,app,delivery,completed
ORD-0220159,R-0513,2025-10-03,22.61,app,delivery,completed
ORD-0220160,R-0513,2025-10-28,34.18,app,delivery,refunded
ORD-0220161,R-0513,2025-10-04,21.44,app,delivery,completed
ORD-0220162,R-0513,2025-10-10,34.98,web,pickup,completed
ORD-0220163,R-0513,2025-10-03,22.80,web,pickup,completed
ORD-0220164,R-0513,2025-10-25,24.82,web,delivery,Completed
ORD-0220165,R-0513,2025-10-02,14.38,app,delivery,completed
ORD-0220166,R-0513,2025-10-19,26.49,app,pickup,completed
ORD-0220167,R-0513,2025-10-15,33.50,web,delivery,completed
ORD-0220168,R-0513,2025-10-02,21.92,app,delivery,completed
ORD-0220169,R-0513,2025-10-11,37.34,web,delivery,cancelled
ORD-0220170,R-0513,2025-10-31,49.87,app,delivery,completed
ORD-0221437,R-0514,2025-10-22,37.96,app,delivery,completed
ORD-0221438,R-0514,2025-10-11,24.64,app,pickup,completed
ORD-0221439,R-0514,2025-10-17,22.70,app,delivery,completed
ORD-0221440,R-0514,2025-10-11,39.84,app,delivery,completed
ORD-0221441,R-0514,2025-10-24,43.79,app,delivery,completed
ORD-0221442,R-0514,2025-10-20,52.45,app,delivery,completed
ORD-0221443,R-0514,2025-10-25,34.41,app,pickup,completed
ORD-0221444,R-0514,2025-10-18,18.70,app,delivery,cancelled
ORD-0221445,R-0514,2025-10-13,16.22,app,delivery,completed
ORD-0221446,R-0514,2025-10-13,20.89,app,delivery,COMPLETED
ORD-0221447,R-0514,2025-10-25,20.19,app,delivery,completed
ORD-0221448,R-0514,2025-10-26,22.26,web,delivery,completed
ORD-0221449,R-0514,2025-10-24,51.34,web,delivery,COMPLETED
ORD-0221450,R-0514,2025-10-12,28.96,app,delivery,completed
ORD-0222186,R-0518,2025-10-01,31.63,app,delivery,completed
ORD-0222187,R-0518,2025-10-29,47.22,app,delivery,completed
ORD-0222188,R-0518,2025-10-27,31.39,web,pickup,completed
ORD-0222189,R-0518,2025-10-26,36.35,web,delivery,completed
ORD-0222190,R-0518,2025-10-10,35.63,web,delivery,completed
ORD-0222191,R-0518,2025-10-10,36.98,app,pickup,completed
ORD-0222192,R-0518,2025-10-30,28.79,web,delivery,completed
ORD-0222193,R-0518,2025-10-03,26.75,web,pickup,completed
ORD-0222194,R-0518,2025-10-09,46.73,web,pickup,completed
ORD-0222195,R-0518,2025-10-02,27.91,app,delivery,completed
ORD-0222196,R-0518,2025-10-07,25.69,app,delivery,completed
ORD-0222197,R-0518,2025-10-30,22.15,web,delivery,Completed
ORD-0222198,R-0518,2025-10-16,28.54,app,pickup,completed
ORD-0222199,R-0518,2025-10-04,31.53,app,pickup,COMPLETED
ORD-0222200,R-0518,2025-10-10,17.06,web,delivery,completed
ORD-0222747,R-0519,2025-10-25,10.12,app,delivery,cancelled
ORD-0222748,R-0519,2025-10-18,34.84,app,delivery,COMPLETED
ORD-0222749,R-0519,2025-10-14,11.05,app,delivery,completed
ORD-0222750,R-0519,2025-10-23,20.09,app,delivery,completed
ORD-0222751,R-0519,2025-10-12,19.37,app,pickup,completed
ORD-0222752,R-0519,2025-10-31,32.37,web,delivery,completed
ORD-0222753,R-0519,2025-10-11,14.29,app,pickup,COMPLETED
ORD-0222754,R-0519,2025-10-04,13.19,app,delivery,completed
ORD-0222755,R-0519,2025-10-04,18.47,app,delivery,completed
ORD-0222756,R-0519,2025-10-03,19.17,app,pickup,completed
ORD-0222757,R-0519,2025-10-21,13.87,web,delivery,Completed
ORD-0222758,R-0519,2025-10-18,32.13,app,pickup,completed
ORD-0222759,R-0519,2025-10-24,13.55,app,delivery,completed
ORD-0222760,R-0519,2025-10-19,25.26,web,pickup,completed
ORD-0222761,R-0519,2025-10-31,24.53,app,delivery,completed
ORD-0222762,R-0519,2025-10-11,24.40,app,delivery,completed
ORD-0222763,R-0519,2025-10-21,11.68,web,delivery,completed
ORD-0222764,R-0519,2025-10-04,10.39,app,pickup,completed
ORD-0222765,R-0519,2025-10-20,20.33,app,delivery,completed
ORD-0222766,R-0519,2025-10-22,13.76,app,delivery,completed
ORD-0222767,R-0519,2025-10-28,24.84,web,pickup,Completed
ORD-0222768,R-0519,2025-10-02,7.76,app,pickup,refunded
ORD-0222769,R-0519,2025-10-28,22.80,web,delivery,completed
ORD-0222770,R-0519,2025-10-22,8.46,web,delivery,completed
ORD-0222771,R-0519,2025-10-30,12.49,web,delivery,completed
ORD-0222772,R-0519,2025-10-12,15.70,app,pickup,Completed
ORD-0222773,R-0519,2025-10-02,22.37,web,pickup,completed
ORD-0222774,R-0519,2025-10-20,8.28,web,pickup,completed
ORD-0222775,R-0519,2025-10-02,19.28,app,delivery,completed
ORD-0222776,R-0519,2025-10-05,11.78,web,delivery,completed
ORD-0222777,R-0519,2025-10-25,21.97,web,delivery,completed
ORD-0222778,R-0519,2025-10-07,20.13,web,delivery,completed
ORD-0222779,R-0519,2025-10-02,12.30,app,delivery,completed
ORD-0222780,R-0519,2025-10-19,11.14,app,delivery,completed
ORD-0222781,R-0519,2025-10-25,21.88,app,delivery,completed
ORD-0222782,R-0519,2025-10-31,15.13,web,delivery,completed
ORD-0222783,R-0519,2025-10-26,24.52,app,delivery,completed
ORD-0222784,R-0519,2025-10-11,29.08,web,delivery,completed
ORD-0222785,R-0519,2025-10-17,22.22,app,delivery,completed
ORD-0222786,R-0519,2025-10-18,10.49,app,delivery,completed
ORD-0222787,R-0519,2025-10-23,12.38,app,delivery,completed
ORD-0222788,R-0519,2025-10-16,22.13,app,delivery,completed
ORD-0222789,R-0519,2025-10-24,29.16,app,pickup,completed
ORD-0222790,R-0519,2025-10-12,24.36,web,delivery,COMPLETED
ORD-0222791,R-0519,2025-10-03,13.39,app,delivery,completed
ORD-0222792,R-0519,2025-10-24,15.37,app,delivery,completed
ORD-0222793,R-0519,2025-10-08,17.75,app,delivery,completed
ORD-0222794,R-0519,2025-10-03,20.31,app,pickup,cancelled
ORD-0222795,R-0519,2025-10-30,47.22,app,delivery,completed
ORD-0222796,R-0519,2025-10-11,14.87,app,delivery,completed
ORD-0222797,R-0519,2025-10-10,16.26,app,delivery,completed
ORD-0222798,R-0519,2025-10-04,15.43,app,pickup,completed
ORD-0222799,R-0519,2025-10-12,32.13,web,delivery,completed
ORD-0222800,R-0519,2025-10-10,15.96,app,delivery,REFUNDED
ORD-0222801,R-0519,2025-10-23,12.35,app,pickup,completed
ORD-0222802,R-0519,2025-10-03,23.89,app,delivery,completed
ORD-0222803,R-0519,2025-10-10,27.33,app,pickup,completed
ORD-0222804,R-0519,2025-10-17,17.02,web,delivery,completed
ORD-0222805,R-0519,2025-10-31,17.46,app,pickup,COMPLETED
ORD-0222806,R-0519,2025-10-27,12.35,app,pickup,cancelled
ORD-0222807,R-0519,2025-10-17,13.98,app,delivery,completed
ORD-0222808,R-0519,2025-10-25,9.45,app,pickup,cancelled
ORD-0222809,R-0519,2025-10-19,18.02,app,delivery,completed
ORD-0222810,R-0519,2025-10-10,16.08,app,delivery,completed
ORD-0222811,R-0519,2025-10-10,24.35,app,pickup,completed
ORD-0222812,R-0519,2025-10-09,22.37,web,delivery,completed
ORD-0222813,R-0519,2025-10-27,15.91,web,delivery,completed
ORD-0222814,R-0519,2025-10-20,21.16,app,delivery,completed
ORD-0222815,R-0519,2025-10-05,9.56,web,delivery,COMPLETED
ORD-0222816,R-0519,2025-10-04,14.17,app,pickup,completed
ORD-0222817,R-0519,2025-10-16,13.55,app,pickup,cancelled
ORD-0222818,R-0519,2025-10-22,10.83,app,pickup,completed
ORD-0222819,R-0519,2025-10-09,14.28,web,delivery,completed
ORD-0222820,R-0519,2025-10-27,15.92,app,delivery,completed
ORD-0222821,R-0519,2025-10-20,24.75,web,delivery,completed
ORD-0222822,R-0519,2025-10-03,19.36,web,delivery,completed
ORD-0222823,R-0519,2025-10-30,19.62,app,pickup,completed
ORD-0222824,R-0519,2025-10-09,17.37,web,pickup,completed
ORD-0222825,R-0519,2025-10-18,22.75,web,delivery,completed
ORD-0222826,R-0519,2025-10-15,13.23,web,pickup,completed
ORD-0222827,R-0519,2025-10-11,28.00,web,delivery,completed
ORD-0222828,R-0519,2025-10-19,13.47,app,pickup,completed
ORD-0222829,R-0519,2025-10-05,21.23,app,delivery,Completed
ORD-0222830,R-0519,2025-10-12,16.24,web,delivery,completed
ORD-0222831,R-0519,2025-10-06,25.74,app,delivery,completed
ORD-0222832,R-0519,2025-10-04,22.06,app,pickup,completed
ORD-0222833,R-0519,2025-10-12,22.25,app,delivery,COMPLETED
ORD-0222834,R-0519,2025-10-11,14.08,web,pickup,completed
ORD-0222835,R-0519,2025-10-10,18.39,app,delivery,completed
ORD-0222836,R-0519,2025-10-03,34.78,app,delivery,COMPLETED
ORD-0222837,R-0519,2025-10-09,11.63,web,pickup,completed
ORD-0222838,R-0519,2025-10-05,15.86,web,delivery,completed
ORD-0222839,R-0519,2025-10-29,10.35,web,pickup,completed
ORD-0222840,R-0519,2025-10-29,15.36,app,delivery,Completed
ORD-0222841,R-0519,2025-10-10,49.47,app,delivery,completed
ORD-0222842,R-0519,2025-10-06,22.28,web,delivery,completed
ORD-0222843,R-0519,2025-10-03,16.44,app,delivery,COMPLETED
ORD-0222844,R-0519,2025-10-09,21.68,web,delivery,completed
ORD-0222845,R-0519,2025-10-30,12.58,app,delivery,completed
ORD-0222846,R-0519,2025-10-27,37.24,web,delivery,completed
ORD-0222847,R-0519,2025-10-17,16.16,app,pickup,completed
ORD-0222848,R-0519,2025-10-30,14.05,app,delivery,completed
ORD-0222849,R-0519,2025-10-13,20.43,app,delivery,completed
ORD-0222850,R-0519,2025-10-26,25.07,web,delivery,completed
ORD-0224489,R-0523,2025-10-18,37.64,app,delivery,completed
ORD-0224490,R-0523,2025-10-02,23.69,app,delivery,completed
ORD-0224491,R-0523,2025-10-07,38.13,web,delivery,completed
ORD-0224492,R-0523,2025-10-18,37.38,web,delivery,Completed
ORD-0224493,R-0523,2025-10-03,18.80,web,delivery,completed
ORD-0224494,R-0523,2025-10-29,34.73,web,pickup,completed
ORD-0224495,R-0523,2025-10-07,23.13,app,delivery,Completed
ORD-0224496,R-0523,2025-10-04,21.79,web,delivery,completed
ORD-0224497,R-0523,2025-10-16,15.12,web,delivery,completed
ORD-0224498,R-0523,2025-10-18,46.42,app,pickup,Completed
ORD-0224499,R-0523,2025-10-08,21.33,web,delivery,completed
ORD-0224500,R-0523,2025-10-08,34.11,web,delivery,completed
ORD-0224501,R-0523,2025-10-16,23.87,web,delivery,completed
ORD-0224502,R-0523,2025-10-06,23.84,web,delivery,completed
ORD-0224503,R-0523,2025-10-26,23.71,web,pickup,completed
ORD-0224504,R-0523,2025-10-11,25.88,web,delivery,completed
ORD-0224505,R-0523,2025-10-04,29.89,app,pickup,completed
ORD-0224506,R-0523,2025-10-02,28.45,web,delivery,completed
ORD-0224507,R-0523,2025-10-21,37.28,web,delivery,completed
ORD-0225304,R-0525,2025-10-20,32.32,web,delivery,completed
ORD-0225305,R-0525,2025-10-21,39.55,app,delivery,completed
ORD-0225306,R-0525,2025-10-01,16.43,app,delivery,completed
ORD-0225307,R-0525,2025-10-05,43.00,app,delivery,completed
ORD-0225308,R-0525,2025-10-18,8.69,web,delivery,completed
ORD-0225309,R-0525,2025-10-03,25.17,web,pickup,completed
ORD-0225310,R-0525,2025-10-10,24.80,web,pickup,completed
ORD-0225311,R-0525,2025-10-04,29.26,app,delivery,completed
ORD-0225312,R-0525,2025-10-25,38.10,app,pickup,completed
ORD-0225313,R-0525,2025-10-22,31.22,web,pickup,Completed
ORD-0225314,R-0525,2025-10-02,15.95,web,delivery,completed
ORD-0225315,R-0525,2025-10-04,39.27,app,delivery,completed
ORD-0225316,R-0525,2025-10-16,20.20,app,delivery,completed
ORD-0225317,R-0525,2025-10-23,25.77,web,delivery,completed
ORD-0225318,R-0525,2025-10-15,28.26,web,delivery,completed
ORD-0225319,R-0525,2025-10-16,15.81,app,pickup,completed
ORD-0225320,R-0525,2025-10-11,23.37,app,delivery,completed
ORD-0225321,R-0525,2025-10-12,42.05,app,pickup,completed
ORD-0225322,R-0525,2025-10-05,24.49,app,delivery,completed
ORD-0225323,R-0525,2025-10-22,31.44,app,delivery,completed
ORD-0225324,R-0525,2025-10-05,23.02,app,pickup,completed
ORD-0225325,R-0525,2025-10-22,21.17,web,pickup,completed
ORD-0225326,R-0525,2025-10-23,27.26,web,delivery,completed
ORD-0225327,R-0525,2025-10-04,15.92,web,delivery,completed
ORD-0225328,R-0525,2025-10-17,9.80,web,delivery,completed
ORD-0225329,R-0525,2025-10-09,26.54,web,pickup,completed
ORD-0225330,R-0525,2025-10-10,29.19,app,delivery,completed
ORD-0225331,R-0525,2025-10-09,15.25,web,delivery,completed
ORD-0225332,R-0525,2025-10-11,40.00,app,pickup,completed
ORD-0225333,R-0525,2025-10-25,34.86,web,pickup,completed
ORD-0225334,R-0525,2025-10-07,32.17,web,delivery,completed
ORD-0225335,R-0525,2025-10-17,13.81,web,delivery,completed
ORD-0225336,R-0525,2025-10-13,21.84,web,pickup,completed
ORD-0225337,R-0525,2025-10-21,22.45,app,delivery,completed
ORD-0225338,R-0525,2025-10-14,39.61,web,pickup,cancelled
ORD-0225339,R-0525,2025-10-05,34.85,app,pickup,completed
ORD-0225340,R-0525,2025-10-29,30.19,app,pickup,completed
ORD-0225341,R-0525,2025-10-23,17.34,web,delivery,COMPLETED
ORD-0225342,R-0525,2025-10-28,18.69,web,delivery,Completed
ORD-0225343,R-0525,2025-10-03,18.10,web,delivery,completed
ORD-0225344,R-0525,2025-10-08,30.10,web,delivery,completed
ORD-0225345,R-0525,2025-10-04,26.43,web,delivery,completed
ORD-0225346,R-0525,2025-10-15,14.63,web,delivery,completed
ORD-0225347,R-0525,2025-10-04,46.84,app,delivery,completed
ORD-0225348,R-0525,2025-10-08,33.06,app,pickup,completed
ORD-0225349,R-0525,2025-10-23,12.50,app,delivery,completed
ORD-0225350,R-0525,2025-10-03,58.55,web,pickup,completed
ORD-0225351,R-0525,2025-10-16,18.15,app,pickup,completed
ORD-0225352,R-0525,2025-10-24,26.47,app,delivery,completed
ORD-0225353,R-0525,2025-10-22,25.47,web,delivery,completed
ORD-0225354,R-0525,2025-10-03,60.42,web,delivery,completed
ORD-0225355,R-0525,2025-10-03,45.68,web,delivery,completed
ORD-0225356,R-0525,2025-10-24,19.94,web,delivery,completed
ORD-0225357,R-0525,2025-10-18,20.92,app,delivery,COMPLETED
ORD-0225358,R-0525,2025-10-31,58.05,app,delivery,completed
ORD-0225359,R-0525,2025-10-21,34.55,app,delivery,completed
ORD-0225360,R-0525,2025-10-20,17.22,web,pickup,completed
ORD-0225361,R-0525,2025-10-13,41.94,app,delivery,COMPLETED
ORD-0225362,R-0525,2025-10-03,39.84,app,delivery,COMPLETED
ORD-0225363,R-0525,2025-10-11,34.27,app,delivery,COMPLETED
ORD-0225364,R-0525,2025-10-18,18.31,app,delivery,COMPLETED
ORD-0225365,R-0525,2025-10-05,26.80,web,pickup,completed
ORD-0225366,R-0525,2025-10-22,19.20,web,pickup,completed
ORD-0225367,R-0525,2025-10-04,25.18,app,pickup,Completed
ORD-0225368,R-0525,2025-10-04,29.77,app,delivery,completed
ORD-0225369,R-0525,2025-10-17,20.65,app,pickup,completed
ORD-0225370,R-0525,2025-10-31,30.61,app,delivery,completed
ORD-0225371,R-0525,2025-10-13,45.03,app,delivery,cancelled
ORD-0225372,R-0525,2025-10-24,23.55,app,pickup,completed
ORD-0225373,R-0525,2025-10-13,22.96,app,pickup,completed
ORD-0225374,R-0525,2025-10-03,34.43,web,delivery,completed
ORD-0225375,R-0525,2025-10-02,25.83,web,delivery,completed
ORD-0225376,R-0525,2025-10-15,36.03,app,delivery,Completed
ORD-0225377,R-0525,2025-10-13,20.61,app,pickup,completed
ORD-0225378,R-0525,2025-10-16,9.28,app,delivery,COMPLETED
ORD-0225379,R-0525,2025-10-02,21.23,web,pickup,COMPLETED
ORD-0225380,R-0525,2025-10-11,41.17,app,pickup,completed
ORD-0225381,R-0525,2025-10-12,13.15,app,pickup,completed
ORD-0225382,R-0525,2025-10-09,43.65,app,delivery,completed
ORD-0225383,R-0525,2025-10-16,33.32,app,delivery,COMPLETED
ORD-0225384,R-0525,2025-10-01,27.51,app,delivery,Completed
ORD-0225385,R-0525,2025-10-02,14.40,app,pickup,completed
ORD-0225386,R-0525,2025-10-09,24.75,web,delivery,refunded
ORD-0226125,R-0526,2025-10-18,22.96,app,delivery,completed
ORD-0226126,R-0526,2025-10-27,22.52,web,delivery,completed
ORD-0226127,R-0526,2025-10-08,22.17,app,delivery,Completed
ORD-0226128,R-0526,2025-10-18,24.00,web,delivery,completed
ORD-0226129,R-0526,2025-10-01,12.30,app,pickup,completed
ORD-0226130,R-0526,2025-10-17,31.95,web,pickup,completed
ORD-0226131,R-0526,2025-10-19,27.68,web,delivery,completed
ORD-0226132,R-0526,2025-10-29,31.49,web,delivery,completed
ORD-0226133,R-0526,2025-10-31,25.96,web,pickup,completed
ORD-0226134,R-0526,2025-10-24,24.17,app,delivery,completed
ORD-0226135,R-0526,2025-10-07,32.28,app,delivery,completed
ORD-0226136,R-0526,2025-10-01,36.32,web,delivery,COMPLETED
ORD-0226137,R-0526,2025-10-18,29.43,app,pickup,completed
ORD-0226138,R-0526,2025-10-24,33.32,app,pickup,completed
ORD-0226139,R-0526,2025-10-18,15.41,app,pickup,completed
ORD-0226140,R-0526,2025-10-03,26.85,web,pickup,COMPLETED
ORD-0226141,R-0526,2025-10-15,27.56,app,delivery,completed
ORD-0226142,R-0526,2025-10-18,29.17,web,pickup,completed
ORD-0226143,R-0526,2025-10-19,28.30,app,pickup,completed
ORD-0226144,R-0526,2025-10-30,25.53,app,delivery,COMPLETED
ORD-0226145,R-0526,2025-10-15,32.10,web,pickup,completed
ORD-0226146,R-0526,2025-10-22,33.00,app,pickup,COMPLETED
ORD-0226147,R-0526,2025-10-13,29.16,app,pickup,completed
ORD-0226148,R-0526,2025-10-11,14.07,app,delivery,completed
ORD-0226149,R-0526,2025-10-03,20.16,web,pickup,completed
ORD-0226150,R-0526,2025-10-25,16.91,app,pickup,Completed
ORD-0226151,R-0526,2025-10-11,34.08,app,pickup,completed
ORD-0226152,R-0526,2025-10-11,36.68,web,delivery,completed
ORD-0226153,R-0526,2025-10-15,32.62,app,pickup,completed
ORD-0226154,R-0526,2025-10-29,37.40,web,delivery,completed
ORD-0226155,R-0526,2025-10-03,24.16,web,delivery,completed
ORD-0226156,R-0526,2025-10-31,24.16,web,delivery,completed
ORD-0226157,R-0526,2025-10-29,18.63,web,pickup,refunded
ORD-0226158,R-0526,2025-10-17,17.37,web,pickup,completed
ORD-0226420,R-0529,2025-10-31,22.61,app,pickup,completed
ORD-0226421,R-0529,2025-10-24,23.80,app,delivery,completed
ORD-0226422,R-0529,2025-10-03,34.76,app,pickup,completed
ORD-0226423,R-0529,2025-10-04,19.74,app,pickup,completed
ORD-0226424,R-0529,2025-10-04,21.87,web,pickup,Completed
ORD-0226425,R-0529,2025-10-02,14.38,app,pickup,completed
ORD-0226426,R-0529,2025-10-16,23.00,app,delivery,completed
ORD-0226427,R-0529,2025-10-14,25.37,app,delivery,completed
ORD-0226428,R-0529,2025-10-17,19.19,app,pickup,completed
ORD-0226429,R-0529,2025-10-15,34.11,web,pickup,completed
ORD-0226430,R-0529,2025-10-25,19.23,app,delivery,completed
ORD-0226431,R-0529,2025-10-23,25.68,app,pickup,completed
ORD-0226432,R-0529,2025-10-29,26.63,app,pickup,completed
ORD-0226433,R-0529,2025-10-26,11.64,app,pickup,COMPLETED
ORD-0226434,R-0529,2025-10-24,18.85,web,pickup,completed
ORD-0226435,R-0529,2025-10-17,17.56,app,pickup,completed
ORD-0226436,R-0529,2025-10-09,12.43,app,pickup,completed
ORD-0226437,R-0529,2025-10-28,34.15,app,delivery,Completed
ORD-0226438,R-0529,2025-10-23,21.82,app,pickup,completed
ORD-0226439,R-0529,2025-10-14,28.57,app,pickup,COMPLETED
ORD-0226440,R-0529,2025-10-18,32.84,app,delivery,completed
ORD-0226441,R-0529,2025-10-21,20.70,app,pickup,completed
ORD-0226442,R-0529,2025-10-06,32.24,app,delivery,completed
ORD-0226443,R-0529,2025-10-04,20.71,app,pickup,completed
ORD-0226444,R-0529,2025-10-22,34.00,app,pickup,completed
ORD-0226445,R-0529,2025-10-26,25.40,app,pickup,completed
ORD-0226446,R-0529,2025-10-10,23.10,web,pickup,Completed
ORD-0226447,R-0529,2025-10-12,10.14,app,delivery,completed
ORD-0226448,R-0529,2025-10-28,20.89,app,delivery,completed
ORD-0226449,R-0529,2025-10-06,14.36,web,pickup,Completed
ORD-0226450,R-0529,2025-10-24,15.55,app,delivery,completed
ORD-0226451,R-0529,2025-10-25,18.05,app,pickup,completed
ORD-0226452,R-0529,2025-10-23,13.99,app,delivery,completed
ORD-0226453,R-0529,2025-10-02,17.24,web,pickup,completed
ORD-0226454,R-0529,2025-10-17,30.94,web,pickup,COMPLETED
ORD-0226455,R-0529,2025-10-03,34.62,app,delivery,completed
ORD-0226456,R-0529,2025-10-03,21.03,app,delivery,Completed
ORD-0226457,R-0529,2025-10-16,24.54,app,delivery,completed
ORD-0226458,R-0529,2025-10-24,15.25,app,delivery,completed
ORD-0226459,R-0529,2025-10-15,16.39,app,pickup,completed
ORD-0226460,R-0529,2025-10-27,16.01,web,pickup,completed
ORD-0226461,R-0529,2025-10-17,33.68,web,pickup,completed
ORD-0226462,R-0529,2025-10-18,30.16,app,pickup,completed
ORD-0226463,R-0529,2025-10-24,30.58,app,pickup,completed
ORD-0227283,R-0530,2025-10-05,25.41,app,pickup,Refunded
ORD-0227284,R-0530,2025-10-03,43.13,web,delivery,completed
ORD-0227285,R-0530,2025-10-10,62.01,web,pickup,completed
ORD-0227286,R-0530,2025-10-01,52.34,app,pickup,completed
ORD-0227287,R-0530,2025-10-12,34.92,web,pickup,completed
ORD-0227288,R-0530,2025-10-10,42.42,web,pickup,completed
ORD-0227289,R-0530,2025-10-08,67.78,web,delivery,completed
ORD-0227290,R-0530,2025-10-06,86.81,web,delivery,completed
ORD-0227291,R-0530,2025-10-10,33.98,app,delivery,completed
ORD-0227292,R-0530,2025-10-26,31.79,web,delivery,completed
ORD-0227680,R-0531,2025-10-22,26.72,web,delivery,completed
ORD-0227681,R-0531,2025-10-18,16.35,web,pickup,Completed
ORD-0227682,R-0531,2025-10-19,80.11,app,delivery,completed
ORD-0227683,R-0531,2025-10-31,28.82,web,delivery,COMPLETED
ORD-0227684,R-0531,2025-10-27,20.13,web,delivery,completed
ORD-0227685,R-0531,2025-10-30,29.67,web,pickup,completed
ORD-0227686,R-0531,2025-10-10,44.85,web,pickup,COMPLETED
ORD-0227687,R-0531,2025-10-12,34.59,web,delivery,completed
ORD-0227688,R-0531,2025-10-30,31.43,app,pickup,completed
ORD-0227689,R-0531,2025-10-24,24.79,web,delivery,completed
ORD-0227690,R-0531,2025-10-31,23.09,web,delivery,completed
ORD-0227691,R-0531,2025-10-31,23.14,web,pickup,Completed
ORD-0227692,R-0531,2025-10-03,28.26,web,pickup,completed
ORD-0227693,R-0531,2025-10-01,42.69,web,pickup,completed
ORD-0227694,R-0531,2025-10-17,70.07,web,pickup,completed
ORD-0227695,R-0531,2025-10-11,45.31,web,pickup,completed
ORD-0227696,R-0531,2025-10-11,36.45,web,delivery,completed
ORD-0227697,R-0531,2025-10-25,29.52,web,pickup,Completed
ORD-0227698,R-0531,2025-10-19,24.90,web,pickup,completed
ORD-0227699,R-0531,2025-10-05,27.20,app,pickup,completed
ORD-0227700,R-0531,2025-10-02,32.19,web,pickup,Completed
ORD-0227701,R-0531,2025-10-31,30.95,web,delivery,completed
ORD-0227702,R-0531,2025-10-31,19.36,web,pickup,cancelled
ORD-0227703,R-0531,2025-10-04,37.44,web,delivery,completed
ORD-0227704,R-0531,2025-10-15,21.13,app,pickup,Completed
ORD-0227705,R-0531,2025-10-27,22.53,web,delivery,Completed
ORD-0228150,R-0533,2025-10-11,34.83,web,pickup,Completed
ORD-0228151,R-0533,2025-10-15,18.12,app,delivery,completed
ORD-0228152,R-0533,2025-10-01,37.62,app,delivery,refunded
ORD-0228153,R-0533,2025-10-13,27.98,app,delivery,COMPLETED
ORD-0228154,R-0533,2025-10-20,74.28,web,delivery,completed
ORD-0228155,R-0533,2025-10-09,44.72,web,delivery,completed
ORD-0228156,R-0533,2025-10-24,47.20,web,delivery,completed
ORD-0228157,R-0533,2025-10-09,36.18,web,delivery,completed
ORD-0228158,R-0533,2025-10-15,12.25,app,delivery,completed
ORD-0228159,R-0533,2025-10-10,26.09,app,delivery,completed
ORD-0228160,R-0533,2025-10-02,58.42,web,pickup,completed
ORD-0228161,R-0533,2025-10-26,24.17,app,delivery,COMPLETED
ORD-0228162,R-0533,2025-10-10,16.07,web,pickup,completed
ORD-0228163,R-0533,2025-10-03,22.12,web,delivery,completed
ORD-0228164,R-0533,2025-10-14,12.57,app,delivery,completed
ORD-0228165,R-0533,2025-10-25,52.81,web,delivery,completed
ORD-0228166,R-0533,2025-10-04,27.12,web,delivery,completed
ORD-0228167,R-0533,2025-10-17,22.11,web,delivery,completed
ORD-0228168,R-0533,2025-10-29,39.53,web,delivery,completed
ORD-0228169,R-0533,2025-10-21,40.41,web,pickup,completed
ORD-0228170,R-0533,2025-10-08,22.78,web,pickup,completed
ORD-0228171,R-0533,2025-10-11,35.50,web,pickup,COMPLETED
ORD-0228172,R-0533,2025-10-14,34.02,web,delivery,completed
ORD-0228173,R-0533,2025-10-10,55.98,web,delivery,completed
ORD-0228174,R-0533,2025-10-22,38.73,web,delivery,completed
ORD-0228175,R-0533,2025-10-26,41.90,app,delivery,completed
ORD-0228176,R-0533,2025-10-25,13.52,web,delivery,completed
ORD-0228177,R-0533,2025-10-20,31.51,web,pickup,COMPLETED
ORD-0228178,R-0533,2025-10-23,22.04,web,delivery,completed
ORD-0228179,R-0533,2025-10-19,22.15,web,delivery,Completed
ORD-0228180,R-0533,2025-10-12,27.52,app,delivery,completed
ORD-0228181,R-0533,2025-10-09,43.42,web,delivery,completed
ORD-0228182,R-0533,2025-10-19,9.47,web,pickup,completed
ORD-0228183,R-0533,2025-10-25,37.81,app,delivery,completed
ORD-0228184,R-0533,2025-10-18,25.06,app,delivery,completed
ORD-0228185,R-0533,2025-10-01,32.13,web,delivery,completed
ORD-0228186,R-0533,2025-10-09,17.94,app,pickup,completed
ORD-0228187,R-0533,2025-10-22,38.50,web,delivery,completed
ORD-0228188,R-0533,2025-10-05,15.69,web,delivery,completed
ORD-0228189,R-0533,2025-10-01,18.16,web,delivery,completed
ORD-0228190,R-0533,2025-10-01,18.47,web,delivery,completed
ORD-0228191,R-0533,2025-10-24,37.87,app,delivery,completed
ORD-0228192,R-0533,2025-10-06,25.62,app,pickup,completed
ORD-0228193,R-0533,2025-10-19,43.31,web,delivery,completed
ORD-0228194,R-0533,2025-10-21,30.51,app,delivery,Completed
ORD-0228195,R-0533,2025-10-04,37.41,web,delivery,completed
ORD-0228196,R-0533,2025-10-11,30.55,web,delivery,completed
ORD-0228197,R-0533,2025-10-28,34.90,web,pickup,completed
ORD-0228198,R-0533,2025-10-14,25.21,web,delivery,completed
ORD-0228199,R-0533,2025-10-27,20.23,app,delivery,completed
ORD-0228200,R-0533,2025-10-04,24.45,web,delivery,completed
ORD-0228201,R-0533,2025-10-19,26.81,web,delivery,completed
ORD-0228202,R-0533,2025-10-02,20.98,web,delivery,Completed
ORD-0228203,R-0533,2025-10-04,23.85,web,delivery,completed
ORD-0228204,R-0533,2025-10-14,22.26,web,delivery,completed
ORD-0228205,R-0533,2025-10-21,16.82,web,pickup,completed
ORD-0228206,R-0533,2025-10-03,25.75,web,delivery,completed
ORD-0228207,R-0533,2025-10-31,26.08,app,delivery,completed
ORD-0228208,R-0533,2025-10-23,34.95,web,delivery,Completed
ORD-0228209,R-0533,2025-10-17,23.75,web,delivery,completed
ORD-0228210,R-0533,2025-10-21,18.87,web,delivery,completed
ORD-0228211,R-0533,2025-10-13,21.58,app,pickup,completed
ORD-0228212,R-0533,2025-10-17,27.05,web,delivery,completed
ORD-0228213,R-0533,2025-10-19,18.67,web,pickup,completed
ORD-0228214,R-0533,2025-10-26,29.43,web,delivery,completed
ORD-0228215,R-0533,2025-10-14,15.37,web,delivery,COMPLETED
ORD-0228216,R-0533,2025-10-25,25.69,app,delivery,COMPLETED
ORD-0228217,R-0533,2025-10-04,20.11,web,delivery,completed
ORD-0228218,R-0533,2025-10-13,14.61,app,delivery,completed
ORD-0228219,R-0533,2025-10-10,35.79,web,pickup,cancelled
ORD-0228220,R-0533,2025-10-17,35.53,web,delivery,completed
ORD-0228221,R-0533,2025-10-16,29.68,web,delivery,completed
ORD-0228222,R-0533,2025-10-06,38.84,web,delivery,COMPLETED
ORD-0228223,R-0533,2025-10-11,21.81,web,delivery,completed
ORD-0228224,R-0533,2025-10-25,18.69,app,delivery,completed
ORD-0228225,R-0533,2025-10-26,42.82,web,delivery,completed
ORD-0228226,R-0533,2025-10-30,36.77,app,delivery,Cancelled
ORD-0228227,R-0533,2025-10-25,31.15,app,delivery,completed
ORD-0228228,R-0533,2025-10-14,18.36,web,delivery,completed
ORD-0228229,R-0533,2025-10-24,15.02,web,delivery,completed
ORD-0228230,R-0533,2025-10-13,25.88,app,delivery,Completed
ORD-0228231,R-0533,2025-10-19,39.58,web,delivery,completed
ORD-0228232,R-0533,2025-10-11,23.31,web,delivery,completed
ORD-0228233,R-0533,2025-10-31,43.79,web,delivery,completed
ORD-0228234,R-0533,2025-10-25,14.72,web,delivery,completed
ORD-0228235,R-0533,2025-10-23,21.81,web,pickup,completed
ORD-0228236,R-0533,2025-10-25,27.09,app,pickup,completed
ORD-0228237,R-0533,2025-10-08,18.14,web,delivery,completed
ORD-0228238,R-0533,2025-10-06,36.10,web,delivery,COMPLETED
ORD-0229074,R-0534,2025-10-13,22.44,app,delivery,completed
ORD-0229075,R-0534,2025-10-11,15.95,app,delivery,completed
ORD-0229076,R-0534,2025-10-23,27.92,app,delivery,completed
ORD-0229077,R-0534,2025-10-30,32.32,app,delivery,cancelled
ORD-0229078,R-0534,2025-10-13,20.35,web,delivery,completed
ORD-0229079,R-0534,2025-10-17,15.64,app,pickup,completed
ORD-0229080,R-0534,2025-10-22,24.97,web,delivery,completed
ORD-0229081,R-0534,2025-10-02,23.07,app,delivery,completed
ORD-0229082,R-0534,2025-10-17,15.31,web,pickup,completed
ORD-0229083,R-0534,2025-10-13,19.36,web,delivery,completed
ORD-0229084,R-0534,2025-10-30,13.72,app,pickup,completed
ORD-0229085,R-0534,2025-10-15,22.73,web,delivery,completed
ORD-0229086,R-0534,2025-10-18,33.08,app,pickup,completed
ORD-0229087,R-0534,2025-10-15,22.66,web,pickup,completed
ORD-0229088,R-0534,2025-10-23,16.76,app,delivery,completed
ORD-0229089,R-0534,2025-10-03,26.01,web,delivery,completed
ORD-0229090,R-0534,2025-10-28,18.11,app,pickup,Completed
ORD-0229091,R-0534,2025-10-17,24.98,app,delivery,completed
ORD-0229092,R-0534,2025-10-29,23.04,app,pickup,completed
ORD-0229093,R-0534,2025-10-09,17.48,web,delivery,completed
ORD-0229094,R-0534,2025-10-06,22.24,web,delivery,completed
ORD-0229095,R-0534,2025-10-17,18.04,app,pickup,completed
ORD-0229096,R-0534,2025-10-20,22.28,app,delivery,completed
ORD-0229097,R-0534,2025-10-03,14.97,app,pickup,completed
ORD-0229098,R-0534,2025-10-21,18.34,web,delivery,completed
ORD-0229099,R-0534,2025-10-06,20.66,app,pickup,COMPLETED
ORD-0229100,R-0534,2025-10-04,23.49,app,delivery,Completed
ORD-0229101,R-0534,2025-10-02,38.89,web,pickup,Completed
ORD-0229102,R-0534,2025-10-30,16.72,web,delivery,completed
ORD-0229103,R-0534,2025-10-19,18.29,app,delivery,completed
ORD-0229104,R-0534,2025-10-25,20.95,app,delivery,completed
ORD-0229105,R-0534,2025-10-13,20.16,web,pickup,completed
ORD-0229106,R-0534,2025-10-24,14.19,web,delivery,COMPLETED
ORD-0229107,R-0534,2025-10-27,18.38,app,pickup,completed
ORD-0229108,R-0534,2025-10-10,24.91,app,pickup,completed
ORD-0229109,R-0534,2025-10-03,25.22,app,delivery,completed
ORD-0229110,R-0534,2025-10-29,19.30,app,pickup,completed
ORD-0229111,R-0534,2025-10-02,11.25,app,pickup,completed
ORD-0229112,R-0534,2025-10-15,19.56,web,delivery,COMPLETED
ORD-0229113,R-0534,2025-10-17,15.74,app,delivery,completed
ORD-0229114,R-0534,2025-10-06,25.45,app,delivery,completed
ORD-0229115,R-0534,2025-10-09,37.73,app,delivery,completed
ORD-0229116,R-0534,2025-10-14,20.99,app,delivery,completed
ORD-0229117,R-0534,2025-10-28,19.49,app,delivery,completed
ORD-0229118,R-0534,2025-10-13,23.93,web,pickup,completed
ORD-0229119,R-0534,2025-10-31,18.67,web,delivery,completed
ORD-0229120,R-0534,2025-10-25,23.33,app,delivery,Completed
ORD-0229121,R-0534,2025-10-11,17.82,app,delivery,completed
ORD-0229122,R-0534,2025-10-07,17.22,web,delivery,completed
ORD-0229123,R-0534,2025-10-18,13.40,app,delivery,completed
ORD-0229124,R-0534,2025-10-11,27.53,app,delivery,completed
ORD-0229359,R-0535,2025-10-12,34.14,app,delivery,completed
ORD-0229360,R-0535,2025-10-18,36.11,web,delivery,completed
ORD-0229361,R-0535,2025-10-03,32.72,app,delivery,completed
ORD-0229362,R-0535,2025-10-17,26.80,app,pickup,completed
ORD-0229363,R-0535,2025-10-27,17.55,web,delivery,refunded
ORD-0229364,R-0535,2025-10-21,29.77,app,delivery,completed
ORD-0229365,R-0535,2025-10-18,22.64,app,delivery,completed
ORD-0229366,R-0535,2025-10-26,21.46,app,delivery,completed
ORD-0229367,R-0535,2025-10-10,35.30,web,delivery,completed
ORD-0229368,R-0535,2025-10-24,19.23,web,delivery,completed
ORD-0229369,R-0535,2025-10-11,23.52,web,delivery,Completed
ORD-0229370,R-0535,2025-10-01,24.06,web,delivery,completed
ORD-0229371,R-0535,2025-10-26,17.75,app,delivery,completed
ORD-0229372,R-0535,2025-10-18,30.24,web,pickup,completed
ORD-0229373,R-0535,2025-10-29,29.69,app,delivery,completed
ORD-0229374,R-0535,2025-10-06,33.10,app,pickup,Completed
ORD-0229375,R-0535,2025-10-24,32.22,web,pickup,completed
ORD-0229376,R-0535,2025-10-31,44.90,web,delivery,completed
ORD-0229377,R-0535,2025-10-22,49.20,app,pickup,completed
ORD-0229378,R-0535,2025-10-20,32.90,web,delivery,completed
ORD-0229379,R-0535,2025-10-24,37.42,app,delivery,completed
ORD-0229380,R-0535,2025-10-26,30.47,app,delivery,completed
ORD-0229381,R-0535,2025-10-31,13.36,app,delivery,COMPLETED
ORD-0229382,R-0535,2025-10-24,15.24,app,pickup,completed
ORD-0229383,R-0535,2025-10-28,37.29,web,pickup,completed
ORD-0229384,R-0535,2025-10-31,28.07,web,pickup,completed
ORD-0229385,R-0535,2025-10-26,18.60,app,delivery,completed
ORD-0229386,R-0535,2025-10-23,23.62,app,delivery,COMPLETED
ORD-0229387,R-0535,2025-10-24,25.58,app,pickup,COMPLETED
ORD-0229388,R-0535,2025-10-14,17.12,web,delivery,completed
ORD-0229389,R-0535,2025-10-02,14.90,app,delivery,completed
ORD-0229390,R-0535,2025-10-24,30.45,app,pickup,refunded
ORD-0229391,R-0535,2025-10-24,28.00,app,pickup,completed
ORD-0229392,R-0535,2025-10-29,32.44,web,pickup,completed
ORD-0229393,R-0535,2025-10-21,29.12,app,delivery,completed
ORD-0229394,R-0535,2025-10-25,37.29,app,pickup,completed
ORD-0229395,R-0535,2025-10-04,35.60,web,delivery,completed
ORD-0229396,R-0535,2025-10-05,56.07,app,delivery,completed
ORD-0229397,R-0535,2025-10-03,39.00,web,pickup,cancelled
ORD-0229398,R-0535,2025-10-08,21.94,app,pickup,completed
ORD-0229399,R-0535,2025-10-11,42.08,app,pickup,completed
ORD-0229400,R-0535,2025-10-24,30.53,app,delivery,completed
ORD-0229401,R-0535,2025-10-05,21.09,web,delivery,completed
ORD-0229402,R-0535,2025-10-27,40.44,app,delivery,completed
ORD-0229403,R-0535,2025-10-26,28.55,app,delivery,completed
ORD-0229404,R-0535,2025-10-09,29.02,web,delivery,completed
ORD-0229405,R-0535,2025-10-19,22.37,app,delivery,completed
ORD-0229406,R-0535,2025-10-21,13.54,app,pickup,completed
ORD-0229407,R-0535,2025-10-09,30.77,app,pickup,completed
ORD-0229408,R-0535,2025-10-04,30.34,app,pickup,completed
ORD-0229409,R-0535,2025-10-05,43.64,app,delivery,completed
ORD-0229410,R-0535,2025-10-25,39.30,web,pickup,completed
ORD-0229411,R-0535,2025-10-21,32.98,web,pickup,completed
ORD-0229412,R-0535,2025-10-21,19.75,app,pickup,completed
ORD-0229413,R-0535,2025-10-25,25.90,web,delivery,COMPLETED
ORD-0229414,R-0535,2025-10-22,13.95,web,delivery,completed
ORD-0229415,R-0535,2025-10-17,26.56,app,delivery,completed
ORD-0229416,R-0535,2025-10-07,19.03,web,delivery,completed
ORD-0229417,R-0535,2025-10-03,24.74,web,pickup,completed
ORD-0229418,R-0535,2025-10-09,28.80,app,pickup,completed
ORD-0229419,R-0535,2025-10-31,33.32,web,pickup,completed
ORD-0229420,R-0535,2025-10-04,25.10,app,delivery,completed
ORD-0229421,R-0535,2025-10-31,50.96,web,pickup,completed
ORD-0229422,R-0535,2025-10-22,13.76,web,delivery,completed
ORD-0229423,R-0535,2025-10-04,19.94,web,pickup,completed
ORD-0229424,R-0535,2025-10-24,26.67,app,pickup,completed
ORD-0229425,R-0535,2025-10-28,34.09,app,pickup,completed
ORD-0229426,R-0535,2025-10-14,22.13,app,delivery,Completed
ORD-0229427,R-0535,2025-10-13,32.84,app,pickup,completed
ORD-0229428,R-0535,2025-10-14,33.58,web,delivery,completed
ORD-0229429,R-0535,2025-10-22,34.79,app,delivery,completed
ORD-0229430,R-0535,2025-10-30,18.33,app,delivery,completed
ORD-0229431,R-0535,2025-10-18,26.96,web,delivery,completed
ORD-0229432,R-0535,2025-10-13,28.65,web,pickup,cancelled
ORD-0229433,R-0535,2025-10-10,19.49,app,delivery,completed
ORD-0229434,R-0535,2025-10-26,18.59,web,delivery,completed
ORD-0229435,R-0535,2025-10-22,29.38,app,pickup,completed
ORD-0229436,R-0535,2025-10-19,49.71,web,pickup,completed
ORD-0229437,R-0535,2025-10-03,21.02,web,delivery,completed
ORD-0229438,R-0535,2025-10-11,20.90,app,pickup,completed
ORD-0229439,R-0535,2025-10-06,25.89,web,pickup,completed
ORD-0229440,R-0535,2025-10-14,26.27,web,pickup,completed
ORD-0229441,R-0535,2025-10-22,45.65,web,delivery,completed
ORD-0229442,R-0535,2025-10-09,25.27,app,pickup,completed
ORD-0229443,R-0535,2025-10-11,15.38,web,delivery,completed
ORD-0229444,R-0535,2025-10-15,41.17,web,pickup,completed
ORD-0229445,R-0535,2025-10-22,26.49,web,pickup,completed
ORD-0229446,R-0535,2025-10-01,22.27,web,pickup,completed
ORD-0229447,R-0535,2025-10-16,29.71,web,pickup,completed
ORD-0229448,R-0535,2025-10-30,16.99,app,delivery,completed
ORD-0229449,R-0535,2025-10-16,14.58,web,delivery,completed
ORD-0229450,R-0535,2025-10-23,14.24,app,delivery,cancelled
ORD-0229451,R-0535,2025-10-23,24.38,web,delivery,completed
ORD-0229452,R-0535,2025-10-17,20.47,web,pickup,Completed
ORD-0229453,R-0535,2025-10-05,22.71,web,pickup,completed
ORD-0229454,R-0535,2025-10-25,21.10,web,delivery,cancelled
ORD-0229455,R-0535,2025-10-21,29.47,web,delivery,completed
ORD-0229456,R-0535,2025-10-22,30.50,app,delivery,completed
ORD-0229457,R-0535,2025-10-12,41.36,web,pickup,completed
ORD-0229458,R-0535,2025-10-10,23.06,web,pickup,completed
ORD-0229459,R-0535,2025-10-25,15.39,app,delivery,completed
ORD-0229460,R-0535,2025-10-12,20.61,app,delivery,completed
ORD-0229461,R-0535,2025-10-14,31.18,web,pickup,completed
ORD-0229462,R-0535,2025-10-16,27.15,app,pickup,Completed
ORD-0229463,R-0535,2025-10-07,25.61,app,pickup,completed
ORD-0229464,R-0535,2025-10-18,29.57,app,pickup,COMPLETED
ORD-0229465,R-0535,2025-10-10,39.20,app,delivery,completed
ORD-0229466,R-0535,2025-10-28,23.80,app,delivery,completed
ORD-0229467,R-0535,2025-10-06,17.84,web,pickup,completed
ORD-0229468,R-0535,2025-10-05,21.93,app,delivery,completed
ORD-0229469,R-0535,2025-10-05,36.12,web,delivery,Completed
ORD-0229470,R-0535,2025-10-24,27.44,app,delivery,COMPLETED
ORD-0229471,R-0535,2025-10-06,27.27,app,delivery,completed
ORD-0229472,R-0535,2025-10-04,24.18,app,pickup,completed
ORD-0229473,R-0535,2025-10-23,25.47,app,delivery,completed
ORD-0229474,R-0535,2025-10-23,34.25,app,delivery,completed
ORD-0229475,R-0535,2025-10-19,23.13,web,pickup,completed
ORD-0229476,R-0535,2025-10-08,30.15,web,delivery,completed
ORD-0229477,R-0535,2025-10-19,49.83,app,pickup,completed
ORD-0229478,R-0535,2025-10-12,36.76,web,pickup,Cancelled
ORD-0229479,R-0535,2025-10-22,15.95,app,pickup,completed
ORD-0229480,R-0535,2025-10-30,12.52,app,delivery,completed
ORD-0229481,R-0535,2025-10-23,48.37,app,pickup,completed
ORD-0229482,R-0535,2025-10-30,13.12,app,pickup,cancelled
ORD-0229483,R-0535,2025-10-15,26.78,web,pickup,completed
ORD-0229484,R-0535,2025-10-19,44.87,web,delivery,completed
ORD-0229485,R-0535,2025-10-01,16.79,web,pickup,completed
ORD-0229486,R-0535,2025-10-03,44.95,app,pickup,completed
ORD-0229487,R-0535,2025-10-20,10.14,web,pickup,completed
ORD-0229488,R-0535,2025-10-04,67.43,web,pickup,completed
ORD-0229489,R-0535,2025-10-12,33.16,web,pickup,completed
ORD-0229490,R-0535,2025-10-30,20.65,app,delivery,completed
ORD-0229491,R-0535,2025-10-20,24.50,app,pickup,completed
ORD-0229492,R-0535,2025-10-03,30.90,app,pickup,completed
ORD-0229493,R-0535,2025-10-25,42.40,web,pickup,completed
ORD-0229494,R-0535,2025-10-22,54.41,web,pickup,completed
ORD-0229495,R-0535,2025-10-29,22.16,web,pickup,completed
ORD-0229855,R-0536,2025-10-10,17.73,app,delivery,completed
ORD-0229856,R-0536,2025-10-11,36.72,app,pickup,completed
ORD-0229857,R-0536,2025-10-19,24.94,app,delivery,COMPLETED
ORD-0229858,R-0536,2025-10-14,26.30,web,pickup,completed
ORD-0229859,R-0536,2025-10-18,26.86,web,pickup,completed
ORD-0229860,R-0536,2025-10-03,30.77,app,delivery,completed
ORD-0229861,R-0536,2025-10-17,13.86,app,pickup,completed
ORD-0229862,R-0536,2025-10-29,22.82,web,delivery,completed
ORD-0229863,R-0536,2025-10-08,16.69,web,pickup,completed
ORD-0229864,R-0536,2025-10-04,26.80,app,delivery,completed
ORD-0229865,R-0536,2025-10-27,51.28,app,delivery,completed
ORD-0229866,R-0536,2025-10-18,24.77,web,delivery,completed
ORD-0229867,R-0536,2025-10-11,22.90,app,delivery,completed
ORD-0229868,R-0536,2025-10-12,15.31,app,pickup,completed
ORD-0229869,R-0536,2025-10-10,11.90,app,pickup,completed
ORD-0229870,R-0536,2025-10-03,22.29,app,delivery,completed
ORD-0229871,R-0536,2025-10-31,27.17,app,pickup,cancelled
ORD-0229872,R-0536,2025-10-19,26.93,app,delivery,completed
ORD-0229873,R-0536,2025-10-04,10.88,app,delivery,COMPLETED
ORD-0229874,R-0536,2025-10-25,21.33,app,delivery,completed
ORD-0229875,R-0536,2025-10-25,27.82,app,delivery,completed
ORD-0229876,R-0536,2025-10-02,20.51,app,delivery,completed
ORD-0229877,R-0536,2025-10-19,22.23,web,delivery,completed
ORD-0229878,R-0536,2025-10-19,24.92,app,delivery,completed
ORD-0229879,R-0536,2025-10-09,24.50,app,delivery,completed
ORD-0229880,R-0536,2025-10-08,26.80,app,delivery,completed
ORD-0229881,R-0536,2025-10-10,26.41,app,delivery,completed
ORD-0229882,R-0536,2025-10-19,29.74,web,delivery,completed
ORD-0229883,R-0536,2025-10-30,25.89,web,delivery,completed
ORD-0229884,R-0536,2025-10-27,13.63,web,pickup,completed
ORD-0229885,R-0536,2025-10-24,63.92,app,delivery,completed
ORD-0229886,R-0536,2025-10-26,23.33,app,delivery,completed
ORD-0229887,R-0536,2025-10-16,44.58,app,delivery,COMPLETED
ORD-0229888,R-0536,2025-10-30,21.27,web,delivery,completed
ORD-0229889,R-0536,2025-10-09,27.92,app,delivery,COMPLETED
ORD-0229890,R-0536,2025-10-01,18.90,web,delivery,completed
ORD-0229891,R-0536,2025-10-26,12.37,app,delivery,completed
ORD-0229892,R-0536,2025-10-12,31.73,web,delivery,completed
ORD-0229893,R-0536,2025-10-09,22.19,app,delivery,completed
ORD-0229894,R-0536,2025-10-11,31.03,app,delivery,completed
ORD-0229895,R-0536,2025-10-24,22.38,app,delivery,completed
ORD-0229896,R-0536,2025-10-06,20.26,app,delivery,completed
ORD-0229897,R-0536,2025-10-14,15.69,web,delivery,completed
ORD-0229898,R-0536,2025-10-10,23.79,app,pickup,completed
ORD-0229899,R-0536,2025-10-28,31.21,app,delivery,completed
ORD-0229900,R-0536,2025-10-20,57.34,app,delivery,completed
ORD-0229901,R-0536,2025-10-16,28.65,app,delivery,Completed
ORD-0229902,R-0536,2025-10-27,30.11,app,delivery,completed
ORD-0229903,R-0536,2025-10-22,38.37,app,delivery,completed
ORD-0229904,R-0536,2025-10-26,19.86,app,pickup,completed
ORD-0229905,R-0536,2025-10-10,16.01,web,pickup,completed
ORD-0229906,R-0536,2025-10-21,26.39,app,pickup,completed
ORD-0229907,R-0536,2025-10-29,32.09,app,pickup,completed
ORD-0229908,R-0536,2025-10-14,40.62,web,delivery,completed
ORD-0229909,R-0536,2025-10-17,16.69,app,pickup,completed
ORD-0230939,R-0538,2025-10-27,36.00,web,delivery,completed
ORD-0230940,R-0538,2025-10-04,30.87,app,pickup,Completed
ORD-0230941,R-0538,2025-10-16,26.82,web,pickup,COMPLETED
ORD-0230942,R-0538,2025-10-14,21.66,web,delivery,completed
ORD-0230943,R-0538,2025-10-10,21.40,app,pickup,refunded
ORD-0230944,R-0538,2025-10-12,55.76,app,pickup,completed
ORD-0230945,R-0538,2025-10-27,32.28,web,pickup,completed
ORD-0230946,R-0538,2025-10-19,33.55,app,delivery,completed
ORD-0230947,R-0538,2025-10-01,20.51,web,pickup,completed
ORD-0230948,R-0538,2025-10-10,46.50,app,pickup,completed
ORD-0230949,R-0538,2025-10-05,26.48,web,pickup,completed
ORD-0230950,R-0538,2025-10-17,25.55,web,delivery,completed
ORD-0230951,R-0538,2025-10-21,19.90,app,delivery,completed
ORD-0230952,R-0538,2025-10-02,25.47,app,pickup,completed
ORD-0230953,R-0538,2025-10-14,29.05,web,delivery,completed
ORD-0230954,R-0538,2025-10-06,27.59,app,delivery,completed
ORD-0230955,R-0538,2025-10-07,25.39,web,pickup,completed
ORD-0230956,R-0538,2025-10-03,19.84,web,delivery,completed
ORD-0230957,R-0538,2025-10-03,23.49,app,delivery,completed
ORD-0230958,R-0538,2025-10-26,42.87,web,delivery,completed
ORD-0230959,R-0538,2025-10-02,29.65,web,pickup,completed
ORD-0230960,R-0538,2025-10-10,33.91,web,delivery,completed
ORD-0230961,R-0538,2025-10-01,22.51,app,delivery,completed
ORD-0230962,R-0538,2025-10-21,26.77,app,pickup,completed
ORD-0230963,R-0538,2025-10-21,33.39,web,pickup,completed
ORD-0230964,R-0538,2025-10-18,28.26,app,pickup,COMPLETED
ORD-0230965,R-0538,2025-10-11,31.82,web,pickup,completed
ORD-0230966,R-0538,2025-10-12,26.27,web,pickup,completed
ORD-0230967,R-0538,2025-10-30,17.21,web,pickup,completed
ORD-0230968,R-0538,2025-10-18,28.43,web,pickup,completed
ORD-0230969,R-0538,2025-10-25,23.12,web,pickup,completed
ORD-0230970,R-0538,2025-10-08,38.33,app,pickup,completed
ORD-0230971,R-0538,2025-10-14,19.14,app,pickup,completed
ORD-0230972,R-0538,2025-10-13,17.49,web,delivery,Completed
ORD-0230973,R-0538,2025-10-18,14.50,web,pickup,Completed
ORD-0230974,R-0538,2025-10-04,18.68,app,delivery,completed
ORD-0230975,R-0538,2025-10-12,33.67,web,pickup,Completed
ORD-0230976,R-0538,2025-10-28,33.47,web,pickup,Completed
ORD-0230977,R-0538,2025-10-02,21.04,web,delivery,completed
ORD-0230978,R-0538,2025-10-10,27.21,app,delivery,cancelled
ORD-0230979,R-0538,2025-10-17,18.18,app,delivery,refunded
ORD-0230980,R-0538,2025-10-17,28.71,app,delivery,completed
ORD-0230981,R-0538,2025-10-18,45.71,web,delivery,completed
ORD-0230982,R-0538,2025-10-02,20.80,app,delivery,completed
ORD-0230983,R-0538,2025-10-02,36.53,app,delivery,completed
ORD-0230984,R-0538,2025-10-31,43.44,web,pickup,cancelled
ORD-0230985,R-0538,2025-10-11,25.53,app,pickup,completed
ORD-0230986,R-0538,2025-10-11,25.78,web,pickup,completed
ORD-0230987,R-0538,2025-10-11,31.37,app,pickup,completed
ORD-0230988,R-0538,2025-10-27,31.53,app,delivery,COMPLETED
ORD-0230989,R-0538,2025-10-05,27.72,web,pickup,completed
ORD-0230990,R-0538,2025-10-31,26.25,web,delivery,Completed
ORD-0230991,R-0538,2025-10-02,19.61,app,pickup,cancelled
ORD-0230992,R-0538,2025-10-04,29.99,app,delivery,completed
ORD-0230993,R-0538,2025-10-20,29.90,web,pickup,completed
ORD-0230994,R-0538,2025-10-02,37.59,web,delivery,completed
ORD-0230995,R-0538,2025-10-16,31.91,app,pickup,completed
ORD-0230996,R-0538,2025-10-16,28.05,app,delivery,completed
ORD-0230997,R-0538,2025-10-01,19.14,app,pickup,completed
ORD-0230998,R-0538,2025-10-16,42.35,app,pickup,completed
ORD-0230999,R-0538,2025-10-02,52.88,app,delivery,completed
ORD-0231000,R-0538,2025-10-20,34.41,app,pickup,completed
ORD-0231001,R-0538,2025-10-06,32.41,app,pickup,completed
ORD-0231002,R-0538,2025-10-09,21.15,app,delivery,cancelled
ORD-0231003,R-0538,2025-10-14,33.96,app,delivery,completed
ORD-0231004,R-0538,2025-10-12,35.57,web,pickup,completed
ORD-0231005,R-0538,2025-10-19,42.77,web,delivery,completed
ORD-0231006,R-0538,2025-10-26,28.91,app,delivery,completed
ORD-0231007,R-0538,2025-10-14,26.02,app,delivery,completed
ORD-0231008,R-0538,2025-10-25,29.61,app,pickup,completed
ORD-0231009,R-0538,2025-10-27,24.46,web,pickup,completed
ORD-0231010,R-0538,2025-10-17,31.38,web,pickup,completed
ORD-0231011,R-0538,2025-10-15,24.75,web,pickup,completed
ORD-0231012,R-0538,2025-10-22,19.23,web,pickup,COMPLETED
ORD-0231013,R-0538,2025-10-19,20.36,app,pickup,completed
ORD-0231014,R-0538,2025-10-25,23.28,app,delivery,completed
ORD-0231015,R-0538,2025-10-15,27.03,app,delivery,Completed
ORD-0231016,R-0538,2025-10-21,27.38,web,pickup,completed
ORD-0231017,R-0538,2025-10-22,18.44,app,delivery,completed
ORD-0231018,R-0538,2025-10-11,21.45,app,delivery,completed
ORD-0231019,R-0538,2025-10-22,35.12,web,pickup,completed
ORD-0231020,R-0538,2025-10-14,25.30,app,delivery,completed
ORD-0231021,R-0538,2025-10-12,40.67,web,delivery,completed
ORD-0231022,R-0538,2025-10-10,33.44,web,pickup,Completed
ORD-0231023,R-0538,2025-10-06,24.06,app,delivery,COMPLETED
ORD-0231024,R-0538,2025-10-01,27.34,app,delivery,completed
ORD-0231025,R-0538,2025-10-23,28.66,app,pickup,completed
ORD-0231026,R-0538,2025-10-20,26.09,web,delivery,completed
ORD-0231027,R-0538,2025-10-15,39.88,app,delivery,completed
ORD-0231028,R-0538,2025-10-16,23.40,app,pickup,completed
ORD-0231029,R-0538,2025-10-26,31.74,app,pickup,Completed
ORD-0231030,R-0538,2025-10-26,26.40,app,pickup,cancelled
ORD-0231031,R-0538,2025-10-13,18.58,app,delivery,completed
ORD-0231032,R-0538,2025-10-27,31.23,web,pickup,completed
ORD-0231033,R-0538,2025-10-04,33.62,app,pickup,Completed
ORD-0231034,R-0538,2025-10-03,26.55,app,pickup,completed
ORD-0231035,R-0538,2025-10-19,18.55,web,pickup,completed
ORD-0231036,R-0538,2025-10-13,18.06,app,delivery,completed
ORD-0231037,R-0538,2025-10-31,29.03,web,delivery,COMPLETED
ORD-0231038,R-0538,2025-10-22,14.23,app,delivery,completed
ORD-0231039,R-0538,2025-10-15,29.24,web,delivery,completed
ORD-0231040,R-0538,2025-10-06,17.47,web,pickup,COMPLETED
ORD-0231041,R-0538,2025-10-31,34.78,app,pickup,completed
ORD-0231042,R-0538,2025-10-05,24.22,app,delivery,completed
ORD-0231043,R-0538,2025-10-01,19.92,web,pickup,completed
ORD-0231044,R-0538,2025-10-17,38.24,web,delivery,completed
ORD-0231045,R-0538,2025-10-11,25.30,app,pickup,completed
ORD-0231046,R-0538,2025-10-29,36.74,web,delivery,completed
ORD-0231047,R-0538,2025-10-16,30.23,app,pickup,completed
ORD-0231048,R-0538,2025-10-30,20.59,app,delivery,completed
ORD-0231049,R-0538,2025-10-14,21.41,web,delivery,completed
ORD-0231050,R-0538,2025-10-27,25.45,web,pickup,completed
ORD-0231051,R-0538,2025-10-02,20.29,app,delivery,Completed
ORD-0231052,R-0538,2025-10-24,31.19,app,pickup,completed
ORD-0231053,R-0538,2025-10-07,31.85,web,pickup,completed
ORD-0231054,R-0538,2025-10-11,35.26,web,pickup,completed
ORD-0231055,R-0538,2025-10-19,37.66,web,pickup,completed
ORD-0231056,R-0538,2025-10-12,44.01,web,delivery,completed
ORD-0231057,R-0538,2025-10-10,26.46,web,delivery,completed
ORD-0231058,R-0538,2025-10-24,19.58,web,pickup,completed
ORD-0231059,R-0538,2025-10-04,25.75,app,pickup,completed
ORD-0231060,R-0538,2025-10-16,36.26,web,delivery,completed
ORD-0231061,R-0538,2025-10-06,26.29,web,delivery,completed
ORD-0231062,R-0538,2025-10-29,19.98,web,delivery,COMPLETED
ORD-0231063,R-0538,2025-10-18,23.27,web,pickup,completed
ORD-0231064,R-0538,2025-10-04,25.02,web,delivery,completed
ORD-0231065,R-0538,2025-10-25,30.57,web,delivery,completed
ORD-0231066,R-0538,2025-10-25,35.00,web,pickup,completed
ORD-0231067,R-0538,2025-10-05,36.98,app,delivery,completed
ORD-0231068,R-0538,2025-10-16,23.83,web,pickup,completed
ORD-0231069,R-0538,2025-10-18,31.01,web,pickup,completed
ORD-0231070,R-0538,2025-10-15,34.05,web,delivery,completed
ORD-0231071,R-0538,2025-10-25,26.63,web,pickup,completed
ORD-0231072,R-0538,2025-10-13,27.64,app,pickup,completed
ORD-0231073,R-0538,2025-10-26,32.20,web,pickup,completed
ORD-0231074,R-0538,2025-10-19,27.82,web,delivery,completed
ORD-0231075,R-0538,2025-10-05,25.52,app,delivery,completed
ORD-0231076,R-0538,2025-10-26,24.51,app,pickup,completed
ORD-0231077,R-0538,2025-10-11,31.51,web,pickup,COMPLETED
ORD-0231078,R-0538,2025-10-18,23.57,web,delivery,completed
ORD-0231079,R-0538,2025-10-25,41.20,app,pickup,COMPLETED
ORD-0231080,R-0538,2025-10-25,29.93,web,delivery,Completed
ORD-0231081,R-0538,2025-10-12,22.93,web,pickup,completed
ORD-0231082,R-0538,2025-10-31,19.23,app,pickup,completed
ORD-0231083,R-0538,2025-10-26,53.98,app,pickup,completed
ORD-0231084,R-0538,2025-10-05,41.16,app,pickup,completed
ORD-0231085,R-0538,2025-10-03,20.21,app,delivery,cancelled
ORD-0231086,R-0538,2025-10-18,18.85,app,pickup,Completed
ORD-0231087,R-0538,2025-10-23,50.71,web,delivery,completed
ORD-0231088,R-0538,2025-10-09,37.65,web,delivery,completed
ORD-0231089,R-0538,2025-10-19,23.44,web,delivery,Completed
ORD-0231090,R-0538,2025-10-16,29.65,web,delivery,completed
ORD-0231091,R-0538,2025-10-04,32.56,web,pickup,completed
ORD-0231092,R-0538,2025-10-21,22.61,app,pickup,COMPLETED
ORD-0231093,R-0538,2025-10-26,16.85,app,pickup,completed
ORD-0231094,R-0538,2025-10-30,29.26,app,pickup,completed
ORD-0231095,R-0538,2025-10-24,31.73,app,delivery,completed
ORD-0231096,R-0538,2025-10-06,21.69,app,delivery,completed
ORD-0231097,R-0538,2025-10-23,26.71,web,pickup,completed
ORD-0231098,R-0538,2025-10-28,37.35,app,pickup,completed
ORD-0231099,R-0538,2025-10-04,20.28,web,delivery,completed
ORD-0231100,R-0538,2025-10-03,29.79,app,pickup,completed
ORD-0231101,R-0538,2025-10-10,18.90,app,pickup,Completed
ORD-0231102,R-0538,2025-10-07,26.86,app,delivery,completed
ORD-0235432,R-0547,2025-10-11,27.90,app,pickup,Completed
ORD-0235433,R-0547,2025-10-29,23.96,web,pickup,completed
ORD-0235434,R-0547,2025-10-21,12.46,app,pickup,completed
ORD-0235435,R-0547,2025-10-22,29.21,app,pickup,completed
ORD-0235436,R-0547,2025-10-31,22.02,web,pickup,completed
ORD-0235437,R-0547,2025-10-27,14.31,app,pickup,Completed
ORD-0235438,R-0547,2025-10-31,10.77,app,delivery,completed
ORD-0235439,R-0547,2025-10-12,21.17,app,pickup,completed
ORD-0235440,R-0547,2025-10-26,16.49,app,delivery,COMPLETED
ORD-0235441,R-0547,2025-10-22,18.41,app,delivery,completed
ORD-0235442,R-0547,2025-10-14,19.35,app,delivery,completed
ORD-0235443,R-0547,2025-10-16,33.52,web,delivery,COMPLETED
ORD-0235444,R-0547,2025-10-31,17.80,app,pickup,completed
ORD-0235445,R-0547,2025-10-23,18.99,app,delivery,completed
ORD-0235446,R-0547,2025-10-29,18.26,web,delivery,refunded
ORD-0235447,R-0547,2025-10-18,11.65,app,pickup,completed
ORD-0235448,R-0547,2025-10-27,23.07,app,pickup,completed
ORD-0235449,R-0547,2025-10-02,20.38,app,pickup,completed
ORD-0235450,R-0547,2025-10-19,21.30,app,pickup,completed
ORD-0235451,R-0547,2025-10-29,24.44,app,delivery,completed
ORD-0235452,R-0547,2025-10-15,21.87,app,pickup,completed
ORD-0235453,R-0547,2025-10-24,16.23,app,delivery,completed
ORD-0235454,R-0547,2025-10-06,29.52,app,delivery,completed
ORD-0235455,R-0547,2025-10-13,16.36,app,pickup,COMPLETED
ORD-0235456,R-0547,2025-10-09,17.17,app,pickup,completed
ORD-0235457,R-0547,2025-10-29,13.93,web,delivery,Completed
ORD-0235458,R-0547,2025-10-19,24.86,web,pickup,completed
ORD-0235459,R-0547,2025-10-12,10.39,web,delivery,completed
ORD-0235460,R-0547,2025-10-23,17.01,app,pickup,completed
ORD-0235461,R-0547,2025-10-23,45.34,web,delivery,completed
ORD-0235462,R-0547,2025-10-05,23.57,web,pickup,completed
ORD-0235463,R-0547,2025-10-11,15.28,web,pickup,completed
ORD-0235464,R-0547,2025-10-17,28.37,web,delivery,completed
ORD-0235465,R-0547,2025-10-05,17.28,app,delivery,cancelled
ORD-0235466,R-0547,2025-10-04,19.30,app,delivery,completed
ORD-0235467,R-0547,2025-10-31,20.12,web,delivery,completed
ORD-0235468,R-0547,2025-10-21,20.20,app,delivery,completed
ORD-0235469,R-0547,2025-10-18,25.29,app,pickup,Completed
ORD-0235470,R-0547,2025-10-04,29.55,app,pickup,completed
ORD-0235471,R-0547,2025-10-26,14.91,app,pickup,completed
ORD-0235472,R-0547,2025-10-14,13.59,web,pickup,completed
ORD-0235473,R-0547,2025-10-14,24.65,web,delivery,completed
ORD-0235474,R-0547,2025-10-08,23.34,app,pickup,completed
ORD-0235475,R-0547,2025-10-08,26.94,app,pickup,completed
ORD-0235476,R-0547,2025-10-20,16.04,app,pickup,completed
ORD-0235477,R-0547,2025-10-31,27.24,app,pickup,completed
ORD-0235478,R-0547,2025-10-11,15.14,web,delivery,completed
ORD-0235479,R-0547,2025-10-28,23.43,app,delivery,Completed
ORD-0235480,R-0547,2025-10-29,16.64,web,delivery,completed
ORD-0235481,R-0547,2025-10-14,17.24,web,delivery,completed
ORD-0235482,R-0547,2025-10-11,15.84,app,delivery,refunded
ORD-0235483,R-0547,2025-10-02,24.04,web,pickup,COMPLETED
ORD-0235484,R-0547,2025-10-18,22.34,app,delivery,COMPLETED
ORD-0235485,R-0547,2025-10-09,35.41,app,pickup,completed
ORD-0235486,R-0547,2025-10-16,26.71,app,pickup,completed
ORD-0235487,R-0547,2025-10-09,15.85,app,pickup,completed
ORD-0235488,R-0547,2025-10-04,23.33,app,pickup,completed
ORD-0235489,R-0547,2025-10-27,23.21,web,delivery,completed
ORD-0235490,R-0547,2025-10-25,20.70,web,pickup,completed
ORD-0235491,R-0547,2025-10-09,21.87,web,pickup,refunded
ORD-0235492,R-0547,2025-10-14,21.69,web,pickup,completed
ORD-0235493,R-0547,2025-10-29,7.69,web,pickup,completed
ORD-0235494,R-0547,2025-10-17,15.21,app,pickup,completed
ORD-0235495,R-0547,2025-10-09,22.11,web,pickup,completed
ORD-0235496,R-0547,2025-10-16,15.13,web,pickup,Completed
ORD-0235497,R-0547,2025-10-12,16.84,app,pickup,completed
ORD-0235498,R-0547,2025-10-17,26.06,app,delivery,completed
ORD-0235499,R-0547,2025-10-07,29.35,web,delivery,completed
ORD-0235500,R-0547,2025-10-30,21.84,app,pickup,completed
ORD-0235501,R-0547,2025-10-12,18.75,app,delivery,completed
ORD-0235502,R-0547,2025-10-30,21.42,app,delivery,COMPLETED
ORD-0235503,R-0547,2025-10-13,21.94,app,pickup,completed
ORD-0237098,R-0548,2025-10-31,23.63,web,delivery,completed
ORD-0237099,R-0548,2025-10-27,17.67,app,delivery,completed
ORD-0237100,R-0548,2025-10-30,16.81,app,delivery,completed
ORD-0237101,R-0548,2025-10-29,18.75,app,delivery,completed
ORD-0237102,R-0548,2025-10-31,21.42,app,delivery,completed
ORD-0237103,R-0548,2025-10-27,13.97,app,pickup,completed
ORD-0237104,R-0548,2025-10-28,24.70,web,pickup,completed
ORD-0237105,R-0548,2025-10-29,15.94,web,pickup,completed
ORD-0237106,R-0548,2025-10-26,13.78,web,pickup,completed
ORD-0237888,R-0549,2025-10-19,16.38,web,delivery,completed
ORD-0237889,R-0549,2025-10-06,16.53,web,delivery,completed
ORD-0237890,R-0549,2025-10-19,26.30,web,pickup,completed
ORD-0237891,R-0549,2025-10-11,17.95,web,pickup,completed
ORD-0237892,R-0549,2025-10-01,20.22,web,pickup,completed
ORD-0237893,R-0549,2025-10-25,11.10,web,delivery,completed
ORD-0237894,R-0549,2025-10-25,25.50,web,pickup,completed
ORD-0237895,R-0549,2025-10-19,16.30,web,delivery,completed
ORD-0237896,R-0549,2025-10-03,27.16,web,delivery,COMPLETED
ORD-0237897,R-0549,2025-10-17,15.02,web,delivery,Completed
ORD-0237898,R-0549,2025-10-10,21.71,web,pickup,completed
ORD-0237899,R-0549,2025-10-27,22.93,app,pickup,completed
ORD-0237900,R-0549,2025-10-02,20.67,web,pickup,completed
ORD-0237901,R-0549,2025-10-18,28.01,app,pickup,completed
ORD-0237902,R-0549,2025-10-06,23.18,web,delivery,completed
ORD-0237903,R-0549,2025-10-05,23.59,web,pickup,completed
ORD-0237904,R-0549,2025-10-09,22.44,app,delivery,completed
ORD-0237905,R-0549,2025-10-23,12.94,web,delivery,completed
ORD-0237906,R-0549,2025-10-18,16.48,web,pickup,completed
ORD-0237907,R-0549,2025-10-31,17.67,web,delivery,completed
ORD-0237908,R-0549,2025-10-22,34.83,web,delivery,cancelled
ORD-0237909,R-0549,2025-10-26,19.46,web,delivery,completed
ORD-0237910,R-0549,2025-10-15,26.67,web,delivery,COMPLETED
ORD-0237911,R-0549,2025-10-11,22.31,web,pickup,completed
ORD-0237912,R-0549,2025-10-04,15.88,web,delivery,completed
ORD-0237913,R-0549,2025-10-01,13.85,web,delivery,completed
ORD-0237914,R-0549,2025-10-10,14.41,app,delivery,Completed
ORD-0237915,R-0549,2025-10-03,14.76,app,pickup,completed
ORD-0237916,R-0549,2025-10-27,9.65,web,pickup,COMPLETED
ORD-0237917,R-0549,2025-10-03,32.48,web,delivery,completed
ORD-0237918,R-0549,2025-10-25,18.19,web,pickup,completed
ORD-0237919,R-0549,2025-10-25,14.30,web,pickup,cancelled
ORD-0237920,R-0549,2025-10-29,23.92,web,pickup,completed
ORD-0237921,R-0549,2025-10-27,19.48,web,delivery,completed
ORD-0237922,R-0549,2025-10-31,38.19,web,pickup,COMPLETED
ORD-0237923,R-0549,2025-10-25,24.42,web,delivery,completed
ORD-0237924,R-0549,2025-10-24,22.57,app,delivery,completed
ORD-0237925,R-0549,2025-10-06,15.74,web,delivery,Completed
ORD-0237926,R-0549,2025-10-03,27.34,web,delivery,completed
ORD-0237927,R-0549,2025-10-16,38.97,web,pickup,completed
ORD-0237928,R-0549,2025-10-31,16.35,web,delivery,completed
ORD-0237929,R-0549,2025-10-04,58.35,web,delivery,completed
ORD-0237930,R-0549,2025-10-04,12.61,web,delivery,completed
ORD-0237931,R-0549,2025-10-28,44.41,web,delivery,completed
ORD-0237932,R-0549,2025-10-17,15.50,web,pickup,completed
ORD-0237933,R-0549,2025-10-21,19.90,app,delivery,completed
ORD-0237934,R-0549,2025-10-31,14.53,web,delivery,completed
ORD-0237935,R-0549,2025-10-05,13.79,web,pickup,completed
ORD-0237936,R-0549,2025-10-11,35.88,web,pickup,completed
ORD-0237937,R-0549,2025-10-31,23.07,web,delivery,refunded
ORD-0237938,R-0549,2025-10-19,21.30,web,delivery,completed
ORD-0237939,R-0549,2025-10-11,14.53,web,pickup,completed
ORD-0237940,R-0549,2025-10-15,11.54,app,pickup,completed
ORD-0237941,R-0549,2025-10-03,15.00,web,pickup,completed
ORD-0237942,R-0549,2025-10-27,30.73,web,pickup,completed
ORD-0237943,R-0549,2025-10-02,23.24,web,delivery,completed
ORD-0237944,R-0549,2025-10-14,40.06,web,delivery,completed
ORD-0237945,R-0549,2025-10-24,19.21,web,delivery,completed
ORD-0237946,R-0549,2025-10-13,28.79,app,delivery,completed
ORD-0237947,R-0549,2025-10-06,16.21,web,pickup,completed
ORD-0237948,R-0549,2025-10-18,13.40,web,delivery,completed
ORD-0237949,R-0549,2025-10-18,17.28,web,delivery,completed
ORD-0237950,R-0549,2025-10-02,24.22,web,pickup,completed
ORD-0237951,R-0549,2025-10-17,27.40,web,delivery,completed
ORD-0237952,R-0549,2025-10-28,20.68,web,pickup,completed
ORD-0237953,R-0549,2025-10-24,18.91,web,delivery,completed
ORD-0237954,R-0549,2025-10-29,15.09,web,pickup,completed
ORD-0237955,R-0549,2025-10-18,23.66,web,pickup,completed
ORD-0237956,R-0549,2025-10-04,10.89,web,pickup,cancelled
ORD-0237957,R-0549,2025-10-01,31.83,web,pickup,completed
ORD-0237958,R-0549,2025-10-04,14.49,web,pickup,completed
ORD-0237959,R-0549,2025-10-23,14.23,app,pickup,completed
ORD-0237960,R-0549,2025-10-20,25.12,web,delivery,Completed
ORD-0237961,R-0549,2025-10-28,25.45,web,pickup,completed
ORD-0237962,R-0549,2025-10-27,25.22,web,pickup,completed
ORD-0237963,R-0549,2025-10-24,28.83,web,delivery,completed
ORD-0237964,R-0549,2025-10-10,19.46,web,pickup,completed
ORD-0237965,R-0549,2025-10-26,22.33,web,pickup,completed
ORD-0237966,R-0549,2025-10-17,26.51,web,delivery,completed
ORD-0237967,R-0549,2025-10-05,25.60,web,delivery,Completed
ORD-0237968,R-0549,2025-10-11,34.36,web,pickup,completed
ORD-0237969,R-0549,2025-10-29,24.32,web,delivery,completed
ORD-0237970,R-0549,2025-10-08,20.01,web,delivery,completed
ORD-0238907,R-0550,2025-10-28,30.80,web,delivery,COMPLETED
ORD-0238908,R-0550,2025-10-26,54.30,app,delivery,Completed
ORD-0238909,R-0550,2025-10-23,14.05,app,delivery,completed
ORD-0238910,R-0550,2025-10-11,17.76,web,delivery,completed
ORD-0238911,R-0550,2025-10-22,12.10,app,pickup,completed
ORD-0238912,R-0550,2025-10-11,65.80,web,delivery,completed
ORD-0238913,R-0550,2025-10-26,38.75,app,delivery,completed
ORD-0238914,R-0550,2025-10-03,25.20,web,delivery,completed
ORD-0238915,R-0550,2025-10-10,23.41,web,delivery,completed
ORD-0238916,R-0550,2025-10-27,13.62,web,delivery,completed
ORD-0238917,R-0550,2025-10-03,32.78,app,pickup,completed
ORD-0238918,R-0550,2025-10-25,45.43,web,delivery,completed
ORD-0238919,R-0550,2025-10-10,41.62,web,delivery,completed
ORD-0238920,R-0550,2025-10-17,28.52,web,delivery,completed
ORD-0239204,R-0551,2025-10-28,59.23,app,delivery,completed
ORD-0239205,R-0551,2025-10-15,37.18,web,pickup,Completed
ORD-0239206,R-0551,2025-10-18,26.67,web,pickup,completed
ORD-0239207,R-0551,2025-10-20,50.90,app,pickup,completed
ORD-0239208,R-0551,2025-10-04,43.43,app,delivery,completed
ORD-0239209,R-0551,2025-10-04,79.08,app,delivery,completed
ORD-0239210,R-0551,2025-10-21,34.65,web,delivery,completed
ORD-0239211,R-0551,2025-10-27,23.27,app,pickup,completed
ORD-0239212,R-0551,2025-10-26,26.02,app,delivery,completed
ORD-0239213,R-0551,2025-10-26,56.21,app,delivery,CANCELLED
ORD-0239214,R-0551,2025-10-10,35.60,web,pickup,completed
ORD-0239215,R-0551,2025-10-16,39.94,app,delivery,completed
ORD-0239216,R-0551,2025-10-24,43.53,web,pickup,COMPLETED
ORD-0239217,R-0551,2025-10-19,28.67,app,delivery,completed
ORD-0239218,R-0551,2025-10-02,28.36,app,pickup,completed
ORD-0239219,R-0551,2025-10-11,57.14,app,delivery,COMPLETED
ORD-0239220,R-0551,2025-10-18,23.29,app,delivery,COMPLETED
ORD-0239221,R-0551,2025-10-12,19.84,app,delivery,completed
ORD-0239222,R-0551,2025-10-19,13.95,app,delivery,completed
ORD-0239223,R-0551,2025-10-26,60.25,app,pickup,COMPLETED
ORD-0239224,R-0551,2025-10-17,30.17,app,delivery,completed
ORD-0239225,R-0551,2025-10-15,43.13,app,delivery,completed
ORD-0239226,R-0551,2025-10-03,19.51,web,pickup,CANCELLED
ORD-0239227,R-0551,2025-10-17,45.78,app,pickup,completed
ORD-0239228,R-0551,2025-10-03,38.27,app,delivery,Cancelled
ORD-0239229,R-0551,2025-10-10,64.06,app,pickup,COMPLETED
ORD-0239230,R-0551,2025-10-22,44.06,app,delivery,completed
ORD-0239231,R-0551,2025-10-09,67.51,app,delivery,completed
ORD-0239232,R-0551,2025-10-26,58.57,app,delivery,completed
ORD-0239233,R-0551,2025-10-16,24.76,web,delivery,completed
ORD-0239234,R-0551,2025-10-17,60.65,app,pickup,completed
ORD-0239235,R-0551,2025-10-28,47.56,app,pickup,completed
ORD-0239236,R-0551,2025-10-15,71.24,web,delivery,completed
ORD-0239237,R-0551,2025-10-22,49.62,app,delivery,completed
ORD-0239238,R-0551,2025-10-31,63.01,web,pickup,completed
ORD-0239239,R-0551,2025-10-28,69.32,app,delivery,completed
ORD-0239240,R-0551,2025-10-13,47.60,app,delivery,completed
ORD-0239241,R-0551,2025-10-25,30.18,app,pickup,COMPLETED
ORD-0239242,R-0551,2025-10-18,40.79,app,delivery,completed
ORD-0239243,R-0551,2025-10-11,21.66,app,delivery,completed
ORD-0239244,R-0551,2025-10-02,70.86,app,pickup,completed
ORD-0239245,R-0551,2025-10-25,25.12,app,pickup,completed
ORD-0239246,R-0551,2025-10-25,57.62,app,delivery,completed
ORD-0239247,R-0551,2025-10-18,48.39,app,delivery,completed
ORD-0239248,R-0551,2025-10-03,39.69,app,delivery,COMPLETED
ORD-0239249,R-0551,2025-10-23,35.29,app,pickup,completed
ORD-0239250,R-0551,2025-10-05,28.58,web,delivery,completed
ORD-0239251,R-0551,2025-10-31,49.47,app,pickup,completed
ORD-0239252,R-0551,2025-10-14,58.55,app,pickup,completed
ORD-0239253,R-0551,2025-10-03,41.50,app,pickup,REFUNDED
ORD-0239254,R-0551,2025-10-17,38.81,web,delivery,completed
ORD-0239255,R-0551,2025-10-23,88.20,web,pickup,completed
ORD-0239256,R-0551,2025-10-31,63.26,app,pickup,completed
ORD-0239257,R-0551,2025-10-18,29.13,app,pickup,completed
ORD-0239258,R-0551,2025-10-31,82.60,web,pickup,completed
ORD-0239259,R-0551,2025-10-19,65.03,app,delivery,completed
ORD-0239260,R-0551,2025-10-18,67.29,app,pickup,completed
ORD-0239261,R-0551,2025-10-07,19.13,web,delivery,completed
ORD-0239262,R-0551,2025-10-02,38.38,app,delivery,completed
ORD-0239263,R-0551,2025-10-05,45.76,app,pickup,completed
ORD-0239264,R-0551,2025-10-27,39.01,web,delivery,completed
ORD-0239265,R-0551,2025-10-30,100.95,app,pickup,completed
ORD-0239266,R-0551,2025-10-24,35.29,web,delivery,COMPLETED
ORD-0240767,R-0553,2025-10-25,22.36,web,pickup,completed
ORD-0240768,R-0553,2025-10-12,19.75,app,pickup,completed
ORD-0240769,R-0553,2025-10-11,32.38,app,delivery,completed
ORD-0240770,R-0553,2025-10-26,40.74,app,pickup,completed
ORD-0240771,R-0553,2025-10-10,19.32,web,pickup,completed
ORD-0240772,R-0553,2025-10-18,36.36,web,delivery,completed
ORD-0240773,R-0553,2025-10-15,48.55,app,delivery,completed
ORD-0240774,R-0553,2025-10-03,35.56,app,delivery,completed
ORD-0240775,R-0553,2025-10-19,25.13,app,delivery,completed
ORD-0240776,R-0553,2025-10-07,29.01,web,pickup,completed
ORD-0240777,R-0553,2025-10-08,44.91,web,pickup,completed
ORD-0240778,R-0553,2025-10-03,35.36,web,pickup,cancelled
ORD-0240779,R-0553,2025-10-25,33.72,web,pickup,completed
ORD-0240780,R-0553,2025-10-25,23.78,app,pickup,completed
ORD-0240781,R-0553,2025-10-06,14.13,web,delivery,cancelled
ORD-0240782,R-0553,2025-10-29,25.26,app,pickup,COMPLETED
ORD-0240783,R-0553,2025-10-03,42.59,web,pickup,completed
ORD-0240784,R-0553,2025-10-08,58.72,app,delivery,completed
ORD-0240785,R-0553,2025-10-26,26.22,app,pickup,completed
ORD-0240786,R-0553,2025-10-04,15.73,web,delivery,completed
ORD-0240787,R-0553,2025-10-16,32.75,web,pickup,cancelled
ORD-0240788,R-0553,2025-10-14,16.36,web,delivery,completed
ORD-0240789,R-0553,2025-10-11,29.21,web,delivery,completed
ORD-0240790,R-0553,2025-10-26,30.53,web,delivery,completed
ORD-0240791,R-0553,2025-10-24,20.79,app,pickup,completed
ORD-0240792,R-0553,2025-10-12,40.71,app,pickup,completed
ORD-0240793,R-0553,2025-10-05,31.16,app,delivery,completed
ORD-0240794,R-0553,2025-10-28,19.63,app,pickup,completed
ORD-0240795,R-0553,2025-10-10,37.27,app,delivery,completed
ORD-0240796,R-0553,2025-10-19,22.35,web,pickup,completed
ORD-0240797,R-0553,2025-10-17,35.63,web,delivery,completed
ORD-0240798,R-0553,2025-10-10,21.47,app,delivery,completed
ORD-0240799,R-0553,2025-10-24,22.49,app,pickup,completed
ORD-0240800,R-0553,2025-10-05,35.24,app,delivery,completed
ORD-0240801,R-0553,2025-10-25,33.56,web,pickup,completed
ORD-0240802,R-0553,2025-10-22,27.49,app,pickup,completed
ORD-0240803,R-0553,2025-10-17,22.81,web,pickup,completed
ORD-0240804,R-0553,2025-10-31,31.64,app,delivery,completed
ORD-0240805,R-0553,2025-10-19,42.69,app,delivery,completed
ORD-0240806,R-0553,2025-10-31,24.30,web,delivery,completed
ORD-0240807,R-0553,2025-10-07,35.87,web,pickup,completed
ORD-0240808,R-0553,2025-10-18,32.26,app,delivery,COMPLETED
ORD-0240809,R-0553,2025-10-07,25.27,app,delivery,completed
ORD-0240810,R-0553,2025-10-05,21.18,app,pickup,completed
ORD-0240811,R-0553,2025-10-31,21.98,app,delivery,completed
ORD-0240812,R-0553,2025-10-13,57.60,app,pickup,Completed
ORD-0240813,R-0553,2025-10-26,18.49,web,delivery,completed
ORD-0240814,R-0553,2025-10-24,28.18,app,pickup,completed
ORD-0240815,R-0553,2025-10-13,35.70,app,pickup,completed
ORD-0240816,R-0553,2025-10-08,29.05,app,pickup,completed
ORD-0240817,R-0553,2025-10-25,44.92,app,pickup,Completed
ORD-0240818,R-0553,2025-10-30,16.80,app,delivery,completed
ORD-0240819,R-0553,2025-10-17,42.46,app,pickup,completed
ORD-0240820,R-0553,2025-10-22,17.83,web,delivery,completed
ORD-0240821,R-0553,2025-10-23,30.62,app,delivery,completed
ORD-0240822,R-0553,2025-10-30,29.72,web,pickup,completed
ORD-0240823,R-0553,2025-10-19,35.52,web,delivery,Completed
ORD-0240824,R-0553,2025-10-14,27.01,app,delivery,completed
ORD-0240825,R-0553,2025-10-19,23.37,app,delivery,completed
ORD-0240826,R-0553,2025-10-29,22.70,web,pickup,COMPLETED
ORD-0240827,R-0553,2025-10-18,27.22,app,delivery,completed
ORD-0240828,R-0553,2025-10-09,18.58,web,delivery,completed
ORD-0240829,R-0553,2025-10-21,24.79,app,pickup,completed
ORD-0240830,R-0553,2025-10-28,24.93,app,pickup,completed
ORD-0240831,R-0553,2025-10-14,18.19,app,delivery,completed
ORD-0240832,R-0553,2025-10-14,19.72,app,pickup,completed
ORD-0240833,R-0553,2025-10-03,29.18,web,pickup,completed
ORD-0240834,R-0553,2025-10-10,31.94,app,pickup,completed
ORD-0240835,R-0553,2025-10-18,36.35,web,pickup,completed
ORD-0240836,R-0553,2025-10-10,28.33,app,delivery,completed
ORD-0240837,R-0553,2025-10-04,53.45,app,delivery,completed
ORD-0240838,R-0553,2025-10-16,31.78,app,delivery,completed
ORD-0240839,R-0553,2025-10-02,15.45,app,delivery,completed
ORD-0240840,R-0553,2025-10-12,38.54,app,delivery,completed
ORD-0240841,R-0553,2025-10-01,31.18,web,pickup,COMPLETED
ORD-0240842,R-0553,2025-10-25,17.90,web,pickup,Completed
ORD-0240843,R-0553,2025-10-29,29.22,app,delivery,COMPLETED
ORD-0240844,R-0553,2025-10-12,21.57,web,pickup,completed
ORD-0240845,R-0553,2025-10-31,36.55,app,pickup,COMPLETED
ORD-0240846,R-0553,2025-10-06,25.75,app,pickup,completed
ORD-0240847,R-0553,2025-10-26,23.19,app,delivery,refunded
ORD-0240848,R-0553,2025-10-25,24.72,app,delivery,completed
ORD-0240849,R-0553,2025-10-05,35.92,app,pickup,Completed
ORD-0240850,R-0553,2025-10-18,24.52,app,delivery,completed
ORD-0240851,R-0553,2025-10-05,20.86,app,pickup,completed
ORD-0240852,R-0553,2025-10-27,27.02,web,pickup,completed
ORD-0240853,R-0553,2025-10-26,32.90,web,delivery,completed
ORD-0240854,R-0553,2025-10-04,18.60,app,pickup,completed
ORD-0240855,R-0553,2025-10-28,32.16,app,pickup,completed
ORD-0240856,R-0553,2025-10-07,26.12,web,pickup,completed
ORD-0240857,R-0553,2025-10-17,18.51,web,pickup,completed
ORD-0240858,R-0553,2025-10-23,26.33,web,delivery,completed
ORD-0240859,R-0553,2025-10-07,26.01,app,delivery,COMPLETED
ORD-0240860,R-0553,2025-10-19,44.97,web,pickup,completed
ORD-0240861,R-0553,2025-10-09,22.74,app,delivery,completed
ORD-0240862,R-0553,2025-10-24,29.18,app,pickup,completed
ORD-0240863,R-0553,2025-10-14,19.50,app,pickup,completed
ORD-0240864,R-0553,2025-10-31,30.97,app,pickup,completed
ORD-0240865,R-0553,2025-10-10,28.92,app,delivery,completed
ORD-0240866,R-0553,2025-10-03,31.60,app,pickup,completed
ORD-0240867,R-0553,2025-10-16,28.72,web,delivery,completed
ORD-0240868,R-0553,2025-10-25,16.85,app,pickup,completed
ORD-0240869,R-0553,2025-10-29,38.52,web,delivery,completed
ORD-0240870,R-0553,2025-10-25,23.90,app,delivery,completed
ORD-0240871,R-0553,2025-10-21,31.71,app,delivery,completed
ORD-0240872,R-0553,2025-10-11,28.75,web,delivery,completed
ORD-0240873,R-0553,2025-10-13,38.59,app,pickup,Completed
ORD-0240874,R-0553,2025-10-03,19.71,web,delivery,completed
ORD-0240875,R-0553,2025-10-16,26.88,web,delivery,completed
ORD-0240876,R-0553,2025-10-11,17.23,app,pickup,completed
ORD-0240877,R-0553,2025-10-16,27.79,app,pickup,completed
ORD-0240878,R-0553,2025-10-10,30.55,app,pickup,completed
ORD-0240879,R-0553,2025-10-13,25.94,app,pickup,COMPLETED
ORD-0240880,R-0553,2025-10-30,23.38,app,delivery,completed
ORD-0240881,R-0553,2025-10-27,26.75,app,pickup,COMPLETED
ORD-0240882,R-0553,2025-10-13,17.57,web,pickup,completed
ORD-0240883,R-0553,2025-10-14,25.40,web,pickup,completed
ORD-0241919,R-0555,2025-10-23,28.50,web,delivery,completed
ORD-0241920,R-0555,2025-10-22,37.49,web,delivery,completed
ORD-0241921,R-0555,2025-10-15,35.07,web,delivery,completed
ORD-0241922,R-0555,2025-10-18,18.57,web,delivery,completed
ORD-0241923,R-0555,2025-10-18,18.48,web,delivery,cancelled
ORD-0241924,R-0555,2025-10-08,13.89,app,pickup,completed
ORD-0241925,R-0555,2025-10-23,20.43,web,delivery,completed
ORD-0241926,R-0555,2025-10-17,17.01,web,delivery,completed
ORD-0241927,R-0555,2025-10-14,21.26,web,delivery,completed
ORD-0241928,R-0555,2025-10-21,13.79,app,delivery,completed
ORD-0241929,R-0555,2025-10-16,15.69,web,delivery,COMPLETED
ORD-0241930,R-0555,2025-10-09,39.28,app,delivery,completed
ORD-0241931,R-0555,2025-10-11,17.05,web,delivery,completed
ORD-0241932,R-0555,2025-10-26,19.92,app,delivery,completed
ORD-0241933,R-0555,2025-10-09,13.13,web,delivery,completed
ORD-0241934,R-0555,2025-10-30,21.86,app,delivery,Completed
ORD-0241935,R-0555,2025-10-25,43.89,app,delivery,Completed
ORD-0241936,R-0555,2025-10-08,32.23,web,delivery,COMPLETED
ORD-0241937,R-0555,2025-10-12,33.46,app,pickup,completed
ORD-0241938,R-0555,2025-10-16,19.30,app,delivery,completed
ORD-0241939,R-0555,2025-10-17,28.83,web,delivery,refunded
ORD-0241940,R-0555,2025-10-09,21.66,web,delivery,completed
ORD-0241941,R-0555,2025-10-31,37.02,app,delivery,completed
ORD-0242814,R-0560,2025-10-27,39.01,app,pickup,completed
ORD-0242815,R-0560,2025-10-04,26.66,web,delivery,completed
ORD-0242816,R-0560,2025-10-18,51.69,web,pickup,completed
ORD-0242817,R-0560,2025-10-29,24.05,app,delivery,completed
ORD-0242818,R-0560,2025-10-03,20.75,app,pickup,completed
ORD-0242819,R-0560,2025-10-13,25.60,app,delivery,completed
ORD-0242820,R-0560,2025-10-24,36.13,web,pickup,completed
ORD-0242821,R-0560,2025-10-15,9.36,app,pickup,completed
ORD-0242822,R-0560,2025-10-26,48.09,app,pickup,completed
ORD-0242823,R-0560,2025-10-16,17.69,app,pickup,COMPLETED
ORD-0242824,R-0560,2025-10-30,22.79,app,pickup,completed
ORD-0242825,R-0560,2025-10-24,22.29,web,pickup,Completed
ORD-0242826,R-0560,2025-10-20,25.63,app,pickup,completed
ORD-0242827,R-0560,2025-10-16,19.69,web,pickup,cancelled
ORD-0242828,R-0560,2025-10-25,21.54,web,pickup,completed
ORD-0242829,R-0560,2025-10-08,42.82,app,pickup,completed
ORD-0242830,R-0560,2025-10-04,29.24,web,pickup,completed
ORD-0242831,R-0560,2025-10-31,21.26,app,pickup,completed
ORD-0242832,R-0560,2025-10-24,26.79,app,pickup,completed
ORD-0242833,R-0560,2025-10-02,37.86,app,delivery,completed
ORD-0242834,R-0560,2025-10-20,33.53,web,pickup,completed
ORD-0242835,R-0560,2025-10-13,14.74,app,pickup,completed
ORD-0242836,R-0560,2025-10-19,21.08,app,pickup,completed
ORD-0245078,R-0568,2025-10-08,27.73,web,delivery,Cancelled
ORD-0245079,R-0568,2025-10-04,49.88,app,pickup,completed
ORD-0245080,R-0568,2025-10-07,57.04,app,delivery,Completed
ORD-0245081,R-0568,2025-10-25,72.46,app,pickup,completed
ORD-0245082,R-0568,2025-10-06,44.82,app,pickup,completed
ORD-0245083,R-0568,2025-10-08,49.58,web,delivery,completed
ORD-0245084,R-0568,2025-10-17,66.07,app,pickup,completed
ORD-0245085,R-0568,2025-10-10,65.40,app,delivery,completed
ORD-0245086,R-0568,2025-10-15,73.75,app,delivery,completed
ORD-0245087,R-0568,2025-10-28,30.50,app,delivery,completed
ORD-0245088,R-0568,2025-10-16,74.86,app,delivery,completed
ORD-0245089,R-0568,2025-10-31,26.15,web,delivery,completed
ORD-0245090,R-0568,2025-10-18,66.95,app,delivery,completed
ORD-0245091,R-0568,2025-10-25,35.56,app,pickup,completed
ORD-0245092,R-0568,2025-10-24,66.61,app,pickup,completed
ORD-0245093,R-0568,2025-10-03,54.47,app,pickup,Completed
ORD-0245094,R-0568,2025-10-16,74.56,web,pickup,completed
ORD-0245095,R-0568,2025-10-30,31.22,web,delivery,completed
ORD-0245096,R-0568,2025-10-04,47.75,app,delivery,completed
ORD-0245097,R-0568,2025-10-03,27.32,app,pickup,completed
ORD-0245098,R-0568,2025-10-01,34.87,app,delivery,completed
ORD-0245099,R-0568,2025-10-03,40.48,app,pickup,COMPLETED
ORD-0245100,R-0568,2025-10-12,29.04,web,delivery,completed
ORD-0245101,R-0568,2025-10-02,34.97,app,delivery,completed
ORD-0245102,R-0568,2025-10-02,40.66,web,delivery,COMPLETED
ORD-0245103,R-0568,2025-10-09,43.90,web,delivery,completed
ORD-0245104,R-0568,2025-10-12,43.80,app,delivery,completed
ORD-0245105,R-0568,2025-10-04,20.65,app,delivery,Completed
ORD-0245106,R-0568,2025-10-14,44.84,app,delivery,completed
ORD-0245107,R-0568,2025-10-03,129.47,web,delivery,completed
ORD-0245108,R-0568,2025-10-29,52.16,app,delivery,completed
ORD-0245109,R-0568,2025-10-10,28.83,web,pickup,completed
ORD-0245110,R-0568,2025-10-11,39.71,app,pickup,completed
ORD-0245111,R-0568,2025-10-20,22.58,app,pickup,completed
ORD-0245112,R-0568,2025-10-07,64.81,app,pickup,completed
ORD-0245113,R-0568,2025-10-05,33.48,app,delivery,completed
ORD-0245114,R-0568,2025-10-05,42.17,web,pickup,completed
ORD-0245115,R-0568,2025-10-21,27.91,web,delivery,completed
ORD-0245116,R-0568,2025-10-11,62.12,web,pickup,completed
ORD-0245117,R-0568,2025-10-19,44.51,app,delivery,completed
ORD-0245118,R-0568,2025-10-19,57.96,app,pickup,completed
ORD-0245119,R-0568,2025-10-30,35.70,app,pickup,completed
ORD-0245120,R-0568,2025-10-12,46.77,web,delivery,completed
ORD-0245121,R-0568,2025-10-17,45.65,web,delivery,completed
ORD-0245122,R-0568,2025-10-08,31.50,app,pickup,completed
ORD-0245123,R-0568,2025-10-10,92.56,web,delivery,completed
ORD-0245124,R-0568,2025-10-26,74.30,app,delivery,completed
ORD-0245125,R-0568,2025-10-11,26.37,app,delivery,completed
ORD-0245126,R-0568,2025-10-21,43.77,app,delivery,Completed
ORD-0245127,R-0568,2025-10-30,37.01,app,pickup,COMPLETED
ORD-0245128,R-0568,2025-10-11,42.89,web,pickup,COMPLETED
ORD-0245129,R-0568,2025-10-02,39.46,app,delivery,completed
ORD-0245130,R-0568,2025-10-01,75.42,web,delivery,cancelled
ORD-0245131,R-0568,2025-10-07,44.75,app,delivery,completed
ORD-0245132,R-0568,2025-10-17,39.21,web,delivery,completed
ORD-0245133,R-0568,2025-10-07,53.97,web,pickup,completed
ORD-0245134,R-0568,2025-10-12,34.46,app,delivery,completed
ORD-0245135,R-0568,2025-10-06,68.79,app,pickup,completed
ORD-0245136,R-0568,2025-10-29,22.76,web,delivery,completed
ORD-0246106,R-0572,2025-10-28,59.34,web,delivery,completed
ORD-0246107,R-0572,2025-10-19,109.45,app,delivery,COMPLETED
ORD-0246108,R-0572,2025-10-30,62.29,app,delivery,completed
ORD-0246109,R-0572,2025-10-31,39.88,app,pickup,completed
ORD-0246110,R-0572,2025-10-25,71.93,web,pickup,COMPLETED
ORD-0246667,R-0576,2025-10-30,45.81,web,delivery,completed
ORD-0246925,R-0577,2025-10-05,34.47,web,delivery,completed
ORD-0246926,R-0577,2025-10-17,74.22,app,delivery,Completed
ORD-0246927,R-0577,2025-10-03,20.47,app,delivery,completed
ORD-0246928,R-0577,2025-10-24,21.13,app,delivery,completed
ORD-0246929,R-0577,2025-10-13,19.55,app,delivery,completed
ORD-0246930,R-0577,2025-10-22,37.13,web,delivery,completed
ORD-0246931,R-0577,2025-10-26,18.67,app,delivery,completed
ORD-0246932,R-0577,2025-10-30,18.10,web,delivery,completed
ORD-0246933,R-0577,2025-10-25,27.03,app,delivery,completed
ORD-0246934,R-0577,2025-10-10,18.74,web,delivery,completed
ORD-0246935,R-0577,2025-10-01,49.73,app,delivery,completed
ORD-0246936,R-0577,2025-10-18,31.79,web,pickup,Completed
ORD-0246937,R-0577,2025-10-24,36.86,app,delivery,completed
ORD-0246938,R-0577,2025-10-17,35.34,web,pickup,completed
ORD-0246939,R-0577,2025-10-04,42.93,app,delivery,Completed
ORD-0246940,R-0577,2025-10-17,33.29,web,pickup,completed
ORD-0246941,R-0577,2025-10-03,31.62,web,delivery,completed
ORD-0246942,R-0577,2025-10-21,25.18,app,delivery,completed
ORD-0246943,R-0577,2025-10-19,39.02,app,delivery,completed
ORD-0246944,R-0577,2025-10-04,33.62,app,delivery,completed
ORD-0246945,R-0577,2025-10-14,35.45,app,delivery,completed
ORD-0246946,R-0577,2025-10-24,19.65,web,pickup,completed
ORD-0246947,R-0577,2025-10-29,26.96,app,pickup,completed
ORD-0246948,R-0577,2025-10-02,27.82,app,delivery,completed
ORD-0246949,R-0577,2025-10-31,30.75,web,delivery,completed
ORD-0246950,R-0577,2025-10-15,24.52,web,pickup,completed
ORD-0246951,R-0577,2025-10-08,25.35,app,delivery,completed
ORD-0246952,R-0577,2025-10-29,26.13,web,delivery,completed
ORD-0246953,R-0577,2025-10-29,42.16,web,pickup,completed
ORD-0246954,R-0577,2025-10-13,36.30,app,pickup,Completed
ORD-0246955,R-0577,2025-10-27,19.76,web,pickup,COMPLETED
ORD-0246956,R-0577,2025-10-02,42.86,app,pickup,Completed
ORD-0246957,R-0577,2025-10-03,31.37,web,pickup,completed
ORD-0246958,R-0577,2025-10-13,18.95,app,delivery,completed
ORD-0246959,R-0577,2025-10-23,32.37,app,delivery,completed
ORD-0248091,R-0579,2025-10-11,33.37,app,delivery,completed
ORD-0248092,R-0579,2025-10-12,28.63,web,delivery,completed
ORD-0248093,R-0579,2025-10-20,28.93,app,pickup,completed
ORD-0248094,R-0579,2025-10-01,16.54,app,delivery,completed
ORD-0248095,R-0579,2025-10-17,33.67,web,delivery,COMPLETED
ORD-0248096,R-0579,2025-10-12,29.06,app,delivery,completed
ORD-0248097,R-0579,2025-10-18,31.79,web,pickup,completed
ORD-0248098,R-0579,2025-10-09,16.50,web,pickup,completed
ORD-0248099,R-0579,2025-10-07,21.40,web,delivery,COMPLETED
ORD-0248100,R-0579,2025-10-05,24.07,app,delivery,COMPLETED
ORD-0248101,R-0579,2025-10-13,29.12,web,delivery,completed
ORD-0248102,R-0579,2025-10-18,17.49,app,delivery,completed
ORD-0248103,R-0579,2025-10-20,14.96,app,delivery,completed
ORD-0248104,R-0579,2025-10-09,13.84,app,delivery,Completed
ORD-0248105,R-0579,2025-10-17,22.13,app,delivery,completed
ORD-0248106,R-0579,2025-10-09,32.02,web,pickup,completed
ORD-0248107,R-0579,2025-10-20,11.44,app,delivery,completed
ORD-0248108,R-0579,2025-10-17,27.70,web,delivery,completed
ORD-0248109,R-0579,2025-10-26,26.19,app,delivery,completed
ORD-0248110,R-0579,2025-10-10,39.71,web,pickup,completed
ORD-0248111,R-0579,2025-10-17,33.09,app,delivery,COMPLETED
ORD-0248112,R-0579,2025-10-21,22.72,app,delivery,completed
ORD-0248113,R-0579,2025-10-14,33.09,web,delivery,completed
ORD-0248114,R-0579,2025-10-09,17.22,web,delivery,completed
ORD-0248115,R-0579,2025-10-17,31.93,web,delivery,completed
ORD-0248116,R-0579,2025-10-10,40.37,app,pickup,completed
ORD-0248117,R-0579,2025-10-01,70.50,app,delivery,completed
ORD-0248118,R-0579,2025-10-22,41.97,app,delivery,COMPLETED
ORD-0248119,R-0579,2025-10-12,24.75,app,delivery,completed
ORD-0248120,R-0579,2025-10-25,7.38,web,delivery,completed
ORD-0248121,R-0579,2025-10-31,26.94,web,delivery,COMPLETED
ORD-0248122,R-0579,2025-10-17,30.37,app,delivery,completed
ORD-0248123,R-0579,2025-10-18,15.52,web,pickup,completed
ORD-0248124,R-0579,2025-10-01,40.67,app,pickup,completed
ORD-0248125,R-0579,2025-10-26,38.69,app,delivery,completed
ORD-0248126,R-0579,2025-10-28,23.21,app,pickup,COMPLETED
ORD-0248127,R-0579,2025-10-10,16.37,web,delivery,completed
ORD-0248128,R-0579,2025-10-20,15.24,web,delivery,completed
ORD-0248129,R-0579,2025-10-09,26.60,app,delivery,completed
ORD-0248130,R-0579,2025-10-11,25.68,app,pickup,completed
ORD-0248131,R-0579,2025-10-05,21.76,web,delivery,completed
ORD-0248132,R-0579,2025-10-16,29.29,app,delivery,completed
ORD-0248133,R-0579,2025-10-17,28.40,app,pickup,completed
ORD-0248134,R-0579,2025-10-26,70.16,web,delivery,COMPLETED
ORD-0248135,R-0579,2025-10-03,36.92,app,delivery,completed
ORD-0248136,R-0579,2025-10-17,12.66,app,delivery,completed
ORD-0248137,R-0579,2025-10-30,15.12,app,pickup,completed
ORD-0248138,R-0579,2025-10-17,17.70,app,delivery,refunded
ORD-0248139,R-0579,2025-10-18,58.11,web,delivery,completed
ORD-0248140,R-0579,2025-10-24,30.75,web,delivery,completed
ORD-0248681,R-0580,2025-10-22,78.55,app,delivery,completed
ORD-0248682,R-0580,2025-10-18,29.23,app,delivery,COMPLETED
ORD-0248683,R-0580,2025-10-14,19.51,app,delivery,completed
ORD-0248684,R-0580,2025-10-18,39.51,app,delivery,completed
ORD-0248685,R-0580,2025-10-16,73.20,app,delivery,completed
ORD-0248686,R-0580,2025-10-25,34.93,app,delivery,cancelled
ORD-0248687,R-0580,2025-10-03,35.39,web,delivery,completed
ORD-0248688,R-0580,2025-10-02,44.11,web,delivery,completed
ORD-0248689,R-0580,2025-10-20,67.79,app,delivery,completed
ORD-0248690,R-0580,2025-10-20,24.78,app,delivery,completed
ORD-0248691,R-0580,2025-10-18,45.14,app,delivery,completed
ORD-0248692,R-0580,2025-10-08,56.91,app,delivery,completed
ORD-0248693,R-0580,2025-10-20,27.57,web,delivery,completed
ORD-0248694,R-0580,2025-10-22,36.55,app,delivery,completed
ORD-0249098,R-0585,2025-10-10,29.54,web,pickup,completed
ORD-0249099,R-0585,2025-10-10,21.94,web,delivery,completed
ORD-0249100,R-0585,2025-10-04,46.34,web,delivery,completed
ORD-0249101,R-0585,2025-10-10,29.45,app,pickup,completed
ORD-0249102,R-0585,2025-10-05,26.18,app,delivery,completed
ORD-0249103,R-0585,2025-10-04,32.59,app,delivery,completed
ORD-0249104,R-0585,2025-10-25,39.75,app,delivery,completed
ORD-0249105,R-0585,2025-10-11,52.10,web,delivery,completed
ORD-0249106,R-0585,2025-10-14,22.44,app,delivery,completed
ORD-0249107,R-0585,2025-10-23,36.75,web,pickup,completed
ORD-0249108,R-0585,2025-10-04,25.70,app,delivery,completed
ORD-0249109,R-0585,2025-10-18,61.19,app,delivery,completed
ORD-0249110,R-0585,2025-10-31,37.60,web,pickup,completed
ORD-0249111,R-0585,2025-10-18,30.29,app,pickup,completed
ORD-0249112,R-0585,2025-10-21,25.42,app,delivery,Completed
ORD-0249113,R-0585,2025-10-20,48.08,web,delivery,completed
ORD-0249114,R-0585,2025-10-18,46.04,app,pickup,completed
ORD-0249115,R-0585,2025-10-16,19.06,app,delivery,completed
ORD-0249116,R-0585,2025-10-10,37.09,web,pickup,completed
ORD-0249117,R-0585,2025-10-21,24.48,app,pickup,completed
ORD-0249118,R-0585,2025-10-11,33.30,app,pickup,completed
ORD-0249119,R-0585,2025-10-16,60.20,web,pickup,Completed
ORD-0249120,R-0585,2025-10-25,26.10,app,delivery,completed
ORD-0249121,R-0585,2025-10-22,45.87,web,delivery,completed
ORD-0249122,R-0585,2025-10-19,36.94,app,delivery,completed
ORD-0249123,R-0585,2025-10-02,22.72,app,delivery,completed
ORD-0249124,R-0585,2025-10-11,30.83,web,pickup,Completed
ORD-0249125,R-0585,2025-10-04,37.72,app,delivery,completed
ORD-0249126,R-0585,2025-10-23,50.43,app,delivery,completed
ORD-0249127,R-0585,2025-10-22,22.12,web,delivery,completed
ORD-0249128,R-0585,2025-10-22,44.38,web,pickup,completed
ORD-0249129,R-0585,2025-10-28,29.68,web,delivery,completed
ORD-0249130,R-0585,2025-10-08,32.96,web,delivery,completed
ORD-0249851,R-0586,2025-10-28,14.69,web,delivery,completed
ORD-0249852,R-0586,2025-10-07,15.45,app,delivery,completed
ORD-0249853,R-0586,2025-10-23,21.28,app,pickup,Completed
ORD-0249854,R-0586,2025-10-11,24.69,app,pickup,completed
ORD-0249855,R-0586,2025-10-03,21.85,app,pickup,completed
ORD-0249856,R-0586,2025-10-28,15.06,app,pickup,completed
ORD-0249857,R-0586,2025-10-04,13.07,app,pickup,completed
ORD-0249858,R-0586,2025-10-02,10.01,web,pickup,completed
ORD-0249859,R-0586,2025-10-04,25.73,web,delivery,completed
ORD-0249860,R-0586,2025-10-05,24.89,app,pickup,completed
ORD-0249861,R-0586,2025-10-18,16.41,web,delivery,completed
ORD-0249862,R-0586,2025-10-11,23.68,app,delivery,completed
ORD-0249863,R-0586,2025-10-30,19.35,app,delivery,COMPLETED
ORD-0249864,R-0586,2025-10-01,25.14,web,pickup,completed
ORD-0249865,R-0586,2025-10-14,29.09,app,delivery,Completed
ORD-0249866,R-0586,2025-10-03,27.80,app,delivery,completed
ORD-0249867,R-0586,2025-10-17,14.55,app,pickup,completed
ORD-0249868,R-0586,2025-10-28,17.03,app,pickup,completed
ORD-0249869,R-0586,2025-10-22,11.14,web,pickup,completed
ORD-0249870,R-0586,2025-10-16,15.15,web,pickup,COMPLETED
ORD-0249871,R-0586,2025-10-02,20.65,app,pickup,Completed
ORD-0249872,R-0586,2025-10-16,14.96,app,pickup,completed
ORD-0249873,R-0586,2025-10-03,22.24,web,pickup,completed
ORD-0249874,R-0586,2025-10-18,17.09,app,pickup,completed
ORD-0249875,R-0586,2025-10-31,12.95,app,pickup,completed
ORD-0249876,R-0586,2025-10-20,9.29,app,delivery,completed
ORD-0249877,R-0586,2025-10-31,10.67,web,delivery,completed
ORD-0249878,R-0586,2025-10-17,23.85,app,pickup,completed
ORD-0249879,R-0586,2025-10-14,23.36,app,pickup,completed
ORD-0249880,R-0586,2025-10-31,28.28,app,pickup,completed
ORD-0249881,R-0586,2025-10-29,28.30,app,pickup,completed
ORD-0249882,R-0586,2025-10-06,13.06,web,delivery,completed
ORD-0249883,R-0586,2025-10-09,16.54,web,pickup,completed
ORD-0249884,R-0586,2025-10-31,22.13,web,delivery,completed
ORD-0249885,R-0586,2025-10-04,22.29,app,delivery,CANCELLED
ORD-0249886,R-0586,2025-10-05,16.76,web,delivery,completed
ORD-0249887,R-0586,2025-10-10,13.74,app,delivery,COMPLETED
ORD-0249888,R-0586,2025-10-28,19.92,app,delivery,completed
ORD-0249889,R-0586,2025-10-09,17.18,app,delivery,completed
ORD-0249890,R-0586,2025-10-17,34.60,app,pickup,completed
ORD-0249891,R-0586,2025-10-10,30.85,app,delivery,completed
ORD-0249892,R-0586,2025-10-30,17.33,app,pickup,completed
ORD-0249893,R-0586,2025-10-18,20.65,app,pickup,completed
ORD-0249894,R-0586,2025-10-11,14.67,app,delivery,completed
ORD-0249895,R-0586,2025-10-28,16.59,app,delivery,completed
ORD-0249896,R-0586,2025-10-14,25.42,web,pickup,completed
ORD-0251061,R-0589,2025-10-31,12.22,app,pickup,completed
ORD-0251062,R-0589,2025-10-31,12.12,web,delivery,completed
ORD-0251063,R-0589,2025-10-21,48.13,app,delivery,completed
ORD-0251064,R-0589,2025-10-25,31.57,app,delivery,completed
ORD-0251065,R-0589,2025-10-04,27.61,web,delivery,completed
ORD-0251066,R-0589,2025-10-11,10.65,web,delivery,completed
ORD-0251067,R-0589,2025-10-31,22.12,app,delivery,Completed
ORD-0251068,R-0589,2025-10-19,14.46,app,delivery,completed
ORD-0251069,R-0589,2025-10-05,15.84,app,delivery,COMPLETED
ORD-0251070,R-0589,2025-10-06,15.73,app,delivery,completed
ORD-0251071,R-0589,2025-10-27,10.77,web,delivery,Completed
ORD-0251072,R-0589,2025-10-18,21.99,web,delivery,completed
ORD-0251073,R-0589,2025-10-18,22.83,app,delivery,completed
ORD-0251074,R-0589,2025-10-17,15.42,web,pickup,completed
ORD-0251075,R-0589,2025-10-24,15.27,app,delivery,COMPLETED
ORD-0251076,R-0589,2025-10-28,20.26,web,pickup,completed
ORD-0251077,R-0589,2025-10-23,12.76,web,pickup,Completed
ORD-0251078,R-0589,2025-10-30,10.30,web,delivery,completed
ORD-0251079,R-0589,2025-10-27,35.11,web,pickup,completed
ORD-0251080,R-0589,2025-10-04,17.46,web,pickup,refunded
ORD-0251081,R-0589,2025-10-05,36.37,web,delivery,completed
ORD-0251082,R-0589,2025-10-11,77.89,app,delivery,completed
ORD-0251083,R-0589,2025-10-15,20.24,web,pickup,completed
ORD-0251084,R-0589,2025-10-20,21.43,web,pickup,completed
ORD-0251085,R-0589,2025-10-18,14.76,web,delivery,Completed
ORD-0251086,R-0589,2025-10-05,19.54,web,pickup,completed
ORD-0251087,R-0589,2025-10-23,33.93,web,pickup,completed
ORD-0251088,R-0589,2025-10-02,13.56,app,delivery,completed
ORD-0251089,R-0589,2025-10-29,18.37,app,pickup,COMPLETED
ORD-0251090,R-0589,2025-10-02,19.88,web,delivery,completed
ORD-0251091,R-0589,2025-10-15,20.34,app,pickup,completed
ORD-0251092,R-0589,2025-10-09,22.58,app,pickup,completed
ORD-0251093,R-0589,2025-10-30,14.23,app,delivery,COMPLETED
ORD-0251094,R-0589,2025-10-23,13.86,app,pickup,completed
ORD-0251095,R-0589,2025-10-10,20.76,app,delivery,completed
ORD-0251096,R-0589,2025-10-04,13.19,web,delivery,COMPLETED
ORD-0251097,R-0589,2025-10-05,12.99,web,delivery,completed
ORD-0252758,R-0594,2025-10-30,59.85,app,pickup,completed
ORD-0252759,R-0594,2025-10-10,61.68,app,delivery,completed
ORD-0252760,R-0594,2025-10-17,37.67,web,delivery,completed
ORD-0252761,R-0594,2025-10-21,105.97,app,delivery,completed
ORD-0252762,R-0594,2025-10-09,37.59,app,pickup,completed
ORD-0252763,R-0594,2025-10-07,29.33,app,delivery,Completed
ORD-0252764,R-0594,2025-10-04,47.60,app,delivery,completed
ORD-0252765,R-0594,2025-10-26,101.91,app,delivery,completed
ORD-0252766,R-0594,2025-10-25,63.65,app,pickup,completed
ORD-0252767,R-0594,2025-10-20,38.28,app,pickup,completed
ORD-0252768,R-0594,2025-10-13,44.94,app,delivery,completed
ORD-0252769,R-0594,2025-10-21,75.48,web,delivery,completed
ORD-0252770,R-0594,2025-10-12,35.61,app,delivery,completed
ORD-0252771,R-0594,2025-10-30,69.49,app,delivery,completed
ORD-0252772,R-0594,2025-10-01,45.04,app,delivery,completed
ORD-0252773,R-0594,2025-10-04,55.62,app,delivery,completed
ORD-0252774,R-0594,2025-10-28,50.21,web,delivery,completed
ORD-0252775,R-0594,2025-10-26,46.91,app,delivery,completed
ORD-0252776,R-0594,2025-10-11,26.46,app,pickup,completed
ORD-0252777,R-0594,2025-10-14,64.38,app,delivery,completed
ORD-0252778,R-0594,2025-10-11,75.49,app,pickup,completed
ORD-0252779,R-0594,2025-10-09,46.98,app,pickup,completed
ORD-0252780,R-0594,2025-10-17,21.08,app,delivery,completed
ORD-0252781,R-0594,2025-10-04,46.24,app,delivery,completed
ORD-0252782,R-0594,2025-10-31,59.32,app,delivery,completed
ORD-0252783,R-0594,2025-10-15,29.74,app,pickup,Completed
ORD-0252784,R-0594,2025-10-05,19.33,app,delivery,completed
ORD-0252785,R-0594,2025-10-26,45.74,app,pickup,completed
ORD-0252786,R-0594,2025-10-26,32.37,app,delivery,completed
ORD-0252787,R-0594,2025-10-24,54.10,app,delivery,completed
ORD-0252788,R-0594,2025-10-16,43.00,app,pickup,completed
ORD-0252789,R-0594,2025-10-17,80.53,app,delivery,Completed
ORD-0252790,R-0594,2025-10-25,44.68,web,delivery,refunded
ORD-0252791,R-0594,2025-10-10,32.33,app,delivery,completed
ORD-0252792,R-0594,2025-10-01,70.44,app,pickup,completed
ORD-0252793,R-0594,2025-10-10,31.79,app,delivery,completed
ORD-0252794,R-0594,2025-10-19,48.94,app,pickup,completed
ORD-0252795,R-0594,2025-10-12,29.53,app,pickup,completed
ORD-0253282,R-0597,2025-10-11,21.29,app,delivery,completed
ORD-0253283,R-0597,2025-10-23,28.59,web,delivery,completed
ORD-0253284,R-0597,2025-10-03,19.19,web,delivery,completed
ORD-0253285,R-0597,2025-10-18,27.51,web,delivery,COMPLETED
ORD-0253286,R-0597,2025-10-03,17.45,web,delivery,CANCELLED
ORD-0253287,R-0597,2025-10-04,23.34,app,delivery,completed
ORD-0253288,R-0597,2025-10-02,14.42,web,delivery,completed
ORD-0253289,R-0597,2025-10-04,20.50,web,delivery,completed
ORD-0253290,R-0597,2025-10-09,18.71,web,delivery,completed
ORD-0253291,R-0597,2025-10-17,22.38,app,delivery,cancelled
ORD-0253292,R-0597,2025-10-10,19.62,app,delivery,COMPLETED
ORD-0253293,R-0597,2025-10-31,36.81,web,delivery,completed
ORD-0253294,R-0597,2025-10-10,20.49,app,delivery,completed
ORD-0253295,R-0597,2025-10-06,14.97,web,delivery,COMPLETED
ORD-0253296,R-0597,2025-10-17,21.91,web,delivery,completed
ORD-0253297,R-0597,2025-10-31,15.25,web,delivery,completed
ORD-0253298,R-0597,2025-10-15,19.09,app,delivery,completed
ORD-0253299,R-0597,2025-10-06,20.53,app,delivery,cancelled
ORD-0253300,R-0597,2025-10-09,45.28,app,delivery,completed
ORD-0253301,R-0597,2025-10-31,20.55,app,delivery,refunded
ORD-0253302,R-0597,2025-10-27,16.47,app,delivery,completed
ORD-0253303,R-0597,2025-10-24,18.20,web,delivery,completed
ORD-0253304,R-0597,2025-10-20,12.52,web,delivery,completed
ORD-0253305,R-0597,2025-10-05,19.65,web,delivery,completed
