order_id,restaurant_id,order_date,order_value_eur,order_channel,fulfilment_type,order_status
ORD-0000251,R-0002,2026-01-24,41.21,app,delivery,completed
ORD-0000252,R-0002,2026-01-04,43.37,web,delivery,CANCELLED
ORD-0000253,R-0002,2026-01-22,28.03,app,delivery,COMPLETED
ORD-0000254,R-0002,2026-01-06,14.39,app,pickup,completed
ORD-0000255,R-0002,2026-01-04,30.03,app,delivery,completed
ORD-0000256,R-0002,2026-01-05,33.49,app,pickup,completed
ORD-0000257,R-0002,2026-01-16,28.54,app,delivery,completed
ORD-0000258,R-0002,2026-01-21,26.05,app,delivery,Completed
ORD-0000259,R-0002,2026-01-25,22.02,app,pickup,completed
ORD-0000260,R-0002,2026-01-04,21.76,app,delivery,completed
ORD-0000261,R-0002,2026-01-20,49.02,app,delivery,completed
ORD-0000262,R-0002,2026-01-24,53.54,app,delivery,completed
ORD-0000263,R-0002,2026-01-10,29.75,web,delivery,completed
ORD-0000264,R-0002,2026-01-03,32.52,app,delivery,COMPLETED
ORD-0000265,R-0002,2026-01-05,20.28,app,delivery,completed
ORD-0000266,R-0002,2026-01-03,36.41,app,delivery,cancelled
ORD-0000267,R-0002,2026-01-29,47.83,app,pickup,completed
ORD-0000268,R-0002,2026-01-12,17.08,web,delivery,completed
ORD-0000269,R-0002,2026-01-17,34.43,app,delivery,Completed
ORD-0000270,R-0002,2026-01-24,35.25,app,pickup,completed
ORD-0000271,R-0002,2026-01-12,32.52,web,delivery,completed
ORD-0000272,R-0002,2026-01-21,46.11,app,pickup,COMPLETED
ORD-0000273,R-0002,2026-01-03,56.32,web,delivery,completed
ORD-0000274,R-0002,2026-01-16,27.67,web,delivery,completed
ORD-0000275,R-0002,2026-01-03,36.76,app,pickup,completed
ORD-0000276,R-0002,2026-01-08,28.30,web,delivery,COMPLETED
ORD-0000277,R-0002,2026-01-10,24.43,app,pickup,completed
ORD-0000278,R-0002,2026-01-23,32.41,app,delivery,completed
ORD-0000279,R-0002,2026-01-22,34.02,app,pickup,Completed
ORD-0000280,R-0002,2026-01-24,31.87,app,delivery,completed
ORD-0000281,R-0002,2026-01-02,22.59,app,delivery,cancelled
ORD-0000282,R-0002,2026-01-31,25.75,app,delivery,CANCELLED
ORD-0000283,R-0002,2026-01-02,25.81,app,pickup,COMPLETED
ORD-0000284,R-0002,2026-01-26,21.18,app,delivery,completed
ORD-0000285,R-0002,2026-01-24,32.84,app,delivery,completed
ORD-0000305,R-0003,2026-01-24,26.23,app,pickup,completed
ORD-0000306,R-0003,2026-01-03,50.74,web,delivery,completed
ORD-0000307,R-0003,2026-01-01,52.20,web,delivery,completed
ORD-0000308,R-0003,2026-01-01,35.72,web,delivery,completed
ORD-0000309,R-0003,2026-01-05,29.39,web,delivery,completed
ORD-0000310,R-0003,2026-01-23,48.47,web,delivery,completed
ORD-0000311,R-0003,2026-01-11,24.78,app,delivery,completed
ORD-0000312,R-0003,2026-01-01,21.68,web,delivery,completed
ORD-0000313,R-0003,2026-01-31,26.14,app,delivery,refunded
ORD-0000314,R-0003,2026-01-17,18.27,web,delivery,completed
ORD-0000315,R-0003,2026-01-12,23.74,app,delivery,COMPLETED
ORD-0000316,R-0003,2026-01-17,17.24,web,delivery,completed
ORD-0000317,R-0003,2026-01-17,42.53,web,delivery,completed
ORD-0000318,R-0003,2026-01-16,34.72,web,pickup,completed
ORD-0000319,R-0003,2026-01-19,46.70,app,pickup,completed
ORD-0000320,R-0003,2026-01-29,12.86,web,delivery,completed
ORD-0000321,R-0003,2026-01-10,61.54,web,pickup,completed
ORD-0000322,R-0003,2026-01-16,14.23,web,delivery,completed
ORD-0000323,R-0003,2026-01-01,15.42,web,pickup,completed
ORD-0000324,R-0003,2026-01-28,19.68,web,delivery,completed
ORD-0000325,R-0003,2026-01-10,47.91,web,delivery,completed
ORD-0000326,R-0003,2026-01-09,30.36,web,delivery,completed
ORD-0000327,R-0003,2026-01-31,24.91,web,delivery,completed
ORD-0000328,R-0003,2026-01-18,19.76,web,delivery,completed
ORD-0000329,R-0003,2026-01-04,15.46,web,delivery,completed
ORD-0000330,R-0003,2026-01-09,44.50,web,delivery,completed
ORD-0000331,R-0003,2026-01-11,38.66,app,delivery,Completed
ORD-0000332,R-0003,2026-01-31,48.82,app,delivery,completed
ORD-0000333,R-0003,2026-01-14,30.22,app,delivery,completed
ORD-0000334,R-0003,2026-01-08,8.39,web,pickup,completed
ORD-0000335,R-0003,2026-01-18,16.34,web,delivery,completed
ORD-0000336,R-0003,2026-01-13,31.10,app,pickup,completed
ORD-0000337,R-0003,2026-01-02,23.62,web,delivery,CANCELLED
ORD-0000338,R-0003,2026-01-28,20.20,web,pickup,completed
ORD-0000339,R-0003,2026-01-01,16.05,web,pickup,completed
ORD-0000340,R-0003,2026-01-29,38.11,web,pickup,completed
ORD-0000341,R-0003,2026-01-25,33.46,web,pickup,completed
ORD-0000342,R-0003,2026-01-03,34.10,web,delivery,completed
ORD-0000343,R-0003,2026-01-23,21.14,app,delivery,completed
ORD-0000344,R-0003,2026-01-24,29.74,app,delivery,completed
ORD-0000345,R-0003,2026-01-19,14.54,web,delivery,completed
ORD-0000346,R-0003,2026-01-18,26.14,web,pickup,completed
ORD-0000347,R-0003,2026-01-02,9.51,app,delivery,completed
ORD-0000348,R-0003,2026-01-02,14.25,web,delivery,completed
ORD-0000349,R-0003,2026-01-23,24.10,app,pickup,cancelled
ORD-0000350,R-0003,2026-01-03,75.14,app,delivery,completed
ORD-0000351,R-0003,2026-01-08,11.96,app,delivery,completed
ORD-0000352,R-0003,2026-01-16,16.34,web,delivery,completed
ORD-0000353,R-0003,2026-01-05,28.01,web,pickup,completed
ORD-0000354,R-0003,2026-01-25,58.20,web,pickup,completed
ORD-0000355,R-0003,2026-01-25,30.06,web,delivery,completed
ORD-0000356,R-0003,2026-01-27,34.37,web,delivery,completed
ORD-0000357,R-0003,2026-01-02,23.94,web,delivery,completed
ORD-0001097,R-0005,2026-01-10,23.08,app,pickup,completed
ORD-0001098,R-0005,2026-01-29,25.16,app,delivery,completed
ORD-0001099,R-0005,2026-01-13,24.62,app,delivery,completed
ORD-0001100,R-0005,2026-01-10,47.37,web,delivery,completed
ORD-0001101,R-0005,2026-01-24,29.71,app,pickup,completed
ORD-0001102,R-0005,2026-01-02,19.56,web,pickup,completed
ORD-0001103,R-0005,2026-01-17,15.04,web,delivery,completed
ORD-0001104,R-0005,2026-01-15,17.14,app,delivery,completed
ORD-0001105,R-0005,2026-01-20,16.76,web,delivery,completed
ORD-0001106,R-0005,2026-01-23,23.70,web,delivery,completed
ORD-0001107,R-0005,2026-01-10,16.09,web,delivery,completed
ORD-0001108,R-0005,2026-01-20,27.29,web,delivery,completed
ORD-0001109,R-0005,2026-01-17,12.91,app,delivery,completed
ORD-0001110,R-0005,2026-01-04,11.94,app,delivery,completed
ORD-0001111,R-0005,2026-01-28,17.85,web,delivery,completed
ORD-0001112,R-0005,2026-01-24,15.37,app,delivery,completed
ORD-0001113,R-0005,2026-01-30,13.46,web,delivery,completed
ORD-0001114,R-0005,2026-01-23,16.42,app,delivery,completed
ORD-0001115,R-0005,2026-01-08,14.61,web,delivery,completed
ORD-0001116,R-0005,2026-01-14,18.70,web,delivery,completed
ORD-0001117,R-0005,2026-01-12,15.28,app,delivery,completed
ORD-0001118,R-0005,2026-01-02,16.94,app,delivery,completed
ORD-0001119,R-0005,2026-01-13,18.61,app,delivery,completed
ORD-0001120,R-0005,2026-01-11,27.84,web,delivery,completed
ORD-0001121,R-0005,2026-01-01,29.83,web,delivery,completed
ORD-0001122,R-0005,2026-01-27,19.54,app,delivery,completed
ORD-0001123,R-0005,2026-01-04,21.63,web,delivery,completed
ORD-0001124,R-0005,2026-01-16,18.98,app,delivery,completed
ORD-0001125,R-0005,2026-01-25,23.48,web,delivery,completed
ORD-0001126,R-0005,2026-01-19,21.11,web,delivery,completed
ORD-0001127,R-0005,2026-01-05,28.48,web,pickup,completed
ORD-0001128,R-0005,2026-01-20,10.19,web,delivery,completed
ORD-0001129,R-0005,2026-01-24,18.67,app,pickup,refunded
ORD-0001130,R-0005,2026-01-27,20.77,app,delivery,completed
ORD-0001131,R-0005,2026-01-10,19.96,web,pickup,completed
ORD-0001132,R-0005,2026-01-02,14.91,app,pickup,completed
ORD-0001133,R-0005,2026-01-19,12.30,app,delivery,COMPLETED
ORD-0001134,R-0005,2026-01-08,24.12,app,delivery,completed
ORD-0001135,R-0005,2026-01-25,15.80,web,delivery,completed
ORD-0001136,R-0005,2026-01-22,10.63,web,delivery,completed
ORD-0001137,R-0005,2026-01-24,26.47,web,delivery,completed
ORD-0001138,R-0005,2026-01-31,23.31,app,pickup,completed
ORD-0001139,R-0005,2026-01-18,19.40,app,delivery,completed
ORD-0001140,R-0005,2026-01-29,13.91,app,pickup,completed
ORD-0001141,R-0005,2026-01-21,17.97,web,pickup,completed
ORD-0001142,R-0005,2026-01-06,27.49,app,pickup,completed
ORD-0001143,R-0005,2026-01-25,12.01,web,pickup,completed
ORD-0001144,R-0005,2026-01-23,12.21,web,delivery,completed
ORD-0001145,R-0005,2026-01-31,16.47,web,pickup,completed
ORD-0001146,R-0005,2026-01-08,18.48,web,delivery,completed
ORD-0001147,R-0005,2026-01-10,17.17,web,delivery,completed
ORD-0001148,R-0005,2026-01-26,22.89,web,delivery,completed
ORD-0001149,R-0005,2026-01-02,28.51,app,delivery,completed
ORD-0001150,R-0005,2026-01-20,20.37,web,pickup,completed
ORD-0001151,R-0005,2026-01-17,24.08,web,delivery,completed
ORD-0001152,R-0005,2026-01-05,20.33,web,delivery,completed
ORD-0001153,R-0005,2026-01-05,18.69,app,delivery,completed
ORD-0001154,R-0005,2026-01-25,13.31,web,delivery,completed
ORD-0001155,R-0005,2026-01-01,13.42,web,delivery,completed
ORD-0001156,R-0005,2026-01-24,13.07,web,delivery,Completed
ORD-0001157,R-0005,2026-01-23,19.19,web,delivery,completed
ORD-0001158,R-0005,2026-01-21,20.07,web,delivery,completed
ORD-0001159,R-0005,2026-01-13,11.72,app,delivery,completed
ORD-0001160,R-0005,2026-01-01,19.07,web,delivery,completed
ORD-0001161,R-0005,2026-01-25,15.21,app,delivery,completed
ORD-0001162,R-0005,2026-01-04,14.30,web,pickup,completed
ORD-0001163,R-0005,2026-01-09,16.48,web,pickup,cancelled
ORD-0001164,R-0005,2026-01-30,14.07,app,pickup,completed
ORD-0001165,R-0005,2026-01-10,24.44,app,delivery,completed
ORD-0001166,R-0005,2026-01-09,19.07,web,delivery,completed
ORD-0001167,R-0005,2026-01-31,26.12,web,pickup,completed
ORD-0001168,R-0005,2026-01-03,17.47,web,pickup,completed
ORD-0001169,R-0005,2026-01-05,16.37,app,delivery,COMPLETED
ORD-0001170,R-0005,2026-01-14,33.93,web,delivery,completed
ORD-0001171,R-0005,2026-01-25,11.98,app,delivery,cancelled
ORD-0001172,R-0005,2026-01-29,28.10,app,delivery,completed
ORD-0001173,R-0005,2026-01-24,34.16,web,pickup,completed
ORD-0001174,R-0005,2026-01-31,25.71,web,pickup,completed
ORD-0001175,R-0005,2026-01-01,16.77,web,pickup,completed
ORD-0001176,R-0005,2026-01-20,29.41,app,delivery,completed
ORD-0001177,R-0005,2026-01-03,18.16,app,delivery,completed
ORD-0001178,R-0005,2026-01-29,14.87,web,pickup,completed
ORD-0001179,R-0005,2026-01-30,17.78,app,delivery,Completed
ORD-0001180,R-0005,2026-01-10,16.77,app,delivery,completed
ORD-0001181,R-0005,2026-01-26,13.77,app,delivery,completed
ORD-0001182,R-0005,2026-01-20,26.58,app,delivery,completed
ORD-0001183,R-0005,2026-01-03,15.72,web,delivery,completed
ORD-0001184,R-0005,2026-01-19,18.46,app,pickup,completed
ORD-0001185,R-0005,2026-01-31,12.68,web,delivery,completed
ORD-0001186,R-0005,2026-01-10,20.33,web,delivery,completed
ORD-0001187,R-0005,2026-01-01,12.88,web,delivery,completed
ORD-0001188,R-0005,2026-01-31,13.80,web,delivery,completed
ORD-0001189,R-0005,2026-01-13,18.00,web,delivery,completed
ORD-0001190,R-0005,2026-01-14,26.13,web,delivery,COMPLETED
ORD-0001191,R-0005,2026-01-23,23.17,app,pickup,completed
ORD-0001192,R-0005,2026-01-19,21.93,web,delivery,completed
ORD-0001193,R-0005,2026-01-10,19.31,app,delivery,COMPLETED
ORD-0001194,R-0005,2026-01-03,18.08,web,delivery,completed
ORD-0001195,R-0005,2026-01-26,24.00,web,delivery,completed
ORD-0001196,R-0005,2026-01-16,16.81,app,delivery,completed
ORD-0001197,R-0005,2026-01-22,24.34,app,delivery,completed
ORD-0001198,R-0005,2026-01-28,27.67,app,delivery,Completed
ORD-0001199,R-0005,2026-01-01,14.24,app,delivery,cancelled
ORD-0001200,R-0005,2026-01-28,14.93,web,delivery,completed
ORD-0001201,R-0005,2026-01-24,16.90,app,delivery,completed
ORD-0001202,R-0005,2026-01-30,12.59,web,delivery,completed
ORD-0001203,R-0005,2026-01-08,16.04,web,delivery,completed
ORD-0001204,R-0005,2026-01-10,30.52,app,delivery,completed
ORD-0001205,R-0005,2026-01-21,13.34,app,delivery,completed
ORD-0001206,R-0005,2026-01-30,30.75,app,pickup,completed
ORD-0001207,R-0005,2026-01-31,17.52,web,delivery,Cancelled
ORD-0001208,R-0005,2026-01-13,36.64,app,pickup,Refunded
ORD-0001209,R-0005,2026-01-17,16.18,app,delivery,completed
ORD-0001210,R-0005,2026-01-05,17.80,web,delivery,completed
ORD-0001211,R-0005,2026-01-23,15.04,web,delivery,completed
ORD-0001212,R-0005,2026-01-27,14.96,app,delivery,completed
ORD-0001213,R-0005,2026-01-25,30.88,web,pickup,completed
ORD-0001214,R-0005,2026-01-11,23.43,web,pickup,completed
ORD-0001215,R-0005,2026-01-31,27.97,web,pickup,completed
ORD-0001216,R-0005,2026-01-04,13.22,app,delivery,completed
ORD-0001217,R-0005,2026-01-16,24.82,web,pickup,cancelled
ORD-0001218,R-0005,2026-01-17,14.75,app,delivery,completed
ORD-0001219,R-0005,2026-01-17,13.12,web,pickup,completed
ORD-0001220,R-0005,2026-01-24,21.72,app,delivery,completed
ORD-0001221,R-0005,2026-01-19,20.05,web,pickup,completed
ORD-0001222,R-0005,2026-01-03,20.47,web,delivery,completed
ORD-0001223,R-0005,2026-01-06,23.44,web,delivery,completed
ORD-0001224,R-0005,2026-01-17,26.61,web,pickup,completed
ORD-0001225,R-0005,2026-01-23,32.20,app,delivery,completed
ORD-0001226,R-0005,2026-01-17,13.76,app,pickup,completed
ORD-0001227,R-0005,2026-01-11,32.54,web,delivery,completed
ORD-0001228,R-0005,2026-01-02,36.74,app,delivery,completed
ORD-0001229,R-0005,2026-01-25,17.90,app,pickup,completed
ORD-0001230,R-0005,2026-01-16,11.81,web,delivery,completed
ORD-0001231,R-0005,2026-01-17,12.93,app,pickup,completed
ORD-0001232,R-0005,2026-01-15,16.08,app,delivery,completed
ORD-0001233,R-0005,2026-01-09,38.33,web,delivery,completed
ORD-0001234,R-0005,2026-01-09,20.24,web,delivery,cancelled
ORD-0001235,R-0005,2026-01-02,16.52,web,delivery,completed
ORD-0001236,R-0005,2026-01-23,16.17,app,pickup,Completed
ORD-0001237,R-0005,2026-01-09,13.19,web,pickup,completed
ORD-0001238,R-0005,2026-01-10,26.62,web,delivery,completed
ORD-0001239,R-0005,2026-01-31,19.54,app,delivery,completed
ORD-0001240,R-0005,2026-01-12,36.47,web,delivery,COMPLETED
ORD-0001241,R-0005,2026-01-16,24.61,web,delivery,completed
ORD-0001242,R-0005,2026-01-12,24.30,web,pickup,completed
ORD-0001243,R-0005,2026-01-09,18.63,app,delivery,completed
ORD-0001244,R-0005,2026-01-01,13.15,web,delivery,completed
ORD-0001245,R-0005,2026-01-27,14.09,app,delivery,cancelled
ORD-0001246,R-0005,2026-01-16,12.99,app,delivery,cancelled
ORD-0001247,R-0005,2026-01-23,26.93,app,pickup,completed
ORD-0001248,R-0005,2026-01-31,17.80,web,delivery,completed
ORD-0001249,R-0005,2026-01-01,25.27,app,delivery,completed
ORD-0001250,R-0005,2026-01-22,19.46,web,delivery,CANCELLED
ORD-0001251,R-0005,2026-01-04,18.33,web,delivery,COMPLETED
ORD-0001252,R-0005,2026-01-15,12.82,app,delivery,REFUNDED
ORD-0001253,R-0005,2026-01-27,20.52,web,pickup,completed
ORD-0001254,R-0005,2026-01-03,18.77,web,delivery,completed
ORD-0001255,R-0005,2026-01-31,26.86,app,delivery,completed
ORD-0001256,R-0005,2026-01-18,16.01,web,delivery,completed
ORD-0001257,R-0005,2026-01-12,22.69,web,pickup,completed
ORD-0001258,R-0005,2026-01-01,31.49,web,delivery,completed
ORD-0001259,R-0005,2026-01-18,21.96,web,delivery,completed
ORD-0001260,R-0005,2026-01-16,25.87,web,pickup,completed
ORD-0001261,R-0005,2026-01-07,22.38,web,delivery,completed
ORD-0001262,R-0005,2026-01-16,36.93,app,pickup,completed
ORD-0001263,R-0005,2026-01-01,20.99,app,pickup,completed
ORD-0001264,R-0005,2026-01-31,25.18,web,pickup,completed
ORD-0001265,R-0005,2026-01-10,19.90,app,delivery,completed
ORD-0001266,R-0005,2026-01-16,15.71,app,delivery,completed
ORD-0001267,R-0005,2026-01-25,13.68,app,pickup,completed
ORD-0001268,R-0005,2026-01-23,30.18,web,delivery,completed
ORD-0001269,R-0005,2026-01-29,13.50,web,delivery,completed
ORD-0001270,R-0005,2026-01-30,25.55,app,delivery,completed
ORD-0001271,R-0005,2026-01-06,21.29,app,delivery,COMPLETED
ORD-0001272,R-0005,2026-01-12,24.99,app,delivery,completed
ORD-0001273,R-0005,2026-01-22,15.81,app,pickup,Completed
ORD-0001274,R-0005,2026-01-02,15.63,web,delivery,completed
ORD-0001275,R-0005,2026-01-23,22.72,app,delivery,completed
ORD-0001276,R-0005,2026-01-01,16.97,web,pickup,completed
ORD-0001277,R-0005,2026-01-30,13.58,app,delivery,completed
ORD-0001278,R-0005,2026-01-23,37.41,app,delivery,completed
ORD-0001279,R-0005,2026-01-18,15.63,web,delivery,completed
ORD-0001280,R-0005,2026-01-14,13.56,app,delivery,completed
ORD-0001281,R-0005,2026-01-31,18.63,app,delivery,completed
ORD-0001282,R-0005,2026-01-24,30.05,app,delivery,completed
ORD-0001283,R-0005,2026-01-25,10.07,web,delivery,completed
ORD-0001284,R-0005,2026-01-26,27.09,app,delivery,completed
ORD-0001285,R-0005,2026-01-01,13.92,web,delivery,refunded
ORD-0001286,R-0005,2026-01-02,21.90,web,delivery,completed
ORD-0001287,R-0005,2026-01-07,15.01,web,delivery,completed
ORD-0001288,R-0005,2026-01-21,35.24,web,delivery,Completed
ORD-0001289,R-0005,2026-01-20,19.39,web,delivery,COMPLETED
ORD-0001290,R-0005,2026-01-10,16.05,web,pickup,completed
ORD-0001291,R-0005,2026-01-31,18.28,web,delivery,completed
ORD-0001292,R-0005,2026-01-03,20.71,web,pickup,completed
ORD-0001293,R-0005,2026-01-24,21.30,web,delivery,Completed
ORD-0001294,R-0005,2026-01-16,23.16,app,delivery,completed
ORD-0001295,R-0005,2026-01-14,18.63,web,delivery,COMPLETED
ORD-0001296,R-0005,2026-01-01,12.00,app,delivery,completed
ORD-0001297,R-0005,2026-01-23,18.05,web,delivery,completed
ORD-0001298,R-0005,2026-01-24,24.44,app,pickup,completed
ORD-0001299,R-0005,2026-01-10,16.25,app,pickup,completed
ORD-0001300,R-0005,2026-01-17,24.96,app,pickup,completed
ORD-0001301,R-0005,2026-01-19,18.83,app,pickup,completed
ORD-0001302,R-0005,2026-01-11,18.77,app,delivery,COMPLETED
ORD-0001303,R-0005,2026-01-19,27.30,app,delivery,completed
ORD-0001304,R-0005,2026-01-14,10.69,web,delivery,completed
ORD-0001305,R-0005,2026-01-28,15.02,app,delivery,completed
ORD-0001306,R-0005,2026-01-23,29.85,web,pickup,completed
ORD-0001307,R-0005,2026-01-03,36.14,web,delivery,completed
ORD-0001308,R-0005,2026-01-25,41.81,app,delivery,completed
ORD-0001309,R-0005,2026-01-10,20.45,web,delivery,Completed
ORD-0001310,R-0005,2026-01-30,23.30,web,pickup,completed
ORD-0001311,R-0005,2026-01-19,24.20,app,delivery,completed
ORD-0001312,R-0005,2026-01-01,28.02,web,pickup,completed
ORD-0001313,R-0005,2026-01-24,22.25,web,delivery,completed
ORD-0001314,R-0005,2026-01-04,27.06,web,delivery,Completed
ORD-0001315,R-0005,2026-01-28,21.59,app,delivery,completed
ORD-0001316,R-0005,2026-01-30,23.79,web,pickup,completed
ORD-0001317,R-0005,2026-01-23,15.01,app,pickup,refunded
ORD-0001318,R-0005,2026-01-17,18.12,web,delivery,COMPLETED
ORD-0001319,R-0005,2026-01-19,15.77,web,delivery,Completed
ORD-0001320,R-0005,2026-01-14,12.74,app,delivery,completed
ORD-0001321,R-0005,2026-01-03,11.87,web,delivery,completed
ORD-0001322,R-0005,2026-01-30,17.58,web,delivery,completed
ORD-0001323,R-0005,2026-01-10,18.50,web,delivery,completed
ORD-0001324,R-0005,2026-01-10,20.81,app,delivery,completed
ORD-0001325,R-0005,2026-01-06,22.26,web,pickup,completed
ORD-0001326,R-0005,2026-01-31,21.38,app,pickup,completed
ORD-0001327,R-0005,2026-01-30,18.54,app,pickup,completed
ORD-0001328,R-0005,2026-01-11,15.02,web,pickup,completed
ORD-0001329,R-0005,2026-01-09,26.64,web,pickup,completed
ORD-0001330,R-0005,2026-01-25,19.48,app,delivery,cancelled
ORD-0001331,R-0005,2026-01-14,16.22,web,delivery,completed
ORD-0001332,R-0005,2026-01-31,18.96,app,delivery,completed
ORD-0001333,R-0005,2026-01-29,14.74,web,pickup,completed
ORD-0001334,R-0005,2026-01-24,16.99,web,delivery,completed
ORD-0001335,R-0005,2026-01-03,16.81,app,delivery,completed
ORD-0001336,R-0005,2026-01-23,18.36,web,delivery,completed
ORD-0001337,R-0005,2026-01-31,24.82,web,delivery,completed
ORD-0001338,R-0005,2026-01-12,21.23,web,delivery,completed
ORD-0001339,R-0005,2026-01-28,30.56,web,pickup,completed
ORD-0001340,R-0005,2026-01-13,27.46,web,delivery,completed
ORD-0001341,R-0005,2026-01-31,37.63,web,pickup,completed
ORD-0001342,R-0005,2026-01-21,22.29,app,delivery,completed
ORD-0001343,R-0005,2026-01-03,23.94,app,pickup,completed
ORD-0001344,R-0005,2026-01-16,17.22,web,delivery,completed
ORD-0001345,R-0005,2026-01-02,26.21,web,delivery,completed
ORD-0001346,R-0005,2026-01-12,15.11,web,pickup,completed
ORD-0001347,R-0005,2026-01-30,12.58,app,pickup,completed
ORD-0001348,R-0005,2026-01-08,30.36,web,pickup,completed
ORD-0001349,R-0005,2026-01-30,13.50,app,pickup,completed
ORD-0001350,R-0005,2026-01-03,23.16,app,delivery,completed
ORD-0001351,R-0005,2026-01-22,14.06,web,delivery,completed
ORD-0001352,R-0005,2026-01-31,28.86,app,delivery,completed
ORD-0001353,R-0005,2026-01-21,27.91,web,pickup,completed
ORD-0001354,R-0005,2026-01-29,22.07,app,pickup,COMPLETED
ORD-0001355,R-0005,2026-01-31,29.98,web,pickup,completed
ORD-0001356,R-0005,2026-01-21,18.68,web,pickup,completed
ORD-0001357,R-0005,2026-01-25,41.12,app,delivery,cancelled
ORD-0001358,R-0005,2026-01-02,25.55,web,delivery,completed
ORD-0001359,R-0005,2026-01-14,13.97,web,delivery,completed
ORD-0001360,R-0005,2026-01-09,20.58,app,delivery,completed
ORD-0001361,R-0005,2026-01-26,17.75,web,pickup,completed
ORD-0001362,R-0005,2026-01-22,17.20,web,delivery,completed
ORD-0001363,R-0005,2026-01-19,10.97,app,pickup,COMPLETED
ORD-0004318,R-0006,2026-01-24,67.68,web,delivery,completed
ORD-0004319,R-0006,2026-01-31,35.32,app,delivery,completed
ORD-0004320,R-0006,2026-01-28,28.85,app,delivery,completed
ORD-0004321,R-0006,2026-01-10,44.36,app,delivery,completed
ORD-0004322,R-0006,2026-01-23,33.71,web,delivery,completed
ORD-0004323,R-0006,2026-01-03,34.04,app,delivery,completed
ORD-0004324,R-0006,2026-01-04,41.92,web,pickup,COMPLETED
ORD-0004325,R-0006,2026-01-15,16.80,web,delivery,cancelled
ORD-0004326,R-0006,2026-01-15,24.29,web,delivery,completed
ORD-0004327,R-0006,2026-01-16,45.71,app,delivery,completed
ORD-0004328,R-0006,2026-01-16,50.43,app,delivery,completed
ORD-0004329,R-0006,2026-01-21,37.04,app,delivery,completed
ORD-0004330,R-0006,2026-01-31,38.83,app,pickup,completed
ORD-0004331,R-0006,2026-01-05,37.65,app,delivery,completed
ORD-0004332,R-0006,2026-01-11,49.81,app,pickup,cancelled
ORD-0004333,R-0006,2026-01-03,20.86,web,delivery,completed
ORD-0004334,R-0006,2026-01-07,26.99,app,delivery,completed
ORD-0004335,R-0006,2026-01-31,34.17,app,pickup,refunded
ORD-0004336,R-0006,2026-01-02,37.71,app,pickup,completed
ORD-0004337,R-0006,2026-01-07,15.05,web,delivery,completed
ORD-0004338,R-0006,2026-01-14,20.54,web,delivery,completed
ORD-0004339,R-0006,2026-01-10,34.90,app,delivery,completed
ORD-0004340,R-0006,2026-01-17,50.83,app,delivery,completed
ORD-0004341,R-0006,2026-01-31,30.13,app,delivery,COMPLETED
ORD-0004342,R-0006,2026-01-23,27.52,web,delivery,completed
ORD-0004343,R-0006,2026-01-13,39.43,app,delivery,completed
ORD-0004344,R-0006,2026-01-22,28.84,app,pickup,completed
ORD-0004345,R-0006,2026-01-28,44.85,web,delivery,completed
ORD-0004346,R-0006,2026-01-08,29.99,app,pickup,completed
ORD-0004347,R-0006,2026-01-23,23.37,app,delivery,COMPLETED
ORD-0004348,R-0006,2026-01-19,54.61,app,delivery,completed
ORD-0004349,R-0006,2026-01-24,55.16,web,delivery,completed
ORD-0004350,R-0006,2026-01-03,24.77,app,delivery,completed
ORD-0004351,R-0006,2026-01-24,40.57,web,delivery,completed
ORD-0004352,R-0006,2026-01-25,31.16,web,delivery,completed
ORD-0004353,R-0006,2026-01-22,40.76,web,delivery,completed
ORD-0004354,R-0006,2026-01-07,23.61,app,pickup,Cancelled
ORD-0004355,R-0006,2026-01-05,44.70,app,delivery,COMPLETED
ORD-0004356,R-0006,2026-01-24,54.32,web,delivery,completed
ORD-0004357,R-0006,2026-01-21,23.00,web,delivery,Completed
ORD-0004358,R-0006,2026-01-31,35.99,web,delivery,COMPLETED
ORD-0004359,R-0006,2026-01-15,50.68,web,delivery,completed
ORD-0004360,R-0006,2026-01-08,22.55,web,delivery,completed
ORD-0004361,R-0006,2026-01-24,27.50,app,pickup,completed
ORD-0004362,R-0006,2026-01-24,44.71,app,pickup,completed
ORD-0004363,R-0006,2026-01-17,33.11,app,delivery,Completed
ORD-0004364,R-0006,2026-01-24,19.75,app,delivery,completed
ORD-0004365,R-0006,2026-01-10,31.24,app,pickup,completed
ORD-0005148,R-0009,2026-01-07,23.38,web,delivery,COMPLETED
ORD-0005149,R-0009,2026-01-18,29.11,web,delivery,completed
ORD-0005150,R-0009,2026-01-30,38.50,app,pickup,completed
ORD-0005151,R-0009,2026-01-18,16.25,app,delivery,completed
ORD-0005152,R-0009,2026-01-10,28.13,app,delivery,Completed
ORD-0005153,R-0009,2026-01-25,17.12,web,delivery,cancelled
ORD-0005154,R-0009,2026-01-04,28.34,app,delivery,completed
ORD-0005155,R-0009,2026-01-05,23.15,app,pickup,completed
ORD-0005156,R-0009,2026-01-23,27.21,web,delivery,completed
ORD-0005157,R-0009,2026-01-02,37.33,app,delivery,completed
ORD-0005158,R-0009,2026-01-02,36.92,app,delivery,completed
ORD-0005159,R-0009,2026-01-12,37.68,web,pickup,completed
ORD-0005160,R-0009,2026-01-13,22.02,app,pickup,completed
ORD-0005161,R-0009,2026-01-15,32.79,app,delivery,completed
ORD-0005162,R-0009,2026-01-24,32.98,web,delivery,completed
ORD-0005163,R-0009,2026-01-18,24.00,app,delivery,completed
ORD-0005164,R-0009,2026-01-23,28.65,app,pickup,completed
ORD-0005165,R-0009,2026-01-02,26.17,app,delivery,completed
ORD-0005166,R-0009,2026-01-10,45.49,web,delivery,completed
ORD-0005167,R-0009,2026-01-31,36.81,app,pickup,COMPLETED
ORD-0005168,R-0009,2026-01-14,22.51,web,delivery,completed
ORD-0005169,R-0009,2026-01-08,21.95,web,pickup,refunded
ORD-0005170,R-0009,2026-01-31,38.83,app,pickup,completed
ORD-0005171,R-0009,2026-01-13,41.29,app,pickup,completed
ORD-0005172,R-0009,2026-01-16,30.78,app,delivery,completed
ORD-0005173,R-0009,2026-01-08,32.27,web,delivery,completed
ORD-0005174,R-0009,2026-01-21,40.75,app,delivery,completed
ORD-0005175,R-0009,2026-01-07,23.86,web,pickup,completed
ORD-0005176,R-0009,2026-01-19,26.20,web,delivery,completed
ORD-0005177,R-0009,2026-01-24,32.75,app,pickup,completed
ORD-0005178,R-0009,2026-01-21,21.77,web,pickup,completed
ORD-0005179,R-0009,2026-01-03,50.79,app,delivery,completed
ORD-0005180,R-0009,2026-01-03,23.43,web,pickup,Completed
ORD-0005181,R-0009,2026-01-27,25.99,app,delivery,completed
ORD-0005182,R-0009,2026-01-29,50.87,app,pickup,completed
ORD-0005183,R-0009,2026-01-04,13.99,web,pickup,completed
ORD-0005184,R-0009,2026-01-12,27.49,app,delivery,Completed
ORD-0005185,R-0009,2026-01-21,20.02,web,delivery,completed
ORD-0005186,R-0009,2026-01-26,25.42,web,delivery,completed
ORD-0005187,R-0009,2026-01-29,16.43,web,pickup,completed
ORD-0005188,R-0009,2026-01-23,24.01,app,delivery,completed
ORD-0005189,R-0009,2026-01-04,27.70,web,delivery,Completed
ORD-0005190,R-0009,2026-01-24,29.93,web,delivery,completed
ORD-0005191,R-0009,2026-01-28,35.16,app,delivery,completed
ORD-0005192,R-0009,2026-01-11,11.84,app,pickup,completed
ORD-0005193,R-0009,2026-01-16,26.23,web,delivery,completed
ORD-0005194,R-0009,2026-01-05,23.86,app,delivery,completed
ORD-0005195,R-0009,2026-01-10,26.82,app,pickup,completed
ORD-0005196,R-0009,2026-01-28,25.72,web,delivery,completed
ORD-0005197,R-0009,2026-01-03,20.33,app,delivery,completed
ORD-0005198,R-0009,2026-01-24,15.68,web,delivery,completed
ORD-0005199,R-0009,2026-01-03,29.70,app,pickup,completed
ORD-0005200,R-0009,2026-01-10,19.16,app,pickup,completed
ORD-0005201,R-0009,2026-01-18,31.77,app,delivery,completed
ORD-0005202,R-0009,2026-01-01,18.11,app,delivery,completed
ORD-0005203,R-0009,2026-01-22,32.67,web,delivery,Completed
ORD-0005204,R-0009,2026-01-10,26.92,web,delivery,completed
ORD-0005205,R-0009,2026-01-24,27.61,web,delivery,completed
ORD-0005206,R-0009,2026-01-31,25.11,app,delivery,completed
ORD-0005207,R-0009,2026-01-13,21.94,web,delivery,completed
ORD-0005208,R-0009,2026-01-02,25.24,web,pickup,completed
ORD-0005209,R-0009,2026-01-27,38.99,app,delivery,completed
ORD-0005210,R-0009,2026-01-09,15.75,app,delivery,COMPLETED
ORD-0005211,R-0009,2026-01-04,21.71,app,pickup,completed
ORD-0005212,R-0009,2026-01-28,37.27,app,delivery,completed
ORD-0005213,R-0009,2026-01-08,34.21,web,delivery,completed
ORD-0005214,R-0009,2026-01-19,41.35,web,delivery,COMPLETED
ORD-0005215,R-0009,2026-01-09,26.87,app,pickup,completed
ORD-0005216,R-0009,2026-01-23,17.04,app,delivery,completed
ORD-0005217,R-0009,2026-01-21,17.02,app,pickup,completed
ORD-0005218,R-0009,2026-01-16,24.64,web,delivery,completed
ORD-0005219,R-0009,2026-01-17,36.16,web,delivery,completed
ORD-0005220,R-0009,2026-01-08,23.18,app,delivery,completed
ORD-0005221,R-0009,2026-01-01,22.55,web,pickup,completed
ORD-0005222,R-0009,2026-01-25,31.70,web,delivery,completed
ORD-0005223,R-0009,2026-01-29,25.68,app,delivery,completed
ORD-0005224,R-0009,2026-01-24,23.41,app,delivery,cancelled
ORD-0005225,R-0009,2026-01-23,19.11,web,delivery,completed
ORD-0005226,R-0009,2026-01-16,38.68,web,delivery,completed
ORD-0005227,R-0009,2026-01-18,40.12,web,delivery,completed
ORD-0005228,R-0009,2026-01-23,18.72,web,delivery,completed
ORD-0005229,R-0009,2026-01-01,21.97,web,delivery,completed
ORD-0005230,R-0009,2026-01-14,32.36,app,delivery,completed
ORD-0005231,R-0009,2026-01-08,16.84,web,pickup,completed
ORD-0005232,R-0009,2026-01-11,31.34,web,delivery,completed
ORD-0005233,R-0009,2026-01-24,24.40,app,delivery,Completed
ORD-0005234,R-0009,2026-01-11,17.67,web,delivery,COMPLETED
ORD-0005235,R-0009,2026-01-24,52.25,app,pickup,cancelled
ORD-0005236,R-0009,2026-01-31,24.26,web,delivery,cancelled
ORD-0005237,R-0009,2026-01-30,33.19,app,delivery,completed
ORD-0005238,R-0009,2026-01-26,16.94,app,delivery,completed
ORD-0005239,R-0009,2026-01-27,44.59,web,delivery,completed
ORD-0005240,R-0009,2026-01-12,51.45,app,delivery,completed
ORD-0005241,R-0009,2026-01-23,15.94,app,delivery,CANCELLED
ORD-0005242,R-0009,2026-01-22,23.95,app,delivery,completed
ORD-0005243,R-0009,2026-01-31,44.40,web,delivery,completed
ORD-0005244,R-0009,2026-01-18,23.17,web,delivery,completed
ORD-0005245,R-0009,2026-01-14,29.48,web,delivery,completed
ORD-0005246,R-0009,2026-01-27,13.84,app,delivery,cancelled
ORD-0005247,R-0009,2026-01-24,20.64,web,pickup,cancelled
ORD-0005248,R-0009,2026-01-04,30.66,web,delivery,completed
ORD-0005249,R-0009,2026-01-19,20.54,app,delivery,completed
ORD-0005250,R-0009,2026-01-19,22.31,app,delivery,cancelled
ORD-0005251,R-0009,2026-01-20,14.69,app,pickup,completed
ORD-0005252,R-0009,2026-01-30,34.79,app,pickup,completed
ORD-0005253,R-0009,2026-01-19,15.65,web,delivery,completed
ORD-0005254,R-0009,2026-01-28,44.40,app,delivery,completed
ORD-0005255,R-0009,2026-01-11,21.44,app,delivery,completed
ORD-0005256,R-0009,2026-01-02,36.69,app,delivery,completed
ORD-0005257,R-0009,2026-01-12,32.78,web,delivery,completed
ORD-0005258,R-0009,2026-01-17,19.22,app,delivery,completed
ORD-0005259,R-0009,2026-01-26,20.64,app,delivery,cancelled
ORD-0005260,R-0009,2026-01-20,21.54,app,delivery,completed
ORD-0005261,R-0009,2026-01-15,22.08,app,delivery,completed
ORD-0005262,R-0009,2026-01-15,15.89,app,delivery,completed
ORD-0005263,R-0009,2026-01-31,33.31,app,delivery,completed
ORD-0005264,R-0009,2026-01-04,21.40,app,pickup,completed
ORD-0005265,R-0009,2026-01-07,24.39,app,delivery,completed
ORD-0005266,R-0009,2026-01-20,36.60,app,delivery,completed
ORD-0005267,R-0009,2026-01-23,33.77,app,pickup,completed
ORD-0005268,R-0009,2026-01-12,20.30,web,pickup,COMPLETED
ORD-0005269,R-0009,2026-01-02,40.02,app,pickup,completed
ORD-0007039,R-0010,2026-01-03,111.06,app,pickup,completed
ORD-0007040,R-0010,2026-01-30,49.84,app,pickup,completed
ORD-0007041,R-0010,2026-01-23,67.35,app,delivery,COMPLETED
ORD-0007042,R-0010,2026-01-05,48.14,web,pickup,completed
ORD-0007043,R-0010,2026-01-19,68.63,app,pickup,refunded
ORD-0007044,R-0010,2026-01-25,40.71,web,delivery,completed
ORD-0007045,R-0010,2026-01-19,28.66,app,pickup,cancelled
ORD-0007046,R-0010,2026-01-15,56.81,web,pickup,completed
ORD-0007047,R-0010,2026-01-26,47.71,web,pickup,completed
ORD-0007048,R-0010,2026-01-02,62.04,web,pickup,completed
ORD-0007049,R-0010,2026-01-20,33.87,web,pickup,completed
ORD-0007050,R-0010,2026-01-16,55.14,web,pickup,completed
ORD-0007051,R-0010,2026-01-21,23.49,web,pickup,completed
ORD-0007052,R-0010,2026-01-09,38.50,web,pickup,completed
ORD-0007053,R-0010,2026-01-05,32.77,app,delivery,completed
ORD-0007054,R-0010,2026-01-31,55.47,web,pickup,completed
ORD-0007055,R-0010,2026-01-28,35.59,web,pickup,Completed
ORD-0007056,R-0010,2026-01-29,25.52,web,delivery,completed
ORD-0007057,R-0010,2026-01-24,37.25,app,pickup,completed
ORD-0007058,R-0010,2026-01-02,57.64,web,delivery,completed
ORD-0007059,R-0010,2026-01-20,44.80,web,delivery,cancelled
ORD-0007060,R-0010,2026-01-12,32.28,web,pickup,completed
ORD-0007061,R-0010,2026-01-10,63.07,app,pickup,COMPLETED
ORD-0007062,R-0010,2026-01-08,76.63,app,delivery,completed
ORD-0007063,R-0010,2026-01-06,59.94,app,pickup,completed
ORD-0007064,R-0010,2026-01-04,19.43,web,delivery,completed
ORD-0007065,R-0010,2026-01-04,50.35,web,pickup,completed
ORD-0007066,R-0010,2026-01-23,43.69,app,pickup,completed
ORD-0007067,R-0010,2026-01-30,21.51,web,pickup,completed
ORD-0007068,R-0010,2026-01-12,26.32,web,delivery,completed
ORD-0007069,R-0010,2026-01-03,62.13,web,pickup,COMPLETED
ORD-0007070,R-0010,2026-01-08,45.73,web,pickup,completed
ORD-0007071,R-0010,2026-01-24,47.48,web,delivery,completed
ORD-0007072,R-0010,2026-01-11,36.12,web,delivery,completed
ORD-0007073,R-0010,2026-01-22,63.96,web,pickup,completed
ORD-0007074,R-0010,2026-01-07,26.93,app,delivery,completed
ORD-0007075,R-0010,2026-01-24,33.05,web,pickup,completed
ORD-0007076,R-0010,2026-01-21,37.88,web,delivery,Completed
ORD-0007077,R-0010,2026-01-08,24.10,web,delivery,cancelled
ORD-0007078,R-0010,2026-01-30,33.13,web,delivery,completed
ORD-0007079,R-0010,2026-01-17,68.54,web,delivery,completed
ORD-0007080,R-0010,2026-01-07,31.10,web,delivery,completed
ORD-0007081,R-0010,2026-01-18,61.71,web,pickup,completed
ORD-0007082,R-0010,2026-01-13,54.10,app,pickup,completed
ORD-0007083,R-0010,2026-01-30,43.26,web,delivery,completed
ORD-0007084,R-0010,2026-01-10,27.09,web,pickup,completed
ORD-0007085,R-0010,2026-01-29,43.68,web,delivery,completed
ORD-0007086,R-0010,2026-01-24,20.91,web,delivery,completed
ORD-0007087,R-0010,2026-01-22,35.00,app,pickup,completed
ORD-0007088,R-0010,2026-01-06,46.72,web,delivery,completed
ORD-0007089,R-0010,2026-01-03,63.79,web,delivery,completed
ORD-0007090,R-0010,2026-01-28,40.30,app,pickup,completed
ORD-0007091,R-0010,2026-01-18,36.70,web,pickup,completed
ORD-0007092,R-0010,2026-01-31,35.61,app,delivery,completed
ORD-0007093,R-0010,2026-01-17,38.67,web,delivery,completed
ORD-0007094,R-0010,2026-01-18,58.19,web,pickup,completed
ORD-0007095,R-0010,2026-01-31,52.52,web,pickup,completed
ORD-0007096,R-0010,2026-01-23,45.69,app,delivery,completed
ORD-0007097,R-0010,2026-01-11,58.32,app,pickup,completed
ORD-0007098,R-0010,2026-01-26,42.67,web,pickup,completed
ORD-0007099,R-0010,2026-01-10,27.96,web,delivery,completed
ORD-0007100,R-0010,2026-01-17,30.41,web,delivery,completed
ORD-0007101,R-0010,2026-01-08,53.43,web,pickup,completed
ORD-0007102,R-0010,2026-01-31,27.55,app,delivery,COMPLETED
ORD-0007103,R-0010,2026-01-30,39.95,web,delivery,completed
ORD-0007104,R-0010,2026-01-28,40.88,web,pickup,completed
ORD-0007105,R-0010,2026-01-13,28.98,web,pickup,completed
ORD-0007106,R-0010,2026-01-23,24.68,app,pickup,completed
ORD-0007107,R-0010,2026-01-09,29.68,web,pickup,completed
ORD-0007108,R-0010,2026-01-12,21.67,web,delivery,completed
ORD-0007109,R-0010,2026-01-25,57.92,web,pickup,completed
ORD-0007110,R-0010,2026-01-02,53.46,web,pickup,completed
ORD-0007111,R-0010,2026-01-02,34.67,web,pickup,completed
ORD-0007112,R-0010,2026-01-21,25.57,web,delivery,completed
ORD-0007113,R-0010,2026-01-24,71.28,app,pickup,completed
ORD-0007114,R-0010,2026-01-12,50.30,app,pickup,completed
ORD-0007115,R-0010,2026-01-22,33.81,app,delivery,COMPLETED
ORD-0007116,R-0010,2026-01-29,66.52,app,delivery,completed
ORD-0007117,R-0010,2026-01-03,48.51,web,delivery,completed
ORD-0007118,R-0010,2026-01-26,48.05,app,delivery,completed
ORD-0007119,R-0010,2026-01-18,31.20,app,delivery,completed
ORD-0007120,R-0010,2026-01-14,24.19,web,delivery,refunded
ORD-0007121,R-0010,2026-01-02,25.60,web,delivery,completed
ORD-0007122,R-0010,2026-01-12,93.01,web,delivery,completed
ORD-0007123,R-0010,2026-01-25,33.80,web,pickup,completed
ORD-0007124,R-0010,2026-01-17,47.21,app,pickup,completed
ORD-0007125,R-0010,2026-01-06,50.66,web,pickup,completed
ORD-0007126,R-0010,2026-01-08,42.33,web,pickup,completed
ORD-0007127,R-0010,2026-01-27,40.27,app,delivery,completed
ORD-0007128,R-0010,2026-01-14,39.93,app,pickup,COMPLETED
ORD-0007129,R-0010,2026-01-03,55.14,app,pickup,completed
ORD-0007130,R-0010,2026-01-31,31.22,app,pickup,completed
ORD-0007131,R-0010,2026-01-09,39.07,app,pickup,completed
ORD-0007132,R-0010,2026-01-25,19.46,app,delivery,completed
ORD-0007133,R-0010,2026-01-01,21.25,web,pickup,COMPLETED
ORD-0007134,R-0010,2026-01-09,28.35,app,pickup,completed
ORD-0007135,R-0010,2026-01-10,63.41,web,delivery,cancelled
ORD-0007136,R-0010,2026-01-28,38.52,app,delivery,completed
ORD-0007137,R-0010,2026-01-24,59.81,web,delivery,completed
ORD-0007138,R-0010,2026-01-10,53.21,web,delivery,COMPLETED
ORD-0007139,R-0010,2026-01-25,50.78,web,pickup,completed
ORD-0007140,R-0010,2026-01-25,32.36,web,pickup,completed
ORD-0007141,R-0010,2026-01-16,47.38,web,delivery,completed
ORD-0007142,R-0010,2026-01-16,50.68,web,delivery,completed
ORD-0007143,R-0010,2026-01-16,104.97,app,pickup,completed
ORD-0007144,R-0010,2026-01-05,37.48,web,pickup,completed
ORD-0007145,R-0010,2026-01-26,56.11,web,pickup,completed
ORD-0007146,R-0010,2026-01-23,43.99,web,delivery,completed
ORD-0007147,R-0010,2026-01-27,32.80,web,pickup,completed
ORD-0007148,R-0010,2026-01-26,59.06,web,delivery,completed
ORD-0007149,R-0010,2026-01-25,93.51,app,delivery,cancelled
ORD-0007150,R-0010,2026-01-25,50.82,web,delivery,Completed
ORD-0007151,R-0010,2026-01-30,35.68,app,pickup,completed
ORD-0007152,R-0010,2026-01-19,50.81,web,pickup,completed
ORD-0007153,R-0010,2026-01-26,47.36,web,delivery,Completed
ORD-0007154,R-0010,2026-01-25,105.59,web,pickup,completed
ORD-0007155,R-0010,2026-01-09,60.82,web,pickup,completed
ORD-0007156,R-0010,2026-01-18,32.49,web,delivery,cancelled
ORD-0007157,R-0010,2026-01-23,74.23,app,delivery,completed
ORD-0007158,R-0010,2026-01-03,61.58,web,delivery,completed
ORD-0007159,R-0010,2026-01-17,65.38,web,delivery,COMPLETED
ORD-0007160,R-0010,2026-01-01,50.39,web,pickup,completed
ORD-0007161,R-0010,2026-01-08,62.21,app,delivery,completed
ORD-0007162,R-0010,2026-01-16,54.33,web,delivery,completed
ORD-0007163,R-0010,2026-01-10,41.89,web,delivery,Completed
ORD-0007164,R-0010,2026-01-24,48.45,web,delivery,completed
ORD-0007165,R-0010,2026-01-20,40.85,app,delivery,completed
ORD-0007166,R-0010,2026-01-09,52.35,web,pickup,completed
ORD-0007167,R-0010,2026-01-01,43.95,app,delivery,completed
ORD-0007168,R-0010,2026-01-09,40.96,web,delivery,completed
ORD-0007169,R-0010,2026-01-17,43.05,web,delivery,completed
ORD-0007170,R-0010,2026-01-24,46.01,web,pickup,completed
ORD-0007171,R-0010,2026-01-19,21.91,web,pickup,completed
ORD-0007172,R-0010,2026-01-02,67.60,web,pickup,completed
ORD-0007173,R-0010,2026-01-15,48.59,web,delivery,completed
ORD-0007174,R-0010,2026-01-31,36.65,app,pickup,Completed
ORD-0007175,R-0010,2026-01-29,53.22,web,pickup,completed
ORD-0007176,R-0010,2026-01-24,38.10,web,delivery,completed
ORD-0007177,R-0010,2026-01-09,38.09,web,pickup,completed
ORD-0007178,R-0010,2026-01-01,49.08,web,pickup,completed
ORD-0007179,R-0010,2026-01-15,72.86,app,pickup,completed
ORD-0007180,R-0010,2026-01-12,47.37,app,delivery,completed
ORD-0007181,R-0010,2026-01-22,31.91,web,delivery,completed
ORD-0007182,R-0010,2026-01-02,40.39,app,pickup,completed
ORD-0007183,R-0010,2026-01-30,63.30,app,delivery,completed
ORD-0007184,R-0010,2026-01-24,53.60,web,delivery,completed
ORD-0007185,R-0010,2026-01-31,65.97,web,pickup,COMPLETED
ORD-0007186,R-0010,2026-01-28,49.43,web,delivery,completed
ORD-0007187,R-0010,2026-01-14,56.92,app,delivery,cancelled
ORD-0007188,R-0010,2026-01-22,90.60,web,delivery,completed
ORD-0007189,R-0010,2026-01-27,25.72,app,delivery,completed
ORD-0007190,R-0010,2026-01-07,105.00,app,delivery,completed
ORD-0007191,R-0010,2026-01-01,60.56,app,pickup,completed
ORD-0007192,R-0010,2026-01-10,123.03,web,pickup,completed
ORD-0007193,R-0010,2026-01-14,29.53,web,delivery,Completed
ORD-0007194,R-0010,2026-01-20,49.22,app,pickup,completed
ORD-0007195,R-0010,2026-01-09,48.90,web,delivery,completed
ORD-0007196,R-0010,2026-01-15,59.37,app,delivery,Completed
ORD-0007197,R-0010,2026-01-21,50.86,web,pickup,completed
ORD-0007198,R-0010,2026-01-26,48.77,app,pickup,completed
ORD-0007199,R-0010,2026-01-08,57.09,app,delivery,COMPLETED
ORD-0007200,R-0010,2026-01-25,44.27,web,pickup,completed
ORD-0007201,R-0010,2026-01-30,37.99,app,delivery,completed
ORD-0007202,R-0010,2026-01-13,50.54,app,pickup,completed
ORD-0007203,R-0010,2026-01-17,37.96,web,pickup,completed
ORD-0007204,R-0010,2026-01-01,40.70,web,pickup,completed
ORD-0009750,R-0015,2026-01-12,61.18,app,pickup,completed
ORD-0009751,R-0015,2026-01-16,20.99,web,pickup,completed
ORD-0009752,R-0015,2026-01-22,26.65,app,delivery,completed
ORD-0009753,R-0015,2026-01-16,57.73,app,delivery,completed
ORD-0009754,R-0015,2026-01-28,31.82,app,pickup,completed
ORD-0009755,R-0015,2026-01-17,9.56,app,pickup,completed
ORD-0009756,R-0015,2026-01-01,19.24,app,delivery,completed
ORD-0009757,R-0015,2026-01-25,19.29,app,pickup,completed
ORD-0009758,R-0015,2026-01-16,11.96,web,pickup,completed
ORD-0009759,R-0015,2026-01-22,19.30,web,delivery,completed
ORD-0009760,R-0015,2026-01-10,7.78,app,pickup,completed
ORD-0009761,R-0015,2026-01-23,29.62,web,pickup,completed
ORD-0009762,R-0015,2026-01-23,25.77,web,pickup,completed
ORD-0009763,R-0015,2026-01-31,18.83,app,delivery,completed
ORD-0009764,R-0015,2026-01-11,11.61,app,delivery,completed
ORD-0009765,R-0015,2026-01-07,43.84,web,delivery,completed
ORD-0009766,R-0015,2026-01-16,20.02,web,delivery,completed
ORD-0009767,R-0015,2026-01-23,41.57,app,delivery,completed
ORD-0009768,R-0015,2026-01-16,24.31,app,delivery,completed
ORD-0009769,R-0015,2026-01-28,45.11,web,pickup,completed
ORD-0009770,R-0015,2026-01-31,33.19,web,pickup,completed
ORD-0009771,R-0015,2026-01-31,26.97,web,pickup,completed
ORD-0009772,R-0015,2026-01-04,17.77,web,pickup,completed
ORD-0009773,R-0015,2026-01-08,42.05,app,pickup,COMPLETED
ORD-0009774,R-0015,2026-01-10,23.47,web,pickup,completed
ORD-0009775,R-0015,2026-01-30,17.97,app,pickup,completed
ORD-0009776,R-0015,2026-01-25,23.97,web,delivery,completed
ORD-0009777,R-0015,2026-01-04,25.17,app,delivery,completed
ORD-0009778,R-0015,2026-01-14,34.90,web,pickup,completed
ORD-0009779,R-0015,2026-01-30,11.25,app,pickup,completed
ORD-0009780,R-0015,2026-01-07,67.64,app,delivery,completed
ORD-0009781,R-0015,2026-01-17,31.47,web,pickup,completed
ORD-0009782,R-0015,2026-01-22,23.62,web,pickup,completed
ORD-0009783,R-0015,2026-01-02,31.21,web,delivery,Completed
ORD-0009784,R-0015,2026-01-14,12.15,app,delivery,completed
ORD-0009785,R-0015,2026-01-30,27.12,app,pickup,completed
ORD-0009786,R-0015,2026-01-01,31.63,app,delivery,completed
ORD-0009787,R-0015,2026-01-20,20.90,app,delivery,COMPLETED
ORD-0009788,R-0015,2026-01-28,29.92,web,pickup,completed
ORD-0009789,R-0015,2026-01-14,33.68,web,pickup,completed
ORD-0009790,R-0015,2026-01-09,18.66,web,delivery,completed
ORD-0009791,R-0015,2026-01-23,44.42,web,delivery,Completed
ORD-0009792,R-0015,2026-01-11,25.02,app,pickup,completed
ORD-0009793,R-0015,2026-01-10,59.27,app,pickup,completed
ORD-0009794,R-0015,2026-01-09,45.62,web,pickup,completed
ORD-0009795,R-0015,2026-01-31,30.70,app,pickup,completed
ORD-0009796,R-0015,2026-01-24,17.99,web,pickup,completed
ORD-0009797,R-0015,2026-01-04,24.46,app,delivery,COMPLETED
ORD-0009798,R-0015,2026-01-10,39.96,app,pickup,cancelled
ORD-0009799,R-0015,2026-01-29,18.61,app,pickup,COMPLETED
ORD-0009800,R-0015,2026-01-26,28.76,app,pickup,Completed
ORD-0009801,R-0015,2026-01-11,32.64,web,pickup,completed
ORD-0009802,R-0015,2026-01-23,24.45,web,pickup,completed
ORD-0009803,R-0015,2026-01-03,17.91,app,pickup,completed
ORD-0009804,R-0015,2026-01-04,51.76,web,pickup,COMPLETED
ORD-0009805,R-0015,2026-01-29,29.29,app,delivery,completed
ORD-0009806,R-0015,2026-01-17,22.50,app,pickup,completed
ORD-0009807,R-0015,2026-01-04,18.16,web,delivery,completed
ORD-0009808,R-0015,2026-01-16,38.09,app,delivery,COMPLETED
ORD-0009809,R-0015,2026-01-15,23.07,app,pickup,COMPLETED
ORD-0009810,R-0015,2026-01-31,39.44,app,pickup,completed
ORD-0009811,R-0015,2026-01-01,15.87,app,delivery,completed
ORD-0009812,R-0015,2026-01-24,29.33,web,pickup,completed
ORD-0009813,R-0015,2026-01-24,20.81,app,delivery,completed
ORD-0009814,R-0015,2026-01-24,55.13,app,delivery,completed
ORD-0009815,R-0015,2026-01-24,30.19,web,pickup,completed
ORD-0009816,R-0015,2026-01-23,16.60,app,delivery,completed
ORD-0009817,R-0015,2026-01-14,35.84,app,pickup,completed
ORD-0009818,R-0015,2026-01-02,44.15,app,pickup,completed
ORD-0009819,R-0015,2026-01-31,22.16,web,pickup,completed
ORD-0010827,R-0017,2026-01-22,26.68,web,delivery,completed
ORD-0010828,R-0017,2026-01-03,33.97,web,pickup,completed
ORD-0010829,R-0017,2026-01-17,33.10,web,delivery,completed
ORD-0010830,R-0017,2026-01-22,14.54,web,pickup,completed
ORD-0010831,R-0017,2026-01-24,35.88,web,delivery,completed
ORD-0010832,R-0017,2026-01-23,32.97,web,delivery,completed
ORD-0010833,R-0017,2026-01-10,23.06,web,pickup,completed
ORD-0010834,R-0017,2026-01-18,21.79,web,pickup,completed
ORD-0010835,R-0017,2026-01-25,29.86,web,pickup,completed
ORD-0010836,R-0017,2026-01-16,30.96,web,delivery,completed
ORD-0010837,R-0017,2026-01-13,19.36,web,pickup,completed
ORD-0010838,R-0017,2026-01-03,29.83,web,delivery,completed
ORD-0010839,R-0017,2026-01-17,31.00,web,delivery,refunded
ORD-0010840,R-0017,2026-01-23,38.10,web,delivery,refunded
ORD-0010841,R-0017,2026-01-11,28.32,web,delivery,completed
ORD-0010842,R-0017,2026-01-24,15.75,web,pickup,cancelled
ORD-0010843,R-0017,2026-01-31,31.65,web,delivery,completed
ORD-0010844,R-0017,2026-01-07,16.17,app,delivery,completed
ORD-0010845,R-0017,2026-01-20,20.92,web,delivery,completed
ORD-0010846,R-0017,2026-01-10,19.38,web,delivery,COMPLETED
ORD-0010847,R-0017,2026-01-08,31.56,app,delivery,completed
ORD-0010848,R-0017,2026-01-18,21.01,app,pickup,completed
ORD-0010849,R-0017,2026-01-12,36.84,web,pickup,cancelled
ORD-0010850,R-0017,2026-01-20,19.03,app,pickup,completed
ORD-0010851,R-0017,2026-01-22,14.65,app,pickup,completed
ORD-0010852,R-0017,2026-01-13,24.39,app,pickup,completed
ORD-0010853,R-0017,2026-01-01,18.07,app,delivery,completed
ORD-0010854,R-0017,2026-01-30,43.84,app,delivery,completed
ORD-0010855,R-0017,2026-01-31,23.80,web,pickup,completed
ORD-0010856,R-0017,2026-01-09,41.72,web,pickup,completed
ORD-0010857,R-0017,2026-01-28,24.71,web,delivery,completed
ORD-0010858,R-0017,2026-01-30,32.68,web,delivery,completed
ORD-0010859,R-0017,2026-01-07,23.07,app,delivery,completed
ORD-0010860,R-0017,2026-01-16,60.66,web,delivery,completed
ORD-0010861,R-0017,2026-01-03,20.61,web,pickup,completed
ORD-0010862,R-0017,2026-01-15,10.66,web,delivery,completed
ORD-0010863,R-0017,2026-01-10,31.73,app,delivery,completed
ORD-0010864,R-0017,2026-01-05,19.82,web,delivery,completed
ORD-0010865,R-0017,2026-01-17,31.19,web,pickup,completed
ORD-0011456,R-0020,2026-01-10,25.26,app,delivery,completed
ORD-0011457,R-0020,2026-01-04,20.49,app,delivery,Completed
ORD-0011458,R-0020,2026-01-22,19.70,app,delivery,completed
ORD-0011459,R-0020,2026-01-01,21.83,app,delivery,completed
ORD-0011460,R-0020,2026-01-22,30.72,app,delivery,completed
ORD-0011461,R-0020,2026-01-31,19.49,app,delivery,completed
ORD-0011462,R-0020,2026-01-12,16.22,web,pickup,completed
ORD-0011463,R-0020,2026-01-23,20.18,app,delivery,completed
ORD-0011464,R-0020,2026-01-02,15.63,app,pickup,completed
ORD-0011465,R-0020,2026-01-11,26.21,web,delivery,completed
ORD-0011466,R-0020,2026-01-15,24.73,app,delivery,completed
ORD-0011467,R-0020,2026-01-21,33.30,app,delivery,completed
ORD-0011468,R-0020,2026-01-10,18.16,app,delivery,completed
ORD-0011469,R-0020,2026-01-21,24.84,app,delivery,completed
ORD-0011470,R-0020,2026-01-23,28.78,app,pickup,completed
ORD-0011471,R-0020,2026-01-05,14.30,app,delivery,completed
ORD-0011472,R-0020,2026-01-27,25.64,app,delivery,cancelled
ORD-0011473,R-0020,2026-01-22,25.96,web,delivery,completed
ORD-0011474,R-0020,2026-01-31,24.69,web,delivery,completed
ORD-0011475,R-0020,2026-01-24,16.87,app,pickup,completed
ORD-0011476,R-0020,2026-01-24,25.12,app,delivery,completed
ORD-0011477,R-0020,2026-01-01,12.50,web,delivery,completed
ORD-0011478,R-0020,2026-01-14,26.56,app,pickup,completed
ORD-0011479,R-0020,2026-01-10,32.92,app,delivery,COMPLETED
ORD-0011480,R-0020,2026-01-24,23.96,app,delivery,completed
ORD-0011481,R-0020,2026-01-21,36.41,app,delivery,completed
ORD-0011482,R-0020,2026-01-16,20.46,web,pickup,Completed
ORD-0011483,R-0020,2026-01-11,20.25,app,delivery,completed
ORD-0011484,R-0020,2026-01-03,23.50,app,pickup,completed
ORD-0011485,R-0020,2026-01-10,54.43,web,delivery,completed
ORD-0011486,R-0020,2026-01-19,21.71,app,delivery,completed
ORD-0011487,R-0020,2026-01-10,52.31,app,delivery,completed
ORD-0011488,R-0020,2026-01-03,25.44,app,delivery,completed
ORD-0011489,R-0020,2026-01-01,18.27,app,delivery,completed
ORD-0011490,R-0020,2026-01-29,45.48,app,delivery,completed
ORD-0011491,R-0020,2026-01-08,25.35,app,delivery,completed
ORD-0011492,R-0020,2026-01-30,23.38,app,delivery,completed
ORD-0011493,R-0020,2026-01-01,31.70,app,delivery,completed
ORD-0011494,R-0020,2026-01-14,36.02,app,pickup,completed
ORD-0011495,R-0020,2026-01-16,21.26,web,delivery,completed
ORD-0011496,R-0020,2026-01-12,32.13,app,delivery,completed
ORD-0011497,R-0020,2026-01-03,23.90,app,pickup,completed
ORD-0011498,R-0020,2026-01-28,17.25,app,delivery,completed
ORD-0011499,R-0020,2026-01-30,20.39,app,delivery,COMPLETED
ORD-0011500,R-0020,2026-01-24,17.49,app,delivery,Completed
ORD-0011501,R-0020,2026-01-03,26.51,app,delivery,completed
ORD-0011502,R-0020,2026-01-09,26.55,app,delivery,completed
ORD-0011503,R-0020,2026-01-10,37.57,app,delivery,completed
ORD-0011504,R-0020,2026-01-30,34.32,app,delivery,Completed
ORD-0011505,R-0020,2026-01-25,22.54,app,delivery,completed
ORD-0011506,R-0020,2026-01-14,22.38,app,pickup,completed
ORD-0013137,R-0023,2026-01-18,21.29,app,delivery,completed
ORD-0013138,R-0023,2026-01-26,10.71,app,delivery,completed
ORD-0013139,R-0023,2026-01-16,22.45,web,pickup,completed
ORD-0013140,R-0023,2026-01-27,12.58,web,delivery,completed
ORD-0013141,R-0023,2026-01-03,22.59,app,delivery,cancelled
ORD-0013142,R-0023,2026-01-09,14.75,web,pickup,completed
ORD-0013143,R-0023,2026-01-21,22.58,app,pickup,completed
ORD-0013144,R-0023,2026-01-24,20.84,app,delivery,completed
ORD-0013145,R-0023,2026-01-03,12.65,app,delivery,COMPLETED
ORD-0013146,R-0023,2026-01-19,24.73,web,delivery,completed
ORD-0013147,R-0023,2026-01-24,20.03,app,delivery,completed
ORD-0013148,R-0023,2026-01-04,24.25,app,delivery,completed
ORD-0013149,R-0023,2026-01-04,23.06,app,pickup,completed
ORD-0013150,R-0023,2026-01-16,32.14,app,pickup,refunded
ORD-0013151,R-0023,2026-01-14,24.96,web,delivery,cancelled
ORD-0013152,R-0023,2026-01-14,23.27,app,delivery,completed
ORD-0013153,R-0023,2026-01-28,9.00,app,delivery,completed
ORD-0013154,R-0023,2026-01-02,17.77,web,delivery,completed
ORD-0013155,R-0023,2026-01-24,7.18,app,delivery,completed
ORD-0013156,R-0023,2026-01-26,10.62,app,delivery,completed
ORD-0013157,R-0023,2026-01-12,30.28,web,delivery,COMPLETED
ORD-0013158,R-0023,2026-01-23,16.73,web,delivery,completed
ORD-0013159,R-0023,2026-01-18,32.38,web,delivery,completed
ORD-0013160,R-0023,2026-01-09,14.62,app,pickup,completed
ORD-0013161,R-0023,2026-01-16,19.09,app,delivery,Completed
ORD-0013162,R-0023,2026-01-02,21.48,app,delivery,COMPLETED
ORD-0013163,R-0023,2026-01-25,38.20,web,delivery,completed
ORD-0013164,R-0023,2026-01-02,30.54,app,pickup,completed
ORD-0013165,R-0023,2026-01-09,16.48,app,delivery,completed
ORD-0013166,R-0023,2026-01-13,15.30,app,delivery,completed
ORD-0013167,R-0023,2026-01-16,21.90,app,delivery,completed
ORD-0013168,R-0023,2026-01-17,54.18,app,delivery,completed
ORD-0013169,R-0023,2026-01-19,19.44,app,pickup,Completed
ORD-0013170,R-0023,2026-01-30,14.52,app,delivery,completed
ORD-0013171,R-0023,2026-01-16,14.81,app,delivery,completed
ORD-0013172,R-0023,2026-01-21,17.51,app,pickup,completed
ORD-0013173,R-0023,2026-01-03,23.26,web,delivery,completed
ORD-0013174,R-0023,2026-01-27,13.02,web,pickup,completed
ORD-0013175,R-0023,2026-01-11,30.18,web,delivery,completed
ORD-0013176,R-0023,2026-01-18,15.59,web,pickup,completed
ORD-0013177,R-0023,2026-01-31,34.86,web,delivery,completed
ORD-0013178,R-0023,2026-01-24,22.73,web,delivery,completed
ORD-0013179,R-0023,2026-01-13,16.50,app,delivery,COMPLETED
ORD-0013180,R-0023,2026-01-15,6.00,app,delivery,refunded
ORD-0013181,R-0023,2026-01-04,17.68,web,delivery,completed
ORD-0013182,R-0023,2026-01-20,19.09,app,delivery,completed
ORD-0013183,R-0023,2026-01-17,20.99,web,delivery,completed
ORD-0013184,R-0023,2026-01-19,24.30,web,delivery,completed
ORD-0013185,R-0023,2026-01-09,17.56,app,delivery,completed
ORD-0013186,R-0023,2026-01-23,26.39,web,delivery,completed
ORD-0013187,R-0023,2026-01-10,14.18,app,delivery,completed
ORD-0013188,R-0023,2026-01-15,28.89,app,delivery,completed
ORD-0013189,R-0023,2026-01-04,31.38,app,delivery,completed
ORD-0013190,R-0023,2026-01-23,23.71,web,delivery,completed
ORD-0013191,R-0023,2026-01-06,26.33,web,delivery,completed
ORD-0013192,R-0023,2026-01-18,18.35,app,delivery,completed
ORD-0013193,R-0023,2026-01-26,17.88,app,delivery,completed
ORD-0013194,R-0023,2026-01-18,18.85,app,delivery,completed
ORD-0013195,R-0023,2026-01-19,32.88,web,delivery,COMPLETED
ORD-0013196,R-0023,2026-01-28,20.91,web,delivery,COMPLETED
ORD-0013197,R-0023,2026-01-31,15.18,app,delivery,completed
ORD-0013198,R-0023,2026-01-06,18.80,app,delivery,Completed
ORD-0013199,R-0023,2026-01-16,17.11,app,pickup,cancelled
ORD-0013200,R-0023,2026-01-11,22.40,web,delivery,completed
ORD-0013201,R-0023,2026-01-02,19.45,web,pickup,completed
ORD-0013202,R-0023,2026-01-11,11.92,app,delivery,completed
ORD-0013203,R-0023,2026-01-23,13.39,web,delivery,completed
ORD-0013204,R-0023,2026-01-27,16.54,app,delivery,completed
ORD-0013205,R-0023,2026-01-26,34.01,app,delivery,completed
ORD-0013206,R-0023,2026-01-01,9.08,app,delivery,completed
ORD-0013207,R-0023,2026-01-12,22.73,web,delivery,completed
ORD-0013208,R-0023,2026-01-30,40.41,app,pickup,completed
ORD-0013209,R-0023,2026-01-17,31.66,web,delivery,completed
ORD-0013210,R-0023,2026-01-31,21.06,web,delivery,completed
ORD-0013211,R-0023,2026-01-11,19.38,app,delivery,completed
ORD-0013212,R-0023,2026-01-13,25.65,web,delivery,completed
ORD-0013213,R-0023,2026-01-15,36.65,app,delivery,completed
ORD-0013214,R-0023,2026-01-27,26.48,app,delivery,completed
ORD-0013215,R-0023,2026-01-09,22.97,app,pickup,completed
ORD-0013216,R-0023,2026-01-14,32.42,app,delivery,completed
ORD-0013217,R-0023,2026-01-25,22.90,web,delivery,completed
ORD-0013218,R-0023,2026-01-10,22.10,app,delivery,completed
ORD-0013219,R-0023,2026-01-13,25.58,app,delivery,completed
ORD-0013220,R-0023,2026-01-28,15.15,app,delivery,completed
ORD-0013221,R-0023,2026-01-11,72.87,app,delivery,completed
ORD-0013222,R-0023,2026-01-17,22.71,web,pickup,completed
ORD-0013223,R-0023,2026-01-02,19.72,web,pickup,completed
ORD-0013224,R-0023,2026-01-30,30.12,web,delivery,cancelled
ORD-0013225,R-0023,2026-01-21,30.94,app,delivery,completed
ORD-0013226,R-0023,2026-01-31,16.05,app,delivery,Completed
ORD-0013227,R-0023,2026-01-25,10.53,web,delivery,completed
ORD-0013228,R-0023,2026-01-24,18.57,app,delivery,Completed
ORD-0013229,R-0023,2026-01-04,23.92,web,delivery,completed
ORD-0013230,R-0023,2026-01-16,15.68,app,delivery,completed
ORD-0013231,R-0023,2026-01-01,19.50,web,delivery,completed
ORD-0013232,R-0023,2026-01-18,20.18,app,pickup,cancelled
ORD-0013233,R-0023,2026-01-31,10.85,app,delivery,cancelled
ORD-0013234,R-0023,2026-01-12,25.86,web,delivery,completed
ORD-0013235,R-0023,2026-01-11,30.79,web,delivery,completed
ORD-0013236,R-0023,2026-01-09,23.07,app,delivery,completed
ORD-0013237,R-0023,2026-01-18,24.96,web,delivery,completed
ORD-0013238,R-0023,2026-01-29,15.05,app,pickup,completed
ORD-0013239,R-0023,2026-01-18,20.25,app,pickup,completed
ORD-0013240,R-0023,2026-01-24,28.06,web,delivery,completed
ORD-0013241,R-0023,2026-01-11,12.12,app,delivery,completed
ORD-0013242,R-0023,2026-01-11,13.97,web,delivery,completed
ORD-0013243,R-0023,2026-01-08,10.95,app,delivery,refunded
ORD-0013244,R-0023,2026-01-03,42.56,app,pickup,completed
ORD-0013245,R-0023,2026-01-26,17.58,web,delivery,completed
ORD-0013246,R-0023,2026-01-23,38.44,web,delivery,completed
ORD-0013247,R-0023,2026-01-04,20.64,web,delivery,completed
ORD-0013248,R-0023,2026-01-17,44.52,app,delivery,completed
ORD-0014737,R-0024,2026-01-16,21.84,web,pickup,completed
ORD-0014738,R-0024,2026-01-11,23.53,app,delivery,COMPLETED
ORD-0014739,R-0024,2026-01-03,30.88,web,delivery,completed
ORD-0014740,R-0024,2026-01-29,27.73,web,pickup,completed
ORD-0014741,R-0024,2026-01-06,14.76,app,delivery,completed
ORD-0014742,R-0024,2026-01-22,14.97,web,delivery,completed
ORD-0014743,R-0024,2026-01-24,25.26,app,delivery,completed
ORD-0014744,R-0024,2026-01-07,31.48,app,delivery,completed
ORD-0014745,R-0024,2026-01-05,18.27,app,delivery,completed
ORD-0014746,R-0024,2026-01-30,20.89,web,delivery,COMPLETED
ORD-0014747,R-0024,2026-01-01,25.51,web,pickup,cancelled
ORD-0014748,R-0024,2026-01-14,25.32,app,delivery,completed
ORD-0014749,R-0024,2026-01-02,25.45,web,delivery,COMPLETED
ORD-0014750,R-0024,2026-01-14,28.20,app,pickup,Completed
ORD-0014751,R-0024,2026-01-06,16.56,app,pickup,cancelled
ORD-0014752,R-0024,2026-01-30,48.55,web,pickup,completed
ORD-0014753,R-0024,2026-01-10,22.97,app,delivery,completed
ORD-0014754,R-0024,2026-01-25,52.00,web,pickup,completed
ORD-0014755,R-0024,2026-01-12,9.80,web,pickup,completed
ORD-0014756,R-0024,2026-01-17,12.92,app,delivery,completed
ORD-0014757,R-0024,2026-01-22,23.26,app,delivery,completed
ORD-0014758,R-0024,2026-01-22,36.37,app,delivery,completed
ORD-0014759,R-0024,2026-01-27,26.50,web,pickup,completed
ORD-0014760,R-0024,2026-01-10,24.86,web,delivery,COMPLETED
ORD-0014761,R-0024,2026-01-16,29.24,app,pickup,completed
ORD-0014762,R-0024,2026-01-26,23.86,app,delivery,Completed
ORD-0014763,R-0024,2026-01-10,58.42,web,pickup,completed
ORD-0014764,R-0024,2026-01-07,19.46,app,pickup,completed
ORD-0014765,R-0024,2026-01-09,43.98,app,delivery,completed
ORD-0014766,R-0024,2026-01-10,19.15,web,delivery,completed
ORD-0014767,R-0024,2026-01-05,21.32,app,delivery,completed
ORD-0014768,R-0024,2026-01-06,16.12,app,pickup,completed
ORD-0014769,R-0024,2026-01-02,36.95,app,delivery,completed
ORD-0014770,R-0024,2026-01-08,39.70,app,pickup,completed
ORD-0014771,R-0024,2026-01-29,22.40,web,delivery,completed
ORD-0014772,R-0024,2026-01-19,30.14,app,pickup,completed
ORD-0014773,R-0024,2026-01-10,27.40,app,delivery,completed
ORD-0014774,R-0024,2026-01-25,33.21,app,delivery,COMPLETED
ORD-0014775,R-0024,2026-01-19,39.21,web,pickup,completed
ORD-0014776,R-0024,2026-01-06,15.02,web,pickup,completed
ORD-0014777,R-0024,2026-01-20,15.57,web,delivery,Completed
ORD-0014778,R-0024,2026-01-30,20.71,app,delivery,completed
ORD-0014779,R-0024,2026-01-03,21.68,web,delivery,completed
ORD-0014780,R-0024,2026-01-31,28.34,web,pickup,completed
ORD-0014781,R-0024,2026-01-14,24.18,app,pickup,completed
ORD-0014782,R-0024,2026-01-16,23.93,web,pickup,completed
ORD-0014783,R-0024,2026-01-01,23.34,app,pickup,completed
ORD-0014784,R-0024,2026-01-09,28.48,app,delivery,cancelled
ORD-0014785,R-0024,2026-01-12,17.54,app,delivery,completed
ORD-0014786,R-0024,2026-01-31,10.85,web,pickup,completed
ORD-0014787,R-0024,2026-01-24,17.89,app,delivery,completed
ORD-0014788,R-0024,2026-01-30,41.07,app,pickup,completed
ORD-0014789,R-0024,2026-01-23,8.93,app,delivery,completed
ORD-0014790,R-0024,2026-01-27,38.43,web,delivery,completed
ORD-0014791,R-0024,2026-01-02,20.57,app,delivery,completed
ORD-0014792,R-0024,2026-01-28,34.20,app,delivery,completed
ORD-0014793,R-0024,2026-01-26,15.79,web,delivery,completed
ORD-0014794,R-0024,2026-01-19,8.55,app,pickup,completed
ORD-0014795,R-0024,2026-01-23,18.24,web,delivery,completed
ORD-0014796,R-0024,2026-01-24,24.62,app,pickup,completed
ORD-0014797,R-0024,2026-01-02,30.49,web,delivery,completed
ORD-0014798,R-0024,2026-01-08,13.43,web,delivery,completed
ORD-0014799,R-0024,2026-01-30,30.37,app,delivery,Completed
ORD-0014800,R-0024,2026-01-10,26.29,app,delivery,Completed
ORD-0014801,R-0024,2026-01-03,20.15,app,delivery,completed
ORD-0014802,R-0024,2026-01-22,25.26,app,delivery,completed
ORD-0014803,R-0024,2026-01-12,24.97,web,delivery,completed
ORD-0014804,R-0024,2026-01-26,29.91,app,pickup,Completed
ORD-0014805,R-0024,2026-01-18,28.24,app,delivery,completed
ORD-0014806,R-0024,2026-01-31,27.15,app,pickup,COMPLETED
ORD-0014807,R-0024,2026-01-23,58.79,web,delivery,completed
ORD-0014808,R-0024,2026-01-21,10.78,app,pickup,completed
ORD-0014809,R-0024,2026-01-16,15.18,app,delivery,COMPLETED
ORD-0014810,R-0024,2026-01-02,40.76,app,pickup,completed
ORD-0014811,R-0024,2026-01-02,14.19,app,pickup,completed
ORD-0014812,R-0024,2026-01-24,37.63,app,delivery,completed
ORD-0014813,R-0024,2026-01-24,29.66,app,delivery,completed
ORD-0014814,R-0024,2026-01-07,14.03,app,pickup,completed
ORD-0014815,R-0024,2026-01-17,39.11,web,delivery,completed
ORD-0014816,R-0024,2026-01-10,42.44,app,delivery,completed
ORD-0014817,R-0024,2026-01-24,26.33,app,pickup,COMPLETED
ORD-0014818,R-0024,2026-01-26,23.10,app,delivery,completed
ORD-0014819,R-0024,2026-01-15,41.11,web,pickup,COMPLETED
ORD-0014820,R-0024,2026-01-22,11.94,app,delivery,completed
ORD-0014821,R-0024,2026-01-11,34.62,app,delivery,completed
ORD-0014822,R-0024,2026-01-17,14.34,app,delivery,completed
ORD-0014823,R-0024,2026-01-24,33.03,web,delivery,COMPLETED
ORD-0014824,R-0024,2026-01-04,24.64,app,delivery,completed
ORD-0014825,R-0024,2026-01-01,23.73,app,pickup,completed
ORD-0014826,R-0024,2026-01-21,47.48,app,delivery,completed
ORD-0014827,R-0024,2026-01-25,13.62,web,pickup,completed
ORD-0014828,R-0024,2026-01-20,32.38,web,delivery,completed
ORD-0014829,R-0024,2026-01-06,23.37,app,delivery,completed
ORD-0014830,R-0024,2026-01-16,27.09,app,delivery,completed
ORD-0014831,R-0024,2026-01-13,34.30,app,delivery,completed
ORD-0014832,R-0024,2026-01-30,36.27,app,delivery,completed
ORD-0014833,R-0024,2026-01-23,33.61,web,delivery,completed
ORD-0014834,R-0024,2026-01-17,18.15,web,pickup,completed
ORD-0014835,R-0024,2026-01-13,31.06,app,pickup,completed
ORD-0014836,R-0024,2026-01-11,35.58,web,delivery,completed
ORD-0014837,R-0024,2026-01-04,31.99,web,delivery,completed
ORD-0014838,R-0024,2026-01-23,33.74,web,delivery,COMPLETED
ORD-0014839,R-0024,2026-01-17,27.05,app,delivery,cancelled
ORD-0014840,R-0024,2026-01-03,16.09,web,delivery,Completed
ORD-0014841,R-0024,2026-01-13,20.37,app,pickup,completed
ORD-0014842,R-0024,2026-01-24,21.44,web,pickup,completed
ORD-0014843,R-0024,2026-01-04,26.31,app,delivery,Completed
ORD-0014844,R-0024,2026-01-24,22.06,web,pickup,completed
ORD-0014845,R-0024,2026-01-15,50.71,app,delivery,completed
ORD-0014846,R-0024,2026-01-02,31.37,app,delivery,cancelled
ORD-0014847,R-0024,2026-01-30,25.38,app,delivery,completed
ORD-0014848,R-0024,2026-01-06,27.05,app,pickup,cancelled
ORD-0014849,R-0024,2026-01-02,30.98,app,pickup,completed
ORD-0014850,R-0024,2026-01-17,63.66,web,pickup,completed
ORD-0014851,R-0024,2026-01-04,31.33,app,delivery,completed
ORD-0014852,R-0024,2026-01-02,22.03,app,delivery,completed
ORD-0014853,R-0024,2026-01-22,15.78,app,pickup,completed
ORD-0014854,R-0024,2026-01-03,28.58,web,pickup,completed
ORD-0014855,R-0024,2026-01-31,60.63,web,pickup,completed
ORD-0014856,R-0024,2026-01-25,24.39,web,pickup,completed
ORD-0014857,R-0024,2026-01-28,16.38,web,delivery,completed
ORD-0014858,R-0024,2026-01-22,36.27,app,delivery,completed
ORD-0014859,R-0024,2026-01-17,27.33,app,delivery,completed
ORD-0014860,R-0024,2026-01-22,12.28,web,pickup,Completed
ORD-0014861,R-0024,2026-01-18,28.34,web,delivery,Completed
ORD-0014862,R-0024,2026-01-25,41.63,web,delivery,completed
ORD-0014863,R-0024,2026-01-06,10.12,web,pickup,completed
ORD-0014864,R-0024,2026-01-04,34.97,app,delivery,completed
ORD-0014865,R-0024,2026-01-22,14.36,app,delivery,completed
ORD-0014866,R-0024,2026-01-07,22.13,web,pickup,completed
ORD-0014867,R-0024,2026-01-31,21.38,app,pickup,completed
ORD-0014868,R-0024,2026-01-04,41.12,app,pickup,completed
ORD-0016694,R-0025,2026-01-16,14.52,web,delivery,completed
ORD-0016695,R-0025,2026-01-15,18.72,web,delivery,completed
ORD-0016696,R-0025,2026-01-25,32.84,web,delivery,completed
ORD-0016697,R-0025,2026-01-02,13.93,web,delivery,completed
ORD-0016698,R-0025,2026-01-01,41.21,app,delivery,completed
ORD-0016699,R-0025,2026-01-03,50.68,app,delivery,completed
ORD-0016700,R-0025,2026-01-02,30.38,app,pickup,COMPLETED
ORD-0016701,R-0025,2026-01-30,19.46,app,delivery,refunded
ORD-0016702,R-0025,2026-01-04,19.90,app,pickup,completed
ORD-0016703,R-0025,2026-01-25,18.43,app,delivery,completed
ORD-0016704,R-0025,2026-01-24,18.42,app,delivery,completed
ORD-0016705,R-0025,2026-01-01,20.19,app,delivery,completed
ORD-0016706,R-0025,2026-01-09,12.26,app,delivery,completed
ORD-0016707,R-0025,2026-01-25,26.72,web,pickup,cancelled
ORD-0016708,R-0025,2026-01-21,14.56,web,delivery,completed
ORD-0016709,R-0025,2026-01-24,17.33,app,delivery,completed
ORD-0016710,R-0025,2026-01-26,16.63,app,pickup,completed
ORD-0016711,R-0025,2026-01-02,26.84,app,delivery,completed
ORD-0016712,R-0025,2026-01-22,32.43,app,pickup,completed
ORD-0016713,R-0025,2026-01-02,16.39,app,delivery,completed
ORD-0016714,R-0025,2026-01-30,36.28,app,pickup,completed
ORD-0016715,R-0025,2026-01-14,14.60,app,pickup,completed
ORD-0016943,R-0027,2026-01-21,16.79,app,delivery,completed
ORD-0016944,R-0027,2026-01-23,32.34,web,pickup,completed
ORD-0016945,R-0027,2026-01-11,34.00,web,pickup,COMPLETED
ORD-0016946,R-0027,2026-01-01,49.59,web,pickup,COMPLETED
ORD-0016947,R-0027,2026-01-19,18.87,web,pickup,completed
ORD-0016948,R-0027,2026-01-08,14.05,app,delivery,completed
ORD-0016949,R-0027,2026-01-03,26.59,app,delivery,completed
ORD-0016950,R-0027,2026-01-16,24.04,web,delivery,completed
ORD-0016951,R-0027,2026-01-10,23.76,app,delivery,completed
ORD-0016952,R-0027,2026-01-12,28.08,web,delivery,Completed
ORD-0016953,R-0027,2026-01-24,7.66,web,delivery,completed
ORD-0016954,R-0027,2026-01-28,14.78,app,delivery,completed
ORD-0016955,R-0027,2026-01-27,25.61,app,delivery,completed
ORD-0016956,R-0027,2026-01-18,25.25,web,delivery,completed
ORD-0016957,R-0027,2026-01-04,62.92,app,delivery,completed
ORD-0016958,R-0027,2026-01-11,26.31,web,pickup,completed
ORD-0016959,R-0027,2026-01-15,13.39,app,pickup,completed
ORD-0017764,R-0030,2026-01-16,36.58,web,delivery,completed
ORD-0017765,R-0030,2026-01-24,27.22,web,pickup,completed
ORD-0017766,R-0030,2026-01-11,32.19,web,delivery,completed
ORD-0017767,R-0030,2026-01-10,18.23,web,pickup,Completed
ORD-0017768,R-0030,2026-01-15,18.98,app,delivery,Completed
ORD-0017769,R-0030,2026-01-19,46.22,app,delivery,completed
ORD-0017770,R-0030,2026-01-22,36.64,web,pickup,cancelled
ORD-0017771,R-0030,2026-01-11,16.49,web,pickup,completed
ORD-0017772,R-0030,2026-01-08,19.96,web,pickup,completed
ORD-0017773,R-0030,2026-01-17,52.55,web,pickup,completed
ORD-0017774,R-0030,2026-01-21,19.48,web,pickup,completed
ORD-0017775,R-0030,2026-01-09,14.44,web,pickup,completed
ORD-0017776,R-0030,2026-01-02,23.03,web,pickup,completed
ORD-0017777,R-0030,2026-01-27,21.52,web,pickup,completed
ORD-0017778,R-0030,2026-01-29,38.13,app,delivery,completed
ORD-0017779,R-0030,2026-01-23,37.38,web,pickup,COMPLETED
ORD-0017780,R-0030,2026-01-25,23.51,web,pickup,completed
ORD-0017781,R-0030,2026-01-31,27.25,web,pickup,completed
ORD-0017782,R-0030,2026-01-07,28.62,web,pickup,completed
ORD-0017783,R-0030,2026-01-07,33.33,web,pickup,refunded
ORD-0017784,R-0030,2026-01-20,22.73,app,pickup,completed
ORD-0017785,R-0030,2026-01-31,30.99,app,pickup,completed
ORD-0017786,R-0030,2026-01-18,46.14,app,pickup,Completed
ORD-0017787,R-0030,2026-01-30,26.61,web,pickup,completed
ORD-0017788,R-0030,2026-01-31,29.40,web,pickup,completed
ORD-0017789,R-0030,2026-01-27,32.09,web,pickup,completed
ORD-0017790,R-0030,2026-01-18,22.94,app,pickup,completed
ORD-0017791,R-0030,2026-01-23,20.56,app,pickup,completed
ORD-0017792,R-0030,2026-01-22,29.76,web,pickup,completed
ORD-0017793,R-0030,2026-01-16,34.32,app,pickup,Completed
ORD-0017794,R-0030,2026-01-04,27.22,web,pickup,completed
ORD-0017795,R-0030,2026-01-02,22.42,web,delivery,completed
ORD-0017796,R-0030,2026-01-01,22.04,web,delivery,completed
ORD-0017797,R-0030,2026-01-17,30.68,web,pickup,completed
ORD-0017798,R-0030,2026-01-12,17.19,web,pickup,Cancelled
ORD-0017799,R-0030,2026-01-03,40.38,web,delivery,completed
ORD-0017800,R-0030,2026-01-24,48.40,web,pickup,completed
ORD-0017801,R-0030,2026-01-20,15.35,web,delivery,completed
ORD-0017802,R-0030,2026-01-15,31.49,web,pickup,completed
ORD-0017803,R-0030,2026-01-30,36.95,web,pickup,completed
ORD-0017804,R-0030,2026-01-14,35.18,web,pickup,completed
ORD-0017805,R-0030,2026-01-16,15.72,web,delivery,completed
ORD-0017806,R-0030,2026-01-28,23.16,web,delivery,completed
ORD-0017807,R-0030,2026-01-30,22.96,app,pickup,completed
ORD-0017808,R-0030,2026-01-18,25.72,app,delivery,completed
ORD-0017809,R-0030,2026-01-17,18.19,app,delivery,completed
ORD-0017810,R-0030,2026-01-05,47.40,web,pickup,completed
ORD-0017811,R-0030,2026-01-01,30.20,web,pickup,Completed
ORD-0017812,R-0030,2026-01-26,18.18,web,pickup,completed
ORD-0017813,R-0030,2026-01-11,23.10,web,pickup,completed
ORD-0018789,R-0032,2026-01-30,72.10,app,delivery,completed
ORD-0018790,R-0032,2026-01-15,34.54,app,pickup,completed
ORD-0018791,R-0032,2026-01-30,65.57,app,delivery,completed
ORD-0018792,R-0032,2026-01-04,28.77,app,delivery,completed
ORD-0018793,R-0032,2026-01-01,27.26,app,pickup,completed
ORD-0018794,R-0032,2026-01-28,28.84,app,pickup,completed
ORD-0018795,R-0032,2026-01-10,34.71,web,delivery,completed
ORD-0018796,R-0032,2026-01-17,32.75,web,delivery,completed
ORD-0018797,R-0032,2026-01-11,26.82,app,delivery,completed
ORD-0018798,R-0032,2026-01-30,46.92,web,delivery,completed
ORD-0018799,R-0032,2026-01-02,36.77,app,pickup,completed
ORD-0018800,R-0032,2026-01-11,45.62,web,delivery,completed
ORD-0018801,R-0032,2026-01-17,39.23,web,pickup,completed
ORD-0018802,R-0032,2026-01-31,74.92,web,pickup,completed
ORD-0018803,R-0032,2026-01-03,37.33,app,pickup,completed
ORD-0018804,R-0032,2026-01-01,43.98,web,pickup,completed
ORD-0018805,R-0032,2026-01-24,52.05,web,delivery,completed
ORD-0018806,R-0032,2026-01-10,25.53,web,delivery,completed
ORD-0018807,R-0032,2026-01-11,26.39,app,delivery,completed
ORD-0018808,R-0032,2026-01-26,24.83,app,delivery,completed
ORD-0018809,R-0032,2026-01-12,29.78,web,delivery,completed
ORD-0018810,R-0032,2026-01-22,30.35,app,delivery,completed
ORD-0018811,R-0032,2026-01-08,35.50,web,pickup,completed
ORD-0018812,R-0032,2026-01-23,56.81,web,delivery,completed
ORD-0018813,R-0032,2026-01-21,20.87,app,delivery,completed
ORD-0018814,R-0032,2026-01-20,21.20,web,pickup,completed
ORD-0018815,R-0032,2026-01-23,30.27,web,delivery,completed
ORD-0018816,R-0032,2026-01-16,26.99,web,delivery,completed
ORD-0018817,R-0032,2026-01-07,21.42,app,pickup,completed
ORD-0018818,R-0032,2026-01-16,32.45,web,delivery,completed
ORD-0018819,R-0032,2026-01-02,38.26,app,delivery,COMPLETED
ORD-0018820,R-0032,2026-01-25,35.00,app,delivery,completed
ORD-0018821,R-0032,2026-01-28,28.17,web,delivery,completed
ORD-0018822,R-0032,2026-01-03,35.88,app,pickup,completed
ORD-0018823,R-0032,2026-01-18,21.70,web,delivery,completed
ORD-0018824,R-0032,2026-01-10,43.84,web,pickup,completed
ORD-0018825,R-0032,2026-01-11,35.78,web,pickup,completed
ORD-0018826,R-0032,2026-01-07,36.77,app,delivery,completed
ORD-0018827,R-0032,2026-01-13,33.82,app,delivery,completed
ORD-0018828,R-0032,2026-01-28,20.81,web,pickup,completed
ORD-0018829,R-0032,2026-01-20,29.17,web,delivery,completed
ORD-0018830,R-0032,2026-01-31,53.29,web,pickup,COMPLETED
ORD-0018831,R-0032,2026-01-13,39.43,app,pickup,completed
ORD-0018832,R-0032,2026-01-24,33.74,app,pickup,completed
ORD-0018833,R-0032,2026-01-04,45.39,app,delivery,completed
ORD-0018834,R-0032,2026-01-11,48.13,app,pickup,completed
ORD-0018835,R-0032,2026-01-18,53.58,app,delivery,completed
ORD-0018836,R-0032,2026-01-17,45.13,web,delivery,completed
ORD-0018837,R-0032,2026-01-16,54.99,app,delivery,completed
ORD-0018838,R-0032,2026-01-29,33.77,app,delivery,COMPLETED
ORD-0018839,R-0032,2026-01-17,46.98,web,pickup,completed
ORD-0018840,R-0032,2026-01-29,24.79,web,delivery,cancelled
ORD-0018841,R-0032,2026-01-01,41.72,app,pickup,completed
ORD-0018842,R-0032,2026-01-27,35.18,web,delivery,completed
ORD-0018843,R-0032,2026-01-04,42.75,app,pickup,completed
ORD-0018844,R-0032,2026-01-18,51.52,app,pickup,completed
ORD-0018845,R-0032,2026-01-21,25.52,app,pickup,completed
ORD-0018846,R-0032,2026-01-29,50.51,web,delivery,completed
ORD-0018847,R-0032,2026-01-10,43.61,web,delivery,completed
ORD-0019536,R-0033,2026-01-25,35.63,web,delivery,completed
ORD-0019537,R-0033,2026-01-17,19.62,web,delivery,completed
ORD-0019538,R-0033,2026-01-04,19.00,app,pickup,completed
ORD-0019539,R-0033,2026-01-19,29.00,web,delivery,completed
ORD-0019540,R-0033,2026-01-08,11.26,app,pickup,completed
ORD-0019541,R-0033,2026-01-02,14.54,web,delivery,completed
ORD-0019542,R-0033,2026-01-09,12.33,app,delivery,completed
ORD-0019694,R-0035,2026-01-12,58.81,web,pickup,completed
ORD-0019695,R-0035,2026-01-17,84.43,web,pickup,completed
ORD-0019696,R-0035,2026-01-21,79.80,web,pickup,completed
ORD-0019697,R-0035,2026-01-12,64.47,app,delivery,completed
ORD-0019698,R-0035,2026-01-25,87.14,web,pickup,completed
ORD-0019699,R-0035,2026-01-02,45.84,app,pickup,cancelled
ORD-0019700,R-0035,2026-01-23,64.94,web,pickup,completed
ORD-0019701,R-0035,2026-01-18,93.39,app,pickup,completed
ORD-0019702,R-0035,2026-01-23,84.76,app,delivery,completed
ORD-0019703,R-0035,2026-01-28,58.28,web,delivery,Completed
ORD-0019704,R-0035,2026-01-21,69.56,app,pickup,completed
ORD-0019705,R-0035,2026-01-10,52.19,web,pickup,completed
ORD-0019706,R-0035,2026-01-09,104.21,web,pickup,completed
ORD-0019707,R-0035,2026-01-10,87.26,app,delivery,completed
ORD-0019708,R-0035,2026-01-04,68.68,web,delivery,completed
ORD-0019709,R-0035,2026-01-27,68.66,web,delivery,completed
ORD-0019710,R-0035,2026-01-05,70.47,web,pickup,completed
ORD-0019711,R-0035,2026-01-04,79.46,web,pickup,completed
ORD-0019712,R-0035,2026-01-03,61.06,web,delivery,completed
ORD-0019713,R-0035,2026-01-15,74.87,app,pickup,Completed
ORD-0019924,R-0036,2026-01-09,13.64,app,pickup,completed
ORD-0019925,R-0036,2026-01-23,54.86,app,delivery,completed
ORD-0019926,R-0036,2026-01-12,9.52,app,delivery,completed
ORD-0019927,R-0036,2026-01-21,36.66,web,delivery,completed
ORD-0019928,R-0036,2026-01-13,41.15,web,delivery,COMPLETED
ORD-0019929,R-0036,2026-01-16,16.17,web,pickup,completed
ORD-0019930,R-0036,2026-01-03,56.96,app,delivery,completed
ORD-0019931,R-0036,2026-01-28,21.53,web,pickup,refunded
ORD-0019932,R-0036,2026-01-24,22.96,app,pickup,completed
ORD-0019933,R-0036,2026-01-31,36.62,web,delivery,completed
ORD-0019934,R-0036,2026-01-17,26.20,web,delivery,completed
ORD-0019935,R-0036,2026-01-24,20.18,app,delivery,completed
ORD-0019936,R-0036,2026-01-03,21.39,app,delivery,completed
ORD-0019937,R-0036,2026-01-11,27.07,web,delivery,completed
ORD-0019938,R-0036,2026-01-07,17.72,app,pickup,completed
ORD-0019939,R-0036,2026-01-08,29.01,app,pickup,completed
ORD-0019940,R-0036,2026-01-05,18.44,web,delivery,completed
ORD-0019941,R-0036,2026-01-12,18.88,app,pickup,completed
ORD-0019942,R-0036,2026-01-09,20.55,app,delivery,completed
ORD-0019943,R-0036,2026-01-16,10.45,app,pickup,cancelled
ORD-0019944,R-0036,2026-01-28,20.25,app,delivery,completed
ORD-0019945,R-0036,2026-01-04,29.65,web,pickup,completed
ORD-0019946,R-0036,2026-01-08,47.36,web,delivery,completed
ORD-0019947,R-0036,2026-01-23,47.82,web,delivery,completed
ORD-0019948,R-0036,2026-01-05,23.02,web,pickup,completed
ORD-0019949,R-0036,2026-01-10,24.59,web,pickup,COMPLETED
ORD-0019950,R-0036,2026-01-10,18.37,app,delivery,completed
ORD-0019951,R-0036,2026-01-31,34.44,web,pickup,completed
ORD-0019952,R-0036,2026-01-12,13.26,app,delivery,completed
ORD-0019953,R-0036,2026-01-30,16.85,web,delivery,completed
ORD-0019954,R-0036,2026-01-09,12.85,web,delivery,completed
ORD-0019955,R-0036,2026-01-04,23.57,web,delivery,completed
ORD-0019956,R-0036,2026-01-18,26.92,web,delivery,completed
ORD-0019957,R-0036,2026-01-25,15.00,app,pickup,completed
ORD-0019958,R-0036,2026-01-19,15.11,app,pickup,completed
ORD-0019959,R-0036,2026-01-10,31.65,web,pickup,completed
ORD-0019960,R-0036,2026-01-26,20.57,web,pickup,completed
ORD-0019961,R-0036,2026-01-27,15.18,web,pickup,completed
ORD-0019962,R-0036,2026-01-16,18.88,web,pickup,completed
ORD-0019963,R-0036,2026-01-30,33.46,app,pickup,completed
ORD-0019964,R-0036,2026-01-30,31.87,web,pickup,COMPLETED
ORD-0019965,R-0036,2026-01-21,21.57,web,delivery,completed
ORD-0019966,R-0036,2026-01-08,14.41,web,delivery,completed
ORD-0019967,R-0036,2026-01-25,14.22,web,pickup,completed
ORD-0019968,R-0036,2026-01-28,10.52,web,pickup,completed
ORD-0019969,R-0036,2026-01-10,16.73,app,pickup,COMPLETED
ORD-0019970,R-0036,2026-01-04,32.43,app,delivery,completed
ORD-0019971,R-0036,2026-01-15,16.30,app,delivery,completed
ORD-0020472,R-0037,2026-01-10,34.62,app,delivery,completed
ORD-0020473,R-0037,2026-01-09,35.65,app,delivery,COMPLETED
ORD-0020474,R-0037,2026-01-29,32.40,app,pickup,completed
ORD-0020475,R-0037,2026-01-03,36.98,web,pickup,completed
ORD-0020476,R-0037,2026-01-10,45.50,web,delivery,completed
ORD-0020477,R-0037,2026-01-28,33.78,app,pickup,COMPLETED
ORD-0020478,R-0037,2026-01-17,55.39,web,delivery,completed
ORD-0020479,R-0037,2026-01-09,30.79,app,delivery,completed
ORD-0020480,R-0037,2026-01-23,33.51,app,pickup,completed
ORD-0020481,R-0037,2026-01-15,65.55,app,delivery,completed
ORD-0020482,R-0037,2026-01-01,24.31,web,pickup,completed
ORD-0020483,R-0037,2026-01-17,27.61,app,delivery,completed
ORD-0020484,R-0037,2026-01-02,29.87,app,delivery,completed
ORD-0020485,R-0037,2026-01-03,57.58,web,delivery,completed
ORD-0020486,R-0037,2026-01-23,39.83,app,pickup,completed
ORD-0020487,R-0037,2026-01-23,44.37,app,pickup,completed
ORD-0020488,R-0037,2026-01-12,28.33,web,pickup,completed
ORD-0020489,R-0037,2026-01-08,23.36,app,delivery,completed
ORD-0020490,R-0037,2026-01-02,24.22,app,delivery,completed
ORD-0020491,R-0037,2026-01-24,30.16,web,pickup,completed
ORD-0020492,R-0037,2026-01-23,47.07,app,delivery,cancelled
ORD-0020493,R-0037,2026-01-24,31.75,app,pickup,completed
ORD-0020494,R-0037,2026-01-03,38.06,app,delivery,cancelled
ORD-0020495,R-0037,2026-01-02,17.27,web,delivery,COMPLETED
ORD-0020496,R-0037,2026-01-07,27.32,web,pickup,completed
ORD-0020497,R-0037,2026-01-25,26.94,app,delivery,completed
ORD-0020498,R-0037,2026-01-05,33.47,web,delivery,completed
ORD-0020499,R-0037,2026-01-19,54.18,web,delivery,completed
ORD-0020500,R-0037,2026-01-21,43.12,app,delivery,completed
ORD-0020501,R-0037,2026-01-25,28.55,web,pickup,completed
ORD-0020502,R-0037,2026-01-01,19.96,app,pickup,completed
ORD-0020503,R-0037,2026-01-20,35.54,app,pickup,completed
ORD-0020504,R-0037,2026-01-30,35.06,web,pickup,Completed
ORD-0020505,R-0037,2026-01-15,33.10,app,delivery,completed
ORD-0020506,R-0037,2026-01-24,27.92,web,delivery,completed
ORD-0020507,R-0037,2026-01-12,39.31,web,delivery,completed
ORD-0020508,R-0037,2026-01-04,30.87,app,delivery,completed
ORD-0020509,R-0037,2026-01-11,21.85,web,pickup,completed
ORD-0020510,R-0037,2026-01-23,51.87,app,delivery,completed
ORD-0020511,R-0037,2026-01-03,36.82,app,pickup,completed
ORD-0020512,R-0037,2026-01-14,46.09,web,delivery,completed
ORD-0020513,R-0037,2026-01-02,43.72,web,pickup,completed
ORD-0020514,R-0037,2026-01-28,40.00,app,delivery,completed
ORD-0020515,R-0037,2026-01-29,65.92,app,pickup,COMPLETED
ORD-0020516,R-0037,2026-01-14,40.08,app,delivery,completed
ORD-0020517,R-0037,2026-01-12,19.99,web,delivery,completed
ORD-0020518,R-0037,2026-01-25,23.95,web,delivery,completed
ORD-0020519,R-0037,2026-01-28,28.07,web,delivery,completed
ORD-0021312,R-0042,2026-01-18,25.63,web,delivery,completed
ORD-0021313,R-0042,2026-01-30,17.80,web,pickup,completed
ORD-0021314,R-0042,2026-01-07,41.14,web,pickup,completed
ORD-0021315,R-0042,2026-01-10,29.21,web,delivery,completed
ORD-0021316,R-0042,2026-01-06,30.86,web,pickup,completed
ORD-0021317,R-0042,2026-01-11,35.44,web,delivery,completed
ORD-0021318,R-0042,2026-01-12,40.39,web,delivery,completed
ORD-0021319,R-0042,2026-01-01,25.20,web,pickup,completed
ORD-0021320,R-0042,2026-01-09,40.82,web,delivery,COMPLETED
ORD-0021321,R-0042,2026-01-27,18.80,app,pickup,completed
ORD-0021322,R-0042,2026-01-03,60.37,app,pickup,COMPLETED
ORD-0021323,R-0042,2026-01-24,12.93,web,delivery,completed
ORD-0021324,R-0042,2026-01-04,21.53,app,pickup,cancelled
ORD-0021325,R-0042,2026-01-22,43.87,app,delivery,completed
ORD-0022497,R-0044,2026-01-27,17.20,app,delivery,completed
ORD-0022498,R-0044,2026-01-20,28.82,app,delivery,COMPLETED
ORD-0022499,R-0044,2026-01-21,18.87,web,delivery,completed
ORD-0022500,R-0044,2026-01-21,20.29,web,pickup,completed
ORD-0022501,R-0044,2026-01-22,23.20,app,delivery,completed
ORD-0022502,R-0044,2026-01-24,14.10,web,delivery,COMPLETED
ORD-0022503,R-0044,2026-01-20,19.63,web,delivery,completed
ORD-0022504,R-0044,2026-01-13,19.09,app,delivery,completed
ORD-0022505,R-0044,2026-01-10,25.18,web,pickup,completed
ORD-0022506,R-0044,2026-01-13,22.26,web,delivery,completed
ORD-0022507,R-0044,2026-01-09,31.44,app,delivery,COMPLETED
ORD-0022508,R-0044,2026-01-23,35.59,web,pickup,completed
ORD-0022509,R-0044,2026-01-04,19.17,web,delivery,completed
ORD-0022510,R-0044,2026-01-30,11.31,web,delivery,completed
ORD-0022511,R-0044,2026-01-11,10.64,app,delivery,completed
ORD-0022512,R-0044,2026-01-09,30.53,web,delivery,cancelled
ORD-0022513,R-0044,2026-01-31,15.12,app,delivery,completed
ORD-0022514,R-0044,2026-01-05,17.67,app,pickup,completed
ORD-0022515,R-0044,2026-01-25,29.74,app,delivery,completed
ORD-0022516,R-0044,2026-01-08,21.13,web,pickup,completed
ORD-0022517,R-0044,2026-01-24,43.84,app,pickup,completed
ORD-0022518,R-0044,2026-01-17,28.59,app,delivery,completed
ORD-0022519,R-0044,2026-01-13,16.36,app,delivery,Completed
ORD-0022520,R-0044,2026-01-23,17.24,app,delivery,completed
ORD-0022521,R-0044,2026-01-12,26.69,app,delivery,completed
ORD-0022522,R-0044,2026-01-12,17.67,web,pickup,completed
ORD-0022523,R-0044,2026-01-17,26.72,web,pickup,completed
ORD-0022524,R-0044,2026-01-23,38.32,web,pickup,completed
ORD-0022525,R-0044,2026-01-31,14.20,app,delivery,completed
ORD-0022526,R-0044,2026-01-29,14.03,app,pickup,COMPLETED
ORD-0022527,R-0044,2026-01-30,13.14,app,delivery,COMPLETED
ORD-0022528,R-0044,2026-01-29,12.49,app,delivery,completed
ORD-0022529,R-0044,2026-01-17,16.57,app,delivery,cancelled
ORD-0022530,R-0044,2026-01-16,19.23,web,delivery,completed
ORD-0022531,R-0044,2026-01-22,16.70,web,delivery,completed
ORD-0022532,R-0044,2026-01-29,20.89,app,delivery,Completed
ORD-0022533,R-0044,2026-01-29,17.96,app,pickup,completed
ORD-0022534,R-0044,2026-01-16,28.84,web,delivery,completed
ORD-0022535,R-0044,2026-01-26,53.99,app,pickup,completed
ORD-0022536,R-0044,2026-01-29,18.67,web,pickup,completed
ORD-0022537,R-0044,2026-01-17,18.08,app,delivery,completed
ORD-0022538,R-0044,2026-01-31,16.22,web,delivery,completed
ORD-0022539,R-0044,2026-01-22,11.49,app,delivery,COMPLETED
ORD-0022540,R-0044,2026-01-18,17.37,app,pickup,completed
ORD-0022541,R-0044,2026-01-31,22.10,app,delivery,completed
ORD-0022542,R-0044,2026-01-10,20.52,web,delivery,completed
ORD-0022543,R-0044,2026-01-07,34.68,web,delivery,completed
ORD-0022544,R-0044,2026-01-16,24.71,web,delivery,completed
ORD-0022545,R-0044,2026-01-08,29.14,app,delivery,Completed
ORD-0022546,R-0044,2026-01-25,18.50,web,delivery,completed
ORD-0022547,R-0044,2026-01-24,12.72,web,delivery,COMPLETED
ORD-0022548,R-0044,2026-01-23,27.61,app,pickup,COMPLETED
ORD-0022549,R-0044,2026-01-14,26.26,app,pickup,completed
ORD-0022550,R-0044,2026-01-10,15.17,app,delivery,completed
ORD-0022551,R-0044,2026-01-31,11.19,app,delivery,completed
ORD-0022552,R-0044,2026-01-14,11.25,app,delivery,completed
ORD-0022553,R-0044,2026-01-24,29.39,app,delivery,completed
ORD-0022554,R-0044,2026-01-12,20.42,web,delivery,completed
ORD-0022555,R-0044,2026-01-18,20.38,app,delivery,completed
ORD-0022556,R-0044,2026-01-14,24.91,web,delivery,completed
ORD-0022557,R-0044,2026-01-15,18.08,web,delivery,completed
ORD-0022558,R-0044,2026-01-31,12.12,web,pickup,COMPLETED
ORD-0022559,R-0044,2026-01-28,16.11,web,pickup,completed
ORD-0022560,R-0044,2026-01-10,54.11,app,pickup,completed
ORD-0022561,R-0044,2026-01-01,29.50,app,delivery,completed
ORD-0022562,R-0044,2026-01-14,22.12,app,pickup,completed
ORD-0022563,R-0044,2026-01-03,16.79,web,delivery,completed
ORD-0022564,R-0044,2026-01-17,24.68,web,delivery,completed
ORD-0022565,R-0044,2026-01-03,30.25,web,pickup,completed
ORD-0022566,R-0044,2026-01-17,24.34,app,delivery,completed
ORD-0022567,R-0044,2026-01-26,19.69,app,delivery,completed
ORD-0022568,R-0044,2026-01-08,17.51,app,delivery,completed
ORD-0022749,R-0045,2026-01-30,65.65,web,delivery,completed
ORD-0022750,R-0045,2026-01-31,75.78,app,delivery,completed
ORD-0022751,R-0045,2026-01-27,83.33,app,delivery,completed
ORD-0022752,R-0045,2026-01-29,64.29,web,delivery,completed
ORD-0022753,R-0045,2026-01-26,44.23,web,delivery,completed
ORD-0022754,R-0045,2026-01-28,35.46,web,delivery,completed
ORD-0022755,R-0045,2026-01-30,125.39,app,delivery,completed
ORD-0022756,R-0045,2026-01-27,46.37,app,delivery,completed
ORD-0023931,R-0046,2026-01-08,16.67,app,pickup,completed
ORD-0023932,R-0046,2026-01-14,15.77,app,delivery,completed
ORD-0023933,R-0046,2026-01-12,16.05,app,delivery,completed
ORD-0023934,R-0046,2026-01-15,16.31,app,delivery,completed
ORD-0023935,R-0046,2026-01-24,18.68,app,pickup,completed
ORD-0023936,R-0046,2026-01-22,30.84,app,delivery,completed
ORD-0023937,R-0046,2026-01-03,19.78,app,delivery,completed
ORD-0023938,R-0046,2026-01-20,24.86,app,pickup,completed
ORD-0023939,R-0046,2026-01-17,18.83,web,pickup,completed
ORD-0023940,R-0046,2026-01-31,25.73,app,delivery,completed
ORD-0023941,R-0046,2026-01-02,22.38,app,pickup,completed
ORD-0023942,R-0046,2026-01-27,17.27,web,delivery,completed
ORD-0023943,R-0046,2026-01-09,14.56,web,delivery,completed
ORD-0023944,R-0046,2026-01-10,25.58,app,delivery,refunded
ORD-0023945,R-0046,2026-01-13,15.37,web,delivery,completed
ORD-0023946,R-0046,2026-01-31,26.49,app,delivery,completed
ORD-0023947,R-0046,2026-01-31,13.79,app,delivery,completed
ORD-0023948,R-0046,2026-01-17,18.08,web,delivery,completed
ORD-0023949,R-0046,2026-01-16,11.37,web,pickup,Completed
ORD-0023950,R-0046,2026-01-10,16.40,web,delivery,completed
ORD-0023951,R-0046,2026-01-14,18.07,app,pickup,completed
ORD-0023952,R-0046,2026-01-30,34.33,app,delivery,completed
ORD-0023953,R-0046,2026-01-09,35.55,app,delivery,completed
ORD-0023954,R-0046,2026-01-12,28.82,web,delivery,refunded
ORD-0023955,R-0046,2026-01-23,27.09,app,pickup,completed
ORD-0023956,R-0046,2026-01-19,22.15,app,pickup,completed
ORD-0023957,R-0046,2026-01-02,18.58,web,pickup,CANCELLED
ORD-0023958,R-0046,2026-01-16,20.97,web,delivery,Completed
ORD-0023959,R-0046,2026-01-05,16.84,app,pickup,completed
ORD-0023960,R-0046,2026-01-29,29.28,web,pickup,completed
ORD-0023961,R-0046,2026-01-30,19.78,app,delivery,completed
ORD-0023962,R-0046,2026-01-20,29.73,app,pickup,completed
ORD-0023963,R-0046,2026-01-31,14.55,app,delivery,completed
ORD-0023964,R-0046,2026-01-16,36.57,app,delivery,completed
ORD-0023965,R-0046,2026-01-29,16.56,app,delivery,refunded
ORD-0023966,R-0046,2026-01-04,19.69,app,pickup,completed
ORD-0023967,R-0046,2026-01-25,24.55,app,pickup,completed
ORD-0023968,R-0046,2026-01-12,13.50,app,delivery,completed
ORD-0023969,R-0046,2026-01-10,22.48,app,delivery,Completed
ORD-0023970,R-0046,2026-01-08,18.11,web,delivery,COMPLETED
ORD-0023971,R-0046,2026-01-17,32.89,app,delivery,COMPLETED
ORD-0023972,R-0046,2026-01-04,18.44,app,pickup,completed
ORD-0023973,R-0046,2026-01-02,35.20,app,delivery,completed
ORD-0023974,R-0046,2026-01-25,23.50,app,delivery,completed
ORD-0023975,R-0046,2026-01-03,17.58,app,pickup,completed
ORD-0023976,R-0046,2026-01-04,24.66,app,pickup,completed
ORD-0023977,R-0046,2026-01-16,23.72,web,delivery,COMPLETED
ORD-0023978,R-0046,2026-01-16,16.19,app,delivery,completed
ORD-0023979,R-0046,2026-01-10,19.58,app,delivery,completed
ORD-0023980,R-0046,2026-01-10,23.20,web,delivery,completed
ORD-0023981,R-0046,2026-01-09,33.38,app,delivery,completed
ORD-0023982,R-0046,2026-01-16,34.58,app,delivery,cancelled
ORD-0023983,R-0046,2026-01-05,18.90,web,delivery,completed
ORD-0023984,R-0046,2026-01-31,29.88,app,delivery,completed
ORD-0023985,R-0046,2026-01-08,35.65,web,delivery,completed
ORD-0023986,R-0046,2026-01-27,18.17,app,pickup,completed
ORD-0023987,R-0046,2026-01-30,18.79,app,pickup,completed
ORD-0023988,R-0046,2026-01-10,21.49,app,delivery,completed
ORD-0023989,R-0046,2026-01-05,28.18,app,delivery,completed
ORD-0023990,R-0046,2026-01-23,27.82,app,pickup,completed
ORD-0023991,R-0046,2026-01-21,20.24,app,delivery,completed
ORD-0023992,R-0046,2026-01-05,25.09,app,pickup,completed
ORD-0023993,R-0046,2026-01-26,13.31,app,pickup,completed
ORD-0023994,R-0046,2026-01-29,14.64,app,delivery,completed
ORD-0023995,R-0046,2026-01-03,28.48,app,pickup,COMPLETED
ORD-0023996,R-0046,2026-01-28,11.19,web,delivery,completed
ORD-0023997,R-0046,2026-01-14,16.64,app,delivery,COMPLETED
ORD-0023998,R-0046,2026-01-21,30.43,app,pickup,completed
ORD-0023999,R-0046,2026-01-25,24.91,web,delivery,completed
ORD-0024000,R-0046,2026-01-27,27.81,app,delivery,completed
ORD-0024001,R-0046,2026-01-26,20.45,app,delivery,completed
ORD-0024002,R-0046,2026-01-11,49.76,app,pickup,completed
ORD-0024003,R-0046,2026-01-09,40.16,web,delivery,completed
ORD-0024004,R-0046,2026-01-15,17.63,app,delivery,completed
ORD-0024005,R-0046,2026-01-27,9.47,app,pickup,completed
ORD-0024006,R-0046,2026-01-15,17.82,app,delivery,completed
ORD-0024007,R-0046,2026-01-25,53.26,app,pickup,completed
ORD-0024008,R-0046,2026-01-29,21.36,web,delivery,completed
ORD-0024009,R-0046,2026-01-24,14.75,web,delivery,Completed
ORD-0024010,R-0046,2026-01-11,24.87,app,pickup,completed
ORD-0024011,R-0046,2026-01-16,19.96,app,delivery,Completed
ORD-0024012,R-0046,2026-01-18,16.08,app,pickup,completed
ORD-0024013,R-0046,2026-01-02,12.83,web,pickup,completed
ORD-0024014,R-0046,2026-01-30,18.94,app,delivery,Completed
ORD-0024015,R-0046,2026-01-11,21.61,web,pickup,COMPLETED
ORD-0024016,R-0046,2026-01-03,31.37,app,delivery,completed
ORD-0024017,R-0046,2026-01-16,22.48,app,pickup,completed
ORD-0024018,R-0046,2026-01-09,23.91,web,delivery,completed
ORD-0024019,R-0046,2026-01-20,14.52,web,delivery,cancelled
ORD-0024020,R-0046,2026-01-24,19.39,web,pickup,completed
ORD-0024021,R-0046,2026-01-28,21.31,app,delivery,completed
ORD-0024022,R-0046,2026-01-30,21.12,app,pickup,completed
ORD-0024023,R-0046,2026-01-24,25.27,web,delivery,completed
ORD-0024024,R-0046,2026-01-31,17.52,web,delivery,completed
ORD-0024025,R-0046,2026-01-05,26.25,app,delivery,completed
ORD-0024026,R-0046,2026-01-30,35.19,app,pickup,completed
ORD-0024027,R-0046,2026-01-31,12.49,web,delivery,completed
ORD-0024028,R-0046,2026-01-18,21.45,web,delivery,completed
ORD-0024029,R-0046,2026-01-31,39.77,web,delivery,completed
ORD-0024030,R-0046,2026-01-26,11.86,web,pickup,completed
ORD-0024031,R-0046,2026-01-13,16.29,web,pickup,completed
ORD-0024032,R-0046,2026-01-11,31.69,app,delivery,completed
ORD-0024033,R-0046,2026-01-30,24.02,app,delivery,completed
ORD-0024034,R-0046,2026-01-28,20.71,web,pickup,completed
ORD-0024035,R-0046,2026-01-17,14.79,web,delivery,completed
ORD-0024036,R-0046,2026-01-09,26.65,web,delivery,completed
ORD-0024037,R-0046,2026-01-03,32.98,app,delivery,completed
ORD-0024038,R-0046,2026-01-03,25.37,web,delivery,completed
ORD-0024039,R-0046,2026-01-03,18.91,web,delivery,completed
ORD-0024040,R-0046,2026-01-19,19.87,app,delivery,Completed
ORD-0024041,R-0046,2026-01-14,15.78,app,pickup,completed
ORD-0024042,R-0046,2026-01-29,18.61,app,delivery,COMPLETED
ORD-0024043,R-0046,2026-01-10,13.83,app,pickup,completed
ORD-0024044,R-0046,2026-01-05,18.04,app,delivery,completed
ORD-0024045,R-0046,2026-01-22,26.70,app,pickup,completed
ORD-0024046,R-0046,2026-01-18,22.93,app,delivery,completed
ORD-0024047,R-0046,2026-01-09,21.37,web,pickup,completed
ORD-0024048,R-0046,2026-01-26,15.87,web,delivery,completed
ORD-0024049,R-0046,2026-01-15,21.79,web,pickup,completed
ORD-0024050,R-0046,2026-01-02,25.10,app,delivery,completed
ORD-0024051,R-0046,2026-01-18,17.80,app,delivery,COMPLETED
ORD-0024052,R-0046,2026-01-01,17.74,app,delivery,Completed
ORD-0024053,R-0046,2026-01-18,13.91,app,delivery,completed
ORD-0024054,R-0046,2026-01-09,29.19,app,pickup,completed
ORD-0024055,R-0046,2026-01-02,38.26,app,delivery,completed
ORD-0024056,R-0046,2026-01-22,17.78,app,pickup,completed
ORD-0024057,R-0046,2026-01-16,27.57,app,delivery,completed
ORD-0024058,R-0046,2026-01-08,28.81,web,delivery,completed
ORD-0024059,R-0046,2026-01-18,21.94,app,pickup,completed
ORD-0024060,R-0046,2026-01-30,26.35,app,pickup,completed
ORD-0024061,R-0046,2026-01-15,16.19,app,delivery,COMPLETED
ORD-0024062,R-0046,2026-01-02,29.26,app,pickup,completed
ORD-0024063,R-0046,2026-01-08,17.35,app,pickup,completed
ORD-0024064,R-0046,2026-01-08,22.92,web,pickup,completed
ORD-0024065,R-0046,2026-01-24,27.16,app,delivery,COMPLETED
ORD-0024066,R-0046,2026-01-03,24.49,app,delivery,completed
ORD-0024067,R-0046,2026-01-06,27.37,web,delivery,completed
ORD-0024068,R-0046,2026-01-24,15.42,web,pickup,COMPLETED
ORD-0024069,R-0046,2026-01-16,26.78,app,delivery,Completed
ORD-0024070,R-0046,2026-01-08,19.82,web,delivery,completed
ORD-0024071,R-0046,2026-01-10,22.68,app,delivery,completed
ORD-0024072,R-0046,2026-01-17,22.03,app,delivery,completed
ORD-0024073,R-0046,2026-01-27,19.81,web,pickup,cancelled
ORD-0024074,R-0046,2026-01-17,35.48,web,delivery,cancelled
ORD-0024075,R-0046,2026-01-23,27.49,web,delivery,completed
ORD-0024076,R-0046,2026-01-24,10.09,app,pickup,Completed
ORD-0024077,R-0046,2026-01-20,26.57,app,pickup,completed
ORD-0024078,R-0046,2026-01-30,26.76,app,delivery,completed
ORD-0024079,R-0046,2026-01-03,18.04,app,pickup,completed
ORD-0024080,R-0046,2026-01-03,25.29,web,delivery,completed
ORD-0024081,R-0046,2026-01-05,20.83,web,pickup,completed
ORD-0024082,R-0046,2026-01-23,24.20,web,pickup,completed
ORD-0024083,R-0046,2026-01-16,17.71,web,pickup,completed
ORD-0024084,R-0046,2026-01-16,14.50,app,delivery,completed
ORD-0024085,R-0046,2026-01-13,31.79,web,pickup,completed
ORD-0026306,R-0053,2026-01-17,30.87,web,delivery,completed
ORD-0026307,R-0053,2026-01-23,33.02,app,delivery,completed
ORD-0026308,R-0053,2026-01-25,27.99,web,delivery,completed
ORD-0026309,R-0053,2026-01-17,43.46,app,delivery,completed
ORD-0026310,R-0053,2026-01-18,30.24,app,delivery,completed
ORD-0026311,R-0053,2026-01-16,31.65,web,delivery,completed
ORD-0026312,R-0053,2026-01-13,22.50,web,delivery,Completed
ORD-0026313,R-0053,2026-01-19,37.32,app,pickup,completed
ORD-0026314,R-0053,2026-01-08,26.34,web,delivery,completed
ORD-0026315,R-0053,2026-01-23,14.79,web,delivery,Completed
ORD-0026316,R-0053,2026-01-18,43.77,app,delivery,completed
ORD-0026317,R-0053,2026-01-15,19.98,web,pickup,completed
ORD-0026318,R-0053,2026-01-05,20.17,app,delivery,completed
ORD-0026319,R-0053,2026-01-29,19.20,web,delivery,completed
ORD-0026320,R-0053,2026-01-23,36.84,web,pickup,completed
ORD-0026321,R-0053,2026-01-24,22.74,app,delivery,completed
ORD-0026322,R-0053,2026-01-22,31.74,app,pickup,refunded
ORD-0026323,R-0053,2026-01-29,27.93,app,delivery,completed
ORD-0026324,R-0053,2026-01-23,34.87,web,delivery,completed
ORD-0026325,R-0053,2026-01-23,50.70,web,delivery,completed
ORD-0026326,R-0053,2026-01-21,43.83,web,delivery,completed
ORD-0026327,R-0053,2026-01-30,31.65,web,delivery,completed
ORD-0026328,R-0053,2026-01-23,62.84,web,delivery,completed
ORD-0026329,R-0053,2026-01-22,27.05,app,pickup,completed
ORD-0026330,R-0053,2026-01-12,20.67,app,delivery,completed
ORD-0026331,R-0053,2026-01-08,19.69,web,delivery,completed
ORD-0026332,R-0053,2026-01-13,34.97,web,delivery,completed
ORD-0026333,R-0053,2026-01-04,22.19,app,pickup,completed
ORD-0026334,R-0053,2026-01-08,33.60,web,pickup,COMPLETED
ORD-0026335,R-0053,2026-01-29,37.70,web,pickup,cancelled
ORD-0026336,R-0053,2026-01-23,34.30,web,delivery,cancelled
ORD-0026337,R-0053,2026-01-17,32.57,web,pickup,completed
ORD-0026338,R-0053,2026-01-05,30.45,web,pickup,completed
ORD-0026339,R-0053,2026-01-02,28.31,app,delivery,completed
ORD-0026340,R-0053,2026-01-31,45.46,web,delivery,cancelled
ORD-0026341,R-0053,2026-01-16,38.10,app,delivery,completed
ORD-0026342,R-0053,2026-01-27,22.24,web,pickup,completed
ORD-0026343,R-0053,2026-01-18,15.78,web,delivery,completed
ORD-0026344,R-0053,2026-01-15,48.85,web,pickup,completed
ORD-0026345,R-0053,2026-01-11,42.29,app,pickup,completed
ORD-0026346,R-0053,2026-01-07,39.95,web,delivery,completed
ORD-0026347,R-0053,2026-01-16,21.64,app,pickup,completed
ORD-0026348,R-0053,2026-01-05,21.85,web,pickup,completed
ORD-0026349,R-0053,2026-01-22,36.26,web,pickup,completed
ORD-0026350,R-0053,2026-01-31,29.31,web,pickup,completed
ORD-0026351,R-0053,2026-01-22,28.35,app,delivery,COMPLETED
ORD-0026352,R-0053,2026-01-07,44.35,web,pickup,completed
ORD-0026353,R-0053,2026-01-29,30.56,app,pickup,COMPLETED
ORD-0026354,R-0053,2026-01-15,31.79,web,delivery,completed
ORD-0026355,R-0053,2026-01-28,39.79,web,delivery,completed
ORD-0026356,R-0053,2026-01-11,23.91,app,pickup,completed
ORD-0026357,R-0053,2026-01-14,32.36,web,pickup,COMPLETED
ORD-0026358,R-0053,2026-01-04,58.25,app,pickup,completed
ORD-0026359,R-0053,2026-01-03,45.88,web,delivery,completed
ORD-0026360,R-0053,2026-01-05,26.28,web,pickup,completed
ORD-0026361,R-0053,2026-01-28,31.57,web,delivery,COMPLETED
ORD-0026362,R-0053,2026-01-09,25.74,app,pickup,completed
ORD-0026363,R-0053,2026-01-24,30.83,app,delivery,completed
ORD-0026364,R-0053,2026-01-13,25.34,web,delivery,completed
ORD-0026365,R-0053,2026-01-09,30.70,web,pickup,Completed
ORD-0026366,R-0053,2026-01-17,41.91,app,pickup,completed
ORD-0026367,R-0053,2026-01-31,25.18,app,delivery,completed
ORD-0026368,R-0053,2026-01-18,45.88,app,delivery,completed
ORD-0026369,R-0053,2026-01-27,50.70,web,delivery,completed
ORD-0026370,R-0053,2026-01-16,20.24,app,delivery,completed
ORD-0026371,R-0053,2026-01-15,31.19,web,delivery,completed
ORD-0026372,R-0053,2026-01-23,33.70,web,pickup,completed
ORD-0026373,R-0053,2026-01-11,39.43,app,delivery,Completed
ORD-0027053,R-0055,2026-01-26,20.47,app,pickup,completed
ORD-0027054,R-0055,2026-01-08,45.96,web,delivery,COMPLETED
ORD-0027055,R-0055,2026-01-08,23.69,app,pickup,completed
ORD-0027056,R-0055,2026-01-04,33.15,web,delivery,completed
ORD-0027057,R-0055,2026-01-15,29.35,app,delivery,completed
ORD-0027058,R-0055,2026-01-19,52.70,web,pickup,completed
ORD-0027059,R-0055,2026-01-10,18.31,app,pickup,completed
ORD-0027060,R-0055,2026-01-10,19.72,app,pickup,completed
ORD-0027061,R-0055,2026-01-17,17.45,web,delivery,completed
ORD-0027062,R-0055,2026-01-26,34.14,web,delivery,completed
ORD-0027063,R-0055,2026-01-01,27.96,web,delivery,cancelled
ORD-0027064,R-0055,2026-01-17,60.96,app,pickup,completed
ORD-0027065,R-0055,2026-01-20,37.47,app,pickup,completed
ORD-0027066,R-0055,2026-01-21,18.94,web,pickup,completed
ORD-0027067,R-0055,2026-01-09,31.44,web,delivery,completed
ORD-0027068,R-0055,2026-01-17,43.38,app,delivery,completed
ORD-0027069,R-0055,2026-01-21,30.92,web,delivery,completed
ORD-0027070,R-0055,2026-01-02,30.51,app,pickup,completed
ORD-0027071,R-0055,2026-01-03,28.37,web,pickup,completed
ORD-0027072,R-0055,2026-01-01,31.06,web,delivery,completed
ORD-0027073,R-0055,2026-01-07,21.81,web,pickup,completed
ORD-0027074,R-0055,2026-01-03,34.57,web,pickup,completed
ORD-0027075,R-0055,2026-01-13,36.25,app,delivery,completed
ORD-0027076,R-0055,2026-01-15,28.27,app,pickup,completed
ORD-0027077,R-0055,2026-01-23,35.32,app,delivery,completed
ORD-0027078,R-0055,2026-01-27,32.08,web,pickup,completed
ORD-0027079,R-0055,2026-01-15,27.90,app,delivery,completed
ORD-0027080,R-0055,2026-01-09,49.41,app,delivery,completed
ORD-0027081,R-0055,2026-01-28,14.57,web,delivery,completed
ORD-0027082,R-0055,2026-01-30,20.51,web,delivery,completed
ORD-0027083,R-0055,2026-01-17,40.97,app,pickup,completed
ORD-0027084,R-0055,2026-01-13,42.39,web,pickup,completed
ORD-0027085,R-0055,2026-01-25,29.73,web,pickup,completed
ORD-0027086,R-0055,2026-01-18,46.57,web,delivery,completed
ORD-0027087,R-0055,2026-01-10,27.22,app,pickup,completed
ORD-0027088,R-0055,2026-01-09,26.88,web,delivery,completed
ORD-0027089,R-0055,2026-01-23,38.72,app,delivery,completed
ORD-0027090,R-0055,2026-01-18,42.48,app,delivery,completed
ORD-0027091,R-0055,2026-01-31,34.09,app,pickup,completed
ORD-0027092,R-0055,2026-01-26,55.96,app,pickup,completed
ORD-0027093,R-0055,2026-01-05,39.71,app,delivery,completed
ORD-0027094,R-0055,2026-01-31,13.79,app,delivery,completed
ORD-0027095,R-0055,2026-01-30,34.95,app,pickup,completed
ORD-0027096,R-0055,2026-01-25,41.75,app,delivery,Completed
ORD-0027097,R-0055,2026-01-10,49.60,app,pickup,completed
ORD-0027098,R-0055,2026-01-10,54.32,web,delivery,completed
ORD-0027099,R-0055,2026-01-02,40.79,app,pickup,completed
ORD-0027100,R-0055,2026-01-05,33.24,app,pickup,completed
ORD-0027101,R-0055,2026-01-15,36.03,web,pickup,completed
ORD-0027102,R-0055,2026-01-05,34.53,web,delivery,completed
ORD-0027103,R-0055,2026-01-07,12.62,app,delivery,completed
ORD-0027104,R-0055,2026-01-14,38.53,web,pickup,COMPLETED
ORD-0027105,R-0055,2026-01-19,19.21,app,delivery,completed
ORD-0027106,R-0055,2026-01-27,66.36,app,pickup,Completed
ORD-0027107,R-0055,2026-01-03,30.95,web,delivery,completed
ORD-0027108,R-0055,2026-01-03,40.66,web,pickup,completed
ORD-0027109,R-0055,2026-01-08,40.88,app,pickup,completed
ORD-0027110,R-0055,2026-01-18,46.49,app,pickup,COMPLETED
ORD-0027111,R-0055,2026-01-23,40.87,app,pickup,completed
ORD-0027112,R-0055,2026-01-28,33.69,app,delivery,Completed
ORD-0027113,R-0055,2026-01-21,75.19,app,pickup,completed
ORD-0027114,R-0055,2026-01-22,49.20,app,delivery,completed
ORD-0027115,R-0055,2026-01-29,22.63,app,pickup,COMPLETED
ORD-0027116,R-0055,2026-01-23,31.17,app,delivery,Completed
ORD-0027117,R-0055,2026-01-04,86.18,app,pickup,completed
ORD-0027118,R-0055,2026-01-30,15.03,app,delivery,completed
ORD-0027119,R-0055,2026-01-24,30.22,web,pickup,completed
ORD-0027120,R-0055,2026-01-06,21.59,app,pickup,completed
ORD-0027121,R-0055,2026-01-22,23.44,app,delivery,completed
ORD-0027122,R-0055,2026-01-10,18.79,app,pickup,completed
ORD-0027123,R-0055,2026-01-23,42.45,app,pickup,completed
ORD-0027124,R-0055,2026-01-29,44.39,app,delivery,completed
ORD-0027125,R-0055,2026-01-06,33.62,app,delivery,COMPLETED
ORD-0027126,R-0055,2026-01-13,31.41,app,pickup,completed
ORD-0028016,R-0059,2026-01-29,31.74,app,pickup,completed
ORD-0028017,R-0059,2026-01-17,31.24,web,delivery,completed
ORD-0028018,R-0059,2026-01-14,17.32,web,delivery,Completed
ORD-0028019,R-0059,2026-01-20,17.32,app,delivery,completed
ORD-0028020,R-0059,2026-01-01,30.91,app,delivery,completed
ORD-0028021,R-0059,2026-01-13,15.84,app,delivery,Completed
ORD-0028022,R-0059,2026-01-23,12.25,app,pickup,completed
ORD-0028023,R-0059,2026-01-10,20.95,app,pickup,completed
ORD-0028024,R-0059,2026-01-11,18.96,web,pickup,completed
ORD-0028025,R-0059,2026-01-27,30.89,web,delivery,completed
ORD-0028026,R-0059,2026-01-31,28.75,app,pickup,completed
ORD-0028027,R-0059,2026-01-19,37.01,app,delivery,completed
ORD-0028028,R-0059,2026-01-27,36.76,app,delivery,completed
ORD-0028029,R-0059,2026-01-18,34.34,app,delivery,completed
ORD-0028030,R-0059,2026-01-23,17.30,app,pickup,completed
ORD-0028031,R-0059,2026-01-17,35.10,app,delivery,completed
ORD-0028032,R-0059,2026-01-18,58.03,web,delivery,completed
ORD-0028033,R-0059,2026-01-23,26.37,app,delivery,completed
ORD-0028034,R-0059,2026-01-08,31.82,web,delivery,completed
ORD-0028035,R-0059,2026-01-30,23.08,app,delivery,completed
ORD-0028036,R-0059,2026-01-29,9.62,app,delivery,completed
ORD-0028037,R-0059,2026-01-26,19.01,web,delivery,completed
ORD-0028038,R-0059,2026-01-12,39.89,web,pickup,completed
ORD-0028039,R-0059,2026-01-31,23.49,app,delivery,completed
ORD-0028040,R-0059,2026-01-23,36.63,web,delivery,Completed
ORD-0028041,R-0059,2026-01-03,44.06,web,delivery,completed
ORD-0028042,R-0059,2026-01-10,21.53,app,delivery,completed
ORD-0028043,R-0059,2026-01-12,19.38,app,delivery,completed
ORD-0028044,R-0059,2026-01-24,21.85,web,delivery,completed
ORD-0028045,R-0059,2026-01-23,17.04,app,delivery,completed
ORD-0028046,R-0059,2026-01-31,25.24,app,delivery,completed
ORD-0028047,R-0059,2026-01-16,14.20,app,pickup,Completed
ORD-0028048,R-0059,2026-01-31,10.57,app,delivery,completed
ORD-0028049,R-0059,2026-01-04,29.98,web,delivery,Cancelled
ORD-0028050,R-0059,2026-01-30,21.65,app,pickup,completed
ORD-0028051,R-0059,2026-01-03,20.19,web,delivery,completed
ORD-0028052,R-0059,2026-01-08,32.98,app,delivery,completed
ORD-0028053,R-0059,2026-01-26,25.99,web,delivery,completed
ORD-0028054,R-0059,2026-01-03,17.10,web,delivery,completed
ORD-0028055,R-0059,2026-01-10,29.04,web,delivery,completed
ORD-0028056,R-0059,2026-01-03,39.98,app,delivery,completed
ORD-0028057,R-0059,2026-01-31,37.47,app,delivery,COMPLETED
ORD-0028058,R-0059,2026-01-18,38.23,app,pickup,COMPLETED
ORD-0028059,R-0059,2026-01-26,24.49,web,delivery,completed
ORD-0028060,R-0059,2026-01-29,20.98,app,delivery,COMPLETED
ORD-0028061,R-0059,2026-01-25,36.92,app,delivery,completed
ORD-0029424,R-0061,2026-01-26,60.59,app,pickup,completed
ORD-0029425,R-0061,2026-01-18,29.03,app,delivery,completed
ORD-0029426,R-0061,2026-01-25,37.72,web,delivery,completed
ORD-0029427,R-0061,2026-01-15,26.59,app,pickup,completed
ORD-0029428,R-0061,2026-01-03,36.37,app,delivery,completed
ORD-0029429,R-0061,2026-01-12,27.18,app,delivery,completed
ORD-0029430,R-0061,2026-01-09,26.67,web,pickup,completed
ORD-0029431,R-0061,2026-01-29,20.95,app,pickup,completed
ORD-0029432,R-0061,2026-01-09,31.00,app,delivery,cancelled
ORD-0029433,R-0061,2026-01-26,28.26,web,pickup,completed
ORD-0029434,R-0061,2026-01-18,41.66,app,delivery,completed
ORD-0029435,R-0061,2026-01-29,26.29,web,pickup,Completed
ORD-0029436,R-0061,2026-01-09,22.29,app,delivery,completed
ORD-0029437,R-0061,2026-01-12,20.78,app,pickup,completed
ORD-0029438,R-0061,2026-01-09,27.84,web,delivery,completed
ORD-0029439,R-0061,2026-01-17,17.27,web,delivery,completed
ORD-0029440,R-0061,2026-01-30,39.36,app,pickup,completed
ORD-0029441,R-0061,2026-01-02,36.99,app,delivery,completed
ORD-0029442,R-0061,2026-01-15,57.42,app,delivery,completed
ORD-0029443,R-0061,2026-01-24,18.16,app,pickup,completed
ORD-0029444,R-0061,2026-01-10,26.46,app,delivery,COMPLETED
ORD-0029445,R-0061,2026-01-04,23.04,app,pickup,COMPLETED
ORD-0029446,R-0061,2026-01-19,41.33,app,delivery,completed
ORD-0029447,R-0061,2026-01-10,41.31,app,pickup,completed
ORD-0029448,R-0061,2026-01-31,32.72,app,pickup,completed
ORD-0029449,R-0061,2026-01-11,34.02,app,delivery,completed
ORD-0029450,R-0061,2026-01-13,43.64,app,pickup,completed
ORD-0029451,R-0061,2026-01-23,27.63,app,pickup,completed
ORD-0029452,R-0061,2026-01-02,38.07,app,pickup,completed
ORD-0029453,R-0061,2026-01-16,37.14,app,pickup,completed
ORD-0029454,R-0061,2026-01-11,22.92,app,delivery,completed
ORD-0029455,R-0061,2026-01-10,22.46,app,delivery,completed
ORD-0029456,R-0061,2026-01-06,21.84,web,delivery,completed
ORD-0029457,R-0061,2026-01-13,45.19,app,delivery,completed
ORD-0029458,R-0061,2026-01-31,39.16,web,pickup,completed
ORD-0029459,R-0061,2026-01-15,45.44,web,pickup,completed
ORD-0029460,R-0061,2026-01-06,22.09,app,delivery,completed
ORD-0029461,R-0061,2026-01-16,54.80,web,delivery,completed
ORD-0029462,R-0061,2026-01-03,22.57,app,delivery,completed
ORD-0029463,R-0061,2026-01-20,15.81,web,pickup,completed
ORD-0029464,R-0061,2026-01-28,11.67,app,pickup,completed
ORD-0029465,R-0061,2026-01-04,27.12,app,delivery,completed
ORD-0029466,R-0061,2026-01-16,28.75,app,delivery,completed
ORD-0029467,R-0061,2026-01-24,23.37,web,delivery,completed
ORD-0029468,R-0061,2026-01-10,14.30,web,delivery,completed
ORD-0029469,R-0061,2026-01-12,38.63,app,delivery,completed
ORD-0029470,R-0061,2026-01-17,31.66,web,pickup,completed
ORD-0029471,R-0061,2026-01-12,34.56,app,delivery,completed
ORD-0029472,R-0061,2026-01-29,46.29,web,delivery,completed
ORD-0029473,R-0061,2026-01-17,16.04,web,delivery,completed
ORD-0029474,R-0061,2026-01-31,43.03,app,delivery,completed
ORD-0029475,R-0061,2026-01-15,32.05,app,delivery,completed
ORD-0029476,R-0061,2026-01-14,40.91,web,delivery,completed
ORD-0029477,R-0061,2026-01-24,47.75,web,pickup,completed
ORD-0029478,R-0061,2026-01-22,26.74,app,pickup,completed
ORD-0029479,R-0061,2026-01-31,93.95,app,pickup,completed
ORD-0029480,R-0061,2026-01-23,48.90,app,pickup,completed
ORD-0029481,R-0061,2026-01-03,27.07,app,delivery,completed
ORD-0029482,R-0061,2026-01-10,23.43,web,pickup,completed
ORD-0029483,R-0061,2026-01-29,18.22,app,pickup,Completed
ORD-0029484,R-0061,2026-01-15,23.26,web,delivery,completed
ORD-0029485,R-0061,2026-01-03,34.41,app,delivery,completed
ORD-0029486,R-0061,2026-01-07,24.83,app,pickup,completed
ORD-0029487,R-0061,2026-01-23,45.51,web,delivery,completed
ORD-0029488,R-0061,2026-01-07,44.86,app,pickup,completed
ORD-0029648,R-0062,2026-01-19,81.56,web,delivery,completed
ORD-0029649,R-0062,2026-01-24,50.43,app,delivery,COMPLETED
ORD-0029650,R-0062,2026-01-10,43.55,app,delivery,completed
ORD-0029651,R-0062,2026-01-18,55.51,app,delivery,cancelled
ORD-0029652,R-0062,2026-01-31,68.23,web,pickup,completed
ORD-0029653,R-0062,2026-01-22,44.20,web,delivery,Completed
ORD-0029654,R-0062,2026-01-29,74.31,app,delivery,completed
ORD-0029655,R-0062,2026-01-23,156.17,web,delivery,completed
ORD-0029656,R-0062,2026-01-30,108.44,web,delivery,completed
ORD-0029657,R-0062,2026-01-20,98.90,app,delivery,completed
ORD-0029658,R-0062,2026-01-31,36.07,app,pickup,completed
ORD-0029659,R-0062,2026-01-01,59.23,web,delivery,completed
ORD-0029660,R-0062,2026-01-31,131.61,app,delivery,completed
ORD-0029661,R-0062,2026-01-31,59.53,app,delivery,completed
ORD-0029662,R-0062,2026-01-04,63.67,app,pickup,completed
ORD-0029663,R-0062,2026-01-30,108.67,app,pickup,COMPLETED
ORD-0029664,R-0062,2026-01-05,80.12,app,delivery,completed
ORD-0029665,R-0062,2026-01-31,51.04,app,pickup,completed
ORD-0029666,R-0062,2026-01-15,36.66,app,delivery,completed
ORD-0029667,R-0062,2026-01-19,57.20,app,delivery,Completed
ORD-0029668,R-0062,2026-01-11,96.42,app,delivery,completed
ORD-0029669,R-0062,2026-01-30,168.73,app,pickup,completed
ORD-0029670,R-0062,2026-01-19,41.42,app,pickup,Completed
ORD-0029671,R-0062,2026-01-30,40.78,app,pickup,completed
ORD-0029672,R-0062,2026-01-07,129.07,app,delivery,completed
ORD-0029673,R-0062,2026-01-15,53.03,app,delivery,completed
ORD-0029674,R-0062,2026-01-22,106.86,app,delivery,completed
ORD-0029675,R-0062,2026-01-09,56.19,app,delivery,cancelled
ORD-0029676,R-0062,2026-01-23,172.61,app,pickup,completed
ORD-0029677,R-0062,2026-01-02,59.97,app,pickup,completed
ORD-0029678,R-0062,2026-01-01,85.85,web,pickup,completed
ORD-0029679,R-0062,2026-01-01,47.91,app,delivery,completed
ORD-0029680,R-0062,2026-01-22,89.96,app,delivery,completed
ORD-0029681,R-0062,2026-01-21,44.37,web,delivery,Completed
ORD-0029682,R-0062,2026-01-01,34.04,app,pickup,completed
ORD-0029683,R-0062,2026-01-14,65.75,web,delivery,completed
ORD-0029684,R-0062,2026-01-18,64.50,app,pickup,completed
ORD-0029685,R-0062,2026-01-10,86.80,app,pickup,completed
ORD-0029686,R-0062,2026-01-22,49.31,app,delivery,completed
ORD-0029687,R-0062,2026-01-18,174.08,app,pickup,completed
ORD-0029688,R-0062,2026-01-04,83.34,app,delivery,cancelled
ORD-0029689,R-0062,2026-01-17,37.95,app,delivery,completed
ORD-0029690,R-0062,2026-01-26,51.69,app,delivery,completed
ORD-0029691,R-0062,2026-01-25,75.66,app,delivery,COMPLETED
ORD-0029692,R-0062,2026-01-03,63.70,app,pickup,completed
ORD-0029693,R-0062,2026-01-31,88.12,app,delivery,completed
ORD-0029694,R-0062,2026-01-12,60.22,web,pickup,completed
ORD-0030958,R-0065,2026-01-26,52.49,app,pickup,completed
ORD-0030959,R-0065,2026-01-09,42.19,app,delivery,completed
ORD-0030960,R-0065,2026-01-30,44.42,app,pickup,COMPLETED
ORD-0030961,R-0065,2026-01-27,26.20,web,delivery,completed
ORD-0030962,R-0065,2026-01-24,28.21,app,pickup,completed
ORD-0030963,R-0065,2026-01-01,41.48,web,pickup,Completed
ORD-0030964,R-0065,2026-01-05,50.30,app,pickup,COMPLETED
ORD-0030965,R-0065,2026-01-10,53.21,app,delivery,completed
ORD-0030966,R-0065,2026-01-11,57.48,web,delivery,cancelled
ORD-0030967,R-0065,2026-01-19,18.76,app,pickup,completed
ORD-0030968,R-0065,2026-01-24,39.57,app,delivery,completed
ORD-0030969,R-0065,2026-01-31,52.13,app,delivery,completed
ORD-0030970,R-0065,2026-01-18,14.51,app,delivery,completed
ORD-0030971,R-0065,2026-01-13,38.33,web,delivery,Completed
ORD-0030972,R-0065,2026-01-04,37.19,web,pickup,completed
ORD-0030973,R-0065,2026-01-05,44.00,app,pickup,Completed
ORD-0030974,R-0065,2026-01-01,26.18,app,delivery,cancelled
ORD-0030975,R-0065,2026-01-03,57.74,web,delivery,completed
ORD-0030976,R-0065,2026-01-07,40.61,web,delivery,completed
ORD-0030977,R-0065,2026-01-02,38.07,web,delivery,completed
ORD-0030978,R-0065,2026-01-16,36.34,app,delivery,completed
ORD-0030979,R-0065,2026-01-31,34.31,app,delivery,completed
ORD-0030980,R-0065,2026-01-15,37.00,app,delivery,completed
ORD-0030981,R-0065,2026-01-25,32.29,app,delivery,completed
ORD-0030982,R-0065,2026-01-29,37.36,web,pickup,completed
ORD-0030983,R-0065,2026-01-04,37.25,web,delivery,completed
ORD-0030984,R-0065,2026-01-09,34.63,app,pickup,completed
ORD-0030985,R-0065,2026-01-27,26.59,web,pickup,COMPLETED
ORD-0030986,R-0065,2026-01-09,44.27,app,delivery,completed
ORD-0030987,R-0065,2026-01-15,52.43,app,delivery,completed
ORD-0030988,R-0065,2026-01-04,63.65,web,delivery,completed
ORD-0030989,R-0065,2026-01-23,42.82,app,delivery,completed
ORD-0030990,R-0065,2026-01-08,47.83,app,pickup,completed
ORD-0030991,R-0065,2026-01-22,28.44,web,delivery,completed
ORD-0031707,R-0066,2026-01-06,28.36,web,delivery,completed
ORD-0031708,R-0066,2026-01-11,18.36,web,delivery,Cancelled
ORD-0031709,R-0066,2026-01-17,24.49,web,pickup,completed
ORD-0031710,R-0066,2026-01-30,14.87,web,pickup,COMPLETED
ORD-0031711,R-0066,2026-01-08,17.44,app,pickup,completed
ORD-0031712,R-0066,2026-01-26,19.94,web,pickup,completed
ORD-0031713,R-0066,2026-01-10,17.47,web,pickup,COMPLETED
ORD-0031714,R-0066,2026-01-31,29.78,web,delivery,COMPLETED
ORD-0031715,R-0066,2026-01-24,48.96,app,delivery,completed
ORD-0031716,R-0066,2026-01-08,66.51,web,delivery,COMPLETED
ORD-0031717,R-0066,2026-01-12,21.99,app,delivery,completed
ORD-0031718,R-0066,2026-01-20,16.43,web,delivery,completed
ORD-0031719,R-0066,2026-01-22,33.37,web,delivery,completed
ORD-0031720,R-0066,2026-01-24,51.26,web,delivery,completed
ORD-0031721,R-0066,2026-01-02,35.26,web,delivery,completed
ORD-0031722,R-0066,2026-01-01,38.30,web,delivery,completed
ORD-0031723,R-0066,2026-01-18,35.90,web,pickup,completed
ORD-0031724,R-0066,2026-01-23,41.22,web,delivery,completed
ORD-0031725,R-0066,2026-01-25,26.86,app,delivery,completed
ORD-0031726,R-0066,2026-01-18,27.09,web,pickup,COMPLETED
ORD-0031727,R-0066,2026-01-10,17.15,app,pickup,completed
ORD-0031728,R-0066,2026-01-24,12.91,web,pickup,cancelled
ORD-0031729,R-0066,2026-01-04,33.12,web,delivery,completed
ORD-0031730,R-0066,2026-01-27,37.24,web,pickup,completed
ORD-0031731,R-0066,2026-01-16,23.28,web,pickup,completed
ORD-0031732,R-0066,2026-01-27,30.67,web,pickup,COMPLETED
ORD-0031733,R-0066,2026-01-23,49.81,web,delivery,completed
ORD-0031734,R-0066,2026-01-01,23.58,web,delivery,completed
ORD-0031735,R-0066,2026-01-24,20.72,web,delivery,completed
ORD-0031736,R-0066,2026-01-17,42.14,web,delivery,completed
ORD-0031737,R-0066,2026-01-02,58.52,web,pickup,completed
ORD-0031738,R-0066,2026-01-02,34.20,web,delivery,refunded
ORD-0031739,R-0066,2026-01-05,27.87,app,delivery,Completed
ORD-0031740,R-0066,2026-01-09,18.02,web,pickup,completed
ORD-0031741,R-0066,2026-01-03,17.23,app,delivery,completed
ORD-0031742,R-0066,2026-01-30,45.20,web,delivery,Completed
ORD-0031743,R-0066,2026-01-07,24.16,web,delivery,Completed
ORD-0031744,R-0066,2026-01-20,23.69,web,delivery,COMPLETED
ORD-0031745,R-0066,2026-01-01,20.66,web,delivery,completed
ORD-0031746,R-0066,2026-01-21,31.18,app,pickup,completed
ORD-0031747,R-0066,2026-01-02,39.48,web,delivery,completed
ORD-0031748,R-0066,2026-01-07,20.89,web,pickup,completed
ORD-0031749,R-0066,2026-01-05,26.98,app,delivery,COMPLETED
ORD-0031750,R-0066,2026-01-26,30.95,app,pickup,completed
ORD-0031751,R-0066,2026-01-13,22.60,web,delivery,completed
ORD-0031752,R-0066,2026-01-16,23.50,web,pickup,completed
ORD-0031753,R-0066,2026-01-25,23.09,web,delivery,completed
ORD-0031754,R-0066,2026-01-04,22.39,web,pickup,COMPLETED
ORD-0031755,R-0066,2026-01-14,26.43,web,delivery,completed
ORD-0031756,R-0066,2026-01-02,32.53,web,delivery,Completed
ORD-0031757,R-0066,2026-01-29,30.33,app,pickup,COMPLETED
ORD-0031758,R-0066,2026-01-16,21.80,web,delivery,completed
ORD-0031759,R-0066,2026-01-30,97.25,web,delivery,completed
ORD-0031760,R-0066,2026-01-24,45.10,web,pickup,completed
ORD-0031761,R-0066,2026-01-12,26.18,web,pickup,completed
ORD-0031762,R-0066,2026-01-23,32.97,app,pickup,completed
ORD-0031763,R-0066,2026-01-02,34.58,web,pickup,completed
ORD-0031764,R-0066,2026-01-14,33.31,web,delivery,completed
ORD-0033093,R-0070,2026-01-06,26.27,web,delivery,completed
ORD-0033094,R-0070,2026-01-03,44.25,app,delivery,COMPLETED
ORD-0033095,R-0070,2026-01-06,20.06,app,pickup,completed
ORD-0033096,R-0070,2026-01-05,22.37,app,pickup,COMPLETED
ORD-0033097,R-0070,2026-01-15,28.50,web,delivery,completed
ORD-0033098,R-0070,2026-01-21,31.52,app,delivery,completed
ORD-0033099,R-0070,2026-01-02,28.97,app,delivery,completed
ORD-0033100,R-0070,2026-01-27,25.01,app,delivery,completed
ORD-0033101,R-0070,2026-01-05,27.31,app,delivery,completed
ORD-0033102,R-0070,2026-01-12,19.75,web,delivery,completed
ORD-0033103,R-0070,2026-01-24,29.18,app,delivery,completed
ORD-0033104,R-0070,2026-01-26,21.54,web,pickup,completed
ORD-0033105,R-0070,2026-01-09,32.49,app,delivery,Completed
ORD-0033106,R-0070,2026-01-10,41.38,app,delivery,completed
ORD-0033107,R-0070,2026-01-28,17.08,app,delivery,completed
ORD-0033108,R-0070,2026-01-31,32.73,app,pickup,completed
ORD-0033109,R-0070,2026-01-05,28.55,web,delivery,completed
ORD-0033110,R-0070,2026-01-20,22.68,web,delivery,completed
ORD-0033111,R-0070,2026-01-02,30.00,web,delivery,completed
ORD-0033112,R-0070,2026-01-08,35.74,web,delivery,completed
ORD-0033113,R-0070,2026-01-15,30.05,web,delivery,completed
ORD-0033114,R-0070,2026-01-25,14.06,web,pickup,completed
ORD-0033115,R-0070,2026-01-05,9.30,app,pickup,completed
ORD-0033116,R-0070,2026-01-18,18.21,app,pickup,completed
ORD-0033117,R-0070,2026-01-11,53.93,app,delivery,completed
ORD-0033118,R-0070,2026-01-26,43.59,app,delivery,completed
ORD-0033119,R-0070,2026-01-09,30.78,app,delivery,completed
ORD-0033120,R-0070,2026-01-15,14.88,web,delivery,completed
ORD-0033121,R-0070,2026-01-17,37.74,web,pickup,cancelled
ORD-0033122,R-0070,2026-01-17,18.37,app,pickup,completed
ORD-0033123,R-0070,2026-01-06,14.41,app,delivery,completed
ORD-0033124,R-0070,2026-01-15,25.25,web,pickup,completed
ORD-0033125,R-0070,2026-01-20,25.52,app,delivery,Completed
ORD-0033126,R-0070,2026-01-13,29.45,web,pickup,completed
ORD-0033127,R-0070,2026-01-04,27.94,web,delivery,completed
ORD-0033128,R-0070,2026-01-28,27.38,web,delivery,completed
ORD-0033129,R-0070,2026-01-10,22.95,app,delivery,completed
ORD-0033130,R-0070,2026-01-10,28.01,web,delivery,completed
ORD-0033131,R-0070,2026-01-05,31.16,web,delivery,completed
ORD-0033132,R-0070,2026-01-06,39.04,app,delivery,completed
ORD-0033133,R-0070,2026-01-04,29.86,app,pickup,completed
ORD-0033134,R-0070,2026-01-15,21.27,app,pickup,completed
ORD-0033135,R-0070,2026-01-09,30.81,app,delivery,completed
ORD-0033136,R-0070,2026-01-02,43.49,web,delivery,completed
ORD-0033137,R-0070,2026-01-13,38.67,web,delivery,completed
ORD-0033138,R-0070,2026-01-17,19.26,web,pickup,completed
ORD-0033408,R-0072,2026-01-14,37.28,app,delivery,completed
ORD-0033409,R-0072,2026-01-27,52.39,app,delivery,completed
ORD-0033410,R-0072,2026-01-21,42.50,app,delivery,completed
ORD-0033411,R-0072,2026-01-05,41.68,web,delivery,completed
ORD-0033412,R-0072,2026-01-24,42.97,app,delivery,completed
ORD-0033413,R-0072,2026-01-30,61.38,web,pickup,completed
ORD-0033414,R-0072,2026-01-23,39.63,app,delivery,completed
ORD-0033415,R-0072,2026-01-17,67.91,app,pickup,completed
ORD-0033416,R-0072,2026-01-09,53.06,web,delivery,completed
ORD-0033417,R-0072,2026-01-17,35.20,web,delivery,completed
ORD-0033418,R-0072,2026-01-02,18.37,app,delivery,completed
ORD-0033419,R-0072,2026-01-13,30.52,web,pickup,COMPLETED
ORD-0033420,R-0072,2026-01-21,21.81,app,delivery,completed
ORD-0033421,R-0072,2026-01-04,44.45,web,pickup,completed
ORD-0033422,R-0072,2026-01-03,23.47,app,pickup,completed
ORD-0033423,R-0072,2026-01-11,34.97,web,pickup,completed
ORD-0033424,R-0072,2026-01-04,22.88,web,delivery,completed
ORD-0033425,R-0072,2026-01-30,35.31,app,delivery,completed
ORD-0033426,R-0072,2026-01-03,38.54,web,delivery,completed
ORD-0033427,R-0072,2026-01-02,23.18,app,pickup,completed
ORD-0033428,R-0072,2026-01-15,28.06,web,pickup,completed
ORD-0034212,R-0074,2026-01-15,15.50,web,delivery,completed
ORD-0034213,R-0074,2026-01-11,31.30,app,pickup,completed
ORD-0034214,R-0074,2026-01-15,20.75,web,delivery,completed
ORD-0034215,R-0074,2026-01-09,21.75,app,delivery,completed
ORD-0034216,R-0074,2026-01-15,162.64,app,delivery,cancelled
ORD-0034217,R-0074,2026-01-17,49.39,app,pickup,COMPLETED
ORD-0034218,R-0074,2026-01-31,43.85,web,delivery,completed
ORD-0034219,R-0074,2026-01-18,17.63,app,delivery,completed
ORD-0034220,R-0074,2026-01-05,17.27,app,pickup,Completed
ORD-0034221,R-0074,2026-01-02,38.28,app,delivery,completed
ORD-0034222,R-0074,2026-01-17,12.55,app,pickup,completed
ORD-0034223,R-0074,2026-01-03,21.79,app,delivery,completed
ORD-0034224,R-0074,2026-01-22,20.35,web,delivery,Completed
ORD-0034225,R-0074,2026-01-02,25.75,app,pickup,completed
ORD-0034226,R-0074,2026-01-29,41.65,app,delivery,completed
ORD-0034227,R-0074,2026-01-21,47.65,web,delivery,completed
ORD-0034228,R-0074,2026-01-18,38.02,app,delivery,completed
ORD-0034229,R-0074,2026-01-31,19.56,app,pickup,completed
ORD-0034230,R-0074,2026-01-06,19.03,app,delivery,completed
ORD-0034231,R-0074,2026-01-30,46.32,app,pickup,COMPLETED
ORD-0034232,R-0074,2026-01-02,39.55,app,delivery,completed
ORD-0034233,R-0074,2026-01-02,45.05,app,pickup,Completed
ORD-0034234,R-0074,2026-01-09,20.83,app,pickup,completed
ORD-0034235,R-0074,2026-01-29,24.07,app,delivery,completed
ORD-0034236,R-0074,2026-01-07,43.48,app,pickup,completed
ORD-0034237,R-0074,2026-01-16,41.33,app,delivery,completed
ORD-0034238,R-0074,2026-01-24,41.41,app,delivery,completed
ORD-0034239,R-0074,2026-01-18,36.40,web,delivery,Completed
ORD-0034240,R-0074,2026-01-22,21.71,app,pickup,completed
ORD-0034241,R-0074,2026-01-10,37.91,app,delivery,completed
ORD-0034242,R-0074,2026-01-23,32.44,app,pickup,completed
ORD-0034243,R-0074,2026-01-30,24.72,app,delivery,COMPLETED
ORD-0034244,R-0074,2026-01-13,22.39,app,delivery,completed
ORD-0034245,R-0074,2026-01-11,32.31,app,delivery,completed
ORD-0034246,R-0074,2026-01-18,29.77,web,pickup,completed
ORD-0034247,R-0074,2026-01-08,24.68,app,delivery,completed
ORD-0034248,R-0074,2026-01-14,28.05,app,delivery,cancelled
ORD-0034249,R-0074,2026-01-17,24.99,web,delivery,completed
ORD-0034250,R-0074,2026-01-28,32.51,app,delivery,completed
ORD-0034251,R-0074,2026-01-16,34.35,web,delivery,completed
ORD-0034252,R-0074,2026-01-13,32.58,app,delivery,completed
ORD-0034253,R-0074,2026-01-06,14.97,app,delivery,completed
ORD-0034254,R-0074,2026-01-02,21.71,app,delivery,completed
ORD-0034255,R-0074,2026-01-21,20.42,app,pickup,completed
ORD-0034256,R-0074,2026-01-02,17.78,web,pickup,completed
ORD-0034257,R-0074,2026-01-22,46.71,web,delivery,completed
ORD-0034258,R-0074,2026-01-22,30.27,app,pickup,completed
ORD-0034259,R-0074,2026-01-06,22.05,app,pickup,completed
ORD-0034260,R-0074,2026-01-19,22.29,app,delivery,Completed
ORD-0034261,R-0074,2026-01-29,16.17,web,pickup,completed
ORD-0034262,R-0074,2026-01-13,14.68,app,delivery,completed
ORD-0034263,R-0074,2026-01-28,32.60,app,pickup,completed
ORD-0034264,R-0074,2026-01-09,71.99,web,pickup,completed
ORD-0034265,R-0074,2026-01-28,37.18,app,pickup,completed
ORD-0034266,R-0074,2026-01-31,30.85,app,delivery,completed
ORD-0034267,R-0074,2026-01-10,22.92,app,delivery,completed
ORD-0034268,R-0074,2026-01-01,26.09,web,delivery,COMPLETED
ORD-0034269,R-0074,2026-01-30,14.57,app,delivery,Completed
ORD-0034270,R-0074,2026-01-31,28.74,app,pickup,completed
ORD-0034271,R-0074,2026-01-25,27.18,web,delivery,completed
ORD-0034272,R-0074,2026-01-10,17.88,web,delivery,Cancelled
ORD-0034273,R-0074,2026-01-31,16.55,app,delivery,completed
ORD-0034274,R-0074,2026-01-30,35.50,app,pickup,completed
ORD-0034275,R-0074,2026-01-31,17.94,app,delivery,completed
ORD-0034276,R-0074,2026-01-07,56.22,app,pickup,completed
ORD-0034277,R-0074,2026-01-10,17.47,app,delivery,Completed
ORD-0034278,R-0074,2026-01-22,37.32,app,delivery,COMPLETED
ORD-0034279,R-0074,2026-01-10,15.70,web,delivery,Completed
ORD-0034280,R-0074,2026-01-19,32.44,app,pickup,COMPLETED
ORD-0034281,R-0074,2026-01-03,24.04,app,delivery,completed
ORD-0034282,R-0074,2026-01-04,27.13,app,delivery,completed
ORD-0034283,R-0074,2026-01-30,33.27,web,delivery,completed
ORD-0034284,R-0074,2026-01-15,20.55,web,delivery,completed
ORD-0034285,R-0074,2026-01-01,37.59,app,delivery,completed
ORD-0034286,R-0074,2026-01-05,33.41,app,delivery,completed
ORD-0034287,R-0074,2026-01-23,21.55,app,delivery,COMPLETED
ORD-0034288,R-0074,2026-01-16,19.10,app,delivery,completed
ORD-0034289,R-0074,2026-01-04,29.12,app,pickup,completed
ORD-0034290,R-0074,2026-01-26,31.97,app,delivery,COMPLETED
ORD-0034291,R-0074,2026-01-09,22.54,web,delivery,completed
ORD-0034292,R-0074,2026-01-15,28.35,app,pickup,completed
ORD-0034293,R-0074,2026-01-08,36.12,app,delivery,completed
ORD-0034294,R-0074,2026-01-16,34.82,web,delivery,completed
ORD-0034295,R-0074,2026-01-16,25.37,app,delivery,completed
ORD-0034296,R-0074,2026-01-03,47.57,app,delivery,completed
ORD-0034297,R-0074,2026-01-08,21.85,app,delivery,COMPLETED
ORD-0034298,R-0074,2026-01-10,14.20,app,pickup,completed
ORD-0034299,R-0074,2026-01-24,15.24,web,delivery,COMPLETED
ORD-0034300,R-0074,2026-01-09,25.96,app,delivery,completed
ORD-0034301,R-0074,2026-01-02,25.04,app,delivery,completed
ORD-0034302,R-0074,2026-01-18,26.32,app,pickup,completed
ORD-0034303,R-0074,2026-01-16,24.35,web,delivery,completed
ORD-0034304,R-0074,2026-01-10,25.12,web,delivery,completed
ORD-0034305,R-0074,2026-01-10,20.44,app,pickup,completed
ORD-0034306,R-0074,2026-01-22,34.22,app,pickup,completed
ORD-0034307,R-0074,2026-01-16,27.68,web,delivery,completed
ORD-0034308,R-0074,2026-01-12,38.86,web,delivery,completed
ORD-0034309,R-0074,2026-01-27,30.21,app,delivery,completed
ORD-0034310,R-0074,2026-01-08,22.52,app,pickup,completed
ORD-0034311,R-0074,2026-01-17,26.89,app,delivery,completed
ORD-0034312,R-0074,2026-01-27,29.68,app,delivery,completed
ORD-0034313,R-0074,2026-01-02,19.95,app,delivery,completed
ORD-0034314,R-0074,2026-01-03,32.43,web,pickup,completed
ORD-0034315,R-0074,2026-01-10,36.30,app,delivery,completed
ORD-0034316,R-0074,2026-01-24,12.73,web,pickup,completed
ORD-0034317,R-0074,2026-01-07,19.47,app,pickup,completed
ORD-0034318,R-0074,2026-01-16,37.85,app,delivery,completed
ORD-0035140,R-0075,2026-01-20,15.22,app,pickup,completed
ORD-0035141,R-0075,2026-01-26,31.34,app,pickup,cancelled
ORD-0035142,R-0075,2026-01-23,15.63,web,pickup,completed
ORD-0035143,R-0075,2026-01-03,10.31,app,pickup,completed
ORD-0035144,R-0075,2026-01-11,33.52,app,pickup,completed
ORD-0035145,R-0075,2026-01-01,30.84,app,delivery,completed
ORD-0035146,R-0075,2026-01-09,28.52,app,delivery,completed
ORD-0035147,R-0075,2026-01-10,13.76,web,delivery,completed
ORD-0035148,R-0075,2026-01-22,53.60,app,delivery,Completed
ORD-0035149,R-0075,2026-01-26,17.77,app,pickup,completed
ORD-0035150,R-0075,2026-01-10,27.01,app,delivery,completed
ORD-0035151,R-0075,2026-01-23,22.30,app,delivery,completed
ORD-0035152,R-0075,2026-01-30,23.59,app,delivery,completed
ORD-0035153,R-0075,2026-01-08,31.22,app,delivery,completed
ORD-0035154,R-0075,2026-01-05,29.70,app,delivery,completed
ORD-0035155,R-0075,2026-01-17,12.97,app,delivery,completed
ORD-0035156,R-0075,2026-01-19,24.86,app,delivery,completed
ORD-0035157,R-0075,2026-01-11,15.49,app,delivery,completed
ORD-0035158,R-0075,2026-01-15,9.58,app,delivery,completed
ORD-0035159,R-0075,2026-01-02,9.04,app,pickup,completed
ORD-0035160,R-0075,2026-01-02,29.27,app,delivery,completed
ORD-0035161,R-0075,2026-01-05,23.16,web,delivery,completed
ORD-0035162,R-0075,2026-01-22,30.34,app,delivery,Completed
ORD-0035163,R-0075,2026-01-10,30.39,app,delivery,completed
ORD-0035499,R-0076,2026-01-18,24.70,web,pickup,completed
ORD-0035500,R-0076,2026-01-19,29.15,app,pickup,completed
ORD-0035501,R-0076,2026-01-03,17.99,web,delivery,cancelled
ORD-0035502,R-0076,2026-01-09,18.25,app,pickup,Completed
ORD-0035503,R-0076,2026-01-30,47.29,app,delivery,completed
ORD-0035504,R-0076,2026-01-24,39.96,app,pickup,completed
ORD-0035505,R-0076,2026-01-28,14.50,app,pickup,completed
ORD-0035506,R-0076,2026-01-20,15.32,app,pickup,completed
ORD-0035507,R-0076,2026-01-28,29.25,app,delivery,completed
ORD-0035508,R-0076,2026-01-24,45.75,app,pickup,completed
ORD-0035509,R-0076,2026-01-02,35.04,app,pickup,completed
ORD-0035510,R-0076,2026-01-25,19.54,web,delivery,completed
ORD-0035511,R-0076,2026-01-11,21.65,web,delivery,completed
ORD-0035512,R-0076,2026-01-18,13.50,web,delivery,completed
ORD-0035513,R-0076,2026-01-08,47.98,app,pickup,completed
ORD-0035514,R-0076,2026-01-09,13.62,web,pickup,COMPLETED
ORD-0035515,R-0076,2026-01-03,28.19,app,delivery,completed
ORD-0035516,R-0076,2026-01-09,22.54,app,pickup,completed
ORD-0035517,R-0076,2026-01-18,48.04,app,pickup,completed
ORD-0035518,R-0076,2026-01-03,44.82,web,pickup,completed
ORD-0035519,R-0076,2026-01-11,15.57,web,pickup,completed
ORD-0035520,R-0076,2026-01-15,20.17,app,pickup,completed
ORD-0036065,R-0079,2026-01-16,38.98,web,pickup,COMPLETED
ORD-0036066,R-0079,2026-01-11,25.71,app,delivery,completed
ORD-0036067,R-0079,2026-01-23,41.31,web,pickup,completed
ORD-0036068,R-0079,2026-01-07,30.56,web,pickup,completed
ORD-0036069,R-0079,2026-01-12,21.22,app,delivery,completed
ORD-0036070,R-0079,2026-01-30,36.82,web,delivery,completed
ORD-0036071,R-0079,2026-01-03,37.43,web,pickup,completed
ORD-0036072,R-0079,2026-01-17,21.09,web,delivery,completed
ORD-0036073,R-0079,2026-01-26,28.24,web,delivery,completed
ORD-0036074,R-0079,2026-01-19,18.28,app,pickup,Completed
ORD-0036075,R-0079,2026-01-17,35.24,web,pickup,completed
ORD-0036076,R-0079,2026-01-21,31.56,app,pickup,completed
ORD-0036077,R-0079,2026-01-12,37.02,web,delivery,completed
ORD-0036078,R-0079,2026-01-06,20.81,app,delivery,completed
ORD-0036079,R-0079,2026-01-05,37.95,web,pickup,completed
ORD-0036282,R-0080,2026-01-26,33.20,web,pickup,completed
ORD-0036283,R-0080,2026-01-19,44.79,web,pickup,completed
ORD-0036284,R-0080,2026-01-10,12.86,web,delivery,completed
ORD-0036285,R-0080,2026-01-31,32.34,web,pickup,completed
ORD-0036286,R-0080,2026-01-26,53.98,app,pickup,refunded
ORD-0036287,R-0080,2026-01-08,36.87,web,pickup,completed
ORD-0036288,R-0080,2026-01-26,57.90,web,pickup,completed
ORD-0036289,R-0080,2026-01-31,18.21,web,pickup,completed
ORD-0036290,R-0080,2026-01-28,30.88,web,pickup,completed
ORD-0036291,R-0080,2026-01-05,17.72,app,pickup,COMPLETED
ORD-0036693,R-0081,2026-01-24,82.38,web,pickup,completed
ORD-0036694,R-0081,2026-01-10,68.19,web,pickup,completed
ORD-0036695,R-0081,2026-01-15,39.85,web,delivery,COMPLETED
ORD-0036696,R-0081,2026-01-10,50.71,app,delivery,COMPLETED
ORD-0036697,R-0081,2026-01-24,53.05,web,pickup,Completed
ORD-0036698,R-0081,2026-01-20,56.66,app,delivery,completed
ORD-0036699,R-0081,2026-01-24,55.74,app,delivery,completed
ORD-0036700,R-0081,2026-01-25,48.15,web,delivery,completed
ORD-0036701,R-0081,2026-01-24,77.12,app,delivery,completed
ORD-0036702,R-0081,2026-01-21,40.33,web,delivery,completed
ORD-0036703,R-0081,2026-01-18,60.88,app,pickup,completed
ORD-0036704,R-0081,2026-01-16,65.88,app,delivery,completed
ORD-0036705,R-0081,2026-01-03,29.13,web,pickup,completed
ORD-0036706,R-0081,2026-01-02,51.29,app,pickup,completed
ORD-0036707,R-0081,2026-01-30,30.36,app,delivery,completed
ORD-0036708,R-0081,2026-01-22,55.51,app,delivery,completed
ORD-0036709,R-0081,2026-01-24,57.18,app,delivery,completed
ORD-0036710,R-0081,2026-01-31,42.97,web,delivery,completed
ORD-0036711,R-0081,2026-01-27,60.33,web,delivery,completed
ORD-0036712,R-0081,2026-01-24,44.08,app,delivery,completed
ORD-0036713,R-0081,2026-01-10,68.98,web,delivery,completed
ORD-0036714,R-0081,2026-01-02,70.85,web,delivery,completed
ORD-0036715,R-0081,2026-01-16,39.18,web,delivery,completed
ORD-0036716,R-0081,2026-01-23,36.13,web,delivery,completed
ORD-0036717,R-0081,2026-01-15,28.17,app,delivery,completed
ORD-0036718,R-0081,2026-01-29,36.03,app,delivery,completed
ORD-0036719,R-0081,2026-01-20,56.90,web,delivery,completed
ORD-0036720,R-0081,2026-01-18,48.97,app,delivery,completed
ORD-0036721,R-0081,2026-01-20,54.42,web,delivery,completed
ORD-0036722,R-0081,2026-01-10,74.66,app,pickup,completed
ORD-0036723,R-0081,2026-01-12,57.67,web,delivery,completed
ORD-0036724,R-0081,2026-01-23,44.78,app,delivery,completed
ORD-0036725,R-0081,2026-01-18,50.58,web,delivery,completed
ORD-0036726,R-0081,2026-01-07,49.32,web,pickup,completed
ORD-0036727,R-0081,2026-01-05,26.51,app,delivery,completed
ORD-0036728,R-0081,2026-01-08,63.72,app,delivery,Completed
ORD-0036729,R-0081,2026-01-20,32.89,app,pickup,completed
ORD-0036730,R-0081,2026-01-12,63.84,web,delivery,completed
ORD-0036731,R-0081,2026-01-03,65.02,web,pickup,completed
ORD-0037349,R-0083,2026-01-03,13.37,web,pickup,completed
ORD-0037350,R-0083,2026-01-09,24.04,app,delivery,completed
ORD-0037351,R-0083,2026-01-18,22.31,app,delivery,Completed
ORD-0037352,R-0083,2026-01-26,12.94,web,delivery,Completed
ORD-0037353,R-0083,2026-01-18,20.75,web,delivery,completed
ORD-0037354,R-0083,2026-01-26,16.80,app,pickup,completed
ORD-0037355,R-0083,2026-01-05,17.86,web,pickup,completed
ORD-0037356,R-0083,2026-01-06,32.36,web,pickup,completed
ORD-0037357,R-0083,2026-01-22,22.76,web,pickup,completed
ORD-0037358,R-0083,2026-01-03,18.77,app,pickup,completed
ORD-0037359,R-0083,2026-01-04,36.69,web,pickup,Completed
ORD-0037360,R-0083,2026-01-03,55.10,web,pickup,completed
ORD-0037361,R-0083,2026-01-04,34.04,app,pickup,completed
ORD-0037362,R-0083,2026-01-15,36.26,app,pickup,completed
ORD-0037363,R-0083,2026-01-09,20.29,web,delivery,completed
ORD-0037364,R-0083,2026-01-10,41.33,app,delivery,completed
ORD-0037365,R-0083,2026-01-24,32.94,app,pickup,completed
ORD-0037366,R-0083,2026-01-09,33.43,app,pickup,completed
ORD-0037367,R-0083,2026-01-31,34.90,app,pickup,completed
ORD-0037368,R-0083,2026-01-03,30.89,web,delivery,Completed
ORD-0037369,R-0083,2026-01-14,18.69,web,delivery,completed
ORD-0037370,R-0083,2026-01-24,40.69,app,pickup,completed
ORD-0037371,R-0083,2026-01-24,15.82,app,pickup,completed
ORD-0037372,R-0083,2026-01-11,45.96,web,pickup,completed
ORD-0037373,R-0083,2026-01-12,40.48,web,pickup,completed
ORD-0037374,R-0083,2026-01-12,14.49,app,pickup,completed
ORD-0037375,R-0083,2026-01-24,18.01,web,pickup,completed
ORD-0037376,R-0083,2026-01-10,29.71,web,pickup,completed
ORD-0037377,R-0083,2026-01-04,19.00,app,delivery,completed
ORD-0037378,R-0083,2026-01-02,37.13,app,delivery,completed
ORD-0037379,R-0083,2026-01-24,75.48,app,pickup,completed
ORD-0037380,R-0083,2026-01-11,17.21,web,delivery,completed
ORD-0037381,R-0083,2026-01-01,14.17,web,delivery,COMPLETED
ORD-0037382,R-0083,2026-01-20,35.02,app,pickup,completed
ORD-0038907,R-0087,2026-01-24,24.63,web,pickup,completed
ORD-0038908,R-0087,2026-01-24,31.41,app,pickup,completed
ORD-0038909,R-0087,2026-01-25,31.89,app,pickup,completed
ORD-0038910,R-0087,2026-01-14,21.67,web,pickup,completed
ORD-0038911,R-0087,2026-01-25,24.53,web,delivery,completed
ORD-0038912,R-0087,2026-01-09,34.37,web,delivery,completed
ORD-0038913,R-0087,2026-01-28,26.49,app,delivery,completed
ORD-0038914,R-0087,2026-01-11,40.15,app,delivery,completed
ORD-0038915,R-0087,2026-01-11,31.45,web,pickup,completed
ORD-0038916,R-0087,2026-01-08,22.90,app,pickup,completed
ORD-0038917,R-0087,2026-01-02,13.97,web,delivery,completed
ORD-0038918,R-0087,2026-01-21,40.06,app,delivery,completed
ORD-0038919,R-0087,2026-01-08,27.68,web,pickup,completed
ORD-0038920,R-0087,2026-01-30,51.79,web,delivery,completed
ORD-0038921,R-0087,2026-01-20,20.79,app,delivery,completed
ORD-0038922,R-0087,2026-01-15,20.08,web,pickup,completed
ORD-0038923,R-0087,2026-01-28,35.99,web,pickup,completed
ORD-0038924,R-0087,2026-01-10,34.07,app,delivery,completed
ORD-0038925,R-0087,2026-01-04,26.96,app,delivery,completed
ORD-0038926,R-0087,2026-01-10,33.30,app,delivery,completed
ORD-0038927,R-0087,2026-01-25,31.05,app,pickup,completed
ORD-0038928,R-0087,2026-01-17,37.03,app,delivery,completed
ORD-0038929,R-0087,2026-01-16,45.90,web,delivery,Completed
ORD-0038930,R-0087,2026-01-02,26.47,web,pickup,completed
ORD-0038931,R-0087,2026-01-10,32.56,app,pickup,completed
ORD-0038932,R-0087,2026-01-06,64.21,web,delivery,completed
ORD-0038933,R-0087,2026-01-01,42.67,web,delivery,completed
ORD-0038934,R-0087,2026-01-04,38.97,app,delivery,completed
ORD-0038935,R-0087,2026-01-01,31.46,web,pickup,completed
ORD-0038936,R-0087,2026-01-30,64.21,app,delivery,completed
ORD-0038937,R-0087,2026-01-15,24.34,app,delivery,completed
ORD-0038938,R-0087,2026-01-25,34.41,app,pickup,completed
ORD-0038939,R-0087,2026-01-13,36.41,web,pickup,completed
ORD-0038940,R-0087,2026-01-01,18.62,app,delivery,completed
ORD-0038941,R-0087,2026-01-10,27.46,app,pickup,completed
ORD-0038942,R-0087,2026-01-30,95.72,web,delivery,completed
ORD-0038943,R-0087,2026-01-20,32.22,app,pickup,completed
ORD-0038944,R-0087,2026-01-29,33.35,web,pickup,completed
ORD-0038945,R-0087,2026-01-07,30.84,app,delivery,completed
ORD-0038946,R-0087,2026-01-14,16.10,app,delivery,completed
ORD-0038947,R-0087,2026-01-29,26.72,app,delivery,completed
ORD-0038948,R-0087,2026-01-09,36.26,app,delivery,completed
ORD-0038949,R-0087,2026-01-16,27.01,web,pickup,completed
ORD-0038950,R-0087,2026-01-26,35.80,web,delivery,COMPLETED
ORD-0038951,R-0087,2026-01-21,19.14,app,pickup,COMPLETED
ORD-0038952,R-0087,2026-01-19,36.92,web,pickup,completed
ORD-0038953,R-0087,2026-01-01,47.65,web,delivery,completed
ORD-0038954,R-0087,2026-01-09,31.90,web,delivery,completed
ORD-0038955,R-0087,2026-01-17,23.28,web,pickup,cancelled
ORD-0038956,R-0087,2026-01-09,29.97,app,pickup,completed
ORD-0038957,R-0087,2026-01-30,24.42,app,delivery,completed
ORD-0038958,R-0087,2026-01-01,17.04,app,delivery,completed
ORD-0038959,R-0087,2026-01-03,59.77,web,delivery,completed
ORD-0038960,R-0087,2026-01-05,19.86,web,pickup,completed
ORD-0038961,R-0087,2026-01-16,61.94,web,delivery,completed
ORD-0038962,R-0087,2026-01-31,44.94,web,pickup,completed
ORD-0038963,R-0087,2026-01-26,53.48,app,pickup,completed
ORD-0038964,R-0087,2026-01-23,29.55,app,pickup,completed
ORD-0038965,R-0087,2026-01-14,22.70,app,pickup,completed
ORD-0038966,R-0087,2026-01-20,23.41,app,pickup,completed
ORD-0038967,R-0087,2026-01-05,34.46,web,delivery,completed
ORD-0038968,R-0087,2026-01-14,26.68,web,pickup,completed
ORD-0038969,R-0087,2026-01-24,26.50,web,pickup,completed
ORD-0038970,R-0087,2026-01-09,52.03,app,pickup,completed
ORD-0038971,R-0087,2026-01-17,36.27,web,delivery,completed
ORD-0038972,R-0087,2026-01-20,68.45,web,pickup,completed
ORD-0038973,R-0087,2026-01-03,25.72,web,delivery,completed
ORD-0038974,R-0087,2026-01-15,22.69,web,pickup,completed
ORD-0038975,R-0087,2026-01-23,21.37,web,delivery,completed
ORD-0038976,R-0087,2026-01-16,33.56,web,delivery,completed
ORD-0038977,R-0087,2026-01-23,49.42,app,delivery,completed
ORD-0038978,R-0087,2026-01-19,43.98,app,delivery,Completed
ORD-0038979,R-0087,2026-01-18,62.85,web,delivery,Completed
ORD-0038980,R-0087,2026-01-20,47.05,app,pickup,completed
ORD-0038981,R-0087,2026-01-23,30.04,app,pickup,completed
ORD-0038982,R-0087,2026-01-23,38.69,app,pickup,completed
ORD-0038983,R-0087,2026-01-23,52.22,app,delivery,completed
ORD-0038984,R-0087,2026-01-09,26.13,web,delivery,completed
ORD-0038985,R-0087,2026-01-01,21.65,app,pickup,refunded
ORD-0038986,R-0087,2026-01-11,37.27,web,pickup,completed
ORD-0038987,R-0087,2026-01-05,29.46,app,pickup,completed
ORD-0038988,R-0087,2026-01-19,38.25,web,pickup,completed
ORD-0038989,R-0087,2026-01-03,24.12,web,delivery,completed
ORD-0038990,R-0087,2026-01-20,32.65,web,delivery,completed
ORD-0038991,R-0087,2026-01-03,28.92,app,delivery,completed
ORD-0038992,R-0087,2026-01-17,29.47,web,delivery,completed
ORD-0038993,R-0087,2026-01-03,33.88,web,delivery,completed
ORD-0038994,R-0087,2026-01-17,16.63,web,pickup,CANCELLED
ORD-0038995,R-0087,2026-01-31,27.54,web,delivery,COMPLETED
ORD-0038996,R-0087,2026-01-27,26.13,web,pickup,completed
ORD-0038997,R-0087,2026-01-08,33.28,web,delivery,completed
ORD-0038998,R-0087,2026-01-19,21.89,web,delivery,completed
ORD-0039768,R-0089,2026-01-21,19.35,app,pickup,COMPLETED
ORD-0039769,R-0089,2026-01-05,11.83,app,pickup,completed
ORD-0039770,R-0089,2026-01-05,22.62,web,pickup,completed
ORD-0039771,R-0089,2026-01-08,29.10,app,delivery,completed
ORD-0039772,R-0089,2026-01-09,26.71,web,delivery,Completed
ORD-0039773,R-0089,2026-01-10,19.58,web,delivery,completed
ORD-0039774,R-0089,2026-01-30,21.88,web,pickup,completed
ORD-0039775,R-0089,2026-01-28,26.81,app,pickup,completed
ORD-0039776,R-0089,2026-01-05,50.25,app,delivery,completed
ORD-0039777,R-0089,2026-01-03,17.96,web,delivery,completed
ORD-0039778,R-0089,2026-01-11,23.03,app,delivery,completed
ORD-0039779,R-0089,2026-01-15,50.34,web,delivery,completed
ORD-0039780,R-0089,2026-01-10,32.83,web,pickup,completed
ORD-0039781,R-0089,2026-01-16,26.91,app,delivery,completed
ORD-0039782,R-0089,2026-01-24,48.78,app,pickup,completed
ORD-0039783,R-0089,2026-01-30,33.82,app,delivery,completed
ORD-0039784,R-0089,2026-01-04,24.90,web,delivery,completed
ORD-0039785,R-0089,2026-01-05,61.06,app,delivery,completed
ORD-0039786,R-0089,2026-01-25,43.01,web,pickup,completed
ORD-0039787,R-0089,2026-01-09,23.39,web,delivery,completed
ORD-0039788,R-0089,2026-01-25,32.04,app,pickup,completed
ORD-0039789,R-0089,2026-01-25,45.59,web,pickup,completed
ORD-0039790,R-0089,2026-01-17,27.16,web,pickup,completed
ORD-0039791,R-0089,2026-01-23,13.26,web,delivery,completed
ORD-0039792,R-0089,2026-01-30,35.89,web,pickup,completed
ORD-0039793,R-0089,2026-01-30,56.98,web,pickup,completed
ORD-0039794,R-0089,2026-01-07,29.60,web,pickup,completed
ORD-0039795,R-0089,2026-01-12,32.45,web,pickup,completed
ORD-0039796,R-0089,2026-01-02,23.16,web,delivery,completed
ORD-0039797,R-0089,2026-01-03,31.47,app,pickup,completed
ORD-0039798,R-0089,2026-01-28,13.51,web,pickup,completed
ORD-0040209,R-0090,2026-01-18,13.15,app,delivery,Completed
ORD-0040210,R-0090,2026-01-12,15.09,app,delivery,completed
ORD-0040211,R-0090,2026-01-31,21.18,web,delivery,completed
ORD-0040212,R-0090,2026-01-30,14.43,app,delivery,completed
ORD-0040213,R-0090,2026-01-15,12.03,app,pickup,completed
ORD-0040214,R-0090,2026-01-14,20.26,web,delivery,completed
ORD-0040215,R-0090,2026-01-29,16.05,app,delivery,completed
ORD-0040216,R-0090,2026-01-07,23.75,app,delivery,COMPLETED
ORD-0040217,R-0090,2026-01-03,22.20,web,delivery,completed
ORD-0040218,R-0090,2026-01-03,18.63,app,pickup,completed
ORD-0040219,R-0090,2026-01-16,20.18,web,pickup,completed
ORD-0040220,R-0090,2026-01-09,19.66,web,pickup,completed
ORD-0040221,R-0090,2026-01-26,21.88,app,pickup,completed
ORD-0040222,R-0090,2026-01-21,13.22,app,pickup,completed
ORD-0040836,R-0091,2026-01-11,129.82,web,delivery,completed
ORD-0040837,R-0091,2026-01-20,139.84,web,delivery,completed
ORD-0040838,R-0091,2026-01-09,93.71,app,delivery,completed
ORD-0040839,R-0091,2026-01-16,72.06,web,pickup,completed
ORD-0040840,R-0091,2026-01-26,47.11,app,pickup,completed
ORD-0040841,R-0091,2026-01-23,67.81,app,delivery,completed
ORD-0040842,R-0091,2026-01-02,104.58,web,delivery,completed
ORD-0040843,R-0091,2026-01-30,37.17,web,delivery,completed
ORD-0040844,R-0091,2026-01-23,38.85,app,delivery,completed
ORD-0040845,R-0091,2026-01-16,77.52,web,delivery,completed
ORD-0040846,R-0091,2026-01-30,82.52,app,delivery,completed
ORD-0040847,R-0091,2026-01-19,81.00,app,delivery,completed
ORD-0040848,R-0091,2026-01-30,34.58,web,pickup,cancelled
ORD-0040849,R-0091,2026-01-28,53.22,app,pickup,completed
ORD-0040850,R-0091,2026-01-21,62.34,app,delivery,completed
ORD-0040851,R-0091,2026-01-26,51.22,web,delivery,completed
ORD-0040852,R-0091,2026-01-16,51.59,web,pickup,completed
ORD-0040853,R-0091,2026-01-18,50.37,web,delivery,completed
ORD-0040854,R-0091,2026-01-13,81.92,app,delivery,completed
ORD-0040855,R-0091,2026-01-10,32.42,web,delivery,completed
ORD-0040856,R-0091,2026-01-24,99.39,web,pickup,completed
ORD-0040857,R-0091,2026-01-20,48.29,web,delivery,completed
ORD-0040858,R-0091,2026-01-16,58.58,app,delivery,COMPLETED
ORD-0040859,R-0091,2026-01-06,58.70,app,pickup,completed
ORD-0040860,R-0091,2026-01-05,89.80,app,delivery,completed
ORD-0040861,R-0091,2026-01-24,135.42,web,pickup,Completed
ORD-0040862,R-0091,2026-01-24,114.64,web,pickup,completed
ORD-0040863,R-0091,2026-01-28,44.42,app,delivery,completed
ORD-0040864,R-0091,2026-01-21,38.87,app,pickup,cancelled
ORD-0040865,R-0091,2026-01-02,40.86,app,delivery,refunded
ORD-0040866,R-0091,2026-01-10,29.37,app,delivery,completed
ORD-0040867,R-0091,2026-01-10,68.95,web,delivery,completed
ORD-0040868,R-0091,2026-01-13,85.96,web,delivery,completed
ORD-0040869,R-0091,2026-01-11,111.16,web,pickup,completed
ORD-0040870,R-0091,2026-01-10,102.85,web,delivery,Completed
ORD-0040871,R-0091,2026-01-27,52.01,app,pickup,completed
ORD-0040872,R-0091,2026-01-16,54.95,app,delivery,completed
ORD-0040873,R-0091,2026-01-22,32.76,web,delivery,completed
ORD-0040874,R-0091,2026-01-14,48.05,app,delivery,completed
ORD-0040875,R-0091,2026-01-02,55.99,app,delivery,completed
ORD-0040876,R-0091,2026-01-30,59.01,app,delivery,completed
ORD-0040877,R-0091,2026-01-30,71.76,app,delivery,completed
ORD-0040878,R-0091,2026-01-05,143.86,web,delivery,completed
ORD-0040879,R-0091,2026-01-16,54.47,app,pickup,completed
ORD-0040880,R-0091,2026-01-03,88.96,web,pickup,completed
ORD-0040881,R-0091,2026-01-16,45.30,web,delivery,completed
ORD-0040882,R-0091,2026-01-21,49.39,app,pickup,completed
ORD-0041282,R-0098,2026-01-28,29.53,web,delivery,completed
ORD-0041283,R-0098,2026-01-22,19.94,app,delivery,completed
ORD-0041284,R-0098,2026-01-25,21.43,web,delivery,completed
ORD-0041285,R-0098,2026-01-26,10.33,app,delivery,completed
ORD-0041286,R-0098,2026-01-25,19.22,app,pickup,completed
ORD-0041287,R-0098,2026-01-19,27.87,web,delivery,completed
ORD-0041288,R-0098,2026-01-24,23.62,web,pickup,completed
ORD-0041714,R-0099,2026-01-04,54.71,web,pickup,Completed
ORD-0041715,R-0099,2026-01-10,51.17,web,pickup,COMPLETED
ORD-0041716,R-0099,2026-01-26,22.68,app,pickup,completed
ORD-0041717,R-0099,2026-01-13,170.81,app,delivery,refunded
ORD-0041718,R-0099,2026-01-11,35.92,web,pickup,completed
ORD-0041719,R-0099,2026-01-11,37.92,web,pickup,completed
ORD-0041720,R-0099,2026-01-30,44.77,app,pickup,completed
ORD-0041721,R-0099,2026-01-03,92.74,web,delivery,completed
ORD-0041722,R-0099,2026-01-09,48.48,web,delivery,Completed
ORD-0041723,R-0099,2026-01-20,19.69,web,pickup,completed
ORD-0041724,R-0099,2026-01-18,35.47,app,pickup,completed
ORD-0041725,R-0099,2026-01-13,89.59,app,delivery,completed
ORD-0041726,R-0099,2026-01-21,46.43,app,pickup,completed
ORD-0041727,R-0099,2026-01-31,41.39,web,pickup,completed
ORD-0041728,R-0099,2026-01-27,72.89,web,pickup,completed
ORD-0041729,R-0099,2026-01-10,82.73,web,pickup,completed
ORD-0041730,R-0099,2026-01-22,55.80,web,pickup,completed
ORD-0041731,R-0099,2026-01-30,62.31,web,pickup,completed
ORD-0041732,R-0099,2026-01-10,134.66,app,pickup,completed
ORD-0041733,R-0099,2026-01-03,40.70,app,pickup,COMPLETED
ORD-0041734,R-0099,2026-01-17,25.53,app,delivery,completed
ORD-0041735,R-0099,2026-01-07,37.13,web,pickup,completed
ORD-0041736,R-0099,2026-01-10,44.99,app,pickup,completed
ORD-0041737,R-0099,2026-01-10,71.62,web,delivery,completed
ORD-0041738,R-0099,2026-01-09,42.20,app,pickup,completed
ORD-0041739,R-0099,2026-01-06,22.19,app,pickup,completed
ORD-0041740,R-0099,2026-01-23,57.90,web,pickup,completed
ORD-0041741,R-0099,2026-01-17,40.67,web,delivery,completed
ORD-0041742,R-0099,2026-01-22,38.81,web,pickup,completed
ORD-0041743,R-0099,2026-01-06,31.25,app,pickup,completed
ORD-0041744,R-0099,2026-01-08,32.74,web,delivery,completed
ORD-0041745,R-0099,2026-01-22,42.60,web,delivery,completed
ORD-0041746,R-0099,2026-01-02,35.14,app,pickup,completed
ORD-0041747,R-0099,2026-01-23,85.53,app,pickup,completed
ORD-0041748,R-0099,2026-01-25,32.27,web,pickup,completed
ORD-0041749,R-0099,2026-01-24,56.33,app,pickup,completed
ORD-0041750,R-0099,2026-01-03,55.56,app,delivery,completed
ORD-0041751,R-0099,2026-01-03,59.08,web,pickup,completed
ORD-0041752,R-0099,2026-01-21,66.25,app,pickup,completed
ORD-0041753,R-0099,2026-01-23,72.29,app,pickup,completed
ORD-0042324,R-0100,2026-01-30,15.41,app,delivery,completed
ORD-0042325,R-0100,2026-01-23,20.62,app,delivery,completed
ORD-0042326,R-0100,2026-01-20,27.83,web,delivery,completed
ORD-0042327,R-0100,2026-01-23,25.95,web,delivery,completed
ORD-0042328,R-0100,2026-01-17,31.08,web,pickup,completed
ORD-0042329,R-0100,2026-01-22,24.39,web,delivery,Completed
ORD-0042330,R-0100,2026-01-28,17.33,web,delivery,completed
ORD-0042331,R-0100,2026-01-25,16.52,web,delivery,completed
ORD-0042332,R-0100,2026-01-21,10.62,web,delivery,completed
ORD-0042333,R-0100,2026-01-14,18.00,app,delivery,completed
ORD-0042334,R-0100,2026-01-02,29.49,web,delivery,completed
ORD-0042335,R-0100,2026-01-25,14.13,web,pickup,completed
ORD-0042336,R-0100,2026-01-31,32.04,web,delivery,completed
ORD-0042337,R-0100,2026-01-25,30.25,web,pickup,completed
ORD-0042338,R-0100,2026-01-12,33.73,web,delivery,completed
ORD-0042339,R-0100,2026-01-24,38.84,web,delivery,completed
ORD-0042340,R-0100,2026-01-10,41.50,web,delivery,completed
ORD-0042341,R-0100,2026-01-24,29.25,web,delivery,completed
ORD-0042342,R-0100,2026-01-05,28.13,web,delivery,completed
ORD-0042343,R-0100,2026-01-10,17.59,app,delivery,completed
ORD-0042344,R-0100,2026-01-16,33.27,app,pickup,completed
ORD-0042345,R-0100,2026-01-25,21.75,app,delivery,completed
ORD-0042346,R-0100,2026-01-11,16.76,app,pickup,COMPLETED
ORD-0042347,R-0100,2026-01-10,29.53,app,delivery,completed
ORD-0042714,R-0101,2026-01-21,24.64,web,pickup,completed
ORD-0042715,R-0101,2026-01-15,8.97,web,pickup,completed
ORD-0042716,R-0101,2026-01-17,13.70,app,delivery,Completed
ORD-0042717,R-0101,2026-01-30,17.47,web,pickup,completed
ORD-0042718,R-0101,2026-01-01,16.68,web,pickup,completed
ORD-0042719,R-0101,2026-01-17,23.66,web,pickup,completed
ORD-0042720,R-0101,2026-01-24,32.46,web,delivery,completed
ORD-0042721,R-0101,2026-01-26,12.91,app,pickup,completed
ORD-0042722,R-0101,2026-01-11,65.01,web,pickup,completed
ORD-0042723,R-0101,2026-01-10,24.59,app,pickup,completed
ORD-0042724,R-0101,2026-01-10,12.42,app,delivery,completed
ORD-0042725,R-0101,2026-01-10,20.51,app,pickup,completed
ORD-0042726,R-0101,2026-01-13,15.68,app,pickup,completed
ORD-0042727,R-0101,2026-01-01,9.12,web,pickup,COMPLETED
ORD-0042728,R-0101,2026-01-13,17.51,web,pickup,completed
ORD-0042729,R-0101,2026-01-13,25.15,web,pickup,completed
ORD-0042730,R-0101,2026-01-10,19.82,web,pickup,COMPLETED
ORD-0042731,R-0101,2026-01-28,26.22,app,delivery,completed
ORD-0042732,R-0101,2026-01-12,12.90,web,delivery,completed
ORD-0042733,R-0101,2026-01-11,34.54,web,pickup,completed
ORD-0042734,R-0101,2026-01-20,27.55,app,pickup,completed
ORD-0042735,R-0101,2026-01-06,27.65,app,delivery,completed
ORD-0042736,R-0101,2026-01-09,9.30,app,pickup,completed
ORD-0042737,R-0101,2026-01-29,21.75,web,pickup,completed
ORD-0042738,R-0101,2026-01-17,25.47,web,pickup,completed
ORD-0042739,R-0101,2026-01-08,32.06,web,delivery,completed
ORD-0042740,R-0101,2026-01-15,11.84,app,delivery,completed
ORD-0042741,R-0101,2026-01-03,21.53,web,pickup,completed
ORD-0042742,R-0101,2026-01-28,34.32,web,delivery,completed
ORD-0042743,R-0101,2026-01-31,14.66,app,pickup,completed
ORD-0042744,R-0101,2026-01-22,37.72,app,pickup,cancelled
ORD-0042745,R-0101,2026-01-29,9.69,app,delivery,completed
ORD-0042746,R-0101,2026-01-02,24.35,web,pickup,completed
ORD-0042747,R-0101,2026-01-04,21.78,app,delivery,Completed
ORD-0042748,R-0101,2026-01-21,20.63,app,delivery,completed
ORD-0042749,R-0101,2026-01-16,37.68,web,pickup,completed
ORD-0042750,R-0101,2026-01-10,18.77,app,pickup,completed
ORD-0042751,R-0101,2026-01-05,23.92,web,delivery,completed
ORD-0042752,R-0101,2026-01-02,24.73,app,pickup,completed
ORD-0042753,R-0101,2026-01-15,29.09,web,pickup,Completed
ORD-0042754,R-0101,2026-01-29,15.38,web,pickup,completed
ORD-0042755,R-0101,2026-01-28,24.92,web,pickup,completed
ORD-0042756,R-0101,2026-01-05,17.58,web,pickup,completed
ORD-0042757,R-0101,2026-01-25,32.37,web,pickup,cancelled
ORD-0042758,R-0101,2026-01-25,18.16,web,pickup,completed
ORD-0042759,R-0101,2026-01-19,28.47,app,delivery,COMPLETED
ORD-0042760,R-0101,2026-01-22,15.90,web,pickup,completed
ORD-0042761,R-0101,2026-01-08,15.77,app,pickup,completed
ORD-0042762,R-0101,2026-01-08,14.60,web,pickup,completed
ORD-0042763,R-0101,2026-01-18,18.09,web,delivery,completed
ORD-0042764,R-0101,2026-01-14,17.46,web,pickup,completed
ORD-0042765,R-0101,2026-01-17,11.87,app,pickup,completed
ORD-0042766,R-0101,2026-01-17,24.36,web,pickup,completed
ORD-0042767,R-0101,2026-01-17,25.70,app,pickup,completed
ORD-0043250,R-0102,2026-01-29,76.11,app,delivery,completed
ORD-0043251,R-0102,2026-01-12,65.71,app,delivery,completed
ORD-0043252,R-0102,2026-01-28,27.16,app,pickup,cancelled
ORD-0043253,R-0102,2026-01-12,26.13,app,delivery,completed
ORD-0043254,R-0102,2026-01-01,68.66,app,delivery,completed
ORD-0043255,R-0102,2026-01-13,28.69,app,delivery,completed
ORD-0043256,R-0102,2026-01-17,57.26,app,delivery,completed
ORD-0043257,R-0102,2026-01-09,73.33,app,delivery,completed
ORD-0043258,R-0102,2026-01-20,30.14,app,delivery,completed
ORD-0043259,R-0102,2026-01-25,55.32,app,delivery,completed
ORD-0043260,R-0102,2026-01-08,34.32,app,delivery,COMPLETED
ORD-0043261,R-0102,2026-01-03,74.35,app,delivery,completed
ORD-0043262,R-0102,2026-01-16,19.60,app,delivery,completed
ORD-0043263,R-0102,2026-01-19,34.77,app,delivery,completed
ORD-0043264,R-0102,2026-01-17,38.83,app,delivery,completed
ORD-0043265,R-0102,2026-01-26,45.71,web,pickup,completed
ORD-0043266,R-0102,2026-01-02,45.37,web,delivery,completed
ORD-0043267,R-0102,2026-01-30,60.56,web,delivery,COMPLETED
ORD-0043268,R-0102,2026-01-11,31.51,app,delivery,completed
ORD-0043269,R-0102,2026-01-05,44.52,web,delivery,completed
ORD-0043270,R-0102,2026-01-14,56.16,web,delivery,COMPLETED
ORD-0043542,R-0103,2026-01-23,19.37,app,delivery,completed
ORD-0043543,R-0103,2026-01-20,16.83,web,delivery,completed
ORD-0043544,R-0103,2026-01-09,24.00,web,delivery,completed
ORD-0043545,R-0103,2026-01-24,56.04,app,pickup,completed
ORD-0043546,R-0103,2026-01-18,60.00,web,delivery,completed
ORD-0043547,R-0103,2026-01-24,23.29,web,delivery,completed
ORD-0043548,R-0103,2026-01-31,29.80,web,delivery,completed
ORD-0043549,R-0103,2026-01-18,29.01,web,pickup,Completed
ORD-0043550,R-0103,2026-01-28,26.76,web,pickup,completed
ORD-0043551,R-0103,2026-01-08,25.66,app,delivery,completed
ORD-0043552,R-0103,2026-01-03,48.89,web,delivery,refunded
ORD-0043553,R-0103,2026-01-21,22.55,app,pickup,completed
ORD-0043554,R-0103,2026-01-07,24.80,web,delivery,completed
ORD-0043555,R-0103,2026-01-23,30.74,web,pickup,completed
ORD-0043556,R-0103,2026-01-22,31.81,web,delivery,completed
ORD-0043557,R-0103,2026-01-19,21.31,web,delivery,completed
ORD-0043558,R-0103,2026-01-17,23.99,web,pickup,completed
ORD-0043559,R-0103,2026-01-19,29.82,web,delivery,completed
ORD-0043560,R-0103,2026-01-14,30.57,web,delivery,completed
ORD-0043561,R-0103,2026-01-20,40.30,web,delivery,completed
ORD-0043562,R-0103,2026-01-01,31.35,app,delivery,completed
ORD-0043563,R-0103,2026-01-31,63.21,web,delivery,completed
ORD-0043564,R-0103,2026-01-17,25.36,app,delivery,COMPLETED
ORD-0043565,R-0103,2026-01-09,38.21,app,delivery,cancelled
ORD-0043566,R-0103,2026-01-03,33.87,web,delivery,completed
ORD-0043567,R-0103,2026-01-26,17.93,app,delivery,completed
ORD-0043568,R-0103,2026-01-12,28.52,web,pickup,completed
ORD-0043569,R-0103,2026-01-03,33.10,app,delivery,completed
ORD-0043570,R-0103,2026-01-27,15.67,web,delivery,completed
ORD-0043571,R-0103,2026-01-21,36.98,app,pickup,completed
ORD-0043572,R-0103,2026-01-19,39.15,web,delivery,Completed
ORD-0043573,R-0103,2026-01-22,33.19,web,pickup,Completed
ORD-0043574,R-0103,2026-01-20,19.91,app,delivery,cancelled
ORD-0043575,R-0103,2026-01-26,34.88,app,delivery,completed
ORD-0043576,R-0103,2026-01-16,40.15,web,delivery,completed
ORD-0043577,R-0103,2026-01-26,38.22,app,pickup,completed
ORD-0043578,R-0103,2026-01-31,37.87,web,delivery,completed
ORD-0043579,R-0103,2026-01-26,28.33,app,delivery,completed
ORD-0043580,R-0103,2026-01-09,40.08,web,pickup,completed
ORD-0043581,R-0103,2026-01-22,23.83,web,pickup,completed
ORD-0043582,R-0103,2026-01-29,19.95,app,delivery,completed
ORD-0043583,R-0103,2026-01-16,31.69,app,delivery,completed
ORD-0043584,R-0103,2026-01-23,24.44,app,pickup,completed
ORD-0043585,R-0103,2026-01-30,25.94,web,pickup,completed
ORD-0043586,R-0103,2026-01-15,15.21,web,delivery,completed
ORD-0043587,R-0103,2026-01-18,22.37,app,delivery,COMPLETED
ORD-0043588,R-0103,2026-01-15,28.97,app,delivery,completed
ORD-0044496,R-0104,2026-01-29,21.90,web,delivery,completed
ORD-0044497,R-0104,2026-01-26,36.68,app,pickup,completed
ORD-0044498,R-0104,2026-01-06,18.86,web,delivery,completed
ORD-0044499,R-0104,2026-01-27,54.23,app,pickup,Completed
ORD-0044500,R-0104,2026-01-08,28.54,web,delivery,completed
ORD-0044501,R-0104,2026-01-07,23.96,app,delivery,Completed
ORD-0044502,R-0104,2026-01-16,15.60,web,pickup,cancelled
ORD-0044503,R-0104,2026-01-18,23.37,web,delivery,completed
ORD-0044504,R-0104,2026-01-09,24.97,web,pickup,completed
ORD-0044505,R-0104,2026-01-29,28.76,web,pickup,completed
ORD-0044506,R-0104,2026-01-24,21.23,web,delivery,completed
ORD-0044507,R-0104,2026-01-20,37.18,web,delivery,completed
ORD-0044508,R-0104,2026-01-24,39.75,app,delivery,completed
ORD-0044509,R-0104,2026-01-25,33.26,app,pickup,COMPLETED
ORD-0044510,R-0104,2026-01-16,21.10,app,delivery,completed
ORD-0044511,R-0104,2026-01-24,25.17,app,delivery,completed
ORD-0044512,R-0104,2026-01-07,12.44,web,delivery,completed
ORD-0044513,R-0104,2026-01-04,17.46,app,delivery,completed
ORD-0044514,R-0104,2026-01-24,39.88,app,delivery,completed
ORD-0044515,R-0104,2026-01-26,20.46,web,delivery,completed
ORD-0044516,R-0104,2026-01-29,24.32,web,delivery,completed
ORD-0044517,R-0104,2026-01-27,22.36,app,delivery,Completed
ORD-0044518,R-0104,2026-01-05,22.30,app,delivery,completed
ORD-0044519,R-0104,2026-01-31,12.68,web,delivery,completed
ORD-0044520,R-0104,2026-01-28,13.13,web,pickup,completed
ORD-0044521,R-0104,2026-01-02,36.60,web,delivery,completed
ORD-0044522,R-0104,2026-01-23,32.79,web,delivery,cancelled
ORD-0044523,R-0104,2026-01-31,26.45,app,delivery,completed
ORD-0044524,R-0104,2026-01-10,23.45,app,delivery,completed
ORD-0044525,R-0104,2026-01-28,23.49,app,pickup,completed
ORD-0044526,R-0104,2026-01-24,17.84,app,pickup,completed
ORD-0044527,R-0104,2026-01-09,23.53,web,delivery,completed
ORD-0044528,R-0104,2026-01-27,14.95,web,delivery,completed
ORD-0044529,R-0104,2026-01-28,34.65,web,delivery,completed
ORD-0044530,R-0104,2026-01-22,27.12,web,delivery,completed
ORD-0044531,R-0104,2026-01-30,20.82,web,pickup,completed
ORD-0044532,R-0104,2026-01-07,20.67,app,pickup,completed
ORD-0044533,R-0104,2026-01-20,21.67,web,delivery,completed
ORD-0044534,R-0104,2026-01-04,18.58,web,delivery,COMPLETED
ORD-0044535,R-0104,2026-01-22,29.71,app,pickup,completed
ORD-0044536,R-0104,2026-01-21,26.12,app,delivery,completed
ORD-0044537,R-0104,2026-01-03,21.10,app,pickup,completed
ORD-0044538,R-0104,2026-01-01,26.30,web,delivery,cancelled
ORD-0044539,R-0104,2026-01-17,59.05,app,delivery,completed
ORD-0044540,R-0104,2026-01-31,27.04,app,pickup,COMPLETED
ORD-0044541,R-0104,2026-01-04,14.69,app,delivery,completed
ORD-0044542,R-0104,2026-01-01,12.34,web,pickup,completed
ORD-0044543,R-0104,2026-01-25,21.70,app,delivery,completed
ORD-0044544,R-0104,2026-01-31,26.14,app,pickup,completed
ORD-0044545,R-0104,2026-01-31,20.58,app,pickup,completed
ORD-0044546,R-0104,2026-01-25,22.16,app,delivery,completed
ORD-0044547,R-0104,2026-01-25,18.54,app,delivery,completed
ORD-0044548,R-0104,2026-01-14,16.54,web,delivery,completed
ORD-0044549,R-0104,2026-01-09,37.64,web,pickup,cancelled
ORD-0044550,R-0104,2026-01-05,27.08,web,delivery,completed
ORD-0044551,R-0104,2026-01-31,31.01,app,delivery,completed
ORD-0044552,R-0104,2026-01-17,41.03,app,pickup,completed
ORD-0044553,R-0104,2026-01-21,24.36,app,delivery,completed
ORD-0044554,R-0104,2026-01-27,25.69,app,delivery,Completed
ORD-0044555,R-0104,2026-01-05,14.02,web,delivery,completed
ORD-0044556,R-0104,2026-01-14,48.78,app,delivery,completed
ORD-0044557,R-0104,2026-01-02,29.25,web,pickup,completed
ORD-0044558,R-0104,2026-01-01,24.97,app,delivery,completed
ORD-0044559,R-0104,2026-01-03,15.88,web,pickup,COMPLETED
ORD-0044560,R-0104,2026-01-18,20.78,app,pickup,completed
ORD-0044561,R-0104,2026-01-12,20.37,app,pickup,CANCELLED
ORD-0044562,R-0104,2026-01-02,36.05,app,delivery,completed
ORD-0045462,R-0109,2026-01-27,42.23,web,pickup,completed
ORD-0045463,R-0109,2026-01-28,25.27,app,pickup,completed
ORD-0045464,R-0109,2026-01-27,20.04,web,pickup,completed
ORD-0045465,R-0109,2026-01-21,17.30,web,pickup,completed
ORD-0045466,R-0109,2026-01-19,50.44,app,pickup,completed
ORD-0045467,R-0109,2026-01-14,45.85,web,pickup,completed
ORD-0045468,R-0109,2026-01-29,82.95,app,pickup,completed
ORD-0045469,R-0109,2026-01-10,31.20,web,pickup,completed
ORD-0045470,R-0109,2026-01-10,30.51,web,pickup,completed
ORD-0045471,R-0109,2026-01-08,52.56,app,pickup,completed
ORD-0045472,R-0109,2026-01-15,45.99,app,pickup,completed
ORD-0045473,R-0109,2026-01-23,38.08,app,delivery,completed
ORD-0045474,R-0109,2026-01-15,35.38,app,pickup,COMPLETED
ORD-0045475,R-0109,2026-01-20,39.17,web,pickup,completed
ORD-0045476,R-0109,2026-01-27,32.64,app,pickup,completed
ORD-0045477,R-0109,2026-01-02,21.46,app,pickup,cancelled
ORD-0045478,R-0109,2026-01-23,41.57,web,pickup,completed
ORD-0045479,R-0109,2026-01-08,38.22,web,pickup,Completed
ORD-0045480,R-0109,2026-01-10,32.16,web,pickup,completed
ORD-0045481,R-0109,2026-01-10,21.60,app,pickup,completed
ORD-0045482,R-0109,2026-01-10,51.81,app,pickup,COMPLETED
ORD-0045483,R-0109,2026-01-30,72.91,web,delivery,completed
ORD-0045484,R-0109,2026-01-29,33.52,web,delivery,Completed
ORD-0045485,R-0109,2026-01-28,46.92,app,pickup,completed
ORD-0045486,R-0109,2026-01-16,29.31,web,pickup,completed
ORD-0045487,R-0109,2026-01-14,25.71,app,pickup,completed
ORD-0045488,R-0109,2026-01-31,41.31,web,pickup,completed
ORD-0045489,R-0109,2026-01-26,41.50,app,delivery,completed
ORD-0046073,R-0110,2026-01-07,19.85,app,pickup,completed
ORD-0046074,R-0110,2026-01-30,35.90,web,pickup,completed
ORD-0046075,R-0110,2026-01-11,26.22,web,pickup,completed
ORD-0046076,R-0110,2026-01-11,29.94,app,pickup,completed
ORD-0046077,R-0110,2026-01-11,31.74,web,pickup,completed
ORD-0046078,R-0110,2026-01-31,41.00,web,delivery,completed
ORD-0046079,R-0110,2026-01-29,29.57,web,pickup,cancelled
ORD-0046080,R-0110,2026-01-17,76.81,app,delivery,completed
ORD-0046081,R-0110,2026-01-25,30.73,web,delivery,COMPLETED
ORD-0046082,R-0110,2026-01-29,19.32,web,delivery,COMPLETED
ORD-0046083,R-0110,2026-01-30,44.18,app,delivery,completed
ORD-0046084,R-0110,2026-01-14,31.01,app,delivery,completed
ORD-0046085,R-0110,2026-01-09,22.88,web,delivery,COMPLETED
ORD-0046086,R-0110,2026-01-16,36.11,app,delivery,COMPLETED
ORD-0046087,R-0110,2026-01-26,27.47,web,delivery,completed
ORD-0046088,R-0110,2026-01-10,24.31,web,delivery,completed
ORD-0046089,R-0110,2026-01-16,28.93,web,delivery,cancelled
ORD-0046090,R-0110,2026-01-27,34.18,web,delivery,completed
ORD-0046091,R-0110,2026-01-20,21.10,app,delivery,completed
ORD-0046092,R-0110,2026-01-24,43.32,web,delivery,completed
ORD-0046093,R-0110,2026-01-14,35.93,app,delivery,completed
ORD-0046094,R-0110,2026-01-21,15.49,app,delivery,completed
ORD-0046095,R-0110,2026-01-21,33.14,web,pickup,completed
ORD-0046096,R-0110,2026-01-12,27.86,app,delivery,COMPLETED
ORD-0046097,R-0110,2026-01-02,37.00,web,pickup,completed
ORD-0046098,R-0110,2026-01-11,37.76,web,delivery,completed
ORD-0046099,R-0110,2026-01-31,36.01,app,delivery,Completed
ORD-0046100,R-0110,2026-01-09,27.82,web,delivery,completed
ORD-0046101,R-0110,2026-01-22,19.99,app,delivery,completed
ORD-0046102,R-0110,2026-01-22,47.98,web,delivery,completed
ORD-0046103,R-0110,2026-01-15,22.80,app,pickup,CANCELLED
ORD-0046104,R-0110,2026-01-21,35.29,app,pickup,completed
ORD-0046105,R-0110,2026-01-02,33.18,app,pickup,completed
ORD-0046106,R-0110,2026-01-23,26.29,web,delivery,completed
ORD-0046107,R-0110,2026-01-20,39.23,app,delivery,Completed
ORD-0046108,R-0110,2026-01-18,34.05,app,pickup,completed
ORD-0046109,R-0110,2026-01-15,22.79,web,pickup,Completed
ORD-0046110,R-0110,2026-01-31,54.67,web,delivery,completed
ORD-0046111,R-0110,2026-01-03,52.44,web,delivery,refunded
ORD-0046112,R-0110,2026-01-17,43.21,web,pickup,completed
ORD-0046113,R-0110,2026-01-15,43.61,app,pickup,completed
ORD-0046114,R-0110,2026-01-16,50.64,app,pickup,completed
ORD-0046115,R-0110,2026-01-16,17.84,web,pickup,completed
ORD-0046116,R-0110,2026-01-30,40.30,web,pickup,completed
ORD-0046117,R-0110,2026-01-05,53.84,web,pickup,completed
ORD-0046118,R-0110,2026-01-24,49.33,app,pickup,completed
ORD-0046119,R-0110,2026-01-11,33.25,app,pickup,completed
ORD-0046120,R-0110,2026-01-05,37.73,app,delivery,cancelled
ORD-0046121,R-0110,2026-01-02,48.14,app,delivery,completed
ORD-0046122,R-0110,2026-01-02,44.74,web,delivery,completed
ORD-0046123,R-0110,2026-01-30,49.80,web,delivery,COMPLETED
ORD-0046124,R-0110,2026-01-13,17.10,web,pickup,completed
ORD-0046125,R-0110,2026-01-17,41.32,web,pickup,completed
ORD-0046126,R-0110,2026-01-20,43.71,web,delivery,completed
ORD-0046873,R-0111,2026-01-05,20.50,web,pickup,completed
ORD-0046874,R-0111,2026-01-08,44.44,app,pickup,completed
ORD-0046875,R-0111,2026-01-13,26.52,web,delivery,completed
ORD-0046876,R-0111,2026-01-02,28.68,app,pickup,COMPLETED
ORD-0046877,R-0111,2026-01-19,38.32,app,pickup,completed
ORD-0046878,R-0111,2026-01-08,34.25,web,pickup,completed
ORD-0046879,R-0111,2026-01-31,26.10,web,pickup,completed
ORD-0046880,R-0111,2026-01-26,29.47,app,pickup,completed
ORD-0046881,R-0111,2026-01-04,30.47,web,pickup,completed
ORD-0046882,R-0111,2026-01-03,26.88,web,pickup,completed
ORD-0046883,R-0111,2026-01-02,22.50,app,pickup,completed
ORD-0046884,R-0111,2026-01-10,16.50,web,pickup,completed
ORD-0046885,R-0111,2026-01-30,34.07,web,delivery,Completed
ORD-0046886,R-0111,2026-01-16,30.46,web,delivery,completed
ORD-0046887,R-0111,2026-01-12,31.14,web,delivery,completed
ORD-0046888,R-0111,2026-01-31,18.74,web,delivery,completed
ORD-0046889,R-0111,2026-01-04,13.74,web,pickup,completed
ORD-0046890,R-0111,2026-01-31,19.54,web,pickup,COMPLETED
ORD-0046891,R-0111,2026-01-15,26.74,web,delivery,completed
ORD-0046892,R-0111,2026-01-01,13.58,web,delivery,completed
ORD-0046893,R-0111,2026-01-11,25.96,app,delivery,completed
ORD-0046894,R-0111,2026-01-29,23.60,web,delivery,completed
ORD-0046895,R-0111,2026-01-01,43.34,app,delivery,completed
ORD-0046896,R-0111,2026-01-16,16.82,app,delivery,completed
ORD-0046897,R-0111,2026-01-30,23.69,web,pickup,completed
ORD-0046898,R-0111,2026-01-29,25.17,app,pickup,completed
ORD-0046899,R-0111,2026-01-31,42.97,app,pickup,completed
ORD-0046900,R-0111,2026-01-09,25.83,web,delivery,completed
ORD-0046901,R-0111,2026-01-05,31.28,app,pickup,completed
ORD-0046902,R-0111,2026-01-04,24.32,app,pickup,completed
ORD-0046903,R-0111,2026-01-10,24.68,web,delivery,completed
ORD-0046904,R-0111,2026-01-09,19.73,web,pickup,completed
ORD-0047612,R-0114,2026-01-12,16.78,web,pickup,COMPLETED
ORD-0047613,R-0114,2026-01-08,29.69,app,pickup,completed
ORD-0047614,R-0114,2026-01-03,34.03,web,delivery,completed
ORD-0047615,R-0114,2026-01-10,22.09,web,delivery,completed
ORD-0047616,R-0114,2026-01-05,16.29,web,delivery,completed
ORD-0047617,R-0114,2026-01-02,13.04,app,pickup,completed
ORD-0047618,R-0114,2026-01-14,23.25,app,delivery,completed
ORD-0047619,R-0114,2026-01-05,10.86,web,pickup,completed
ORD-0047620,R-0114,2026-01-31,21.92,app,delivery,completed
ORD-0047621,R-0114,2026-01-22,25.49,app,delivery,completed
ORD-0047622,R-0114,2026-01-24,15.22,web,delivery,completed
ORD-0047623,R-0114,2026-01-14,23.56,web,pickup,COMPLETED
ORD-0047624,R-0114,2026-01-18,9.62,app,delivery,completed
ORD-0047625,R-0114,2026-01-22,23.55,web,delivery,Completed
ORD-0047626,R-0114,2026-01-15,24.66,web,pickup,completed
ORD-0047627,R-0114,2026-01-10,29.56,app,pickup,cancelled
ORD-0047628,R-0114,2026-01-08,19.64,app,delivery,completed
ORD-0047629,R-0114,2026-01-07,14.60,web,delivery,completed
ORD-0047630,R-0114,2026-01-22,17.93,web,pickup,refunded
ORD-0047631,R-0114,2026-01-23,27.85,web,delivery,cancelled
ORD-0047632,R-0114,2026-01-03,19.32,web,pickup,completed
ORD-0047633,R-0114,2026-01-25,22.01,app,delivery,completed
ORD-0047634,R-0114,2026-01-21,26.00,web,delivery,completed
ORD-0047635,R-0114,2026-01-09,17.06,web,pickup,completed
ORD-0047636,R-0114,2026-01-29,20.46,app,delivery,completed
ORD-0047637,R-0114,2026-01-24,28.99,web,delivery,completed
ORD-0047638,R-0114,2026-01-06,23.26,web,pickup,completed
ORD-0047639,R-0114,2026-01-30,42.13,web,delivery,completed
ORD-0047640,R-0114,2026-01-09,22.62,web,pickup,completed
ORD-0047641,R-0114,2026-01-29,15.17,web,pickup,completed
ORD-0047642,R-0114,2026-01-23,22.06,web,delivery,completed
ORD-0047643,R-0114,2026-01-05,11.14,web,pickup,completed
ORD-0047644,R-0114,2026-01-28,19.27,app,delivery,completed
ORD-0047645,R-0114,2026-01-04,23.07,web,pickup,completed
ORD-0047646,R-0114,2026-01-09,44.25,web,delivery,completed
ORD-0047647,R-0114,2026-01-13,30.56,web,pickup,completed
ORD-0047648,R-0114,2026-01-05,12.07,web,delivery,completed
ORD-0047649,R-0114,2026-01-08,15.75,web,delivery,completed
ORD-0047650,R-0114,2026-01-15,19.24,app,pickup,Completed
ORD-0047651,R-0114,2026-01-29,10.21,web,pickup,completed
ORD-0047652,R-0114,2026-01-17,38.54,web,delivery,completed
ORD-0047653,R-0114,2026-01-04,27.79,web,pickup,completed
ORD-0047654,R-0114,2026-01-17,38.63,web,pickup,completed
ORD-0047655,R-0114,2026-01-28,16.78,app,pickup,completed
ORD-0047656,R-0114,2026-01-24,16.98,web,delivery,completed
ORD-0047768,R-0115,2026-01-25,38.43,app,delivery,completed
ORD-0047769,R-0115,2026-01-25,45.52,app,delivery,COMPLETED
ORD-0047770,R-0115,2026-01-22,57.61,web,delivery,completed
ORD-0047771,R-0115,2026-01-02,87.07,app,delivery,Completed
ORD-0047772,R-0115,2026-01-23,54.95,app,delivery,completed
ORD-0047773,R-0115,2026-01-31,57.65,web,pickup,completed
ORD-0047774,R-0115,2026-01-23,83.05,web,delivery,completed
ORD-0047775,R-0115,2026-01-15,48.34,web,pickup,completed
ORD-0047776,R-0115,2026-01-02,60.53,web,pickup,completed
ORD-0047777,R-0115,2026-01-15,44.11,app,pickup,completed
ORD-0047778,R-0115,2026-01-18,36.04,app,delivery,Completed
ORD-0047779,R-0115,2026-01-23,97.69,app,pickup,Completed
ORD-0047780,R-0115,2026-01-20,60.99,web,pickup,completed
ORD-0047781,R-0115,2026-01-16,52.04,web,delivery,completed
ORD-0047782,R-0115,2026-01-12,60.29,app,pickup,completed
ORD-0047783,R-0115,2026-01-11,39.59,app,delivery,completed
ORD-0047784,R-0115,2026-01-23,65.99,app,delivery,completed
ORD-0047785,R-0115,2026-01-24,27.06,app,pickup,COMPLETED
ORD-0047786,R-0115,2026-01-31,57.13,app,delivery,completed
ORD-0047787,R-0115,2026-01-12,43.69,web,delivery,completed
ORD-0047788,R-0115,2026-01-30,48.38,app,delivery,completed
ORD-0047789,R-0115,2026-01-15,51.40,app,delivery,completed
ORD-0047790,R-0115,2026-01-05,52.79,app,pickup,completed
ORD-0047791,R-0115,2026-01-31,50.06,app,pickup,completed
ORD-0047792,R-0115,2026-01-05,46.78,app,delivery,completed
ORD-0047793,R-0115,2026-01-22,35.87,app,delivery,completed
ORD-0047794,R-0115,2026-01-10,59.77,app,delivery,completed
ORD-0047795,R-0115,2026-01-29,76.22,app,delivery,completed
ORD-0047796,R-0115,2026-01-21,73.12,web,delivery,refunded
ORD-0047797,R-0115,2026-01-03,57.54,app,delivery,completed
ORD-0047798,R-0115,2026-01-09,85.40,app,delivery,completed
ORD-0047799,R-0115,2026-01-16,57.62,app,delivery,completed
ORD-0047800,R-0115,2026-01-22,68.59,app,delivery,completed
ORD-0047801,R-0115,2026-01-11,50.85,app,delivery,completed
ORD-0047802,R-0115,2026-01-29,80.07,app,delivery,completed
ORD-0047803,R-0115,2026-01-16,55.32,app,pickup,completed
ORD-0047804,R-0115,2026-01-26,71.14,web,pickup,completed
ORD-0047805,R-0115,2026-01-24,49.75,app,delivery,completed
ORD-0047806,R-0115,2026-01-03,54.05,web,delivery,completed
ORD-0047807,R-0115,2026-01-19,39.52,app,delivery,completed
ORD-0047808,R-0115,2026-01-28,63.00,app,pickup,completed
ORD-0047809,R-0115,2026-01-11,51.05,app,pickup,completed
ORD-0047810,R-0115,2026-01-23,80.61,web,pickup,completed
ORD-0047811,R-0115,2026-01-28,80.35,web,delivery,completed
ORD-0048118,R-0117,2026-01-29,15.75,web,pickup,completed
ORD-0048119,R-0117,2026-01-30,38.94,app,pickup,completed
ORD-0048650,R-0118,2026-01-10,32.10,web,pickup,completed
ORD-0048651,R-0118,2026-01-23,28.01,app,delivery,completed
ORD-0048652,R-0118,2026-01-24,40.55,app,pickup,completed
ORD-0048653,R-0118,2026-01-23,27.24,app,pickup,completed
ORD-0048654,R-0118,2026-01-18,38.76,app,pickup,completed
ORD-0048655,R-0118,2026-01-26,28.70,app,pickup,completed
ORD-0048656,R-0118,2026-01-09,52.69,app,pickup,completed
ORD-0048657,R-0118,2026-01-18,43.93,app,delivery,completed
ORD-0048658,R-0118,2026-01-27,18.30,web,pickup,completed
ORD-0048659,R-0118,2026-01-31,28.69,web,delivery,completed
ORD-0048660,R-0118,2026-01-15,39.87,web,pickup,completed
ORD-0048661,R-0118,2026-01-13,24.13,app,pickup,completed
ORD-0048662,R-0118,2026-01-10,32.58,web,pickup,completed
ORD-0048663,R-0118,2026-01-04,44.24,app,pickup,completed
ORD-0048664,R-0118,2026-01-19,30.33,web,pickup,completed
ORD-0048665,R-0118,2026-01-30,42.16,app,pickup,completed
ORD-0048666,R-0118,2026-01-05,43.36,web,pickup,completed
ORD-0048667,R-0118,2026-01-17,40.27,web,pickup,Completed
ORD-0048668,R-0118,2026-01-26,34.31,web,delivery,completed
ORD-0048669,R-0118,2026-01-22,17.33,web,pickup,completed
ORD-0048670,R-0118,2026-01-03,31.18,app,delivery,completed
ORD-0048671,R-0118,2026-01-14,30.74,web,delivery,COMPLETED
ORD-0048672,R-0118,2026-01-25,42.76,web,pickup,completed
ORD-0048673,R-0118,2026-01-04,50.54,app,pickup,cancelled
ORD-0048674,R-0118,2026-01-03,28.16,web,pickup,completed
ORD-0048675,R-0118,2026-01-11,35.01,web,delivery,completed
ORD-0048676,R-0118,2026-01-10,34.46,web,pickup,completed
ORD-0048677,R-0118,2026-01-09,54.92,app,pickup,Completed
ORD-0048678,R-0118,2026-01-25,63.54,app,pickup,completed
ORD-0048679,R-0118,2026-01-17,29.73,web,pickup,completed
ORD-0048680,R-0118,2026-01-23,26.52,app,delivery,completed
ORD-0048681,R-0118,2026-01-13,18.76,web,pickup,completed
ORD-0048682,R-0118,2026-01-23,29.14,web,delivery,completed
ORD-0048683,R-0118,2026-01-02,35.34,app,delivery,completed
ORD-0048684,R-0118,2026-01-24,30.43,web,pickup,completed
ORD-0048685,R-0118,2026-01-04,49.88,app,pickup,completed
ORD-0048686,R-0118,2026-01-25,38.31,app,delivery,completed
ORD-0048687,R-0118,2026-01-30,26.44,web,pickup,completed
ORD-0048688,R-0118,2026-01-04,52.68,web,delivery,completed
ORD-0048689,R-0118,2026-01-03,28.56,web,delivery,completed
ORD-0048690,R-0118,2026-01-19,32.11,app,pickup,completed
ORD-0048691,R-0118,2026-01-29,35.52,app,delivery,completed
ORD-0048692,R-0118,2026-01-26,29.65,app,pickup,COMPLETED
ORD-0048693,R-0118,2026-01-21,36.17,app,delivery,completed
ORD-0048986,R-0120,2026-01-21,37.42,web,delivery,COMPLETED
ORD-0048987,R-0120,2026-01-18,20.34,web,pickup,completed
ORD-0048988,R-0120,2026-01-25,23.07,web,delivery,completed
ORD-0048989,R-0120,2026-01-23,46.33,web,delivery,completed
ORD-0048990,R-0120,2026-01-31,30.02,web,pickup,completed
ORD-0048991,R-0120,2026-01-22,25.78,web,delivery,cancelled
ORD-0048992,R-0120,2026-01-19,20.52,app,pickup,completed
ORD-0048993,R-0120,2026-01-20,26.57,web,pickup,completed
ORD-0048994,R-0120,2026-01-23,21.52,web,pickup,completed
ORD-0048995,R-0120,2026-01-03,26.44,app,delivery,completed
ORD-0048996,R-0120,2026-01-11,53.68,web,delivery,completed
ORD-0048997,R-0120,2026-01-18,26.11,web,pickup,completed
ORD-0048998,R-0120,2026-01-20,31.16,app,pickup,Completed
ORD-0048999,R-0120,2026-01-02,28.63,web,delivery,completed
ORD-0049000,R-0120,2026-01-09,39.50,app,delivery,completed
ORD-0049001,R-0120,2026-01-30,24.32,app,pickup,completed
ORD-0049002,R-0120,2026-01-03,33.00,app,delivery,completed
ORD-0049003,R-0120,2026-01-18,20.34,web,delivery,completed
ORD-0049004,R-0120,2026-01-29,35.54,app,pickup,completed
ORD-0049005,R-0120,2026-01-03,19.73,web,pickup,completed
ORD-0049006,R-0120,2026-01-09,18.13,app,delivery,completed
ORD-0049007,R-0120,2026-01-27,14.59,app,pickup,completed
ORD-0049008,R-0120,2026-01-24,66.40,web,delivery,completed
ORD-0049009,R-0120,2026-01-26,17.73,app,pickup,Completed
ORD-0049010,R-0120,2026-01-11,31.06,web,delivery,completed
ORD-0049011,R-0120,2026-01-28,28.80,app,pickup,completed
ORD-0049012,R-0120,2026-01-06,33.01,app,delivery,completed
ORD-0049013,R-0120,2026-01-15,37.16,web,delivery,completed
ORD-0049014,R-0120,2026-01-25,50.62,web,delivery,completed
ORD-0049015,R-0120,2026-01-02,41.49,web,delivery,completed
ORD-0049016,R-0120,2026-01-20,23.00,web,delivery,completed
ORD-0049017,R-0120,2026-01-16,32.91,app,pickup,COMPLETED
ORD-0049018,R-0120,2026-01-29,27.59,app,delivery,completed
ORD-0049019,R-0120,2026-01-18,27.21,app,delivery,completed
ORD-0049020,R-0120,2026-01-05,24.67,web,delivery,COMPLETED
ORD-0049021,R-0120,2026-01-24,49.42,app,delivery,completed
ORD-0049022,R-0120,2026-01-25,19.94,web,delivery,completed
ORD-0049023,R-0120,2026-01-27,19.65,app,delivery,completed
ORD-0049024,R-0120,2026-01-15,23.46,web,pickup,completed
ORD-0049025,R-0120,2026-01-13,17.18,app,pickup,completed
ORD-0049026,R-0120,2026-01-23,21.02,web,delivery,COMPLETED
ORD-0049027,R-0120,2026-01-31,26.12,web,pickup,completed
ORD-0049028,R-0120,2026-01-11,14.24,web,delivery,completed
ORD-0049029,R-0120,2026-01-16,20.06,web,pickup,completed
ORD-0049030,R-0120,2026-01-16,23.37,web,delivery,completed
ORD-0049031,R-0120,2026-01-02,28.81,app,delivery,completed
ORD-0049032,R-0120,2026-01-29,24.01,web,pickup,cancelled
ORD-0049033,R-0120,2026-01-07,45.36,web,delivery,completed
ORD-0049034,R-0120,2026-01-12,26.05,web,delivery,completed
ORD-0049035,R-0120,2026-01-24,33.40,web,delivery,completed
ORD-0049036,R-0120,2026-01-23,20.88,app,delivery,completed
ORD-0049037,R-0120,2026-01-29,21.50,web,pickup,completed
ORD-0049038,R-0120,2026-01-11,40.94,app,delivery,completed
ORD-0049039,R-0120,2026-01-18,20.46,app,delivery,completed
ORD-0049782,R-0121,2026-01-20,22.29,app,delivery,cancelled
ORD-0049783,R-0121,2026-01-03,16.43,web,delivery,completed
ORD-0049784,R-0121,2026-01-31,30.17,app,pickup,completed
ORD-0049785,R-0121,2026-01-24,27.69,app,delivery,completed
ORD-0049786,R-0121,2026-01-01,25.08,app,pickup,completed
ORD-0049787,R-0121,2026-01-04,12.87,web,pickup,completed
ORD-0049788,R-0121,2026-01-27,50.01,web,delivery,completed
ORD-0049789,R-0121,2026-01-31,32.64,app,pickup,completed
ORD-0049790,R-0121,2026-01-26,22.33,web,delivery,completed
ORD-0049791,R-0121,2026-01-28,26.69,app,delivery,completed
ORD-0049792,R-0121,2026-01-20,20.30,web,pickup,completed
ORD-0049793,R-0121,2026-01-30,21.82,web,delivery,completed
ORD-0049794,R-0121,2026-01-09,27.23,app,delivery,Completed
ORD-0049795,R-0121,2026-01-18,26.84,app,delivery,COMPLETED
ORD-0049796,R-0121,2026-01-31,23.76,app,delivery,COMPLETED
ORD-0049797,R-0121,2026-01-11,27.65,web,delivery,completed
ORD-0049798,R-0121,2026-01-04,24.16,web,pickup,completed
ORD-0049799,R-0121,2026-01-29,16.04,app,delivery,completed
ORD-0049800,R-0121,2026-01-16,15.73,app,delivery,COMPLETED
ORD-0049801,R-0121,2026-01-02,28.75,web,pickup,COMPLETED
ORD-0049802,R-0121,2026-01-17,19.08,app,delivery,completed
ORD-0049803,R-0121,2026-01-25,21.88,app,delivery,completed
ORD-0049804,R-0121,2026-01-02,18.86,app,pickup,completed
ORD-0049805,R-0121,2026-01-14,22.26,app,pickup,Completed
ORD-0049806,R-0121,2026-01-10,34.83,web,pickup,completed
ORD-0049807,R-0121,2026-01-02,19.30,app,pickup,completed
ORD-0049808,R-0121,2026-01-08,21.35,web,delivery,completed
ORD-0049809,R-0121,2026-01-02,32.81,app,pickup,cancelled
ORD-0049810,R-0121,2026-01-30,30.39,web,delivery,Completed
ORD-0049811,R-0121,2026-01-01,44.93,web,delivery,completed
ORD-0049812,R-0121,2026-01-02,33.10,web,pickup,completed
ORD-0049813,R-0121,2026-01-26,19.91,app,delivery,completed
ORD-0049814,R-0121,2026-01-08,17.26,web,delivery,completed
ORD-0049815,R-0121,2026-01-22,21.68,web,pickup,completed
ORD-0049816,R-0121,2026-01-22,31.32,web,pickup,completed
ORD-0049817,R-0121,2026-01-07,24.00,app,delivery,COMPLETED
ORD-0049818,R-0121,2026-01-25,30.84,app,pickup,completed
ORD-0049819,R-0121,2026-01-10,18.82,app,delivery,Cancelled
ORD-0049820,R-0121,2026-01-25,38.55,app,pickup,completed
ORD-0049821,R-0121,2026-01-03,28.62,app,delivery,completed
ORD-0049822,R-0121,2026-01-27,21.16,app,delivery,COMPLETED
ORD-0049823,R-0121,2026-01-10,34.52,web,pickup,COMPLETED
ORD-0049824,R-0121,2026-01-26,22.00,app,delivery,completed
ORD-0049825,R-0121,2026-01-18,29.00,app,delivery,completed
ORD-0049826,R-0121,2026-01-14,31.64,app,pickup,completed
ORD-0049827,R-0121,2026-01-11,24.40,web,delivery,completed
ORD-0049828,R-0121,2026-01-26,36.91,web,delivery,COMPLETED
ORD-0049829,R-0121,2026-01-10,15.55,web,delivery,completed
ORD-0049830,R-0121,2026-01-30,18.43,app,delivery,completed
ORD-0049831,R-0121,2026-01-18,26.37,app,pickup,completed
ORD-0049832,R-0121,2026-01-31,18.37,app,delivery,Completed
ORD-0049833,R-0121,2026-01-16,29.86,app,delivery,completed
ORD-0049834,R-0121,2026-01-17,24.51,web,pickup,completed
ORD-0049835,R-0121,2026-01-19,15.73,web,pickup,Completed
ORD-0049836,R-0121,2026-01-17,27.02,app,delivery,Completed
ORD-0049837,R-0121,2026-01-15,28.69,app,delivery,completed
ORD-0049838,R-0121,2026-01-11,44.31,app,pickup,COMPLETED
ORD-0049839,R-0121,2026-01-26,12.30,web,delivery,completed
ORD-0049840,R-0121,2026-01-25,35.45,app,delivery,completed
ORD-0049841,R-0121,2026-01-23,20.85,app,pickup,completed
ORD-0049842,R-0121,2026-01-13,38.58,web,pickup,completed
ORD-0050319,R-0123,2026-01-10,17.97,app,pickup,completed
ORD-0050320,R-0123,2026-01-02,28.46,web,delivery,completed
ORD-0050321,R-0123,2026-01-31,32.12,app,delivery,completed
ORD-0050661,R-0124,2026-01-04,79.17,app,delivery,completed
ORD-0050662,R-0124,2026-01-01,20.93,app,pickup,Completed
ORD-0050663,R-0124,2026-01-31,22.53,app,delivery,completed
ORD-0050664,R-0124,2026-01-22,33.95,app,delivery,Completed
ORD-0050665,R-0124,2026-01-14,22.83,web,delivery,completed
ORD-0050666,R-0124,2026-01-07,34.33,app,pickup,completed
ORD-0050667,R-0124,2026-01-10,26.41,web,delivery,completed
ORD-0050668,R-0124,2026-01-03,38.46,app,pickup,COMPLETED
ORD-0050669,R-0124,2026-01-12,41.47,web,pickup,COMPLETED
ORD-0050670,R-0124,2026-01-03,33.06,app,delivery,completed
ORD-0050671,R-0124,2026-01-31,21.29,app,delivery,completed
ORD-0050672,R-0124,2026-01-09,47.14,app,delivery,completed
ORD-0050673,R-0124,2026-01-10,25.71,web,delivery,completed
ORD-0050674,R-0124,2026-01-09,38.38,web,pickup,completed
ORD-0050675,R-0124,2026-01-16,20.08,app,delivery,completed
ORD-0050676,R-0124,2026-01-31,33.05,app,pickup,completed
ORD-0050677,R-0124,2026-01-11,21.42,app,pickup,completed
ORD-0050678,R-0124,2026-01-30,59.63,app,pickup,completed
ORD-0050679,R-0124,2026-01-09,28.09,app,delivery,completed
ORD-0050680,R-0124,2026-01-28,14.85,web,delivery,completed
ORD-0050681,R-0124,2026-01-19,53.19,app,delivery,completed
ORD-0050682,R-0124,2026-01-31,44.86,app,delivery,completed
ORD-0050683,R-0124,2026-01-08,57.19,app,delivery,completed
ORD-0050684,R-0124,2026-01-17,33.62,app,pickup,completed
ORD-0050685,R-0124,2026-01-09,25.23,app,pickup,completed
ORD-0050686,R-0124,2026-01-27,29.22,web,delivery,completed
ORD-0050687,R-0124,2026-01-28,33.31,web,delivery,Completed
ORD-0050688,R-0124,2026-01-17,25.68,app,pickup,completed
ORD-0050689,R-0124,2026-01-28,29.37,app,pickup,COMPLETED
ORD-0050690,R-0124,2026-01-28,16.37,app,delivery,completed
ORD-0050691,R-0124,2026-01-30,69.57,web,delivery,completed
ORD-0050692,R-0124,2026-01-27,30.79,app,delivery,Completed
ORD-0050693,R-0124,2026-01-05,41.43,web,delivery,completed
ORD-0050694,R-0124,2026-01-10,47.16,web,delivery,completed
ORD-0050695,R-0124,2026-01-18,38.62,app,pickup,completed
ORD-0050696,R-0124,2026-01-29,32.10,app,delivery,completed
ORD-0050697,R-0124,2026-01-09,17.40,web,delivery,completed
ORD-0050698,R-0124,2026-01-19,40.99,app,delivery,completed
ORD-0050699,R-0124,2026-01-31,22.78,web,delivery,refunded
ORD-0050700,R-0124,2026-01-22,36.30,app,pickup,completed
ORD-0050701,R-0124,2026-01-14,29.84,app,pickup,Completed
ORD-0050702,R-0124,2026-01-24,41.06,app,delivery,completed
ORD-0050703,R-0124,2026-01-03,42.67,web,delivery,completed
ORD-0050704,R-0124,2026-01-17,20.25,app,delivery,completed
ORD-0050705,R-0124,2026-01-10,31.96,app,delivery,completed
ORD-0050706,R-0124,2026-01-24,39.47,app,pickup,completed
ORD-0050707,R-0124,2026-01-28,44.04,web,delivery,completed
ORD-0050708,R-0124,2026-01-30,42.77,web,delivery,cancelled
ORD-0050956,R-0125,2026-01-02,29.46,web,delivery,completed
ORD-0050957,R-0125,2026-01-02,46.34,web,pickup,completed
ORD-0050958,R-0125,2026-01-23,43.13,web,delivery,completed
ORD-0050959,R-0125,2026-01-19,47.53,app,pickup,COMPLETED
ORD-0050960,R-0125,2026-01-18,48.00,app,delivery,completed
ORD-0050961,R-0125,2026-01-05,36.51,web,pickup,completed
ORD-0050962,R-0125,2026-01-02,40.87,web,pickup,completed
ORD-0050963,R-0125,2026-01-24,44.89,app,pickup,completed
ORD-0050964,R-0125,2026-01-25,20.91,app,delivery,completed
ORD-0050965,R-0125,2026-01-13,27.14,app,delivery,completed
ORD-0050966,R-0125,2026-01-21,33.13,app,delivery,completed
ORD-0050967,R-0125,2026-01-27,47.23,app,delivery,COMPLETED
ORD-0050968,R-0125,2026-01-20,30.64,app,delivery,completed
ORD-0050969,R-0125,2026-01-03,41.64,web,pickup,completed
ORD-0050970,R-0125,2026-01-16,50.26,web,delivery,completed
ORD-0050971,R-0125,2026-01-03,42.49,app,delivery,completed
ORD-0050972,R-0125,2026-01-15,32.18,app,delivery,completed
ORD-0050973,R-0125,2026-01-17,19.82,app,delivery,completed
ORD-0050974,R-0125,2026-01-20,20.97,web,pickup,completed
ORD-0050975,R-0125,2026-01-06,43.47,app,pickup,completed
ORD-0050976,R-0125,2026-01-17,42.18,app,delivery,completed
ORD-0050977,R-0125,2026-01-28,26.97,app,pickup,completed
ORD-0050978,R-0125,2026-01-14,33.65,app,delivery,completed
ORD-0052962,R-0126,2026-01-24,75.91,web,pickup,Completed
ORD-0052963,R-0126,2026-01-12,25.25,app,pickup,completed
ORD-0052964,R-0126,2026-01-17,59.28,web,delivery,completed
ORD-0052965,R-0126,2026-01-10,27.86,web,delivery,COMPLETED
ORD-0052966,R-0126,2026-01-29,18.34,app,pickup,completed
ORD-0052967,R-0126,2026-01-30,27.07,app,pickup,completed
ORD-0052968,R-0126,2026-01-07,14.49,app,pickup,completed
ORD-0052969,R-0126,2026-01-14,21.51,app,delivery,COMPLETED
ORD-0052970,R-0126,2026-01-15,16.62,app,delivery,completed
ORD-0052971,R-0126,2026-01-13,32.29,web,delivery,completed
ORD-0052972,R-0126,2026-01-15,12.29,web,pickup,Completed
ORD-0052973,R-0126,2026-01-28,22.36,app,delivery,completed
ORD-0052974,R-0126,2026-01-14,27.21,web,pickup,completed
ORD-0052975,R-0126,2026-01-17,34.50,app,pickup,completed
ORD-0052976,R-0126,2026-01-26,23.02,app,delivery,completed
ORD-0052977,R-0126,2026-01-04,30.48,app,pickup,Completed
ORD-0052978,R-0126,2026-01-22,15.67,app,pickup,completed
ORD-0052979,R-0126,2026-01-09,35.56,app,pickup,completed
ORD-0052980,R-0126,2026-01-26,20.82,app,delivery,completed
ORD-0052981,R-0126,2026-01-04,26.89,app,delivery,completed
ORD-0052982,R-0126,2026-01-05,23.50,app,delivery,completed
ORD-0052983,R-0126,2026-01-08,17.08,app,delivery,cancelled
ORD-0052984,R-0126,2026-01-18,22.69,web,delivery,COMPLETED
ORD-0052985,R-0126,2026-01-31,23.68,app,delivery,completed
ORD-0052986,R-0126,2026-01-17,39.19,app,delivery,completed
ORD-0052987,R-0126,2026-01-12,24.75,app,delivery,COMPLETED
ORD-0052988,R-0126,2026-01-07,26.58,web,delivery,COMPLETED
ORD-0052989,R-0126,2026-01-26,60.96,web,pickup,completed
ORD-0052990,R-0126,2026-01-06,67.32,app,delivery,completed
ORD-0052991,R-0126,2026-01-25,15.30,app,pickup,completed
ORD-0052992,R-0126,2026-01-09,17.07,app,pickup,completed
ORD-0052993,R-0126,2026-01-16,27.56,app,delivery,completed
ORD-0052994,R-0126,2026-01-19,25.04,web,delivery,completed
ORD-0052995,R-0126,2026-01-02,24.05,app,pickup,completed
ORD-0052996,R-0126,2026-01-22,21.48,app,pickup,completed
ORD-0052997,R-0126,2026-01-05,17.46,web,delivery,Completed
ORD-0052998,R-0126,2026-01-07,24.43,web,pickup,completed
ORD-0052999,R-0126,2026-01-30,13.66,web,pickup,completed
ORD-0053000,R-0126,2026-01-17,30.56,web,delivery,completed
ORD-0053001,R-0126,2026-01-08,36.67,app,pickup,completed
ORD-0053002,R-0126,2026-01-24,19.14,app,delivery,completed
ORD-0053003,R-0126,2026-01-01,28.10,web,delivery,completed
ORD-0053004,R-0126,2026-01-11,45.71,web,delivery,completed
ORD-0053005,R-0126,2026-01-17,16.64,web,delivery,completed
ORD-0053006,R-0126,2026-01-25,31.30,app,delivery,completed
ORD-0053007,R-0126,2026-01-09,36.62,web,delivery,completed
ORD-0053008,R-0126,2026-01-13,16.37,web,pickup,completed
ORD-0053009,R-0126,2026-01-07,66.54,web,pickup,completed
ORD-0053010,R-0126,2026-01-27,21.89,app,pickup,Completed
ORD-0053011,R-0126,2026-01-30,33.12,web,delivery,completed
ORD-0053012,R-0126,2026-01-15,38.86,app,delivery,completed
ORD-0053013,R-0126,2026-01-01,16.40,web,delivery,completed
ORD-0053014,R-0126,2026-01-28,39.62,web,pickup,completed
ORD-0053015,R-0126,2026-01-10,35.13,app,pickup,completed
ORD-0053016,R-0126,2026-01-13,58.90,web,delivery,completed
ORD-0053017,R-0126,2026-01-24,40.26,app,pickup,completed
ORD-0053018,R-0126,2026-01-25,38.48,web,delivery,COMPLETED
ORD-0053019,R-0126,2026-01-20,26.26,app,delivery,COMPLETED
ORD-0053020,R-0126,2026-01-03,21.15,web,pickup,completed
ORD-0053021,R-0126,2026-01-29,15.66,app,delivery,completed
ORD-0053022,R-0126,2026-01-06,34.76,web,delivery,completed
ORD-0053023,R-0126,2026-01-21,20.99,app,pickup,completed
ORD-0053024,R-0126,2026-01-28,26.81,web,delivery,completed
ORD-0053025,R-0126,2026-01-18,29.41,app,delivery,completed
ORD-0053026,R-0126,2026-01-16,19.63,app,pickup,completed
ORD-0053027,R-0126,2026-01-22,35.27,web,pickup,completed
ORD-0053028,R-0126,2026-01-18,22.24,web,delivery,completed
ORD-0053029,R-0126,2026-01-02,24.52,app,delivery,completed
ORD-0053030,R-0126,2026-01-22,35.07,app,pickup,COMPLETED
ORD-0053031,R-0126,2026-01-01,40.07,app,pickup,completed
ORD-0053032,R-0126,2026-01-09,27.24,app,delivery,completed
ORD-0053033,R-0126,2026-01-11,30.40,web,delivery,completed
ORD-0053034,R-0126,2026-01-22,21.58,web,delivery,completed
ORD-0053035,R-0126,2026-01-11,13.40,web,pickup,completed
ORD-0053036,R-0126,2026-01-12,35.11,web,delivery,completed
ORD-0053037,R-0126,2026-01-30,20.55,web,pickup,completed
ORD-0053038,R-0126,2026-01-10,46.88,web,delivery,completed
ORD-0053039,R-0126,2026-01-30,54.46,app,delivery,completed
ORD-0053040,R-0126,2026-01-25,16.43,web,pickup,completed
ORD-0053041,R-0126,2026-01-15,22.99,app,pickup,completed
ORD-0053042,R-0126,2026-01-27,33.51,app,delivery,completed
ORD-0053043,R-0126,2026-01-11,25.49,web,pickup,completed
ORD-0053044,R-0126,2026-01-02,48.73,app,pickup,completed
ORD-0053045,R-0126,2026-01-11,15.98,app,pickup,completed
ORD-0053046,R-0126,2026-01-09,29.69,app,delivery,cancelled
ORD-0053047,R-0126,2026-01-21,29.41,web,delivery,completed
ORD-0053048,R-0126,2026-01-23,29.32,app,delivery,completed
ORD-0053049,R-0126,2026-01-31,15.59,web,pickup,completed
ORD-0053050,R-0126,2026-01-06,16.76,app,pickup,completed
ORD-0053051,R-0126,2026-01-09,25.59,app,pickup,Completed
ORD-0053052,R-0126,2026-01-24,33.23,web,delivery,completed
ORD-0053053,R-0126,2026-01-27,27.92,app,pickup,completed
ORD-0053054,R-0126,2026-01-11,55.16,app,delivery,completed
ORD-0053055,R-0126,2026-01-10,21.25,app,pickup,Completed
ORD-0053056,R-0126,2026-01-17,25.14,app,delivery,completed
ORD-0053057,R-0126,2026-01-01,51.16,app,delivery,Completed
ORD-0053058,R-0126,2026-01-21,21.90,app,delivery,completed
ORD-0053059,R-0126,2026-01-12,19.85,web,pickup,completed
ORD-0053060,R-0126,2026-01-05,37.54,web,pickup,completed
ORD-0053061,R-0126,2026-01-11,47.75,app,delivery,completed
ORD-0053062,R-0126,2026-01-09,49.28,web,delivery,completed
ORD-0053063,R-0126,2026-01-17,20.47,app,pickup,completed
ORD-0053064,R-0126,2026-01-17,68.30,app,pickup,completed
ORD-0053065,R-0126,2026-01-06,29.87,web,pickup,completed
ORD-0053066,R-0126,2026-01-10,35.94,web,delivery,completed
ORD-0053067,R-0126,2026-01-19,22.69,app,delivery,completed
ORD-0053068,R-0126,2026-01-06,11.61,app,pickup,completed
ORD-0053069,R-0126,2026-01-03,40.10,app,pickup,completed
ORD-0053070,R-0126,2026-01-23,31.66,app,delivery,Completed
ORD-0053071,R-0126,2026-01-18,22.47,web,delivery,completed
ORD-0053072,R-0126,2026-01-09,43.04,app,delivery,completed
ORD-0053073,R-0126,2026-01-14,13.62,app,delivery,completed
ORD-0053074,R-0126,2026-01-28,35.10,web,delivery,cancelled
ORD-0053075,R-0126,2026-01-27,27.41,web,pickup,completed
ORD-0053076,R-0126,2026-01-09,38.33,app,pickup,completed
ORD-0053077,R-0126,2026-01-03,35.83,web,delivery,completed
ORD-0053078,R-0126,2026-01-19,35.06,app,delivery,completed
ORD-0053079,R-0126,2026-01-29,35.09,web,delivery,completed
ORD-0053080,R-0126,2026-01-20,30.37,web,delivery,completed
ORD-0053081,R-0126,2026-01-12,30.91,web,pickup,COMPLETED
ORD-0053082,R-0126,2026-01-03,20.69,app,delivery,COMPLETED
ORD-0053083,R-0126,2026-01-11,50.41,web,delivery,completed
ORD-0053084,R-0126,2026-01-17,26.72,app,delivery,completed
ORD-0053085,R-0126,2026-01-22,27.09,app,delivery,completed
ORD-0053086,R-0126,2026-01-17,27.99,web,pickup,COMPLETED
ORD-0053087,R-0126,2026-01-08,40.53,web,delivery,completed
ORD-0053088,R-0126,2026-01-30,41.24,app,pickup,completed
ORD-0053089,R-0126,2026-01-30,27.36,app,delivery,completed
ORD-0053090,R-0126,2026-01-11,22.72,web,pickup,Completed
ORD-0053091,R-0126,2026-01-27,22.38,app,pickup,Completed
ORD-0053092,R-0126,2026-01-07,37.72,app,pickup,Completed
ORD-0053093,R-0126,2026-01-14,19.84,app,pickup,completed
ORD-0053094,R-0126,2026-01-18,24.49,app,pickup,completed
ORD-0053095,R-0126,2026-01-02,62.92,web,delivery,COMPLETED
ORD-0053096,R-0126,2026-01-26,17.35,app,pickup,cancelled
ORD-0053097,R-0126,2026-01-21,16.95,app,pickup,COMPLETED
ORD-0053098,R-0126,2026-01-24,40.11,app,pickup,completed
ORD-0053099,R-0126,2026-01-31,53.27,app,pickup,completed
ORD-0053100,R-0126,2026-01-18,27.12,app,pickup,completed
ORD-0053101,R-0126,2026-01-23,24.91,web,delivery,completed
ORD-0053102,R-0126,2026-01-05,29.55,app,pickup,COMPLETED
ORD-0053103,R-0126,2026-01-02,14.70,app,pickup,completed
ORD-0053104,R-0126,2026-01-07,24.88,app,delivery,completed
ORD-0053105,R-0126,2026-01-16,19.85,app,pickup,completed
ORD-0053106,R-0126,2026-01-30,29.11,app,pickup,completed
ORD-0053107,R-0126,2026-01-08,27.83,app,delivery,completed
ORD-0053108,R-0126,2026-01-16,19.91,app,delivery,refunded
ORD-0053109,R-0126,2026-01-05,18.76,web,pickup,COMPLETED
ORD-0053110,R-0126,2026-01-29,26.07,app,pickup,completed
ORD-0053111,R-0126,2026-01-31,24.84,web,delivery,completed
ORD-0053112,R-0126,2026-01-24,17.23,web,pickup,completed
ORD-0053113,R-0126,2026-01-20,15.41,app,delivery,completed
ORD-0053114,R-0126,2026-01-24,37.81,app,pickup,completed
ORD-0053115,R-0126,2026-01-28,10.02,web,delivery,completed
ORD-0053116,R-0126,2026-01-18,22.02,app,pickup,completed
ORD-0053117,R-0126,2026-01-31,35.01,app,pickup,completed
ORD-0053118,R-0126,2026-01-23,14.75,app,pickup,COMPLETED
ORD-0053119,R-0126,2026-01-19,20.80,web,delivery,completed
ORD-0053120,R-0126,2026-01-30,25.17,app,pickup,completed
ORD-0053121,R-0126,2026-01-27,33.70,web,pickup,COMPLETED
ORD-0053122,R-0126,2026-01-29,22.64,web,delivery,completed
ORD-0053123,R-0126,2026-01-18,33.07,app,pickup,completed
ORD-0053124,R-0126,2026-01-25,32.45,web,pickup,completed
ORD-0053125,R-0126,2026-01-11,26.32,app,pickup,completed
ORD-0053126,R-0126,2026-01-08,26.29,app,delivery,completed
ORD-0053127,R-0126,2026-01-11,35.48,web,pickup,Completed
ORD-0053128,R-0126,2026-01-19,29.19,app,pickup,COMPLETED
ORD-0053129,R-0126,2026-01-24,39.52,web,pickup,completed
ORD-0053130,R-0126,2026-01-07,16.24,app,delivery,completed
ORD-0053131,R-0126,2026-01-02,34.51,app,pickup,cancelled
ORD-0053132,R-0126,2026-01-12,17.02,app,pickup,completed
ORD-0053133,R-0126,2026-01-10,12.74,app,delivery,completed
ORD-0053134,R-0126,2026-01-22,25.71,app,delivery,completed
ORD-0053135,R-0126,2026-01-22,24.91,app,delivery,completed
ORD-0053136,R-0126,2026-01-20,21.57,app,delivery,COMPLETED
ORD-0053137,R-0126,2026-01-28,28.34,web,delivery,COMPLETED
ORD-0053138,R-0126,2026-01-01,40.07,app,delivery,cancelled
ORD-0053139,R-0126,2026-01-19,25.45,web,delivery,Completed
ORD-0053140,R-0126,2026-01-16,23.89,app,pickup,Completed
ORD-0053141,R-0126,2026-01-23,37.34,app,pickup,completed
ORD-0053142,R-0126,2026-01-31,22.50,web,delivery,completed
ORD-0053143,R-0126,2026-01-21,41.63,app,delivery,completed
ORD-0053144,R-0126,2026-01-24,16.19,web,pickup,completed
ORD-0053145,R-0126,2026-01-31,46.61,web,delivery,completed
ORD-0053146,R-0126,2026-01-16,25.06,app,pickup,Cancelled
ORD-0053147,R-0126,2026-01-04,18.99,app,pickup,completed
ORD-0053148,R-0126,2026-01-09,35.21,web,delivery,completed
ORD-0053149,R-0126,2026-01-08,22.48,app,delivery,completed
ORD-0053150,R-0126,2026-01-01,31.54,web,delivery,completed
ORD-0053151,R-0126,2026-01-24,18.04,app,delivery,completed
ORD-0053152,R-0126,2026-01-22,44.09,web,delivery,completed
ORD-0053153,R-0126,2026-01-12,29.74,app,pickup,completed
ORD-0053154,R-0126,2026-01-07,41.16,app,delivery,completed
ORD-0053155,R-0126,2026-01-08,25.44,web,delivery,completed
ORD-0053156,R-0126,2026-01-28,14.95,app,pickup,completed
ORD-0053157,R-0126,2026-01-02,28.81,web,delivery,completed
ORD-0053158,R-0126,2026-01-20,87.83,web,delivery,completed
ORD-0053159,R-0126,2026-01-18,20.12,web,pickup,cancelled
ORD-0053160,R-0126,2026-01-14,33.57,web,delivery,completed
ORD-0053161,R-0126,2026-01-06,38.30,app,pickup,completed
ORD-0053162,R-0126,2026-01-18,29.46,web,pickup,completed
ORD-0053163,R-0126,2026-01-18,14.65,web,pickup,completed
ORD-0053164,R-0126,2026-01-15,17.36,app,delivery,completed
ORD-0053165,R-0126,2026-01-23,36.89,app,delivery,completed
ORD-0053166,R-0126,2026-01-24,17.30,app,delivery,completed
ORD-0053167,R-0126,2026-01-21,11.44,app,pickup,completed
ORD-0053168,R-0126,2026-01-14,23.17,app,pickup,completed
ORD-0053169,R-0126,2026-01-29,15.64,app,pickup,completed
ORD-0053170,R-0126,2026-01-24,19.11,web,delivery,completed
ORD-0053171,R-0126,2026-01-31,29.83,web,pickup,completed
ORD-0053172,R-0126,2026-01-07,21.03,app,delivery,completed
ORD-0053173,R-0126,2026-01-18,54.73,web,delivery,completed
ORD-0053174,R-0126,2026-01-16,42.69,app,delivery,completed
ORD-0053175,R-0126,2026-01-07,21.38,web,pickup,completed
ORD-0053176,R-0126,2026-01-03,48.56,app,pickup,completed
ORD-0053177,R-0126,2026-01-18,33.32,app,delivery,completed
ORD-0053178,R-0126,2026-01-17,29.06,web,delivery,Completed
ORD-0053179,R-0126,2026-01-30,31.32,web,delivery,COMPLETED
ORD-0053180,R-0126,2026-01-11,11.52,app,delivery,completed
ORD-0053181,R-0126,2026-01-09,21.91,app,delivery,completed
ORD-0053182,R-0126,2026-01-14,18.45,app,delivery,Completed
ORD-0053183,R-0126,2026-01-13,15.97,web,delivery,completed
ORD-0053184,R-0126,2026-01-14,26.39,app,pickup,completed
ORD-0053185,R-0126,2026-01-28,41.00,web,delivery,completed
ORD-0053186,R-0126,2026-01-27,21.73,app,delivery,COMPLETED
ORD-0053187,R-0126,2026-01-24,25.73,app,pickup,completed
ORD-0053188,R-0126,2026-01-23,28.84,app,delivery,cancelled
ORD-0053189,R-0126,2026-01-08,30.39,web,pickup,completed
ORD-0053190,R-0126,2026-01-05,24.86,app,delivery,completed
ORD-0053191,R-0126,2026-01-14,14.49,app,pickup,completed
ORD-0053192,R-0126,2026-01-03,27.03,app,pickup,completed
ORD-0053193,R-0126,2026-01-21,34.69,app,delivery,COMPLETED
ORD-0053194,R-0126,2026-01-04,30.95,web,pickup,completed
ORD-0053195,R-0126,2026-01-31,40.17,app,pickup,completed
ORD-0053196,R-0126,2026-01-22,49.84,web,delivery,completed
ORD-0053197,R-0126,2026-01-16,52.81,app,delivery,completed
ORD-0053198,R-0126,2026-01-25,17.06,app,pickup,completed
ORD-0053199,R-0126,2026-01-07,9.38,web,pickup,completed
ORD-0053200,R-0126,2026-01-04,10.30,web,pickup,Completed
ORD-0053201,R-0126,2026-01-03,17.75,web,pickup,completed
ORD-0053202,R-0126,2026-01-15,22.33,web,pickup,completed
ORD-0053203,R-0126,2026-01-05,21.83,app,delivery,completed
ORD-0053204,R-0126,2026-01-10,21.28,app,delivery,completed
ORD-0053205,R-0126,2026-01-31,23.52,web,pickup,completed
ORD-0053206,R-0126,2026-01-21,20.28,web,delivery,completed
ORD-0053207,R-0126,2026-01-17,29.76,app,pickup,Completed
ORD-0053208,R-0126,2026-01-23,24.20,app,delivery,COMPLETED
ORD-0053209,R-0126,2026-01-22,70.19,app,delivery,Completed
ORD-0053210,R-0126,2026-01-01,24.90,app,delivery,completed
ORD-0053211,R-0126,2026-01-02,39.99,app,delivery,Completed
ORD-0053212,R-0126,2026-01-30,13.66,app,pickup,completed
ORD-0053213,R-0126,2026-01-23,43.29,app,delivery,Completed
ORD-0053214,R-0126,2026-01-31,34.66,web,pickup,completed
ORD-0053215,R-0126,2026-01-31,21.29,app,delivery,completed
ORD-0053216,R-0126,2026-01-07,14.85,web,delivery,completed
ORD-0053217,R-0126,2026-01-25,25.07,web,pickup,completed
ORD-0053218,R-0126,2026-01-07,39.37,app,delivery,completed
ORD-0053219,R-0126,2026-01-29,22.70,web,delivery,completed
ORD-0053220,R-0126,2026-01-03,14.80,web,delivery,completed
ORD-0053221,R-0126,2026-01-04,28.25,web,delivery,completed
ORD-0053222,R-0126,2026-01-26,18.57,app,pickup,completed
ORD-0053223,R-0126,2026-01-18,25.87,app,delivery,completed
ORD-0053224,R-0126,2026-01-01,9.34,app,pickup,completed
ORD-0053225,R-0126,2026-01-26,11.92,app,pickup,completed
ORD-0053226,R-0126,2026-01-12,32.53,app,delivery,completed
ORD-0053227,R-0126,2026-01-03,46.71,web,pickup,completed
ORD-0053228,R-0126,2026-01-18,54.87,app,delivery,completed
ORD-0053229,R-0126,2026-01-23,39.63,app,pickup,completed
ORD-0053230,R-0126,2026-01-15,15.50,app,delivery,completed
ORD-0053231,R-0126,2026-01-13,27.45,app,pickup,completed
ORD-0053232,R-0126,2026-01-28,16.18,web,delivery,completed
ORD-0053233,R-0126,2026-01-09,34.77,web,delivery,completed
ORD-0053234,R-0126,2026-01-07,43.83,app,delivery,COMPLETED
ORD-0053235,R-0126,2026-01-09,18.13,web,pickup,completed
ORD-0053236,R-0126,2026-01-19,15.36,web,delivery,completed
ORD-0053237,R-0126,2026-01-24,38.16,app,delivery,completed
ORD-0053238,R-0126,2026-01-16,55.58,app,delivery,completed
ORD-0053239,R-0126,2026-01-06,16.03,app,delivery,completed
ORD-0053240,R-0126,2026-01-31,22.06,web,pickup,completed
ORD-0053241,R-0126,2026-01-23,19.05,app,delivery,COMPLETED
ORD-0053242,R-0126,2026-01-30,33.24,web,delivery,completed
ORD-0053243,R-0126,2026-01-28,22.36,app,delivery,completed
ORD-0053244,R-0126,2026-01-08,20.43,app,delivery,completed
ORD-0053245,R-0126,2026-01-09,45.59,web,delivery,completed
ORD-0053246,R-0126,2026-01-11,25.38,app,delivery,completed
ORD-0053247,R-0126,2026-01-31,36.22,web,delivery,completed
ORD-0053248,R-0126,2026-01-23,33.64,app,pickup,Completed
ORD-0053249,R-0126,2026-01-24,16.07,app,pickup,refunded
ORD-0053250,R-0126,2026-01-14,24.06,app,delivery,COMPLETED
ORD-0053251,R-0126,2026-01-24,17.99,app,delivery,completed
ORD-0053252,R-0126,2026-01-08,16.16,app,delivery,completed
ORD-0055099,R-0128,2026-01-16,32.38,web,delivery,completed
ORD-0055100,R-0128,2026-01-13,28.82,app,delivery,refunded
ORD-0055101,R-0128,2026-01-17,35.42,app,pickup,completed
ORD-0055102,R-0128,2026-01-07,26.34,web,pickup,completed
ORD-0055103,R-0128,2026-01-24,57.59,web,delivery,completed
ORD-0055104,R-0128,2026-01-23,74.20,web,pickup,completed
ORD-0055105,R-0128,2026-01-24,27.34,web,delivery,completed
ORD-0055106,R-0128,2026-01-24,44.02,app,pickup,completed
ORD-0055107,R-0128,2026-01-17,43.10,app,delivery,completed
ORD-0055108,R-0128,2026-01-20,22.37,web,delivery,completed
ORD-0055109,R-0128,2026-01-05,31.24,app,pickup,completed
ORD-0055110,R-0128,2026-01-22,40.27,app,delivery,completed
ORD-0055111,R-0128,2026-01-28,28.54,app,delivery,completed
ORD-0055112,R-0128,2026-01-13,72.93,app,delivery,completed
ORD-0055113,R-0128,2026-01-24,46.35,web,delivery,Completed
ORD-0055114,R-0128,2026-01-25,34.43,app,delivery,completed
ORD-0055115,R-0128,2026-01-18,36.60,app,delivery,completed
ORD-0055116,R-0128,2026-01-14,35.47,web,delivery,refunded
ORD-0055323,R-0129,2026-01-25,47.93,app,delivery,completed
ORD-0055324,R-0129,2026-01-02,15.08,app,delivery,completed
ORD-0055325,R-0129,2026-01-04,23.96,web,pickup,completed
ORD-0055326,R-0129,2026-01-03,25.26,app,delivery,completed
ORD-0055327,R-0129,2026-01-27,27.86,app,delivery,completed
ORD-0055328,R-0129,2026-01-06,13.03,web,delivery,completed
ORD-0055329,R-0129,2026-01-21,16.93,web,pickup,completed
ORD-0055330,R-0129,2026-01-09,72.94,web,delivery,completed
ORD-0055331,R-0129,2026-01-18,14.95,web,delivery,completed
ORD-0055834,R-0132,2026-01-02,25.50,web,delivery,completed
ORD-0055835,R-0132,2026-01-16,22.80,web,delivery,completed
ORD-0055836,R-0132,2026-01-28,25.07,web,pickup,completed
ORD-0055837,R-0132,2026-01-12,18.87,web,delivery,completed
ORD-0055838,R-0132,2026-01-30,20.61,web,delivery,completed
ORD-0055839,R-0132,2026-01-16,42.24,web,pickup,completed
ORD-0055840,R-0132,2026-01-10,16.22,web,delivery,completed
ORD-0055841,R-0132,2026-01-20,26.23,web,pickup,completed
ORD-0055842,R-0132,2026-01-10,20.16,web,pickup,refunded
ORD-0055843,R-0132,2026-01-03,23.18,web,delivery,completed
ORD-0055844,R-0132,2026-01-03,14.76,web,pickup,completed
ORD-0055845,R-0132,2026-01-17,11.50,web,pickup,completed
ORD-0055846,R-0132,2026-01-23,37.28,app,delivery,completed
ORD-0055847,R-0132,2026-01-02,25.30,app,delivery,completed
ORD-0055848,R-0132,2026-01-10,24.01,web,pickup,completed
ORD-0055849,R-0132,2026-01-06,25.79,app,delivery,completed
ORD-0055850,R-0132,2026-01-22,29.88,web,delivery,COMPLETED
ORD-0055851,R-0132,2026-01-05,14.09,web,delivery,completed
ORD-0055852,R-0132,2026-01-18,25.19,web,pickup,completed
ORD-0055853,R-0132,2026-01-31,35.95,web,pickup,cancelled
ORD-0055854,R-0132,2026-01-23,32.24,app,pickup,completed
ORD-0055855,R-0132,2026-01-10,19.29,web,pickup,completed
ORD-0055856,R-0132,2026-01-03,20.93,app,pickup,completed
ORD-0055857,R-0132,2026-01-03,27.69,web,delivery,COMPLETED
ORD-0055858,R-0132,2026-01-26,21.57,web,delivery,completed
ORD-0055859,R-0132,2026-01-17,32.59,web,pickup,completed
ORD-0055860,R-0132,2026-01-31,20.59,web,delivery,completed
ORD-0055861,R-0132,2026-01-06,27.57,web,delivery,completed
ORD-0055862,R-0132,2026-01-02,18.04,app,delivery,completed
ORD-0055863,R-0132,2026-01-25,23.18,web,delivery,completed
ORD-0055864,R-0132,2026-01-16,29.48,web,delivery,completed
ORD-0055865,R-0132,2026-01-07,13.23,web,pickup,completed
ORD-0055866,R-0132,2026-01-03,25.48,web,delivery,completed
ORD-0055867,R-0132,2026-01-17,22.24,app,pickup,COMPLETED
ORD-0055868,R-0132,2026-01-02,20.76,web,delivery,completed
ORD-0055869,R-0132,2026-01-03,29.33,web,pickup,completed
ORD-0055870,R-0132,2026-01-01,25.61,web,pickup,completed
ORD-0055871,R-0132,2026-01-11,34.09,web,pickup,completed
ORD-0055872,R-0132,2026-01-25,16.95,web,delivery,completed
ORD-0055873,R-0132,2026-01-05,26.19,web,pickup,completed
ORD-0055874,R-0132,2026-01-18,28.79,web,delivery,completed
ORD-0055875,R-0132,2026-01-05,12.20,web,pickup,completed
ORD-0055876,R-0132,2026-01-09,19.65,web,pickup,COMPLETED
ORD-0055877,R-0132,2026-01-31,20.78,app,delivery,cancelled
ORD-0056474,R-0135,2026-01-17,42.33,app,pickup,completed
ORD-0056475,R-0135,2026-01-10,30.14,web,pickup,completed
ORD-0056476,R-0135,2026-01-20,21.74,app,delivery,completed
ORD-0056477,R-0135,2026-01-31,34.04,app,pickup,Completed
ORD-0056478,R-0135,2026-01-04,46.57,web,delivery,completed
ORD-0056479,R-0135,2026-01-19,26.43,app,delivery,completed
ORD-0056480,R-0135,2026-01-25,36.28,app,delivery,completed
ORD-0056481,R-0135,2026-01-01,21.23,app,pickup,completed
ORD-0056482,R-0135,2026-01-27,37.69,app,pickup,completed
ORD-0056483,R-0135,2026-01-10,39.62,app,delivery,Completed
ORD-0056484,R-0135,2026-01-15,31.31,app,pickup,completed
ORD-0056485,R-0135,2026-01-17,19.50,app,pickup,completed
ORD-0056486,R-0135,2026-01-25,40.51,app,delivery,completed
ORD-0056487,R-0135,2026-01-14,30.79,app,pickup,completed
ORD-0056488,R-0135,2026-01-26,19.76,app,delivery,completed
ORD-0056489,R-0135,2026-01-06,21.00,app,delivery,completed
ORD-0056490,R-0135,2026-01-11,48.02,app,pickup,completed
ORD-0056491,R-0135,2026-01-26,23.71,web,delivery,completed
ORD-0056492,R-0135,2026-01-31,15.50,app,pickup,completed
ORD-0057044,R-0136,2026-01-16,42.19,app,delivery,completed
ORD-0057045,R-0136,2026-01-23,18.96,app,delivery,completed
ORD-0057046,R-0136,2026-01-31,27.05,app,pickup,completed
ORD-0057047,R-0136,2026-01-24,70.19,app,delivery,completed
ORD-0057048,R-0136,2026-01-02,38.20,web,delivery,completed
ORD-0057049,R-0136,2026-01-02,110.03,app,pickup,completed
ORD-0057050,R-0136,2026-01-23,33.30,web,pickup,completed
ORD-0057051,R-0136,2026-01-24,37.92,app,delivery,completed
ORD-0057052,R-0136,2026-01-21,19.88,app,delivery,Completed
ORD-0057053,R-0136,2026-01-08,80.76,app,delivery,completed
ORD-0057054,R-0136,2026-01-31,44.34,app,delivery,completed
ORD-0057055,R-0136,2026-01-02,30.87,app,delivery,completed
ORD-0057056,R-0136,2026-01-31,53.88,app,pickup,completed
ORD-0057057,R-0136,2026-01-23,50.24,web,delivery,completed
ORD-0057058,R-0136,2026-01-07,17.70,web,pickup,completed
ORD-0057059,R-0136,2026-01-23,17.04,app,pickup,completed
ORD-0057060,R-0136,2026-01-06,45.11,app,delivery,completed
ORD-0057061,R-0136,2026-01-31,29.97,app,pickup,completed
ORD-0057062,R-0136,2026-01-13,40.10,web,delivery,completed
ORD-0057063,R-0136,2026-01-17,43.34,app,delivery,completed
ORD-0057064,R-0136,2026-01-06,28.08,app,delivery,completed
ORD-0057065,R-0136,2026-01-04,45.93,app,delivery,completed
ORD-0057066,R-0136,2026-01-07,71.98,app,delivery,completed
ORD-0057067,R-0136,2026-01-15,28.17,app,delivery,completed
ORD-0057068,R-0136,2026-01-12,54.71,app,delivery,completed
ORD-0057069,R-0136,2026-01-04,19.88,app,pickup,completed
ORD-0057070,R-0136,2026-01-21,11.21,app,pickup,COMPLETED
ORD-0057071,R-0136,2026-01-30,38.69,app,delivery,completed
ORD-0057072,R-0136,2026-01-28,16.16,app,delivery,completed
ORD-0057073,R-0136,2026-01-05,25.64,app,pickup,completed
ORD-0057074,R-0136,2026-01-23,34.33,app,delivery,COMPLETED
ORD-0057075,R-0136,2026-01-16,31.96,app,delivery,completed
ORD-0057076,R-0136,2026-01-19,40.43,app,pickup,completed
ORD-0057077,R-0136,2026-01-05,17.87,app,delivery,completed
ORD-0057078,R-0136,2026-01-18,27.39,app,delivery,completed
ORD-0057295,R-0140,2026-01-17,49.87,app,delivery,completed
ORD-0057296,R-0140,2026-01-31,28.75,app,delivery,completed
ORD-0057297,R-0140,2026-01-07,37.84,app,pickup,completed
ORD-0057298,R-0140,2026-01-09,24.36,web,pickup,completed
ORD-0057299,R-0140,2026-01-02,61.39,app,delivery,completed
ORD-0057300,R-0140,2026-01-11,29.98,app,delivery,completed
ORD-0057301,R-0140,2026-01-21,27.34,app,pickup,completed
ORD-0057302,R-0140,2026-01-23,34.82,web,pickup,completed
ORD-0057303,R-0140,2026-01-06,38.98,web,pickup,completed
ORD-0057304,R-0140,2026-01-22,41.39,web,delivery,Completed
ORD-0057305,R-0140,2026-01-23,32.38,app,pickup,completed
ORD-0057306,R-0140,2026-01-30,65.28,web,delivery,completed
ORD-0057307,R-0140,2026-01-02,37.04,app,pickup,completed
ORD-0057308,R-0140,2026-01-02,50.50,app,delivery,completed
ORD-0057309,R-0140,2026-01-26,33.90,app,delivery,completed
ORD-0057310,R-0140,2026-01-01,63.51,app,delivery,completed
ORD-0057311,R-0140,2026-01-04,100.91,app,delivery,completed
ORD-0057312,R-0140,2026-01-01,33.55,app,pickup,Completed
ORD-0057313,R-0140,2026-01-08,53.97,web,delivery,completed
ORD-0057314,R-0140,2026-01-28,46.73,app,pickup,completed
ORD-0057315,R-0140,2026-01-08,62.31,web,pickup,Completed
ORD-0058049,R-0141,2026-01-23,38.76,web,delivery,completed
ORD-0058050,R-0141,2026-01-11,20.53,web,pickup,completed
ORD-0058051,R-0141,2026-01-03,15.25,app,delivery,completed
ORD-0058052,R-0141,2026-01-20,19.59,web,delivery,completed
ORD-0058053,R-0141,2026-01-24,16.62,web,delivery,completed
ORD-0058054,R-0141,2026-01-24,40.06,web,pickup,completed
ORD-0058055,R-0141,2026-01-29,17.00,web,pickup,completed
ORD-0058056,R-0141,2026-01-15,29.22,app,pickup,completed
ORD-0058057,R-0141,2026-01-14,34.54,app,delivery,completed
ORD-0058058,R-0141,2026-01-25,20.15,web,delivery,refunded
ORD-0058059,R-0141,2026-01-24,27.32,web,delivery,completed
ORD-0058060,R-0141,2026-01-11,35.35,app,delivery,completed
ORD-0058061,R-0141,2026-01-10,14.15,app,delivery,Completed
ORD-0058062,R-0141,2026-01-10,13.31,web,delivery,completed
ORD-0058063,R-0141,2026-01-11,34.58,app,pickup,completed
ORD-0058064,R-0141,2026-01-29,25.32,web,delivery,completed
ORD-0058065,R-0141,2026-01-20,14.81,app,delivery,COMPLETED
ORD-0058066,R-0141,2026-01-30,26.12,app,delivery,completed
ORD-0058067,R-0141,2026-01-21,40.72,app,pickup,completed
ORD-0058068,R-0141,2026-01-31,16.48,web,pickup,completed
ORD-0058069,R-0141,2026-01-30,12.30,web,pickup,COMPLETED
ORD-0058070,R-0141,2026-01-16,16.42,web,pickup,completed
ORD-0058071,R-0141,2026-01-21,23.34,app,delivery,completed
ORD-0058072,R-0141,2026-01-24,12.29,app,pickup,completed
ORD-0058073,R-0141,2026-01-04,18.39,web,delivery,completed
ORD-0058074,R-0141,2026-01-26,22.71,web,pickup,completed
ORD-0058075,R-0141,2026-01-09,35.94,web,delivery,completed
ORD-0058076,R-0141,2026-01-06,10.76,web,delivery,completed
ORD-0058077,R-0141,2026-01-27,28.15,app,pickup,completed
ORD-0058078,R-0141,2026-01-09,26.40,web,pickup,completed
ORD-0058079,R-0141,2026-01-16,26.21,web,pickup,completed
ORD-0058080,R-0141,2026-01-30,28.07,app,pickup,COMPLETED
ORD-0058081,R-0141,2026-01-16,67.19,app,pickup,completed
ORD-0058082,R-0141,2026-01-16,28.36,app,pickup,cancelled
ORD-0058083,R-0141,2026-01-25,31.84,app,pickup,completed
ORD-0058084,R-0141,2026-01-31,20.76,web,delivery,COMPLETED
ORD-0058085,R-0141,2026-01-19,10.62,app,delivery,completed
ORD-0058086,R-0141,2026-01-03,18.99,app,pickup,completed
ORD-0058087,R-0141,2026-01-03,18.77,web,pickup,completed
ORD-0058088,R-0141,2026-01-30,22.75,web,delivery,completed
ORD-0058089,R-0141,2026-01-16,29.17,app,pickup,completed
ORD-0058090,R-0141,2026-01-04,26.63,web,pickup,completed
ORD-0058091,R-0141,2026-01-16,44.89,web,pickup,completed
ORD-0058092,R-0141,2026-01-18,33.52,web,pickup,completed
ORD-0058093,R-0141,2026-01-17,16.39,app,pickup,COMPLETED
ORD-0058094,R-0141,2026-01-13,28.09,app,delivery,completed
ORD-0058095,R-0141,2026-01-17,27.48,web,pickup,completed
ORD-0058096,R-0141,2026-01-22,13.21,app,pickup,completed
ORD-0058097,R-0141,2026-01-25,23.43,app,pickup,COMPLETED
ORD-0058098,R-0141,2026-01-03,22.37,app,pickup,completed
ORD-0058099,R-0141,2026-01-19,14.03,web,delivery,completed
ORD-0058100,R-0141,2026-01-21,26.23,web,pickup,Completed
ORD-0058101,R-0141,2026-01-30,31.94,web,pickup,COMPLETED
ORD-0058102,R-0141,2026-01-25,15.08,app,delivery,completed
ORD-0058103,R-0141,2026-01-22,30.19,app,delivery,completed
ORD-0058104,R-0141,2026-01-24,25.19,web,pickup,COMPLETED
ORD-0058105,R-0141,2026-01-01,20.69,app,delivery,completed
ORD-0058106,R-0141,2026-01-09,21.30,app,pickup,completed
ORD-0058107,R-0141,2026-01-26,10.25,web,pickup,completed
ORD-0058108,R-0141,2026-01-21,12.65,web,delivery,completed
ORD-0058109,R-0141,2026-01-22,24.08,web,pickup,COMPLETED
ORD-0058110,R-0141,2026-01-07,18.06,app,delivery,completed
ORD-0058111,R-0141,2026-01-04,45.01,web,delivery,completed
ORD-0058112,R-0141,2026-01-16,10.20,app,delivery,completed
ORD-0058113,R-0141,2026-01-08,22.33,web,delivery,Completed
ORD-0058114,R-0141,2026-01-09,18.18,web,delivery,completed
ORD-0058115,R-0141,2026-01-27,33.49,web,delivery,completed
ORD-0058116,R-0141,2026-01-19,21.12,web,pickup,completed
ORD-0058984,R-0142,2026-01-14,33.39,web,pickup,completed
ORD-0058985,R-0142,2026-01-03,37.95,web,delivery,completed
ORD-0058986,R-0142,2026-01-03,25.24,app,delivery,completed
ORD-0058987,R-0142,2026-01-07,38.16,web,delivery,completed
ORD-0058988,R-0142,2026-01-31,29.26,app,delivery,completed
ORD-0058989,R-0142,2026-01-11,31.19,app,pickup,completed
ORD-0058990,R-0142,2026-01-10,25.27,web,delivery,completed
ORD-0058991,R-0142,2026-01-28,27.51,web,pickup,completed
ORD-0058992,R-0142,2026-01-02,46.46,app,pickup,completed
ORD-0058993,R-0142,2026-01-14,48.86,app,pickup,completed
ORD-0058994,R-0142,2026-01-31,23.73,web,pickup,completed
ORD-0058995,R-0142,2026-01-16,33.32,web,pickup,completed
ORD-0058996,R-0142,2026-01-30,37.98,app,pickup,completed
ORD-0058997,R-0142,2026-01-23,35.03,app,pickup,completed
ORD-0058998,R-0142,2026-01-09,48.81,app,delivery,completed
ORD-0058999,R-0142,2026-01-16,39.86,app,pickup,completed
ORD-0059000,R-0142,2026-01-11,26.98,web,delivery,completed
ORD-0059001,R-0142,2026-01-06,29.79,app,pickup,completed
ORD-0059002,R-0142,2026-01-31,25.68,app,delivery,completed
ORD-0059003,R-0142,2026-01-24,40.93,app,delivery,completed
ORD-0059004,R-0142,2026-01-10,42.78,app,delivery,completed
ORD-0059005,R-0142,2026-01-04,21.80,app,delivery,completed
ORD-0059006,R-0142,2026-01-11,42.85,app,pickup,completed
ORD-0059007,R-0142,2026-01-09,34.35,app,delivery,completed
ORD-0059008,R-0142,2026-01-04,25.42,app,delivery,completed
ORD-0059009,R-0142,2026-01-21,39.80,web,pickup,completed
ORD-0059010,R-0142,2026-01-17,46.16,web,pickup,COMPLETED
ORD-0059011,R-0142,2026-01-18,33.49,app,delivery,completed
ORD-0059567,R-0145,2026-01-20,53.67,web,delivery,completed
ORD-0059568,R-0145,2026-01-19,25.96,app,delivery,completed
ORD-0059569,R-0145,2026-01-23,19.13,app,delivery,cancelled
ORD-0059570,R-0145,2026-01-09,22.48,app,delivery,COMPLETED
ORD-0059571,R-0145,2026-01-31,28.90,app,delivery,completed
ORD-0059572,R-0145,2026-01-08,31.07,web,pickup,Completed
ORD-0059573,R-0145,2026-01-03,23.90,web,delivery,completed
ORD-0059574,R-0145,2026-01-12,27.63,app,pickup,completed
ORD-0059575,R-0145,2026-01-15,18.22,app,delivery,Completed
ORD-0059576,R-0145,2026-01-18,23.16,web,delivery,completed
ORD-0059577,R-0145,2026-01-30,42.96,web,delivery,completed
ORD-0059578,R-0145,2026-01-14,26.98,app,pickup,completed
ORD-0059579,R-0145,2026-01-23,14.81,app,delivery,completed
ORD-0059580,R-0145,2026-01-30,30.17,app,delivery,Completed
ORD-0059581,R-0145,2026-01-30,34.31,app,delivery,completed
ORD-0059582,R-0145,2026-01-18,32.14,web,pickup,completed
ORD-0059583,R-0145,2026-01-16,33.99,app,delivery,completed
ORD-0059584,R-0145,2026-01-28,19.15,app,delivery,completed
ORD-0059585,R-0145,2026-01-26,35.91,web,delivery,completed
ORD-0059586,R-0145,2026-01-16,28.15,app,pickup,completed
ORD-0059587,R-0145,2026-01-04,21.06,app,pickup,completed
ORD-0059588,R-0145,2026-01-25,25.50,web,delivery,completed
ORD-0059589,R-0145,2026-01-05,32.57,app,delivery,completed
ORD-0059590,R-0145,2026-01-19,26.51,app,delivery,completed
ORD-0059591,R-0145,2026-01-07,33.83,web,delivery,cancelled
ORD-0059592,R-0145,2026-01-16,25.45,web,delivery,COMPLETED
ORD-0059593,R-0145,2026-01-29,22.08,web,delivery,Completed
ORD-0059594,R-0145,2026-01-09,21.66,app,pickup,completed
ORD-0059595,R-0145,2026-01-07,18.47,web,delivery,completed
ORD-0059596,R-0145,2026-01-21,28.57,web,delivery,completed
ORD-0059597,R-0145,2026-01-28,27.15,web,delivery,Completed
ORD-0059598,R-0145,2026-01-09,32.36,app,delivery,completed
ORD-0059599,R-0145,2026-01-04,25.53,web,delivery,COMPLETED
ORD-0059600,R-0145,2026-01-11,22.78,web,pickup,completed
ORD-0059601,R-0145,2026-01-14,24.18,web,delivery,completed
ORD-0059602,R-0145,2026-01-24,22.05,app,delivery,cancelled
ORD-0059603,R-0145,2026-01-10,25.38,web,delivery,completed
ORD-0059604,R-0145,2026-01-25,26.77,app,delivery,Completed
ORD-0059605,R-0145,2026-01-08,22.00,app,delivery,completed
ORD-0059606,R-0145,2026-01-29,31.69,app,delivery,completed
ORD-0059607,R-0145,2026-01-28,48.24,web,delivery,completed
ORD-0059608,R-0145,2026-01-28,30.31,web,pickup,completed
ORD-0059609,R-0145,2026-01-17,23.54,web,delivery,completed
ORD-0059610,R-0145,2026-01-29,41.36,app,pickup,completed
ORD-0059611,R-0145,2026-01-29,26.82,app,delivery,completed
ORD-0059612,R-0145,2026-01-14,34.86,app,delivery,completed
ORD-0059613,R-0145,2026-01-25,31.68,app,pickup,completed
ORD-0059614,R-0145,2026-01-07,26.34,app,pickup,completed
ORD-0059615,R-0145,2026-01-30,25.62,web,delivery,completed
ORD-0059616,R-0145,2026-01-04,50.74,app,delivery,completed
ORD-0059617,R-0145,2026-01-14,23.32,app,delivery,completed
ORD-0059618,R-0145,2026-01-24,25.18,app,delivery,completed
ORD-0059619,R-0145,2026-01-18,26.27,app,delivery,COMPLETED
ORD-0059620,R-0145,2026-01-07,12.36,app,delivery,completed
ORD-0059621,R-0145,2026-01-04,35.91,app,pickup,completed
ORD-0059622,R-0145,2026-01-27,15.39,web,delivery,completed
ORD-0059623,R-0145,2026-01-08,31.11,app,delivery,completed
ORD-0059624,R-0145,2026-01-31,34.55,app,delivery,completed
ORD-0059625,R-0145,2026-01-17,32.15,app,pickup,completed
ORD-0059626,R-0145,2026-01-18,23.73,web,delivery,COMPLETED
ORD-0059627,R-0145,2026-01-02,27.58,app,delivery,cancelled
ORD-0059628,R-0145,2026-01-30,20.80,web,delivery,completed
ORD-0059629,R-0145,2026-01-04,21.60,app,delivery,completed
ORD-0059630,R-0145,2026-01-17,33.13,app,delivery,COMPLETED
ORD-0059631,R-0145,2026-01-03,38.81,app,pickup,completed
ORD-0059632,R-0145,2026-01-20,45.33,app,delivery,completed
ORD-0059633,R-0145,2026-01-03,15.15,app,delivery,completed
ORD-0059634,R-0145,2026-01-14,22.58,app,delivery,COMPLETED
ORD-0059635,R-0145,2026-01-28,41.43,app,delivery,completed
ORD-0059636,R-0145,2026-01-09,29.34,app,pickup,completed
ORD-0059637,R-0145,2026-01-25,25.33,web,delivery,completed
ORD-0059638,R-0145,2026-01-22,27.03,app,delivery,completed
ORD-0059639,R-0145,2026-01-31,16.65,web,delivery,completed
ORD-0059640,R-0145,2026-01-03,28.09,app,pickup,completed
ORD-0059641,R-0145,2026-01-25,27.64,web,pickup,COMPLETED
ORD-0059642,R-0145,2026-01-13,24.06,web,delivery,completed
ORD-0059643,R-0145,2026-01-26,21.40,web,delivery,completed
ORD-0059644,R-0145,2026-01-20,37.18,web,delivery,completed
ORD-0059645,R-0145,2026-01-16,29.58,app,delivery,completed
ORD-0059646,R-0145,2026-01-09,26.23,web,pickup,completed
ORD-0059647,R-0145,2026-01-12,13.26,web,delivery,COMPLETED
ORD-0059648,R-0145,2026-01-29,16.56,web,delivery,completed
ORD-0059649,R-0145,2026-01-16,26.86,app,delivery,completed
ORD-0059650,R-0145,2026-01-05,30.21,app,delivery,completed
ORD-0059651,R-0145,2026-01-15,42.10,app,pickup,refunded
ORD-0059652,R-0145,2026-01-02,51.65,app,pickup,completed
ORD-0059653,R-0145,2026-01-04,16.52,app,delivery,completed
ORD-0059654,R-0145,2026-01-09,34.10,web,delivery,completed
ORD-0059655,R-0145,2026-01-16,39.38,web,delivery,completed
ORD-0059656,R-0145,2026-01-06,28.84,app,delivery,completed
ORD-0059657,R-0145,2026-01-17,36.58,app,delivery,completed
ORD-0059658,R-0145,2026-01-16,23.70,web,delivery,completed
ORD-0059659,R-0145,2026-01-19,28.38,web,delivery,completed
ORD-0059660,R-0145,2026-01-02,43.87,app,delivery,completed
ORD-0059661,R-0145,2026-01-01,27.63,web,delivery,completed
ORD-0059662,R-0145,2026-01-13,23.04,app,delivery,completed
ORD-0059663,R-0145,2026-01-27,31.69,web,pickup,completed
ORD-0059664,R-0145,2026-01-07,28.75,app,delivery,completed
ORD-0059665,R-0145,2026-01-12,41.95,web,delivery,completed
ORD-0059666,R-0145,2026-01-12,23.34,web,pickup,refunded
ORD-0059667,R-0145,2026-01-05,32.74,app,delivery,completed
ORD-0061153,R-0152,2026-01-31,31.46,app,pickup,completed
ORD-0061154,R-0152,2026-01-25,35.64,web,delivery,completed
ORD-0061155,R-0152,2026-01-29,21.80,web,delivery,completed
ORD-0061156,R-0152,2026-01-26,16.54,app,delivery,completed
ORD-0061157,R-0152,2026-01-24,20.94,web,delivery,COMPLETED
ORD-0061416,R-0153,2026-01-20,22.40,web,delivery,COMPLETED
ORD-0061417,R-0153,2026-01-29,14.29,app,delivery,completed
ORD-0061418,R-0153,2026-01-23,18.81,web,pickup,completed
ORD-0062077,R-0154,2026-01-05,40.51,web,delivery,completed
ORD-0062078,R-0154,2026-01-30,15.45,app,delivery,completed
ORD-0062079,R-0154,2026-01-01,28.55,web,delivery,completed
ORD-0062080,R-0154,2026-01-24,47.85,app,delivery,completed
ORD-0062081,R-0154,2026-01-02,45.98,app,delivery,completed
ORD-0062082,R-0154,2026-01-18,16.43,web,delivery,completed
ORD-0062083,R-0154,2026-01-23,17.02,web,delivery,completed
ORD-0062084,R-0154,2026-01-22,75.35,app,delivery,completed
ORD-0062085,R-0154,2026-01-24,44.28,app,delivery,Completed
ORD-0062086,R-0154,2026-01-06,53.57,app,delivery,completed
ORD-0062087,R-0154,2026-01-17,23.79,web,delivery,completed
ORD-0062088,R-0154,2026-01-10,45.53,web,delivery,completed
ORD-0062089,R-0154,2026-01-06,35.77,app,delivery,completed
ORD-0062090,R-0154,2026-01-14,12.79,app,delivery,completed
ORD-0062091,R-0154,2026-01-23,33.40,web,delivery,completed
ORD-0062092,R-0154,2026-01-28,21.91,app,delivery,COMPLETED
ORD-0062093,R-0154,2026-01-27,33.36,web,delivery,cancelled
ORD-0062094,R-0154,2026-01-18,72.75,app,delivery,completed
ORD-0062095,R-0154,2026-01-04,55.00,app,delivery,completed
ORD-0062096,R-0154,2026-01-02,49.05,web,delivery,completed
ORD-0062097,R-0154,2026-01-29,44.03,app,delivery,completed
ORD-0062098,R-0154,2026-01-21,12.24,web,delivery,completed
ORD-0062099,R-0154,2026-01-23,97.56,app,delivery,completed
ORD-0062100,R-0154,2026-01-25,37.83,web,delivery,completed
ORD-0062101,R-0154,2026-01-04,45.66,app,delivery,completed
ORD-0062102,R-0154,2026-01-13,28.06,app,delivery,COMPLETED
ORD-0062103,R-0154,2026-01-13,23.10,web,delivery,COMPLETED
ORD-0062104,R-0154,2026-01-30,68.85,web,delivery,completed
ORD-0062105,R-0154,2026-01-17,23.46,web,delivery,completed
ORD-0062106,R-0154,2026-01-10,23.70,app,delivery,completed
ORD-0062107,R-0154,2026-01-21,29.88,web,delivery,completed
ORD-0062108,R-0154,2026-01-25,64.37,app,delivery,completed
ORD-0062109,R-0154,2026-01-17,38.73,web,delivery,completed
ORD-0062110,R-0154,2026-01-28,19.46,app,delivery,completed
ORD-0062111,R-0154,2026-01-16,38.00,app,delivery,completed
ORD-0062112,R-0154,2026-01-31,20.69,web,delivery,completed
ORD-0062113,R-0154,2026-01-24,41.39,web,delivery,Cancelled
ORD-0062114,R-0154,2026-01-17,21.40,app,delivery,completed
ORD-0062115,R-0154,2026-01-02,53.32,web,delivery,completed
ORD-0062116,R-0154,2026-01-05,75.90,app,delivery,completed
ORD-0062117,R-0154,2026-01-27,19.28,web,delivery,completed
ORD-0062118,R-0154,2026-01-25,48.47,app,delivery,cancelled
ORD-0062119,R-0154,2026-01-22,55.86,web,delivery,completed
ORD-0062120,R-0154,2026-01-01,19.78,app,delivery,completed
ORD-0062121,R-0154,2026-01-23,32.59,web,delivery,COMPLETED
ORD-0062122,R-0154,2026-01-19,30.72,web,delivery,completed
ORD-0062123,R-0154,2026-01-10,33.16,app,delivery,completed
ORD-0062124,R-0154,2026-01-10,46.01,app,delivery,COMPLETED
ORD-0062125,R-0154,2026-01-31,57.04,web,delivery,completed
ORD-0062126,R-0154,2026-01-12,38.80,app,delivery,completed
ORD-0062127,R-0154,2026-01-02,21.57,app,delivery,completed
ORD-0062128,R-0154,2026-01-09,21.15,app,delivery,completed
ORD-0062129,R-0154,2026-01-26,49.03,app,delivery,completed
ORD-0062130,R-0154,2026-01-03,36.01,app,delivery,completed
ORD-0062131,R-0154,2026-01-31,21.95,app,delivery,completed
ORD-0062132,R-0154,2026-01-30,31.52,web,delivery,completed
ORD-0062133,R-0154,2026-01-15,29.89,web,delivery,completed
ORD-0062134,R-0154,2026-01-23,52.88,app,delivery,completed
ORD-0062135,R-0154,2026-01-13,22.27,web,delivery,completed
ORD-0062136,R-0154,2026-01-17,43.49,web,delivery,completed
ORD-0062137,R-0154,2026-01-03,56.31,app,delivery,completed
ORD-0062138,R-0154,2026-01-10,40.28,web,delivery,completed
ORD-0062139,R-0154,2026-01-13,23.17,app,delivery,completed
ORD-0062140,R-0154,2026-01-21,44.90,app,delivery,completed
ORD-0062141,R-0154,2026-01-31,49.11,web,delivery,completed
ORD-0062768,R-0155,2026-01-31,32.51,web,pickup,completed
ORD-0062769,R-0155,2026-01-31,45.84,app,pickup,completed
ORD-0062770,R-0155,2026-01-02,19.20,app,delivery,completed
ORD-0062771,R-0155,2026-01-02,27.28,web,pickup,cancelled
ORD-0062772,R-0155,2026-01-02,23.57,app,delivery,completed
ORD-0062773,R-0155,2026-01-29,17.07,web,delivery,completed
ORD-0062774,R-0155,2026-01-22,24.19,web,delivery,completed
ORD-0062775,R-0155,2026-01-20,25.00,app,pickup,completed
ORD-0062776,R-0155,2026-01-04,37.46,web,delivery,cancelled
ORD-0062777,R-0155,2026-01-21,25.68,web,delivery,Completed
ORD-0062778,R-0155,2026-01-09,31.16,web,delivery,COMPLETED
ORD-0062779,R-0155,2026-01-14,22.68,app,delivery,completed
ORD-0062780,R-0155,2026-01-10,32.84,web,delivery,completed
ORD-0062781,R-0155,2026-01-22,17.99,app,pickup,completed
ORD-0062782,R-0155,2026-01-18,30.05,app,delivery,completed
ORD-0062783,R-0155,2026-01-01,11.00,web,pickup,completed
ORD-0062784,R-0155,2026-01-17,27.51,app,delivery,completed
ORD-0062785,R-0155,2026-01-02,49.58,web,delivery,completed
ORD-0062786,R-0155,2026-01-24,17.63,app,delivery,completed
ORD-0062787,R-0155,2026-01-07,25.75,app,delivery,completed
ORD-0062788,R-0155,2026-01-19,17.61,web,delivery,COMPLETED
ORD-0062789,R-0155,2026-01-11,28.99,app,delivery,completed
ORD-0062790,R-0155,2026-01-29,24.08,web,delivery,completed
ORD-0062791,R-0155,2026-01-19,17.05,app,delivery,completed
ORD-0062792,R-0155,2026-01-24,26.33,web,delivery,completed
ORD-0062793,R-0155,2026-01-05,25.37,web,delivery,completed
ORD-0062794,R-0155,2026-01-24,29.29,app,delivery,completed
ORD-0062795,R-0155,2026-01-30,39.75,web,delivery,COMPLETED
ORD-0062796,R-0155,2026-01-17,30.80,app,delivery,completed
ORD-0062797,R-0155,2026-01-30,32.17,web,pickup,completed
ORD-0062798,R-0155,2026-01-30,49.92,web,delivery,COMPLETED
ORD-0062799,R-0155,2026-01-05,32.04,app,pickup,completed
ORD-0062800,R-0155,2026-01-29,35.56,web,delivery,completed
ORD-0062801,R-0155,2026-01-03,40.56,web,delivery,completed
ORD-0062802,R-0155,2026-01-02,53.57,web,pickup,Completed
ORD-0062803,R-0155,2026-01-13,26.26,app,pickup,Completed
ORD-0062804,R-0155,2026-01-24,22.55,app,delivery,completed
ORD-0062805,R-0155,2026-01-31,41.94,app,delivery,completed
ORD-0062806,R-0155,2026-01-28,27.98,app,pickup,completed
ORD-0062807,R-0155,2026-01-04,45.93,web,delivery,COMPLETED
ORD-0062808,R-0155,2026-01-12,29.17,web,delivery,cancelled
ORD-0062809,R-0155,2026-01-23,33.18,web,delivery,completed
ORD-0062810,R-0155,2026-01-19,21.95,web,delivery,completed
ORD-0062811,R-0155,2026-01-03,33.14,app,delivery,completed
ORD-0062812,R-0155,2026-01-07,19.84,web,delivery,COMPLETED
ORD-0062813,R-0155,2026-01-05,41.85,web,delivery,completed
ORD-0062814,R-0155,2026-01-18,40.86,web,delivery,completed
ORD-0062815,R-0155,2026-01-19,27.53,app,pickup,completed
ORD-0062816,R-0155,2026-01-10,20.94,web,delivery,completed
ORD-0062817,R-0155,2026-01-19,39.08,web,delivery,completed
ORD-0062818,R-0155,2026-01-17,14.29,web,pickup,completed
ORD-0062819,R-0155,2026-01-13,17.56,app,delivery,COMPLETED
ORD-0062820,R-0155,2026-01-18,29.55,app,pickup,completed
ORD-0062821,R-0155,2026-01-09,21.83,app,delivery,completed
ORD-0062822,R-0155,2026-01-10,32.76,web,delivery,completed
ORD-0062823,R-0155,2026-01-25,32.77,web,delivery,completed
ORD-0062824,R-0155,2026-01-25,26.51,app,pickup,completed
ORD-0062825,R-0155,2026-01-02,23.58,app,delivery,completed
ORD-0062826,R-0155,2026-01-03,9.83,web,pickup,completed
ORD-0062827,R-0155,2026-01-17,34.71,web,delivery,completed
ORD-0062828,R-0155,2026-01-10,26.19,web,delivery,completed
ORD-0062829,R-0155,2026-01-23,45.29,app,delivery,completed
ORD-0062830,R-0155,2026-01-02,44.56,web,delivery,COMPLETED
ORD-0062831,R-0155,2026-01-05,36.75,web,delivery,completed
ORD-0062832,R-0155,2026-01-17,17.96,web,delivery,cancelled
ORD-0062833,R-0155,2026-01-30,22.35,web,pickup,completed
ORD-0062834,R-0155,2026-01-19,17.78,web,delivery,completed
ORD-0062835,R-0155,2026-01-04,29.73,web,pickup,completed
ORD-0062836,R-0155,2026-01-03,20.83,app,delivery,completed
ORD-0062837,R-0155,2026-01-28,31.51,web,delivery,completed
ORD-0062838,R-0155,2026-01-30,28.97,web,delivery,completed
ORD-0062839,R-0155,2026-01-03,32.99,web,delivery,completed
ORD-0062840,R-0155,2026-01-03,18.70,web,pickup,completed
ORD-0062841,R-0155,2026-01-24,26.46,web,delivery,completed
ORD-0062842,R-0155,2026-01-18,41.55,app,pickup,completed
ORD-0062843,R-0155,2026-01-17,42.93,app,pickup,completed
ORD-0062844,R-0155,2026-01-17,18.79,app,pickup,completed
ORD-0062845,R-0155,2026-01-15,31.24,app,pickup,completed
ORD-0062846,R-0155,2026-01-17,19.40,app,delivery,completed
ORD-0062847,R-0155,2026-01-31,25.09,app,pickup,Completed
ORD-0062848,R-0155,2026-01-01,20.11,web,delivery,completed
ORD-0062849,R-0155,2026-01-16,22.01,web,delivery,CANCELLED
ORD-0062850,R-0155,2026-01-11,28.92,web,delivery,completed
ORD-0062851,R-0155,2026-01-10,12.07,web,delivery,completed
ORD-0062852,R-0155,2026-01-01,22.01,app,pickup,completed
ORD-0062853,R-0155,2026-01-09,28.92,app,delivery,completed
ORD-0062854,R-0155,2026-01-09,18.07,web,delivery,completed
ORD-0062855,R-0155,2026-01-05,28.20,app,delivery,completed
ORD-0062856,R-0155,2026-01-21,22.71,web,delivery,completed
ORD-0062857,R-0155,2026-01-31,19.64,app,delivery,completed
ORD-0062858,R-0155,2026-01-11,32.72,web,delivery,completed
ORD-0062859,R-0155,2026-01-24,61.84,app,pickup,completed
ORD-0062860,R-0155,2026-01-30,17.76,app,delivery,completed
ORD-0062861,R-0155,2026-01-29,22.42,web,delivery,completed
ORD-0062862,R-0155,2026-01-04,20.00,web,delivery,completed
ORD-0062863,R-0155,2026-01-29,26.83,web,delivery,Completed
ORD-0064128,R-0158,2026-01-31,37.33,web,pickup,completed
ORD-0064129,R-0158,2026-01-29,41.11,app,delivery,cancelled
ORD-0064130,R-0158,2026-01-09,71.29,web,delivery,completed
ORD-0064131,R-0158,2026-01-04,36.78,web,delivery,Completed
ORD-0064132,R-0158,2026-01-06,40.21,web,delivery,completed
ORD-0064133,R-0158,2026-01-22,39.85,web,pickup,completed
ORD-0064134,R-0158,2026-01-09,44.38,web,delivery,completed
ORD-0064135,R-0158,2026-01-29,22.51,app,pickup,completed
ORD-0064136,R-0158,2026-01-24,57.89,app,delivery,COMPLETED
ORD-0064137,R-0158,2026-01-23,29.17,app,pickup,completed
ORD-0064138,R-0158,2026-01-11,33.60,app,delivery,completed
ORD-0064139,R-0158,2026-01-02,26.91,app,delivery,completed
ORD-0064140,R-0158,2026-01-02,24.49,web,pickup,completed
ORD-0064141,R-0158,2026-01-16,28.71,app,pickup,completed
ORD-0064142,R-0158,2026-01-16,49.29,web,pickup,CANCELLED
ORD-0064143,R-0158,2026-01-10,49.07,app,pickup,completed
ORD-0064144,R-0158,2026-01-02,32.15,app,delivery,completed
ORD-0064145,R-0158,2026-01-17,50.19,app,delivery,COMPLETED
ORD-0064146,R-0158,2026-01-03,33.19,web,pickup,completed
ORD-0064147,R-0158,2026-01-15,33.26,app,delivery,completed
ORD-0064148,R-0158,2026-01-18,25.86,web,delivery,completed
ORD-0064149,R-0158,2026-01-08,48.93,app,delivery,completed
ORD-0064150,R-0158,2026-01-02,41.94,web,pickup,completed
ORD-0064151,R-0158,2026-01-18,34.73,web,pickup,completed
ORD-0064152,R-0158,2026-01-27,35.86,web,delivery,Completed
ORD-0064153,R-0158,2026-01-09,12.66,app,delivery,completed
ORD-0064154,R-0158,2026-01-31,30.64,app,delivery,completed
ORD-0064155,R-0158,2026-01-16,39.34,app,delivery,COMPLETED
ORD-0064156,R-0158,2026-01-27,56.68,app,pickup,completed
ORD-0064157,R-0158,2026-01-17,37.55,app,delivery,completed
ORD-0064158,R-0158,2026-01-30,70.63,app,delivery,completed
ORD-0064159,R-0158,2026-01-11,21.35,app,delivery,completed
ORD-0064160,R-0158,2026-01-03,21.51,app,pickup,completed
ORD-0064161,R-0158,2026-01-16,54.23,web,delivery,COMPLETED
ORD-0064162,R-0158,2026-01-07,63.74,app,delivery,completed
ORD-0064163,R-0158,2026-01-07,35.70,app,delivery,completed
ORD-0064164,R-0158,2026-01-06,25.24,web,delivery,completed
ORD-0064165,R-0158,2026-01-19,40.04,app,delivery,COMPLETED
ORD-0064166,R-0158,2026-01-10,34.02,app,pickup,completed
ORD-0064167,R-0158,2026-01-18,43.55,app,pickup,completed
ORD-0064168,R-0158,2026-01-22,26.05,app,pickup,completed
ORD-0064169,R-0158,2026-01-21,65.51,app,delivery,completed
ORD-0064170,R-0158,2026-01-16,76.99,app,delivery,completed
ORD-0064171,R-0158,2026-01-16,31.70,web,pickup,completed
ORD-0064172,R-0158,2026-01-20,28.11,app,delivery,completed
ORD-0064173,R-0158,2026-01-19,17.77,app,delivery,completed
ORD-0064174,R-0158,2026-01-08,51.02,app,delivery,completed
ORD-0064175,R-0158,2026-01-25,33.89,web,pickup,completed
ORD-0064176,R-0158,2026-01-19,28.27,web,delivery,Completed
ORD-0064177,R-0158,2026-01-17,55.30,app,pickup,completed
ORD-0064178,R-0158,2026-01-31,26.71,app,delivery,COMPLETED
ORD-0064179,R-0158,2026-01-02,31.35,web,delivery,completed
ORD-0065080,R-0160,2026-01-09,22.91,web,delivery,completed
ORD-0065081,R-0160,2026-01-18,49.54,app,delivery,completed
ORD-0065082,R-0160,2026-01-21,32.04,app,delivery,completed
ORD-0065083,R-0160,2026-01-09,40.07,web,delivery,completed
ORD-0065084,R-0160,2026-01-26,26.67,web,delivery,completed
ORD-0065085,R-0160,2026-01-10,24.94,app,delivery,completed
ORD-0065086,R-0160,2026-01-19,53.97,app,delivery,completed
ORD-0065087,R-0160,2026-01-05,49.80,web,delivery,completed
ORD-0065088,R-0160,2026-01-28,28.69,app,delivery,Completed
ORD-0065089,R-0160,2026-01-10,29.94,app,delivery,Completed
ORD-0065090,R-0160,2026-01-11,48.97,web,delivery,completed
ORD-0065091,R-0160,2026-01-27,30.64,app,delivery,Completed
ORD-0065092,R-0160,2026-01-30,61.57,app,delivery,completed
ORD-0065093,R-0160,2026-01-08,20.12,web,delivery,completed
ORD-0065094,R-0160,2026-01-25,44.74,web,delivery,completed
ORD-0065095,R-0160,2026-01-24,33.78,web,delivery,COMPLETED
ORD-0065096,R-0160,2026-01-31,24.54,web,delivery,completed
ORD-0065097,R-0160,2026-01-17,23.32,app,delivery,completed
ORD-0065098,R-0160,2026-01-20,31.72,app,delivery,completed
ORD-0065470,R-0161,2026-01-10,45.78,web,pickup,completed
ORD-0065471,R-0161,2026-01-30,45.43,app,delivery,Completed
ORD-0065472,R-0161,2026-01-03,52.88,app,delivery,completed
ORD-0065473,R-0161,2026-01-12,47.89,web,delivery,Completed
ORD-0065474,R-0161,2026-01-18,33.96,app,delivery,completed
ORD-0065475,R-0161,2026-01-10,42.81,app,delivery,completed
ORD-0065476,R-0161,2026-01-21,28.29,web,pickup,cancelled
ORD-0065477,R-0161,2026-01-13,40.29,web,delivery,completed
ORD-0065478,R-0161,2026-01-23,33.25,web,pickup,completed
ORD-0065479,R-0161,2026-01-02,74.07,app,pickup,completed
ORD-0065480,R-0161,2026-01-17,43.04,web,delivery,completed
ORD-0065481,R-0161,2026-01-25,43.23,app,delivery,completed
ORD-0065482,R-0161,2026-01-10,42.60,web,pickup,completed
ORD-0065483,R-0161,2026-01-11,60.47,web,pickup,completed
ORD-0065484,R-0161,2026-01-03,64.10,web,delivery,completed
ORD-0065485,R-0161,2026-01-27,39.90,web,pickup,completed
ORD-0065486,R-0161,2026-01-20,49.00,web,pickup,completed
ORD-0065487,R-0161,2026-01-18,45.18,app,delivery,completed
ORD-0065488,R-0161,2026-01-26,36.64,app,delivery,completed
ORD-0065489,R-0161,2026-01-06,24.83,app,pickup,completed
ORD-0065490,R-0161,2026-01-15,28.54,web,pickup,COMPLETED
ORD-0065491,R-0161,2026-01-17,44.59,web,pickup,completed
ORD-0065492,R-0161,2026-01-10,42.69,app,pickup,completed
ORD-0065493,R-0161,2026-01-24,60.22,app,delivery,completed
ORD-0065494,R-0161,2026-01-30,30.47,web,pickup,COMPLETED
ORD-0065495,R-0161,2026-01-23,91.88,web,pickup,completed
ORD-0065496,R-0161,2026-01-30,54.40,web,pickup,Completed
ORD-0065497,R-0161,2026-01-02,36.77,app,delivery,completed
ORD-0065498,R-0161,2026-01-26,56.12,web,delivery,Completed
ORD-0065499,R-0161,2026-01-17,45.81,app,pickup,completed
ORD-0065500,R-0161,2026-01-16,43.46,web,pickup,completed
ORD-0065501,R-0161,2026-01-30,62.59,app,delivery,COMPLETED
ORD-0065502,R-0161,2026-01-08,25.99,web,pickup,Cancelled
ORD-0065503,R-0161,2026-01-27,62.78,web,pickup,completed
ORD-0065504,R-0161,2026-01-09,34.10,app,pickup,completed
ORD-0065505,R-0161,2026-01-13,99.64,app,pickup,completed
ORD-0065506,R-0161,2026-01-07,32.57,web,delivery,completed
ORD-0065507,R-0161,2026-01-24,28.86,app,pickup,completed
ORD-0065508,R-0161,2026-01-16,74.52,app,pickup,completed
ORD-0065509,R-0161,2026-01-08,35.22,app,delivery,completed
ORD-0065510,R-0161,2026-01-24,37.17,app,pickup,completed
ORD-0065511,R-0161,2026-01-24,57.21,app,pickup,COMPLETED
ORD-0065512,R-0161,2026-01-10,51.53,web,pickup,completed
ORD-0065513,R-0161,2026-01-01,45.78,web,pickup,completed
ORD-0065514,R-0161,2026-01-02,53.98,app,pickup,completed
ORD-0065515,R-0161,2026-01-17,45.06,app,delivery,completed
ORD-0065516,R-0161,2026-01-09,35.70,app,delivery,completed
ORD-0065517,R-0161,2026-01-22,38.29,web,delivery,completed
ORD-0065518,R-0161,2026-01-07,44.67,web,pickup,completed
ORD-0065519,R-0161,2026-01-16,63.46,web,pickup,completed
ORD-0065520,R-0161,2026-01-02,46.46,app,pickup,completed
ORD-0065521,R-0161,2026-01-01,41.25,app,delivery,cancelled
ORD-0065522,R-0161,2026-01-29,53.17,web,pickup,completed
ORD-0065523,R-0161,2026-01-22,33.12,web,pickup,completed
ORD-0065524,R-0161,2026-01-13,26.43,app,pickup,completed
ORD-0065525,R-0161,2026-01-13,27.20,app,pickup,completed
ORD-0065526,R-0161,2026-01-06,28.48,app,pickup,completed
ORD-0065527,R-0161,2026-01-24,50.16,web,pickup,refunded
ORD-0065528,R-0161,2026-01-29,38.20,web,delivery,completed
ORD-0065529,R-0161,2026-01-18,32.07,app,pickup,completed
ORD-0065530,R-0161,2026-01-03,36.13,web,pickup,completed
ORD-0065531,R-0161,2026-01-09,63.33,web,pickup,completed
ORD-0065532,R-0161,2026-01-26,49.23,web,pickup,completed
ORD-0065533,R-0161,2026-01-15,21.84,app,pickup,completed
ORD-0065534,R-0161,2026-01-24,31.97,app,delivery,Completed
ORD-0065535,R-0161,2026-01-04,54.17,app,pickup,COMPLETED
ORD-0065536,R-0161,2026-01-10,66.46,app,pickup,completed
ORD-0065537,R-0161,2026-01-13,38.36,app,pickup,completed
ORD-0065538,R-0161,2026-01-05,39.95,app,pickup,completed
ORD-0065539,R-0161,2026-01-28,55.95,app,delivery,completed
ORD-0065540,R-0161,2026-01-11,105.28,web,pickup,completed
ORD-0065541,R-0161,2026-01-09,46.21,web,delivery,completed
ORD-0067407,R-0162,2026-01-27,16.65,app,delivery,completed
ORD-0067408,R-0162,2026-01-27,15.55,app,pickup,COMPLETED
ORD-0067409,R-0162,2026-01-17,30.08,web,pickup,completed
ORD-0067410,R-0162,2026-01-10,24.59,app,pickup,Completed
ORD-0067411,R-0162,2026-01-26,19.46,web,delivery,completed
ORD-0067412,R-0162,2026-01-17,50.26,app,delivery,completed
ORD-0067413,R-0162,2026-01-04,24.21,app,pickup,completed
ORD-0067414,R-0162,2026-01-21,24.09,app,delivery,COMPLETED
ORD-0067415,R-0162,2026-01-22,20.44,app,pickup,completed
ORD-0067416,R-0162,2026-01-25,19.24,web,delivery,completed
ORD-0067417,R-0162,2026-01-03,19.48,app,pickup,completed
ORD-0067418,R-0162,2026-01-24,14.43,app,delivery,completed
ORD-0067419,R-0162,2026-01-17,21.35,web,pickup,completed
ORD-0067420,R-0162,2026-01-02,37.19,web,delivery,completed
ORD-0067421,R-0162,2026-01-17,24.08,web,pickup,completed
ORD-0067422,R-0162,2026-01-25,20.03,web,pickup,completed
ORD-0067423,R-0162,2026-01-16,14.79,app,delivery,completed
ORD-0067424,R-0162,2026-01-25,16.94,web,delivery,completed
ORD-0067425,R-0162,2026-01-24,15.06,app,pickup,completed
ORD-0067426,R-0162,2026-01-23,20.91,web,delivery,completed
ORD-0067427,R-0162,2026-01-11,32.05,app,delivery,completed
ORD-0067428,R-0162,2026-01-25,22.92,web,delivery,COMPLETED
ORD-0067429,R-0162,2026-01-06,23.58,app,delivery,completed
ORD-0067430,R-0162,2026-01-30,17.30,web,pickup,refunded
ORD-0067431,R-0162,2026-01-10,29.72,app,pickup,completed
ORD-0067432,R-0162,2026-01-31,17.27,app,pickup,completed
ORD-0067433,R-0162,2026-01-08,13.48,app,pickup,completed
ORD-0067434,R-0162,2026-01-22,46.66,web,delivery,completed
ORD-0067435,R-0162,2026-01-02,17.04,web,pickup,completed
ORD-0067436,R-0162,2026-01-14,23.16,app,pickup,completed
ORD-0067437,R-0162,2026-01-02,17.64,app,pickup,completed
ORD-0067438,R-0162,2026-01-08,33.22,app,pickup,completed
ORD-0067439,R-0162,2026-01-31,24.53,web,pickup,completed
ORD-0067440,R-0162,2026-01-01,14.99,app,delivery,completed
ORD-0067441,R-0162,2026-01-11,16.73,app,delivery,completed
ORD-0067442,R-0162,2026-01-01,28.37,app,pickup,completed
ORD-0067443,R-0162,2026-01-19,10.15,app,pickup,completed
ORD-0067444,R-0162,2026-01-15,17.20,app,delivery,completed
ORD-0067445,R-0162,2026-01-23,36.80,web,delivery,completed
ORD-0067446,R-0162,2026-01-28,21.70,app,delivery,COMPLETED
ORD-0067447,R-0162,2026-01-03,19.67,web,pickup,COMPLETED
ORD-0067448,R-0162,2026-01-23,25.38,app,pickup,completed
ORD-0067449,R-0162,2026-01-27,23.38,web,pickup,completed
ORD-0067450,R-0162,2026-01-10,26.74,web,delivery,completed
ORD-0067451,R-0162,2026-01-08,17.28,app,delivery,completed
ORD-0067452,R-0162,2026-01-09,20.48,app,pickup,completed
ORD-0067453,R-0162,2026-01-23,21.12,web,pickup,completed
ORD-0067454,R-0162,2026-01-10,20.97,app,delivery,completed
ORD-0067455,R-0162,2026-01-10,19.01,app,pickup,completed
ORD-0067456,R-0162,2026-01-09,15.12,web,pickup,completed
ORD-0067457,R-0162,2026-01-11,19.91,web,pickup,completed
ORD-0067458,R-0162,2026-01-25,19.10,app,pickup,completed
ORD-0067459,R-0162,2026-01-28,17.44,app,pickup,cancelled
ORD-0067460,R-0162,2026-01-30,15.65,web,delivery,completed
ORD-0067461,R-0162,2026-01-18,17.32,app,delivery,completed
ORD-0067462,R-0162,2026-01-23,25.25,app,delivery,completed
ORD-0067463,R-0162,2026-01-17,34.72,app,delivery,Completed
ORD-0067464,R-0162,2026-01-14,17.70,web,pickup,COMPLETED
ORD-0067465,R-0162,2026-01-29,7.47,web,pickup,completed
ORD-0067466,R-0162,2026-01-22,44.85,app,delivery,completed
ORD-0067467,R-0162,2026-01-03,20.45,app,delivery,completed
ORD-0067468,R-0162,2026-01-25,19.36,web,delivery,completed
ORD-0067469,R-0162,2026-01-15,18.60,app,pickup,completed
ORD-0067470,R-0162,2026-01-18,15.56,app,pickup,completed
ORD-0067471,R-0162,2026-01-29,29.48,app,delivery,completed
ORD-0067472,R-0162,2026-01-03,11.69,app,delivery,completed
ORD-0067473,R-0162,2026-01-15,26.93,web,delivery,completed
ORD-0067474,R-0162,2026-01-30,14.63,app,pickup,completed
ORD-0067475,R-0162,2026-01-01,14.73,web,pickup,completed
ORD-0067476,R-0162,2026-01-20,17.44,web,pickup,Completed
ORD-0067477,R-0162,2026-01-14,15.20,app,delivery,CANCELLED
ORD-0067478,R-0162,2026-01-27,10.66,app,pickup,COMPLETED
ORD-0067479,R-0162,2026-01-20,13.19,app,pickup,completed
ORD-0067480,R-0162,2026-01-31,16.72,app,pickup,completed
ORD-0067481,R-0162,2026-01-31,13.99,app,pickup,completed
ORD-0067482,R-0162,2026-01-12,24.53,web,pickup,completed
ORD-0067483,R-0162,2026-01-11,45.13,app,pickup,completed
ORD-0067484,R-0162,2026-01-23,18.47,web,delivery,completed
ORD-0067485,R-0162,2026-01-15,23.76,web,delivery,completed
ORD-0067486,R-0162,2026-01-22,27.02,app,pickup,completed
ORD-0067487,R-0162,2026-01-13,18.12,app,delivery,completed
ORD-0067488,R-0162,2026-01-19,18.16,app,delivery,completed
ORD-0067489,R-0162,2026-01-28,18.33,web,pickup,cancelled
ORD-0067490,R-0162,2026-01-30,29.65,web,pickup,completed
ORD-0067491,R-0162,2026-01-26,17.11,web,delivery,completed
ORD-0067492,R-0162,2026-01-08,13.77,web,delivery,refunded
ORD-0067493,R-0162,2026-01-28,13.61,app,delivery,completed
ORD-0067494,R-0162,2026-01-11,14.98,web,delivery,completed
ORD-0067495,R-0162,2026-01-23,24.61,web,delivery,completed
ORD-0067496,R-0162,2026-01-02,19.73,app,delivery,completed
ORD-0067497,R-0162,2026-01-02,24.59,app,delivery,completed
ORD-0067498,R-0162,2026-01-03,19.24,app,pickup,completed
ORD-0067499,R-0162,2026-01-15,23.57,app,delivery,refunded
ORD-0067500,R-0162,2026-01-31,26.91,app,delivery,completed
ORD-0067501,R-0162,2026-01-05,13.76,app,pickup,completed
ORD-0067502,R-0162,2026-01-08,12.07,app,delivery,Completed
ORD-0067503,R-0162,2026-01-18,10.65,app,pickup,completed
ORD-0067504,R-0162,2026-01-24,19.04,web,delivery,Completed
ORD-0067505,R-0162,2026-01-25,29.15,web,delivery,completed
ORD-0067506,R-0162,2026-01-06,15.14,web,pickup,completed
ORD-0067507,R-0162,2026-01-23,19.01,app,pickup,completed
ORD-0067508,R-0162,2026-01-03,16.28,app,pickup,completed
ORD-0067509,R-0162,2026-01-05,14.29,app,pickup,completed
ORD-0067510,R-0162,2026-01-13,11.94,web,pickup,completed
ORD-0067511,R-0162,2026-01-09,19.63,web,delivery,completed
ORD-0067512,R-0162,2026-01-19,11.60,web,delivery,completed
ORD-0067513,R-0162,2026-01-09,36.54,app,pickup,completed
ORD-0067514,R-0162,2026-01-06,19.29,web,pickup,completed
ORD-0067515,R-0162,2026-01-28,15.41,web,delivery,completed
ORD-0067516,R-0162,2026-01-23,23.14,app,pickup,completed
ORD-0067517,R-0162,2026-01-16,21.78,app,delivery,completed
ORD-0067518,R-0162,2026-01-10,11.49,app,pickup,completed
ORD-0067519,R-0162,2026-01-13,32.63,app,delivery,completed
ORD-0067520,R-0162,2026-01-13,26.69,web,pickup,completed
ORD-0067521,R-0162,2026-01-27,24.46,web,delivery,completed
ORD-0067522,R-0162,2026-01-15,21.24,app,delivery,Completed
ORD-0067523,R-0162,2026-01-16,16.64,app,delivery,completed
ORD-0067524,R-0162,2026-01-13,18.50,app,pickup,cancelled
ORD-0067525,R-0162,2026-01-10,27.55,app,delivery,Completed
ORD-0067526,R-0162,2026-01-29,25.01,app,delivery,completed
ORD-0067527,R-0162,2026-01-07,19.10,web,delivery,completed
ORD-0067528,R-0162,2026-01-09,12.19,web,pickup,completed
ORD-0067529,R-0162,2026-01-03,24.97,web,delivery,completed
ORD-0067530,R-0162,2026-01-30,16.71,app,pickup,completed
ORD-0067531,R-0162,2026-01-11,21.92,app,delivery,completed
ORD-0067532,R-0162,2026-01-15,14.95,app,delivery,completed
ORD-0067533,R-0162,2026-01-27,12.42,web,pickup,completed
ORD-0067534,R-0162,2026-01-31,16.13,app,delivery,completed
ORD-0067535,R-0162,2026-01-19,15.98,web,delivery,completed
ORD-0067536,R-0162,2026-01-22,16.26,web,pickup,COMPLETED
ORD-0067537,R-0162,2026-01-25,29.61,web,delivery,completed
ORD-0067538,R-0162,2026-01-31,25.01,web,pickup,refunded
ORD-0067539,R-0162,2026-01-07,14.02,app,delivery,completed
ORD-0067540,R-0162,2026-01-19,26.85,web,delivery,completed
ORD-0067541,R-0162,2026-01-12,20.75,app,pickup,completed
ORD-0067542,R-0162,2026-01-23,25.98,web,pickup,Cancelled
ORD-0067543,R-0162,2026-01-04,13.34,app,delivery,cancelled
ORD-0067544,R-0162,2026-01-08,22.58,app,pickup,completed
ORD-0067545,R-0162,2026-01-03,14.84,app,pickup,completed
ORD-0067546,R-0162,2026-01-02,41.28,app,delivery,completed
ORD-0067547,R-0162,2026-01-01,11.50,web,delivery,completed
ORD-0067548,R-0162,2026-01-01,28.58,app,delivery,completed
ORD-0067549,R-0162,2026-01-05,26.61,web,delivery,COMPLETED
ORD-0067550,R-0162,2026-01-18,18.02,app,pickup,completed
ORD-0067551,R-0162,2026-01-19,28.37,app,delivery,completed
ORD-0067552,R-0162,2026-01-31,35.66,app,delivery,completed
ORD-0067553,R-0162,2026-01-30,22.69,web,pickup,completed
ORD-0067554,R-0162,2026-01-03,10.99,app,delivery,COMPLETED
ORD-0067555,R-0162,2026-01-08,18.15,app,delivery,completed
ORD-0067556,R-0162,2026-01-30,26.41,web,pickup,completed
ORD-0067557,R-0162,2026-01-04,23.40,app,delivery,Completed
ORD-0067558,R-0162,2026-01-31,19.97,app,delivery,completed
ORD-0067559,R-0162,2026-01-06,22.32,web,pickup,completed
ORD-0067560,R-0162,2026-01-02,19.52,app,delivery,completed
ORD-0067561,R-0162,2026-01-23,15.79,web,pickup,completed
ORD-0067562,R-0162,2026-01-23,22.00,app,pickup,completed
ORD-0067563,R-0162,2026-01-03,26.00,app,pickup,completed
ORD-0067564,R-0162,2026-01-18,12.78,web,pickup,completed
ORD-0067565,R-0162,2026-01-10,18.48,app,pickup,COMPLETED
ORD-0067566,R-0162,2026-01-27,32.01,web,pickup,COMPLETED
ORD-0067567,R-0162,2026-01-20,15.85,web,pickup,Completed
ORD-0067568,R-0162,2026-01-15,25.54,app,delivery,completed
ORD-0067569,R-0162,2026-01-01,20.71,app,delivery,completed
ORD-0067570,R-0162,2026-01-07,25.27,web,pickup,completed
ORD-0067571,R-0162,2026-01-02,25.85,web,delivery,completed
ORD-0067572,R-0162,2026-01-20,36.09,app,pickup,completed
ORD-0067573,R-0162,2026-01-08,23.71,app,pickup,completed
ORD-0067574,R-0162,2026-01-08,30.59,app,delivery,completed
ORD-0069994,R-0164,2026-01-20,32.29,app,delivery,COMPLETED
ORD-0069995,R-0164,2026-01-12,21.94,web,delivery,completed
ORD-0069996,R-0164,2026-01-10,38.60,app,pickup,completed
ORD-0069997,R-0164,2026-01-19,23.79,web,pickup,completed
ORD-0069998,R-0164,2026-01-16,11.07,app,delivery,COMPLETED
ORD-0069999,R-0164,2026-01-09,40.18,app,delivery,COMPLETED
ORD-0070000,R-0164,2026-01-04,47.96,web,pickup,completed
ORD-0070001,R-0164,2026-01-09,18.87,app,delivery,completed
ORD-0070002,R-0164,2026-01-14,27.71,app,pickup,completed
ORD-0070003,R-0164,2026-01-21,26.87,web,delivery,completed
ORD-0070004,R-0164,2026-01-16,25.90,app,delivery,completed
ORD-0070005,R-0164,2026-01-11,31.03,web,delivery,Completed
ORD-0070006,R-0164,2026-01-03,20.24,app,delivery,Completed
ORD-0070007,R-0164,2026-01-10,17.62,app,pickup,completed
ORD-0070008,R-0164,2026-01-01,37.62,app,delivery,completed
ORD-0070009,R-0164,2026-01-27,15.49,web,delivery,completed
ORD-0070010,R-0164,2026-01-30,18.17,web,delivery,completed
ORD-0070011,R-0164,2026-01-26,13.92,app,pickup,completed
ORD-0070012,R-0164,2026-01-22,25.07,app,delivery,completed
ORD-0070013,R-0164,2026-01-10,20.51,web,pickup,COMPLETED
ORD-0070014,R-0164,2026-01-15,14.82,web,delivery,completed
ORD-0070015,R-0164,2026-01-12,10.11,web,delivery,cancelled
ORD-0070016,R-0164,2026-01-15,19.84,app,delivery,completed
ORD-0070017,R-0164,2026-01-23,11.52,app,delivery,completed
ORD-0070018,R-0164,2026-01-31,31.67,app,pickup,completed
ORD-0070019,R-0164,2026-01-26,23.56,web,pickup,cancelled
ORD-0070020,R-0164,2026-01-30,11.76,web,delivery,completed
ORD-0070021,R-0164,2026-01-17,20.44,app,delivery,completed
ORD-0070022,R-0164,2026-01-31,12.75,app,delivery,completed
ORD-0070023,R-0164,2026-01-24,22.44,app,delivery,completed
ORD-0070024,R-0164,2026-01-27,32.13,app,pickup,completed
ORD-0070025,R-0164,2026-01-05,8.44,app,pickup,completed
ORD-0070026,R-0164,2026-01-29,26.32,web,delivery,cancelled
ORD-0070027,R-0164,2026-01-31,33.12,app,delivery,refunded
ORD-0070028,R-0164,2026-01-17,18.50,app,pickup,COMPLETED
ORD-0070029,R-0164,2026-01-13,14.61,web,delivery,COMPLETED
ORD-0070030,R-0164,2026-01-02,12.50,app,delivery,completed
ORD-0070031,R-0164,2026-01-30,32.43,web,delivery,completed
ORD-0070032,R-0164,2026-01-27,17.32,app,delivery,completed
ORD-0070033,R-0164,2026-01-17,16.07,app,pickup,completed
ORD-0070034,R-0164,2026-01-02,29.95,app,pickup,completed
ORD-0070035,R-0164,2026-01-30,14.08,web,pickup,completed
ORD-0070036,R-0164,2026-01-14,16.29,web,delivery,completed
ORD-0070037,R-0164,2026-01-11,19.02,app,delivery,COMPLETED
ORD-0070038,R-0164,2026-01-31,26.80,web,pickup,completed
ORD-0070039,R-0164,2026-01-30,21.96,app,pickup,completed
ORD-0070040,R-0164,2026-01-17,12.35,app,delivery,completed
ORD-0070041,R-0164,2026-01-13,16.98,app,delivery,COMPLETED
ORD-0070042,R-0164,2026-01-09,25.95,web,pickup,completed
ORD-0070043,R-0164,2026-01-05,26.93,web,delivery,completed
ORD-0070044,R-0164,2026-01-09,25.12,web,pickup,completed
ORD-0070045,R-0164,2026-01-14,11.12,app,delivery,completed
ORD-0070046,R-0164,2026-01-29,10.02,app,pickup,completed
ORD-0070047,R-0164,2026-01-03,27.87,app,delivery,completed
ORD-0070048,R-0164,2026-01-09,7.79,web,delivery,completed
ORD-0070049,R-0164,2026-01-25,11.53,web,delivery,completed
ORD-0070050,R-0164,2026-01-02,20.08,web,delivery,completed
ORD-0070051,R-0164,2026-01-13,9.48,app,delivery,Completed
ORD-0070052,R-0164,2026-01-14,17.46,web,pickup,completed
ORD-0070053,R-0164,2026-01-18,10.83,app,delivery,completed
ORD-0070054,R-0164,2026-01-30,27.15,web,pickup,completed
ORD-0070055,R-0164,2026-01-23,15.77,app,delivery,completed
ORD-0070056,R-0164,2026-01-10,18.76,web,pickup,completed
ORD-0070057,R-0164,2026-01-05,15.13,web,delivery,completed
ORD-0070058,R-0164,2026-01-15,17.36,web,delivery,completed
ORD-0070059,R-0164,2026-01-26,16.05,app,delivery,cancelled
ORD-0070060,R-0164,2026-01-15,20.48,app,delivery,Completed
ORD-0070061,R-0164,2026-01-03,14.65,web,delivery,completed
ORD-0070062,R-0164,2026-01-17,13.06,web,pickup,completed
ORD-0070063,R-0164,2026-01-16,22.54,web,pickup,completed
ORD-0070064,R-0164,2026-01-16,26.71,app,delivery,completed
ORD-0070065,R-0164,2026-01-10,23.56,app,delivery,completed
ORD-0070066,R-0164,2026-01-13,15.30,app,pickup,completed
ORD-0070067,R-0164,2026-01-18,13.73,app,delivery,completed
ORD-0070068,R-0164,2026-01-31,32.99,app,delivery,completed
ORD-0070069,R-0164,2026-01-23,17.84,web,delivery,completed
ORD-0070070,R-0164,2026-01-19,17.29,web,delivery,completed
ORD-0070071,R-0164,2026-01-25,13.13,app,delivery,completed
ORD-0070072,R-0164,2026-01-09,14.96,app,delivery,completed
ORD-0070073,R-0164,2026-01-09,11.36,web,delivery,completed
ORD-0070074,R-0164,2026-01-03,40.17,app,pickup,completed
ORD-0070075,R-0164,2026-01-09,7.60,app,pickup,refunded
ORD-0070076,R-0164,2026-01-01,19.95,web,delivery,completed
ORD-0070077,R-0164,2026-01-29,25.94,app,delivery,completed
ORD-0070078,R-0164,2026-01-31,17.17,app,delivery,Completed
ORD-0070079,R-0164,2026-01-10,11.75,web,delivery,Completed
ORD-0070080,R-0164,2026-01-28,23.22,app,pickup,Completed
ORD-0070081,R-0164,2026-01-21,14.04,web,pickup,completed
ORD-0070082,R-0164,2026-01-25,44.67,web,delivery,completed
ORD-0070083,R-0164,2026-01-16,14.11,web,delivery,completed
ORD-0070084,R-0164,2026-01-12,37.17,web,delivery,completed
ORD-0070085,R-0164,2026-01-17,10.54,web,delivery,completed
ORD-0070086,R-0164,2026-01-09,15.79,web,pickup,completed
ORD-0070087,R-0164,2026-01-20,33.49,app,delivery,completed
ORD-0070088,R-0164,2026-01-17,13.24,app,pickup,completed
ORD-0070089,R-0164,2026-01-25,24.07,web,delivery,completed
ORD-0070090,R-0164,2026-01-12,15.14,web,delivery,completed
ORD-0070091,R-0164,2026-01-18,50.22,web,pickup,completed
ORD-0070092,R-0164,2026-01-24,15.92,app,delivery,cancelled
ORD-0070093,R-0164,2026-01-25,40.62,app,pickup,completed
ORD-0070094,R-0164,2026-01-29,19.83,app,delivery,completed
ORD-0070095,R-0164,2026-01-01,26.80,app,pickup,completed
ORD-0070096,R-0164,2026-01-04,16.61,app,pickup,completed
ORD-0070097,R-0164,2026-01-23,19.24,web,delivery,completed
ORD-0070098,R-0164,2026-01-26,8.82,app,delivery,completed
ORD-0070099,R-0164,2026-01-13,16.14,web,delivery,completed
ORD-0070100,R-0164,2026-01-07,13.75,app,delivery,completed
ORD-0070101,R-0164,2026-01-19,19.27,web,delivery,cancelled
ORD-0070102,R-0164,2026-01-11,22.43,web,delivery,completed
ORD-0070103,R-0164,2026-01-23,17.64,web,delivery,completed
ORD-0070104,R-0164,2026-01-20,24.14,web,delivery,completed
ORD-0070105,R-0164,2026-01-30,16.74,web,pickup,COMPLETED
ORD-0070106,R-0164,2026-01-30,28.06,app,pickup,completed
ORD-0070107,R-0164,2026-01-25,17.67,app,delivery,completed
ORD-0070108,R-0164,2026-01-13,25.33,app,delivery,COMPLETED
ORD-0070109,R-0164,2026-01-31,15.58,web,delivery,completed
ORD-0070110,R-0164,2026-01-16,7.23,app,delivery,completed
ORD-0070111,R-0164,2026-01-28,18.11,web,delivery,completed
ORD-0070112,R-0164,2026-01-05,44.67,app,delivery,completed
ORD-0070113,R-0164,2026-01-07,10.56,app,delivery,Completed
ORD-0070114,R-0164,2026-01-26,13.72,app,delivery,completed
ORD-0070115,R-0164,2026-01-07,18.02,web,pickup,completed
ORD-0070116,R-0164,2026-01-12,14.71,app,delivery,completed
ORD-0070117,R-0164,2026-01-18,13.62,app,pickup,completed
ORD-0070118,R-0164,2026-01-31,17.86,app,delivery,completed
ORD-0070119,R-0164,2026-01-10,30.42,app,delivery,completed
ORD-0070120,R-0164,2026-01-24,9.83,web,delivery,cancelled
ORD-0070121,R-0164,2026-01-26,16.96,web,delivery,completed
ORD-0070122,R-0164,2026-01-17,21.91,web,delivery,completed
ORD-0070123,R-0164,2026-01-13,15.32,app,delivery,Completed
ORD-0070124,R-0164,2026-01-21,8.99,app,pickup,completed
ORD-0070125,R-0164,2026-01-16,19.17,app,delivery,completed
ORD-0070126,R-0164,2026-01-08,36.73,web,pickup,completed
ORD-0070127,R-0164,2026-01-28,13.21,app,delivery,completed
ORD-0070128,R-0164,2026-01-02,32.50,app,delivery,completed
ORD-0070129,R-0164,2026-01-10,8.32,web,delivery,completed
ORD-0070130,R-0164,2026-01-02,29.12,web,delivery,completed
ORD-0070131,R-0164,2026-01-30,16.80,app,pickup,completed
ORD-0070132,R-0164,2026-01-24,10.76,app,delivery,completed
ORD-0070133,R-0164,2026-01-31,6.28,app,pickup,CANCELLED
ORD-0070134,R-0164,2026-01-02,26.26,app,pickup,completed
ORD-0070135,R-0164,2026-01-23,28.64,web,delivery,completed
ORD-0070136,R-0164,2026-01-09,11.93,app,delivery,completed
ORD-0070137,R-0164,2026-01-28,13.69,app,delivery,completed
ORD-0070138,R-0164,2026-01-05,10.66,app,pickup,completed
ORD-0070139,R-0164,2026-01-12,15.29,app,pickup,completed
ORD-0070140,R-0164,2026-01-14,21.96,app,delivery,completed
ORD-0070141,R-0164,2026-01-14,15.80,web,pickup,completed
ORD-0070142,R-0164,2026-01-10,18.74,web,pickup,completed
ORD-0070143,R-0164,2026-01-24,21.70,web,pickup,completed
ORD-0070144,R-0164,2026-01-11,24.60,web,delivery,completed
ORD-0070145,R-0164,2026-01-14,10.05,app,delivery,completed
ORD-0070146,R-0164,2026-01-09,18.07,app,pickup,refunded
ORD-0070147,R-0164,2026-01-14,9.82,app,delivery,completed
ORD-0070148,R-0164,2026-01-16,13.40,app,delivery,Cancelled
ORD-0070149,R-0164,2026-01-15,16.98,app,delivery,completed
ORD-0070150,R-0164,2026-01-16,11.93,app,pickup,Completed
ORD-0070151,R-0164,2026-01-10,12.24,web,pickup,completed
ORD-0070152,R-0164,2026-01-11,15.09,app,delivery,completed
ORD-0070153,R-0164,2026-01-01,34.09,web,pickup,completed
ORD-0070154,R-0164,2026-01-19,9.99,web,pickup,completed
ORD-0070155,R-0164,2026-01-29,20.58,app,delivery,completed
ORD-0070156,R-0164,2026-01-10,31.36,web,pickup,completed
ORD-0070157,R-0164,2026-01-26,23.17,app,delivery,completed
ORD-0070158,R-0164,2026-01-25,14.34,web,delivery,completed
ORD-0070159,R-0164,2026-01-18,11.87,app,pickup,completed
ORD-0070160,R-0164,2026-01-07,23.64,app,delivery,Completed
ORD-0070161,R-0164,2026-01-17,11.98,app,delivery,completed
ORD-0070162,R-0164,2026-01-10,15.97,app,delivery,completed
ORD-0070163,R-0164,2026-01-18,27.61,app,delivery,COMPLETED
ORD-0070164,R-0164,2026-01-29,23.35,app,delivery,completed
ORD-0070165,R-0164,2026-01-16,11.70,app,delivery,CANCELLED
ORD-0070166,R-0164,2026-01-24,20.18,app,pickup,completed
ORD-0070167,R-0164,2026-01-03,10.96,app,delivery,completed
ORD-0070168,R-0164,2026-01-14,24.01,app,pickup,completed
ORD-0070169,R-0164,2026-01-15,12.28,app,pickup,completed
ORD-0070170,R-0164,2026-01-26,28.35,web,pickup,completed
ORD-0070171,R-0164,2026-01-23,10.70,web,delivery,Completed
ORD-0070172,R-0164,2026-01-18,20.53,app,delivery,completed
ORD-0070173,R-0164,2026-01-01,19.43,app,pickup,completed
ORD-0070174,R-0164,2026-01-25,12.08,web,pickup,completed
ORD-0070175,R-0164,2026-01-31,8.31,app,delivery,completed
ORD-0070176,R-0164,2026-01-25,24.07,app,pickup,completed
ORD-0070177,R-0164,2026-01-19,21.36,app,delivery,completed
ORD-0070178,R-0164,2026-01-16,15.32,app,pickup,completed
ORD-0070179,R-0164,2026-01-31,19.94,app,delivery,completed
ORD-0070180,R-0164,2026-01-23,32.80,app,delivery,completed
ORD-0070181,R-0164,2026-01-15,17.25,web,pickup,completed
ORD-0070182,R-0164,2026-01-29,16.25,app,delivery,cancelled
ORD-0070183,R-0164,2026-01-25,12.41,web,delivery,completed
ORD-0070184,R-0164,2026-01-10,17.25,app,delivery,completed
ORD-0070185,R-0164,2026-01-20,16.65,web,pickup,completed
ORD-0070186,R-0164,2026-01-31,50.30,web,delivery,COMPLETED
ORD-0070187,R-0164,2026-01-23,12.69,app,delivery,completed
ORD-0070188,R-0164,2026-01-27,11.50,web,delivery,completed
ORD-0070189,R-0164,2026-01-04,11.85,web,pickup,completed
ORD-0070190,R-0164,2026-01-10,13.97,app,delivery,completed
ORD-0070191,R-0164,2026-01-09,11.85,app,delivery,completed
ORD-0072162,R-0166,2026-01-06,21.26,app,delivery,completed
ORD-0072163,R-0166,2026-01-14,56.28,web,delivery,Completed
ORD-0072164,R-0166,2026-01-10,22.64,web,delivery,completed
ORD-0072165,R-0166,2026-01-22,34.42,web,pickup,COMPLETED
ORD-0072166,R-0166,2026-01-04,23.30,app,delivery,completed
ORD-0072167,R-0166,2026-01-29,23.88,app,pickup,completed
ORD-0072168,R-0166,2026-01-09,35.21,app,delivery,COMPLETED
ORD-0072169,R-0166,2026-01-08,37.37,web,pickup,completed
ORD-0072170,R-0166,2026-01-08,42.61,app,delivery,completed
ORD-0072171,R-0166,2026-01-03,38.61,app,delivery,Completed
ORD-0072172,R-0166,2026-01-12,15.80,app,delivery,completed
ORD-0072173,R-0166,2026-01-25,24.55,app,delivery,COMPLETED
ORD-0072174,R-0166,2026-01-24,43.36,web,pickup,completed
ORD-0072175,R-0166,2026-01-03,41.10,app,delivery,Completed
ORD-0072176,R-0166,2026-01-04,25.54,app,delivery,completed
ORD-0072177,R-0166,2026-01-20,58.98,app,delivery,completed
ORD-0072178,R-0166,2026-01-01,15.32,web,pickup,completed
ORD-0072179,R-0166,2026-01-01,9.41,web,delivery,completed
ORD-0072180,R-0166,2026-01-03,65.91,web,pickup,completed
ORD-0072181,R-0166,2026-01-22,34.34,web,delivery,completed
ORD-0072182,R-0166,2026-01-24,54.47,app,delivery,completed
ORD-0072183,R-0166,2026-01-13,53.87,web,delivery,completed
ORD-0072184,R-0166,2026-01-31,23.14,web,delivery,completed
ORD-0072185,R-0166,2026-01-21,24.42,app,delivery,completed
ORD-0072186,R-0166,2026-01-01,27.69,app,delivery,completed
ORD-0072187,R-0166,2026-01-12,26.45,web,pickup,completed
ORD-0072188,R-0166,2026-01-22,32.89,web,delivery,completed
ORD-0072189,R-0166,2026-01-27,14.21,web,pickup,completed
ORD-0072190,R-0166,2026-01-31,28.08,web,pickup,completed
ORD-0072191,R-0166,2026-01-20,32.00,web,delivery,completed
ORD-0072192,R-0166,2026-01-25,34.23,web,pickup,cancelled
ORD-0072193,R-0166,2026-01-08,19.82,app,delivery,completed
ORD-0072194,R-0166,2026-01-20,44.84,web,delivery,completed
ORD-0072195,R-0166,2026-01-06,24.74,web,pickup,completed
ORD-0072196,R-0166,2026-01-08,21.49,web,delivery,completed
ORD-0072197,R-0166,2026-01-27,19.87,app,delivery,completed
ORD-0072198,R-0166,2026-01-02,21.97,web,delivery,completed
ORD-0072199,R-0166,2026-01-13,24.24,web,pickup,Completed
ORD-0072200,R-0166,2026-01-09,18.76,app,delivery,completed
ORD-0072201,R-0166,2026-01-24,41.48,web,delivery,completed
ORD-0072202,R-0166,2026-01-06,31.00,web,pickup,completed
ORD-0072203,R-0166,2026-01-10,27.25,web,delivery,completed
ORD-0072204,R-0166,2026-01-27,20.69,app,delivery,completed
ORD-0072205,R-0166,2026-01-18,17.15,web,delivery,completed
ORD-0072206,R-0166,2026-01-20,21.09,web,pickup,completed
ORD-0072207,R-0166,2026-01-14,20.31,app,delivery,completed
ORD-0072208,R-0166,2026-01-31,37.30,app,delivery,completed
ORD-0072209,R-0166,2026-01-29,34.65,web,delivery,completed
ORD-0072210,R-0166,2026-01-07,14.07,web,delivery,completed
ORD-0072211,R-0166,2026-01-10,39.29,app,pickup,COMPLETED
ORD-0072212,R-0166,2026-01-25,31.67,app,pickup,completed
ORD-0072213,R-0166,2026-01-14,27.42,web,pickup,completed
ORD-0072214,R-0166,2026-01-02,25.69,app,delivery,completed
ORD-0072215,R-0166,2026-01-13,41.88,web,delivery,completed
ORD-0072216,R-0166,2026-01-10,22.99,app,delivery,completed
ORD-0072217,R-0166,2026-01-23,49.03,web,delivery,completed
ORD-0072218,R-0166,2026-01-26,31.65,app,delivery,completed
ORD-0072219,R-0166,2026-01-18,19.70,app,delivery,completed
ORD-0072220,R-0166,2026-01-02,12.38,app,delivery,completed
ORD-0072221,R-0166,2026-01-06,28.42,app,delivery,completed
ORD-0072222,R-0166,2026-01-29,34.56,web,delivery,completed
ORD-0072223,R-0166,2026-01-04,52.17,web,delivery,completed
ORD-0072224,R-0166,2026-01-07,15.98,web,delivery,completed
ORD-0072225,R-0166,2026-01-20,17.82,web,delivery,completed
ORD-0072226,R-0166,2026-01-31,26.36,web,delivery,completed
ORD-0072227,R-0166,2026-01-08,23.09,web,delivery,COMPLETED
ORD-0072228,R-0166,2026-01-20,32.99,app,delivery,completed
ORD-0072229,R-0166,2026-01-31,64.99,web,delivery,completed
ORD-0072230,R-0166,2026-01-03,31.71,web,delivery,completed
ORD-0072231,R-0166,2026-01-30,63.10,web,pickup,completed
ORD-0072232,R-0166,2026-01-16,59.96,web,delivery,completed
ORD-0072233,R-0166,2026-01-15,18.10,app,delivery,completed
ORD-0072234,R-0166,2026-01-02,25.45,web,delivery,completed
ORD-0072235,R-0166,2026-01-22,15.60,web,pickup,COMPLETED
ORD-0072236,R-0166,2026-01-08,46.64,app,pickup,COMPLETED
ORD-0072237,R-0166,2026-01-06,21.06,web,pickup,COMPLETED
ORD-0072238,R-0166,2026-01-21,30.59,web,delivery,completed
ORD-0072239,R-0166,2026-01-04,30.74,app,pickup,Completed
ORD-0072240,R-0166,2026-01-30,26.66,web,delivery,completed
ORD-0072241,R-0166,2026-01-31,45.93,web,pickup,completed
ORD-0072242,R-0166,2026-01-11,28.95,app,delivery,completed
ORD-0072243,R-0166,2026-01-16,38.32,web,delivery,COMPLETED
ORD-0072244,R-0166,2026-01-10,22.54,web,delivery,completed
ORD-0072245,R-0166,2026-01-02,25.96,app,pickup,completed
ORD-0072246,R-0166,2026-01-13,20.09,app,pickup,completed
ORD-0072247,R-0166,2026-01-25,47.11,app,delivery,completed
ORD-0072248,R-0166,2026-01-05,20.90,app,pickup,completed
ORD-0072249,R-0166,2026-01-30,21.72,app,delivery,completed
ORD-0072250,R-0166,2026-01-06,35.89,web,pickup,completed
ORD-0072251,R-0166,2026-01-01,9.42,web,delivery,COMPLETED
ORD-0072252,R-0166,2026-01-26,29.64,web,pickup,completed
ORD-0072253,R-0166,2026-01-12,45.60,web,delivery,completed
ORD-0072254,R-0166,2026-01-22,21.79,app,delivery,completed
ORD-0072255,R-0166,2026-01-01,24.70,app,pickup,completed
ORD-0072256,R-0166,2026-01-24,33.47,web,delivery,completed
ORD-0073465,R-0168,2026-01-06,17.17,web,delivery,completed
ORD-0073466,R-0168,2026-01-10,20.57,web,delivery,completed
ORD-0073467,R-0168,2026-01-10,7.69,web,delivery,completed
ORD-0073468,R-0168,2026-01-30,42.14,web,pickup,completed
ORD-0073469,R-0168,2026-01-18,26.18,web,delivery,CANCELLED
ORD-0073470,R-0168,2026-01-11,46.89,app,delivery,completed
ORD-0073471,R-0168,2026-01-08,38.34,web,delivery,completed
ORD-0073472,R-0168,2026-01-08,33.87,web,delivery,completed
ORD-0073473,R-0168,2026-01-30,19.55,web,delivery,completed
ORD-0073474,R-0168,2026-01-20,13.71,web,delivery,completed
ORD-0073475,R-0168,2026-01-24,22.31,web,pickup,completed
ORD-0073476,R-0168,2026-01-11,28.36,web,delivery,completed
ORD-0073477,R-0168,2026-01-05,25.97,app,delivery,completed
ORD-0073478,R-0168,2026-01-01,11.75,app,delivery,completed
ORD-0073479,R-0168,2026-01-19,13.45,web,delivery,completed
ORD-0073480,R-0168,2026-01-28,12.54,app,delivery,completed
ORD-0075196,R-0174,2026-01-18,24.34,web,delivery,completed
ORD-0075197,R-0174,2026-01-24,37.43,app,delivery,completed
ORD-0075198,R-0174,2026-01-01,13.47,app,pickup,completed
ORD-0075199,R-0174,2026-01-08,38.12,app,delivery,completed
ORD-0075200,R-0174,2026-01-04,30.21,web,delivery,completed
ORD-0075201,R-0174,2026-01-21,17.31,web,pickup,completed
ORD-0075202,R-0174,2026-01-13,27.15,web,delivery,completed
ORD-0075203,R-0174,2026-01-18,47.64,app,pickup,completed
ORD-0075204,R-0174,2026-01-19,18.99,web,delivery,Completed
ORD-0075205,R-0174,2026-01-31,39.07,web,delivery,completed
ORD-0075206,R-0174,2026-01-09,24.76,app,delivery,completed
ORD-0075207,R-0174,2026-01-30,19.44,web,delivery,completed
ORD-0075208,R-0174,2026-01-05,18.02,app,pickup,completed
ORD-0075209,R-0174,2026-01-20,39.62,web,delivery,completed
ORD-0075210,R-0174,2026-01-21,19.61,app,delivery,completed
ORD-0075506,R-0175,2026-01-10,39.89,app,pickup,completed
ORD-0075507,R-0175,2026-01-21,26.09,app,delivery,completed
ORD-0075508,R-0175,2026-01-31,64.86,web,delivery,completed
ORD-0075509,R-0175,2026-01-21,34.71,app,pickup,completed
ORD-0075510,R-0175,2026-01-28,22.88,app,delivery,completed
ORD-0075511,R-0175,2026-01-28,19.20,web,pickup,completed
ORD-0075512,R-0175,2026-01-05,18.38,app,delivery,completed
ORD-0075513,R-0175,2026-01-02,37.04,web,delivery,COMPLETED
ORD-0075514,R-0175,2026-01-23,35.10,web,delivery,completed
ORD-0075515,R-0175,2026-01-17,24.33,web,pickup,completed
ORD-0075516,R-0175,2026-01-22,19.64,web,pickup,cancelled
ORD-0075517,R-0175,2026-01-31,19.51,web,delivery,completed
ORD-0075518,R-0175,2026-01-12,35.88,web,delivery,completed
ORD-0075519,R-0175,2026-01-11,28.57,web,delivery,completed
ORD-0075520,R-0175,2026-01-23,34.04,web,pickup,completed
ORD-0075521,R-0175,2026-01-02,25.07,app,delivery,completed
ORD-0075522,R-0175,2026-01-18,15.88,web,delivery,completed
ORD-0075523,R-0175,2026-01-01,10.81,web,delivery,refunded
ORD-0075524,R-0175,2026-01-17,13.14,app,delivery,completed
ORD-0075525,R-0175,2026-01-15,16.88,web,pickup,refunded
ORD-0075526,R-0175,2026-01-28,14.88,app,delivery,completed
ORD-0075527,R-0175,2026-01-16,21.59,web,delivery,completed
ORD-0075528,R-0175,2026-01-25,21.59,web,delivery,completed
ORD-0075529,R-0175,2026-01-10,19.36,web,delivery,completed
ORD-0075530,R-0175,2026-01-17,11.45,web,delivery,completed
ORD-0075531,R-0175,2026-01-05,26.17,app,pickup,completed
ORD-0076575,R-0178,2026-01-31,30.57,app,delivery,completed
ORD-0076576,R-0178,2026-01-22,29.91,app,pickup,COMPLETED
ORD-0076577,R-0178,2026-01-28,52.81,app,pickup,completed
ORD-0076578,R-0178,2026-01-27,24.77,app,pickup,completed
ORD-0076579,R-0178,2026-01-23,22.16,app,pickup,completed
ORD-0076580,R-0178,2026-01-25,44.62,web,pickup,completed
ORD-0076581,R-0178,2026-01-30,42.51,web,delivery,completed
ORD-0076582,R-0178,2026-01-24,48.50,app,delivery,completed
ORD-0076583,R-0178,2026-01-23,45.74,app,pickup,completed
ORD-0076584,R-0178,2026-01-30,21.43,app,delivery,completed
ORD-0076585,R-0178,2026-01-22,26.93,app,pickup,completed
ORD-0076586,R-0178,2026-01-31,24.16,app,delivery,completed
ORD-0076587,R-0178,2026-01-29,33.05,web,pickup,cancelled
ORD-0076588,R-0178,2026-01-27,41.35,web,delivery,completed
ORD-0076589,R-0178,2026-01-24,21.48,app,pickup,COMPLETED
ORD-0076590,R-0178,2026-01-23,40.85,web,delivery,completed
ORD-0076591,R-0178,2026-01-14,30.57,web,delivery,completed
ORD-0076592,R-0178,2026-01-30,32.15,app,delivery,completed
ORD-0076593,R-0178,2026-01-20,33.62,app,delivery,completed
ORD-0076594,R-0178,2026-01-21,57.92,app,delivery,completed
ORD-0076595,R-0178,2026-01-30,49.03,web,pickup,completed
ORD-0076596,R-0178,2026-01-23,35.92,app,pickup,completed
ORD-0080255,R-0184,2026-01-21,14.85,app,pickup,completed
ORD-0080256,R-0184,2026-01-11,39.52,app,pickup,completed
ORD-0080257,R-0184,2026-01-28,25.11,web,pickup,COMPLETED
ORD-0080258,R-0184,2026-01-20,33.72,web,pickup,completed
ORD-0080259,R-0184,2026-01-02,17.78,app,pickup,completed
ORD-0080260,R-0184,2026-01-09,11.03,app,delivery,completed
ORD-0080261,R-0184,2026-01-22,12.81,app,delivery,cancelled
ORD-0080262,R-0184,2026-01-17,12.88,web,pickup,Completed
ORD-0080263,R-0184,2026-01-30,26.11,web,pickup,completed
ORD-0080264,R-0184,2026-01-16,37.14,app,delivery,completed
ORD-0080265,R-0184,2026-01-02,18.78,web,pickup,completed
ORD-0080266,R-0184,2026-01-02,11.34,app,delivery,completed
ORD-0080267,R-0184,2026-01-31,45.92,app,pickup,COMPLETED
ORD-0080268,R-0184,2026-01-10,17.18,app,pickup,completed
ORD-0080269,R-0184,2026-01-04,18.43,app,pickup,completed
ORD-0080270,R-0184,2026-01-25,17.02,app,pickup,completed
ORD-0080271,R-0184,2026-01-08,45.35,web,pickup,completed
ORD-0080272,R-0184,2026-01-16,24.53,app,pickup,completed
ORD-0080273,R-0184,2026-01-20,6.00,web,delivery,completed
ORD-0080274,R-0184,2026-01-25,9.06,web,delivery,completed
ORD-0080275,R-0184,2026-01-30,16.13,app,pickup,completed
ORD-0080276,R-0184,2026-01-11,45.17,web,pickup,completed
ORD-0080277,R-0184,2026-01-04,25.63,web,pickup,completed
ORD-0080278,R-0184,2026-01-04,19.42,app,delivery,completed
ORD-0080279,R-0184,2026-01-29,14.57,app,delivery,completed
ORD-0080280,R-0184,2026-01-24,20.99,app,pickup,COMPLETED
ORD-0080281,R-0184,2026-01-24,15.77,app,delivery,completed
ORD-0080282,R-0184,2026-01-10,30.63,app,delivery,completed
ORD-0080283,R-0184,2026-01-07,14.20,app,pickup,completed
ORD-0080284,R-0184,2026-01-04,17.44,app,pickup,completed
ORD-0080285,R-0184,2026-01-23,33.27,web,pickup,completed
ORD-0080286,R-0184,2026-01-15,13.22,app,pickup,completed
ORD-0080287,R-0184,2026-01-28,17.43,app,pickup,completed
ORD-0080288,R-0184,2026-01-26,29.93,app,delivery,completed
ORD-0080289,R-0184,2026-01-10,27.25,web,pickup,COMPLETED
ORD-0080290,R-0184,2026-01-01,12.04,app,delivery,completed
ORD-0080291,R-0184,2026-01-15,13.13,app,delivery,completed
ORD-0080292,R-0184,2026-01-17,25.48,app,pickup,completed
ORD-0080293,R-0184,2026-01-14,13.14,web,delivery,completed
ORD-0080294,R-0184,2026-01-12,28.27,web,pickup,completed
ORD-0081636,R-0187,2026-01-31,58.73,app,delivery,completed
ORD-0081637,R-0187,2026-01-10,44.64,app,pickup,completed
ORD-0081638,R-0187,2026-01-01,12.14,web,delivery,completed
ORD-0081639,R-0187,2026-01-20,17.66,app,delivery,COMPLETED
ORD-0081640,R-0187,2026-01-14,40.27,app,delivery,completed
ORD-0081641,R-0187,2026-01-09,27.23,app,delivery,completed
ORD-0081642,R-0187,2026-01-30,28.96,app,delivery,completed
ORD-0081643,R-0187,2026-01-25,38.31,app,delivery,completed
ORD-0081644,R-0187,2026-01-03,13.58,app,delivery,completed
ORD-0081645,R-0187,2026-01-15,50.93,web,pickup,completed
ORD-0081646,R-0187,2026-01-18,16.99,app,delivery,completed
ORD-0081647,R-0187,2026-01-08,26.06,web,delivery,completed
ORD-0081648,R-0187,2026-01-01,22.85,app,delivery,Completed
ORD-0081649,R-0187,2026-01-21,31.52,app,delivery,completed
ORD-0081650,R-0187,2026-01-23,18.17,app,delivery,completed
ORD-0081651,R-0187,2026-01-30,28.24,app,delivery,completed
ORD-0081652,R-0187,2026-01-02,21.87,web,delivery,cancelled
ORD-0081653,R-0187,2026-01-03,18.37,app,delivery,completed
ORD-0081654,R-0187,2026-01-28,56.76,app,delivery,Completed
ORD-0081655,R-0187,2026-01-18,18.46,web,delivery,cancelled
ORD-0081656,R-0187,2026-01-15,57.30,app,delivery,completed
ORD-0081657,R-0187,2026-01-22,28.82,web,delivery,completed
ORD-0081658,R-0187,2026-01-21,12.76,web,delivery,completed
ORD-0081659,R-0187,2026-01-18,43.76,web,delivery,COMPLETED
ORD-0081660,R-0187,2026-01-05,38.83,web,pickup,completed
ORD-0081661,R-0187,2026-01-25,26.92,web,delivery,completed
ORD-0081662,R-0187,2026-01-22,38.99,app,delivery,cancelled
ORD-0081663,R-0187,2026-01-20,34.36,web,delivery,completed
ORD-0081664,R-0187,2026-01-12,35.82,web,delivery,completed
ORD-0081665,R-0187,2026-01-25,27.75,app,delivery,completed
ORD-0081666,R-0187,2026-01-09,21.38,app,delivery,Completed
ORD-0081667,R-0187,2026-01-01,23.94,app,delivery,COMPLETED
ORD-0081668,R-0187,2026-01-05,29.96,app,delivery,completed
ORD-0081669,R-0187,2026-01-12,23.79,app,delivery,completed
ORD-0081670,R-0187,2026-01-27,17.45,web,delivery,completed
ORD-0081671,R-0187,2026-01-30,31.02,app,delivery,completed
ORD-0081672,R-0187,2026-01-14,27.42,app,pickup,completed
ORD-0081673,R-0187,2026-01-14,31.28,app,delivery,completed
ORD-0081674,R-0187,2026-01-16,17.41,app,delivery,completed
ORD-0081675,R-0187,2026-01-24,44.55,app,delivery,completed
ORD-0081676,R-0187,2026-01-07,32.70,app,delivery,completed
ORD-0081677,R-0187,2026-01-31,15.45,app,delivery,completed
ORD-0081678,R-0187,2026-01-23,30.76,app,pickup,COMPLETED
ORD-0081679,R-0187,2026-01-05,35.68,web,delivery,completed
ORD-0081680,R-0187,2026-01-12,18.54,web,delivery,completed
ORD-0081681,R-0187,2026-01-24,41.74,app,delivery,completed
ORD-0081682,R-0187,2026-01-02,26.71,app,delivery,completed
ORD-0081683,R-0187,2026-01-03,16.35,app,delivery,completed
ORD-0081684,R-0187,2026-01-25,35.71,app,delivery,COMPLETED
ORD-0081685,R-0187,2026-01-22,37.76,app,delivery,completed
ORD-0081686,R-0187,2026-01-24,27.67,web,delivery,completed
ORD-0081687,R-0187,2026-01-03,17.49,web,delivery,completed
ORD-0081688,R-0187,2026-01-10,32.27,app,delivery,completed
ORD-0081689,R-0187,2026-01-08,22.59,app,delivery,completed
ORD-0081690,R-0187,2026-01-07,51.50,app,delivery,completed
ORD-0081691,R-0187,2026-01-08,21.92,app,delivery,completed
ORD-0081692,R-0187,2026-01-21,45.16,app,delivery,completed
ORD-0081693,R-0187,2026-01-25,33.81,app,delivery,cancelled
ORD-0081694,R-0187,2026-01-22,18.73,app,delivery,completed
ORD-0081695,R-0187,2026-01-14,23.56,app,delivery,completed
ORD-0081696,R-0187,2026-01-17,27.28,web,delivery,completed
ORD-0081697,R-0187,2026-01-17,26.00,app,delivery,completed
ORD-0081698,R-0187,2026-01-26,30.58,app,delivery,completed
ORD-0081699,R-0187,2026-01-19,26.98,app,delivery,cancelled
ORD-0081700,R-0187,2026-01-14,45.21,app,delivery,completed
ORD-0081701,R-0187,2026-01-18,46.62,app,delivery,completed
ORD-0081702,R-0187,2026-01-30,33.11,web,delivery,completed
ORD-0081703,R-0187,2026-01-18,27.21,app,delivery,completed
ORD-0081704,R-0187,2026-01-24,37.79,web,delivery,completed
ORD-0083584,R-0190,2026-01-13,20.48,app,delivery,completed
ORD-0083585,R-0190,2026-01-23,40.59,web,pickup,COMPLETED
ORD-0083586,R-0190,2026-01-19,16.27,app,pickup,completed
ORD-0083587,R-0190,2026-01-23,19.48,app,pickup,completed
ORD-0083588,R-0190,2026-01-29,27.85,app,delivery,completed
ORD-0083589,R-0190,2026-01-07,19.17,app,delivery,CANCELLED
ORD-0083590,R-0190,2026-01-10,24.04,app,pickup,completed
ORD-0083591,R-0190,2026-01-05,18.01,app,delivery,completed
ORD-0083592,R-0190,2026-01-12,21.28,app,pickup,completed
ORD-0083593,R-0190,2026-01-20,16.12,web,pickup,completed
ORD-0083594,R-0190,2026-01-21,20.36,web,delivery,COMPLETED
ORD-0083595,R-0190,2026-01-08,22.16,app,pickup,completed
ORD-0083596,R-0190,2026-01-06,29.48,app,delivery,completed
ORD-0083597,R-0190,2026-01-28,21.90,app,delivery,completed
ORD-0083598,R-0190,2026-01-26,28.76,web,pickup,COMPLETED
ORD-0083599,R-0190,2026-01-06,15.64,app,delivery,completed
ORD-0083600,R-0190,2026-01-04,17.43,app,delivery,completed
ORD-0083601,R-0190,2026-01-08,21.45,app,pickup,completed
ORD-0083602,R-0190,2026-01-04,24.24,app,delivery,completed
ORD-0083603,R-0190,2026-01-01,9.09,app,delivery,completed
ORD-0083604,R-0190,2026-01-06,20.97,app,delivery,completed
ORD-0083605,R-0190,2026-01-24,20.59,app,delivery,completed
ORD-0083606,R-0190,2026-01-09,23.78,web,delivery,completed
ORD-0083607,R-0190,2026-01-03,22.60,app,delivery,completed
ORD-0083608,R-0190,2026-01-07,14.34,app,delivery,completed
ORD-0083609,R-0190,2026-01-14,25.76,app,delivery,completed
ORD-0083610,R-0190,2026-01-23,18.65,app,delivery,completed
ORD-0083611,R-0190,2026-01-02,15.04,app,delivery,completed
ORD-0083612,R-0190,2026-01-08,20.39,app,pickup,completed
ORD-0083613,R-0190,2026-01-15,34.78,app,delivery,completed
ORD-0083614,R-0190,2026-01-30,11.65,app,delivery,Completed
ORD-0083615,R-0190,2026-01-25,22.66,app,delivery,completed
ORD-0083616,R-0190,2026-01-18,7.98,app,delivery,completed
ORD-0083617,R-0190,2026-01-03,17.62,app,delivery,completed
ORD-0083618,R-0190,2026-01-28,15.53,app,delivery,completed
ORD-0083619,R-0190,2026-01-02,10.79,web,delivery,completed
ORD-0083620,R-0190,2026-01-12,20.26,app,pickup,Completed
ORD-0083621,R-0190,2026-01-17,30.74,web,delivery,completed
ORD-0083622,R-0190,2026-01-05,12.77,app,pickup,completed
ORD-0083623,R-0190,2026-01-12,17.44,web,pickup,completed
ORD-0083624,R-0190,2026-01-16,13.07,app,pickup,completed
ORD-0083625,R-0190,2026-01-05,19.14,app,pickup,completed
ORD-0083626,R-0190,2026-01-04,17.95,app,pickup,completed
ORD-0083627,R-0190,2026-01-18,13.53,app,delivery,completed
ORD-0083628,R-0190,2026-01-25,36.38,app,delivery,completed
ORD-0083629,R-0190,2026-01-15,12.64,app,delivery,completed
ORD-0083630,R-0190,2026-01-01,25.31,app,delivery,completed
ORD-0083631,R-0190,2026-01-06,16.61,app,pickup,completed
ORD-0083632,R-0190,2026-01-17,20.28,app,pickup,cancelled
ORD-0083633,R-0190,2026-01-31,48.20,app,delivery,COMPLETED
ORD-0083634,R-0190,2026-01-27,13.83,web,delivery,cancelled
ORD-0083635,R-0190,2026-01-24,17.58,app,pickup,cancelled
ORD-0083636,R-0190,2026-01-17,26.20,app,delivery,completed
ORD-0083637,R-0190,2026-01-04,11.94,app,delivery,completed
ORD-0083638,R-0190,2026-01-05,16.47,app,pickup,completed
ORD-0083639,R-0190,2026-01-11,43.93,app,pickup,completed
ORD-0083640,R-0190,2026-01-30,26.83,app,delivery,completed
ORD-0083641,R-0190,2026-01-03,12.97,app,delivery,completed
ORD-0083642,R-0190,2026-01-03,10.72,app,delivery,completed
ORD-0083643,R-0190,2026-01-09,15.90,app,delivery,completed
ORD-0083644,R-0190,2026-01-19,21.53,app,pickup,completed
ORD-0083645,R-0190,2026-01-10,22.13,app,pickup,Completed
ORD-0083646,R-0190,2026-01-20,13.85,app,delivery,completed
ORD-0083647,R-0190,2026-01-07,21.02,app,delivery,completed
ORD-0083648,R-0190,2026-01-07,21.38,app,delivery,completed
ORD-0083649,R-0190,2026-01-09,9.77,app,delivery,completed
ORD-0083650,R-0190,2026-01-14,28.75,web,delivery,COMPLETED
ORD-0083651,R-0190,2026-01-04,18.73,app,delivery,COMPLETED
ORD-0083652,R-0190,2026-01-29,20.32,web,pickup,Completed
ORD-0083653,R-0190,2026-01-24,12.72,app,pickup,completed
ORD-0083654,R-0190,2026-01-22,21.28,app,delivery,completed
ORD-0083655,R-0190,2026-01-10,15.40,app,pickup,completed
ORD-0083656,R-0190,2026-01-17,27.36,app,delivery,COMPLETED
ORD-0083657,R-0190,2026-01-13,19.10,app,pickup,Completed
ORD-0083658,R-0190,2026-01-27,18.54,app,delivery,Completed
ORD-0083659,R-0190,2026-01-11,29.31,app,delivery,completed
ORD-0083660,R-0190,2026-01-05,14.99,app,delivery,completed
ORD-0083661,R-0190,2026-01-23,20.61,app,pickup,completed
ORD-0083662,R-0190,2026-01-19,20.34,app,pickup,completed
ORD-0083663,R-0190,2026-01-11,18.68,web,pickup,completed
ORD-0083664,R-0190,2026-01-27,34.74,app,pickup,completed
ORD-0083665,R-0190,2026-01-11,35.46,web,pickup,completed
ORD-0083666,R-0190,2026-01-18,15.95,app,pickup,completed
ORD-0083667,R-0190,2026-01-02,12.88,app,delivery,completed
ORD-0083668,R-0190,2026-01-10,17.81,web,delivery,completed
ORD-0083669,R-0190,2026-01-24,34.26,app,pickup,completed
ORD-0083670,R-0190,2026-01-23,19.33,app,pickup,COMPLETED
ORD-0083671,R-0190,2026-01-09,24.00,app,pickup,COMPLETED
ORD-0083672,R-0190,2026-01-03,27.73,app,delivery,completed
ORD-0083673,R-0190,2026-01-31,21.62,app,delivery,completed
ORD-0083674,R-0190,2026-01-31,23.57,web,pickup,COMPLETED
ORD-0083675,R-0190,2026-01-08,16.47,app,pickup,cancelled
ORD-0083676,R-0190,2026-01-11,19.49,web,delivery,completed
ORD-0083677,R-0190,2026-01-17,23.56,app,delivery,COMPLETED
ORD-0083678,R-0190,2026-01-12,13.97,app,delivery,completed
ORD-0083679,R-0190,2026-01-07,6.01,app,pickup,completed
ORD-0083680,R-0190,2026-01-02,42.67,web,delivery,completed
ORD-0083681,R-0190,2026-01-17,9.01,web,delivery,completed
ORD-0083682,R-0190,2026-01-31,32.73,app,delivery,completed
ORD-0083683,R-0190,2026-01-01,25.06,app,pickup,completed
ORD-0083684,R-0190,2026-01-23,25.14,web,delivery,completed
ORD-0083685,R-0190,2026-01-03,20.52,app,delivery,COMPLETED
ORD-0083686,R-0190,2026-01-25,9.42,app,delivery,completed
ORD-0083687,R-0190,2026-01-17,40.06,app,delivery,completed
ORD-0083688,R-0190,2026-01-12,13.94,app,delivery,completed
ORD-0083689,R-0190,2026-01-25,15.73,web,pickup,completed
ORD-0083690,R-0190,2026-01-08,15.52,app,delivery,completed
ORD-0083691,R-0190,2026-01-18,28.08,app,delivery,completed
ORD-0083692,R-0190,2026-01-19,23.38,app,pickup,Completed
ORD-0083693,R-0190,2026-01-30,31.46,app,pickup,COMPLETED
ORD-0083694,R-0190,2026-01-12,25.36,app,delivery,Completed
ORD-0083695,R-0190,2026-01-02,16.10,app,pickup,completed
ORD-0083696,R-0190,2026-01-24,20.18,app,delivery,completed
ORD-0083697,R-0190,2026-01-18,17.13,web,pickup,completed
ORD-0083698,R-0190,2026-01-31,19.30,app,delivery,completed
ORD-0083699,R-0190,2026-01-15,30.50,app,pickup,completed
ORD-0083700,R-0190,2026-01-09,15.87,app,delivery,COMPLETED
ORD-0083701,R-0190,2026-01-25,13.54,app,pickup,completed
ORD-0083702,R-0190,2026-01-05,12.55,web,delivery,completed
ORD-0083703,R-0190,2026-01-30,29.32,app,pickup,completed
ORD-0083704,R-0190,2026-01-21,18.11,app,delivery,COMPLETED
ORD-0083705,R-0190,2026-01-04,35.11,app,pickup,cancelled
ORD-0083706,R-0190,2026-01-31,18.58,app,delivery,completed
ORD-0083707,R-0190,2026-01-14,17.67,web,pickup,completed
ORD-0083708,R-0190,2026-01-10,7.71,web,delivery,completed
ORD-0083709,R-0190,2026-01-30,28.66,app,pickup,completed
ORD-0083710,R-0190,2026-01-18,14.89,app,delivery,completed
ORD-0083711,R-0190,2026-01-31,17.45,app,pickup,completed
ORD-0083712,R-0190,2026-01-11,15.84,app,pickup,completed
ORD-0083713,R-0190,2026-01-24,20.80,app,pickup,completed
ORD-0083714,R-0190,2026-01-13,20.07,app,delivery,completed
ORD-0083715,R-0190,2026-01-08,15.97,app,pickup,Completed
ORD-0083716,R-0190,2026-01-30,17.67,app,delivery,completed
ORD-0083717,R-0190,2026-01-15,21.76,web,pickup,completed
ORD-0083718,R-0190,2026-01-23,16.10,web,pickup,completed
ORD-0083719,R-0190,2026-01-26,27.13,web,delivery,completed
ORD-0083720,R-0190,2026-01-05,9.77,app,pickup,completed
ORD-0083721,R-0190,2026-01-04,19.01,app,delivery,COMPLETED
ORD-0085932,R-0195,2026-01-09,21.19,app,delivery,completed
ORD-0085933,R-0195,2026-01-24,53.33,app,pickup,completed
ORD-0085934,R-0195,2026-01-23,45.19,web,pickup,completed
ORD-0085935,R-0195,2026-01-09,68.08,web,pickup,Completed
ORD-0085936,R-0195,2026-01-01,10.96,web,pickup,completed
ORD-0085937,R-0195,2026-01-27,35.88,web,pickup,completed
ORD-0085938,R-0195,2026-01-09,31.40,web,delivery,completed
ORD-0085939,R-0195,2026-01-11,17.27,app,pickup,completed
ORD-0085940,R-0195,2026-01-03,46.85,app,delivery,completed
ORD-0085941,R-0195,2026-01-11,58.97,app,delivery,completed
ORD-0085942,R-0195,2026-01-04,29.99,web,pickup,completed
ORD-0085943,R-0195,2026-01-20,29.73,app,pickup,completed
ORD-0085944,R-0195,2026-01-09,27.62,app,pickup,completed
ORD-0085945,R-0195,2026-01-23,47.98,app,pickup,completed
ORD-0085946,R-0195,2026-01-16,29.45,web,pickup,completed
ORD-0085947,R-0195,2026-01-21,25.29,app,pickup,completed
ORD-0085948,R-0195,2026-01-22,35.54,web,pickup,completed
ORD-0085949,R-0195,2026-01-30,33.59,web,pickup,completed
ORD-0085950,R-0195,2026-01-29,32.28,app,pickup,completed
ORD-0085951,R-0195,2026-01-27,43.26,web,pickup,completed
ORD-0085952,R-0195,2026-01-12,66.15,web,pickup,completed
ORD-0085953,R-0195,2026-01-24,46.35,app,pickup,completed
ORD-0085954,R-0195,2026-01-18,24.16,app,pickup,completed
ORD-0085955,R-0195,2026-01-31,27.00,web,delivery,completed
ORD-0085956,R-0195,2026-01-20,79.70,web,delivery,completed
ORD-0085957,R-0195,2026-01-24,27.89,app,pickup,completed
ORD-0085958,R-0195,2026-01-11,19.67,web,pickup,completed
ORD-0085959,R-0195,2026-01-23,17.30,app,pickup,completed
ORD-0085960,R-0195,2026-01-16,14.01,app,delivery,completed
ORD-0085961,R-0195,2026-01-10,14.12,web,pickup,COMPLETED
ORD-0085962,R-0195,2026-01-15,68.92,app,delivery,completed
ORD-0085963,R-0195,2026-01-16,43.11,web,delivery,completed
ORD-0085964,R-0195,2026-01-09,34.86,web,pickup,Completed
ORD-0085965,R-0195,2026-01-31,18.42,web,pickup,completed
ORD-0085966,R-0195,2026-01-08,25.63,web,delivery,completed
ORD-0085967,R-0195,2026-01-10,50.46,web,delivery,completed
ORD-0085968,R-0195,2026-01-31,27.89,web,pickup,completed
ORD-0085969,R-0195,2026-01-01,87.06,web,pickup,completed
ORD-0085970,R-0195,2026-01-26,37.17,web,delivery,completed
ORD-0085971,R-0195,2026-01-02,43.40,app,delivery,completed
ORD-0087185,R-0200,2026-01-28,18.07,app,delivery,completed
ORD-0087186,R-0200,2026-01-30,24.39,app,delivery,completed
ORD-0087187,R-0200,2026-01-17,26.09,web,pickup,completed
ORD-0087188,R-0200,2026-01-24,30.41,app,pickup,completed
ORD-0087189,R-0200,2026-01-06,16.65,web,delivery,COMPLETED
ORD-0087190,R-0200,2026-01-08,22.98,app,pickup,completed
ORD-0087191,R-0200,2026-01-23,42.35,app,pickup,completed
ORD-0087192,R-0200,2026-01-09,26.49,web,pickup,completed
ORD-0087193,R-0200,2026-01-02,25.31,app,pickup,completed
ORD-0087194,R-0200,2026-01-31,22.28,app,pickup,refunded
ORD-0087195,R-0200,2026-01-16,45.62,app,pickup,completed
ORD-0087196,R-0200,2026-01-13,33.96,app,delivery,completed
ORD-0087197,R-0200,2026-01-10,33.94,web,delivery,completed
ORD-0087198,R-0200,2026-01-04,26.94,app,pickup,completed
ORD-0087199,R-0200,2026-01-09,16.35,app,delivery,completed
ORD-0087200,R-0200,2026-01-31,16.83,app,pickup,completed
ORD-0087201,R-0200,2026-01-27,29.87,app,pickup,completed
ORD-0087202,R-0200,2026-01-17,19.22,web,delivery,completed
ORD-0087203,R-0200,2026-01-02,28.65,web,delivery,completed
ORD-0087204,R-0200,2026-01-07,34.77,web,delivery,completed
ORD-0087205,R-0200,2026-01-08,25.47,app,delivery,completed
ORD-0087206,R-0200,2026-01-26,18.52,web,pickup,completed
ORD-0087207,R-0200,2026-01-20,32.67,web,pickup,completed
ORD-0087208,R-0200,2026-01-01,28.90,web,pickup,completed
ORD-0087209,R-0200,2026-01-09,38.99,app,delivery,completed
ORD-0087210,R-0200,2026-01-30,25.33,web,delivery,completed
ORD-0087211,R-0200,2026-01-10,18.30,web,pickup,completed
ORD-0087212,R-0200,2026-01-30,30.44,web,delivery,completed
ORD-0087213,R-0200,2026-01-20,25.73,web,delivery,completed
ORD-0087214,R-0200,2026-01-09,20.83,app,delivery,completed
ORD-0087215,R-0200,2026-01-31,23.81,app,delivery,Completed
ORD-0087216,R-0200,2026-01-05,24.72,web,pickup,completed
ORD-0087217,R-0200,2026-01-20,29.01,web,delivery,completed
ORD-0087218,R-0200,2026-01-01,25.28,app,delivery,COMPLETED
ORD-0087219,R-0200,2026-01-03,24.32,app,pickup,completed
ORD-0087220,R-0200,2026-01-17,20.99,app,delivery,completed
ORD-0087221,R-0200,2026-01-27,19.60,app,delivery,completed
ORD-0087222,R-0200,2026-01-16,33.29,web,delivery,completed
ORD-0087223,R-0200,2026-01-25,22.73,app,delivery,completed
ORD-0087224,R-0200,2026-01-14,40.37,web,pickup,completed
ORD-0087225,R-0200,2026-01-12,25.00,app,delivery,completed
ORD-0087226,R-0200,2026-01-04,37.59,app,delivery,completed
ORD-0087227,R-0200,2026-01-10,24.84,app,pickup,completed
ORD-0087228,R-0200,2026-01-23,28.67,web,pickup,completed
ORD-0087229,R-0200,2026-01-09,25.65,app,delivery,completed
ORD-0087230,R-0200,2026-01-30,24.25,app,pickup,Completed
ORD-0087231,R-0200,2026-01-17,18.08,app,pickup,completed
ORD-0087232,R-0200,2026-01-15,17.20,app,pickup,CANCELLED
ORD-0087233,R-0200,2026-01-15,21.07,app,pickup,completed
ORD-0087234,R-0200,2026-01-21,30.02,app,delivery,completed
ORD-0087235,R-0200,2026-01-31,47.95,app,pickup,completed
ORD-0087236,R-0200,2026-01-06,47.18,web,pickup,completed
ORD-0087237,R-0200,2026-01-26,30.54,web,delivery,completed
ORD-0087238,R-0200,2026-01-09,22.48,app,delivery,completed
ORD-0087239,R-0200,2026-01-09,27.29,web,delivery,completed
ORD-0087240,R-0200,2026-01-17,36.16,web,delivery,completed
ORD-0087241,R-0200,2026-01-08,31.13,app,delivery,completed
ORD-0087242,R-0200,2026-01-08,28.92,app,delivery,completed
ORD-0087243,R-0200,2026-01-08,33.62,app,delivery,completed
ORD-0087244,R-0200,2026-01-16,43.03,app,delivery,CANCELLED
ORD-0087245,R-0200,2026-01-03,41.22,web,pickup,completed
ORD-0087246,R-0200,2026-01-04,24.05,app,delivery,COMPLETED
ORD-0087247,R-0200,2026-01-10,26.28,web,pickup,completed
ORD-0087248,R-0200,2026-01-30,37.58,web,delivery,completed
ORD-0087249,R-0200,2026-01-26,27.42,app,delivery,cancelled
ORD-0087250,R-0200,2026-01-15,20.85,app,pickup,completed
ORD-0087251,R-0200,2026-01-05,33.58,app,delivery,completed
ORD-0087252,R-0200,2026-01-06,22.99,app,delivery,completed
ORD-0087253,R-0200,2026-01-10,26.05,app,pickup,completed
ORD-0087254,R-0200,2026-01-29,21.35,app,delivery,completed
ORD-0087255,R-0200,2026-01-02,27.37,web,delivery,completed
ORD-0087256,R-0200,2026-01-05,26.59,web,pickup,Completed
ORD-0087257,R-0200,2026-01-16,89.69,app,pickup,Completed
ORD-0087258,R-0200,2026-01-17,32.75,app,pickup,COMPLETED
ORD-0087259,R-0200,2026-01-26,15.83,web,pickup,completed
ORD-0087260,R-0200,2026-01-04,26.74,app,pickup,completed
ORD-0087261,R-0200,2026-01-01,21.74,web,delivery,completed
ORD-0087262,R-0200,2026-01-17,21.55,app,delivery,Completed
ORD-0087263,R-0200,2026-01-24,24.38,app,pickup,completed
ORD-0087264,R-0200,2026-01-07,33.06,app,pickup,completed
ORD-0087265,R-0200,2026-01-16,20.38,app,pickup,completed
ORD-0087266,R-0200,2026-01-03,19.30,app,pickup,completed
ORD-0087267,R-0200,2026-01-02,27.24,web,pickup,completed
ORD-0087268,R-0200,2026-01-20,23.80,web,delivery,completed
ORD-0087269,R-0200,2026-01-11,43.87,app,pickup,completed
ORD-0087270,R-0200,2026-01-22,23.15,web,pickup,completed
ORD-0087271,R-0200,2026-01-04,20.61,app,delivery,completed
ORD-0087272,R-0200,2026-01-23,27.77,app,delivery,completed
ORD-0087273,R-0200,2026-01-28,34.00,web,delivery,completed
ORD-0087274,R-0200,2026-01-02,38.58,app,delivery,completed
ORD-0087275,R-0200,2026-01-10,49.81,app,pickup,completed
ORD-0087276,R-0200,2026-01-22,29.15,app,pickup,completed
ORD-0087277,R-0200,2026-01-31,29.83,app,pickup,completed
ORD-0087278,R-0200,2026-01-18,30.85,web,pickup,completed
ORD-0087279,R-0200,2026-01-11,16.23,app,pickup,completed
ORD-0087280,R-0200,2026-01-11,17.05,app,delivery,COMPLETED
ORD-0087281,R-0200,2026-01-24,21.83,app,delivery,completed
ORD-0087282,R-0200,2026-01-02,28.47,app,delivery,Completed
ORD-0087283,R-0200,2026-01-28,38.44,app,delivery,completed
ORD-0087284,R-0200,2026-01-29,22.70,app,pickup,COMPLETED
ORD-0088201,R-0202,2026-01-22,30.09,app,delivery,cancelled
ORD-0088202,R-0202,2026-01-18,17.00,web,delivery,COMPLETED
ORD-0088203,R-0202,2026-01-19,30.70,web,delivery,completed
ORD-0088204,R-0202,2026-01-22,22.90,app,delivery,Completed
ORD-0088205,R-0202,2026-01-26,26.38,app,pickup,completed
ORD-0088206,R-0202,2026-01-04,43.12,app,delivery,completed
ORD-0088207,R-0202,2026-01-22,36.43,web,delivery,completed
ORD-0088208,R-0202,2026-01-10,19.60,web,delivery,completed
ORD-0088209,R-0202,2026-01-18,34.74,app,delivery,COMPLETED
ORD-0088210,R-0202,2026-01-30,17.75,app,pickup,completed
ORD-0088211,R-0202,2026-01-16,29.74,web,delivery,completed
ORD-0088212,R-0202,2026-01-17,26.13,web,delivery,completed
ORD-0088213,R-0202,2026-01-23,57.34,web,pickup,completed
ORD-0088214,R-0202,2026-01-08,29.88,app,pickup,completed
ORD-0088215,R-0202,2026-01-23,36.99,web,pickup,completed
ORD-0088216,R-0202,2026-01-10,33.55,web,delivery,completed
ORD-0088217,R-0202,2026-01-02,26.25,app,delivery,completed
ORD-0088218,R-0202,2026-01-17,16.67,app,delivery,Completed
ORD-0088219,R-0202,2026-01-26,13.70,app,delivery,completed
ORD-0088220,R-0202,2026-01-15,14.69,app,delivery,completed
ORD-0088221,R-0202,2026-01-01,19.52,web,delivery,Completed
ORD-0088222,R-0202,2026-01-15,12.19,app,delivery,completed
ORD-0088223,R-0202,2026-01-13,27.11,app,delivery,completed
ORD-0088224,R-0202,2026-01-24,30.33,app,delivery,COMPLETED
ORD-0088225,R-0202,2026-01-23,27.05,app,delivery,completed
ORD-0088226,R-0202,2026-01-12,44.80,app,delivery,completed
ORD-0088227,R-0202,2026-01-17,28.86,web,delivery,completed
ORD-0088228,R-0202,2026-01-12,38.06,web,delivery,completed
ORD-0088229,R-0202,2026-01-27,21.66,app,pickup,completed
ORD-0088230,R-0202,2026-01-16,22.79,app,delivery,completed
ORD-0088231,R-0202,2026-01-22,28.93,app,delivery,refunded
ORD-0088232,R-0202,2026-01-11,25.05,app,delivery,completed
ORD-0088233,R-0202,2026-01-18,33.01,app,delivery,completed
ORD-0088234,R-0202,2026-01-16,20.72,app,delivery,completed
ORD-0088235,R-0202,2026-01-18,27.94,app,delivery,completed
ORD-0088236,R-0202,2026-01-10,31.39,app,pickup,completed
ORD-0088237,R-0202,2026-01-10,31.33,web,delivery,completed
ORD-0088238,R-0202,2026-01-12,31.95,app,delivery,completed
ORD-0088239,R-0202,2026-01-23,25.70,app,pickup,completed
ORD-0088240,R-0202,2026-01-25,27.56,app,delivery,completed
ORD-0088241,R-0202,2026-01-01,23.05,web,pickup,completed
ORD-0088242,R-0202,2026-01-17,22.11,web,pickup,COMPLETED
ORD-0088243,R-0202,2026-01-26,30.37,app,delivery,COMPLETED
ORD-0088244,R-0202,2026-01-22,27.01,web,delivery,completed
ORD-0088245,R-0202,2026-01-17,27.45,web,delivery,completed
ORD-0088246,R-0202,2026-01-17,27.06,web,pickup,refunded
ORD-0088247,R-0202,2026-01-17,26.74,web,pickup,completed
ORD-0088248,R-0202,2026-01-11,31.64,app,delivery,completed
ORD-0088249,R-0202,2026-01-31,39.14,web,pickup,completed
ORD-0088250,R-0202,2026-01-23,29.17,web,delivery,completed
ORD-0088251,R-0202,2026-01-17,53.89,app,pickup,completed
ORD-0088252,R-0202,2026-01-29,22.80,app,pickup,completed
ORD-0088253,R-0202,2026-01-02,24.47,web,pickup,completed
ORD-0088254,R-0202,2026-01-31,32.80,app,delivery,completed
ORD-0088255,R-0202,2026-01-25,23.10,web,pickup,completed
ORD-0088256,R-0202,2026-01-29,27.57,app,pickup,completed
ORD-0088257,R-0202,2026-01-10,27.08,app,delivery,Cancelled
ORD-0088258,R-0202,2026-01-07,21.13,web,pickup,completed
ORD-0088259,R-0202,2026-01-25,38.27,web,pickup,completed
ORD-0088260,R-0202,2026-01-11,20.19,web,delivery,completed
ORD-0088261,R-0202,2026-01-18,39.92,app,delivery,completed
ORD-0088262,R-0202,2026-01-16,30.43,app,delivery,cancelled
ORD-0088263,R-0202,2026-01-17,29.42,app,delivery,cancelled
ORD-0088264,R-0202,2026-01-29,22.79,app,delivery,completed
ORD-0088265,R-0202,2026-01-04,23.95,app,delivery,completed
ORD-0088266,R-0202,2026-01-08,30.16,web,pickup,cancelled
ORD-0088267,R-0202,2026-01-02,30.27,app,delivery,completed
ORD-0089513,R-0204,2026-01-21,35.42,app,delivery,completed
ORD-0089514,R-0204,2026-01-16,14.23,app,delivery,completed
ORD-0089515,R-0204,2026-01-16,24.35,web,pickup,completed
ORD-0089516,R-0204,2026-01-06,25.34,app,delivery,COMPLETED
ORD-0089517,R-0204,2026-01-14,30.01,app,pickup,completed
ORD-0089518,R-0204,2026-01-30,13.29,web,delivery,Completed
ORD-0089519,R-0204,2026-01-27,27.08,app,delivery,Completed
ORD-0089520,R-0204,2026-01-24,49.60,app,delivery,completed
ORD-0089521,R-0204,2026-01-11,38.85,app,delivery,COMPLETED
ORD-0089522,R-0204,2026-01-14,49.84,app,delivery,completed
ORD-0089523,R-0204,2026-01-23,29.84,web,delivery,cancelled
ORD-0089524,R-0204,2026-01-13,18.75,app,delivery,completed
ORD-0089525,R-0204,2026-01-04,40.86,web,delivery,completed
ORD-0089526,R-0204,2026-01-13,21.88,app,pickup,completed
ORD-0089527,R-0204,2026-01-17,50.46,app,delivery,completed
ORD-0089528,R-0204,2026-01-14,34.35,app,pickup,completed
ORD-0089529,R-0204,2026-01-30,17.91,app,pickup,completed
ORD-0089530,R-0204,2026-01-18,23.62,app,delivery,Completed
ORD-0089531,R-0204,2026-01-23,26.42,app,pickup,completed
ORD-0089532,R-0204,2026-01-31,24.50,web,pickup,Completed
ORD-0089533,R-0204,2026-01-16,23.66,app,delivery,completed
ORD-0089534,R-0204,2026-01-07,26.26,app,pickup,completed
ORD-0089535,R-0204,2026-01-09,20.79,app,delivery,completed
ORD-0089536,R-0204,2026-01-25,27.08,app,delivery,completed
ORD-0089537,R-0204,2026-01-02,32.14,web,delivery,completed
ORD-0089538,R-0204,2026-01-18,26.15,web,delivery,refunded
ORD-0089539,R-0204,2026-01-17,16.25,app,pickup,completed
ORD-0089540,R-0204,2026-01-15,15.24,app,delivery,completed
ORD-0089541,R-0204,2026-01-17,28.71,web,delivery,completed
ORD-0089542,R-0204,2026-01-10,30.68,app,delivery,completed
ORD-0089543,R-0204,2026-01-17,28.21,app,delivery,COMPLETED
ORD-0089544,R-0204,2026-01-24,38.05,web,delivery,completed
ORD-0089545,R-0204,2026-01-18,18.45,app,delivery,cancelled
ORD-0089546,R-0204,2026-01-29,20.13,app,delivery,completed
ORD-0089547,R-0204,2026-01-11,30.12,app,pickup,completed
ORD-0089548,R-0204,2026-01-25,24.28,app,delivery,COMPLETED
ORD-0089549,R-0204,2026-01-23,24.15,app,delivery,Completed
ORD-0089550,R-0204,2026-01-24,33.20,web,delivery,Cancelled
ORD-0089551,R-0204,2026-01-20,13.44,app,delivery,completed
ORD-0089552,R-0204,2026-01-27,25.79,app,pickup,completed
ORD-0089553,R-0204,2026-01-10,32.28,app,pickup,COMPLETED
ORD-0089554,R-0204,2026-01-18,49.60,app,delivery,Completed
ORD-0089555,R-0204,2026-01-11,28.72,web,delivery,completed
ORD-0089556,R-0204,2026-01-13,31.53,app,delivery,completed
ORD-0089557,R-0204,2026-01-16,59.48,app,delivery,completed
ORD-0089558,R-0204,2026-01-01,30.82,web,delivery,completed
ORD-0089559,R-0204,2026-01-18,48.24,app,delivery,completed
ORD-0089560,R-0204,2026-01-24,25.27,app,delivery,completed
ORD-0089561,R-0204,2026-01-04,50.84,web,pickup,completed
ORD-0089562,R-0204,2026-01-09,25.20,app,pickup,completed
ORD-0089563,R-0204,2026-01-28,24.97,app,delivery,completed
ORD-0089564,R-0204,2026-01-11,24.01,web,delivery,completed
ORD-0089565,R-0204,2026-01-03,30.69,web,delivery,completed
ORD-0089566,R-0204,2026-01-06,17.06,app,delivery,completed
ORD-0089567,R-0204,2026-01-07,25.37,app,delivery,completed
ORD-0089568,R-0204,2026-01-14,63.41,web,pickup,completed
ORD-0089569,R-0204,2026-01-31,20.74,app,delivery,COMPLETED
ORD-0089570,R-0204,2026-01-02,14.22,web,delivery,completed
ORD-0089571,R-0204,2026-01-25,30.92,app,pickup,Completed
ORD-0089572,R-0204,2026-01-22,15.82,web,pickup,completed
ORD-0089573,R-0204,2026-01-27,19.74,app,delivery,completed
ORD-0089574,R-0204,2026-01-27,26.82,app,delivery,completed
ORD-0089575,R-0204,2026-01-24,37.13,app,pickup,completed
ORD-0089576,R-0204,2026-01-04,29.56,app,pickup,completed
ORD-0089577,R-0204,2026-01-31,20.38,app,pickup,completed
ORD-0089578,R-0204,2026-01-24,20.70,web,delivery,COMPLETED
ORD-0089579,R-0204,2026-01-28,16.44,app,delivery,COMPLETED
ORD-0089580,R-0204,2026-01-26,24.08,app,delivery,completed
ORD-0089581,R-0204,2026-01-09,40.33,app,pickup,completed
ORD-0089582,R-0204,2026-01-06,37.08,web,delivery,completed
ORD-0089583,R-0204,2026-01-03,23.28,app,delivery,completed
ORD-0089584,R-0204,2026-01-02,38.49,web,delivery,completed
ORD-0089585,R-0204,2026-01-23,26.03,app,pickup,COMPLETED
ORD-0089586,R-0204,2026-01-29,16.12,app,pickup,completed
ORD-0089587,R-0204,2026-01-27,20.79,app,pickup,completed
ORD-0089588,R-0204,2026-01-19,26.87,web,delivery,completed
ORD-0089589,R-0204,2026-01-18,45.69,app,delivery,completed
ORD-0089590,R-0204,2026-01-24,56.48,app,delivery,completed
ORD-0089591,R-0204,2026-01-25,28.89,app,delivery,completed
ORD-0089592,R-0204,2026-01-23,44.73,web,delivery,cancelled
ORD-0089593,R-0204,2026-01-24,28.68,app,delivery,completed
ORD-0089594,R-0204,2026-01-15,20.77,app,pickup,completed
ORD-0089595,R-0204,2026-01-29,38.49,app,delivery,completed
ORD-0089596,R-0204,2026-01-04,24.54,web,pickup,completed
ORD-0089597,R-0204,2026-01-03,27.48,app,pickup,completed
ORD-0089598,R-0204,2026-01-05,30.44,web,delivery,completed
ORD-0089599,R-0204,2026-01-15,28.56,app,pickup,completed
ORD-0089600,R-0204,2026-01-26,34.69,app,delivery,Completed
ORD-0089601,R-0204,2026-01-24,23.63,web,pickup,completed
ORD-0089602,R-0204,2026-01-30,24.82,app,delivery,completed
ORD-0089603,R-0204,2026-01-14,21.03,app,delivery,completed
ORD-0089604,R-0204,2026-01-10,34.64,app,delivery,completed
ORD-0089605,R-0204,2026-01-07,36.54,web,pickup,completed
ORD-0089606,R-0204,2026-01-01,36.35,web,pickup,completed
ORD-0089607,R-0204,2026-01-09,30.61,app,delivery,completed
ORD-0089608,R-0204,2026-01-13,30.66,web,pickup,completed
ORD-0089609,R-0204,2026-01-31,55.07,web,pickup,completed
ORD-0089610,R-0204,2026-01-22,22.00,app,pickup,completed
ORD-0089611,R-0204,2026-01-31,33.24,web,delivery,refunded
ORD-0089612,R-0204,2026-01-29,35.66,app,pickup,completed
ORD-0089613,R-0204,2026-01-17,22.97,web,pickup,completed
ORD-0089614,R-0204,2026-01-25,28.76,app,delivery,completed
ORD-0089615,R-0204,2026-01-16,24.64,web,pickup,completed
ORD-0089616,R-0204,2026-01-15,13.14,app,delivery,completed
ORD-0089617,R-0204,2026-01-02,19.95,app,delivery,completed
ORD-0089618,R-0204,2026-01-18,37.96,app,pickup,completed
ORD-0089619,R-0204,2026-01-14,23.44,web,delivery,completed
ORD-0089620,R-0204,2026-01-25,43.09,app,pickup,completed
ORD-0089621,R-0204,2026-01-01,21.10,app,pickup,completed
ORD-0089622,R-0204,2026-01-04,24.37,app,delivery,completed
ORD-0089623,R-0204,2026-01-05,33.71,app,pickup,completed
ORD-0089624,R-0204,2026-01-24,24.13,app,pickup,completed
ORD-0089625,R-0204,2026-01-13,26.29,web,delivery,completed
ORD-0089626,R-0204,2026-01-31,28.28,app,delivery,completed
ORD-0089627,R-0204,2026-01-31,31.17,web,pickup,completed
ORD-0089628,R-0204,2026-01-15,25.64,web,delivery,completed
ORD-0089629,R-0204,2026-01-31,16.62,app,delivery,completed
ORD-0089630,R-0204,2026-01-26,33.90,app,delivery,completed
ORD-0089631,R-0204,2026-01-09,21.39,app,delivery,completed
ORD-0089632,R-0204,2026-01-03,30.66,app,delivery,COMPLETED
ORD-0091245,R-0207,2026-01-17,36.41,web,pickup,completed
ORD-0091246,R-0207,2026-01-02,57.79,web,delivery,completed
ORD-0091247,R-0207,2026-01-21,47.69,web,pickup,completed
ORD-0091248,R-0207,2026-01-19,35.60,web,pickup,completed
ORD-0091249,R-0207,2026-01-23,54.06,app,delivery,completed
ORD-0091250,R-0207,2026-01-25,45.18,app,delivery,completed
ORD-0091251,R-0207,2026-01-02,46.10,app,pickup,Completed
ORD-0091252,R-0207,2026-01-30,59.65,app,pickup,completed
ORD-0091253,R-0207,2026-01-22,29.76,app,pickup,completed
ORD-0091254,R-0207,2026-01-16,82.19,app,pickup,completed
ORD-0091255,R-0207,2026-01-02,48.80,app,delivery,completed
ORD-0091256,R-0207,2026-01-03,32.85,web,delivery,completed
ORD-0091257,R-0207,2026-01-28,30.44,web,pickup,completed
ORD-0091258,R-0207,2026-01-15,70.00,web,pickup,completed
ORD-0091259,R-0207,2026-01-08,47.19,web,delivery,completed
ORD-0091260,R-0207,2026-01-09,63.80,web,delivery,completed
ORD-0091261,R-0207,2026-01-14,50.82,app,pickup,COMPLETED
ORD-0091519,R-0209,2026-01-16,28.61,web,pickup,completed
ORD-0091520,R-0209,2026-01-28,21.35,web,pickup,completed
ORD-0091521,R-0209,2026-01-03,35.84,web,pickup,completed
ORD-0091522,R-0209,2026-01-03,14.90,web,delivery,completed
ORD-0091523,R-0209,2026-01-16,12.47,app,pickup,refunded
ORD-0091524,R-0209,2026-01-03,19.47,web,delivery,completed
ORD-0091525,R-0209,2026-01-12,22.00,app,pickup,refunded
ORD-0091526,R-0209,2026-01-24,15.75,app,delivery,cancelled
ORD-0091527,R-0209,2026-01-02,13.97,web,delivery,completed
ORD-0091528,R-0209,2026-01-01,15.08,app,delivery,completed
ORD-0091529,R-0209,2026-01-19,24.31,app,delivery,completed
ORD-0091530,R-0209,2026-01-09,38.25,app,pickup,completed
ORD-0091531,R-0209,2026-01-31,34.40,app,pickup,completed
ORD-0091532,R-0209,2026-01-18,20.86,app,delivery,refunded
ORD-0091533,R-0209,2026-01-23,26.61,app,pickup,completed
ORD-0091534,R-0209,2026-01-30,22.54,web,pickup,completed
ORD-0091535,R-0209,2026-01-23,13.37,app,delivery,completed
ORD-0091536,R-0209,2026-01-08,11.08,web,delivery,completed
ORD-0091537,R-0209,2026-01-07,25.00,app,delivery,completed
ORD-0091538,R-0209,2026-01-09,51.06,web,pickup,completed
ORD-0091539,R-0209,2026-01-27,26.42,app,delivery,completed
ORD-0091540,R-0209,2026-01-25,24.83,app,delivery,completed
ORD-0091541,R-0209,2026-01-11,18.49,app,delivery,completed
ORD-0091542,R-0209,2026-01-16,23.91,web,delivery,completed
ORD-0091543,R-0209,2026-01-16,19.18,app,delivery,completed
ORD-0091544,R-0209,2026-01-17,18.10,app,pickup,COMPLETED
ORD-0091545,R-0209,2026-01-04,41.80,web,delivery,completed
ORD-0091546,R-0209,2026-01-28,27.28,web,pickup,completed
ORD-0091547,R-0209,2026-01-28,23.15,app,delivery,completed
ORD-0091548,R-0209,2026-01-18,22.77,web,delivery,completed
ORD-0091549,R-0209,2026-01-10,15.72,web,delivery,completed
ORD-0091550,R-0209,2026-01-02,21.94,web,pickup,completed
ORD-0091551,R-0209,2026-01-24,14.73,web,delivery,completed
ORD-0091552,R-0209,2026-01-09,20.90,web,delivery,completed
ORD-0091553,R-0209,2026-01-25,16.99,app,delivery,completed
ORD-0092316,R-0210,2026-01-31,58.60,app,delivery,completed
ORD-0092317,R-0210,2026-01-23,67.04,web,pickup,completed
ORD-0092318,R-0210,2026-01-29,90.97,web,delivery,completed
ORD-0092319,R-0210,2026-01-19,49.84,web,pickup,completed
ORD-0092320,R-0210,2026-01-17,83.34,app,pickup,completed
ORD-0092321,R-0210,2026-01-01,43.43,app,pickup,cancelled
ORD-0092322,R-0210,2026-01-08,64.27,app,delivery,completed
ORD-0092323,R-0210,2026-01-17,106.46,web,pickup,completed
ORD-0092324,R-0210,2026-01-17,58.44,web,pickup,COMPLETED
ORD-0092325,R-0210,2026-01-03,42.20,app,pickup,completed
ORD-0092326,R-0210,2026-01-17,30.23,web,delivery,completed
ORD-0092327,R-0210,2026-01-31,32.76,web,delivery,completed
ORD-0092328,R-0210,2026-01-10,48.95,app,pickup,completed
ORD-0092329,R-0210,2026-01-17,51.83,web,delivery,completed
ORD-0092330,R-0210,2026-01-05,60.55,app,pickup,completed
ORD-0092331,R-0210,2026-01-25,44.00,app,delivery,completed
ORD-0092332,R-0210,2026-01-09,88.10,web,delivery,completed
ORD-0092333,R-0210,2026-01-03,85.10,web,pickup,completed
ORD-0092334,R-0210,2026-01-31,79.84,web,pickup,completed
ORD-0092335,R-0210,2026-01-31,70.75,app,delivery,completed
ORD-0092336,R-0210,2026-01-17,43.61,web,delivery,completed
ORD-0092337,R-0210,2026-01-24,42.42,app,delivery,completed
ORD-0092338,R-0210,2026-01-07,64.86,web,delivery,completed
ORD-0092339,R-0210,2026-01-23,89.90,web,pickup,completed
ORD-0092340,R-0210,2026-01-28,43.30,app,pickup,completed
ORD-0092341,R-0210,2026-01-25,48.41,web,delivery,completed
ORD-0092342,R-0210,2026-01-01,94.23,web,pickup,completed
ORD-0092343,R-0210,2026-01-17,54.80,web,pickup,completed
ORD-0092344,R-0210,2026-01-04,74.24,web,pickup,completed
ORD-0092345,R-0210,2026-01-04,82.38,web,pickup,completed
ORD-0092346,R-0210,2026-01-16,56.95,web,delivery,completed
ORD-0092347,R-0210,2026-01-16,41.24,web,delivery,COMPLETED
ORD-0092348,R-0210,2026-01-22,83.02,web,delivery,completed
ORD-0092349,R-0210,2026-01-08,81.34,app,pickup,completed
ORD-0092350,R-0210,2026-01-26,47.41,web,delivery,completed
ORD-0092351,R-0210,2026-01-22,35.09,app,delivery,completed
ORD-0092352,R-0210,2026-01-10,45.36,app,pickup,completed
ORD-0092353,R-0210,2026-01-09,48.73,web,pickup,completed
ORD-0092354,R-0210,2026-01-13,44.75,web,delivery,Completed
ORD-0092355,R-0210,2026-01-15,84.82,app,delivery,Completed
ORD-0092356,R-0210,2026-01-04,52.57,app,delivery,completed
ORD-0092357,R-0210,2026-01-01,44.60,app,pickup,completed
ORD-0092358,R-0210,2026-01-12,43.90,web,delivery,completed
ORD-0092359,R-0210,2026-01-13,71.43,app,delivery,completed
ORD-0092360,R-0210,2026-01-01,67.81,web,delivery,completed
ORD-0092361,R-0210,2026-01-30,78.80,app,delivery,completed
ORD-0092362,R-0210,2026-01-01,48.14,web,delivery,completed
ORD-0092363,R-0210,2026-01-24,49.74,web,pickup,completed
ORD-0092364,R-0210,2026-01-29,51.62,web,pickup,completed
ORD-0092365,R-0210,2026-01-03,56.73,web,delivery,completed
ORD-0092366,R-0210,2026-01-05,58.93,web,pickup,completed
ORD-0092367,R-0210,2026-01-16,75.27,app,pickup,completed
ORD-0092368,R-0210,2026-01-03,62.03,app,delivery,completed
ORD-0092369,R-0210,2026-01-10,64.82,web,delivery,completed
ORD-0092370,R-0210,2026-01-03,83.53,app,delivery,completed
ORD-0092371,R-0210,2026-01-15,62.06,web,delivery,completed
ORD-0092372,R-0210,2026-01-29,45.15,app,delivery,completed
ORD-0092373,R-0210,2026-01-21,52.70,web,pickup,completed
ORD-0092374,R-0210,2026-01-11,80.90,app,delivery,cancelled
ORD-0092375,R-0210,2026-01-23,92.81,web,pickup,completed
ORD-0092376,R-0210,2026-01-20,50.25,web,delivery,completed
ORD-0092377,R-0210,2026-01-12,82.44,app,delivery,completed
ORD-0092378,R-0210,2026-01-03,112.79,app,delivery,completed
ORD-0092379,R-0210,2026-01-24,55.00,web,pickup,completed
ORD-0092380,R-0210,2026-01-02,59.44,web,delivery,completed
ORD-0092381,R-0210,2026-01-10,48.64,web,pickup,completed
ORD-0092382,R-0210,2026-01-18,64.50,web,pickup,completed
ORD-0092383,R-0210,2026-01-31,75.00,app,pickup,completed
ORD-0092384,R-0210,2026-01-18,44.10,web,delivery,completed
ORD-0092385,R-0210,2026-01-25,82.11,web,pickup,completed
ORD-0092386,R-0210,2026-01-03,52.07,app,delivery,completed
ORD-0092387,R-0210,2026-01-20,48.72,app,delivery,completed
ORD-0092388,R-0210,2026-01-29,59.65,web,delivery,completed
ORD-0092389,R-0210,2026-01-21,99.99,web,pickup,completed
ORD-0092390,R-0210,2026-01-02,94.63,web,delivery,completed
ORD-0092391,R-0210,2026-01-05,68.21,web,delivery,completed
ORD-0092392,R-0210,2026-01-09,49.89,web,pickup,completed
ORD-0092393,R-0210,2026-01-24,51.43,web,delivery,COMPLETED
ORD-0092394,R-0210,2026-01-16,94.01,web,pickup,Completed
ORD-0092395,R-0210,2026-01-03,51.91,app,pickup,Completed
ORD-0092396,R-0210,2026-01-26,79.76,web,delivery,completed
ORD-0092397,R-0210,2026-01-12,38.01,web,delivery,COMPLETED
ORD-0092398,R-0210,2026-01-13,88.71,web,pickup,completed
ORD-0092399,R-0210,2026-01-30,47.96,web,pickup,completed
ORD-0092400,R-0210,2026-01-31,51.93,app,pickup,completed
ORD-0092401,R-0210,2026-01-10,88.93,web,pickup,completed
ORD-0092402,R-0210,2026-01-05,72.97,web,pickup,cancelled
ORD-0092403,R-0210,2026-01-19,68.89,web,delivery,completed
ORD-0092404,R-0210,2026-01-27,53.72,web,pickup,completed
ORD-0092405,R-0210,2026-01-15,53.32,web,pickup,completed
ORD-0092406,R-0210,2026-01-09,33.07,app,pickup,Completed
ORD-0092407,R-0210,2026-01-05,55.30,app,pickup,completed
ORD-0092408,R-0210,2026-01-05,78.15,app,delivery,completed
ORD-0092409,R-0210,2026-01-09,52.87,app,pickup,completed
ORD-0092410,R-0210,2026-01-04,87.54,web,pickup,completed
ORD-0092411,R-0210,2026-01-27,50.31,web,pickup,completed
ORD-0092412,R-0210,2026-01-14,50.28,web,delivery,COMPLETED
ORD-0092413,R-0210,2026-01-03,59.72,app,delivery,COMPLETED
ORD-0092414,R-0210,2026-01-08,62.08,web,pickup,completed
ORD-0092415,R-0210,2026-01-30,65.43,app,delivery,completed
ORD-0092416,R-0210,2026-01-01,45.15,web,delivery,Completed
ORD-0092417,R-0210,2026-01-10,84.74,web,pickup,completed
ORD-0092418,R-0210,2026-01-05,44.27,web,delivery,COMPLETED
ORD-0092419,R-0210,2026-01-24,58.63,web,delivery,completed
ORD-0092420,R-0210,2026-01-01,79.42,web,pickup,completed
ORD-0092421,R-0210,2026-01-18,81.97,app,pickup,completed
ORD-0092422,R-0210,2026-01-17,42.58,web,pickup,completed
ORD-0092423,R-0210,2026-01-04,100.04,app,pickup,Completed
ORD-0092424,R-0210,2026-01-08,87.80,app,pickup,completed
ORD-0092425,R-0210,2026-01-28,56.21,web,delivery,completed
ORD-0092426,R-0210,2026-01-02,35.86,web,delivery,COMPLETED
ORD-0092427,R-0210,2026-01-04,49.51,web,delivery,completed
ORD-0092428,R-0210,2026-01-04,87.03,app,delivery,completed
ORD-0092429,R-0210,2026-01-23,52.38,web,delivery,completed
ORD-0092430,R-0210,2026-01-31,48.41,web,delivery,COMPLETED
ORD-0092431,R-0210,2026-01-11,47.58,app,delivery,completed
ORD-0092432,R-0210,2026-01-26,68.40,app,pickup,completed
ORD-0092433,R-0210,2026-01-04,58.64,app,delivery,completed
ORD-0092434,R-0210,2026-01-16,91.54,app,pickup,Completed
ORD-0092435,R-0210,2026-01-02,86.87,app,delivery,COMPLETED
ORD-0092436,R-0210,2026-01-03,72.37,app,delivery,completed
ORD-0092437,R-0210,2026-01-28,62.13,app,pickup,Completed
ORD-0092438,R-0210,2026-01-03,94.31,web,pickup,completed
ORD-0092439,R-0210,2026-01-06,49.71,web,delivery,Completed
ORD-0092440,R-0210,2026-01-29,70.49,web,pickup,completed
ORD-0092441,R-0210,2026-01-25,81.40,web,delivery,completed
ORD-0092442,R-0210,2026-01-14,53.17,app,delivery,completed
ORD-0092443,R-0210,2026-01-08,26.16,app,delivery,completed
ORD-0092444,R-0210,2026-01-06,35.42,app,delivery,completed
ORD-0092445,R-0210,2026-01-02,46.11,web,delivery,completed
ORD-0092446,R-0210,2026-01-28,88.34,app,pickup,completed
ORD-0092447,R-0210,2026-01-04,106.55,web,pickup,completed
ORD-0092448,R-0210,2026-01-03,71.17,app,pickup,completed
ORD-0092449,R-0210,2026-01-04,56.66,app,pickup,completed
ORD-0092450,R-0210,2026-01-12,101.06,web,pickup,COMPLETED
ORD-0092451,R-0210,2026-01-26,43.68,app,delivery,completed
ORD-0092452,R-0210,2026-01-15,72.26,app,pickup,completed
ORD-0092453,R-0210,2026-01-22,84.75,web,delivery,COMPLETED
ORD-0092454,R-0210,2026-01-04,95.35,app,delivery,completed
ORD-0092455,R-0210,2026-01-24,54.06,app,delivery,completed
ORD-0092456,R-0210,2026-01-22,74.89,app,pickup,completed
ORD-0092457,R-0210,2026-01-12,32.14,app,pickup,completed
ORD-0092458,R-0210,2026-01-31,104.36,web,delivery,completed
ORD-0092459,R-0210,2026-01-27,75.44,app,pickup,completed
ORD-0092460,R-0210,2026-01-09,101.71,app,delivery,completed
ORD-0093861,R-0211,2026-01-21,30.26,app,delivery,completed
ORD-0093862,R-0211,2026-01-27,22.66,app,pickup,completed
ORD-0093863,R-0211,2026-01-05,27.04,web,delivery,cancelled
ORD-0093864,R-0211,2026-01-14,42.99,app,pickup,Completed
ORD-0093865,R-0211,2026-01-29,21.72,web,pickup,completed
ORD-0093866,R-0211,2026-01-24,27.82,app,delivery,completed
ORD-0093867,R-0211,2026-01-21,28.23,app,pickup,completed
ORD-0093868,R-0211,2026-01-20,36.54,app,delivery,cancelled
ORD-0093869,R-0211,2026-01-17,16.94,app,delivery,Completed
ORD-0093870,R-0211,2026-01-05,23.33,app,pickup,completed
ORD-0093871,R-0211,2026-01-16,16.69,web,delivery,completed
ORD-0093872,R-0211,2026-01-04,24.62,app,delivery,completed
ORD-0093873,R-0211,2026-01-20,38.64,app,delivery,completed
ORD-0093874,R-0211,2026-01-24,33.79,app,delivery,completed
ORD-0093875,R-0211,2026-01-16,35.80,web,delivery,completed
ORD-0093876,R-0211,2026-01-29,32.50,app,delivery,completed
ORD-0093877,R-0211,2026-01-06,43.01,app,delivery,completed
ORD-0093878,R-0211,2026-01-10,27.59,app,delivery,cancelled
ORD-0093879,R-0211,2026-01-07,28.61,app,delivery,completed
ORD-0093880,R-0211,2026-01-10,27.97,app,delivery,completed
ORD-0093881,R-0211,2026-01-17,25.16,web,delivery,completed
ORD-0093882,R-0211,2026-01-21,27.18,app,delivery,completed
ORD-0093883,R-0211,2026-01-15,18.45,web,delivery,completed
ORD-0093884,R-0211,2026-01-11,39.09,app,delivery,completed
ORD-0093885,R-0211,2026-01-08,23.26,web,delivery,completed
ORD-0093886,R-0211,2026-01-09,24.68,app,delivery,completed
ORD-0093887,R-0211,2026-01-20,23.89,web,pickup,completed
ORD-0093888,R-0211,2026-01-04,19.15,app,delivery,completed
ORD-0093889,R-0211,2026-01-05,20.62,app,delivery,completed
ORD-0093890,R-0211,2026-01-12,35.05,web,delivery,completed
ORD-0093891,R-0211,2026-01-14,14.85,app,delivery,completed
ORD-0093892,R-0211,2026-01-10,20.57,app,delivery,completed
ORD-0094140,R-0212,2026-01-25,35.96,app,delivery,cancelled
ORD-0094141,R-0212,2026-01-22,24.48,app,pickup,completed
ORD-0094142,R-0212,2026-01-20,18.08,web,delivery,completed
ORD-0094143,R-0212,2026-01-30,24.43,app,pickup,completed
ORD-0094144,R-0212,2026-01-16,35.92,app,delivery,completed
ORD-0094145,R-0212,2026-01-22,32.99,app,delivery,COMPLETED
ORD-0094146,R-0212,2026-01-29,25.01,web,delivery,completed
ORD-0094147,R-0212,2026-01-28,17.65,app,delivery,Completed
ORD-0094148,R-0212,2026-01-26,48.97,app,delivery,completed
ORD-0094149,R-0212,2026-01-31,20.82,app,pickup,completed
ORD-0094150,R-0212,2026-01-16,70.44,app,delivery,completed
ORD-0094151,R-0212,2026-01-31,19.98,web,delivery,completed
ORD-0094152,R-0212,2026-01-31,65.93,web,delivery,Completed
ORD-0094153,R-0212,2026-01-20,35.73,app,pickup,completed
ORD-0094154,R-0212,2026-01-19,18.01,web,delivery,completed
ORD-0094155,R-0212,2026-01-31,26.02,app,delivery,Completed
ORD-0094156,R-0212,2026-01-28,30.40,app,delivery,completed
ORD-0095081,R-0214,2026-01-16,16.37,web,delivery,completed
ORD-0095082,R-0214,2026-01-10,49.55,web,delivery,completed
ORD-0095083,R-0214,2026-01-13,42.28,app,delivery,completed
ORD-0095084,R-0214,2026-01-25,12.47,app,pickup,completed
ORD-0095085,R-0214,2026-01-14,22.79,web,delivery,Completed
ORD-0095086,R-0214,2026-01-28,19.96,web,delivery,completed
ORD-0095087,R-0214,2026-01-23,20.75,app,delivery,completed
ORD-0095088,R-0214,2026-01-14,17.05,web,pickup,COMPLETED
ORD-0095089,R-0214,2026-01-30,49.64,app,delivery,completed
ORD-0095090,R-0214,2026-01-05,37.56,web,pickup,completed
ORD-0095091,R-0214,2026-01-09,20.23,web,delivery,completed
ORD-0095092,R-0214,2026-01-24,34.16,web,delivery,completed
ORD-0095093,R-0214,2026-01-31,25.11,web,delivery,completed
ORD-0095094,R-0214,2026-01-17,39.33,web,pickup,completed
ORD-0095095,R-0214,2026-01-11,37.88,web,pickup,completed
ORD-0095096,R-0214,2026-01-01,41.15,app,delivery,Completed
ORD-0095097,R-0214,2026-01-19,14.74,app,delivery,refunded
ORD-0095098,R-0214,2026-01-24,33.99,app,delivery,completed
ORD-0095099,R-0214,2026-01-02,23.18,web,delivery,completed
ORD-0095100,R-0214,2026-01-22,11.50,web,delivery,cancelled
ORD-0095101,R-0214,2026-01-03,59.09,web,pickup,COMPLETED
ORD-0095102,R-0214,2026-01-15,13.44,app,pickup,COMPLETED
ORD-0095103,R-0214,2026-01-27,26.16,app,pickup,completed
ORD-0095104,R-0214,2026-01-26,25.95,app,delivery,COMPLETED
ORD-0095105,R-0214,2026-01-28,42.87,app,pickup,completed
ORD-0095106,R-0214,2026-01-07,28.26,web,delivery,completed
ORD-0095107,R-0214,2026-01-26,6.94,app,delivery,completed
ORD-0095108,R-0214,2026-01-04,43.10,app,pickup,completed
ORD-0095109,R-0214,2026-01-07,26.99,app,pickup,completed
ORD-0095110,R-0214,2026-01-05,34.07,app,delivery,completed
ORD-0095111,R-0214,2026-01-17,26.38,web,delivery,COMPLETED
ORD-0095112,R-0214,2026-01-03,43.96,web,delivery,completed
ORD-0095113,R-0214,2026-01-12,46.55,web,delivery,completed
ORD-0095114,R-0214,2026-01-24,17.78,web,pickup,completed
ORD-0095115,R-0214,2026-01-09,16.00,web,pickup,completed
ORD-0095116,R-0214,2026-01-27,22.74,app,pickup,COMPLETED
ORD-0095117,R-0214,2026-01-04,43.41,web,pickup,completed
ORD-0095118,R-0214,2026-01-19,33.34,web,pickup,COMPLETED
ORD-0095119,R-0214,2026-01-19,29.55,web,pickup,completed
ORD-0095120,R-0214,2026-01-25,21.82,app,pickup,COMPLETED
ORD-0095121,R-0214,2026-01-03,38.34,web,pickup,completed
ORD-0095122,R-0214,2026-01-22,25.62,app,delivery,completed
ORD-0095123,R-0214,2026-01-19,87.57,web,delivery,completed
ORD-0095124,R-0214,2026-01-13,27.65,web,pickup,completed
ORD-0095125,R-0214,2026-01-25,25.41,app,pickup,completed
ORD-0095126,R-0214,2026-01-28,63.51,app,pickup,Completed
ORD-0095127,R-0214,2026-01-30,34.22,web,pickup,COMPLETED
ORD-0095128,R-0214,2026-01-09,43.80,web,pickup,completed
ORD-0095129,R-0214,2026-01-24,24.32,web,pickup,completed
ORD-0095130,R-0214,2026-01-14,37.60,app,delivery,completed
ORD-0095131,R-0214,2026-01-07,35.79,web,pickup,completed
ORD-0095132,R-0214,2026-01-16,47.74,web,pickup,completed
ORD-0095133,R-0214,2026-01-06,17.39,app,delivery,completed
ORD-0095134,R-0214,2026-01-14,66.88,web,delivery,Completed
ORD-0095135,R-0214,2026-01-03,19.00,web,pickup,completed
ORD-0095136,R-0214,2026-01-02,14.60,web,pickup,completed
ORD-0095137,R-0214,2026-01-28,30.11,app,delivery,completed
ORD-0095138,R-0214,2026-01-16,60.87,app,delivery,completed
ORD-0095139,R-0214,2026-01-17,33.25,app,pickup,completed
ORD-0095140,R-0214,2026-01-31,17.42,app,pickup,COMPLETED
ORD-0095141,R-0214,2026-01-02,24.08,web,pickup,cancelled
ORD-0095142,R-0214,2026-01-22,45.56,app,pickup,completed
ORD-0095143,R-0214,2026-01-15,24.50,app,delivery,completed
ORD-0095144,R-0214,2026-01-10,16.02,app,delivery,COMPLETED
ORD-0095145,R-0214,2026-01-07,21.39,web,pickup,completed
ORD-0095146,R-0214,2026-01-08,28.98,web,delivery,completed
ORD-0095147,R-0214,2026-01-11,18.83,web,pickup,completed
ORD-0095148,R-0214,2026-01-10,30.62,web,delivery,completed
ORD-0095149,R-0214,2026-01-02,16.60,web,delivery,completed
ORD-0095150,R-0214,2026-01-20,21.62,web,delivery,Completed
ORD-0095151,R-0214,2026-01-05,23.09,web,pickup,completed
ORD-0095152,R-0214,2026-01-29,59.59,web,pickup,completed
ORD-0095153,R-0214,2026-01-28,16.24,app,delivery,completed
ORD-0095154,R-0214,2026-01-14,36.26,web,delivery,completed
ORD-0095155,R-0214,2026-01-31,28.86,web,pickup,COMPLETED
ORD-0095156,R-0214,2026-01-23,49.47,app,pickup,completed
ORD-0095157,R-0214,2026-01-17,10.55,web,delivery,Completed
ORD-0095158,R-0214,2026-01-10,46.34,web,delivery,completed
ORD-0095159,R-0214,2026-01-11,20.84,web,delivery,completed
ORD-0095160,R-0214,2026-01-31,26.57,web,delivery,completed
ORD-0095161,R-0214,2026-01-17,11.61,app,pickup,completed
ORD-0095162,R-0214,2026-01-28,29.57,app,delivery,completed
ORD-0095163,R-0214,2026-01-25,18.71,app,pickup,completed
ORD-0095164,R-0214,2026-01-24,25.06,web,pickup,completed
ORD-0095165,R-0214,2026-01-22,34.69,web,pickup,completed
ORD-0095166,R-0214,2026-01-29,46.76,web,delivery,completed
ORD-0095167,R-0214,2026-01-17,42.02,web,delivery,completed
ORD-0095168,R-0214,2026-01-30,16.10,web,delivery,completed
ORD-0095169,R-0214,2026-01-23,51.51,web,pickup,completed
ORD-0095170,R-0214,2026-01-29,17.28,app,pickup,cancelled
ORD-0095171,R-0214,2026-01-06,24.16,web,delivery,completed
ORD-0095172,R-0214,2026-01-10,15.34,web,delivery,completed
ORD-0095173,R-0214,2026-01-14,26.56,app,delivery,completed
ORD-0095174,R-0214,2026-01-16,32.70,web,delivery,completed
ORD-0095175,R-0214,2026-01-23,16.84,app,pickup,cancelled
ORD-0095176,R-0214,2026-01-12,19.60,app,delivery,refunded
ORD-0095177,R-0214,2026-01-17,43.13,app,pickup,completed
ORD-0095178,R-0214,2026-01-24,36.25,web,pickup,completed
ORD-0095179,R-0214,2026-01-02,26.03,app,delivery,completed
ORD-0095180,R-0214,2026-01-04,40.81,web,delivery,completed
ORD-0095181,R-0214,2026-01-05,39.23,web,pickup,completed
ORD-0095182,R-0214,2026-01-04,38.44,app,delivery,completed
ORD-0095183,R-0214,2026-01-31,9.99,app,pickup,completed
ORD-0095184,R-0214,2026-01-17,20.96,web,delivery,completed
ORD-0095185,R-0214,2026-01-28,45.97,web,pickup,completed
ORD-0095186,R-0214,2026-01-18,39.95,web,delivery,completed
ORD-0095187,R-0214,2026-01-02,36.41,web,pickup,Completed
ORD-0095188,R-0214,2026-01-09,22.80,app,pickup,completed
ORD-0095189,R-0214,2026-01-31,19.18,web,pickup,completed
ORD-0095190,R-0214,2026-01-09,34.81,app,pickup,completed
ORD-0095191,R-0214,2026-01-12,20.68,web,pickup,completed
ORD-0095192,R-0214,2026-01-14,16.92,web,pickup,completed
ORD-0095193,R-0214,2026-01-23,46.10,app,delivery,completed
ORD-0095194,R-0214,2026-01-05,28.63,web,pickup,completed
ORD-0095195,R-0214,2026-01-02,44.40,app,pickup,Completed
ORD-0095196,R-0214,2026-01-31,19.41,app,delivery,COMPLETED
ORD-0095197,R-0214,2026-01-31,36.54,app,pickup,completed
ORD-0095198,R-0214,2026-01-31,27.13,web,delivery,completed
ORD-0095199,R-0214,2026-01-20,12.00,web,delivery,completed
ORD-0095200,R-0214,2026-01-30,51.45,web,delivery,COMPLETED
ORD-0095201,R-0214,2026-01-25,26.16,app,pickup,completed
ORD-0095202,R-0214,2026-01-06,27.69,web,pickup,completed
ORD-0095203,R-0214,2026-01-31,37.96,web,delivery,completed
ORD-0095204,R-0214,2026-01-03,24.12,web,pickup,completed
ORD-0095205,R-0214,2026-01-03,55.96,app,delivery,completed
ORD-0095206,R-0214,2026-01-01,52.60,app,pickup,completed
ORD-0095207,R-0214,2026-01-19,24.02,app,delivery,completed
ORD-0095208,R-0214,2026-01-06,37.06,web,pickup,completed
ORD-0095209,R-0214,2026-01-22,21.05,web,pickup,completed
ORD-0095210,R-0214,2026-01-08,36.25,web,pickup,Completed
ORD-0095211,R-0214,2026-01-14,20.84,web,delivery,completed
ORD-0095212,R-0214,2026-01-29,32.88,web,pickup,completed
ORD-0095213,R-0214,2026-01-07,32.21,web,pickup,completed
ORD-0095214,R-0214,2026-01-23,51.36,web,pickup,completed
ORD-0095215,R-0214,2026-01-30,59.69,app,pickup,completed
ORD-0095216,R-0214,2026-01-10,40.44,web,pickup,completed
ORD-0095217,R-0214,2026-01-24,18.78,web,delivery,completed
ORD-0095218,R-0214,2026-01-30,27.60,web,pickup,completed
ORD-0095219,R-0214,2026-01-09,11.97,app,delivery,refunded
ORD-0095220,R-0214,2026-01-22,20.82,web,delivery,completed
ORD-0095221,R-0214,2026-01-30,22.21,web,delivery,completed
ORD-0095222,R-0214,2026-01-16,22.89,app,delivery,completed
ORD-0095223,R-0214,2026-01-18,26.89,web,delivery,completed
ORD-0095224,R-0214,2026-01-28,16.58,web,delivery,completed
ORD-0095225,R-0214,2026-01-09,22.76,web,pickup,completed
ORD-0095226,R-0214,2026-01-25,34.85,app,pickup,completed
ORD-0097293,R-0218,2026-01-21,33.01,web,delivery,completed
ORD-0097294,R-0218,2026-01-31,24.19,app,delivery,completed
ORD-0097295,R-0218,2026-01-31,10.60,web,pickup,completed
ORD-0097296,R-0218,2026-01-02,22.48,web,delivery,completed
ORD-0097297,R-0218,2026-01-25,31.33,app,delivery,completed
ORD-0097298,R-0218,2026-01-17,27.57,app,delivery,COMPLETED
ORD-0097299,R-0218,2026-01-23,22.43,app,delivery,completed
ORD-0097300,R-0218,2026-01-13,17.14,web,pickup,completed
ORD-0097301,R-0218,2026-01-11,15.08,app,pickup,completed
ORD-0097302,R-0218,2026-01-19,11.50,app,delivery,completed
ORD-0097303,R-0218,2026-01-15,17.19,web,delivery,completed
ORD-0097304,R-0218,2026-01-30,22.22,app,pickup,completed
ORD-0097305,R-0218,2026-01-09,13.49,app,delivery,completed
ORD-0097306,R-0218,2026-01-15,17.03,web,pickup,completed
ORD-0097307,R-0218,2026-01-23,40.06,web,pickup,Completed
ORD-0097308,R-0218,2026-01-17,60.90,app,pickup,completed
ORD-0097309,R-0218,2026-01-11,15.05,web,delivery,completed
ORD-0097310,R-0218,2026-01-18,13.67,web,delivery,completed
ORD-0097311,R-0218,2026-01-10,30.55,app,pickup,completed
ORD-0097312,R-0218,2026-01-22,44.63,app,pickup,completed
ORD-0097313,R-0218,2026-01-10,14.28,web,pickup,COMPLETED
ORD-0097314,R-0218,2026-01-26,27.36,app,delivery,completed
ORD-0097315,R-0218,2026-01-02,27.05,app,pickup,completed
ORD-0097316,R-0218,2026-01-12,30.65,web,pickup,completed
ORD-0097317,R-0218,2026-01-30,39.63,app,delivery,completed
ORD-0097318,R-0218,2026-01-24,20.14,web,pickup,completed
ORD-0097319,R-0218,2026-01-26,23.48,web,delivery,completed
ORD-0097320,R-0218,2026-01-10,19.83,web,pickup,COMPLETED
ORD-0097321,R-0218,2026-01-25,43.72,web,pickup,completed
ORD-0097322,R-0218,2026-01-24,25.59,web,delivery,completed
ORD-0097323,R-0218,2026-01-08,8.59,web,delivery,completed
ORD-0097324,R-0218,2026-01-13,17.30,web,pickup,completed
ORD-0097325,R-0218,2026-01-30,21.79,app,delivery,completed
ORD-0097326,R-0218,2026-01-23,8.90,web,pickup,completed
ORD-0097327,R-0218,2026-01-17,33.62,app,delivery,completed
ORD-0097328,R-0218,2026-01-26,23.03,app,delivery,completed
ORD-0097329,R-0218,2026-01-02,29.86,app,delivery,completed
ORD-0097330,R-0218,2026-01-28,12.81,web,pickup,COMPLETED
ORD-0097331,R-0218,2026-01-29,20.60,app,delivery,completed
ORD-0097332,R-0218,2026-01-17,38.60,web,pickup,completed
ORD-0097333,R-0218,2026-01-04,17.90,web,delivery,COMPLETED
ORD-0097334,R-0218,2026-01-31,14.22,web,delivery,completed
ORD-0097335,R-0218,2026-01-07,12.69,app,delivery,completed
ORD-0097336,R-0218,2026-01-03,21.77,web,delivery,completed
ORD-0097337,R-0218,2026-01-10,35.10,web,delivery,completed
ORD-0097338,R-0218,2026-01-31,33.73,app,delivery,completed
ORD-0097339,R-0218,2026-01-16,20.51,app,delivery,completed
ORD-0097340,R-0218,2026-01-20,13.61,app,delivery,completed
ORD-0097341,R-0218,2026-01-27,16.49,web,delivery,completed
ORD-0097342,R-0218,2026-01-06,24.92,web,delivery,completed
ORD-0097343,R-0218,2026-01-03,12.17,app,pickup,completed
ORD-0097344,R-0218,2026-01-14,21.02,web,pickup,completed
ORD-0097345,R-0218,2026-01-31,29.19,web,delivery,completed
ORD-0097346,R-0218,2026-01-29,10.43,web,pickup,completed
ORD-0097347,R-0218,2026-01-16,15.35,web,delivery,completed
ORD-0097348,R-0218,2026-01-03,89.16,web,pickup,Completed
ORD-0097349,R-0218,2026-01-05,12.49,app,pickup,completed
ORD-0097350,R-0218,2026-01-28,42.14,web,delivery,completed
ORD-0097351,R-0218,2026-01-02,25.30,app,pickup,completed
ORD-0097352,R-0218,2026-01-31,12.55,web,delivery,completed
ORD-0097353,R-0218,2026-01-31,15.99,app,delivery,completed
ORD-0097354,R-0218,2026-01-16,14.81,web,delivery,completed
ORD-0098044,R-0219,2026-01-24,35.69,app,delivery,completed
ORD-0098045,R-0219,2026-01-10,35.61,app,delivery,cancelled
ORD-0098046,R-0219,2026-01-07,29.66,app,delivery,completed
ORD-0098047,R-0219,2026-01-13,23.85,web,delivery,COMPLETED
ORD-0098048,R-0219,2026-01-21,16.26,web,delivery,Completed
ORD-0098049,R-0219,2026-01-23,25.72,web,delivery,completed
ORD-0098050,R-0219,2026-01-15,29.53,web,pickup,COMPLETED
ORD-0098051,R-0219,2026-01-05,18.80,web,pickup,completed
ORD-0098052,R-0219,2026-01-03,45.07,web,pickup,completed
ORD-0098053,R-0219,2026-01-18,32.91,app,pickup,completed
ORD-0098054,R-0219,2026-01-03,22.43,web,pickup,completed
ORD-0098055,R-0219,2026-01-01,23.52,web,delivery,completed
ORD-0098056,R-0219,2026-01-05,18.08,web,pickup,COMPLETED
ORD-0098057,R-0219,2026-01-29,17.02,web,pickup,completed
ORD-0098058,R-0219,2026-01-05,24.43,web,delivery,COMPLETED
ORD-0098059,R-0219,2026-01-01,25.56,web,pickup,cancelled
ORD-0098060,R-0219,2026-01-23,39.99,web,delivery,completed
ORD-0098061,R-0219,2026-01-04,33.19,web,pickup,completed
ORD-0098062,R-0219,2026-01-12,24.88,web,delivery,completed
ORD-0098063,R-0219,2026-01-06,17.56,app,delivery,completed
ORD-0098064,R-0219,2026-01-01,48.21,web,delivery,completed
ORD-0098065,R-0219,2026-01-28,24.36,app,delivery,completed
ORD-0098066,R-0219,2026-01-06,16.96,app,delivery,completed
ORD-0098067,R-0219,2026-01-18,23.97,app,pickup,completed
ORD-0098068,R-0219,2026-01-26,33.44,web,delivery,completed
ORD-0098069,R-0219,2026-01-02,39.96,web,pickup,completed
ORD-0098070,R-0219,2026-01-08,18.94,web,pickup,completed
ORD-0098071,R-0219,2026-01-02,29.47,web,delivery,completed
ORD-0098072,R-0219,2026-01-08,13.88,app,pickup,completed
ORD-0098073,R-0219,2026-01-23,51.32,web,pickup,completed
ORD-0098074,R-0219,2026-01-07,28.05,web,pickup,completed
ORD-0098075,R-0219,2026-01-21,33.14,web,delivery,completed
ORD-0098076,R-0219,2026-01-20,29.11,app,pickup,completed
ORD-0098077,R-0219,2026-01-26,22.26,app,delivery,completed
ORD-0098078,R-0219,2026-01-13,20.80,web,delivery,completed
ORD-0098079,R-0219,2026-01-16,41.49,app,pickup,completed
ORD-0098080,R-0219,2026-01-20,36.28,app,pickup,completed
ORD-0098081,R-0219,2026-01-16,52.30,app,delivery,COMPLETED
ORD-0098082,R-0219,2026-01-25,30.36,web,delivery,completed
ORD-0098083,R-0219,2026-01-09,24.07,web,delivery,completed
ORD-0098084,R-0219,2026-01-20,29.30,web,delivery,completed
ORD-0098085,R-0219,2026-01-04,16.68,web,delivery,completed
ORD-0098086,R-0219,2026-01-22,34.70,app,delivery,completed
ORD-0098087,R-0219,2026-01-21,47.73,web,pickup,completed
ORD-0098088,R-0219,2026-01-05,29.12,app,pickup,completed
ORD-0098089,R-0219,2026-01-18,13.57,web,pickup,completed
ORD-0098090,R-0219,2026-01-23,24.48,app,delivery,completed
ORD-0098091,R-0219,2026-01-15,31.00,app,pickup,completed
ORD-0098092,R-0219,2026-01-28,30.21,web,delivery,completed
ORD-0098093,R-0219,2026-01-29,25.08,web,pickup,completed
ORD-0098094,R-0219,2026-01-31,29.75,web,pickup,completed
ORD-0098095,R-0219,2026-01-02,27.08,app,delivery,completed
ORD-0098096,R-0219,2026-01-24,17.18,web,delivery,completed
ORD-0098097,R-0219,2026-01-31,37.26,app,delivery,completed
ORD-0098098,R-0219,2026-01-03,42.29,app,delivery,completed
ORD-0098099,R-0219,2026-01-13,43.04,web,delivery,completed
ORD-0098100,R-0219,2026-01-31,35.44,web,pickup,completed
ORD-0098101,R-0219,2026-01-09,22.90,app,pickup,completed
ORD-0098102,R-0219,2026-01-10,23.92,app,pickup,completed
ORD-0098103,R-0219,2026-01-22,27.49,web,pickup,completed
ORD-0098104,R-0219,2026-01-03,24.30,web,delivery,completed
ORD-0098105,R-0219,2026-01-01,19.43,app,delivery,completed
ORD-0098106,R-0219,2026-01-31,18.63,app,delivery,COMPLETED
ORD-0098107,R-0219,2026-01-26,14.03,web,delivery,completed
ORD-0098108,R-0219,2026-01-02,34.32,app,delivery,completed
ORD-0098109,R-0219,2026-01-20,24.29,app,delivery,completed
ORD-0098110,R-0219,2026-01-22,20.12,web,pickup,completed
ORD-0098111,R-0219,2026-01-03,22.46,web,pickup,completed
ORD-0098112,R-0219,2026-01-10,15.14,web,delivery,COMPLETED
ORD-0098113,R-0219,2026-01-26,37.27,web,delivery,completed
ORD-0098114,R-0219,2026-01-23,37.04,web,pickup,completed
ORD-0098115,R-0219,2026-01-23,19.84,app,pickup,refunded
ORD-0098116,R-0219,2026-01-04,26.13,web,pickup,completed
ORD-0098117,R-0219,2026-01-09,29.81,web,delivery,completed
ORD-0098118,R-0219,2026-01-08,59.60,web,pickup,completed
ORD-0098119,R-0219,2026-01-17,38.01,app,pickup,completed
ORD-0098120,R-0219,2026-01-08,15.57,web,pickup,completed
ORD-0098121,R-0219,2026-01-08,34.31,web,pickup,completed
ORD-0098122,R-0219,2026-01-13,34.92,web,pickup,completed
ORD-0098920,R-0220,2026-01-31,22.74,web,delivery,completed
ORD-0098921,R-0220,2026-01-31,63.25,web,delivery,completed
ORD-0098922,R-0220,2026-01-26,13.79,app,delivery,completed
ORD-0098923,R-0220,2026-01-27,22.46,web,delivery,completed
ORD-0098924,R-0220,2026-01-27,29.49,app,delivery,completed
ORD-0098925,R-0220,2026-01-29,32.44,web,delivery,completed
ORD-0098926,R-0220,2026-01-22,25.06,web,delivery,completed
ORD-0098927,R-0220,2026-01-26,24.97,web,delivery,completed
ORD-0098928,R-0220,2026-01-30,13.72,web,delivery,completed
ORD-0098929,R-0220,2026-01-24,18.27,web,delivery,completed
ORD-0098930,R-0220,2026-01-19,18.76,app,delivery,COMPLETED
ORD-0098931,R-0220,2026-01-22,42.78,app,delivery,completed
ORD-0099557,R-0223,2026-01-30,17.17,web,delivery,completed
ORD-0099558,R-0223,2026-01-20,29.93,app,pickup,completed
ORD-0099559,R-0223,2026-01-26,27.62,web,delivery,completed
ORD-0099560,R-0223,2026-01-18,20.93,web,delivery,completed
ORD-0099561,R-0223,2026-01-20,38.81,web,delivery,refunded
ORD-0099562,R-0223,2026-01-30,27.15,web,delivery,completed
ORD-0099563,R-0223,2026-01-02,32.67,app,delivery,completed
ORD-0099564,R-0223,2026-01-17,24.65,app,delivery,completed
ORD-0099565,R-0223,2026-01-22,26.66,web,delivery,completed
ORD-0099566,R-0223,2026-01-25,15.74,web,delivery,completed
ORD-0099567,R-0223,2026-01-27,32.36,app,delivery,completed
ORD-0099568,R-0223,2026-01-11,22.90,web,delivery,completed
ORD-0099569,R-0223,2026-01-27,21.00,web,delivery,completed
ORD-0099570,R-0223,2026-01-28,17.90,app,delivery,completed
ORD-0099571,R-0223,2026-01-19,21.18,app,delivery,completed
ORD-0099572,R-0223,2026-01-09,18.85,app,delivery,completed
ORD-0099573,R-0223,2026-01-24,13.53,web,delivery,completed
ORD-0099574,R-0223,2026-01-30,16.94,web,delivery,refunded
ORD-0099575,R-0223,2026-01-02,26.41,app,delivery,Completed
ORD-0099576,R-0223,2026-01-04,24.80,app,delivery,completed
ORD-0099577,R-0223,2026-01-14,16.76,web,pickup,COMPLETED
ORD-0099578,R-0223,2026-01-10,12.87,web,delivery,completed
ORD-0099579,R-0223,2026-01-17,20.27,web,delivery,completed
ORD-0099580,R-0223,2026-01-21,27.28,web,delivery,completed
ORD-0099581,R-0223,2026-01-25,18.48,app,delivery,completed
ORD-0099582,R-0223,2026-01-15,22.13,web,pickup,completed
ORD-0099583,R-0223,2026-01-02,13.67,web,delivery,completed
ORD-0099584,R-0223,2026-01-22,28.16,app,delivery,completed
ORD-0099585,R-0223,2026-01-23,23.65,web,delivery,cancelled
ORD-0099586,R-0223,2026-01-23,40.84,web,delivery,completed
ORD-0099587,R-0223,2026-01-16,37.18,app,delivery,cancelled
ORD-0099588,R-0223,2026-01-31,20.54,app,pickup,completed
ORD-0099589,R-0223,2026-01-17,29.77,app,pickup,Completed
ORD-0099590,R-0223,2026-01-06,31.02,web,delivery,completed
ORD-0100024,R-0224,2026-01-05,62.69,web,delivery,completed
ORD-0100025,R-0224,2026-01-18,97.97,web,pickup,Completed
ORD-0100026,R-0224,2026-01-23,67.17,web,delivery,completed
ORD-0100027,R-0224,2026-01-05,67.31,app,delivery,cancelled
ORD-0100028,R-0224,2026-01-26,39.98,app,delivery,completed
ORD-0100029,R-0224,2026-01-30,34.84,web,pickup,completed
ORD-0100030,R-0224,2026-01-10,68.03,app,delivery,completed
ORD-0100031,R-0224,2026-01-20,26.29,web,delivery,completed
ORD-0100032,R-0224,2026-01-01,42.17,web,pickup,completed
ORD-0100033,R-0224,2026-01-28,74.69,web,pickup,completed
ORD-0100034,R-0224,2026-01-16,53.02,app,delivery,completed
ORD-0100035,R-0224,2026-01-16,57.79,app,pickup,completed
ORD-0100036,R-0224,2026-01-04,59.71,web,delivery,completed
ORD-0100037,R-0224,2026-01-17,42.17,web,pickup,completed
ORD-0100038,R-0224,2026-01-16,62.56,web,delivery,completed
ORD-0100039,R-0224,2026-01-29,56.11,app,pickup,completed
ORD-0100040,R-0224,2026-01-05,47.85,web,pickup,completed
ORD-0100041,R-0224,2026-01-02,47.08,web,delivery,completed
ORD-0100042,R-0224,2026-01-05,57.02,web,delivery,completed
ORD-0100043,R-0224,2026-01-31,90.27,app,delivery,completed
ORD-0100044,R-0224,2026-01-22,77.49,web,delivery,Completed
ORD-0100045,R-0224,2026-01-25,60.09,web,pickup,completed
ORD-0100046,R-0224,2026-01-21,38.62,web,delivery,completed
ORD-0100047,R-0224,2026-01-10,69.06,web,delivery,completed
ORD-0100048,R-0224,2026-01-17,54.01,web,pickup,completed
ORD-0100049,R-0224,2026-01-15,63.34,app,pickup,completed
ORD-0100050,R-0224,2026-01-04,69.21,app,delivery,completed
ORD-0100051,R-0224,2026-01-20,74.02,web,delivery,completed
ORD-0100550,R-0226,2026-01-02,28.47,app,delivery,Completed
ORD-0100551,R-0226,2026-01-13,25.83,web,delivery,completed
ORD-0100552,R-0226,2026-01-30,33.54,app,delivery,completed
ORD-0100553,R-0226,2026-01-09,24.00,app,delivery,completed
ORD-0100554,R-0226,2026-01-18,37.11,app,delivery,Completed
ORD-0100555,R-0226,2026-01-24,27.87,app,pickup,completed
ORD-0100556,R-0226,2026-01-31,17.86,web,delivery,Completed
ORD-0100557,R-0226,2026-01-06,26.80,app,delivery,completed
ORD-0100558,R-0226,2026-01-12,27.72,app,delivery,completed
ORD-0100559,R-0226,2026-01-04,30.65,web,pickup,completed
ORD-0100560,R-0226,2026-01-31,52.08,web,delivery,Completed
ORD-0100561,R-0226,2026-01-31,45.22,app,pickup,completed
ORD-0100562,R-0226,2026-01-16,33.07,app,pickup,completed
ORD-0100563,R-0226,2026-01-03,42.41,web,delivery,completed
ORD-0100564,R-0226,2026-01-17,32.21,web,pickup,completed
ORD-0100565,R-0226,2026-01-18,18.55,web,delivery,completed
ORD-0100566,R-0226,2026-01-09,39.90,web,delivery,completed
ORD-0100567,R-0226,2026-01-11,27.17,app,delivery,completed
ORD-0100568,R-0226,2026-01-05,35.53,web,delivery,completed
ORD-0100569,R-0226,2026-01-29,23.62,web,delivery,completed
ORD-0100570,R-0226,2026-01-04,28.16,app,pickup,completed
ORD-0100571,R-0226,2026-01-14,29.01,app,delivery,completed
ORD-0100572,R-0226,2026-01-06,39.98,app,delivery,COMPLETED
ORD-0100573,R-0226,2026-01-03,30.31,app,pickup,cancelled
ORD-0100574,R-0226,2026-01-04,21.22,web,delivery,completed
ORD-0100575,R-0226,2026-01-09,26.63,app,delivery,COMPLETED
ORD-0100576,R-0226,2026-01-19,30.28,app,delivery,completed
ORD-0100577,R-0226,2026-01-31,16.03,app,pickup,completed
ORD-0100578,R-0226,2026-01-22,18.27,app,delivery,completed
ORD-0100579,R-0226,2026-01-14,27.87,app,delivery,completed
ORD-0101370,R-0228,2026-01-17,22.77,app,delivery,completed
ORD-0101371,R-0228,2026-01-03,30.89,app,pickup,completed
ORD-0101372,R-0228,2026-01-27,15.13,app,delivery,refunded
ORD-0101373,R-0228,2026-01-27,14.31,web,delivery,completed
ORD-0101374,R-0228,2026-01-13,22.92,app,delivery,completed
ORD-0101375,R-0228,2026-01-28,18.83,app,delivery,completed
ORD-0101376,R-0228,2026-01-09,33.97,app,delivery,completed
ORD-0101377,R-0228,2026-01-24,24.43,app,delivery,completed
ORD-0101378,R-0228,2026-01-26,22.29,app,pickup,COMPLETED
ORD-0101379,R-0228,2026-01-09,12.39,app,delivery,completed
ORD-0101380,R-0228,2026-01-30,21.17,app,delivery,completed
ORD-0101381,R-0228,2026-01-30,26.69,app,delivery,COMPLETED
ORD-0101382,R-0228,2026-01-09,17.68,app,delivery,completed
ORD-0101383,R-0228,2026-01-06,18.48,app,delivery,completed
ORD-0101384,R-0228,2026-01-16,20.42,app,delivery,Completed
ORD-0101385,R-0228,2026-01-11,11.85,app,pickup,completed
ORD-0101386,R-0228,2026-01-23,20.30,app,delivery,completed
ORD-0101387,R-0228,2026-01-28,16.37,app,delivery,completed
ORD-0101388,R-0228,2026-01-11,10.92,app,delivery,completed
ORD-0101389,R-0228,2026-01-05,24.91,app,delivery,completed
ORD-0101390,R-0228,2026-01-24,18.23,app,delivery,completed
ORD-0101391,R-0228,2026-01-15,11.25,app,delivery,completed
ORD-0101392,R-0228,2026-01-24,20.78,app,delivery,completed
ORD-0101393,R-0228,2026-01-27,17.77,app,delivery,cancelled
ORD-0101394,R-0228,2026-01-08,19.70,app,delivery,completed
ORD-0101395,R-0228,2026-01-07,17.07,app,pickup,Completed
ORD-0101396,R-0228,2026-01-22,21.19,app,delivery,completed
ORD-0101397,R-0228,2026-01-04,19.33,app,delivery,completed
ORD-0101398,R-0228,2026-01-18,17.33,web,delivery,completed
ORD-0101399,R-0228,2026-01-23,28.46,web,delivery,completed
ORD-0101400,R-0228,2026-01-31,24.30,app,delivery,completed
ORD-0101401,R-0228,2026-01-05,13.00,web,delivery,completed
ORD-0101402,R-0228,2026-01-03,19.61,app,delivery,Completed
ORD-0101403,R-0228,2026-01-12,14.60,app,pickup,Completed
ORD-0101404,R-0228,2026-01-02,24.28,app,delivery,completed
ORD-0102945,R-0232,2026-01-11,16.86,app,pickup,Completed
ORD-0102946,R-0232,2026-01-29,21.17,web,pickup,completed
ORD-0102947,R-0232,2026-01-30,13.09,app,delivery,COMPLETED
ORD-0102948,R-0232,2026-01-06,16.80,app,delivery,completed
ORD-0102949,R-0232,2026-01-11,23.91,app,delivery,Completed
ORD-0102950,R-0232,2026-01-25,24.92,app,pickup,completed
ORD-0102951,R-0232,2026-01-30,15.60,web,delivery,completed
ORD-0102952,R-0232,2026-01-06,23.09,web,delivery,completed
ORD-0102953,R-0232,2026-01-23,19.74,app,delivery,Completed
ORD-0102954,R-0232,2026-01-20,15.90,app,pickup,completed
ORD-0102955,R-0232,2026-01-11,15.43,app,delivery,completed
ORD-0102956,R-0232,2026-01-17,15.33,app,delivery,completed
ORD-0102957,R-0232,2026-01-03,26.54,web,delivery,completed
ORD-0102958,R-0232,2026-01-08,15.91,app,pickup,completed
ORD-0102959,R-0232,2026-01-23,17.53,app,delivery,completed
ORD-0102960,R-0232,2026-01-23,20.05,app,delivery,completed
ORD-0102961,R-0232,2026-01-15,21.74,app,delivery,completed
ORD-0102962,R-0232,2026-01-18,30.22,app,delivery,cancelled
ORD-0102963,R-0232,2026-01-30,32.82,app,delivery,completed
ORD-0102964,R-0232,2026-01-10,26.02,web,delivery,completed
ORD-0102965,R-0232,2026-01-12,22.13,app,delivery,completed
ORD-0102966,R-0232,2026-01-18,38.44,web,delivery,completed
ORD-0102967,R-0232,2026-01-15,15.92,web,delivery,completed
ORD-0102968,R-0232,2026-01-03,24.42,web,delivery,completed
ORD-0102969,R-0232,2026-01-22,10.32,web,pickup,completed
ORD-0102970,R-0232,2026-01-21,21.76,web,delivery,completed
ORD-0102971,R-0232,2026-01-10,15.20,app,delivery,completed
ORD-0102972,R-0232,2026-01-30,13.64,app,pickup,completed
ORD-0102973,R-0232,2026-01-31,16.68,app,delivery,completed
ORD-0102974,R-0232,2026-01-18,22.84,web,delivery,completed
ORD-0102975,R-0232,2026-01-24,17.50,app,delivery,completed
ORD-0102976,R-0232,2026-01-15,27.34,web,delivery,completed
ORD-0102977,R-0232,2026-01-13,27.19,app,delivery,completed
ORD-0102978,R-0232,2026-01-20,19.28,app,delivery,completed
ORD-0102979,R-0232,2026-01-11,26.13,app,delivery,completed
ORD-0102980,R-0232,2026-01-29,16.48,app,delivery,completed
ORD-0102981,R-0232,2026-01-29,16.78,app,delivery,completed
ORD-0102982,R-0232,2026-01-11,18.72,web,pickup,completed
ORD-0102983,R-0232,2026-01-05,12.59,web,delivery,completed
ORD-0102984,R-0232,2026-01-08,13.08,app,delivery,cancelled
ORD-0102985,R-0232,2026-01-31,17.49,web,delivery,completed
ORD-0102986,R-0232,2026-01-11,29.98,app,delivery,completed
ORD-0102987,R-0232,2026-01-16,12.71,app,delivery,completed
ORD-0102988,R-0232,2026-01-06,17.60,app,delivery,completed
ORD-0102989,R-0232,2026-01-23,45.95,app,delivery,completed
ORD-0102990,R-0232,2026-01-17,15.95,app,pickup,completed
ORD-0102991,R-0232,2026-01-03,26.48,app,pickup,completed
ORD-0102992,R-0232,2026-01-09,23.03,app,pickup,completed
ORD-0102993,R-0232,2026-01-09,23.78,app,delivery,completed
ORD-0102994,R-0232,2026-01-08,13.41,app,delivery,completed
ORD-0102995,R-0232,2026-01-17,37.56,web,pickup,cancelled
ORD-0102996,R-0232,2026-01-08,21.22,web,pickup,completed
ORD-0102997,R-0232,2026-01-01,17.62,app,pickup,completed
ORD-0102998,R-0232,2026-01-19,15.76,app,delivery,completed
ORD-0102999,R-0232,2026-01-31,16.61,web,pickup,completed
ORD-0103000,R-0232,2026-01-12,20.05,app,delivery,completed
ORD-0103001,R-0232,2026-01-12,17.25,web,pickup,completed
ORD-0103002,R-0232,2026-01-21,25.30,app,pickup,completed
ORD-0103003,R-0232,2026-01-30,29.82,app,delivery,completed
ORD-0103004,R-0232,2026-01-16,23.58,app,delivery,completed
ORD-0103005,R-0232,2026-01-09,22.64,app,delivery,completed
ORD-0103006,R-0232,2026-01-28,13.82,web,delivery,completed
ORD-0103007,R-0232,2026-01-04,22.84,app,delivery,completed
ORD-0103008,R-0232,2026-01-10,19.94,web,delivery,completed
ORD-0103009,R-0232,2026-01-22,18.23,app,pickup,completed
ORD-0103010,R-0232,2026-01-16,15.34,web,delivery,completed
ORD-0103011,R-0232,2026-01-19,15.56,app,delivery,completed
ORD-0103012,R-0232,2026-01-30,12.94,app,delivery,completed
ORD-0103013,R-0232,2026-01-22,16.69,app,delivery,completed
ORD-0103014,R-0232,2026-01-08,24.70,app,delivery,completed
ORD-0103015,R-0232,2026-01-31,15.57,web,delivery,completed
ORD-0103016,R-0232,2026-01-30,20.82,web,delivery,refunded
ORD-0103017,R-0232,2026-01-03,25.66,app,delivery,completed
ORD-0103018,R-0232,2026-01-05,14.89,web,delivery,Completed
ORD-0103019,R-0232,2026-01-02,14.35,web,delivery,completed
ORD-0103020,R-0232,2026-01-16,11.70,web,pickup,COMPLETED
ORD-0103021,R-0232,2026-01-17,20.72,app,delivery,completed
ORD-0103022,R-0232,2026-01-22,29.67,web,delivery,Completed
ORD-0103023,R-0232,2026-01-10,14.72,web,delivery,completed
ORD-0103024,R-0232,2026-01-23,29.25,app,delivery,completed
ORD-0103025,R-0232,2026-01-14,17.29,app,delivery,completed
ORD-0103026,R-0232,2026-01-23,17.36,app,delivery,completed
ORD-0103027,R-0232,2026-01-23,23.74,web,delivery,completed
ORD-0103028,R-0232,2026-01-16,25.63,app,delivery,completed
ORD-0103029,R-0232,2026-01-07,32.75,app,pickup,completed
ORD-0103030,R-0232,2026-01-31,20.90,app,delivery,completed
ORD-0103031,R-0232,2026-01-18,15.24,web,delivery,completed
ORD-0103032,R-0232,2026-01-28,12.96,web,delivery,COMPLETED
ORD-0103033,R-0232,2026-01-24,19.31,app,delivery,completed
ORD-0103034,R-0232,2026-01-24,14.49,app,delivery,completed
ORD-0103035,R-0232,2026-01-12,11.46,web,delivery,completed
ORD-0103036,R-0232,2026-01-11,10.32,app,delivery,completed
ORD-0103037,R-0232,2026-01-29,15.68,app,delivery,completed
ORD-0103038,R-0232,2026-01-19,26.85,web,delivery,completed
ORD-0103039,R-0232,2026-01-12,26.59,web,pickup,completed
ORD-0103040,R-0232,2026-01-01,10.35,web,delivery,completed
ORD-0103041,R-0232,2026-01-17,18.89,app,delivery,COMPLETED
ORD-0103042,R-0232,2026-01-11,31.76,app,delivery,completed
ORD-0103043,R-0232,2026-01-24,18.26,app,delivery,completed
ORD-0103044,R-0232,2026-01-18,20.98,app,delivery,completed
ORD-0103045,R-0232,2026-01-24,18.53,web,pickup,completed
ORD-0103046,R-0232,2026-01-14,13.08,app,delivery,completed
ORD-0103047,R-0232,2026-01-07,22.39,web,delivery,Completed
ORD-0103048,R-0232,2026-01-15,30.10,web,pickup,COMPLETED
ORD-0103049,R-0232,2026-01-09,15.98,app,pickup,completed
ORD-0103050,R-0232,2026-01-05,24.53,web,delivery,cancelled
ORD-0103051,R-0232,2026-01-23,26.37,web,delivery,completed
ORD-0103052,R-0232,2026-01-25,29.61,app,pickup,completed
ORD-0103053,R-0232,2026-01-17,21.28,web,pickup,completed
ORD-0103054,R-0232,2026-01-28,16.37,app,delivery,Completed
ORD-0103055,R-0232,2026-01-10,24.96,app,delivery,completed
ORD-0103056,R-0232,2026-01-29,13.20,app,delivery,completed
ORD-0103057,R-0232,2026-01-02,32.74,web,delivery,completed
ORD-0103058,R-0232,2026-01-02,15.99,app,pickup,COMPLETED
ORD-0103059,R-0232,2026-01-05,21.15,app,delivery,completed
ORD-0103060,R-0232,2026-01-06,20.92,web,delivery,completed
ORD-0103061,R-0232,2026-01-13,16.93,app,delivery,completed
ORD-0103062,R-0232,2026-01-23,23.66,web,pickup,completed
ORD-0103063,R-0232,2026-01-24,18.84,app,delivery,completed
ORD-0103064,R-0232,2026-01-01,21.73,web,delivery,completed
ORD-0103065,R-0232,2026-01-16,27.12,app,delivery,completed
ORD-0103066,R-0232,2026-01-10,62.13,app,delivery,completed
ORD-0103067,R-0232,2026-01-09,19.72,app,delivery,completed
ORD-0103068,R-0232,2026-01-22,11.82,app,delivery,COMPLETED
ORD-0103069,R-0232,2026-01-19,22.83,app,delivery,completed
ORD-0103070,R-0232,2026-01-16,30.80,app,delivery,COMPLETED
ORD-0103071,R-0232,2026-01-07,14.10,app,delivery,completed
ORD-0103072,R-0232,2026-01-08,23.11,web,delivery,completed
ORD-0103073,R-0232,2026-01-09,25.38,app,delivery,COMPLETED
ORD-0103074,R-0232,2026-01-04,24.26,app,delivery,completed
ORD-0103075,R-0232,2026-01-06,22.13,web,delivery,completed
ORD-0103076,R-0232,2026-01-31,29.90,web,delivery,completed
ORD-0103077,R-0232,2026-01-31,15.73,app,delivery,completed
ORD-0103078,R-0232,2026-01-15,53.47,web,pickup,completed
ORD-0103079,R-0232,2026-01-12,24.35,app,delivery,completed
ORD-0103080,R-0232,2026-01-03,16.51,app,delivery,completed
ORD-0103081,R-0232,2026-01-15,26.48,web,delivery,completed
ORD-0103082,R-0232,2026-01-29,11.18,app,pickup,completed
ORD-0103083,R-0232,2026-01-08,13.86,app,pickup,completed
ORD-0103084,R-0232,2026-01-19,17.53,web,pickup,completed
ORD-0103085,R-0232,2026-01-28,17.82,app,pickup,completed
ORD-0103086,R-0232,2026-01-14,24.60,web,delivery,completed
ORD-0103087,R-0232,2026-01-01,20.46,web,delivery,completed
ORD-0103088,R-0232,2026-01-11,18.05,web,delivery,Completed
ORD-0103089,R-0232,2026-01-12,28.31,app,delivery,completed
ORD-0103090,R-0232,2026-01-18,19.20,app,pickup,Completed
ORD-0103091,R-0232,2026-01-26,15.89,app,delivery,completed
ORD-0103092,R-0232,2026-01-03,19.69,web,delivery,completed
ORD-0103093,R-0232,2026-01-08,30.78,app,delivery,completed
ORD-0103094,R-0232,2026-01-09,18.37,web,pickup,completed
ORD-0103095,R-0232,2026-01-17,20.91,app,pickup,completed
ORD-0103096,R-0232,2026-01-24,24.56,app,delivery,completed
ORD-0103097,R-0232,2026-01-07,18.52,web,pickup,completed
ORD-0103098,R-0232,2026-01-02,20.46,app,delivery,completed
ORD-0103099,R-0232,2026-01-02,26.12,web,delivery,completed
ORD-0103100,R-0232,2026-01-09,20.80,app,pickup,completed
ORD-0103101,R-0232,2026-01-03,18.52,web,delivery,COMPLETED
ORD-0103102,R-0232,2026-01-22,13.06,app,pickup,completed
ORD-0103103,R-0232,2026-01-15,17.06,web,pickup,COMPLETED
ORD-0103104,R-0232,2026-01-09,22.65,app,pickup,completed
ORD-0103105,R-0232,2026-01-25,12.20,app,delivery,completed
ORD-0103106,R-0232,2026-01-18,30.21,app,delivery,completed
ORD-0103107,R-0232,2026-01-26,21.88,app,pickup,completed
ORD-0103108,R-0232,2026-01-30,18.09,app,delivery,completed
ORD-0103109,R-0232,2026-01-27,30.16,app,pickup,completed
ORD-0103110,R-0232,2026-01-16,43.29,app,delivery,Completed
ORD-0103111,R-0232,2026-01-15,14.82,app,pickup,completed
ORD-0103112,R-0232,2026-01-30,32.94,web,pickup,completed
ORD-0103113,R-0232,2026-01-04,27.84,app,pickup,completed
ORD-0103114,R-0232,2026-01-02,14.04,app,delivery,COMPLETED
ORD-0103115,R-0232,2026-01-24,24.37,app,delivery,completed
ORD-0103116,R-0232,2026-01-25,19.73,app,delivery,completed
ORD-0103117,R-0232,2026-01-08,20.00,app,delivery,completed
ORD-0103118,R-0232,2026-01-18,11.56,web,pickup,completed
ORD-0103119,R-0232,2026-01-28,21.30,web,delivery,completed
ORD-0103120,R-0232,2026-01-04,16.61,app,pickup,completed
ORD-0103121,R-0232,2026-01-21,12.68,app,pickup,completed
ORD-0103122,R-0232,2026-01-24,23.17,web,delivery,Refunded
ORD-0103123,R-0232,2026-01-24,14.98,web,delivery,completed
ORD-0103124,R-0232,2026-01-04,32.53,web,delivery,refunded
ORD-0103125,R-0232,2026-01-09,25.62,app,delivery,completed
ORD-0103126,R-0232,2026-01-22,33.39,app,pickup,completed
ORD-0103127,R-0232,2026-01-30,12.40,web,delivery,completed
ORD-0103128,R-0232,2026-01-08,18.76,web,delivery,completed
ORD-0103129,R-0232,2026-01-23,28.41,app,pickup,completed
ORD-0103130,R-0232,2026-01-07,14.57,web,delivery,completed
ORD-0103131,R-0232,2026-01-09,20.12,app,delivery,completed
ORD-0103132,R-0232,2026-01-08,19.11,app,pickup,completed
ORD-0103133,R-0232,2026-01-07,17.47,web,pickup,completed
ORD-0103134,R-0232,2026-01-19,16.14,app,delivery,COMPLETED
ORD-0103135,R-0232,2026-01-07,9.44,app,delivery,completed
ORD-0103136,R-0232,2026-01-16,23.51,web,pickup,completed
ORD-0103137,R-0232,2026-01-10,18.26,app,delivery,completed
ORD-0103138,R-0232,2026-01-11,18.54,app,delivery,cancelled
ORD-0103139,R-0232,2026-01-16,27.15,app,delivery,completed
ORD-0103140,R-0232,2026-01-17,21.50,web,delivery,completed
ORD-0103141,R-0232,2026-01-23,16.52,web,pickup,completed
ORD-0103142,R-0232,2026-01-12,15.62,web,delivery,completed
ORD-0103143,R-0232,2026-01-29,12.65,app,delivery,completed
ORD-0103144,R-0232,2026-01-23,30.85,web,pickup,completed
ORD-0103145,R-0232,2026-01-25,13.22,app,pickup,completed
ORD-0103146,R-0232,2026-01-30,27.29,app,delivery,cancelled
ORD-0103147,R-0232,2026-01-08,36.27,web,pickup,completed
ORD-0103148,R-0232,2026-01-04,24.06,app,delivery,completed
ORD-0103149,R-0232,2026-01-31,37.64,app,delivery,completed
ORD-0103150,R-0232,2026-01-08,22.86,app,pickup,completed
ORD-0103151,R-0232,2026-01-08,13.58,app,delivery,completed
ORD-0103152,R-0232,2026-01-31,35.99,web,delivery,completed
ORD-0103153,R-0232,2026-01-14,14.75,app,pickup,completed
ORD-0103154,R-0232,2026-01-14,19.06,app,delivery,completed
ORD-0103155,R-0232,2026-01-05,30.01,app,delivery,Completed
ORD-0103156,R-0232,2026-01-11,19.77,app,delivery,completed
ORD-0103157,R-0232,2026-01-30,20.40,app,delivery,completed
ORD-0103158,R-0232,2026-01-17,15.09,app,pickup,COMPLETED
ORD-0103159,R-0232,2026-01-09,19.32,app,delivery,Completed
ORD-0103160,R-0232,2026-01-28,24.42,app,pickup,completed
ORD-0103161,R-0232,2026-01-30,24.93,app,delivery,completed
ORD-0103162,R-0232,2026-01-20,11.18,app,pickup,COMPLETED
ORD-0103163,R-0232,2026-01-23,10.69,web,pickup,completed
ORD-0103164,R-0232,2026-01-16,23.39,web,delivery,completed
ORD-0103165,R-0232,2026-01-16,21.57,app,delivery,completed
ORD-0103166,R-0232,2026-01-10,16.31,web,pickup,completed
ORD-0103167,R-0232,2026-01-05,14.26,web,pickup,completed
ORD-0103168,R-0232,2026-01-11,15.82,app,pickup,completed
ORD-0103169,R-0232,2026-01-17,21.02,web,pickup,completed
ORD-0103170,R-0232,2026-01-16,15.12,app,pickup,completed
ORD-0103171,R-0232,2026-01-19,19.22,app,pickup,completed
ORD-0103172,R-0232,2026-01-16,24.23,web,delivery,completed
ORD-0103173,R-0232,2026-01-29,25.94,web,delivery,completed
ORD-0103174,R-0232,2026-01-06,11.48,app,delivery,completed
ORD-0103175,R-0232,2026-01-26,20.34,web,delivery,completed
ORD-0103176,R-0232,2026-01-20,21.65,app,pickup,completed
ORD-0103177,R-0232,2026-01-27,22.81,app,delivery,completed
ORD-0103178,R-0232,2026-01-23,10.97,app,delivery,COMPLETED
ORD-0103179,R-0232,2026-01-14,16.22,web,delivery,completed
ORD-0103180,R-0232,2026-01-18,16.49,web,delivery,completed
ORD-0103181,R-0232,2026-01-03,15.44,web,delivery,completed
ORD-0103182,R-0232,2026-01-14,17.81,app,delivery,cancelled
ORD-0103183,R-0232,2026-01-16,29.62,web,pickup,completed
ORD-0103184,R-0232,2026-01-24,14.71,web,delivery,completed
ORD-0103185,R-0232,2026-01-31,22.91,app,delivery,completed
ORD-0103186,R-0232,2026-01-21,21.37,app,delivery,completed
ORD-0103187,R-0232,2026-01-10,26.74,web,delivery,completed
ORD-0103188,R-0232,2026-01-08,25.41,app,pickup,completed
ORD-0103189,R-0232,2026-01-21,29.48,app,delivery,completed
ORD-0103190,R-0232,2026-01-12,14.08,app,delivery,completed
ORD-0103191,R-0232,2026-01-30,24.98,web,delivery,completed
ORD-0103192,R-0232,2026-01-28,30.30,app,delivery,COMPLETED
ORD-0103193,R-0232,2026-01-24,11.26,app,pickup,COMPLETED
ORD-0103194,R-0232,2026-01-11,18.24,app,pickup,completed
ORD-0103195,R-0232,2026-01-08,22.29,web,pickup,completed
ORD-0103196,R-0232,2026-01-10,34.03,app,delivery,completed
ORD-0103197,R-0232,2026-01-21,19.88,web,delivery,COMPLETED
ORD-0103198,R-0232,2026-01-20,31.32,web,pickup,cancelled
ORD-0103199,R-0232,2026-01-29,15.01,app,delivery,completed
ORD-0103200,R-0232,2026-01-29,33.76,app,delivery,completed
ORD-0103201,R-0232,2026-01-27,30.70,web,pickup,Completed
ORD-0103202,R-0232,2026-01-11,20.16,app,delivery,completed
ORD-0103203,R-0232,2026-01-11,23.56,app,delivery,completed
ORD-0103204,R-0232,2026-01-31,24.46,app,pickup,COMPLETED
ORD-0103205,R-0232,2026-01-18,20.20,web,delivery,completed
ORD-0103206,R-0232,2026-01-02,21.13,app,pickup,completed
ORD-0103207,R-0232,2026-01-14,18.52,app,pickup,Completed
ORD-0104455,R-0233,2026-01-24,25.40,web,pickup,completed
ORD-0104456,R-0233,2026-01-24,29.42,app,pickup,completed
ORD-0104457,R-0233,2026-01-30,16.01,web,delivery,completed
ORD-0104458,R-0233,2026-01-18,15.06,app,delivery,completed
ORD-0104459,R-0233,2026-01-18,29.87,app,delivery,completed
ORD-0104460,R-0233,2026-01-10,26.02,web,delivery,completed
ORD-0104461,R-0233,2026-01-01,27.70,web,delivery,completed
ORD-0104462,R-0233,2026-01-23,36.56,web,delivery,completed
ORD-0104463,R-0233,2026-01-02,23.17,web,delivery,completed
ORD-0104464,R-0233,2026-01-31,46.41,app,delivery,completed
ORD-0104465,R-0233,2026-01-03,35.02,web,delivery,Completed
ORD-0104466,R-0233,2026-01-11,28.23,app,delivery,completed
ORD-0104467,R-0233,2026-01-10,22.10,app,delivery,completed
ORD-0104468,R-0233,2026-01-18,19.09,web,delivery,completed
ORD-0104469,R-0233,2026-01-18,28.38,app,pickup,completed
ORD-0104470,R-0233,2026-01-09,31.62,web,pickup,completed
ORD-0104471,R-0233,2026-01-12,22.56,web,delivery,completed
ORD-0104472,R-0233,2026-01-09,19.70,web,delivery,Completed
ORD-0104473,R-0233,2026-01-06,18.44,app,delivery,completed
ORD-0104474,R-0233,2026-01-07,21.93,app,pickup,completed
ORD-0104475,R-0233,2026-01-20,33.39,web,delivery,completed
ORD-0104476,R-0233,2026-01-01,22.54,app,pickup,completed
ORD-0104477,R-0233,2026-01-09,11.33,app,pickup,completed
ORD-0104478,R-0233,2026-01-14,24.51,app,delivery,completed
ORD-0104479,R-0233,2026-01-18,31.02,app,delivery,completed
ORD-0104480,R-0233,2026-01-17,19.56,app,delivery,completed
ORD-0104481,R-0233,2026-01-21,20.03,app,delivery,completed
ORD-0104482,R-0233,2026-01-01,22.60,app,delivery,completed
ORD-0104483,R-0233,2026-01-19,19.87,app,pickup,completed
ORD-0104484,R-0233,2026-01-08,15.83,app,pickup,completed
ORD-0104485,R-0233,2026-01-25,15.88,web,delivery,completed
ORD-0104486,R-0233,2026-01-21,17.95,web,pickup,completed
ORD-0104487,R-0233,2026-01-11,17.23,app,pickup,completed
ORD-0104488,R-0233,2026-01-24,16.40,app,delivery,completed
ORD-0104489,R-0233,2026-01-22,24.98,web,pickup,completed
ORD-0104490,R-0233,2026-01-17,25.62,web,delivery,completed
ORD-0104491,R-0233,2026-01-23,28.94,app,delivery,completed
ORD-0104492,R-0233,2026-01-23,38.69,app,delivery,completed
ORD-0104493,R-0233,2026-01-26,23.11,web,pickup,completed
ORD-0104494,R-0233,2026-01-01,42.65,app,delivery,completed
ORD-0104495,R-0233,2026-01-19,29.65,web,pickup,completed
ORD-0104496,R-0233,2026-01-17,24.77,web,pickup,completed
ORD-0104497,R-0233,2026-01-24,29.71,app,pickup,completed
ORD-0104498,R-0233,2026-01-16,17.65,web,delivery,completed
ORD-0104499,R-0233,2026-01-16,33.03,app,pickup,COMPLETED
ORD-0104500,R-0233,2026-01-30,24.01,app,pickup,completed
ORD-0104501,R-0233,2026-01-15,21.44,app,delivery,Completed
ORD-0104502,R-0233,2026-01-30,26.42,app,pickup,completed
ORD-0104503,R-0233,2026-01-30,31.29,app,pickup,completed
ORD-0104504,R-0233,2026-01-13,20.33,web,delivery,completed
ORD-0104505,R-0233,2026-01-24,17.16,app,delivery,completed
ORD-0104506,R-0233,2026-01-28,18.34,app,delivery,Completed
ORD-0104507,R-0233,2026-01-25,32.99,web,pickup,completed
ORD-0104508,R-0233,2026-01-23,14.99,web,delivery,completed
ORD-0104509,R-0233,2026-01-03,22.00,app,delivery,refunded
ORD-0105037,R-0235,2026-01-11,32.51,app,delivery,completed
ORD-0105038,R-0235,2026-01-30,24.53,app,delivery,completed
ORD-0105039,R-0235,2026-01-30,47.75,web,pickup,completed
ORD-0105040,R-0235,2026-01-31,25.57,app,delivery,completed
ORD-0105041,R-0235,2026-01-25,32.50,web,pickup,completed
ORD-0105042,R-0235,2026-01-27,25.15,app,delivery,completed
ORD-0105043,R-0235,2026-01-10,31.48,web,pickup,completed
ORD-0105044,R-0235,2026-01-09,29.44,web,pickup,CANCELLED
ORD-0105612,R-0237,2026-01-03,22.23,web,pickup,completed
ORD-0105613,R-0237,2026-01-02,35.93,web,pickup,COMPLETED
ORD-0105614,R-0237,2026-01-05,23.55,app,pickup,completed
ORD-0105615,R-0237,2026-01-04,24.87,app,delivery,completed
ORD-0105616,R-0237,2026-01-18,43.14,web,delivery,completed
ORD-0105617,R-0237,2026-01-24,27.88,app,pickup,completed
ORD-0105618,R-0237,2026-01-31,47.01,web,delivery,completed
ORD-0105619,R-0237,2026-01-29,18.04,app,delivery,Completed
ORD-0105620,R-0237,2026-01-26,45.55,app,pickup,completed
ORD-0105621,R-0237,2026-01-27,35.97,web,delivery,cancelled
ORD-0105622,R-0237,2026-01-26,29.71,web,pickup,completed
ORD-0105623,R-0237,2026-01-18,28.94,web,delivery,completed
ORD-0105624,R-0237,2026-01-31,25.10,web,delivery,completed
ORD-0105625,R-0237,2026-01-26,20.69,web,delivery,completed
ORD-0105626,R-0237,2026-01-14,34.39,web,delivery,completed
ORD-0105627,R-0237,2026-01-16,44.60,web,delivery,COMPLETED
ORD-0105628,R-0237,2026-01-08,36.83,web,pickup,completed
ORD-0105629,R-0237,2026-01-11,14.39,app,pickup,completed
ORD-0105630,R-0237,2026-01-17,31.25,app,delivery,completed
ORD-0105631,R-0237,2026-01-02,34.54,app,pickup,completed
ORD-0105632,R-0237,2026-01-02,47.07,app,delivery,completed
ORD-0105633,R-0237,2026-01-22,44.46,app,delivery,completed
ORD-0105634,R-0237,2026-01-24,33.72,app,delivery,completed
ORD-0105635,R-0237,2026-01-06,21.92,web,pickup,completed
ORD-0105636,R-0237,2026-01-16,42.02,web,pickup,completed
ORD-0105637,R-0237,2026-01-31,41.19,web,delivery,completed
ORD-0105638,R-0237,2026-01-03,37.75,app,pickup,completed
ORD-0105639,R-0237,2026-01-31,14.65,web,delivery,completed
ORD-0106017,R-0238,2026-01-01,20.09,app,pickup,completed
ORD-0106018,R-0238,2026-01-24,19.22,app,pickup,completed
ORD-0106019,R-0238,2026-01-19,27.29,web,delivery,completed
ORD-0106020,R-0238,2026-01-23,23.89,web,pickup,completed
ORD-0106021,R-0238,2026-01-30,33.25,app,delivery,completed
ORD-0106022,R-0238,2026-01-17,26.64,app,delivery,completed
ORD-0106023,R-0238,2026-01-29,23.17,app,pickup,completed
ORD-0106024,R-0238,2026-01-26,25.49,app,pickup,completed
ORD-0106025,R-0238,2026-01-23,11.79,web,delivery,completed
ORD-0106026,R-0238,2026-01-03,25.21,web,delivery,completed
ORD-0106027,R-0238,2026-01-21,21.18,web,pickup,completed
ORD-0106028,R-0238,2026-01-03,18.17,app,delivery,completed
ORD-0106029,R-0238,2026-01-10,35.44,web,delivery,completed
ORD-0106030,R-0238,2026-01-17,16.87,web,delivery,completed
ORD-0106031,R-0238,2026-01-16,59.94,web,delivery,completed
ORD-0106402,R-0239,2026-01-15,15.44,app,delivery,COMPLETED
ORD-0106403,R-0239,2026-01-04,21.80,web,delivery,completed
ORD-0106404,R-0239,2026-01-23,27.99,web,delivery,completed
ORD-0106405,R-0239,2026-01-15,22.65,web,delivery,completed
ORD-0106406,R-0239,2026-01-31,30.78,web,delivery,completed
ORD-0106407,R-0239,2026-01-06,16.23,web,delivery,completed
ORD-0106408,R-0239,2026-01-07,12.82,app,delivery,completed
ORD-0106409,R-0239,2026-01-24,26.72,web,delivery,completed
ORD-0106410,R-0239,2026-01-01,43.72,web,delivery,completed
ORD-0106411,R-0239,2026-01-03,22.41,app,delivery,completed
ORD-0106412,R-0239,2026-01-25,20.36,web,pickup,COMPLETED
ORD-0106413,R-0239,2026-01-30,19.61,app,delivery,completed
ORD-0106414,R-0239,2026-01-26,20.45,web,delivery,cancelled
ORD-0106415,R-0239,2026-01-02,21.12,web,delivery,Completed
ORD-0106416,R-0239,2026-01-11,14.88,web,delivery,completed
ORD-0106417,R-0239,2026-01-14,22.39,web,delivery,completed
ORD-0106418,R-0239,2026-01-11,11.82,app,delivery,completed
ORD-0106419,R-0239,2026-01-26,17.14,app,delivery,completed
ORD-0106420,R-0239,2026-01-27,25.05,web,delivery,completed
ORD-0106421,R-0239,2026-01-09,29.77,app,delivery,Cancelled
ORD-0106422,R-0239,2026-01-18,14.14,web,delivery,completed
ORD-0106423,R-0239,2026-01-31,11.04,app,delivery,COMPLETED
ORD-0106424,R-0239,2026-01-09,21.83,web,pickup,completed
ORD-0106425,R-0239,2026-01-05,23.73,web,pickup,completed
ORD-0106426,R-0239,2026-01-19,19.76,web,delivery,completed
ORD-0106427,R-0239,2026-01-02,23.07,app,delivery,Completed
ORD-0106428,R-0239,2026-01-09,23.35,web,delivery,completed
ORD-0106429,R-0239,2026-01-04,19.43,app,delivery,completed
ORD-0106430,R-0239,2026-01-15,17.73,app,delivery,completed
ORD-0106431,R-0239,2026-01-31,27.83,app,pickup,completed
ORD-0106432,R-0239,2026-01-16,18.50,web,delivery,Completed
ORD-0106433,R-0239,2026-01-26,16.82,app,delivery,completed
ORD-0106434,R-0239,2026-01-18,25.87,web,delivery,completed
ORD-0106435,R-0239,2026-01-09,18.44,app,pickup,cancelled
ORD-0106436,R-0239,2026-01-24,30.19,app,delivery,completed
ORD-0106437,R-0239,2026-01-01,25.78,app,delivery,completed
ORD-0106438,R-0239,2026-01-28,31.18,web,delivery,completed
ORD-0106439,R-0239,2026-01-01,32.20,web,delivery,completed
ORD-0106440,R-0239,2026-01-17,15.36,app,delivery,completed
ORD-0106441,R-0239,2026-01-11,44.75,app,delivery,completed
ORD-0106442,R-0239,2026-01-31,19.55,app,delivery,completed
ORD-0106443,R-0239,2026-01-28,27.13,web,delivery,completed
ORD-0106444,R-0239,2026-01-08,28.14,web,delivery,completed
ORD-0106445,R-0239,2026-01-03,37.53,app,delivery,completed
ORD-0106446,R-0239,2026-01-31,21.63,app,delivery,completed
ORD-0106447,R-0239,2026-01-13,10.54,web,delivery,COMPLETED
ORD-0106448,R-0239,2026-01-21,16.75,web,delivery,completed
ORD-0106449,R-0239,2026-01-26,17.20,web,delivery,completed
ORD-0106450,R-0239,2026-01-30,24.40,app,pickup,Completed
ORD-0106451,R-0239,2026-01-07,12.99,web,delivery,completed
ORD-0106452,R-0239,2026-01-30,20.01,web,delivery,completed
ORD-0106453,R-0239,2026-01-30,17.75,app,delivery,completed
ORD-0106454,R-0239,2026-01-31,44.69,app,delivery,completed
ORD-0106455,R-0239,2026-01-18,17.32,web,pickup,COMPLETED
ORD-0106456,R-0239,2026-01-13,23.93,web,delivery,completed
ORD-0106457,R-0239,2026-01-15,31.18,app,delivery,completed
ORD-0107039,R-0242,2026-01-31,25.28,app,pickup,completed
ORD-0107040,R-0242,2026-01-11,17.92,web,delivery,completed
ORD-0107041,R-0242,2026-01-14,19.36,app,pickup,completed
ORD-0107042,R-0242,2026-01-02,22.25,web,delivery,completed
ORD-0107043,R-0242,2026-01-27,16.88,web,delivery,completed
ORD-0107044,R-0242,2026-01-10,22.05,app,pickup,completed
ORD-0107045,R-0242,2026-01-31,12.75,web,delivery,COMPLETED
ORD-0107046,R-0242,2026-01-12,28.53,web,delivery,COMPLETED
ORD-0107047,R-0242,2026-01-16,16.69,app,delivery,completed
ORD-0107048,R-0242,2026-01-12,27.01,app,pickup,Completed
ORD-0107049,R-0242,2026-01-21,28.24,app,delivery,completed
ORD-0107050,R-0242,2026-01-30,25.64,web,delivery,completed
ORD-0107051,R-0242,2026-01-06,19.03,app,pickup,completed
ORD-0107052,R-0242,2026-01-09,24.64,app,delivery,COMPLETED
ORD-0107053,R-0242,2026-01-11,32.05,web,delivery,completed
ORD-0107054,R-0242,2026-01-25,25.48,app,pickup,cancelled
ORD-0107055,R-0242,2026-01-15,18.29,web,pickup,completed
ORD-0107056,R-0242,2026-01-01,14.93,web,pickup,completed
ORD-0107057,R-0242,2026-01-01,21.16,app,delivery,completed
ORD-0107058,R-0242,2026-01-24,11.88,app,delivery,completed
ORD-0107059,R-0242,2026-01-24,29.34,app,pickup,completed
ORD-0107060,R-0242,2026-01-09,22.93,app,delivery,completed
ORD-0107061,R-0242,2026-01-24,22.27,app,pickup,completed
ORD-0107062,R-0242,2026-01-27,18.49,web,pickup,completed
ORD-0107063,R-0242,2026-01-02,9.01,app,pickup,completed
ORD-0107064,R-0242,2026-01-24,20.72,web,delivery,completed
ORD-0107065,R-0242,2026-01-17,16.11,app,pickup,completed
ORD-0107066,R-0242,2026-01-15,12.90,web,delivery,completed
ORD-0107067,R-0242,2026-01-01,18.09,web,delivery,COMPLETED
ORD-0107068,R-0242,2026-01-26,10.98,web,delivery,completed
ORD-0107069,R-0242,2026-01-10,20.21,web,pickup,completed
ORD-0107070,R-0242,2026-01-19,16.97,app,delivery,completed
ORD-0107071,R-0242,2026-01-17,16.93,web,pickup,completed
ORD-0107072,R-0242,2026-01-03,18.36,app,delivery,COMPLETED
ORD-0107073,R-0242,2026-01-17,16.83,web,pickup,completed
ORD-0107074,R-0242,2026-01-02,20.95,app,pickup,completed
ORD-0107075,R-0242,2026-01-09,17.60,web,delivery,COMPLETED
ORD-0107076,R-0242,2026-01-17,36.07,web,pickup,completed
ORD-0107077,R-0242,2026-01-22,22.72,web,delivery,completed
ORD-0107078,R-0242,2026-01-24,19.13,app,delivery,completed
ORD-0107079,R-0242,2026-01-09,17.20,web,pickup,completed
ORD-0107080,R-0242,2026-01-20,15.18,app,pickup,Completed
ORD-0107081,R-0242,2026-01-06,15.95,app,delivery,completed
ORD-0107082,R-0242,2026-01-30,18.39,web,delivery,COMPLETED
ORD-0107083,R-0242,2026-01-31,26.46,web,pickup,completed
ORD-0107084,R-0242,2026-01-07,25.54,app,delivery,completed
ORD-0107965,R-0245,2026-01-10,21.86,web,pickup,completed
ORD-0107966,R-0245,2026-01-10,33.06,app,delivery,completed
ORD-0107967,R-0245,2026-01-03,25.24,web,pickup,completed
ORD-0107968,R-0245,2026-01-11,23.22,app,delivery,completed
ORD-0107969,R-0245,2026-01-03,35.77,app,pickup,completed
ORD-0107970,R-0245,2026-01-17,18.24,app,delivery,completed
ORD-0107971,R-0245,2026-01-04,20.09,app,delivery,completed
ORD-0107972,R-0245,2026-01-31,29.97,web,pickup,cancelled
ORD-0107973,R-0245,2026-01-31,26.67,web,pickup,completed
ORD-0107974,R-0245,2026-01-03,26.15,app,delivery,completed
ORD-0107975,R-0245,2026-01-30,59.08,web,pickup,completed
ORD-0107976,R-0245,2026-01-31,16.95,app,delivery,completed
ORD-0107977,R-0245,2026-01-29,26.52,app,delivery,completed
ORD-0107978,R-0245,2026-01-22,16.33,web,pickup,COMPLETED
ORD-0107979,R-0245,2026-01-17,20.48,app,delivery,completed
ORD-0107980,R-0245,2026-01-10,10.41,web,delivery,completed
ORD-0107981,R-0245,2026-01-30,22.60,web,pickup,completed
ORD-0107982,R-0245,2026-01-10,15.72,web,pickup,completed
ORD-0107983,R-0245,2026-01-11,8.51,web,delivery,completed
ORD-0107984,R-0245,2026-01-12,10.71,web,delivery,completed
ORD-0107985,R-0245,2026-01-11,24.44,web,pickup,Completed
ORD-0107986,R-0245,2026-01-26,24.83,app,delivery,completed
ORD-0107987,R-0245,2026-01-11,19.38,app,delivery,completed
ORD-0107988,R-0245,2026-01-13,8.57,web,delivery,completed
ORD-0107989,R-0245,2026-01-03,19.12,app,delivery,completed
ORD-0107990,R-0245,2026-01-12,49.03,app,pickup,completed
ORD-0107991,R-0245,2026-01-24,23.23,app,pickup,completed
ORD-0107992,R-0245,2026-01-04,33.99,app,pickup,completed
ORD-0107993,R-0245,2026-01-06,29.29,app,delivery,completed
ORD-0107994,R-0245,2026-01-19,18.19,app,delivery,completed
ORD-0107995,R-0245,2026-01-13,17.20,app,pickup,completed
ORD-0107996,R-0245,2026-01-23,33.24,web,delivery,completed
ORD-0107997,R-0245,2026-01-02,10.60,app,delivery,completed
ORD-0107998,R-0245,2026-01-30,19.06,web,delivery,COMPLETED
ORD-0107999,R-0245,2026-01-07,31.88,app,delivery,completed
ORD-0108000,R-0245,2026-01-01,13.92,web,delivery,completed
ORD-0108001,R-0245,2026-01-18,29.57,web,delivery,completed
ORD-0108002,R-0245,2026-01-23,22.96,app,pickup,completed
ORD-0108003,R-0245,2026-01-20,6.77,web,pickup,COMPLETED
ORD-0108004,R-0245,2026-01-31,35.70,web,delivery,completed
ORD-0108005,R-0245,2026-01-08,46.04,web,delivery,completed
ORD-0108006,R-0245,2026-01-17,18.74,web,delivery,refunded
ORD-0108007,R-0245,2026-01-03,16.74,app,pickup,completed
ORD-0108008,R-0245,2026-01-06,34.21,app,delivery,completed
ORD-0108009,R-0245,2026-01-01,24.41,app,delivery,completed
ORD-0108010,R-0245,2026-01-11,13.10,app,delivery,completed
ORD-0108011,R-0245,2026-01-09,17.47,web,delivery,completed
ORD-0108012,R-0245,2026-01-15,29.82,app,delivery,COMPLETED
ORD-0108013,R-0245,2026-01-14,23.54,app,delivery,completed
ORD-0108014,R-0245,2026-01-10,19.83,app,delivery,completed
ORD-0108015,R-0245,2026-01-09,15.40,app,delivery,completed
ORD-0108016,R-0245,2026-01-01,15.67,web,pickup,completed
ORD-0108017,R-0245,2026-01-11,20.56,app,delivery,completed
ORD-0108018,R-0245,2026-01-09,30.67,web,pickup,completed
ORD-0108019,R-0245,2026-01-24,24.15,web,delivery,completed
ORD-0108020,R-0245,2026-01-17,20.28,app,pickup,completed
ORD-0108021,R-0245,2026-01-12,19.73,app,pickup,completed
ORD-0108022,R-0245,2026-01-09,24.07,web,pickup,Refunded
ORD-0108983,R-0246,2026-01-07,51.20,web,delivery,completed
ORD-0108984,R-0246,2026-01-31,61.52,app,delivery,completed
ORD-0108985,R-0246,2026-01-19,30.45,app,pickup,completed
ORD-0108986,R-0246,2026-01-07,64.35,app,delivery,completed
ORD-0108987,R-0246,2026-01-10,73.18,web,delivery,cancelled
ORD-0108988,R-0246,2026-01-06,62.28,app,delivery,completed
ORD-0108989,R-0246,2026-01-30,67.47,web,delivery,Completed
ORD-0108990,R-0246,2026-01-23,42.02,web,pickup,completed
ORD-0108991,R-0246,2026-01-25,66.73,app,delivery,completed
ORD-0108992,R-0246,2026-01-08,48.95,web,delivery,cancelled
ORD-0108993,R-0246,2026-01-29,55.52,web,delivery,completed
ORD-0108994,R-0246,2026-01-18,40.20,web,delivery,completed
ORD-0108995,R-0246,2026-01-23,48.60,app,delivery,completed
ORD-0108996,R-0246,2026-01-10,41.99,web,delivery,completed
ORD-0108997,R-0246,2026-01-10,101.64,web,pickup,completed
ORD-0108998,R-0246,2026-01-16,66.51,web,pickup,completed
ORD-0108999,R-0246,2026-01-29,28.67,web,delivery,completed
ORD-0109000,R-0246,2026-01-20,35.51,web,delivery,completed
ORD-0109001,R-0246,2026-01-08,34.08,app,delivery,completed
ORD-0109002,R-0246,2026-01-09,39.98,web,delivery,COMPLETED
ORD-0109003,R-0246,2026-01-16,75.80,web,delivery,completed
ORD-0109468,R-0247,2026-01-10,35.54,app,pickup,completed
ORD-0109469,R-0247,2026-01-21,30.04,web,delivery,completed
ORD-0109470,R-0247,2026-01-15,17.52,web,delivery,completed
ORD-0109471,R-0247,2026-01-28,29.08,web,pickup,COMPLETED
ORD-0109472,R-0247,2026-01-24,21.44,app,delivery,completed
ORD-0109473,R-0247,2026-01-10,47.75,web,pickup,completed
ORD-0109474,R-0247,2026-01-25,11.48,web,delivery,completed
ORD-0109475,R-0247,2026-01-22,19.12,app,pickup,completed
ORD-0109476,R-0247,2026-01-10,14.31,app,pickup,completed
ORD-0109477,R-0247,2026-01-04,31.43,web,pickup,completed
ORD-0109478,R-0247,2026-01-30,36.03,web,pickup,completed
ORD-0109479,R-0247,2026-01-30,25.82,web,pickup,refunded
ORD-0109480,R-0247,2026-01-29,13.58,web,pickup,completed
ORD-0109481,R-0247,2026-01-16,31.18,app,delivery,completed
ORD-0109482,R-0247,2026-01-30,15.92,web,delivery,completed
ORD-0109483,R-0247,2026-01-23,21.66,app,pickup,completed
ORD-0109484,R-0247,2026-01-08,15.61,web,delivery,completed
ORD-0109485,R-0247,2026-01-30,24.25,web,delivery,completed
ORD-0109486,R-0247,2026-01-17,26.75,app,pickup,completed
ORD-0109487,R-0247,2026-01-12,17.90,app,pickup,completed
ORD-0109488,R-0247,2026-01-12,23.66,web,delivery,completed
ORD-0109489,R-0247,2026-01-03,14.73,web,pickup,completed
ORD-0109490,R-0247,2026-01-25,29.80,web,pickup,completed
ORD-0109491,R-0247,2026-01-16,27.96,web,delivery,completed
ORD-0109492,R-0247,2026-01-17,23.95,web,pickup,cancelled
ORD-0109493,R-0247,2026-01-19,38.84,web,delivery,completed
ORD-0109494,R-0247,2026-01-10,12.88,web,pickup,Completed
ORD-0109495,R-0247,2026-01-31,19.16,web,delivery,completed
ORD-0109496,R-0247,2026-01-04,35.26,app,pickup,completed
ORD-0109497,R-0247,2026-01-28,34.39,web,pickup,completed
ORD-0109498,R-0247,2026-01-18,32.39,web,delivery,completed
ORD-0109499,R-0247,2026-01-23,36.88,web,pickup,completed
ORD-0109500,R-0247,2026-01-18,18.05,web,pickup,completed
ORD-0109501,R-0247,2026-01-18,36.88,web,pickup,completed
ORD-0109502,R-0247,2026-01-10,24.24,app,pickup,completed
ORD-0109503,R-0247,2026-01-23,28.28,app,pickup,completed
ORD-0109504,R-0247,2026-01-08,18.21,web,pickup,Completed
ORD-0109505,R-0247,2026-01-12,18.01,web,pickup,completed
ORD-0109506,R-0247,2026-01-24,51.65,web,pickup,completed
ORD-0109507,R-0247,2026-01-31,24.57,app,delivery,completed
ORD-0109508,R-0247,2026-01-23,24.75,web,pickup,completed
ORD-0109509,R-0247,2026-01-10,33.07,web,delivery,completed
ORD-0109510,R-0247,2026-01-30,37.51,web,delivery,completed
ORD-0109511,R-0247,2026-01-18,30.76,web,delivery,completed
ORD-0109512,R-0247,2026-01-02,23.34,web,pickup,cancelled
ORD-0109513,R-0247,2026-01-03,25.60,web,pickup,COMPLETED
ORD-0109514,R-0247,2026-01-01,51.50,web,pickup,completed
ORD-0109515,R-0247,2026-01-03,32.10,web,pickup,Completed
ORD-0109516,R-0247,2026-01-31,12.72,app,delivery,completed
ORD-0109985,R-0248,2026-01-26,14.61,web,pickup,completed
ORD-0109986,R-0248,2026-01-24,11.83,web,delivery,completed
ORD-0109987,R-0248,2026-01-07,33.11,web,delivery,completed
ORD-0109988,R-0248,2026-01-16,70.28,web,pickup,completed
ORD-0109989,R-0248,2026-01-05,32.67,web,pickup,completed
ORD-0109990,R-0248,2026-01-30,26.02,web,delivery,completed
ORD-0109991,R-0248,2026-01-09,37.33,app,pickup,completed
ORD-0109992,R-0248,2026-01-20,25.74,app,pickup,COMPLETED
ORD-0109993,R-0248,2026-01-09,25.38,web,pickup,completed
ORD-0109994,R-0248,2026-01-31,21.89,web,delivery,completed
ORD-0109995,R-0248,2026-01-26,25.34,web,pickup,completed
ORD-0109996,R-0248,2026-01-04,35.12,web,pickup,COMPLETED
ORD-0109997,R-0248,2026-01-09,36.28,web,delivery,Completed
ORD-0109998,R-0248,2026-01-28,24.03,web,pickup,completed
ORD-0109999,R-0248,2026-01-16,20.21,web,pickup,completed
ORD-0110000,R-0248,2026-01-17,23.32,app,delivery,Completed
ORD-0110001,R-0248,2026-01-21,19.88,web,pickup,completed
ORD-0110002,R-0248,2026-01-14,28.78,web,pickup,completed
ORD-0110003,R-0248,2026-01-30,28.64,web,pickup,completed
ORD-0110004,R-0248,2026-01-04,52.44,web,delivery,completed
ORD-0110005,R-0248,2026-01-30,29.09,app,pickup,completed
ORD-0110006,R-0248,2026-01-31,45.74,web,pickup,Completed
ORD-0110007,R-0248,2026-01-14,24.48,web,pickup,completed
ORD-0110008,R-0248,2026-01-20,26.28,app,delivery,completed
ORD-0111163,R-0257,2026-01-16,14.83,app,delivery,completed
ORD-0111164,R-0257,2026-01-07,41.72,web,delivery,completed
ORD-0111165,R-0257,2026-01-07,13.14,app,pickup,completed
ORD-0111166,R-0257,2026-01-07,30.85,app,delivery,COMPLETED
ORD-0111167,R-0257,2026-01-01,40.13,app,pickup,completed
ORD-0111168,R-0257,2026-01-11,31.41,web,pickup,COMPLETED
ORD-0111169,R-0257,2026-01-22,17.58,app,delivery,completed
ORD-0111170,R-0257,2026-01-10,24.37,web,delivery,completed
ORD-0111171,R-0257,2026-01-12,17.61,web,delivery,completed
ORD-0111172,R-0257,2026-01-01,26.51,web,pickup,completed
ORD-0111173,R-0257,2026-01-17,24.29,web,delivery,completed
ORD-0111174,R-0257,2026-01-10,60.26,app,delivery,COMPLETED
ORD-0111175,R-0257,2026-01-29,36.79,web,delivery,completed
ORD-0111176,R-0257,2026-01-01,19.27,web,delivery,completed
ORD-0111177,R-0257,2026-01-31,29.54,web,delivery,completed
ORD-0111178,R-0257,2026-01-18,19.15,web,delivery,completed
ORD-0111179,R-0257,2026-01-26,31.93,app,delivery,completed
ORD-0111180,R-0257,2026-01-03,39.61,app,delivery,completed
ORD-0111181,R-0257,2026-01-25,27.91,web,delivery,completed
ORD-0111182,R-0257,2026-01-02,27.03,app,delivery,completed
ORD-0111183,R-0257,2026-01-05,24.38,web,delivery,completed
ORD-0111184,R-0257,2026-01-10,50.56,app,pickup,completed
ORD-0111185,R-0257,2026-01-12,18.23,web,delivery,Completed
ORD-0111222,R-0258,2026-01-25,45.98,app,pickup,completed
ORD-0111223,R-0258,2026-01-24,40.61,app,delivery,completed
ORD-0111224,R-0258,2026-01-25,29.81,web,delivery,completed
ORD-0111225,R-0258,2026-01-06,24.58,app,delivery,completed
ORD-0111226,R-0258,2026-01-17,36.86,app,pickup,completed
ORD-0111227,R-0258,2026-01-02,21.53,app,delivery,COMPLETED
ORD-0111228,R-0258,2026-01-02,29.29,app,pickup,completed
ORD-0111229,R-0258,2026-01-11,8.93,app,delivery,completed
ORD-0111230,R-0258,2026-01-18,32.69,app,delivery,completed
ORD-0111231,R-0258,2026-01-24,30.75,web,delivery,COMPLETED
ORD-0111232,R-0258,2026-01-19,55.71,app,pickup,completed
ORD-0111233,R-0258,2026-01-09,50.84,web,pickup,completed
ORD-0111234,R-0258,2026-01-02,41.90,app,delivery,completed
ORD-0111235,R-0258,2026-01-03,28.79,app,pickup,completed
ORD-0111236,R-0258,2026-01-10,16.43,web,pickup,completed
ORD-0111237,R-0258,2026-01-16,40.34,app,delivery,completed
ORD-0111238,R-0258,2026-01-19,30.10,app,delivery,completed
ORD-0111239,R-0258,2026-01-16,17.76,app,pickup,completed
ORD-0111240,R-0258,2026-01-26,26.68,app,pickup,completed
ORD-0111241,R-0258,2026-01-26,34.29,web,delivery,Completed
ORD-0111242,R-0258,2026-01-02,63.32,web,delivery,COMPLETED
ORD-0111243,R-0258,2026-01-07,34.04,web,delivery,completed
ORD-0111244,R-0258,2026-01-07,15.95,app,pickup,completed
ORD-0111245,R-0258,2026-01-10,66.89,web,delivery,refunded
ORD-0111246,R-0258,2026-01-26,16.04,web,delivery,COMPLETED
ORD-0111247,R-0258,2026-01-30,36.23,web,pickup,completed
ORD-0111248,R-0258,2026-01-23,14.92,app,delivery,completed
ORD-0111249,R-0258,2026-01-15,24.61,web,pickup,completed
ORD-0111250,R-0258,2026-01-09,31.86,app,pickup,Completed
ORD-0111251,R-0258,2026-01-11,15.60,app,pickup,completed
ORD-0111252,R-0258,2026-01-13,16.69,app,delivery,Completed
ORD-0111253,R-0258,2026-01-08,31.63,app,delivery,completed
ORD-0111254,R-0258,2026-01-17,45.58,web,delivery,completed
ORD-0111255,R-0258,2026-01-12,18.47,web,delivery,completed
ORD-0111256,R-0258,2026-01-27,23.71,web,delivery,Completed
ORD-0111257,R-0258,2026-01-14,47.32,app,delivery,completed
ORD-0111258,R-0258,2026-01-02,54.44,web,delivery,completed
ORD-0111259,R-0258,2026-01-21,44.17,app,delivery,completed
ORD-0111260,R-0258,2026-01-16,22.64,web,delivery,completed
ORD-0111261,R-0258,2026-01-31,20.79,app,pickup,completed
ORD-0111262,R-0258,2026-01-25,35.67,web,delivery,completed
ORD-0111853,R-0260,2026-01-07,19.27,web,delivery,completed
ORD-0111854,R-0260,2026-01-23,18.48,web,delivery,COMPLETED
ORD-0111855,R-0260,2026-01-13,24.83,app,delivery,completed
ORD-0111856,R-0260,2026-01-20,25.97,app,delivery,completed
ORD-0111857,R-0260,2026-01-10,32.45,web,delivery,completed
ORD-0111858,R-0260,2026-01-02,26.36,app,pickup,completed
ORD-0111859,R-0260,2026-01-11,23.00,web,delivery,completed
ORD-0111860,R-0260,2026-01-18,22.20,web,pickup,completed
ORD-0111861,R-0260,2026-01-25,29.85,app,delivery,completed
ORD-0111862,R-0260,2026-01-08,36.05,web,delivery,COMPLETED
ORD-0111863,R-0260,2026-01-24,23.66,web,delivery,completed
ORD-0111864,R-0260,2026-01-09,23.43,web,delivery,completed
ORD-0111865,R-0260,2026-01-10,26.14,web,delivery,completed
ORD-0111866,R-0260,2026-01-02,25.67,app,pickup,completed
ORD-0111867,R-0260,2026-01-01,35.01,app,delivery,completed
ORD-0111868,R-0260,2026-01-17,21.10,web,pickup,Completed
ORD-0112616,R-0261,2026-01-24,13.54,web,delivery,Completed
ORD-0112617,R-0261,2026-01-06,24.68,web,delivery,completed
ORD-0112618,R-0261,2026-01-07,16.40,web,pickup,completed
ORD-0112619,R-0261,2026-01-31,13.25,app,delivery,completed
ORD-0112620,R-0261,2026-01-08,28.79,web,delivery,completed
ORD-0112621,R-0261,2026-01-17,17.69,web,delivery,completed
ORD-0112622,R-0261,2026-01-12,14.91,app,delivery,completed
ORD-0112623,R-0261,2026-01-22,26.00,app,delivery,completed
ORD-0112624,R-0261,2026-01-03,19.58,web,delivery,completed
ORD-0112625,R-0261,2026-01-01,24.09,app,delivery,completed
ORD-0112626,R-0261,2026-01-24,13.39,web,delivery,completed
ORD-0112627,R-0261,2026-01-23,21.84,app,delivery,Completed
ORD-0112628,R-0261,2026-01-31,20.52,app,delivery,COMPLETED
ORD-0112629,R-0261,2026-01-03,8.37,web,delivery,completed
ORD-0112630,R-0261,2026-01-21,18.72,app,delivery,completed
ORD-0112631,R-0261,2026-01-24,13.59,app,delivery,completed
ORD-0112632,R-0261,2026-01-04,21.89,app,delivery,Completed
ORD-0112633,R-0261,2026-01-04,35.47,app,delivery,completed
ORD-0112634,R-0261,2026-01-08,20.03,web,delivery,completed
ORD-0112635,R-0261,2026-01-08,15.56,app,delivery,COMPLETED
ORD-0112636,R-0261,2026-01-29,14.54,app,delivery,completed
ORD-0112637,R-0261,2026-01-11,42.19,app,delivery,COMPLETED
ORD-0112638,R-0261,2026-01-28,12.66,app,delivery,completed
ORD-0112639,R-0261,2026-01-06,12.80,web,delivery,completed
ORD-0112640,R-0261,2026-01-16,26.68,web,delivery,completed
ORD-0112641,R-0261,2026-01-24,19.09,web,pickup,COMPLETED
ORD-0112642,R-0261,2026-01-01,17.94,app,delivery,completed
ORD-0112643,R-0261,2026-01-24,15.43,app,delivery,COMPLETED
ORD-0112644,R-0261,2026-01-20,19.66,app,delivery,completed
ORD-0112645,R-0261,2026-01-11,17.17,web,pickup,COMPLETED
ORD-0112646,R-0261,2026-01-28,16.55,app,pickup,completed
ORD-0112647,R-0261,2026-01-25,36.71,web,delivery,completed
ORD-0112648,R-0261,2026-01-26,18.51,app,delivery,completed
ORD-0112649,R-0261,2026-01-18,16.57,web,delivery,completed
ORD-0112650,R-0261,2026-01-28,11.08,web,delivery,completed
ORD-0112651,R-0261,2026-01-15,14.71,web,delivery,cancelled
ORD-0112652,R-0261,2026-01-09,8.75,web,delivery,completed
ORD-0112653,R-0261,2026-01-09,18.28,app,delivery,completed
ORD-0112654,R-0261,2026-01-10,15.84,app,pickup,completed
ORD-0112655,R-0261,2026-01-01,31.55,web,delivery,completed
ORD-0112656,R-0261,2026-01-09,20.14,web,delivery,completed
ORD-0112657,R-0261,2026-01-31,10.73,web,pickup,completed
ORD-0112658,R-0261,2026-01-23,16.81,web,pickup,completed
ORD-0112659,R-0261,2026-01-23,35.09,app,pickup,completed
ORD-0112660,R-0261,2026-01-22,22.86,app,delivery,completed
ORD-0112661,R-0261,2026-01-20,25.12,web,delivery,completed
ORD-0112662,R-0261,2026-01-12,23.07,web,delivery,completed
ORD-0112663,R-0261,2026-01-22,19.33,app,delivery,completed
ORD-0112664,R-0261,2026-01-27,8.48,app,delivery,completed
ORD-0112665,R-0261,2026-01-19,12.77,app,delivery,completed
ORD-0112666,R-0261,2026-01-16,27.76,web,pickup,completed
ORD-0112667,R-0261,2026-01-10,10.24,web,delivery,completed
ORD-0112668,R-0261,2026-01-22,17.05,web,pickup,completed
ORD-0112669,R-0261,2026-01-04,19.89,app,delivery,COMPLETED
ORD-0112670,R-0261,2026-01-09,21.97,web,delivery,completed
ORD-0112671,R-0261,2026-01-09,23.50,web,delivery,completed
ORD-0112672,R-0261,2026-01-11,12.71,web,delivery,completed
ORD-0112673,R-0261,2026-01-31,19.66,web,delivery,completed
ORD-0112674,R-0261,2026-01-26,9.23,web,delivery,completed
ORD-0112675,R-0261,2026-01-20,13.92,web,delivery,completed
ORD-0112676,R-0261,2026-01-16,17.09,web,delivery,completed
ORD-0112677,R-0261,2026-01-14,12.18,web,pickup,completed
ORD-0112678,R-0261,2026-01-04,16.25,app,delivery,refunded
ORD-0112679,R-0261,2026-01-09,20.80,app,delivery,Cancelled
ORD-0112680,R-0261,2026-01-13,13.42,app,delivery,completed
ORD-0112681,R-0261,2026-01-31,12.67,app,delivery,completed
ORD-0112682,R-0261,2026-01-24,25.38,web,delivery,completed
ORD-0112683,R-0261,2026-01-24,18.95,web,delivery,completed
ORD-0112684,R-0261,2026-01-01,21.58,app,delivery,completed
ORD-0112685,R-0261,2026-01-09,17.11,web,delivery,completed
ORD-0112686,R-0261,2026-01-31,19.00,web,delivery,completed
ORD-0112687,R-0261,2026-01-23,14.37,app,delivery,completed
ORD-0112688,R-0261,2026-01-17,16.93,app,delivery,completed
ORD-0112689,R-0261,2026-01-05,26.45,web,delivery,completed
ORD-0112690,R-0261,2026-01-24,16.53,app,delivery,completed
ORD-0112691,R-0261,2026-01-31,22.83,app,delivery,completed
ORD-0112692,R-0261,2026-01-12,12.09,app,delivery,completed
ORD-0112693,R-0261,2026-01-25,11.79,app,delivery,completed
ORD-0112694,R-0261,2026-01-16,27.10,app,delivery,refunded
ORD-0112695,R-0261,2026-01-01,16.93,app,delivery,cancelled
ORD-0112696,R-0261,2026-01-06,15.43,web,delivery,completed
ORD-0112697,R-0261,2026-01-01,15.54,app,pickup,completed
ORD-0112698,R-0261,2026-01-07,18.56,web,delivery,Completed
ORD-0112699,R-0261,2026-01-01,15.87,app,delivery,completed
ORD-0112700,R-0261,2026-01-08,14.98,app,delivery,completed
ORD-0112701,R-0261,2026-01-11,52.74,web,delivery,completed
ORD-0112702,R-0261,2026-01-16,18.84,web,pickup,completed
ORD-0112703,R-0261,2026-01-02,12.73,app,delivery,completed
ORD-0112704,R-0261,2026-01-29,23.52,web,delivery,completed
ORD-0112705,R-0261,2026-01-05,10.69,web,delivery,completed
ORD-0112706,R-0261,2026-01-25,37.85,web,delivery,completed
ORD-0112707,R-0261,2026-01-23,21.92,web,delivery,completed
ORD-0112708,R-0261,2026-01-28,18.69,app,pickup,completed
ORD-0112709,R-0261,2026-01-03,31.86,web,delivery,COMPLETED
ORD-0112710,R-0261,2026-01-25,23.43,app,delivery,completed
ORD-0112711,R-0261,2026-01-02,21.16,web,delivery,Completed
ORD-0112712,R-0261,2026-01-16,14.70,app,pickup,completed
ORD-0112713,R-0261,2026-01-13,19.77,web,delivery,completed
ORD-0112714,R-0261,2026-01-10,18.35,app,delivery,completed
ORD-0112715,R-0261,2026-01-17,20.02,web,delivery,completed
ORD-0112716,R-0261,2026-01-03,15.03,app,delivery,completed
ORD-0112717,R-0261,2026-01-09,12.66,web,delivery,completed
ORD-0112718,R-0261,2026-01-10,25.56,web,delivery,completed
ORD-0112719,R-0261,2026-01-23,13.95,web,delivery,completed
ORD-0112720,R-0261,2026-01-28,23.93,web,delivery,completed
ORD-0112721,R-0261,2026-01-05,20.96,app,delivery,completed
ORD-0112722,R-0261,2026-01-29,6.60,web,delivery,completed
ORD-0112723,R-0261,2026-01-27,18.56,app,pickup,completed
ORD-0112724,R-0261,2026-01-17,14.20,app,pickup,completed
ORD-0113379,R-0263,2026-01-12,46.60,web,delivery,completed
ORD-0113380,R-0263,2026-01-04,28.01,web,delivery,completed
ORD-0113381,R-0263,2026-01-20,32.78,app,delivery,completed
ORD-0113382,R-0263,2026-01-14,25.33,web,delivery,completed
ORD-0113383,R-0263,2026-01-03,35.26,web,delivery,completed
ORD-0113384,R-0263,2026-01-17,34.92,web,delivery,completed
ORD-0113385,R-0263,2026-01-23,24.70,web,pickup,completed
ORD-0113386,R-0263,2026-01-27,17.73,app,delivery,completed
ORD-0113387,R-0263,2026-01-24,33.35,app,delivery,completed
ORD-0113388,R-0263,2026-01-28,17.02,web,delivery,completed
ORD-0113389,R-0263,2026-01-20,31.88,web,delivery,COMPLETED
ORD-0113390,R-0263,2026-01-31,10.65,web,delivery,completed
ORD-0113391,R-0263,2026-01-07,15.67,app,delivery,completed
ORD-0113392,R-0263,2026-01-31,28.59,app,delivery,completed
ORD-0113393,R-0263,2026-01-25,51.77,web,delivery,completed
ORD-0113394,R-0263,2026-01-09,21.56,app,delivery,completed
ORD-0113395,R-0263,2026-01-13,26.80,app,delivery,completed
ORD-0113396,R-0263,2026-01-03,38.82,app,delivery,COMPLETED
ORD-0113397,R-0263,2026-01-06,20.51,web,delivery,completed
ORD-0113398,R-0263,2026-01-28,23.12,web,delivery,completed
ORD-0113399,R-0263,2026-01-10,36.45,app,delivery,completed
ORD-0113400,R-0263,2026-01-09,18.72,app,delivery,completed
ORD-0113401,R-0263,2026-01-04,14.39,web,delivery,completed
ORD-0113402,R-0263,2026-01-03,37.85,app,delivery,completed
ORD-0113403,R-0263,2026-01-28,18.95,web,delivery,completed
ORD-0113404,R-0263,2026-01-27,49.28,app,delivery,completed
ORD-0113405,R-0263,2026-01-23,21.71,web,delivery,COMPLETED
ORD-0113406,R-0263,2026-01-19,36.71,app,delivery,completed
ORD-0113407,R-0263,2026-01-24,14.47,app,delivery,Completed
ORD-0113408,R-0263,2026-01-23,34.40,app,delivery,cancelled
ORD-0113409,R-0263,2026-01-31,31.08,web,delivery,completed
ORD-0113410,R-0263,2026-01-24,39.23,app,delivery,completed
ORD-0113411,R-0263,2026-01-13,30.12,app,delivery,COMPLETED
ORD-0113412,R-0263,2026-01-18,21.71,app,delivery,completed
ORD-0114650,R-0271,2026-01-25,24.14,app,pickup,completed
ORD-0114651,R-0271,2026-01-12,31.99,web,delivery,completed
ORD-0114652,R-0271,2026-01-28,16.82,web,delivery,completed
ORD-0114653,R-0271,2026-01-28,32.40,web,pickup,completed
ORD-0114654,R-0271,2026-01-24,39.59,web,pickup,completed
ORD-0114655,R-0271,2026-01-25,22.99,app,delivery,completed
ORD-0114656,R-0271,2026-01-23,30.66,web,pickup,completed
ORD-0114657,R-0271,2026-01-01,41.89,web,delivery,completed
ORD-0114658,R-0271,2026-01-15,27.76,app,pickup,completed
ORD-0114659,R-0271,2026-01-07,22.00,web,pickup,completed
ORD-0114660,R-0271,2026-01-24,9.37,web,pickup,completed
ORD-0114661,R-0271,2026-01-11,53.62,app,pickup,completed
ORD-0114662,R-0271,2026-01-16,23.61,app,pickup,completed
ORD-0114663,R-0271,2026-01-10,34.97,app,pickup,completed
ORD-0114664,R-0271,2026-01-15,32.98,app,delivery,completed
ORD-0114665,R-0271,2026-01-16,27.77,app,delivery,completed
ORD-0114666,R-0271,2026-01-24,40.51,web,delivery,completed
ORD-0114667,R-0271,2026-01-17,26.46,web,delivery,completed
ORD-0114668,R-0271,2026-01-02,30.59,web,delivery,completed
ORD-0114669,R-0271,2026-01-19,19.75,web,delivery,completed
ORD-0115242,R-0274,2026-01-30,64.34,app,pickup,completed
ORD-0115243,R-0274,2026-01-29,16.99,web,pickup,completed
ORD-0115244,R-0274,2026-01-31,21.30,app,pickup,completed
ORD-0115245,R-0274,2026-01-24,40.83,web,pickup,completed
ORD-0115246,R-0274,2026-01-29,15.76,web,delivery,completed
ORD-0115247,R-0274,2026-01-30,34.42,app,delivery,completed
ORD-0115248,R-0274,2026-01-29,12.57,app,pickup,completed
ORD-0115595,R-0276,2026-01-23,27.62,app,delivery,completed
ORD-0115596,R-0276,2026-01-25,18.75,app,delivery,completed
ORD-0115597,R-0276,2026-01-13,21.07,app,delivery,completed
ORD-0115598,R-0276,2026-01-27,22.50,app,delivery,completed
ORD-0115599,R-0276,2026-01-23,15.39,app,delivery,completed
ORD-0115600,R-0276,2026-01-28,13.76,web,delivery,COMPLETED
ORD-0115601,R-0276,2026-01-27,31.07,web,delivery,completed
ORD-0115602,R-0276,2026-01-24,26.44,web,pickup,completed
ORD-0115603,R-0276,2026-01-30,33.11,app,delivery,completed
ORD-0115604,R-0276,2026-01-15,8.44,app,delivery,completed
ORD-0115605,R-0276,2026-01-25,34.54,app,delivery,completed
ORD-0115606,R-0276,2026-01-09,24.65,app,delivery,completed
ORD-0115607,R-0276,2026-01-19,9.98,web,pickup,completed
ORD-0115608,R-0276,2026-01-17,50.15,web,delivery,completed
ORD-0115609,R-0276,2026-01-23,21.40,app,delivery,completed
ORD-0115610,R-0276,2026-01-27,19.69,app,delivery,completed
ORD-0115611,R-0276,2026-01-04,18.99,app,pickup,completed
ORD-0115612,R-0276,2026-01-19,22.59,app,pickup,completed
ORD-0115613,R-0276,2026-01-13,31.74,web,delivery,completed
ORD-0115614,R-0276,2026-01-26,18.01,app,delivery,completed
ORD-0115615,R-0276,2026-01-18,23.44,web,pickup,completed
ORD-0115616,R-0276,2026-01-24,32.69,app,pickup,completed
ORD-0115617,R-0276,2026-01-24,47.25,app,delivery,COMPLETED
ORD-0115618,R-0276,2026-01-17,22.81,app,delivery,Completed
ORD-0115619,R-0276,2026-01-08,17.84,web,delivery,completed
ORD-0116424,R-0277,2026-01-15,18.24,app,delivery,completed
ORD-0116425,R-0277,2026-01-23,26.23,web,delivery,completed
ORD-0116426,R-0277,2026-01-03,13.90,app,pickup,Completed
ORD-0116427,R-0277,2026-01-27,46.36,app,pickup,completed
ORD-0116428,R-0277,2026-01-06,29.86,app,delivery,completed
ORD-0116429,R-0277,2026-01-25,27.15,app,delivery,refunded
ORD-0116430,R-0277,2026-01-17,20.40,app,pickup,completed
ORD-0116431,R-0277,2026-01-10,20.14,web,delivery,COMPLETED
ORD-0116432,R-0277,2026-01-01,14.44,web,delivery,completed
ORD-0116433,R-0277,2026-01-17,9.89,web,pickup,completed
ORD-0116434,R-0277,2026-01-19,18.91,app,delivery,completed
ORD-0116435,R-0277,2026-01-09,18.13,app,delivery,completed
ORD-0116436,R-0277,2026-01-07,53.66,app,delivery,COMPLETED
ORD-0116437,R-0277,2026-01-01,35.30,web,delivery,completed
ORD-0116438,R-0277,2026-01-24,33.17,app,delivery,completed
ORD-0116439,R-0277,2026-01-16,19.49,web,delivery,completed
ORD-0116440,R-0277,2026-01-11,14.51,app,delivery,completed
ORD-0116441,R-0277,2026-01-16,22.66,app,delivery,completed
ORD-0116442,R-0277,2026-01-02,21.71,web,delivery,completed
ORD-0116443,R-0277,2026-01-18,33.84,app,pickup,completed
ORD-0116444,R-0277,2026-01-08,15.76,app,delivery,completed
ORD-0116445,R-0277,2026-01-09,14.92,app,delivery,completed
ORD-0116446,R-0277,2026-01-09,39.55,app,delivery,completed
ORD-0116447,R-0277,2026-01-09,32.36,app,delivery,completed
ORD-0116448,R-0277,2026-01-24,17.72,web,delivery,COMPLETED
ORD-0116449,R-0277,2026-01-03,48.01,web,delivery,COMPLETED
ORD-0116450,R-0277,2026-01-09,17.24,app,delivery,completed
ORD-0116451,R-0277,2026-01-30,30.01,app,delivery,COMPLETED
ORD-0116452,R-0277,2026-01-21,46.19,app,delivery,completed
ORD-0116453,R-0277,2026-01-31,20.57,app,pickup,Completed
ORD-0116454,R-0277,2026-01-08,30.44,app,pickup,completed
ORD-0116455,R-0277,2026-01-24,34.82,app,delivery,completed
ORD-0116456,R-0277,2026-01-09,7.55,web,pickup,completed
ORD-0116457,R-0277,2026-01-17,31.35,app,delivery,completed
ORD-0116458,R-0277,2026-01-28,20.13,app,delivery,completed
ORD-0116459,R-0277,2026-01-18,24.78,app,delivery,refunded
ORD-0116460,R-0277,2026-01-03,21.16,app,delivery,completed
ORD-0116461,R-0277,2026-01-19,15.46,app,pickup,completed
ORD-0116462,R-0277,2026-01-14,31.95,app,pickup,completed
ORD-0116463,R-0277,2026-01-29,25.47,app,pickup,completed
ORD-0116464,R-0277,2026-01-02,11.72,web,delivery,completed
ORD-0116465,R-0277,2026-01-30,28.14,web,delivery,completed
ORD-0116466,R-0277,2026-01-20,9.67,web,delivery,completed
ORD-0116467,R-0277,2026-01-23,25.68,app,pickup,completed
ORD-0116468,R-0277,2026-01-28,23.75,app,pickup,completed
ORD-0116469,R-0277,2026-01-17,21.13,app,delivery,completed
ORD-0116470,R-0277,2026-01-24,32.13,app,pickup,Completed
ORD-0116471,R-0277,2026-01-19,32.49,app,pickup,cancelled
ORD-0116472,R-0277,2026-01-03,31.29,app,pickup,completed
ORD-0116473,R-0277,2026-01-05,21.48,web,delivery,completed
ORD-0116474,R-0277,2026-01-13,31.55,web,delivery,completed
ORD-0116475,R-0277,2026-01-17,19.43,app,delivery,Completed
ORD-0116476,R-0277,2026-01-28,12.79,app,pickup,completed
ORD-0116477,R-0277,2026-01-25,32.27,web,delivery,completed
ORD-0116478,R-0277,2026-01-02,26.70,web,delivery,COMPLETED
ORD-0116479,R-0277,2026-01-02,21.85,app,delivery,completed
ORD-0116480,R-0277,2026-01-21,28.06,app,pickup,completed
ORD-0116481,R-0277,2026-01-05,48.01,web,delivery,Completed
ORD-0116482,R-0277,2026-01-25,30.79,app,pickup,Completed
ORD-0116483,R-0277,2026-01-11,24.70,app,delivery,completed
ORD-0116484,R-0277,2026-01-29,21.88,app,delivery,completed
ORD-0116485,R-0277,2026-01-19,46.84,app,delivery,completed
ORD-0116486,R-0277,2026-01-03,15.01,app,delivery,COMPLETED
ORD-0116487,R-0277,2026-01-09,21.87,web,pickup,completed
ORD-0116488,R-0277,2026-01-28,7.59,app,delivery,completed
ORD-0116489,R-0277,2026-01-12,23.21,app,delivery,completed
ORD-0116490,R-0277,2026-01-19,13.86,app,pickup,completed
ORD-0116491,R-0277,2026-01-20,36.35,web,delivery,completed
ORD-0116492,R-0277,2026-01-03,16.16,app,delivery,completed
ORD-0116493,R-0277,2026-01-13,20.47,app,delivery,Completed
ORD-0116494,R-0277,2026-01-17,14.40,app,pickup,refunded
ORD-0116495,R-0277,2026-01-31,23.18,app,delivery,completed
ORD-0116949,R-0278,2026-01-12,44.15,app,pickup,refunded
ORD-0116950,R-0278,2026-01-17,25.64,app,delivery,refunded
ORD-0116951,R-0278,2026-01-13,28.58,app,delivery,COMPLETED
ORD-0116952,R-0278,2026-01-30,34.18,web,delivery,completed
ORD-0116953,R-0278,2026-01-24,50.74,app,delivery,completed
ORD-0116954,R-0278,2026-01-16,44.04,app,delivery,completed
ORD-0116955,R-0278,2026-01-20,113.87,web,delivery,completed
ORD-0116956,R-0278,2026-01-25,58.78,web,delivery,completed
ORD-0116957,R-0278,2026-01-29,39.39,web,delivery,completed
ORD-0116958,R-0278,2026-01-31,23.75,web,delivery,completed
ORD-0116959,R-0278,2026-01-02,32.95,web,pickup,Completed
ORD-0116960,R-0278,2026-01-02,37.74,app,pickup,completed
ORD-0116961,R-0278,2026-01-10,39.73,app,delivery,completed
ORD-0116962,R-0278,2026-01-11,46.24,app,delivery,completed
ORD-0116963,R-0278,2026-01-22,36.51,app,pickup,completed
ORD-0116964,R-0278,2026-01-17,63.05,app,delivery,completed
ORD-0117028,R-0279,2026-01-12,26.05,web,delivery,completed
ORD-0117029,R-0279,2026-01-04,21.52,app,delivery,completed
ORD-0117030,R-0279,2026-01-02,16.36,web,pickup,completed
ORD-0117031,R-0279,2026-01-03,16.54,web,pickup,completed
ORD-0117032,R-0279,2026-01-15,37.60,app,delivery,completed
ORD-0117033,R-0279,2026-01-30,48.19,app,pickup,completed
ORD-0117034,R-0279,2026-01-16,34.54,app,pickup,completed
ORD-0117035,R-0279,2026-01-10,32.47,app,pickup,completed
ORD-0117036,R-0279,2026-01-03,17.68,web,delivery,completed
ORD-0117037,R-0279,2026-01-03,23.02,web,pickup,completed
ORD-0117038,R-0279,2026-01-18,35.43,web,pickup,completed
ORD-0117039,R-0279,2026-01-02,27.09,web,delivery,completed
ORD-0117040,R-0279,2026-01-13,28.93,web,delivery,COMPLETED
ORD-0117041,R-0279,2026-01-26,22.15,web,pickup,completed
ORD-0117042,R-0279,2026-01-10,12.65,web,pickup,completed
ORD-0117043,R-0279,2026-01-30,12.58,app,delivery,cancelled
ORD-0117044,R-0279,2026-01-10,25.38,web,delivery,completed
ORD-0117045,R-0279,2026-01-02,28.94,web,delivery,completed
ORD-0117046,R-0279,2026-01-10,18.85,web,pickup,completed
ORD-0117047,R-0279,2026-01-07,29.27,app,delivery,completed
ORD-0117048,R-0279,2026-01-16,36.97,web,delivery,completed
ORD-0117049,R-0279,2026-01-10,40.03,web,pickup,COMPLETED
ORD-0117050,R-0279,2026-01-23,21.79,app,delivery,Completed
ORD-0117051,R-0279,2026-01-18,23.50,web,pickup,completed
ORD-0117052,R-0279,2026-01-31,35.59,app,pickup,completed
ORD-0117053,R-0279,2026-01-07,20.71,app,delivery,completed
ORD-0117054,R-0279,2026-01-16,29.14,app,delivery,completed
ORD-0117055,R-0279,2026-01-04,30.81,web,pickup,COMPLETED
ORD-0117056,R-0279,2026-01-10,18.07,app,pickup,completed
ORD-0117057,R-0279,2026-01-24,36.34,app,pickup,completed
ORD-0117553,R-0281,2026-01-30,7.20,web,pickup,completed
ORD-0117554,R-0281,2026-01-08,37.08,web,pickup,completed
ORD-0117555,R-0281,2026-01-19,16.56,web,pickup,completed
ORD-0117556,R-0281,2026-01-03,18.11,app,delivery,completed
ORD-0117557,R-0281,2026-01-06,41.61,app,delivery,completed
ORD-0117558,R-0281,2026-01-08,18.78,web,delivery,completed
ORD-0117559,R-0281,2026-01-03,23.71,app,pickup,completed
ORD-0117560,R-0281,2026-01-28,23.23,app,delivery,completed
ORD-0117561,R-0281,2026-01-18,21.24,app,pickup,completed
ORD-0117562,R-0281,2026-01-10,30.74,web,delivery,COMPLETED
ORD-0117563,R-0281,2026-01-03,44.83,app,pickup,completed
ORD-0117564,R-0281,2026-01-24,26.54,web,delivery,completed
ORD-0117565,R-0281,2026-01-12,17.59,web,delivery,completed
ORD-0117566,R-0281,2026-01-23,34.98,app,pickup,completed
ORD-0117567,R-0281,2026-01-18,12.15,web,delivery,completed
ORD-0117568,R-0281,2026-01-30,32.06,web,pickup,completed
ORD-0117569,R-0281,2026-01-19,24.89,web,pickup,completed
ORD-0117570,R-0281,2026-01-10,50.22,app,delivery,completed
ORD-0117571,R-0281,2026-01-28,12.16,web,pickup,completed
ORD-0117572,R-0281,2026-01-03,14.66,app,delivery,completed
ORD-0117573,R-0281,2026-01-23,21.14,web,pickup,completed
ORD-0117574,R-0281,2026-01-23,40.74,app,pickup,completed
ORD-0117575,R-0281,2026-01-07,27.57,web,pickup,COMPLETED
ORD-0117576,R-0281,2026-01-16,42.74,web,delivery,completed
ORD-0117577,R-0281,2026-01-19,10.45,app,delivery,completed
ORD-0117578,R-0281,2026-01-03,36.00,web,delivery,completed
ORD-0117579,R-0281,2026-01-17,31.16,web,delivery,completed
ORD-0117580,R-0281,2026-01-31,17.94,web,delivery,completed
ORD-0117581,R-0281,2026-01-05,14.50,app,pickup,COMPLETED
ORD-0117582,R-0281,2026-01-03,17.66,web,pickup,COMPLETED
ORD-0117583,R-0281,2026-01-05,18.21,app,delivery,completed
ORD-0117584,R-0281,2026-01-24,17.22,app,pickup,completed
ORD-0117585,R-0281,2026-01-16,19.12,app,delivery,completed
ORD-0117586,R-0281,2026-01-01,15.29,app,delivery,completed
ORD-0117587,R-0281,2026-01-23,14.37,web,delivery,completed
ORD-0117588,R-0281,2026-01-02,13.96,app,delivery,completed
ORD-0117589,R-0281,2026-01-17,17.36,web,delivery,completed
ORD-0117590,R-0281,2026-01-18,11.40,web,delivery,Completed
ORD-0117591,R-0281,2026-01-10,40.16,web,pickup,COMPLETED
ORD-0117592,R-0281,2026-01-20,18.14,web,delivery,completed
ORD-0117593,R-0281,2026-01-30,22.14,web,delivery,completed
ORD-0117594,R-0281,2026-01-17,44.03,web,delivery,completed
ORD-0117595,R-0281,2026-01-11,18.69,web,delivery,completed
ORD-0118073,R-0282,2026-01-11,11.56,app,delivery,completed
ORD-0118074,R-0282,2026-01-22,19.61,web,delivery,completed
ORD-0118075,R-0282,2026-01-23,16.68,web,pickup,completed
ORD-0118076,R-0282,2026-01-31,20.00,web,pickup,completed
ORD-0118077,R-0282,2026-01-30,22.06,app,delivery,completed
ORD-0118078,R-0282,2026-01-25,31.68,app,pickup,completed
ORD-0118079,R-0282,2026-01-08,13.16,web,pickup,completed
ORD-0118080,R-0282,2026-01-03,36.03,app,pickup,cancelled
ORD-0118081,R-0282,2026-01-08,38.76,web,pickup,completed
ORD-0118082,R-0282,2026-01-30,37.49,app,pickup,Completed
ORD-0118083,R-0282,2026-01-21,36.01,web,delivery,completed
ORD-0118084,R-0282,2026-01-10,21.19,web,pickup,completed
ORD-0118085,R-0282,2026-01-10,29.16,web,pickup,completed
ORD-0118086,R-0282,2026-01-01,22.04,app,pickup,completed
ORD-0118087,R-0282,2026-01-19,20.63,app,delivery,completed
ORD-0118088,R-0282,2026-01-17,22.47,app,delivery,completed
ORD-0118089,R-0282,2026-01-31,28.43,app,pickup,completed
ORD-0118090,R-0282,2026-01-22,24.05,app,delivery,completed
ORD-0118091,R-0282,2026-01-15,33.96,app,delivery,completed
ORD-0118846,R-0286,2026-01-29,56.21,app,delivery,completed
ORD-0118847,R-0286,2026-01-09,41.49,web,pickup,completed
ORD-0118848,R-0286,2026-01-29,47.99,web,pickup,completed
ORD-0118849,R-0286,2026-01-31,33.85,web,delivery,completed
ORD-0118850,R-0286,2026-01-07,48.87,web,delivery,completed
ORD-0118851,R-0286,2026-01-13,26.28,app,delivery,completed
ORD-0118852,R-0286,2026-01-18,40.21,app,delivery,completed
ORD-0118853,R-0286,2026-01-08,70.26,web,delivery,completed
ORD-0118854,R-0286,2026-01-02,55.80,app,pickup,completed
ORD-0118855,R-0286,2026-01-31,166.37,web,delivery,completed
ORD-0118856,R-0286,2026-01-07,35.53,web,delivery,completed
ORD-0118857,R-0286,2026-01-25,69.94,web,delivery,completed
ORD-0118858,R-0286,2026-01-02,46.08,app,delivery,completed
ORD-0118859,R-0286,2026-01-17,21.44,app,delivery,completed
ORD-0118860,R-0286,2026-01-05,48.99,app,delivery,cancelled
ORD-0118861,R-0286,2026-01-04,64.44,app,pickup,completed
ORD-0118862,R-0286,2026-01-21,63.87,web,delivery,completed
ORD-0118863,R-0286,2026-01-03,60.17,app,delivery,refunded
ORD-0118864,R-0286,2026-01-23,68.92,app,pickup,completed
ORD-0118865,R-0286,2026-01-17,56.92,app,delivery,completed
ORD-0118866,R-0286,2026-01-28,52.99,app,pickup,completed
ORD-0118867,R-0286,2026-01-24,46.81,app,pickup,completed
ORD-0118868,R-0286,2026-01-16,79.50,web,pickup,COMPLETED
ORD-0119085,R-0288,2026-01-11,56.48,app,delivery,Completed
ORD-0119086,R-0288,2026-01-18,25.43,app,delivery,completed
ORD-0119087,R-0288,2026-01-11,56.56,app,delivery,completed
ORD-0119088,R-0288,2026-01-29,82.28,web,delivery,completed
ORD-0119089,R-0288,2026-01-26,61.96,app,delivery,completed
ORD-0119090,R-0288,2026-01-17,40.34,app,delivery,completed
ORD-0119091,R-0288,2026-01-30,37.86,app,delivery,completed
ORD-0119092,R-0288,2026-01-06,23.19,app,pickup,completed
ORD-0119093,R-0288,2026-01-23,29.46,app,delivery,completed
ORD-0119094,R-0288,2026-01-27,127.51,app,pickup,completed
ORD-0119095,R-0288,2026-01-11,104.85,app,pickup,completed
ORD-0119096,R-0288,2026-01-08,18.67,web,pickup,COMPLETED
ORD-0119097,R-0288,2026-01-27,57.96,app,delivery,completed
ORD-0119098,R-0288,2026-01-22,16.34,web,pickup,completed
ORD-0119099,R-0288,2026-01-19,45.89,app,delivery,completed
ORD-0119100,R-0288,2026-01-31,16.79,app,delivery,completed
ORD-0119101,R-0288,2026-01-20,56.55,app,delivery,completed
ORD-0119102,R-0288,2026-01-09,87.27,app,delivery,completed
ORD-0119103,R-0288,2026-01-03,45.28,app,delivery,completed
ORD-0119678,R-0291,2026-01-07,34.58,app,delivery,COMPLETED
ORD-0119679,R-0291,2026-01-12,51.45,web,delivery,completed
ORD-0119680,R-0291,2026-01-22,32.21,web,delivery,completed
ORD-0119681,R-0291,2026-01-03,47.47,app,delivery,completed
ORD-0119682,R-0291,2026-01-09,53.20,app,delivery,completed
ORD-0119683,R-0291,2026-01-14,26.64,app,delivery,COMPLETED
ORD-0119684,R-0291,2026-01-17,39.95,app,delivery,completed
ORD-0119685,R-0291,2026-01-20,44.36,app,delivery,completed
ORD-0119686,R-0291,2026-01-24,45.84,web,pickup,completed
ORD-0119687,R-0291,2026-01-10,37.33,web,delivery,completed
ORD-0119688,R-0291,2026-01-09,77.22,web,delivery,completed
ORD-0119689,R-0291,2026-01-13,32.43,web,pickup,completed
ORD-0119690,R-0291,2026-01-21,36.12,app,pickup,completed
ORD-0119691,R-0291,2026-01-13,25.12,app,pickup,completed
ORD-0119692,R-0291,2026-01-23,67.85,web,delivery,completed
ORD-0119693,R-0291,2026-01-24,45.39,app,delivery,completed
ORD-0119694,R-0291,2026-01-04,52.98,app,delivery,completed
ORD-0119695,R-0291,2026-01-22,31.07,app,pickup,completed
ORD-0119696,R-0291,2026-01-17,29.80,web,delivery,completed
ORD-0119697,R-0291,2026-01-12,40.22,app,delivery,completed
ORD-0119698,R-0291,2026-01-18,25.76,app,pickup,completed
ORD-0120165,R-0295,2026-01-04,33.99,web,delivery,COMPLETED
ORD-0120166,R-0295,2026-01-06,25.07,app,delivery,completed
ORD-0120167,R-0295,2026-01-04,18.02,app,pickup,completed
ORD-0120168,R-0295,2026-01-07,47.64,app,delivery,completed
ORD-0120169,R-0295,2026-01-24,29.99,app,pickup,completed
ORD-0120170,R-0295,2026-01-30,28.86,web,delivery,Completed
ORD-0120171,R-0295,2026-01-20,20.92,app,delivery,completed
ORD-0120172,R-0295,2026-01-15,28.19,app,pickup,completed
ORD-0120173,R-0295,2026-01-23,37.81,app,pickup,completed
ORD-0120174,R-0295,2026-01-23,35.04,web,pickup,refunded
ORD-0120175,R-0295,2026-01-07,29.82,app,pickup,COMPLETED
ORD-0120176,R-0295,2026-01-11,37.04,app,pickup,completed
ORD-0120177,R-0295,2026-01-02,22.28,app,pickup,completed
ORD-0120178,R-0295,2026-01-05,20.81,web,pickup,completed
ORD-0120179,R-0295,2026-01-14,20.69,web,pickup,completed
ORD-0120180,R-0295,2026-01-14,30.43,app,delivery,completed
ORD-0120181,R-0295,2026-01-17,27.08,app,pickup,completed
ORD-0120182,R-0295,2026-01-28,26.95,web,delivery,completed
ORD-0120183,R-0295,2026-01-16,38.25,app,delivery,completed
ORD-0120184,R-0295,2026-01-25,38.53,web,delivery,completed
ORD-0120185,R-0295,2026-01-20,31.81,app,pickup,completed
ORD-0120186,R-0295,2026-01-03,26.06,app,delivery,completed
ORD-0120187,R-0295,2026-01-09,49.99,web,delivery,completed
ORD-0120188,R-0295,2026-01-30,47.64,app,delivery,completed
ORD-0120189,R-0295,2026-01-28,20.90,app,pickup,completed
ORD-0120190,R-0295,2026-01-06,26.33,app,delivery,completed
ORD-0120191,R-0295,2026-01-17,25.10,app,pickup,completed
ORD-0120192,R-0295,2026-01-22,30.60,web,pickup,completed
ORD-0120193,R-0295,2026-01-02,30.69,web,delivery,completed
ORD-0120194,R-0295,2026-01-19,33.75,app,delivery,completed
ORD-0120195,R-0295,2026-01-17,19.46,app,delivery,completed
ORD-0120196,R-0295,2026-01-08,14.33,web,delivery,completed
ORD-0120197,R-0295,2026-01-15,23.28,app,pickup,completed
ORD-0120198,R-0295,2026-01-10,45.65,app,delivery,completed
ORD-0120199,R-0295,2026-01-15,43.76,app,delivery,completed
ORD-0120200,R-0295,2026-01-18,24.66,app,delivery,completed
ORD-0120201,R-0295,2026-01-23,41.53,app,delivery,Completed
ORD-0120510,R-0296,2026-01-01,19.33,app,pickup,completed
ORD-0120511,R-0296,2026-01-29,15.80,app,delivery,completed
ORD-0120512,R-0296,2026-01-10,30.64,app,delivery,completed
ORD-0120513,R-0296,2026-01-23,32.09,app,delivery,completed
ORD-0120514,R-0296,2026-01-12,38.98,app,delivery,completed
ORD-0120515,R-0296,2026-01-16,14.59,app,pickup,Completed
ORD-0120516,R-0296,2026-01-16,22.45,app,delivery,completed
ORD-0120517,R-0296,2026-01-11,20.10,app,delivery,cancelled
ORD-0120518,R-0296,2026-01-23,13.76,app,delivery,COMPLETED
ORD-0120519,R-0296,2026-01-30,11.82,app,delivery,completed
ORD-0120520,R-0296,2026-01-05,20.06,app,delivery,completed
ORD-0120521,R-0296,2026-01-22,16.70,app,delivery,completed
ORD-0120522,R-0296,2026-01-06,29.42,app,delivery,completed
ORD-0120523,R-0296,2026-01-28,22.19,app,delivery,completed
ORD-0120524,R-0296,2026-01-13,27.56,app,delivery,completed
ORD-0120525,R-0296,2026-01-21,23.88,app,delivery,completed
ORD-0120526,R-0296,2026-01-29,19.73,app,pickup,completed
ORD-0120527,R-0296,2026-01-04,29.88,app,delivery,completed
ORD-0120528,R-0296,2026-01-15,32.91,app,pickup,completed
ORD-0120529,R-0296,2026-01-07,26.92,app,delivery,cancelled
ORD-0120530,R-0296,2026-01-09,28.79,app,delivery,completed
ORD-0120531,R-0296,2026-01-23,29.90,web,delivery,completed
ORD-0120532,R-0296,2026-01-26,27.39,app,delivery,COMPLETED
ORD-0120533,R-0296,2026-01-22,21.62,app,delivery,completed
ORD-0120534,R-0296,2026-01-25,28.91,app,pickup,completed
ORD-0120535,R-0296,2026-01-03,27.33,app,pickup,completed
ORD-0120536,R-0296,2026-01-11,28.12,app,delivery,Completed
ORD-0120537,R-0296,2026-01-20,37.37,app,delivery,completed
ORD-0120538,R-0296,2026-01-14,22.90,app,delivery,completed
ORD-0120539,R-0296,2026-01-01,21.94,app,delivery,Completed
ORD-0120540,R-0296,2026-01-20,15.52,app,pickup,completed
ORD-0120541,R-0296,2026-01-01,22.75,app,delivery,completed
ORD-0120542,R-0296,2026-01-14,9.57,app,delivery,completed
ORD-0120543,R-0296,2026-01-17,15.28,app,delivery,completed
ORD-0120544,R-0296,2026-01-01,12.31,app,pickup,Completed
ORD-0121361,R-0297,2026-01-28,37.75,app,delivery,completed
ORD-0121362,R-0297,2026-01-09,56.23,app,delivery,completed
ORD-0121363,R-0297,2026-01-20,37.70,app,delivery,refunded
ORD-0121364,R-0297,2026-01-12,23.61,web,pickup,completed
ORD-0121365,R-0297,2026-01-17,21.37,app,delivery,COMPLETED
ORD-0121366,R-0297,2026-01-11,43.51,app,delivery,completed
ORD-0121367,R-0297,2026-01-07,27.82,app,delivery,completed
ORD-0121368,R-0297,2026-01-04,24.78,web,delivery,completed
ORD-0121369,R-0297,2026-01-20,54.59,web,delivery,Completed
ORD-0121370,R-0297,2026-01-11,29.34,app,delivery,completed
ORD-0121371,R-0297,2026-01-17,45.91,app,delivery,completed
ORD-0121372,R-0297,2026-01-10,31.66,app,delivery,completed
ORD-0121373,R-0297,2026-01-14,34.73,web,delivery,completed
ORD-0121374,R-0297,2026-01-19,61.36,web,delivery,completed
ORD-0121375,R-0297,2026-01-30,24.09,web,delivery,completed
ORD-0121376,R-0297,2026-01-07,44.55,web,delivery,Completed
ORD-0121377,R-0297,2026-01-11,41.40,app,delivery,Completed
ORD-0121378,R-0297,2026-01-09,40.75,app,delivery,completed
ORD-0121379,R-0297,2026-01-20,23.51,app,pickup,completed
ORD-0121380,R-0297,2026-01-23,66.10,web,delivery,completed
ORD-0121381,R-0297,2026-01-11,29.56,web,delivery,completed
ORD-0121382,R-0297,2026-01-01,31.47,app,delivery,Completed
ORD-0121383,R-0297,2026-01-20,22.89,web,delivery,completed
ORD-0121384,R-0297,2026-01-03,35.51,web,delivery,completed
ORD-0121385,R-0297,2026-01-22,23.14,app,delivery,completed
ORD-0121386,R-0297,2026-01-31,36.12,app,delivery,completed
ORD-0121387,R-0297,2026-01-13,39.83,app,delivery,cancelled
ORD-0121388,R-0297,2026-01-16,25.25,web,delivery,completed
ORD-0121389,R-0297,2026-01-04,43.28,web,delivery,completed
ORD-0121390,R-0297,2026-01-19,24.71,web,delivery,completed
ORD-0121391,R-0297,2026-01-16,32.35,app,delivery,completed
ORD-0121392,R-0297,2026-01-08,29.83,web,delivery,completed
ORD-0121393,R-0297,2026-01-15,35.47,web,delivery,completed
ORD-0121394,R-0297,2026-01-25,61.36,web,delivery,completed
ORD-0121395,R-0297,2026-01-31,42.44,app,delivery,completed
ORD-0121396,R-0297,2026-01-14,50.04,web,delivery,completed
ORD-0121397,R-0297,2026-01-22,37.52,app,pickup,Completed
ORD-0121398,R-0297,2026-01-11,29.34,app,delivery,completed
ORD-0121399,R-0297,2026-01-31,46.44,web,delivery,cancelled
ORD-0121400,R-0297,2026-01-02,34.92,app,delivery,completed
ORD-0121401,R-0297,2026-01-11,33.65,web,delivery,completed
ORD-0121402,R-0297,2026-01-17,52.46,app,delivery,completed
ORD-0121403,R-0297,2026-01-02,30.80,app,pickup,completed
ORD-0121404,R-0297,2026-01-17,45.32,web,delivery,COMPLETED
ORD-0121405,R-0297,2026-01-04,33.45,app,delivery,completed
ORD-0121406,R-0297,2026-01-31,37.52,web,delivery,completed
ORD-0121407,R-0297,2026-01-16,29.83,app,delivery,completed
ORD-0121408,R-0297,2026-01-02,46.73,web,delivery,completed
ORD-0121409,R-0297,2026-01-07,18.30,web,delivery,completed
ORD-0121410,R-0297,2026-01-10,43.67,web,delivery,COMPLETED
ORD-0121411,R-0297,2026-01-21,19.88,web,delivery,completed
ORD-0121412,R-0297,2026-01-07,27.48,app,delivery,completed
ORD-0121413,R-0297,2026-01-18,59.72,web,delivery,completed
ORD-0121414,R-0297,2026-01-31,52.87,web,delivery,completed
ORD-0121415,R-0297,2026-01-30,46.20,app,delivery,completed
ORD-0121416,R-0297,2026-01-24,43.78,web,delivery,completed
ORD-0121417,R-0297,2026-01-12,42.34,web,delivery,completed
ORD-0121418,R-0297,2026-01-07,36.36,web,delivery,completed
ORD-0121419,R-0297,2026-01-14,44.40,web,delivery,completed
ORD-0121420,R-0297,2026-01-12,33.45,web,delivery,completed
ORD-0121421,R-0297,2026-01-10,20.82,web,delivery,completed
ORD-0121422,R-0297,2026-01-05,47.56,web,delivery,completed
ORD-0121423,R-0297,2026-01-16,32.34,web,delivery,cancelled
ORD-0121424,R-0297,2026-01-26,31.84,app,delivery,completed
ORD-0121425,R-0297,2026-01-16,36.23,web,delivery,COMPLETED
ORD-0121426,R-0297,2026-01-19,28.70,web,delivery,completed
ORD-0121427,R-0297,2026-01-03,28.32,web,delivery,completed
ORD-0121428,R-0297,2026-01-23,51.45,web,delivery,completed
ORD-0121429,R-0297,2026-01-29,50.32,web,delivery,completed
ORD-0121430,R-0297,2026-01-02,29.43,web,delivery,completed
ORD-0121431,R-0297,2026-01-17,26.15,web,delivery,completed
ORD-0121432,R-0297,2026-01-25,56.68,web,delivery,completed
ORD-0121433,R-0297,2026-01-03,31.65,web,delivery,completed
ORD-0121434,R-0297,2026-01-11,42.22,web,pickup,COMPLETED
ORD-0121435,R-0297,2026-01-07,35.62,app,delivery,completed
ORD-0121436,R-0297,2026-01-08,49.70,web,delivery,completed
ORD-0121437,R-0297,2026-01-11,26.70,web,delivery,completed
ORD-0121438,R-0297,2026-01-08,43.86,web,delivery,completed
ORD-0121439,R-0297,2026-01-08,38.54,web,delivery,completed
ORD-0121440,R-0297,2026-01-22,26.61,web,pickup,completed
ORD-0121441,R-0297,2026-01-07,35.23,app,delivery,completed
ORD-0121442,R-0297,2026-01-31,49.53,web,delivery,completed
ORD-0121443,R-0297,2026-01-18,54.21,web,delivery,completed
ORD-0121444,R-0297,2026-01-26,39.42,web,delivery,completed
ORD-0121445,R-0297,2026-01-17,42.74,web,pickup,cancelled
ORD-0121446,R-0297,2026-01-24,64.11,web,delivery,completed
ORD-0121447,R-0297,2026-01-01,36.92,app,delivery,completed
ORD-0121448,R-0297,2026-01-10,50.02,app,delivery,completed
ORD-0121449,R-0297,2026-01-09,55.18,app,pickup,completed
ORD-0121450,R-0297,2026-01-07,33.68,web,delivery,completed
ORD-0121451,R-0297,2026-01-30,22.67,web,delivery,completed
ORD-0121452,R-0297,2026-01-11,31.60,web,pickup,completed
ORD-0121453,R-0297,2026-01-16,34.78,web,delivery,completed
ORD-0121454,R-0297,2026-01-17,47.88,app,delivery,completed
ORD-0121455,R-0297,2026-01-30,39.66,web,delivery,refunded
ORD-0121456,R-0297,2026-01-22,38.39,app,delivery,completed
ORD-0121457,R-0297,2026-01-13,45.10,web,delivery,completed
ORD-0121458,R-0297,2026-01-11,40.95,web,delivery,completed
ORD-0121459,R-0297,2026-01-26,30.75,web,delivery,COMPLETED
ORD-0121460,R-0297,2026-01-23,30.93,web,delivery,Completed
ORD-0121461,R-0297,2026-01-24,50.41,app,delivery,completed
ORD-0121462,R-0297,2026-01-21,22.23,web,delivery,completed
ORD-0121463,R-0297,2026-01-31,24.15,app,delivery,completed
ORD-0121464,R-0297,2026-01-01,37.24,app,pickup,Completed
ORD-0121465,R-0297,2026-01-09,27.96,web,delivery,completed
ORD-0121466,R-0297,2026-01-31,43.60,web,delivery,COMPLETED
ORD-0121467,R-0297,2026-01-10,33.22,web,delivery,completed
ORD-0121468,R-0297,2026-01-10,39.03,app,delivery,completed
ORD-0122320,R-0298,2026-01-26,17.97,app,pickup,completed
ORD-0122321,R-0298,2026-01-16,25.66,web,delivery,completed
ORD-0122322,R-0298,2026-01-03,52.02,web,delivery,completed
ORD-0122323,R-0298,2026-01-07,22.45,web,pickup,completed
ORD-0122324,R-0298,2026-01-24,29.77,app,delivery,completed
ORD-0122325,R-0298,2026-01-17,32.88,web,delivery,COMPLETED
ORD-0122326,R-0298,2026-01-30,45.86,app,pickup,COMPLETED
ORD-0122327,R-0298,2026-01-27,34.44,app,delivery,completed
ORD-0122328,R-0298,2026-01-23,51.88,app,delivery,completed
ORD-0122329,R-0298,2026-01-24,24.63,app,delivery,completed
ORD-0122330,R-0298,2026-01-15,38.79,app,delivery,completed
ORD-0122331,R-0298,2026-01-28,41.73,web,delivery,completed
ORD-0122332,R-0298,2026-01-08,34.73,app,delivery,refunded
ORD-0122333,R-0298,2026-01-12,30.47,web,delivery,completed
ORD-0122334,R-0298,2026-01-08,17.35,app,delivery,cancelled
ORD-0122335,R-0298,2026-01-15,25.24,app,delivery,completed
ORD-0122336,R-0298,2026-01-04,22.35,app,delivery,completed
ORD-0122337,R-0298,2026-01-18,27.99,web,delivery,Completed
ORD-0122338,R-0298,2026-01-09,25.99,app,delivery,completed
ORD-0122339,R-0298,2026-01-18,34.80,app,pickup,completed
ORD-0122340,R-0298,2026-01-10,63.07,app,delivery,completed
ORD-0122341,R-0298,2026-01-29,27.03,web,pickup,completed
ORD-0122342,R-0298,2026-01-19,16.78,web,delivery,Completed
ORD-0122343,R-0298,2026-01-21,65.36,web,pickup,completed
ORD-0122344,R-0298,2026-01-10,32.25,app,delivery,completed
ORD-0122345,R-0298,2026-01-07,23.53,web,delivery,cancelled
ORD-0122346,R-0298,2026-01-02,20.71,app,pickup,completed
ORD-0122347,R-0298,2026-01-12,20.92,app,pickup,Completed
ORD-0122717,R-0299,2026-01-10,49.76,web,pickup,completed
ORD-0122718,R-0299,2026-01-04,24.24,web,delivery,completed
ORD-0122719,R-0299,2026-01-02,32.26,app,delivery,completed
ORD-0122720,R-0299,2026-01-28,27.01,app,delivery,completed
ORD-0122721,R-0299,2026-01-06,34.69,web,delivery,completed
ORD-0122722,R-0299,2026-01-10,36.55,web,delivery,completed
ORD-0122723,R-0299,2026-01-25,54.31,app,delivery,completed
ORD-0122724,R-0299,2026-01-30,32.77,app,delivery,COMPLETED
ORD-0122725,R-0299,2026-01-29,43.17,web,delivery,completed
ORD-0122726,R-0299,2026-01-30,30.22,web,delivery,completed
ORD-0122727,R-0299,2026-01-24,33.09,web,delivery,completed
ORD-0122728,R-0299,2026-01-11,39.61,app,delivery,completed
ORD-0122729,R-0299,2026-01-31,81.59,app,delivery,completed
ORD-0122730,R-0299,2026-01-03,31.37,web,delivery,COMPLETED
ORD-0122731,R-0299,2026-01-28,34.49,app,delivery,completed
ORD-0122732,R-0299,2026-01-21,44.14,app,delivery,completed
ORD-0122733,R-0299,2026-01-13,44.70,web,delivery,completed
ORD-0122734,R-0299,2026-01-04,26.34,web,delivery,COMPLETED
ORD-0122735,R-0299,2026-01-10,61.85,app,pickup,completed
ORD-0122736,R-0299,2026-01-04,34.98,app,delivery,completed
ORD-0122737,R-0299,2026-01-04,76.71,web,delivery,completed
ORD-0122738,R-0299,2026-01-23,26.38,app,delivery,completed
ORD-0122739,R-0299,2026-01-20,47.64,app,pickup,cancelled
ORD-0122740,R-0299,2026-01-01,34.45,app,delivery,completed
ORD-0122741,R-0299,2026-01-16,90.09,app,delivery,completed
ORD-0122742,R-0299,2026-01-25,61.31,web,pickup,completed
ORD-0122743,R-0299,2026-01-23,47.22,web,delivery,completed
ORD-0122744,R-0299,2026-01-31,111.22,web,delivery,completed
ORD-0122745,R-0299,2026-01-15,29.05,app,delivery,completed
ORD-0122746,R-0299,2026-01-04,56.69,app,pickup,completed
ORD-0122747,R-0299,2026-01-09,43.22,web,delivery,completed
ORD-0122748,R-0299,2026-01-22,33.93,web,delivery,completed
ORD-0122991,R-0301,2026-01-01,27.73,app,delivery,completed
ORD-0122992,R-0301,2026-01-14,45.16,web,delivery,completed
ORD-0122993,R-0301,2026-01-03,24.15,app,pickup,completed
ORD-0122994,R-0301,2026-01-07,14.48,app,delivery,Completed
ORD-0122995,R-0301,2026-01-03,21.20,app,pickup,completed
ORD-0122996,R-0301,2026-01-20,24.75,app,delivery,cancelled
ORD-0122997,R-0301,2026-01-25,40.30,app,pickup,completed
ORD-0122998,R-0301,2026-01-28,14.94,web,delivery,completed
ORD-0122999,R-0301,2026-01-08,21.84,app,pickup,Completed
ORD-0123000,R-0301,2026-01-06,24.03,web,pickup,COMPLETED
ORD-0123001,R-0301,2026-01-20,28.76,web,delivery,completed
ORD-0123002,R-0301,2026-01-23,20.78,app,pickup,COMPLETED
ORD-0123003,R-0301,2026-01-09,17.98,web,delivery,COMPLETED
ORD-0123004,R-0301,2026-01-15,23.02,app,pickup,completed
ORD-0123005,R-0301,2026-01-31,32.16,app,pickup,completed
ORD-0123006,R-0301,2026-01-22,40.94,web,delivery,completed
ORD-0123007,R-0301,2026-01-11,24.77,web,pickup,completed
ORD-0123008,R-0301,2026-01-26,36.53,web,pickup,completed
ORD-0123009,R-0301,2026-01-03,36.23,app,delivery,completed
ORD-0123010,R-0301,2026-01-24,25.36,app,pickup,COMPLETED
ORD-0123011,R-0301,2026-01-23,17.06,web,pickup,completed
ORD-0123012,R-0301,2026-01-09,12.63,app,pickup,completed
ORD-0123013,R-0301,2026-01-09,22.88,web,pickup,completed
ORD-0123014,R-0301,2026-01-26,25.10,app,pickup,completed
ORD-0123015,R-0301,2026-01-20,40.37,app,delivery,completed
ORD-0123016,R-0301,2026-01-17,31.50,web,pickup,Completed
ORD-0123017,R-0301,2026-01-01,40.09,app,pickup,completed
ORD-0123018,R-0301,2026-01-13,15.21,app,pickup,completed
ORD-0123019,R-0301,2026-01-24,18.73,web,pickup,COMPLETED
ORD-0123020,R-0301,2026-01-03,37.76,web,delivery,completed
ORD-0123021,R-0301,2026-01-31,23.57,app,pickup,REFUNDED
ORD-0123022,R-0301,2026-01-09,40.95,app,pickup,completed
ORD-0123023,R-0301,2026-01-31,17.15,web,pickup,completed
ORD-0123024,R-0301,2026-01-10,26.74,app,delivery,completed
ORD-0123025,R-0301,2026-01-24,13.81,web,pickup,Completed
ORD-0123026,R-0301,2026-01-29,21.41,web,pickup,completed
ORD-0123027,R-0301,2026-01-02,16.31,web,delivery,completed
ORD-0123028,R-0301,2026-01-15,20.45,app,pickup,completed
ORD-0123029,R-0301,2026-01-19,36.94,web,pickup,completed
ORD-0123030,R-0301,2026-01-03,26.63,web,delivery,completed
ORD-0123031,R-0301,2026-01-06,31.17,app,pickup,completed
ORD-0123498,R-0303,2026-01-27,20.79,web,delivery,completed
ORD-0123499,R-0303,2026-01-16,34.54,app,pickup,completed
ORD-0123500,R-0303,2026-01-26,32.39,app,pickup,COMPLETED
ORD-0123501,R-0303,2026-01-03,39.45,app,delivery,completed
ORD-0123502,R-0303,2026-01-21,41.09,app,delivery,completed
ORD-0123503,R-0303,2026-01-09,39.86,app,pickup,completed
ORD-0123504,R-0303,2026-01-18,49.98,web,delivery,completed
ORD-0123505,R-0303,2026-01-08,20.16,app,delivery,completed
ORD-0124285,R-0305,2026-01-02,40.80,app,delivery,Completed
ORD-0124286,R-0305,2026-01-10,55.57,web,delivery,completed
ORD-0124287,R-0305,2026-01-02,35.19,app,delivery,completed
ORD-0124288,R-0305,2026-01-31,48.96,app,delivery,completed
ORD-0124289,R-0305,2026-01-28,71.77,app,delivery,completed
ORD-0124290,R-0305,2026-01-15,26.47,app,delivery,completed
ORD-0124291,R-0305,2026-01-29,67.44,web,delivery,completed
ORD-0124292,R-0305,2026-01-28,37.82,web,pickup,Completed
ORD-0124293,R-0305,2026-01-09,44.06,app,delivery,Completed
ORD-0124294,R-0305,2026-01-30,81.30,app,delivery,completed
ORD-0124295,R-0305,2026-01-25,44.27,app,pickup,completed
ORD-0124296,R-0305,2026-01-23,51.80,app,delivery,completed
ORD-0124297,R-0305,2026-01-24,96.49,web,delivery,completed
ORD-0124298,R-0305,2026-01-02,77.42,web,delivery,COMPLETED
ORD-0124299,R-0305,2026-01-24,38.84,web,delivery,cancelled
ORD-0124300,R-0305,2026-01-08,57.11,web,delivery,completed
ORD-0124301,R-0305,2026-01-12,49.31,app,delivery,completed
ORD-0124302,R-0305,2026-01-04,71.50,web,delivery,completed
ORD-0124303,R-0305,2026-01-10,84.66,web,delivery,COMPLETED
ORD-0124304,R-0305,2026-01-12,69.14,web,delivery,COMPLETED
ORD-0124305,R-0305,2026-01-29,64.65,web,delivery,Completed
ORD-0124306,R-0305,2026-01-27,40.61,web,delivery,completed
ORD-0124307,R-0305,2026-01-03,95.88,app,pickup,completed
ORD-0124308,R-0305,2026-01-01,36.58,web,delivery,COMPLETED
ORD-0124309,R-0305,2026-01-02,75.75,web,delivery,completed
ORD-0124310,R-0305,2026-01-20,66.83,app,delivery,completed
ORD-0124311,R-0305,2026-01-31,66.39,web,delivery,completed
ORD-0124312,R-0305,2026-01-17,33.25,web,delivery,completed
ORD-0124313,R-0305,2026-01-09,61.70,web,delivery,Completed
ORD-0124314,R-0305,2026-01-12,41.31,web,delivery,completed
ORD-0124315,R-0305,2026-01-20,84.51,app,delivery,completed
ORD-0124316,R-0305,2026-01-02,36.92,web,delivery,completed
ORD-0124317,R-0305,2026-01-15,34.80,app,delivery,completed
ORD-0124318,R-0305,2026-01-29,49.00,web,delivery,completed
ORD-0124319,R-0305,2026-01-11,60.01,web,delivery,completed
ORD-0124320,R-0305,2026-01-25,85.20,web,delivery,completed
ORD-0124321,R-0305,2026-01-10,68.38,app,delivery,completed
ORD-0124322,R-0305,2026-01-16,33.91,web,delivery,Completed
ORD-0124323,R-0305,2026-01-18,48.40,web,delivery,completed
ORD-0124324,R-0305,2026-01-08,38.16,web,delivery,completed
ORD-0124325,R-0305,2026-01-20,53.06,web,pickup,COMPLETED
ORD-0124326,R-0305,2026-01-06,70.02,web,delivery,completed
ORD-0125279,R-0309,2026-01-10,56.89,app,delivery,completed
ORD-0125280,R-0309,2026-01-02,42.22,app,pickup,completed
ORD-0125281,R-0309,2026-01-17,49.70,app,pickup,completed
ORD-0125282,R-0309,2026-01-11,18.61,app,pickup,completed
ORD-0125283,R-0309,2026-01-22,36.55,web,pickup,completed
ORD-0125284,R-0309,2026-01-06,47.37,app,pickup,completed
ORD-0125285,R-0309,2026-01-31,41.28,web,delivery,completed
ORD-0125286,R-0309,2026-01-23,47.83,app,pickup,completed
ORD-0125287,R-0309,2026-01-12,39.28,web,delivery,completed
ORD-0125288,R-0309,2026-01-20,27.91,web,pickup,completed
ORD-0125289,R-0309,2026-01-09,24.82,web,pickup,completed
ORD-0125290,R-0309,2026-01-17,44.90,app,pickup,completed
ORD-0125291,R-0309,2026-01-02,54.67,app,delivery,Completed
ORD-0125292,R-0309,2026-01-23,29.75,app,pickup,completed
ORD-0125293,R-0309,2026-01-30,35.01,app,pickup,completed
ORD-0125294,R-0309,2026-01-10,21.62,web,pickup,completed
ORD-0125295,R-0309,2026-01-02,47.35,web,delivery,completed
ORD-0125296,R-0309,2026-01-09,72.83,web,pickup,completed
ORD-0125297,R-0309,2026-01-08,33.60,app,pickup,completed
ORD-0125298,R-0309,2026-01-19,49.04,web,pickup,completed
ORD-0125299,R-0309,2026-01-11,41.03,app,delivery,completed
ORD-0125300,R-0309,2026-01-09,46.52,web,pickup,COMPLETED
ORD-0125301,R-0309,2026-01-11,29.76,app,delivery,completed
ORD-0125302,R-0309,2026-01-10,53.68,app,delivery,completed
ORD-0125303,R-0309,2026-01-11,23.40,app,pickup,completed
ORD-0125304,R-0309,2026-01-25,40.05,web,pickup,completed
ORD-0125305,R-0309,2026-01-28,44.05,app,pickup,completed
ORD-0125306,R-0309,2026-01-13,44.00,app,pickup,completed
ORD-0125307,R-0309,2026-01-31,34.45,app,pickup,completed
ORD-0125308,R-0309,2026-01-05,41.65,app,delivery,completed
ORD-0125309,R-0309,2026-01-10,34.95,web,delivery,completed
ORD-0125310,R-0309,2026-01-25,28.46,web,pickup,completed
ORD-0125311,R-0309,2026-01-19,58.45,web,pickup,completed
ORD-0125312,R-0309,2026-01-22,45.39,web,delivery,completed
ORD-0125313,R-0309,2026-01-23,19.68,app,delivery,completed
ORD-0125314,R-0309,2026-01-18,56.30,app,pickup,completed
ORD-0125315,R-0309,2026-01-30,34.55,app,pickup,completed
ORD-0125316,R-0309,2026-01-10,34.94,app,delivery,completed
ORD-0125317,R-0309,2026-01-07,47.78,app,pickup,completed
ORD-0125318,R-0309,2026-01-02,53.12,app,pickup,completed
ORD-0125319,R-0309,2026-01-25,44.10,web,delivery,completed
ORD-0125320,R-0309,2026-01-11,43.17,web,pickup,COMPLETED
ORD-0125321,R-0309,2026-01-31,40.45,app,delivery,completed
ORD-0125322,R-0309,2026-01-28,54.03,web,pickup,completed
ORD-0125323,R-0309,2026-01-06,27.15,web,delivery,completed
ORD-0125324,R-0309,2026-01-21,32.35,web,delivery,completed
ORD-0125325,R-0309,2026-01-09,55.71,web,pickup,COMPLETED
ORD-0125326,R-0309,2026-01-25,41.36,app,pickup,completed
ORD-0125327,R-0309,2026-01-30,31.74,web,pickup,COMPLETED
ORD-0125328,R-0309,2026-01-10,34.56,app,pickup,completed
ORD-0125329,R-0309,2026-01-27,48.28,app,delivery,completed
ORD-0125330,R-0309,2026-01-08,48.00,web,delivery,completed
ORD-0125331,R-0309,2026-01-04,35.59,web,pickup,completed
ORD-0125332,R-0309,2026-01-23,35.20,web,pickup,completed
ORD-0125333,R-0309,2026-01-24,33.37,web,pickup,completed
ORD-0125334,R-0309,2026-01-15,30.93,web,pickup,completed
ORD-0125335,R-0309,2026-01-02,54.28,app,delivery,completed
ORD-0125336,R-0309,2026-01-09,49.49,web,pickup,Completed
ORD-0125337,R-0309,2026-01-09,48.94,app,delivery,completed
ORD-0125879,R-0311,2026-01-22,38.51,app,delivery,completed
ORD-0125880,R-0311,2026-01-30,59.68,web,delivery,refunded
ORD-0125881,R-0311,2026-01-01,20.78,app,delivery,completed
ORD-0125882,R-0311,2026-01-14,31.46,web,delivery,completed
ORD-0125883,R-0311,2026-01-11,20.20,app,delivery,completed
ORD-0125884,R-0311,2026-01-17,39.31,app,pickup,completed
ORD-0125885,R-0311,2026-01-11,48.19,app,pickup,completed
ORD-0125886,R-0311,2026-01-26,13.84,web,pickup,completed
ORD-0125887,R-0311,2026-01-09,55.43,web,delivery,completed
ORD-0125888,R-0311,2026-01-04,37.85,web,pickup,completed
ORD-0125889,R-0311,2026-01-15,22.42,web,pickup,Completed
ORD-0125890,R-0311,2026-01-18,34.46,app,pickup,completed
ORD-0125891,R-0311,2026-01-18,31.83,web,delivery,completed
ORD-0125892,R-0311,2026-01-13,33.24,web,delivery,completed
ORD-0125893,R-0311,2026-01-20,37.63,web,delivery,completed
ORD-0125894,R-0311,2026-01-07,20.95,web,delivery,completed
ORD-0125895,R-0311,2026-01-10,41.38,app,delivery,completed
ORD-0125896,R-0311,2026-01-30,32.03,web,delivery,completed
ORD-0125897,R-0311,2026-01-04,14.89,app,delivery,completed
ORD-0125898,R-0311,2026-01-09,16.17,app,pickup,completed
ORD-0125899,R-0311,2026-01-17,46.35,app,pickup,Completed
ORD-0125900,R-0311,2026-01-30,76.73,app,pickup,completed
ORD-0125901,R-0311,2026-01-26,12.22,web,pickup,completed
ORD-0125902,R-0311,2026-01-10,27.86,app,pickup,completed
ORD-0125903,R-0311,2026-01-13,55.82,web,delivery,completed
ORD-0125904,R-0311,2026-01-22,21.31,app,delivery,completed
ORD-0125905,R-0311,2026-01-24,36.79,web,pickup,completed
ORD-0125906,R-0311,2026-01-24,11.00,app,delivery,completed
ORD-0125907,R-0311,2026-01-20,21.12,web,pickup,COMPLETED
ORD-0125908,R-0311,2026-01-02,44.25,app,pickup,completed
ORD-0125909,R-0311,2026-01-25,16.91,web,delivery,completed
ORD-0125910,R-0311,2026-01-15,27.43,web,pickup,completed
ORD-0125911,R-0311,2026-01-01,19.62,web,delivery,completed
ORD-0125912,R-0311,2026-01-23,22.41,web,pickup,completed
ORD-0125913,R-0311,2026-01-20,24.15,app,pickup,completed
ORD-0125914,R-0311,2026-01-16,25.82,app,pickup,completed
ORD-0125915,R-0311,2026-01-21,23.35,app,pickup,completed
ORD-0125916,R-0311,2026-01-18,19.45,app,delivery,completed
ORD-0125917,R-0311,2026-01-19,30.19,app,delivery,completed
ORD-0125918,R-0311,2026-01-01,19.97,web,pickup,completed
ORD-0125919,R-0311,2026-01-22,12.55,app,delivery,Completed
ORD-0125920,R-0311,2026-01-15,13.19,web,delivery,completed
ORD-0125921,R-0311,2026-01-30,25.71,app,pickup,Completed
ORD-0125922,R-0311,2026-01-24,30.08,app,pickup,completed
ORD-0125923,R-0311,2026-01-07,18.63,app,pickup,completed
ORD-0125924,R-0311,2026-01-28,74.48,app,pickup,completed
ORD-0125925,R-0311,2026-01-13,22.53,web,pickup,Completed
ORD-0125926,R-0311,2026-01-05,16.14,app,delivery,completed
ORD-0125927,R-0311,2026-01-07,31.23,app,delivery,completed
ORD-0125928,R-0311,2026-01-27,23.77,app,pickup,completed
ORD-0125929,R-0311,2026-01-16,25.93,app,delivery,completed
ORD-0125930,R-0311,2026-01-02,22.15,app,delivery,completed
ORD-0125931,R-0311,2026-01-27,36.19,web,pickup,cancelled
ORD-0125932,R-0311,2026-01-31,29.12,app,pickup,completed
ORD-0125933,R-0311,2026-01-26,29.09,app,delivery,completed
ORD-0125934,R-0311,2026-01-22,40.97,app,delivery,cancelled
ORD-0125935,R-0311,2026-01-04,18.73,web,pickup,completed
ORD-0125936,R-0311,2026-01-30,11.00,web,pickup,completed
ORD-0125937,R-0311,2026-01-30,28.55,app,delivery,cancelled
ORD-0125938,R-0311,2026-01-15,28.48,app,pickup,Completed
ORD-0125939,R-0311,2026-01-24,42.14,web,pickup,completed
ORD-0125940,R-0311,2026-01-19,21.68,web,delivery,COMPLETED
ORD-0125941,R-0311,2026-01-19,36.23,web,delivery,COMPLETED
ORD-0125942,R-0311,2026-01-18,22.38,web,delivery,completed
ORD-0125943,R-0311,2026-01-17,16.22,app,delivery,completed
ORD-0125944,R-0311,2026-01-18,24.63,web,delivery,completed
ORD-0125945,R-0311,2026-01-15,23.06,web,pickup,completed
ORD-0125946,R-0311,2026-01-24,41.56,web,pickup,completed
ORD-0125947,R-0311,2026-01-02,14.27,app,pickup,completed
ORD-0125948,R-0311,2026-01-01,29.83,app,pickup,completed
ORD-0125949,R-0311,2026-01-06,32.40,app,delivery,completed
ORD-0125950,R-0311,2026-01-27,16.69,app,delivery,completed
ORD-0125951,R-0311,2026-01-16,16.43,web,pickup,completed
ORD-0125952,R-0311,2026-01-28,39.58,app,delivery,COMPLETED
ORD-0125953,R-0311,2026-01-29,25.83,app,delivery,Completed
ORD-0125954,R-0311,2026-01-18,15.01,app,pickup,Completed
ORD-0125955,R-0311,2026-01-22,11.45,app,delivery,completed
ORD-0125956,R-0311,2026-01-16,23.84,web,delivery,completed
ORD-0125957,R-0311,2026-01-11,23.55,web,delivery,completed
ORD-0125958,R-0311,2026-01-26,17.02,app,pickup,completed
ORD-0125959,R-0311,2026-01-25,39.45,app,delivery,completed
ORD-0125960,R-0311,2026-01-24,30.91,web,pickup,completed
ORD-0125961,R-0311,2026-01-07,25.91,web,delivery,completed
ORD-0125962,R-0311,2026-01-23,59.36,app,delivery,COMPLETED
ORD-0125963,R-0311,2026-01-31,27.38,app,delivery,completed
ORD-0125964,R-0311,2026-01-04,21.97,web,delivery,completed
ORD-0125965,R-0311,2026-01-08,17.67,web,pickup,completed
ORD-0125966,R-0311,2026-01-16,29.15,app,delivery,completed
ORD-0125967,R-0311,2026-01-04,36.19,web,pickup,completed
ORD-0125968,R-0311,2026-01-23,33.64,app,delivery,completed
ORD-0125969,R-0311,2026-01-31,25.84,app,delivery,completed
ORD-0125970,R-0311,2026-01-22,46.15,web,pickup,completed
ORD-0125971,R-0311,2026-01-24,33.26,web,delivery,completed
ORD-0126858,R-0312,2026-01-03,26.70,app,delivery,completed
ORD-0126859,R-0312,2026-01-01,49.80,app,pickup,cancelled
ORD-0126860,R-0312,2026-01-09,33.07,web,delivery,refunded
ORD-0126861,R-0312,2026-01-25,29.27,app,delivery,completed
ORD-0126862,R-0312,2026-01-22,44.50,app,delivery,completed
ORD-0126863,R-0312,2026-01-15,37.40,app,delivery,completed
ORD-0126864,R-0312,2026-01-08,25.52,app,delivery,completed
ORD-0126865,R-0312,2026-01-12,25.77,app,pickup,completed
ORD-0126866,R-0312,2026-01-22,23.74,app,pickup,completed
ORD-0126867,R-0312,2026-01-05,26.73,app,pickup,COMPLETED
ORD-0126868,R-0312,2026-01-26,22.76,web,pickup,completed
ORD-0126869,R-0312,2026-01-16,28.21,app,delivery,COMPLETED
ORD-0126870,R-0312,2026-01-16,29.39,app,delivery,completed
ORD-0126871,R-0312,2026-01-16,49.03,web,delivery,completed
ORD-0126872,R-0312,2026-01-08,13.16,app,delivery,completed
ORD-0126873,R-0312,2026-01-14,18.18,app,pickup,completed
ORD-0126874,R-0312,2026-01-20,40.01,web,pickup,cancelled
ORD-0126875,R-0312,2026-01-09,30.81,web,pickup,completed
ORD-0126876,R-0312,2026-01-16,30.73,app,delivery,Completed
ORD-0126877,R-0312,2026-01-15,25.99,app,pickup,completed
ORD-0127205,R-0314,2026-01-13,81.35,app,delivery,completed
ORD-0127206,R-0314,2026-01-21,52.05,web,delivery,completed
ORD-0127207,R-0314,2026-01-18,72.48,web,delivery,completed
ORD-0127208,R-0314,2026-01-12,44.25,app,delivery,completed
ORD-0127209,R-0314,2026-01-19,59.66,app,delivery,completed
ORD-0127210,R-0314,2026-01-12,88.58,web,delivery,cancelled
ORD-0127211,R-0314,2026-01-28,66.99,app,delivery,completed
ORD-0127212,R-0314,2026-01-29,41.27,web,delivery,COMPLETED
ORD-0127213,R-0314,2026-01-31,73.00,app,delivery,Completed
ORD-0127214,R-0314,2026-01-18,39.91,app,delivery,completed
ORD-0127215,R-0314,2026-01-08,49.24,app,delivery,completed
ORD-0127216,R-0314,2026-01-23,51.56,app,delivery,completed
ORD-0127217,R-0314,2026-01-10,54.85,app,pickup,completed
ORD-0127218,R-0314,2026-01-22,59.38,web,delivery,completed
ORD-0127219,R-0314,2026-01-24,64.82,app,delivery,COMPLETED
ORD-0127220,R-0314,2026-01-13,58.90,web,delivery,completed
ORD-0127221,R-0314,2026-01-13,73.03,app,delivery,completed
ORD-0127222,R-0314,2026-01-16,52.33,web,pickup,completed
ORD-0127223,R-0314,2026-01-14,83.04,web,delivery,completed
ORD-0127224,R-0314,2026-01-18,72.17,app,delivery,completed
ORD-0127225,R-0314,2026-01-11,56.79,web,delivery,completed
ORD-0127226,R-0314,2026-01-15,31.00,app,pickup,completed
ORD-0127227,R-0314,2026-01-16,70.83,app,delivery,completed
ORD-0127228,R-0314,2026-01-25,51.36,web,pickup,completed
ORD-0127229,R-0314,2026-01-29,105.37,app,delivery,completed
ORD-0127230,R-0314,2026-01-14,56.63,app,delivery,completed
ORD-0127231,R-0314,2026-01-26,75.52,app,pickup,completed
ORD-0127232,R-0314,2026-01-09,38.66,app,delivery,COMPLETED
ORD-0127233,R-0314,2026-01-29,44.54,app,pickup,completed
ORD-0127234,R-0314,2026-01-18,39.92,app,delivery,completed
ORD-0127235,R-0314,2026-01-10,46.02,app,delivery,Completed
ORD-0127236,R-0314,2026-01-15,64.97,web,delivery,completed
ORD-0127237,R-0314,2026-01-22,40.12,app,pickup,completed
ORD-0127238,R-0314,2026-01-16,43.92,app,delivery,completed
ORD-0127239,R-0314,2026-01-24,60.30,web,delivery,completed
ORD-0127240,R-0314,2026-01-09,79.68,app,delivery,completed
ORD-0127241,R-0314,2026-01-16,74.12,web,delivery,completed
ORD-0127242,R-0314,2026-01-25,44.01,web,delivery,completed
ORD-0127243,R-0314,2026-01-31,72.78,web,delivery,COMPLETED
ORD-0127244,R-0314,2026-01-31,57.68,web,delivery,COMPLETED
ORD-0127245,R-0314,2026-01-14,43.19,web,delivery,completed
ORD-0127246,R-0314,2026-01-11,25.71,app,delivery,completed
ORD-0127247,R-0314,2026-01-26,72.09,app,delivery,completed
ORD-0127248,R-0314,2026-01-11,32.03,app,delivery,COMPLETED
ORD-0127249,R-0314,2026-01-23,39.10,app,pickup,completed
ORD-0127250,R-0314,2026-01-17,54.05,app,delivery,COMPLETED
ORD-0127251,R-0314,2026-01-15,67.88,web,delivery,completed
ORD-0127252,R-0314,2026-01-11,86.11,app,delivery,completed
ORD-0127253,R-0314,2026-01-30,92.63,app,delivery,completed
ORD-0127254,R-0314,2026-01-15,70.24,app,delivery,COMPLETED
ORD-0127255,R-0314,2026-01-19,50.86,app,delivery,completed
ORD-0127256,R-0314,2026-01-16,52.48,app,delivery,completed
ORD-0127257,R-0314,2026-01-05,62.84,app,delivery,completed
ORD-0127258,R-0314,2026-01-11,52.24,app,pickup,completed
ORD-0127259,R-0314,2026-01-10,54.77,app,delivery,completed
ORD-0127260,R-0314,2026-01-19,67.41,app,delivery,completed
ORD-0127261,R-0314,2026-01-22,34.43,app,delivery,completed
ORD-0127262,R-0314,2026-01-07,46.24,app,pickup,completed
ORD-0127263,R-0314,2026-01-16,55.72,app,delivery,completed
ORD-0127264,R-0314,2026-01-24,65.89,app,pickup,completed
ORD-0129541,R-0321,2026-01-16,24.09,app,delivery,completed
ORD-0129542,R-0321,2026-01-10,41.04,web,pickup,completed
ORD-0129543,R-0321,2026-01-11,38.48,app,pickup,completed
ORD-0129544,R-0321,2026-01-24,33.99,web,pickup,completed
ORD-0129545,R-0321,2026-01-23,27.74,app,pickup,completed
ORD-0129546,R-0321,2026-01-11,21.55,web,delivery,cancelled
ORD-0129547,R-0321,2026-01-26,12.80,app,pickup,completed
ORD-0129548,R-0321,2026-01-10,27.60,web,pickup,completed
ORD-0129549,R-0321,2026-01-28,43.72,app,pickup,completed
ORD-0129550,R-0321,2026-01-02,24.26,app,delivery,completed
ORD-0129551,R-0321,2026-01-10,41.16,app,delivery,completed
ORD-0129552,R-0321,2026-01-23,22.77,app,pickup,completed
ORD-0129553,R-0321,2026-01-03,18.40,app,pickup,completed
ORD-0129554,R-0321,2026-01-15,22.40,app,delivery,completed
ORD-0129555,R-0321,2026-01-08,23.62,app,pickup,completed
ORD-0129556,R-0321,2026-01-18,24.18,app,pickup,completed
ORD-0129557,R-0321,2026-01-20,24.41,web,pickup,completed
ORD-0129558,R-0321,2026-01-31,22.44,app,pickup,COMPLETED
ORD-0129559,R-0321,2026-01-22,12.91,app,pickup,completed
ORD-0129560,R-0321,2026-01-16,19.94,app,delivery,completed
ORD-0129561,R-0321,2026-01-03,11.98,app,pickup,Completed
ORD-0129562,R-0321,2026-01-27,30.32,web,pickup,completed
ORD-0129563,R-0321,2026-01-22,57.05,app,pickup,COMPLETED
ORD-0129564,R-0321,2026-01-07,25.98,web,pickup,completed
ORD-0129565,R-0321,2026-01-22,10.15,web,pickup,completed
ORD-0129566,R-0321,2026-01-08,43.50,app,delivery,completed
ORD-0129567,R-0321,2026-01-25,38.14,app,pickup,completed
ORD-0130892,R-0323,2026-01-14,23.75,web,delivery,completed
ORD-0130893,R-0323,2026-01-02,25.42,app,delivery,completed
ORD-0130894,R-0323,2026-01-09,27.41,web,delivery,completed
ORD-0130895,R-0323,2026-01-28,42.76,app,delivery,completed
ORD-0130896,R-0323,2026-01-07,15.68,app,pickup,completed
ORD-0130897,R-0323,2026-01-05,18.46,web,delivery,completed
ORD-0130898,R-0323,2026-01-04,19.37,app,delivery,completed
ORD-0130899,R-0323,2026-01-04,22.70,app,delivery,completed
ORD-0130900,R-0323,2026-01-12,21.61,web,delivery,completed
ORD-0130901,R-0323,2026-01-16,38.36,app,delivery,completed
ORD-0130902,R-0323,2026-01-29,13.00,web,pickup,completed
ORD-0130903,R-0323,2026-01-24,23.13,app,delivery,completed
ORD-0130904,R-0323,2026-01-01,21.95,app,delivery,completed
ORD-0130905,R-0323,2026-01-23,41.66,app,delivery,completed
ORD-0130906,R-0323,2026-01-23,20.96,web,delivery,completed
ORD-0130907,R-0323,2026-01-24,34.59,web,pickup,Completed
ORD-0130908,R-0323,2026-01-22,16.89,app,pickup,Completed
ORD-0130909,R-0323,2026-01-24,25.61,app,delivery,completed
ORD-0130910,R-0323,2026-01-11,47.30,web,delivery,Completed
ORD-0130911,R-0323,2026-01-10,15.62,web,delivery,completed
ORD-0130912,R-0323,2026-01-30,26.20,web,delivery,completed
ORD-0130913,R-0323,2026-01-15,31.39,web,pickup,completed
ORD-0130914,R-0323,2026-01-11,16.97,app,pickup,completed
ORD-0130915,R-0323,2026-01-21,24.25,web,delivery,completed
ORD-0130916,R-0323,2026-01-02,31.80,web,delivery,completed
ORD-0130917,R-0323,2026-01-02,26.17,app,delivery,completed
ORD-0130918,R-0323,2026-01-25,54.73,app,pickup,completed
ORD-0130919,R-0323,2026-01-12,16.27,app,delivery,completed
ORD-0130920,R-0323,2026-01-01,36.50,app,delivery,COMPLETED
ORD-0130921,R-0323,2026-01-17,20.83,app,delivery,completed
ORD-0130922,R-0323,2026-01-06,21.16,web,pickup,completed
ORD-0130923,R-0323,2026-01-30,9.68,web,delivery,COMPLETED
ORD-0130924,R-0323,2026-01-14,36.46,web,delivery,completed
ORD-0130925,R-0323,2026-01-28,13.85,web,delivery,completed
ORD-0130926,R-0323,2026-01-21,8.82,web,delivery,completed
ORD-0130927,R-0323,2026-01-29,13.92,app,pickup,completed
ORD-0130928,R-0323,2026-01-30,21.96,web,delivery,completed
ORD-0130929,R-0323,2026-01-04,44.08,app,delivery,completed
ORD-0130930,R-0323,2026-01-02,25.99,app,delivery,completed
ORD-0130931,R-0323,2026-01-04,59.93,web,delivery,completed
ORD-0130932,R-0323,2026-01-05,19.41,app,delivery,cancelled
ORD-0130933,R-0323,2026-01-01,58.07,app,delivery,completed
ORD-0130934,R-0323,2026-01-24,41.65,web,delivery,completed
ORD-0130935,R-0323,2026-01-10,30.21,app,delivery,completed
ORD-0130936,R-0323,2026-01-26,32.12,web,delivery,COMPLETED
ORD-0130937,R-0323,2026-01-09,18.32,web,delivery,COMPLETED
ORD-0130938,R-0323,2026-01-16,21.20,web,delivery,completed
ORD-0130939,R-0323,2026-01-09,28.14,app,delivery,completed
ORD-0130940,R-0323,2026-01-03,31.29,app,delivery,completed
ORD-0130941,R-0323,2026-01-24,20.77,web,pickup,completed
ORD-0130942,R-0323,2026-01-08,17.70,web,delivery,completed
ORD-0130943,R-0323,2026-01-09,35.83,app,delivery,COMPLETED
ORD-0130944,R-0323,2026-01-04,44.45,app,delivery,completed
ORD-0130945,R-0323,2026-01-13,23.33,web,delivery,completed
ORD-0130946,R-0323,2026-01-21,25.67,app,delivery,completed
ORD-0130947,R-0323,2026-01-29,43.27,web,delivery,completed
ORD-0130948,R-0323,2026-01-18,30.03,web,pickup,completed
ORD-0130949,R-0323,2026-01-03,31.36,web,delivery,completed
ORD-0130950,R-0323,2026-01-14,70.23,web,delivery,completed
ORD-0130951,R-0323,2026-01-31,28.93,app,delivery,COMPLETED
ORD-0130952,R-0323,2026-01-22,29.76,app,delivery,completed
ORD-0130953,R-0323,2026-01-13,10.31,app,pickup,completed
ORD-0130954,R-0323,2026-01-17,38.76,web,delivery,completed
ORD-0130955,R-0323,2026-01-12,47.86,app,pickup,completed
ORD-0130956,R-0323,2026-01-29,37.57,web,pickup,completed
ORD-0130957,R-0323,2026-01-17,25.68,web,pickup,COMPLETED
ORD-0130958,R-0323,2026-01-02,21.30,app,delivery,completed
ORD-0130959,R-0323,2026-01-22,18.53,web,delivery,completed
ORD-0130960,R-0323,2026-01-31,41.00,app,delivery,completed
ORD-0130961,R-0323,2026-01-17,64.76,app,delivery,completed
ORD-0130962,R-0323,2026-01-17,25.35,web,delivery,completed
ORD-0130963,R-0323,2026-01-03,30.45,app,pickup,completed
ORD-0130964,R-0323,2026-01-16,19.99,web,delivery,Completed
ORD-0130965,R-0323,2026-01-16,30.90,app,delivery,completed
ORD-0130966,R-0323,2026-01-04,53.60,app,delivery,completed
ORD-0130967,R-0323,2026-01-13,30.38,web,delivery,completed
ORD-0130968,R-0323,2026-01-21,30.17,app,pickup,completed
ORD-0130969,R-0323,2026-01-03,31.31,app,delivery,completed
ORD-0130970,R-0323,2026-01-22,25.81,app,delivery,completed
ORD-0130971,R-0323,2026-01-19,31.34,app,delivery,completed
ORD-0130972,R-0323,2026-01-16,55.75,web,pickup,completed
ORD-0130973,R-0323,2026-01-17,73.18,web,delivery,completed
ORD-0130974,R-0323,2026-01-03,21.11,web,delivery,completed
ORD-0130975,R-0323,2026-01-23,21.09,app,delivery,completed
ORD-0130976,R-0323,2026-01-03,26.83,web,delivery,completed
ORD-0130977,R-0323,2026-01-07,51.14,web,pickup,completed
ORD-0130978,R-0323,2026-01-30,17.30,web,pickup,completed
ORD-0130979,R-0323,2026-01-17,20.32,app,delivery,completed
ORD-0130980,R-0323,2026-01-22,28.70,web,pickup,completed
ORD-0130981,R-0323,2026-01-09,24.25,web,delivery,completed
ORD-0130982,R-0323,2026-01-21,31.38,web,delivery,Completed
ORD-0130983,R-0323,2026-01-11,49.55,web,pickup,completed
ORD-0130984,R-0323,2026-01-10,32.19,app,delivery,completed
ORD-0130985,R-0323,2026-01-21,21.30,web,delivery,completed
ORD-0130986,R-0323,2026-01-16,33.77,app,delivery,completed
ORD-0130987,R-0323,2026-01-27,39.52,app,delivery,completed
ORD-0130988,R-0323,2026-01-01,26.32,app,delivery,completed
ORD-0130989,R-0323,2026-01-20,26.58,app,delivery,completed
ORD-0130990,R-0323,2026-01-15,30.08,web,delivery,completed
ORD-0130991,R-0323,2026-01-03,32.18,app,delivery,completed
ORD-0130992,R-0323,2026-01-16,19.61,app,delivery,completed
ORD-0130993,R-0323,2026-01-06,31.32,app,pickup,completed
ORD-0130994,R-0323,2026-01-15,39.34,web,delivery,Completed
ORD-0130995,R-0323,2026-01-16,45.13,app,delivery,completed
ORD-0130996,R-0323,2026-01-10,28.63,web,delivery,completed
ORD-0130997,R-0323,2026-01-29,26.21,app,delivery,completed
ORD-0130998,R-0323,2026-01-31,37.15,web,delivery,completed
ORD-0130999,R-0323,2026-01-03,34.45,app,delivery,completed
ORD-0131000,R-0323,2026-01-10,35.07,app,delivery,COMPLETED
ORD-0131001,R-0323,2026-01-16,20.39,web,pickup,completed
ORD-0131002,R-0323,2026-01-21,42.11,web,delivery,cancelled
ORD-0131003,R-0323,2026-01-28,22.73,app,delivery,completed
ORD-0131004,R-0323,2026-01-23,31.16,web,delivery,completed
ORD-0131005,R-0323,2026-01-08,40.19,app,delivery,completed
ORD-0131006,R-0323,2026-01-09,27.77,web,delivery,completed
ORD-0131007,R-0323,2026-01-09,50.83,app,pickup,completed
ORD-0131008,R-0323,2026-01-16,12.41,web,delivery,completed
ORD-0131009,R-0323,2026-01-04,20.27,web,pickup,completed
ORD-0131010,R-0323,2026-01-27,17.25,web,delivery,completed
ORD-0131011,R-0323,2026-01-24,20.62,app,delivery,completed
ORD-0131012,R-0323,2026-01-14,21.60,web,delivery,COMPLETED
ORD-0131013,R-0323,2026-01-28,16.34,app,delivery,completed
ORD-0131014,R-0323,2026-01-21,11.60,web,delivery,completed
ORD-0131015,R-0323,2026-01-13,27.45,web,delivery,COMPLETED
ORD-0131016,R-0323,2026-01-05,31.83,web,delivery,completed
ORD-0131017,R-0323,2026-01-02,21.88,app,delivery,completed
ORD-0131018,R-0323,2026-01-31,46.23,app,delivery,completed
ORD-0131019,R-0323,2026-01-12,23.33,app,pickup,completed
ORD-0131020,R-0323,2026-01-10,26.71,web,delivery,completed
ORD-0131021,R-0323,2026-01-08,15.90,app,pickup,Completed
ORD-0131022,R-0323,2026-01-23,35.14,web,delivery,COMPLETED
ORD-0131023,R-0323,2026-01-04,26.24,web,delivery,REFUNDED
ORD-0131024,R-0323,2026-01-11,32.17,app,delivery,completed
ORD-0131025,R-0323,2026-01-23,39.89,app,delivery,completed
ORD-0131026,R-0323,2026-01-17,35.95,app,delivery,completed
ORD-0131027,R-0323,2026-01-26,32.99,web,delivery,completed
ORD-0131028,R-0323,2026-01-31,22.75,app,delivery,completed
ORD-0131029,R-0323,2026-01-13,31.30,app,delivery,completed
ORD-0131030,R-0323,2026-01-23,30.83,app,delivery,completed
ORD-0131031,R-0323,2026-01-13,30.85,web,delivery,COMPLETED
ORD-0131032,R-0323,2026-01-02,32.79,app,delivery,completed
ORD-0131033,R-0323,2026-01-30,33.76,web,delivery,completed
ORD-0131034,R-0323,2026-01-20,44.15,app,delivery,completed
ORD-0131035,R-0323,2026-01-27,16.02,app,delivery,completed
ORD-0131036,R-0323,2026-01-11,30.76,app,pickup,completed
ORD-0131037,R-0323,2026-01-25,43.42,web,delivery,completed
ORD-0131038,R-0323,2026-01-12,31.39,web,delivery,completed
ORD-0131039,R-0323,2026-01-02,25.59,app,pickup,completed
ORD-0131040,R-0323,2026-01-04,28.57,app,delivery,completed
ORD-0131041,R-0323,2026-01-22,14.39,app,pickup,Completed
ORD-0131042,R-0323,2026-01-05,24.64,web,pickup,completed
ORD-0131043,R-0323,2026-01-06,44.31,web,delivery,completed
ORD-0131044,R-0323,2026-01-21,16.87,app,delivery,completed
ORD-0131045,R-0323,2026-01-31,32.46,app,delivery,completed
ORD-0131046,R-0323,2026-01-10,20.86,app,delivery,completed
ORD-0131047,R-0323,2026-01-20,22.73,app,pickup,completed
ORD-0131048,R-0323,2026-01-24,23.67,web,delivery,completed
ORD-0131049,R-0323,2026-01-24,20.97,app,delivery,completed
ORD-0131050,R-0323,2026-01-10,25.90,web,delivery,completed
ORD-0131051,R-0323,2026-01-09,31.58,app,delivery,completed
ORD-0131052,R-0323,2026-01-04,19.70,web,delivery,Completed
ORD-0131053,R-0323,2026-01-12,28.95,web,delivery,completed
ORD-0131054,R-0323,2026-01-11,28.28,web,delivery,completed
ORD-0131055,R-0323,2026-01-09,35.17,app,pickup,Completed
ORD-0131056,R-0323,2026-01-26,15.40,app,delivery,completed
ORD-0131057,R-0323,2026-01-08,15.48,app,delivery,completed
ORD-0131058,R-0323,2026-01-21,55.79,app,delivery,Completed
ORD-0131059,R-0323,2026-01-02,22.07,app,delivery,completed
ORD-0131060,R-0323,2026-01-19,22.03,web,delivery,COMPLETED
ORD-0131061,R-0323,2026-01-24,22.56,app,delivery,refunded
ORD-0131062,R-0323,2026-01-06,39.97,app,delivery,completed
ORD-0131063,R-0323,2026-01-01,13.88,web,delivery,COMPLETED
ORD-0131064,R-0323,2026-01-13,21.08,app,delivery,completed
ORD-0131065,R-0323,2026-01-05,22.09,app,pickup,completed
ORD-0131066,R-0323,2026-01-31,29.61,web,delivery,completed
ORD-0131067,R-0323,2026-01-19,18.61,app,delivery,completed
ORD-0131068,R-0323,2026-01-30,43.57,web,pickup,cancelled
ORD-0131069,R-0323,2026-01-11,27.81,app,delivery,completed
ORD-0131070,R-0323,2026-01-17,30.04,app,pickup,completed
ORD-0131071,R-0323,2026-01-08,14.51,web,delivery,completed
ORD-0131072,R-0323,2026-01-15,24.35,web,delivery,Completed
ORD-0131073,R-0323,2026-01-28,18.06,app,delivery,COMPLETED
ORD-0131074,R-0323,2026-01-05,18.70,web,delivery,completed
ORD-0131075,R-0323,2026-01-05,9.14,app,delivery,completed
ORD-0131076,R-0323,2026-01-30,22.55,app,delivery,completed
ORD-0131077,R-0323,2026-01-09,12.43,web,delivery,completed
ORD-0131078,R-0323,2026-01-30,44.85,app,pickup,completed
ORD-0131079,R-0323,2026-01-30,32.74,app,pickup,completed
ORD-0131080,R-0323,2026-01-02,39.79,app,delivery,completed
ORD-0131081,R-0323,2026-01-04,16.01,web,delivery,completed
ORD-0131082,R-0323,2026-01-26,39.40,web,delivery,completed
ORD-0131083,R-0323,2026-01-31,42.60,web,delivery,completed
ORD-0131084,R-0323,2026-01-15,24.10,app,pickup,completed
ORD-0131085,R-0323,2026-01-30,30.76,web,delivery,completed
ORD-0131086,R-0323,2026-01-06,19.00,app,delivery,completed
ORD-0131087,R-0323,2026-01-20,21.01,web,pickup,completed
ORD-0131088,R-0323,2026-01-16,50.01,app,delivery,completed
ORD-0131089,R-0323,2026-01-01,20.42,app,delivery,completed
ORD-0131090,R-0323,2026-01-10,47.04,web,delivery,cancelled
ORD-0131091,R-0323,2026-01-03,21.63,web,delivery,completed
ORD-0131092,R-0323,2026-01-19,42.66,web,pickup,completed
ORD-0131093,R-0323,2026-01-15,31.48,app,pickup,completed
ORD-0131094,R-0323,2026-01-18,57.89,app,pickup,COMPLETED
ORD-0131095,R-0323,2026-01-02,31.86,app,pickup,completed
ORD-0131096,R-0323,2026-01-09,32.09,app,pickup,completed
ORD-0131097,R-0323,2026-01-24,10.77,web,delivery,Completed
ORD-0131098,R-0323,2026-01-10,16.30,web,delivery,completed
ORD-0131099,R-0323,2026-01-07,33.26,web,delivery,completed
ORD-0131100,R-0323,2026-01-29,38.37,app,pickup,completed
ORD-0131101,R-0323,2026-01-30,17.87,app,delivery,completed
ORD-0131102,R-0323,2026-01-27,18.58,app,delivery,completed
ORD-0131103,R-0323,2026-01-02,41.28,web,delivery,completed
ORD-0131104,R-0323,2026-01-01,25.91,app,delivery,completed
ORD-0131105,R-0323,2026-01-17,32.55,web,pickup,completed
ORD-0131106,R-0323,2026-01-08,17.91,web,pickup,completed
ORD-0131107,R-0323,2026-01-22,31.27,web,delivery,completed
ORD-0131108,R-0323,2026-01-21,11.05,app,delivery,completed
ORD-0131109,R-0323,2026-01-05,31.07,app,pickup,completed
ORD-0131110,R-0323,2026-01-30,27.39,app,delivery,completed
ORD-0133309,R-0328,2026-01-03,54.98,web,delivery,completed
ORD-0133310,R-0328,2026-01-20,32.92,web,delivery,completed
ORD-0133311,R-0328,2026-01-16,93.74,web,delivery,completed
ORD-0133312,R-0328,2026-01-30,28.92,web,delivery,completed
ORD-0133313,R-0328,2026-01-22,29.53,web,delivery,completed
ORD-0133314,R-0328,2026-01-30,80.57,web,pickup,completed
ORD-0133315,R-0328,2026-01-30,60.06,web,delivery,completed
ORD-0133316,R-0328,2026-01-22,47.78,app,delivery,completed
ORD-0133317,R-0328,2026-01-16,37.02,web,delivery,completed
ORD-0133318,R-0328,2026-01-10,28.62,web,delivery,Completed
ORD-0133319,R-0328,2026-01-02,61.09,web,delivery,completed
ORD-0133320,R-0328,2026-01-14,57.99,web,delivery,COMPLETED
ORD-0133321,R-0328,2026-01-16,71.44,web,delivery,completed
ORD-0133322,R-0328,2026-01-29,28.95,web,delivery,completed
ORD-0133323,R-0328,2026-01-23,68.42,app,delivery,completed
ORD-0133324,R-0328,2026-01-20,47.16,web,delivery,completed
ORD-0133325,R-0328,2026-01-10,61.12,app,delivery,completed
ORD-0133326,R-0328,2026-01-18,32.87,web,delivery,completed
ORD-0133327,R-0328,2026-01-15,57.74,app,delivery,COMPLETED
ORD-0133328,R-0328,2026-01-11,76.00,web,pickup,completed
ORD-0133329,R-0328,2026-01-05,47.85,app,delivery,completed
ORD-0133330,R-0328,2026-01-27,62.51,app,delivery,completed
ORD-0133331,R-0328,2026-01-24,45.46,web,delivery,completed
ORD-0133332,R-0328,2026-01-09,46.84,web,pickup,completed
ORD-0133333,R-0328,2026-01-16,47.23,web,delivery,completed
ORD-0133334,R-0328,2026-01-17,27.35,app,delivery,completed
ORD-0133335,R-0328,2026-01-28,31.99,web,delivery,completed
ORD-0133336,R-0328,2026-01-26,30.35,web,delivery,COMPLETED
ORD-0133337,R-0328,2026-01-09,61.82,app,delivery,completed
ORD-0133338,R-0328,2026-01-01,59.05,web,delivery,completed
ORD-0133339,R-0328,2026-01-01,59.38,app,delivery,completed
ORD-0133340,R-0328,2026-01-17,86.79,app,pickup,completed
ORD-0133341,R-0328,2026-01-30,97.40,web,delivery,completed
ORD-0133342,R-0328,2026-01-22,42.38,web,delivery,completed
ORD-0133343,R-0328,2026-01-09,60.66,app,delivery,completed
ORD-0133344,R-0328,2026-01-11,48.21,web,delivery,completed
ORD-0133345,R-0328,2026-01-21,44.53,web,delivery,completed
ORD-0133346,R-0328,2026-01-31,39.89,app,delivery,completed
ORD-0133347,R-0328,2026-01-17,93.64,app,delivery,completed
ORD-0133348,R-0328,2026-01-19,73.30,app,delivery,completed
ORD-0133349,R-0328,2026-01-16,40.80,app,delivery,Completed
ORD-0133350,R-0328,2026-01-25,58.81,web,delivery,completed
ORD-0133351,R-0328,2026-01-05,24.68,web,delivery,completed
ORD-0133352,R-0328,2026-01-04,42.02,web,delivery,COMPLETED
ORD-0133353,R-0328,2026-01-10,68.69,web,delivery,COMPLETED
ORD-0133354,R-0328,2026-01-25,52.88,app,delivery,completed
ORD-0133355,R-0328,2026-01-02,32.01,app,delivery,completed
ORD-0133356,R-0328,2026-01-10,52.12,web,delivery,completed
ORD-0133357,R-0328,2026-01-25,37.05,web,delivery,completed
ORD-0133358,R-0328,2026-01-23,50.63,app,delivery,completed
ORD-0133359,R-0328,2026-01-31,66.06,web,pickup,completed
ORD-0133360,R-0328,2026-01-30,126.50,web,delivery,completed
ORD-0133361,R-0328,2026-01-09,62.94,web,delivery,completed
ORD-0133362,R-0328,2026-01-01,21.26,web,delivery,completed
ORD-0133363,R-0328,2026-01-31,34.67,web,delivery,completed
ORD-0133364,R-0328,2026-01-09,73.81,web,delivery,completed
ORD-0133365,R-0328,2026-01-09,71.88,web,delivery,completed
ORD-0133366,R-0328,2026-01-24,60.11,web,delivery,completed
ORD-0133367,R-0328,2026-01-30,98.85,app,delivery,completed
ORD-0133368,R-0328,2026-01-18,55.28,app,delivery,completed
ORD-0133369,R-0328,2026-01-30,58.64,app,delivery,cancelled
ORD-0133370,R-0328,2026-01-31,54.81,web,delivery,completed
ORD-0133371,R-0328,2026-01-29,36.21,app,delivery,completed
ORD-0133372,R-0328,2026-01-30,49.99,app,delivery,completed
ORD-0133373,R-0328,2026-01-12,50.95,web,delivery,Completed
ORD-0133374,R-0328,2026-01-14,33.19,web,delivery,completed
ORD-0133375,R-0328,2026-01-24,62.16,web,delivery,completed
ORD-0133376,R-0328,2026-01-19,72.63,app,delivery,completed
ORD-0133377,R-0328,2026-01-18,42.27,app,delivery,Completed
ORD-0133378,R-0328,2026-01-23,38.31,app,delivery,Completed
ORD-0133379,R-0328,2026-01-05,52.06,web,delivery,completed
ORD-0133380,R-0328,2026-01-20,58.64,app,delivery,COMPLETED
ORD-0133381,R-0328,2026-01-08,37.88,web,delivery,completed
ORD-0133382,R-0328,2026-01-23,77.84,web,delivery,Completed
ORD-0133383,R-0328,2026-01-28,30.38,app,delivery,completed
ORD-0133384,R-0328,2026-01-11,28.40,app,delivery,COMPLETED
ORD-0133385,R-0328,2026-01-23,53.09,web,delivery,completed
ORD-0133386,R-0328,2026-01-27,59.42,web,delivery,completed
ORD-0133387,R-0328,2026-01-16,53.90,web,delivery,completed
ORD-0133388,R-0328,2026-01-02,29.21,web,delivery,completed
ORD-0133389,R-0328,2026-01-10,45.07,web,delivery,completed
ORD-0133390,R-0328,2026-01-27,34.43,web,delivery,completed
ORD-0133391,R-0328,2026-01-13,26.35,app,delivery,completed
ORD-0133392,R-0328,2026-01-06,29.56,app,delivery,completed
ORD-0133393,R-0328,2026-01-11,77.60,app,delivery,refunded
ORD-0133394,R-0328,2026-01-26,15.86,web,delivery,completed
ORD-0133395,R-0328,2026-01-05,57.85,web,delivery,Completed
ORD-0133396,R-0328,2026-01-24,34.91,app,delivery,completed
ORD-0133397,R-0328,2026-01-19,23.40,web,delivery,Completed
ORD-0133398,R-0328,2026-01-10,41.57,web,delivery,completed
ORD-0133399,R-0328,2026-01-23,25.00,web,delivery,completed
ORD-0133400,R-0328,2026-01-07,42.29,app,delivery,completed
ORD-0133401,R-0328,2026-01-20,48.13,app,delivery,completed
ORD-0133402,R-0328,2026-01-02,32.59,app,delivery,Completed
ORD-0133403,R-0328,2026-01-09,49.87,app,delivery,completed
ORD-0133404,R-0328,2026-01-03,45.36,app,delivery,completed
ORD-0133405,R-0328,2026-01-30,97.87,app,delivery,completed
ORD-0133406,R-0328,2026-01-09,26.18,app,delivery,completed
ORD-0133407,R-0328,2026-01-02,42.72,app,delivery,completed
ORD-0133408,R-0328,2026-01-17,44.44,web,delivery,completed
ORD-0133409,R-0328,2026-01-29,34.38,web,delivery,completed
ORD-0134454,R-0329,2026-01-03,35.62,app,pickup,completed
ORD-0134455,R-0329,2026-01-21,19.59,web,delivery,completed
ORD-0134456,R-0329,2026-01-04,34.09,app,delivery,completed
ORD-0134457,R-0329,2026-01-17,24.55,app,pickup,completed
ORD-0134458,R-0329,2026-01-18,30.59,web,pickup,completed
ORD-0134459,R-0329,2026-01-03,31.92,app,delivery,cancelled
ORD-0134460,R-0329,2026-01-09,17.90,app,delivery,completed
ORD-0134461,R-0329,2026-01-07,49.82,app,delivery,completed
ORD-0134462,R-0329,2026-01-15,18.87,app,delivery,completed
ORD-0134463,R-0329,2026-01-17,22.77,app,delivery,completed
ORD-0134464,R-0329,2026-01-09,38.29,app,pickup,completed
ORD-0134465,R-0329,2026-01-29,24.78,app,pickup,completed
ORD-0134466,R-0329,2026-01-29,34.45,app,delivery,completed
ORD-0134467,R-0329,2026-01-17,31.34,app,pickup,completed
ORD-0134468,R-0329,2026-01-17,22.77,web,delivery,completed
ORD-0134469,R-0329,2026-01-12,24.07,app,delivery,completed
ORD-0134470,R-0329,2026-01-16,15.36,app,delivery,completed
ORD-0134471,R-0329,2026-01-18,29.70,app,delivery,completed
ORD-0134472,R-0329,2026-01-20,12.34,app,pickup,completed
ORD-0134473,R-0329,2026-01-01,29.80,app,delivery,completed
ORD-0134474,R-0329,2026-01-19,35.06,web,pickup,completed
ORD-0134475,R-0329,2026-01-01,20.62,web,delivery,completed
ORD-0134476,R-0329,2026-01-16,21.13,web,delivery,completed
ORD-0134477,R-0329,2026-01-03,22.73,app,pickup,completed
ORD-0134478,R-0329,2026-01-25,20.51,app,delivery,completed
ORD-0134479,R-0329,2026-01-17,41.20,app,pickup,completed
ORD-0134480,R-0329,2026-01-19,34.41,app,delivery,completed
ORD-0134481,R-0329,2026-01-16,20.09,web,delivery,completed
ORD-0134482,R-0329,2026-01-31,21.21,app,pickup,completed
ORD-0134483,R-0329,2026-01-29,26.80,app,pickup,completed
ORD-0134484,R-0329,2026-01-22,26.40,web,delivery,completed
ORD-0134485,R-0329,2026-01-31,31.77,app,delivery,completed
ORD-0134486,R-0329,2026-01-22,28.43,app,delivery,completed
ORD-0134487,R-0329,2026-01-19,38.71,app,delivery,completed
ORD-0134488,R-0329,2026-01-20,21.94,app,delivery,completed
ORD-0134489,R-0329,2026-01-20,16.89,app,delivery,cancelled
ORD-0134490,R-0329,2026-01-24,32.07,app,delivery,completed
ORD-0134491,R-0329,2026-01-18,28.95,app,delivery,completed
ORD-0134492,R-0329,2026-01-04,47.82,web,delivery,completed
ORD-0134493,R-0329,2026-01-05,31.83,app,delivery,completed
ORD-0134494,R-0329,2026-01-27,16.50,web,delivery,completed
ORD-0134495,R-0329,2026-01-22,25.55,app,delivery,completed
ORD-0134496,R-0329,2026-01-26,21.13,app,delivery,completed
ORD-0134497,R-0329,2026-01-09,19.64,app,pickup,completed
ORD-0134498,R-0329,2026-01-15,19.63,web,delivery,completed
ORD-0134499,R-0329,2026-01-02,21.03,app,delivery,completed
ORD-0134500,R-0329,2026-01-26,26.13,web,pickup,completed
ORD-0134501,R-0329,2026-01-15,41.55,app,pickup,completed
ORD-0134502,R-0329,2026-01-29,31.84,web,delivery,completed
ORD-0134503,R-0329,2026-01-23,30.14,app,delivery,completed
ORD-0135033,R-0331,2026-01-20,26.02,app,delivery,completed
ORD-0135034,R-0331,2026-01-31,19.91,app,delivery,completed
ORD-0135035,R-0331,2026-01-17,29.77,web,delivery,Completed
ORD-0135036,R-0331,2026-01-23,35.85,web,delivery,completed
ORD-0135037,R-0331,2026-01-31,14.68,app,delivery,completed
ORD-0135038,R-0331,2026-01-30,23.06,app,delivery,COMPLETED
ORD-0135039,R-0331,2026-01-04,28.66,web,delivery,completed
ORD-0135040,R-0331,2026-01-23,35.68,app,delivery,completed
ORD-0135041,R-0331,2026-01-24,30.94,web,delivery,completed
ORD-0135042,R-0331,2026-01-31,23.24,web,pickup,REFUNDED
ORD-0135043,R-0331,2026-01-31,16.55,web,delivery,completed
ORD-0135044,R-0331,2026-01-02,15.76,web,pickup,completed
ORD-0135045,R-0331,2026-01-06,51.91,app,delivery,completed
ORD-0135046,R-0331,2026-01-09,47.50,app,delivery,COMPLETED
ORD-0135047,R-0331,2026-01-25,56.73,app,delivery,refunded
ORD-0135048,R-0331,2026-01-10,34.00,app,pickup,completed
ORD-0135049,R-0331,2026-01-20,44.31,app,delivery,Completed
ORD-0135050,R-0331,2026-01-11,38.37,web,pickup,completed
ORD-0135051,R-0331,2026-01-25,43.26,app,delivery,COMPLETED
ORD-0135052,R-0331,2026-01-02,66.91,app,delivery,completed
ORD-0135585,R-0334,2026-01-28,53.07,web,pickup,completed
ORD-0135586,R-0334,2026-01-05,58.69,web,pickup,completed
ORD-0135587,R-0334,2026-01-20,37.75,app,pickup,completed
ORD-0135588,R-0334,2026-01-02,67.66,app,pickup,completed
ORD-0135589,R-0334,2026-01-21,40.12,app,pickup,completed
ORD-0135590,R-0334,2026-01-23,39.55,web,pickup,completed
ORD-0135591,R-0334,2026-01-24,41.16,app,pickup,Completed
ORD-0135592,R-0334,2026-01-04,55.87,web,pickup,completed
ORD-0135593,R-0334,2026-01-17,29.13,web,pickup,completed
ORD-0135594,R-0334,2026-01-29,43.71,web,pickup,completed
ORD-0135595,R-0334,2026-01-10,52.67,web,pickup,completed
ORD-0135596,R-0334,2026-01-03,47.09,web,pickup,Cancelled
ORD-0135597,R-0334,2026-01-25,39.29,web,delivery,completed
ORD-0135598,R-0334,2026-01-13,22.64,app,pickup,completed
ORD-0135599,R-0334,2026-01-28,72.22,web,delivery,completed
ORD-0135600,R-0334,2026-01-24,43.60,web,pickup,completed
ORD-0135601,R-0334,2026-01-12,62.31,web,pickup,completed
ORD-0135602,R-0334,2026-01-23,43.32,web,pickup,completed
ORD-0135603,R-0334,2026-01-04,44.37,web,pickup,completed
ORD-0135604,R-0334,2026-01-11,37.94,app,pickup,completed
ORD-0135605,R-0334,2026-01-09,58.82,app,pickup,Completed
ORD-0135606,R-0334,2026-01-07,52.43,web,delivery,completed
ORD-0135607,R-0334,2026-01-03,39.31,app,pickup,completed
ORD-0135608,R-0334,2026-01-24,72.83,app,pickup,completed
ORD-0135609,R-0334,2026-01-16,43.32,app,pickup,completed
ORD-0135610,R-0334,2026-01-13,44.71,web,delivery,completed
ORD-0135611,R-0334,2026-01-22,55.98,web,pickup,completed
ORD-0135612,R-0334,2026-01-18,76.47,app,pickup,Completed
ORD-0135613,R-0334,2026-01-28,60.90,web,pickup,completed
ORD-0135614,R-0334,2026-01-30,25.43,web,pickup,completed
ORD-0135615,R-0334,2026-01-16,40.91,app,pickup,completed
ORD-0135616,R-0334,2026-01-21,57.39,app,pickup,completed
ORD-0135617,R-0334,2026-01-24,70.54,web,pickup,completed
ORD-0135618,R-0334,2026-01-11,52.31,app,pickup,completed
ORD-0135619,R-0334,2026-01-03,27.29,app,pickup,completed
ORD-0135620,R-0334,2026-01-17,59.75,app,pickup,COMPLETED
ORD-0135621,R-0334,2026-01-30,73.49,app,delivery,completed
ORD-0135622,R-0334,2026-01-16,53.64,web,delivery,completed
ORD-0135623,R-0334,2026-01-22,33.10,app,pickup,completed
ORD-0135624,R-0334,2026-01-18,53.31,web,pickup,completed
ORD-0135625,R-0334,2026-01-10,39.51,web,delivery,completed
ORD-0135626,R-0334,2026-01-03,35.11,web,pickup,cancelled
ORD-0135627,R-0334,2026-01-08,63.15,app,pickup,completed
ORD-0135628,R-0334,2026-01-08,34.01,app,pickup,refunded
ORD-0135629,R-0334,2026-01-31,82.77,web,pickup,completed
ORD-0135630,R-0334,2026-01-02,56.99,web,delivery,COMPLETED
ORD-0135631,R-0334,2026-01-02,41.02,app,pickup,completed
ORD-0135632,R-0334,2026-01-29,51.18,web,pickup,completed
ORD-0135633,R-0334,2026-01-02,26.72,app,pickup,completed
ORD-0135634,R-0334,2026-01-26,36.12,app,pickup,completed
ORD-0135635,R-0334,2026-01-07,75.96,web,pickup,completed
ORD-0135636,R-0334,2026-01-08,42.48,app,pickup,completed
ORD-0135637,R-0334,2026-01-26,20.24,web,delivery,completed
ORD-0135638,R-0334,2026-01-05,31.35,web,delivery,COMPLETED
ORD-0135639,R-0334,2026-01-13,59.64,web,delivery,completed
ORD-0135640,R-0334,2026-01-16,62.64,web,pickup,completed
ORD-0135641,R-0334,2026-01-11,68.12,app,pickup,Completed
ORD-0135642,R-0334,2026-01-23,52.24,web,pickup,completed
ORD-0135643,R-0334,2026-01-13,61.25,app,delivery,completed
ORD-0135644,R-0334,2026-01-09,33.35,app,pickup,completed
ORD-0135645,R-0334,2026-01-24,43.37,web,pickup,COMPLETED
ORD-0136512,R-0335,2026-01-30,38.83,app,delivery,completed
ORD-0136513,R-0335,2026-01-02,52.67,web,delivery,completed
ORD-0136514,R-0335,2026-01-15,47.07,web,delivery,completed
ORD-0136515,R-0335,2026-01-28,31.66,web,delivery,completed
ORD-0136516,R-0335,2026-01-09,44.44,app,delivery,completed
ORD-0136517,R-0335,2026-01-01,28.44,app,delivery,completed
ORD-0136518,R-0335,2026-01-28,68.45,web,delivery,completed
ORD-0136519,R-0335,2026-01-02,40.36,web,delivery,completed
ORD-0136520,R-0335,2026-01-18,52.98,web,delivery,completed
ORD-0136521,R-0335,2026-01-05,29.58,web,delivery,completed
ORD-0136522,R-0335,2026-01-19,29.79,app,delivery,completed
ORD-0136523,R-0335,2026-01-06,44.64,web,delivery,COMPLETED
ORD-0136524,R-0335,2026-01-29,72.19,web,delivery,completed
ORD-0136525,R-0335,2026-01-10,57.63,web,delivery,COMPLETED
ORD-0136526,R-0335,2026-01-29,50.01,app,delivery,Completed
ORD-0136527,R-0335,2026-01-02,41.52,app,delivery,completed
ORD-0136528,R-0335,2026-01-12,42.06,app,delivery,completed
ORD-0136529,R-0335,2026-01-25,39.41,app,pickup,Refunded
ORD-0136530,R-0335,2026-01-19,22.22,web,delivery,completed
ORD-0136531,R-0335,2026-01-25,59.34,app,delivery,COMPLETED
ORD-0136532,R-0335,2026-01-10,37.61,app,delivery,completed
ORD-0136533,R-0335,2026-01-16,45.66,app,delivery,completed
ORD-0136534,R-0335,2026-01-17,30.05,web,delivery,completed
ORD-0136535,R-0335,2026-01-12,39.30,web,pickup,completed
ORD-0136536,R-0335,2026-01-04,60.12,app,delivery,completed
ORD-0136537,R-0335,2026-01-18,57.06,web,delivery,completed
ORD-0136538,R-0335,2026-01-08,49.40,web,delivery,Completed
ORD-0136539,R-0335,2026-01-25,46.22,web,delivery,completed
ORD-0136540,R-0335,2026-01-20,43.91,web,delivery,cancelled
ORD-0136541,R-0335,2026-01-21,34.13,app,delivery,refunded
ORD-0136542,R-0335,2026-01-01,46.74,web,delivery,Completed
ORD-0136543,R-0335,2026-01-04,43.19,web,pickup,completed
ORD-0136544,R-0335,2026-01-23,32.95,web,delivery,COMPLETED
ORD-0136545,R-0335,2026-01-17,87.61,app,delivery,completed
ORD-0136546,R-0335,2026-01-07,35.77,app,delivery,Completed
ORD-0136547,R-0335,2026-01-09,61.86,web,delivery,completed
ORD-0136548,R-0335,2026-01-23,64.76,app,delivery,completed
ORD-0136549,R-0335,2026-01-13,33.37,web,pickup,completed
ORD-0136550,R-0335,2026-01-09,36.27,app,delivery,completed
ORD-0136551,R-0335,2026-01-08,44.20,web,delivery,COMPLETED
ORD-0136552,R-0335,2026-01-06,37.36,web,delivery,completed
ORD-0136897,R-0336,2026-01-25,26.31,app,delivery,completed
ORD-0136898,R-0336,2026-01-02,41.37,app,delivery,completed
ORD-0136899,R-0336,2026-01-23,25.68,app,delivery,completed
ORD-0136900,R-0336,2026-01-20,27.38,app,pickup,completed
ORD-0136901,R-0336,2026-01-03,22.20,web,delivery,completed
ORD-0136902,R-0336,2026-01-28,23.81,web,delivery,completed
ORD-0136903,R-0336,2026-01-08,28.97,app,pickup,completed
ORD-0136904,R-0336,2026-01-24,18.83,app,delivery,completed
ORD-0136905,R-0336,2026-01-25,33.78,web,delivery,completed
ORD-0136906,R-0336,2026-01-18,60.54,app,delivery,completed
ORD-0136907,R-0336,2026-01-21,25.09,web,pickup,completed
ORD-0136908,R-0336,2026-01-18,28.91,app,delivery,Completed
ORD-0136909,R-0336,2026-01-06,33.85,app,delivery,COMPLETED
ORD-0136910,R-0336,2026-01-24,14.78,web,delivery,completed
ORD-0136911,R-0336,2026-01-21,37.21,app,delivery,completed
ORD-0136912,R-0336,2026-01-09,44.33,app,delivery,completed
ORD-0136913,R-0336,2026-01-18,35.30,app,delivery,completed
ORD-0136914,R-0336,2026-01-21,26.51,web,delivery,completed
ORD-0136915,R-0336,2026-01-15,35.29,app,delivery,completed
ORD-0136916,R-0336,2026-01-19,39.16,app,pickup,completed
ORD-0136917,R-0336,2026-01-28,36.21,web,delivery,completed
ORD-0136918,R-0336,2026-01-13,21.36,app,delivery,completed
ORD-0136919,R-0336,2026-01-19,35.51,app,pickup,completed
ORD-0136920,R-0336,2026-01-28,25.72,app,delivery,completed
ORD-0136921,R-0336,2026-01-12,26.02,app,delivery,completed
ORD-0136922,R-0336,2026-01-01,37.04,web,delivery,Completed
ORD-0136923,R-0336,2026-01-01,23.97,app,pickup,completed
ORD-0136924,R-0336,2026-01-16,36.19,app,delivery,completed
ORD-0136925,R-0336,2026-01-07,38.66,app,delivery,completed
ORD-0136926,R-0336,2026-01-17,27.64,web,pickup,completed
ORD-0136927,R-0336,2026-01-09,37.23,app,delivery,completed
ORD-0136928,R-0336,2026-01-23,32.55,app,pickup,completed
ORD-0136929,R-0336,2026-01-05,38.86,app,delivery,completed
ORD-0136930,R-0336,2026-01-12,28.40,web,pickup,completed
ORD-0136931,R-0336,2026-01-26,26.57,web,pickup,completed
ORD-0136932,R-0336,2026-01-25,34.71,app,pickup,completed
ORD-0136933,R-0336,2026-01-02,30.45,app,pickup,completed
ORD-0136934,R-0336,2026-01-24,36.62,app,delivery,completed
ORD-0136935,R-0336,2026-01-08,33.64,web,pickup,completed
ORD-0136936,R-0336,2026-01-08,26.53,app,delivery,cancelled
ORD-0136937,R-0336,2026-01-15,54.71,app,delivery,refunded
ORD-0136938,R-0336,2026-01-11,24.19,app,delivery,completed
ORD-0136939,R-0336,2026-01-17,25.67,web,delivery,completed
ORD-0136940,R-0336,2026-01-12,33.75,app,pickup,completed
ORD-0136941,R-0336,2026-01-23,35.23,app,delivery,completed
ORD-0136942,R-0336,2026-01-12,25.75,app,delivery,completed
ORD-0136943,R-0336,2026-01-29,44.77,web,delivery,completed
ORD-0136944,R-0336,2026-01-12,31.78,web,delivery,completed
ORD-0139008,R-0339,2026-01-17,21.83,web,delivery,COMPLETED
ORD-0139009,R-0339,2026-01-25,27.53,web,delivery,completed
ORD-0139010,R-0339,2026-01-10,20.63,app,delivery,completed
ORD-0139011,R-0339,2026-01-03,24.32,app,delivery,completed
ORD-0139012,R-0339,2026-01-09,25.85,web,delivery,Completed
ORD-0139013,R-0339,2026-01-02,23.64,web,delivery,completed
ORD-0139014,R-0339,2026-01-08,28.63,web,delivery,completed
ORD-0139015,R-0339,2026-01-21,28.45,web,pickup,completed
ORD-0139016,R-0339,2026-01-16,30.66,app,delivery,completed
ORD-0139017,R-0339,2026-01-19,13.03,web,delivery,completed
ORD-0139018,R-0339,2026-01-10,13.76,web,pickup,completed
ORD-0139019,R-0339,2026-01-31,19.47,web,delivery,completed
ORD-0139020,R-0339,2026-01-23,25.50,web,pickup,completed
ORD-0139021,R-0339,2026-01-30,40.01,web,delivery,completed
ORD-0139022,R-0339,2026-01-25,32.67,web,delivery,completed
ORD-0139023,R-0339,2026-01-16,37.27,web,delivery,completed
ORD-0139024,R-0339,2026-01-22,23.09,app,delivery,completed
ORD-0139025,R-0339,2026-01-09,18.55,app,delivery,completed
ORD-0139026,R-0339,2026-01-18,18.94,app,pickup,completed
ORD-0139027,R-0339,2026-01-22,14.56,web,delivery,completed
ORD-0139028,R-0339,2026-01-22,12.71,web,delivery,Completed
ORD-0139029,R-0339,2026-01-16,22.19,app,delivery,completed
ORD-0139030,R-0339,2026-01-04,25.13,app,delivery,completed
ORD-0139031,R-0339,2026-01-01,27.14,web,delivery,completed
ORD-0139032,R-0339,2026-01-30,25.93,web,delivery,completed
ORD-0139033,R-0339,2026-01-27,16.38,web,pickup,completed
ORD-0139034,R-0339,2026-01-25,16.80,web,delivery,completed
ORD-0139035,R-0339,2026-01-01,21.09,web,delivery,completed
ORD-0139036,R-0339,2026-01-16,12.12,app,delivery,completed
ORD-0139037,R-0339,2026-01-30,18.62,web,delivery,completed
ORD-0139038,R-0339,2026-01-19,14.29,web,delivery,completed
ORD-0139039,R-0339,2026-01-31,30.07,app,pickup,completed
ORD-0139040,R-0339,2026-01-08,19.53,web,delivery,completed
ORD-0139041,R-0339,2026-01-16,22.36,web,delivery,Completed
ORD-0139042,R-0339,2026-01-26,26.64,app,delivery,completed
ORD-0139043,R-0339,2026-01-22,23.78,web,delivery,completed
ORD-0139044,R-0339,2026-01-17,19.69,web,delivery,completed
ORD-0139045,R-0339,2026-01-03,16.17,web,delivery,completed
ORD-0139046,R-0339,2026-01-22,14.48,web,delivery,completed
ORD-0139047,R-0339,2026-01-18,10.63,web,delivery,completed
ORD-0139048,R-0339,2026-01-19,16.00,web,delivery,refunded
ORD-0139263,R-0340,2026-01-27,35.38,app,delivery,completed
ORD-0139264,R-0340,2026-01-24,23.31,app,delivery,COMPLETED
ORD-0139265,R-0340,2026-01-30,19.99,web,delivery,COMPLETED
ORD-0139266,R-0340,2026-01-07,33.95,web,delivery,Completed
ORD-0139267,R-0340,2026-01-28,17.94,app,delivery,completed
ORD-0139268,R-0340,2026-01-18,15.16,web,delivery,completed
ORD-0139269,R-0340,2026-01-23,17.92,web,delivery,completed
ORD-0139270,R-0340,2026-01-30,23.91,app,delivery,COMPLETED
ORD-0139271,R-0340,2026-01-18,40.60,app,delivery,completed
ORD-0139272,R-0340,2026-01-16,29.63,web,delivery,completed
ORD-0139273,R-0340,2026-01-18,33.67,web,delivery,COMPLETED
ORD-0139274,R-0340,2026-01-19,26.85,app,delivery,completed
ORD-0139275,R-0340,2026-01-24,30.33,app,delivery,completed
ORD-0139276,R-0340,2026-01-03,35.05,web,pickup,completed
ORD-0139277,R-0340,2026-01-27,33.30,app,delivery,completed
ORD-0139278,R-0340,2026-01-20,19.46,web,delivery,completed
ORD-0139279,R-0340,2026-01-25,40.11,web,delivery,COMPLETED
ORD-0139280,R-0340,2026-01-12,26.50,web,delivery,completed
ORD-0139281,R-0340,2026-01-02,42.22,app,delivery,completed
ORD-0139282,R-0340,2026-01-02,46.98,web,delivery,Completed
ORD-0139283,R-0340,2026-01-15,23.13,web,delivery,completed
ORD-0139284,R-0340,2026-01-14,17.90,app,delivery,COMPLETED
ORD-0139285,R-0340,2026-01-31,38.95,app,delivery,completed
ORD-0139286,R-0340,2026-01-20,25.24,app,delivery,completed
ORD-0139287,R-0340,2026-01-08,26.25,app,delivery,completed
ORD-0139288,R-0340,2026-01-29,20.79,web,delivery,cancelled
ORD-0139289,R-0340,2026-01-22,35.94,app,delivery,completed
ORD-0139290,R-0340,2026-01-25,27.50,app,delivery,completed
ORD-0139291,R-0340,2026-01-12,28.13,web,delivery,COMPLETED
ORD-0139292,R-0340,2026-01-30,14.42,web,delivery,completed
ORD-0139293,R-0340,2026-01-10,26.43,app,delivery,Completed
ORD-0139294,R-0340,2026-01-31,44.23,web,delivery,completed
ORD-0139295,R-0340,2026-01-11,37.68,web,delivery,completed
ORD-0139296,R-0340,2026-01-23,19.94,app,delivery,completed
ORD-0139297,R-0340,2026-01-26,21.60,web,delivery,completed
ORD-0139298,R-0340,2026-01-17,33.16,app,delivery,cancelled
ORD-0139299,R-0340,2026-01-19,25.30,app,delivery,completed
ORD-0139300,R-0340,2026-01-24,17.92,web,delivery,cancelled
ORD-0139301,R-0340,2026-01-05,24.94,app,delivery,cancelled
ORD-0139302,R-0340,2026-01-06,22.54,web,delivery,completed
ORD-0140023,R-0341,2026-01-21,26.24,app,pickup,completed
ORD-0140024,R-0341,2026-01-17,93.31,web,delivery,completed
ORD-0140025,R-0341,2026-01-02,35.09,web,pickup,completed
ORD-0140026,R-0341,2026-01-05,37.29,app,delivery,completed
ORD-0140027,R-0341,2026-01-05,31.89,app,pickup,completed
ORD-0140028,R-0341,2026-01-26,33.79,web,delivery,Completed
ORD-0140029,R-0341,2026-01-26,23.40,app,pickup,completed
ORD-0140030,R-0341,2026-01-28,30.00,app,delivery,completed
ORD-0140031,R-0341,2026-01-10,21.62,web,delivery,completed
ORD-0140032,R-0341,2026-01-13,29.73,web,pickup,completed
ORD-0140033,R-0341,2026-01-08,34.21,app,pickup,completed
ORD-0140034,R-0341,2026-01-07,32.55,app,pickup,Completed
ORD-0140035,R-0341,2026-01-03,47.48,app,pickup,completed
ORD-0140036,R-0341,2026-01-15,53.32,web,delivery,completed
ORD-0140037,R-0341,2026-01-05,12.16,app,delivery,COMPLETED
ORD-0140038,R-0341,2026-01-11,26.73,app,delivery,completed
ORD-0140039,R-0341,2026-01-01,40.97,app,delivery,cancelled
ORD-0140040,R-0341,2026-01-24,23.00,web,pickup,completed
ORD-0140041,R-0341,2026-01-19,43.92,app,delivery,completed
ORD-0140042,R-0341,2026-01-22,35.94,web,pickup,completed
ORD-0140043,R-0341,2026-01-29,21.33,web,pickup,completed
ORD-0140044,R-0341,2026-01-13,19.02,app,delivery,completed
ORD-0140045,R-0341,2026-01-12,47.80,web,delivery,completed
ORD-0140046,R-0341,2026-01-21,45.73,app,pickup,completed
ORD-0140638,R-0345,2026-01-08,31.25,web,pickup,cancelled
ORD-0140639,R-0345,2026-01-02,57.34,app,pickup,COMPLETED
ORD-0140640,R-0345,2026-01-31,53.30,app,pickup,completed
ORD-0140641,R-0345,2026-01-17,90.75,app,delivery,completed
ORD-0140642,R-0345,2026-01-02,88.92,web,pickup,Completed
ORD-0140643,R-0345,2026-01-11,65.75,app,delivery,cancelled
ORD-0140644,R-0345,2026-01-28,51.23,app,pickup,completed
ORD-0140645,R-0345,2026-01-24,78.66,app,pickup,completed
ORD-0140646,R-0345,2026-01-16,62.93,web,pickup,completed
ORD-0140647,R-0345,2026-01-15,54.31,web,pickup,Cancelled
ORD-0140648,R-0345,2026-01-29,59.29,app,delivery,completed
ORD-0140649,R-0345,2026-01-26,52.26,web,delivery,completed
ORD-0140650,R-0345,2026-01-27,70.04,app,pickup,completed
ORD-0140651,R-0345,2026-01-17,65.62,web,delivery,completed
ORD-0140652,R-0345,2026-01-14,72.51,app,pickup,completed
ORD-0140653,R-0345,2026-01-30,62.20,web,delivery,Completed
ORD-0140654,R-0345,2026-01-16,47.56,app,pickup,completed
ORD-0141171,R-0347,2026-01-26,130.58,web,pickup,completed
ORD-0141172,R-0347,2026-01-31,111.51,app,pickup,completed
ORD-0141173,R-0347,2026-01-07,53.28,app,pickup,completed
ORD-0141174,R-0347,2026-01-21,71.32,web,delivery,completed
ORD-0141175,R-0347,2026-01-29,99.49,web,delivery,Cancelled
ORD-0141176,R-0347,2026-01-12,67.58,web,delivery,completed
ORD-0141177,R-0347,2026-01-18,68.12,web,delivery,completed
ORD-0141178,R-0347,2026-01-29,50.67,web,delivery,completed
ORD-0141179,R-0347,2026-01-20,53.08,app,pickup,completed
ORD-0141180,R-0347,2026-01-31,38.27,app,delivery,Completed
ORD-0141181,R-0347,2026-01-03,189.56,web,pickup,completed
ORD-0141182,R-0347,2026-01-06,40.97,web,pickup,completed
ORD-0141183,R-0347,2026-01-02,40.32,app,pickup,Completed
ORD-0141184,R-0347,2026-01-08,55.12,app,delivery,completed
ORD-0141185,R-0347,2026-01-28,130.49,web,delivery,completed
ORD-0141186,R-0347,2026-01-10,62.13,app,delivery,completed
ORD-0141187,R-0347,2026-01-31,93.13,web,pickup,Completed
ORD-0141188,R-0347,2026-01-08,45.80,app,pickup,completed
ORD-0141189,R-0347,2026-01-05,34.48,web,pickup,completed
ORD-0141190,R-0347,2026-01-06,81.89,app,delivery,completed
ORD-0141191,R-0347,2026-01-04,93.27,web,pickup,completed
ORD-0141192,R-0347,2026-01-22,36.24,app,delivery,completed
ORD-0141193,R-0347,2026-01-04,64.60,app,pickup,completed
ORD-0141194,R-0347,2026-01-06,24.15,web,pickup,completed
ORD-0141195,R-0347,2026-01-01,42.97,app,pickup,completed
ORD-0141635,R-0348,2026-01-01,42.33,web,pickup,completed
ORD-0141636,R-0348,2026-01-28,35.32,web,delivery,Completed
ORD-0141637,R-0348,2026-01-14,36.22,web,pickup,completed
ORD-0141638,R-0348,2026-01-23,49.08,app,pickup,completed
ORD-0141639,R-0348,2026-01-20,58.48,web,pickup,completed
ORD-0141640,R-0348,2026-01-22,40.74,app,pickup,completed
ORD-0141641,R-0348,2026-01-08,43.69,app,pickup,completed
ORD-0141642,R-0348,2026-01-09,88.50,web,delivery,completed
ORD-0141643,R-0348,2026-01-16,58.60,web,delivery,completed
ORD-0141644,R-0348,2026-01-06,23.44,app,delivery,cancelled
ORD-0141645,R-0348,2026-01-27,71.56,web,delivery,completed
ORD-0141646,R-0348,2026-01-29,34.17,web,delivery,completed
ORD-0141647,R-0348,2026-01-17,59.27,web,delivery,completed
ORD-0141648,R-0348,2026-01-25,57.07,web,delivery,completed
ORD-0141649,R-0348,2026-01-12,39.26,app,pickup,completed
ORD-0141650,R-0348,2026-01-24,45.71,web,pickup,completed
ORD-0141651,R-0348,2026-01-22,33.92,web,delivery,completed
ORD-0141652,R-0348,2026-01-25,57.55,web,delivery,completed
ORD-0141653,R-0348,2026-01-15,46.21,web,delivery,completed
ORD-0141654,R-0348,2026-01-31,16.29,web,delivery,completed
ORD-0141655,R-0348,2026-01-30,48.17,app,delivery,completed
ORD-0141656,R-0348,2026-01-04,40.81,web,pickup,Completed
ORD-0141657,R-0348,2026-01-26,61.66,app,delivery,completed
ORD-0141658,R-0348,2026-01-20,71.87,app,delivery,completed
ORD-0141659,R-0348,2026-01-18,58.85,app,pickup,completed
ORD-0141660,R-0348,2026-01-11,50.84,web,delivery,completed
ORD-0141661,R-0348,2026-01-16,43.47,web,delivery,completed
ORD-0141662,R-0348,2026-01-08,65.85,app,pickup,completed
ORD-0141663,R-0348,2026-01-12,38.53,web,delivery,completed
ORD-0141664,R-0348,2026-01-06,39.93,web,delivery,completed
ORD-0141665,R-0348,2026-01-12,39.22,web,delivery,completed
ORD-0141666,R-0348,2026-01-21,81.67,web,pickup,completed
ORD-0141667,R-0348,2026-01-26,39.44,app,pickup,completed
ORD-0141668,R-0348,2026-01-06,45.06,app,pickup,completed
ORD-0141669,R-0348,2026-01-31,53.38,app,pickup,completed
ORD-0141670,R-0348,2026-01-31,29.50,web,delivery,completed
ORD-0141671,R-0348,2026-01-12,49.64,web,pickup,completed
ORD-0141672,R-0348,2026-01-23,40.76,app,delivery,completed
ORD-0141673,R-0348,2026-01-12,48.59,app,delivery,completed
ORD-0141674,R-0348,2026-01-02,45.69,web,pickup,completed
ORD-0141675,R-0348,2026-01-14,73.44,web,delivery,COMPLETED
ORD-0141676,R-0348,2026-01-28,50.12,app,delivery,completed
ORD-0141677,R-0348,2026-01-27,35.61,app,pickup,COMPLETED
ORD-0141678,R-0348,2026-01-17,60.91,web,delivery,completed
ORD-0141679,R-0348,2026-01-24,84.40,web,pickup,Completed
ORD-0141680,R-0348,2026-01-19,50.34,app,pickup,completed
ORD-0141681,R-0348,2026-01-02,87.83,web,pickup,Completed
ORD-0141682,R-0348,2026-01-09,62.42,app,pickup,completed
ORD-0141683,R-0348,2026-01-03,34.89,web,pickup,completed
ORD-0141684,R-0348,2026-01-02,49.62,app,pickup,completed
ORD-0141685,R-0348,2026-01-20,36.24,app,pickup,completed
ORD-0141686,R-0348,2026-01-02,71.98,web,delivery,completed
ORD-0141687,R-0348,2026-01-17,38.40,web,pickup,Completed
ORD-0141688,R-0348,2026-01-18,57.43,app,delivery,COMPLETED
ORD-0141689,R-0348,2026-01-10,46.76,web,delivery,completed
ORD-0141690,R-0348,2026-01-26,57.47,web,pickup,completed
ORD-0141691,R-0348,2026-01-24,41.46,web,pickup,completed
ORD-0141692,R-0348,2026-01-03,51.85,app,delivery,completed
ORD-0141693,R-0348,2026-01-17,21.50,web,pickup,Completed
ORD-0141694,R-0348,2026-01-31,55.24,app,pickup,Completed
ORD-0141695,R-0348,2026-01-29,66.46,web,pickup,completed
ORD-0141696,R-0348,2026-01-17,50.21,web,delivery,completed
ORD-0141697,R-0348,2026-01-08,59.80,web,delivery,completed
ORD-0141698,R-0348,2026-01-22,30.39,web,delivery,COMPLETED
ORD-0141699,R-0348,2026-01-10,58.50,web,delivery,completed
ORD-0141700,R-0348,2026-01-02,78.27,web,delivery,Completed
ORD-0141701,R-0348,2026-01-25,57.65,app,pickup,refunded
ORD-0141702,R-0348,2026-01-25,54.30,web,delivery,completed
ORD-0141703,R-0348,2026-01-16,33.44,app,pickup,completed
ORD-0141704,R-0348,2026-01-17,70.35,app,delivery,completed
ORD-0141705,R-0348,2026-01-02,69.46,app,pickup,completed
ORD-0141706,R-0348,2026-01-14,49.41,app,delivery,completed
ORD-0141707,R-0348,2026-01-31,27.90,app,pickup,completed
ORD-0141708,R-0348,2026-01-13,64.97,app,delivery,COMPLETED
ORD-0141709,R-0348,2026-01-17,45.50,app,pickup,COMPLETED
ORD-0141710,R-0348,2026-01-09,91.12,app,delivery,completed
ORD-0141711,R-0348,2026-01-03,66.64,web,pickup,Completed
ORD-0141712,R-0348,2026-01-03,63.87,web,pickup,cancelled
ORD-0141713,R-0348,2026-01-07,41.20,web,delivery,completed
ORD-0141714,R-0348,2026-01-23,69.11,web,pickup,completed
ORD-0141715,R-0348,2026-01-25,44.74,app,delivery,completed
ORD-0141716,R-0348,2026-01-24,37.51,web,pickup,completed
ORD-0141717,R-0348,2026-01-14,35.31,web,pickup,completed
ORD-0141718,R-0348,2026-01-16,73.98,web,delivery,completed
ORD-0141719,R-0348,2026-01-22,59.50,app,pickup,completed
ORD-0141720,R-0348,2026-01-11,46.51,app,pickup,completed
ORD-0141721,R-0348,2026-01-07,40.99,web,delivery,completed
ORD-0141722,R-0348,2026-01-09,52.78,web,pickup,completed
ORD-0141723,R-0348,2026-01-22,48.14,app,pickup,COMPLETED
ORD-0141724,R-0348,2026-01-05,65.44,app,delivery,completed
ORD-0141725,R-0348,2026-01-09,74.84,app,pickup,completed
ORD-0142730,R-0349,2026-01-17,16.17,app,pickup,completed
ORD-0142731,R-0349,2026-01-09,31.04,web,delivery,COMPLETED
ORD-0142732,R-0349,2026-01-02,12.74,app,delivery,completed
ORD-0142733,R-0349,2026-01-13,39.52,web,pickup,completed
ORD-0142734,R-0349,2026-01-27,18.97,app,pickup,completed
ORD-0142735,R-0349,2026-01-12,17.47,app,delivery,completed
ORD-0142736,R-0349,2026-01-16,25.11,app,pickup,completed
ORD-0142737,R-0349,2026-01-23,20.79,web,delivery,Completed
ORD-0142738,R-0349,2026-01-16,49.42,app,pickup,completed
ORD-0142739,R-0349,2026-01-15,12.76,app,pickup,completed
ORD-0142740,R-0349,2026-01-31,24.47,web,pickup,completed
ORD-0142741,R-0349,2026-01-29,8.94,web,pickup,completed
ORD-0142742,R-0349,2026-01-20,13.53,app,pickup,completed
ORD-0142743,R-0349,2026-01-30,18.04,app,delivery,cancelled
ORD-0142744,R-0349,2026-01-02,23.67,web,pickup,completed
ORD-0142745,R-0349,2026-01-18,25.97,app,pickup,completed
ORD-0142746,R-0349,2026-01-03,17.25,app,delivery,completed
ORD-0142747,R-0349,2026-01-10,21.72,app,pickup,completed
ORD-0142748,R-0349,2026-01-19,19.89,web,pickup,completed
ORD-0142749,R-0349,2026-01-15,21.78,web,pickup,completed
ORD-0142750,R-0349,2026-01-09,30.45,app,delivery,completed
ORD-0142751,R-0349,2026-01-31,29.32,web,delivery,Completed
ORD-0142752,R-0349,2026-01-21,12.23,app,pickup,completed
ORD-0142753,R-0349,2026-01-11,20.59,web,delivery,completed
ORD-0143370,R-0351,2026-01-22,42.85,app,delivery,completed
ORD-0143371,R-0351,2026-01-03,26.51,app,pickup,completed
ORD-0143372,R-0351,2026-01-25,28.73,app,delivery,completed
ORD-0143373,R-0351,2026-01-04,14.78,app,pickup,completed
ORD-0143374,R-0351,2026-01-11,35.90,app,pickup,completed
ORD-0143375,R-0351,2026-01-09,22.99,web,delivery,completed
ORD-0143376,R-0351,2026-01-09,24.74,web,pickup,completed
ORD-0143377,R-0351,2026-01-30,13.94,web,pickup,cancelled
ORD-0143378,R-0351,2026-01-08,20.25,app,pickup,completed
ORD-0143379,R-0351,2026-01-22,45.74,app,pickup,completed
ORD-0143380,R-0351,2026-01-12,53.44,web,pickup,completed
ORD-0143381,R-0351,2026-01-03,74.49,app,pickup,completed
ORD-0143382,R-0351,2026-01-23,34.99,app,delivery,completed
ORD-0143383,R-0351,2026-01-15,26.14,app,pickup,COMPLETED
ORD-0143384,R-0351,2026-01-15,21.43,app,pickup,completed
ORD-0143385,R-0351,2026-01-09,28.67,app,pickup,completed
ORD-0143386,R-0351,2026-01-09,23.06,app,pickup,cancelled
ORD-0143387,R-0351,2026-01-31,30.34,web,delivery,completed
ORD-0143388,R-0351,2026-01-24,38.98,web,delivery,completed
ORD-0143389,R-0351,2026-01-05,24.75,web,pickup,completed
ORD-0143390,R-0351,2026-01-10,48.62,app,pickup,completed
ORD-0143391,R-0351,2026-01-02,35.69,app,pickup,COMPLETED
ORD-0143392,R-0351,2026-01-30,16.27,app,delivery,completed
ORD-0143393,R-0351,2026-01-31,6.52,app,pickup,completed
ORD-0143394,R-0351,2026-01-21,38.40,web,pickup,completed
ORD-0143395,R-0351,2026-01-30,33.42,app,pickup,completed
ORD-0143396,R-0351,2026-01-09,37.76,web,pickup,completed
ORD-0143397,R-0351,2026-01-23,23.93,web,pickup,completed
ORD-0143398,R-0351,2026-01-15,24.28,app,pickup,completed
ORD-0143399,R-0351,2026-01-09,18.51,web,delivery,completed
ORD-0143400,R-0351,2026-01-02,35.70,app,delivery,completed
ORD-0143401,R-0351,2026-01-18,25.67,app,delivery,completed
ORD-0143402,R-0351,2026-01-09,29.60,app,delivery,completed
ORD-0144044,R-0352,2026-01-29,40.76,web,pickup,completed
ORD-0144045,R-0352,2026-01-05,26.19,app,delivery,completed
ORD-0144046,R-0352,2026-01-31,28.37,app,delivery,completed
ORD-0144047,R-0352,2026-01-12,17.07,app,delivery,completed
ORD-0144048,R-0352,2026-01-17,57.40,app,delivery,completed
ORD-0144049,R-0352,2026-01-18,39.06,web,pickup,completed
ORD-0144050,R-0352,2026-01-22,20.83,web,pickup,completed
ORD-0144051,R-0352,2026-01-24,24.63,app,delivery,CANCELLED
ORD-0144052,R-0352,2026-01-28,15.98,web,delivery,completed
ORD-0144053,R-0352,2026-01-08,24.18,app,pickup,completed
ORD-0144054,R-0352,2026-01-08,30.54,app,delivery,completed
ORD-0144055,R-0352,2026-01-09,37.88,web,pickup,completed
ORD-0144056,R-0352,2026-01-29,26.47,web,delivery,Completed
ORD-0144057,R-0352,2026-01-30,45.88,web,pickup,completed
ORD-0144058,R-0352,2026-01-09,75.30,app,pickup,Completed
ORD-0144059,R-0352,2026-01-30,55.91,web,delivery,completed
ORD-0144060,R-0352,2026-01-24,25.43,app,pickup,completed
ORD-0144061,R-0352,2026-01-16,24.18,app,pickup,completed
ORD-0144062,R-0352,2026-01-03,23.46,app,pickup,cancelled
ORD-0144063,R-0352,2026-01-22,40.44,web,delivery,completed
ORD-0144064,R-0352,2026-01-18,42.43,app,delivery,completed
ORD-0144065,R-0352,2026-01-17,35.33,app,delivery,completed
ORD-0144066,R-0352,2026-01-09,25.78,app,pickup,completed
ORD-0144067,R-0352,2026-01-10,21.00,web,pickup,completed
ORD-0144068,R-0352,2026-01-01,30.95,web,delivery,completed
ORD-0144069,R-0352,2026-01-02,36.04,app,pickup,completed
ORD-0144070,R-0352,2026-01-10,21.70,app,delivery,completed
ORD-0144071,R-0352,2026-01-28,29.53,web,delivery,completed
ORD-0144072,R-0352,2026-01-05,22.14,app,delivery,completed
ORD-0144073,R-0352,2026-01-07,13.31,web,pickup,completed
ORD-0144074,R-0352,2026-01-25,47.93,web,delivery,completed
ORD-0144075,R-0352,2026-01-17,29.48,app,pickup,completed
ORD-0144076,R-0352,2026-01-26,34.32,web,delivery,completed
ORD-0144077,R-0352,2026-01-31,39.56,web,delivery,completed
ORD-0144078,R-0352,2026-01-17,41.76,web,delivery,cancelled
ORD-0144079,R-0352,2026-01-10,38.82,app,pickup,completed
ORD-0144080,R-0352,2026-01-26,16.26,app,delivery,completed
ORD-0144081,R-0352,2026-01-03,30.62,app,delivery,completed
ORD-0144082,R-0352,2026-01-10,26.89,web,delivery,completed
ORD-0144083,R-0352,2026-01-02,45.05,app,delivery,completed
ORD-0144084,R-0352,2026-01-08,43.68,web,delivery,completed
ORD-0144085,R-0352,2026-01-11,61.31,app,delivery,completed
ORD-0144086,R-0352,2026-01-13,14.54,app,delivery,completed
ORD-0144087,R-0352,2026-01-23,28.02,app,pickup,completed
ORD-0144088,R-0352,2026-01-18,24.73,app,delivery,cancelled
ORD-0144089,R-0352,2026-01-25,20.04,app,delivery,completed
ORD-0144090,R-0352,2026-01-31,25.16,web,delivery,completed
ORD-0144091,R-0352,2026-01-21,21.18,web,delivery,completed
ORD-0144092,R-0352,2026-01-26,50.85,app,pickup,COMPLETED
ORD-0144093,R-0352,2026-01-24,40.44,app,delivery,completed
ORD-0144094,R-0352,2026-01-21,30.52,app,pickup,cancelled
ORD-0144095,R-0352,2026-01-22,24.88,app,delivery,completed
ORD-0144096,R-0352,2026-01-15,30.05,app,delivery,completed
ORD-0144097,R-0352,2026-01-17,34.03,app,delivery,completed
ORD-0144098,R-0352,2026-01-27,17.15,web,pickup,completed
ORD-0144099,R-0352,2026-01-11,26.58,web,delivery,completed
ORD-0144100,R-0352,2026-01-05,30.49,app,delivery,completed
ORD-0144101,R-0352,2026-01-22,24.23,app,pickup,completed
ORD-0144102,R-0352,2026-01-08,17.58,web,delivery,completed
ORD-0144103,R-0352,2026-01-22,25.34,app,pickup,completed
ORD-0144104,R-0352,2026-01-01,27.71,app,delivery,COMPLETED
ORD-0144105,R-0352,2026-01-10,35.49,app,pickup,completed
ORD-0144106,R-0352,2026-01-12,47.16,app,delivery,completed
ORD-0144107,R-0352,2026-01-18,37.16,app,delivery,completed
ORD-0144108,R-0352,2026-01-07,18.67,app,delivery,completed
ORD-0144109,R-0352,2026-01-03,43.60,web,pickup,completed
ORD-0144110,R-0352,2026-01-04,39.24,app,delivery,completed
ORD-0144111,R-0352,2026-01-16,22.14,app,delivery,completed
ORD-0144112,R-0352,2026-01-15,32.67,app,pickup,completed
ORD-0144113,R-0352,2026-01-08,20.06,app,pickup,COMPLETED
ORD-0144114,R-0352,2026-01-23,45.35,app,pickup,completed
ORD-0144115,R-0352,2026-01-29,42.97,web,delivery,completed
ORD-0144116,R-0352,2026-01-11,22.86,app,delivery,completed
ORD-0144117,R-0352,2026-01-16,44.83,app,delivery,cancelled
ORD-0144118,R-0352,2026-01-15,40.58,app,delivery,completed
ORD-0144119,R-0352,2026-01-05,63.87,app,delivery,completed
ORD-0144120,R-0352,2026-01-17,31.36,app,delivery,completed
ORD-0144121,R-0352,2026-01-25,20.31,app,delivery,completed
ORD-0144122,R-0352,2026-01-15,36.97,app,delivery,completed
ORD-0144123,R-0352,2026-01-07,21.67,web,delivery,completed
ORD-0144124,R-0352,2026-01-15,41.59,app,pickup,completed
ORD-0144125,R-0352,2026-01-04,15.59,web,delivery,completed
ORD-0144126,R-0352,2026-01-28,9.28,app,delivery,completed
ORD-0144127,R-0352,2026-01-17,55.03,web,delivery,completed
ORD-0144128,R-0352,2026-01-22,22.50,web,pickup,completed
ORD-0144129,R-0352,2026-01-09,29.12,web,delivery,completed
ORD-0144130,R-0352,2026-01-17,26.90,web,delivery,completed
ORD-0144131,R-0352,2026-01-18,32.59,app,pickup,completed
ORD-0144132,R-0352,2026-01-10,20.28,app,delivery,completed
ORD-0144133,R-0352,2026-01-23,15.00,app,delivery,completed
ORD-0144134,R-0352,2026-01-22,18.03,web,pickup,completed
ORD-0144135,R-0352,2026-01-07,13.76,app,pickup,completed
ORD-0144136,R-0352,2026-01-10,36.02,app,pickup,completed
ORD-0144137,R-0352,2026-01-02,17.32,app,delivery,completed
ORD-0144138,R-0352,2026-01-23,82.86,app,pickup,completed
ORD-0144139,R-0352,2026-01-30,33.75,app,delivery,completed
ORD-0144140,R-0352,2026-01-04,36.39,web,delivery,completed
ORD-0144141,R-0352,2026-01-19,41.36,web,delivery,completed
ORD-0144142,R-0352,2026-01-10,50.55,app,delivery,completed
ORD-0144143,R-0352,2026-01-08,17.36,app,delivery,completed
ORD-0144144,R-0352,2026-01-22,15.80,app,delivery,completed
ORD-0144145,R-0352,2026-01-23,14.19,app,delivery,completed
ORD-0144146,R-0352,2026-01-21,16.52,app,pickup,completed
ORD-0144147,R-0352,2026-01-02,22.34,web,delivery,completed
ORD-0144148,R-0352,2026-01-27,22.96,app,pickup,completed
ORD-0144149,R-0352,2026-01-22,28.72,app,delivery,Completed
ORD-0144150,R-0352,2026-01-23,38.44,app,delivery,completed
ORD-0144151,R-0352,2026-01-25,45.19,app,pickup,completed
ORD-0144152,R-0352,2026-01-23,47.64,app,pickup,completed
ORD-0144153,R-0352,2026-01-13,44.29,app,pickup,completed
ORD-0144154,R-0352,2026-01-23,38.91,app,pickup,completed
ORD-0144155,R-0352,2026-01-05,71.36,app,pickup,completed
ORD-0144156,R-0352,2026-01-27,32.03,web,delivery,COMPLETED
ORD-0144157,R-0352,2026-01-06,13.53,app,pickup,cancelled
ORD-0144158,R-0352,2026-01-03,13.27,web,delivery,completed
ORD-0144159,R-0352,2026-01-06,18.52,web,delivery,completed
ORD-0144160,R-0352,2026-01-10,39.51,app,pickup,completed
ORD-0144161,R-0352,2026-01-01,22.89,web,delivery,completed
ORD-0144162,R-0352,2026-01-24,33.95,web,pickup,completed
ORD-0144163,R-0352,2026-01-26,46.77,web,delivery,completed
ORD-0144164,R-0352,2026-01-03,58.61,app,delivery,completed
ORD-0144165,R-0352,2026-01-11,27.10,app,delivery,completed
ORD-0144166,R-0352,2026-01-09,32.70,app,delivery,completed
ORD-0144167,R-0352,2026-01-14,32.23,app,delivery,completed
ORD-0144168,R-0352,2026-01-09,15.43,app,delivery,Completed
ORD-0144169,R-0352,2026-01-10,23.34,app,delivery,completed
ORD-0144170,R-0352,2026-01-30,29.48,web,delivery,completed
ORD-0144171,R-0352,2026-01-18,22.19,web,pickup,refunded
ORD-0144172,R-0352,2026-01-01,40.51,app,delivery,completed
ORD-0144173,R-0352,2026-01-04,33.97,app,delivery,completed
ORD-0144174,R-0352,2026-01-10,19.60,web,delivery,completed
ORD-0144175,R-0352,2026-01-04,32.23,app,delivery,completed
ORD-0144176,R-0352,2026-01-31,44.45,app,delivery,completed
ORD-0144177,R-0352,2026-01-12,60.21,web,pickup,completed
ORD-0144178,R-0352,2026-01-16,24.64,app,pickup,completed
ORD-0144179,R-0352,2026-01-31,24.98,web,pickup,completed
ORD-0144180,R-0352,2026-01-11,43.27,app,delivery,completed
ORD-0144181,R-0352,2026-01-13,27.52,app,delivery,completed
ORD-0144182,R-0352,2026-01-11,30.47,web,delivery,COMPLETED
ORD-0144183,R-0352,2026-01-31,19.88,web,delivery,completed
ORD-0144184,R-0352,2026-01-26,56.00,web,delivery,completed
ORD-0144185,R-0352,2026-01-31,60.04,web,delivery,completed
ORD-0144186,R-0352,2026-01-03,33.74,web,pickup,completed
ORD-0144187,R-0352,2026-01-04,32.70,web,pickup,completed
ORD-0144188,R-0352,2026-01-25,39.80,web,delivery,completed
ORD-0144189,R-0352,2026-01-21,13.34,web,delivery,refunded
ORD-0144190,R-0352,2026-01-05,33.40,web,delivery,completed
ORD-0144191,R-0352,2026-01-12,66.43,app,delivery,completed
ORD-0144192,R-0352,2026-01-16,26.34,app,delivery,completed
ORD-0144193,R-0352,2026-01-10,59.07,web,pickup,COMPLETED
ORD-0144194,R-0352,2026-01-28,25.81,app,pickup,completed
ORD-0144195,R-0352,2026-01-11,12.73,app,pickup,completed
ORD-0144196,R-0352,2026-01-24,32.75,web,pickup,completed
ORD-0144197,R-0352,2026-01-18,25.96,app,delivery,completed
ORD-0144198,R-0352,2026-01-28,29.37,app,delivery,Completed
ORD-0144199,R-0352,2026-01-09,32.79,web,delivery,completed
ORD-0144200,R-0352,2026-01-01,41.75,app,delivery,completed
ORD-0144201,R-0352,2026-01-06,27.88,app,delivery,completed
ORD-0144202,R-0352,2026-01-01,44.13,app,pickup,cancelled
ORD-0144203,R-0352,2026-01-31,28.45,app,delivery,completed
ORD-0144204,R-0352,2026-01-09,24.19,web,delivery,COMPLETED
ORD-0144205,R-0352,2026-01-03,20.64,app,delivery,completed
ORD-0144206,R-0352,2026-01-13,25.42,app,delivery,completed
ORD-0144207,R-0352,2026-01-07,37.65,app,delivery,completed
ORD-0144208,R-0352,2026-01-18,45.02,web,delivery,completed
ORD-0144209,R-0352,2026-01-24,46.19,app,delivery,COMPLETED
ORD-0144210,R-0352,2026-01-09,28.80,app,pickup,completed
ORD-0144211,R-0352,2026-01-20,52.73,app,pickup,completed
ORD-0144212,R-0352,2026-01-25,41.20,app,delivery,Completed
ORD-0144213,R-0352,2026-01-26,52.35,app,delivery,completed
ORD-0144214,R-0352,2026-01-30,53.34,app,delivery,COMPLETED
ORD-0144215,R-0352,2026-01-05,23.81,app,delivery,completed
ORD-0144216,R-0352,2026-01-10,39.62,app,pickup,completed
ORD-0144217,R-0352,2026-01-30,16.75,web,delivery,completed
ORD-0144218,R-0352,2026-01-09,19.68,web,pickup,completed
ORD-0144219,R-0352,2026-01-11,42.10,app,pickup,completed
ORD-0144220,R-0352,2026-01-14,36.38,app,delivery,completed
ORD-0144221,R-0352,2026-01-12,45.55,app,delivery,completed
ORD-0144222,R-0352,2026-01-22,32.18,app,pickup,completed
ORD-0144223,R-0352,2026-01-30,21.50,app,delivery,completed
ORD-0144224,R-0352,2026-01-19,34.09,web,pickup,completed
ORD-0144225,R-0352,2026-01-30,62.38,app,delivery,completed
ORD-0144226,R-0352,2026-01-31,22.93,app,pickup,COMPLETED
ORD-0144227,R-0352,2026-01-15,21.93,app,delivery,completed
ORD-0144228,R-0352,2026-01-30,15.48,app,delivery,completed
ORD-0144229,R-0352,2026-01-30,20.16,app,delivery,completed
ORD-0144230,R-0352,2026-01-08,41.84,app,delivery,completed
ORD-0144231,R-0352,2026-01-11,16.93,app,delivery,COMPLETED
ORD-0144232,R-0352,2026-01-04,20.74,web,delivery,completed
ORD-0144233,R-0352,2026-01-29,37.01,app,delivery,completed
ORD-0144234,R-0352,2026-01-25,31.92,app,pickup,completed
ORD-0144235,R-0352,2026-01-18,25.91,web,delivery,completed
ORD-0144236,R-0352,2026-01-06,29.34,web,pickup,completed
ORD-0144237,R-0352,2026-01-11,23.59,app,pickup,completed
ORD-0144238,R-0352,2026-01-17,35.85,app,delivery,completed
ORD-0144239,R-0352,2026-01-31,18.25,app,delivery,completed
ORD-0144240,R-0352,2026-01-18,19.89,app,delivery,completed
ORD-0144241,R-0352,2026-01-09,32.11,app,pickup,completed
ORD-0144242,R-0352,2026-01-06,24.76,web,delivery,completed
ORD-0144243,R-0352,2026-01-11,28.90,web,delivery,completed
ORD-0144244,R-0352,2026-01-17,43.91,web,pickup,completed
ORD-0144245,R-0352,2026-01-25,94.79,app,pickup,refunded
ORD-0144246,R-0352,2026-01-15,18.88,web,delivery,cancelled
ORD-0144247,R-0352,2026-01-03,39.18,web,delivery,COMPLETED
ORD-0144248,R-0352,2026-01-17,19.92,app,delivery,COMPLETED
ORD-0144249,R-0352,2026-01-06,46.40,app,delivery,completed
ORD-0144250,R-0352,2026-01-29,23.33,web,delivery,completed
ORD-0144251,R-0352,2026-01-15,21.59,app,delivery,completed
ORD-0144252,R-0352,2026-01-16,20.20,web,pickup,cancelled
ORD-0144253,R-0352,2026-01-11,21.49,app,pickup,completed
ORD-0144254,R-0352,2026-01-01,18.16,app,delivery,completed
ORD-0144255,R-0352,2026-01-28,26.13,app,delivery,completed
ORD-0144256,R-0352,2026-01-07,24.58,app,pickup,completed
ORD-0144257,R-0352,2026-01-30,16.71,app,pickup,completed
ORD-0144258,R-0352,2026-01-17,16.25,app,pickup,completed
ORD-0144259,R-0352,2026-01-07,22.55,web,delivery,completed
ORD-0144260,R-0352,2026-01-12,14.49,web,delivery,completed
ORD-0144261,R-0352,2026-01-19,29.90,app,pickup,completed
ORD-0144262,R-0352,2026-01-29,44.28,app,pickup,completed
ORD-0144263,R-0352,2026-01-20,26.22,web,delivery,completed
ORD-0144264,R-0352,2026-01-15,51.07,app,pickup,completed
ORD-0144265,R-0352,2026-01-24,48.96,app,pickup,completed
ORD-0144266,R-0352,2026-01-27,26.99,web,pickup,completed
ORD-0144267,R-0352,2026-01-17,19.02,web,delivery,completed
ORD-0144268,R-0352,2026-01-02,41.56,app,delivery,completed
ORD-0144269,R-0352,2026-01-04,41.62,web,delivery,completed
ORD-0144270,R-0352,2026-01-09,26.06,app,pickup,refunded
ORD-0144271,R-0352,2026-01-01,21.71,web,delivery,completed
ORD-0144272,R-0352,2026-01-29,29.91,app,delivery,completed
ORD-0144273,R-0352,2026-01-08,37.99,app,delivery,completed
ORD-0144274,R-0352,2026-01-31,35.42,app,pickup,completed
ORD-0144275,R-0352,2026-01-18,23.20,web,pickup,completed
ORD-0144276,R-0352,2026-01-06,17.77,web,delivery,completed
ORD-0144277,R-0352,2026-01-17,52.85,app,delivery,completed
ORD-0144278,R-0352,2026-01-28,53.25,app,delivery,completed
ORD-0144279,R-0352,2026-01-12,31.58,app,delivery,Completed
ORD-0144280,R-0352,2026-01-10,43.21,app,pickup,completed
ORD-0144281,R-0352,2026-01-27,45.78,web,pickup,completed
ORD-0146640,R-0353,2026-01-21,16.76,app,pickup,COMPLETED
ORD-0146641,R-0353,2026-01-07,16.53,web,delivery,completed
ORD-0146642,R-0353,2026-01-12,16.35,web,delivery,completed
ORD-0146643,R-0353,2026-01-31,23.60,app,delivery,completed
ORD-0146644,R-0353,2026-01-23,32.23,web,delivery,completed
ORD-0146645,R-0353,2026-01-12,21.32,web,pickup,completed
ORD-0146646,R-0353,2026-01-30,23.01,app,pickup,completed
ORD-0146647,R-0353,2026-01-18,21.37,app,delivery,completed
ORD-0146648,R-0353,2026-01-03,19.98,web,delivery,completed
ORD-0146649,R-0353,2026-01-03,17.64,web,delivery,completed
ORD-0146650,R-0353,2026-01-22,22.84,app,delivery,completed
ORD-0146651,R-0353,2026-01-30,20.42,app,delivery,completed
ORD-0146652,R-0353,2026-01-21,12.11,web,delivery,COMPLETED
ORD-0146653,R-0353,2026-01-21,20.03,app,delivery,completed
ORD-0146654,R-0353,2026-01-22,23.21,web,delivery,completed
ORD-0146655,R-0353,2026-01-22,16.84,web,delivery,completed
ORD-0146656,R-0353,2026-01-30,16.19,web,delivery,completed
ORD-0146657,R-0353,2026-01-20,19.05,app,delivery,Completed
ORD-0146658,R-0353,2026-01-17,19.37,web,pickup,completed
ORD-0146659,R-0353,2026-01-17,35.21,web,delivery,completed
ORD-0146660,R-0353,2026-01-20,25.55,app,delivery,COMPLETED
ORD-0146661,R-0353,2026-01-20,21.62,web,delivery,completed
ORD-0146662,R-0353,2026-01-09,12.34,web,delivery,completed
ORD-0146663,R-0353,2026-01-06,10.97,app,delivery,completed
ORD-0146664,R-0353,2026-01-02,22.30,web,delivery,COMPLETED
ORD-0146665,R-0353,2026-01-31,34.52,app,delivery,completed
ORD-0146666,R-0353,2026-01-24,27.03,app,pickup,completed
ORD-0146667,R-0353,2026-01-14,26.77,app,delivery,completed
ORD-0146668,R-0353,2026-01-02,18.73,web,pickup,completed
ORD-0146669,R-0353,2026-01-17,24.90,web,delivery,completed
ORD-0146670,R-0353,2026-01-10,19.87,app,pickup,completed
ORD-0146671,R-0353,2026-01-10,20.41,web,delivery,completed
ORD-0146672,R-0353,2026-01-02,26.44,app,delivery,completed
ORD-0146673,R-0353,2026-01-30,16.32,app,delivery,completed
ORD-0146674,R-0353,2026-01-25,30.78,app,delivery,completed
ORD-0146675,R-0353,2026-01-02,32.71,app,delivery,completed
ORD-0146676,R-0353,2026-01-13,21.33,app,delivery,COMPLETED
ORD-0146677,R-0353,2026-01-03,19.17,web,delivery,completed
ORD-0146678,R-0353,2026-01-25,28.40,web,delivery,completed
ORD-0146679,R-0353,2026-01-28,34.32,app,delivery,COMPLETED
ORD-0146680,R-0353,2026-01-02,14.03,web,delivery,completed
ORD-0146681,R-0353,2026-01-15,17.83,app,delivery,completed
ORD-0146682,R-0353,2026-01-24,20.83,app,delivery,cancelled
ORD-0146683,R-0353,2026-01-05,27.73,app,delivery,completed
ORD-0146684,R-0353,2026-01-10,19.32,web,delivery,completed
ORD-0146685,R-0353,2026-01-15,14.62,app,pickup,completed
ORD-0146686,R-0353,2026-01-28,21.32,app,delivery,completed
ORD-0146687,R-0353,2026-01-02,16.82,app,delivery,completed
ORD-0146688,R-0353,2026-01-25,17.13,app,pickup,completed
ORD-0146689,R-0353,2026-01-06,20.62,app,delivery,completed
ORD-0146690,R-0353,2026-01-30,34.40,web,delivery,completed
ORD-0146691,R-0353,2026-01-17,19.47,app,delivery,completed
ORD-0146692,R-0353,2026-01-12,18.31,app,pickup,completed
ORD-0146693,R-0353,2026-01-16,32.16,web,delivery,completed
ORD-0146694,R-0353,2026-01-21,32.27,web,delivery,completed
ORD-0146695,R-0353,2026-01-11,13.44,web,delivery,completed
ORD-0146696,R-0353,2026-01-07,31.97,app,delivery,completed
ORD-0146697,R-0353,2026-01-22,19.33,app,delivery,Completed
ORD-0146698,R-0353,2026-01-30,21.21,web,delivery,completed
ORD-0146699,R-0353,2026-01-16,42.77,web,pickup,completed
ORD-0146700,R-0353,2026-01-02,22.57,app,delivery,completed
ORD-0146701,R-0353,2026-01-26,17.62,app,delivery,Completed
ORD-0146702,R-0353,2026-01-10,35.58,app,delivery,completed
ORD-0146703,R-0353,2026-01-28,16.79,app,delivery,completed
ORD-0146704,R-0353,2026-01-17,21.49,web,delivery,completed
ORD-0146705,R-0353,2026-01-21,21.70,app,delivery,completed
ORD-0146706,R-0353,2026-01-01,12.81,app,delivery,completed
ORD-0146707,R-0353,2026-01-23,22.44,app,delivery,completed
ORD-0146708,R-0353,2026-01-01,16.84,web,delivery,completed
ORD-0146709,R-0353,2026-01-22,21.98,app,delivery,completed
ORD-0146710,R-0353,2026-01-12,21.57,app,delivery,completed
ORD-0146711,R-0353,2026-01-09,24.29,app,delivery,completed
ORD-0146712,R-0353,2026-01-17,20.32,app,pickup,completed
ORD-0146713,R-0353,2026-01-15,32.57,app,pickup,completed
ORD-0146714,R-0353,2026-01-11,33.69,app,pickup,Completed
ORD-0146715,R-0353,2026-01-08,23.87,web,delivery,completed
ORD-0146716,R-0353,2026-01-03,22.64,app,delivery,completed
ORD-0146717,R-0353,2026-01-24,26.03,app,delivery,completed
ORD-0146718,R-0353,2026-01-31,17.03,app,pickup,completed
ORD-0146719,R-0353,2026-01-31,33.59,app,delivery,completed
ORD-0146720,R-0353,2026-01-22,22.24,app,delivery,completed
ORD-0146721,R-0353,2026-01-17,27.59,web,delivery,completed
ORD-0146722,R-0353,2026-01-30,26.91,web,delivery,completed
ORD-0146723,R-0353,2026-01-30,26.37,app,delivery,completed
ORD-0146724,R-0353,2026-01-09,20.60,web,delivery,completed
ORD-0146725,R-0353,2026-01-03,30.29,web,delivery,completed
ORD-0146726,R-0353,2026-01-30,21.26,app,delivery,completed
ORD-0146727,R-0353,2026-01-18,30.14,web,delivery,completed
ORD-0146728,R-0353,2026-01-07,11.95,web,delivery,completed
ORD-0146729,R-0353,2026-01-05,27.27,web,delivery,completed
ORD-0146730,R-0353,2026-01-06,20.46,app,delivery,completed
ORD-0146731,R-0353,2026-01-06,28.35,app,delivery,completed
ORD-0146732,R-0353,2026-01-05,8.77,web,delivery,completed
ORD-0146733,R-0353,2026-01-21,19.31,app,delivery,completed
ORD-0146734,R-0353,2026-01-24,33.97,web,pickup,completed
ORD-0146735,R-0353,2026-01-19,14.55,web,delivery,completed
ORD-0146736,R-0353,2026-01-04,21.67,app,delivery,completed
ORD-0146737,R-0353,2026-01-23,15.29,app,delivery,completed
ORD-0146738,R-0353,2026-01-04,19.58,web,delivery,COMPLETED
ORD-0146739,R-0353,2026-01-26,28.08,web,delivery,COMPLETED
ORD-0146740,R-0353,2026-01-23,24.55,app,delivery,completed
ORD-0146741,R-0353,2026-01-05,15.40,web,delivery,completed
ORD-0146742,R-0353,2026-01-27,37.50,app,delivery,cancelled
ORD-0146743,R-0353,2026-01-09,33.44,web,delivery,completed
ORD-0146744,R-0353,2026-01-21,13.43,web,delivery,completed
ORD-0146745,R-0353,2026-01-05,17.90,web,delivery,completed
ORD-0146746,R-0353,2026-01-19,19.58,app,delivery,completed
ORD-0146747,R-0353,2026-01-09,20.93,app,pickup,completed
ORD-0146748,R-0353,2026-01-23,30.34,app,delivery,completed
ORD-0146749,R-0353,2026-01-04,25.77,app,delivery,completed
ORD-0146750,R-0353,2026-01-14,12.89,app,delivery,completed
ORD-0146751,R-0353,2026-01-17,16.41,web,pickup,completed
ORD-0146752,R-0353,2026-01-17,21.42,web,delivery,completed
ORD-0146753,R-0353,2026-01-06,19.67,app,pickup,completed
ORD-0146754,R-0353,2026-01-21,22.06,app,delivery,Completed
ORD-0146755,R-0353,2026-01-05,26.51,web,delivery,completed
ORD-0146756,R-0353,2026-01-17,18.75,app,delivery,completed
ORD-0146757,R-0353,2026-01-19,20.92,app,delivery,completed
ORD-0146758,R-0353,2026-01-13,12.95,app,delivery,completed
ORD-0146759,R-0353,2026-01-25,13.70,web,delivery,completed
ORD-0146760,R-0353,2026-01-05,15.35,web,pickup,completed
ORD-0146761,R-0353,2026-01-27,12.78,app,delivery,completed
ORD-0146762,R-0353,2026-01-27,15.72,web,delivery,Completed
ORD-0146763,R-0353,2026-01-18,34.90,app,pickup,completed
ORD-0146764,R-0353,2026-01-02,20.86,web,delivery,completed
ORD-0146765,R-0353,2026-01-02,18.95,web,delivery,Completed
ORD-0146766,R-0353,2026-01-02,18.66,web,delivery,Cancelled
ORD-0146767,R-0353,2026-01-17,19.34,app,pickup,completed
ORD-0146768,R-0353,2026-01-24,18.84,app,delivery,completed
ORD-0146769,R-0353,2026-01-25,15.71,app,delivery,completed
ORD-0146770,R-0353,2026-01-18,29.14,app,delivery,completed
ORD-0146771,R-0353,2026-01-07,14.48,app,delivery,completed
ORD-0146772,R-0353,2026-01-16,29.79,web,delivery,completed
ORD-0146773,R-0353,2026-01-02,22.21,app,delivery,completed
ORD-0146774,R-0353,2026-01-28,37.49,app,delivery,completed
ORD-0146775,R-0353,2026-01-10,12.52,web,delivery,completed
ORD-0146776,R-0353,2026-01-19,19.53,web,delivery,completed
ORD-0146777,R-0353,2026-01-13,19.61,app,delivery,completed
ORD-0147354,R-0354,2026-01-30,33.92,app,delivery,completed
ORD-0147355,R-0354,2026-01-29,11.07,app,delivery,completed
ORD-0147356,R-0354,2026-01-31,28.76,web,delivery,REFUNDED
ORD-0147682,R-0355,2026-01-05,24.87,web,delivery,COMPLETED
ORD-0147683,R-0355,2026-01-17,23.13,web,delivery,completed
ORD-0147684,R-0355,2026-01-10,54.99,app,delivery,completed
ORD-0147685,R-0355,2026-01-23,14.66,app,delivery,completed
ORD-0147686,R-0355,2026-01-17,12.26,web,pickup,cancelled
ORD-0147687,R-0355,2026-01-12,19.36,web,pickup,refunded
ORD-0147688,R-0355,2026-01-01,25.44,web,delivery,completed
ORD-0147689,R-0355,2026-01-07,23.04,web,delivery,completed
ORD-0147690,R-0355,2026-01-09,26.40,app,delivery,completed
ORD-0147691,R-0355,2026-01-04,41.64,web,delivery,completed
ORD-0147692,R-0355,2026-01-18,50.14,app,delivery,completed
ORD-0147693,R-0355,2026-01-02,22.51,web,delivery,completed
ORD-0147694,R-0355,2026-01-02,26.62,app,delivery,completed
ORD-0147695,R-0355,2026-01-22,80.15,app,delivery,completed
ORD-0147696,R-0355,2026-01-05,31.13,app,delivery,completed
ORD-0147697,R-0355,2026-01-28,17.29,web,pickup,completed
ORD-0147698,R-0355,2026-01-16,46.16,app,delivery,completed
ORD-0147699,R-0355,2026-01-22,69.97,app,delivery,completed
ORD-0147700,R-0355,2026-01-09,35.94,web,delivery,completed
ORD-0147701,R-0355,2026-01-26,72.34,web,delivery,completed
ORD-0149456,R-0357,2026-01-02,36.20,web,delivery,completed
ORD-0149457,R-0357,2026-01-22,34.19,app,delivery,completed
ORD-0149458,R-0357,2026-01-23,28.36,web,pickup,completed
ORD-0149459,R-0357,2026-01-20,31.35,web,delivery,completed
ORD-0149460,R-0357,2026-01-30,24.21,web,pickup,completed
ORD-0149461,R-0357,2026-01-09,55.89,web,delivery,completed
ORD-0149462,R-0357,2026-01-30,37.07,web,delivery,completed
ORD-0149463,R-0357,2026-01-22,33.02,web,delivery,completed
ORD-0149464,R-0357,2026-01-24,27.49,web,delivery,completed
ORD-0149465,R-0357,2026-01-05,24.36,app,delivery,completed
ORD-0149466,R-0357,2026-01-19,9.67,web,delivery,completed
ORD-0149467,R-0357,2026-01-25,18.75,app,pickup,completed
ORD-0149468,R-0357,2026-01-26,25.27,web,delivery,completed
ORD-0149469,R-0357,2026-01-11,33.64,app,pickup,completed
ORD-0149470,R-0357,2026-01-29,24.18,web,delivery,completed
ORD-0149471,R-0357,2026-01-08,37.47,app,pickup,completed
ORD-0149472,R-0357,2026-01-14,69.46,web,delivery,completed
ORD-0149473,R-0357,2026-01-25,21.87,web,delivery,completed
ORD-0149474,R-0357,2026-01-17,14.99,app,delivery,completed
ORD-0149475,R-0357,2026-01-01,34.50,web,delivery,completed
ORD-0149476,R-0357,2026-01-13,20.86,web,delivery,completed
ORD-0149477,R-0357,2026-01-23,28.03,web,pickup,completed
ORD-0149478,R-0357,2026-01-27,37.99,web,delivery,completed
ORD-0149479,R-0357,2026-01-26,24.89,web,delivery,cancelled
ORD-0149480,R-0357,2026-01-15,18.39,web,pickup,completed
ORD-0149481,R-0357,2026-01-04,33.91,app,delivery,completed
ORD-0149482,R-0357,2026-01-18,60.09,web,pickup,completed
ORD-0149483,R-0357,2026-01-04,29.46,web,delivery,completed
ORD-0149484,R-0357,2026-01-05,14.66,app,pickup,completed
ORD-0149485,R-0357,2026-01-22,35.03,web,pickup,completed
ORD-0149486,R-0357,2026-01-04,11.82,web,pickup,completed
ORD-0149487,R-0357,2026-01-28,64.61,app,pickup,completed
ORD-0149488,R-0357,2026-01-09,20.81,web,delivery,completed
ORD-0149489,R-0357,2026-01-14,58.49,web,delivery,completed
ORD-0149490,R-0357,2026-01-01,20.32,web,delivery,completed
ORD-0149491,R-0357,2026-01-26,17.50,web,delivery,completed
ORD-0149492,R-0357,2026-01-16,22.12,web,delivery,completed
ORD-0149493,R-0357,2026-01-20,29.36,web,delivery,completed
ORD-0149494,R-0357,2026-01-04,57.02,web,delivery,completed
ORD-0149495,R-0357,2026-01-31,34.39,app,delivery,completed
ORD-0149496,R-0357,2026-01-31,34.26,web,pickup,COMPLETED
ORD-0149497,R-0357,2026-01-29,24.07,web,pickup,completed
ORD-0149498,R-0357,2026-01-30,37.41,web,delivery,completed
ORD-0149499,R-0357,2026-01-24,38.15,app,delivery,completed
ORD-0149500,R-0357,2026-01-05,40.60,web,delivery,completed
ORD-0149501,R-0357,2026-01-18,13.72,app,delivery,completed
ORD-0149502,R-0357,2026-01-16,30.28,web,pickup,completed
ORD-0149503,R-0357,2026-01-03,54.51,web,pickup,completed
ORD-0149504,R-0357,2026-01-28,30.45,app,pickup,completed
ORD-0149505,R-0357,2026-01-14,54.11,web,delivery,completed
ORD-0149506,R-0357,2026-01-17,42.59,app,delivery,completed
ORD-0149507,R-0357,2026-01-31,35.41,web,delivery,completed
ORD-0149508,R-0357,2026-01-30,16.72,web,pickup,COMPLETED
ORD-0149509,R-0357,2026-01-08,28.25,web,delivery,Completed
ORD-0149510,R-0357,2026-01-20,12.14,app,pickup,completed
ORD-0149511,R-0357,2026-01-16,36.48,web,delivery,REFUNDED
ORD-0149512,R-0357,2026-01-31,22.06,web,pickup,cancelled
ORD-0149513,R-0357,2026-01-30,36.24,web,delivery,completed
ORD-0149514,R-0357,2026-01-06,23.93,web,pickup,completed
ORD-0149515,R-0357,2026-01-31,24.39,web,pickup,completed
ORD-0149516,R-0357,2026-01-18,34.07,app,delivery,completed
ORD-0149517,R-0357,2026-01-16,28.16,app,pickup,completed
ORD-0149518,R-0357,2026-01-28,15.09,web,delivery,completed
ORD-0149519,R-0357,2026-01-30,25.40,web,delivery,completed
ORD-0149520,R-0357,2026-01-08,54.59,app,delivery,completed
ORD-0149521,R-0357,2026-01-09,21.57,app,pickup,cancelled
ORD-0149522,R-0357,2026-01-09,31.52,app,delivery,completed
ORD-0149523,R-0357,2026-01-31,25.77,web,delivery,Completed
ORD-0149524,R-0357,2026-01-17,34.80,app,delivery,completed
ORD-0149525,R-0357,2026-01-25,43.57,app,delivery,completed
ORD-0149526,R-0357,2026-01-17,29.04,app,delivery,COMPLETED
ORD-0149527,R-0357,2026-01-23,10.17,web,delivery,completed
ORD-0149528,R-0357,2026-01-28,25.65,web,delivery,completed
ORD-0149529,R-0357,2026-01-22,28.69,web,pickup,completed
ORD-0149530,R-0357,2026-01-26,12.07,web,delivery,completed
ORD-0149531,R-0357,2026-01-02,45.85,web,delivery,completed
ORD-0149532,R-0357,2026-01-02,9.68,web,delivery,completed
ORD-0149533,R-0357,2026-01-09,31.14,app,pickup,completed
ORD-0149534,R-0357,2026-01-16,18.84,web,delivery,completed
ORD-0149535,R-0357,2026-01-05,15.13,web,delivery,completed
ORD-0149536,R-0357,2026-01-25,23.18,web,delivery,completed
ORD-0149537,R-0357,2026-01-25,50.77,app,pickup,completed
ORD-0149538,R-0357,2026-01-24,33.25,web,pickup,COMPLETED
ORD-0149539,R-0357,2026-01-31,37.51,web,delivery,completed
ORD-0149540,R-0357,2026-01-22,65.09,web,delivery,completed
ORD-0149541,R-0357,2026-01-16,36.80,web,delivery,completed
ORD-0149542,R-0357,2026-01-31,20.52,web,pickup,completed
ORD-0149543,R-0357,2026-01-15,12.88,web,delivery,cancelled
ORD-0149544,R-0357,2026-01-24,23.94,app,pickup,completed
ORD-0149545,R-0357,2026-01-14,28.89,app,delivery,COMPLETED
ORD-0149546,R-0357,2026-01-13,20.68,web,delivery,completed
ORD-0149547,R-0357,2026-01-15,36.32,app,pickup,completed
ORD-0149548,R-0357,2026-01-01,33.37,web,delivery,completed
ORD-0149549,R-0357,2026-01-31,19.59,web,pickup,completed
ORD-0149550,R-0357,2026-01-28,49.60,web,delivery,completed
ORD-0149551,R-0357,2026-01-09,47.08,web,delivery,completed
ORD-0149552,R-0357,2026-01-08,39.84,app,delivery,completed
ORD-0149553,R-0357,2026-01-03,30.90,web,pickup,refunded
ORD-0149554,R-0357,2026-01-24,19.05,app,delivery,Completed
ORD-0149555,R-0357,2026-01-22,21.54,app,delivery,completed
ORD-0149556,R-0357,2026-01-07,17.19,web,delivery,Completed
ORD-0149557,R-0357,2026-01-01,31.62,app,delivery,completed
ORD-0149558,R-0357,2026-01-31,27.76,app,delivery,completed
ORD-0149559,R-0357,2026-01-10,20.68,web,delivery,Completed
ORD-0149560,R-0357,2026-01-24,22.85,app,delivery,completed
ORD-0149561,R-0357,2026-01-13,37.82,web,delivery,completed
ORD-0149562,R-0357,2026-01-30,35.84,app,pickup,completed
ORD-0149563,R-0357,2026-01-23,24.34,app,pickup,completed
ORD-0149564,R-0357,2026-01-25,34.12,web,delivery,completed
ORD-0149565,R-0357,2026-01-03,45.39,web,delivery,COMPLETED
ORD-0149566,R-0357,2026-01-27,20.71,web,delivery,completed
ORD-0149567,R-0357,2026-01-17,25.73,web,delivery,COMPLETED
ORD-0149568,R-0357,2026-01-08,43.78,web,delivery,completed
ORD-0149569,R-0357,2026-01-15,24.23,web,pickup,completed
ORD-0149570,R-0357,2026-01-28,24.15,web,pickup,completed
ORD-0149571,R-0357,2026-01-18,49.44,web,delivery,completed
ORD-0149572,R-0357,2026-01-02,29.81,app,delivery,completed
ORD-0149573,R-0357,2026-01-14,12.99,web,delivery,completed
ORD-0149574,R-0357,2026-01-29,25.72,web,delivery,completed
ORD-0149575,R-0357,2026-01-09,20.07,web,delivery,completed
ORD-0149576,R-0357,2026-01-28,21.63,app,delivery,completed
ORD-0149577,R-0357,2026-01-09,27.58,web,delivery,completed
ORD-0149578,R-0357,2026-01-09,23.47,web,delivery,completed
ORD-0149579,R-0357,2026-01-30,35.53,web,delivery,completed
ORD-0149580,R-0357,2026-01-16,21.16,app,delivery,Completed
ORD-0149581,R-0357,2026-01-23,18.34,app,delivery,completed
ORD-0149582,R-0357,2026-01-14,41.53,web,delivery,completed
ORD-0149583,R-0357,2026-01-11,22.17,web,delivery,COMPLETED
ORD-0149584,R-0357,2026-01-30,49.11,web,delivery,completed
ORD-0149585,R-0357,2026-01-21,14.83,app,delivery,completed
ORD-0149586,R-0357,2026-01-27,45.27,web,delivery,completed
ORD-0149587,R-0357,2026-01-03,27.72,web,pickup,completed
ORD-0149588,R-0357,2026-01-30,21.27,app,pickup,completed
ORD-0149589,R-0357,2026-01-06,19.95,app,delivery,completed
ORD-0149590,R-0357,2026-01-05,31.72,web,delivery,completed
ORD-0149591,R-0357,2026-01-25,33.96,app,delivery,Completed
ORD-0149592,R-0357,2026-01-22,23.48,app,delivery,completed
ORD-0149593,R-0357,2026-01-04,41.30,web,delivery,completed
ORD-0150810,R-0359,2026-01-07,34.95,web,delivery,completed
ORD-0150811,R-0359,2026-01-21,59.04,web,pickup,Completed
ORD-0150812,R-0359,2026-01-11,42.63,app,delivery,completed
ORD-0150813,R-0359,2026-01-16,22.56,app,delivery,COMPLETED
ORD-0150814,R-0359,2026-01-06,33.06,web,delivery,completed
ORD-0150815,R-0359,2026-01-15,42.08,app,delivery,completed
ORD-0150816,R-0359,2026-01-11,29.12,app,delivery,refunded
ORD-0150817,R-0359,2026-01-20,54.04,web,pickup,completed
ORD-0150818,R-0359,2026-01-09,33.82,app,delivery,completed
ORD-0150819,R-0359,2026-01-04,38.18,app,pickup,completed
ORD-0150820,R-0359,2026-01-02,60.96,app,pickup,completed
ORD-0150821,R-0359,2026-01-15,36.83,app,pickup,completed
ORD-0150822,R-0359,2026-01-23,96.21,web,pickup,completed
ORD-0150823,R-0359,2026-01-27,28.52,app,delivery,completed
ORD-0150824,R-0359,2026-01-02,60.61,app,delivery,completed
ORD-0150825,R-0359,2026-01-20,29.22,app,pickup,completed
ORD-0150826,R-0359,2026-01-12,24.78,web,pickup,completed
ORD-0150827,R-0359,2026-01-22,20.52,app,delivery,completed
ORD-0150828,R-0359,2026-01-05,18.71,app,delivery,completed
ORD-0150829,R-0359,2026-01-13,26.74,app,pickup,completed
ORD-0150830,R-0359,2026-01-30,36.24,web,pickup,completed
ORD-0150831,R-0359,2026-01-16,19.29,app,pickup,refunded
ORD-0150832,R-0359,2026-01-07,35.29,app,delivery,completed
ORD-0150833,R-0359,2026-01-26,36.12,app,pickup,completed
ORD-0150834,R-0359,2026-01-09,30.73,web,delivery,completed
ORD-0150835,R-0359,2026-01-26,31.34,web,pickup,completed
ORD-0150836,R-0359,2026-01-16,36.13,web,pickup,completed
ORD-0150837,R-0359,2026-01-18,42.44,app,pickup,completed
ORD-0150838,R-0359,2026-01-20,50.49,web,delivery,completed
ORD-0150839,R-0359,2026-01-24,25.06,app,delivery,completed
ORD-0150840,R-0359,2026-01-10,23.66,web,pickup,completed
ORD-0150841,R-0359,2026-01-08,113.96,app,pickup,completed
ORD-0150842,R-0359,2026-01-26,42.49,app,delivery,completed
ORD-0150843,R-0359,2026-01-31,35.25,app,delivery,completed
ORD-0150844,R-0359,2026-01-22,45.49,web,pickup,completed
ORD-0150845,R-0359,2026-01-23,36.71,web,delivery,completed
ORD-0150846,R-0359,2026-01-25,31.99,app,delivery,cancelled
ORD-0150847,R-0359,2026-01-12,20.38,web,pickup,completed
ORD-0150848,R-0359,2026-01-06,23.17,app,pickup,COMPLETED
ORD-0150849,R-0359,2026-01-05,36.52,app,delivery,completed
ORD-0150850,R-0359,2026-01-25,28.61,web,delivery,completed
ORD-0150851,R-0359,2026-01-29,47.10,app,delivery,completed
ORD-0150852,R-0359,2026-01-25,14.63,app,pickup,Completed
ORD-0150853,R-0359,2026-01-21,35.27,web,delivery,completed
ORD-0150854,R-0359,2026-01-22,16.66,app,delivery,completed
ORD-0150855,R-0359,2026-01-16,32.20,app,delivery,completed
ORD-0150856,R-0359,2026-01-25,91.19,app,pickup,completed
ORD-0150857,R-0359,2026-01-12,39.33,app,delivery,completed
ORD-0150858,R-0359,2026-01-07,50.92,web,pickup,completed
ORD-0150859,R-0359,2026-01-04,28.10,app,delivery,completed
ORD-0150860,R-0359,2026-01-17,10.15,web,delivery,completed
ORD-0150861,R-0359,2026-01-08,22.20,app,delivery,completed
ORD-0150862,R-0359,2026-01-23,22.34,app,delivery,completed
ORD-0150863,R-0359,2026-01-12,28.29,web,pickup,completed
ORD-0150864,R-0359,2026-01-20,46.44,app,delivery,completed
ORD-0150865,R-0359,2026-01-06,42.29,web,delivery,completed
ORD-0150866,R-0359,2026-01-15,23.56,app,delivery,completed
ORD-0150867,R-0359,2026-01-20,33.16,web,delivery,completed
ORD-0150868,R-0359,2026-01-31,45.22,app,pickup,completed
ORD-0150869,R-0359,2026-01-10,85.31,web,delivery,completed
ORD-0150870,R-0359,2026-01-24,21.43,app,pickup,completed
ORD-0150871,R-0359,2026-01-03,28.73,web,pickup,completed
ORD-0150872,R-0359,2026-01-25,72.67,web,delivery,completed
ORD-0150873,R-0359,2026-01-15,31.07,app,delivery,completed
ORD-0150874,R-0359,2026-01-04,33.23,web,delivery,completed
ORD-0150875,R-0359,2026-01-23,49.20,app,delivery,completed
ORD-0150876,R-0359,2026-01-18,26.50,app,pickup,completed
ORD-0150877,R-0359,2026-01-22,12.28,web,delivery,completed
ORD-0150878,R-0359,2026-01-23,21.22,web,delivery,cancelled
ORD-0150879,R-0359,2026-01-30,32.58,app,pickup,cancelled
ORD-0150880,R-0359,2026-01-21,20.49,app,delivery,completed
ORD-0150881,R-0359,2026-01-01,24.70,web,delivery,completed
ORD-0150882,R-0359,2026-01-23,48.37,web,delivery,completed
ORD-0150883,R-0359,2026-01-11,25.41,web,delivery,completed
ORD-0150884,R-0359,2026-01-16,44.80,web,pickup,completed
ORD-0150885,R-0359,2026-01-21,20.71,app,delivery,completed
ORD-0150886,R-0359,2026-01-17,27.12,app,pickup,completed
ORD-0151745,R-0362,2026-01-07,12.76,web,delivery,completed
ORD-0151746,R-0362,2026-01-25,51.64,app,pickup,completed
ORD-0151747,R-0362,2026-01-11,19.83,web,delivery,completed
ORD-0151748,R-0362,2026-01-29,21.41,web,delivery,completed
ORD-0151749,R-0362,2026-01-18,37.10,web,delivery,completed
ORD-0151750,R-0362,2026-01-18,34.45,web,delivery,completed
ORD-0151751,R-0362,2026-01-08,48.29,app,pickup,completed
ORD-0151752,R-0362,2026-01-15,15.55,app,delivery,completed
ORD-0151753,R-0362,2026-01-15,20.45,app,delivery,completed
ORD-0151754,R-0362,2026-01-10,54.51,web,delivery,completed
ORD-0151755,R-0362,2026-01-08,23.16,app,delivery,COMPLETED
ORD-0151756,R-0362,2026-01-04,39.79,web,pickup,completed
ORD-0151757,R-0362,2026-01-16,15.59,web,delivery,completed
ORD-0151758,R-0362,2026-01-30,31.54,web,pickup,Refunded
ORD-0151759,R-0362,2026-01-13,14.57,web,pickup,completed
ORD-0151760,R-0362,2026-01-02,26.96,web,delivery,completed
ORD-0151761,R-0362,2026-01-29,42.43,web,delivery,COMPLETED
ORD-0151762,R-0362,2026-01-29,23.68,web,delivery,completed
ORD-0151763,R-0362,2026-01-29,32.81,web,pickup,completed
ORD-0151764,R-0362,2026-01-21,23.69,app,pickup,completed
ORD-0151765,R-0362,2026-01-09,22.50,web,delivery,COMPLETED
ORD-0151766,R-0362,2026-01-18,24.89,web,pickup,completed
ORD-0151767,R-0362,2026-01-07,13.76,web,delivery,completed
ORD-0151768,R-0362,2026-01-06,17.74,app,delivery,completed
ORD-0151769,R-0362,2026-01-19,12.00,web,delivery,REFUNDED
ORD-0151770,R-0362,2026-01-25,29.32,app,pickup,completed
ORD-0151771,R-0362,2026-01-24,17.75,web,delivery,completed
ORD-0151772,R-0362,2026-01-08,25.93,app,delivery,completed
ORD-0151773,R-0362,2026-01-07,45.90,web,delivery,Completed
ORD-0151774,R-0362,2026-01-08,11.16,web,delivery,completed
ORD-0151775,R-0362,2026-01-10,44.56,web,delivery,Completed
ORD-0151776,R-0362,2026-01-10,12.99,web,delivery,completed
ORD-0151777,R-0362,2026-01-09,18.74,web,delivery,completed
ORD-0151778,R-0362,2026-01-13,16.73,web,pickup,completed
ORD-0151779,R-0362,2026-01-31,33.98,app,pickup,refunded
ORD-0151780,R-0362,2026-01-04,34.75,app,delivery,completed
ORD-0151781,R-0362,2026-01-16,25.82,app,pickup,completed
ORD-0151782,R-0362,2026-01-01,17.76,web,delivery,completed
ORD-0151783,R-0362,2026-01-07,22.37,app,delivery,completed
ORD-0151784,R-0362,2026-01-19,16.56,app,pickup,completed
ORD-0151785,R-0362,2026-01-02,50.01,web,pickup,completed
ORD-0151786,R-0362,2026-01-21,42.19,web,pickup,completed
ORD-0151787,R-0362,2026-01-10,11.19,app,delivery,completed
ORD-0151788,R-0362,2026-01-17,36.57,app,pickup,completed
ORD-0151789,R-0362,2026-01-05,21.63,web,pickup,completed
ORD-0151790,R-0362,2026-01-24,57.11,app,pickup,completed
ORD-0151791,R-0362,2026-01-14,47.30,app,delivery,completed
ORD-0151792,R-0362,2026-01-23,16.15,web,delivery,completed
ORD-0151793,R-0362,2026-01-04,25.41,app,delivery,completed
ORD-0151794,R-0362,2026-01-13,49.21,web,delivery,completed
ORD-0151795,R-0362,2026-01-29,24.20,web,delivery,completed
ORD-0151796,R-0362,2026-01-04,21.62,app,delivery,completed
ORD-0151797,R-0362,2026-01-14,12.52,app,delivery,completed
ORD-0151798,R-0362,2026-01-13,42.77,web,delivery,completed
ORD-0151799,R-0362,2026-01-16,15.10,app,pickup,completed
ORD-0151800,R-0362,2026-01-11,28.84,web,delivery,completed
ORD-0151801,R-0362,2026-01-05,25.13,web,pickup,completed
ORD-0151802,R-0362,2026-01-28,33.56,web,delivery,completed
ORD-0151803,R-0362,2026-01-13,15.00,web,delivery,completed
ORD-0151804,R-0362,2026-01-11,44.76,web,delivery,completed
ORD-0151805,R-0362,2026-01-24,22.55,app,delivery,completed
ORD-0151806,R-0362,2026-01-14,22.45,app,pickup,completed
ORD-0151807,R-0362,2026-01-15,36.54,web,delivery,completed
ORD-0151808,R-0362,2026-01-14,30.88,app,delivery,completed
ORD-0151809,R-0362,2026-01-03,31.69,app,delivery,completed
ORD-0151810,R-0362,2026-01-07,37.58,web,delivery,cancelled
ORD-0151811,R-0362,2026-01-18,18.09,web,delivery,completed
ORD-0151812,R-0362,2026-01-22,34.59,web,delivery,completed
ORD-0151813,R-0362,2026-01-02,19.03,web,delivery,completed
ORD-0151814,R-0362,2026-01-31,46.23,app,delivery,completed
ORD-0151815,R-0362,2026-01-02,19.53,web,pickup,completed
ORD-0151816,R-0362,2026-01-22,27.23,app,delivery,completed
ORD-0151817,R-0362,2026-01-16,11.87,web,delivery,Completed
ORD-0151818,R-0362,2026-01-28,56.79,web,delivery,completed
ORD-0151819,R-0362,2026-01-01,21.44,app,pickup,completed
ORD-0151820,R-0362,2026-01-28,18.64,web,delivery,completed
ORD-0151821,R-0362,2026-01-02,33.62,web,pickup,completed
ORD-0151822,R-0362,2026-01-23,14.91,app,delivery,completed
ORD-0151823,R-0362,2026-01-17,29.34,app,delivery,completed
ORD-0151824,R-0362,2026-01-03,43.17,web,delivery,COMPLETED
ORD-0151825,R-0362,2026-01-02,17.49,app,delivery,completed
ORD-0151826,R-0362,2026-01-23,25.92,app,pickup,completed
ORD-0151827,R-0362,2026-01-31,53.11,web,pickup,completed
ORD-0151828,R-0362,2026-01-07,46.38,web,delivery,COMPLETED
ORD-0151829,R-0362,2026-01-25,26.16,web,delivery,completed
ORD-0151830,R-0362,2026-01-17,19.97,app,delivery,completed
ORD-0151831,R-0362,2026-01-06,28.22,web,delivery,completed
ORD-0151832,R-0362,2026-01-30,43.79,app,delivery,completed
ORD-0151833,R-0362,2026-01-04,50.75,app,delivery,cancelled
ORD-0152944,R-0363,2026-01-19,21.36,app,pickup,completed
ORD-0152945,R-0363,2026-01-30,15.26,web,pickup,completed
ORD-0152946,R-0363,2026-01-09,9.31,app,delivery,completed
ORD-0152947,R-0363,2026-01-17,11.98,web,delivery,completed
ORD-0152948,R-0363,2026-01-24,19.72,web,pickup,Completed
ORD-0152949,R-0363,2026-01-28,11.58,web,pickup,completed
ORD-0152950,R-0363,2026-01-11,13.67,app,delivery,completed
ORD-0152951,R-0363,2026-01-28,19.45,web,pickup,completed
ORD-0152952,R-0363,2026-01-17,11.67,app,pickup,completed
ORD-0152953,R-0363,2026-01-12,34.89,app,pickup,COMPLETED
ORD-0152954,R-0363,2026-01-21,21.84,web,pickup,completed
ORD-0152955,R-0363,2026-01-27,28.21,app,pickup,completed
ORD-0152956,R-0363,2026-01-16,9.64,web,pickup,completed
ORD-0152957,R-0363,2026-01-17,15.84,web,pickup,completed
ORD-0152958,R-0363,2026-01-20,9.14,web,pickup,completed
ORD-0152959,R-0363,2026-01-23,20.12,app,delivery,completed
ORD-0152960,R-0363,2026-01-09,19.70,app,delivery,completed
ORD-0152961,R-0363,2026-01-29,21.86,web,pickup,completed
ORD-0152962,R-0363,2026-01-24,22.26,web,pickup,COMPLETED
ORD-0152963,R-0363,2026-01-18,14.94,app,pickup,Completed
ORD-0152964,R-0363,2026-01-23,21.78,web,pickup,completed
ORD-0152965,R-0363,2026-01-18,23.74,web,pickup,completed
ORD-0152966,R-0363,2026-01-05,32.54,web,pickup,completed
ORD-0152967,R-0363,2026-01-19,22.59,web,delivery,completed
ORD-0152968,R-0363,2026-01-02,26.49,web,pickup,completed
ORD-0152969,R-0363,2026-01-22,19.04,web,pickup,completed
ORD-0152970,R-0363,2026-01-25,23.99,app,pickup,completed
ORD-0152971,R-0363,2026-01-19,12.83,web,pickup,completed
ORD-0152972,R-0363,2026-01-06,12.44,web,delivery,completed
ORD-0152973,R-0363,2026-01-14,26.79,web,delivery,completed
ORD-0152974,R-0363,2026-01-09,10.20,web,pickup,Completed
ORD-0152975,R-0363,2026-01-05,14.61,app,delivery,completed
ORD-0152976,R-0363,2026-01-09,11.54,web,pickup,completed
ORD-0152977,R-0363,2026-01-28,10.15,app,delivery,completed
ORD-0152978,R-0363,2026-01-11,13.46,web,pickup,completed
ORD-0152979,R-0363,2026-01-25,17.59,app,pickup,completed
ORD-0152980,R-0363,2026-01-12,15.82,web,delivery,completed
ORD-0152981,R-0363,2026-01-19,12.26,app,pickup,completed
ORD-0152982,R-0363,2026-01-01,19.28,web,pickup,completed
ORD-0152983,R-0363,2026-01-02,10.95,web,pickup,completed
ORD-0152984,R-0363,2026-01-26,25.32,web,pickup,completed
ORD-0152985,R-0363,2026-01-19,13.60,web,pickup,completed
ORD-0152986,R-0363,2026-01-08,22.40,web,pickup,completed
ORD-0152987,R-0363,2026-01-17,17.46,web,pickup,completed
ORD-0152988,R-0363,2026-01-05,11.38,web,delivery,completed
ORD-0152989,R-0363,2026-01-31,27.45,web,pickup,completed
ORD-0152990,R-0363,2026-01-26,16.45,app,delivery,completed
ORD-0152991,R-0363,2026-01-08,16.50,web,pickup,completed
ORD-0152992,R-0363,2026-01-19,13.86,web,pickup,completed
ORD-0152993,R-0363,2026-01-23,17.36,web,pickup,completed
ORD-0152994,R-0363,2026-01-28,17.59,web,pickup,completed
ORD-0152995,R-0363,2026-01-06,15.12,web,delivery,completed
ORD-0152996,R-0363,2026-01-31,10.62,web,pickup,completed
ORD-0152997,R-0363,2026-01-07,8.77,app,pickup,completed
ORD-0152998,R-0363,2026-01-17,18.07,web,pickup,Completed
ORD-0152999,R-0363,2026-01-05,20.00,app,pickup,completed
ORD-0153000,R-0363,2026-01-09,21.81,web,pickup,completed
ORD-0153001,R-0363,2026-01-01,17.73,app,delivery,completed
ORD-0153002,R-0363,2026-01-05,30.85,web,pickup,completed
ORD-0153003,R-0363,2026-01-06,15.41,web,pickup,completed
ORD-0153004,R-0363,2026-01-30,26.19,app,pickup,completed
ORD-0153005,R-0363,2026-01-10,16.62,web,pickup,completed
ORD-0153484,R-0364,2026-01-03,38.43,app,delivery,completed
ORD-0153485,R-0364,2026-01-22,50.41,web,pickup,completed
ORD-0153486,R-0364,2026-01-18,29.47,app,pickup,completed
ORD-0153487,R-0364,2026-01-28,25.25,app,delivery,completed
ORD-0153488,R-0364,2026-01-18,24.71,web,delivery,completed
ORD-0153489,R-0364,2026-01-24,27.10,app,pickup,completed
ORD-0153490,R-0364,2026-01-16,21.47,web,pickup,completed
ORD-0153491,R-0364,2026-01-08,24.99,web,pickup,completed
ORD-0153492,R-0364,2026-01-11,31.26,web,delivery,completed
ORD-0153493,R-0364,2026-01-25,30.19,web,pickup,completed
ORD-0153494,R-0364,2026-01-26,28.62,app,pickup,completed
ORD-0153495,R-0364,2026-01-25,18.96,app,pickup,refunded
ORD-0153496,R-0364,2026-01-11,27.86,app,delivery,completed
ORD-0153497,R-0364,2026-01-15,31.38,app,pickup,completed
ORD-0153498,R-0364,2026-01-25,28.65,app,delivery,completed
ORD-0153499,R-0364,2026-01-16,18.03,app,delivery,completed
ORD-0153500,R-0364,2026-01-19,45.25,app,delivery,completed
ORD-0153501,R-0364,2026-01-24,30.83,app,delivery,COMPLETED
ORD-0153502,R-0364,2026-01-09,22.03,web,delivery,completed
ORD-0153503,R-0364,2026-01-03,18.44,web,pickup,completed
ORD-0153504,R-0364,2026-01-06,26.99,web,pickup,completed
ORD-0153505,R-0364,2026-01-23,19.06,app,pickup,completed
ORD-0153506,R-0364,2026-01-23,28.36,app,pickup,completed
ORD-0153507,R-0364,2026-01-30,22.04,app,pickup,completed
ORD-0153508,R-0364,2026-01-03,33.41,app,pickup,completed
ORD-0153509,R-0364,2026-01-18,33.40,web,pickup,completed
ORD-0153510,R-0364,2026-01-04,47.11,app,pickup,Completed
ORD-0153511,R-0364,2026-01-14,28.82,app,delivery,completed
ORD-0153512,R-0364,2026-01-18,30.40,web,pickup,completed
ORD-0153513,R-0364,2026-01-10,26.47,app,delivery,completed
ORD-0153514,R-0364,2026-01-22,50.38,web,pickup,completed
ORD-0153515,R-0364,2026-01-31,23.01,app,pickup,completed
ORD-0153516,R-0364,2026-01-08,16.43,web,pickup,Completed
ORD-0153517,R-0364,2026-01-09,22.42,web,pickup,completed
ORD-0153518,R-0364,2026-01-10,33.94,app,pickup,completed
ORD-0153519,R-0364,2026-01-10,14.51,web,pickup,COMPLETED
ORD-0153520,R-0364,2026-01-26,16.01,web,pickup,completed
ORD-0153521,R-0364,2026-01-12,19.97,app,delivery,completed
ORD-0153522,R-0364,2026-01-07,33.84,app,delivery,completed
ORD-0153523,R-0364,2026-01-31,47.54,app,pickup,Completed
ORD-0153524,R-0364,2026-01-03,41.67,app,pickup,completed
ORD-0153525,R-0364,2026-01-04,29.52,app,pickup,completed
ORD-0153526,R-0364,2026-01-07,27.73,app,delivery,completed
ORD-0153527,R-0364,2026-01-24,17.21,app,pickup,completed
ORD-0153528,R-0364,2026-01-17,27.63,app,pickup,cancelled
ORD-0153529,R-0364,2026-01-02,35.57,web,pickup,completed
ORD-0154457,R-0366,2026-01-07,45.97,app,delivery,completed
ORD-0154458,R-0366,2026-01-07,36.26,app,delivery,completed
ORD-0154459,R-0366,2026-01-02,37.54,web,pickup,Completed
ORD-0154460,R-0366,2026-01-12,27.19,app,pickup,completed
ORD-0154461,R-0366,2026-01-10,44.86,web,delivery,completed
ORD-0154462,R-0366,2026-01-28,78.62,app,delivery,completed
ORD-0154463,R-0366,2026-01-22,38.73,web,delivery,completed
ORD-0154464,R-0366,2026-01-30,30.50,web,delivery,completed
ORD-0154465,R-0366,2026-01-11,59.24,app,delivery,completed
ORD-0154466,R-0366,2026-01-28,46.53,app,delivery,completed
ORD-0154467,R-0366,2026-01-24,33.22,app,delivery,COMPLETED
ORD-0154468,R-0366,2026-01-28,47.69,app,delivery,completed
ORD-0154469,R-0366,2026-01-01,58.50,app,pickup,completed
ORD-0154470,R-0366,2026-01-04,42.61,web,delivery,completed
ORD-0154471,R-0366,2026-01-02,22.45,web,delivery,completed
ORD-0154472,R-0366,2026-01-17,53.49,app,pickup,completed
ORD-0154473,R-0366,2026-01-31,62.63,app,delivery,completed
ORD-0154474,R-0366,2026-01-25,20.37,web,delivery,completed
ORD-0154475,R-0366,2026-01-04,32.91,web,delivery,completed
ORD-0154476,R-0366,2026-01-09,47.96,app,pickup,completed
ORD-0154477,R-0366,2026-01-12,36.32,app,delivery,completed
ORD-0154478,R-0366,2026-01-10,37.70,web,delivery,completed
ORD-0154479,R-0366,2026-01-25,43.87,app,delivery,completed
ORD-0154480,R-0366,2026-01-28,60.59,app,delivery,completed
ORD-0154481,R-0366,2026-01-31,48.18,app,delivery,completed
ORD-0154482,R-0366,2026-01-10,51.22,app,delivery,completed
ORD-0154483,R-0366,2026-01-23,80.59,app,delivery,Completed
ORD-0154484,R-0366,2026-01-11,34.34,web,delivery,completed
ORD-0154485,R-0366,2026-01-20,44.41,app,delivery,Completed
ORD-0155772,R-0367,2026-01-08,27.53,app,pickup,completed
ORD-0155773,R-0367,2026-01-03,26.51,web,pickup,completed
ORD-0155774,R-0367,2026-01-25,29.06,app,pickup,completed
ORD-0155775,R-0367,2026-01-23,30.02,web,delivery,completed
ORD-0155776,R-0367,2026-01-11,71.55,app,delivery,completed
ORD-0155777,R-0367,2026-01-14,20.13,app,pickup,completed
ORD-0155778,R-0367,2026-01-31,58.43,app,delivery,completed
ORD-0155779,R-0367,2026-01-18,54.20,app,pickup,completed
ORD-0155780,R-0367,2026-01-14,23.57,app,delivery,Completed
ORD-0155781,R-0367,2026-01-12,36.89,app,delivery,completed
ORD-0155782,R-0367,2026-01-01,18.39,app,delivery,completed
ORD-0155783,R-0367,2026-01-23,38.44,web,pickup,completed
ORD-0155784,R-0367,2026-01-01,32.80,app,pickup,completed
ORD-0155785,R-0367,2026-01-25,31.02,app,pickup,completed
ORD-0155786,R-0367,2026-01-29,31.78,app,delivery,completed
ORD-0155787,R-0367,2026-01-07,53.83,web,pickup,completed
ORD-0155788,R-0367,2026-01-04,38.32,app,pickup,completed
ORD-0155789,R-0367,2026-01-12,33.77,web,delivery,Completed
ORD-0155790,R-0367,2026-01-13,46.48,app,delivery,completed
ORD-0155791,R-0367,2026-01-10,31.07,web,pickup,completed
ORD-0155792,R-0367,2026-01-31,31.69,app,delivery,completed
ORD-0155793,R-0367,2026-01-17,48.22,web,pickup,completed
ORD-0155794,R-0367,2026-01-26,73.01,web,pickup,completed
ORD-0155795,R-0367,2026-01-04,22.38,app,pickup,CANCELLED
ORD-0155796,R-0367,2026-01-31,24.42,app,pickup,completed
ORD-0155797,R-0367,2026-01-01,39.38,app,pickup,completed
ORD-0155798,R-0367,2026-01-16,52.73,web,delivery,completed
ORD-0155799,R-0367,2026-01-30,45.44,app,pickup,completed
ORD-0155800,R-0367,2026-01-11,40.25,web,pickup,completed
ORD-0155801,R-0367,2026-01-25,39.30,web,delivery,completed
ORD-0155802,R-0367,2026-01-02,19.28,app,pickup,completed
ORD-0155803,R-0367,2026-01-13,33.55,app,pickup,Completed
ORD-0155804,R-0367,2026-01-16,24.63,app,pickup,completed
ORD-0155805,R-0367,2026-01-31,38.96,app,delivery,completed
ORD-0155806,R-0367,2026-01-30,52.61,web,pickup,completed
ORD-0155807,R-0367,2026-01-21,27.18,app,pickup,completed
ORD-0155808,R-0367,2026-01-04,48.63,app,pickup,completed
ORD-0155809,R-0367,2026-01-11,37.22,app,delivery,completed
ORD-0155810,R-0367,2026-01-07,29.14,web,delivery,completed
ORD-0155811,R-0367,2026-01-03,33.53,web,pickup,COMPLETED
ORD-0155812,R-0367,2026-01-26,31.27,app,delivery,completed
ORD-0155813,R-0367,2026-01-30,38.27,web,delivery,completed
ORD-0155814,R-0367,2026-01-22,25.36,app,delivery,COMPLETED
ORD-0155815,R-0367,2026-01-05,36.25,app,pickup,completed
ORD-0155816,R-0367,2026-01-25,34.78,app,delivery,completed
ORD-0155817,R-0367,2026-01-28,29.02,app,delivery,completed
ORD-0155818,R-0367,2026-01-28,32.19,app,delivery,COMPLETED
ORD-0155819,R-0367,2026-01-05,30.30,app,pickup,completed
ORD-0155820,R-0367,2026-01-21,36.66,app,pickup,completed
ORD-0155821,R-0367,2026-01-17,48.47,app,pickup,completed
ORD-0155822,R-0367,2026-01-19,19.80,web,delivery,completed
ORD-0155823,R-0367,2026-01-05,29.14,web,pickup,completed
ORD-0155824,R-0367,2026-01-21,32.78,app,delivery,COMPLETED
ORD-0155825,R-0367,2026-01-08,37.73,web,delivery,completed
ORD-0155826,R-0367,2026-01-21,27.60,app,pickup,Cancelled
ORD-0155827,R-0367,2026-01-04,20.40,web,delivery,completed
ORD-0155828,R-0367,2026-01-29,25.24,web,pickup,completed
ORD-0155829,R-0367,2026-01-27,25.41,web,pickup,completed
ORD-0155830,R-0367,2026-01-29,27.44,web,pickup,completed
ORD-0155831,R-0367,2026-01-15,41.11,web,pickup,completed
ORD-0155832,R-0367,2026-01-18,27.52,web,pickup,completed
ORD-0155833,R-0367,2026-01-01,42.28,web,pickup,completed
ORD-0155834,R-0367,2026-01-22,28.35,app,pickup,completed
ORD-0155835,R-0367,2026-01-08,46.79,app,pickup,completed
ORD-0155836,R-0367,2026-01-09,31.84,app,delivery,completed
ORD-0155837,R-0367,2026-01-22,28.16,web,delivery,completed
ORD-0155838,R-0367,2026-01-01,32.88,web,delivery,completed
ORD-0155839,R-0367,2026-01-31,25.74,app,pickup,completed
ORD-0155840,R-0367,2026-01-01,35.08,app,pickup,completed
ORD-0155841,R-0367,2026-01-31,41.53,app,pickup,completed
ORD-0155842,R-0367,2026-01-26,23.97,app,pickup,completed
ORD-0155843,R-0367,2026-01-04,39.58,app,delivery,Completed
ORD-0155844,R-0367,2026-01-10,52.61,web,delivery,completed
ORD-0155845,R-0367,2026-01-31,28.94,app,pickup,completed
ORD-0155846,R-0367,2026-01-31,36.80,web,pickup,completed
ORD-0155847,R-0367,2026-01-11,26.75,web,pickup,completed
ORD-0155848,R-0367,2026-01-16,22.90,web,pickup,COMPLETED
ORD-0155849,R-0367,2026-01-06,48.80,app,delivery,COMPLETED
ORD-0155850,R-0367,2026-01-24,43.87,app,pickup,completed
ORD-0155851,R-0367,2026-01-10,46.37,app,pickup,completed
ORD-0155852,R-0367,2026-01-10,39.70,web,delivery,completed
ORD-0155853,R-0367,2026-01-14,37.52,app,delivery,completed
ORD-0155854,R-0367,2026-01-20,30.61,app,delivery,completed
ORD-0155855,R-0367,2026-01-03,22.62,app,delivery,Completed
ORD-0155856,R-0367,2026-01-17,35.04,app,pickup,completed
ORD-0155857,R-0367,2026-01-03,40.18,app,delivery,completed
ORD-0155858,R-0367,2026-01-18,26.22,web,pickup,completed
ORD-0155859,R-0367,2026-01-26,14.15,app,pickup,completed
ORD-0155860,R-0367,2026-01-24,24.21,web,pickup,completed
ORD-0155861,R-0367,2026-01-31,25.98,web,pickup,completed
ORD-0155862,R-0367,2026-01-07,37.34,web,pickup,Completed
ORD-0155863,R-0367,2026-01-10,47.06,web,pickup,refunded
ORD-0155864,R-0367,2026-01-20,34.41,web,delivery,completed
ORD-0155865,R-0367,2026-01-30,33.94,app,delivery,cancelled
ORD-0155866,R-0367,2026-01-31,19.46,app,pickup,completed
ORD-0155867,R-0367,2026-01-31,46.62,app,pickup,completed
ORD-0155868,R-0367,2026-01-26,41.17,app,pickup,COMPLETED
ORD-0155869,R-0367,2026-01-21,27.28,app,delivery,completed
ORD-0155870,R-0367,2026-01-09,32.06,app,delivery,COMPLETED
ORD-0155871,R-0367,2026-01-22,42.56,app,delivery,completed
ORD-0155872,R-0367,2026-01-10,30.23,app,delivery,completed
ORD-0155873,R-0367,2026-01-13,40.43,web,delivery,Refunded
ORD-0155874,R-0367,2026-01-26,28.79,web,delivery,completed
ORD-0155875,R-0367,2026-01-04,39.55,web,delivery,completed
ORD-0155876,R-0367,2026-01-28,36.76,web,delivery,completed
ORD-0155877,R-0367,2026-01-29,42.45,app,pickup,COMPLETED
ORD-0155878,R-0367,2026-01-28,54.43,app,delivery,cancelled
ORD-0155879,R-0367,2026-01-20,22.57,app,delivery,completed
ORD-0155880,R-0367,2026-01-07,27.84,app,pickup,completed
ORD-0155881,R-0367,2026-01-23,34.90,web,delivery,completed
ORD-0155882,R-0367,2026-01-10,28.70,app,pickup,completed
ORD-0155883,R-0367,2026-01-18,45.21,app,delivery,completed
ORD-0155884,R-0367,2026-01-25,33.56,web,pickup,completed
ORD-0155885,R-0367,2026-01-15,32.14,app,delivery,Completed
ORD-0155886,R-0367,2026-01-06,33.30,app,pickup,Completed
ORD-0155887,R-0367,2026-01-31,46.78,app,pickup,completed
ORD-0155888,R-0367,2026-01-17,39.19,app,pickup,Completed
ORD-0155889,R-0367,2026-01-29,29.75,app,pickup,completed
ORD-0155890,R-0367,2026-01-03,42.88,web,delivery,COMPLETED
ORD-0155891,R-0367,2026-01-23,34.54,app,delivery,completed
ORD-0155892,R-0367,2026-01-19,21.64,app,pickup,cancelled
ORD-0155893,R-0367,2026-01-01,38.57,app,delivery,completed
ORD-0155894,R-0367,2026-01-05,38.03,app,pickup,completed
ORD-0155895,R-0367,2026-01-15,21.63,web,pickup,refunded
ORD-0155896,R-0367,2026-01-21,37.24,app,delivery,Completed
ORD-0155897,R-0367,2026-01-07,63.29,app,delivery,CANCELLED
ORD-0155898,R-0367,2026-01-08,35.42,web,delivery,COMPLETED
ORD-0157837,R-0369,2026-01-28,20.45,web,delivery,completed
ORD-0157838,R-0369,2026-01-06,25.71,web,delivery,completed
ORD-0157839,R-0369,2026-01-03,36.89,app,delivery,completed
ORD-0157840,R-0369,2026-01-20,18.47,web,delivery,completed
ORD-0157841,R-0369,2026-01-16,15.59,app,pickup,completed
ORD-0157842,R-0369,2026-01-17,23.06,app,delivery,completed
ORD-0157843,R-0369,2026-01-08,29.64,web,pickup,completed
ORD-0157844,R-0369,2026-01-18,26.65,web,delivery,completed
ORD-0157845,R-0369,2026-01-05,27.41,app,delivery,completed
ORD-0157846,R-0369,2026-01-23,40.68,web,pickup,completed
ORD-0157847,R-0369,2026-01-01,22.41,web,delivery,completed
ORD-0157848,R-0369,2026-01-16,23.19,app,pickup,completed
ORD-0157849,R-0369,2026-01-17,35.71,web,delivery,COMPLETED
ORD-0157850,R-0369,2026-01-12,21.26,app,delivery,completed
ORD-0157851,R-0369,2026-01-28,21.26,web,delivery,completed
ORD-0157852,R-0369,2026-01-24,15.69,app,delivery,completed
ORD-0157853,R-0369,2026-01-23,24.05,web,delivery,completed
ORD-0157854,R-0369,2026-01-02,39.88,app,delivery,completed
ORD-0157855,R-0369,2026-01-13,31.83,web,delivery,completed
ORD-0157856,R-0369,2026-01-17,34.89,app,delivery,completed
ORD-0157857,R-0369,2026-01-24,31.08,web,delivery,completed
ORD-0157858,R-0369,2026-01-04,17.42,app,delivery,completed
ORD-0157859,R-0369,2026-01-01,23.06,web,delivery,completed
ORD-0157860,R-0369,2026-01-07,18.68,app,pickup,completed
ORD-0157861,R-0369,2026-01-06,12.49,web,delivery,completed
ORD-0157862,R-0369,2026-01-30,26.96,app,delivery,completed
ORD-0157863,R-0369,2026-01-17,34.27,web,delivery,completed
ORD-0157864,R-0369,2026-01-12,24.73,web,delivery,completed
ORD-0157865,R-0369,2026-01-25,44.19,web,delivery,completed
ORD-0157866,R-0369,2026-01-26,12.58,web,pickup,completed
ORD-0157867,R-0369,2026-01-08,23.26,web,delivery,completed
ORD-0157868,R-0369,2026-01-28,31.26,web,delivery,completed
ORD-0157869,R-0369,2026-01-26,17.47,app,delivery,completed
ORD-0157870,R-0369,2026-01-17,18.00,web,delivery,cancelled
ORD-0157871,R-0369,2026-01-23,18.41,web,delivery,completed
ORD-0157872,R-0369,2026-01-14,26.80,app,pickup,completed
ORD-0157873,R-0369,2026-01-10,27.00,web,pickup,completed
ORD-0157874,R-0369,2026-01-24,18.03,web,delivery,completed
ORD-0157875,R-0369,2026-01-17,19.92,app,pickup,completed
ORD-0157876,R-0369,2026-01-10,22.28,web,delivery,completed
ORD-0157877,R-0369,2026-01-09,27.65,app,delivery,completed
ORD-0157878,R-0369,2026-01-24,17.36,web,pickup,completed
ORD-0157879,R-0369,2026-01-14,11.71,app,delivery,completed
ORD-0157880,R-0369,2026-01-21,11.97,app,delivery,completed
ORD-0157881,R-0369,2026-01-17,28.09,app,pickup,completed
ORD-0157882,R-0369,2026-01-09,12.27,web,pickup,completed
ORD-0158274,R-0371,2026-01-12,21.75,app,delivery,refunded
ORD-0158275,R-0371,2026-01-20,10.51,app,pickup,completed
ORD-0158276,R-0371,2026-01-23,16.51,web,delivery,completed
ORD-0158277,R-0371,2026-01-14,25.60,app,pickup,completed
ORD-0158278,R-0371,2026-01-02,37.49,web,pickup,completed
ORD-0158279,R-0371,2026-01-12,16.03,app,pickup,completed
ORD-0158280,R-0371,2026-01-26,23.07,app,delivery,completed
ORD-0158281,R-0371,2026-01-29,26.62,app,delivery,completed
ORD-0158282,R-0371,2026-01-11,11.36,app,delivery,completed
ORD-0158283,R-0371,2026-01-15,20.90,web,delivery,completed
ORD-0158284,R-0371,2026-01-03,36.25,web,pickup,completed
ORD-0158285,R-0371,2026-01-01,40.59,app,pickup,completed
ORD-0158286,R-0371,2026-01-16,28.60,app,delivery,completed
ORD-0158287,R-0371,2026-01-29,8.46,app,delivery,completed
ORD-0158288,R-0371,2026-01-05,25.85,web,delivery,completed
ORD-0158289,R-0371,2026-01-07,21.23,app,pickup,completed
ORD-0158290,R-0371,2026-01-03,42.29,app,pickup,COMPLETED
ORD-0158291,R-0371,2026-01-17,39.19,app,pickup,COMPLETED
ORD-0158292,R-0371,2026-01-28,22.07,web,delivery,completed
ORD-0158293,R-0371,2026-01-26,28.58,app,delivery,completed
ORD-0158294,R-0371,2026-01-31,56.54,app,delivery,COMPLETED
ORD-0158295,R-0371,2026-01-07,17.92,web,delivery,Cancelled
ORD-0158296,R-0371,2026-01-05,18.02,app,pickup,completed
ORD-0158297,R-0371,2026-01-18,49.06,app,delivery,completed
ORD-0158298,R-0371,2026-01-11,20.98,web,delivery,completed
ORD-0158299,R-0371,2026-01-10,26.99,web,delivery,completed
ORD-0158300,R-0371,2026-01-30,16.23,web,delivery,cancelled
ORD-0158301,R-0371,2026-01-17,30.21,app,delivery,completed
ORD-0158302,R-0371,2026-01-31,29.32,web,delivery,COMPLETED
ORD-0158303,R-0371,2026-01-08,53.71,app,delivery,completed
ORD-0158304,R-0371,2026-01-23,46.46,app,pickup,completed
ORD-0158305,R-0371,2026-01-08,11.07,app,delivery,completed
ORD-0158306,R-0371,2026-01-22,32.40,app,delivery,completed
ORD-0158307,R-0371,2026-01-31,19.37,app,pickup,COMPLETED
ORD-0158308,R-0371,2026-01-02,18.45,web,delivery,completed
ORD-0158309,R-0371,2026-01-24,18.62,app,delivery,completed
ORD-0158310,R-0371,2026-01-26,12.80,app,pickup,completed
ORD-0158311,R-0371,2026-01-03,13.40,web,pickup,completed
ORD-0158312,R-0371,2026-01-10,21.11,web,delivery,completed
ORD-0158313,R-0371,2026-01-17,29.03,web,pickup,completed
ORD-0158314,R-0371,2026-01-29,20.79,app,pickup,completed
ORD-0158315,R-0371,2026-01-15,11.31,app,delivery,completed
ORD-0158316,R-0371,2026-01-30,29.15,app,pickup,completed
ORD-0158317,R-0371,2026-01-23,22.50,app,pickup,completed
ORD-0158318,R-0371,2026-01-29,33.83,app,pickup,completed
ORD-0158319,R-0371,2026-01-17,27.48,app,pickup,completed
ORD-0158320,R-0371,2026-01-29,15.64,app,delivery,completed
ORD-0158321,R-0371,2026-01-11,18.53,app,pickup,completed
ORD-0158322,R-0371,2026-01-24,18.35,app,delivery,completed
ORD-0158323,R-0371,2026-01-13,15.15,app,pickup,completed
ORD-0158324,R-0371,2026-01-12,17.08,web,delivery,completed
ORD-0158325,R-0371,2026-01-21,12.64,app,pickup,completed
ORD-0158326,R-0371,2026-01-21,34.41,app,pickup,completed
ORD-0158327,R-0371,2026-01-16,24.64,web,pickup,COMPLETED
ORD-0158328,R-0371,2026-01-04,15.07,app,delivery,completed
ORD-0158329,R-0371,2026-01-30,21.16,web,delivery,Completed
ORD-0158330,R-0371,2026-01-08,32.40,app,delivery,completed
ORD-0158331,R-0371,2026-01-25,25.31,app,delivery,completed
ORD-0158332,R-0371,2026-01-13,15.26,app,pickup,completed
ORD-0158333,R-0371,2026-01-16,17.63,app,delivery,cancelled
ORD-0158334,R-0371,2026-01-31,14.05,app,delivery,completed
ORD-0158335,R-0371,2026-01-31,20.47,app,pickup,Completed
ORD-0159065,R-0372,2026-01-31,19.11,app,delivery,completed
ORD-0159066,R-0372,2026-01-22,14.20,app,delivery,completed
ORD-0159067,R-0372,2026-01-10,27.99,web,delivery,completed
ORD-0159068,R-0372,2026-01-11,24.34,app,delivery,completed
ORD-0159069,R-0372,2026-01-27,10.03,web,delivery,completed
ORD-0159070,R-0372,2026-01-26,60.26,app,delivery,Completed
ORD-0159071,R-0372,2026-01-02,41.21,app,delivery,COMPLETED
ORD-0159072,R-0372,2026-01-08,16.89,app,delivery,completed
ORD-0159073,R-0372,2026-01-01,10.26,app,delivery,completed
ORD-0159074,R-0372,2026-01-10,17.30,web,delivery,completed
ORD-0159075,R-0372,2026-01-11,31.98,web,delivery,completed
ORD-0159076,R-0372,2026-01-01,44.26,app,delivery,completed
ORD-0159077,R-0372,2026-01-14,13.49,web,delivery,Completed
ORD-0159078,R-0372,2026-01-06,34.99,web,delivery,COMPLETED
ORD-0159079,R-0372,2026-01-02,12.26,app,delivery,completed
ORD-0159080,R-0372,2026-01-30,13.79,web,pickup,completed
ORD-0159081,R-0372,2026-01-21,13.28,app,pickup,COMPLETED
ORD-0159082,R-0372,2026-01-07,37.48,app,delivery,completed
ORD-0159083,R-0372,2026-01-17,34.29,web,delivery,completed
ORD-0159084,R-0372,2026-01-08,23.44,web,pickup,completed
ORD-0159085,R-0372,2026-01-02,18.12,app,delivery,completed
ORD-0159086,R-0372,2026-01-30,48.29,web,delivery,COMPLETED
ORD-0159087,R-0372,2026-01-17,15.33,app,delivery,Completed
ORD-0159088,R-0372,2026-01-24,45.53,web,delivery,completed
ORD-0159089,R-0372,2026-01-05,27.53,app,delivery,cancelled
ORD-0159090,R-0372,2026-01-10,18.72,web,delivery,completed
ORD-0159091,R-0372,2026-01-14,10.80,web,delivery,completed
ORD-0159092,R-0372,2026-01-03,34.40,web,delivery,completed
ORD-0159093,R-0372,2026-01-29,12.98,app,delivery,completed
ORD-0159094,R-0372,2026-01-22,17.02,web,delivery,completed
ORD-0159095,R-0372,2026-01-08,27.48,app,delivery,completed
ORD-0159096,R-0372,2026-01-07,12.84,app,delivery,Completed
ORD-0159097,R-0372,2026-01-03,21.77,app,delivery,completed
ORD-0159098,R-0372,2026-01-07,35.61,app,pickup,Completed
ORD-0159099,R-0372,2026-01-13,29.07,app,delivery,completed
ORD-0159100,R-0372,2026-01-13,18.13,app,delivery,completed
ORD-0159101,R-0372,2026-01-17,56.80,app,delivery,completed
ORD-0159102,R-0372,2026-01-10,19.99,app,delivery,completed
ORD-0159103,R-0372,2026-01-26,15.56,web,delivery,completed
ORD-0159104,R-0372,2026-01-13,31.77,app,delivery,COMPLETED
ORD-0159105,R-0372,2026-01-22,11.47,web,delivery,Cancelled
ORD-0159106,R-0372,2026-01-16,14.50,app,delivery,completed
ORD-0159107,R-0372,2026-01-18,40.82,app,delivery,completed
ORD-0159108,R-0372,2026-01-16,24.52,app,delivery,completed
ORD-0159109,R-0372,2026-01-31,31.09,app,delivery,completed
ORD-0159110,R-0372,2026-01-03,25.53,app,delivery,completed
ORD-0159111,R-0372,2026-01-11,26.92,app,delivery,completed
ORD-0159112,R-0372,2026-01-17,27.14,app,delivery,completed
ORD-0159113,R-0372,2026-01-29,22.02,app,delivery,completed
ORD-0159114,R-0372,2026-01-24,25.67,web,delivery,Completed
ORD-0159115,R-0372,2026-01-10,22.79,web,delivery,completed
ORD-0159116,R-0372,2026-01-24,44.74,web,delivery,completed
ORD-0159117,R-0372,2026-01-23,18.55,app,delivery,cancelled
ORD-0159118,R-0372,2026-01-19,7.47,app,delivery,completed
ORD-0159119,R-0372,2026-01-13,29.88,app,delivery,completed
ORD-0159762,R-0374,2026-01-15,31.71,web,pickup,completed
ORD-0159763,R-0374,2026-01-24,33.32,app,delivery,completed
ORD-0159764,R-0374,2026-01-22,14.62,web,pickup,completed
ORD-0159765,R-0374,2026-01-20,42.48,app,delivery,completed
ORD-0159766,R-0374,2026-01-29,23.91,web,delivery,cancelled
ORD-0159767,R-0374,2026-01-29,25.63,web,delivery,completed
ORD-0159768,R-0374,2026-01-31,26.01,web,pickup,completed
ORD-0159769,R-0374,2026-01-01,38.10,app,delivery,completed
ORD-0159770,R-0374,2026-01-07,45.84,app,pickup,completed
ORD-0159771,R-0374,2026-01-23,31.11,web,delivery,Completed
ORD-0159772,R-0374,2026-01-31,24.43,app,delivery,completed
ORD-0159773,R-0374,2026-01-14,35.14,app,delivery,completed
ORD-0159774,R-0374,2026-01-27,26.22,web,pickup,Completed
ORD-0159775,R-0374,2026-01-15,31.97,web,pickup,completed
ORD-0159776,R-0374,2026-01-16,34.75,app,delivery,Completed
ORD-0159777,R-0374,2026-01-23,22.10,app,delivery,completed
ORD-0159778,R-0374,2026-01-10,23.83,web,pickup,COMPLETED
ORD-0159779,R-0374,2026-01-16,51.54,app,pickup,completed
ORD-0159780,R-0374,2026-01-09,69.93,app,delivery,completed
ORD-0159781,R-0374,2026-01-03,42.92,web,delivery,completed
ORD-0159782,R-0374,2026-01-15,27.42,app,delivery,completed
ORD-0159783,R-0374,2026-01-17,28.71,web,delivery,completed
ORD-0159784,R-0374,2026-01-25,32.09,app,delivery,completed
ORD-0159785,R-0374,2026-01-28,34.25,app,pickup,completed
ORD-0159786,R-0374,2026-01-29,18.23,app,pickup,completed
ORD-0159787,R-0374,2026-01-26,37.47,app,delivery,completed
ORD-0159788,R-0374,2026-01-08,24.72,app,delivery,completed
ORD-0159789,R-0374,2026-01-06,21.68,web,delivery,completed
ORD-0159790,R-0374,2026-01-10,26.91,web,delivery,completed
ORD-0159791,R-0374,2026-01-23,39.87,web,delivery,Completed
ORD-0159792,R-0374,2026-01-14,30.08,app,delivery,completed
ORD-0159793,R-0374,2026-01-17,39.85,web,pickup,COMPLETED
ORD-0159794,R-0374,2026-01-04,23.33,app,pickup,completed
ORD-0159795,R-0374,2026-01-03,19.01,web,delivery,completed
ORD-0159796,R-0374,2026-01-04,47.28,app,delivery,completed
ORD-0159797,R-0374,2026-01-23,32.28,app,pickup,completed
ORD-0159798,R-0374,2026-01-03,29.42,web,delivery,completed
ORD-0159799,R-0374,2026-01-17,31.09,app,pickup,completed
ORD-0159800,R-0374,2026-01-21,31.86,web,delivery,refunded
ORD-0159801,R-0374,2026-01-14,21.43,web,delivery,completed
ORD-0159802,R-0374,2026-01-11,26.81,web,delivery,completed
ORD-0159803,R-0374,2026-01-19,24.11,web,pickup,completed
ORD-0159804,R-0374,2026-01-13,47.10,web,pickup,cancelled
ORD-0159805,R-0374,2026-01-05,22.45,web,delivery,completed
ORD-0159806,R-0374,2026-01-11,52.88,web,delivery,completed
ORD-0159807,R-0374,2026-01-24,44.59,web,delivery,Completed
ORD-0159808,R-0374,2026-01-17,38.96,app,delivery,COMPLETED
ORD-0159809,R-0374,2026-01-10,20.45,web,delivery,COMPLETED
ORD-0159810,R-0374,2026-01-21,31.49,app,pickup,completed
ORD-0159811,R-0374,2026-01-10,27.74,web,delivery,completed
ORD-0159812,R-0374,2026-01-06,44.50,app,pickup,completed
ORD-0159813,R-0374,2026-01-03,49.94,web,delivery,completed
ORD-0159814,R-0374,2026-01-27,27.31,web,pickup,Completed
ORD-0159815,R-0374,2026-01-16,27.48,app,delivery,completed
ORD-0159816,R-0374,2026-01-13,39.19,web,delivery,completed
ORD-0159817,R-0374,2026-01-29,33.35,web,pickup,Completed
ORD-0159818,R-0374,2026-01-18,36.66,app,pickup,completed
ORD-0159819,R-0374,2026-01-05,25.59,app,pickup,completed
ORD-0159820,R-0374,2026-01-15,33.37,app,pickup,COMPLETED
ORD-0159821,R-0374,2026-01-16,32.40,web,delivery,completed
ORD-0159822,R-0374,2026-01-05,33.38,web,delivery,refunded
ORD-0159823,R-0374,2026-01-15,34.07,app,pickup,completed
ORD-0159824,R-0374,2026-01-30,37.64,app,delivery,completed
ORD-0159825,R-0374,2026-01-12,25.82,web,pickup,completed
ORD-0159826,R-0374,2026-01-01,26.51,web,delivery,completed
ORD-0159827,R-0374,2026-01-05,50.42,web,pickup,completed
ORD-0159828,R-0374,2026-01-13,26.83,web,delivery,completed
ORD-0159829,R-0374,2026-01-31,21.93,app,pickup,completed
ORD-0159830,R-0374,2026-01-03,39.37,app,delivery,Completed
ORD-0159831,R-0374,2026-01-02,37.84,app,delivery,COMPLETED
ORD-0159832,R-0374,2026-01-26,27.52,web,delivery,completed
ORD-0159833,R-0374,2026-01-19,22.81,web,delivery,completed
ORD-0159834,R-0374,2026-01-29,28.90,web,pickup,completed
ORD-0159835,R-0374,2026-01-02,43.49,app,delivery,completed
ORD-0159836,R-0374,2026-01-09,39.95,app,delivery,COMPLETED
ORD-0159837,R-0374,2026-01-18,30.40,app,delivery,completed
ORD-0159838,R-0374,2026-01-04,29.05,web,pickup,COMPLETED
ORD-0159839,R-0374,2026-01-11,31.22,web,delivery,COMPLETED
ORD-0159840,R-0374,2026-01-26,18.77,app,delivery,completed
ORD-0159841,R-0374,2026-01-09,25.35,web,delivery,completed
ORD-0159842,R-0374,2026-01-18,35.75,app,delivery,completed
ORD-0159843,R-0374,2026-01-22,34.93,web,delivery,completed
ORD-0159844,R-0374,2026-01-18,44.66,app,pickup,completed
ORD-0159845,R-0374,2026-01-11,40.07,app,pickup,Completed
ORD-0159846,R-0374,2026-01-08,25.49,app,delivery,completed
ORD-0159847,R-0374,2026-01-26,22.80,app,pickup,completed
ORD-0159848,R-0374,2026-01-23,45.57,web,delivery,completed
ORD-0159849,R-0374,2026-01-23,41.29,app,delivery,completed
ORD-0159850,R-0374,2026-01-19,31.10,web,delivery,completed
ORD-0159851,R-0374,2026-01-19,25.61,app,delivery,completed
ORD-0159852,R-0374,2026-01-17,31.52,app,pickup,completed
ORD-0159853,R-0374,2026-01-26,34.98,app,pickup,completed
ORD-0159854,R-0374,2026-01-30,45.51,app,pickup,completed
ORD-0159855,R-0374,2026-01-26,20.17,web,delivery,completed
ORD-0161286,R-0375,2026-01-23,15.17,web,pickup,completed
ORD-0161287,R-0375,2026-01-01,24.89,app,delivery,completed
ORD-0161288,R-0375,2026-01-27,18.28,app,delivery,completed
ORD-0161289,R-0375,2026-01-12,29.32,app,pickup,completed
ORD-0161290,R-0375,2026-01-04,24.28,web,delivery,completed
ORD-0161291,R-0375,2026-01-19,28.53,web,delivery,COMPLETED
ORD-0161292,R-0375,2026-01-25,15.03,web,pickup,completed
ORD-0161293,R-0375,2026-01-13,38.21,app,delivery,completed
ORD-0161294,R-0375,2026-01-08,22.68,app,delivery,completed
ORD-0161295,R-0375,2026-01-27,29.29,app,pickup,completed
ORD-0161296,R-0375,2026-01-31,26.50,web,delivery,completed
ORD-0161297,R-0375,2026-01-17,37.29,app,delivery,completed
ORD-0161298,R-0375,2026-01-31,38.29,web,delivery,completed
ORD-0161299,R-0375,2026-01-03,29.09,app,pickup,completed
ORD-0161300,R-0375,2026-01-15,31.40,app,pickup,completed
ORD-0161301,R-0375,2026-01-29,41.10,app,pickup,completed
ORD-0161302,R-0375,2026-01-22,30.92,app,delivery,completed
ORD-0161303,R-0375,2026-01-31,33.04,web,delivery,completed
ORD-0161304,R-0375,2026-01-09,35.46,app,delivery,completed
ORD-0161305,R-0375,2026-01-31,14.16,web,delivery,COMPLETED
ORD-0161306,R-0375,2026-01-14,22.74,web,pickup,completed
ORD-0161307,R-0375,2026-01-28,35.68,web,delivery,completed
ORD-0161308,R-0375,2026-01-21,23.14,web,pickup,completed
ORD-0161309,R-0375,2026-01-17,42.79,web,delivery,completed
ORD-0161310,R-0375,2026-01-17,22.59,app,delivery,completed
ORD-0161311,R-0375,2026-01-31,64.22,web,pickup,completed
ORD-0161312,R-0375,2026-01-24,37.13,app,delivery,Completed
ORD-0161313,R-0375,2026-01-12,55.46,web,delivery,completed
ORD-0161314,R-0375,2026-01-31,38.30,app,delivery,completed
ORD-0161315,R-0375,2026-01-21,16.29,app,pickup,completed
ORD-0161316,R-0375,2026-01-31,39.35,app,delivery,completed
ORD-0161317,R-0375,2026-01-13,68.09,web,delivery,completed
ORD-0161318,R-0375,2026-01-10,49.45,web,delivery,completed
ORD-0161319,R-0375,2026-01-24,15.39,web,delivery,COMPLETED
ORD-0161320,R-0375,2026-01-18,29.53,app,delivery,completed
ORD-0161321,R-0375,2026-01-16,24.95,web,delivery,completed
ORD-0161322,R-0375,2026-01-09,26.55,app,delivery,completed
ORD-0161323,R-0375,2026-01-07,31.68,web,delivery,completed
ORD-0161324,R-0375,2026-01-07,31.09,app,delivery,completed
ORD-0161325,R-0375,2026-01-18,46.56,app,delivery,Completed
ORD-0161326,R-0375,2026-01-31,29.83,app,delivery,completed
ORD-0161327,R-0375,2026-01-24,35.30,app,delivery,completed
ORD-0161328,R-0375,2026-01-21,30.80,web,delivery,completed
ORD-0161329,R-0375,2026-01-24,44.48,web,delivery,completed
ORD-0161330,R-0375,2026-01-16,18.20,web,pickup,Completed
ORD-0161331,R-0375,2026-01-15,50.92,app,pickup,completed
ORD-0161332,R-0375,2026-01-24,30.17,app,delivery,completed
ORD-0161333,R-0375,2026-01-01,56.38,app,delivery,completed
ORD-0161334,R-0375,2026-01-29,32.50,web,delivery,completed
ORD-0161335,R-0375,2026-01-24,29.30,app,delivery,completed
ORD-0161336,R-0375,2026-01-17,29.88,web,delivery,completed
ORD-0161337,R-0375,2026-01-12,44.76,web,pickup,Completed
ORD-0161338,R-0375,2026-01-29,19.37,app,delivery,completed
ORD-0161339,R-0375,2026-01-17,43.83,app,delivery,completed
ORD-0161340,R-0375,2026-01-17,61.30,app,delivery,completed
ORD-0161341,R-0375,2026-01-03,27.39,app,delivery,completed
ORD-0161342,R-0375,2026-01-03,23.65,web,delivery,completed
ORD-0161343,R-0375,2026-01-25,25.26,app,pickup,completed
ORD-0161344,R-0375,2026-01-21,31.52,app,delivery,completed
ORD-0161345,R-0375,2026-01-18,18.99,app,delivery,completed
ORD-0161346,R-0375,2026-01-16,13.50,app,delivery,completed
ORD-0161347,R-0375,2026-01-21,33.40,web,pickup,completed
ORD-0161348,R-0375,2026-01-30,23.84,web,delivery,completed
ORD-0161349,R-0375,2026-01-19,27.21,web,delivery,completed
ORD-0161350,R-0375,2026-01-31,28.21,web,delivery,completed
ORD-0161351,R-0375,2026-01-18,15.06,web,delivery,COMPLETED
ORD-0161352,R-0375,2026-01-26,62.62,app,delivery,completed
ORD-0161353,R-0375,2026-01-22,28.39,app,delivery,completed
ORD-0161354,R-0375,2026-01-20,24.69,app,delivery,completed
ORD-0161355,R-0375,2026-01-18,22.73,app,delivery,Completed
ORD-0161356,R-0375,2026-01-25,33.89,web,delivery,cancelled
ORD-0161357,R-0375,2026-01-22,42.36,web,pickup,completed
ORD-0161358,R-0375,2026-01-30,31.97,web,delivery,completed
ORD-0161359,R-0375,2026-01-25,25.05,web,pickup,completed
ORD-0161360,R-0375,2026-01-28,85.93,app,delivery,completed
ORD-0161361,R-0375,2026-01-05,14.84,app,pickup,completed
ORD-0161362,R-0375,2026-01-11,40.22,app,delivery,completed
ORD-0161363,R-0375,2026-01-23,15.00,app,delivery,completed
ORD-0161364,R-0375,2026-01-10,16.67,app,pickup,completed
ORD-0161365,R-0375,2026-01-16,25.17,app,delivery,completed
ORD-0161366,R-0375,2026-01-15,21.04,web,delivery,completed
ORD-0161367,R-0375,2026-01-25,23.43,web,delivery,completed
ORD-0161368,R-0375,2026-01-04,37.18,web,delivery,completed
ORD-0161369,R-0375,2026-01-29,20.42,web,pickup,completed
ORD-0161370,R-0375,2026-01-18,91.39,web,pickup,completed
ORD-0161371,R-0375,2026-01-19,41.59,app,delivery,COMPLETED
ORD-0161372,R-0375,2026-01-10,33.37,web,pickup,completed
ORD-0161373,R-0375,2026-01-19,58.24,app,delivery,completed
ORD-0161374,R-0375,2026-01-08,18.93,app,delivery,completed
ORD-0161375,R-0375,2026-01-23,21.22,app,delivery,Completed
ORD-0161376,R-0375,2026-01-15,18.59,app,delivery,Completed
ORD-0161377,R-0375,2026-01-27,39.21,app,delivery,completed
ORD-0161378,R-0375,2026-01-13,57.24,web,delivery,completed
ORD-0161379,R-0375,2026-01-30,26.83,app,delivery,completed
ORD-0161380,R-0375,2026-01-31,34.80,app,delivery,Completed
ORD-0161381,R-0375,2026-01-24,39.14,app,delivery,completed
ORD-0161382,R-0375,2026-01-05,24.35,app,pickup,completed
ORD-0161383,R-0375,2026-01-24,27.86,app,pickup,completed
ORD-0161384,R-0375,2026-01-28,20.35,app,delivery,completed
ORD-0161934,R-0376,2026-01-19,46.60,web,delivery,completed
ORD-0161935,R-0376,2026-01-08,24.84,web,delivery,completed
ORD-0161936,R-0376,2026-01-19,73.34,web,pickup,completed
ORD-0161937,R-0376,2026-01-09,38.01,app,pickup,completed
ORD-0161938,R-0376,2026-01-28,50.13,web,delivery,completed
ORD-0161939,R-0376,2026-01-01,52.14,web,pickup,completed
ORD-0161940,R-0376,2026-01-17,33.99,app,pickup,completed
ORD-0161941,R-0376,2026-01-08,50.21,app,pickup,completed
ORD-0161942,R-0376,2026-01-31,66.49,app,pickup,completed
ORD-0161943,R-0376,2026-01-17,67.24,app,pickup,completed
ORD-0161944,R-0376,2026-01-25,65.38,app,pickup,completed
ORD-0161945,R-0376,2026-01-02,46.55,web,pickup,completed
ORD-0161946,R-0376,2026-01-21,93.83,app,delivery,completed
ORD-0161947,R-0376,2026-01-12,38.59,app,pickup,completed
ORD-0161948,R-0376,2026-01-25,69.12,web,pickup,completed
ORD-0161949,R-0376,2026-01-25,91.52,web,pickup,completed
ORD-0161950,R-0376,2026-01-18,42.86,web,pickup,completed
ORD-0161951,R-0376,2026-01-24,59.00,web,pickup,completed
ORD-0161952,R-0376,2026-01-06,67.78,app,pickup,completed
ORD-0161953,R-0376,2026-01-10,52.27,app,pickup,completed
ORD-0161954,R-0376,2026-01-20,50.60,app,pickup,completed
ORD-0161955,R-0376,2026-01-26,25.21,web,delivery,completed
ORD-0161956,R-0376,2026-01-25,59.17,web,delivery,COMPLETED
ORD-0161957,R-0376,2026-01-24,50.54,app,delivery,completed
ORD-0161958,R-0376,2026-01-30,37.35,app,pickup,completed
ORD-0161959,R-0376,2026-01-14,42.53,app,delivery,completed
ORD-0161960,R-0376,2026-01-11,42.03,web,pickup,completed
ORD-0161961,R-0376,2026-01-09,62.54,app,pickup,completed
ORD-0161962,R-0376,2026-01-25,83.62,web,pickup,completed
ORD-0161963,R-0376,2026-01-22,35.97,app,pickup,Completed
ORD-0161964,R-0376,2026-01-01,44.98,web,pickup,completed
ORD-0161965,R-0376,2026-01-27,43.62,app,delivery,completed
ORD-0161966,R-0376,2026-01-23,61.78,app,pickup,completed
ORD-0161967,R-0376,2026-01-03,31.36,app,delivery,completed
ORD-0161968,R-0376,2026-01-01,31.04,app,pickup,completed
ORD-0161969,R-0376,2026-01-23,79.00,app,pickup,Completed
ORD-0161970,R-0376,2026-01-19,75.86,app,pickup,completed
ORD-0161971,R-0376,2026-01-14,41.55,web,pickup,completed
ORD-0161972,R-0376,2026-01-31,67.86,app,pickup,Completed
ORD-0161973,R-0376,2026-01-28,26.68,app,pickup,completed
ORD-0161974,R-0376,2026-01-04,75.07,web,pickup,completed
ORD-0161975,R-0376,2026-01-16,58.47,app,pickup,completed
ORD-0161976,R-0376,2026-01-30,56.22,web,pickup,completed
ORD-0161977,R-0376,2026-01-19,65.77,app,delivery,completed
ORD-0161978,R-0376,2026-01-12,41.28,app,pickup,COMPLETED
ORD-0161979,R-0376,2026-01-13,62.26,app,pickup,completed
ORD-0161980,R-0376,2026-01-16,57.30,app,delivery,completed
ORD-0161981,R-0376,2026-01-27,18.19,web,pickup,completed
ORD-0161982,R-0376,2026-01-01,60.51,app,delivery,completed
ORD-0161983,R-0376,2026-01-08,34.64,app,pickup,completed
ORD-0161984,R-0376,2026-01-02,54.62,app,pickup,completed
ORD-0161985,R-0376,2026-01-17,132.82,web,pickup,completed
ORD-0163025,R-0379,2026-01-09,30.02,web,delivery,Completed
ORD-0163026,R-0379,2026-01-25,24.95,app,delivery,COMPLETED
ORD-0163027,R-0379,2026-01-24,33.26,web,delivery,completed
ORD-0163028,R-0379,2026-01-02,44.49,web,delivery,completed
ORD-0163029,R-0379,2026-01-13,23.07,app,pickup,completed
ORD-0163030,R-0379,2026-01-10,16.63,web,delivery,completed
ORD-0163031,R-0379,2026-01-29,24.11,web,delivery,completed
ORD-0163032,R-0379,2026-01-10,35.42,app,delivery,completed
ORD-0163033,R-0379,2026-01-23,28.91,web,delivery,completed
ORD-0163034,R-0379,2026-01-02,31.59,web,delivery,completed
ORD-0163035,R-0379,2026-01-19,28.59,app,delivery,completed
ORD-0163036,R-0379,2026-01-06,21.13,app,delivery,completed
ORD-0163037,R-0379,2026-01-24,26.42,web,delivery,completed
ORD-0163038,R-0379,2026-01-25,15.88,web,pickup,completed
ORD-0163039,R-0379,2026-01-16,12.76,app,delivery,completed
ORD-0163040,R-0379,2026-01-13,26.53,web,delivery,completed
ORD-0163041,R-0379,2026-01-10,16.11,web,pickup,completed
ORD-0163042,R-0379,2026-01-31,16.99,app,delivery,completed
ORD-0163043,R-0379,2026-01-02,41.57,app,delivery,completed
ORD-0163044,R-0379,2026-01-20,30.95,app,delivery,COMPLETED
ORD-0163045,R-0379,2026-01-01,19.27,web,delivery,completed
ORD-0163046,R-0379,2026-01-09,24.35,app,delivery,completed
ORD-0163047,R-0379,2026-01-08,28.53,web,delivery,COMPLETED
ORD-0163048,R-0379,2026-01-09,26.36,app,delivery,completed
ORD-0163049,R-0379,2026-01-18,17.94,web,delivery,completed
ORD-0163050,R-0379,2026-01-02,21.00,web,delivery,COMPLETED
ORD-0163051,R-0379,2026-01-23,19.90,web,delivery,completed
ORD-0163052,R-0379,2026-01-19,27.79,web,delivery,completed
ORD-0163053,R-0379,2026-01-23,14.94,web,delivery,completed
ORD-0163054,R-0379,2026-01-09,19.09,app,delivery,completed
ORD-0163055,R-0379,2026-01-03,38.69,app,pickup,completed
ORD-0163056,R-0379,2026-01-18,27.36,web,pickup,Completed
ORD-0163057,R-0379,2026-01-10,19.61,web,delivery,completed
ORD-0163058,R-0379,2026-01-31,39.78,app,delivery,Completed
ORD-0163059,R-0379,2026-01-10,12.07,app,delivery,completed
ORD-0163060,R-0379,2026-01-08,16.20,web,delivery,cancelled
ORD-0163061,R-0379,2026-01-12,21.81,app,delivery,COMPLETED
ORD-0163062,R-0379,2026-01-27,19.42,web,delivery,completed
ORD-0163063,R-0379,2026-01-02,30.89,web,delivery,completed
ORD-0163064,R-0379,2026-01-12,28.17,web,delivery,completed
ORD-0163065,R-0379,2026-01-01,21.71,app,delivery,COMPLETED
ORD-0163066,R-0379,2026-01-12,19.60,web,delivery,completed
ORD-0163067,R-0379,2026-01-03,22.60,web,pickup,completed
ORD-0163068,R-0379,2026-01-20,20.00,app,delivery,COMPLETED
ORD-0163069,R-0379,2026-01-14,16.20,app,delivery,COMPLETED
ORD-0163070,R-0379,2026-01-24,24.86,app,delivery,completed
ORD-0163071,R-0379,2026-01-04,34.80,web,pickup,completed
ORD-0163072,R-0379,2026-01-12,39.63,app,delivery,completed
ORD-0163073,R-0379,2026-01-08,17.25,app,delivery,completed
ORD-0163074,R-0379,2026-01-06,27.38,web,delivery,completed
ORD-0163075,R-0379,2026-01-18,18.78,web,delivery,completed
ORD-0163076,R-0379,2026-01-24,28.23,web,delivery,Completed
ORD-0163077,R-0379,2026-01-24,28.29,app,delivery,completed
ORD-0163078,R-0379,2026-01-12,28.17,web,pickup,completed
ORD-0163079,R-0379,2026-01-17,15.66,web,delivery,completed
ORD-0163080,R-0379,2026-01-10,24.70,app,delivery,completed
ORD-0163081,R-0379,2026-01-02,18.05,app,delivery,completed
ORD-0163082,R-0379,2026-01-06,21.17,app,pickup,completed
ORD-0163083,R-0379,2026-01-28,14.40,app,pickup,completed
ORD-0163084,R-0379,2026-01-05,21.03,app,delivery,completed
ORD-0163085,R-0379,2026-01-04,32.00,app,delivery,completed
ORD-0163086,R-0379,2026-01-30,19.27,app,delivery,completed
ORD-0163087,R-0379,2026-01-01,17.64,app,delivery,completed
ORD-0163088,R-0379,2026-01-14,11.43,app,delivery,cancelled
ORD-0163089,R-0379,2026-01-31,24.24,web,delivery,COMPLETED
ORD-0163090,R-0379,2026-01-03,17.63,app,delivery,Completed
ORD-0163091,R-0379,2026-01-11,45.07,web,delivery,completed
ORD-0163092,R-0379,2026-01-11,24.20,web,delivery,completed
ORD-0163093,R-0379,2026-01-09,25.77,web,delivery,completed
ORD-0163094,R-0379,2026-01-18,26.42,web,delivery,completed
ORD-0163095,R-0379,2026-01-18,18.27,app,delivery,completed
ORD-0163096,R-0379,2026-01-16,26.16,app,pickup,Completed
ORD-0163097,R-0379,2026-01-01,22.10,app,delivery,completed
ORD-0163098,R-0379,2026-01-29,43.18,web,delivery,completed
ORD-0163099,R-0379,2026-01-12,23.91,app,delivery,completed
ORD-0163100,R-0379,2026-01-30,30.15,web,delivery,completed
ORD-0163101,R-0379,2026-01-26,22.47,web,delivery,completed
ORD-0163813,R-0382,2026-01-16,22.98,app,delivery,completed
ORD-0163814,R-0382,2026-01-05,27.18,web,delivery,completed
ORD-0163815,R-0382,2026-01-24,47.88,web,delivery,completed
ORD-0163816,R-0382,2026-01-22,41.30,web,delivery,Completed
ORD-0163817,R-0382,2026-01-29,23.74,web,delivery,COMPLETED
ORD-0163818,R-0382,2026-01-15,34.08,web,delivery,completed
ORD-0163819,R-0382,2026-01-15,34.46,web,delivery,completed
ORD-0163820,R-0382,2026-01-30,23.63,app,pickup,completed
ORD-0163821,R-0382,2026-01-16,34.97,web,pickup,completed
ORD-0163822,R-0382,2026-01-23,30.05,app,pickup,completed
ORD-0163823,R-0382,2026-01-27,54.76,web,delivery,completed
ORD-0163824,R-0382,2026-01-03,22.50,web,delivery,refunded
ORD-0163825,R-0382,2026-01-31,20.05,web,pickup,completed
ORD-0163826,R-0382,2026-01-28,49.33,app,delivery,completed
ORD-0163827,R-0382,2026-01-17,26.50,app,delivery,completed
ORD-0163828,R-0382,2026-01-24,17.30,app,pickup,completed
ORD-0163829,R-0382,2026-01-14,16.89,app,delivery,completed
ORD-0163830,R-0382,2026-01-27,28.49,web,pickup,completed
ORD-0163831,R-0382,2026-01-27,28.19,app,pickup,COMPLETED
ORD-0163832,R-0382,2026-01-09,27.99,web,delivery,completed
ORD-0163833,R-0382,2026-01-16,21.52,app,delivery,completed
ORD-0163834,R-0382,2026-01-16,40.55,app,delivery,completed
ORD-0163835,R-0382,2026-01-31,31.29,web,pickup,completed
ORD-0163836,R-0382,2026-01-01,31.92,web,delivery,completed
ORD-0163837,R-0382,2026-01-03,40.62,app,pickup,completed
ORD-0163838,R-0382,2026-01-28,20.28,web,delivery,completed
ORD-0163839,R-0382,2026-01-01,26.32,web,delivery,Completed
ORD-0163840,R-0382,2026-01-31,18.21,app,delivery,completed
ORD-0163841,R-0382,2026-01-14,40.12,app,delivery,completed
ORD-0163842,R-0382,2026-01-30,30.23,app,delivery,cancelled
ORD-0163843,R-0382,2026-01-28,34.61,app,delivery,COMPLETED
ORD-0163844,R-0382,2026-01-30,25.22,app,delivery,Completed
ORD-0163845,R-0382,2026-01-11,45.30,web,pickup,completed
ORD-0163846,R-0382,2026-01-18,21.86,web,pickup,completed
ORD-0163847,R-0382,2026-01-14,17.88,app,delivery,completed
ORD-0163848,R-0382,2026-01-15,27.29,app,delivery,completed
ORD-0163849,R-0382,2026-01-02,69.27,web,delivery,completed
ORD-0163850,R-0382,2026-01-28,49.14,app,pickup,completed
ORD-0163851,R-0382,2026-01-02,38.17,web,delivery,completed
ORD-0163852,R-0382,2026-01-26,42.94,web,delivery,completed
ORD-0163853,R-0382,2026-01-24,46.66,web,delivery,completed
ORD-0163854,R-0382,2026-01-31,21.64,app,delivery,COMPLETED
ORD-0163855,R-0382,2026-01-31,30.96,web,pickup,COMPLETED
ORD-0163856,R-0382,2026-01-27,47.53,web,pickup,completed
ORD-0163857,R-0382,2026-01-26,21.24,web,delivery,completed
ORD-0163858,R-0382,2026-01-31,30.32,app,delivery,completed
ORD-0163859,R-0382,2026-01-06,32.38,web,delivery,completed
ORD-0163860,R-0382,2026-01-23,25.90,app,delivery,COMPLETED
ORD-0163861,R-0382,2026-01-31,25.65,app,delivery,REFUNDED
ORD-0163862,R-0382,2026-01-26,14.72,web,delivery,completed
ORD-0163863,R-0382,2026-01-22,38.30,web,delivery,completed
ORD-0163864,R-0382,2026-01-30,26.85,app,delivery,Completed
ORD-0163865,R-0382,2026-01-31,27.50,web,delivery,completed
ORD-0163866,R-0382,2026-01-20,36.74,app,delivery,completed
ORD-0163867,R-0382,2026-01-05,12.31,app,delivery,completed
ORD-0163868,R-0382,2026-01-10,44.24,web,delivery,completed
ORD-0163869,R-0382,2026-01-06,22.50,app,delivery,completed
ORD-0163870,R-0382,2026-01-27,31.46,app,delivery,completed
ORD-0163871,R-0382,2026-01-23,22.83,app,delivery,COMPLETED
ORD-0163872,R-0382,2026-01-13,19.38,web,pickup,completed
ORD-0163873,R-0382,2026-01-01,15.83,app,pickup,completed
ORD-0163874,R-0382,2026-01-06,16.07,web,delivery,completed
ORD-0163875,R-0382,2026-01-09,27.38,web,delivery,completed
ORD-0163876,R-0382,2026-01-22,26.93,app,delivery,completed
ORD-0163877,R-0382,2026-01-08,27.10,app,delivery,cancelled
ORD-0163878,R-0382,2026-01-02,34.28,web,delivery,COMPLETED
ORD-0163879,R-0382,2026-01-31,32.72,web,pickup,completed
ORD-0163880,R-0382,2026-01-12,39.94,web,delivery,completed
ORD-0163881,R-0382,2026-01-10,28.07,web,delivery,completed
ORD-0163882,R-0382,2026-01-12,15.72,web,delivery,completed
ORD-0163883,R-0382,2026-01-25,28.17,app,pickup,completed
ORD-0163884,R-0382,2026-01-03,37.22,app,delivery,COMPLETED
ORD-0163885,R-0382,2026-01-08,36.83,app,delivery,COMPLETED
ORD-0163886,R-0382,2026-01-31,46.37,web,delivery,completed
ORD-0163887,R-0382,2026-01-27,21.37,web,delivery,completed
ORD-0163888,R-0382,2026-01-17,36.51,web,delivery,COMPLETED
ORD-0163889,R-0382,2026-01-18,20.20,web,delivery,completed
ORD-0163890,R-0382,2026-01-15,47.72,app,delivery,completed
ORD-0163891,R-0382,2026-01-30,20.26,web,pickup,completed
ORD-0163892,R-0382,2026-01-10,29.38,web,delivery,completed
ORD-0163893,R-0382,2026-01-01,30.04,app,delivery,completed
ORD-0165001,R-0383,2026-01-05,13.49,web,delivery,completed
ORD-0165002,R-0383,2026-01-10,27.91,app,delivery,completed
ORD-0165003,R-0383,2026-01-10,19.09,app,delivery,completed
ORD-0165004,R-0383,2026-01-29,27.28,app,pickup,completed
ORD-0165005,R-0383,2026-01-17,21.20,app,delivery,completed
ORD-0165006,R-0383,2026-01-22,42.87,web,delivery,completed
ORD-0165007,R-0383,2026-01-22,16.20,web,delivery,completed
ORD-0165008,R-0383,2026-01-27,18.24,web,pickup,completed
ORD-0165009,R-0383,2026-01-26,21.00,web,delivery,completed
ORD-0165010,R-0383,2026-01-24,39.11,web,pickup,completed
ORD-0165011,R-0383,2026-01-31,20.71,web,delivery,completed
ORD-0165012,R-0383,2026-01-17,21.38,web,delivery,COMPLETED
ORD-0165013,R-0383,2026-01-15,23.94,web,delivery,completed
ORD-0165014,R-0383,2026-01-22,9.54,web,delivery,completed
ORD-0165015,R-0383,2026-01-30,14.31,web,delivery,cancelled
ORD-0165016,R-0383,2026-01-24,30.54,web,delivery,completed
ORD-0165017,R-0383,2026-01-31,24.90,app,delivery,completed
ORD-0165018,R-0383,2026-01-04,15.05,web,pickup,Completed
ORD-0165019,R-0383,2026-01-20,25.98,app,delivery,completed
ORD-0165020,R-0383,2026-01-27,40.06,app,pickup,completed
ORD-0165021,R-0383,2026-01-05,18.59,app,delivery,completed
ORD-0165022,R-0383,2026-01-03,29.57,web,pickup,completed
ORD-0165023,R-0383,2026-01-27,22.40,web,delivery,completed
ORD-0165024,R-0383,2026-01-10,12.02,app,delivery,completed
ORD-0165025,R-0383,2026-01-21,36.78,web,delivery,completed
ORD-0165026,R-0383,2026-01-11,20.83,web,delivery,completed
ORD-0165027,R-0383,2026-01-13,17.98,web,pickup,completed
ORD-0165028,R-0383,2026-01-31,14.14,web,pickup,completed
ORD-0165029,R-0383,2026-01-09,12.87,web,delivery,completed
ORD-0165030,R-0383,2026-01-31,20.05,web,delivery,completed
ORD-0165031,R-0383,2026-01-19,34.50,web,delivery,COMPLETED
ORD-0165032,R-0383,2026-01-03,10.88,web,delivery,completed
ORD-0165033,R-0383,2026-01-04,19.83,web,delivery,Completed
ORD-0165034,R-0383,2026-01-20,19.77,app,delivery,completed
ORD-0165035,R-0383,2026-01-13,22.74,web,pickup,completed
ORD-0165036,R-0383,2026-01-07,15.23,app,delivery,Completed
ORD-0165037,R-0383,2026-01-13,16.30,web,delivery,completed
ORD-0165038,R-0383,2026-01-03,18.09,app,delivery,refunded
ORD-0165039,R-0383,2026-01-20,30.89,web,delivery,completed
ORD-0165040,R-0383,2026-01-04,19.76,web,delivery,completed
ORD-0165041,R-0383,2026-01-05,32.15,web,delivery,completed
ORD-0165042,R-0383,2026-01-12,29.80,app,delivery,completed
ORD-0165043,R-0383,2026-01-31,47.20,app,delivery,completed
ORD-0165044,R-0383,2026-01-16,33.42,web,pickup,completed
ORD-0165045,R-0383,2026-01-15,24.96,app,delivery,completed
ORD-0165046,R-0383,2026-01-18,38.13,app,delivery,completed
ORD-0165047,R-0383,2026-01-21,22.14,app,delivery,completed
ORD-0165048,R-0383,2026-01-02,21.12,web,pickup,completed
ORD-0165049,R-0383,2026-01-04,23.60,web,delivery,Completed
ORD-0165050,R-0383,2026-01-25,42.48,app,delivery,completed
ORD-0165051,R-0383,2026-01-02,31.43,web,delivery,completed
ORD-0165052,R-0383,2026-01-25,22.00,web,delivery,completed
ORD-0165053,R-0383,2026-01-07,29.60,web,delivery,completed
ORD-0165054,R-0383,2026-01-03,36.96,web,pickup,completed
ORD-0165055,R-0383,2026-01-01,30.33,web,pickup,completed
ORD-0165056,R-0383,2026-01-05,21.65,app,delivery,completed
ORD-0165057,R-0383,2026-01-31,23.37,web,delivery,completed
ORD-0165058,R-0383,2026-01-06,19.53,app,delivery,completed
ORD-0165059,R-0383,2026-01-23,23.13,web,delivery,completed
ORD-0165060,R-0383,2026-01-31,29.23,web,delivery,completed
ORD-0165061,R-0383,2026-01-29,12.44,web,delivery,completed
ORD-0165062,R-0383,2026-01-17,22.57,web,delivery,Completed
ORD-0165063,R-0383,2026-01-13,32.91,web,pickup,completed
ORD-0165064,R-0383,2026-01-10,19.69,web,delivery,Completed
ORD-0165065,R-0383,2026-01-04,27.07,web,pickup,COMPLETED
ORD-0165066,R-0383,2026-01-27,18.39,web,pickup,completed
ORD-0165067,R-0383,2026-01-30,19.04,web,delivery,completed
ORD-0165068,R-0383,2026-01-04,42.91,web,delivery,completed
ORD-0165069,R-0383,2026-01-28,20.94,app,delivery,completed
ORD-0165070,R-0383,2026-01-02,49.70,web,pickup,completed
ORD-0165071,R-0383,2026-01-29,23.19,app,delivery,completed
ORD-0165072,R-0383,2026-01-09,33.74,web,delivery,completed
ORD-0165073,R-0383,2026-01-26,13.52,app,delivery,completed
ORD-0165074,R-0383,2026-01-13,12.10,app,pickup,completed
ORD-0165075,R-0383,2026-01-09,47.31,web,delivery,completed
ORD-0165076,R-0383,2026-01-26,50.49,web,pickup,completed
ORD-0165077,R-0383,2026-01-09,34.17,web,delivery,completed
ORD-0165078,R-0383,2026-01-29,33.02,web,delivery,completed
ORD-0165079,R-0383,2026-01-08,17.78,app,delivery,completed
ORD-0165080,R-0383,2026-01-31,24.64,web,delivery,cancelled
ORD-0165081,R-0383,2026-01-03,40.56,app,delivery,completed
ORD-0165082,R-0383,2026-01-25,20.54,web,pickup,completed
ORD-0165083,R-0383,2026-01-24,18.05,app,pickup,completed
ORD-0165084,R-0383,2026-01-16,20.26,web,pickup,completed
ORD-0165085,R-0383,2026-01-27,26.26,web,pickup,completed
ORD-0165086,R-0383,2026-01-13,26.10,app,delivery,completed
ORD-0165087,R-0383,2026-01-18,28.41,web,delivery,completed
ORD-0165088,R-0383,2026-01-02,24.34,app,delivery,completed
ORD-0165089,R-0383,2026-01-30,19.78,web,delivery,COMPLETED
ORD-0165090,R-0383,2026-01-16,31.61,web,delivery,completed
ORD-0165091,R-0383,2026-01-23,49.16,app,delivery,COMPLETED
ORD-0165092,R-0383,2026-01-24,39.02,app,delivery,completed
ORD-0165796,R-0384,2026-01-17,16.03,web,delivery,completed
ORD-0165797,R-0384,2026-01-25,54.17,web,delivery,completed
ORD-0165798,R-0384,2026-01-07,40.51,app,pickup,COMPLETED
ORD-0165799,R-0384,2026-01-09,22.49,app,delivery,completed
ORD-0165800,R-0384,2026-01-05,20.50,app,delivery,completed
ORD-0165801,R-0384,2026-01-01,30.78,app,delivery,completed
ORD-0165802,R-0384,2026-01-31,39.38,app,pickup,cancelled
ORD-0165803,R-0384,2026-01-01,16.70,web,pickup,completed
ORD-0165804,R-0384,2026-01-14,26.11,app,pickup,completed
ORD-0165805,R-0384,2026-01-28,32.65,web,pickup,completed
ORD-0165806,R-0384,2026-01-02,21.20,web,delivery,completed
ORD-0165807,R-0384,2026-01-21,33.45,app,delivery,cancelled
ORD-0165808,R-0384,2026-01-29,16.05,web,delivery,COMPLETED
ORD-0165809,R-0384,2026-01-17,27.71,app,pickup,completed
ORD-0165810,R-0384,2026-01-27,23.55,app,pickup,completed
ORD-0165811,R-0384,2026-01-08,39.99,web,pickup,completed
ORD-0165812,R-0384,2026-01-25,21.98,app,pickup,COMPLETED
ORD-0165813,R-0384,2026-01-18,26.97,app,pickup,cancelled
ORD-0165814,R-0384,2026-01-06,21.05,app,pickup,completed
ORD-0165815,R-0384,2026-01-14,17.05,app,pickup,completed
ORD-0165816,R-0384,2026-01-31,31.16,web,delivery,completed
ORD-0165817,R-0384,2026-01-18,20.10,app,delivery,Completed
ORD-0165818,R-0384,2026-01-23,54.55,app,delivery,completed
ORD-0165819,R-0384,2026-01-12,7.96,app,pickup,completed
ORD-0165820,R-0384,2026-01-09,21.86,web,delivery,completed
ORD-0165821,R-0384,2026-01-13,19.80,app,delivery,completed
ORD-0165822,R-0384,2026-01-30,30.87,web,delivery,completed
ORD-0165823,R-0384,2026-01-20,19.45,app,delivery,COMPLETED
ORD-0165824,R-0384,2026-01-22,26.76,app,delivery,completed
ORD-0165825,R-0384,2026-01-17,15.79,app,pickup,COMPLETED
ORD-0165826,R-0384,2026-01-22,37.27,app,delivery,completed
ORD-0165827,R-0384,2026-01-02,27.56,app,pickup,completed
ORD-0165828,R-0384,2026-01-26,25.84,web,pickup,completed
ORD-0165829,R-0384,2026-01-10,25.01,app,pickup,completed
ORD-0165830,R-0384,2026-01-19,20.21,app,delivery,completed
ORD-0165831,R-0384,2026-01-04,23.51,app,pickup,completed
ORD-0165832,R-0384,2026-01-06,21.00,app,delivery,completed
ORD-0165833,R-0384,2026-01-24,48.52,app,delivery,completed
ORD-0165834,R-0384,2026-01-10,32.81,app,delivery,completed
ORD-0165835,R-0384,2026-01-09,29.64,app,delivery,completed
ORD-0166452,R-0385,2026-01-25,28.19,app,delivery,completed
ORD-0166453,R-0385,2026-01-15,19.91,app,pickup,completed
ORD-0166454,R-0385,2026-01-16,35.38,web,delivery,completed
ORD-0166455,R-0385,2026-01-23,25.09,web,delivery,completed
ORD-0166456,R-0385,2026-01-29,15.01,web,delivery,completed
ORD-0166457,R-0385,2026-01-27,27.12,app,delivery,completed
ORD-0166458,R-0385,2026-01-05,27.46,web,pickup,completed
ORD-0166459,R-0385,2026-01-14,29.76,app,delivery,completed
ORD-0166460,R-0385,2026-01-01,39.73,web,delivery,completed
ORD-0166461,R-0385,2026-01-27,14.34,app,pickup,Completed
ORD-0166462,R-0385,2026-01-18,16.31,app,delivery,completed
ORD-0166463,R-0385,2026-01-06,29.94,web,delivery,completed
ORD-0166464,R-0385,2026-01-03,46.55,app,pickup,cancelled
ORD-0166465,R-0385,2026-01-30,12.26,app,delivery,completed
ORD-0166466,R-0385,2026-01-17,25.92,app,delivery,completed
ORD-0166467,R-0385,2026-01-09,16.92,app,pickup,completed
ORD-0166468,R-0385,2026-01-25,25.85,app,delivery,Completed
ORD-0166469,R-0385,2026-01-03,15.83,web,delivery,completed
ORD-0166470,R-0385,2026-01-17,44.22,app,delivery,completed
ORD-0166471,R-0385,2026-01-20,28.99,web,delivery,completed
ORD-0166472,R-0385,2026-01-14,28.10,web,delivery,completed
ORD-0166473,R-0385,2026-01-16,22.36,app,delivery,COMPLETED
ORD-0166474,R-0385,2026-01-28,41.36,web,delivery,completed
ORD-0166475,R-0385,2026-01-27,21.08,app,delivery,completed
ORD-0166476,R-0385,2026-01-09,16.68,web,delivery,completed
ORD-0166528,R-0386,2026-01-16,18.51,web,delivery,Completed
ORD-0166529,R-0386,2026-01-07,27.75,app,delivery,completed
ORD-0166530,R-0386,2026-01-17,38.89,app,delivery,completed
ORD-0166531,R-0386,2026-01-17,32.43,web,delivery,completed
ORD-0166532,R-0386,2026-01-31,29.36,app,delivery,completed
ORD-0166533,R-0386,2026-01-24,23.23,web,delivery,completed
ORD-0166534,R-0386,2026-01-17,21.28,web,delivery,COMPLETED
ORD-0166535,R-0386,2026-01-02,20.93,app,delivery,COMPLETED
ORD-0166536,R-0386,2026-01-11,20.45,app,delivery,completed
ORD-0166537,R-0386,2026-01-06,45.56,web,delivery,completed
ORD-0166538,R-0386,2026-01-16,33.43,app,pickup,completed
ORD-0166539,R-0386,2026-01-24,28.15,app,delivery,completed
ORD-0166540,R-0386,2026-01-01,21.88,web,delivery,completed
ORD-0166541,R-0386,2026-01-24,36.73,web,pickup,completed
ORD-0166542,R-0386,2026-01-09,65.22,web,delivery,completed
ORD-0166759,R-0388,2026-01-25,42.01,app,delivery,refunded
ORD-0166760,R-0388,2026-01-31,35.50,app,delivery,COMPLETED
ORD-0166761,R-0388,2026-01-08,14.28,app,delivery,completed
ORD-0166762,R-0388,2026-01-30,40.69,app,pickup,completed
ORD-0166763,R-0388,2026-01-26,41.35,web,delivery,completed
ORD-0166764,R-0388,2026-01-18,35.01,app,delivery,COMPLETED
ORD-0166765,R-0388,2026-01-12,33.12,web,delivery,completed
ORD-0166766,R-0388,2026-01-23,49.85,web,delivery,completed
ORD-0166767,R-0388,2026-01-29,24.71,app,delivery,completed
ORD-0166768,R-0388,2026-01-23,29.62,app,delivery,completed
ORD-0166769,R-0388,2026-01-10,51.61,app,pickup,completed
ORD-0166770,R-0388,2026-01-08,46.76,web,delivery,completed
ORD-0166771,R-0388,2026-01-26,29.12,web,delivery,completed
ORD-0167328,R-0389,2026-01-29,24.98,web,pickup,completed
ORD-0167329,R-0389,2026-01-19,18.65,web,pickup,Completed
ORD-0167330,R-0389,2026-01-24,32.67,app,pickup,completed
ORD-0167331,R-0389,2026-01-11,42.79,app,pickup,completed
ORD-0167332,R-0389,2026-01-18,25.56,web,pickup,completed
ORD-0167333,R-0389,2026-01-27,16.76,app,delivery,CANCELLED
ORD-0167334,R-0389,2026-01-22,16.16,web,pickup,completed
ORD-0167335,R-0389,2026-01-24,18.43,web,pickup,completed
ORD-0167336,R-0389,2026-01-10,31.86,web,pickup,completed
ORD-0167337,R-0389,2026-01-31,15.23,web,pickup,completed
ORD-0167338,R-0389,2026-01-25,26.16,app,pickup,COMPLETED
ORD-0167339,R-0389,2026-01-16,36.19,web,pickup,completed
ORD-0167340,R-0389,2026-01-02,26.30,web,delivery,cancelled
ORD-0167341,R-0389,2026-01-11,30.43,web,delivery,completed
ORD-0167342,R-0389,2026-01-03,36.34,app,delivery,completed
ORD-0167343,R-0389,2026-01-29,18.61,web,pickup,COMPLETED
ORD-0167344,R-0389,2026-01-19,24.66,web,pickup,completed
ORD-0167345,R-0389,2026-01-10,27.64,web,pickup,completed
ORD-0167346,R-0389,2026-01-12,20.30,app,pickup,completed
ORD-0167347,R-0389,2026-01-01,32.72,web,pickup,completed
ORD-0167348,R-0389,2026-01-23,18.42,app,delivery,COMPLETED
ORD-0167349,R-0389,2026-01-25,33.76,web,pickup,completed
ORD-0167350,R-0389,2026-01-17,24.24,app,pickup,completed
ORD-0167351,R-0389,2026-01-31,21.57,app,delivery,completed
ORD-0167352,R-0389,2026-01-03,24.68,web,pickup,refunded
ORD-0167353,R-0389,2026-01-09,15.86,app,pickup,completed
ORD-0167354,R-0389,2026-01-14,17.67,app,delivery,completed
ORD-0167355,R-0389,2026-01-31,25.46,web,pickup,completed
ORD-0167356,R-0389,2026-01-07,21.85,app,pickup,completed
ORD-0167357,R-0389,2026-01-10,32.32,web,pickup,Completed
ORD-0167358,R-0389,2026-01-12,18.79,web,pickup,completed
ORD-0167359,R-0389,2026-01-11,46.51,app,delivery,completed
ORD-0167360,R-0389,2026-01-19,11.08,web,pickup,completed
ORD-0167361,R-0389,2026-01-26,22.88,web,pickup,completed
ORD-0167362,R-0389,2026-01-29,56.39,app,pickup,completed
ORD-0167363,R-0389,2026-01-11,13.52,web,delivery,completed
ORD-0167364,R-0389,2026-01-18,15.05,web,pickup,completed
ORD-0167365,R-0389,2026-01-29,30.38,app,delivery,refunded
ORD-0167366,R-0389,2026-01-25,28.25,app,pickup,completed
ORD-0167367,R-0389,2026-01-19,29.38,web,pickup,completed
ORD-0167368,R-0389,2026-01-10,18.55,app,delivery,completed
ORD-0167369,R-0389,2026-01-09,30.23,web,pickup,completed
ORD-0167370,R-0389,2026-01-17,39.07,web,delivery,COMPLETED
ORD-0167371,R-0389,2026-01-02,37.84,app,pickup,completed
ORD-0167372,R-0389,2026-01-22,17.32,web,pickup,completed
ORD-0167373,R-0389,2026-01-22,19.95,app,pickup,completed
ORD-0167374,R-0389,2026-01-15,18.38,web,pickup,completed
ORD-0167375,R-0389,2026-01-26,10.17,app,delivery,completed
ORD-0167376,R-0389,2026-01-10,58.22,web,pickup,completed
ORD-0167377,R-0389,2026-01-23,14.72,web,pickup,completed
ORD-0167378,R-0389,2026-01-16,38.92,web,pickup,completed
ORD-0167379,R-0389,2026-01-04,49.32,web,pickup,completed
ORD-0167380,R-0389,2026-01-30,21.97,app,pickup,completed
ORD-0167381,R-0389,2026-01-22,29.01,web,pickup,completed
ORD-0167382,R-0389,2026-01-05,18.21,app,pickup,completed
ORD-0167383,R-0389,2026-01-18,35.65,app,pickup,Completed
ORD-0167384,R-0389,2026-01-05,15.83,web,delivery,completed
ORD-0167385,R-0389,2026-01-20,17.86,app,pickup,completed
ORD-0167386,R-0389,2026-01-09,34.95,app,pickup,completed
ORD-0167387,R-0389,2026-01-24,38.68,web,pickup,completed
ORD-0167388,R-0389,2026-01-03,27.51,web,pickup,completed
ORD-0167389,R-0389,2026-01-20,16.13,app,pickup,completed
ORD-0167390,R-0389,2026-01-16,9.13,web,pickup,completed
ORD-0167391,R-0389,2026-01-04,13.58,web,delivery,completed
ORD-0167392,R-0389,2026-01-31,22.40,app,pickup,completed
ORD-0167393,R-0389,2026-01-16,14.31,web,pickup,cancelled
ORD-0167394,R-0389,2026-01-02,26.80,web,pickup,completed
ORD-0167395,R-0389,2026-01-30,36.22,web,pickup,completed
ORD-0167396,R-0389,2026-01-30,50.46,web,pickup,completed
ORD-0167397,R-0389,2026-01-19,24.79,web,pickup,Completed
ORD-0167398,R-0389,2026-01-01,35.21,app,pickup,Completed
ORD-0167399,R-0389,2026-01-22,44.51,app,pickup,completed
ORD-0167400,R-0389,2026-01-01,15.15,app,pickup,completed
ORD-0167401,R-0389,2026-01-16,23.01,web,pickup,completed
ORD-0167402,R-0389,2026-01-18,68.71,web,pickup,completed
ORD-0167403,R-0389,2026-01-11,15.73,web,delivery,completed
ORD-0167404,R-0389,2026-01-29,17.19,web,pickup,Completed
ORD-0167405,R-0389,2026-01-02,16.82,app,pickup,refunded
ORD-0167406,R-0389,2026-01-14,21.28,app,delivery,completed
ORD-0167407,R-0389,2026-01-18,20.49,app,pickup,completed
ORD-0167408,R-0389,2026-01-23,39.95,app,pickup,completed
ORD-0167409,R-0389,2026-01-30,14.92,app,pickup,completed
ORD-0167410,R-0389,2026-01-16,22.79,web,pickup,completed
ORD-0167411,R-0389,2026-01-19,12.98,web,pickup,completed
ORD-0167412,R-0389,2026-01-02,22.04,web,pickup,Completed
ORD-0167413,R-0389,2026-01-22,22.58,web,pickup,completed
ORD-0167414,R-0389,2026-01-31,22.75,web,delivery,completed
ORD-0167415,R-0389,2026-01-21,26.38,app,pickup,completed
ORD-0167416,R-0389,2026-01-25,12.68,web,pickup,completed
ORD-0167417,R-0389,2026-01-29,31.31,web,pickup,completed
ORD-0167418,R-0389,2026-01-22,18.81,web,delivery,completed
ORD-0167419,R-0389,2026-01-17,16.60,web,pickup,completed
ORD-0167420,R-0389,2026-01-14,16.48,app,pickup,completed
ORD-0167421,R-0389,2026-01-19,28.56,app,pickup,completed
ORD-0167422,R-0389,2026-01-18,15.12,web,pickup,COMPLETED
ORD-0167423,R-0389,2026-01-29,15.93,app,pickup,completed
ORD-0167424,R-0389,2026-01-09,33.47,app,pickup,COMPLETED
ORD-0167425,R-0389,2026-01-01,24.98,app,pickup,completed
ORD-0167426,R-0389,2026-01-02,10.00,app,pickup,completed
ORD-0167427,R-0389,2026-01-13,16.10,web,delivery,Completed
ORD-0167428,R-0389,2026-01-16,19.66,app,delivery,completed
ORD-0167429,R-0389,2026-01-20,34.06,web,pickup,COMPLETED
ORD-0167430,R-0389,2026-01-17,23.26,web,pickup,completed
ORD-0167431,R-0389,2026-01-31,18.15,app,pickup,Completed
ORD-0167432,R-0389,2026-01-12,11.44,app,pickup,completed
ORD-0167433,R-0389,2026-01-17,14.30,web,delivery,completed
ORD-0167434,R-0389,2026-01-04,7.18,web,pickup,completed
ORD-0167435,R-0389,2026-01-01,27.91,app,pickup,completed
ORD-0167436,R-0389,2026-01-08,20.26,web,pickup,completed
ORD-0167437,R-0389,2026-01-27,20.50,app,pickup,completed
ORD-0167438,R-0389,2026-01-01,30.57,web,pickup,completed
ORD-0167439,R-0389,2026-01-23,27.82,web,pickup,completed
ORD-0167440,R-0389,2026-01-05,35.98,web,pickup,completed
ORD-0167441,R-0389,2026-01-25,14.94,web,pickup,completed
ORD-0167442,R-0389,2026-01-07,22.84,app,pickup,completed
ORD-0167443,R-0389,2026-01-25,32.23,web,pickup,completed
ORD-0167444,R-0389,2026-01-31,19.05,web,pickup,completed
ORD-0167445,R-0389,2026-01-18,29.65,web,pickup,refunded
ORD-0167446,R-0389,2026-01-18,37.03,web,pickup,completed
ORD-0167447,R-0389,2026-01-10,22.01,web,delivery,completed
ORD-0167448,R-0389,2026-01-17,28.93,web,delivery,completed
ORD-0167449,R-0389,2026-01-09,43.69,app,pickup,completed
ORD-0167450,R-0389,2026-01-18,18.03,web,delivery,Completed
ORD-0168622,R-0390,2026-01-02,32.92,web,delivery,completed
ORD-0168623,R-0390,2026-01-08,18.80,app,delivery,completed
ORD-0168624,R-0390,2026-01-30,28.04,web,delivery,completed
ORD-0168625,R-0390,2026-01-10,31.47,app,pickup,completed
ORD-0168626,R-0390,2026-01-07,33.04,web,pickup,completed
ORD-0168627,R-0390,2026-01-10,33.96,web,delivery,completed
ORD-0168628,R-0390,2026-01-25,35.08,web,pickup,completed
ORD-0168629,R-0390,2026-01-04,48.54,web,pickup,completed
ORD-0168630,R-0390,2026-01-09,41.11,app,pickup,completed
ORD-0168959,R-0392,2026-01-13,21.37,web,delivery,completed
ORD-0168960,R-0392,2026-01-11,16.82,web,pickup,Completed
ORD-0168961,R-0392,2026-01-31,22.08,web,pickup,completed
ORD-0168962,R-0392,2026-01-25,17.29,app,delivery,completed
ORD-0168963,R-0392,2026-01-25,26.20,app,pickup,completed
ORD-0168964,R-0392,2026-01-28,24.96,web,pickup,completed
ORD-0168965,R-0392,2026-01-17,29.10,web,delivery,completed
ORD-0168966,R-0392,2026-01-01,13.49,app,delivery,completed
ORD-0168967,R-0392,2026-01-24,17.60,app,pickup,completed
ORD-0168968,R-0392,2026-01-10,21.92,app,pickup,completed
ORD-0168969,R-0392,2026-01-12,17.69,app,delivery,refunded
ORD-0168970,R-0392,2026-01-21,24.42,app,pickup,completed
ORD-0168971,R-0392,2026-01-01,10.31,web,pickup,completed
ORD-0168972,R-0392,2026-01-03,22.19,app,delivery,completed
ORD-0168973,R-0392,2026-01-13,38.93,app,delivery,completed
ORD-0168974,R-0392,2026-01-20,15.20,web,delivery,completed
ORD-0168975,R-0392,2026-01-23,28.33,web,delivery,completed
ORD-0168976,R-0392,2026-01-10,22.69,web,delivery,Completed
ORD-0168977,R-0392,2026-01-31,23.37,app,delivery,completed
ORD-0168978,R-0392,2026-01-07,20.48,app,pickup,completed
ORD-0168979,R-0392,2026-01-02,18.70,app,delivery,Completed
ORD-0168980,R-0392,2026-01-17,31.63,web,delivery,completed
ORD-0168981,R-0392,2026-01-11,22.66,app,delivery,completed
ORD-0168982,R-0392,2026-01-18,10.16,web,pickup,completed
ORD-0168983,R-0392,2026-01-27,32.98,web,delivery,COMPLETED
ORD-0168984,R-0392,2026-01-07,23.53,app,delivery,completed
ORD-0168985,R-0392,2026-01-09,32.98,app,delivery,completed
ORD-0168986,R-0392,2026-01-06,22.93,app,delivery,completed
ORD-0168987,R-0392,2026-01-24,18.12,web,delivery,completed
ORD-0168988,R-0392,2026-01-27,28.45,app,delivery,completed
ORD-0168989,R-0392,2026-01-05,31.13,app,delivery,completed
ORD-0168990,R-0392,2026-01-27,20.42,web,pickup,completed
ORD-0168991,R-0392,2026-01-17,25.06,app,delivery,completed
ORD-0168992,R-0392,2026-01-27,12.20,web,delivery,completed
ORD-0168993,R-0392,2026-01-22,12.28,app,delivery,completed
ORD-0168994,R-0392,2026-01-16,17.61,app,delivery,completed
ORD-0169312,R-0394,2026-01-09,17.14,app,delivery,completed
ORD-0169313,R-0394,2026-01-23,38.57,web,delivery,completed
ORD-0169314,R-0394,2026-01-27,16.00,web,delivery,completed
ORD-0169315,R-0394,2026-01-18,18.67,web,delivery,completed
ORD-0169316,R-0394,2026-01-21,23.76,app,delivery,completed
ORD-0169317,R-0394,2026-01-31,18.91,web,delivery,completed
ORD-0169318,R-0394,2026-01-03,23.62,web,delivery,COMPLETED
ORD-0169319,R-0394,2026-01-09,69.11,app,pickup,Completed
ORD-0169320,R-0394,2026-01-30,31.72,web,delivery,completed
ORD-0169321,R-0394,2026-01-04,10.94,app,delivery,completed
ORD-0169322,R-0394,2026-01-05,37.97,web,delivery,Completed
ORD-0169323,R-0394,2026-01-31,15.95,app,delivery,completed
ORD-0169324,R-0394,2026-01-07,42.92,app,delivery,completed
ORD-0169325,R-0394,2026-01-23,21.82,app,delivery,completed
ORD-0169326,R-0394,2026-01-30,40.26,web,delivery,completed
ORD-0169327,R-0394,2026-01-15,35.27,web,delivery,completed
ORD-0169328,R-0394,2026-01-23,13.95,app,delivery,completed
ORD-0169329,R-0394,2026-01-15,19.61,web,delivery,completed
ORD-0169330,R-0394,2026-01-14,23.36,web,delivery,completed
ORD-0169331,R-0394,2026-01-03,18.67,web,delivery,completed
ORD-0169332,R-0394,2026-01-03,39.27,web,delivery,completed
ORD-0169333,R-0394,2026-01-23,12.33,app,pickup,completed
ORD-0169334,R-0394,2026-01-25,41.67,web,delivery,completed
ORD-0169335,R-0394,2026-01-07,23.30,app,delivery,completed
ORD-0169336,R-0394,2026-01-02,40.94,web,delivery,completed
ORD-0169337,R-0394,2026-01-11,16.54,app,delivery,refunded
ORD-0169338,R-0394,2026-01-31,32.96,web,delivery,completed
ORD-0169339,R-0394,2026-01-18,41.84,web,pickup,completed
ORD-0169340,R-0394,2026-01-31,30.14,app,delivery,completed
ORD-0169341,R-0394,2026-01-23,50.15,web,pickup,completed
ORD-0169342,R-0394,2026-01-03,26.57,app,pickup,completed
ORD-0169343,R-0394,2026-01-22,16.74,app,delivery,completed
ORD-0169344,R-0394,2026-01-02,39.11,app,delivery,completed
ORD-0169345,R-0394,2026-01-09,51.43,app,delivery,COMPLETED
ORD-0169346,R-0394,2026-01-11,28.31,web,delivery,completed
ORD-0169347,R-0394,2026-01-04,19.89,web,delivery,completed
ORD-0169348,R-0394,2026-01-22,14.91,app,delivery,completed
ORD-0169349,R-0394,2026-01-23,57.47,web,delivery,Completed
ORD-0169350,R-0394,2026-01-09,24.00,web,delivery,COMPLETED
ORD-0169351,R-0394,2026-01-01,25.11,app,delivery,completed
ORD-0169352,R-0394,2026-01-27,14.87,app,delivery,completed
ORD-0169353,R-0394,2026-01-06,56.15,web,delivery,Completed
ORD-0169354,R-0394,2026-01-01,34.10,web,delivery,completed
ORD-0169355,R-0394,2026-01-18,17.69,web,delivery,completed
ORD-0169356,R-0394,2026-01-21,15.90,app,pickup,completed
ORD-0169357,R-0394,2026-01-05,23.41,web,delivery,completed
ORD-0169358,R-0394,2026-01-15,16.17,app,delivery,refunded
ORD-0169359,R-0394,2026-01-04,17.10,web,delivery,completed
ORD-0169360,R-0394,2026-01-24,20.70,app,delivery,completed
ORD-0169361,R-0394,2026-01-06,21.63,app,pickup,completed
ORD-0169362,R-0394,2026-01-24,36.82,app,delivery,COMPLETED
ORD-0169363,R-0394,2026-01-09,31.05,web,delivery,completed
ORD-0169364,R-0394,2026-01-15,28.50,web,delivery,completed
ORD-0169365,R-0394,2026-01-03,25.80,web,delivery,completed
ORD-0169366,R-0394,2026-01-14,18.33,web,delivery,Completed
ORD-0169367,R-0394,2026-01-06,18.51,web,delivery,completed
ORD-0169368,R-0394,2026-01-31,30.88,web,pickup,completed
ORD-0169369,R-0394,2026-01-30,13.48,app,delivery,completed
ORD-0169370,R-0394,2026-01-01,21.64,app,delivery,completed
ORD-0169371,R-0394,2026-01-11,17.02,app,pickup,completed
ORD-0169372,R-0394,2026-01-23,14.07,app,pickup,completed
ORD-0169373,R-0394,2026-01-16,34.49,app,delivery,COMPLETED
ORD-0169374,R-0394,2026-01-11,24.09,app,pickup,completed
ORD-0169375,R-0394,2026-01-16,25.71,app,pickup,completed
ORD-0170034,R-0396,2026-01-28,31.26,web,pickup,completed
ORD-0170035,R-0396,2026-01-21,20.12,web,delivery,completed
ORD-0170036,R-0396,2026-01-31,38.82,app,delivery,COMPLETED
ORD-0170037,R-0396,2026-01-19,31.60,app,delivery,completed
ORD-0170053,R-0397,2026-01-03,33.77,app,delivery,completed
ORD-0170054,R-0397,2026-01-19,27.98,web,pickup,completed
ORD-0170055,R-0397,2026-01-17,26.02,web,pickup,completed
ORD-0170056,R-0397,2026-01-18,43.51,web,pickup,completed
ORD-0170057,R-0397,2026-01-07,50.20,app,delivery,completed
ORD-0170058,R-0397,2026-01-10,43.32,app,delivery,completed
ORD-0170059,R-0397,2026-01-02,33.27,web,delivery,COMPLETED
ORD-0170060,R-0397,2026-01-29,18.93,web,delivery,completed
ORD-0170061,R-0397,2026-01-06,36.53,web,delivery,COMPLETED
ORD-0170062,R-0397,2026-01-07,33.80,app,delivery,completed
ORD-0170063,R-0397,2026-01-27,29.91,app,pickup,completed
ORD-0170064,R-0397,2026-01-27,46.68,app,delivery,COMPLETED
ORD-0170065,R-0397,2026-01-02,62.13,web,pickup,CANCELLED
ORD-0170066,R-0397,2026-01-01,57.68,web,pickup,completed
ORD-0170067,R-0397,2026-01-30,17.40,web,pickup,completed
ORD-0170068,R-0397,2026-01-26,24.70,web,delivery,completed
ORD-0170069,R-0397,2026-01-01,31.66,web,delivery,completed
ORD-0170070,R-0397,2026-01-12,83.10,app,pickup,completed
ORD-0170071,R-0397,2026-01-08,25.10,app,pickup,completed
ORD-0170072,R-0397,2026-01-28,49.55,app,delivery,completed
ORD-0170073,R-0397,2026-01-31,60.67,app,pickup,COMPLETED
ORD-0170074,R-0397,2026-01-24,20.67,web,delivery,completed
ORD-0170075,R-0397,2026-01-11,35.02,web,pickup,Completed
ORD-0170076,R-0397,2026-01-26,47.89,web,pickup,completed
ORD-0170077,R-0397,2026-01-16,43.41,web,pickup,completed
ORD-0170078,R-0397,2026-01-28,47.80,web,delivery,completed
ORD-0170079,R-0397,2026-01-31,44.76,web,delivery,cancelled
ORD-0170080,R-0397,2026-01-04,38.54,app,pickup,completed
ORD-0170081,R-0397,2026-01-06,27.01,web,delivery,cancelled
ORD-0170563,R-0398,2026-01-16,34.48,app,pickup,completed
ORD-0170564,R-0398,2026-01-26,19.57,web,delivery,completed
ORD-0170565,R-0398,2026-01-31,13.68,app,delivery,completed
ORD-0170566,R-0398,2026-01-15,18.88,app,delivery,COMPLETED
ORD-0170567,R-0398,2026-01-12,11.12,web,delivery,cancelled
ORD-0170568,R-0398,2026-01-03,12.07,app,delivery,completed
ORD-0170569,R-0398,2026-01-12,9.65,web,delivery,completed
ORD-0170570,R-0398,2026-01-17,23.39,app,delivery,completed
ORD-0170571,R-0398,2026-01-04,12.87,web,pickup,completed
ORD-0170572,R-0398,2026-01-05,24.79,app,pickup,completed
ORD-0170573,R-0398,2026-01-04,25.05,web,pickup,Completed
ORD-0170574,R-0398,2026-01-08,20.85,web,pickup,completed
ORD-0170575,R-0398,2026-01-08,19.42,app,delivery,completed
ORD-0170576,R-0398,2026-01-02,10.04,app,pickup,completed
ORD-0170577,R-0398,2026-01-18,37.19,web,delivery,completed
ORD-0170578,R-0398,2026-01-02,16.26,app,delivery,completed
ORD-0170579,R-0398,2026-01-10,13.78,web,delivery,completed
ORD-0170580,R-0398,2026-01-30,43.56,web,pickup,completed
ORD-0170581,R-0398,2026-01-03,17.09,app,pickup,completed
ORD-0170582,R-0398,2026-01-04,29.56,app,delivery,completed
ORD-0170583,R-0398,2026-01-01,12.33,app,delivery,completed
ORD-0170584,R-0398,2026-01-11,29.63,app,delivery,completed
ORD-0170585,R-0398,2026-01-19,22.46,app,delivery,completed
ORD-0170586,R-0398,2026-01-10,22.20,app,pickup,COMPLETED
ORD-0170587,R-0398,2026-01-02,40.78,web,delivery,completed
ORD-0170588,R-0398,2026-01-29,19.04,web,pickup,completed
ORD-0170589,R-0398,2026-01-18,25.88,web,delivery,completed
ORD-0170590,R-0398,2026-01-03,40.43,app,pickup,completed
ORD-0170591,R-0398,2026-01-04,31.05,app,delivery,completed
ORD-0170592,R-0398,2026-01-08,9.72,app,pickup,completed
ORD-0170593,R-0398,2026-01-01,31.41,app,delivery,completed
ORD-0170594,R-0398,2026-01-08,16.21,web,pickup,completed
ORD-0170595,R-0398,2026-01-23,19.83,app,pickup,completed
ORD-0170596,R-0398,2026-01-13,14.08,web,delivery,completed
ORD-0170597,R-0398,2026-01-10,28.23,web,pickup,Completed
ORD-0170598,R-0398,2026-01-10,21.78,app,delivery,completed
ORD-0170599,R-0398,2026-01-10,20.39,app,delivery,cancelled
ORD-0170600,R-0398,2026-01-17,12.84,web,delivery,completed
ORD-0170601,R-0398,2026-01-28,21.75,app,delivery,completed
ORD-0170602,R-0398,2026-01-17,19.45,web,delivery,Completed
ORD-0170603,R-0398,2026-01-19,16.44,app,pickup,COMPLETED
ORD-0170604,R-0398,2026-01-11,23.48,web,delivery,completed
ORD-0170605,R-0398,2026-01-31,30.34,web,delivery,completed
ORD-0170606,R-0398,2026-01-29,29.20,app,delivery,completed
ORD-0170607,R-0398,2026-01-19,7.70,web,delivery,completed
ORD-0170608,R-0398,2026-01-02,18.49,app,delivery,completed
ORD-0170609,R-0398,2026-01-20,32.41,app,pickup,Cancelled
ORD-0170610,R-0398,2026-01-07,23.28,app,pickup,completed
ORD-0170611,R-0398,2026-01-09,10.05,app,delivery,completed
ORD-0170612,R-0398,2026-01-30,18.17,app,delivery,completed
ORD-0170613,R-0398,2026-01-08,36.17,app,delivery,completed
ORD-0170614,R-0398,2026-01-14,7.90,app,pickup,cancelled
ORD-0170615,R-0398,2026-01-07,22.42,web,delivery,completed
ORD-0170616,R-0398,2026-01-26,11.09,web,delivery,completed
ORD-0170617,R-0398,2026-01-29,23.25,web,pickup,completed
ORD-0170618,R-0398,2026-01-21,28.20,web,delivery,completed
ORD-0170619,R-0398,2026-01-17,37.96,web,delivery,completed
ORD-0170620,R-0398,2026-01-29,19.38,app,pickup,completed
ORD-0170621,R-0398,2026-01-15,15.50,app,pickup,COMPLETED
ORD-0170622,R-0398,2026-01-24,19.90,web,delivery,completed
ORD-0170623,R-0398,2026-01-17,12.45,web,delivery,COMPLETED
ORD-0170624,R-0398,2026-01-04,14.50,web,delivery,completed
ORD-0170625,R-0398,2026-01-09,10.66,app,delivery,completed
ORD-0170626,R-0398,2026-01-28,23.33,web,delivery,completed
ORD-0170627,R-0398,2026-01-14,25.52,app,pickup,completed
ORD-0170628,R-0398,2026-01-06,20.59,app,pickup,Completed
ORD-0170629,R-0398,2026-01-17,21.08,web,pickup,completed
ORD-0170630,R-0398,2026-01-08,16.92,web,pickup,completed
ORD-0172631,R-0401,2026-01-04,44.11,web,pickup,completed
ORD-0172632,R-0401,2026-01-13,6.19,web,pickup,completed
ORD-0172633,R-0401,2026-01-21,16.12,app,delivery,completed
ORD-0172634,R-0401,2026-01-17,21.86,app,pickup,completed
ORD-0172635,R-0401,2026-01-25,31.61,app,pickup,completed
ORD-0172636,R-0401,2026-01-30,40.08,web,delivery,completed
ORD-0172637,R-0401,2026-01-27,19.46,app,pickup,completed
ORD-0172638,R-0401,2026-01-24,35.13,app,pickup,completed
ORD-0172639,R-0401,2026-01-30,20.60,app,pickup,completed
ORD-0172640,R-0401,2026-01-24,57.24,app,pickup,completed
ORD-0172641,R-0401,2026-01-20,15.73,web,pickup,completed
ORD-0172642,R-0401,2026-01-12,20.64,app,pickup,COMPLETED
ORD-0172643,R-0401,2026-01-14,20.19,app,pickup,completed
ORD-0172644,R-0401,2026-01-12,64.43,app,delivery,cancelled
ORD-0172645,R-0401,2026-01-19,20.43,web,pickup,completed
ORD-0172646,R-0401,2026-01-24,17.93,app,delivery,completed
ORD-0172647,R-0401,2026-01-11,14.57,app,pickup,completed
ORD-0172648,R-0401,2026-01-30,17.65,web,pickup,completed
ORD-0172649,R-0401,2026-01-21,34.09,app,pickup,completed
ORD-0172650,R-0401,2026-01-18,32.32,app,pickup,completed
ORD-0172651,R-0401,2026-01-18,19.02,app,pickup,completed
ORD-0172652,R-0401,2026-01-29,26.49,web,pickup,completed
ORD-0172653,R-0401,2026-01-02,18.78,app,pickup,completed
ORD-0172654,R-0401,2026-01-20,23.32,app,delivery,completed
ORD-0172655,R-0401,2026-01-31,23.66,app,pickup,completed
ORD-0172656,R-0401,2026-01-29,13.95,app,delivery,completed
ORD-0172657,R-0401,2026-01-16,22.02,app,delivery,completed
ORD-0172658,R-0401,2026-01-01,13.27,app,pickup,completed
ORD-0172659,R-0401,2026-01-17,50.55,app,pickup,completed
ORD-0172660,R-0401,2026-01-17,62.85,app,pickup,cancelled
ORD-0172661,R-0401,2026-01-03,20.87,app,delivery,completed
ORD-0172662,R-0401,2026-01-04,26.02,app,pickup,completed
ORD-0172663,R-0401,2026-01-09,44.15,web,pickup,completed
ORD-0172664,R-0401,2026-01-25,29.60,app,pickup,completed
ORD-0172665,R-0401,2026-01-28,39.39,app,delivery,completed
ORD-0172666,R-0401,2026-01-24,36.11,app,delivery,completed
ORD-0172667,R-0401,2026-01-06,15.23,app,delivery,completed
ORD-0172668,R-0401,2026-01-15,31.35,app,pickup,completed
ORD-0172669,R-0401,2026-01-09,35.03,web,delivery,Completed
ORD-0172670,R-0401,2026-01-22,75.06,app,pickup,cancelled
ORD-0172671,R-0401,2026-01-18,17.49,app,delivery,COMPLETED
ORD-0172672,R-0401,2026-01-21,27.86,app,delivery,completed
ORD-0172673,R-0401,2026-01-24,33.85,app,pickup,completed
ORD-0172674,R-0401,2026-01-02,19.00,web,pickup,completed
ORD-0172675,R-0401,2026-01-15,33.94,app,pickup,completed
ORD-0172676,R-0401,2026-01-03,26.20,web,pickup,completed
ORD-0172677,R-0401,2026-01-03,41.23,app,delivery,refunded
ORD-0172678,R-0401,2026-01-19,31.17,web,pickup,completed
ORD-0172679,R-0401,2026-01-10,31.02,web,delivery,completed
ORD-0172680,R-0401,2026-01-13,22.65,app,pickup,completed
ORD-0172681,R-0401,2026-01-03,49.10,app,pickup,completed
ORD-0172682,R-0401,2026-01-19,22.50,app,pickup,completed
ORD-0172683,R-0401,2026-01-16,45.50,app,delivery,completed
ORD-0172684,R-0401,2026-01-24,39.64,web,delivery,completed
ORD-0172685,R-0401,2026-01-09,21.84,web,pickup,completed
ORD-0172686,R-0401,2026-01-06,25.89,app,delivery,completed
ORD-0172687,R-0401,2026-01-05,20.30,app,pickup,completed
ORD-0172688,R-0401,2026-01-14,22.65,app,delivery,completed
ORD-0172689,R-0401,2026-01-12,19.52,web,pickup,completed
ORD-0172690,R-0401,2026-01-04,24.58,web,pickup,completed
ORD-0172691,R-0401,2026-01-09,41.74,app,delivery,completed
ORD-0172692,R-0401,2026-01-05,27.33,app,delivery,completed
ORD-0172693,R-0401,2026-01-11,38.36,app,delivery,completed
ORD-0172694,R-0401,2026-01-17,31.84,web,pickup,refunded
ORD-0172695,R-0401,2026-01-25,33.05,web,pickup,completed
ORD-0172696,R-0401,2026-01-15,34.62,web,pickup,completed
ORD-0172697,R-0401,2026-01-03,61.26,web,delivery,completed
ORD-0172698,R-0401,2026-01-24,41.91,app,delivery,completed
ORD-0172699,R-0401,2026-01-03,34.90,app,delivery,completed
ORD-0172700,R-0401,2026-01-24,34.59,app,pickup,completed
ORD-0172701,R-0401,2026-01-28,25.95,app,delivery,completed
ORD-0172702,R-0401,2026-01-28,25.71,web,pickup,completed
ORD-0172703,R-0401,2026-01-23,28.96,app,pickup,cancelled
ORD-0172704,R-0401,2026-01-02,23.84,app,delivery,completed
ORD-0172705,R-0401,2026-01-22,13.60,app,delivery,completed
ORD-0172706,R-0401,2026-01-26,21.25,web,pickup,completed
ORD-0172707,R-0401,2026-01-25,13.84,app,pickup,completed
ORD-0172708,R-0401,2026-01-03,23.03,app,delivery,COMPLETED
ORD-0172709,R-0401,2026-01-02,27.14,app,pickup,COMPLETED
ORD-0172710,R-0401,2026-01-14,10.79,app,pickup,COMPLETED
ORD-0172711,R-0401,2026-01-09,41.74,app,pickup,completed
ORD-0172712,R-0401,2026-01-09,27.98,app,pickup,completed
ORD-0172713,R-0401,2026-01-24,40.23,app,delivery,completed
ORD-0172714,R-0401,2026-01-22,35.15,web,pickup,completed
ORD-0172715,R-0401,2026-01-23,47.43,web,pickup,completed
ORD-0172716,R-0401,2026-01-02,46.45,app,delivery,completed
ORD-0173230,R-0404,2026-01-02,33.54,web,pickup,COMPLETED
ORD-0173231,R-0404,2026-01-02,30.86,app,delivery,completed
ORD-0173232,R-0404,2026-01-09,19.33,web,pickup,completed
ORD-0173233,R-0404,2026-01-14,19.67,web,delivery,completed
ORD-0173234,R-0404,2026-01-08,25.28,web,pickup,completed
ORD-0173235,R-0404,2026-01-31,22.01,app,delivery,completed
ORD-0173236,R-0404,2026-01-05,19.38,app,pickup,completed
ORD-0173237,R-0404,2026-01-29,12.98,app,pickup,Completed
ORD-0173238,R-0404,2026-01-31,23.11,app,pickup,completed
ORD-0173239,R-0404,2026-01-28,17.83,app,delivery,completed
ORD-0173240,R-0404,2026-01-02,35.02,web,delivery,completed
ORD-0173241,R-0404,2026-01-15,20.17,app,pickup,completed
ORD-0173242,R-0404,2026-01-17,15.59,app,pickup,completed
ORD-0173243,R-0404,2026-01-11,29.56,app,pickup,completed
ORD-0173244,R-0404,2026-01-12,27.07,web,pickup,completed
ORD-0173245,R-0404,2026-01-10,22.97,app,delivery,completed
ORD-0173246,R-0404,2026-01-21,10.67,app,pickup,COMPLETED
ORD-0173247,R-0404,2026-01-09,33.79,app,pickup,completed
ORD-0173248,R-0404,2026-01-25,27.30,app,pickup,completed
ORD-0173249,R-0404,2026-01-10,28.98,app,pickup,completed
ORD-0173250,R-0404,2026-01-31,43.78,web,pickup,completed
ORD-0173251,R-0404,2026-01-14,28.76,web,pickup,completed
ORD-0173252,R-0404,2026-01-17,52.65,app,delivery,Refunded
ORD-0173253,R-0404,2026-01-30,18.49,app,delivery,completed
ORD-0173254,R-0404,2026-01-11,26.03,web,pickup,completed
ORD-0173255,R-0404,2026-01-16,30.70,app,delivery,completed
ORD-0173256,R-0404,2026-01-10,42.77,app,pickup,completed
ORD-0173257,R-0404,2026-01-09,20.94,app,delivery,COMPLETED
ORD-0173258,R-0404,2026-01-31,27.60,app,pickup,completed
ORD-0173259,R-0404,2026-01-03,20.02,app,pickup,completed
ORD-0173260,R-0404,2026-01-21,17.69,app,delivery,completed
ORD-0173261,R-0404,2026-01-06,25.74,app,pickup,completed
ORD-0173262,R-0404,2026-01-11,28.47,web,delivery,completed
ORD-0173263,R-0404,2026-01-11,41.26,app,delivery,completed
ORD-0173264,R-0404,2026-01-09,34.31,app,delivery,completed
ORD-0173265,R-0404,2026-01-03,15.79,app,pickup,completed
ORD-0173266,R-0404,2026-01-03,19.41,app,pickup,completed
ORD-0173267,R-0404,2026-01-24,24.40,app,delivery,completed
ORD-0173268,R-0404,2026-01-18,20.99,app,delivery,completed
ORD-0173269,R-0404,2026-01-11,34.01,web,delivery,cancelled
ORD-0173270,R-0404,2026-01-08,20.90,app,pickup,completed
ORD-0173271,R-0404,2026-01-22,26.19,web,delivery,completed
ORD-0173272,R-0404,2026-01-31,18.12,app,pickup,completed
ORD-0173273,R-0404,2026-01-17,28.14,app,pickup,COMPLETED
ORD-0173274,R-0404,2026-01-29,34.62,app,pickup,completed
ORD-0173275,R-0404,2026-01-25,19.77,app,pickup,completed
ORD-0173276,R-0404,2026-01-03,15.33,app,pickup,completed
ORD-0173277,R-0404,2026-01-20,31.94,app,pickup,completed
ORD-0173278,R-0404,2026-01-14,22.28,web,delivery,completed
ORD-0173279,R-0404,2026-01-07,27.71,web,delivery,completed
ORD-0173280,R-0404,2026-01-31,35.46,app,delivery,completed
ORD-0173281,R-0404,2026-01-17,25.55,app,delivery,completed
ORD-0173282,R-0404,2026-01-30,20.61,app,pickup,completed
ORD-0173283,R-0404,2026-01-03,38.44,web,pickup,completed
ORD-0174317,R-0407,2026-01-28,22.06,web,delivery,completed
ORD-0174318,R-0407,2026-01-09,8.02,web,pickup,completed
ORD-0174319,R-0407,2026-01-22,17.10,app,delivery,completed
ORD-0174320,R-0407,2026-01-14,14.55,app,delivery,completed
ORD-0174321,R-0407,2026-01-13,17.44,app,pickup,completed
ORD-0174322,R-0407,2026-01-10,14.98,web,pickup,completed
ORD-0174323,R-0407,2026-01-17,26.89,web,delivery,completed
ORD-0174324,R-0407,2026-01-16,27.25,web,pickup,Completed
ORD-0174325,R-0407,2026-01-19,30.43,web,pickup,completed
ORD-0174326,R-0407,2026-01-23,29.23,web,delivery,completed
ORD-0174327,R-0407,2026-01-02,23.36,web,delivery,completed
ORD-0174328,R-0407,2026-01-14,13.63,web,pickup,completed
ORD-0174329,R-0407,2026-01-15,16.88,web,pickup,completed
ORD-0174330,R-0407,2026-01-07,34.71,web,delivery,completed
ORD-0174331,R-0407,2026-01-09,17.74,web,pickup,completed
ORD-0174332,R-0407,2026-01-11,23.85,web,delivery,completed
ORD-0174333,R-0407,2026-01-03,27.19,web,pickup,completed
ORD-0174334,R-0407,2026-01-22,13.04,web,pickup,completed
ORD-0174335,R-0407,2026-01-18,26.19,web,delivery,completed
ORD-0174336,R-0407,2026-01-16,13.01,web,pickup,completed
ORD-0174337,R-0407,2026-01-16,31.65,web,pickup,completed
ORD-0174338,R-0407,2026-01-25,30.43,web,pickup,completed
ORD-0174339,R-0407,2026-01-09,17.52,app,pickup,completed
ORD-0174340,R-0407,2026-01-25,51.10,app,pickup,COMPLETED
ORD-0174341,R-0407,2026-01-07,17.43,web,pickup,COMPLETED
ORD-0174342,R-0407,2026-01-25,18.03,web,delivery,completed
ORD-0174343,R-0407,2026-01-05,9.01,web,pickup,completed
ORD-0174344,R-0407,2026-01-17,34.32,web,pickup,completed
ORD-0174345,R-0407,2026-01-04,8.94,web,pickup,completed
ORD-0174346,R-0407,2026-01-09,6.00,web,pickup,completed
ORD-0174347,R-0407,2026-01-21,21.12,web,pickup,completed
ORD-0174348,R-0407,2026-01-30,29.37,app,pickup,completed
ORD-0174349,R-0407,2026-01-27,8.67,web,delivery,completed
ORD-0174350,R-0407,2026-01-15,16.99,web,delivery,completed
ORD-0174351,R-0407,2026-01-11,17.38,app,pickup,completed
ORD-0174352,R-0407,2026-01-31,15.38,web,delivery,completed
ORD-0174353,R-0407,2026-01-08,26.95,web,pickup,cancelled
ORD-0174354,R-0407,2026-01-13,26.73,web,pickup,completed
ORD-0174355,R-0407,2026-01-16,39.21,app,pickup,completed
ORD-0174356,R-0407,2026-01-24,36.01,web,pickup,completed
ORD-0174357,R-0407,2026-01-23,24.90,app,pickup,completed
ORD-0174358,R-0407,2026-01-11,18.18,web,pickup,cancelled
ORD-0174359,R-0407,2026-01-15,11.46,app,pickup,completed
ORD-0174360,R-0407,2026-01-08,15.18,web,pickup,completed
ORD-0174361,R-0407,2026-01-20,16.20,app,pickup,cancelled
ORD-0174362,R-0407,2026-01-02,10.83,web,pickup,COMPLETED
ORD-0174363,R-0407,2026-01-12,10.57,web,pickup,completed
ORD-0174364,R-0407,2026-01-23,26.94,web,pickup,Completed
ORD-0174365,R-0407,2026-01-05,22.70,app,pickup,Completed
ORD-0174366,R-0407,2026-01-03,52.00,web,pickup,completed
ORD-0174367,R-0407,2026-01-18,20.87,web,pickup,completed
ORD-0174368,R-0407,2026-01-17,15.28,web,pickup,completed
ORD-0174369,R-0407,2026-01-23,20.76,web,delivery,completed
ORD-0174370,R-0407,2026-01-09,32.02,web,pickup,completed
ORD-0174371,R-0407,2026-01-17,15.45,web,pickup,completed
ORD-0174372,R-0407,2026-01-15,62.24,app,delivery,completed
ORD-0174373,R-0407,2026-01-25,22.87,app,delivery,completed
ORD-0174374,R-0407,2026-01-09,18.34,app,pickup,completed
ORD-0174375,R-0407,2026-01-16,9.22,web,delivery,completed
ORD-0174376,R-0407,2026-01-17,33.28,web,pickup,completed
ORD-0174377,R-0407,2026-01-17,14.48,web,delivery,completed
ORD-0174378,R-0407,2026-01-14,15.15,web,delivery,completed
ORD-0174379,R-0407,2026-01-14,11.62,app,delivery,completed
ORD-0174380,R-0407,2026-01-01,19.96,app,delivery,completed
ORD-0174381,R-0407,2026-01-17,12.91,app,delivery,completed
ORD-0174382,R-0407,2026-01-04,8.32,app,delivery,completed
ORD-0174383,R-0407,2026-01-23,27.79,web,pickup,completed
ORD-0174384,R-0407,2026-01-08,14.92,web,pickup,completed
ORD-0174385,R-0407,2026-01-11,38.46,web,pickup,completed
ORD-0174386,R-0407,2026-01-05,19.03,app,pickup,completed
ORD-0174387,R-0407,2026-01-08,25.40,web,delivery,completed
ORD-0174388,R-0407,2026-01-22,14.64,web,pickup,completed
ORD-0174389,R-0407,2026-01-03,15.94,app,delivery,completed
ORD-0174390,R-0407,2026-01-07,11.77,web,pickup,COMPLETED
ORD-0174391,R-0407,2026-01-10,25.45,app,pickup,completed
ORD-0174392,R-0407,2026-01-31,15.31,web,delivery,completed
ORD-0174393,R-0407,2026-01-13,15.99,app,delivery,completed
ORD-0174394,R-0407,2026-01-18,12.85,web,pickup,completed
ORD-0174395,R-0407,2026-01-27,27.80,web,pickup,completed
ORD-0174396,R-0407,2026-01-11,9.48,web,delivery,completed
ORD-0174397,R-0407,2026-01-11,11.75,app,delivery,completed
ORD-0174398,R-0407,2026-01-29,40.64,web,pickup,completed
ORD-0174399,R-0407,2026-01-13,13.53,web,pickup,Completed
ORD-0174400,R-0407,2026-01-08,21.03,web,delivery,completed
ORD-0174401,R-0407,2026-01-10,18.08,web,delivery,completed
ORD-0174402,R-0407,2026-01-31,24.91,app,delivery,completed
ORD-0174403,R-0407,2026-01-15,15.00,web,delivery,COMPLETED
ORD-0174404,R-0407,2026-01-26,28.31,app,pickup,completed
ORD-0174405,R-0407,2026-01-04,16.87,web,pickup,completed
ORD-0174406,R-0407,2026-01-19,24.16,web,delivery,completed
ORD-0174407,R-0407,2026-01-30,15.49,web,pickup,cancelled
ORD-0174408,R-0407,2026-01-01,15.76,web,delivery,COMPLETED
ORD-0174409,R-0407,2026-01-22,14.69,app,pickup,completed
ORD-0174410,R-0407,2026-01-13,23.50,app,pickup,completed
ORD-0174411,R-0407,2026-01-24,29.98,app,pickup,completed
ORD-0174412,R-0407,2026-01-21,12.49,web,delivery,completed
ORD-0174413,R-0407,2026-01-14,18.99,web,pickup,completed
ORD-0174414,R-0407,2026-01-22,32.71,app,delivery,completed
ORD-0174415,R-0407,2026-01-02,28.48,web,pickup,completed
ORD-0175873,R-0409,2026-01-28,47.13,app,delivery,completed
ORD-0175874,R-0409,2026-01-18,17.75,app,delivery,completed
ORD-0175875,R-0409,2026-01-12,45.69,app,delivery,completed
ORD-0175876,R-0409,2026-01-11,54.13,app,delivery,Completed
ORD-0175877,R-0409,2026-01-16,56.60,web,pickup,cancelled
ORD-0175878,R-0409,2026-01-01,39.27,app,delivery,completed
ORD-0175879,R-0409,2026-01-13,23.01,app,delivery,completed
ORD-0175880,R-0409,2026-01-22,34.00,web,delivery,completed
ORD-0175881,R-0409,2026-01-12,24.69,app,delivery,completed
ORD-0175882,R-0409,2026-01-24,47.80,web,delivery,completed
ORD-0175883,R-0409,2026-01-11,18.44,app,delivery,completed
ORD-0175884,R-0409,2026-01-17,23.62,app,delivery,completed
ORD-0175885,R-0409,2026-01-24,48.76,app,delivery,completed
ORD-0175886,R-0409,2026-01-18,38.72,app,delivery,completed
ORD-0175887,R-0409,2026-01-26,37.91,app,delivery,Completed
ORD-0175888,R-0409,2026-01-21,27.12,web,delivery,completed
ORD-0175889,R-0409,2026-01-01,38.48,web,delivery,completed
ORD-0175890,R-0409,2026-01-25,54.15,web,delivery,completed
ORD-0175891,R-0409,2026-01-22,56.00,app,delivery,completed
ORD-0175892,R-0409,2026-01-11,26.23,app,delivery,completed
ORD-0175893,R-0409,2026-01-24,47.30,app,delivery,completed
ORD-0175894,R-0409,2026-01-06,27.51,web,delivery,Completed
ORD-0175895,R-0409,2026-01-02,16.32,web,delivery,completed
ORD-0175896,R-0409,2026-01-17,31.90,app,delivery,completed
ORD-0175897,R-0409,2026-01-10,49.41,app,delivery,completed
ORD-0175898,R-0409,2026-01-06,38.65,app,delivery,completed
ORD-0175899,R-0409,2026-01-13,37.98,app,delivery,completed
ORD-0175900,R-0409,2026-01-29,19.64,app,delivery,Completed
ORD-0175901,R-0409,2026-01-11,39.61,web,delivery,completed
ORD-0175902,R-0409,2026-01-22,23.80,web,delivery,completed
ORD-0175903,R-0409,2026-01-24,29.51,app,delivery,completed
ORD-0175904,R-0409,2026-01-22,23.71,web,delivery,completed
ORD-0175905,R-0409,2026-01-15,30.08,app,delivery,completed
ORD-0175906,R-0409,2026-01-16,25.58,web,delivery,completed
ORD-0175907,R-0409,2026-01-14,52.94,app,delivery,completed
ORD-0175908,R-0409,2026-01-19,34.25,app,delivery,completed
ORD-0175909,R-0409,2026-01-07,15.07,web,delivery,cancelled
ORD-0175910,R-0409,2026-01-05,52.14,app,delivery,completed
ORD-0175911,R-0409,2026-01-17,47.52,app,delivery,completed
ORD-0175912,R-0409,2026-01-14,26.79,app,pickup,Completed
ORD-0175913,R-0409,2026-01-09,46.64,web,delivery,completed
ORD-0175914,R-0409,2026-01-03,56.23,app,delivery,completed
ORD-0175915,R-0409,2026-01-09,30.81,app,delivery,completed
ORD-0175916,R-0409,2026-01-17,38.06,web,delivery,COMPLETED
ORD-0175917,R-0409,2026-01-21,34.70,app,delivery,completed
ORD-0175918,R-0409,2026-01-09,30.44,app,pickup,completed
ORD-0175919,R-0409,2026-01-30,50.31,app,pickup,completed
ORD-0175920,R-0409,2026-01-12,27.75,web,delivery,completed
ORD-0175921,R-0409,2026-01-30,37.14,web,delivery,completed
ORD-0175922,R-0409,2026-01-29,39.79,app,delivery,completed
ORD-0175923,R-0409,2026-01-06,15.34,app,delivery,completed
ORD-0175924,R-0409,2026-01-22,24.77,web,delivery,completed
ORD-0175925,R-0409,2026-01-17,22.81,web,delivery,completed
ORD-0175926,R-0409,2026-01-02,42.51,app,delivery,completed
ORD-0175927,R-0409,2026-01-13,66.54,web,delivery,completed
ORD-0175928,R-0409,2026-01-11,26.49,web,delivery,completed
ORD-0175929,R-0409,2026-01-16,22.00,web,delivery,COMPLETED
ORD-0175930,R-0409,2026-01-24,29.85,web,delivery,Completed
ORD-0175931,R-0409,2026-01-05,21.34,app,delivery,completed
ORD-0175932,R-0409,2026-01-01,25.72,web,pickup,completed
ORD-0175933,R-0409,2026-01-29,42.80,app,delivery,Completed
ORD-0175934,R-0409,2026-01-31,64.93,app,delivery,completed
ORD-0175935,R-0409,2026-01-31,25.33,app,delivery,Completed
ORD-0175936,R-0409,2026-01-01,21.29,app,delivery,completed
ORD-0175937,R-0409,2026-01-14,37.69,web,delivery,cancelled
ORD-0175938,R-0409,2026-01-13,32.19,web,delivery,completed
ORD-0175939,R-0409,2026-01-09,35.51,app,delivery,completed
ORD-0175940,R-0409,2026-01-15,18.48,web,delivery,Completed
ORD-0175941,R-0409,2026-01-09,30.06,web,delivery,completed
ORD-0175942,R-0409,2026-01-03,31.50,app,delivery,completed
ORD-0175943,R-0409,2026-01-19,31.45,web,delivery,completed
ORD-0175944,R-0409,2026-01-15,18.63,app,delivery,completed
ORD-0175945,R-0409,2026-01-16,41.58,web,delivery,Completed
ORD-0175946,R-0409,2026-01-25,51.08,app,delivery,completed
ORD-0175947,R-0409,2026-01-25,29.01,app,delivery,completed
ORD-0175948,R-0409,2026-01-11,48.53,web,delivery,completed
ORD-0175949,R-0409,2026-01-03,31.89,app,delivery,completed
ORD-0175950,R-0409,2026-01-02,50.05,app,delivery,completed
ORD-0175951,R-0409,2026-01-18,26.46,app,delivery,completed
ORD-0175952,R-0409,2026-01-25,31.51,app,delivery,completed
ORD-0176646,R-0410,2026-01-22,34.95,web,delivery,COMPLETED
ORD-0176647,R-0410,2026-01-24,43.47,app,delivery,completed
ORD-0176648,R-0410,2026-01-16,18.57,app,delivery,CANCELLED
ORD-0176649,R-0410,2026-01-27,59.51,app,delivery,completed
ORD-0176650,R-0410,2026-01-31,58.77,app,delivery,completed
ORD-0176651,R-0410,2026-01-17,51.13,app,delivery,completed
ORD-0176652,R-0410,2026-01-18,51.32,app,delivery,completed
ORD-0176653,R-0410,2026-01-17,29.76,app,pickup,completed
ORD-0176654,R-0410,2026-01-26,26.87,web,delivery,Completed
ORD-0176655,R-0410,2026-01-14,23.04,app,delivery,completed
ORD-0176656,R-0410,2026-01-31,24.40,web,pickup,completed
ORD-0176657,R-0410,2026-01-16,23.13,web,delivery,completed
ORD-0176658,R-0410,2026-01-11,69.71,app,pickup,completed
ORD-0176659,R-0410,2026-01-21,36.99,app,delivery,completed
ORD-0176660,R-0410,2026-01-16,50.60,app,delivery,completed
ORD-0176661,R-0410,2026-01-02,33.49,web,delivery,completed
ORD-0176662,R-0410,2026-01-25,53.81,app,pickup,completed
ORD-0176663,R-0410,2026-01-27,32.41,app,delivery,cancelled
ORD-0176664,R-0410,2026-01-12,22.05,app,delivery,completed
ORD-0176665,R-0410,2026-01-01,26.90,web,delivery,completed
ORD-0176666,R-0410,2026-01-24,88.62,app,pickup,completed
ORD-0176667,R-0410,2026-01-06,36.80,web,delivery,cancelled
ORD-0176668,R-0410,2026-01-13,35.52,app,pickup,completed
ORD-0176669,R-0410,2026-01-29,62.68,app,delivery,completed
ORD-0176670,R-0410,2026-01-20,16.93,app,pickup,completed
ORD-0176671,R-0410,2026-01-27,31.88,app,delivery,completed
ORD-0176672,R-0410,2026-01-30,26.63,web,delivery,completed
ORD-0176673,R-0410,2026-01-02,39.46,web,pickup,completed
ORD-0176674,R-0410,2026-01-16,62.64,app,pickup,completed
ORD-0176675,R-0410,2026-01-21,17.28,app,delivery,completed
ORD-0176676,R-0410,2026-01-02,25.25,app,delivery,completed
ORD-0176677,R-0410,2026-01-01,18.40,app,delivery,completed
ORD-0176678,R-0410,2026-01-26,44.27,app,delivery,completed
ORD-0176679,R-0410,2026-01-25,44.87,app,delivery,completed
ORD-0176680,R-0410,2026-01-26,83.34,app,delivery,completed
ORD-0176681,R-0410,2026-01-18,32.94,web,delivery,completed
ORD-0176682,R-0410,2026-01-09,18.40,app,delivery,completed
ORD-0176683,R-0410,2026-01-24,74.79,web,delivery,completed
ORD-0176684,R-0410,2026-01-05,47.78,app,pickup,completed
ORD-0176685,R-0410,2026-01-15,30.00,app,delivery,COMPLETED
ORD-0176686,R-0410,2026-01-09,42.15,web,delivery,COMPLETED
ORD-0176687,R-0410,2026-01-26,38.85,app,pickup,completed
ORD-0176688,R-0410,2026-01-24,33.90,web,pickup,completed
ORD-0176689,R-0410,2026-01-29,24.22,app,delivery,completed
ORD-0176690,R-0410,2026-01-15,45.95,app,delivery,completed
ORD-0176691,R-0410,2026-01-19,39.20,web,pickup,completed
ORD-0176692,R-0410,2026-01-25,58.00,app,pickup,completed
ORD-0176693,R-0410,2026-01-18,14.34,app,delivery,completed
ORD-0176694,R-0410,2026-01-22,24.95,app,delivery,completed
ORD-0176695,R-0410,2026-01-16,41.11,app,delivery,completed
ORD-0176696,R-0410,2026-01-04,37.13,app,delivery,completed
ORD-0176697,R-0410,2026-01-31,53.83,web,pickup,completed
ORD-0176698,R-0410,2026-01-12,24.72,app,pickup,cancelled
ORD-0176699,R-0410,2026-01-25,24.73,app,delivery,Completed
ORD-0176700,R-0410,2026-01-29,25.42,app,delivery,completed
ORD-0176701,R-0410,2026-01-28,30.29,web,delivery,completed
ORD-0176702,R-0410,2026-01-13,30.48,app,delivery,completed
ORD-0176703,R-0410,2026-01-04,37.42,web,delivery,completed
ORD-0176704,R-0410,2026-01-11,38.56,app,delivery,completed
ORD-0176705,R-0410,2026-01-22,46.47,app,delivery,Cancelled
ORD-0176706,R-0410,2026-01-03,45.77,app,delivery,completed
ORD-0176707,R-0410,2026-01-01,23.76,app,delivery,completed
ORD-0176708,R-0410,2026-01-31,27.61,app,pickup,completed
ORD-0176709,R-0410,2026-01-23,53.39,app,delivery,COMPLETED
ORD-0176710,R-0410,2026-01-16,36.55,app,delivery,COMPLETED
ORD-0176711,R-0410,2026-01-03,70.65,web,delivery,completed
ORD-0176712,R-0410,2026-01-31,43.93,app,delivery,completed
ORD-0177360,R-0411,2026-01-30,14.17,app,pickup,cancelled
ORD-0177361,R-0411,2026-01-23,23.95,web,pickup,COMPLETED
ORD-0177362,R-0411,2026-01-19,20.60,app,pickup,COMPLETED
ORD-0177363,R-0411,2026-01-17,31.19,web,pickup,completed
ORD-0177364,R-0411,2026-01-26,33.29,app,delivery,Completed
ORD-0177365,R-0411,2026-01-16,22.39,app,pickup,completed
ORD-0177366,R-0411,2026-01-11,19.00,app,pickup,completed
ORD-0177367,R-0411,2026-01-11,20.75,web,pickup,completed
ORD-0177368,R-0411,2026-01-18,27.80,app,delivery,completed
ORD-0177369,R-0411,2026-01-03,24.98,app,pickup,completed
ORD-0177370,R-0411,2026-01-03,33.84,app,pickup,completed
ORD-0177371,R-0411,2026-01-17,29.83,app,pickup,Completed
ORD-0177372,R-0411,2026-01-01,24.41,app,delivery,COMPLETED
ORD-0177373,R-0411,2026-01-16,32.68,web,pickup,completed
ORD-0177374,R-0411,2026-01-07,13.58,web,delivery,completed
ORD-0177375,R-0411,2026-01-30,22.06,app,pickup,completed
ORD-0177376,R-0411,2026-01-16,30.93,app,pickup,completed
ORD-0177377,R-0411,2026-01-10,20.32,web,delivery,completed
ORD-0177378,R-0411,2026-01-17,10.39,web,pickup,completed
ORD-0177379,R-0411,2026-01-17,46.31,app,delivery,completed
ORD-0177380,R-0411,2026-01-05,34.89,web,pickup,completed
ORD-0177381,R-0411,2026-01-03,48.32,app,pickup,completed
ORD-0177382,R-0411,2026-01-29,13.38,app,delivery,completed
ORD-0177383,R-0411,2026-01-22,27.65,app,pickup,REFUNDED
ORD-0177384,R-0411,2026-01-03,23.91,web,pickup,completed
ORD-0177385,R-0411,2026-01-14,21.53,app,pickup,Completed
ORD-0177386,R-0411,2026-01-03,15.94,app,pickup,completed
ORD-0177387,R-0411,2026-01-03,14.56,app,pickup,completed
ORD-0177388,R-0411,2026-01-02,12.45,app,delivery,completed
ORD-0177389,R-0411,2026-01-29,16.38,web,delivery,completed
ORD-0177390,R-0411,2026-01-12,26.14,web,pickup,completed
ORD-0177391,R-0411,2026-01-24,24.93,app,pickup,completed
ORD-0177392,R-0411,2026-01-12,23.79,web,pickup,cancelled
ORD-0177393,R-0411,2026-01-16,19.04,app,pickup,Completed
ORD-0177394,R-0411,2026-01-09,33.84,web,pickup,completed
ORD-0177395,R-0411,2026-01-09,30.10,app,pickup,Completed
ORD-0177396,R-0411,2026-01-01,41.40,app,delivery,COMPLETED
ORD-0177397,R-0411,2026-01-13,16.72,app,pickup,completed
ORD-0177398,R-0411,2026-01-06,23.30,web,pickup,completed
ORD-0177399,R-0411,2026-01-29,26.26,app,delivery,cancelled
ORD-0177400,R-0411,2026-01-29,30.89,app,pickup,completed
ORD-0177401,R-0411,2026-01-31,16.33,web,pickup,completed
ORD-0177402,R-0411,2026-01-10,18.12,web,pickup,completed
ORD-0177403,R-0411,2026-01-22,23.20,web,pickup,completed
ORD-0177404,R-0411,2026-01-11,15.70,app,pickup,cancelled
ORD-0177405,R-0411,2026-01-08,40.28,app,pickup,completed
ORD-0177406,R-0411,2026-01-03,15.47,web,pickup,completed
ORD-0177407,R-0411,2026-01-24,18.31,app,delivery,completed
ORD-0177408,R-0411,2026-01-23,47.41,web,pickup,completed
ORD-0177409,R-0411,2026-01-17,35.58,web,pickup,Completed
ORD-0177410,R-0411,2026-01-09,34.40,app,delivery,completed
ORD-0177411,R-0411,2026-01-27,29.12,web,delivery,completed
ORD-0177412,R-0411,2026-01-10,26.56,app,pickup,completed
ORD-0177413,R-0411,2026-01-18,18.77,app,pickup,completed
ORD-0177414,R-0411,2026-01-10,19.33,app,pickup,completed
ORD-0177415,R-0411,2026-01-10,29.07,web,pickup,completed
ORD-0177416,R-0411,2026-01-01,16.54,app,pickup,completed
ORD-0177417,R-0411,2026-01-31,24.01,app,pickup,completed
ORD-0177418,R-0411,2026-01-08,45.95,web,pickup,completed
ORD-0177419,R-0411,2026-01-15,27.74,web,pickup,COMPLETED
ORD-0177420,R-0411,2026-01-06,29.64,web,pickup,completed
ORD-0177421,R-0411,2026-01-16,17.84,web,pickup,completed
ORD-0177422,R-0411,2026-01-08,14.87,web,pickup,completed
ORD-0177423,R-0411,2026-01-13,29.00,app,pickup,COMPLETED
ORD-0177913,R-0412,2026-01-13,23.73,app,delivery,completed
ORD-0177914,R-0412,2026-01-05,35.37,app,pickup,REFUNDED
ORD-0177915,R-0412,2026-01-14,34.98,app,pickup,completed
ORD-0177916,R-0412,2026-01-14,18.11,web,delivery,completed
ORD-0177917,R-0412,2026-01-23,37.94,app,pickup,completed
ORD-0177918,R-0412,2026-01-25,27.60,web,delivery,completed
ORD-0177919,R-0412,2026-01-10,19.66,web,delivery,completed
ORD-0177920,R-0412,2026-01-01,36.37,web,pickup,completed
ORD-0177921,R-0412,2026-01-16,30.45,web,pickup,completed
ORD-0177922,R-0412,2026-01-05,31.78,app,pickup,COMPLETED
ORD-0177923,R-0412,2026-01-29,37.48,app,pickup,completed
ORD-0177924,R-0412,2026-01-08,32.29,web,pickup,completed
ORD-0177925,R-0412,2026-01-03,49.24,app,delivery,completed
ORD-0177926,R-0412,2026-01-21,24.11,app,delivery,cancelled
ORD-0177927,R-0412,2026-01-30,25.85,app,delivery,completed
ORD-0178087,R-0416,2026-01-16,22.61,app,delivery,completed
ORD-0178088,R-0416,2026-01-04,49.05,web,pickup,completed
ORD-0178089,R-0416,2026-01-11,48.22,app,delivery,completed
ORD-0178090,R-0416,2026-01-07,15.68,app,delivery,completed
ORD-0178091,R-0416,2026-01-03,22.97,web,pickup,completed
ORD-0178092,R-0416,2026-01-17,42.43,web,pickup,completed
ORD-0178093,R-0416,2026-01-22,31.04,app,delivery,completed
ORD-0178094,R-0416,2026-01-09,26.03,web,delivery,completed
ORD-0178095,R-0416,2026-01-31,23.90,app,delivery,completed
ORD-0178096,R-0416,2026-01-25,36.46,app,delivery,completed
ORD-0178097,R-0416,2026-01-14,42.36,app,pickup,completed
ORD-0178098,R-0416,2026-01-19,39.39,web,pickup,COMPLETED
ORD-0178099,R-0416,2026-01-09,46.72,app,delivery,completed
ORD-0178100,R-0416,2026-01-08,27.15,app,pickup,completed
ORD-0178101,R-0416,2026-01-25,44.44,web,delivery,completed
ORD-0178102,R-0416,2026-01-31,17.99,web,delivery,completed
ORD-0178103,R-0416,2026-01-24,31.08,app,delivery,completed
ORD-0178104,R-0416,2026-01-09,29.67,web,pickup,completed
ORD-0178105,R-0416,2026-01-24,36.88,app,pickup,completed
ORD-0178106,R-0416,2026-01-03,25.99,web,delivery,completed
ORD-0178226,R-0419,2026-01-03,18.23,app,delivery,completed
ORD-0178227,R-0419,2026-01-07,68.55,app,pickup,completed
ORD-0178228,R-0419,2026-01-17,39.39,app,delivery,completed
ORD-0178229,R-0419,2026-01-23,52.07,web,delivery,completed
ORD-0178230,R-0419,2026-01-06,68.30,app,pickup,completed
ORD-0178231,R-0419,2026-01-01,19.96,web,delivery,completed
ORD-0178232,R-0419,2026-01-03,45.15,app,delivery,completed
ORD-0178233,R-0419,2026-01-14,90.69,app,pickup,COMPLETED
ORD-0178234,R-0419,2026-01-05,50.28,web,pickup,cancelled
ORD-0178235,R-0419,2026-01-14,32.11,app,pickup,completed
ORD-0178236,R-0419,2026-01-11,49.54,web,delivery,completed
ORD-0178237,R-0419,2026-01-06,37.16,app,pickup,COMPLETED
ORD-0178238,R-0419,2026-01-13,42.25,web,pickup,completed
ORD-0178239,R-0419,2026-01-26,26.87,app,pickup,completed
ORD-0178240,R-0419,2026-01-06,52.63,app,delivery,completed
ORD-0178241,R-0419,2026-01-13,38.86,app,pickup,completed
ORD-0178242,R-0419,2026-01-04,52.17,app,pickup,completed
ORD-0178243,R-0419,2026-01-17,60.85,app,pickup,completed
ORD-0178244,R-0419,2026-01-18,52.32,web,delivery,completed
ORD-0178245,R-0419,2026-01-02,28.09,web,pickup,completed
ORD-0178246,R-0419,2026-01-26,24.79,app,delivery,COMPLETED
ORD-0178247,R-0419,2026-01-18,47.42,web,pickup,COMPLETED
ORD-0178248,R-0419,2026-01-21,19.03,web,pickup,completed
ORD-0178249,R-0419,2026-01-17,50.05,app,pickup,completed
ORD-0178250,R-0419,2026-01-25,27.82,app,delivery,completed
ORD-0178251,R-0419,2026-01-19,33.91,app,delivery,completed
ORD-0178252,R-0419,2026-01-02,22.18,app,delivery,completed
ORD-0178253,R-0419,2026-01-25,49.33,web,delivery,completed
ORD-0178254,R-0419,2026-01-24,35.96,web,pickup,completed
ORD-0178255,R-0419,2026-01-19,34.09,app,pickup,completed
ORD-0178256,R-0419,2026-01-23,27.03,app,pickup,COMPLETED
ORD-0178257,R-0419,2026-01-06,43.77,app,pickup,completed
ORD-0178258,R-0419,2026-01-08,32.57,app,delivery,completed
ORD-0178259,R-0419,2026-01-01,56.80,web,delivery,completed
ORD-0178260,R-0419,2026-01-30,62.01,app,pickup,completed
ORD-0178261,R-0419,2026-01-16,79.69,web,pickup,completed
ORD-0178262,R-0419,2026-01-20,45.37,app,delivery,completed
ORD-0178263,R-0419,2026-01-25,59.56,app,pickup,completed
ORD-0178264,R-0419,2026-01-19,57.87,web,delivery,completed
ORD-0178265,R-0419,2026-01-02,53.54,app,delivery,completed
ORD-0178266,R-0419,2026-01-10,33.89,app,delivery,completed
ORD-0178267,R-0419,2026-01-29,81.38,app,pickup,completed
ORD-0178268,R-0419,2026-01-14,31.26,web,pickup,refunded
ORD-0178269,R-0419,2026-01-06,42.30,web,pickup,completed
ORD-0178270,R-0419,2026-01-23,45.39,app,delivery,completed
ORD-0178271,R-0419,2026-01-30,37.28,app,pickup,COMPLETED
ORD-0178272,R-0419,2026-01-10,44.33,app,delivery,completed
ORD-0179315,R-0420,2026-01-31,14.13,app,delivery,completed
ORD-0179316,R-0420,2026-01-26,13.09,web,delivery,completed
ORD-0179317,R-0420,2026-01-03,25.57,app,delivery,completed
ORD-0179318,R-0420,2026-01-09,27.50,app,pickup,completed
ORD-0179319,R-0420,2026-01-21,15.88,web,delivery,completed
ORD-0179320,R-0420,2026-01-21,17.54,app,pickup,completed
ORD-0179321,R-0420,2026-01-15,25.42,web,pickup,completed
ORD-0179322,R-0420,2026-01-29,38.94,web,pickup,completed
ORD-0179323,R-0420,2026-01-20,19.07,web,delivery,completed
ORD-0179324,R-0420,2026-01-03,31.58,app,delivery,COMPLETED
ORD-0179325,R-0420,2026-01-16,22.58,app,pickup,completed
ORD-0179326,R-0420,2026-01-17,21.31,web,pickup,completed
ORD-0179327,R-0420,2026-01-25,27.93,web,pickup,completed
ORD-0179328,R-0420,2026-01-31,14.95,app,delivery,Completed
ORD-0179329,R-0420,2026-01-28,27.01,web,pickup,completed
ORD-0179330,R-0420,2026-01-22,21.47,app,delivery,cancelled
ORD-0179331,R-0420,2026-01-24,38.75,app,delivery,completed
ORD-0179332,R-0420,2026-01-27,28.25,app,pickup,Completed
ORD-0179333,R-0420,2026-01-06,23.06,web,pickup,completed
ORD-0179334,R-0420,2026-01-17,29.57,app,pickup,completed
ORD-0179335,R-0420,2026-01-03,24.92,web,delivery,completed
ORD-0179336,R-0420,2026-01-24,51.61,app,pickup,completed
ORD-0179337,R-0420,2026-01-21,41.16,app,pickup,completed
ORD-0179338,R-0420,2026-01-08,22.79,app,delivery,completed
ORD-0179339,R-0420,2026-01-17,19.93,app,pickup,completed
ORD-0179340,R-0420,2026-01-26,29.11,app,pickup,COMPLETED
ORD-0179341,R-0420,2026-01-31,27.57,app,pickup,Completed
ORD-0179342,R-0420,2026-01-09,37.94,app,delivery,completed
ORD-0179343,R-0420,2026-01-29,25.92,web,pickup,completed
ORD-0179344,R-0420,2026-01-30,60.14,app,pickup,completed
ORD-0179345,R-0420,2026-01-17,19.22,app,pickup,Completed
ORD-0179346,R-0420,2026-01-13,22.91,web,delivery,CANCELLED
ORD-0179347,R-0420,2026-01-03,15.48,web,pickup,completed
ORD-0179348,R-0420,2026-01-29,32.86,app,delivery,completed
ORD-0179349,R-0420,2026-01-24,17.75,app,pickup,completed
ORD-0179350,R-0420,2026-01-05,16.22,app,delivery,completed
ORD-0179351,R-0420,2026-01-21,22.58,app,delivery,completed
ORD-0179352,R-0420,2026-01-22,34.47,web,pickup,completed
ORD-0179353,R-0420,2026-01-19,14.60,web,pickup,completed
ORD-0179354,R-0420,2026-01-02,52.92,web,delivery,completed
ORD-0179355,R-0420,2026-01-13,30.56,app,delivery,completed
ORD-0179356,R-0420,2026-01-24,17.73,web,delivery,completed
ORD-0179357,R-0420,2026-01-31,13.46,app,delivery,completed
ORD-0179358,R-0420,2026-01-23,13.95,app,delivery,completed
ORD-0179359,R-0420,2026-01-08,38.66,app,pickup,completed
ORD-0179360,R-0420,2026-01-21,54.27,app,delivery,completed
ORD-0179361,R-0420,2026-01-25,29.76,web,pickup,completed
ORD-0179362,R-0420,2026-01-20,27.13,app,delivery,completed
ORD-0179363,R-0420,2026-01-22,25.67,web,pickup,completed
ORD-0179364,R-0420,2026-01-18,20.92,web,pickup,completed
ORD-0179365,R-0420,2026-01-31,16.03,app,delivery,completed
ORD-0179366,R-0420,2026-01-03,57.21,app,delivery,completed
ORD-0179367,R-0420,2026-01-12,14.94,app,pickup,completed
ORD-0179368,R-0420,2026-01-13,30.10,web,pickup,completed
ORD-0179369,R-0420,2026-01-27,30.88,web,pickup,completed
ORD-0179370,R-0420,2026-01-16,42.59,web,pickup,completed
ORD-0179371,R-0420,2026-01-14,24.55,web,delivery,Completed
ORD-0179372,R-0420,2026-01-24,24.72,web,pickup,completed
ORD-0179373,R-0420,2026-01-07,20.91,app,pickup,completed
ORD-0179781,R-0421,2026-01-25,67.03,web,pickup,completed
ORD-0179782,R-0421,2026-01-16,18.66,web,pickup,completed
ORD-0179783,R-0421,2026-01-17,18.60,web,delivery,completed
ORD-0179784,R-0421,2026-01-28,28.52,app,pickup,completed
ORD-0179785,R-0421,2026-01-21,30.44,app,delivery,completed
ORD-0179786,R-0421,2026-01-18,21.00,app,delivery,completed
ORD-0179787,R-0421,2026-01-12,38.47,web,pickup,completed
ORD-0179788,R-0421,2026-01-10,30.41,web,delivery,COMPLETED
ORD-0179789,R-0421,2026-01-31,18.85,app,delivery,completed
ORD-0179790,R-0421,2026-01-09,11.19,app,pickup,completed
ORD-0179791,R-0421,2026-01-17,31.37,app,delivery,completed
ORD-0179792,R-0421,2026-01-28,28.98,web,delivery,completed
ORD-0179793,R-0421,2026-01-08,16.58,app,pickup,completed
ORD-0179794,R-0421,2026-01-23,27.97,web,delivery,completed
ORD-0179795,R-0421,2026-01-30,66.68,app,pickup,completed
ORD-0179796,R-0421,2026-01-04,32.78,web,delivery,completed
ORD-0179797,R-0421,2026-01-02,13.91,app,delivery,completed
ORD-0179798,R-0421,2026-01-04,42.25,web,delivery,completed
ORD-0179799,R-0421,2026-01-19,31.65,web,delivery,completed
ORD-0179800,R-0421,2026-01-23,32.55,app,delivery,completed
ORD-0179801,R-0421,2026-01-18,15.99,app,delivery,completed
ORD-0179802,R-0421,2026-01-18,28.39,web,delivery,Completed
ORD-0179803,R-0421,2026-01-17,17.50,web,delivery,completed
ORD-0179804,R-0421,2026-01-08,78.08,app,pickup,completed
ORD-0179805,R-0421,2026-01-15,24.80,app,pickup,completed
ORD-0179806,R-0421,2026-01-19,32.99,web,pickup,completed
ORD-0179807,R-0421,2026-01-11,24.78,app,pickup,completed
ORD-0179808,R-0421,2026-01-15,18.65,app,pickup,completed
ORD-0179809,R-0421,2026-01-10,21.06,app,pickup,completed
ORD-0179810,R-0421,2026-01-10,11.60,web,delivery,completed
ORD-0179811,R-0421,2026-01-08,22.18,web,delivery,completed
ORD-0179812,R-0421,2026-01-25,15.39,web,delivery,completed
ORD-0179813,R-0421,2026-01-24,17.05,web,delivery,completed
ORD-0179814,R-0421,2026-01-02,30.49,app,delivery,completed
ORD-0179815,R-0421,2026-01-12,23.42,app,pickup,COMPLETED
ORD-0179816,R-0421,2026-01-09,31.16,app,delivery,completed
ORD-0179817,R-0421,2026-01-10,13.70,web,delivery,completed
ORD-0179818,R-0421,2026-01-13,23.46,web,delivery,completed
ORD-0179819,R-0421,2026-01-18,18.71,app,pickup,completed
ORD-0179820,R-0421,2026-01-02,9.97,web,pickup,completed
ORD-0179821,R-0421,2026-01-23,42.69,web,delivery,completed
ORD-0179822,R-0421,2026-01-13,29.50,web,delivery,cancelled
ORD-0179823,R-0421,2026-01-11,35.53,app,pickup,COMPLETED
ORD-0179824,R-0421,2026-01-07,16.41,web,delivery,completed
ORD-0179825,R-0421,2026-01-25,33.26,web,delivery,completed
ORD-0179826,R-0421,2026-01-16,55.68,app,delivery,cancelled
ORD-0179827,R-0421,2026-01-11,30.11,app,pickup,completed
ORD-0179828,R-0421,2026-01-09,27.43,web,pickup,COMPLETED
ORD-0179829,R-0421,2026-01-13,35.18,app,pickup,completed
ORD-0179830,R-0421,2026-01-30,13.27,app,delivery,completed
ORD-0179831,R-0421,2026-01-31,20.11,app,delivery,completed
ORD-0179832,R-0421,2026-01-24,19.38,app,delivery,completed
ORD-0179833,R-0421,2026-01-24,19.78,app,delivery,completed
ORD-0179834,R-0421,2026-01-13,21.13,app,delivery,COMPLETED
ORD-0179835,R-0421,2026-01-16,24.23,web,pickup,completed
ORD-0179836,R-0421,2026-01-28,22.03,web,pickup,completed
ORD-0179837,R-0421,2026-01-16,23.48,app,pickup,Completed
ORD-0179838,R-0421,2026-01-10,31.36,app,pickup,completed
ORD-0179839,R-0421,2026-01-25,16.67,app,pickup,completed
ORD-0179840,R-0421,2026-01-30,30.89,app,pickup,completed
ORD-0179841,R-0421,2026-01-01,31.41,app,delivery,completed
ORD-0179842,R-0421,2026-01-23,42.76,app,pickup,completed
ORD-0179843,R-0421,2026-01-26,17.82,web,delivery,completed
ORD-0179844,R-0421,2026-01-29,43.09,web,delivery,completed
ORD-0179845,R-0421,2026-01-27,18.64,web,pickup,completed
ORD-0179846,R-0421,2026-01-27,27.17,web,delivery,completed
ORD-0180700,R-0423,2026-01-03,32.29,web,delivery,completed
ORD-0180701,R-0423,2026-01-11,41.20,web,delivery,cancelled
ORD-0180702,R-0423,2026-01-17,29.68,app,delivery,completed
ORD-0180703,R-0423,2026-01-16,60.98,app,delivery,completed
ORD-0180704,R-0423,2026-01-14,27.59,app,delivery,completed
ORD-0180705,R-0423,2026-01-22,27.04,web,pickup,completed
ORD-0180706,R-0423,2026-01-31,36.31,app,pickup,COMPLETED
ORD-0180707,R-0423,2026-01-22,25.42,web,pickup,completed
ORD-0180708,R-0423,2026-01-06,22.88,app,delivery,Completed
ORD-0180709,R-0423,2026-01-30,32.52,app,delivery,Completed
ORD-0180710,R-0423,2026-01-18,31.65,app,pickup,completed
ORD-0180711,R-0423,2026-01-08,23.17,app,pickup,completed
ORD-0180712,R-0423,2026-01-05,40.65,web,delivery,COMPLETED
ORD-0180713,R-0423,2026-01-31,26.91,app,pickup,completed
ORD-0180714,R-0423,2026-01-14,29.83,web,pickup,COMPLETED
ORD-0180715,R-0423,2026-01-30,27.26,app,delivery,completed
ORD-0180716,R-0423,2026-01-18,46.34,app,pickup,completed
ORD-0180717,R-0423,2026-01-02,46.72,web,delivery,REFUNDED
ORD-0180718,R-0423,2026-01-01,46.13,app,pickup,completed
ORD-0180719,R-0423,2026-01-03,36.28,app,pickup,completed
ORD-0180720,R-0423,2026-01-07,16.80,app,delivery,COMPLETED
ORD-0180721,R-0423,2026-01-16,38.94,app,pickup,completed
ORD-0180722,R-0423,2026-01-07,40.64,app,delivery,completed
ORD-0182522,R-0424,2026-01-08,16.52,app,delivery,completed
ORD-0182523,R-0424,2026-01-24,60.92,web,pickup,completed
ORD-0182524,R-0424,2026-01-07,11.24,web,delivery,completed
ORD-0182525,R-0424,2026-01-10,36.10,web,delivery,completed
ORD-0182526,R-0424,2026-01-09,23.65,app,pickup,completed
ORD-0182527,R-0424,2026-01-21,31.36,web,pickup,completed
ORD-0182528,R-0424,2026-01-29,20.62,app,pickup,completed
ORD-0182529,R-0424,2026-01-01,31.28,web,delivery,CANCELLED
ORD-0182530,R-0424,2026-01-28,23.22,web,delivery,Completed
ORD-0182531,R-0424,2026-01-31,17.76,web,pickup,completed
ORD-0182532,R-0424,2026-01-03,68.05,web,delivery,COMPLETED
ORD-0182533,R-0424,2026-01-14,56.09,app,delivery,Completed
ORD-0182534,R-0424,2026-01-16,40.30,web,delivery,Completed
ORD-0182535,R-0424,2026-01-23,25.96,web,pickup,completed
ORD-0182536,R-0424,2026-01-05,27.36,web,delivery,completed
ORD-0182537,R-0424,2026-01-28,22.95,app,pickup,completed
ORD-0182538,R-0424,2026-01-26,9.62,web,pickup,completed
ORD-0182539,R-0424,2026-01-30,38.23,app,pickup,completed
ORD-0182540,R-0424,2026-01-12,23.14,app,delivery,completed
ORD-0182541,R-0424,2026-01-23,22.44,web,delivery,completed
ORD-0182542,R-0424,2026-01-06,32.03,web,pickup,completed
ORD-0182543,R-0424,2026-01-11,31.45,web,pickup,completed
ORD-0182544,R-0424,2026-01-04,21.71,app,pickup,completed
ORD-0182545,R-0424,2026-01-02,19.87,app,delivery,COMPLETED
ORD-0182546,R-0424,2026-01-01,37.54,app,pickup,completed
ORD-0182547,R-0424,2026-01-23,19.85,app,delivery,completed
ORD-0182548,R-0424,2026-01-29,37.15,web,delivery,completed
ORD-0182549,R-0424,2026-01-14,51.99,web,delivery,completed
ORD-0182550,R-0424,2026-01-20,39.21,web,pickup,completed
ORD-0182551,R-0424,2026-01-13,18.56,app,delivery,completed
ORD-0182552,R-0424,2026-01-16,23.16,app,pickup,completed
ORD-0182553,R-0424,2026-01-17,54.41,web,delivery,completed
ORD-0182554,R-0424,2026-01-24,27.13,web,delivery,completed
ORD-0182555,R-0424,2026-01-16,18.42,web,pickup,completed
ORD-0182556,R-0424,2026-01-01,40.28,app,pickup,completed
ORD-0182557,R-0424,2026-01-02,14.92,web,pickup,completed
ORD-0182558,R-0424,2026-01-17,26.80,web,pickup,completed
ORD-0182559,R-0424,2026-01-18,19.42,web,delivery,completed
ORD-0182560,R-0424,2026-01-04,51.99,web,pickup,COMPLETED
ORD-0182561,R-0424,2026-01-08,37.83,web,delivery,Completed
ORD-0182562,R-0424,2026-01-10,20.10,app,delivery,COMPLETED
ORD-0182563,R-0424,2026-01-11,28.98,app,pickup,completed
ORD-0182564,R-0424,2026-01-31,16.52,web,delivery,completed
ORD-0182565,R-0424,2026-01-07,21.43,web,delivery,completed
ORD-0182566,R-0424,2026-01-16,42.05,app,delivery,completed
ORD-0182567,R-0424,2026-01-08,36.47,app,delivery,completed
ORD-0182568,R-0424,2026-01-11,15.01,web,delivery,completed
ORD-0182569,R-0424,2026-01-30,33.37,web,delivery,completed
ORD-0182570,R-0424,2026-01-17,20.24,app,delivery,COMPLETED
ORD-0182571,R-0424,2026-01-19,12.40,web,delivery,cancelled
ORD-0182572,R-0424,2026-01-09,43.86,web,delivery,completed
ORD-0182573,R-0424,2026-01-31,34.65,web,delivery,completed
ORD-0182574,R-0424,2026-01-07,29.34,app,delivery,COMPLETED
ORD-0182575,R-0424,2026-01-03,30.13,web,delivery,completed
ORD-0182576,R-0424,2026-01-10,22.20,app,delivery,completed
ORD-0182577,R-0424,2026-01-16,57.17,web,pickup,completed
ORD-0182578,R-0424,2026-01-07,41.06,app,delivery,COMPLETED
ORD-0182579,R-0424,2026-01-31,22.40,web,delivery,completed
ORD-0182580,R-0424,2026-01-28,14.83,web,pickup,completed
ORD-0182581,R-0424,2026-01-26,19.04,app,delivery,completed
ORD-0182582,R-0424,2026-01-18,18.88,web,pickup,completed
ORD-0182583,R-0424,2026-01-29,21.80,web,pickup,completed
ORD-0182584,R-0424,2026-01-28,64.40,app,pickup,COMPLETED
ORD-0182585,R-0424,2026-01-18,68.11,web,delivery,completed
ORD-0182586,R-0424,2026-01-10,26.51,web,delivery,COMPLETED
ORD-0182587,R-0424,2026-01-19,14.41,app,delivery,completed
ORD-0182588,R-0424,2026-01-16,29.48,app,delivery,COMPLETED
ORD-0182589,R-0424,2026-01-19,25.25,app,delivery,completed
ORD-0182590,R-0424,2026-01-17,31.93,web,delivery,completed
ORD-0182591,R-0424,2026-01-05,36.13,web,pickup,completed
ORD-0182592,R-0424,2026-01-27,16.10,web,pickup,completed
ORD-0182593,R-0424,2026-01-19,32.75,web,delivery,completed
ORD-0182594,R-0424,2026-01-29,15.17,app,pickup,completed
ORD-0182595,R-0424,2026-01-06,20.72,app,delivery,completed
ORD-0182596,R-0424,2026-01-25,50.05,web,delivery,completed
ORD-0182597,R-0424,2026-01-25,21.26,app,delivery,completed
ORD-0182598,R-0424,2026-01-05,22.78,app,pickup,completed
ORD-0182599,R-0424,2026-01-09,30.95,web,delivery,completed
ORD-0182600,R-0424,2026-01-01,10.60,web,delivery,completed
ORD-0182601,R-0424,2026-01-29,13.96,app,delivery,completed
ORD-0182602,R-0424,2026-01-04,41.19,app,delivery,Completed
ORD-0182603,R-0424,2026-01-24,31.09,web,pickup,completed
ORD-0182604,R-0424,2026-01-30,36.33,app,delivery,completed
ORD-0182605,R-0424,2026-01-05,32.36,app,pickup,completed
ORD-0182606,R-0424,2026-01-31,30.21,app,delivery,completed
ORD-0182607,R-0424,2026-01-14,35.35,app,delivery,completed
ORD-0182608,R-0424,2026-01-12,16.42,app,delivery,completed
ORD-0182609,R-0424,2026-01-16,46.90,web,delivery,completed
ORD-0182610,R-0424,2026-01-03,13.89,web,delivery,Completed
ORD-0182611,R-0424,2026-01-24,49.98,web,pickup,COMPLETED
ORD-0182612,R-0424,2026-01-14,56.59,web,delivery,completed
ORD-0182613,R-0424,2026-01-08,40.04,web,delivery,Completed
ORD-0182614,R-0424,2026-01-03,51.45,app,delivery,completed
ORD-0182615,R-0424,2026-01-25,18.74,app,pickup,completed
ORD-0182616,R-0424,2026-01-18,34.63,web,delivery,completed
ORD-0182617,R-0424,2026-01-10,27.95,app,delivery,COMPLETED
ORD-0182618,R-0424,2026-01-09,26.42,app,delivery,completed
ORD-0182619,R-0424,2026-01-30,8.19,app,delivery,completed
ORD-0182620,R-0424,2026-01-12,21.68,app,delivery,completed
ORD-0182621,R-0424,2026-01-14,28.70,app,delivery,completed
ORD-0182622,R-0424,2026-01-27,15.15,web,delivery,completed
ORD-0182623,R-0424,2026-01-13,35.39,web,delivery,completed
ORD-0182624,R-0424,2026-01-16,40.40,app,delivery,completed
ORD-0182625,R-0424,2026-01-17,49.63,app,delivery,cancelled
ORD-0182626,R-0424,2026-01-18,27.29,web,pickup,completed
ORD-0182627,R-0424,2026-01-08,37.31,app,pickup,completed
ORD-0182628,R-0424,2026-01-31,22.27,app,pickup,completed
ORD-0182629,R-0424,2026-01-29,17.49,app,delivery,completed
ORD-0182630,R-0424,2026-01-26,30.77,app,delivery,completed
ORD-0182631,R-0424,2026-01-22,25.59,app,delivery,completed
ORD-0182632,R-0424,2026-01-09,42.00,web,pickup,completed
ORD-0182633,R-0424,2026-01-25,36.37,web,pickup,completed
ORD-0182634,R-0424,2026-01-24,51.13,app,delivery,completed
ORD-0182635,R-0424,2026-01-31,25.08,app,pickup,completed
ORD-0182636,R-0424,2026-01-22,49.10,web,pickup,completed
ORD-0182637,R-0424,2026-01-11,29.93,web,delivery,completed
ORD-0182638,R-0424,2026-01-22,31.45,app,delivery,completed
ORD-0182639,R-0424,2026-01-31,18.62,app,delivery,completed
ORD-0182640,R-0424,2026-01-09,27.63,app,pickup,completed
ORD-0182641,R-0424,2026-01-25,34.43,app,delivery,completed
ORD-0182642,R-0424,2026-01-06,24.86,app,delivery,completed
ORD-0182643,R-0424,2026-01-17,31.31,app,pickup,completed
ORD-0182644,R-0424,2026-01-07,32.68,web,delivery,completed
ORD-0182645,R-0424,2026-01-15,45.69,app,pickup,completed
ORD-0182646,R-0424,2026-01-30,32.15,web,delivery,completed
ORD-0182647,R-0424,2026-01-29,22.13,app,delivery,completed
ORD-0182648,R-0424,2026-01-15,19.17,app,delivery,completed
ORD-0182649,R-0424,2026-01-28,40.69,web,delivery,cancelled
ORD-0182650,R-0424,2026-01-27,25.81,web,delivery,COMPLETED
ORD-0182651,R-0424,2026-01-28,29.38,web,delivery,completed
ORD-0182652,R-0424,2026-01-26,26.29,web,delivery,completed
ORD-0182653,R-0424,2026-01-29,52.22,app,pickup,completed
ORD-0182654,R-0424,2026-01-06,17.67,web,delivery,completed
ORD-0182655,R-0424,2026-01-19,45.98,web,pickup,COMPLETED
ORD-0182656,R-0424,2026-01-12,18.22,web,delivery,completed
ORD-0182657,R-0424,2026-01-21,45.08,app,pickup,Completed
ORD-0182658,R-0424,2026-01-09,26.31,web,delivery,completed
ORD-0182659,R-0424,2026-01-08,53.57,app,delivery,completed
ORD-0182660,R-0424,2026-01-31,10.00,app,pickup,completed
ORD-0182661,R-0424,2026-01-16,60.83,app,pickup,Completed
ORD-0182662,R-0424,2026-01-02,53.29,app,pickup,refunded
ORD-0182663,R-0424,2026-01-24,33.48,app,pickup,completed
ORD-0182664,R-0424,2026-01-28,40.60,app,delivery,completed
ORD-0182665,R-0424,2026-01-16,26.93,web,delivery,completed
ORD-0182666,R-0424,2026-01-10,36.19,app,delivery,completed
ORD-0182667,R-0424,2026-01-07,47.44,app,delivery,completed
ORD-0182668,R-0424,2026-01-17,18.34,web,pickup,completed
ORD-0182669,R-0424,2026-01-16,28.10,web,delivery,completed
ORD-0182670,R-0424,2026-01-28,27.66,web,pickup,completed
ORD-0182671,R-0424,2026-01-17,22.17,web,pickup,completed
ORD-0182672,R-0424,2026-01-17,30.43,app,pickup,completed
ORD-0182673,R-0424,2026-01-11,23.50,web,delivery,completed
ORD-0182674,R-0424,2026-01-15,28.97,web,delivery,completed
ORD-0182675,R-0424,2026-01-11,19.60,web,pickup,completed
ORD-0182676,R-0424,2026-01-09,25.24,web,delivery,completed
ORD-0182677,R-0424,2026-01-03,17.26,app,pickup,completed
ORD-0182678,R-0424,2026-01-03,57.45,web,pickup,COMPLETED
ORD-0182679,R-0424,2026-01-19,23.27,app,delivery,completed
ORD-0182680,R-0424,2026-01-12,43.97,app,pickup,refunded
ORD-0182681,R-0424,2026-01-17,38.78,web,delivery,completed
ORD-0182682,R-0424,2026-01-24,55.35,web,delivery,completed
ORD-0182683,R-0424,2026-01-05,30.11,app,delivery,completed
ORD-0182684,R-0424,2026-01-24,26.23,web,delivery,completed
ORD-0182685,R-0424,2026-01-05,26.98,web,pickup,completed
ORD-0182686,R-0424,2026-01-19,38.04,web,delivery,completed
ORD-0182687,R-0424,2026-01-25,50.85,app,delivery,completed
ORD-0182688,R-0424,2026-01-06,28.80,app,pickup,completed
ORD-0182689,R-0424,2026-01-26,26.77,app,delivery,completed
ORD-0182690,R-0424,2026-01-28,44.36,app,pickup,completed
ORD-0182691,R-0424,2026-01-28,51.27,app,delivery,COMPLETED
ORD-0182692,R-0424,2026-01-31,8.91,web,delivery,Completed
ORD-0182693,R-0424,2026-01-06,20.88,app,delivery,COMPLETED
ORD-0182694,R-0424,2026-01-17,36.94,app,pickup,completed
ORD-0182695,R-0424,2026-01-22,18.33,app,delivery,completed
ORD-0182696,R-0424,2026-01-02,24.93,app,pickup,completed
ORD-0182697,R-0424,2026-01-11,29.83,web,pickup,completed
ORD-0182698,R-0424,2026-01-31,43.47,web,pickup,completed
ORD-0182699,R-0424,2026-01-02,61.05,web,delivery,cancelled
ORD-0182700,R-0424,2026-01-08,35.51,web,pickup,completed
ORD-0182701,R-0424,2026-01-23,18.23,web,delivery,completed
ORD-0182702,R-0424,2026-01-05,31.73,app,delivery,completed
ORD-0182703,R-0424,2026-01-25,26.44,app,delivery,COMPLETED
ORD-0182704,R-0424,2026-01-31,16.64,web,delivery,completed
ORD-0182705,R-0424,2026-01-22,38.81,web,pickup,completed
ORD-0182706,R-0424,2026-01-26,35.71,web,pickup,completed
ORD-0182707,R-0424,2026-01-24,30.37,app,pickup,completed
ORD-0182708,R-0424,2026-01-18,62.24,web,pickup,completed
ORD-0182709,R-0424,2026-01-30,27.21,app,delivery,completed
ORD-0182710,R-0424,2026-01-02,26.76,app,pickup,completed
ORD-0182711,R-0424,2026-01-04,23.87,web,pickup,completed
ORD-0182712,R-0424,2026-01-15,45.49,app,pickup,completed
ORD-0182713,R-0424,2026-01-29,32.65,web,delivery,COMPLETED
ORD-0182714,R-0424,2026-01-23,21.96,web,pickup,completed
ORD-0182715,R-0424,2026-01-14,28.25,app,delivery,completed
ORD-0182716,R-0424,2026-01-24,20.92,app,delivery,completed
ORD-0182717,R-0424,2026-01-07,31.21,app,delivery,completed
ORD-0182718,R-0424,2026-01-31,24.33,app,delivery,completed
ORD-0182719,R-0424,2026-01-05,46.76,app,delivery,Completed
ORD-0182720,R-0424,2026-01-09,20.45,web,pickup,COMPLETED
ORD-0182721,R-0424,2026-01-02,62.55,app,delivery,completed
ORD-0182722,R-0424,2026-01-16,42.15,app,pickup,completed
ORD-0182723,R-0424,2026-01-16,44.21,app,delivery,refunded
ORD-0182724,R-0424,2026-01-24,35.35,web,delivery,completed
ORD-0182725,R-0424,2026-01-01,25.11,app,pickup,completed
ORD-0182726,R-0424,2026-01-24,28.19,web,delivery,completed
ORD-0182727,R-0424,2026-01-04,31.44,web,delivery,completed
ORD-0182728,R-0424,2026-01-03,18.25,web,delivery,completed
ORD-0182729,R-0424,2026-01-09,21.10,app,delivery,completed
ORD-0182730,R-0424,2026-01-10,23.38,app,pickup,completed
ORD-0182731,R-0424,2026-01-11,27.16,app,pickup,completed
ORD-0182732,R-0424,2026-01-09,38.99,web,pickup,completed
ORD-0182733,R-0424,2026-01-30,17.98,app,pickup,cancelled
ORD-0182734,R-0424,2026-01-26,23.68,web,pickup,COMPLETED
ORD-0182735,R-0424,2026-01-30,25.72,app,delivery,completed
ORD-0182736,R-0424,2026-01-05,35.53,web,delivery,COMPLETED
ORD-0182737,R-0424,2026-01-19,22.22,app,pickup,completed
ORD-0182738,R-0424,2026-01-10,19.42,app,delivery,completed
ORD-0182739,R-0424,2026-01-26,34.79,app,delivery,CANCELLED
ORD-0182740,R-0424,2026-01-27,27.51,app,pickup,completed
ORD-0182741,R-0424,2026-01-10,28.40,app,pickup,completed
ORD-0182742,R-0424,2026-01-23,16.79,web,delivery,completed
ORD-0182743,R-0424,2026-01-31,19.04,web,delivery,completed
ORD-0182744,R-0424,2026-01-04,21.06,web,delivery,completed
ORD-0182745,R-0424,2026-01-18,30.38,web,pickup,completed
ORD-0182746,R-0424,2026-01-25,23.10,web,pickup,completed
ORD-0182747,R-0424,2026-01-18,36.26,app,delivery,completed
ORD-0182748,R-0424,2026-01-04,26.75,app,delivery,COMPLETED
ORD-0182749,R-0424,2026-01-06,60.95,web,pickup,completed
ORD-0182750,R-0424,2026-01-17,36.77,web,delivery,completed
ORD-0182751,R-0424,2026-01-31,25.43,web,pickup,completed
ORD-0182752,R-0424,2026-01-11,38.81,web,delivery,Completed
ORD-0182753,R-0424,2026-01-01,26.18,web,pickup,Completed
ORD-0182754,R-0424,2026-01-22,16.45,app,pickup,completed
ORD-0182755,R-0424,2026-01-30,18.46,web,pickup,Completed
ORD-0182756,R-0424,2026-01-29,32.29,app,delivery,Completed
ORD-0182757,R-0424,2026-01-23,60.84,app,delivery,completed
ORD-0182758,R-0424,2026-01-02,19.42,web,pickup,completed
ORD-0182759,R-0424,2026-01-30,21.90,app,pickup,completed
ORD-0182760,R-0424,2026-01-07,25.64,web,pickup,completed
ORD-0182761,R-0424,2026-01-08,16.33,app,delivery,COMPLETED
ORD-0182762,R-0424,2026-01-02,25.20,app,delivery,completed
ORD-0182763,R-0424,2026-01-21,19.05,web,pickup,COMPLETED
ORD-0182764,R-0424,2026-01-23,22.80,app,pickup,completed
ORD-0182765,R-0424,2026-01-26,20.13,web,pickup,completed
ORD-0182766,R-0424,2026-01-13,20.07,web,pickup,completed
ORD-0182767,R-0424,2026-01-11,51.85,web,pickup,completed
ORD-0182768,R-0424,2026-01-06,13.95,web,delivery,cancelled
ORD-0182769,R-0424,2026-01-03,18.45,web,delivery,completed
ORD-0182770,R-0424,2026-01-14,33.85,app,pickup,COMPLETED
ORD-0182771,R-0424,2026-01-04,38.67,app,delivery,completed
ORD-0182772,R-0424,2026-01-11,51.93,web,delivery,completed
ORD-0182773,R-0424,2026-01-14,10.78,app,delivery,completed
ORD-0182774,R-0424,2026-01-01,22.27,web,pickup,completed
ORD-0182775,R-0424,2026-01-09,39.79,web,delivery,completed
ORD-0182776,R-0424,2026-01-21,48.41,app,delivery,completed
ORD-0182777,R-0424,2026-01-21,33.72,app,pickup,completed
ORD-0182778,R-0424,2026-01-17,39.40,web,delivery,completed
ORD-0182779,R-0424,2026-01-24,36.38,app,delivery,Completed
ORD-0182780,R-0424,2026-01-16,21.22,web,delivery,completed
ORD-0182781,R-0424,2026-01-17,44.86,web,delivery,completed
ORD-0182782,R-0424,2026-01-30,17.59,app,pickup,completed
ORD-0182783,R-0424,2026-01-03,41.42,app,pickup,completed
ORD-0182784,R-0424,2026-01-30,24.60,app,delivery,completed
ORD-0182785,R-0424,2026-01-15,26.54,app,delivery,completed
ORD-0182786,R-0424,2026-01-25,32.22,app,delivery,CANCELLED
ORD-0182787,R-0424,2026-01-02,20.89,app,pickup,completed
ORD-0182788,R-0424,2026-01-10,13.06,web,pickup,completed
ORD-0182789,R-0424,2026-01-14,31.33,app,delivery,completed
ORD-0182790,R-0424,2026-01-16,77.94,web,delivery,completed
ORD-0182791,R-0424,2026-01-06,18.10,app,pickup,cancelled
ORD-0182792,R-0424,2026-01-07,32.85,app,delivery,completed
ORD-0182793,R-0424,2026-01-27,17.93,web,pickup,COMPLETED
ORD-0182794,R-0424,2026-01-20,29.31,app,pickup,completed
ORD-0182795,R-0424,2026-01-13,23.29,web,pickup,completed
ORD-0182796,R-0424,2026-01-02,35.48,app,pickup,completed
ORD-0182797,R-0424,2026-01-05,35.96,app,delivery,completed
ORD-0182798,R-0424,2026-01-12,34.17,web,delivery,completed
ORD-0182799,R-0424,2026-01-04,17.51,web,delivery,completed
ORD-0182800,R-0424,2026-01-28,65.72,app,delivery,completed
ORD-0182801,R-0424,2026-01-24,49.81,app,pickup,completed
ORD-0182802,R-0424,2026-01-28,50.80,web,pickup,completed
ORD-0182803,R-0424,2026-01-18,17.97,web,delivery,completed
ORD-0182804,R-0424,2026-01-02,31.72,app,delivery,completed
ORD-0182805,R-0424,2026-01-15,22.72,web,delivery,completed
ORD-0182806,R-0424,2026-01-04,45.76,app,pickup,COMPLETED
ORD-0182807,R-0424,2026-01-03,19.39,web,delivery,completed
ORD-0182808,R-0424,2026-01-25,71.96,web,pickup,completed
ORD-0182809,R-0424,2026-01-16,18.74,web,pickup,completed
ORD-0182810,R-0424,2026-01-17,13.39,app,pickup,completed
ORD-0182811,R-0424,2026-01-11,35.18,app,pickup,completed
ORD-0182812,R-0424,2026-01-04,28.34,web,delivery,completed
ORD-0182813,R-0424,2026-01-31,35.09,web,pickup,Completed
ORD-0182814,R-0424,2026-01-11,32.99,web,delivery,completed
ORD-0182815,R-0424,2026-01-11,22.51,app,pickup,completed
ORD-0182816,R-0424,2026-01-08,51.07,web,pickup,completed
ORD-0182817,R-0424,2026-01-10,35.20,web,delivery,Completed
ORD-0182818,R-0424,2026-01-11,8.08,web,pickup,completed
ORD-0182819,R-0424,2026-01-06,30.17,app,delivery,completed
ORD-0182820,R-0424,2026-01-31,40.76,web,pickup,completed
ORD-0182821,R-0424,2026-01-09,28.44,app,delivery,completed
ORD-0182822,R-0424,2026-01-07,26.18,app,pickup,completed
ORD-0182823,R-0424,2026-01-11,25.39,web,delivery,completed
ORD-0182824,R-0424,2026-01-26,25.21,app,delivery,completed
ORD-0182825,R-0424,2026-01-20,66.29,web,pickup,completed
ORD-0182826,R-0424,2026-01-30,44.68,web,pickup,completed
ORD-0182827,R-0424,2026-01-28,58.04,web,delivery,completed
ORD-0182828,R-0424,2026-01-17,25.71,web,delivery,Completed
ORD-0185177,R-0425,2026-01-11,45.65,app,pickup,completed
ORD-0185178,R-0425,2026-01-12,106.02,app,delivery,completed
ORD-0185179,R-0425,2026-01-14,28.64,app,pickup,completed
ORD-0185180,R-0425,2026-01-27,77.69,app,delivery,completed
ORD-0185181,R-0425,2026-01-16,79.32,app,delivery,Completed
ORD-0185182,R-0425,2026-01-31,37.26,app,pickup,completed
ORD-0185183,R-0425,2026-01-09,132.82,app,pickup,completed
ORD-0185184,R-0425,2026-01-26,55.98,app,delivery,completed
ORD-0185185,R-0425,2026-01-26,41.38,app,pickup,completed
ORD-0185886,R-0426,2026-01-23,27.50,app,delivery,completed
ORD-0185887,R-0426,2026-01-04,59.17,web,delivery,completed
ORD-0185888,R-0426,2026-01-02,42.30,web,delivery,completed
ORD-0185889,R-0426,2026-01-01,52.50,web,delivery,completed
ORD-0185890,R-0426,2026-01-12,26.27,web,pickup,completed
ORD-0185891,R-0426,2026-01-17,32.41,web,delivery,completed
ORD-0185892,R-0426,2026-01-17,102.58,app,pickup,COMPLETED
ORD-0185893,R-0426,2026-01-05,48.24,web,delivery,completed
ORD-0185894,R-0426,2026-01-15,63.35,app,delivery,Completed
ORD-0185895,R-0426,2026-01-22,53.68,web,delivery,completed
ORD-0185896,R-0426,2026-01-18,95.99,app,pickup,completed
ORD-0185897,R-0426,2026-01-25,24.00,web,delivery,cancelled
ORD-0185898,R-0426,2026-01-19,65.95,app,delivery,completed
ORD-0185899,R-0426,2026-01-24,36.22,app,delivery,COMPLETED
ORD-0185900,R-0426,2026-01-02,69.31,app,pickup,completed
ORD-0185901,R-0426,2026-01-03,62.93,app,delivery,completed
ORD-0185902,R-0426,2026-01-28,39.31,app,pickup,completed
ORD-0185903,R-0426,2026-01-15,52.87,app,delivery,completed
ORD-0185904,R-0426,2026-01-18,72.59,web,pickup,completed
ORD-0185905,R-0426,2026-01-25,37.24,app,pickup,completed
ORD-0185906,R-0426,2026-01-07,35.75,web,pickup,completed
ORD-0185907,R-0426,2026-01-22,27.88,web,pickup,completed
ORD-0185908,R-0426,2026-01-22,33.97,app,pickup,completed
ORD-0185909,R-0426,2026-01-12,46.69,web,delivery,completed
ORD-0185910,R-0426,2026-01-12,42.75,web,pickup,COMPLETED
ORD-0185911,R-0426,2026-01-15,41.06,web,delivery,COMPLETED
ORD-0185912,R-0426,2026-01-09,75.13,web,pickup,completed
ORD-0185913,R-0426,2026-01-05,34.04,app,delivery,completed
ORD-0185914,R-0426,2026-01-31,41.44,app,delivery,Completed
ORD-0185915,R-0426,2026-01-09,49.99,web,pickup,completed
ORD-0185916,R-0426,2026-01-18,60.26,app,pickup,completed
ORD-0185917,R-0426,2026-01-27,50.62,app,pickup,completed
ORD-0185918,R-0426,2026-01-21,53.95,web,pickup,completed
ORD-0185919,R-0426,2026-01-07,53.78,web,delivery,completed
ORD-0185920,R-0426,2026-01-20,47.17,app,pickup,completed
ORD-0185921,R-0426,2026-01-28,34.65,web,delivery,completed
ORD-0185922,R-0426,2026-01-15,64.86,app,delivery,completed
ORD-0185923,R-0426,2026-01-13,49.83,web,pickup,completed
ORD-0185924,R-0426,2026-01-03,99.00,app,delivery,COMPLETED
ORD-0185925,R-0426,2026-01-23,44.99,web,pickup,Cancelled
ORD-0185926,R-0426,2026-01-01,39.55,app,pickup,completed
ORD-0185927,R-0426,2026-01-05,43.51,web,delivery,completed
ORD-0185928,R-0426,2026-01-04,78.69,app,delivery,completed
ORD-0185929,R-0426,2026-01-17,120.97,web,delivery,completed
ORD-0185930,R-0426,2026-01-03,45.79,web,pickup,COMPLETED
ORD-0185931,R-0426,2026-01-13,61.51,web,delivery,completed
ORD-0185932,R-0426,2026-01-04,85.21,app,pickup,Cancelled
ORD-0185933,R-0426,2026-01-07,16.96,web,delivery,completed
ORD-0185934,R-0426,2026-01-31,35.31,app,pickup,completed
ORD-0185935,R-0426,2026-01-20,77.21,web,pickup,Completed
ORD-0185936,R-0426,2026-01-16,38.60,app,pickup,completed
ORD-0185937,R-0426,2026-01-06,26.88,web,pickup,completed
ORD-0185938,R-0426,2026-01-23,60.76,web,delivery,completed
ORD-0185939,R-0426,2026-01-09,52.54,web,pickup,completed
ORD-0185940,R-0426,2026-01-26,43.12,app,delivery,completed
ORD-0185941,R-0426,2026-01-29,40.65,web,pickup,completed
ORD-0185942,R-0426,2026-01-27,81.56,app,delivery,completed
ORD-0185943,R-0426,2026-01-22,84.18,web,pickup,Cancelled
ORD-0185944,R-0426,2026-01-03,34.57,app,pickup,completed
ORD-0185945,R-0426,2026-01-24,62.46,web,pickup,completed
ORD-0185946,R-0426,2026-01-20,57.82,web,pickup,completed
ORD-0185947,R-0426,2026-01-03,24.22,web,pickup,Completed
ORD-0185948,R-0426,2026-01-26,47.35,web,delivery,completed
ORD-0185949,R-0426,2026-01-09,27.91,web,pickup,cancelled
ORD-0185950,R-0426,2026-01-28,38.75,web,pickup,COMPLETED
ORD-0185951,R-0426,2026-01-21,79.42,app,pickup,completed
ORD-0185952,R-0426,2026-01-03,48.48,web,delivery,completed
ORD-0185953,R-0426,2026-01-10,69.65,web,delivery,completed
ORD-0185954,R-0426,2026-01-27,26.86,web,pickup,completed
ORD-0185955,R-0426,2026-01-31,34.67,app,pickup,completed
ORD-0185956,R-0426,2026-01-13,23.37,app,pickup,completed
ORD-0185957,R-0426,2026-01-04,39.45,web,delivery,completed
ORD-0185958,R-0426,2026-01-02,103.89,web,pickup,completed
ORD-0185959,R-0426,2026-01-17,89.25,web,delivery,COMPLETED
ORD-0185960,R-0426,2026-01-06,32.36,app,pickup,completed
ORD-0185961,R-0426,2026-01-27,41.09,app,delivery,completed
ORD-0185962,R-0426,2026-01-20,47.02,web,pickup,completed
ORD-0185963,R-0426,2026-01-11,43.17,app,pickup,Completed
ORD-0185964,R-0426,2026-01-05,29.49,app,delivery,completed
ORD-0185965,R-0426,2026-01-25,25.89,web,delivery,completed
ORD-0185966,R-0426,2026-01-04,55.31,web,delivery,completed
ORD-0187684,R-0429,2026-01-11,47.88,app,pickup,cancelled
ORD-0187685,R-0429,2026-01-10,144.70,app,delivery,completed
ORD-0187686,R-0429,2026-01-28,49.38,app,pickup,completed
ORD-0187687,R-0429,2026-01-09,65.24,app,pickup,completed
ORD-0187688,R-0429,2026-01-30,100.69,web,delivery,completed
ORD-0187689,R-0429,2026-01-16,59.09,app,pickup,COMPLETED
ORD-0187690,R-0429,2026-01-02,118.40,app,pickup,completed
ORD-0187691,R-0429,2026-01-27,36.94,app,pickup,completed
ORD-0187692,R-0429,2026-01-02,106.32,app,delivery,completed
ORD-0187693,R-0429,2026-01-12,36.89,app,pickup,completed
ORD-0187694,R-0429,2026-01-27,46.48,app,pickup,completed
ORD-0187695,R-0429,2026-01-22,78.11,app,delivery,completed
ORD-0187696,R-0429,2026-01-26,45.23,web,pickup,Completed
ORD-0187697,R-0429,2026-01-25,80.54,app,pickup,completed
ORD-0187698,R-0429,2026-01-03,113.40,web,delivery,completed
ORD-0187699,R-0429,2026-01-21,28.98,app,pickup,completed
ORD-0187700,R-0429,2026-01-16,95.39,web,delivery,completed
ORD-0187701,R-0429,2026-01-27,48.97,app,pickup,COMPLETED
ORD-0187702,R-0429,2026-01-23,52.46,web,delivery,completed
ORD-0187703,R-0429,2026-01-28,52.33,app,pickup,completed
ORD-0187704,R-0429,2026-01-09,136.29,app,delivery,completed
ORD-0187705,R-0429,2026-01-24,64.39,web,pickup,Completed
ORD-0187706,R-0429,2026-01-20,99.39,app,delivery,completed
ORD-0187707,R-0429,2026-01-01,74.47,app,delivery,completed
ORD-0187708,R-0429,2026-01-08,49.85,app,delivery,completed
ORD-0187709,R-0429,2026-01-29,100.63,app,pickup,completed
ORD-0187710,R-0429,2026-01-18,238.05,app,delivery,completed
ORD-0187711,R-0429,2026-01-03,79.70,app,pickup,completed
ORD-0187712,R-0429,2026-01-28,56.33,app,pickup,completed
ORD-0187713,R-0429,2026-01-29,111.82,app,delivery,completed
ORD-0187714,R-0429,2026-01-22,77.53,app,pickup,completed
ORD-0187715,R-0429,2026-01-01,63.75,app,delivery,completed
ORD-0187716,R-0429,2026-01-05,24.94,app,pickup,COMPLETED
ORD-0187717,R-0429,2026-01-27,57.47,web,pickup,completed
ORD-0187718,R-0429,2026-01-10,68.11,app,pickup,completed
ORD-0187719,R-0429,2026-01-16,30.15,app,delivery,completed
ORD-0187720,R-0429,2026-01-09,67.25,app,delivery,completed
ORD-0187721,R-0429,2026-01-04,26.91,app,delivery,completed
ORD-0187722,R-0429,2026-01-31,71.08,app,delivery,completed
ORD-0187723,R-0429,2026-01-08,59.35,web,delivery,completed
ORD-0187724,R-0429,2026-01-05,58.32,web,pickup,completed
ORD-0187725,R-0429,2026-01-21,96.68,app,delivery,completed
ORD-0187726,R-0429,2026-01-16,76.21,web,pickup,completed
ORD-0187727,R-0429,2026-01-18,69.05,web,pickup,completed
ORD-0187728,R-0429,2026-01-16,129.24,app,delivery,completed
ORD-0187729,R-0429,2026-01-11,73.35,app,pickup,completed
ORD-0187730,R-0429,2026-01-24,72.59,app,delivery,completed
ORD-0187731,R-0429,2026-01-06,37.87,app,pickup,completed
ORD-0187732,R-0429,2026-01-03,84.78,app,delivery,completed
ORD-0187733,R-0429,2026-01-08,41.71,app,delivery,completed
ORD-0187734,R-0429,2026-01-09,75.55,app,pickup,completed
ORD-0187735,R-0429,2026-01-29,126.69,app,delivery,cancelled
ORD-0187736,R-0429,2026-01-04,36.32,app,delivery,completed
ORD-0187737,R-0429,2026-01-28,63.06,app,delivery,Refunded
ORD-0187738,R-0429,2026-01-09,42.66,web,pickup,COMPLETED
ORD-0187739,R-0429,2026-01-21,63.12,app,delivery,Completed
ORD-0187740,R-0429,2026-01-31,56.12,app,delivery,COMPLETED
ORD-0187741,R-0429,2026-01-13,73.31,app,delivery,completed
ORD-0187742,R-0429,2026-01-08,39.14,app,pickup,completed
ORD-0187743,R-0429,2026-01-12,38.71,app,delivery,completed
ORD-0187744,R-0429,2026-01-06,46.18,app,delivery,completed
ORD-0187745,R-0429,2026-01-24,112.54,app,delivery,completed
ORD-0187746,R-0429,2026-01-16,77.23,web,pickup,COMPLETED
ORD-0187747,R-0429,2026-01-17,110.74,app,pickup,completed
ORD-0187748,R-0429,2026-01-30,60.79,app,pickup,completed
ORD-0187749,R-0429,2026-01-31,57.56,app,delivery,completed
ORD-0187750,R-0429,2026-01-19,38.87,app,pickup,completed
ORD-0187751,R-0429,2026-01-15,107.14,web,pickup,completed
ORD-0187752,R-0429,2026-01-31,42.42,app,delivery,completed
ORD-0187753,R-0429,2026-01-15,60.50,app,pickup,COMPLETED
ORD-0187754,R-0429,2026-01-15,69.50,app,delivery,completed
ORD-0187755,R-0429,2026-01-01,47.06,web,delivery,completed
ORD-0187756,R-0429,2026-01-25,74.47,app,delivery,completed
ORD-0187757,R-0429,2026-01-26,81.32,web,pickup,Completed
ORD-0187758,R-0429,2026-01-18,98.82,app,delivery,completed
ORD-0187759,R-0429,2026-01-22,47.17,app,delivery,Completed
ORD-0187760,R-0429,2026-01-05,102.20,app,pickup,completed
ORD-0187761,R-0429,2026-01-02,63.87,web,pickup,completed
ORD-0187762,R-0429,2026-01-13,54.55,web,delivery,completed
ORD-0187763,R-0429,2026-01-09,64.72,web,delivery,completed
ORD-0187764,R-0429,2026-01-07,37.26,app,pickup,completed
ORD-0187765,R-0429,2026-01-22,50.54,web,pickup,Completed
ORD-0187766,R-0429,2026-01-04,62.89,web,delivery,completed
ORD-0187767,R-0429,2026-01-05,60.17,app,pickup,Completed
ORD-0187768,R-0429,2026-01-10,32.77,web,pickup,completed
ORD-0187769,R-0429,2026-01-22,43.01,web,pickup,completed
ORD-0187770,R-0429,2026-01-23,54.08,app,pickup,Completed
ORD-0187771,R-0429,2026-01-17,69.56,app,pickup,completed
ORD-0187772,R-0429,2026-01-24,92.05,app,delivery,completed
ORD-0187773,R-0429,2026-01-28,118.96,app,delivery,completed
ORD-0187774,R-0429,2026-01-27,26.10,app,delivery,completed
ORD-0187775,R-0429,2026-01-07,31.24,web,delivery,COMPLETED
ORD-0187776,R-0429,2026-01-26,55.72,app,delivery,Completed
ORD-0187777,R-0429,2026-01-04,95.24,web,pickup,completed
ORD-0187778,R-0429,2026-01-02,74.27,app,delivery,completed
ORD-0187779,R-0429,2026-01-02,126.78,app,delivery,completed
ORD-0187780,R-0429,2026-01-11,62.14,web,delivery,completed
ORD-0187781,R-0429,2026-01-10,46.02,app,delivery,completed
ORD-0187782,R-0429,2026-01-13,63.65,app,delivery,completed
ORD-0187783,R-0429,2026-01-30,29.49,web,delivery,completed
ORD-0187784,R-0429,2026-01-01,101.21,app,delivery,COMPLETED
ORD-0187785,R-0429,2026-01-31,35.59,app,pickup,completed
ORD-0187786,R-0429,2026-01-01,74.13,app,delivery,completed
ORD-0187787,R-0429,2026-01-28,53.86,app,delivery,completed
ORD-0187788,R-0429,2026-01-02,48.56,app,delivery,completed
ORD-0187789,R-0429,2026-01-15,98.02,web,delivery,completed
ORD-0187790,R-0429,2026-01-11,73.88,app,pickup,completed
ORD-0187791,R-0429,2026-01-23,52.00,web,delivery,completed
ORD-0187792,R-0429,2026-01-28,47.77,web,pickup,completed
ORD-0187793,R-0429,2026-01-10,37.13,app,delivery,completed
ORD-0187794,R-0429,2026-01-18,89.98,app,pickup,completed
ORD-0191561,R-0439,2026-01-11,44.46,web,delivery,completed
ORD-0191562,R-0439,2026-01-03,45.90,app,pickup,completed
ORD-0191563,R-0439,2026-01-04,26.15,app,delivery,completed
ORD-0191564,R-0439,2026-01-31,76.77,web,pickup,completed
ORD-0191565,R-0439,2026-01-30,44.06,app,delivery,completed
ORD-0191566,R-0439,2026-01-12,51.36,web,pickup,completed
ORD-0191567,R-0439,2026-01-13,28.79,app,delivery,completed
ORD-0191568,R-0439,2026-01-11,58.46,app,delivery,completed
ORD-0191569,R-0439,2026-01-13,57.70,web,pickup,completed
ORD-0192328,R-0444,2026-01-13,13.41,web,pickup,COMPLETED
ORD-0192329,R-0444,2026-01-03,28.92,app,delivery,completed
ORD-0192330,R-0444,2026-01-30,22.10,app,delivery,completed
ORD-0192331,R-0444,2026-01-03,44.74,web,delivery,completed
ORD-0192332,R-0444,2026-01-27,53.41,web,delivery,completed
ORD-0192333,R-0444,2026-01-31,27.57,app,delivery,completed
ORD-0192334,R-0444,2026-01-07,32.30,web,delivery,completed
ORD-0192335,R-0444,2026-01-02,44.30,app,delivery,completed
ORD-0192336,R-0444,2026-01-05,36.62,web,pickup,completed
ORD-0192337,R-0444,2026-01-17,30.61,web,delivery,completed
ORD-0192338,R-0444,2026-01-15,20.61,app,pickup,refunded
ORD-0192339,R-0444,2026-01-30,29.92,app,delivery,completed
ORD-0192340,R-0444,2026-01-17,39.31,web,pickup,completed
ORD-0192341,R-0444,2026-01-26,16.02,web,delivery,completed
ORD-0192342,R-0444,2026-01-15,42.72,web,pickup,completed
ORD-0192343,R-0444,2026-01-15,24.74,web,delivery,completed
ORD-0192344,R-0444,2026-01-09,22.40,app,delivery,cancelled
ORD-0192345,R-0444,2026-01-11,26.71,app,delivery,completed
ORD-0192346,R-0444,2026-01-06,32.80,app,delivery,completed
ORD-0192347,R-0444,2026-01-31,67.36,web,delivery,completed
ORD-0192348,R-0444,2026-01-24,56.85,web,delivery,completed
ORD-0192349,R-0444,2026-01-22,51.81,app,delivery,COMPLETED
ORD-0192350,R-0444,2026-01-04,35.66,web,pickup,COMPLETED
ORD-0192351,R-0444,2026-01-02,32.81,web,delivery,completed
ORD-0192352,R-0444,2026-01-22,33.83,app,delivery,completed
ORD-0192353,R-0444,2026-01-03,34.30,web,delivery,COMPLETED
ORD-0192354,R-0444,2026-01-22,27.67,app,delivery,Completed
ORD-0192355,R-0444,2026-01-03,21.53,app,delivery,completed
ORD-0192356,R-0444,2026-01-05,26.05,app,delivery,completed
ORD-0192357,R-0444,2026-01-10,56.65,app,delivery,completed
ORD-0192358,R-0444,2026-01-31,30.96,web,delivery,completed
ORD-0192359,R-0444,2026-01-17,24.06,app,delivery,completed
ORD-0192360,R-0444,2026-01-23,23.07,app,pickup,completed
ORD-0192361,R-0444,2026-01-09,27.18,web,delivery,completed
ORD-0192362,R-0444,2026-01-29,28.39,app,pickup,completed
ORD-0192363,R-0444,2026-01-31,32.92,web,pickup,completed
ORD-0192364,R-0444,2026-01-24,24.60,app,delivery,completed
ORD-0192365,R-0444,2026-01-04,47.58,web,delivery,completed
ORD-0192366,R-0444,2026-01-31,51.69,web,delivery,completed
ORD-0192367,R-0444,2026-01-22,35.10,app,pickup,completed
ORD-0192368,R-0444,2026-01-14,33.02,app,delivery,completed
ORD-0192369,R-0444,2026-01-16,32.44,web,delivery,completed
ORD-0192370,R-0444,2026-01-06,25.85,web,delivery,completed
ORD-0192371,R-0444,2026-01-02,23.01,app,pickup,COMPLETED
ORD-0192372,R-0444,2026-01-14,32.97,app,pickup,completed
ORD-0192373,R-0444,2026-01-03,19.55,web,delivery,completed
ORD-0192374,R-0444,2026-01-27,13.94,app,delivery,completed
ORD-0192375,R-0444,2026-01-28,33.08,web,pickup,completed
ORD-0192376,R-0444,2026-01-22,36.53,web,delivery,Completed
ORD-0192377,R-0444,2026-01-26,23.15,web,delivery,completed
ORD-0192378,R-0444,2026-01-26,41.62,app,pickup,completed
ORD-0192379,R-0444,2026-01-10,22.40,app,delivery,completed
ORD-0192380,R-0444,2026-01-01,38.05,web,delivery,completed
ORD-0192381,R-0444,2026-01-16,47.90,app,delivery,COMPLETED
ORD-0192382,R-0444,2026-01-16,28.01,app,delivery,completed
ORD-0192383,R-0444,2026-01-02,27.05,app,delivery,completed
ORD-0192384,R-0444,2026-01-09,53.12,app,delivery,completed
ORD-0192385,R-0444,2026-01-08,34.70,app,delivery,completed
ORD-0192386,R-0444,2026-01-20,30.85,app,delivery,completed
ORD-0192387,R-0444,2026-01-28,19.30,app,pickup,completed
ORD-0194341,R-0446,2026-01-05,49.06,app,delivery,Completed
ORD-0194342,R-0446,2026-01-27,49.34,app,delivery,completed
ORD-0194343,R-0446,2026-01-19,55.49,web,delivery,completed
ORD-0194344,R-0446,2026-01-27,46.29,web,delivery,completed
ORD-0194345,R-0446,2026-01-23,28.89,web,pickup,completed
ORD-0194346,R-0446,2026-01-16,26.95,app,pickup,completed
ORD-0194347,R-0446,2026-01-23,46.52,app,delivery,COMPLETED
ORD-0194348,R-0446,2026-01-31,64.09,app,delivery,completed
ORD-0194349,R-0446,2026-01-01,21.24,app,pickup,completed
ORD-0194350,R-0446,2026-01-31,30.37,app,delivery,COMPLETED
ORD-0194351,R-0446,2026-01-14,43.67,app,delivery,completed
ORD-0194352,R-0446,2026-01-23,60.01,app,delivery,completed
ORD-0194353,R-0446,2026-01-04,64.07,app,delivery,completed
ORD-0194354,R-0446,2026-01-30,33.82,app,delivery,completed
ORD-0194355,R-0446,2026-01-11,37.67,web,delivery,completed
ORD-0194356,R-0446,2026-01-17,30.74,app,pickup,completed
ORD-0194357,R-0446,2026-01-31,67.15,app,delivery,completed
ORD-0194358,R-0446,2026-01-05,17.95,web,delivery,completed
ORD-0194359,R-0446,2026-01-05,41.23,web,delivery,completed
ORD-0194360,R-0446,2026-01-07,23.11,app,pickup,completed
ORD-0194361,R-0446,2026-01-28,55.90,web,delivery,completed
ORD-0194362,R-0446,2026-01-07,32.93,app,delivery,completed
ORD-0194363,R-0446,2026-01-15,45.80,app,delivery,COMPLETED
ORD-0194364,R-0446,2026-01-07,29.80,app,pickup,completed
ORD-0194365,R-0446,2026-01-11,81.40,web,delivery,completed
ORD-0194366,R-0446,2026-01-14,40.08,web,delivery,completed
ORD-0194367,R-0446,2026-01-25,26.15,app,pickup,completed
ORD-0194368,R-0446,2026-01-05,37.72,app,delivery,completed
ORD-0194369,R-0446,2026-01-03,70.20,app,pickup,completed
ORD-0194370,R-0446,2026-01-31,20.42,app,pickup,COMPLETED
ORD-0194371,R-0446,2026-01-06,79.33,web,delivery,completed
ORD-0194372,R-0446,2026-01-24,60.21,app,delivery,completed
ORD-0194373,R-0446,2026-01-17,69.94,web,pickup,completed
ORD-0194374,R-0446,2026-01-28,30.55,web,delivery,completed
ORD-0194375,R-0446,2026-01-08,24.16,app,pickup,completed
ORD-0194376,R-0446,2026-01-04,64.99,app,delivery,COMPLETED
ORD-0194377,R-0446,2026-01-20,55.66,web,delivery,completed
ORD-0194378,R-0446,2026-01-11,40.20,app,delivery,completed
ORD-0194379,R-0446,2026-01-26,49.86,app,delivery,completed
ORD-0194380,R-0446,2026-01-31,41.76,app,pickup,cancelled
ORD-0194381,R-0446,2026-01-03,38.74,web,pickup,completed
ORD-0194382,R-0446,2026-01-16,41.97,app,delivery,completed
ORD-0194383,R-0446,2026-01-20,25.48,app,delivery,completed
ORD-0194384,R-0446,2026-01-28,29.43,app,delivery,completed
ORD-0194385,R-0446,2026-01-01,49.61,app,pickup,completed
ORD-0194386,R-0446,2026-01-03,30.54,app,delivery,COMPLETED
ORD-0194387,R-0446,2026-01-20,42.87,web,delivery,completed
ORD-0194388,R-0446,2026-01-22,63.20,app,pickup,completed
ORD-0194389,R-0446,2026-01-03,25.44,app,delivery,completed
ORD-0194390,R-0446,2026-01-19,31.42,app,pickup,completed
ORD-0194391,R-0446,2026-01-27,39.86,app,delivery,COMPLETED
ORD-0194392,R-0446,2026-01-29,43.86,app,pickup,completed
ORD-0194393,R-0446,2026-01-21,27.53,app,delivery,completed
ORD-0194394,R-0446,2026-01-25,25.18,web,delivery,completed
ORD-0194395,R-0446,2026-01-09,41.35,web,delivery,completed
ORD-0194396,R-0446,2026-01-04,48.56,app,delivery,COMPLETED
ORD-0194397,R-0446,2026-01-23,45.84,app,pickup,completed
ORD-0194398,R-0446,2026-01-12,46.14,web,delivery,completed
ORD-0194399,R-0446,2026-01-02,39.36,web,delivery,completed
ORD-0194400,R-0446,2026-01-17,18.80,app,pickup,COMPLETED
ORD-0194401,R-0446,2026-01-10,39.80,app,pickup,completed
ORD-0194402,R-0446,2026-01-18,36.71,app,delivery,completed
ORD-0194403,R-0446,2026-01-04,43.46,app,delivery,completed
ORD-0194404,R-0446,2026-01-13,44.76,web,delivery,completed
ORD-0194405,R-0446,2026-01-02,31.34,web,delivery,completed
ORD-0194406,R-0446,2026-01-17,51.75,app,delivery,completed
ORD-0194407,R-0446,2026-01-14,56.68,app,delivery,completed
ORD-0194408,R-0446,2026-01-18,40.36,app,pickup,completed
ORD-0194409,R-0446,2026-01-02,43.03,web,delivery,completed
ORD-0194410,R-0446,2026-01-16,31.02,app,pickup,Completed
ORD-0194411,R-0446,2026-01-18,28.14,web,pickup,completed
ORD-0194412,R-0446,2026-01-01,36.56,web,delivery,completed
ORD-0194413,R-0446,2026-01-17,40.55,web,pickup,completed
ORD-0194414,R-0446,2026-01-08,56.56,app,delivery,completed
ORD-0194415,R-0446,2026-01-23,31.99,app,delivery,refunded
ORD-0194416,R-0446,2026-01-08,32.81,app,pickup,completed
ORD-0194417,R-0446,2026-01-31,38.89,app,pickup,completed
ORD-0194418,R-0446,2026-01-18,17.28,app,delivery,completed
ORD-0194419,R-0446,2026-01-03,45.36,app,pickup,completed
ORD-0194420,R-0446,2026-01-31,45.52,web,delivery,completed
ORD-0194421,R-0446,2026-01-20,25.01,app,delivery,completed
ORD-0194422,R-0446,2026-01-29,33.75,web,pickup,COMPLETED
ORD-0194423,R-0446,2026-01-23,66.56,app,pickup,completed
ORD-0194424,R-0446,2026-01-31,70.88,app,delivery,COMPLETED
ORD-0194425,R-0446,2026-01-14,27.46,app,pickup,completed
ORD-0194426,R-0446,2026-01-17,42.75,app,pickup,completed
ORD-0194427,R-0446,2026-01-10,18.49,app,pickup,completed
ORD-0194428,R-0446,2026-01-26,48.86,web,delivery,cancelled
ORD-0194429,R-0446,2026-01-22,21.47,app,delivery,completed
ORD-0194430,R-0446,2026-01-22,48.23,app,delivery,completed
ORD-0194431,R-0446,2026-01-23,40.56,web,pickup,completed
ORD-0194432,R-0446,2026-01-31,58.24,app,pickup,completed
ORD-0194433,R-0446,2026-01-20,39.85,app,delivery,completed
ORD-0194434,R-0446,2026-01-10,60.14,web,delivery,completed
ORD-0194435,R-0446,2026-01-17,43.00,app,delivery,completed
ORD-0194436,R-0446,2026-01-07,23.39,app,pickup,completed
ORD-0194437,R-0446,2026-01-02,25.19,web,pickup,completed
ORD-0194438,R-0446,2026-01-04,53.96,app,delivery,completed
ORD-0194439,R-0446,2026-01-13,38.50,app,delivery,COMPLETED
ORD-0194440,R-0446,2026-01-26,35.60,app,pickup,completed
ORD-0194441,R-0446,2026-01-06,38.29,web,delivery,completed
ORD-0194442,R-0446,2026-01-11,41.05,app,delivery,completed
ORD-0194443,R-0446,2026-01-18,16.49,web,delivery,completed
ORD-0194444,R-0446,2026-01-18,56.04,web,pickup,completed
ORD-0194445,R-0446,2026-01-02,56.92,app,pickup,completed
ORD-0194446,R-0446,2026-01-14,33.08,web,pickup,completed
ORD-0194447,R-0446,2026-01-09,29.36,app,pickup,completed
ORD-0194448,R-0446,2026-01-02,69.75,app,delivery,completed
ORD-0194449,R-0446,2026-01-11,48.72,app,pickup,completed
ORD-0194450,R-0446,2026-01-27,83.54,web,delivery,completed
ORD-0194451,R-0446,2026-01-24,53.08,web,pickup,completed
ORD-0194452,R-0446,2026-01-20,58.34,app,delivery,cancelled
ORD-0194453,R-0446,2026-01-13,58.95,app,delivery,completed
ORD-0194454,R-0446,2026-01-22,17.39,app,pickup,completed
ORD-0194455,R-0446,2026-01-06,55.13,web,delivery,Completed
ORD-0194456,R-0446,2026-01-19,42.62,app,delivery,completed
ORD-0194457,R-0446,2026-01-24,55.79,app,pickup,completed
ORD-0194458,R-0446,2026-01-13,43.74,app,pickup,Completed
ORD-0194459,R-0446,2026-01-22,30.81,app,delivery,completed
ORD-0194460,R-0446,2026-01-04,47.81,app,delivery,Completed
ORD-0194461,R-0446,2026-01-18,48.68,app,delivery,completed
ORD-0194462,R-0446,2026-01-02,35.39,web,delivery,completed
ORD-0194463,R-0446,2026-01-08,38.94,app,delivery,completed
ORD-0194464,R-0446,2026-01-29,39.35,app,pickup,completed
ORD-0194465,R-0446,2026-01-26,34.76,app,delivery,completed
ORD-0194466,R-0446,2026-01-21,26.83,web,pickup,completed
ORD-0194467,R-0446,2026-01-27,52.59,app,pickup,completed
ORD-0194468,R-0446,2026-01-10,28.61,web,pickup,completed
ORD-0194469,R-0446,2026-01-12,31.30,web,delivery,completed
ORD-0194470,R-0446,2026-01-11,33.60,app,pickup,completed
ORD-0194471,R-0446,2026-01-04,73.81,app,pickup,completed
ORD-0194472,R-0446,2026-01-19,63.14,web,delivery,completed
ORD-0194473,R-0446,2026-01-05,28.39,app,delivery,completed
ORD-0194474,R-0446,2026-01-03,37.10,app,pickup,completed
ORD-0194475,R-0446,2026-01-25,50.99,web,delivery,completed
ORD-0194476,R-0446,2026-01-24,26.71,app,pickup,completed
ORD-0194477,R-0446,2026-01-10,18.75,app,delivery,completed
ORD-0194478,R-0446,2026-01-05,38.14,web,pickup,completed
ORD-0194479,R-0446,2026-01-24,44.24,app,pickup,COMPLETED
ORD-0194480,R-0446,2026-01-07,29.48,app,delivery,completed
ORD-0194481,R-0446,2026-01-29,42.18,app,pickup,completed
ORD-0194482,R-0446,2026-01-18,58.84,web,delivery,cancelled
ORD-0194483,R-0446,2026-01-19,46.84,app,pickup,COMPLETED
ORD-0194484,R-0446,2026-01-12,39.92,app,delivery,completed
ORD-0194485,R-0446,2026-01-02,32.04,app,delivery,COMPLETED
ORD-0194486,R-0446,2026-01-29,46.39,web,delivery,completed
ORD-0194487,R-0446,2026-01-06,41.86,app,pickup,completed
ORD-0194488,R-0446,2026-01-27,38.45,app,delivery,completed
ORD-0194489,R-0446,2026-01-03,40.98,app,pickup,completed
ORD-0194490,R-0446,2026-01-21,27.77,app,delivery,completed
ORD-0194491,R-0446,2026-01-23,28.06,app,delivery,completed
ORD-0194492,R-0446,2026-01-03,23.97,app,pickup,COMPLETED
ORD-0194493,R-0446,2026-01-23,27.32,app,delivery,Completed
ORD-0194494,R-0446,2026-01-24,36.76,web,delivery,Cancelled
ORD-0194495,R-0446,2026-01-25,63.33,app,delivery,completed
ORD-0194496,R-0446,2026-01-01,38.73,web,delivery,completed
ORD-0194497,R-0446,2026-01-10,48.42,app,delivery,completed
ORD-0194498,R-0446,2026-01-13,67.80,web,delivery,COMPLETED
ORD-0194499,R-0446,2026-01-16,26.36,web,delivery,Completed
ORD-0194500,R-0446,2026-01-13,36.43,web,delivery,completed
ORD-0194501,R-0446,2026-01-22,44.16,web,delivery,completed
ORD-0194502,R-0446,2026-01-06,47.00,app,delivery,completed
ORD-0194503,R-0446,2026-01-16,38.42,app,delivery,cancelled
ORD-0194504,R-0446,2026-01-30,48.78,app,delivery,completed
ORD-0194505,R-0446,2026-01-13,24.84,app,delivery,COMPLETED
ORD-0194506,R-0446,2026-01-17,72.08,web,pickup,COMPLETED
ORD-0194507,R-0446,2026-01-25,64.75,web,delivery,completed
ORD-0194508,R-0446,2026-01-28,62.19,web,delivery,completed
ORD-0194509,R-0446,2026-01-31,24.23,web,delivery,completed
ORD-0194510,R-0446,2026-01-13,28.00,app,delivery,completed
ORD-0194511,R-0446,2026-01-30,129.68,web,delivery,Completed
ORD-0194512,R-0446,2026-01-21,32.80,app,delivery,completed
ORD-0194513,R-0446,2026-01-29,40.99,app,pickup,completed
ORD-0194514,R-0446,2026-01-18,55.77,web,pickup,completed
ORD-0194515,R-0446,2026-01-17,25.11,app,pickup,COMPLETED
ORD-0194516,R-0446,2026-01-02,34.98,app,pickup,completed
ORD-0194517,R-0446,2026-01-24,27.81,app,delivery,completed
ORD-0194518,R-0446,2026-01-30,52.27,web,pickup,completed
ORD-0194519,R-0446,2026-01-18,62.62,app,pickup,completed
ORD-0194520,R-0446,2026-01-28,32.08,app,pickup,completed
ORD-0194521,R-0446,2026-01-24,41.03,app,delivery,completed
ORD-0194522,R-0446,2026-01-31,24.48,app,delivery,completed
ORD-0194523,R-0446,2026-01-06,64.79,app,pickup,completed
ORD-0194524,R-0446,2026-01-10,23.90,app,pickup,completed
ORD-0194525,R-0446,2026-01-07,28.49,web,pickup,completed
ORD-0194526,R-0446,2026-01-14,76.51,web,delivery,cancelled
ORD-0194527,R-0446,2026-01-04,36.22,web,delivery,completed
ORD-0194528,R-0446,2026-01-10,42.08,app,pickup,completed
ORD-0194529,R-0446,2026-01-15,33.71,web,delivery,cancelled
ORD-0194530,R-0446,2026-01-21,47.74,app,delivery,completed
ORD-0194531,R-0446,2026-01-28,55.33,web,delivery,Completed
ORD-0194532,R-0446,2026-01-03,35.45,web,pickup,completed
ORD-0194533,R-0446,2026-01-28,26.26,web,pickup,completed
ORD-0194534,R-0446,2026-01-08,33.99,web,pickup,completed
ORD-0194535,R-0446,2026-01-08,89.16,app,delivery,completed
ORD-0194536,R-0446,2026-01-18,15.08,app,delivery,completed
ORD-0196884,R-0447,2026-01-30,16.21,web,delivery,completed
ORD-0196885,R-0447,2026-01-09,41.58,app,pickup,completed
ORD-0196886,R-0447,2026-01-17,38.45,app,delivery,completed
ORD-0196887,R-0447,2026-01-31,22.55,app,delivery,completed
ORD-0196888,R-0447,2026-01-30,22.56,web,pickup,completed
ORD-0196889,R-0447,2026-01-26,10.35,web,pickup,completed
ORD-0196890,R-0447,2026-01-03,17.43,web,pickup,completed
ORD-0196891,R-0447,2026-01-05,24.14,web,pickup,completed
ORD-0196892,R-0447,2026-01-09,26.97,web,delivery,Completed
ORD-0196893,R-0447,2026-01-05,23.73,web,delivery,completed
ORD-0196894,R-0447,2026-01-26,27.97,app,delivery,completed
ORD-0196895,R-0447,2026-01-25,14.60,app,delivery,COMPLETED
ORD-0196896,R-0447,2026-01-21,17.92,app,delivery,completed
ORD-0196897,R-0447,2026-01-23,22.66,app,delivery,completed
ORD-0196898,R-0447,2026-01-31,27.30,app,delivery,completed
ORD-0196899,R-0447,2026-01-28,19.49,web,pickup,completed
ORD-0196900,R-0447,2026-01-31,14.89,app,pickup,completed
ORD-0196901,R-0447,2026-01-18,23.69,web,delivery,completed
ORD-0196902,R-0447,2026-01-11,13.34,web,delivery,completed
ORD-0196903,R-0447,2026-01-23,17.56,web,delivery,completed
ORD-0196904,R-0447,2026-01-27,15.73,web,pickup,completed
ORD-0196905,R-0447,2026-01-06,33.99,app,delivery,completed
ORD-0196906,R-0447,2026-01-07,14.57,web,pickup,completed
ORD-0196907,R-0447,2026-01-04,20.24,app,delivery,completed
ORD-0196908,R-0447,2026-01-01,17.69,app,pickup,completed
ORD-0196909,R-0447,2026-01-23,36.52,web,pickup,completed
ORD-0196910,R-0447,2026-01-13,31.63,web,delivery,completed
ORD-0196911,R-0447,2026-01-19,22.76,app,pickup,cancelled
ORD-0196912,R-0447,2026-01-18,44.81,app,delivery,completed
ORD-0196913,R-0447,2026-01-23,43.35,app,delivery,completed
ORD-0196914,R-0447,2026-01-24,26.16,app,delivery,completed
ORD-0196915,R-0447,2026-01-07,15.60,app,delivery,completed
ORD-0196916,R-0447,2026-01-29,14.17,web,delivery,completed
ORD-0196917,R-0447,2026-01-17,12.53,web,pickup,completed
ORD-0196918,R-0447,2026-01-12,12.63,app,pickup,COMPLETED
ORD-0196919,R-0447,2026-01-02,17.31,web,delivery,completed
ORD-0196920,R-0447,2026-01-23,29.10,web,delivery,completed
ORD-0196921,R-0447,2026-01-31,30.59,web,delivery,COMPLETED
ORD-0196922,R-0447,2026-01-22,29.99,web,delivery,completed
ORD-0196923,R-0447,2026-01-08,20.58,web,delivery,completed
ORD-0196924,R-0447,2026-01-14,18.15,app,delivery,Completed
ORD-0196925,R-0447,2026-01-10,30.55,web,delivery,completed
ORD-0196926,R-0447,2026-01-08,20.73,web,pickup,completed
ORD-0196927,R-0447,2026-01-31,22.62,web,delivery,COMPLETED
ORD-0196928,R-0447,2026-01-24,15.24,app,delivery,completed
ORD-0196929,R-0447,2026-01-06,18.56,app,delivery,completed
ORD-0196930,R-0447,2026-01-12,24.83,web,pickup,completed
ORD-0196931,R-0447,2026-01-28,48.54,web,pickup,refunded
ORD-0196932,R-0447,2026-01-06,16.70,app,delivery,COMPLETED
ORD-0196933,R-0447,2026-01-07,27.78,web,pickup,completed
ORD-0196934,R-0447,2026-01-14,33.66,web,delivery,COMPLETED
ORD-0196935,R-0447,2026-01-07,15.69,web,delivery,completed
ORD-0196936,R-0447,2026-01-24,15.31,app,delivery,COMPLETED
ORD-0196937,R-0447,2026-01-02,20.80,app,delivery,completed
ORD-0196938,R-0447,2026-01-15,14.88,app,delivery,completed
ORD-0196939,R-0447,2026-01-29,19.62,app,pickup,completed
ORD-0196940,R-0447,2026-01-09,25.50,web,delivery,completed
ORD-0196941,R-0447,2026-01-03,32.95,app,pickup,Completed
ORD-0196942,R-0447,2026-01-01,18.95,app,pickup,completed
ORD-0196943,R-0447,2026-01-09,23.98,web,delivery,completed
ORD-0196944,R-0447,2026-01-01,30.85,app,delivery,Completed
ORD-0196945,R-0447,2026-01-20,22.75,web,delivery,completed
ORD-0196946,R-0447,2026-01-22,12.71,web,delivery,completed
ORD-0196947,R-0447,2026-01-11,26.91,app,pickup,CANCELLED
ORD-0196948,R-0447,2026-01-04,25.17,web,pickup,completed
ORD-0196949,R-0447,2026-01-18,29.24,app,delivery,completed
ORD-0196950,R-0447,2026-01-17,18.24,app,pickup,Completed
ORD-0196951,R-0447,2026-01-01,16.24,web,delivery,completed
ORD-0196952,R-0447,2026-01-22,21.50,web,delivery,COMPLETED
ORD-0196953,R-0447,2026-01-29,11.87,app,delivery,COMPLETED
ORD-0196954,R-0447,2026-01-11,17.18,web,pickup,completed
ORD-0196955,R-0447,2026-01-10,21.46,web,delivery,completed
ORD-0196956,R-0447,2026-01-03,22.72,app,delivery,cancelled
ORD-0196957,R-0447,2026-01-13,38.51,web,pickup,completed
ORD-0196958,R-0447,2026-01-10,22.30,web,pickup,completed
ORD-0196959,R-0447,2026-01-22,24.10,app,delivery,completed
ORD-0196960,R-0447,2026-01-21,22.99,web,pickup,completed
ORD-0196961,R-0447,2026-01-29,40.46,app,delivery,completed
ORD-0196962,R-0447,2026-01-24,42.73,web,delivery,COMPLETED
ORD-0196963,R-0447,2026-01-15,35.28,web,delivery,COMPLETED
ORD-0196964,R-0447,2026-01-30,25.04,web,delivery,completed
ORD-0196965,R-0447,2026-01-17,11.58,web,pickup,completed
ORD-0196966,R-0447,2026-01-16,30.10,app,delivery,completed
ORD-0196967,R-0447,2026-01-08,47.21,app,delivery,completed
ORD-0196968,R-0447,2026-01-19,14.72,app,delivery,COMPLETED
ORD-0196969,R-0447,2026-01-07,20.86,web,delivery,completed
ORD-0196970,R-0447,2026-01-12,28.90,web,delivery,completed
ORD-0196971,R-0447,2026-01-21,14.61,web,delivery,completed
ORD-0196972,R-0447,2026-01-29,30.60,web,pickup,completed
ORD-0196973,R-0447,2026-01-09,28.80,app,pickup,completed
ORD-0196974,R-0447,2026-01-23,41.00,app,delivery,completed
ORD-0196975,R-0447,2026-01-22,25.37,web,delivery,COMPLETED
ORD-0196976,R-0447,2026-01-17,41.87,app,pickup,completed
ORD-0196977,R-0447,2026-01-19,21.47,app,delivery,completed
ORD-0196978,R-0447,2026-01-09,24.17,app,delivery,completed
ORD-0196979,R-0447,2026-01-26,10.82,web,pickup,COMPLETED
ORD-0196980,R-0447,2026-01-31,13.45,app,delivery,completed
ORD-0196981,R-0447,2026-01-01,23.37,app,pickup,COMPLETED
ORD-0196982,R-0447,2026-01-30,14.88,app,delivery,completed
ORD-0196983,R-0447,2026-01-30,16.52,app,delivery,completed
ORD-0196984,R-0447,2026-01-29,21.87,web,delivery,COMPLETED
ORD-0196985,R-0447,2026-01-14,11.64,app,delivery,completed
ORD-0196986,R-0447,2026-01-12,25.76,web,pickup,completed
ORD-0196987,R-0447,2026-01-02,23.27,web,delivery,completed
ORD-0196988,R-0447,2026-01-10,19.74,web,delivery,completed
ORD-0196989,R-0447,2026-01-15,27.46,app,delivery,completed
ORD-0196990,R-0447,2026-01-16,34.37,app,delivery,completed
ORD-0196991,R-0447,2026-01-05,20.13,web,delivery,COMPLETED
ORD-0196992,R-0447,2026-01-16,27.08,app,pickup,completed
ORD-0196993,R-0447,2026-01-31,18.75,app,delivery,completed
ORD-0196994,R-0447,2026-01-21,25.00,web,delivery,completed
ORD-0196995,R-0447,2026-01-31,42.46,web,delivery,COMPLETED
ORD-0196996,R-0447,2026-01-03,25.59,web,delivery,completed
ORD-0196997,R-0447,2026-01-01,15.24,web,delivery,completed
ORD-0196998,R-0447,2026-01-14,35.81,web,delivery,completed
ORD-0196999,R-0447,2026-01-01,17.13,web,pickup,completed
ORD-0197000,R-0447,2026-01-15,29.10,app,pickup,completed
ORD-0197001,R-0447,2026-01-15,16.83,app,delivery,completed
ORD-0197002,R-0447,2026-01-03,26.20,app,delivery,completed
ORD-0197003,R-0447,2026-01-15,60.07,app,delivery,completed
ORD-0197004,R-0447,2026-01-21,18.43,web,delivery,completed
ORD-0197005,R-0447,2026-01-22,20.13,app,delivery,completed
ORD-0197006,R-0447,2026-01-21,46.13,app,pickup,completed
ORD-0197007,R-0447,2026-01-18,35.49,app,pickup,completed
ORD-0197008,R-0447,2026-01-12,20.58,web,delivery,completed
ORD-0197009,R-0447,2026-01-08,35.72,app,delivery,completed
ORD-0197010,R-0447,2026-01-03,8.31,web,pickup,completed
ORD-0197011,R-0447,2026-01-31,21.39,app,delivery,Completed
ORD-0197012,R-0447,2026-01-17,24.59,app,delivery,completed
ORD-0197013,R-0447,2026-01-18,16.32,app,pickup,completed
ORD-0197014,R-0447,2026-01-07,20.37,app,delivery,completed
ORD-0197015,R-0447,2026-01-21,9.05,web,delivery,completed
ORD-0197016,R-0447,2026-01-08,30.79,web,pickup,completed
ORD-0197017,R-0447,2026-01-10,28.30,web,delivery,completed
ORD-0197018,R-0447,2026-01-03,27.25,web,delivery,completed
ORD-0197019,R-0447,2026-01-29,10.40,app,delivery,completed
ORD-0197020,R-0447,2026-01-10,19.92,web,delivery,COMPLETED
ORD-0197021,R-0447,2026-01-29,7.12,app,delivery,completed
ORD-0197022,R-0447,2026-01-08,26.52,app,delivery,Completed
ORD-0197023,R-0447,2026-01-16,26.97,web,pickup,completed
ORD-0197024,R-0447,2026-01-02,22.92,app,pickup,completed
ORD-0197025,R-0447,2026-01-29,18.46,app,delivery,completed
ORD-0197026,R-0447,2026-01-24,24.98,app,delivery,completed
ORD-0197027,R-0447,2026-01-01,15.57,web,delivery,completed
ORD-0197028,R-0447,2026-01-23,13.90,app,delivery,completed
ORD-0197029,R-0447,2026-01-07,18.21,web,delivery,completed
ORD-0197030,R-0447,2026-01-09,25.22,app,delivery,Completed
ORD-0197031,R-0447,2026-01-18,24.63,web,delivery,completed
ORD-0197032,R-0447,2026-01-30,31.10,app,delivery,completed
ORD-0197033,R-0447,2026-01-07,20.41,app,delivery,completed
ORD-0197034,R-0447,2026-01-05,33.42,app,pickup,completed
ORD-0197035,R-0447,2026-01-26,24.29,app,delivery,COMPLETED
ORD-0197036,R-0447,2026-01-20,26.09,app,delivery,completed
ORD-0197037,R-0447,2026-01-23,23.86,app,pickup,completed
ORD-0197038,R-0447,2026-01-24,16.49,app,delivery,completed
ORD-0197039,R-0447,2026-01-23,13.15,app,pickup,completed
ORD-0197040,R-0447,2026-01-24,27.53,web,delivery,completed
ORD-0197041,R-0447,2026-01-19,14.12,app,delivery,Completed
ORD-0197042,R-0447,2026-01-06,19.11,app,delivery,completed
ORD-0197043,R-0447,2026-01-23,39.23,app,delivery,completed
ORD-0197044,R-0447,2026-01-23,38.43,app,delivery,COMPLETED
ORD-0197045,R-0447,2026-01-15,30.59,app,pickup,completed
ORD-0197046,R-0447,2026-01-12,13.38,web,delivery,completed
ORD-0197047,R-0447,2026-01-24,16.16,app,pickup,completed
ORD-0197048,R-0447,2026-01-20,32.26,app,pickup,completed
ORD-0197049,R-0447,2026-01-09,23.51,web,pickup,completed
ORD-0197050,R-0447,2026-01-19,27.07,app,delivery,Completed
ORD-0197051,R-0447,2026-01-02,26.85,web,delivery,Completed
ORD-0197052,R-0447,2026-01-02,25.39,web,delivery,Completed
ORD-0197053,R-0447,2026-01-06,21.17,app,delivery,completed
ORD-0197054,R-0447,2026-01-23,15.65,app,delivery,completed
ORD-0197055,R-0447,2026-01-03,30.04,web,pickup,Completed
ORD-0197056,R-0447,2026-01-26,37.87,web,pickup,completed
ORD-0197057,R-0447,2026-01-10,31.96,web,pickup,completed
ORD-0197058,R-0447,2026-01-07,21.69,web,pickup,completed
ORD-0197059,R-0447,2026-01-28,32.26,web,delivery,completed
ORD-0197060,R-0447,2026-01-23,14.21,app,delivery,completed
ORD-0197061,R-0447,2026-01-18,13.46,web,delivery,completed
ORD-0197062,R-0447,2026-01-18,27.77,app,delivery,completed
ORD-0197063,R-0447,2026-01-30,37.24,app,pickup,COMPLETED
ORD-0197064,R-0447,2026-01-20,22.75,app,delivery,completed
ORD-0197065,R-0447,2026-01-25,21.84,web,delivery,completed
ORD-0197066,R-0447,2026-01-18,18.81,app,delivery,completed
ORD-0197067,R-0447,2026-01-23,25.79,web,delivery,completed
ORD-0197068,R-0447,2026-01-07,22.83,app,delivery,completed
ORD-0197069,R-0447,2026-01-09,13.12,app,delivery,completed
ORD-0197070,R-0447,2026-01-31,19.24,web,delivery,completed
ORD-0197071,R-0447,2026-01-13,16.90,app,delivery,completed
ORD-0197072,R-0447,2026-01-11,20.23,app,delivery,completed
ORD-0197073,R-0447,2026-01-06,38.13,app,pickup,completed
ORD-0197074,R-0447,2026-01-14,25.54,web,delivery,completed
ORD-0197075,R-0447,2026-01-01,26.88,web,delivery,completed
ORD-0197076,R-0447,2026-01-01,29.34,app,pickup,completed
ORD-0197077,R-0447,2026-01-24,12.72,web,pickup,completed
ORD-0197078,R-0447,2026-01-09,13.22,web,pickup,completed
ORD-0197079,R-0447,2026-01-16,38.89,app,delivery,completed
ORD-0197080,R-0447,2026-01-31,20.69,app,delivery,completed
ORD-0197081,R-0447,2026-01-11,20.15,web,delivery,Completed
ORD-0197082,R-0447,2026-01-24,45.93,web,pickup,Completed
ORD-0197083,R-0447,2026-01-09,20.04,web,pickup,completed
ORD-0197084,R-0447,2026-01-11,14.18,web,delivery,completed
ORD-0197085,R-0447,2026-01-28,14.36,app,delivery,completed
ORD-0197086,R-0447,2026-01-23,13.04,app,delivery,completed
ORD-0197087,R-0447,2026-01-15,18.61,app,delivery,completed
ORD-0197088,R-0447,2026-01-12,15.25,web,delivery,completed
ORD-0197089,R-0447,2026-01-26,21.77,app,delivery,completed
ORD-0197090,R-0447,2026-01-25,36.05,app,delivery,completed
ORD-0197091,R-0447,2026-01-06,21.65,app,pickup,completed
ORD-0197092,R-0447,2026-01-22,18.40,web,pickup,completed
ORD-0197093,R-0447,2026-01-29,36.09,app,delivery,completed
ORD-0197094,R-0447,2026-01-19,23.72,app,delivery,completed
ORD-0197095,R-0447,2026-01-17,19.47,web,delivery,completed
ORD-0197096,R-0447,2026-01-24,29.36,app,delivery,completed
ORD-0197097,R-0447,2026-01-16,22.65,app,delivery,completed
ORD-0197098,R-0447,2026-01-29,15.37,app,delivery,completed
ORD-0197099,R-0447,2026-01-10,18.96,web,delivery,completed
ORD-0197100,R-0447,2026-01-17,15.21,app,delivery,completed
ORD-0197101,R-0447,2026-01-30,29.46,web,pickup,cancelled
ORD-0197102,R-0447,2026-01-17,33.55,web,delivery,completed
ORD-0197103,R-0447,2026-01-03,27.30,web,delivery,COMPLETED
ORD-0197104,R-0447,2026-01-10,16.92,app,pickup,completed
ORD-0197105,R-0447,2026-01-15,20.62,app,delivery,cancelled
ORD-0197106,R-0447,2026-01-02,28.36,web,delivery,completed
ORD-0197107,R-0447,2026-01-13,22.10,web,pickup,completed
ORD-0197108,R-0447,2026-01-18,22.42,app,delivery,completed
ORD-0197109,R-0447,2026-01-07,28.81,app,pickup,completed
ORD-0197110,R-0447,2026-01-09,21.45,app,delivery,completed
ORD-0197111,R-0447,2026-01-30,21.43,app,delivery,completed
ORD-0197112,R-0447,2026-01-24,15.44,web,delivery,completed
ORD-0197113,R-0447,2026-01-08,9.83,app,pickup,completed
ORD-0197114,R-0447,2026-01-25,26.33,web,delivery,completed
ORD-0197115,R-0447,2026-01-25,46.79,app,delivery,completed
ORD-0197116,R-0447,2026-01-02,27.32,app,delivery,completed
ORD-0197117,R-0447,2026-01-15,20.39,app,pickup,completed
ORD-0197118,R-0447,2026-01-31,36.78,app,delivery,completed
ORD-0197119,R-0447,2026-01-04,21.59,app,delivery,completed
ORD-0197120,R-0447,2026-01-10,25.10,app,pickup,completed
ORD-0197121,R-0447,2026-01-24,27.11,app,delivery,completed
ORD-0197122,R-0447,2026-01-01,16.84,app,delivery,completed
ORD-0197123,R-0447,2026-01-26,15.37,app,delivery,completed
ORD-0197124,R-0447,2026-01-03,28.90,web,delivery,completed
ORD-0197125,R-0447,2026-01-28,14.45,app,delivery,Completed
ORD-0197126,R-0447,2026-01-30,21.37,app,pickup,COMPLETED
ORD-0197127,R-0447,2026-01-12,22.31,app,delivery,Completed
ORD-0197128,R-0447,2026-01-24,30.16,web,pickup,completed
ORD-0197129,R-0447,2026-01-03,14.93,app,delivery,completed
ORD-0197130,R-0447,2026-01-23,16.44,app,delivery,completed
ORD-0198980,R-0449,2026-01-30,42.86,web,delivery,completed
ORD-0198981,R-0449,2026-01-30,35.93,web,pickup,completed
ORD-0198982,R-0449,2026-01-30,49.52,app,delivery,completed
ORD-0198983,R-0449,2026-01-28,20.82,app,pickup,completed
ORD-0198984,R-0449,2026-01-28,71.70,app,delivery,COMPLETED
ORD-0200076,R-0451,2026-01-09,40.39,web,delivery,completed
ORD-0200077,R-0451,2026-01-26,64.59,app,delivery,COMPLETED
ORD-0200078,R-0451,2026-01-03,20.62,app,pickup,completed
ORD-0200079,R-0451,2026-01-13,19.72,app,pickup,completed
ORD-0200080,R-0451,2026-01-13,34.90,app,pickup,completed
ORD-0200081,R-0451,2026-01-23,48.02,web,pickup,COMPLETED
ORD-0200082,R-0451,2026-01-31,49.08,app,pickup,completed
ORD-0200083,R-0451,2026-01-31,21.16,app,delivery,completed
ORD-0200084,R-0451,2026-01-10,34.53,app,pickup,completed
ORD-0200085,R-0451,2026-01-30,38.74,app,pickup,completed
ORD-0200086,R-0451,2026-01-16,50.45,app,delivery,completed
ORD-0200087,R-0451,2026-01-03,46.73,web,delivery,completed
ORD-0200088,R-0451,2026-01-23,46.00,app,delivery,completed
ORD-0200089,R-0451,2026-01-10,61.63,app,pickup,completed
ORD-0200090,R-0451,2026-01-22,37.54,app,pickup,completed
ORD-0200091,R-0451,2026-01-02,34.87,app,pickup,completed
ORD-0200092,R-0451,2026-01-16,25.54,web,pickup,completed
ORD-0200093,R-0451,2026-01-28,29.56,app,delivery,completed
ORD-0200094,R-0451,2026-01-31,57.60,app,delivery,completed
ORD-0200095,R-0451,2026-01-10,21.77,app,pickup,completed
ORD-0200096,R-0451,2026-01-29,21.93,app,pickup,completed
ORD-0200097,R-0451,2026-01-23,34.78,web,pickup,Completed
ORD-0200098,R-0451,2026-01-31,46.45,web,delivery,completed
ORD-0200099,R-0451,2026-01-19,27.28,app,pickup,completed
ORD-0200100,R-0451,2026-01-04,42.23,app,pickup,completed
ORD-0200101,R-0451,2026-01-06,30.98,web,delivery,completed
ORD-0200102,R-0451,2026-01-26,44.29,web,pickup,completed
ORD-0200103,R-0451,2026-01-28,61.56,app,delivery,completed
ORD-0200104,R-0451,2026-01-03,22.34,app,pickup,COMPLETED
ORD-0200105,R-0451,2026-01-20,28.55,web,delivery,completed
ORD-0200106,R-0451,2026-01-27,28.78,app,pickup,completed
ORD-0200107,R-0451,2026-01-03,20.95,app,delivery,completed
ORD-0200108,R-0451,2026-01-22,51.28,app,delivery,completed
ORD-0200109,R-0451,2026-01-23,47.88,app,pickup,completed
ORD-0200110,R-0451,2026-01-23,38.37,app,pickup,COMPLETED
ORD-0200111,R-0451,2026-01-17,38.20,app,delivery,completed
ORD-0200112,R-0451,2026-01-18,33.52,app,pickup,completed
ORD-0200113,R-0451,2026-01-16,63.67,app,delivery,cancelled
ORD-0200114,R-0451,2026-01-17,26.33,web,delivery,completed
ORD-0200115,R-0451,2026-01-26,21.78,app,pickup,completed
ORD-0200116,R-0451,2026-01-29,56.37,web,pickup,completed
ORD-0200117,R-0451,2026-01-31,28.11,web,pickup,completed
ORD-0200118,R-0451,2026-01-16,16.91,app,pickup,completed
ORD-0200119,R-0451,2026-01-15,34.43,app,pickup,cancelled
ORD-0200120,R-0451,2026-01-01,32.36,web,delivery,COMPLETED
ORD-0200121,R-0451,2026-01-10,42.82,app,delivery,completed
ORD-0200122,R-0451,2026-01-10,39.78,web,pickup,COMPLETED
ORD-0200123,R-0451,2026-01-03,56.95,app,pickup,COMPLETED
ORD-0200124,R-0451,2026-01-04,12.63,web,delivery,completed
ORD-0200125,R-0451,2026-01-02,20.48,web,pickup,completed
ORD-0200126,R-0451,2026-01-31,35.21,web,delivery,completed
ORD-0200127,R-0451,2026-01-26,21.13,app,delivery,completed
ORD-0200128,R-0451,2026-01-19,28.40,app,pickup,completed
ORD-0200129,R-0451,2026-01-12,58.37,app,pickup,completed
ORD-0200130,R-0451,2026-01-21,29.19,app,delivery,completed
ORD-0200131,R-0451,2026-01-11,31.31,web,pickup,completed
ORD-0200132,R-0451,2026-01-26,23.23,app,delivery,completed
ORD-0200133,R-0451,2026-01-24,35.63,app,pickup,completed
ORD-0200134,R-0451,2026-01-29,17.61,app,pickup,completed
ORD-0200135,R-0451,2026-01-24,31.14,web,pickup,completed
ORD-0200136,R-0451,2026-01-17,51.75,app,pickup,completed
ORD-0200137,R-0451,2026-01-12,23.60,app,pickup,completed
ORD-0200138,R-0451,2026-01-16,33.35,web,pickup,completed
ORD-0200139,R-0451,2026-01-23,65.07,app,pickup,Completed
ORD-0200140,R-0451,2026-01-19,38.08,app,delivery,completed
ORD-0200141,R-0451,2026-01-18,34.70,web,delivery,completed
ORD-0200142,R-0451,2026-01-29,52.57,web,pickup,completed
ORD-0200143,R-0451,2026-01-17,26.12,web,pickup,COMPLETED
ORD-0200144,R-0451,2026-01-15,60.09,web,pickup,completed
ORD-0200145,R-0451,2026-01-08,42.12,app,pickup,completed
ORD-0200146,R-0451,2026-01-07,38.46,app,pickup,completed
ORD-0200147,R-0451,2026-01-09,48.81,web,pickup,COMPLETED
ORD-0200148,R-0451,2026-01-05,27.02,web,pickup,completed
ORD-0200149,R-0451,2026-01-26,62.77,app,pickup,completed
ORD-0200150,R-0451,2026-01-11,34.54,app,pickup,completed
ORD-0200151,R-0451,2026-01-25,50.60,web,delivery,completed
ORD-0200152,R-0451,2026-01-24,16.71,web,pickup,completed
ORD-0200153,R-0451,2026-01-17,42.65,web,pickup,completed
ORD-0200154,R-0451,2026-01-03,21.89,web,delivery,completed
ORD-0200155,R-0451,2026-01-24,66.50,app,delivery,completed
ORD-0200156,R-0451,2026-01-10,52.04,app,pickup,COMPLETED
ORD-0200157,R-0451,2026-01-06,42.39,app,delivery,completed
ORD-0200158,R-0451,2026-01-07,44.66,app,delivery,completed
ORD-0200159,R-0451,2026-01-19,24.84,app,delivery,completed
ORD-0200996,R-0453,2026-01-25,76.14,app,delivery,completed
ORD-0200997,R-0453,2026-01-29,56.69,web,delivery,completed
ORD-0200998,R-0453,2026-01-24,40.18,app,pickup,completed
ORD-0200999,R-0453,2026-01-31,63.27,app,delivery,completed
ORD-0201000,R-0453,2026-01-30,71.01,app,pickup,completed
ORD-0201001,R-0453,2026-01-05,33.94,app,delivery,COMPLETED
ORD-0201002,R-0453,2026-01-24,40.94,app,pickup,completed
ORD-0201003,R-0453,2026-01-12,66.12,web,pickup,completed
ORD-0201004,R-0453,2026-01-13,74.37,app,pickup,completed
ORD-0201005,R-0453,2026-01-03,42.49,web,pickup,completed
ORD-0201006,R-0453,2026-01-10,68.30,web,pickup,completed
ORD-0201007,R-0453,2026-01-11,52.44,web,pickup,completed
ORD-0201008,R-0453,2026-01-18,100.74,web,delivery,completed
ORD-0201009,R-0453,2026-01-26,58.87,app,pickup,completed
ORD-0201010,R-0453,2026-01-09,114.94,app,pickup,COMPLETED
ORD-0201011,R-0453,2026-01-11,87.19,app,delivery,completed
ORD-0201012,R-0453,2026-01-10,67.82,web,pickup,completed
ORD-0201013,R-0453,2026-01-09,81.31,web,pickup,completed
ORD-0201014,R-0453,2026-01-02,60.93,app,pickup,completed
ORD-0201015,R-0453,2026-01-02,91.53,app,pickup,completed
ORD-0201016,R-0453,2026-01-02,50.14,app,delivery,completed
ORD-0201017,R-0453,2026-01-02,62.19,app,delivery,completed
ORD-0201018,R-0453,2026-01-17,37.54,web,pickup,completed
ORD-0201019,R-0453,2026-01-07,53.93,app,pickup,COMPLETED
ORD-0201020,R-0453,2026-01-27,58.25,app,pickup,completed
ORD-0201021,R-0453,2026-01-31,49.98,web,pickup,completed
ORD-0201022,R-0453,2026-01-13,95.98,app,delivery,completed
ORD-0201023,R-0453,2026-01-28,65.45,web,pickup,completed
ORD-0201650,R-0454,2026-01-22,18.49,app,delivery,completed
ORD-0201651,R-0454,2026-01-06,26.73,app,delivery,completed
ORD-0201652,R-0454,2026-01-26,43.46,web,delivery,completed
ORD-0201653,R-0454,2026-01-16,18.33,app,delivery,completed
ORD-0201654,R-0454,2026-01-16,38.87,app,pickup,completed
ORD-0201655,R-0454,2026-01-08,31.22,web,pickup,completed
ORD-0201656,R-0454,2026-01-13,34.59,app,delivery,completed
ORD-0201657,R-0454,2026-01-17,59.20,app,delivery,completed
ORD-0201658,R-0454,2026-01-17,48.99,web,pickup,completed
ORD-0201659,R-0454,2026-01-08,31.17,web,pickup,completed
ORD-0201660,R-0454,2026-01-18,44.37,app,delivery,completed
ORD-0201661,R-0454,2026-01-03,51.93,app,pickup,completed
ORD-0201662,R-0454,2026-01-10,32.70,app,pickup,Completed
ORD-0201663,R-0454,2026-01-29,20.88,web,pickup,completed
ORD-0201664,R-0454,2026-01-01,23.63,app,delivery,completed
ORD-0201665,R-0454,2026-01-17,45.34,app,delivery,completed
ORD-0201666,R-0454,2026-01-04,28.11,web,delivery,completed
ORD-0201667,R-0454,2026-01-06,40.12,app,delivery,Completed
ORD-0201668,R-0454,2026-01-18,25.84,app,delivery,completed
ORD-0201669,R-0454,2026-01-08,48.44,web,pickup,completed
ORD-0201670,R-0454,2026-01-17,31.53,app,delivery,completed
ORD-0201671,R-0454,2026-01-04,27.20,app,delivery,completed
ORD-0201672,R-0454,2026-01-17,39.87,app,delivery,completed
ORD-0201673,R-0454,2026-01-17,31.75,web,pickup,completed
ORD-0201674,R-0454,2026-01-18,20.27,app,pickup,completed
ORD-0201675,R-0454,2026-01-03,33.10,app,delivery,completed
ORD-0201676,R-0454,2026-01-25,30.98,web,delivery,completed
ORD-0201677,R-0454,2026-01-30,34.53,app,delivery,completed
ORD-0201678,R-0454,2026-01-16,76.25,app,delivery,completed
ORD-0201679,R-0454,2026-01-09,23.00,web,delivery,completed
ORD-0201680,R-0454,2026-01-16,29.89,web,delivery,completed
ORD-0201681,R-0454,2026-01-16,17.38,web,delivery,completed
ORD-0201682,R-0454,2026-01-10,43.43,web,delivery,completed
ORD-0201683,R-0454,2026-01-07,23.16,app,delivery,completed
ORD-0201684,R-0454,2026-01-01,21.60,web,pickup,completed
ORD-0201685,R-0454,2026-01-23,19.06,web,delivery,refunded
ORD-0201686,R-0454,2026-01-28,28.21,app,delivery,completed
ORD-0201687,R-0454,2026-01-31,35.88,web,delivery,Completed
ORD-0201688,R-0454,2026-01-26,19.19,app,delivery,completed
ORD-0201689,R-0454,2026-01-27,25.78,app,pickup,completed
ORD-0201690,R-0454,2026-01-07,14.72,app,delivery,completed
ORD-0201691,R-0454,2026-01-07,37.65,app,delivery,completed
ORD-0201692,R-0454,2026-01-20,12.46,web,delivery,completed
ORD-0201693,R-0454,2026-01-03,37.80,app,pickup,completed
ORD-0201694,R-0454,2026-01-12,28.07,app,delivery,Completed
ORD-0201695,R-0454,2026-01-30,25.83,app,delivery,completed
ORD-0201696,R-0454,2026-01-01,32.09,app,delivery,completed
ORD-0201697,R-0454,2026-01-10,39.19,app,delivery,completed
ORD-0201698,R-0454,2026-01-01,16.08,web,delivery,completed
ORD-0201699,R-0454,2026-01-04,23.33,app,delivery,completed
ORD-0202685,R-0455,2026-01-28,30.81,app,delivery,completed
ORD-0202686,R-0455,2026-01-15,27.15,app,delivery,completed
ORD-0202687,R-0455,2026-01-07,20.96,app,delivery,Completed
ORD-0202688,R-0455,2026-01-09,32.19,web,delivery,cancelled
ORD-0202689,R-0455,2026-01-30,26.25,web,delivery,completed
ORD-0202690,R-0455,2026-01-02,28.10,web,delivery,completed
ORD-0202691,R-0455,2026-01-16,18.75,web,delivery,completed
ORD-0202692,R-0455,2026-01-29,23.54,web,delivery,completed
ORD-0202693,R-0455,2026-01-03,57.04,web,delivery,completed
ORD-0202694,R-0455,2026-01-24,23.66,web,delivery,completed
ORD-0202695,R-0455,2026-01-07,20.42,web,delivery,completed
ORD-0202696,R-0455,2026-01-18,26.02,web,delivery,cancelled
ORD-0202697,R-0455,2026-01-07,28.19,app,delivery,completed
ORD-0202698,R-0455,2026-01-26,33.07,web,delivery,completed
ORD-0202699,R-0455,2026-01-31,21.01,web,delivery,completed
ORD-0202700,R-0455,2026-01-24,21.20,app,delivery,completed
ORD-0202701,R-0455,2026-01-24,42.64,app,delivery,COMPLETED
ORD-0202702,R-0455,2026-01-27,32.43,web,delivery,completed
ORD-0202703,R-0455,2026-01-30,38.52,app,delivery,completed
ORD-0202704,R-0455,2026-01-16,29.98,app,delivery,completed
ORD-0202705,R-0455,2026-01-23,29.17,web,delivery,completed
ORD-0202706,R-0455,2026-01-16,18.13,app,delivery,completed
ORD-0202707,R-0455,2026-01-04,24.97,app,delivery,cancelled
ORD-0202708,R-0455,2026-01-09,23.60,app,delivery,completed
ORD-0202709,R-0455,2026-01-19,35.80,web,delivery,completed
ORD-0202710,R-0455,2026-01-21,32.78,web,pickup,Completed
ORD-0202711,R-0455,2026-01-06,26.64,web,delivery,completed
ORD-0202712,R-0455,2026-01-03,64.00,app,delivery,completed
ORD-0202713,R-0455,2026-01-24,26.61,web,delivery,completed
ORD-0202714,R-0455,2026-01-22,28.24,web,delivery,completed
ORD-0202715,R-0455,2026-01-10,26.80,web,delivery,completed
ORD-0202716,R-0455,2026-01-09,28.38,app,delivery,completed
ORD-0202717,R-0455,2026-01-17,34.99,web,delivery,completed
ORD-0202718,R-0455,2026-01-16,29.42,app,delivery,completed
ORD-0202719,R-0455,2026-01-04,32.79,app,delivery,completed
ORD-0202720,R-0455,2026-01-19,19.39,web,delivery,completed
ORD-0202721,R-0455,2026-01-04,20.00,web,delivery,COMPLETED
ORD-0202722,R-0455,2026-01-04,25.68,web,delivery,refunded
ORD-0202723,R-0455,2026-01-24,17.40,app,delivery,completed
ORD-0202724,R-0455,2026-01-07,31.10,web,delivery,COMPLETED
ORD-0202725,R-0455,2026-01-03,42.81,web,delivery,completed
ORD-0202726,R-0455,2026-01-24,22.11,web,delivery,completed
ORD-0202727,R-0455,2026-01-31,36.33,web,delivery,Completed
ORD-0202728,R-0455,2026-01-11,25.95,web,delivery,completed
ORD-0202729,R-0455,2026-01-16,29.70,app,delivery,completed
ORD-0202730,R-0455,2026-01-17,22.62,web,delivery,COMPLETED
ORD-0202731,R-0455,2026-01-19,16.92,web,delivery,completed
ORD-0202732,R-0455,2026-01-14,23.03,app,delivery,completed
ORD-0202733,R-0455,2026-01-02,30.01,app,delivery,completed
ORD-0202734,R-0455,2026-01-17,38.98,web,delivery,completed
ORD-0202735,R-0455,2026-01-22,27.17,web,delivery,COMPLETED
ORD-0202736,R-0455,2026-01-08,29.44,app,delivery,completed
ORD-0202737,R-0455,2026-01-03,46.37,web,delivery,completed
ORD-0202738,R-0455,2026-01-13,28.64,app,delivery,CANCELLED
ORD-0202739,R-0455,2026-01-10,19.39,web,delivery,completed
ORD-0202740,R-0455,2026-01-24,38.89,app,delivery,completed
ORD-0202741,R-0455,2026-01-31,37.06,web,pickup,COMPLETED
ORD-0202742,R-0455,2026-01-17,21.10,web,delivery,completed
ORD-0202743,R-0455,2026-01-05,21.07,app,delivery,completed
ORD-0202744,R-0455,2026-01-10,22.78,app,delivery,completed
ORD-0202745,R-0455,2026-01-30,37.10,app,delivery,completed
ORD-0202746,R-0455,2026-01-11,23.17,web,delivery,completed
ORD-0202747,R-0455,2026-01-06,25.69,web,delivery,completed
ORD-0202748,R-0455,2026-01-17,18.45,web,delivery,completed
ORD-0202749,R-0455,2026-01-03,26.39,web,delivery,completed
ORD-0202750,R-0455,2026-01-01,39.05,app,delivery,completed
ORD-0202751,R-0455,2026-01-21,25.19,app,delivery,completed
ORD-0202752,R-0455,2026-01-09,28.63,app,delivery,completed
ORD-0202753,R-0455,2026-01-22,14.85,app,delivery,completed
ORD-0202754,R-0455,2026-01-30,26.10,web,delivery,completed
ORD-0202755,R-0455,2026-01-22,28.75,app,delivery,completed
ORD-0202756,R-0455,2026-01-18,20.06,web,delivery,completed
ORD-0202757,R-0455,2026-01-17,36.18,app,delivery,completed
ORD-0202758,R-0455,2026-01-10,28.37,app,pickup,completed
ORD-0202759,R-0455,2026-01-01,20.92,app,delivery,completed
ORD-0202760,R-0455,2026-01-14,11.39,web,delivery,completed
ORD-0202761,R-0455,2026-01-15,36.87,app,pickup,completed
ORD-0202762,R-0455,2026-01-18,30.16,app,delivery,completed
ORD-0202763,R-0455,2026-01-09,47.63,app,delivery,completed
ORD-0202764,R-0455,2026-01-16,30.69,app,delivery,completed
ORD-0202765,R-0455,2026-01-21,39.68,app,delivery,completed
ORD-0202766,R-0455,2026-01-30,19.31,web,delivery,completed
ORD-0202767,R-0455,2026-01-15,33.77,app,delivery,completed
ORD-0202768,R-0455,2026-01-01,32.11,app,delivery,completed
ORD-0202769,R-0455,2026-01-17,24.16,web,delivery,completed
ORD-0202770,R-0455,2026-01-16,34.22,app,pickup,completed
ORD-0202771,R-0455,2026-01-05,26.95,web,delivery,completed
ORD-0202772,R-0455,2026-01-19,9.88,app,delivery,completed
ORD-0202773,R-0455,2026-01-22,36.18,app,delivery,completed
ORD-0202774,R-0455,2026-01-05,16.16,web,delivery,completed
ORD-0202775,R-0455,2026-01-08,21.02,app,delivery,completed
ORD-0202776,R-0455,2026-01-02,32.17,web,pickup,cancelled
ORD-0202777,R-0455,2026-01-07,20.39,app,delivery,completed
ORD-0202778,R-0455,2026-01-20,36.53,web,delivery,completed
ORD-0202779,R-0455,2026-01-31,50.48,web,delivery,completed
ORD-0202780,R-0455,2026-01-03,21.95,app,delivery,completed
ORD-0202781,R-0455,2026-01-09,34.74,web,delivery,COMPLETED
ORD-0202782,R-0455,2026-01-31,30.36,app,delivery,completed
ORD-0202783,R-0455,2026-01-07,43.69,web,delivery,completed
ORD-0202784,R-0455,2026-01-29,30.10,app,delivery,completed
ORD-0202785,R-0455,2026-01-20,18.39,app,delivery,refunded
ORD-0202786,R-0455,2026-01-02,17.66,web,delivery,completed
ORD-0202787,R-0455,2026-01-05,23.49,app,delivery,completed
ORD-0202788,R-0455,2026-01-07,17.24,web,pickup,completed
ORD-0202789,R-0455,2026-01-04,28.06,app,delivery,completed
ORD-0202790,R-0455,2026-01-16,23.67,web,delivery,completed
ORD-0202791,R-0455,2026-01-28,38.06,web,pickup,completed
ORD-0202792,R-0455,2026-01-11,36.98,web,delivery,completed
ORD-0202793,R-0455,2026-01-06,18.75,app,delivery,completed
ORD-0202794,R-0455,2026-01-29,27.50,web,delivery,completed
ORD-0202795,R-0455,2026-01-26,28.58,app,delivery,completed
ORD-0202796,R-0455,2026-01-25,29.16,app,delivery,COMPLETED
ORD-0202797,R-0455,2026-01-28,20.15,app,delivery,completed
ORD-0202798,R-0455,2026-01-29,24.36,web,delivery,Completed
ORD-0202799,R-0455,2026-01-18,40.84,web,delivery,completed
ORD-0202800,R-0455,2026-01-25,36.16,app,delivery,completed
ORD-0204003,R-0457,2026-01-02,27.51,web,pickup,completed
ORD-0204004,R-0457,2026-01-11,50.17,web,delivery,completed
ORD-0204005,R-0457,2026-01-29,25.67,web,pickup,completed
ORD-0204006,R-0457,2026-01-13,32.63,app,delivery,completed
ORD-0204007,R-0457,2026-01-05,59.06,app,delivery,completed
ORD-0204008,R-0457,2026-01-01,16.32,web,delivery,completed
ORD-0204009,R-0457,2026-01-26,14.69,web,delivery,completed
ORD-0204010,R-0457,2026-01-08,38.80,web,delivery,completed
ORD-0204011,R-0457,2026-01-06,20.61,web,delivery,completed
ORD-0204012,R-0457,2026-01-12,21.69,web,delivery,completed
ORD-0204013,R-0457,2026-01-02,19.30,app,delivery,completed
ORD-0204014,R-0457,2026-01-21,39.72,app,pickup,completed
ORD-0204015,R-0457,2026-01-21,22.15,web,delivery,COMPLETED
ORD-0204016,R-0457,2026-01-17,78.41,web,pickup,completed
ORD-0204017,R-0457,2026-01-17,27.05,app,delivery,COMPLETED
ORD-0204018,R-0457,2026-01-23,14.92,web,delivery,completed
ORD-0204019,R-0457,2026-01-18,29.37,app,delivery,completed
ORD-0204020,R-0457,2026-01-22,21.18,app,delivery,completed
ORD-0204021,R-0457,2026-01-29,15.94,app,delivery,completed
ORD-0204022,R-0457,2026-01-13,13.97,app,delivery,completed
ORD-0204023,R-0457,2026-01-25,31.27,web,delivery,completed
ORD-0204024,R-0457,2026-01-05,20.76,app,pickup,completed
ORD-0204025,R-0457,2026-01-16,54.31,app,delivery,completed
ORD-0204026,R-0457,2026-01-17,24.47,app,delivery,completed
ORD-0204027,R-0457,2026-01-17,26.47,app,delivery,Cancelled
ORD-0204028,R-0457,2026-01-06,39.95,web,delivery,completed
ORD-0204029,R-0457,2026-01-31,13.63,web,delivery,completed
ORD-0204030,R-0457,2026-01-13,21.76,web,delivery,completed
ORD-0204031,R-0457,2026-01-27,14.11,web,delivery,completed
ORD-0204032,R-0457,2026-01-20,16.99,app,delivery,completed
ORD-0204033,R-0457,2026-01-03,15.87,web,pickup,completed
ORD-0204034,R-0457,2026-01-04,25.57,web,pickup,completed
ORD-0204035,R-0457,2026-01-16,45.72,app,delivery,completed
ORD-0204036,R-0457,2026-01-11,52.13,web,delivery,completed
ORD-0204037,R-0457,2026-01-04,24.87,web,delivery,Completed
ORD-0204038,R-0457,2026-01-25,23.44,app,delivery,completed
ORD-0204039,R-0457,2026-01-19,15.50,app,delivery,completed
ORD-0204040,R-0457,2026-01-31,53.10,app,delivery,COMPLETED
ORD-0204041,R-0457,2026-01-14,47.81,app,delivery,Completed
ORD-0204042,R-0457,2026-01-03,31.25,web,delivery,completed
ORD-0204043,R-0457,2026-01-23,58.91,web,delivery,completed
ORD-0204044,R-0457,2026-01-11,39.42,app,delivery,completed
ORD-0204045,R-0457,2026-01-31,30.00,web,delivery,completed
ORD-0204046,R-0457,2026-01-05,39.29,app,delivery,completed
ORD-0204047,R-0457,2026-01-30,48.53,web,delivery,completed
ORD-0204048,R-0457,2026-01-02,49.11,web,delivery,completed
ORD-0204049,R-0457,2026-01-27,28.76,app,delivery,Completed
ORD-0204050,R-0457,2026-01-05,24.40,app,delivery,completed
ORD-0204051,R-0457,2026-01-19,17.75,web,delivery,completed
ORD-0204052,R-0457,2026-01-16,32.44,app,delivery,completed
ORD-0204053,R-0457,2026-01-17,21.75,web,delivery,completed
ORD-0204054,R-0457,2026-01-31,30.34,app,delivery,COMPLETED
ORD-0204055,R-0457,2026-01-18,36.05,web,delivery,COMPLETED
ORD-0204056,R-0457,2026-01-01,18.10,app,delivery,completed
ORD-0204057,R-0457,2026-01-29,31.06,web,delivery,Completed
ORD-0204058,R-0457,2026-01-11,18.59,web,delivery,Completed
ORD-0204059,R-0457,2026-01-27,20.89,app,delivery,completed
ORD-0204060,R-0457,2026-01-11,30.22,app,delivery,Completed
ORD-0204061,R-0457,2026-01-27,37.50,web,pickup,completed
ORD-0204062,R-0457,2026-01-01,29.04,app,delivery,completed
ORD-0204063,R-0457,2026-01-16,42.74,web,delivery,completed
ORD-0204064,R-0457,2026-01-11,24.87,web,delivery,completed
ORD-0204065,R-0457,2026-01-02,16.36,web,delivery,completed
ORD-0204066,R-0457,2026-01-22,30.16,web,delivery,completed
ORD-0204985,R-0462,2026-01-09,29.07,web,delivery,completed
ORD-0204986,R-0462,2026-01-15,13.52,web,delivery,completed
ORD-0204987,R-0462,2026-01-26,34.10,web,delivery,completed
ORD-0204988,R-0462,2026-01-10,30.81,app,pickup,completed
ORD-0204989,R-0462,2026-01-16,35.30,app,pickup,completed
ORD-0204990,R-0462,2026-01-12,15.44,app,pickup,cancelled
ORD-0204991,R-0462,2026-01-03,24.35,app,pickup,completed
ORD-0204992,R-0462,2026-01-03,41.94,web,pickup,completed
ORD-0204993,R-0462,2026-01-02,15.51,web,delivery,completed
ORD-0204994,R-0462,2026-01-07,22.33,app,delivery,completed
ORD-0204995,R-0462,2026-01-30,48.88,app,pickup,completed
ORD-0204996,R-0462,2026-01-31,50.27,app,delivery,completed
ORD-0204997,R-0462,2026-01-20,39.99,app,pickup,completed
ORD-0204998,R-0462,2026-01-09,20.71,web,pickup,completed
ORD-0204999,R-0462,2026-01-19,16.11,app,pickup,completed
ORD-0205000,R-0462,2026-01-02,43.71,app,delivery,completed
ORD-0205001,R-0462,2026-01-08,37.15,web,delivery,completed
ORD-0205002,R-0462,2026-01-17,34.14,app,pickup,completed
ORD-0205003,R-0462,2026-01-09,22.96,app,pickup,completed
ORD-0205004,R-0462,2026-01-06,27.83,app,pickup,Completed
ORD-0205005,R-0462,2026-01-12,56.91,web,pickup,completed
ORD-0205006,R-0462,2026-01-07,27.59,app,delivery,completed
ORD-0205007,R-0462,2026-01-17,20.01,app,pickup,completed
ORD-0205008,R-0462,2026-01-07,16.96,web,delivery,cancelled
ORD-0205009,R-0462,2026-01-03,23.97,app,delivery,completed
ORD-0205010,R-0462,2026-01-02,22.63,app,pickup,Completed
ORD-0205011,R-0462,2026-01-09,20.23,web,pickup,completed
ORD-0205012,R-0462,2026-01-24,12.05,app,delivery,completed
ORD-0205013,R-0462,2026-01-10,16.95,app,pickup,completed
ORD-0205014,R-0462,2026-01-17,33.62,app,delivery,refunded
ORD-0205015,R-0462,2026-01-30,41.60,app,pickup,completed
ORD-0205016,R-0462,2026-01-23,42.49,web,delivery,COMPLETED
ORD-0205017,R-0462,2026-01-17,54.30,app,pickup,completed
ORD-0205018,R-0462,2026-01-19,31.75,app,delivery,completed
ORD-0205019,R-0462,2026-01-04,22.31,app,pickup,completed
ORD-0205020,R-0462,2026-01-21,17.68,web,pickup,completed
ORD-0205021,R-0462,2026-01-02,69.41,app,delivery,completed
ORD-0205022,R-0462,2026-01-10,32.37,web,pickup,completed
ORD-0205023,R-0462,2026-01-26,24.46,app,pickup,completed
ORD-0205024,R-0462,2026-01-10,20.49,web,pickup,completed
ORD-0205025,R-0462,2026-01-08,14.60,web,pickup,completed
ORD-0205026,R-0462,2026-01-22,14.76,app,pickup,completed
ORD-0205027,R-0462,2026-01-03,24.65,app,delivery,completed
ORD-0205028,R-0462,2026-01-16,22.19,app,pickup,completed
ORD-0205029,R-0462,2026-01-24,11.24,web,delivery,completed
ORD-0205030,R-0462,2026-01-26,20.44,web,pickup,completed
ORD-0205031,R-0462,2026-01-23,22.99,web,delivery,COMPLETED
ORD-0205032,R-0462,2026-01-24,65.63,web,pickup,completed
ORD-0205033,R-0462,2026-01-24,41.18,app,pickup,Completed
ORD-0205034,R-0462,2026-01-01,30.83,web,delivery,completed
ORD-0205035,R-0462,2026-01-11,20.47,web,pickup,completed
ORD-0205036,R-0462,2026-01-25,25.32,app,delivery,completed
ORD-0205037,R-0462,2026-01-10,60.87,web,pickup,COMPLETED
ORD-0205038,R-0462,2026-01-01,29.22,web,delivery,Completed
ORD-0205039,R-0462,2026-01-10,46.42,web,delivery,completed
ORD-0205040,R-0462,2026-01-11,61.62,app,pickup,Completed
ORD-0205041,R-0462,2026-01-16,56.48,app,pickup,completed
ORD-0205042,R-0462,2026-01-02,32.08,app,pickup,completed
ORD-0205043,R-0462,2026-01-11,51.56,app,pickup,completed
ORD-0205044,R-0462,2026-01-21,27.00,web,delivery,completed
ORD-0205045,R-0462,2026-01-17,21.72,web,pickup,completed
ORD-0205046,R-0462,2026-01-07,6.33,app,pickup,Completed
ORD-0205047,R-0462,2026-01-10,33.18,app,pickup,completed
ORD-0205048,R-0462,2026-01-09,35.69,app,pickup,completed
ORD-0205049,R-0462,2026-01-09,32.51,web,pickup,completed
ORD-0205050,R-0462,2026-01-17,29.97,web,delivery,completed
ORD-0205051,R-0462,2026-01-22,34.65,app,pickup,completed
ORD-0205052,R-0462,2026-01-28,18.87,app,pickup,completed
ORD-0205053,R-0462,2026-01-30,24.05,app,pickup,completed
ORD-0205054,R-0462,2026-01-31,15.95,web,pickup,completed
ORD-0205055,R-0462,2026-01-26,47.40,web,pickup,COMPLETED
ORD-0205056,R-0462,2026-01-31,48.74,app,pickup,completed
ORD-0205057,R-0462,2026-01-24,22.42,web,pickup,completed
ORD-0205058,R-0462,2026-01-16,55.69,app,delivery,Completed
ORD-0205059,R-0462,2026-01-02,59.59,app,pickup,completed
ORD-0205060,R-0462,2026-01-02,44.90,web,pickup,CANCELLED
ORD-0205061,R-0462,2026-01-19,32.32,app,pickup,completed
ORD-0205062,R-0462,2026-01-07,58.70,app,pickup,COMPLETED
ORD-0205063,R-0462,2026-01-03,28.86,web,pickup,completed
ORD-0205064,R-0462,2026-01-19,16.90,web,delivery,completed
ORD-0205065,R-0462,2026-01-21,14.35,app,delivery,completed
ORD-0205612,R-0463,2026-01-09,30.74,web,delivery,completed
ORD-0205613,R-0463,2026-01-30,25.50,app,delivery,completed
ORD-0205614,R-0463,2026-01-02,19.70,app,pickup,completed
ORD-0205615,R-0463,2026-01-04,33.59,app,delivery,completed
ORD-0205616,R-0463,2026-01-09,17.32,web,pickup,Completed
ORD-0205617,R-0463,2026-01-03,42.08,web,pickup,completed
ORD-0205618,R-0463,2026-01-02,31.41,web,delivery,completed
ORD-0205619,R-0463,2026-01-17,37.28,app,delivery,COMPLETED
ORD-0205620,R-0463,2026-01-14,23.46,web,pickup,completed
ORD-0205621,R-0463,2026-01-24,32.12,app,pickup,completed
ORD-0205622,R-0463,2026-01-31,31.59,web,delivery,completed
ORD-0205623,R-0463,2026-01-25,20.84,web,delivery,completed
ORD-0205624,R-0463,2026-01-09,13.03,app,pickup,completed
ORD-0205625,R-0463,2026-01-24,27.67,app,delivery,completed
ORD-0205626,R-0463,2026-01-27,35.08,web,delivery,cancelled
ORD-0205627,R-0463,2026-01-30,25.33,app,delivery,completed
ORD-0205628,R-0463,2026-01-17,27.67,app,pickup,completed
ORD-0205629,R-0463,2026-01-28,32.90,app,delivery,completed
ORD-0205630,R-0463,2026-01-03,20.84,app,pickup,COMPLETED
ORD-0205631,R-0463,2026-01-27,32.58,app,pickup,completed
ORD-0205632,R-0463,2026-01-10,19.81,web,delivery,completed
ORD-0205633,R-0463,2026-01-07,25.92,app,delivery,completed
ORD-0205634,R-0463,2026-01-10,20.44,app,delivery,completed
ORD-0205635,R-0463,2026-01-05,31.38,web,pickup,completed
ORD-0205636,R-0463,2026-01-17,25.15,web,delivery,completed
ORD-0205637,R-0463,2026-01-03,30.80,app,pickup,Completed
ORD-0206193,R-0464,2026-01-02,56.67,app,delivery,completed
ORD-0206194,R-0464,2026-01-29,82.18,web,pickup,completed
ORD-0206195,R-0464,2026-01-08,57.09,app,delivery,completed
ORD-0206196,R-0464,2026-01-18,65.93,app,delivery,completed
ORD-0206197,R-0464,2026-01-28,35.19,app,delivery,refunded
ORD-0206198,R-0464,2026-01-04,38.90,web,pickup,completed
ORD-0206199,R-0464,2026-01-02,61.55,app,delivery,completed
ORD-0206200,R-0464,2026-01-23,78.63,web,pickup,completed
ORD-0206201,R-0464,2026-01-16,49.45,web,pickup,completed
ORD-0206202,R-0464,2026-01-03,36.87,app,delivery,completed
ORD-0206203,R-0464,2026-01-24,60.16,web,pickup,completed
ORD-0206204,R-0464,2026-01-25,79.52,app,pickup,completed
ORD-0206205,R-0464,2026-01-08,34.23,app,pickup,completed
ORD-0206206,R-0464,2026-01-23,34.75,app,delivery,completed
ORD-0206207,R-0464,2026-01-18,54.04,app,pickup,completed
ORD-0206208,R-0464,2026-01-11,41.61,app,pickup,Completed
ORD-0206209,R-0464,2026-01-17,97.24,app,pickup,completed
ORD-0206210,R-0464,2026-01-19,74.55,app,pickup,completed
ORD-0206211,R-0464,2026-01-30,57.00,web,pickup,completed
ORD-0206212,R-0464,2026-01-08,33.16,app,delivery,Completed
ORD-0206213,R-0464,2026-01-03,83.84,app,delivery,completed
ORD-0206214,R-0464,2026-01-10,52.70,app,pickup,completed
ORD-0206215,R-0464,2026-01-06,55.66,app,pickup,completed
ORD-0206216,R-0464,2026-01-09,48.69,web,delivery,completed
ORD-0206217,R-0464,2026-01-06,40.80,app,delivery,completed
ORD-0206218,R-0464,2026-01-10,80.16,app,pickup,COMPLETED
ORD-0206219,R-0464,2026-01-09,95.43,app,delivery,completed
ORD-0206220,R-0464,2026-01-21,40.96,app,delivery,completed
ORD-0206221,R-0464,2026-01-05,79.90,app,pickup,completed
ORD-0206222,R-0464,2026-01-29,34.94,web,pickup,completed
ORD-0206223,R-0464,2026-01-31,62.43,app,pickup,completed
ORD-0206224,R-0464,2026-01-29,62.31,web,pickup,COMPLETED
ORD-0206225,R-0464,2026-01-31,53.86,app,delivery,cancelled
ORD-0206226,R-0464,2026-01-24,22.87,app,pickup,completed
ORD-0206227,R-0464,2026-01-25,54.49,app,delivery,completed
ORD-0206228,R-0464,2026-01-08,35.82,app,delivery,completed
ORD-0206229,R-0464,2026-01-29,54.04,web,pickup,Completed
ORD-0207042,R-0466,2026-01-11,23.19,web,delivery,completed
ORD-0207043,R-0466,2026-01-22,25.34,web,delivery,completed
ORD-0207044,R-0466,2026-01-20,28.47,web,delivery,completed
ORD-0207045,R-0466,2026-01-23,31.35,web,delivery,completed
ORD-0207046,R-0466,2026-01-11,25.99,web,delivery,completed
ORD-0207047,R-0466,2026-01-22,46.02,web,delivery,completed
ORD-0207048,R-0466,2026-01-13,22.56,app,delivery,completed
ORD-0207049,R-0466,2026-01-14,29.57,web,delivery,cancelled
ORD-0207050,R-0466,2026-01-21,28.32,app,delivery,completed
ORD-0207051,R-0466,2026-01-23,42.90,web,delivery,cancelled
ORD-0207052,R-0466,2026-01-10,18.15,app,pickup,completed
ORD-0207053,R-0466,2026-01-23,23.50,web,delivery,completed
ORD-0207054,R-0466,2026-01-22,27.75,web,delivery,completed
ORD-0207055,R-0466,2026-01-19,28.76,web,delivery,completed
ORD-0207056,R-0466,2026-01-25,18.61,web,delivery,Completed
ORD-0207057,R-0466,2026-01-31,36.44,web,delivery,COMPLETED
ORD-0207058,R-0466,2026-01-23,24.21,app,delivery,completed
ORD-0207059,R-0466,2026-01-11,16.79,web,delivery,completed
ORD-0207060,R-0466,2026-01-22,38.12,web,delivery,completed
ORD-0207061,R-0466,2026-01-27,27.80,app,pickup,completed
ORD-0207062,R-0466,2026-01-14,30.78,app,pickup,completed
ORD-0207063,R-0466,2026-01-31,30.99,app,delivery,completed
ORD-0207064,R-0466,2026-01-16,15.87,web,delivery,completed
ORD-0207065,R-0466,2026-01-24,36.31,web,delivery,completed
ORD-0207066,R-0466,2026-01-25,43.20,web,delivery,completed
ORD-0207067,R-0466,2026-01-12,22.30,web,delivery,completed
ORD-0207068,R-0466,2026-01-30,15.24,web,pickup,completed
ORD-0207069,R-0466,2026-01-25,27.13,web,delivery,completed
ORD-0207070,R-0466,2026-01-06,22.94,web,delivery,completed
ORD-0207071,R-0466,2026-01-19,27.14,app,delivery,Completed
ORD-0207072,R-0466,2026-01-23,25.38,app,pickup,completed
ORD-0207073,R-0466,2026-01-28,18.27,app,delivery,completed
ORD-0207074,R-0466,2026-01-07,31.23,web,delivery,completed
ORD-0207159,R-0468,2026-01-12,57.72,web,pickup,completed
ORD-0207160,R-0468,2026-01-09,64.98,web,pickup,completed
ORD-0207161,R-0468,2026-01-29,25.84,web,delivery,completed
ORD-0207162,R-0468,2026-01-09,24.67,web,delivery,completed
ORD-0207163,R-0468,2026-01-27,36.47,web,delivery,completed
ORD-0207164,R-0468,2026-01-28,41.71,web,delivery,refunded
ORD-0207165,R-0468,2026-01-13,16.22,web,pickup,completed
ORD-0207166,R-0468,2026-01-22,25.29,web,delivery,completed
ORD-0207167,R-0468,2026-01-10,41.97,web,delivery,completed
ORD-0207168,R-0468,2026-01-18,44.15,web,delivery,completed
ORD-0207169,R-0468,2026-01-16,21.24,web,pickup,completed
ORD-0207298,R-0469,2026-01-20,28.23,web,delivery,completed
ORD-0207299,R-0469,2026-01-31,28.40,app,pickup,completed
ORD-0207300,R-0469,2026-01-06,60.14,web,pickup,completed
ORD-0207301,R-0469,2026-01-14,23.05,web,pickup,completed
ORD-0207302,R-0469,2026-01-01,20.57,app,pickup,completed
ORD-0207303,R-0469,2026-01-28,27.50,web,pickup,completed
ORD-0207304,R-0469,2026-01-24,19.12,app,pickup,completed
ORD-0207305,R-0469,2026-01-14,29.75,web,delivery,completed
ORD-0207306,R-0469,2026-01-08,34.04,app,delivery,COMPLETED
ORD-0207307,R-0469,2026-01-14,42.51,web,delivery,completed
ORD-0207308,R-0469,2026-01-19,14.86,web,pickup,refunded
ORD-0207309,R-0469,2026-01-18,25.57,app,pickup,completed
ORD-0207310,R-0469,2026-01-16,34.85,app,delivery,completed
ORD-0207311,R-0469,2026-01-11,31.24,app,delivery,Completed
ORD-0207312,R-0469,2026-01-13,32.69,app,pickup,completed
ORD-0207313,R-0469,2026-01-04,26.59,app,pickup,completed
ORD-0207314,R-0469,2026-01-16,32.69,web,pickup,completed
ORD-0207315,R-0469,2026-01-21,20.31,web,pickup,completed
ORD-0207316,R-0469,2026-01-04,36.24,web,pickup,cancelled
ORD-0207317,R-0469,2026-01-08,39.07,app,pickup,completed
ORD-0207318,R-0469,2026-01-15,37.47,app,pickup,completed
ORD-0207319,R-0469,2026-01-02,29.42,web,pickup,Cancelled
ORD-0207320,R-0469,2026-01-29,18.11,web,pickup,completed
ORD-0207321,R-0469,2026-01-19,35.80,app,pickup,completed
ORD-0207322,R-0469,2026-01-01,32.77,app,pickup,completed
ORD-0207323,R-0469,2026-01-24,24.41,app,delivery,cancelled
ORD-0207324,R-0469,2026-01-05,26.19,app,pickup,completed
ORD-0207325,R-0469,2026-01-09,28.14,app,delivery,completed
ORD-0207326,R-0469,2026-01-09,43.08,web,delivery,completed
ORD-0207327,R-0469,2026-01-28,27.00,app,delivery,completed
ORD-0207328,R-0469,2026-01-23,29.66,web,pickup,completed
ORD-0207329,R-0469,2026-01-26,25.34,app,delivery,completed
ORD-0207330,R-0469,2026-01-10,49.91,app,delivery,completed
ORD-0207331,R-0469,2026-01-24,42.46,app,pickup,completed
ORD-0207332,R-0469,2026-01-17,36.20,app,delivery,completed
ORD-0207333,R-0469,2026-01-16,32.24,web,delivery,CANCELLED
ORD-0207334,R-0469,2026-01-20,31.40,web,delivery,completed
ORD-0207335,R-0469,2026-01-17,41.50,app,pickup,completed
ORD-0207336,R-0469,2026-01-23,33.72,web,delivery,completed
ORD-0207337,R-0469,2026-01-18,44.06,web,delivery,completed
ORD-0207338,R-0469,2026-01-13,41.84,app,pickup,completed
ORD-0207716,R-0470,2026-01-31,27.00,app,delivery,completed
ORD-0207717,R-0470,2026-01-29,14.62,web,delivery,completed
ORD-0207718,R-0470,2026-01-30,12.41,app,delivery,completed
ORD-0207719,R-0470,2026-01-25,20.22,web,delivery,completed
ORD-0207720,R-0470,2026-01-23,16.65,app,delivery,completed
ORD-0207721,R-0470,2026-01-26,16.05,app,delivery,completed
ORD-0207722,R-0470,2026-01-08,28.37,app,pickup,completed
ORD-0207723,R-0470,2026-01-12,7.79,app,delivery,completed
ORD-0207724,R-0470,2026-01-09,27.76,web,pickup,COMPLETED
ORD-0207725,R-0470,2026-01-06,28.67,app,pickup,Completed
ORD-0207726,R-0470,2026-01-12,41.21,app,delivery,completed
ORD-0207727,R-0470,2026-01-01,19.42,app,delivery,completed
ORD-0207728,R-0470,2026-01-09,37.50,app,delivery,completed
ORD-0207729,R-0470,2026-01-07,31.24,web,delivery,completed
ORD-0207730,R-0470,2026-01-03,29.01,app,delivery,completed
ORD-0208379,R-0472,2026-01-14,39.99,app,pickup,completed
ORD-0208380,R-0472,2026-01-21,30.21,app,pickup,completed
ORD-0208381,R-0472,2026-01-14,26.60,app,delivery,cancelled
ORD-0208382,R-0472,2026-01-13,21.43,app,delivery,completed
ORD-0208383,R-0472,2026-01-07,19.03,web,pickup,completed
ORD-0208384,R-0472,2026-01-08,22.57,web,delivery,completed
ORD-0208385,R-0472,2026-01-03,15.73,web,delivery,completed
ORD-0208386,R-0472,2026-01-24,50.17,web,pickup,completed
ORD-0208387,R-0472,2026-01-12,25.02,web,delivery,completed
ORD-0208388,R-0472,2026-01-29,18.99,web,pickup,completed
ORD-0208389,R-0472,2026-01-26,15.43,web,pickup,completed
ORD-0208390,R-0472,2026-01-09,11.73,app,delivery,Completed
ORD-0208391,R-0472,2026-01-27,53.59,web,pickup,completed
ORD-0208392,R-0472,2026-01-18,27.27,app,delivery,Completed
ORD-0208393,R-0472,2026-01-24,24.64,web,delivery,completed
ORD-0208394,R-0472,2026-01-29,30.58,app,delivery,COMPLETED
ORD-0208395,R-0472,2026-01-07,26.87,app,pickup,completed
ORD-0208396,R-0472,2026-01-14,13.92,web,delivery,completed
ORD-0208397,R-0472,2026-01-23,30.19,app,delivery,completed
ORD-0208398,R-0472,2026-01-02,15.30,app,delivery,COMPLETED
ORD-0208399,R-0472,2026-01-14,19.40,app,delivery,completed
ORD-0208400,R-0472,2026-01-06,15.58,web,delivery,completed
ORD-0208401,R-0472,2026-01-06,49.16,app,delivery,completed
ORD-0208402,R-0472,2026-01-25,42.13,web,delivery,completed
ORD-0208403,R-0472,2026-01-12,29.44,app,delivery,completed
ORD-0208404,R-0472,2026-01-11,35.66,app,pickup,completed
ORD-0208405,R-0472,2026-01-12,18.36,app,delivery,completed
ORD-0208406,R-0472,2026-01-13,16.42,app,delivery,completed
ORD-0208407,R-0472,2026-01-18,27.13,app,delivery,completed
ORD-0208408,R-0472,2026-01-02,24.64,web,pickup,completed
ORD-0208409,R-0472,2026-01-11,24.95,web,delivery,Completed
ORD-0208410,R-0472,2026-01-13,41.78,app,delivery,COMPLETED
ORD-0208411,R-0472,2026-01-03,51.56,web,delivery,completed
ORD-0208412,R-0472,2026-01-14,38.35,app,delivery,completed
ORD-0208413,R-0472,2026-01-16,33.83,app,delivery,completed
ORD-0208414,R-0472,2026-01-09,21.28,app,pickup,completed
ORD-0208415,R-0472,2026-01-23,20.43,web,delivery,Completed
ORD-0208416,R-0472,2026-01-16,40.91,app,delivery,completed
ORD-0208417,R-0472,2026-01-17,13.97,app,pickup,refunded
ORD-0208418,R-0472,2026-01-17,30.74,app,delivery,completed
ORD-0208419,R-0472,2026-01-17,36.39,app,delivery,completed
ORD-0208420,R-0472,2026-01-26,58.35,app,delivery,completed
ORD-0209321,R-0476,2026-01-30,23.44,web,delivery,completed
ORD-0209322,R-0476,2026-01-10,19.61,app,delivery,completed
ORD-0209323,R-0476,2026-01-02,26.80,app,delivery,completed
ORD-0209324,R-0476,2026-01-03,28.83,web,pickup,completed
ORD-0209325,R-0476,2026-01-15,12.08,web,pickup,Completed
ORD-0209326,R-0476,2026-01-03,15.65,app,delivery,completed
ORD-0209327,R-0476,2026-01-29,27.02,app,delivery,completed
ORD-0209328,R-0476,2026-01-23,16.62,web,delivery,completed
ORD-0209329,R-0476,2026-01-30,19.99,app,pickup,completed
ORD-0209330,R-0476,2026-01-02,27.68,web,delivery,completed
ORD-0209331,R-0476,2026-01-23,19.84,web,delivery,COMPLETED
ORD-0209332,R-0476,2026-01-03,36.72,web,delivery,completed
ORD-0209333,R-0476,2026-01-28,29.18,app,delivery,completed
ORD-0209334,R-0476,2026-01-13,24.86,app,pickup,completed
ORD-0209335,R-0476,2026-01-16,20.06,app,delivery,completed
ORD-0209336,R-0476,2026-01-19,18.91,web,delivery,completed
ORD-0209337,R-0476,2026-01-22,35.50,web,pickup,completed
ORD-0209338,R-0476,2026-01-21,24.50,web,delivery,completed
ORD-0209339,R-0476,2026-01-14,30.02,web,delivery,completed
ORD-0209340,R-0476,2026-01-26,21.41,web,pickup,completed
ORD-0209341,R-0476,2026-01-30,31.36,web,delivery,completed
ORD-0209342,R-0476,2026-01-15,21.58,web,delivery,completed
ORD-0209343,R-0476,2026-01-31,16.37,app,delivery,completed
ORD-0209344,R-0476,2026-01-16,18.31,app,delivery,completed
ORD-0209345,R-0476,2026-01-31,15.94,app,delivery,completed
ORD-0209346,R-0476,2026-01-10,26.95,web,pickup,completed
ORD-0209347,R-0476,2026-01-15,18.23,app,delivery,completed
ORD-0209348,R-0476,2026-01-21,15.41,web,delivery,completed
ORD-0209349,R-0476,2026-01-31,20.88,app,delivery,completed
ORD-0209350,R-0476,2026-01-29,19.09,web,delivery,COMPLETED
ORD-0209351,R-0476,2026-01-17,26.81,app,pickup,COMPLETED
ORD-0209352,R-0476,2026-01-17,24.72,web,delivery,completed
ORD-0209353,R-0476,2026-01-04,23.75,web,delivery,Completed
ORD-0209354,R-0476,2026-01-23,21.14,app,delivery,completed
ORD-0209355,R-0476,2026-01-28,17.71,web,pickup,completed
ORD-0209356,R-0476,2026-01-30,20.99,app,pickup,completed
ORD-0209357,R-0476,2026-01-31,19.69,web,delivery,completed
ORD-0209358,R-0476,2026-01-02,23.73,app,delivery,completed
ORD-0209359,R-0476,2026-01-23,20.11,web,delivery,completed
ORD-0209360,R-0476,2026-01-10,38.13,web,delivery,completed
ORD-0209361,R-0476,2026-01-11,18.58,web,delivery,completed
ORD-0209362,R-0476,2026-01-17,17.46,web,delivery,completed
ORD-0209363,R-0476,2026-01-24,35.81,web,delivery,completed
ORD-0209364,R-0476,2026-01-09,23.97,app,delivery,completed
ORD-0209365,R-0476,2026-01-25,20.53,web,pickup,completed
ORD-0209366,R-0476,2026-01-31,23.41,web,pickup,completed
ORD-0209367,R-0476,2026-01-01,14.94,app,pickup,completed
ORD-0209368,R-0476,2026-01-15,17.31,app,delivery,completed
ORD-0209369,R-0476,2026-01-24,31.11,web,delivery,completed
ORD-0209370,R-0476,2026-01-10,17.29,web,delivery,completed
ORD-0209371,R-0476,2026-01-10,19.17,web,pickup,completed
ORD-0209372,R-0476,2026-01-25,15.16,web,delivery,completed
ORD-0209373,R-0476,2026-01-14,13.13,app,delivery,COMPLETED
ORD-0209374,R-0476,2026-01-04,24.78,app,pickup,completed
ORD-0209375,R-0476,2026-01-06,22.17,app,pickup,COMPLETED
ORD-0209376,R-0476,2026-01-19,26.19,app,delivery,completed
ORD-0209377,R-0476,2026-01-21,31.97,web,delivery,completed
ORD-0209378,R-0476,2026-01-18,27.71,web,delivery,completed
ORD-0209379,R-0476,2026-01-09,35.84,web,delivery,completed
ORD-0209380,R-0476,2026-01-30,16.37,app,pickup,completed
ORD-0210152,R-0477,2026-01-30,38.08,web,delivery,completed
ORD-0210153,R-0477,2026-01-23,22.43,web,pickup,Completed
ORD-0210154,R-0477,2026-01-23,49.97,app,pickup,completed
ORD-0210155,R-0477,2026-01-21,31.39,app,pickup,completed
ORD-0210156,R-0477,2026-01-07,33.89,web,pickup,completed
ORD-0210157,R-0477,2026-01-14,23.41,app,pickup,completed
ORD-0210158,R-0477,2026-01-25,29.98,app,pickup,completed
ORD-0210159,R-0477,2026-01-17,15.66,web,pickup,Completed
ORD-0210160,R-0477,2026-01-10,19.42,web,pickup,COMPLETED
ORD-0210161,R-0477,2026-01-31,13.69,web,pickup,completed
ORD-0210162,R-0477,2026-01-10,14.98,app,pickup,Completed
ORD-0210163,R-0477,2026-01-25,31.51,web,delivery,refunded
ORD-0210164,R-0477,2026-01-04,18.20,app,pickup,completed
ORD-0210165,R-0477,2026-01-13,19.27,app,delivery,completed
ORD-0210166,R-0477,2026-01-30,20.57,web,delivery,completed
ORD-0210167,R-0477,2026-01-23,21.53,web,delivery,completed
ORD-0210168,R-0477,2026-01-05,19.95,app,pickup,completed
ORD-0210169,R-0477,2026-01-26,16.52,web,pickup,completed
ORD-0210170,R-0477,2026-01-31,12.20,web,pickup,completed
ORD-0210171,R-0477,2026-01-11,30.26,web,pickup,completed
ORD-0210749,R-0482,2026-01-19,34.51,app,delivery,completed
ORD-0210750,R-0482,2026-01-21,47.83,app,delivery,completed
ORD-0210751,R-0482,2026-01-15,18.27,app,delivery,completed
ORD-0210752,R-0482,2026-01-03,53.61,app,pickup,completed
ORD-0210753,R-0482,2026-01-25,36.72,app,delivery,completed
ORD-0210754,R-0482,2026-01-10,61.40,web,delivery,completed
ORD-0210755,R-0482,2026-01-17,46.67,app,delivery,completed
ORD-0210756,R-0482,2026-01-02,52.90,app,pickup,completed
ORD-0210757,R-0482,2026-01-28,23.95,web,delivery,completed
ORD-0210758,R-0482,2026-01-19,33.41,app,delivery,completed
ORD-0210759,R-0482,2026-01-31,30.70,app,delivery,completed
ORD-0210760,R-0482,2026-01-10,45.93,app,delivery,completed
ORD-0210761,R-0482,2026-01-27,21.46,web,delivery,completed
ORD-0210762,R-0482,2026-01-17,23.74,app,pickup,completed
ORD-0210763,R-0482,2026-01-26,31.26,web,delivery,completed
ORD-0210764,R-0482,2026-01-25,27.00,app,pickup,Completed
ORD-0210947,R-0484,2026-01-31,7.92,web,delivery,completed
ORD-0210948,R-0484,2026-01-11,20.48,web,pickup,COMPLETED
ORD-0210949,R-0484,2026-01-08,19.73,web,delivery,completed
ORD-0210950,R-0484,2026-01-16,16.86,web,pickup,completed
ORD-0210951,R-0484,2026-01-09,37.17,web,pickup,completed
ORD-0211156,R-0486,2026-01-05,21.43,app,delivery,completed
ORD-0211157,R-0486,2026-01-06,19.45,web,pickup,completed
ORD-0211158,R-0486,2026-01-13,15.89,web,delivery,completed
ORD-0211159,R-0486,2026-01-24,12.95,web,delivery,completed
ORD-0211160,R-0486,2026-01-08,19.62,app,delivery,completed
ORD-0211161,R-0486,2026-01-26,12.24,web,delivery,completed
ORD-0211162,R-0486,2026-01-25,11.85,web,delivery,completed
ORD-0211163,R-0486,2026-01-12,28.09,app,pickup,COMPLETED
ORD-0211164,R-0486,2026-01-26,31.91,web,delivery,completed
ORD-0211165,R-0486,2026-01-26,19.63,app,pickup,completed
ORD-0211166,R-0486,2026-01-31,20.01,web,pickup,completed
ORD-0211167,R-0486,2026-01-30,12.40,web,pickup,completed
ORD-0211168,R-0486,2026-01-15,26.89,web,pickup,completed
ORD-0211169,R-0486,2026-01-24,29.43,app,pickup,completed
ORD-0211170,R-0486,2026-01-09,29.69,web,delivery,completed
ORD-0211171,R-0486,2026-01-18,24.44,app,pickup,completed
ORD-0211172,R-0486,2026-01-16,26.08,app,delivery,COMPLETED
ORD-0211173,R-0486,2026-01-05,75.18,web,pickup,completed
ORD-0211174,R-0486,2026-01-17,16.70,web,pickup,completed
ORD-0211175,R-0486,2026-01-01,18.13,web,delivery,COMPLETED
ORD-0211176,R-0486,2026-01-24,17.45,app,pickup,completed
ORD-0211177,R-0486,2026-01-16,14.79,web,delivery,completed
ORD-0211178,R-0486,2026-01-27,15.94,web,pickup,completed
ORD-0211179,R-0486,2026-01-24,10.92,web,delivery,Completed
ORD-0211180,R-0486,2026-01-02,18.48,app,pickup,completed
ORD-0211181,R-0486,2026-01-16,10.73,web,pickup,completed
ORD-0211182,R-0486,2026-01-28,6.91,web,pickup,completed
ORD-0211183,R-0486,2026-01-09,13.91,web,pickup,COMPLETED
ORD-0211184,R-0486,2026-01-31,23.95,app,delivery,Completed
ORD-0211185,R-0486,2026-01-29,26.67,web,pickup,Completed
ORD-0211186,R-0486,2026-01-22,28.83,web,delivery,completed
ORD-0211187,R-0486,2026-01-31,29.34,app,pickup,completed
ORD-0211188,R-0486,2026-01-22,24.46,web,pickup,COMPLETED
ORD-0211189,R-0486,2026-01-20,36.21,web,delivery,completed
ORD-0211190,R-0486,2026-01-04,11.55,web,pickup,COMPLETED
ORD-0211191,R-0486,2026-01-31,24.04,app,delivery,cancelled
ORD-0211192,R-0486,2026-01-10,21.76,web,pickup,completed
ORD-0211193,R-0486,2026-01-16,14.12,web,delivery,completed
ORD-0211194,R-0486,2026-01-15,14.62,web,pickup,completed
ORD-0211195,R-0486,2026-01-27,16.49,app,pickup,cancelled
ORD-0211196,R-0486,2026-01-09,16.37,app,delivery,completed
ORD-0211197,R-0486,2026-01-07,12.31,app,pickup,completed
ORD-0211198,R-0486,2026-01-14,14.76,web,pickup,completed
ORD-0211199,R-0486,2026-01-01,17.72,web,delivery,completed
ORD-0211200,R-0486,2026-01-15,10.65,app,delivery,Completed
ORD-0211201,R-0486,2026-01-16,14.68,web,delivery,completed
ORD-0211202,R-0486,2026-01-10,15.70,app,delivery,completed
ORD-0211203,R-0486,2026-01-06,19.80,app,delivery,completed
ORD-0211204,R-0486,2026-01-25,20.10,app,delivery,COMPLETED
ORD-0211205,R-0486,2026-01-25,18.81,web,pickup,completed
ORD-0211206,R-0486,2026-01-28,24.87,app,delivery,completed
ORD-0211207,R-0486,2026-01-08,28.92,web,pickup,completed
ORD-0211208,R-0486,2026-01-15,25.83,app,pickup,completed
ORD-0211209,R-0486,2026-01-24,24.65,app,delivery,completed
ORD-0211210,R-0486,2026-01-10,15.90,web,delivery,completed
ORD-0211211,R-0486,2026-01-24,10.81,app,delivery,completed
ORD-0211212,R-0486,2026-01-01,11.20,web,delivery,completed
ORD-0211213,R-0486,2026-01-27,16.26,web,delivery,completed
ORD-0211214,R-0486,2026-01-11,24.03,app,delivery,completed
ORD-0211215,R-0486,2026-01-18,17.25,app,delivery,completed
ORD-0211216,R-0486,2026-01-01,37.24,web,delivery,completed
ORD-0211217,R-0486,2026-01-24,15.71,web,pickup,completed
ORD-0211218,R-0486,2026-01-12,9.13,web,delivery,completed
ORD-0211219,R-0486,2026-01-07,25.29,web,delivery,completed
ORD-0211220,R-0486,2026-01-25,20.97,web,delivery,Completed
ORD-0211221,R-0486,2026-01-08,33.02,web,pickup,completed
ORD-0211222,R-0486,2026-01-24,12.46,web,delivery,completed
ORD-0211223,R-0486,2026-01-08,14.64,web,delivery,completed
ORD-0211224,R-0486,2026-01-24,7.48,app,pickup,CANCELLED
ORD-0211225,R-0486,2026-01-31,17.21,app,pickup,completed
ORD-0211226,R-0486,2026-01-22,18.75,app,pickup,completed
ORD-0211227,R-0486,2026-01-01,18.46,web,delivery,completed
ORD-0211228,R-0486,2026-01-27,30.38,web,pickup,completed
ORD-0212367,R-0487,2026-01-05,27.43,web,pickup,COMPLETED
ORD-0212368,R-0487,2026-01-31,40.86,web,pickup,completed
ORD-0212369,R-0487,2026-01-01,40.06,web,pickup,cancelled
ORD-0212370,R-0487,2026-01-20,19.76,web,delivery,completed
ORD-0212371,R-0487,2026-01-09,24.44,web,pickup,completed
ORD-0212372,R-0487,2026-01-08,42.24,app,delivery,completed
ORD-0212373,R-0487,2026-01-10,26.49,web,pickup,completed
ORD-0212374,R-0487,2026-01-06,66.13,app,pickup,Completed
ORD-0212375,R-0487,2026-01-13,68.43,app,pickup,completed
ORD-0212376,R-0487,2026-01-04,42.80,web,pickup,completed
ORD-0212377,R-0487,2026-01-28,54.50,app,delivery,completed
ORD-0212378,R-0487,2026-01-19,12.82,web,delivery,completed
ORD-0212379,R-0487,2026-01-21,9.35,app,pickup,completed
ORD-0212380,R-0487,2026-01-16,31.14,web,pickup,completed
ORD-0212381,R-0487,2026-01-13,26.16,web,delivery,completed
ORD-0212382,R-0487,2026-01-17,40.04,web,pickup,completed
ORD-0212383,R-0487,2026-01-24,37.00,web,delivery,completed
ORD-0212384,R-0487,2026-01-17,70.88,web,delivery,completed
ORD-0212706,R-0488,2026-01-27,18.35,web,pickup,COMPLETED
ORD-0212707,R-0488,2026-01-15,23.16,app,pickup,completed
ORD-0212708,R-0488,2026-01-15,27.82,web,pickup,completed
ORD-0212709,R-0488,2026-01-03,12.15,app,pickup,completed
ORD-0212710,R-0488,2026-01-26,35.44,app,delivery,Completed
ORD-0212711,R-0488,2026-01-11,26.42,app,pickup,completed
ORD-0212712,R-0488,2026-01-13,42.24,app,pickup,completed
ORD-0212713,R-0488,2026-01-03,18.94,web,delivery,completed
ORD-0212714,R-0488,2026-01-02,24.40,app,delivery,COMPLETED
ORD-0212715,R-0488,2026-01-03,26.91,web,pickup,completed
ORD-0212716,R-0488,2026-01-03,24.34,app,delivery,Completed
ORD-0212717,R-0488,2026-01-23,31.42,app,pickup,completed
ORD-0212718,R-0488,2026-01-23,32.64,web,pickup,completed
ORD-0212719,R-0488,2026-01-24,46.62,app,pickup,completed
ORD-0212720,R-0488,2026-01-13,35.60,app,pickup,completed
ORD-0212721,R-0488,2026-01-11,24.86,app,pickup,completed
ORD-0212722,R-0488,2026-01-03,21.10,web,delivery,completed
ORD-0212723,R-0488,2026-01-31,43.63,app,delivery,completed
ORD-0212724,R-0488,2026-01-11,23.42,app,delivery,completed
ORD-0212725,R-0488,2026-01-26,16.19,app,delivery,completed
ORD-0212726,R-0488,2026-01-30,20.52,app,delivery,completed
ORD-0212727,R-0488,2026-01-08,22.95,app,delivery,completed
ORD-0212728,R-0488,2026-01-03,22.74,app,delivery,completed
ORD-0212729,R-0488,2026-01-23,42.47,web,delivery,completed
ORD-0212730,R-0488,2026-01-29,41.73,app,pickup,refunded
ORD-0212731,R-0488,2026-01-16,23.11,web,pickup,completed
ORD-0212732,R-0488,2026-01-30,30.21,web,delivery,completed
ORD-0212733,R-0488,2026-01-21,24.13,app,pickup,completed
ORD-0212734,R-0488,2026-01-23,34.46,app,pickup,completed
ORD-0212735,R-0488,2026-01-01,43.53,app,pickup,cancelled
ORD-0212736,R-0488,2026-01-04,28.57,app,delivery,COMPLETED
ORD-0212737,R-0488,2026-01-04,59.69,app,delivery,Completed
ORD-0212738,R-0488,2026-01-06,36.14,app,delivery,completed
ORD-0212739,R-0488,2026-01-03,44.36,app,delivery,completed
ORD-0212740,R-0488,2026-01-10,21.53,web,pickup,completed
ORD-0212741,R-0488,2026-01-10,37.01,app,delivery,completed
ORD-0212742,R-0488,2026-01-08,26.74,web,delivery,completed
ORD-0212743,R-0488,2026-01-03,22.16,app,delivery,Completed
ORD-0212744,R-0488,2026-01-27,22.78,app,delivery,completed
ORD-0212745,R-0488,2026-01-12,19.48,app,delivery,completed
ORD-0212746,R-0488,2026-01-26,27.06,app,delivery,completed
ORD-0212747,R-0488,2026-01-01,34.64,app,delivery,completed
ORD-0212748,R-0488,2026-01-17,17.83,app,delivery,completed
ORD-0212749,R-0488,2026-01-05,32.37,app,pickup,completed
ORD-0213191,R-0490,2026-01-09,56.53,app,pickup,completed
ORD-0213192,R-0490,2026-01-09,47.19,app,delivery,cancelled
ORD-0213193,R-0490,2026-01-26,20.48,web,delivery,COMPLETED
ORD-0213194,R-0490,2026-01-13,35.38,app,delivery,completed
ORD-0213899,R-0491,2026-01-25,22.76,web,pickup,completed
ORD-0213900,R-0491,2026-01-09,35.76,app,delivery,completed
ORD-0213901,R-0491,2026-01-30,30.27,app,pickup,completed
ORD-0213902,R-0491,2026-01-04,20.67,web,pickup,completed
ORD-0213903,R-0491,2026-01-14,29.44,web,delivery,completed
ORD-0213904,R-0491,2026-01-07,23.87,web,pickup,completed
ORD-0213905,R-0491,2026-01-12,31.10,app,delivery,completed
ORD-0213906,R-0491,2026-01-28,18.97,app,pickup,completed
ORD-0213907,R-0491,2026-01-14,29.23,web,pickup,COMPLETED
ORD-0213908,R-0491,2026-01-16,21.15,app,pickup,completed
ORD-0213909,R-0491,2026-01-10,25.87,app,pickup,completed
ORD-0213910,R-0491,2026-01-02,27.70,web,pickup,completed
ORD-0213911,R-0491,2026-01-28,19.73,app,delivery,completed
ORD-0213912,R-0491,2026-01-07,21.93,app,pickup,completed
ORD-0213913,R-0491,2026-01-07,21.69,web,delivery,completed
ORD-0213914,R-0491,2026-01-24,25.85,web,pickup,completed
ORD-0213915,R-0491,2026-01-21,19.51,web,pickup,completed
ORD-0213916,R-0491,2026-01-20,29.62,app,pickup,Completed
ORD-0213917,R-0491,2026-01-11,44.94,web,pickup,completed
ORD-0213918,R-0491,2026-01-01,31.02,web,pickup,completed
ORD-0213919,R-0491,2026-01-01,24.06,app,delivery,completed
ORD-0213920,R-0491,2026-01-29,28.61,app,pickup,completed
ORD-0213921,R-0491,2026-01-22,30.92,web,pickup,completed
ORD-0213922,R-0491,2026-01-23,21.17,app,pickup,completed
ORD-0213923,R-0491,2026-01-29,39.45,app,pickup,completed
ORD-0213924,R-0491,2026-01-09,17.30,app,pickup,COMPLETED
ORD-0213925,R-0491,2026-01-12,23.40,app,pickup,completed
ORD-0213926,R-0491,2026-01-11,27.82,web,pickup,COMPLETED
ORD-0213927,R-0491,2026-01-15,19.43,web,delivery,Completed
ORD-0213928,R-0491,2026-01-31,46.59,web,pickup,completed
ORD-0213929,R-0491,2026-01-25,18.73,web,pickup,completed
ORD-0213930,R-0491,2026-01-26,23.12,app,pickup,completed
ORD-0213931,R-0491,2026-01-06,28.02,web,pickup,completed
ORD-0213932,R-0491,2026-01-16,33.02,app,delivery,COMPLETED
ORD-0213933,R-0491,2026-01-13,21.88,app,pickup,completed
ORD-0213934,R-0491,2026-01-05,17.43,app,pickup,completed
ORD-0213935,R-0491,2026-01-01,28.50,web,pickup,completed
ORD-0213936,R-0491,2026-01-23,33.69,web,pickup,completed
ORD-0213937,R-0491,2026-01-13,42.80,app,pickup,completed
ORD-0213938,R-0491,2026-01-10,21.92,app,delivery,completed
ORD-0215421,R-0497,2026-01-12,26.14,app,delivery,refunded
ORD-0215422,R-0497,2026-01-08,15.72,app,delivery,completed
ORD-0215423,R-0497,2026-01-22,29.33,app,delivery,completed
ORD-0215424,R-0497,2026-01-31,22.85,app,delivery,completed
ORD-0215425,R-0497,2026-01-30,28.66,app,pickup,completed
ORD-0215426,R-0497,2026-01-03,33.60,app,delivery,completed
ORD-0215427,R-0497,2026-01-09,27.36,app,delivery,completed
ORD-0215428,R-0497,2026-01-22,14.75,web,delivery,completed
ORD-0215429,R-0497,2026-01-30,35.67,web,delivery,completed
ORD-0215430,R-0497,2026-01-27,27.42,app,pickup,completed
ORD-0215431,R-0497,2026-01-09,59.17,app,delivery,completed
ORD-0215432,R-0497,2026-01-15,21.12,app,pickup,completed
ORD-0215433,R-0497,2026-01-18,27.94,app,pickup,completed
ORD-0215434,R-0497,2026-01-20,50.75,app,pickup,completed
ORD-0215435,R-0497,2026-01-01,18.11,web,pickup,completed
ORD-0215436,R-0497,2026-01-30,40.38,app,delivery,completed
ORD-0215437,R-0497,2026-01-24,28.00,app,delivery,completed
ORD-0215438,R-0497,2026-01-25,44.63,web,delivery,completed
ORD-0215439,R-0497,2026-01-31,41.77,app,delivery,completed
ORD-0215440,R-0497,2026-01-22,15.73,app,pickup,completed
ORD-0215441,R-0497,2026-01-07,18.40,web,delivery,completed
ORD-0215442,R-0497,2026-01-15,36.03,app,delivery,completed
ORD-0215443,R-0497,2026-01-29,13.64,app,delivery,Completed
ORD-0215444,R-0497,2026-01-23,47.94,app,pickup,completed
ORD-0215445,R-0497,2026-01-13,14.50,app,pickup,completed
ORD-0215446,R-0497,2026-01-11,23.08,app,delivery,completed
ORD-0215447,R-0497,2026-01-09,44.37,app,delivery,cancelled
ORD-0215448,R-0497,2026-01-23,12.70,app,delivery,completed
ORD-0215449,R-0497,2026-01-23,31.54,app,delivery,completed
ORD-0215450,R-0497,2026-01-17,31.43,app,delivery,cancelled
ORD-0215451,R-0497,2026-01-25,15.41,app,delivery,completed
ORD-0215452,R-0497,2026-01-28,67.44,web,pickup,COMPLETED
ORD-0215453,R-0497,2026-01-07,25.29,app,delivery,completed
ORD-0215454,R-0497,2026-01-01,13.61,app,delivery,completed
ORD-0215455,R-0497,2026-01-09,22.70,app,delivery,completed
ORD-0215456,R-0497,2026-01-16,27.65,web,delivery,Completed
ORD-0215457,R-0497,2026-01-02,50.08,app,pickup,completed
ORD-0215458,R-0497,2026-01-08,19.44,app,delivery,completed
ORD-0215459,R-0497,2026-01-19,11.73,app,pickup,completed
ORD-0215460,R-0497,2026-01-11,48.86,web,delivery,completed
ORD-0215461,R-0497,2026-01-02,41.95,app,pickup,completed
ORD-0215462,R-0497,2026-01-09,22.63,app,delivery,completed
ORD-0215463,R-0497,2026-01-25,21.54,app,pickup,completed
ORD-0215464,R-0497,2026-01-08,22.58,app,pickup,completed
ORD-0215465,R-0497,2026-01-15,37.73,app,delivery,completed
ORD-0215466,R-0497,2026-01-01,33.45,web,delivery,completed
ORD-0215467,R-0497,2026-01-31,36.43,web,pickup,completed
ORD-0215468,R-0497,2026-01-05,42.23,app,delivery,completed
ORD-0215469,R-0497,2026-01-06,46.32,app,delivery,completed
ORD-0215470,R-0497,2026-01-16,25.07,app,delivery,completed
ORD-0215471,R-0497,2026-01-31,60.11,web,delivery,completed
ORD-0215472,R-0497,2026-01-08,15.61,app,pickup,completed
ORD-0215473,R-0497,2026-01-08,23.45,app,delivery,COMPLETED
ORD-0215474,R-0497,2026-01-10,18.41,app,delivery,Completed
ORD-0215475,R-0497,2026-01-20,19.62,app,delivery,COMPLETED
ORD-0215476,R-0497,2026-01-10,17.22,app,delivery,COMPLETED
ORD-0215477,R-0497,2026-01-19,26.32,web,pickup,completed
ORD-0215478,R-0497,2026-01-04,30.04,app,delivery,completed
ORD-0215479,R-0497,2026-01-26,12.93,app,delivery,completed
ORD-0215480,R-0497,2026-01-31,26.21,app,pickup,Completed
ORD-0215481,R-0497,2026-01-14,30.32,app,delivery,completed
ORD-0215482,R-0497,2026-01-01,22.22,web,delivery,completed
ORD-0215483,R-0497,2026-01-28,11.45,app,pickup,completed
ORD-0215484,R-0497,2026-01-30,34.69,app,delivery,completed
ORD-0215485,R-0497,2026-01-07,21.64,app,delivery,completed
ORD-0215486,R-0497,2026-01-19,26.89,app,delivery,completed
ORD-0215487,R-0497,2026-01-03,19.34,app,pickup,COMPLETED
ORD-0215488,R-0497,2026-01-07,26.35,app,delivery,completed
ORD-0215489,R-0497,2026-01-02,27.76,app,delivery,completed
ORD-0215490,R-0497,2026-01-23,35.47,app,delivery,completed
ORD-0215491,R-0497,2026-01-25,13.45,app,delivery,completed
ORD-0215492,R-0497,2026-01-24,19.38,app,delivery,completed
ORD-0215493,R-0497,2026-01-15,23.03,app,delivery,completed
ORD-0215494,R-0497,2026-01-16,22.17,app,delivery,completed
ORD-0215495,R-0497,2026-01-14,20.17,app,pickup,Completed
ORD-0215496,R-0497,2026-01-07,48.69,app,pickup,cancelled
ORD-0216677,R-0501,2026-01-25,18.05,app,delivery,completed
ORD-0216678,R-0501,2026-01-05,21.11,web,delivery,completed
ORD-0216679,R-0501,2026-01-11,29.95,web,pickup,completed
ORD-0216680,R-0501,2026-01-23,27.14,app,delivery,completed
ORD-0216681,R-0501,2026-01-25,24.21,web,delivery,completed
ORD-0216682,R-0501,2026-01-16,28.27,web,delivery,cancelled
ORD-0216683,R-0501,2026-01-17,30.29,web,delivery,completed
ORD-0216684,R-0501,2026-01-22,27.19,web,delivery,completed
ORD-0216685,R-0501,2026-01-10,31.79,app,delivery,completed
ORD-0216686,R-0501,2026-01-06,23.96,web,pickup,completed
ORD-0216687,R-0501,2026-01-23,35.05,app,delivery,completed
ORD-0216688,R-0501,2026-01-16,32.48,app,delivery,completed
ORD-0216689,R-0501,2026-01-29,18.92,web,delivery,completed
ORD-0216690,R-0501,2026-01-22,23.89,app,delivery,cancelled
ORD-0216691,R-0501,2026-01-10,27.57,app,delivery,completed
ORD-0216692,R-0501,2026-01-02,17.11,web,delivery,completed
ORD-0216693,R-0501,2026-01-31,19.33,app,pickup,completed
ORD-0216694,R-0501,2026-01-23,40.20,app,delivery,completed
ORD-0216695,R-0501,2026-01-28,26.13,web,delivery,completed
ORD-0216696,R-0501,2026-01-14,27.69,web,pickup,Completed
ORD-0216697,R-0501,2026-01-02,21.83,app,delivery,completed
ORD-0216698,R-0501,2026-01-01,27.19,app,delivery,completed
ORD-0216699,R-0501,2026-01-25,30.60,app,delivery,completed
ORD-0216700,R-0501,2026-01-20,21.54,app,delivery,completed
ORD-0216701,R-0501,2026-01-22,24.48,app,delivery,COMPLETED
ORD-0216702,R-0501,2026-01-11,19.66,web,delivery,completed
ORD-0216703,R-0501,2026-01-23,28.31,app,pickup,completed
ORD-0216704,R-0501,2026-01-09,34.89,web,delivery,completed
ORD-0216705,R-0501,2026-01-13,19.64,app,delivery,completed
ORD-0216706,R-0501,2026-01-23,50.53,app,delivery,completed
ORD-0216707,R-0501,2026-01-04,18.67,web,pickup,completed
ORD-0216708,R-0501,2026-01-03,24.74,web,delivery,COMPLETED
ORD-0216709,R-0501,2026-01-24,29.64,app,pickup,completed
ORD-0216710,R-0501,2026-01-06,25.94,app,delivery,COMPLETED
ORD-0216711,R-0501,2026-01-29,35.19,app,delivery,completed
ORD-0216712,R-0501,2026-01-05,31.22,app,delivery,completed
ORD-0216713,R-0501,2026-01-24,42.93,app,delivery,completed
ORD-0216714,R-0501,2026-01-25,25.57,app,delivery,completed
ORD-0216715,R-0501,2026-01-25,20.48,app,delivery,completed
ORD-0216716,R-0501,2026-01-05,20.36,app,pickup,completed
ORD-0216717,R-0501,2026-01-30,37.94,app,delivery,completed
ORD-0216718,R-0501,2026-01-01,13.37,app,delivery,completed
ORD-0216719,R-0501,2026-01-10,22.26,app,delivery,completed
ORD-0216720,R-0501,2026-01-28,31.22,app,delivery,completed
ORD-0216721,R-0501,2026-01-09,22.29,app,delivery,completed
ORD-0216722,R-0501,2026-01-09,30.45,app,pickup,completed
ORD-0216723,R-0501,2026-01-01,21.34,web,delivery,completed
ORD-0216724,R-0501,2026-01-24,23.12,app,pickup,completed
ORD-0216725,R-0501,2026-01-14,31.61,app,delivery,completed
ORD-0216726,R-0501,2026-01-16,33.12,web,delivery,completed
ORD-0216727,R-0501,2026-01-24,31.00,app,delivery,completed
ORD-0216728,R-0501,2026-01-12,21.68,app,delivery,completed
ORD-0216729,R-0501,2026-01-28,37.29,app,delivery,completed
ORD-0216730,R-0501,2026-01-14,25.34,app,delivery,completed
ORD-0216731,R-0501,2026-01-16,28.49,app,pickup,completed
ORD-0216732,R-0501,2026-01-15,42.14,app,delivery,completed
ORD-0216733,R-0501,2026-01-12,27.26,app,pickup,completed
ORD-0216734,R-0501,2026-01-31,26.01,web,delivery,completed
ORD-0216735,R-0501,2026-01-24,30.84,web,delivery,completed
ORD-0216736,R-0501,2026-01-20,14.01,web,delivery,completed
ORD-0216737,R-0501,2026-01-30,26.61,app,delivery,completed
ORD-0216738,R-0501,2026-01-23,16.85,web,delivery,completed
ORD-0216739,R-0501,2026-01-14,20.66,web,delivery,COMPLETED
ORD-0216740,R-0501,2026-01-30,42.19,app,pickup,completed
ORD-0216741,R-0501,2026-01-13,27.14,web,delivery,COMPLETED
ORD-0216742,R-0501,2026-01-02,38.35,web,delivery,completed
ORD-0216743,R-0501,2026-01-18,40.37,app,delivery,completed
ORD-0216744,R-0501,2026-01-21,18.88,app,delivery,completed
ORD-0216745,R-0501,2026-01-01,29.81,app,delivery,completed
ORD-0216746,R-0501,2026-01-03,30.67,web,pickup,refunded
ORD-0216747,R-0501,2026-01-27,25.57,app,delivery,Completed
ORD-0216748,R-0501,2026-01-09,28.17,app,delivery,completed
ORD-0216749,R-0501,2026-01-21,26.22,web,delivery,completed
ORD-0216750,R-0501,2026-01-16,29.22,app,delivery,completed
ORD-0216751,R-0501,2026-01-30,40.82,web,pickup,completed
ORD-0216752,R-0501,2026-01-05,32.04,app,delivery,completed
ORD-0216753,R-0501,2026-01-13,34.38,app,pickup,completed
ORD-0216754,R-0501,2026-01-03,27.23,app,pickup,completed
ORD-0216755,R-0501,2026-01-09,18.77,web,pickup,completed
ORD-0216756,R-0501,2026-01-31,49.70,web,delivery,completed
ORD-0216757,R-0501,2026-01-09,36.09,web,delivery,completed
ORD-0216758,R-0501,2026-01-17,42.45,app,delivery,completed
ORD-0216759,R-0501,2026-01-26,26.02,app,delivery,completed
ORD-0216760,R-0501,2026-01-28,27.40,app,delivery,completed
ORD-0216761,R-0501,2026-01-22,31.54,app,delivery,completed
ORD-0216762,R-0501,2026-01-30,37.21,app,delivery,COMPLETED
ORD-0216763,R-0501,2026-01-13,26.27,app,pickup,completed
ORD-0216764,R-0501,2026-01-16,20.66,app,delivery,completed
ORD-0216765,R-0501,2026-01-09,22.41,app,delivery,completed
ORD-0216766,R-0501,2026-01-12,20.13,app,delivery,completed
ORD-0216767,R-0501,2026-01-30,42.02,web,delivery,completed
ORD-0216768,R-0501,2026-01-08,18.49,web,delivery,completed
ORD-0216769,R-0501,2026-01-25,31.53,app,pickup,COMPLETED
ORD-0216770,R-0501,2026-01-24,25.85,app,delivery,completed
ORD-0216771,R-0501,2026-01-24,35.34,app,delivery,completed
ORD-0216772,R-0501,2026-01-01,13.89,app,delivery,completed
ORD-0216773,R-0501,2026-01-26,19.36,app,delivery,completed
ORD-0216774,R-0501,2026-01-14,39.48,web,delivery,completed
ORD-0216775,R-0501,2026-01-18,26.73,app,delivery,completed
ORD-0216776,R-0501,2026-01-24,13.67,web,delivery,completed
ORD-0216777,R-0501,2026-01-14,17.14,app,pickup,completed
ORD-0216778,R-0501,2026-01-17,39.45,app,delivery,completed
ORD-0216779,R-0501,2026-01-03,27.05,app,delivery,completed
ORD-0216780,R-0501,2026-01-09,31.91,app,delivery,completed
ORD-0216781,R-0501,2026-01-30,35.05,app,delivery,completed
ORD-0216782,R-0501,2026-01-12,24.44,web,delivery,completed
ORD-0216783,R-0501,2026-01-19,25.58,web,delivery,completed
ORD-0216784,R-0501,2026-01-26,19.46,app,delivery,completed
ORD-0216785,R-0501,2026-01-31,34.67,app,delivery,completed
ORD-0216786,R-0501,2026-01-04,32.98,web,delivery,cancelled
ORD-0216787,R-0501,2026-01-02,29.17,app,delivery,completed
ORD-0216788,R-0501,2026-01-30,14.29,app,delivery,CANCELLED
ORD-0216789,R-0501,2026-01-10,30.80,app,delivery,completed
ORD-0216790,R-0501,2026-01-11,42.11,app,pickup,completed
ORD-0216791,R-0501,2026-01-09,21.90,web,pickup,Completed
ORD-0216792,R-0501,2026-01-02,30.31,web,delivery,completed
ORD-0216793,R-0501,2026-01-01,27.17,app,delivery,Completed
ORD-0216794,R-0501,2026-01-07,26.84,web,delivery,completed
ORD-0216795,R-0501,2026-01-31,22.04,app,delivery,completed
ORD-0216796,R-0501,2026-01-03,34.79,app,delivery,completed
ORD-0216797,R-0501,2026-01-24,19.22,app,delivery,COMPLETED
ORD-0216798,R-0501,2026-01-26,34.48,web,delivery,completed
ORD-0216799,R-0501,2026-01-09,27.70,web,delivery,completed
ORD-0216800,R-0501,2026-01-17,17.52,web,delivery,completed
ORD-0216801,R-0501,2026-01-27,22.56,app,delivery,completed
ORD-0216802,R-0501,2026-01-30,26.96,app,pickup,completed
ORD-0216803,R-0501,2026-01-30,27.74,web,delivery,completed
ORD-0216804,R-0501,2026-01-23,27.97,app,delivery,completed
ORD-0216805,R-0501,2026-01-05,20.65,app,pickup,completed
ORD-0216806,R-0501,2026-01-29,32.31,app,delivery,COMPLETED
ORD-0216807,R-0501,2026-01-10,16.15,app,delivery,completed
ORD-0216808,R-0501,2026-01-23,22.29,app,delivery,completed
ORD-0216809,R-0501,2026-01-30,27.89,app,delivery,completed
ORD-0216810,R-0501,2026-01-02,26.43,app,delivery,completed
ORD-0216811,R-0501,2026-01-19,30.92,app,delivery,completed
ORD-0216812,R-0501,2026-01-13,18.61,app,delivery,completed
ORD-0216813,R-0501,2026-01-23,27.75,app,delivery,completed
ORD-0216814,R-0501,2026-01-07,22.98,app,delivery,completed
ORD-0216815,R-0501,2026-01-02,29.71,app,pickup,completed
ORD-0216816,R-0501,2026-01-10,29.52,app,delivery,completed
ORD-0216817,R-0501,2026-01-02,25.92,web,delivery,completed
ORD-0216818,R-0501,2026-01-16,23.15,web,delivery,Completed
ORD-0216819,R-0501,2026-01-24,22.01,web,delivery,completed
ORD-0216820,R-0501,2026-01-19,33.27,app,delivery,completed
ORD-0216821,R-0501,2026-01-25,18.36,app,pickup,completed
ORD-0217831,R-0502,2026-01-01,24.20,app,pickup,completed
ORD-0217832,R-0502,2026-01-13,29.95,app,delivery,completed
ORD-0217833,R-0502,2026-01-20,23.44,web,delivery,completed
ORD-0217834,R-0502,2026-01-17,31.43,app,delivery,completed
ORD-0217835,R-0502,2026-01-15,27.74,app,delivery,completed
ORD-0217836,R-0502,2026-01-12,25.15,web,delivery,completed
ORD-0217837,R-0502,2026-01-15,69.62,web,delivery,cancelled
ORD-0217838,R-0502,2026-01-02,20.48,web,delivery,completed
ORD-0217839,R-0502,2026-01-09,20.59,app,delivery,completed
ORD-0217840,R-0502,2026-01-23,25.90,app,delivery,completed
ORD-0217841,R-0502,2026-01-12,22.71,web,delivery,Completed
ORD-0219032,R-0510,2026-01-24,67.20,app,delivery,completed
ORD-0219033,R-0510,2026-01-08,79.20,app,pickup,completed
ORD-0219034,R-0510,2026-01-05,46.95,web,delivery,completed
ORD-0219035,R-0510,2026-01-13,36.05,web,delivery,completed
ORD-0219036,R-0510,2026-01-03,79.76,web,delivery,completed
ORD-0219037,R-0510,2026-01-02,48.52,app,delivery,completed
ORD-0219038,R-0510,2026-01-09,41.31,app,delivery,completed
ORD-0219039,R-0510,2026-01-26,56.55,web,pickup,completed
ORD-0219040,R-0510,2026-01-07,25.24,web,pickup,completed
ORD-0219041,R-0510,2026-01-22,52.41,app,delivery,completed
ORD-0219042,R-0510,2026-01-01,53.77,app,pickup,completed
ORD-0219043,R-0510,2026-01-03,70.85,app,delivery,completed
ORD-0219463,R-0512,2026-01-26,52.81,web,delivery,cancelled
ORD-0219464,R-0512,2026-01-09,86.26,app,delivery,completed
ORD-0219465,R-0512,2026-01-03,27.77,web,delivery,completed
ORD-0219466,R-0512,2026-01-02,54.41,app,delivery,completed
ORD-0219467,R-0512,2026-01-15,82.25,app,delivery,completed
ORD-0219468,R-0512,2026-01-17,103.75,app,delivery,completed
ORD-0219469,R-0512,2026-01-14,58.55,app,delivery,completed
ORD-0219470,R-0512,2026-01-02,44.26,web,delivery,COMPLETED
ORD-0219471,R-0512,2026-01-31,45.80,web,delivery,completed
ORD-0219472,R-0512,2026-01-04,26.46,web,pickup,completed
ORD-0219473,R-0512,2026-01-10,38.49,web,delivery,completed
ORD-0219474,R-0512,2026-01-17,77.69,app,delivery,completed
ORD-0219475,R-0512,2026-01-13,44.73,web,pickup,completed
ORD-0219476,R-0512,2026-01-29,96.93,app,pickup,completed
ORD-0219477,R-0512,2026-01-15,26.88,web,delivery,completed
ORD-0219478,R-0512,2026-01-13,65.47,web,delivery,completed
ORD-0220536,R-0513,2026-01-17,41.94,app,delivery,completed
ORD-0220537,R-0513,2026-01-17,14.01,app,delivery,completed
ORD-0220538,R-0513,2026-01-07,20.41,app,pickup,completed
ORD-0220539,R-0513,2026-01-30,18.18,app,delivery,COMPLETED
ORD-0220540,R-0513,2026-01-24,23.73,web,pickup,completed
ORD-0220541,R-0513,2026-01-24,21.29,app,delivery,completed
ORD-0220542,R-0513,2026-01-03,24.06,app,delivery,completed
ORD-0220543,R-0513,2026-01-08,18.45,app,delivery,completed
ORD-0220544,R-0513,2026-01-19,19.77,app,delivery,completed
ORD-0220545,R-0513,2026-01-07,10.91,app,delivery,completed
ORD-0220546,R-0513,2026-01-15,16.08,web,delivery,completed
ORD-0220547,R-0513,2026-01-24,22.29,app,delivery,completed
ORD-0220548,R-0513,2026-01-08,24.37,web,delivery,completed
ORD-0220549,R-0513,2026-01-08,22.06,web,delivery,completed
ORD-0220550,R-0513,2026-01-12,26.91,app,delivery,completed
ORD-0220551,R-0513,2026-01-07,20.39,app,delivery,completed
ORD-0220552,R-0513,2026-01-29,44.96,app,pickup,completed
ORD-0220553,R-0513,2026-01-08,18.14,app,pickup,cancelled
ORD-0220554,R-0513,2026-01-20,12.59,web,delivery,completed
ORD-0220555,R-0513,2026-01-22,18.42,app,pickup,completed
ORD-0220556,R-0513,2026-01-31,25.24,app,delivery,completed
ORD-0220557,R-0513,2026-01-15,48.47,app,delivery,completed
ORD-0220558,R-0513,2026-01-07,33.67,app,pickup,completed
ORD-0220559,R-0513,2026-01-10,41.55,web,delivery,completed
ORD-0220560,R-0513,2026-01-15,16.29,web,delivery,completed
ORD-0220561,R-0513,2026-01-30,31.29,app,delivery,Completed
ORD-0220562,R-0513,2026-01-10,40.99,app,pickup,completed
ORD-0220563,R-0513,2026-01-14,13.03,app,delivery,completed
ORD-0220564,R-0513,2026-01-23,23.75,web,delivery,completed
ORD-0220565,R-0513,2026-01-17,32.60,app,delivery,COMPLETED
ORD-0220566,R-0513,2026-01-10,36.28,app,delivery,completed
ORD-0220567,R-0513,2026-01-11,25.98,web,delivery,completed
ORD-0220568,R-0513,2026-01-02,19.28,app,delivery,Completed
ORD-0220569,R-0513,2026-01-20,29.22,app,delivery,completed
ORD-0220570,R-0513,2026-01-15,36.98,web,delivery,COMPLETED
ORD-0220571,R-0513,2026-01-09,38.55,web,delivery,completed
ORD-0220572,R-0513,2026-01-22,22.64,web,pickup,completed
ORD-0220573,R-0513,2026-01-21,34.21,app,pickup,completed
ORD-0220574,R-0513,2026-01-26,20.29,app,delivery,completed
ORD-0220575,R-0513,2026-01-01,17.55,app,delivery,COMPLETED
ORD-0220576,R-0513,2026-01-20,23.81,app,delivery,completed
ORD-0220577,R-0513,2026-01-17,25.10,app,delivery,completed
ORD-0220578,R-0513,2026-01-25,38.19,app,pickup,cancelled
ORD-0220579,R-0513,2026-01-19,16.45,web,delivery,cancelled
ORD-0220580,R-0513,2026-01-24,19.79,app,delivery,completed
ORD-0220581,R-0513,2026-01-29,18.24,app,pickup,completed
ORD-0220582,R-0513,2026-01-23,17.22,app,delivery,Cancelled
ORD-0220583,R-0513,2026-01-16,25.19,web,delivery,completed
ORD-0220584,R-0513,2026-01-25,43.57,web,delivery,completed
ORD-0220585,R-0513,2026-01-30,24.71,app,delivery,Completed
ORD-0220586,R-0513,2026-01-02,12.73,web,delivery,completed
ORD-0220587,R-0513,2026-01-03,13.46,app,delivery,completed
ORD-0220588,R-0513,2026-01-03,23.62,app,delivery,COMPLETED
ORD-0220589,R-0513,2026-01-05,21.10,web,delivery,completed
ORD-0220590,R-0513,2026-01-12,21.57,app,delivery,completed
ORD-0220591,R-0513,2026-01-23,24.89,app,delivery,Completed
ORD-0220592,R-0513,2026-01-26,27.67,web,delivery,completed
ORD-0220593,R-0513,2026-01-23,21.10,web,delivery,COMPLETED
ORD-0220594,R-0513,2026-01-19,22.28,app,delivery,completed
ORD-0220595,R-0513,2026-01-09,27.72,web,delivery,completed
ORD-0220596,R-0513,2026-01-31,17.82,app,delivery,completed
ORD-0220597,R-0513,2026-01-16,27.57,app,delivery,completed
ORD-0220598,R-0513,2026-01-20,37.44,app,delivery,completed
ORD-0220599,R-0513,2026-01-31,29.35,web,delivery,completed
ORD-0220600,R-0513,2026-01-08,37.88,app,delivery,completed
ORD-0220601,R-0513,2026-01-14,31.52,app,delivery,completed
ORD-0220602,R-0513,2026-01-16,29.08,app,pickup,completed
ORD-0220603,R-0513,2026-01-14,18.38,app,delivery,completed
ORD-0220604,R-0513,2026-01-23,14.60,app,delivery,completed
ORD-0220605,R-0513,2026-01-11,20.35,app,delivery,COMPLETED
ORD-0220606,R-0513,2026-01-03,21.50,app,delivery,completed
ORD-0220607,R-0513,2026-01-31,19.75,app,delivery,completed
ORD-0220608,R-0513,2026-01-16,40.57,app,delivery,completed
ORD-0220609,R-0513,2026-01-05,32.79,web,pickup,completed
ORD-0220610,R-0513,2026-01-17,21.60,web,delivery,completed
ORD-0220611,R-0513,2026-01-02,39.38,app,delivery,completed
ORD-0220612,R-0513,2026-01-15,15.21,app,delivery,cancelled
ORD-0220613,R-0513,2026-01-09,20.31,web,pickup,completed
ORD-0220614,R-0513,2026-01-19,24.55,app,pickup,completed
ORD-0220615,R-0513,2026-01-27,20.59,app,delivery,completed
ORD-0220616,R-0513,2026-01-05,23.41,app,pickup,completed
ORD-0220617,R-0513,2026-01-09,23.55,web,pickup,completed
ORD-0220618,R-0513,2026-01-26,30.02,web,pickup,completed
ORD-0220619,R-0513,2026-01-24,17.21,web,delivery,completed
ORD-0220620,R-0513,2026-01-04,19.48,app,delivery,COMPLETED
ORD-0220621,R-0513,2026-01-07,15.88,app,delivery,completed
ORD-0220622,R-0513,2026-01-12,25.53,web,pickup,completed
ORD-0220623,R-0513,2026-01-11,30.69,web,pickup,Completed
ORD-0220624,R-0513,2026-01-15,20.10,app,delivery,completed
ORD-0220625,R-0513,2026-01-25,18.52,app,delivery,completed
ORD-0220626,R-0513,2026-01-12,17.96,app,pickup,refunded
ORD-0220627,R-0513,2026-01-30,26.55,app,delivery,completed
ORD-0220628,R-0513,2026-01-26,19.49,app,delivery,completed
ORD-0220629,R-0513,2026-01-01,15.92,app,pickup,completed
ORD-0220630,R-0513,2026-01-30,24.22,app,delivery,completed
ORD-0220631,R-0513,2026-01-14,25.13,app,delivery,completed
ORD-0220632,R-0513,2026-01-10,27.24,app,delivery,completed
ORD-0220633,R-0513,2026-01-27,27.24,app,pickup,completed
ORD-0220634,R-0513,2026-01-20,17.43,web,delivery,completed
ORD-0220635,R-0513,2026-01-04,23.53,app,pickup,completed
ORD-0220636,R-0513,2026-01-12,28.90,app,delivery,completed
ORD-0220637,R-0513,2026-01-17,33.90,web,delivery,completed
ORD-0220638,R-0513,2026-01-08,31.46,app,delivery,completed
ORD-0220639,R-0513,2026-01-06,34.36,app,pickup,completed
ORD-0220640,R-0513,2026-01-05,20.51,app,delivery,completed
ORD-0220641,R-0513,2026-01-21,13.90,web,pickup,completed
ORD-0220642,R-0513,2026-01-29,20.65,web,pickup,completed
ORD-0220643,R-0513,2026-01-27,27.57,app,delivery,completed
ORD-0220644,R-0513,2026-01-10,24.96,web,delivery,completed
ORD-0220645,R-0513,2026-01-12,27.51,app,delivery,refunded
ORD-0220646,R-0513,2026-01-08,40.93,app,pickup,completed
ORD-0220647,R-0513,2026-01-09,17.14,app,delivery,completed
ORD-0220648,R-0513,2026-01-06,24.98,app,delivery,completed
ORD-0220649,R-0513,2026-01-18,33.06,app,delivery,completed
ORD-0220650,R-0513,2026-01-17,27.24,web,pickup,completed
ORD-0220651,R-0513,2026-01-12,25.02,app,delivery,completed
ORD-0220652,R-0513,2026-01-23,43.52,app,delivery,completed
ORD-0220653,R-0513,2026-01-24,36.14,web,delivery,COMPLETED
ORD-0220654,R-0513,2026-01-09,35.85,app,delivery,completed
ORD-0220655,R-0513,2026-01-21,22.34,web,delivery,COMPLETED
ORD-0220656,R-0513,2026-01-10,39.36,app,delivery,completed
ORD-0220657,R-0513,2026-01-17,16.95,app,pickup,completed
ORD-0220658,R-0513,2026-01-31,21.53,web,delivery,completed
ORD-0220659,R-0513,2026-01-26,27.28,app,pickup,Completed
ORD-0220660,R-0513,2026-01-03,13.96,app,pickup,completed
ORD-0220661,R-0513,2026-01-13,27.97,app,delivery,completed
ORD-0220662,R-0513,2026-01-30,14.29,app,pickup,completed
ORD-0220663,R-0513,2026-01-23,51.88,app,delivery,completed
ORD-0220664,R-0513,2026-01-05,24.15,web,delivery,completed
ORD-0220665,R-0513,2026-01-25,22.75,web,delivery,completed
ORD-0220666,R-0513,2026-01-21,36.58,app,delivery,completed
ORD-0220667,R-0513,2026-01-27,15.09,app,delivery,completed
ORD-0220668,R-0513,2026-01-09,27.34,web,delivery,completed
ORD-0220669,R-0513,2026-01-30,19.61,web,pickup,completed
ORD-0220670,R-0513,2026-01-30,28.60,app,delivery,completed
ORD-0220671,R-0513,2026-01-20,33.76,app,delivery,Completed
ORD-0220672,R-0513,2026-01-24,38.03,web,delivery,COMPLETED
ORD-0220673,R-0513,2026-01-11,29.23,app,pickup,completed
ORD-0220674,R-0513,2026-01-18,39.84,app,delivery,completed
ORD-0220675,R-0513,2026-01-25,27.08,app,delivery,completed
ORD-0220676,R-0513,2026-01-11,37.86,app,delivery,completed
ORD-0220677,R-0513,2026-01-02,22.50,web,delivery,completed
ORD-0220678,R-0513,2026-01-07,14.23,app,delivery,completed
ORD-0220679,R-0513,2026-01-11,14.24,web,delivery,cancelled
ORD-0220680,R-0513,2026-01-31,32.56,app,delivery,completed
ORD-0220681,R-0513,2026-01-18,40.50,app,delivery,completed
ORD-0220682,R-0513,2026-01-28,24.85,app,delivery,Completed
ORD-0221502,R-0514,2026-01-27,38.83,web,pickup,completed
ORD-0221503,R-0514,2026-01-01,34.19,app,delivery,completed
ORD-0221504,R-0514,2026-01-16,25.63,app,delivery,completed
ORD-0221505,R-0514,2026-01-09,25.13,web,delivery,completed
ORD-0221506,R-0514,2026-01-19,27.92,app,pickup,completed
ORD-0221507,R-0514,2026-01-03,36.82,web,pickup,COMPLETED
ORD-0221508,R-0514,2026-01-02,50.88,app,delivery,completed
ORD-0221509,R-0514,2026-01-01,24.73,app,delivery,completed
ORD-0221510,R-0514,2026-01-20,38.52,web,pickup,completed
ORD-0221511,R-0514,2026-01-04,30.05,app,delivery,Completed
ORD-0221512,R-0514,2026-01-29,18.20,app,delivery,completed
ORD-0221513,R-0514,2026-01-20,19.89,app,pickup,completed
ORD-0221514,R-0514,2026-01-24,34.29,app,delivery,completed
ORD-0221515,R-0514,2026-01-21,35.02,app,delivery,completed
ORD-0221516,R-0514,2026-01-06,43.35,app,delivery,completed
ORD-0221517,R-0514,2026-01-24,40.72,app,pickup,Completed
ORD-0221518,R-0514,2026-01-30,29.96,web,delivery,completed
ORD-0221519,R-0514,2026-01-17,21.27,app,delivery,completed
ORD-0221520,R-0514,2026-01-07,33.78,app,delivery,completed
ORD-0221521,R-0514,2026-01-23,35.63,web,pickup,completed
ORD-0221522,R-0514,2026-01-17,46.81,app,delivery,completed
ORD-0221523,R-0514,2026-01-25,35.18,app,delivery,completed
ORD-0221524,R-0514,2026-01-13,44.52,web,delivery,completed
ORD-0221525,R-0514,2026-01-07,40.06,web,delivery,completed
ORD-0221526,R-0514,2026-01-01,33.66,app,delivery,completed
ORD-0221527,R-0514,2026-01-18,66.39,app,pickup,completed
ORD-0221528,R-0514,2026-01-11,34.56,app,delivery,completed
ORD-0221529,R-0514,2026-01-21,17.98,web,delivery,completed
ORD-0221769,R-0515,2026-01-12,55.57,app,pickup,completed
ORD-0221770,R-0515,2026-01-18,58.48,app,pickup,completed
ORD-0221771,R-0515,2026-01-13,39.59,web,delivery,completed
ORD-0221772,R-0515,2026-01-14,91.38,app,delivery,completed
ORD-0221773,R-0515,2026-01-22,79.12,app,pickup,completed
ORD-0221774,R-0515,2026-01-05,44.14,app,pickup,completed
ORD-0221775,R-0515,2026-01-19,124.38,app,pickup,completed
ORD-0221776,R-0515,2026-01-23,90.54,web,pickup,completed
ORD-0221777,R-0515,2026-01-09,59.52,web,pickup,Completed
ORD-0221778,R-0515,2026-01-29,47.66,app,delivery,completed
ORD-0221779,R-0515,2026-01-25,82.10,web,pickup,completed
ORD-0221780,R-0515,2026-01-19,59.60,app,delivery,completed
ORD-0221781,R-0515,2026-01-14,116.94,app,pickup,completed
ORD-0221782,R-0515,2026-01-25,74.92,app,delivery,completed
ORD-0221783,R-0515,2026-01-21,97.01,app,pickup,Completed
ORD-0221784,R-0515,2026-01-03,32.25,web,pickup,completed
ORD-0221785,R-0515,2026-01-20,68.77,app,pickup,cancelled
ORD-0221786,R-0515,2026-01-11,114.91,app,delivery,completed
ORD-0221787,R-0515,2026-01-25,83.30,app,pickup,completed
ORD-0221788,R-0515,2026-01-03,49.58,app,pickup,COMPLETED
ORD-0221789,R-0515,2026-01-30,66.53,app,delivery,completed
ORD-0221790,R-0515,2026-01-22,77.65,app,delivery,Completed
ORD-0222240,R-0518,2026-01-04,30.47,web,delivery,completed
ORD-0222241,R-0518,2026-01-31,46.45,app,delivery,COMPLETED
ORD-0222242,R-0518,2026-01-17,33.42,app,pickup,completed
ORD-0222243,R-0518,2026-01-06,38.41,web,pickup,completed
ORD-0222244,R-0518,2026-01-11,20.77,app,pickup,completed
ORD-0222245,R-0518,2026-01-17,43.55,web,pickup,cancelled
ORD-0222246,R-0518,2026-01-22,35.92,app,pickup,completed
ORD-0222247,R-0518,2026-01-14,35.98,web,delivery,completed
ORD-0222248,R-0518,2026-01-29,23.00,web,delivery,completed
ORD-0222249,R-0518,2026-01-02,31.86,app,delivery,Completed
ORD-0222250,R-0518,2026-01-03,48.81,web,delivery,completed
ORD-0222251,R-0518,2026-01-28,26.23,app,delivery,completed
ORD-0222252,R-0518,2026-01-20,19.28,web,delivery,completed
ORD-0222253,R-0518,2026-01-26,23.29,app,delivery,completed
ORD-0222254,R-0518,2026-01-31,27.85,app,delivery,completed
ORD-0222255,R-0518,2026-01-23,24.34,web,pickup,completed
ORD-0223046,R-0519,2026-01-25,22.09,app,pickup,completed
ORD-0223047,R-0519,2026-01-11,15.95,web,pickup,completed
ORD-0223048,R-0519,2026-01-09,30.18,web,delivery,Completed
ORD-0223049,R-0519,2026-01-02,43.48,app,pickup,refunded
ORD-0223050,R-0519,2026-01-21,21.06,app,delivery,completed
ORD-0223051,R-0519,2026-01-09,11.30,app,delivery,completed
ORD-0223052,R-0519,2026-01-02,18.81,web,delivery,completed
ORD-0223053,R-0519,2026-01-13,25.55,app,pickup,COMPLETED
ORD-0223054,R-0519,2026-01-11,41.01,app,delivery,completed
ORD-0223055,R-0519,2026-01-03,10.71,app,delivery,completed
ORD-0223056,R-0519,2026-01-01,12.19,web,delivery,completed
ORD-0223057,R-0519,2026-01-05,13.72,app,pickup,refunded
ORD-0223058,R-0519,2026-01-03,11.99,web,pickup,completed
ORD-0223059,R-0519,2026-01-10,22.36,app,delivery,COMPLETED
ORD-0223060,R-0519,2026-01-24,24.43,app,delivery,completed
ORD-0223061,R-0519,2026-01-11,18.40,app,delivery,cancelled
ORD-0223062,R-0519,2026-01-28,25.23,app,delivery,completed
ORD-0223063,R-0519,2026-01-22,12.38,app,delivery,completed
ORD-0223064,R-0519,2026-01-18,32.34,web,delivery,completed
ORD-0223065,R-0519,2026-01-02,24.25,web,delivery,Completed
ORD-0223066,R-0519,2026-01-22,26.43,app,delivery,completed
ORD-0223067,R-0519,2026-01-11,22.22,app,delivery,completed
ORD-0223068,R-0519,2026-01-01,14.11,web,delivery,completed
ORD-0223069,R-0519,2026-01-30,18.47,web,delivery,COMPLETED
ORD-0223070,R-0519,2026-01-26,24.74,web,delivery,completed
ORD-0223071,R-0519,2026-01-11,27.73,app,pickup,completed
ORD-0223072,R-0519,2026-01-23,24.33,app,delivery,completed
ORD-0223073,R-0519,2026-01-17,15.95,web,delivery,completed
ORD-0223074,R-0519,2026-01-28,26.43,web,delivery,completed
ORD-0223075,R-0519,2026-01-28,19.80,web,pickup,completed
ORD-0223076,R-0519,2026-01-13,17.75,app,pickup,COMPLETED
ORD-0223077,R-0519,2026-01-16,19.49,app,delivery,completed
ORD-0223078,R-0519,2026-01-08,20.09,app,pickup,completed
ORD-0223079,R-0519,2026-01-31,12.87,web,delivery,completed
ORD-0223080,R-0519,2026-01-29,12.42,app,delivery,completed
ORD-0223081,R-0519,2026-01-02,8.98,web,delivery,completed
ORD-0223082,R-0519,2026-01-31,18.75,web,pickup,COMPLETED
ORD-0223083,R-0519,2026-01-30,19.58,app,pickup,completed
ORD-0223084,R-0519,2026-01-01,7.65,web,pickup,completed
ORD-0223085,R-0519,2026-01-18,16.64,app,delivery,completed
ORD-0223086,R-0519,2026-01-26,11.34,web,delivery,COMPLETED
ORD-0223087,R-0519,2026-01-30,18.13,app,delivery,completed
ORD-0223088,R-0519,2026-01-10,8.26,app,pickup,completed
ORD-0223089,R-0519,2026-01-10,25.21,app,delivery,completed
ORD-0223090,R-0519,2026-01-15,17.58,app,delivery,completed
ORD-0223091,R-0519,2026-01-31,20.92,web,pickup,completed
ORD-0223092,R-0519,2026-01-24,12.14,web,pickup,completed
ORD-0223093,R-0519,2026-01-31,18.84,app,delivery,completed
ORD-0223094,R-0519,2026-01-10,13.24,app,delivery,completed
ORD-0223095,R-0519,2026-01-03,21.21,web,delivery,completed
ORD-0223096,R-0519,2026-01-12,19.72,web,delivery,completed
ORD-0223097,R-0519,2026-01-24,28.82,web,delivery,completed
ORD-0223098,R-0519,2026-01-13,19.54,app,delivery,completed
ORD-0223099,R-0519,2026-01-08,22.12,web,delivery,completed
ORD-0223100,R-0519,2026-01-10,16.61,app,delivery,completed
ORD-0223101,R-0519,2026-01-09,12.87,app,pickup,completed
ORD-0223102,R-0519,2026-01-30,19.14,app,delivery,completed
ORD-0223103,R-0519,2026-01-11,19.79,web,delivery,completed
ORD-0223104,R-0519,2026-01-18,17.41,app,pickup,completed
ORD-0223105,R-0519,2026-01-31,18.12,app,pickup,completed
ORD-0223106,R-0519,2026-01-10,23.78,app,pickup,completed
ORD-0223107,R-0519,2026-01-09,23.94,web,delivery,COMPLETED
ORD-0223108,R-0519,2026-01-23,16.91,app,delivery,completed
ORD-0223109,R-0519,2026-01-05,13.64,app,delivery,Completed
ORD-0223110,R-0519,2026-01-02,10.60,app,delivery,completed
ORD-0223111,R-0519,2026-01-18,9.88,app,delivery,completed
ORD-0223112,R-0519,2026-01-17,16.30,app,pickup,completed
ORD-0223113,R-0519,2026-01-13,19.25,app,delivery,completed
ORD-0223114,R-0519,2026-01-16,9.18,app,delivery,completed
ORD-0223115,R-0519,2026-01-21,14.27,app,pickup,completed
ORD-0223116,R-0519,2026-01-03,9.91,web,pickup,completed
ORD-0223117,R-0519,2026-01-09,18.09,app,delivery,Completed
ORD-0223118,R-0519,2026-01-26,12.45,web,delivery,completed
ORD-0223119,R-0519,2026-01-02,19.86,web,pickup,completed
ORD-0223120,R-0519,2026-01-27,10.72,app,delivery,completed
ORD-0223121,R-0519,2026-01-07,19.42,app,delivery,cancelled
ORD-0223122,R-0519,2026-01-25,27.46,web,delivery,completed
ORD-0223123,R-0519,2026-01-26,17.06,app,delivery,completed
ORD-0223124,R-0519,2026-01-31,12.28,web,delivery,completed
ORD-0223125,R-0519,2026-01-24,30.13,app,delivery,Completed
ORD-0223126,R-0519,2026-01-31,21.33,app,pickup,completed
ORD-0223127,R-0519,2026-01-30,24.39,app,delivery,completed
ORD-0223128,R-0519,2026-01-18,27.10,app,delivery,completed
ORD-0223129,R-0519,2026-01-17,17.17,app,delivery,completed
ORD-0223130,R-0519,2026-01-07,11.84,web,delivery,completed
ORD-0223131,R-0519,2026-01-08,17.07,app,pickup,completed
ORD-0223132,R-0519,2026-01-02,38.45,app,delivery,completed
ORD-0223133,R-0519,2026-01-30,10.68,app,pickup,REFUNDED
ORD-0223134,R-0519,2026-01-26,29.54,app,delivery,completed
ORD-0223135,R-0519,2026-01-08,25.08,app,delivery,completed
ORD-0223136,R-0519,2026-01-03,23.21,web,pickup,Completed
ORD-0223137,R-0519,2026-01-30,23.75,app,delivery,cancelled
ORD-0223138,R-0519,2026-01-21,24.04,app,pickup,completed
ORD-0223139,R-0519,2026-01-02,26.08,app,delivery,completed
ORD-0223140,R-0519,2026-01-25,21.64,app,delivery,completed
ORD-0223141,R-0519,2026-01-23,22.40,web,delivery,completed
ORD-0223142,R-0519,2026-01-27,17.93,app,delivery,completed
ORD-0223143,R-0519,2026-01-17,15.52,app,pickup,CANCELLED
ORD-0223144,R-0519,2026-01-18,20.36,app,delivery,completed
ORD-0223145,R-0519,2026-01-08,22.15,web,pickup,Completed
ORD-0223146,R-0519,2026-01-28,15.73,web,pickup,completed
ORD-0223147,R-0519,2026-01-02,16.94,web,delivery,completed
ORD-0223148,R-0519,2026-01-22,11.57,app,delivery,completed
ORD-0223149,R-0519,2026-01-09,22.33,app,delivery,completed
ORD-0223150,R-0519,2026-01-25,21.03,web,delivery,COMPLETED
ORD-0224012,R-0520,2026-01-03,17.21,web,delivery,completed
ORD-0224013,R-0520,2026-01-16,24.99,app,delivery,completed
ORD-0224014,R-0520,2026-01-24,30.61,app,delivery,completed
ORD-0224015,R-0520,2026-01-02,30.61,app,delivery,completed
ORD-0224016,R-0520,2026-01-29,17.29,app,delivery,completed
ORD-0224017,R-0520,2026-01-18,28.47,app,pickup,completed
ORD-0224018,R-0520,2026-01-15,14.16,web,delivery,COMPLETED
ORD-0224019,R-0520,2026-01-25,13.79,app,delivery,completed
ORD-0224020,R-0520,2026-01-26,53.09,app,delivery,Completed
ORD-0224021,R-0520,2026-01-07,20.76,web,delivery,completed
ORD-0224022,R-0520,2026-01-25,37.57,web,pickup,completed
ORD-0224023,R-0520,2026-01-03,11.20,app,pickup,completed
ORD-0224024,R-0520,2026-01-30,15.93,app,delivery,completed
ORD-0224025,R-0520,2026-01-31,35.45,app,delivery,completed
ORD-0224026,R-0520,2026-01-12,27.77,web,pickup,Completed
ORD-0224027,R-0520,2026-01-24,51.50,web,pickup,COMPLETED
ORD-0224028,R-0520,2026-01-14,16.87,app,pickup,completed
ORD-0224029,R-0520,2026-01-23,16.22,app,delivery,completed
ORD-0224030,R-0520,2026-01-20,25.88,web,pickup,completed
ORD-0224031,R-0520,2026-01-09,35.40,app,pickup,Completed
ORD-0225540,R-0525,2026-01-28,28.03,app,delivery,Completed
ORD-0225541,R-0525,2026-01-14,37.42,web,delivery,completed
ORD-0225542,R-0525,2026-01-03,16.23,web,delivery,completed
ORD-0225543,R-0525,2026-01-01,21.65,web,delivery,completed
ORD-0225544,R-0525,2026-01-14,29.68,app,delivery,completed
ORD-0225545,R-0525,2026-01-21,71.18,web,pickup,completed
ORD-0225546,R-0525,2026-01-05,36.62,web,pickup,completed
ORD-0225547,R-0525,2026-01-30,40.54,app,delivery,completed
ORD-0225548,R-0525,2026-01-11,38.28,app,pickup,completed
ORD-0225549,R-0525,2026-01-26,27.03,app,delivery,completed
ORD-0225550,R-0525,2026-01-28,9.62,web,delivery,completed
ORD-0225551,R-0525,2026-01-26,15.18,web,delivery,COMPLETED
ORD-0225552,R-0525,2026-01-14,33.14,app,delivery,COMPLETED
ORD-0225553,R-0525,2026-01-30,49.93,web,pickup,completed
ORD-0225554,R-0525,2026-01-13,25.86,app,delivery,completed
ORD-0225555,R-0525,2026-01-07,23.32,app,pickup,completed
ORD-0225556,R-0525,2026-01-09,39.57,web,delivery,completed
ORD-0225557,R-0525,2026-01-10,59.58,app,delivery,completed
ORD-0225558,R-0525,2026-01-01,7.02,web,pickup,completed
ORD-0225559,R-0525,2026-01-07,18.92,web,pickup,Completed
ORD-0225560,R-0525,2026-01-05,11.71,web,delivery,completed
ORD-0225561,R-0525,2026-01-13,14.58,web,pickup,completed
ORD-0225562,R-0525,2026-01-16,30.28,web,delivery,completed
ORD-0225563,R-0525,2026-01-05,19.94,app,delivery,completed
ORD-0225564,R-0525,2026-01-08,45.63,app,pickup,completed
ORD-0225565,R-0525,2026-01-28,27.03,app,pickup,completed
ORD-0225566,R-0525,2026-01-08,14.69,web,delivery,COMPLETED
ORD-0225567,R-0525,2026-01-02,52.47,web,delivery,completed
ORD-0225568,R-0525,2026-01-09,54.35,app,pickup,completed
ORD-0225569,R-0525,2026-01-28,17.51,app,delivery,refunded
ORD-0225570,R-0525,2026-01-05,16.75,app,delivery,cancelled
ORD-0225571,R-0525,2026-01-18,38.09,app,delivery,completed
ORD-0225572,R-0525,2026-01-09,22.74,web,delivery,cancelled
ORD-0225573,R-0525,2026-01-25,29.56,web,delivery,completed
ORD-0225574,R-0525,2026-01-16,20.80,web,delivery,completed
ORD-0225575,R-0525,2026-01-24,51.36,web,delivery,Completed
ORD-0225576,R-0525,2026-01-04,38.12,app,delivery,completed
ORD-0225577,R-0525,2026-01-22,56.64,web,delivery,completed
ORD-0225578,R-0525,2026-01-21,16.20,app,delivery,completed
ORD-0225579,R-0525,2026-01-18,16.03,app,delivery,completed
ORD-0225580,R-0525,2026-01-10,16.14,web,delivery,COMPLETED
ORD-0225581,R-0525,2026-01-08,24.61,web,delivery,cancelled
ORD-0225582,R-0525,2026-01-15,12.04,web,pickup,completed
ORD-0225583,R-0525,2026-01-26,10.04,app,pickup,completed
ORD-0225584,R-0525,2026-01-15,21.83,web,delivery,Completed
ORD-0225585,R-0525,2026-01-13,23.01,app,delivery,completed
ORD-0225586,R-0525,2026-01-24,21.65,app,delivery,completed
ORD-0225587,R-0525,2026-01-20,22.58,web,pickup,completed
ORD-0225588,R-0525,2026-01-24,47.30,app,pickup,completed
ORD-0225589,R-0525,2026-01-31,53.92,web,delivery,completed
ORD-0225590,R-0525,2026-01-22,24.87,app,pickup,completed
ORD-0225591,R-0525,2026-01-28,19.22,app,pickup,completed
ORD-0226237,R-0527,2026-01-11,33.57,web,pickup,completed
ORD-0226238,R-0527,2026-01-09,34.45,web,delivery,completed
ORD-0226239,R-0527,2026-01-01,30.87,app,pickup,completed
ORD-0226240,R-0527,2026-01-06,23.46,app,delivery,completed
ORD-0226241,R-0527,2026-01-07,28.28,web,delivery,completed
ORD-0226242,R-0527,2026-01-12,36.38,app,pickup,completed
ORD-0226243,R-0527,2026-01-04,25.82,web,delivery,COMPLETED
ORD-0226244,R-0527,2026-01-31,36.17,app,pickup,completed
ORD-0226245,R-0527,2026-01-03,39.01,web,delivery,completed
ORD-0226246,R-0527,2026-01-11,19.15,web,delivery,completed
ORD-0226247,R-0527,2026-01-03,26.06,web,delivery,cancelled
ORD-0226248,R-0527,2026-01-23,31.90,app,delivery,Completed
ORD-0226249,R-0527,2026-01-24,27.92,web,delivery,completed
ORD-0226250,R-0527,2026-01-16,33.34,web,delivery,completed
ORD-0226251,R-0527,2026-01-19,44.16,web,delivery,completed
ORD-0226252,R-0527,2026-01-23,26.65,web,delivery,completed
ORD-0226648,R-0529,2026-01-05,13.75,app,pickup,completed
ORD-0226649,R-0529,2026-01-04,18.01,app,delivery,Completed
ORD-0226650,R-0529,2026-01-20,24.75,web,pickup,COMPLETED
ORD-0226651,R-0529,2026-01-30,27.10,app,delivery,COMPLETED
ORD-0226652,R-0529,2026-01-25,24.88,app,pickup,completed
ORD-0226653,R-0529,2026-01-08,11.32,app,pickup,completed
ORD-0226654,R-0529,2026-01-09,19.40,app,pickup,completed
ORD-0226655,R-0529,2026-01-26,40.30,app,delivery,completed
ORD-0226656,R-0529,2026-01-04,54.18,app,pickup,completed
ORD-0226657,R-0529,2026-01-30,18.81,app,pickup,completed
ORD-0226658,R-0529,2026-01-12,17.83,web,pickup,completed
ORD-0226659,R-0529,2026-01-01,26.54,app,pickup,completed
ORD-0226660,R-0529,2026-01-31,30.92,app,pickup,completed
ORD-0226661,R-0529,2026-01-23,23.30,app,pickup,completed
ORD-0226662,R-0529,2026-01-07,35.66,web,pickup,completed
ORD-0226663,R-0529,2026-01-03,27.65,app,pickup,completed
ORD-0226664,R-0529,2026-01-30,30.38,web,delivery,COMPLETED
ORD-0226665,R-0529,2026-01-22,16.48,app,pickup,Completed
ORD-0226666,R-0529,2026-01-22,14.48,app,pickup,COMPLETED
ORD-0226667,R-0529,2026-01-11,16.96,app,pickup,COMPLETED
ORD-0226668,R-0529,2026-01-29,37.90,app,delivery,completed
ORD-0226669,R-0529,2026-01-02,24.38,web,pickup,completed
ORD-0226670,R-0529,2026-01-14,11.59,app,pickup,completed
ORD-0226671,R-0529,2026-01-23,23.45,app,pickup,completed
ORD-0226672,R-0529,2026-01-21,25.88,web,delivery,completed
ORD-0226673,R-0529,2026-01-11,22.75,app,pickup,completed
ORD-0226674,R-0529,2026-01-15,34.64,web,delivery,completed
ORD-0226675,R-0529,2026-01-06,8.94,app,pickup,cancelled
ORD-0226676,R-0529,2026-01-18,20.94,web,pickup,completed
ORD-0226677,R-0529,2026-01-26,17.17,app,delivery,completed
ORD-0226678,R-0529,2026-01-18,17.43,web,pickup,completed
ORD-0226679,R-0529,2026-01-08,16.96,app,pickup,completed
ORD-0226680,R-0529,2026-01-17,43.59,web,pickup,COMPLETED
ORD-0226681,R-0529,2026-01-19,24.22,web,pickup,completed
ORD-0226682,R-0529,2026-01-30,24.56,app,pickup,completed
ORD-0226683,R-0529,2026-01-19,22.70,app,pickup,completed
ORD-0226684,R-0529,2026-01-04,17.65,web,delivery,completed
ORD-0226685,R-0529,2026-01-12,23.32,app,pickup,completed
ORD-0226686,R-0529,2026-01-09,23.00,app,delivery,completed
ORD-0226687,R-0529,2026-01-14,30.04,app,pickup,Completed
ORD-0226688,R-0529,2026-01-18,29.36,app,pickup,completed
ORD-0226689,R-0529,2026-01-13,20.37,web,pickup,completed
ORD-0226690,R-0529,2026-01-08,31.62,app,pickup,completed
ORD-0226691,R-0529,2026-01-03,33.18,app,pickup,completed
ORD-0226692,R-0529,2026-01-25,28.32,app,pickup,cancelled
ORD-0226693,R-0529,2026-01-12,21.23,app,pickup,completed
ORD-0226694,R-0529,2026-01-11,8.14,app,pickup,completed
ORD-0226695,R-0529,2026-01-02,19.47,web,delivery,COMPLETED
ORD-0226696,R-0529,2026-01-19,19.25,app,pickup,completed
ORD-0226697,R-0529,2026-01-16,17.59,web,pickup,completed
ORD-0226698,R-0529,2026-01-28,13.92,web,pickup,completed
ORD-0226699,R-0529,2026-01-10,25.80,app,delivery,completed
ORD-0226700,R-0529,2026-01-14,23.12,app,pickup,completed
ORD-0226701,R-0529,2026-01-27,16.32,web,delivery,completed
ORD-0226702,R-0529,2026-01-03,21.32,app,pickup,completed
ORD-0226703,R-0529,2026-01-03,61.71,web,pickup,completed
ORD-0227340,R-0530,2026-01-29,22.30,app,delivery,completed
ORD-0227341,R-0530,2026-01-26,63.12,web,delivery,completed
ORD-0227342,R-0530,2026-01-20,41.28,web,pickup,Completed
ORD-0227343,R-0530,2026-01-17,32.61,app,delivery,completed
ORD-0227344,R-0530,2026-01-17,24.37,app,pickup,COMPLETED
ORD-0227345,R-0530,2026-01-03,67.31,app,pickup,completed
ORD-0227346,R-0530,2026-01-17,73.62,app,delivery,completed
ORD-0227347,R-0530,2026-01-24,65.12,app,pickup,completed
ORD-0227348,R-0530,2026-01-10,52.26,web,delivery,completed
ORD-0227349,R-0530,2026-01-19,18.99,app,delivery,completed
ORD-0227350,R-0530,2026-01-02,30.85,web,delivery,completed
ORD-0227351,R-0530,2026-01-09,26.71,web,pickup,completed
ORD-0227352,R-0530,2026-01-18,23.39,web,delivery,completed
ORD-0227353,R-0530,2026-01-14,58.50,web,delivery,COMPLETED
ORD-0227354,R-0530,2026-01-07,28.53,app,delivery,completed
ORD-0227355,R-0530,2026-01-13,36.80,web,pickup,completed
ORD-0227356,R-0530,2026-01-19,31.84,web,delivery,Completed
ORD-0227357,R-0530,2026-01-06,62.32,web,delivery,completed
ORD-0227358,R-0530,2026-01-14,26.02,app,pickup,COMPLETED
ORD-0227359,R-0530,2026-01-02,54.16,web,delivery,COMPLETED
ORD-0227360,R-0530,2026-01-09,46.40,app,pickup,completed
ORD-0227361,R-0530,2026-01-27,60.03,web,delivery,completed
ORD-0227362,R-0530,2026-01-26,36.12,app,delivery,cancelled
ORD-0227363,R-0530,2026-01-10,38.51,web,delivery,completed
ORD-0227364,R-0530,2026-01-07,23.24,web,pickup,completed
ORD-0227365,R-0530,2026-01-11,39.46,app,delivery,completed
ORD-0227366,R-0530,2026-01-24,36.28,web,pickup,Completed
ORD-0227775,R-0531,2026-01-27,29.13,web,pickup,COMPLETED
ORD-0227776,R-0531,2026-01-17,42.72,web,pickup,completed
ORD-0227777,R-0531,2026-01-12,19.85,app,pickup,Completed
ORD-0227778,R-0531,2026-01-26,35.35,web,pickup,completed
ORD-0227779,R-0531,2026-01-23,27.13,web,pickup,completed
ORD-0227780,R-0531,2026-01-31,23.53,app,delivery,completed
ORD-0227781,R-0531,2026-01-20,38.11,web,delivery,completed
ORD-0227782,R-0531,2026-01-17,22.57,web,pickup,completed
ORD-0227783,R-0531,2026-01-10,30.34,app,pickup,completed
ORD-0227784,R-0531,2026-01-09,37.75,web,delivery,completed
ORD-0227785,R-0531,2026-01-17,19.98,web,delivery,completed
ORD-0227786,R-0531,2026-01-14,25.16,web,delivery,completed
ORD-0227787,R-0531,2026-01-17,20.45,web,delivery,Completed
ORD-0227788,R-0531,2026-01-16,29.79,app,pickup,completed
ORD-0227789,R-0531,2026-01-21,27.43,app,pickup,completed
ORD-0227790,R-0531,2026-01-16,34.43,app,pickup,completed
ORD-0227791,R-0531,2026-01-31,30.78,web,delivery,completed
ORD-0227792,R-0531,2026-01-27,21.61,web,delivery,completed
ORD-0227793,R-0531,2026-01-14,20.26,web,pickup,completed
ORD-0227794,R-0531,2026-01-27,20.25,app,delivery,completed
ORD-0227795,R-0531,2026-01-02,30.09,web,delivery,completed
ORD-0227796,R-0531,2026-01-17,39.85,app,pickup,completed
ORD-0227797,R-0531,2026-01-23,35.68,web,delivery,completed
ORD-0227798,R-0531,2026-01-28,27.03,app,pickup,completed
ORD-0227799,R-0531,2026-01-27,34.42,app,pickup,completed
ORD-0227800,R-0531,2026-01-01,32.27,app,delivery,completed
ORD-0227801,R-0531,2026-01-31,31.37,app,delivery,COMPLETED
ORD-0227802,R-0531,2026-01-30,48.96,app,pickup,completed
ORD-0227803,R-0531,2026-01-10,18.31,web,delivery,completed
ORD-0227804,R-0531,2026-01-09,37.82,web,delivery,completed
ORD-0228412,R-0533,2026-01-02,26.45,web,pickup,completed
ORD-0228413,R-0533,2026-01-25,52.86,web,delivery,cancelled
ORD-0228414,R-0533,2026-01-02,15.37,web,delivery,completed
ORD-0228415,R-0533,2026-01-30,21.88,app,delivery,completed
ORD-0228416,R-0533,2026-01-14,21.44,app,delivery,completed
ORD-0228417,R-0533,2026-01-31,27.58,web,delivery,completed
ORD-0228418,R-0533,2026-01-15,22.63,web,delivery,completed
ORD-0228419,R-0533,2026-01-11,14.13,app,delivery,completed
ORD-0228420,R-0533,2026-01-18,40.59,web,delivery,completed
ORD-0228421,R-0533,2026-01-02,15.28,web,delivery,completed
ORD-0228422,R-0533,2026-01-16,29.32,web,delivery,Completed
ORD-0228423,R-0533,2026-01-28,11.01,web,delivery,Completed
ORD-0228424,R-0533,2026-01-08,16.14,web,delivery,completed
ORD-0228425,R-0533,2026-01-16,21.12,app,delivery,completed
ORD-0228426,R-0533,2026-01-17,28.41,app,delivery,completed
ORD-0228427,R-0533,2026-01-26,28.39,web,delivery,COMPLETED
ORD-0228428,R-0533,2026-01-29,7.91,web,pickup,completed
ORD-0228429,R-0533,2026-01-03,26.21,web,pickup,completed
ORD-0228430,R-0533,2026-01-23,14.38,web,pickup,completed
ORD-0228431,R-0533,2026-01-11,34.04,web,delivery,completed
ORD-0228432,R-0533,2026-01-03,16.53,web,delivery,completed
ORD-0228433,R-0533,2026-01-18,17.62,web,delivery,completed
ORD-0228434,R-0533,2026-01-19,9.39,web,pickup,completed
ORD-0228435,R-0533,2026-01-03,17.16,app,delivery,completed
ORD-0228436,R-0533,2026-01-03,19.05,app,delivery,completed
ORD-0228437,R-0533,2026-01-19,19.21,app,delivery,cancelled
ORD-0228438,R-0533,2026-01-05,17.11,web,pickup,completed
ORD-0228439,R-0533,2026-01-16,28.16,app,delivery,completed
ORD-0228440,R-0533,2026-01-02,39.17,app,delivery,completed
ORD-0228441,R-0533,2026-01-07,19.99,web,delivery,completed
ORD-0228442,R-0533,2026-01-09,16.06,web,delivery,completed
ORD-0228443,R-0533,2026-01-03,24.72,web,delivery,completed
ORD-0228444,R-0533,2026-01-03,29.26,app,delivery,completed
ORD-0228445,R-0533,2026-01-14,29.09,app,pickup,completed
ORD-0228446,R-0533,2026-01-25,18.68,app,delivery,completed
ORD-0228447,R-0533,2026-01-18,19.76,web,delivery,COMPLETED
ORD-0228448,R-0533,2026-01-02,22.27,web,delivery,completed
ORD-0228449,R-0533,2026-01-23,17.18,web,delivery,completed
ORD-0228450,R-0533,2026-01-23,13.19,web,delivery,completed
ORD-0228451,R-0533,2026-01-21,27.23,web,delivery,completed
ORD-0228452,R-0533,2026-01-28,28.97,app,pickup,completed
ORD-0228453,R-0533,2026-01-17,32.50,app,delivery,completed
ORD-0228454,R-0533,2026-01-08,34.94,app,delivery,completed
ORD-0228455,R-0533,2026-01-24,38.79,web,delivery,completed
ORD-0228456,R-0533,2026-01-18,21.80,app,delivery,completed
ORD-0228457,R-0533,2026-01-24,44.30,web,delivery,completed
ORD-0228458,R-0533,2026-01-26,22.65,web,delivery,completed
ORD-0228459,R-0533,2026-01-30,41.31,web,delivery,completed
ORD-0228460,R-0533,2026-01-06,38.76,app,delivery,cancelled
ORD-0228461,R-0533,2026-01-02,24.75,web,pickup,cancelled
ORD-0228462,R-0533,2026-01-31,36.64,web,delivery,completed
ORD-0228463,R-0533,2026-01-16,25.04,web,delivery,cancelled
ORD-0228464,R-0533,2026-01-13,14.04,web,delivery,completed
ORD-0228465,R-0533,2026-01-11,24.21,web,delivery,completed
ORD-0228466,R-0533,2026-01-16,25.51,web,delivery,completed
ORD-0228467,R-0533,2026-01-11,19.16,web,delivery,completed
ORD-0228468,R-0533,2026-01-29,26.53,web,delivery,completed
ORD-0228469,R-0533,2026-01-04,24.61,web,delivery,completed
ORD-0228470,R-0533,2026-01-05,37.10,web,pickup,completed
ORD-0228471,R-0533,2026-01-09,19.17,web,delivery,completed
ORD-0228472,R-0533,2026-01-28,37.81,app,delivery,completed
ORD-0228473,R-0533,2026-01-14,19.31,app,delivery,Completed
ORD-0228474,R-0533,2026-01-31,16.36,app,delivery,completed
ORD-0228475,R-0533,2026-01-14,16.92,web,delivery,completed
ORD-0228476,R-0533,2026-01-14,19.46,web,pickup,COMPLETED
ORD-0228477,R-0533,2026-01-19,22.70,app,delivery,completed
ORD-0228478,R-0533,2026-01-08,23.01,app,delivery,completed
ORD-0228479,R-0533,2026-01-18,21.46,web,delivery,completed
ORD-0228480,R-0533,2026-01-03,18.65,web,delivery,completed
ORD-0228481,R-0533,2026-01-24,28.97,app,pickup,completed
ORD-0228482,R-0533,2026-01-04,16.78,app,delivery,COMPLETED
ORD-0228483,R-0533,2026-01-31,16.88,app,pickup,completed
ORD-0228484,R-0533,2026-01-09,22.86,app,delivery,completed
ORD-0228485,R-0533,2026-01-23,20.54,web,delivery,completed
ORD-0228486,R-0533,2026-01-15,24.33,web,delivery,completed
ORD-0229669,R-0535,2026-01-24,17.92,web,delivery,completed
ORD-0229670,R-0535,2026-01-28,41.30,app,pickup,completed
ORD-0229671,R-0535,2026-01-03,27.27,app,delivery,completed
ORD-0229672,R-0535,2026-01-18,22.54,app,pickup,completed
ORD-0229673,R-0535,2026-01-04,20.45,web,pickup,completed
ORD-0229674,R-0535,2026-01-27,27.75,app,delivery,completed
ORD-0229675,R-0535,2026-01-19,28.68,web,pickup,completed
ORD-0229676,R-0535,2026-01-06,22.18,web,pickup,refunded
ORD-0229677,R-0535,2026-01-18,26.91,web,delivery,completed
ORD-0229678,R-0535,2026-01-31,25.63,web,pickup,completed
ORD-0229679,R-0535,2026-01-19,26.78,app,pickup,completed
ORD-0229680,R-0535,2026-01-21,21.42,app,pickup,completed
ORD-0229681,R-0535,2026-01-05,37.08,web,pickup,cancelled
ORD-0229682,R-0535,2026-01-24,28.77,app,delivery,completed
ORD-0229683,R-0535,2026-01-22,29.52,web,delivery,completed
ORD-0229684,R-0535,2026-01-21,34.14,web,delivery,completed
ORD-0229685,R-0535,2026-01-03,35.96,app,delivery,completed
ORD-0229686,R-0535,2026-01-16,35.75,app,delivery,completed
ORD-0229687,R-0535,2026-01-09,38.74,app,delivery,cancelled
ORD-0229688,R-0535,2026-01-02,44.54,web,pickup,completed
ORD-0229689,R-0535,2026-01-15,46.13,app,pickup,completed
ORD-0229690,R-0535,2026-01-24,25.31,web,pickup,Completed
ORD-0229691,R-0535,2026-01-18,42.28,app,delivery,completed
ORD-0229692,R-0535,2026-01-24,32.37,web,pickup,completed
ORD-0229693,R-0535,2026-01-16,41.99,app,pickup,completed
ORD-0229694,R-0535,2026-01-28,30.48,app,delivery,completed
ORD-0229695,R-0535,2026-01-31,28.45,app,pickup,cancelled
ORD-0229696,R-0535,2026-01-28,20.89,app,pickup,completed
ORD-0229697,R-0535,2026-01-03,29.60,app,delivery,completed
ORD-0229698,R-0535,2026-01-15,17.83,web,delivery,completed
ORD-0229699,R-0535,2026-01-26,32.05,web,pickup,completed
ORD-0229700,R-0535,2026-01-16,22.29,app,delivery,completed
ORD-0229701,R-0535,2026-01-23,39.44,app,pickup,COMPLETED
ORD-0229702,R-0535,2026-01-07,35.76,app,delivery,COMPLETED
ORD-0229703,R-0535,2026-01-17,27.47,app,delivery,completed
ORD-0229704,R-0535,2026-01-05,22.48,app,delivery,completed
ORD-0229705,R-0535,2026-01-29,40.56,app,pickup,COMPLETED
ORD-0229706,R-0535,2026-01-28,14.59,web,pickup,completed
ORD-0229707,R-0535,2026-01-15,15.34,web,pickup,completed
ORD-0229708,R-0535,2026-01-17,30.08,web,delivery,completed
ORD-0229709,R-0535,2026-01-30,17.96,app,pickup,COMPLETED
ORD-0229710,R-0535,2026-01-18,34.18,app,delivery,completed
ORD-0229711,R-0535,2026-01-31,24.80,app,delivery,completed
ORD-0229712,R-0535,2026-01-31,19.29,app,delivery,cancelled
ORD-0229713,R-0535,2026-01-03,31.86,app,delivery,completed
ORD-0229714,R-0535,2026-01-21,25.73,web,delivery,completed
ORD-0229715,R-0535,2026-01-19,23.64,app,pickup,completed
ORD-0229716,R-0535,2026-01-25,23.41,web,delivery,completed
ORD-0229717,R-0535,2026-01-09,36.11,app,pickup,completed
ORD-0229718,R-0535,2026-01-20,25.94,web,delivery,completed
ORD-0229719,R-0535,2026-01-27,32.72,app,delivery,completed
ORD-0229720,R-0535,2026-01-18,38.41,app,pickup,completed
ORD-0229721,R-0535,2026-01-16,25.00,app,delivery,completed
ORD-0229722,R-0535,2026-01-29,27.84,web,delivery,completed
ORD-0229723,R-0535,2026-01-17,39.44,web,delivery,completed
ORD-0229724,R-0535,2026-01-03,26.88,web,delivery,cancelled
ORD-0229725,R-0535,2026-01-13,27.28,web,pickup,completed
ORD-0229726,R-0535,2026-01-19,12.58,app,delivery,COMPLETED
ORD-0229727,R-0535,2026-01-02,38.17,app,delivery,completed
ORD-0229728,R-0535,2026-01-11,30.18,app,pickup,completed
ORD-0229729,R-0535,2026-01-09,30.51,app,delivery,completed
ORD-0229730,R-0535,2026-01-10,34.29,web,pickup,completed
ORD-0229731,R-0535,2026-01-20,42.92,app,delivery,completed
ORD-0229732,R-0535,2026-01-11,15.70,web,pickup,completed
ORD-0229733,R-0535,2026-01-28,38.85,web,delivery,completed
ORD-0229734,R-0535,2026-01-24,38.90,app,delivery,completed
ORD-0229735,R-0535,2026-01-17,21.56,app,pickup,completed
ORD-0229736,R-0535,2026-01-24,18.27,app,pickup,completed
ORD-0229737,R-0535,2026-01-16,21.11,app,pickup,completed
ORD-0229738,R-0535,2026-01-23,21.21,app,delivery,completed
ORD-0230014,R-0536,2026-01-12,20.73,app,pickup,completed
ORD-0230015,R-0536,2026-01-22,39.48,app,delivery,completed
ORD-0230016,R-0536,2026-01-16,19.79,app,pickup,refunded
ORD-0230017,R-0536,2026-01-31,52.22,app,delivery,completed
ORD-0230018,R-0536,2026-01-22,27.22,web,delivery,Completed
ORD-0230019,R-0536,2026-01-31,17.21,web,delivery,completed
ORD-0230020,R-0536,2026-01-16,63.56,app,delivery,completed
ORD-0230021,R-0536,2026-01-19,18.78,web,delivery,completed
ORD-0230022,R-0536,2026-01-05,21.28,web,delivery,completed
ORD-0230023,R-0536,2026-01-17,21.81,web,delivery,completed
ORD-0230024,R-0536,2026-01-26,19.89,app,pickup,completed
ORD-0230025,R-0536,2026-01-01,21.47,app,delivery,completed
ORD-0230026,R-0536,2026-01-02,33.59,app,delivery,completed
ORD-0230027,R-0536,2026-01-19,26.78,app,delivery,completed
ORD-0230028,R-0536,2026-01-31,17.16,web,delivery,completed
ORD-0230029,R-0536,2026-01-29,22.95,web,delivery,COMPLETED
ORD-0230030,R-0536,2026-01-24,35.04,web,delivery,Completed
ORD-0230031,R-0536,2026-01-08,28.92,app,delivery,completed
ORD-0230032,R-0536,2026-01-08,14.01,app,delivery,completed
ORD-0230033,R-0536,2026-01-17,25.36,app,delivery,cancelled
ORD-0230034,R-0536,2026-01-23,20.15,app,delivery,COMPLETED
ORD-0230035,R-0536,2026-01-09,19.81,app,delivery,completed
ORD-0230036,R-0536,2026-01-31,31.56,app,delivery,completed
ORD-0230037,R-0536,2026-01-26,24.24,app,delivery,completed
ORD-0230038,R-0536,2026-01-10,27.35,app,delivery,completed
ORD-0230039,R-0536,2026-01-16,36.50,web,delivery,refunded
ORD-0230040,R-0536,2026-01-29,13.06,web,pickup,COMPLETED
ORD-0230041,R-0536,2026-01-27,17.51,app,delivery,completed
ORD-0230042,R-0536,2026-01-07,18.73,web,pickup,completed
ORD-0230043,R-0536,2026-01-15,12.05,web,delivery,completed
ORD-0230044,R-0536,2026-01-28,18.74,app,delivery,completed
ORD-0230045,R-0536,2026-01-06,21.35,web,delivery,Cancelled
ORD-0230046,R-0536,2026-01-06,15.54,app,pickup,completed
ORD-0230047,R-0536,2026-01-25,43.91,app,delivery,completed
ORD-0230048,R-0536,2026-01-01,34.86,app,pickup,completed
ORD-0231421,R-0538,2026-01-08,26.76,app,delivery,completed
ORD-0231422,R-0538,2026-01-12,20.09,web,pickup,completed
ORD-0231423,R-0538,2026-01-11,25.55,web,delivery,completed
ORD-0231424,R-0538,2026-01-01,23.71,web,pickup,completed
ORD-0231425,R-0538,2026-01-17,28.03,web,delivery,completed
ORD-0231426,R-0538,2026-01-18,18.22,app,pickup,completed
ORD-0231427,R-0538,2026-01-04,21.42,app,pickup,cancelled
ORD-0231428,R-0538,2026-01-02,27.93,web,delivery,completed
ORD-0231429,R-0538,2026-01-13,46.08,web,delivery,COMPLETED
ORD-0231430,R-0538,2026-01-23,17.73,web,pickup,completed
ORD-0231431,R-0538,2026-01-16,33.22,app,pickup,completed
ORD-0231432,R-0538,2026-01-03,41.69,app,delivery,completed
ORD-0231433,R-0538,2026-01-22,23.13,web,delivery,COMPLETED
ORD-0231434,R-0538,2026-01-15,19.15,web,pickup,completed
ORD-0231435,R-0538,2026-01-23,40.21,web,delivery,completed
ORD-0231436,R-0538,2026-01-18,23.31,web,delivery,completed
ORD-0231437,R-0538,2026-01-09,38.08,web,pickup,completed
ORD-0231438,R-0538,2026-01-10,37.19,web,pickup,cancelled
ORD-0231439,R-0538,2026-01-28,23.15,web,delivery,completed
ORD-0231440,R-0538,2026-01-26,48.10,web,pickup,completed
ORD-0231441,R-0538,2026-01-17,18.21,web,pickup,completed
ORD-0231442,R-0538,2026-01-19,37.01,web,pickup,completed
ORD-0231443,R-0538,2026-01-02,30.38,app,pickup,completed
ORD-0231444,R-0538,2026-01-10,39.09,app,delivery,cancelled
ORD-0231445,R-0538,2026-01-29,42.27,app,delivery,completed
ORD-0231446,R-0538,2026-01-29,29.33,app,pickup,COMPLETED
ORD-0231447,R-0538,2026-01-05,36.64,web,pickup,completed
ORD-0231448,R-0538,2026-01-03,42.03,app,pickup,completed
ORD-0231449,R-0538,2026-01-13,31.36,web,delivery,completed
ORD-0231450,R-0538,2026-01-08,29.42,app,pickup,Completed
ORD-0231451,R-0538,2026-01-12,26.67,app,pickup,completed
ORD-0231452,R-0538,2026-01-24,26.64,app,pickup,completed
ORD-0231453,R-0538,2026-01-07,25.23,web,pickup,completed
ORD-0231454,R-0538,2026-01-16,25.21,web,pickup,completed
ORD-0231455,R-0538,2026-01-01,29.25,app,pickup,completed
ORD-0231456,R-0538,2026-01-27,60.41,app,pickup,COMPLETED
ORD-0231457,R-0538,2026-01-01,16.12,web,pickup,completed
ORD-0231458,R-0538,2026-01-01,30.04,web,delivery,cancelled
ORD-0231459,R-0538,2026-01-02,19.61,web,delivery,completed
ORD-0231460,R-0538,2026-01-02,24.37,web,delivery,completed
ORD-0231461,R-0538,2026-01-26,36.30,app,pickup,completed
ORD-0231462,R-0538,2026-01-15,31.38,web,delivery,completed
ORD-0231463,R-0538,2026-01-09,38.76,app,delivery,Completed
ORD-0231464,R-0538,2026-01-22,13.64,web,delivery,completed
ORD-0231465,R-0538,2026-01-09,39.60,app,delivery,completed
ORD-0231466,R-0538,2026-01-17,21.93,app,pickup,completed
ORD-0231467,R-0538,2026-01-05,20.64,web,pickup,Completed
ORD-0231468,R-0538,2026-01-11,21.60,app,delivery,completed
ORD-0231469,R-0538,2026-01-10,45.10,app,delivery,completed
ORD-0231470,R-0538,2026-01-10,37.74,app,pickup,completed
ORD-0231471,R-0538,2026-01-19,45.89,app,pickup,completed
ORD-0231472,R-0538,2026-01-18,35.24,web,pickup,completed
ORD-0231473,R-0538,2026-01-15,27.93,web,delivery,completed
ORD-0231474,R-0538,2026-01-12,29.10,web,pickup,completed
ORD-0231475,R-0538,2026-01-03,25.38,app,delivery,COMPLETED
ORD-0231476,R-0538,2026-01-24,30.56,web,delivery,completed
ORD-0231477,R-0538,2026-01-29,28.93,app,pickup,completed
ORD-0231478,R-0538,2026-01-11,49.15,web,pickup,COMPLETED
ORD-0231479,R-0538,2026-01-16,35.52,app,delivery,completed
ORD-0231480,R-0538,2026-01-17,30.82,app,pickup,completed
ORD-0231481,R-0538,2026-01-31,27.05,app,pickup,cancelled
ORD-0231482,R-0538,2026-01-20,33.76,app,pickup,completed
ORD-0231483,R-0538,2026-01-06,15.73,web,delivery,completed
ORD-0231484,R-0538,2026-01-31,26.93,web,delivery,completed
ORD-0231485,R-0538,2026-01-10,44.52,app,delivery,completed
ORD-0231486,R-0538,2026-01-21,21.99,web,pickup,completed
ORD-0231487,R-0538,2026-01-04,38.48,web,pickup,completed
ORD-0231488,R-0538,2026-01-22,17.47,app,pickup,completed
ORD-0231489,R-0538,2026-01-07,24.82,web,delivery,completed
ORD-0231490,R-0538,2026-01-31,45.35,app,delivery,Completed
ORD-0231491,R-0538,2026-01-25,43.35,app,pickup,COMPLETED
ORD-0231492,R-0538,2026-01-10,41.61,web,delivery,completed
ORD-0231493,R-0538,2026-01-26,23.71,web,delivery,completed
ORD-0231494,R-0538,2026-01-03,31.78,web,delivery,completed
ORD-0231495,R-0538,2026-01-02,35.19,web,pickup,completed
ORD-0231496,R-0538,2026-01-21,30.04,web,pickup,completed
ORD-0231497,R-0538,2026-01-24,28.41,web,pickup,completed
ORD-0231498,R-0538,2026-01-13,33.67,app,delivery,completed
ORD-0231499,R-0538,2026-01-26,25.68,app,pickup,completed
ORD-0231500,R-0538,2026-01-31,30.69,app,delivery,completed
ORD-0231501,R-0538,2026-01-19,28.83,web,pickup,completed
ORD-0231502,R-0538,2026-01-26,14.85,web,delivery,completed
ORD-0231503,R-0538,2026-01-21,22.40,web,pickup,completed
ORD-0231504,R-0538,2026-01-24,18.34,app,delivery,completed
ORD-0231505,R-0538,2026-01-16,27.95,web,pickup,completed
ORD-0231506,R-0538,2026-01-22,21.18,web,delivery,completed
ORD-0231507,R-0538,2026-01-17,27.75,web,pickup,completed
ORD-0231508,R-0538,2026-01-27,33.73,web,pickup,completed
ORD-0231509,R-0538,2026-01-03,43.23,web,pickup,completed
ORD-0231510,R-0538,2026-01-13,18.07,app,delivery,completed
ORD-0231511,R-0538,2026-01-16,30.05,app,delivery,completed
ORD-0231512,R-0538,2026-01-04,26.18,app,delivery,completed
ORD-0231513,R-0538,2026-01-24,24.61,app,delivery,completed
ORD-0231514,R-0538,2026-01-29,35.11,app,pickup,completed
ORD-0231515,R-0538,2026-01-03,17.01,app,delivery,completed
ORD-0231516,R-0538,2026-01-17,46.26,web,delivery,completed
ORD-0231517,R-0538,2026-01-29,19.37,web,delivery,cancelled
ORD-0231518,R-0538,2026-01-07,24.25,app,delivery,completed
ORD-0231519,R-0538,2026-01-25,35.29,app,pickup,completed
ORD-0231520,R-0538,2026-01-09,33.03,web,delivery,Cancelled
ORD-0231521,R-0538,2026-01-28,18.63,web,pickup,completed
ORD-0231522,R-0538,2026-01-03,14.09,web,pickup,completed
ORD-0231523,R-0538,2026-01-03,32.94,app,pickup,completed
ORD-0231524,R-0538,2026-01-07,39.34,web,delivery,COMPLETED
ORD-0231525,R-0538,2026-01-27,21.14,app,pickup,completed
ORD-0231526,R-0538,2026-01-25,33.77,app,delivery,refunded
ORD-0231527,R-0538,2026-01-01,26.96,app,delivery,completed
ORD-0231528,R-0538,2026-01-27,25.97,web,pickup,completed
ORD-0231529,R-0538,2026-01-01,31.31,web,pickup,completed
ORD-0231530,R-0538,2026-01-13,23.98,web,pickup,completed
ORD-0231531,R-0538,2026-01-18,19.53,web,pickup,completed
ORD-0231532,R-0538,2026-01-17,20.37,app,delivery,completed
ORD-0231533,R-0538,2026-01-20,22.91,web,pickup,completed
ORD-0231534,R-0538,2026-01-24,22.85,web,delivery,completed
ORD-0231535,R-0538,2026-01-02,39.80,web,pickup,completed
ORD-0231536,R-0538,2026-01-24,30.09,web,delivery,refunded
ORD-0231537,R-0538,2026-01-02,28.72,app,pickup,completed
ORD-0231538,R-0538,2026-01-14,27.77,web,pickup,Completed
ORD-0231539,R-0538,2026-01-18,26.77,app,pickup,COMPLETED
ORD-0231540,R-0538,2026-01-31,14.11,web,delivery,completed
ORD-0231541,R-0538,2026-01-10,43.46,app,delivery,completed
ORD-0231542,R-0538,2026-01-01,27.92,app,delivery,completed
ORD-0231543,R-0538,2026-01-28,22.41,web,delivery,completed
ORD-0231544,R-0538,2026-01-27,26.21,web,pickup,completed
ORD-0231545,R-0538,2026-01-23,27.58,app,delivery,COMPLETED
ORD-0231546,R-0538,2026-01-16,37.33,web,delivery,cancelled
ORD-0231547,R-0538,2026-01-04,58.95,web,delivery,completed
ORD-0231548,R-0538,2026-01-18,30.05,app,pickup,completed
ORD-0231549,R-0538,2026-01-27,26.79,web,pickup,completed
ORD-0231550,R-0538,2026-01-05,45.96,app,delivery,completed
ORD-0231551,R-0538,2026-01-25,35.90,web,delivery,completed
ORD-0231552,R-0538,2026-01-16,23.45,web,pickup,Completed
ORD-0231553,R-0538,2026-01-14,29.04,app,pickup,completed
ORD-0231554,R-0538,2026-01-23,33.05,web,delivery,completed
ORD-0231555,R-0538,2026-01-31,22.90,web,delivery,completed
ORD-0231556,R-0538,2026-01-26,28.96,web,delivery,completed
ORD-0231557,R-0538,2026-01-02,27.00,web,pickup,completed
ORD-0232458,R-0539,2026-01-31,25.66,web,delivery,completed
ORD-0232459,R-0539,2026-01-02,18.97,web,delivery,completed
ORD-0232460,R-0539,2026-01-04,22.64,web,pickup,completed
ORD-0232461,R-0539,2026-01-31,20.90,web,pickup,completed
ORD-0232462,R-0539,2026-01-10,14.97,web,pickup,completed
ORD-0232463,R-0539,2026-01-29,19.45,web,pickup,completed
ORD-0232464,R-0539,2026-01-03,28.64,web,pickup,completed
ORD-0232465,R-0539,2026-01-24,18.32,app,pickup,Completed
ORD-0232466,R-0539,2026-01-17,20.38,app,delivery,completed
ORD-0232467,R-0539,2026-01-11,23.71,web,pickup,completed
ORD-0232468,R-0539,2026-01-18,29.18,app,delivery,completed
ORD-0232469,R-0539,2026-01-10,30.82,web,pickup,completed
ORD-0232470,R-0539,2026-01-28,34.94,app,pickup,Completed
ORD-0232471,R-0539,2026-01-19,30.16,app,delivery,COMPLETED
ORD-0232472,R-0539,2026-01-25,20.85,app,pickup,Completed
ORD-0232473,R-0539,2026-01-08,23.49,web,pickup,Completed
ORD-0232474,R-0539,2026-01-12,23.47,app,pickup,completed
ORD-0232475,R-0539,2026-01-02,17.61,app,pickup,completed
ORD-0232476,R-0539,2026-01-22,10.08,app,delivery,COMPLETED
ORD-0232477,R-0539,2026-01-11,33.39,app,pickup,completed
ORD-0232478,R-0539,2026-01-25,14.25,web,pickup,completed
ORD-0232479,R-0539,2026-01-04,29.10,web,delivery,completed
ORD-0232480,R-0539,2026-01-16,19.17,web,delivery,completed
ORD-0232481,R-0539,2026-01-22,31.94,app,pickup,completed
ORD-0232482,R-0539,2026-01-04,22.40,app,pickup,Completed
ORD-0232483,R-0539,2026-01-11,13.83,web,pickup,completed
ORD-0232484,R-0539,2026-01-27,27.40,web,delivery,completed
ORD-0232485,R-0539,2026-01-16,30.56,web,pickup,COMPLETED
ORD-0232486,R-0539,2026-01-02,13.66,web,delivery,completed
ORD-0232487,R-0539,2026-01-09,28.07,web,pickup,completed
ORD-0232488,R-0539,2026-01-23,14.25,web,pickup,completed
ORD-0232489,R-0539,2026-01-31,23.21,web,delivery,cancelled
ORD-0232490,R-0539,2026-01-21,14.53,web,pickup,Completed
ORD-0232491,R-0539,2026-01-21,10.50,app,pickup,completed
ORD-0232492,R-0539,2026-01-18,23.73,web,delivery,completed
ORD-0232493,R-0539,2026-01-11,12.48,app,pickup,completed
ORD-0232494,R-0539,2026-01-10,21.75,web,pickup,completed
ORD-0232495,R-0539,2026-01-27,12.46,web,pickup,completed
ORD-0232496,R-0539,2026-01-10,24.01,app,pickup,completed
ORD-0232497,R-0539,2026-01-16,19.49,app,pickup,completed
ORD-0232498,R-0539,2026-01-07,17.27,web,delivery,completed
ORD-0232499,R-0539,2026-01-19,18.03,web,delivery,completed
ORD-0232500,R-0539,2026-01-13,14.43,web,pickup,completed
ORD-0232501,R-0539,2026-01-17,17.31,web,pickup,COMPLETED
ORD-0232502,R-0539,2026-01-12,18.06,web,delivery,completed
ORD-0232503,R-0539,2026-01-03,18.09,app,pickup,completed
ORD-0232504,R-0539,2026-01-13,15.53,web,delivery,completed
ORD-0232505,R-0539,2026-01-23,24.39,web,delivery,Completed
ORD-0232506,R-0539,2026-01-23,19.70,app,delivery,completed
ORD-0232507,R-0539,2026-01-17,33.33,web,pickup,completed
ORD-0232508,R-0539,2026-01-06,22.97,web,pickup,completed
ORD-0232509,R-0539,2026-01-07,23.77,web,delivery,completed
ORD-0232510,R-0539,2026-01-28,13.15,web,delivery,completed
ORD-0232511,R-0539,2026-01-13,15.50,web,delivery,COMPLETED
ORD-0232512,R-0539,2026-01-16,20.18,web,pickup,completed
ORD-0232513,R-0539,2026-01-16,23.72,web,pickup,completed
ORD-0232514,R-0539,2026-01-07,23.60,web,pickup,COMPLETED
ORD-0232515,R-0539,2026-01-19,34.97,app,pickup,completed
ORD-0232516,R-0539,2026-01-15,22.40,web,delivery,completed
ORD-0232517,R-0539,2026-01-29,16.79,app,pickup,completed
ORD-0232518,R-0539,2026-01-08,16.50,web,pickup,completed
ORD-0232519,R-0539,2026-01-09,20.02,app,pickup,completed
ORD-0232520,R-0539,2026-01-05,12.41,app,delivery,COMPLETED
ORD-0232521,R-0539,2026-01-01,22.97,app,delivery,completed
ORD-0232522,R-0539,2026-01-02,24.69,app,pickup,completed
ORD-0232523,R-0539,2026-01-19,22.62,web,delivery,completed
ORD-0232524,R-0539,2026-01-14,21.48,app,delivery,completed
ORD-0232525,R-0539,2026-01-22,25.14,web,pickup,completed
ORD-0232526,R-0539,2026-01-10,20.16,web,pickup,completed
ORD-0232527,R-0539,2026-01-01,15.24,app,pickup,completed
ORD-0232528,R-0539,2026-01-10,20.41,app,pickup,completed
ORD-0232529,R-0539,2026-01-22,21.02,app,pickup,completed
ORD-0232530,R-0539,2026-01-31,24.48,app,pickup,completed
ORD-0232531,R-0539,2026-01-12,24.63,web,pickup,completed
ORD-0232532,R-0539,2026-01-21,37.86,web,delivery,completed
ORD-0232533,R-0539,2026-01-17,20.00,app,pickup,completed
ORD-0232534,R-0539,2026-01-30,18.25,web,pickup,completed
ORD-0232535,R-0539,2026-01-02,19.95,app,delivery,completed
ORD-0232536,R-0539,2026-01-17,21.99,web,pickup,completed
ORD-0232537,R-0539,2026-01-16,24.42,web,pickup,completed
ORD-0232538,R-0539,2026-01-16,24.94,web,pickup,COMPLETED
ORD-0232539,R-0539,2026-01-30,31.79,web,delivery,completed
ORD-0232540,R-0539,2026-01-24,19.93,app,pickup,completed
ORD-0233878,R-0541,2026-01-23,27.86,web,pickup,completed
ORD-0233879,R-0541,2026-01-14,21.81,web,pickup,completed
ORD-0233880,R-0541,2026-01-19,27.81,web,delivery,completed
ORD-0233881,R-0541,2026-01-17,16.78,app,delivery,completed
ORD-0233882,R-0541,2026-01-30,29.09,app,pickup,completed
ORD-0233883,R-0541,2026-01-18,22.11,app,pickup,completed
ORD-0233884,R-0541,2026-01-12,30.82,web,delivery,completed
ORD-0233885,R-0541,2026-01-18,44.77,app,delivery,Completed
ORD-0233886,R-0541,2026-01-15,39.72,app,pickup,completed
ORD-0233887,R-0541,2026-01-16,31.35,web,delivery,cancelled
ORD-0233888,R-0541,2026-01-19,15.71,app,delivery,completed
ORD-0233889,R-0541,2026-01-24,22.85,web,pickup,Completed
ORD-0233890,R-0541,2026-01-17,26.67,web,delivery,completed
ORD-0233891,R-0541,2026-01-30,27.60,app,pickup,completed
ORD-0233892,R-0541,2026-01-30,30.84,app,delivery,refunded
ORD-0233893,R-0541,2026-01-31,20.35,web,pickup,completed
ORD-0233894,R-0541,2026-01-15,22.44,web,pickup,completed
ORD-0233895,R-0541,2026-01-17,26.18,app,delivery,completed
ORD-0233896,R-0541,2026-01-17,21.08,app,pickup,completed
ORD-0233897,R-0541,2026-01-16,16.67,web,pickup,completed
ORD-0233898,R-0541,2026-01-13,34.17,app,pickup,completed
ORD-0233899,R-0541,2026-01-23,23.85,web,delivery,completed
ORD-0233900,R-0541,2026-01-29,22.27,app,pickup,completed
ORD-0233901,R-0541,2026-01-18,23.80,web,pickup,Completed
ORD-0233902,R-0541,2026-01-23,22.49,web,delivery,completed
ORD-0235802,R-0547,2026-01-20,39.07,app,delivery,Completed
ORD-0235803,R-0547,2026-01-29,29.91,app,pickup,completed
ORD-0235804,R-0547,2026-01-24,19.60,app,delivery,completed
ORD-0235805,R-0547,2026-01-27,20.73,app,pickup,completed
ORD-0235806,R-0547,2026-01-30,10.72,app,delivery,COMPLETED
ORD-0235807,R-0547,2026-01-01,16.71,app,pickup,completed
ORD-0235808,R-0547,2026-01-30,13.28,app,pickup,completed
ORD-0235809,R-0547,2026-01-08,15.43,app,pickup,completed
ORD-0235810,R-0547,2026-01-13,22.54,app,pickup,Completed
ORD-0235811,R-0547,2026-01-24,20.94,web,delivery,completed
ORD-0235812,R-0547,2026-01-13,19.07,web,pickup,completed
ORD-0235813,R-0547,2026-01-27,13.51,app,delivery,completed
ORD-0235814,R-0547,2026-01-31,15.87,app,delivery,completed
ORD-0235815,R-0547,2026-01-02,18.10,app,delivery,completed
ORD-0235816,R-0547,2026-01-14,18.55,web,delivery,completed
ORD-0235817,R-0547,2026-01-18,29.06,app,delivery,refunded
ORD-0235818,R-0547,2026-01-13,16.71,app,delivery,COMPLETED
ORD-0235819,R-0547,2026-01-12,22.61,app,delivery,completed
ORD-0235820,R-0547,2026-01-26,15.22,web,pickup,completed
ORD-0235821,R-0547,2026-01-03,18.73,web,delivery,completed
ORD-0235822,R-0547,2026-01-19,17.83,app,delivery,completed
ORD-0235823,R-0547,2026-01-03,31.38,web,delivery,refunded
ORD-0235824,R-0547,2026-01-17,25.18,app,delivery,completed
ORD-0235825,R-0547,2026-01-03,17.05,app,pickup,completed
ORD-0235826,R-0547,2026-01-31,15.59,app,delivery,COMPLETED
ORD-0235827,R-0547,2026-01-16,27.56,app,pickup,completed
ORD-0235828,R-0547,2026-01-21,20.95,app,delivery,completed
ORD-0235829,R-0547,2026-01-05,29.13,web,pickup,completed
ORD-0235830,R-0547,2026-01-11,19.77,web,pickup,Completed
ORD-0235831,R-0547,2026-01-24,22.90,web,pickup,completed
ORD-0235832,R-0547,2026-01-18,17.58,app,delivery,COMPLETED
ORD-0235833,R-0547,2026-01-24,26.03,app,pickup,completed
ORD-0235834,R-0547,2026-01-12,21.81,app,pickup,completed
ORD-0235835,R-0547,2026-01-31,24.36,app,delivery,completed
ORD-0235836,R-0547,2026-01-10,19.03,web,pickup,completed
ORD-0235837,R-0547,2026-01-25,13.24,app,delivery,completed
ORD-0235838,R-0547,2026-01-27,16.67,app,pickup,completed
ORD-0235839,R-0547,2026-01-18,26.98,app,delivery,completed
ORD-0235840,R-0547,2026-01-09,24.82,app,delivery,Completed
ORD-0235841,R-0547,2026-01-10,17.97,app,pickup,completed
ORD-0235842,R-0547,2026-01-23,22.73,web,pickup,completed
ORD-0235843,R-0547,2026-01-10,22.77,app,pickup,completed
ORD-0235844,R-0547,2026-01-13,38.62,app,delivery,completed
ORD-0235845,R-0547,2026-01-15,12.33,web,delivery,completed
ORD-0235846,R-0547,2026-01-08,31.03,web,delivery,completed
ORD-0235847,R-0547,2026-01-14,13.94,app,delivery,completed
ORD-0235848,R-0547,2026-01-26,21.79,app,delivery,completed
ORD-0235849,R-0547,2026-01-11,20.03,app,delivery,completed
ORD-0235850,R-0547,2026-01-08,13.43,app,delivery,cancelled
ORD-0235851,R-0547,2026-01-31,20.04,app,pickup,completed
ORD-0235852,R-0547,2026-01-01,21.15,web,delivery,completed
ORD-0235853,R-0547,2026-01-08,17.40,app,delivery,completed
ORD-0235854,R-0547,2026-01-17,11.23,web,pickup,completed
ORD-0235855,R-0547,2026-01-21,15.97,app,delivery,completed
ORD-0235856,R-0547,2026-01-03,24.44,app,delivery,completed
ORD-0235857,R-0547,2026-01-08,17.75,app,pickup,completed
ORD-0235858,R-0547,2026-01-04,31.89,app,pickup,completed
ORD-0235859,R-0547,2026-01-03,28.12,web,pickup,completed
ORD-0235860,R-0547,2026-01-16,14.70,app,delivery,completed
ORD-0235861,R-0547,2026-01-17,36.37,app,pickup,completed
ORD-0235862,R-0547,2026-01-09,21.37,app,delivery,completed
ORD-0235863,R-0547,2026-01-20,14.18,web,delivery,COMPLETED
ORD-0235864,R-0547,2026-01-02,30.93,app,delivery,completed
ORD-0235865,R-0547,2026-01-09,31.11,app,pickup,completed
ORD-0235866,R-0547,2026-01-28,25.80,app,pickup,completed
ORD-0235867,R-0547,2026-01-18,35.54,app,delivery,COMPLETED
ORD-0235868,R-0547,2026-01-10,25.72,web,pickup,completed
ORD-0235869,R-0547,2026-01-11,13.56,app,pickup,completed
ORD-0235870,R-0547,2026-01-05,14.35,app,pickup,completed
ORD-0235871,R-0547,2026-01-11,26.63,app,pickup,completed
ORD-0235872,R-0547,2026-01-06,20.47,web,delivery,completed
ORD-0235873,R-0547,2026-01-01,13.63,app,pickup,COMPLETED
ORD-0235874,R-0547,2026-01-05,25.83,web,pickup,completed
ORD-0235875,R-0547,2026-01-17,39.36,app,pickup,completed
ORD-0235876,R-0547,2026-01-17,19.03,app,pickup,completed
ORD-0235877,R-0547,2026-01-20,21.32,app,delivery,completed
ORD-0235878,R-0547,2026-01-09,35.94,app,pickup,completed
ORD-0235879,R-0547,2026-01-10,22.51,web,pickup,completed
ORD-0235880,R-0547,2026-01-24,14.92,app,pickup,completed
ORD-0235881,R-0547,2026-01-16,14.95,app,delivery,completed
ORD-0235882,R-0547,2026-01-16,17.77,app,delivery,completed
ORD-0235883,R-0547,2026-01-31,11.39,app,pickup,completed
ORD-0235884,R-0547,2026-01-09,26.69,app,pickup,completed
ORD-0235885,R-0547,2026-01-19,10.03,web,delivery,refunded
ORD-0235886,R-0547,2026-01-09,13.20,web,delivery,completed
ORD-0235887,R-0547,2026-01-19,12.91,app,pickup,completed
ORD-0235888,R-0547,2026-01-26,14.68,app,delivery,completed
ORD-0235889,R-0547,2026-01-05,13.47,app,pickup,Completed
ORD-0235890,R-0547,2026-01-25,13.03,app,delivery,completed
ORD-0235891,R-0547,2026-01-17,24.10,app,pickup,completed
ORD-0235892,R-0547,2026-01-30,35.91,web,delivery,completed
ORD-0235893,R-0547,2026-01-02,25.36,app,pickup,completed
ORD-0235894,R-0547,2026-01-28,23.48,web,delivery,completed
ORD-0235895,R-0547,2026-01-03,29.58,web,delivery,completed
ORD-0235896,R-0547,2026-01-25,26.97,web,pickup,completed
ORD-0235897,R-0547,2026-01-07,9.78,web,delivery,COMPLETED
ORD-0235898,R-0547,2026-01-26,13.63,app,delivery,completed
ORD-0235899,R-0547,2026-01-10,15.34,web,pickup,completed
ORD-0235900,R-0547,2026-01-11,29.70,app,pickup,cancelled
ORD-0235901,R-0547,2026-01-03,21.63,app,pickup,COMPLETED
ORD-0235902,R-0547,2026-01-31,18.07,app,delivery,completed
ORD-0235903,R-0547,2026-01-18,17.39,app,pickup,completed
ORD-0235904,R-0547,2026-01-31,13.68,web,delivery,Completed
ORD-0235905,R-0547,2026-01-15,18.65,web,pickup,completed
ORD-0235906,R-0547,2026-01-18,31.68,app,delivery,completed
ORD-0235907,R-0547,2026-01-28,20.03,web,pickup,Completed
ORD-0235908,R-0547,2026-01-10,17.33,web,pickup,COMPLETED
ORD-0235909,R-0547,2026-01-22,21.81,app,delivery,completed
ORD-0235910,R-0547,2026-01-22,13.01,app,pickup,completed
ORD-0235911,R-0547,2026-01-29,12.78,app,delivery,Completed
ORD-0235912,R-0547,2026-01-20,13.21,app,delivery,completed
ORD-0235913,R-0547,2026-01-22,17.16,app,delivery,completed
ORD-0235914,R-0547,2026-01-11,30.23,app,delivery,completed
ORD-0235915,R-0547,2026-01-17,15.45,web,pickup,completed
ORD-0235916,R-0547,2026-01-15,18.59,web,delivery,completed
ORD-0235917,R-0547,2026-01-29,30.31,app,delivery,completed
ORD-0235918,R-0547,2026-01-17,16.52,web,pickup,COMPLETED
ORD-0235919,R-0547,2026-01-18,15.19,web,delivery,COMPLETED
ORD-0235920,R-0547,2026-01-13,20.67,app,pickup,completed
ORD-0235921,R-0547,2026-01-04,15.14,app,delivery,Completed
ORD-0235922,R-0547,2026-01-31,26.19,web,pickup,completed
ORD-0235923,R-0547,2026-01-28,10.80,app,pickup,completed
ORD-0235924,R-0547,2026-01-29,27.12,app,delivery,completed
ORD-0235925,R-0547,2026-01-26,14.81,app,delivery,completed
ORD-0235926,R-0547,2026-01-28,15.76,app,pickup,completed
ORD-0235927,R-0547,2026-01-10,15.38,app,delivery,completed
ORD-0237188,R-0548,2026-01-02,22.85,app,pickup,Completed
ORD-0237189,R-0548,2026-01-06,20.46,web,delivery,COMPLETED
ORD-0237190,R-0548,2026-01-10,17.98,app,delivery,COMPLETED
ORD-0237191,R-0548,2026-01-03,12.86,web,delivery,completed
ORD-0237192,R-0548,2026-01-09,19.85,web,pickup,completed
ORD-0237193,R-0548,2026-01-01,29.04,web,delivery,completed
ORD-0237194,R-0548,2026-01-21,23.11,web,delivery,completed
ORD-0237195,R-0548,2026-01-16,16.94,web,pickup,completed
ORD-0237196,R-0548,2026-01-16,18.80,app,delivery,COMPLETED
ORD-0237197,R-0548,2026-01-29,30.62,web,delivery,Completed
ORD-0237198,R-0548,2026-01-09,24.91,web,pickup,Completed
ORD-0237199,R-0548,2026-01-23,30.26,web,pickup,completed
ORD-0237200,R-0548,2026-01-15,17.40,app,delivery,completed
ORD-0237201,R-0548,2026-01-13,14.99,web,pickup,completed
ORD-0237202,R-0548,2026-01-12,12.50,web,delivery,completed
ORD-0237203,R-0548,2026-01-14,21.16,app,delivery,completed
ORD-0237204,R-0548,2026-01-06,17.56,web,pickup,completed
ORD-0237205,R-0548,2026-01-02,13.17,web,delivery,completed
ORD-0237206,R-0548,2026-01-17,29.75,web,pickup,completed
ORD-0237207,R-0548,2026-01-15,31.68,web,delivery,completed
ORD-0237208,R-0548,2026-01-04,43.03,web,delivery,completed
ORD-0237209,R-0548,2026-01-28,12.10,app,pickup,completed
ORD-0237210,R-0548,2026-01-10,23.23,web,pickup,completed
ORD-0237211,R-0548,2026-01-01,25.73,app,delivery,completed
ORD-0237212,R-0548,2026-01-17,17.01,app,delivery,completed
ORD-0237213,R-0548,2026-01-01,22.58,app,pickup,COMPLETED
ORD-0237214,R-0548,2026-01-22,14.47,app,pickup,completed
ORD-0237215,R-0548,2026-01-21,11.36,web,delivery,completed
ORD-0237216,R-0548,2026-01-08,28.51,app,pickup,completed
ORD-0237217,R-0548,2026-01-11,18.81,app,delivery,completed
ORD-0237218,R-0548,2026-01-17,47.36,app,pickup,completed
ORD-0237219,R-0548,2026-01-12,15.63,app,delivery,completed
ORD-0237220,R-0548,2026-01-17,21.61,app,pickup,completed
ORD-0237221,R-0548,2026-01-30,32.93,app,delivery,completed
ORD-0238076,R-0549,2026-01-27,27.02,web,delivery,completed
ORD-0238077,R-0549,2026-01-09,22.50,web,delivery,COMPLETED
ORD-0238078,R-0549,2026-01-23,42.64,web,pickup,completed
ORD-0238079,R-0549,2026-01-07,16.38,web,pickup,completed
ORD-0238080,R-0549,2026-01-25,19.34,web,delivery,completed
ORD-0238081,R-0549,2026-01-16,20.40,web,pickup,completed
ORD-0238082,R-0549,2026-01-06,23.60,web,pickup,completed
ORD-0238083,R-0549,2026-01-31,33.94,web,pickup,completed
ORD-0238084,R-0549,2026-01-23,21.27,app,pickup,completed
ORD-0238085,R-0549,2026-01-24,12.83,web,delivery,cancelled
ORD-0238086,R-0549,2026-01-26,20.56,web,delivery,completed
ORD-0238087,R-0549,2026-01-17,24.30,app,delivery,completed
ORD-0238088,R-0549,2026-01-25,17.17,web,delivery,refunded
ORD-0238089,R-0549,2026-01-15,19.57,web,delivery,completed
ORD-0238090,R-0549,2026-01-08,26.58,web,pickup,completed
ORD-0238091,R-0549,2026-01-26,33.07,web,pickup,completed
ORD-0238092,R-0549,2026-01-02,18.31,web,delivery,COMPLETED
ORD-0238093,R-0549,2026-01-02,19.18,web,delivery,completed
ORD-0238094,R-0549,2026-01-10,21.34,web,delivery,Completed
ORD-0238095,R-0549,2026-01-19,8.52,web,delivery,completed
ORD-0238096,R-0549,2026-01-04,18.24,web,delivery,completed
ORD-0238097,R-0549,2026-01-11,23.40,web,delivery,completed
ORD-0238098,R-0549,2026-01-10,31.05,web,delivery,completed
ORD-0238099,R-0549,2026-01-06,26.08,web,delivery,completed
ORD-0238100,R-0549,2026-01-31,28.55,app,delivery,completed
ORD-0238101,R-0549,2026-01-15,31.99,web,delivery,completed
ORD-0238102,R-0549,2026-01-26,18.07,web,delivery,completed
ORD-0238103,R-0549,2026-01-29,19.31,app,delivery,completed
ORD-0238104,R-0549,2026-01-07,16.46,web,delivery,completed
ORD-0238105,R-0549,2026-01-21,18.57,web,pickup,completed
ORD-0238106,R-0549,2026-01-22,29.27,web,delivery,completed
ORD-0238107,R-0549,2026-01-02,13.08,app,pickup,completed
ORD-0238108,R-0549,2026-01-31,17.52,web,delivery,completed
ORD-0238109,R-0549,2026-01-16,13.78,web,delivery,refunded
ORD-0238110,R-0549,2026-01-01,15.65,web,pickup,completed
ORD-0238111,R-0549,2026-01-24,11.96,web,pickup,completed
ORD-0238112,R-0549,2026-01-31,13.83,web,delivery,completed
ORD-0238113,R-0549,2026-01-09,33.39,web,pickup,Completed
ORD-0238114,R-0549,2026-01-31,24.54,web,delivery,refunded
ORD-0238115,R-0549,2026-01-22,11.41,web,delivery,completed
ORD-0238116,R-0549,2026-01-24,18.95,app,pickup,completed
ORD-0238117,R-0549,2026-01-03,29.20,web,delivery,completed
ORD-0238118,R-0549,2026-01-15,20.80,web,pickup,completed
ORD-0238119,R-0549,2026-01-21,21.25,web,delivery,completed
ORD-0238120,R-0549,2026-01-01,21.85,web,delivery,completed
ORD-0238121,R-0549,2026-01-17,26.13,web,pickup,completed
ORD-0238122,R-0549,2026-01-24,19.64,web,delivery,Completed
ORD-0238123,R-0549,2026-01-09,23.70,web,pickup,completed
ORD-0238124,R-0549,2026-01-11,35.65,web,delivery,completed
ORD-0238125,R-0549,2026-01-29,15.09,web,delivery,completed
ORD-0238126,R-0549,2026-01-15,41.61,web,delivery,completed
ORD-0238127,R-0549,2026-01-12,16.95,web,delivery,completed
ORD-0238128,R-0549,2026-01-06,14.87,web,delivery,completed
ORD-0238129,R-0549,2026-01-17,19.49,web,pickup,completed
ORD-0238130,R-0549,2026-01-12,11.98,web,pickup,completed
ORD-0238131,R-0549,2026-01-15,11.23,web,pickup,completed
ORD-0238132,R-0549,2026-01-11,31.13,web,pickup,completed
ORD-0238133,R-0549,2026-01-05,14.89,web,delivery,completed
ORD-0238945,R-0550,2026-01-04,38.79,app,delivery,completed
ORD-0238946,R-0550,2026-01-19,20.76,app,delivery,completed
ORD-0238947,R-0550,2026-01-10,27.03,app,delivery,completed
ORD-0238948,R-0550,2026-01-11,31.81,app,delivery,completed
ORD-0238949,R-0550,2026-01-10,32.05,app,delivery,completed
ORD-0238950,R-0550,2026-01-17,16.93,app,pickup,cancelled
ORD-0238951,R-0550,2026-01-23,26.22,web,delivery,completed
ORD-0239432,R-0551,2026-01-01,35.30,app,delivery,completed
ORD-0239433,R-0551,2026-01-23,37.01,app,pickup,completed
ORD-0239434,R-0551,2026-01-14,27.28,app,delivery,completed
ORD-0239435,R-0551,2026-01-03,31.85,app,pickup,Completed
ORD-0239436,R-0551,2026-01-10,47.74,app,pickup,completed
ORD-0239437,R-0551,2026-01-03,54.88,app,delivery,completed
ORD-0239438,R-0551,2026-01-14,18.16,app,delivery,completed
ORD-0239439,R-0551,2026-01-03,24.33,app,pickup,completed
ORD-0239440,R-0551,2026-01-23,52.55,app,pickup,completed
ORD-0239441,R-0551,2026-01-22,26.00,app,pickup,completed
ORD-0239442,R-0551,2026-01-17,34.76,web,delivery,completed
ORD-0239443,R-0551,2026-01-31,91.32,web,pickup,COMPLETED
ORD-0239444,R-0551,2026-01-26,68.14,app,delivery,refunded
ORD-0239445,R-0551,2026-01-04,20.90,app,delivery,completed
ORD-0239446,R-0551,2026-01-02,64.67,app,delivery,completed
ORD-0239447,R-0551,2026-01-10,30.24,web,delivery,completed
ORD-0239448,R-0551,2026-01-14,44.42,app,delivery,completed
ORD-0239449,R-0551,2026-01-17,21.78,app,pickup,COMPLETED
ORD-0239450,R-0551,2026-01-27,31.71,app,delivery,completed
ORD-0239451,R-0551,2026-01-11,27.68,web,pickup,completed
ORD-0239452,R-0551,2026-01-30,71.10,app,pickup,completed
ORD-0239453,R-0551,2026-01-24,18.62,app,delivery,completed
ORD-0239454,R-0551,2026-01-22,57.11,app,delivery,completed
ORD-0239455,R-0551,2026-01-17,38.25,app,pickup,completed
ORD-0239456,R-0551,2026-01-30,28.64,app,delivery,refunded
ORD-0239457,R-0551,2026-01-17,34.88,web,pickup,completed
ORD-0239458,R-0551,2026-01-30,51.09,web,pickup,Completed
ORD-0239459,R-0551,2026-01-30,49.51,app,delivery,completed
ORD-0239460,R-0551,2026-01-17,31.67,app,pickup,completed
ORD-0239461,R-0551,2026-01-05,97.17,app,pickup,completed
ORD-0239462,R-0551,2026-01-24,29.15,app,delivery,completed
ORD-0239463,R-0551,2026-01-01,34.15,app,pickup,completed
ORD-0239464,R-0551,2026-01-08,41.04,web,delivery,COMPLETED
ORD-0239465,R-0551,2026-01-04,34.24,app,delivery,completed
ORD-0239466,R-0551,2026-01-17,28.29,app,pickup,completed
ORD-0239467,R-0551,2026-01-12,27.46,web,delivery,Completed
ORD-0239468,R-0551,2026-01-29,58.04,app,pickup,completed
ORD-0239469,R-0551,2026-01-22,18.69,web,pickup,completed
ORD-0239470,R-0551,2026-01-03,75.31,web,pickup,completed
ORD-0239471,R-0551,2026-01-02,15.73,app,delivery,completed
ORD-0239472,R-0551,2026-01-12,41.17,app,delivery,completed
ORD-0239473,R-0551,2026-01-16,48.92,app,delivery,cancelled
ORD-0239474,R-0551,2026-01-11,71.53,app,delivery,Completed
ORD-0239475,R-0551,2026-01-16,39.70,app,delivery,completed
ORD-0239476,R-0551,2026-01-10,47.12,app,delivery,completed
ORD-0239477,R-0551,2026-01-24,46.21,web,pickup,completed
ORD-0239478,R-0551,2026-01-19,36.19,app,pickup,COMPLETED
ORD-0239479,R-0551,2026-01-09,25.72,app,pickup,COMPLETED
ORD-0239480,R-0551,2026-01-14,15.89,app,delivery,completed
ORD-0239481,R-0551,2026-01-15,37.92,app,delivery,completed
ORD-0239482,R-0551,2026-01-10,23.50,app,delivery,COMPLETED
ORD-0239483,R-0551,2026-01-29,58.39,app,delivery,completed
ORD-0239484,R-0551,2026-01-07,30.94,web,delivery,completed
ORD-0239485,R-0551,2026-01-25,38.03,app,pickup,completed
ORD-0240048,R-0552,2026-01-27,18.65,app,pickup,cancelled
ORD-0240049,R-0552,2026-01-26,23.52,app,pickup,completed
ORD-0240050,R-0552,2026-01-30,47.74,app,delivery,completed
ORD-0240051,R-0552,2026-01-23,36.74,app,delivery,completed
ORD-0240052,R-0552,2026-01-23,27.21,app,pickup,completed
ORD-0240053,R-0552,2026-01-31,23.30,app,pickup,COMPLETED
ORD-0240054,R-0552,2026-01-21,25.25,web,pickup,completed
ORD-0240055,R-0552,2026-01-31,24.02,app,pickup,completed
ORD-0240056,R-0552,2026-01-30,21.65,app,delivery,COMPLETED
ORD-0240057,R-0552,2026-01-28,21.88,web,pickup,completed
ORD-0240058,R-0552,2026-01-26,18.42,web,delivery,COMPLETED
ORD-0241086,R-0553,2026-01-15,26.52,app,delivery,completed
ORD-0241087,R-0553,2026-01-23,52.19,app,delivery,completed
ORD-0241088,R-0553,2026-01-04,36.94,web,pickup,Completed
ORD-0241089,R-0553,2026-01-30,23.72,app,pickup,cancelled
ORD-0241090,R-0553,2026-01-18,20.00,app,pickup,completed
ORD-0241091,R-0553,2026-01-18,43.51,app,pickup,completed
ORD-0241092,R-0553,2026-01-04,27.06,web,delivery,completed
ORD-0241093,R-0553,2026-01-17,29.00,web,delivery,completed
ORD-0241094,R-0553,2026-01-11,27.04,web,delivery,completed
ORD-0241095,R-0553,2026-01-23,23.92,app,pickup,completed
ORD-0241096,R-0553,2026-01-19,19.23,web,pickup,completed
ORD-0241097,R-0553,2026-01-02,28.71,app,delivery,COMPLETED
ORD-0241098,R-0553,2026-01-25,15.34,app,pickup,completed
ORD-0241099,R-0553,2026-01-04,27.13,app,pickup,completed
ORD-0241100,R-0553,2026-01-25,35.68,app,delivery,completed
ORD-0241101,R-0553,2026-01-31,14.36,app,pickup,completed
ORD-0241102,R-0553,2026-01-06,21.48,web,delivery,completed
ORD-0241103,R-0553,2026-01-12,24.21,app,pickup,completed
ORD-0241104,R-0553,2026-01-04,24.17,app,pickup,completed
ORD-0241105,R-0553,2026-01-02,27.03,web,delivery,completed
ORD-0241106,R-0553,2026-01-14,30.81,app,pickup,Completed
ORD-0241107,R-0553,2026-01-31,40.30,app,pickup,completed
ORD-0241108,R-0553,2026-01-16,32.32,web,delivery,completed
ORD-0241109,R-0553,2026-01-16,21.65,app,pickup,completed
ORD-0241110,R-0553,2026-01-07,40.25,web,delivery,completed
ORD-0241111,R-0553,2026-01-31,35.49,web,pickup,completed
ORD-0241112,R-0553,2026-01-14,28.32,app,delivery,completed
ORD-0241113,R-0553,2026-01-14,28.25,app,delivery,COMPLETED
ORD-0241114,R-0553,2026-01-03,35.57,app,delivery,completed
ORD-0241115,R-0553,2026-01-29,31.53,app,delivery,completed
ORD-0241116,R-0553,2026-01-01,26.37,app,pickup,completed
ORD-0241117,R-0553,2026-01-26,18.30,web,delivery,completed
ORD-0241118,R-0553,2026-01-26,24.98,app,pickup,completed
ORD-0241119,R-0553,2026-01-07,23.61,app,delivery,completed
ORD-0241120,R-0553,2026-01-17,43.45,web,delivery,completed
ORD-0241121,R-0553,2026-01-24,14.19,web,pickup,completed
ORD-0241122,R-0553,2026-01-23,25.01,web,pickup,COMPLETED
ORD-0241123,R-0553,2026-01-05,20.73,app,pickup,completed
ORD-0241124,R-0553,2026-01-16,19.62,app,pickup,completed
ORD-0241125,R-0553,2026-01-03,17.58,app,delivery,completed
ORD-0241126,R-0553,2026-01-30,28.66,web,delivery,completed
ORD-0241127,R-0553,2026-01-17,21.82,web,delivery,completed
ORD-0241128,R-0553,2026-01-09,31.31,web,delivery,completed
ORD-0241129,R-0553,2026-01-03,23.27,web,delivery,completed
ORD-0241130,R-0553,2026-01-11,35.19,app,pickup,completed
ORD-0241131,R-0553,2026-01-04,19.65,web,delivery,Completed
ORD-0241132,R-0553,2026-01-25,21.59,app,pickup,completed
ORD-0241133,R-0553,2026-01-13,31.58,app,delivery,completed
ORD-0241134,R-0553,2026-01-05,50.94,app,delivery,completed
ORD-0241135,R-0553,2026-01-06,37.04,web,delivery,completed
ORD-0241136,R-0553,2026-01-31,27.17,app,delivery,completed
ORD-0241137,R-0553,2026-01-07,19.61,web,pickup,completed
ORD-0241138,R-0553,2026-01-01,20.30,web,delivery,completed
ORD-0241139,R-0553,2026-01-21,25.82,app,pickup,completed
ORD-0241140,R-0553,2026-01-30,26.85,web,pickup,refunded
ORD-0241141,R-0553,2026-01-16,26.34,app,delivery,COMPLETED
ORD-0241142,R-0553,2026-01-18,32.08,web,pickup,completed
ORD-0241143,R-0553,2026-01-23,53.71,app,delivery,completed
ORD-0241144,R-0553,2026-01-02,31.81,web,pickup,completed
ORD-0241145,R-0553,2026-01-01,20.79,app,pickup,completed
ORD-0241146,R-0553,2026-01-18,31.92,app,pickup,completed
ORD-0241147,R-0553,2026-01-08,23.41,app,pickup,completed
ORD-0241148,R-0553,2026-01-20,26.84,web,pickup,completed
ORD-0241149,R-0553,2026-01-12,27.46,app,delivery,completed
ORD-0241150,R-0553,2026-01-13,16.65,app,pickup,completed
ORD-0241151,R-0553,2026-01-13,21.75,app,pickup,completed
ORD-0241152,R-0553,2026-01-04,39.62,app,pickup,Refunded
ORD-0241153,R-0553,2026-01-06,26.17,web,delivery,completed
ORD-0241154,R-0553,2026-01-09,30.51,web,delivery,completed
ORD-0241155,R-0553,2026-01-11,21.92,app,pickup,completed
ORD-0241885,R-0554,2026-01-30,33.09,app,pickup,completed
ORD-0241886,R-0554,2026-01-02,25.48,web,pickup,COMPLETED
ORD-0241887,R-0554,2026-01-17,31.99,app,pickup,completed
ORD-0241888,R-0554,2026-01-15,27.15,app,delivery,completed
ORD-0241889,R-0554,2026-01-05,18.67,app,pickup,completed
ORD-0241890,R-0554,2026-01-16,33.93,web,pickup,Completed
ORD-0241891,R-0554,2026-01-09,33.77,app,delivery,completed
ORD-0241892,R-0554,2026-01-05,44.09,web,pickup,completed
ORD-0241893,R-0554,2026-01-23,53.81,app,delivery,completed
ORD-0241894,R-0554,2026-01-03,35.97,web,delivery,completed
ORD-0241895,R-0554,2026-01-07,23.04,app,delivery,completed
ORD-0241896,R-0554,2026-01-16,49.42,web,pickup,completed
ORD-0241897,R-0554,2026-01-24,24.14,app,delivery,completed
ORD-0241898,R-0554,2026-01-03,31.46,app,pickup,completed
ORD-0241899,R-0554,2026-01-12,26.98,web,pickup,completed
ORD-0241900,R-0554,2026-01-02,54.45,web,pickup,completed
ORD-0241901,R-0554,2026-01-03,42.27,web,pickup,completed
ORD-0241902,R-0554,2026-01-07,44.75,app,pickup,completed
ORD-0241903,R-0554,2026-01-18,34.07,web,delivery,completed
ORD-0241904,R-0554,2026-01-30,38.74,app,delivery,completed
ORD-0241905,R-0554,2026-01-19,29.05,web,pickup,completed
ORD-0241906,R-0554,2026-01-14,36.70,app,pickup,completed
ORD-0241907,R-0554,2026-01-15,22.71,web,delivery,completed
ORD-0241908,R-0554,2026-01-07,80.87,web,pickup,completed
ORD-0241909,R-0554,2026-01-30,25.42,app,pickup,completed
ORD-0241910,R-0554,2026-01-11,26.34,app,delivery,refunded
ORD-0241911,R-0554,2026-01-11,24.85,web,delivery,completed
ORD-0241912,R-0554,2026-01-20,21.61,web,pickup,completed
ORD-0241913,R-0554,2026-01-23,40.03,app,pickup,cancelled
ORD-0241914,R-0554,2026-01-28,55.53,web,delivery,COMPLETED
ORD-0241915,R-0554,2026-01-08,36.40,app,delivery,completed
ORD-0241916,R-0554,2026-01-15,38.24,app,delivery,completed
ORD-0241917,R-0554,2026-01-28,42.62,app,pickup,COMPLETED
ORD-0241918,R-0554,2026-01-11,39.98,app,pickup,completed
ORD-0242005,R-0555,2026-01-13,15.13,web,delivery,completed
ORD-0242006,R-0555,2026-01-28,12.01,app,delivery,completed
ORD-0242007,R-0555,2026-01-29,16.66,web,delivery,completed
ORD-0242008,R-0555,2026-01-29,20.83,web,pickup,cancelled
ORD-0242009,R-0555,2026-01-16,26.07,web,delivery,completed
ORD-0242010,R-0555,2026-01-27,34.07,app,pickup,Completed
ORD-0242011,R-0555,2026-01-25,13.39,app,delivery,COMPLETED
ORD-0242012,R-0555,2026-01-29,17.47,web,delivery,completed
ORD-0242013,R-0555,2026-01-30,27.70,web,delivery,completed
ORD-0242014,R-0555,2026-01-10,21.11,app,delivery,completed
ORD-0242015,R-0555,2026-01-28,31.49,app,delivery,COMPLETED
ORD-0242016,R-0555,2026-01-09,17.57,web,delivery,completed
ORD-0242017,R-0555,2026-01-22,18.40,web,delivery,completed
ORD-0242018,R-0555,2026-01-31,21.94,web,delivery,completed
ORD-0242019,R-0555,2026-01-30,28.23,app,delivery,completed
ORD-0242020,R-0555,2026-01-24,18.17,web,delivery,completed
ORD-0242021,R-0555,2026-01-07,51.66,web,delivery,completed
ORD-0242022,R-0555,2026-01-03,14.32,app,delivery,completed
ORD-0242023,R-0555,2026-01-03,27.10,web,pickup,completed
ORD-0242186,R-0556,2026-01-14,57.37,web,delivery,COMPLETED
ORD-0242187,R-0556,2026-01-28,45.10,web,delivery,completed
ORD-0242188,R-0556,2026-01-16,57.37,web,delivery,refunded
ORD-0242189,R-0556,2026-01-01,99.97,web,delivery,completed
ORD-0242190,R-0556,2026-01-16,44.01,web,pickup,completed
ORD-0242191,R-0556,2026-01-17,84.35,web,delivery,completed
ORD-0242192,R-0556,2026-01-07,37.94,web,pickup,completed
ORD-0242193,R-0556,2026-01-20,66.50,web,delivery,completed
ORD-0242194,R-0556,2026-01-03,44.82,app,delivery,completed
ORD-0242195,R-0556,2026-01-24,50.44,app,delivery,completed
ORD-0242196,R-0556,2026-01-29,53.46,web,delivery,completed
ORD-0242197,R-0556,2026-01-31,21.77,web,pickup,Completed
ORD-0242198,R-0556,2026-01-21,49.24,web,pickup,completed
ORD-0242199,R-0556,2026-01-31,57.17,web,delivery,completed
ORD-0242200,R-0556,2026-01-28,39.00,web,delivery,COMPLETED
ORD-0242201,R-0556,2026-01-14,88.32,web,pickup,Completed
ORD-0242202,R-0556,2026-01-31,52.24,web,delivery,completed
ORD-0242203,R-0556,2026-01-07,32.69,web,delivery,completed
ORD-0242204,R-0556,2026-01-07,89.05,web,delivery,completed
ORD-0242909,R-0560,2026-01-18,36.59,app,pickup,Completed
ORD-0242910,R-0560,2026-01-21,30.96,app,pickup,completed
ORD-0242911,R-0560,2026-01-17,43.81,app,delivery,completed
ORD-0242912,R-0560,2026-01-29,21.19,app,delivery,completed
ORD-0242913,R-0560,2026-01-17,19.88,app,pickup,completed
ORD-0242914,R-0560,2026-01-21,27.88,web,pickup,completed
ORD-0242915,R-0560,2026-01-15,29.13,app,pickup,completed
ORD-0242916,R-0560,2026-01-24,66.02,app,pickup,completed
ORD-0242917,R-0560,2026-01-18,15.37,app,delivery,completed
ORD-0242918,R-0560,2026-01-04,32.02,web,delivery,completed
ORD-0242919,R-0560,2026-01-31,23.26,app,delivery,completed
ORD-0242920,R-0560,2026-01-02,43.10,app,pickup,completed
ORD-0242921,R-0560,2026-01-30,33.27,web,pickup,completed
ORD-0242922,R-0560,2026-01-04,36.63,app,delivery,completed
ORD-0242923,R-0560,2026-01-25,37.12,app,pickup,COMPLETED
ORD-0242924,R-0560,2026-01-28,21.60,app,pickup,Completed
ORD-0242925,R-0560,2026-01-10,23.82,web,delivery,cancelled
ORD-0242926,R-0560,2026-01-06,27.71,app,pickup,completed
ORD-0242927,R-0560,2026-01-08,18.87,app,pickup,completed
ORD-0242928,R-0560,2026-01-01,27.60,app,pickup,COMPLETED
ORD-0242929,R-0560,2026-01-20,23.13,web,pickup,completed
ORD-0242930,R-0560,2026-01-30,29.02,app,delivery,completed
ORD-0242931,R-0560,2026-01-24,24.92,app,pickup,cancelled
ORD-0242932,R-0560,2026-01-10,56.24,web,delivery,completed
ORD-0242933,R-0560,2026-01-30,25.23,app,delivery,completed
ORD-0242934,R-0560,2026-01-06,16.97,app,delivery,completed
ORD-0242935,R-0560,2026-01-10,23.73,web,pickup,completed
ORD-0242936,R-0560,2026-01-16,20.59,app,pickup,completed
ORD-0242937,R-0560,2026-01-11,32.65,app,delivery,completed
ORD-0242938,R-0560,2026-01-17,56.18,app,pickup,completed
ORD-0242939,R-0560,2026-01-13,29.99,app,pickup,completed
ORD-0242940,R-0560,2026-01-26,35.47,app,pickup,completed
ORD-0242941,R-0560,2026-01-19,22.48,app,delivery,completed
ORD-0242942,R-0560,2026-01-03,32.98,web,delivery,completed
ORD-0243648,R-0566,2026-01-12,14.56,app,delivery,completed
ORD-0243649,R-0566,2026-01-17,11.30,web,delivery,completed
ORD-0243650,R-0566,2026-01-29,22.35,app,delivery,completed
ORD-0243651,R-0566,2026-01-27,15.67,app,delivery,completed
ORD-0243652,R-0566,2026-01-11,27.57,app,delivery,completed
ORD-0243653,R-0566,2026-01-02,23.02,web,delivery,completed
ORD-0243654,R-0566,2026-01-20,13.14,app,delivery,COMPLETED
ORD-0243655,R-0566,2026-01-07,15.91,web,delivery,completed
ORD-0243656,R-0566,2026-01-21,17.90,web,delivery,completed
ORD-0243657,R-0566,2026-01-25,25.58,app,delivery,completed
ORD-0243658,R-0566,2026-01-15,28.06,app,delivery,completed
ORD-0243659,R-0566,2026-01-13,9.12,app,delivery,Completed
ORD-0243660,R-0566,2026-01-17,13.63,app,delivery,completed
ORD-0243661,R-0566,2026-01-15,15.64,app,delivery,completed
ORD-0243662,R-0566,2026-01-28,19.56,app,delivery,completed
ORD-0243663,R-0566,2026-01-22,17.84,app,pickup,completed
ORD-0243664,R-0566,2026-01-28,19.08,app,delivery,completed
ORD-0243665,R-0566,2026-01-13,20.80,app,delivery,COMPLETED
ORD-0243666,R-0566,2026-01-09,21.49,app,delivery,completed
ORD-0243667,R-0566,2026-01-30,16.31,app,delivery,completed
ORD-0243668,R-0566,2026-01-20,20.58,app,delivery,completed
ORD-0243669,R-0566,2026-01-10,18.39,app,delivery,completed
ORD-0243670,R-0566,2026-01-21,17.57,app,delivery,completed
ORD-0243671,R-0566,2026-01-26,16.61,app,pickup,completed
ORD-0243672,R-0566,2026-01-10,23.13,app,pickup,completed
ORD-0243673,R-0566,2026-01-14,12.22,app,delivery,completed
ORD-0243674,R-0566,2026-01-31,18.04,web,delivery,completed
ORD-0243675,R-0566,2026-01-20,23.08,app,delivery,completed
ORD-0243676,R-0566,2026-01-15,18.79,app,delivery,completed
ORD-0243677,R-0566,2026-01-21,20.77,app,delivery,completed
ORD-0243678,R-0566,2026-01-04,21.18,app,delivery,completed
ORD-0243679,R-0566,2026-01-08,14.03,app,delivery,completed
ORD-0243680,R-0566,2026-01-29,16.07,app,delivery,Completed
ORD-0243681,R-0566,2026-01-01,15.90,web,delivery,completed
ORD-0243682,R-0566,2026-01-15,20.95,app,delivery,COMPLETED
ORD-0243683,R-0566,2026-01-24,18.40,app,pickup,completed
ORD-0243684,R-0566,2026-01-30,19.49,app,delivery,completed
ORD-0243685,R-0566,2026-01-11,16.53,app,delivery,completed
ORD-0243686,R-0566,2026-01-15,16.89,web,delivery,completed
ORD-0243687,R-0566,2026-01-30,13.86,app,delivery,completed
ORD-0243688,R-0566,2026-01-24,17.78,app,delivery,Completed
ORD-0243689,R-0566,2026-01-15,11.37,app,delivery,completed
ORD-0243690,R-0566,2026-01-22,21.47,app,pickup,cancelled
ORD-0243691,R-0566,2026-01-27,16.89,app,delivery,completed
ORD-0243692,R-0566,2026-01-11,20.16,app,delivery,completed
ORD-0243693,R-0566,2026-01-04,15.61,app,delivery,COMPLETED
ORD-0243694,R-0566,2026-01-23,20.31,web,delivery,completed
ORD-0243695,R-0566,2026-01-30,21.71,app,delivery,completed
ORD-0243696,R-0566,2026-01-24,14.19,web,delivery,completed
ORD-0243697,R-0566,2026-01-01,10.71,web,delivery,completed
ORD-0243698,R-0566,2026-01-30,19.51,app,delivery,completed
ORD-0243699,R-0566,2026-01-20,14.05,app,delivery,completed
ORD-0243700,R-0566,2026-01-11,22.88,app,delivery,cancelled
ORD-0243701,R-0566,2026-01-05,17.14,app,delivery,completed
ORD-0243702,R-0566,2026-01-05,15.19,app,pickup,completed
ORD-0243703,R-0566,2026-01-02,18.79,web,delivery,COMPLETED
ORD-0243704,R-0566,2026-01-12,15.91,app,pickup,completed
ORD-0243705,R-0566,2026-01-02,16.70,app,delivery,completed
ORD-0243706,R-0566,2026-01-16,9.95,web,delivery,Completed
ORD-0243707,R-0566,2026-01-17,27.54,app,delivery,completed
ORD-0243708,R-0566,2026-01-14,12.80,app,delivery,COMPLETED
ORD-0243709,R-0566,2026-01-16,16.42,app,delivery,completed
ORD-0243710,R-0566,2026-01-28,13.50,web,delivery,completed
ORD-0243711,R-0566,2026-01-17,13.38,app,delivery,completed
ORD-0243712,R-0566,2026-01-04,15.95,app,delivery,completed
ORD-0243713,R-0566,2026-01-05,26.16,web,pickup,completed
ORD-0243714,R-0566,2026-01-31,17.03,app,pickup,COMPLETED
ORD-0243715,R-0566,2026-01-25,11.29,web,delivery,completed
ORD-0243716,R-0566,2026-01-24,10.16,app,delivery,COMPLETED
ORD-0243717,R-0566,2026-01-24,15.81,app,delivery,completed
ORD-0243718,R-0566,2026-01-06,14.77,app,delivery,completed
ORD-0243719,R-0566,2026-01-17,11.65,app,pickup,completed
ORD-0243720,R-0566,2026-01-25,8.55,app,delivery,completed
ORD-0243721,R-0566,2026-01-17,14.63,web,delivery,COMPLETED
ORD-0243722,R-0566,2026-01-26,15.34,app,delivery,completed
ORD-0243723,R-0566,2026-01-18,19.17,app,delivery,completed
ORD-0243724,R-0566,2026-01-04,18.32,app,delivery,refunded
ORD-0243725,R-0566,2026-01-19,10.76,web,pickup,completed
ORD-0243726,R-0566,2026-01-03,18.67,app,delivery,completed
ORD-0243727,R-0566,2026-01-04,19.01,app,delivery,cancelled
ORD-0243728,R-0566,2026-01-29,16.65,web,delivery,completed
ORD-0243729,R-0566,2026-01-06,17.44,app,delivery,completed
ORD-0243730,R-0566,2026-01-07,16.30,app,pickup,completed
ORD-0244650,R-0567,2026-01-18,24.21,web,delivery,completed
ORD-0244651,R-0567,2026-01-14,31.09,app,delivery,completed
ORD-0244652,R-0567,2026-01-08,17.94,app,delivery,completed
ORD-0245280,R-0568,2026-01-16,58.10,web,pickup,completed
ORD-0245281,R-0568,2026-01-03,18.77,web,delivery,COMPLETED
ORD-0245282,R-0568,2026-01-03,37.10,web,pickup,completed
ORD-0245283,R-0568,2026-01-22,37.70,web,pickup,completed
ORD-0245284,R-0568,2026-01-13,36.95,app,delivery,COMPLETED
ORD-0245285,R-0568,2026-01-02,40.28,app,pickup,completed
ORD-0245286,R-0568,2026-01-04,63.10,web,delivery,completed
ORD-0245287,R-0568,2026-01-23,35.67,app,pickup,completed
ORD-0245288,R-0568,2026-01-05,42.09,app,delivery,completed
ORD-0245289,R-0568,2026-01-24,43.83,web,pickup,completed
ORD-0245290,R-0568,2026-01-31,22.52,web,delivery,COMPLETED
ORD-0245291,R-0568,2026-01-03,54.72,web,pickup,COMPLETED
ORD-0245292,R-0568,2026-01-31,65.91,app,delivery,completed
ORD-0245293,R-0568,2026-01-22,38.60,web,pickup,completed
ORD-0245294,R-0568,2026-01-02,44.95,app,pickup,Completed
ORD-0245295,R-0568,2026-01-23,51.99,app,delivery,Completed
ORD-0245296,R-0568,2026-01-23,23.79,app,pickup,completed
ORD-0245297,R-0568,2026-01-23,85.69,app,pickup,completed
ORD-0245298,R-0568,2026-01-06,36.74,app,pickup,completed
ORD-0245299,R-0568,2026-01-11,26.49,app,pickup,completed
ORD-0245300,R-0568,2026-01-17,56.96,app,pickup,COMPLETED
ORD-0245301,R-0568,2026-01-12,24.27,web,pickup,COMPLETED
ORD-0245302,R-0568,2026-01-16,45.80,web,delivery,completed
ORD-0245303,R-0568,2026-01-17,40.29,web,pickup,completed
ORD-0245304,R-0568,2026-01-19,46.63,app,pickup,completed
ORD-0245305,R-0568,2026-01-10,43.89,app,pickup,completed
ORD-0245306,R-0568,2026-01-04,23.73,app,delivery,completed
ORD-0245307,R-0568,2026-01-02,54.56,web,pickup,completed
ORD-0245308,R-0568,2026-01-03,27.91,web,delivery,completed
ORD-0245309,R-0568,2026-01-25,41.45,app,delivery,completed
ORD-0245310,R-0568,2026-01-31,38.76,app,pickup,Completed
ORD-0245311,R-0568,2026-01-10,54.13,app,pickup,completed
ORD-0245312,R-0568,2026-01-31,30.85,web,pickup,completed
ORD-0245313,R-0568,2026-01-25,30.86,app,delivery,completed
ORD-0245314,R-0568,2026-01-06,45.63,app,delivery,completed
ORD-0245315,R-0568,2026-01-19,80.01,app,pickup,completed
ORD-0245316,R-0568,2026-01-10,50.85,app,delivery,completed
ORD-0245317,R-0568,2026-01-06,49.41,app,pickup,completed
ORD-0245318,R-0568,2026-01-21,56.46,app,delivery,completed
ORD-0245319,R-0568,2026-01-09,27.88,web,delivery,completed
ORD-0245320,R-0568,2026-01-20,34.36,app,delivery,COMPLETED
ORD-0245321,R-0568,2026-01-27,50.87,app,delivery,COMPLETED
ORD-0245322,R-0568,2026-01-25,30.60,app,delivery,completed
ORD-0245323,R-0568,2026-01-01,18.11,web,pickup,completed
ORD-0245324,R-0568,2026-01-18,47.04,app,delivery,completed
ORD-0245325,R-0568,2026-01-17,29.92,app,delivery,Completed
ORD-0245326,R-0568,2026-01-26,26.92,app,pickup,completed
ORD-0245327,R-0568,2026-01-09,40.74,web,delivery,completed
ORD-0245328,R-0568,2026-01-09,46.76,app,delivery,completed
ORD-0245329,R-0568,2026-01-03,24.09,web,pickup,completed
ORD-0245330,R-0568,2026-01-03,37.06,app,delivery,completed
ORD-0246138,R-0572,2026-01-02,29.80,app,delivery,completed
ORD-0246139,R-0572,2026-01-12,58.23,web,delivery,completed
ORD-0246140,R-0572,2026-01-15,41.92,app,delivery,completed
ORD-0246141,R-0572,2026-01-02,104.37,app,delivery,completed
ORD-0246142,R-0572,2026-01-31,88.55,web,delivery,Completed
ORD-0246143,R-0572,2026-01-21,36.75,web,delivery,completed
ORD-0246710,R-0576,2026-01-07,37.65,web,pickup,completed
ORD-0246711,R-0576,2026-01-03,36.20,web,delivery,completed
ORD-0246712,R-0576,2026-01-29,31.87,web,pickup,Completed
ORD-0246713,R-0576,2026-01-26,27.72,web,delivery,Refunded
ORD-0246714,R-0576,2026-01-17,42.20,web,delivery,completed
ORD-0246715,R-0576,2026-01-31,31.95,web,delivery,Completed
ORD-0246716,R-0576,2026-01-06,40.26,app,pickup,completed
ORD-0246717,R-0576,2026-01-24,45.46,web,pickup,completed
ORD-0246718,R-0576,2026-01-09,37.53,web,delivery,completed
ORD-0246719,R-0576,2026-01-12,38.87,app,pickup,completed
ORD-0246720,R-0576,2026-01-19,25.63,web,delivery,completed
ORD-0246721,R-0576,2026-01-31,41.73,web,pickup,completed
ORD-0246722,R-0576,2026-01-13,23.60,app,delivery,completed
ORD-0246723,R-0576,2026-01-19,45.65,web,delivery,completed
ORD-0246724,R-0576,2026-01-27,30.11,app,pickup,Completed
ORD-0247034,R-0577,2026-01-15,25.29,app,delivery,cancelled
ORD-0247035,R-0577,2026-01-09,35.09,web,delivery,completed
ORD-0247036,R-0577,2026-01-24,41.14,web,delivery,completed
ORD-0247037,R-0577,2026-01-09,26.08,web,delivery,completed
ORD-0247038,R-0577,2026-01-12,32.96,app,delivery,COMPLETED
ORD-0247039,R-0577,2026-01-17,24.22,app,delivery,completed
ORD-0247040,R-0577,2026-01-31,36.51,app,pickup,completed
ORD-0247041,R-0577,2026-01-08,32.88,app,delivery,completed
ORD-0247042,R-0577,2026-01-31,29.06,web,delivery,completed
ORD-0247043,R-0577,2026-01-27,21.64,app,pickup,COMPLETED
ORD-0247044,R-0577,2026-01-14,45.90,app,pickup,completed
ORD-0247045,R-0577,2026-01-10,35.43,app,delivery,completed
ORD-0247046,R-0577,2026-01-12,19.23,app,pickup,COMPLETED
ORD-0247047,R-0577,2026-01-11,24.21,web,delivery,completed
ORD-0247048,R-0577,2026-01-28,28.19,web,delivery,completed
ORD-0247049,R-0577,2026-01-23,29.35,app,delivery,completed
ORD-0247050,R-0577,2026-01-16,64.86,app,delivery,completed
ORD-0247051,R-0577,2026-01-18,36.34,web,delivery,completed
ORD-0247052,R-0577,2026-01-29,40.33,app,delivery,completed
ORD-0247053,R-0577,2026-01-03,23.15,app,pickup,completed
ORD-0247054,R-0577,2026-01-03,27.90,web,delivery,completed
ORD-0247055,R-0577,2026-01-30,38.79,app,delivery,cancelled
ORD-0247056,R-0577,2026-01-16,17.90,web,delivery,completed
ORD-0247057,R-0577,2026-01-29,22.84,app,delivery,COMPLETED
ORD-0247058,R-0577,2026-01-17,21.87,web,pickup,completed
ORD-0247059,R-0577,2026-01-15,21.83,app,delivery,completed
ORD-0247060,R-0577,2026-01-31,21.85,app,delivery,completed
ORD-0248260,R-0579,2026-01-09,18.09,app,delivery,completed
ORD-0248261,R-0579,2026-01-04,17.48,web,delivery,completed
ORD-0248262,R-0579,2026-01-13,15.53,app,delivery,Completed
ORD-0248263,R-0579,2026-01-05,21.14,app,delivery,completed
ORD-0248264,R-0579,2026-01-15,19.45,web,delivery,Completed
ORD-0248265,R-0579,2026-01-21,30.17,app,delivery,completed
ORD-0248266,R-0579,2026-01-04,38.53,app,delivery,Completed
ORD-0248267,R-0579,2026-01-05,92.86,web,delivery,completed
ORD-0248268,R-0579,2026-01-08,8.85,app,delivery,completed
ORD-0248269,R-0579,2026-01-17,25.00,app,delivery,completed
ORD-0248270,R-0579,2026-01-17,18.10,app,delivery,completed
ORD-0248271,R-0579,2026-01-25,23.38,web,delivery,completed
ORD-0248272,R-0579,2026-01-04,15.92,web,delivery,completed
ORD-0248273,R-0579,2026-01-04,53.44,web,delivery,completed
ORD-0248274,R-0579,2026-01-01,28.84,app,delivery,COMPLETED
ORD-0248275,R-0579,2026-01-02,29.35,web,delivery,completed
ORD-0248276,R-0579,2026-01-09,24.72,app,delivery,completed
ORD-0248277,R-0579,2026-01-31,35.18,app,delivery,completed
ORD-0248278,R-0579,2026-01-19,16.36,web,pickup,completed
ORD-0248279,R-0579,2026-01-10,19.11,web,delivery,completed
ORD-0248280,R-0579,2026-01-16,40.95,web,delivery,completed
ORD-0248281,R-0579,2026-01-13,21.38,web,delivery,completed
ORD-0248282,R-0579,2026-01-07,25.38,app,pickup,completed
ORD-0248283,R-0579,2026-01-31,23.71,web,pickup,completed
ORD-0248284,R-0579,2026-01-31,23.53,web,delivery,completed
ORD-0248285,R-0579,2026-01-31,54.57,web,delivery,completed
ORD-0248286,R-0579,2026-01-17,23.58,web,delivery,Completed
ORD-0248287,R-0579,2026-01-30,19.80,app,delivery,completed
ORD-0248288,R-0579,2026-01-24,15.95,app,delivery,refunded
ORD-0248289,R-0579,2026-01-17,22.28,app,delivery,completed
ORD-0248290,R-0579,2026-01-04,27.03,app,delivery,completed
ORD-0248291,R-0579,2026-01-30,28.01,web,delivery,COMPLETED
ORD-0248292,R-0579,2026-01-20,21.27,web,pickup,completed
ORD-0248293,R-0579,2026-01-13,14.95,app,delivery,completed
ORD-0248294,R-0579,2026-01-20,19.09,web,delivery,completed
ORD-0248295,R-0579,2026-01-19,33.80,web,delivery,completed
ORD-0248296,R-0579,2026-01-13,11.37,app,pickup,completed
ORD-0248297,R-0579,2026-01-15,22.32,app,delivery,completed
ORD-0248298,R-0579,2026-01-20,35.96,web,delivery,completed
ORD-0248299,R-0579,2026-01-06,28.50,app,delivery,completed
ORD-0248300,R-0579,2026-01-18,40.74,app,pickup,completed
ORD-0248301,R-0579,2026-01-03,27.42,web,delivery,completed
ORD-0248302,R-0579,2026-01-29,20.14,app,delivery,completed
ORD-0248303,R-0579,2026-01-01,36.58,app,delivery,completed
ORD-0248304,R-0579,2026-01-04,12.14,web,pickup,completed
ORD-0248305,R-0579,2026-01-31,38.94,app,delivery,completed
ORD-0248306,R-0579,2026-01-12,16.39,app,pickup,cancelled
ORD-0248307,R-0579,2026-01-14,22.69,web,delivery,cancelled
ORD-0248308,R-0579,2026-01-13,19.91,app,delivery,Completed
ORD-0248820,R-0581,2026-01-25,29.57,web,pickup,completed
ORD-0248821,R-0581,2026-01-17,91.35,web,delivery,completed
ORD-0248822,R-0581,2026-01-09,47.16,app,delivery,COMPLETED
ORD-0248823,R-0581,2026-01-29,40.67,app,delivery,COMPLETED
ORD-0248824,R-0581,2026-01-30,59.63,web,delivery,cancelled
ORD-0248825,R-0581,2026-01-01,52.64,app,pickup,Completed
ORD-0248826,R-0581,2026-01-30,31.63,app,delivery,completed
ORD-0248827,R-0581,2026-01-10,42.01,app,delivery,completed
ORD-0248828,R-0581,2026-01-17,69.49,web,delivery,completed
ORD-0248829,R-0581,2026-01-30,57.97,app,delivery,completed
ORD-0248830,R-0581,2026-01-16,72.19,app,delivery,completed
ORD-0248831,R-0581,2026-01-16,38.37,web,delivery,COMPLETED
ORD-0248832,R-0581,2026-01-08,23.88,app,pickup,completed
ORD-0248833,R-0581,2026-01-10,61.85,web,delivery,completed
ORD-0248834,R-0581,2026-01-08,29.51,web,delivery,completed
ORD-0248835,R-0581,2026-01-28,36.13,app,pickup,completed
ORD-0248836,R-0581,2026-01-16,53.66,web,delivery,COMPLETED
ORD-0248837,R-0581,2026-01-16,53.41,web,delivery,COMPLETED
ORD-0248838,R-0581,2026-01-08,70.16,app,delivery,completed
ORD-0248839,R-0581,2026-01-27,36.48,web,delivery,Refunded
ORD-0248840,R-0581,2026-01-24,64.83,app,pickup,cancelled
ORD-0248841,R-0581,2026-01-01,27.71,app,delivery,completed
ORD-0248842,R-0581,2026-01-03,63.53,app,delivery,completed
ORD-0248843,R-0581,2026-01-31,20.03,web,delivery,completed
ORD-0248844,R-0581,2026-01-13,45.12,web,delivery,COMPLETED
ORD-0248845,R-0581,2026-01-12,45.50,web,delivery,completed
ORD-0248846,R-0581,2026-01-16,53.85,web,delivery,completed
ORD-0248847,R-0581,2026-01-10,47.66,web,delivery,Completed
ORD-0248848,R-0581,2026-01-14,35.59,app,pickup,completed
ORD-0248849,R-0581,2026-01-02,30.69,web,delivery,CANCELLED
ORD-0248850,R-0581,2026-01-13,40.59,app,delivery,completed
ORD-0248851,R-0581,2026-01-17,47.02,app,delivery,completed
ORD-0248852,R-0581,2026-01-30,45.95,web,pickup,completed
ORD-0248853,R-0581,2026-01-29,35.62,web,pickup,COMPLETED
ORD-0248854,R-0581,2026-01-31,69.02,web,delivery,completed
ORD-0248855,R-0581,2026-01-29,25.56,app,pickup,completed
ORD-0248856,R-0581,2026-01-31,46.03,web,delivery,completed
ORD-0248857,R-0581,2026-01-31,46.29,web,pickup,completed
ORD-0248858,R-0581,2026-01-20,44.25,web,pickup,completed
ORD-0248859,R-0581,2026-01-30,63.38,web,pickup,completed
ORD-0248860,R-0581,2026-01-18,43.30,web,delivery,completed
ORD-0248861,R-0581,2026-01-20,57.51,web,delivery,completed
ORD-0248862,R-0581,2026-01-31,52.21,web,delivery,completed
ORD-0248863,R-0581,2026-01-29,45.05,web,pickup,completed
ORD-0248864,R-0581,2026-01-16,61.29,web,delivery,COMPLETED
ORD-0248865,R-0581,2026-01-09,48.09,web,delivery,completed
ORD-0248866,R-0581,2026-01-11,70.23,web,pickup,completed
ORD-0248867,R-0581,2026-01-11,67.02,app,delivery,completed
ORD-0248868,R-0581,2026-01-02,44.45,app,delivery,completed
ORD-0248869,R-0581,2026-01-12,55.66,app,pickup,completed
ORD-0248870,R-0581,2026-01-01,52.48,app,delivery,completed
ORD-0249216,R-0585,2026-01-17,23.43,app,pickup,completed
ORD-0249217,R-0585,2026-01-01,34.94,web,delivery,completed
ORD-0249218,R-0585,2026-01-25,18.54,web,delivery,COMPLETED
ORD-0249219,R-0585,2026-01-31,57.96,app,pickup,Completed
ORD-0249220,R-0585,2026-01-26,39.62,app,delivery,completed
ORD-0249221,R-0585,2026-01-23,36.96,app,delivery,completed
ORD-0249222,R-0585,2026-01-23,47.46,app,delivery,completed
ORD-0249223,R-0585,2026-01-13,46.10,app,delivery,completed
ORD-0249224,R-0585,2026-01-21,38.26,app,delivery,Completed
ORD-0249225,R-0585,2026-01-07,62.50,app,delivery,COMPLETED
ORD-0249226,R-0585,2026-01-17,36.57,web,pickup,completed
ORD-0249227,R-0585,2026-01-16,49.18,app,delivery,completed
ORD-0249228,R-0585,2026-01-24,22.62,app,pickup,completed
ORD-0249229,R-0585,2026-01-24,47.09,app,pickup,completed
ORD-0249230,R-0585,2026-01-03,25.61,web,delivery,completed
ORD-0249231,R-0585,2026-01-03,33.29,app,delivery,completed
ORD-0249232,R-0585,2026-01-03,56.92,web,pickup,completed
ORD-0249233,R-0585,2026-01-22,31.83,app,delivery,completed
ORD-0249234,R-0585,2026-01-16,26.73,web,delivery,completed
ORD-0249235,R-0585,2026-01-29,34.17,app,pickup,completed
ORD-0249236,R-0585,2026-01-21,19.42,app,pickup,completed
ORD-0249237,R-0585,2026-01-18,39.44,web,delivery,completed
ORD-0249238,R-0585,2026-01-08,54.98,app,pickup,completed
ORD-0249239,R-0585,2026-01-05,50.65,app,delivery,completed
ORD-0249240,R-0585,2026-01-22,84.79,web,delivery,completed
ORD-0249241,R-0585,2026-01-15,43.01,app,delivery,Completed
ORD-0249242,R-0585,2026-01-22,29.44,web,delivery,completed
ORD-0249243,R-0585,2026-01-24,56.10,app,delivery,completed
ORD-0249244,R-0585,2026-01-02,50.23,web,delivery,completed
ORD-0249245,R-0585,2026-01-23,52.71,app,delivery,completed
ORD-0249246,R-0585,2026-01-23,59.08,web,pickup,Completed
ORD-0249247,R-0585,2026-01-24,59.40,app,delivery,completed
ORD-0249248,R-0585,2026-01-14,41.89,web,delivery,completed
ORD-0249249,R-0585,2026-01-31,44.99,app,delivery,completed
ORD-0249250,R-0585,2026-01-08,29.47,web,delivery,completed
ORD-0249251,R-0585,2026-01-02,59.60,app,delivery,completed
ORD-0249252,R-0585,2026-01-23,23.67,app,delivery,completed
ORD-0249253,R-0585,2026-01-13,32.68,web,delivery,completed
ORD-0249254,R-0585,2026-01-10,54.66,web,delivery,COMPLETED
ORD-0249255,R-0585,2026-01-24,39.53,app,delivery,completed
ORD-0249256,R-0585,2026-01-23,23.22,app,pickup,completed
ORD-0249988,R-0586,2026-01-31,26.06,app,pickup,completed
ORD-0249989,R-0586,2026-01-24,21.64,app,delivery,completed
ORD-0249990,R-0586,2026-01-25,13.59,app,delivery,completed
ORD-0249991,R-0586,2026-01-17,18.85,web,delivery,completed
ORD-0249992,R-0586,2026-01-05,26.19,app,pickup,completed
ORD-0249993,R-0586,2026-01-02,34.41,app,pickup,COMPLETED
ORD-0249994,R-0586,2026-01-30,19.08,app,delivery,completed
ORD-0249995,R-0586,2026-01-10,29.46,web,pickup,completed
ORD-0249996,R-0586,2026-01-23,34.32,web,pickup,completed
ORD-0249997,R-0586,2026-01-19,11.02,app,delivery,completed
ORD-0249998,R-0586,2026-01-15,19.92,app,delivery,cancelled
ORD-0249999,R-0586,2026-01-25,17.61,app,pickup,completed
ORD-0250000,R-0586,2026-01-10,21.15,web,delivery,completed
ORD-0250001,R-0586,2026-01-06,29.10,app,delivery,completed
ORD-0250002,R-0586,2026-01-10,23.72,app,pickup,completed
ORD-0250003,R-0586,2026-01-18,18.85,app,delivery,completed
ORD-0250004,R-0586,2026-01-24,13.62,app,pickup,completed
ORD-0250005,R-0586,2026-01-15,11.01,web,delivery,completed
ORD-0250006,R-0586,2026-01-30,14.18,web,delivery,completed
ORD-0250007,R-0586,2026-01-10,29.91,app,pickup,completed
ORD-0250008,R-0586,2026-01-17,22.44,app,delivery,completed
ORD-0250009,R-0586,2026-01-10,19.19,app,delivery,completed
ORD-0250010,R-0586,2026-01-29,21.51,web,pickup,completed
ORD-0250011,R-0586,2026-01-14,16.89,app,pickup,completed
ORD-0250012,R-0586,2026-01-10,15.32,web,pickup,completed
ORD-0250013,R-0586,2026-01-30,16.03,app,delivery,completed
ORD-0250014,R-0586,2026-01-30,20.95,app,pickup,completed
ORD-0250015,R-0586,2026-01-21,13.91,app,delivery,completed
ORD-0250016,R-0586,2026-01-23,11.65,app,delivery,completed
ORD-0250017,R-0586,2026-01-18,19.49,app,pickup,completed
ORD-0250018,R-0586,2026-01-18,14.29,web,pickup,completed
ORD-0250019,R-0586,2026-01-16,32.84,app,delivery,completed
ORD-0250020,R-0586,2026-01-10,15.97,web,delivery,completed
ORD-0250021,R-0586,2026-01-30,31.13,app,pickup,completed
ORD-0250022,R-0586,2026-01-19,13.49,app,pickup,completed
ORD-0250023,R-0586,2026-01-11,17.86,app,delivery,completed
ORD-0250024,R-0586,2026-01-02,21.78,app,pickup,completed
ORD-0250025,R-0586,2026-01-18,15.21,web,pickup,completed
ORD-0250026,R-0586,2026-01-21,30.55,web,delivery,Cancelled
ORD-0250027,R-0586,2026-01-03,22.17,app,pickup,completed
ORD-0250028,R-0586,2026-01-08,17.82,web,delivery,COMPLETED
ORD-0250029,R-0586,2026-01-16,19.59,web,delivery,completed
ORD-0250030,R-0586,2026-01-02,17.42,web,pickup,Completed
ORD-0250031,R-0586,2026-01-20,15.32,app,pickup,COMPLETED
ORD-0250032,R-0586,2026-01-25,24.63,app,delivery,refunded
ORD-0250033,R-0586,2026-01-20,29.36,app,delivery,completed
ORD-0250034,R-0586,2026-01-11,17.11,app,delivery,COMPLETED
ORD-0250035,R-0586,2026-01-09,24.15,app,delivery,completed
ORD-0250036,R-0586,2026-01-09,16.87,app,delivery,completed
ORD-0250037,R-0586,2026-01-02,36.94,app,pickup,completed
ORD-0251207,R-0589,2026-01-06,40.64,app,delivery,completed
ORD-0251208,R-0589,2026-01-18,17.32,web,delivery,Completed
ORD-0251209,R-0589,2026-01-03,37.45,web,delivery,completed
ORD-0251210,R-0589,2026-01-30,15.73,app,pickup,completed
ORD-0251211,R-0589,2026-01-07,9.75,web,pickup,completed
ORD-0251212,R-0589,2026-01-06,28.65,app,delivery,completed
ORD-0251213,R-0589,2026-01-27,18.70,web,delivery,COMPLETED
ORD-0251214,R-0589,2026-01-23,32.59,web,delivery,completed
ORD-0251215,R-0589,2026-01-06,12.44,web,pickup,completed
ORD-0251216,R-0589,2026-01-20,17.30,app,delivery,completed
ORD-0251217,R-0589,2026-01-18,42.22,web,delivery,completed
ORD-0251218,R-0589,2026-01-16,21.25,app,delivery,completed
ORD-0251219,R-0589,2026-01-30,55.10,web,delivery,completed
ORD-0251220,R-0589,2026-01-16,13.37,web,delivery,completed
ORD-0251221,R-0589,2026-01-20,17.27,web,pickup,completed
ORD-0251222,R-0589,2026-01-04,27.39,web,delivery,Completed
ORD-0251223,R-0589,2026-01-16,9.80,web,pickup,completed
ORD-0251224,R-0589,2026-01-05,11.83,web,delivery,completed
ORD-0251225,R-0589,2026-01-09,32.86,app,delivery,completed
ORD-0251226,R-0589,2026-01-14,27.12,web,pickup,completed
ORD-0251227,R-0589,2026-01-05,12.51,web,delivery,completed
ORD-0251228,R-0589,2026-01-12,13.71,web,delivery,Cancelled
ORD-0251229,R-0589,2026-01-01,27.76,web,delivery,completed
ORD-0251230,R-0589,2026-01-23,17.00,web,delivery,completed
ORD-0251231,R-0589,2026-01-27,19.29,app,delivery,completed
ORD-0251232,R-0589,2026-01-11,24.12,web,delivery,completed
ORD-0251233,R-0589,2026-01-19,30.66,web,delivery,COMPLETED
ORD-0251234,R-0589,2026-01-29,20.60,web,delivery,completed
ORD-0251235,R-0589,2026-01-25,26.56,web,delivery,completed
ORD-0251236,R-0589,2026-01-06,13.63,app,delivery,COMPLETED
ORD-0251237,R-0589,2026-01-13,10.95,web,delivery,completed
ORD-0251238,R-0589,2026-01-02,20.24,web,pickup,completed
ORD-0251239,R-0589,2026-01-02,17.37,web,pickup,completed
ORD-0251240,R-0589,2026-01-12,10.95,app,delivery,completed
ORD-0251241,R-0589,2026-01-01,20.13,app,delivery,completed
ORD-0251242,R-0589,2026-01-17,25.69,web,pickup,completed
ORD-0251243,R-0589,2026-01-01,37.34,web,delivery,completed
ORD-0251244,R-0589,2026-01-17,33.22,web,delivery,completed
ORD-0251245,R-0589,2026-01-17,30.79,web,delivery,completed
ORD-0251246,R-0589,2026-01-17,24.04,app,delivery,completed
ORD-0251247,R-0589,2026-01-10,13.81,web,delivery,completed
ORD-0251248,R-0589,2026-01-11,18.59,web,delivery,completed
ORD-0251249,R-0589,2026-01-17,13.53,app,delivery,Completed
ORD-0251250,R-0589,2026-01-29,22.42,web,pickup,completed
ORD-0251251,R-0589,2026-01-17,32.08,app,pickup,completed
ORD-0251252,R-0589,2026-01-16,15.06,app,delivery,completed
ORD-0251253,R-0589,2026-01-03,107.40,web,pickup,COMPLETED
ORD-0251254,R-0589,2026-01-02,32.83,web,pickup,completed
ORD-0251255,R-0589,2026-01-25,27.89,app,delivery,completed
ORD-0252884,R-0594,2026-01-10,39.13,app,delivery,completed
ORD-0252885,R-0594,2026-01-27,37.02,app,pickup,completed
ORD-0252886,R-0594,2026-01-31,24.21,app,delivery,completed
ORD-0252887,R-0594,2026-01-24,29.69,app,pickup,completed
ORD-0252888,R-0594,2026-01-17,57.53,app,delivery,completed
ORD-0252889,R-0594,2026-01-28,85.98,app,delivery,cancelled
ORD-0252890,R-0594,2026-01-16,59.12,web,delivery,completed
ORD-0252891,R-0594,2026-01-12,45.31,web,pickup,completed
ORD-0252892,R-0594,2026-01-29,54.00,app,delivery,completed
ORD-0252893,R-0594,2026-01-17,18.22,app,delivery,completed
ORD-0252894,R-0594,2026-01-07,42.20,web,delivery,completed
ORD-0252895,R-0594,2026-01-16,68.19,app,pickup,completed
ORD-0252896,R-0594,2026-01-02,34.69,app,delivery,Completed
ORD-0252897,R-0594,2026-01-23,79.28,web,delivery,completed
ORD-0252898,R-0594,2026-01-10,38.89,app,delivery,completed
ORD-0252899,R-0594,2026-01-03,51.75,app,pickup,completed
ORD-0252900,R-0594,2026-01-16,49.61,app,delivery,completed
ORD-0252901,R-0594,2026-01-18,57.44,app,delivery,completed
ORD-0252902,R-0594,2026-01-22,53.86,web,pickup,completed
ORD-0252903,R-0594,2026-01-24,43.49,web,pickup,completed
ORD-0252904,R-0594,2026-01-03,35.09,app,delivery,Completed
ORD-0252905,R-0594,2026-01-17,45.74,app,delivery,completed
ORD-0252906,R-0594,2026-01-17,31.67,app,delivery,completed
ORD-0252907,R-0594,2026-01-06,64.11,app,pickup,completed
ORD-0252908,R-0594,2026-01-10,24.85,app,delivery,completed
ORD-0252909,R-0594,2026-01-17,29.39,app,delivery,completed
ORD-0252910,R-0594,2026-01-23,56.93,app,delivery,completed
ORD-0252911,R-0594,2026-01-07,75.05,app,delivery,completed
ORD-0252912,R-0594,2026-01-27,22.68,app,delivery,completed
ORD-0252913,R-0594,2026-01-04,35.39,app,delivery,completed
ORD-0252914,R-0594,2026-01-17,44.57,app,delivery,COMPLETED
ORD-0252915,R-0594,2026-01-10,34.85,app,delivery,completed
ORD-0252916,R-0594,2026-01-03,47.64,app,pickup,completed
ORD-0252917,R-0594,2026-01-18,44.28,app,delivery,completed
ORD-0252918,R-0594,2026-01-08,43.61,app,delivery,completed
ORD-0253162,R-0595,2026-01-17,57.92,web,delivery,completed
ORD-0253163,R-0595,2026-01-24,17.81,app,pickup,completed
ORD-0253164,R-0595,2026-01-30,29.96,app,pickup,completed
ORD-0253165,R-0595,2026-01-25,41.28,web,delivery,completed
ORD-0253166,R-0595,2026-01-15,34.86,web,delivery,completed
ORD-0253167,R-0595,2026-01-05,49.38,web,pickup,completed
ORD-0253168,R-0595,2026-01-23,31.86,web,delivery,completed
ORD-0253169,R-0595,2026-01-17,59.28,web,delivery,Cancelled
ORD-0253170,R-0595,2026-01-02,20.69,web,delivery,completed
ORD-0253171,R-0595,2026-01-03,46.19,web,delivery,COMPLETED
ORD-0253172,R-0595,2026-01-11,45.44,web,delivery,COMPLETED
ORD-0253173,R-0595,2026-01-22,32.43,web,delivery,completed
ORD-0253174,R-0595,2026-01-23,37.02,web,delivery,completed
ORD-0253175,R-0595,2026-01-04,56.30,app,pickup,completed
ORD-0253176,R-0595,2026-01-17,13.43,web,pickup,completed
ORD-0253177,R-0595,2026-01-02,27.09,web,pickup,completed
ORD-0253338,R-0597,2026-01-03,20.34,app,delivery,completed
ORD-0253339,R-0597,2026-01-16,25.89,web,pickup,completed
ORD-0253340,R-0597,2026-01-17,13.29,app,delivery,Completed
ORD-0253341,R-0597,2026-01-09,20.89,web,delivery,completed
ORD-0253342,R-0597,2026-01-02,31.67,web,delivery,completed
ORD-0253343,R-0597,2026-01-12,22.67,app,delivery,completed
ORD-0253344,R-0597,2026-01-02,22.22,app,delivery,completed
ORD-0253345,R-0597,2026-01-23,32.43,web,delivery,COMPLETED
ORD-0253346,R-0597,2026-01-24,27.28,web,delivery,completed
ORD-0253347,R-0597,2026-01-14,9.35,web,delivery,COMPLETED
ORD-0253348,R-0597,2026-01-30,14.82,web,delivery,completed
ORD-0253349,R-0597,2026-01-10,23.62,web,delivery,completed
ORD-0253350,R-0597,2026-01-21,13.30,web,delivery,completed
ORD-0253351,R-0597,2026-01-31,41.54,web,delivery,COMPLETED
ORD-0253352,R-0597,2026-01-24,23.94,app,delivery,completed
ORD-0253353,R-0597,2026-01-12,13.97,web,delivery,completed
ORD-0253354,R-0597,2026-01-15,17.06,app,delivery,completed
ORD-0253355,R-0597,2026-01-18,18.99,web,delivery,COMPLETED
