order_id,restaurant_id,order_date,order_value_eur,order_channel,fulfilment_type,order_status
ORD-0004066,R-0006,2025-04-25,"36,48",app,delivery,completed
ORD-0004067,R-0006,2025-04-06,"45,46",web,pickup,COMPLETED
ORD-0004068,R-0006,2025-04-27,"81,80",web,pickup,completed
ORD-0004069,R-0006,2025-04-19,"43,87",app,delivery,cancelled
ORD-0004070,R-0006,2025-04-17,"43,71",web,delivery,completed
ORD-0004071,R-0006,2025-04-20,"37,68",web,delivery,completed
ORD-0004072,R-0006,2025-04-10,"65,10",web,delivery,COMPLETED
ORD-0004073,R-0006,2025-04-02,"19,03",web,delivery,completed
ORD-0004074,R-0006,2025-04-13,"18,62",app,pickup,completed
ORD-0004075,R-0006,2025-04-23,"34,38",app,delivery,completed
ORD-0004076,R-0006,2025-04-27,"44,68",web,delivery,completed
ORD-0004077,R-0006,2025-04-13,"13,71",app,pickup,cancelled
ORD-0004078,R-0006,2025-04-09,"32,47",app,delivery,completed
ORD-0005907,R-0010,2025-04-03,"60,21",app,delivery,completed
ORD-0005908,R-0010,2025-04-12,"50,43",web,pickup,completed
ORD-0005909,R-0010,2025-04-15,"83,33",web,pickup,completed
ORD-0005910,R-0010,2025-04-11,"59,07",app,pickup,completed
ORD-0005911,R-0010,2025-04-15,"25,36",app,delivery,completed
ORD-0005912,R-0010,2025-04-25,"36,01",web,pickup,completed
ORD-0005913,R-0010,2025-04-07,"33,94",web,delivery,completed
ORD-0005914,R-0010,2025-04-23,"47,90",app,delivery,completed
ORD-0005915,R-0010,2025-04-24,"38,08",web,delivery,completed
ORD-0005916,R-0010,2025-04-18,"30,22",web,pickup,completed
ORD-0005917,R-0010,2025-04-10,"53,18",web,delivery,completed
ORD-0005918,R-0010,2025-04-28,"62,02",web,pickup,completed
ORD-0005919,R-0010,2025-04-12,"44,33",app,delivery,completed
ORD-0005920,R-0010,2025-04-03,"46,14",web,delivery,completed
ORD-0005921,R-0010,2025-04-05,"32,08",app,delivery,completed
ORD-0005922,R-0010,2025-04-27,"37,89",web,delivery,completed
ORD-0005923,R-0010,2025-04-05,"38,47",web,pickup,COMPLETED
ORD-0005924,R-0010,2025-04-13,"56,78",web,pickup,Cancelled
ORD-0005925,R-0010,2025-04-21,"46,95",web,delivery,completed
ORD-0005926,R-0010,2025-04-18,"40,73",web,delivery,completed
ORD-0005927,R-0010,2025-04-20,"40,12",web,delivery,completed
ORD-0005928,R-0010,2025-04-11,"22,06",web,pickup,completed
ORD-0005929,R-0010,2025-04-20,"84,02",app,delivery,completed
ORD-0005930,R-0010,2025-04-01,"19,55",app,pickup,completed
ORD-0005931,R-0010,2025-04-09,"49,95",web,delivery,completed
ORD-0005932,R-0010,2025-04-04,"46,73",web,delivery,completed
ORD-0005933,R-0010,2025-04-14,"38,62",web,pickup,completed
ORD-0005934,R-0010,2025-04-05,"45,93",web,pickup,completed
ORD-0005935,R-0010,2025-04-17,"33,29",app,delivery,completed
ORD-0005936,R-0010,2025-04-06,"58,82",web,delivery,Completed
ORD-0005937,R-0010,2025-04-13,"28,18",web,delivery,completed
ORD-0005938,R-0010,2025-04-03,"48,23",app,delivery,completed
ORD-0005939,R-0010,2025-04-13,"35,75",app,pickup,completed
ORD-0005940,R-0010,2025-04-25,"39,27",web,pickup,CANCELLED
ORD-0005941,R-0010,2025-04-10,"36,73",web,delivery,completed
ORD-0005942,R-0010,2025-04-21,"40,10",app,delivery,completed
ORD-0005943,R-0010,2025-04-13,"55,60",web,pickup,completed
ORD-0005944,R-0010,2025-04-07,"42,09",web,pickup,COMPLETED
ORD-0005945,R-0010,2025-04-10,"60,48",web,pickup,completed
ORD-0005946,R-0010,2025-04-10,"63,07",web,pickup,completed
ORD-0005947,R-0010,2025-04-23,"47,88",web,delivery,completed
ORD-0005948,R-0010,2025-04-06,"59,48",web,pickup,completed
ORD-0005949,R-0010,2025-04-30,"91,01",web,delivery,cancelled
ORD-0005950,R-0010,2025-04-21,"25,14",web,pickup,completed
ORD-0005951,R-0010,2025-04-12,"68,92",app,delivery,completed
ORD-0005952,R-0010,2025-04-30,"76,04",app,pickup,COMPLETED
ORD-0005953,R-0010,2025-04-07,"50,18",web,delivery,completed
ORD-0005954,R-0010,2025-04-24,"86,98",web,delivery,completed
ORD-0005955,R-0010,2025-04-09,"82,84",web,delivery,completed
ORD-0005956,R-0010,2025-04-17,"37,61",web,pickup,completed
ORD-0005957,R-0010,2025-04-03,"38,70",app,pickup,completed
ORD-0005958,R-0010,2025-04-26,"56,19",app,delivery,completed
ORD-0005959,R-0010,2025-04-12,"36,48",web,delivery,Completed
ORD-0005960,R-0010,2025-04-18,"127,07",web,delivery,completed
ORD-0005961,R-0010,2025-04-28,"57,31",web,pickup,COMPLETED
ORD-0005962,R-0010,2025-04-02,"43,41",app,pickup,COMPLETED
ORD-0005963,R-0010,2025-04-29,"25,17",web,pickup,completed
ORD-0005964,R-0010,2025-04-17,"46,88",app,pickup,completed
ORD-0005965,R-0010,2025-04-24,"27,37",web,pickup,completed
ORD-0005966,R-0010,2025-04-14,"56,69",app,delivery,completed
ORD-0005967,R-0010,2025-04-25,"18,06",app,pickup,completed
ORD-0005968,R-0010,2025-04-26,"77,32",web,delivery,completed
ORD-0005969,R-0010,2025-04-12,"39,31",web,pickup,completed
ORD-0005970,R-0010,2025-04-22,"22,65",app,pickup,completed
ORD-0005971,R-0010,2025-04-30,"42,40",web,pickup,completed
ORD-0005972,R-0010,2025-04-23,"42,93",app,delivery,completed
ORD-0005973,R-0010,2025-04-29,"41,65",app,pickup,completed
ORD-0005974,R-0010,2025-04-23,"71,49",app,pickup,completed
ORD-0005975,R-0010,2025-04-11,"53,13",web,pickup,completed
ORD-0005976,R-0010,2025-04-25,"62,06",app,delivery,completed
ORD-0005977,R-0010,2025-04-20,"41,98",web,pickup,COMPLETED
ORD-0005978,R-0010,2025-04-02,"50,05",web,delivery,completed
ORD-0012056,R-0023,2025-04-18,"38,53",app,delivery,completed
ORD-0012057,R-0023,2025-04-28,"7,71",app,delivery,completed
ORD-0012058,R-0023,2025-04-19,"22,38",app,delivery,completed
ORD-0012059,R-0023,2025-04-25,"31,50",app,delivery,completed
ORD-0012060,R-0023,2025-04-16,"31,98",app,delivery,completed
ORD-0012061,R-0023,2025-04-25,"17,66",app,pickup,completed
ORD-0012062,R-0023,2025-04-18,"24,98",app,delivery,completed
ORD-0012063,R-0023,2025-04-27,"28,80",app,delivery,cancelled
ORD-0012064,R-0023,2025-04-26,"35,66",web,delivery,completed
ORD-0012065,R-0023,2025-04-24,"22,81",app,delivery,COMPLETED
ORD-0012066,R-0023,2025-04-17,"21,90",app,pickup,completed
ORD-0012067,R-0023,2025-04-19,"19,03",web,delivery,completed
ORD-0012068,R-0023,2025-04-15,"31,26",app,delivery,Completed
ORD-0012069,R-0023,2025-04-19,"35,50",app,delivery,completed
ORD-0012070,R-0023,2025-04-20,"32,69",app,delivery,completed
ORD-0012071,R-0023,2025-04-22,"26,74",app,delivery,completed
ORD-0012072,R-0023,2025-04-30,"21,79",app,pickup,Completed
ORD-0012073,R-0023,2025-04-26,"16,71",app,delivery,Completed
ORD-0012074,R-0023,2025-04-20,"15,69",app,delivery,completed
ORD-0012075,R-0023,2025-04-27,"32,51",app,delivery,completed
ORD-0012076,R-0023,2025-04-20,"33,91",web,delivery,completed
ORD-0012077,R-0023,2025-04-20,"23,54",app,delivery,completed
ORD-0012078,R-0023,2025-04-16,"21,79",app,pickup,completed
ORD-0012079,R-0023,2025-04-26,"23,23",app,delivery,cancelled
ORD-0012080,R-0023,2025-04-18,"34,85",app,delivery,completed
ORD-0012081,R-0023,2025-04-18,"29,05",app,delivery,COMPLETED
ORD-0012082,R-0023,2025-04-20,"17,82",web,delivery,completed
ORD-0012083,R-0023,2025-04-27,"26,23",web,delivery,completed
ORD-0012084,R-0023,2025-04-28,"10,27",app,delivery,Completed
ORD-0012085,R-0023,2025-04-24,"15,28",app,delivery,COMPLETED
ORD-0012086,R-0023,2025-04-29,"9,59",web,delivery,completed
ORD-0012087,R-0023,2025-04-21,"13,85",app,delivery,completed
ORD-0012088,R-0023,2025-04-24,"14,38",web,pickup,completed
ORD-0012089,R-0023,2025-04-29,"8,36",app,delivery,completed
ORD-0012090,R-0023,2025-04-23,"31,92",app,delivery,COMPLETED
ORD-0012091,R-0023,2025-04-22,"15,98",app,delivery,completed
ORD-0012092,R-0023,2025-04-15,"17,25",app,delivery,completed
ORD-0012093,R-0023,2025-04-28,"13,82",app,delivery,completed
ORD-0012094,R-0023,2025-04-18,"26,85",app,delivery,completed
ORD-0012095,R-0023,2025-04-22,"34,78",app,pickup,completed
ORD-0012096,R-0023,2025-04-27,"26,38",app,pickup,COMPLETED
ORD-0012097,R-0023,2025-04-23,"22,73",app,delivery,completed
ORD-0012098,R-0023,2025-04-26,"9,44",web,pickup,completed
ORD-0012099,R-0023,2025-04-27,"20,41",app,pickup,completed
ORD-0012100,R-0023,2025-04-28,"25,71",web,delivery,completed
ORD-0012101,R-0023,2025-04-16,"32,27",app,pickup,completed
ORD-0012102,R-0023,2025-04-18,"27,31",app,delivery,completed
ORD-0012103,R-0023,2025-04-29,"46,53",app,delivery,completed
ORD-0012104,R-0023,2025-04-19,"15,76",app,delivery,completed
ORD-0012105,R-0023,2025-04-26,"15,76",app,delivery,completed
ORD-0012106,R-0023,2025-04-23,"23,07",app,delivery,completed
ORD-0012107,R-0023,2025-04-29,"33,33",app,delivery,Completed
ORD-0012108,R-0023,2025-04-19,"38,47",app,delivery,completed
ORD-0012109,R-0023,2025-04-27,"9,20",app,pickup,completed
ORD-0012110,R-0023,2025-04-21,"20,62",web,pickup,completed
ORD-0016196,R-0025,2025-04-27,"54,44",app,delivery,completed
ORD-0016197,R-0025,2025-04-19,"18,08",web,delivery,completed
ORD-0016198,R-0025,2025-04-25,"24,09",app,delivery,completed
ORD-0016199,R-0025,2025-04-15,"20,63",app,delivery,completed
ORD-0016200,R-0025,2025-04-12,"15,70",web,delivery,completed
ORD-0016201,R-0025,2025-04-08,"10,52",web,delivery,completed
ORD-0016202,R-0025,2025-04-12,"16,33",web,pickup,completed
ORD-0016203,R-0025,2025-04-27,"18,78",web,delivery,completed
ORD-0016204,R-0025,2025-04-28,"18,53",app,delivery,completed
ORD-0016205,R-0025,2025-04-28,"12,73",web,delivery,completed
ORD-0016206,R-0025,2025-04-24,"19,05",app,delivery,completed
ORD-0016207,R-0025,2025-04-06,"21,52",web,delivery,completed
ORD-0016208,R-0025,2025-04-22,"15,38",app,delivery,Completed
ORD-0016209,R-0025,2025-04-11,"30,05",web,delivery,completed
ORD-0016210,R-0025,2025-04-13,"12,43",web,delivery,completed
ORD-0016211,R-0025,2025-04-14,"23,46",app,delivery,completed
ORD-0016212,R-0025,2025-04-08,"19,56",app,pickup,completed
ORD-0016213,R-0025,2025-04-06,"23,65",web,delivery,completed
ORD-0016214,R-0025,2025-04-04,"26,62",app,delivery,COMPLETED
ORD-0016215,R-0025,2025-04-13,"25,48",web,delivery,completed
ORD-0016216,R-0025,2025-04-18,"11,39",web,delivery,completed
ORD-0016217,R-0025,2025-04-26,"20,94",app,delivery,completed
ORD-0016218,R-0025,2025-04-01,"25,11",web,pickup,COMPLETED
ORD-0016219,R-0025,2025-04-02,"25,41",web,delivery,completed
ORD-0016220,R-0025,2025-04-23,"15,97",web,delivery,completed
ORD-0016221,R-0025,2025-04-24,"14,43",web,pickup,completed
ORD-0016222,R-0025,2025-04-02,"26,07",app,delivery,completed
ORD-0016223,R-0025,2025-04-23,"25,31",web,pickup,completed
ORD-0016224,R-0025,2025-04-18,"15,60",app,delivery,COMPLETED
ORD-0016225,R-0025,2025-04-11,"14,49",app,delivery,completed
ORD-0016226,R-0025,2025-04-20,"19,82",web,delivery,completed
ORD-0016227,R-0025,2025-04-10,"15,99",web,delivery,completed
ORD-0016228,R-0025,2025-04-13,"23,83",web,pickup,completed
ORD-0016229,R-0025,2025-04-15,"34,14",web,delivery,completed
ORD-0016230,R-0025,2025-04-10,"13,46",web,pickup,completed
ORD-0016231,R-0025,2025-04-11,"21,59",web,pickup,completed
ORD-0016232,R-0025,2025-04-27,"17,17",web,delivery,completed
ORD-0016233,R-0025,2025-04-12,"29,64",app,delivery,completed
ORD-0016234,R-0025,2025-04-09,"28,08",web,pickup,completed
ORD-0016235,R-0025,2025-04-16,"15,12",web,delivery,completed
ORD-0016236,R-0025,2025-04-05,"33,40",web,delivery,completed
ORD-0016237,R-0025,2025-04-18,"30,37",web,pickup,completed
ORD-0016238,R-0025,2025-04-26,"21,22",app,delivery,completed
ORD-0016239,R-0025,2025-04-15,"27,23",web,delivery,completed
ORD-0016240,R-0025,2025-04-01,"12,78",app,delivery,completed
ORD-0016241,R-0025,2025-04-27,"44,54",app,delivery,COMPLETED
ORD-0016242,R-0025,2025-04-23,"21,25",app,delivery,completed
ORD-0016243,R-0025,2025-04-29,"32,68",app,delivery,completed
ORD-0016244,R-0025,2025-04-25,"18,15",app,pickup,completed
ORD-0016245,R-0025,2025-04-26,"12,76",web,delivery,completed
ORD-0016246,R-0025,2025-04-27,"26,58",app,delivery,completed
ORD-0016247,R-0025,2025-04-08,"15,96",web,pickup,completed
ORD-0016248,R-0025,2025-04-30,"16,59",app,delivery,completed
ORD-0016249,R-0025,2025-04-08,"22,67",app,delivery,completed
ORD-0016250,R-0025,2025-04-30,"28,05",app,delivery,completed
ORD-0016251,R-0025,2025-04-25,"25,53",app,delivery,completed
ORD-0016252,R-0025,2025-04-22,"30,35",app,delivery,completed
ORD-0016253,R-0025,2025-04-07,"19,35",web,pickup,completed
ORD-0016254,R-0025,2025-04-10,"33,85",web,delivery,completed
ORD-0016255,R-0025,2025-04-05,"30,15",app,delivery,completed
ORD-0016256,R-0025,2025-04-10,"14,10",app,delivery,completed
ORD-0016257,R-0025,2025-04-27,"28,20",web,pickup,completed
ORD-0016258,R-0025,2025-04-14,"20,99",web,pickup,completed
ORD-0016259,R-0025,2025-04-29,"15,62",web,delivery,completed
ORD-0016260,R-0025,2025-04-18,"27,56",web,delivery,completed
ORD-0016261,R-0025,2025-04-01,"24,16",app,delivery,completed
ORD-0016262,R-0025,2025-04-11,"28,46",web,delivery,completed
ORD-0016263,R-0025,2025-04-11,"15,12",web,delivery,completed
ORD-0016264,R-0025,2025-04-13,"10,22",web,delivery,COMPLETED
ORD-0016265,R-0025,2025-04-20,"19,80",web,delivery,cancelled
ORD-0016266,R-0025,2025-04-09,"18,75",web,pickup,COMPLETED
ORD-0016267,R-0025,2025-04-12,"26,53",web,delivery,completed
ORD-0019480,R-0033,2025-04-29,"23,74",app,delivery,cancelled
ORD-0022841,R-0046,2025-04-15,"19,65",web,pickup,completed
ORD-0022842,R-0046,2025-04-25,"21,51",app,delivery,completed
ORD-0022843,R-0046,2025-04-26,"27,54",app,delivery,completed
ORD-0022844,R-0046,2025-04-30,"27,81",app,delivery,completed
ORD-0022845,R-0046,2025-04-17,"21,60",app,pickup,completed
ORD-0022846,R-0046,2025-04-26,"22,58",app,delivery,completed
ORD-0022847,R-0046,2025-04-29,"17,90",web,delivery,completed
ORD-0022848,R-0046,2025-04-25,"25,70",app,delivery,completed
ORD-0022849,R-0046,2025-04-15,"32,66",app,delivery,completed
ORD-0022850,R-0046,2025-04-18,"26,77",web,delivery,completed
ORD-0022851,R-0046,2025-04-23,"14,69",app,delivery,COMPLETED
ORD-0022852,R-0046,2025-04-17,"21,10",app,pickup,completed
ORD-0022853,R-0046,2025-04-26,"18,47",web,delivery,completed
ORD-0022854,R-0046,2025-04-20,"16,02",web,pickup,completed
ORD-0022855,R-0046,2025-04-30,"19,24",app,delivery,completed
ORD-0022856,R-0046,2025-04-25,"25,74",app,pickup,completed
ORD-0022857,R-0046,2025-04-25,"27,90",app,delivery,completed
ORD-0022858,R-0046,2025-04-27,"26,44",web,pickup,completed
ORD-0022859,R-0046,2025-04-21,"16,86",app,delivery,Completed
ORD-0022860,R-0046,2025-04-21,"15,74",web,pickup,cancelled
ORD-0022861,R-0046,2025-04-22,"14,00",web,delivery,completed
ORD-0022862,R-0046,2025-04-27,"21,79",web,pickup,completed
ORD-0022863,R-0046,2025-04-19,"27,06",app,delivery,completed
ORD-0022864,R-0046,2025-04-29,"24,31",app,delivery,completed
ORD-0022865,R-0046,2025-04-18,"16,89",app,delivery,completed
ORD-0022866,R-0046,2025-04-23,"35,13",app,pickup,completed
ORD-0022867,R-0046,2025-04-19,"24,36",web,delivery,completed
ORD-0022868,R-0046,2025-04-26,"28,71",app,delivery,completed
ORD-0022869,R-0046,2025-04-30,"24,87",web,delivery,completed
ORD-0022870,R-0046,2025-04-23,"13,45",app,delivery,completed
ORD-0025671,R-0053,2025-04-25,"41,16",web,delivery,completed
ORD-0025672,R-0053,2025-04-08,"38,39",app,pickup,completed
ORD-0025673,R-0053,2025-04-26,"44,32",web,pickup,completed
ORD-0025674,R-0053,2025-04-06,"34,56",app,delivery,completed
ORD-0025675,R-0053,2025-04-11,"23,82",app,pickup,completed
ORD-0025676,R-0053,2025-04-01,"17,86",app,pickup,completed
ORD-0025677,R-0053,2025-04-25,"43,69",web,delivery,completed
ORD-0025678,R-0053,2025-04-26,"41,44",app,delivery,completed
ORD-0025679,R-0053,2025-04-15,"30,28",app,pickup,COMPLETED
ORD-0025680,R-0053,2025-04-18,"31,35",web,pickup,COMPLETED
ORD-0025681,R-0053,2025-04-05,"43,69",web,pickup,completed
ORD-0025682,R-0053,2025-04-12,"22,23",app,pickup,completed
ORD-0025683,R-0053,2025-04-02,"26,38",app,pickup,completed
ORD-0025684,R-0053,2025-04-28,"45,32",web,pickup,completed
ORD-0025685,R-0053,2025-04-26,"20,28",web,pickup,completed
ORD-0025686,R-0053,2025-04-26,"41,20",app,pickup,COMPLETED
ORD-0025687,R-0053,2025-04-07,"22,19",web,delivery,completed
ORD-0025688,R-0053,2025-04-16,"25,18",web,delivery,completed
ORD-0025689,R-0053,2025-04-10,"28,22",web,delivery,completed
ORD-0025690,R-0053,2025-04-06,"35,39",web,delivery,completed
ORD-0025691,R-0053,2025-04-08,"30,44",app,pickup,completed
ORD-0025692,R-0053,2025-04-26,"37,46",app,delivery,completed
ORD-0025693,R-0053,2025-04-10,"36,81",web,delivery,completed
ORD-0025694,R-0053,2025-04-23,"22,76",web,delivery,completed
ORD-0025695,R-0053,2025-04-19,"29,56",web,pickup,completed
ORD-0025696,R-0053,2025-04-04,"29,67",web,delivery,completed
ORD-0025697,R-0053,2025-04-06,"43,72",web,pickup,completed
ORD-0025698,R-0053,2025-04-26,"29,03",web,pickup,cancelled
ORD-0025699,R-0053,2025-04-10,"20,10",web,pickup,completed
ORD-0025700,R-0053,2025-04-06,"27,95",web,delivery,completed
ORD-0025701,R-0053,2025-04-13,"44,13",app,delivery,cancelled
ORD-0025702,R-0053,2025-04-29,"33,41",web,pickup,COMPLETED
ORD-0025703,R-0053,2025-04-17,"34,46",web,delivery,completed
ORD-0025704,R-0053,2025-04-04,"22,93",web,delivery,completed
ORD-0025705,R-0053,2025-04-06,"49,17",web,delivery,COMPLETED
ORD-0025706,R-0053,2025-04-01,"35,07",web,pickup,completed
ORD-0025707,R-0053,2025-04-14,"33,71",web,pickup,completed
ORD-0028449,R-0061,2025-04-17,"35,17",app,delivery,completed
ORD-0028450,R-0061,2025-04-17,"20,16",web,delivery,completed
ORD-0028451,R-0061,2025-04-24,"30,68",app,pickup,completed
ORD-0028452,R-0061,2025-04-30,"26,32",web,delivery,Completed
ORD-0028453,R-0061,2025-04-23,"15,35",app,delivery,completed
ORD-0028454,R-0061,2025-04-18,"24,78",app,delivery,refunded
ORD-0028455,R-0061,2025-04-20,"28,54",app,delivery,completed
ORD-0028456,R-0061,2025-04-18,"38,80",app,delivery,completed
ORD-0028457,R-0061,2025-04-30,"13,83",web,delivery,completed
ORD-0028458,R-0061,2025-04-21,"42,02",web,delivery,refunded
ORD-0028459,R-0061,2025-04-28,"62,37",app,delivery,completed
ORD-0028460,R-0061,2025-04-26,"33,03",app,delivery,Completed
ORD-0028461,R-0061,2025-04-25,"24,26",web,pickup,completed
ORD-0028462,R-0061,2025-04-26,"25,56",app,pickup,completed
ORD-0028463,R-0061,2025-04-21,"16,37",app,pickup,completed
ORD-0028464,R-0061,2025-04-22,"23,93",web,delivery,COMPLETED
ORD-0028465,R-0061,2025-04-19,"15,77",app,delivery,completed
ORD-0028466,R-0061,2025-04-18,"28,30",web,delivery,completed
ORD-0028467,R-0061,2025-04-19,"102,42",app,delivery,completed
ORD-0028468,R-0061,2025-04-22,"36,46",app,delivery,cancelled
ORD-0028469,R-0061,2025-04-29,"22,38",app,delivery,completed
ORD-0033537,R-0074,2025-04-04,"22,89",app,pickup,Completed
ORD-0033538,R-0074,2025-04-28,"29,29",web,delivery,completed
ORD-0033539,R-0074,2025-04-01,"24,95",web,delivery,Completed
ORD-0033540,R-0074,2025-04-18,"18,13",app,pickup,completed
ORD-0033541,R-0074,2025-04-11,"34,54",web,delivery,Completed
ORD-0033542,R-0074,2025-04-20,"15,73",app,delivery,completed
ORD-0033543,R-0074,2025-04-19,"28,95",web,delivery,completed
ORD-0033544,R-0074,2025-04-25,"18,60",web,delivery,COMPLETED
ORD-0033545,R-0074,2025-04-04,"14,18",web,pickup,completed
ORD-0033546,R-0074,2025-04-10,"23,83",app,pickup,completed
ORD-0033547,R-0074,2025-04-13,"33,46",web,delivery,completed
ORD-0033548,R-0074,2025-04-25,"20,67",app,delivery,completed
ORD-0033549,R-0074,2025-04-17,"34,14",app,pickup,completed
ORD-0033550,R-0074,2025-04-08,"38,86",web,delivery,completed
ORD-0033551,R-0074,2025-04-16,"16,11",app,delivery,completed
ORD-0033552,R-0074,2025-04-14,"25,63",app,delivery,completed
ORD-0033553,R-0074,2025-04-03,"31,32",app,pickup,completed
ORD-0033554,R-0074,2025-04-24,"30,37",web,pickup,completed
ORD-0033555,R-0074,2025-04-28,"25,02",app,pickup,completed
ORD-0033556,R-0074,2025-04-17,"31,51",web,pickup,completed
ORD-0033557,R-0074,2025-04-17,"36,33",app,delivery,completed
ORD-0033558,R-0074,2025-04-24,"19,41",app,delivery,completed
ORD-0033559,R-0074,2025-04-03,"38,50",app,delivery,completed
ORD-0033560,R-0074,2025-04-10,"40,90",web,delivery,completed
ORD-0033561,R-0074,2025-04-08,"28,78",app,delivery,completed
ORD-0033562,R-0074,2025-04-10,"19,62",app,pickup,completed
ORD-0033563,R-0074,2025-04-10,"57,37",app,delivery,COMPLETED
ORD-0033564,R-0074,2025-04-08,"21,66",web,pickup,completed
ORD-0033565,R-0074,2025-04-16,"43,41",app,pickup,completed
ORD-0033566,R-0074,2025-04-07,"47,16",app,delivery,completed
ORD-0033567,R-0074,2025-04-14,"19,71",app,pickup,cancelled
ORD-0033568,R-0074,2025-04-19,"35,02",web,pickup,completed
ORD-0033569,R-0074,2025-04-05,"23,81",app,delivery,completed
ORD-0033570,R-0074,2025-04-22,"42,19",app,pickup,completed
ORD-0033571,R-0074,2025-04-19,"27,84",web,delivery,completed
ORD-0033572,R-0074,2025-04-16,"19,76",app,delivery,completed
ORD-0033573,R-0074,2025-04-03,"27,86",web,pickup,completed
ORD-0033574,R-0074,2025-04-19,"27,77",web,pickup,completed
ORD-0036391,R-0081,2025-04-26,"60,67",app,delivery,completed
ORD-0036392,R-0081,2025-04-26,"64,94",app,delivery,completed
ORD-0036393,R-0081,2025-04-23,"45,16",web,pickup,completed
ORD-0036394,R-0081,2025-04-06,"47,31",app,delivery,Cancelled
ORD-0036395,R-0081,2025-04-12,"93,02",web,pickup,completed
ORD-0036396,R-0081,2025-04-26,"40,37",app,delivery,completed
ORD-0036397,R-0081,2025-04-07,"70,47",web,delivery,completed
ORD-0036398,R-0081,2025-04-25,"49,33",web,delivery,completed
ORD-0036399,R-0081,2025-04-17,"42,98",web,pickup,completed
ORD-0036400,R-0081,2025-04-30,"47,86",web,delivery,completed
ORD-0036401,R-0081,2025-04-27,"40,15",web,delivery,completed
ORD-0036402,R-0081,2025-04-30,"55,52",web,delivery,completed
ORD-0036403,R-0081,2025-04-24,"56,93",web,delivery,completed
ORD-0036404,R-0081,2025-04-13,"78,97",app,pickup,completed
ORD-0036405,R-0081,2025-04-05,"69,88",web,pickup,completed
ORD-0036406,R-0081,2025-04-11,"62,99",app,delivery,COMPLETED
ORD-0036407,R-0081,2025-04-22,"63,43",web,delivery,completed
ORD-0036408,R-0081,2025-04-19,"45,03",web,delivery,completed
ORD-0036409,R-0081,2025-04-04,"41,68",web,delivery,completed
ORD-0036410,R-0081,2025-04-12,"25,42",web,pickup,completed
ORD-0036411,R-0081,2025-04-18,"54,08",web,pickup,completed
ORD-0036412,R-0081,2025-04-12,"82,07",app,delivery,completed
ORD-0036413,R-0081,2025-04-04,"38,40",web,delivery,completed
ORD-0036414,R-0081,2025-04-09,"40,77",web,pickup,completed
ORD-0036415,R-0081,2025-04-08,"37,10",web,delivery,completed
ORD-0036416,R-0081,2025-04-15,"65,02",web,delivery,COMPLETED
ORD-0036417,R-0081,2025-04-21,"46,94",web,delivery,Completed
ORD-0036418,R-0081,2025-04-20,"58,70",web,delivery,completed
ORD-0036419,R-0081,2025-04-16,"57,05",web,delivery,completed
ORD-0036420,R-0081,2025-04-12,"28,72",app,delivery,completed
ORD-0036421,R-0081,2025-04-23,"61,60",app,pickup,completed
ORD-0036422,R-0081,2025-04-13,"65,72",web,delivery,completed
ORD-0038396,R-0087,2025-04-29,"42,49",app,pickup,completed
ORD-0040994,R-0092,2025-04-24,"18,44",web,pickup,completed
ORD-0044011,R-0104,2025-04-26,"29,22",web,delivery,completed
ORD-0044012,R-0104,2025-04-12,"29,03",web,pickup,completed
ORD-0044013,R-0104,2025-04-18,"35,48",web,pickup,completed
ORD-0044014,R-0104,2025-04-27,"33,49",web,delivery,completed
ORD-0044015,R-0104,2025-04-08,"53,17",web,pickup,completed
ORD-0044016,R-0104,2025-04-05,"27,12",web,delivery,completed
ORD-0044017,R-0104,2025-04-21,"20,97",web,pickup,COMPLETED
ORD-0044018,R-0104,2025-04-13,"32,86",app,delivery,completed
ORD-0044019,R-0104,2025-04-27,"19,83",app,delivery,completed
ORD-0044020,R-0104,2025-04-18,"16,30",app,delivery,completed
ORD-0044021,R-0104,2025-04-10,"25,85",web,delivery,completed
ORD-0044022,R-0104,2025-04-16,"20,42",app,delivery,completed
ORD-0044023,R-0104,2025-04-27,"18,86",web,delivery,completed
ORD-0044024,R-0104,2025-04-19,"63,29",app,delivery,completed
ORD-0044025,R-0104,2025-04-26,"65,22",app,pickup,completed
ORD-0044026,R-0104,2025-04-29,"13,88",web,delivery,refunded
ORD-0044027,R-0104,2025-04-05,"14,57",app,delivery,completed
ORD-0044028,R-0104,2025-04-01,"28,80",app,delivery,Completed
ORD-0044029,R-0104,2025-04-09,"21,06",web,delivery,completed
ORD-0044030,R-0104,2025-04-19,"25,57",web,delivery,Completed
ORD-0044031,R-0104,2025-04-20,"30,35",app,pickup,Completed
ORD-0044032,R-0104,2025-04-12,"21,31",app,pickup,completed
ORD-0044033,R-0104,2025-04-25,"16,13",app,pickup,completed
ORD-0044034,R-0104,2025-04-23,"23,29",app,delivery,completed
ORD-0044035,R-0104,2025-04-07,"47,70",app,delivery,cancelled
ORD-0044036,R-0104,2025-04-08,"35,18",app,pickup,completed
ORD-0044037,R-0104,2025-04-09,"29,58",app,delivery,completed
ORD-0044038,R-0104,2025-04-23,"31,15",app,delivery,completed
ORD-0044039,R-0104,2025-04-01,"32,32",web,delivery,completed
ORD-0044040,R-0104,2025-04-03,"29,82",app,delivery,completed
ORD-0044041,R-0104,2025-04-24,"34,40",web,delivery,completed
ORD-0044042,R-0104,2025-04-06,"26,72",web,delivery,completed
ORD-0044043,R-0104,2025-04-19,"10,85",web,delivery,completed
ORD-0044044,R-0104,2025-04-25,"23,16",app,pickup,completed
ORD-0044045,R-0104,2025-04-15,"46,50",app,delivery,completed
ORD-0044046,R-0104,2025-04-07,"24,23",app,delivery,completed
ORD-0044047,R-0104,2025-04-17,"32,91",app,delivery,completed
ORD-0044048,R-0104,2025-04-04,"22,09",app,delivery,Completed
ORD-0044049,R-0104,2025-04-19,"45,04",app,delivery,completed
ORD-0044050,R-0104,2025-04-27,"39,30",web,delivery,completed
ORD-0045041,R-0105,2025-04-23,"25,98",web,pickup,completed
ORD-0045042,R-0105,2025-04-24,"47,37",app,pickup,completed
ORD-0045043,R-0105,2025-04-30,"27,87",web,pickup,completed
ORD-0045044,R-0105,2025-04-27,"42,08",app,pickup,completed
ORD-0045637,R-0110,2025-04-26,"32,66",app,delivery,COMPLETED
ORD-0045638,R-0110,2025-04-28,"25,38",web,delivery,completed
ORD-0045639,R-0110,2025-04-12,"26,97",web,pickup,completed
ORD-0045640,R-0110,2025-04-30,"19,20",app,delivery,Completed
ORD-0045641,R-0110,2025-04-28,"23,39",web,delivery,COMPLETED
ORD-0045642,R-0110,2025-04-19,"40,37",web,delivery,completed
ORD-0045643,R-0110,2025-04-17,"31,69",web,pickup,completed
ORD-0045644,R-0110,2025-04-23,"38,31",app,delivery,completed
ORD-0045645,R-0110,2025-04-26,"47,53",web,delivery,completed
ORD-0045646,R-0110,2025-04-14,"36,62",web,delivery,completed
ORD-0045647,R-0110,2025-04-13,"30,52",app,delivery,completed
ORD-0045648,R-0110,2025-04-11,"33,45",web,pickup,completed
ORD-0045649,R-0110,2025-04-21,"57,28",app,pickup,completed
ORD-0045650,R-0110,2025-04-12,"20,83",web,pickup,completed
ORD-0045651,R-0110,2025-04-12,"37,05",web,delivery,completed
ORD-0045652,R-0110,2025-04-24,"44,23",web,pickup,completed
ORD-0045653,R-0110,2025-04-27,"35,86",web,delivery,completed
ORD-0048780,R-0119,2025-04-18,"18,77",web,delivery,completed
ORD-0048781,R-0119,2025-04-09,"34,17",app,delivery,Completed
ORD-0048782,R-0119,2025-04-06,"18,70",app,delivery,completed
ORD-0048783,R-0119,2025-04-19,"40,77",app,delivery,completed
ORD-0048784,R-0119,2025-04-26,"19,62",app,pickup,cancelled
ORD-0048785,R-0119,2025-04-12,"38,30",web,delivery,completed
ORD-0048786,R-0119,2025-04-02,"28,58",app,pickup,completed
ORD-0048787,R-0119,2025-04-16,"27,85",app,pickup,completed
ORD-0048788,R-0119,2025-04-14,"35,00",app,pickup,completed
ORD-0048789,R-0119,2025-04-28,"13,42",web,delivery,completed
ORD-0048790,R-0119,2025-04-15,"31,26",app,pickup,COMPLETED
ORD-0048791,R-0119,2025-04-03,"30,88",web,delivery,completed
ORD-0048792,R-0119,2025-04-24,"30,35",app,pickup,completed
ORD-0048793,R-0119,2025-04-16,"30,39",app,pickup,completed
ORD-0048794,R-0119,2025-04-06,"18,90",app,pickup,Completed
ORD-0048795,R-0119,2025-04-14,"23,68",web,delivery,completed
ORD-0048796,R-0119,2025-04-27,"27,02",app,delivery,completed
ORD-0048797,R-0119,2025-04-19,"55,99",app,pickup,completed
ORD-0048798,R-0119,2025-04-26,"25,29",app,pickup,completed
ORD-0048799,R-0119,2025-04-26,"27,78",app,pickup,completed
ORD-0048800,R-0119,2025-04-05,"37,42",web,pickup,COMPLETED
ORD-0048801,R-0119,2025-04-04,"21,60",app,delivery,completed
ORD-0048802,R-0119,2025-04-26,"27,80",app,pickup,completed
ORD-0048803,R-0119,2025-04-21,"31,11",web,pickup,completed
ORD-0048804,R-0119,2025-04-29,"29,85",app,delivery,completed
ORD-0048805,R-0119,2025-04-10,"20,93",web,delivery,completed
ORD-0048806,R-0119,2025-04-15,"21,09",web,pickup,completed
ORD-0050348,R-0124,2025-04-20,"43,69",web,delivery,completed
ORD-0050349,R-0124,2025-04-26,"42,70",web,delivery,completed
ORD-0050350,R-0124,2025-04-25,"42,94",web,delivery,cancelled
ORD-0050351,R-0124,2025-04-17,"25,86",app,delivery,completed
ORD-0050352,R-0124,2025-04-19,"31,03",app,pickup,completed
ORD-0050353,R-0124,2025-04-16,"51,03",web,delivery,completed
ORD-0050354,R-0124,2025-04-18,"29,89",web,pickup,completed
ORD-0050355,R-0124,2025-04-21,"41,85",web,pickup,completed
ORD-0050356,R-0124,2025-04-28,"16,98",app,pickup,completed
ORD-0050357,R-0124,2025-04-27,"50,97",web,delivery,completed
ORD-0050358,R-0124,2025-04-26,"65,40",app,pickup,completed
ORD-0050359,R-0124,2025-04-05,"29,35",web,delivery,completed
ORD-0050360,R-0124,2025-04-11,"57,30",web,pickup,completed
ORD-0050361,R-0124,2025-04-13,"33,81",app,delivery,completed
ORD-0050362,R-0124,2025-04-24,"29,99",app,delivery,Completed
ORD-0050363,R-0124,2025-04-25,"60,47",web,pickup,completed
ORD-0050364,R-0124,2025-04-04,"22,83",app,delivery,completed
ORD-0050365,R-0124,2025-04-11,"56,33",web,delivery,completed
ORD-0050366,R-0124,2025-04-24,"33,90",app,delivery,completed
ORD-0050367,R-0124,2025-04-21,"15,84",web,pickup,completed
ORD-0051243,R-0126,2025-04-20,"21,01",app,delivery,completed
ORD-0051244,R-0126,2025-04-07,"15,48",app,delivery,completed
ORD-0051245,R-0126,2025-04-08,"35,33",web,delivery,completed
ORD-0051246,R-0126,2025-04-10,"20,43",app,pickup,completed
ORD-0051247,R-0126,2025-04-28,"28,45",app,pickup,completed
ORD-0051248,R-0126,2025-04-27,"36,47",app,delivery,completed
ORD-0051249,R-0126,2025-04-19,"33,87",app,delivery,completed
ORD-0051250,R-0126,2025-04-09,"29,73",app,pickup,completed
ORD-0051251,R-0126,2025-04-10,"28,60",app,pickup,completed
ORD-0051252,R-0126,2025-04-11,"19,83",web,pickup,completed
ORD-0051253,R-0126,2025-04-03,"23,09",app,delivery,completed
ORD-0051254,R-0126,2025-04-05,"69,99",web,delivery,completed
ORD-0051255,R-0126,2025-04-15,"17,00",web,pickup,completed
ORD-0051256,R-0126,2025-04-22,"24,52",app,delivery,completed
ORD-0051257,R-0126,2025-04-27,"21,48",web,delivery,Completed
ORD-0051258,R-0126,2025-04-11,"21,39",app,delivery,completed
ORD-0051259,R-0126,2025-04-17,"25,48",app,pickup,completed
ORD-0051260,R-0126,2025-04-23,"61,56",app,pickup,completed
ORD-0051261,R-0126,2025-04-27,"77,67",web,delivery,completed
ORD-0051262,R-0126,2025-04-05,"23,11",app,delivery,completed
ORD-0051263,R-0126,2025-04-21,"20,65",web,pickup,completed
ORD-0051264,R-0126,2025-04-19,"31,98",app,delivery,completed
ORD-0051265,R-0126,2025-04-12,"46,75",app,delivery,completed
ORD-0051266,R-0126,2025-04-04,"21,12",app,delivery,completed
ORD-0051267,R-0126,2025-04-12,"24,21",web,delivery,completed
ORD-0051268,R-0126,2025-04-20,"30,92",app,delivery,completed
ORD-0051269,R-0126,2025-04-28,"17,87",app,pickup,completed
ORD-0051270,R-0126,2025-04-09,"16,75",web,delivery,completed
ORD-0051271,R-0126,2025-04-09,"26,02",app,delivery,cancelled
ORD-0051272,R-0126,2025-04-29,"20,96",web,delivery,completed
ORD-0051273,R-0126,2025-04-04,"30,52",web,delivery,completed
ORD-0051274,R-0126,2025-04-05,"11,96",app,delivery,completed
ORD-0051275,R-0126,2025-04-24,"26,55",app,delivery,completed
ORD-0051276,R-0126,2025-04-06,"28,65",app,delivery,completed
ORD-0051277,R-0126,2025-04-25,"33,48",web,delivery,CANCELLED
ORD-0051278,R-0126,2025-04-16,"13,10",web,delivery,completed
ORD-0051279,R-0126,2025-04-06,"18,87",web,delivery,completed
ORD-0051280,R-0126,2025-04-13,"60,11",app,delivery,completed
ORD-0051281,R-0126,2025-04-20,"32,16",app,delivery,completed
ORD-0051282,R-0126,2025-04-20,"27,67",web,delivery,Completed
ORD-0051283,R-0126,2025-04-18,"27,33",app,pickup,COMPLETED
ORD-0051284,R-0126,2025-04-11,"39,88",web,delivery,completed
ORD-0051285,R-0126,2025-04-12,"55,93",app,pickup,completed
ORD-0051286,R-0126,2025-04-21,"20,84",web,delivery,completed
ORD-0051287,R-0126,2025-04-16,"19,26",app,delivery,COMPLETED
ORD-0051288,R-0126,2025-04-24,"32,37",app,delivery,completed
ORD-0051289,R-0126,2025-04-25,"18,76",app,delivery,COMPLETED
ORD-0051290,R-0126,2025-04-20,"38,74",app,pickup,completed
ORD-0051291,R-0126,2025-04-29,"40,48",web,delivery,completed
ORD-0051292,R-0126,2025-04-11,"17,75",web,delivery,Completed
ORD-0051293,R-0126,2025-04-19,"18,31",app,delivery,COMPLETED
ORD-0051294,R-0126,2025-04-30,"21,85",app,delivery,completed
ORD-0051295,R-0126,2025-04-22,"57,52",app,delivery,completed
ORD-0051296,R-0126,2025-04-16,"29,46",web,delivery,completed
ORD-0051297,R-0126,2025-04-06,"38,39",app,delivery,completed
ORD-0051298,R-0126,2025-04-27,"22,32",app,delivery,completed
ORD-0051299,R-0126,2025-04-19,"10,37",app,delivery,completed
ORD-0051300,R-0126,2025-04-09,"21,21",web,delivery,completed
ORD-0051301,R-0126,2025-04-04,"21,72",app,delivery,completed
ORD-0051302,R-0126,2025-04-01,"26,59",web,pickup,completed
ORD-0051303,R-0126,2025-04-30,"12,95",web,pickup,COMPLETED
ORD-0051304,R-0126,2025-04-17,"28,80",app,pickup,completed
ORD-0051305,R-0126,2025-04-19,"45,67",app,delivery,completed
ORD-0051306,R-0126,2025-04-26,"25,36",web,pickup,completed
ORD-0051307,R-0126,2025-04-18,"30,83",app,pickup,completed
ORD-0051308,R-0126,2025-04-13,"15,54",app,delivery,completed
ORD-0051309,R-0126,2025-04-06,"26,88",web,pickup,completed
ORD-0051310,R-0126,2025-04-04,"34,89",web,delivery,completed
ORD-0051311,R-0126,2025-04-04,"31,37",web,delivery,completed
ORD-0051312,R-0126,2025-04-03,"51,61",web,pickup,completed
ORD-0051313,R-0126,2025-04-24,"43,04",web,pickup,completed
ORD-0051314,R-0126,2025-04-30,"32,94",web,delivery,COMPLETED
ORD-0051315,R-0126,2025-04-21,"27,15",app,delivery,completed
ORD-0051316,R-0126,2025-04-07,"18,82",web,delivery,completed
ORD-0051317,R-0126,2025-04-06,"19,30",web,delivery,completed
ORD-0051318,R-0126,2025-04-21,"16,67",app,delivery,completed
ORD-0051319,R-0126,2025-04-15,"18,90",web,pickup,completed
ORD-0051320,R-0126,2025-04-15,"26,08",app,pickup,COMPLETED
ORD-0051321,R-0126,2025-04-02,"16,12",app,pickup,completed
ORD-0051322,R-0126,2025-04-02,"20,76",app,delivery,completed
ORD-0051323,R-0126,2025-04-12,"25,34",web,delivery,completed
ORD-0051324,R-0126,2025-04-12,"37,19",app,delivery,completed
ORD-0051325,R-0126,2025-04-01,"16,77",app,pickup,completed
ORD-0051326,R-0126,2025-04-22,"27,83",app,delivery,completed
ORD-0051327,R-0126,2025-04-04,"13,82",web,pickup,completed
ORD-0051328,R-0126,2025-04-14,"19,24",web,delivery,completed
ORD-0051329,R-0126,2025-04-12,"26,19",app,pickup,Completed
ORD-0051330,R-0126,2025-04-05,"17,11",web,delivery,completed
ORD-0051331,R-0126,2025-04-23,"13,34",web,delivery,Completed
ORD-0051332,R-0126,2025-04-20,"29,11",web,delivery,completed
ORD-0051333,R-0126,2025-04-21,"12,56",web,pickup,completed
ORD-0051334,R-0126,2025-04-20,"24,63",app,delivery,completed
ORD-0051335,R-0126,2025-04-30,"14,79",web,delivery,completed
ORD-0051336,R-0126,2025-04-20,"29,47",web,delivery,refunded
ORD-0051337,R-0126,2025-04-30,"21,99",app,pickup,completed
ORD-0051338,R-0126,2025-04-23,"25,93",web,pickup,completed
ORD-0051339,R-0126,2025-04-27,"37,25",web,delivery,completed
ORD-0051340,R-0126,2025-04-03,"28,70",web,pickup,completed
ORD-0051341,R-0126,2025-04-23,"14,96",web,pickup,COMPLETED
ORD-0051342,R-0126,2025-04-28,"37,90",app,pickup,completed
ORD-0051343,R-0126,2025-04-17,"25,79",web,delivery,completed
ORD-0051344,R-0126,2025-04-09,"25,76",app,delivery,completed
ORD-0051345,R-0126,2025-04-02,"70,34",web,pickup,completed
ORD-0051346,R-0126,2025-04-14,"13,65",app,delivery,completed
ORD-0051347,R-0126,2025-04-17,"43,64",web,pickup,completed
ORD-0051348,R-0126,2025-04-04,"14,89",app,delivery,completed
ORD-0051349,R-0126,2025-04-17,"29,94",app,delivery,completed
ORD-0051350,R-0126,2025-04-18,"25,38",web,delivery,completed
ORD-0051351,R-0126,2025-04-14,"28,54",app,pickup,completed
ORD-0051352,R-0126,2025-04-11,"20,74",app,pickup,completed
ORD-0051353,R-0126,2025-04-12,"24,99",web,delivery,completed
ORD-0051354,R-0126,2025-04-13,"38,25",web,pickup,completed
ORD-0051355,R-0126,2025-04-23,"21,73",app,delivery,Completed
ORD-0051356,R-0126,2025-04-26,"25,81",web,delivery,completed
ORD-0051357,R-0126,2025-04-04,"63,95",web,pickup,completed
ORD-0051358,R-0126,2025-04-26,"43,94",web,delivery,completed
ORD-0051359,R-0126,2025-04-22,"26,63",web,delivery,completed
ORD-0051360,R-0126,2025-04-20,"26,65",app,delivery,completed
ORD-0051361,R-0126,2025-04-04,"21,07",app,delivery,completed
ORD-0051362,R-0126,2025-04-03,"18,32",web,delivery,completed
ORD-0051363,R-0126,2025-04-09,"59,55",web,delivery,completed
ORD-0051364,R-0126,2025-04-24,"22,08",app,delivery,Completed
ORD-0051365,R-0126,2025-04-24,"12,11",web,pickup,completed
ORD-0051366,R-0126,2025-04-03,"18,06",app,pickup,Completed
ORD-0051367,R-0126,2025-04-16,"36,26",app,pickup,completed
ORD-0051368,R-0126,2025-04-14,"39,62",app,pickup,completed
ORD-0059280,R-0143,2025-04-17,"35,76",web,pickup,completed
ORD-0059281,R-0143,2025-04-12,"54,17",web,delivery,completed
ORD-0059282,R-0143,2025-04-19,"29,61",app,pickup,completed
ORD-0059283,R-0143,2025-04-09,"48,39",app,pickup,completed
ORD-0059284,R-0143,2025-04-26,"64,09",app,delivery,completed
ORD-0059285,R-0143,2025-04-20,"50,74",app,delivery,COMPLETED
ORD-0059286,R-0143,2025-04-13,"27,41",app,pickup,completed
ORD-0059287,R-0143,2025-04-06,"94,98",web,pickup,completed
ORD-0059288,R-0143,2025-04-21,"21,31",app,pickup,completed
ORD-0059289,R-0143,2025-04-25,"65,63",app,delivery,completed
ORD-0059290,R-0143,2025-04-25,"31,30",app,pickup,completed
ORD-0059291,R-0143,2025-04-20,"85,24",web,pickup,completed
ORD-0059292,R-0143,2025-04-25,"49,32",web,pickup,completed
ORD-0059293,R-0143,2025-04-19,"22,90",app,pickup,completed
ORD-0059294,R-0143,2025-04-18,"47,82",app,pickup,completed
ORD-0059295,R-0143,2025-04-04,"49,97",web,delivery,completed
ORD-0059296,R-0143,2025-04-14,"29,12",app,pickup,completed
ORD-0059297,R-0143,2025-04-26,"47,36",web,pickup,completed
ORD-0059298,R-0143,2025-04-04,"43,65",app,pickup,COMPLETED
ORD-0059299,R-0143,2025-04-06,"87,18",app,delivery,completed
ORD-0059300,R-0143,2025-04-25,"113,28",web,pickup,cancelled
ORD-0059301,R-0143,2025-04-30,"48,68",app,delivery,completed
ORD-0059302,R-0143,2025-04-24,"66,40",app,delivery,completed
ORD-0059303,R-0143,2025-04-25,"40,15",web,pickup,completed
ORD-0059304,R-0143,2025-04-12,"107,74",app,pickup,completed
ORD-0059305,R-0143,2025-04-12,"21,62",app,pickup,completed
ORD-0059306,R-0143,2025-04-30,"29,75",web,pickup,completed
ORD-0059307,R-0143,2025-04-15,"28,80",app,pickup,completed
ORD-0059922,R-0146,2025-04-05,"37,01",app,delivery,completed
ORD-0059923,R-0146,2025-04-24,"32,62",web,delivery,completed
ORD-0059924,R-0146,2025-04-18,"42,49",web,delivery,completed
ORD-0059925,R-0146,2025-04-07,"33,79",app,pickup,completed
ORD-0059926,R-0146,2025-04-22,"24,68",web,pickup,completed
ORD-0059927,R-0146,2025-04-07,"19,39",web,delivery,completed
ORD-0059928,R-0146,2025-04-07,"62,46",app,delivery,completed
ORD-0059929,R-0146,2025-04-09,"40,74",app,pickup,completed
ORD-0059930,R-0146,2025-04-20,"31,82",web,delivery,completed
ORD-0059931,R-0146,2025-04-18,"37,31",app,delivery,completed
ORD-0059932,R-0146,2025-04-13,"35,47",web,pickup,completed
ORD-0059933,R-0146,2025-04-10,"30,99",app,pickup,completed
ORD-0059934,R-0146,2025-04-12,"37,61",app,pickup,completed
ORD-0059935,R-0146,2025-04-16,"30,72",app,pickup,completed
ORD-0059936,R-0146,2025-04-19,"37,08",web,delivery,completed
ORD-0059937,R-0146,2025-04-19,"29,95",app,pickup,completed
ORD-0059938,R-0146,2025-04-23,"37,62",web,pickup,completed
ORD-0059939,R-0146,2025-04-24,"23,99",web,pickup,completed
ORD-0059940,R-0146,2025-04-25,"42,42",web,delivery,completed
ORD-0059941,R-0146,2025-04-14,"60,77",app,pickup,completed
ORD-0059942,R-0146,2025-04-13,"34,71",app,delivery,completed
ORD-0059943,R-0146,2025-04-07,"27,24",app,delivery,completed
ORD-0059944,R-0146,2025-04-08,"24,67",web,pickup,completed
ORD-0059945,R-0146,2025-04-11,"30,96",web,delivery,COMPLETED
ORD-0059946,R-0146,2025-04-20,"28,06",app,delivery,completed
ORD-0059947,R-0146,2025-04-04,"22,79",app,delivery,completed
ORD-0059948,R-0146,2025-04-13,"27,73",app,delivery,completed
ORD-0059949,R-0146,2025-04-10,"25,05",web,pickup,completed
ORD-0059950,R-0146,2025-04-20,"32,26",web,pickup,completed
ORD-0059951,R-0146,2025-04-07,"30,38",web,delivery,completed
ORD-0059952,R-0146,2025-04-17,"27,42",web,pickup,completed
ORD-0059953,R-0146,2025-04-23,"28,52",app,delivery,completed
ORD-0059954,R-0146,2025-04-26,"39,49",app,pickup,completed
ORD-0059955,R-0146,2025-04-28,"36,46",app,delivery,cancelled
ORD-0059956,R-0146,2025-04-21,"34,12",app,pickup,completed
ORD-0059957,R-0146,2025-04-29,"32,86",web,delivery,completed
ORD-0059958,R-0146,2025-04-18,"22,25",web,pickup,completed
ORD-0059959,R-0146,2025-04-25,"24,66",app,pickup,completed
ORD-0059960,R-0146,2025-04-25,"28,74",web,delivery,cancelled
ORD-0059961,R-0146,2025-04-14,"23,60",web,pickup,completed
ORD-0059962,R-0146,2025-04-03,"24,54",app,pickup,Completed
ORD-0059963,R-0146,2025-04-25,"41,32",app,delivery,Completed
ORD-0059964,R-0146,2025-04-27,"30,69",app,delivery,completed
ORD-0059965,R-0146,2025-04-14,"40,22",web,pickup,completed
ORD-0059966,R-0146,2025-04-11,"28,75",web,pickup,completed
ORD-0059967,R-0146,2025-04-21,"19,94",web,delivery,completed
ORD-0059968,R-0146,2025-04-11,"32,22",web,pickup,COMPLETED
ORD-0059969,R-0146,2025-04-21,"30,16",app,pickup,completed
ORD-0059970,R-0146,2025-04-04,"29,41",app,delivery,completed
ORD-0059971,R-0146,2025-04-19,"27,43",web,delivery,completed
ORD-0059972,R-0146,2025-04-18,"45,29",web,pickup,completed
ORD-0059973,R-0146,2025-04-13,"24,22",app,delivery,completed
ORD-0059974,R-0146,2025-04-01,"33,33",web,pickup,completed
ORD-0059975,R-0146,2025-04-28,"26,38",app,pickup,completed
ORD-0059976,R-0146,2025-04-07,"36,44",web,pickup,completed
ORD-0059977,R-0146,2025-04-22,"27,39",web,pickup,completed
ORD-0059978,R-0146,2025-04-27,"65,54",web,pickup,Completed
ORD-0059979,R-0146,2025-04-18,"19,85",web,delivery,COMPLETED
ORD-0059980,R-0146,2025-04-01,"24,53",web,pickup,completed
ORD-0059981,R-0146,2025-04-23,"18,99",web,pickup,completed
ORD-0059982,R-0146,2025-04-10,"33,09",app,delivery,completed
ORD-0059983,R-0146,2025-04-05,"46,44",app,delivery,COMPLETED
ORD-0059984,R-0146,2025-04-05,"52,77",web,delivery,completed
ORD-0059985,R-0146,2025-04-06,"36,42",web,delivery,completed
ORD-0059986,R-0146,2025-04-01,"30,74",app,delivery,completed
ORD-0059987,R-0146,2025-04-27,"29,48",app,delivery,completed
ORD-0059988,R-0146,2025-04-03,"49,63",web,delivery,completed
ORD-0059989,R-0146,2025-04-16,"39,32",web,delivery,completed
ORD-0059990,R-0146,2025-04-07,"26,95",app,pickup,completed
ORD-0059991,R-0146,2025-04-22,"38,30",app,pickup,completed
ORD-0059992,R-0146,2025-04-13,"53,84",app,delivery,completed
ORD-0059993,R-0146,2025-04-22,"22,10",app,pickup,completed
ORD-0059994,R-0146,2025-04-21,"24,55",web,pickup,COMPLETED
ORD-0059995,R-0146,2025-04-15,"47,96",app,delivery,completed
ORD-0059996,R-0146,2025-04-12,"26,19",app,delivery,completed
ORD-0059997,R-0146,2025-04-28,"26,16",app,pickup,completed
ORD-0059998,R-0146,2025-04-18,"51,89",web,pickup,completed
ORD-0059999,R-0146,2025-04-01,"32,74",app,pickup,completed
ORD-0060000,R-0146,2025-04-20,"17,52",app,delivery,completed
ORD-0060001,R-0146,2025-04-17,"22,32",web,pickup,completed
ORD-0060002,R-0146,2025-04-30,"35,12",web,delivery,completed
ORD-0060003,R-0146,2025-04-04,"33,89",app,pickup,completed
ORD-0060004,R-0146,2025-04-16,"15,88",web,delivery,refunded
ORD-0060005,R-0146,2025-04-02,"24,75",web,delivery,completed
ORD-0060006,R-0146,2025-04-10,"24,06",web,pickup,completed
ORD-0060007,R-0146,2025-04-01,"31,73",app,pickup,completed
ORD-0060008,R-0146,2025-04-10,"23,96",app,pickup,completed
ORD-0060009,R-0146,2025-04-01,"20,58",web,pickup,completed
ORD-0060010,R-0146,2025-04-03,"40,80",web,delivery,completed
ORD-0060011,R-0146,2025-04-21,"19,05",app,delivery,cancelled
ORD-0060012,R-0146,2025-04-16,"14,49",web,pickup,completed
ORD-0060013,R-0146,2025-04-28,"23,16",web,delivery,completed
ORD-0060014,R-0146,2025-04-19,"46,71",app,pickup,completed
ORD-0060015,R-0146,2025-04-12,"35,17",web,delivery,Completed
ORD-0060016,R-0146,2025-04-14,"26,75",web,pickup,completed
ORD-0060017,R-0146,2025-04-08,"27,01",web,pickup,completed
ORD-0060018,R-0146,2025-04-26,"31,51",web,delivery,completed
ORD-0060019,R-0146,2025-04-13,"26,74",web,pickup,completed
ORD-0060020,R-0146,2025-04-26,"17,93",web,delivery,completed
ORD-0060021,R-0146,2025-04-18,"51,31",web,pickup,completed
ORD-0060022,R-0146,2025-04-08,"34,76",web,pickup,completed
ORD-0060023,R-0146,2025-04-12,"34,09",web,delivery,completed
ORD-0060024,R-0146,2025-04-12,"45,12",app,pickup,completed
ORD-0060025,R-0146,2025-04-08,"21,26",app,pickup,Completed
ORD-0060026,R-0146,2025-04-16,"33,35",app,pickup,COMPLETED
ORD-0060027,R-0146,2025-04-18,"42,98",web,delivery,completed
ORD-0061524,R-0154,2025-04-18,"32,52",web,delivery,completed
ORD-0061525,R-0154,2025-04-04,"34,56",app,delivery,completed
ORD-0061526,R-0154,2025-04-05,"60,86",app,delivery,completed
ORD-0061527,R-0154,2025-04-20,"34,39",web,delivery,Completed
ORD-0061528,R-0154,2025-04-18,"57,52",app,delivery,completed
ORD-0061529,R-0154,2025-04-04,"40,97",app,delivery,completed
ORD-0061530,R-0154,2025-04-30,"46,78",app,pickup,completed
ORD-0061531,R-0154,2025-04-17,"32,83",web,delivery,completed
ORD-0061532,R-0154,2025-04-05,"22,57",web,delivery,completed
ORD-0061533,R-0154,2025-04-20,"18,67",app,delivery,completed
ORD-0061534,R-0154,2025-04-16,"26,47",app,delivery,completed
ORD-0061535,R-0154,2025-04-20,"22,82",app,delivery,completed
ORD-0061536,R-0154,2025-04-12,"47,03",app,delivery,completed
ORD-0061537,R-0154,2025-04-07,"25,92",web,delivery,refunded
ORD-0061538,R-0154,2025-04-19,"45,04",web,delivery,completed
ORD-0061539,R-0154,2025-04-17,"47,23",web,delivery,completed
ORD-0061540,R-0154,2025-04-06,"48,74",web,delivery,completed
ORD-0061541,R-0154,2025-04-02,"46,45",app,delivery,completed
ORD-0061542,R-0154,2025-04-15,"28,97",app,delivery,completed
ORD-0061543,R-0154,2025-04-02,"28,81",app,delivery,completed
ORD-0061544,R-0154,2025-04-17,"53,18",app,delivery,completed
ORD-0061545,R-0154,2025-04-30,"21,07",app,pickup,completed
ORD-0061546,R-0154,2025-04-19,"20,78",web,delivery,completed
ORD-0061547,R-0154,2025-04-13,"41,52",web,delivery,completed
ORD-0061548,R-0154,2025-04-30,"100,69",web,delivery,completed
ORD-0061549,R-0154,2025-04-06,"36,71",app,delivery,completed
ORD-0061550,R-0154,2025-04-29,"26,42",web,delivery,completed
ORD-0061551,R-0154,2025-04-12,"41,74",app,delivery,completed
ORD-0061552,R-0154,2025-04-05,"45,22",app,pickup,cancelled
ORD-0061553,R-0154,2025-04-15,"35,98",web,delivery,completed
ORD-0061554,R-0154,2025-04-10,"34,26",app,delivery,completed
ORD-0061555,R-0154,2025-04-14,"38,31",web,delivery,completed
ORD-0061556,R-0154,2025-04-23,"31,65",app,delivery,completed
ORD-0061557,R-0154,2025-04-13,"37,34",app,delivery,completed
ORD-0061558,R-0154,2025-04-26,"29,57",web,delivery,completed
ORD-0061559,R-0154,2025-04-15,"35,15",web,delivery,COMPLETED
ORD-0061560,R-0154,2025-04-12,"22,02",app,delivery,completed
ORD-0061561,R-0154,2025-04-29,"75,01",web,delivery,completed
ORD-0061562,R-0154,2025-04-05,"34,28",app,delivery,completed
ORD-0061563,R-0154,2025-04-15,"69,28",web,pickup,completed
ORD-0061564,R-0154,2025-04-01,"48,88",app,pickup,completed
ORD-0061565,R-0154,2025-04-12,"108,52",app,delivery,completed
ORD-0061566,R-0154,2025-04-01,"48,67",app,delivery,completed
ORD-0061567,R-0154,2025-04-12,"59,49",app,delivery,Completed
ORD-0061568,R-0154,2025-04-28,"24,79",app,delivery,completed
ORD-0061569,R-0154,2025-04-23,"17,55",app,delivery,completed
ORD-0061570,R-0154,2025-04-27,"19,87",app,delivery,completed
ORD-0061571,R-0154,2025-04-27,"113,47",app,delivery,completed
ORD-0061572,R-0154,2025-04-21,"31,76",app,delivery,completed
ORD-0061573,R-0154,2025-04-11,"46,09",web,delivery,completed
ORD-0061574,R-0154,2025-04-09,"29,46",app,delivery,completed
ORD-0061575,R-0154,2025-04-21,"64,96",web,delivery,completed
ORD-0061576,R-0154,2025-04-10,"45,66",app,delivery,completed
ORD-0061577,R-0154,2025-04-28,"39,04",web,delivery,completed
ORD-0061578,R-0154,2025-04-10,"44,22",app,pickup,completed
ORD-0061579,R-0154,2025-04-17,"41,60",app,delivery,Completed
ORD-0061580,R-0154,2025-04-19,"55,08",app,pickup,completed
ORD-0074045,R-0171,2025-04-18,"14,08",app,delivery,cancelled
ORD-0074046,R-0171,2025-04-17,"19,04",web,delivery,completed
ORD-0074047,R-0171,2025-04-16,"32,33",app,delivery,completed
ORD-0074048,R-0171,2025-04-07,"26,51",web,delivery,completed
ORD-0074049,R-0171,2025-04-12,"24,16",app,delivery,completed
ORD-0074050,R-0171,2025-04-12,"27,18",app,pickup,completed
ORD-0074051,R-0171,2025-04-04,"21,53",app,pickup,COMPLETED
ORD-0074052,R-0171,2025-04-07,"25,29",web,pickup,completed
ORD-0074053,R-0171,2025-04-25,"28,50",app,pickup,COMPLETED
ORD-0074054,R-0171,2025-04-12,"26,70",web,pickup,completed
ORD-0074055,R-0171,2025-04-23,"21,34",web,delivery,completed
ORD-0074056,R-0171,2025-04-14,"18,76",web,delivery,completed
ORD-0074057,R-0171,2025-04-01,"12,69",app,delivery,completed
ORD-0074058,R-0171,2025-04-16,"17,88",web,delivery,completed
ORD-0074059,R-0171,2025-04-29,"26,21",web,pickup,completed
ORD-0074060,R-0171,2025-04-24,"30,82",web,delivery,completed
ORD-0074061,R-0171,2025-04-27,"16,06",web,delivery,completed
ORD-0074062,R-0171,2025-04-07,"18,68",web,delivery,Completed
ORD-0074063,R-0171,2025-04-19,"21,11",app,pickup,completed
ORD-0074064,R-0171,2025-04-22,"12,06",app,delivery,completed
ORD-0074065,R-0171,2025-04-19,"31,85",web,delivery,completed
ORD-0074066,R-0171,2025-04-02,"16,26",app,delivery,cancelled
ORD-0074067,R-0171,2025-04-04,"29,46",app,delivery,completed
ORD-0074068,R-0171,2025-04-09,"16,20",app,delivery,completed
ORD-0074069,R-0171,2025-04-09,"16,93",web,delivery,Cancelled
ORD-0074070,R-0171,2025-04-06,"25,13",web,pickup,completed
ORD-0074071,R-0171,2025-04-11,"23,84",app,delivery,completed
ORD-0074072,R-0171,2025-04-19,"40,89",app,delivery,completed
ORD-0074073,R-0171,2025-04-13,"19,47",web,delivery,completed
ORD-0074074,R-0171,2025-04-13,"18,36",app,pickup,completed
ORD-0074075,R-0171,2025-04-04,"22,05",app,delivery,completed
ORD-0074076,R-0171,2025-04-05,"17,32",app,delivery,completed
ORD-0074077,R-0171,2025-04-12,"19,48",web,delivery,completed
ORD-0074078,R-0171,2025-04-20,"16,00",web,delivery,completed
ORD-0074079,R-0171,2025-04-26,"13,72",app,pickup,completed
ORD-0074080,R-0171,2025-04-25,"14,84",web,pickup,completed
ORD-0074081,R-0171,2025-04-26,"19,71",app,delivery,completed
ORD-0074082,R-0171,2025-04-09,"21,79",web,pickup,COMPLETED
ORD-0074083,R-0171,2025-04-20,"32,49",app,delivery,completed
ORD-0074084,R-0171,2025-04-08,"16,28",web,pickup,completed
ORD-0074085,R-0171,2025-04-13,"21,77",app,pickup,completed
ORD-0074086,R-0171,2025-04-11,"19,04",app,pickup,completed
ORD-0074087,R-0171,2025-04-20,"20,58",web,pickup,completed
ORD-0074088,R-0171,2025-04-15,"19,70",app,delivery,completed
ORD-0074089,R-0171,2025-04-03,"20,59",web,pickup,completed
ORD-0074090,R-0171,2025-04-05,"27,88",web,delivery,completed
ORD-0074091,R-0171,2025-04-20,"18,82",web,delivery,completed
ORD-0074092,R-0171,2025-04-29,"17,66",app,pickup,COMPLETED
ORD-0074093,R-0171,2025-04-12,"40,28",web,delivery,completed
ORD-0074094,R-0171,2025-04-06,"19,80",app,delivery,completed
ORD-0074095,R-0171,2025-04-04,"29,16",app,delivery,completed
ORD-0074096,R-0171,2025-04-26,"14,42",web,pickup,completed
ORD-0074097,R-0171,2025-04-17,"15,64",app,pickup,completed
ORD-0074098,R-0171,2025-04-05,"32,04",app,delivery,completed
ORD-0074099,R-0171,2025-04-13,"30,91",app,pickup,COMPLETED
ORD-0074100,R-0171,2025-04-14,"17,14",app,delivery,completed
ORD-0074101,R-0171,2025-04-26,"19,53",app,delivery,completed
ORD-0074102,R-0171,2025-04-02,"15,03",web,pickup,completed
ORD-0074103,R-0171,2025-04-06,"29,26",app,delivery,Completed
ORD-0074104,R-0171,2025-04-07,"28,58",web,delivery,Completed
ORD-0074105,R-0171,2025-04-28,"15,92",web,delivery,completed
ORD-0074106,R-0171,2025-04-11,"19,87",app,pickup,completed
ORD-0074107,R-0171,2025-04-13,"21,66",app,pickup,completed
ORD-0074108,R-0171,2025-04-21,"14,66",web,pickup,completed
ORD-0074109,R-0171,2025-04-14,"16,66",web,delivery,completed
ORD-0074110,R-0171,2025-04-25,"20,02",web,pickup,completed
ORD-0074111,R-0171,2025-04-28,"17,05",web,pickup,completed
ORD-0074112,R-0171,2025-04-18,"20,73",app,delivery,completed
ORD-0074113,R-0171,2025-04-26,"27,86",web,pickup,completed
ORD-0074114,R-0171,2025-04-05,"48,06",app,delivery,completed
ORD-0074115,R-0171,2025-04-09,"18,37",web,delivery,COMPLETED
ORD-0074116,R-0171,2025-04-09,"18,60",app,pickup,completed
ORD-0074117,R-0171,2025-04-29,"14,24",app,pickup,completed
ORD-0074814,R-0173,2025-04-18,"45,93",app,delivery,completed
ORD-0074815,R-0173,2025-04-19,"100,42",web,pickup,completed
ORD-0074816,R-0173,2025-04-20,"33,02",web,delivery,completed
ORD-0074817,R-0173,2025-04-19,"130,93",app,delivery,COMPLETED
ORD-0074818,R-0173,2025-04-18,"161,09",web,delivery,COMPLETED
ORD-0074819,R-0173,2025-04-24,"36,23",web,delivery,completed
ORD-0074820,R-0173,2025-04-23,"71,91",web,pickup,completed
ORD-0074821,R-0173,2025-04-30,"57,19",app,delivery,completed
ORD-0074822,R-0173,2025-04-25,"75,18",web,pickup,completed
ORD-0074823,R-0173,2025-04-24,"42,35",web,pickup,completed
ORD-0074824,R-0173,2025-04-29,"29,04",app,pickup,completed
ORD-0074825,R-0173,2025-04-20,"48,10",web,pickup,completed
ORD-0074826,R-0173,2025-04-26,"82,41",web,delivery,completed
ORD-0074827,R-0173,2025-04-26,"26,59",web,delivery,COMPLETED
ORD-0074828,R-0173,2025-04-26,"61,77",web,delivery,completed
ORD-0074829,R-0173,2025-04-20,"30,76",app,pickup,completed
ORD-0074830,R-0173,2025-04-23,"67,08",app,delivery,completed
ORD-0074831,R-0173,2025-04-18,"93,12",app,delivery,completed
ORD-0074832,R-0173,2025-04-18,"36,42",web,pickup,completed
ORD-0074833,R-0173,2025-04-18,"55,49",web,pickup,completed
ORD-0075253,R-0175,2025-04-18,"17,77",web,delivery,completed
ORD-0075254,R-0175,2025-04-28,"16,78",web,delivery,completed
ORD-0075255,R-0175,2025-04-22,"15,19",web,pickup,completed
ORD-0075256,R-0175,2025-04-13,"22,83",web,delivery,completed
ORD-0075257,R-0175,2025-04-11,"32,56",web,pickup,completed
ORD-0075258,R-0175,2025-04-13,"21,80",web,pickup,completed
ORD-0075259,R-0175,2025-04-01,"35,38",app,delivery,completed
ORD-0075260,R-0175,2025-04-12,"20,00",web,delivery,cancelled
ORD-0075261,R-0175,2025-04-25,"20,89",web,delivery,completed
ORD-0075262,R-0175,2025-04-05,"29,18",web,delivery,completed
ORD-0075263,R-0175,2025-04-25,"35,71",web,delivery,completed
ORD-0075264,R-0175,2025-04-15,"11,37",web,delivery,completed
ORD-0075265,R-0175,2025-04-22,"13,75",web,delivery,completed
ORD-0075266,R-0175,2025-04-05,"30,81",web,delivery,completed
ORD-0075267,R-0175,2025-04-27,"31,13",web,delivery,completed
ORD-0075268,R-0175,2025-04-09,"29,32",web,delivery,completed
ORD-0075269,R-0175,2025-04-23,"21,88",app,delivery,completed
ORD-0075270,R-0175,2025-04-25,"23,49",web,delivery,completed
ORD-0075271,R-0175,2025-04-09,"18,31",app,pickup,Completed
ORD-0075272,R-0175,2025-04-13,"14,87",web,delivery,Completed
ORD-0075273,R-0175,2025-04-15,"14,92",app,delivery,completed
ORD-0075274,R-0175,2025-04-21,"28,76",web,delivery,completed
ORD-0075275,R-0175,2025-04-26,"16,68",web,pickup,completed
ORD-0075276,R-0175,2025-04-12,"26,02",web,delivery,completed
ORD-0075277,R-0175,2025-04-17,"13,97",app,delivery,completed
ORD-0075278,R-0175,2025-04-15,"11,24",web,pickup,completed
ORD-0075279,R-0175,2025-04-21,"15,67",app,pickup,completed
ORD-0075280,R-0175,2025-04-17,"18,10",web,delivery,completed
ORD-0075281,R-0175,2025-04-17,"16,75",web,delivery,completed
ORD-0075282,R-0175,2025-04-02,"39,03",app,pickup,completed
ORD-0075283,R-0175,2025-04-11,"16,08",app,pickup,completed
ORD-0075284,R-0175,2025-04-13,"12,72",web,pickup,COMPLETED
ORD-0075285,R-0175,2025-04-26,"33,14",app,delivery,completed
ORD-0079771,R-0184,2025-04-19,"26,91",web,pickup,completed
ORD-0079772,R-0184,2025-04-26,"27,61",web,pickup,completed
ORD-0079773,R-0184,2025-04-01,"16,80",web,delivery,Completed
ORD-0079774,R-0184,2025-04-30,"22,60",app,pickup,COMPLETED
ORD-0079775,R-0184,2025-04-20,"8,47",web,delivery,completed
ORD-0079776,R-0184,2025-04-20,"10,99",app,pickup,completed
ORD-0079777,R-0184,2025-04-16,"27,12",app,pickup,COMPLETED
ORD-0079778,R-0184,2025-04-27,"15,63",web,delivery,completed
ORD-0079779,R-0184,2025-04-26,"13,33",web,pickup,completed
ORD-0079780,R-0184,2025-04-11,"24,53",app,pickup,completed
ORD-0079781,R-0184,2025-04-12,"37,54",web,delivery,completed
ORD-0079782,R-0184,2025-04-20,"15,57",app,pickup,completed
ORD-0079783,R-0184,2025-04-18,"20,98",web,pickup,completed
ORD-0079784,R-0184,2025-04-30,"19,71",app,delivery,completed
ORD-0079785,R-0184,2025-04-12,"17,59",app,pickup,completed
ORD-0079786,R-0184,2025-04-30,"15,64",app,pickup,completed
ORD-0079787,R-0184,2025-04-22,"16,03",web,delivery,COMPLETED
ORD-0079788,R-0184,2025-04-29,"26,83",app,pickup,Completed
ORD-0079789,R-0184,2025-04-17,"14,48",app,delivery,completed
ORD-0079790,R-0184,2025-04-10,"14,19",app,delivery,completed
ORD-0079791,R-0184,2025-04-02,"17,15",web,pickup,COMPLETED
ORD-0079792,R-0184,2025-04-24,"16,85",web,delivery,completed
ORD-0079793,R-0184,2025-04-30,"17,00",web,pickup,completed
ORD-0079794,R-0184,2025-04-12,"21,70",app,pickup,COMPLETED
ORD-0079795,R-0184,2025-04-30,"16,68",web,delivery,completed
ORD-0079796,R-0184,2025-04-06,"18,43",app,pickup,completed
ORD-0079797,R-0184,2025-04-12,"21,41",app,delivery,completed
ORD-0079798,R-0184,2025-04-29,"10,10",web,pickup,completed
ORD-0079799,R-0184,2025-04-26,"20,54",app,pickup,completed
ORD-0079800,R-0184,2025-04-13,"35,22",app,delivery,completed
ORD-0079801,R-0184,2025-04-04,"21,66",web,delivery,completed
ORD-0079802,R-0184,2025-04-21,"20,65",app,delivery,completed
ORD-0079803,R-0184,2025-04-17,"10,68",web,pickup,completed
ORD-0079804,R-0184,2025-04-26,"18,00",app,delivery,completed
ORD-0079805,R-0184,2025-04-11,"31,84",web,delivery,completed
ORD-0079806,R-0184,2025-04-18,"31,33",web,delivery,completed
ORD-0079807,R-0184,2025-04-19,"18,54",web,pickup,completed
ORD-0079808,R-0184,2025-04-06,"18,98",web,delivery,completed
ORD-0079809,R-0184,2025-04-03,"13,88",web,pickup,completed
ORD-0079810,R-0184,2025-04-30,"14,58",app,delivery,cancelled
ORD-0079811,R-0184,2025-04-20,"9,38",app,delivery,completed
ORD-0079812,R-0184,2025-04-10,"10,43",app,delivery,COMPLETED
ORD-0079813,R-0184,2025-04-07,"8,60",web,pickup,COMPLETED
ORD-0079814,R-0184,2025-04-09,"27,74",app,pickup,completed
ORD-0079815,R-0184,2025-04-25,"33,70",web,delivery,completed
ORD-0079816,R-0184,2025-04-05,"22,30",app,pickup,completed
ORD-0079817,R-0184,2025-04-26,"11,06",web,delivery,completed
ORD-0079818,R-0184,2025-04-01,"20,92",web,delivery,Completed
ORD-0079819,R-0184,2025-04-03,"20,93",web,delivery,completed
ORD-0079820,R-0184,2025-04-05,"20,50",app,delivery,completed
ORD-0079821,R-0184,2025-04-27,"15,60",web,pickup,Completed
ORD-0079822,R-0184,2025-04-22,"22,30",web,pickup,completed
ORD-0079823,R-0184,2025-04-03,"15,37",app,delivery,completed
ORD-0079824,R-0184,2025-04-16,"11,74",web,pickup,COMPLETED
ORD-0079825,R-0184,2025-04-02,"12,42",app,pickup,completed
ORD-0079826,R-0184,2025-04-18,"38,66",app,delivery,completed
ORD-0079827,R-0184,2025-04-27,"34,40",web,pickup,COMPLETED
ORD-0079828,R-0184,2025-04-26,"30,44",app,pickup,COMPLETED
ORD-0079829,R-0184,2025-04-19,"32,47",web,pickup,completed
ORD-0079830,R-0184,2025-04-05,"13,94",web,delivery,completed
ORD-0079831,R-0184,2025-04-05,"22,25",app,pickup,completed
ORD-0079832,R-0184,2025-04-09,"34,80",app,pickup,Completed
ORD-0079833,R-0184,2025-04-29,"13,58",app,pickup,Completed
ORD-0079834,R-0184,2025-04-26,"15,40",web,delivery,completed
ORD-0079835,R-0184,2025-04-18,"15,38",app,delivery,completed
ORD-0079836,R-0184,2025-04-10,"13,31",app,pickup,completed
ORD-0079837,R-0184,2025-04-18,"18,59",app,delivery,completed
ORD-0079838,R-0184,2025-04-23,"15,33",app,delivery,completed
ORD-0079839,R-0184,2025-04-03,"17,91",app,delivery,completed
ORD-0079840,R-0184,2025-04-13,"15,62",web,pickup,completed
ORD-0079841,R-0184,2025-04-25,"15,79",web,pickup,COMPLETED
ORD-0079842,R-0184,2025-04-08,"21,81",web,pickup,completed
ORD-0079843,R-0184,2025-04-24,"29,33",app,pickup,completed
ORD-0079844,R-0184,2025-04-12,"36,52",web,pickup,completed
ORD-0079845,R-0184,2025-04-20,"17,99",web,pickup,Completed
ORD-0080950,R-0187,2025-04-26,"24,14",app,delivery,completed
ORD-0080951,R-0187,2025-04-28,"21,11",app,delivery,COMPLETED
ORD-0080952,R-0187,2025-04-29,"21,25",app,delivery,completed
ORD-0080953,R-0187,2025-04-30,"17,36",app,delivery,Completed
ORD-0080954,R-0187,2025-04-25,"29,77",app,delivery,completed
ORD-0080955,R-0187,2025-04-24,"20,95",app,delivery,COMPLETED
ORD-0080956,R-0187,2025-04-29,"22,63",app,pickup,completed
ORD-0086388,R-0196,2025-04-28,"17,25",web,delivery,completed
ORD-0086389,R-0196,2025-04-12,"46,86",web,delivery,completed
ORD-0086390,R-0196,2025-04-20,"17,47",web,delivery,COMPLETED
ORD-0086391,R-0196,2025-04-12,"24,34",web,pickup,completed
ORD-0086392,R-0196,2025-04-09,"29,93",web,delivery,completed
ORD-0086393,R-0196,2025-04-27,"20,62",web,delivery,completed
ORD-0086394,R-0196,2025-04-17,"41,07",app,pickup,completed
ORD-0086395,R-0196,2025-04-06,"23,90",app,delivery,completed
ORD-0086396,R-0196,2025-04-19,"31,93",web,pickup,completed
ORD-0086397,R-0196,2025-04-17,"52,42",app,delivery,completed
ORD-0086398,R-0196,2025-04-05,"16,03",app,pickup,completed
ORD-0086399,R-0196,2025-04-17,"28,64",web,pickup,completed
ORD-0086400,R-0196,2025-04-22,"17,14",web,delivery,completed
ORD-0086401,R-0196,2025-04-16,"29,76",app,pickup,Completed
ORD-0086402,R-0196,2025-04-27,"24,84",web,delivery,completed
ORD-0086403,R-0196,2025-04-21,"20,46",app,delivery,completed
ORD-0086404,R-0196,2025-04-18,"36,69",web,delivery,completed
ORD-0086405,R-0196,2025-04-24,"18,84",web,delivery,cancelled
ORD-0086406,R-0196,2025-04-15,"25,97",app,delivery,completed
ORD-0086407,R-0196,2025-04-25,"35,34",app,pickup,completed
ORD-0086408,R-0196,2025-04-05,"24,97",app,delivery,COMPLETED
ORD-0086409,R-0196,2025-04-30,"44,90",web,delivery,COMPLETED
ORD-0086410,R-0196,2025-04-26,"20,30",app,delivery,completed
ORD-0086411,R-0196,2025-04-06,"32,08",web,delivery,completed
ORD-0086412,R-0196,2025-04-22,"20,22",app,delivery,Cancelled
ORD-0086413,R-0196,2025-04-09,"28,24",web,pickup,completed
ORD-0086414,R-0196,2025-04-20,"15,42",web,delivery,completed
ORD-0086415,R-0196,2025-04-17,"39,83",app,delivery,completed
ORD-0091078,R-0207,2025-04-03,"52,05",web,delivery,completed
ORD-0091079,R-0207,2025-04-06,"56,26",app,delivery,completed
ORD-0091080,R-0207,2025-04-05,"53,34",app,pickup,completed
ORD-0091081,R-0207,2025-04-27,"53,34",web,delivery,Completed
ORD-0091082,R-0207,2025-04-04,"59,08",app,pickup,completed
ORD-0091083,R-0207,2025-04-17,"42,14",app,delivery,completed
ORD-0091084,R-0207,2025-04-18,"33,29",app,pickup,completed
ORD-0091085,R-0207,2025-04-05,"27,47",app,pickup,completed
ORD-0091086,R-0207,2025-04-05,"73,79",web,pickup,completed
ORD-0091087,R-0207,2025-04-05,"79,77",web,delivery,completed
ORD-0091088,R-0207,2025-04-17,"35,66",web,delivery,completed
ORD-0091089,R-0207,2025-04-17,"35,67",app,delivery,completed
ORD-0091090,R-0207,2025-04-16,"50,33",web,pickup,completed
ORD-0091091,R-0207,2025-04-24,"88,33",web,pickup,completed
ORD-0091092,R-0207,2025-04-13,"67,78",app,delivery,Completed
ORD-0093579,R-0211,2025-04-01,"30,98",app,delivery,completed
ORD-0093580,R-0211,2025-04-08,"15,90",web,pickup,completed
ORD-0093581,R-0211,2025-04-13,"23,45",web,pickup,completed
ORD-0093582,R-0211,2025-04-05,"18,52",web,delivery,completed
ORD-0093583,R-0211,2025-04-09,"31,90",web,pickup,completed
ORD-0093584,R-0211,2025-04-17,"23,96",app,delivery,completed
ORD-0093585,R-0211,2025-04-26,"21,72",app,pickup,completed
ORD-0093586,R-0211,2025-04-13,"22,28",web,delivery,completed
ORD-0093587,R-0211,2025-04-24,"32,82",app,pickup,completed
ORD-0093588,R-0211,2025-04-25,"26,81",app,pickup,completed
ORD-0093589,R-0211,2025-04-26,"27,46",app,pickup,completed
ORD-0093590,R-0211,2025-04-04,"33,03",app,delivery,completed
ORD-0093591,R-0211,2025-04-02,"24,56",app,delivery,completed
ORD-0093592,R-0211,2025-04-27,"29,87",app,delivery,completed
ORD-0093593,R-0211,2025-04-26,"29,37",web,delivery,completed
ORD-0093594,R-0211,2025-04-10,"22,88",app,pickup,completed
ORD-0093595,R-0211,2025-04-10,"23,48",app,pickup,completed
ORD-0093596,R-0211,2025-04-23,"15,90",app,pickup,completed
ORD-0093597,R-0211,2025-04-21,"47,00",app,delivery,completed
ORD-0093598,R-0211,2025-04-03,"20,64",app,pickup,completed
ORD-0100977,R-0227,2025-04-05,"34,07",app,delivery,completed
ORD-0100978,R-0227,2025-04-11,"33,78",app,delivery,completed
ORD-0100979,R-0227,2025-04-29,"40,61",web,delivery,completed
ORD-0100980,R-0227,2025-04-10,"72,07",app,delivery,completed
ORD-0100981,R-0227,2025-04-14,"61,53",app,delivery,completed
ORD-0100982,R-0227,2025-04-11,"34,69",web,delivery,completed
ORD-0100983,R-0227,2025-04-20,"39,10",app,delivery,cancelled
ORD-0100984,R-0227,2025-04-06,"38,30",web,pickup,CANCELLED
ORD-0100985,R-0227,2025-04-03,"43,88",web,delivery,completed
ORD-0100986,R-0227,2025-04-17,"33,99",web,delivery,cancelled
ORD-0100987,R-0227,2025-04-02,"46,98",app,delivery,completed
ORD-0100988,R-0227,2025-04-03,"53,32",app,pickup,completed
ORD-0100989,R-0227,2025-04-06,"64,40",web,pickup,Completed
ORD-0100990,R-0227,2025-04-18,"37,68",app,delivery,COMPLETED
ORD-0100991,R-0227,2025-04-09,"46,75",app,delivery,completed
ORD-0100992,R-0227,2025-04-27,"80,41",app,pickup,completed
ORD-0100993,R-0227,2025-04-04,"54,64",app,pickup,completed
ORD-0100994,R-0227,2025-04-20,"32,23",app,delivery,completed
ORD-0100995,R-0227,2025-04-12,"33,25",web,delivery,cancelled
ORD-0100996,R-0227,2025-04-21,"24,45",web,delivery,completed
ORD-0100997,R-0227,2025-04-13,"67,51",app,delivery,completed
ORD-0100998,R-0227,2025-04-03,"25,66",app,delivery,completed
ORD-0100999,R-0227,2025-04-12,"54,56",app,delivery,completed
ORD-0101000,R-0227,2025-04-11,"32,26",app,pickup,completed
ORD-0101001,R-0227,2025-04-26,"59,56",web,delivery,COMPLETED
ORD-0101002,R-0227,2025-04-26,"41,78",web,delivery,completed
ORD-0101003,R-0227,2025-04-19,"41,57",app,pickup,completed
ORD-0101004,R-0227,2025-04-09,"47,72",app,delivery,completed
ORD-0101005,R-0227,2025-04-15,"34,77",web,delivery,completed
ORD-0101006,R-0227,2025-04-03,"76,52",app,pickup,completed
ORD-0101007,R-0227,2025-04-09,"17,71",web,pickup,completed
ORD-0101008,R-0227,2025-04-18,"57,11",web,delivery,completed
ORD-0101009,R-0227,2025-04-11,"39,63",web,delivery,CANCELLED
ORD-0101010,R-0227,2025-04-17,"34,00",web,delivery,completed
ORD-0101011,R-0227,2025-04-27,"28,24",web,delivery,completed
ORD-0105300,R-0236,2025-04-19,"35,06",web,delivery,completed
ORD-0105301,R-0236,2025-04-27,"41,66",web,delivery,completed
ORD-0105302,R-0236,2025-04-09,"29,06",app,delivery,completed
ORD-0105303,R-0236,2025-04-17,"24,55",app,pickup,completed
ORD-0105304,R-0236,2025-04-19,"32,63",app,pickup,completed
ORD-0105305,R-0236,2025-04-07,"30,65",app,pickup,completed
ORD-0105306,R-0236,2025-04-03,"36,84",app,delivery,completed
ORD-0105307,R-0236,2025-04-16,"19,08",app,delivery,completed
ORD-0105308,R-0236,2025-04-14,"17,25",web,delivery,completed
ORD-0105309,R-0236,2025-04-14,"25,99",web,pickup,completed
ORD-0105310,R-0236,2025-04-06,"41,73",web,delivery,COMPLETED
ORD-0105311,R-0236,2025-04-02,"25,31",web,delivery,completed
ORD-0105312,R-0236,2025-04-07,"29,79",app,pickup,completed
ORD-0105313,R-0236,2025-04-02,"27,59",app,pickup,completed
ORD-0105314,R-0236,2025-04-02,"18,58",app,pickup,Completed
ORD-0105315,R-0236,2025-04-23,"44,09",app,delivery,completed
ORD-0105316,R-0236,2025-04-24,"25,76",app,delivery,completed
ORD-0105317,R-0236,2025-04-02,"21,00",app,pickup,completed
ORD-0105318,R-0236,2025-04-12,"28,49",app,delivery,completed
ORD-0105319,R-0236,2025-04-03,"29,27",app,delivery,Completed
ORD-0105320,R-0236,2025-04-12,"30,67",app,delivery,Completed
ORD-0105321,R-0236,2025-04-05,"38,71",web,delivery,COMPLETED
ORD-0105322,R-0236,2025-04-01,"73,93",app,delivery,completed
ORD-0105323,R-0236,2025-04-20,"37,65",web,pickup,Completed
ORD-0105324,R-0236,2025-04-16,"32,82",app,pickup,completed
ORD-0105325,R-0236,2025-04-11,"33,18",app,pickup,completed
ORD-0105326,R-0236,2025-04-28,"36,18",app,delivery,completed
ORD-0105327,R-0236,2025-04-04,"39,22",web,pickup,cancelled
ORD-0105328,R-0236,2025-04-29,"29,09",web,pickup,Completed
ORD-0105329,R-0236,2025-04-03,"28,56",app,pickup,completed
ORD-0105330,R-0236,2025-04-21,"29,10",web,delivery,completed
ORD-0105331,R-0236,2025-04-11,"42,44",app,delivery,completed
ORD-0105332,R-0236,2025-04-04,"25,21",web,delivery,completed
ORD-0105333,R-0236,2025-04-16,"25,15",web,delivery,completed
ORD-0105334,R-0236,2025-04-08,"13,17",app,delivery,completed
ORD-0105335,R-0236,2025-04-20,"60,85",web,delivery,completed
ORD-0105336,R-0236,2025-04-06,"32,10",web,delivery,completed
ORD-0105337,R-0236,2025-04-28,"41,82",app,pickup,completed
ORD-0105338,R-0236,2025-04-12,"21,48",app,pickup,completed
ORD-0105339,R-0236,2025-04-10,"31,58",web,pickup,completed
ORD-0105340,R-0236,2025-04-06,"39,60",web,delivery,completed
ORD-0105341,R-0236,2025-04-17,"21,55",app,delivery,completed
ORD-0105342,R-0236,2025-04-24,"24,48",web,pickup,Completed
ORD-0105343,R-0236,2025-04-15,"39,09",app,pickup,completed
ORD-0105344,R-0236,2025-04-25,"34,15",web,pickup,completed
ORD-0107426,R-0244,2025-04-16,"14,67",web,pickup,completed
ORD-0107427,R-0244,2025-04-20,"34,48",app,delivery,completed
ORD-0107428,R-0244,2025-04-29,"14,10",app,delivery,completed
ORD-0107429,R-0244,2025-04-27,"15,15",app,delivery,completed
ORD-0107430,R-0244,2025-04-11,"34,56",app,delivery,completed
ORD-0107431,R-0244,2025-04-29,"22,23",app,delivery,completed
ORD-0107432,R-0244,2025-04-17,"12,23",app,delivery,completed
ORD-0107433,R-0244,2025-04-11,"32,85",app,delivery,completed
ORD-0107434,R-0244,2025-04-22,"11,20",web,delivery,completed
ORD-0107435,R-0244,2025-04-21,"14,14",web,delivery,Completed
ORD-0107436,R-0244,2025-04-19,"28,07",app,delivery,completed
ORD-0107437,R-0244,2025-04-11,"15,17",app,delivery,completed
ORD-0107438,R-0244,2025-04-18,"14,70",app,delivery,completed
ORD-0107439,R-0244,2025-04-18,"29,23",app,delivery,completed
ORD-0107440,R-0244,2025-04-19,"13,98",app,delivery,COMPLETED
ORD-0107441,R-0244,2025-04-17,"23,58",app,delivery,completed
ORD-0109083,R-0247,2025-04-30,"17,80",app,delivery,COMPLETED
ORD-0109084,R-0247,2025-04-22,"18,28",web,pickup,completed
ORD-0109085,R-0247,2025-04-19,"20,21",app,pickup,completed
ORD-0109086,R-0247,2025-04-16,"18,29",app,pickup,completed
ORD-0109087,R-0247,2025-04-14,"14,50",web,delivery,completed
ORD-0109088,R-0247,2025-04-20,"40,75",web,delivery,completed
ORD-0109089,R-0247,2025-04-18,"27,92",app,pickup,completed
ORD-0109090,R-0247,2025-04-24,"25,15",web,pickup,Completed
ORD-0109091,R-0247,2025-04-26,"14,29",web,pickup,completed
ORD-0109092,R-0247,2025-04-21,"32,19",app,pickup,completed
ORD-0109093,R-0247,2025-04-10,"19,48",web,pickup,completed
ORD-0109094,R-0247,2025-04-09,"19,34",app,pickup,completed
ORD-0109095,R-0247,2025-04-06,"10,86",app,delivery,cancelled
ORD-0109096,R-0247,2025-04-29,"33,98",web,delivery,completed
ORD-0109097,R-0247,2025-04-14,"35,38",web,pickup,completed
ORD-0109098,R-0247,2025-04-08,"36,44",app,pickup,completed
ORD-0109099,R-0247,2025-04-19,"26,75",web,delivery,completed
ORD-0111646,R-0260,2025-04-19,"36,56",app,delivery,completed
ORD-0111647,R-0260,2025-04-25,"37,90",app,pickup,completed
ORD-0111648,R-0260,2025-04-06,"16,80",web,pickup,completed
ORD-0111649,R-0260,2025-04-17,"30,88",app,delivery,completed
ORD-0111650,R-0260,2025-04-25,"31,38",app,delivery,completed
ORD-0111651,R-0260,2025-04-19,"35,05",web,delivery,completed
ORD-0111652,R-0260,2025-04-05,"31,60",web,delivery,COMPLETED
ORD-0111653,R-0260,2025-04-20,"30,86",web,pickup,COMPLETED
ORD-0111654,R-0260,2025-04-03,"28,92",web,delivery,completed
ORD-0111655,R-0260,2025-04-30,"51,69",web,delivery,completed
ORD-0118626,R-0286,2025-04-24,"73,25",web,delivery,completed
ORD-0118627,R-0286,2025-04-24,"50,48",web,delivery,completed
ORD-0119045,R-0287,2025-04-25,"49,11",web,pickup,completed
ORD-0119046,R-0287,2025-04-26,"101,83",app,pickup,cancelled
ORD-0119047,R-0287,2025-04-13,"42,08",web,delivery,completed
ORD-0119048,R-0287,2025-04-27,"42,79",app,pickup,completed
ORD-0119049,R-0287,2025-04-12,"79,21",app,pickup,completed
ORD-0119050,R-0287,2025-04-10,"76,76",app,pickup,completed
ORD-0119481,R-0290,2025-04-12,"35,52",app,pickup,completed
ORD-0119482,R-0290,2025-04-04,"62,84",app,pickup,completed
ORD-0119483,R-0290,2025-04-21,"50,33",web,delivery,completed
ORD-0119484,R-0290,2025-04-25,"30,32",web,delivery,completed
ORD-0119485,R-0290,2025-04-05,"55,98",app,delivery,completed
ORD-0119486,R-0290,2025-04-15,"25,85",web,delivery,COMPLETED
ORD-0119487,R-0290,2025-04-05,"46,31",web,delivery,completed
ORD-0119488,R-0290,2025-04-06,"43,45",app,delivery,completed
ORD-0119489,R-0290,2025-04-20,"47,96",app,delivery,completed
ORD-0119490,R-0290,2025-04-08,"60,82",web,delivery,Completed
ORD-0119491,R-0290,2025-04-11,"77,30",web,delivery,completed
ORD-0119492,R-0290,2025-04-10,"25,08",app,delivery,COMPLETED
ORD-0119493,R-0290,2025-04-11,"92,41",web,pickup,completed
ORD-0119494,R-0290,2025-04-30,"54,71",app,delivery,completed
ORD-0119495,R-0290,2025-04-02,"41,60",app,pickup,completed
ORD-0119496,R-0290,2025-04-14,"47,16",web,delivery,completed
ORD-0119497,R-0290,2025-04-19,"73,43",web,delivery,refunded
ORD-0119498,R-0290,2025-04-11,"12,61",web,delivery,completed
ORD-0119499,R-0290,2025-04-21,"32,78",app,pickup,completed
ORD-0119500,R-0290,2025-04-19,"57,28",web,delivery,completed
ORD-0119501,R-0290,2025-04-25,"52,67",app,delivery,completed
ORD-0119502,R-0290,2025-04-23,"27,61",web,pickup,completed
ORD-0119503,R-0290,2025-04-03,"119,83",app,delivery,completed
ORD-0119504,R-0290,2025-04-08,"57,60",app,pickup,completed
ORD-0120109,R-0294,2025-04-29,"35,99",web,delivery,completed
ORD-0120110,R-0294,2025-04-24,"18,50",web,pickup,Cancelled
ORD-0120111,R-0294,2025-04-21,"31,94",web,pickup,COMPLETED
ORD-0120112,R-0294,2025-04-12,"71,12",web,pickup,completed
ORD-0120113,R-0294,2025-04-30,"53,46",web,delivery,completed
ORD-0120114,R-0294,2025-04-12,"26,14",app,pickup,completed
ORD-0120115,R-0294,2025-04-04,"39,17",web,delivery,COMPLETED
ORD-0120116,R-0294,2025-04-26,"39,08",web,delivery,completed
ORD-0120117,R-0294,2025-04-09,"23,61",app,pickup,completed
ORD-0120118,R-0294,2025-04-26,"56,89",app,delivery,completed
ORD-0120119,R-0294,2025-04-25,"32,43",web,pickup,Completed
ORD-0120120,R-0294,2025-04-15,"27,75",web,delivery,Completed
ORD-0120121,R-0294,2025-04-17,"17,90",web,pickup,COMPLETED
ORD-0129515,R-0320,2025-04-28,"44,43",app,pickup,completed
ORD-0129516,R-0320,2025-04-26,"58,15",web,pickup,refunded
ORD-0129517,R-0320,2025-04-25,"63,78",web,pickup,completed
ORD-0129518,R-0320,2025-04-27,"31,13",app,delivery,completed
ORD-0132592,R-0324,2025-04-05,"33,39",web,delivery,completed
ORD-0132593,R-0324,2025-04-18,"28,66",web,delivery,completed
ORD-0132594,R-0324,2025-04-05,"43,77",app,pickup,completed
ORD-0132595,R-0324,2025-04-28,"15,16",app,delivery,Completed
ORD-0132596,R-0324,2025-04-28,"19,09",app,delivery,completed
ORD-0132597,R-0324,2025-04-26,"28,01",app,delivery,completed
ORD-0132598,R-0324,2025-04-08,"54,71",app,pickup,completed
ORD-0132599,R-0324,2025-04-17,"41,22",app,pickup,completed
ORD-0132600,R-0324,2025-04-12,"22,76",app,delivery,completed
ORD-0132601,R-0324,2025-04-08,"29,79",app,delivery,completed
ORD-0132602,R-0324,2025-04-18,"14,45",web,delivery,completed
ORD-0132603,R-0324,2025-04-28,"22,03",web,delivery,completed
ORD-0132604,R-0324,2025-04-06,"14,30",app,delivery,Completed
ORD-0132605,R-0324,2025-04-29,"37,04",app,delivery,completed
ORD-0132606,R-0324,2025-04-10,"34,44",app,delivery,completed
ORD-0132607,R-0324,2025-04-28,"20,65",app,pickup,completed
ORD-0132608,R-0324,2025-04-28,"20,10",app,delivery,completed
ORD-0132609,R-0324,2025-04-14,"23,62",web,delivery,completed
ORD-0132610,R-0324,2025-04-07,"17,70",web,pickup,completed
ORD-0132611,R-0324,2025-04-01,"22,37",app,pickup,COMPLETED
ORD-0132612,R-0324,2025-04-19,"39,47",app,delivery,completed
ORD-0132613,R-0324,2025-04-13,"20,30",app,delivery,CANCELLED
ORD-0132614,R-0324,2025-04-23,"27,97",app,delivery,completed
ORD-0132615,R-0324,2025-04-02,"17,00",app,delivery,completed
ORD-0132616,R-0324,2025-04-21,"21,01",web,delivery,completed
ORD-0132617,R-0324,2025-04-06,"21,46",app,pickup,completed
ORD-0132618,R-0324,2025-04-11,"34,50",app,delivery,Completed
ORD-0132619,R-0324,2025-04-14,"16,06",app,delivery,completed
ORD-0132620,R-0324,2025-04-19,"45,40",app,delivery,Completed
ORD-0132621,R-0324,2025-04-09,"20,91",web,delivery,COMPLETED
ORD-0132622,R-0324,2025-04-06,"22,56",app,delivery,Completed
ORD-0132623,R-0324,2025-04-04,"24,58",web,delivery,completed
ORD-0132624,R-0324,2025-04-17,"21,03",web,pickup,completed
ORD-0132625,R-0324,2025-04-06,"24,41",web,delivery,Completed
ORD-0132626,R-0324,2025-04-18,"43,04",app,delivery,completed
ORD-0134764,R-0330,2025-04-11,"45,38",web,pickup,completed
ORD-0134765,R-0330,2025-04-06,"28,14",app,pickup,completed
ORD-0134766,R-0330,2025-04-10,"22,39",web,pickup,completed
ORD-0134767,R-0330,2025-04-12,"44,01",app,delivery,completed
ORD-0134768,R-0330,2025-04-26,"19,69",web,pickup,completed
ORD-0134769,R-0330,2025-04-18,"33,02",web,pickup,completed
ORD-0134770,R-0330,2025-04-30,"48,23",web,pickup,completed
ORD-0134771,R-0330,2025-04-04,"14,44",web,delivery,completed
ORD-0134772,R-0330,2025-04-21,"27,98",web,pickup,completed
ORD-0134773,R-0330,2025-04-25,"22,59",web,pickup,COMPLETED
ORD-0134774,R-0330,2025-04-26,"51,58",app,pickup,completed
ORD-0134775,R-0330,2025-04-13,"16,45",app,pickup,completed
ORD-0134776,R-0330,2025-04-11,"33,16",web,delivery,completed
ORD-0134777,R-0330,2025-04-06,"33,02",web,delivery,completed
ORD-0134778,R-0330,2025-04-04,"41,23",web,delivery,completed
ORD-0134779,R-0330,2025-04-02,"42,01",web,pickup,completed
ORD-0134780,R-0330,2025-04-19,"34,34",app,pickup,completed
ORD-0134781,R-0330,2025-04-29,"13,82",web,pickup,completed
ORD-0134782,R-0330,2025-04-04,"29,68",web,pickup,completed
ORD-0134783,R-0330,2025-04-16,"26,78",app,pickup,completed
ORD-0134784,R-0330,2025-04-27,"53,68",web,delivery,completed
ORD-0134785,R-0330,2025-04-10,"14,32",web,pickup,completed
ORD-0134786,R-0330,2025-04-21,"24,34",web,pickup,Completed
ORD-0134787,R-0330,2025-04-03,"19,04",app,pickup,completed
ORD-0134788,R-0330,2025-04-21,"39,85",app,pickup,completed
ORD-0134789,R-0330,2025-04-23,"70,42",web,delivery,COMPLETED
ORD-0134790,R-0330,2025-04-18,"33,27",app,pickup,completed
ORD-0134791,R-0330,2025-04-05,"32,81",web,pickup,completed
ORD-0134792,R-0330,2025-04-19,"23,50",app,pickup,completed
ORD-0134793,R-0330,2025-04-19,"45,01",web,delivery,completed
ORD-0134794,R-0330,2025-04-30,"38,26",web,pickup,completed
ORD-0137300,R-0337,2025-04-16,"14,14",web,delivery,completed
ORD-0137301,R-0337,2025-04-02,"28,63",app,delivery,completed
ORD-0137302,R-0337,2025-04-27,"57,55",app,delivery,cancelled
ORD-0137303,R-0337,2025-04-19,"47,27",web,delivery,completed
ORD-0137304,R-0337,2025-04-27,"35,09",app,delivery,completed
ORD-0137305,R-0337,2025-04-13,"52,85",web,pickup,completed
ORD-0137306,R-0337,2025-04-05,"29,94",app,delivery,completed
ORD-0137307,R-0337,2025-04-11,"32,90",app,delivery,completed
ORD-0137308,R-0337,2025-04-24,"34,74",web,delivery,completed
ORD-0142926,R-0350,2025-04-13,"12,78",app,pickup,completed
ORD-0142927,R-0350,2025-04-24,"15,72",app,pickup,cancelled
ORD-0142928,R-0350,2025-04-11,"29,96",app,delivery,cancelled
ORD-0142929,R-0350,2025-04-22,"17,99",web,pickup,Completed
ORD-0142930,R-0350,2025-04-05,"26,39",app,pickup,completed
ORD-0142931,R-0350,2025-04-23,"18,21",app,delivery,completed
ORD-0142932,R-0350,2025-04-04,"17,44",app,delivery,completed
ORD-0142933,R-0350,2025-04-27,"16,72",web,delivery,completed
ORD-0142934,R-0350,2025-04-27,"44,41",app,delivery,completed
ORD-0142935,R-0350,2025-04-26,"17,75",web,delivery,completed
ORD-0142936,R-0350,2025-04-08,"16,68",web,delivery,cancelled
ORD-0142937,R-0350,2025-04-15,"15,86",web,pickup,completed
ORD-0142938,R-0350,2025-04-16,"24,90",app,delivery,completed
ORD-0142939,R-0350,2025-04-24,"36,22",app,delivery,completed
ORD-0142940,R-0350,2025-04-21,"23,99",app,delivery,completed
ORD-0142941,R-0350,2025-04-20,"23,59",app,pickup,completed
ORD-0142942,R-0350,2025-04-20,"20,69",web,delivery,completed
ORD-0142943,R-0350,2025-04-10,"11,63",web,delivery,COMPLETED
ORD-0142944,R-0350,2025-04-27,"37,44",web,pickup,completed
ORD-0142945,R-0350,2025-04-01,"19,43",app,pickup,completed
ORD-0142946,R-0350,2025-04-04,"16,04",web,delivery,completed
ORD-0142947,R-0350,2025-04-08,"15,83",app,pickup,completed
ORD-0142948,R-0350,2025-04-20,"15,17",app,pickup,completed
ORD-0142949,R-0350,2025-04-29,"15,18",app,delivery,completed
ORD-0142950,R-0350,2025-04-03,"14,36",app,delivery,completed
ORD-0142951,R-0350,2025-04-30,"28,86",app,pickup,completed
ORD-0142952,R-0350,2025-04-26,"28,80",app,pickup,completed
ORD-0142953,R-0350,2025-04-12,"21,25",app,pickup,completed
ORD-0142954,R-0350,2025-04-12,"21,41",app,pickup,COMPLETED
ORD-0142955,R-0350,2025-04-23,"11,79",web,delivery,completed
ORD-0143095,R-0351,2025-04-30,"14,99",app,pickup,completed
ORD-0143096,R-0351,2025-04-24,"12,48",web,pickup,completed
ORD-0143097,R-0351,2025-04-23,"33,82",web,delivery,completed
ORD-0143098,R-0351,2025-04-27,"30,18",app,pickup,completed
ORD-0143099,R-0351,2025-04-25,"45,20",app,pickup,completed
ORD-0143100,R-0351,2025-04-25,"33,61",app,pickup,COMPLETED
ORD-0143101,R-0351,2025-04-25,"23,81",web,delivery,completed
ORD-0148095,R-0357,2025-04-04,"22,69",web,delivery,completed
ORD-0148096,R-0357,2025-04-20,"24,08",app,pickup,completed
ORD-0148097,R-0357,2025-04-06,"23,30",app,delivery,completed
ORD-0148098,R-0357,2025-04-25,"32,87",web,delivery,completed
ORD-0148099,R-0357,2025-04-23,"44,46",web,delivery,completed
ORD-0148100,R-0357,2025-04-14,"14,32",web,delivery,completed
ORD-0148101,R-0357,2025-04-05,"21,85",web,delivery,completed
ORD-0148102,R-0357,2025-04-21,"36,98",app,pickup,completed
ORD-0148103,R-0357,2025-04-07,"36,25",app,delivery,cancelled
ORD-0148104,R-0357,2025-04-15,"18,34",app,delivery,completed
ORD-0148105,R-0357,2025-04-05,"24,90",app,delivery,completed
ORD-0148106,R-0357,2025-04-25,"25,13",web,pickup,completed
ORD-0148107,R-0357,2025-04-12,"32,13",web,delivery,completed
ORD-0148108,R-0357,2025-04-19,"43,31",web,delivery,completed
ORD-0148109,R-0357,2025-04-19,"18,15",app,delivery,completed
ORD-0148110,R-0357,2025-04-25,"32,38",web,delivery,completed
ORD-0148111,R-0357,2025-04-05,"14,97",web,delivery,completed
ORD-0148112,R-0357,2025-04-14,"33,97",web,pickup,completed
ORD-0148113,R-0357,2025-04-06,"48,52",web,delivery,completed
ORD-0148114,R-0357,2025-04-12,"24,32",web,delivery,completed
ORD-0148115,R-0357,2025-04-05,"42,65",web,pickup,completed
ORD-0148116,R-0357,2025-04-23,"62,99",web,pickup,completed
ORD-0148117,R-0357,2025-04-26,"10,56",app,delivery,completed
ORD-0148118,R-0357,2025-04-16,"96,24",web,delivery,completed
ORD-0148119,R-0357,2025-04-26,"18,69",app,delivery,COMPLETED
ORD-0148120,R-0357,2025-04-28,"18,90",app,delivery,completed
ORD-0148121,R-0357,2025-04-10,"21,66",app,pickup,completed
ORD-0148122,R-0357,2025-04-25,"15,81",web,delivery,COMPLETED
ORD-0148123,R-0357,2025-04-30,"48,86",web,delivery,completed
ORD-0148124,R-0357,2025-04-10,"19,71",app,pickup,completed
ORD-0148125,R-0357,2025-04-26,"16,86",web,delivery,COMPLETED
ORD-0148126,R-0357,2025-04-29,"15,91",web,delivery,completed
ORD-0148127,R-0357,2025-04-06,"55,26",app,delivery,completed
ORD-0148128,R-0357,2025-04-06,"27,74",web,delivery,completed
ORD-0148129,R-0357,2025-04-12,"28,12",web,delivery,COMPLETED
ORD-0148130,R-0357,2025-04-06,"27,26",web,delivery,completed
ORD-0148131,R-0357,2025-04-18,"17,48",web,delivery,completed
ORD-0148132,R-0357,2025-04-22,"43,68",app,delivery,completed
ORD-0148133,R-0357,2025-04-30,"32,17",web,delivery,completed
ORD-0148134,R-0357,2025-04-17,"16,04",app,delivery,COMPLETED
ORD-0148135,R-0357,2025-04-26,"25,94",app,pickup,completed
ORD-0148136,R-0357,2025-04-15,"21,15",web,pickup,completed
ORD-0148137,R-0357,2025-04-25,"35,16",web,delivery,completed
ORD-0148138,R-0357,2025-04-03,"24,87",app,delivery,completed
ORD-0148139,R-0357,2025-04-28,"12,99",web,delivery,completed
ORD-0148140,R-0357,2025-04-29,"36,94",web,pickup,completed
ORD-0148141,R-0357,2025-04-04,"22,00",web,delivery,COMPLETED
ORD-0148142,R-0357,2025-04-26,"28,35",app,pickup,completed
ORD-0148143,R-0357,2025-04-05,"34,39",web,pickup,COMPLETED
ORD-0148144,R-0357,2025-04-18,"26,72",web,delivery,completed
ORD-0148145,R-0357,2025-04-04,"33,99",web,delivery,completed
ORD-0148146,R-0357,2025-04-10,"53,76",web,delivery,COMPLETED
ORD-0148147,R-0357,2025-04-05,"15,09",web,pickup,Completed
ORD-0148148,R-0357,2025-04-02,"27,69",web,delivery,completed
ORD-0148149,R-0357,2025-04-14,"31,64",app,delivery,completed
ORD-0148150,R-0357,2025-04-13,"31,77",app,delivery,completed
ORD-0148151,R-0357,2025-04-07,"22,15",web,delivery,COMPLETED
ORD-0148152,R-0357,2025-04-23,"16,30",web,delivery,completed
ORD-0148153,R-0357,2025-04-20,"45,20",web,delivery,completed
ORD-0148154,R-0357,2025-04-28,"22,22",web,pickup,completed
ORD-0148155,R-0357,2025-04-19,"57,11",web,pickup,completed
ORD-0148156,R-0357,2025-04-29,"25,18",app,delivery,completed
ORD-0148157,R-0357,2025-04-04,"28,02",app,delivery,completed
ORD-0148158,R-0357,2025-04-18,"25,54",web,delivery,completed
ORD-0148159,R-0357,2025-04-22,"31,16",app,delivery,completed
ORD-0148160,R-0357,2025-04-01,"24,76",web,pickup,completed
ORD-0148161,R-0357,2025-04-05,"29,14",app,delivery,completed
ORD-0148162,R-0357,2025-04-20,"37,85",app,delivery,completed
ORD-0148163,R-0357,2025-04-19,"19,42",app,delivery,completed
ORD-0148164,R-0357,2025-04-13,"23,26",app,pickup,completed
ORD-0148165,R-0357,2025-04-05,"24,41",web,delivery,completed
ORD-0148166,R-0357,2025-04-28,"29,17",web,delivery,Completed
ORD-0148167,R-0357,2025-04-09,"20,86",web,delivery,completed
ORD-0148168,R-0357,2025-04-19,"28,91",web,delivery,completed
ORD-0148169,R-0357,2025-04-01,"36,55",web,delivery,completed
ORD-0148170,R-0357,2025-04-13,"29,13",web,pickup,completed
ORD-0148171,R-0357,2025-04-10,"26,54",app,delivery,completed
ORD-0148172,R-0357,2025-04-03,"23,18",app,delivery,completed
ORD-0148173,R-0357,2025-04-07,"21,65",app,delivery,completed
ORD-0148174,R-0357,2025-04-23,"21,37",web,delivery,completed
ORD-0148175,R-0357,2025-04-04,"37,35",app,delivery,Completed
ORD-0148176,R-0357,2025-04-22,"15,78",web,delivery,completed
ORD-0148177,R-0357,2025-04-28,"17,79",app,delivery,COMPLETED
ORD-0148178,R-0357,2025-04-04,"21,57",web,delivery,completed
ORD-0148179,R-0357,2025-04-12,"35,14",web,delivery,completed
ORD-0148180,R-0357,2025-04-30,"35,04",web,delivery,completed
ORD-0148181,R-0357,2025-04-24,"32,83",app,delivery,Completed
ORD-0148182,R-0357,2025-04-22,"21,38",web,delivery,Completed
ORD-0148183,R-0357,2025-04-27,"26,31",app,delivery,completed
ORD-0148184,R-0357,2025-04-11,"32,90",web,delivery,completed
ORD-0148185,R-0357,2025-04-11,"55,00",web,delivery,completed
ORD-0148186,R-0357,2025-04-12,"27,26",web,delivery,completed
ORD-0148187,R-0357,2025-04-16,"36,71",web,delivery,completed
ORD-0148188,R-0357,2025-04-04,"36,25",web,pickup,completed
ORD-0148189,R-0357,2025-04-11,"26,79",web,delivery,completed
ORD-0148190,R-0357,2025-04-26,"22,69",web,delivery,completed
ORD-0148191,R-0357,2025-04-06,"28,32",app,delivery,completed
ORD-0148192,R-0357,2025-04-18,"27,70",web,delivery,completed
ORD-0148193,R-0357,2025-04-10,"26,30",app,delivery,completed
ORD-0148194,R-0357,2025-04-05,"40,76",web,pickup,completed
ORD-0148195,R-0357,2025-04-26,"24,42",web,pickup,COMPLETED
ORD-0148196,R-0357,2025-04-29,"17,42",web,delivery,COMPLETED
ORD-0148197,R-0357,2025-04-04,"11,44",app,delivery,completed
ORD-0148198,R-0357,2025-04-28,"39,05",web,pickup,completed
ORD-0148199,R-0357,2025-04-27,"20,70",web,pickup,completed
ORD-0148200,R-0357,2025-04-08,"49,12",web,delivery,completed
ORD-0148201,R-0357,2025-04-25,"33,25",web,delivery,completed
ORD-0148202,R-0357,2025-04-23,"28,67",web,delivery,completed
ORD-0148203,R-0357,2025-04-12,"23,88",web,delivery,completed
ORD-0148204,R-0357,2025-04-17,"31,69",app,delivery,completed
ORD-0148205,R-0357,2025-04-12,"29,67",web,delivery,Completed
ORD-0148206,R-0357,2025-04-07,"48,04",app,delivery,completed
ORD-0148207,R-0357,2025-04-24,"26,66",web,delivery,completed
ORD-0148208,R-0357,2025-04-22,"27,44",app,pickup,completed
ORD-0148209,R-0357,2025-04-18,"32,06",web,delivery,completed
ORD-0148210,R-0357,2025-04-09,"34,77",web,delivery,completed
ORD-0148211,R-0357,2025-04-08,"15,64",web,delivery,completed
ORD-0148212,R-0357,2025-04-27,"15,25",web,delivery,COMPLETED
ORD-0148213,R-0357,2025-04-05,"118,16",web,pickup,refunded
ORD-0148214,R-0357,2025-04-27,"13,33",web,pickup,completed
ORD-0148215,R-0357,2025-04-25,"57,70",web,delivery,completed
ORD-0148216,R-0357,2025-04-13,"14,95",app,delivery,completed
ORD-0148217,R-0357,2025-04-18,"17,80",web,delivery,completed
ORD-0148218,R-0357,2025-04-28,"46,40",web,pickup,completed
ORD-0148219,R-0357,2025-04-27,"48,56",web,pickup,completed
ORD-0148220,R-0357,2025-04-02,"22,89",web,delivery,completed
ORD-0148221,R-0357,2025-04-02,"20,29",web,delivery,completed
ORD-0148222,R-0357,2025-04-03,"42,71",web,delivery,completed
ORD-0148223,R-0357,2025-04-03,"70,85",app,pickup,completed
ORD-0148224,R-0357,2025-04-24,"21,00",web,delivery,completed
ORD-0148225,R-0357,2025-04-26,"26,78",app,pickup,completed
ORD-0148226,R-0357,2025-04-21,"35,48",web,pickup,completed
ORD-0150058,R-0358,2025-04-25,"55,35",app,delivery,completed
ORD-0150059,R-0358,2025-04-21,"48,17",web,delivery,completed
ORD-0150060,R-0358,2025-04-12,"39,21",app,delivery,completed
ORD-0150061,R-0358,2025-04-26,"38,25",app,pickup,completed
ORD-0150062,R-0358,2025-04-23,"18,78",app,delivery,completed
ORD-0150063,R-0358,2025-04-25,"52,90",app,pickup,completed
ORD-0150064,R-0358,2025-04-28,"44,46",app,delivery,completed
ORD-0150065,R-0358,2025-04-02,"50,33",web,delivery,Completed
ORD-0150066,R-0358,2025-04-13,"81,52",app,delivery,Completed
ORD-0150067,R-0358,2025-04-26,"40,19",app,delivery,completed
ORD-0150068,R-0358,2025-04-03,"28,53",web,delivery,completed
ORD-0150069,R-0358,2025-04-15,"51,26",app,delivery,COMPLETED
ORD-0150070,R-0358,2025-04-01,"43,67",app,delivery,completed
ORD-0150071,R-0358,2025-04-10,"60,95",app,delivery,completed
ORD-0150072,R-0358,2025-04-06,"34,00",app,delivery,completed
ORD-0150073,R-0358,2025-04-05,"38,51",web,delivery,completed
ORD-0150074,R-0358,2025-04-25,"39,38",web,delivery,completed
ORD-0150075,R-0358,2025-04-17,"29,77",app,pickup,completed
ORD-0150076,R-0358,2025-04-06,"41,59",web,delivery,completed
ORD-0150077,R-0358,2025-04-18,"36,71",app,delivery,completed
ORD-0150078,R-0358,2025-04-20,"26,43",app,delivery,refunded
ORD-0150079,R-0358,2025-04-25,"60,18",app,delivery,completed
ORD-0150080,R-0358,2025-04-18,"39,32",web,delivery,completed
ORD-0150081,R-0358,2025-04-05,"30,95",app,delivery,completed
ORD-0150082,R-0358,2025-04-04,"43,66",app,pickup,completed
ORD-0150083,R-0358,2025-04-03,"104,08",app,pickup,completed
ORD-0150084,R-0358,2025-04-01,"47,18",app,pickup,completed
ORD-0150085,R-0358,2025-04-04,"50,26",app,delivery,completed
ORD-0150086,R-0358,2025-04-04,"74,24",app,delivery,completed
ORD-0150087,R-0358,2025-04-13,"43,47",web,delivery,COMPLETED
ORD-0150088,R-0358,2025-04-30,"49,93",web,pickup,completed
ORD-0150089,R-0358,2025-04-21,"50,52",app,delivery,completed
ORD-0150090,R-0358,2025-04-25,"53,85",app,delivery,refunded
ORD-0150091,R-0358,2025-04-06,"56,86",app,delivery,cancelled
ORD-0150092,R-0358,2025-04-18,"33,49",app,delivery,completed
ORD-0150371,R-0359,2025-04-29,"27,91",app,pickup,completed
ORD-0150372,R-0359,2025-04-17,"20,27",web,delivery,COMPLETED
ORD-0150373,R-0359,2025-04-19,"31,57",web,delivery,completed
ORD-0150374,R-0359,2025-04-21,"31,55",app,pickup,completed
ORD-0150375,R-0359,2025-04-23,"23,20",web,pickup,Completed
ORD-0150376,R-0359,2025-04-27,"19,86",app,delivery,completed
ORD-0150377,R-0359,2025-04-26,"14,21",app,pickup,completed
ORD-0150378,R-0359,2025-04-20,"36,00",app,delivery,completed
ORD-0150379,R-0359,2025-04-16,"35,47",web,delivery,cancelled
ORD-0150380,R-0359,2025-04-19,"64,18",web,pickup,completed
ORD-0152300,R-0363,2025-04-27,"26,98",web,pickup,completed
ORD-0152301,R-0363,2025-04-21,"12,87",web,pickup,completed
ORD-0152302,R-0363,2025-04-20,"19,99",web,pickup,completed
ORD-0152303,R-0363,2025-04-12,"13,41",web,pickup,completed
ORD-0152304,R-0363,2025-04-23,"22,38",web,pickup,completed
ORD-0152305,R-0363,2025-04-18,"13,91",web,delivery,completed
ORD-0152306,R-0363,2025-04-05,"16,31",app,pickup,completed
ORD-0152307,R-0363,2025-04-05,"13,03",app,delivery,COMPLETED
ORD-0152308,R-0363,2025-04-18,"18,54",web,delivery,completed
ORD-0152309,R-0363,2025-04-27,"19,78",web,pickup,Completed
ORD-0152310,R-0363,2025-04-03,"9,97",app,delivery,completed
ORD-0152311,R-0363,2025-04-26,"10,88",app,delivery,completed
ORD-0152312,R-0363,2025-04-15,"22,38",web,pickup,completed
ORD-0152313,R-0363,2025-04-18,"13,52",web,pickup,completed
ORD-0152314,R-0363,2025-04-08,"8,99",web,pickup,completed
ORD-0152315,R-0363,2025-04-02,"21,54",web,pickup,completed
ORD-0152316,R-0363,2025-04-12,"15,27",web,delivery,completed
ORD-0152317,R-0363,2025-04-17,"20,34",app,pickup,completed
ORD-0152318,R-0363,2025-04-17,"25,96",web,pickup,completed
ORD-0152319,R-0363,2025-04-05,"28,65",web,pickup,completed
ORD-0152320,R-0363,2025-04-25,"21,34",web,pickup,completed
ORD-0152321,R-0363,2025-04-05,"14,40",web,delivery,completed
ORD-0152322,R-0363,2025-04-18,"16,38",web,delivery,completed
ORD-0152323,R-0363,2025-04-14,"6,00",app,delivery,completed
ORD-0152324,R-0363,2025-04-11,"14,96",app,pickup,completed
ORD-0152325,R-0363,2025-04-13,"28,27",app,delivery,completed
ORD-0152326,R-0363,2025-04-16,"10,20",web,pickup,completed
ORD-0152327,R-0363,2025-04-04,"17,29",web,pickup,completed
ORD-0152328,R-0363,2025-04-24,"10,73",app,delivery,completed
ORD-0152329,R-0363,2025-04-05,"28,86",app,delivery,completed
ORD-0152330,R-0363,2025-04-22,"16,28",web,pickup,COMPLETED
ORD-0152331,R-0363,2025-04-12,"26,45",web,delivery,completed
ORD-0152332,R-0363,2025-04-11,"26,22",web,pickup,completed
ORD-0152333,R-0363,2025-04-07,"12,40",web,delivery,completed
ORD-0152334,R-0363,2025-04-17,"16,26",web,delivery,completed
ORD-0152335,R-0363,2025-04-20,"30,26",web,pickup,completed
ORD-0152336,R-0363,2025-04-19,"16,81",app,pickup,completed
ORD-0152337,R-0363,2025-04-17,"13,84",web,pickup,completed
ORD-0152338,R-0363,2025-04-07,"20,18",web,delivery,completed
ORD-0152339,R-0363,2025-04-26,"26,51",web,pickup,completed
ORD-0152340,R-0363,2025-04-19,"13,79",app,pickup,completed
ORD-0152341,R-0363,2025-04-11,"18,53",web,pickup,completed
ORD-0152342,R-0363,2025-04-29,"28,42",web,pickup,COMPLETED
ORD-0152343,R-0363,2025-04-04,"14,88",web,delivery,cancelled
ORD-0152344,R-0363,2025-04-09,"8,86",web,pickup,completed
ORD-0152345,R-0363,2025-04-17,"24,23",web,delivery,completed
ORD-0152346,R-0363,2025-04-02,"12,01",web,pickup,completed
ORD-0152347,R-0363,2025-04-29,"23,70",web,pickup,completed
ORD-0152348,R-0363,2025-04-11,"15,12",web,pickup,completed
ORD-0152349,R-0363,2025-04-29,"12,78",web,pickup,completed
ORD-0152350,R-0363,2025-04-04,"22,06",web,pickup,COMPLETED
ORD-0152351,R-0363,2025-04-12,"21,31",app,pickup,Completed
ORD-0152352,R-0363,2025-04-07,"18,69",app,pickup,completed
ORD-0152353,R-0363,2025-04-14,"15,66",app,pickup,completed
ORD-0152354,R-0363,2025-04-03,"18,98",app,pickup,completed
ORD-0152355,R-0363,2025-04-25,"17,37",app,delivery,completed
ORD-0152356,R-0363,2025-04-07,"18,57",app,pickup,completed
ORD-0152357,R-0363,2025-04-18,"17,50",web,delivery,completed
ORD-0152358,R-0363,2025-04-05,"26,38",web,delivery,completed
ORD-0152359,R-0363,2025-04-09,"12,88",web,pickup,completed
ORD-0152360,R-0363,2025-04-06,"7,78",web,delivery,completed
ORD-0152361,R-0363,2025-04-30,"11,55",web,delivery,completed
ORD-0152362,R-0363,2025-04-28,"15,99",web,pickup,completed
ORD-0152363,R-0363,2025-04-06,"21,99",web,pickup,completed
ORD-0152364,R-0363,2025-04-12,"19,43",app,delivery,completed
ORD-0152365,R-0363,2025-04-08,"9,44",web,pickup,completed
ORD-0152366,R-0363,2025-04-06,"22,14",app,pickup,completed
ORD-0152367,R-0363,2025-04-17,"15,29",web,delivery,completed
ORD-0152368,R-0363,2025-04-18,"15,30",app,pickup,completed
ORD-0152369,R-0363,2025-04-28,"14,07",app,pickup,completed
ORD-0152370,R-0363,2025-04-03,"6,92",web,pickup,cancelled
ORD-0152371,R-0363,2025-04-11,"21,92",web,pickup,completed
ORD-0152372,R-0363,2025-04-23,"19,46",app,delivery,completed
ORD-0152373,R-0363,2025-04-09,"15,91",web,delivery,completed
ORD-0152374,R-0363,2025-04-01,"29,77",app,pickup,completed
ORD-0152375,R-0363,2025-04-07,"15,68",web,pickup,completed
ORD-0152376,R-0363,2025-04-02,"10,77",web,delivery,completed
ORD-0152377,R-0363,2025-04-04,"13,14",web,pickup,completed
ORD-0152378,R-0363,2025-04-22,"14,25",web,pickup,refunded
ORD-0152379,R-0363,2025-04-08,"22,08",app,delivery,COMPLETED
ORD-0152380,R-0363,2025-04-06,"17,05",web,pickup,completed
ORD-0152381,R-0363,2025-04-16,"16,41",app,pickup,completed
ORD-0152382,R-0363,2025-04-06,"16,68",app,pickup,completed
ORD-0152383,R-0363,2025-04-08,"19,07",web,delivery,completed
ORD-0152384,R-0363,2025-04-25,"10,04",app,pickup,completed
ORD-0152385,R-0363,2025-04-23,"15,63",app,pickup,completed
ORD-0152386,R-0363,2025-04-10,"11,24",web,pickup,Completed
ORD-0152387,R-0363,2025-04-07,"13,77",web,pickup,completed
ORD-0152388,R-0363,2025-04-06,"24,22",app,pickup,completed
ORD-0152389,R-0363,2025-04-30,"12,43",web,delivery,completed
ORD-0152390,R-0363,2025-04-26,"12,78",web,pickup,completed
ORD-0152391,R-0363,2025-04-25,"13,57",web,pickup,completed
ORD-0154009,R-0366,2025-04-30,"33,52",app,delivery,completed
ORD-0154010,R-0366,2025-04-28,"46,23",app,delivery,completed
ORD-0154011,R-0366,2025-04-27,"54,90",app,delivery,COMPLETED
ORD-0154012,R-0366,2025-04-30,"57,20",app,delivery,completed
ORD-0154013,R-0366,2025-04-27,"45,04",web,delivery,completed
ORD-0157445,R-0369,2025-04-13,"29,80",web,delivery,COMPLETED
ORD-0157446,R-0369,2025-04-26,"23,92",web,pickup,completed
ORD-0157447,R-0369,2025-04-13,"28,94",web,pickup,completed
ORD-0157448,R-0369,2025-04-06,"20,53",web,pickup,completed
ORD-0157449,R-0369,2025-04-09,"26,23",web,pickup,completed
ORD-0157450,R-0369,2025-04-20,"23,40",app,pickup,completed
ORD-0157451,R-0369,2025-04-24,"33,11",web,pickup,completed
ORD-0157452,R-0369,2025-04-30,"24,83",app,delivery,completed
ORD-0157453,R-0369,2025-04-12,"30,93",app,delivery,completed
ORD-0157454,R-0369,2025-04-21,"16,59",web,delivery,completed
ORD-0157455,R-0369,2025-04-12,"20,81",app,delivery,Completed
ORD-0157456,R-0369,2025-04-14,"25,39",app,delivery,completed
ORD-0157457,R-0369,2025-04-18,"19,18",app,pickup,completed
ORD-0157458,R-0369,2025-04-27,"17,10",web,delivery,completed
ORD-0157459,R-0369,2025-04-05,"25,19",web,delivery,COMPLETED
ORD-0157460,R-0369,2025-04-11,"35,11",web,delivery,completed
ORD-0157461,R-0369,2025-04-02,"33,83",web,delivery,completed
ORD-0157462,R-0369,2025-04-07,"15,42",app,delivery,completed
ORD-0157463,R-0369,2025-04-13,"26,83",web,delivery,completed
ORD-0157464,R-0369,2025-04-19,"36,70",app,pickup,completed
ORD-0157465,R-0369,2025-04-20,"57,49",web,delivery,completed
ORD-0157466,R-0369,2025-04-05,"24,49",web,delivery,completed
ORD-0157467,R-0369,2025-04-27,"25,61",web,delivery,completed
ORD-0157468,R-0369,2025-04-24,"15,70",web,delivery,completed
ORD-0157469,R-0369,2025-04-28,"26,17",web,delivery,completed
ORD-0157470,R-0369,2025-04-20,"28,31",web,delivery,completed
ORD-0157471,R-0369,2025-04-05,"27,40",web,delivery,completed
ORD-0160562,R-0375,2025-04-11,"43,60",app,pickup,completed
ORD-0160563,R-0375,2025-04-15,"99,17",app,delivery,completed
ORD-0160564,R-0375,2025-04-24,"42,43",app,pickup,completed
ORD-0160565,R-0375,2025-04-23,"41,47",web,delivery,completed
ORD-0160566,R-0375,2025-04-13,"43,31",web,pickup,completed
ORD-0160567,R-0375,2025-04-20,"13,70",app,delivery,completed
ORD-0160568,R-0375,2025-04-13,"19,64",web,pickup,completed
ORD-0160569,R-0375,2025-04-21,"24,94",app,delivery,completed
ORD-0160570,R-0375,2025-04-05,"42,12",web,delivery,completed
ORD-0160571,R-0375,2025-04-27,"21,80",web,pickup,completed
ORD-0160572,R-0375,2025-04-13,"37,92",web,delivery,completed
ORD-0160573,R-0375,2025-04-12,"52,03",web,delivery,completed
ORD-0160574,R-0375,2025-04-11,"23,65",app,delivery,completed
ORD-0160575,R-0375,2025-04-18,"39,31",web,pickup,cancelled
ORD-0160576,R-0375,2025-04-18,"26,87",web,delivery,refunded
ORD-0160577,R-0375,2025-04-11,"31,83",app,delivery,completed
ORD-0160578,R-0375,2025-04-24,"29,49",web,delivery,completed
ORD-0160579,R-0375,2025-04-26,"49,90",web,pickup,completed
ORD-0160580,R-0375,2025-04-25,"44,27",app,delivery,completed
ORD-0160581,R-0375,2025-04-09,"37,93",app,delivery,completed
ORD-0160582,R-0375,2025-04-19,"17,45",app,pickup,completed
ORD-0160583,R-0375,2025-04-02,"23,60",app,delivery,completed
ORD-0160584,R-0375,2025-04-23,"19,63",app,delivery,completed
ORD-0160585,R-0375,2025-04-05,"23,05",app,delivery,completed
ORD-0160586,R-0375,2025-04-11,"38,33",app,pickup,completed
ORD-0160587,R-0375,2025-04-14,"23,21",web,pickup,completed
ORD-0160588,R-0375,2025-04-04,"23,60",web,delivery,Completed
ORD-0160589,R-0375,2025-04-26,"18,29",app,delivery,completed
ORD-0160590,R-0375,2025-04-02,"42,65",app,delivery,completed
ORD-0160591,R-0375,2025-04-03,"18,71",app,pickup,completed
ORD-0160592,R-0375,2025-04-19,"38,38",app,delivery,completed
ORD-0160593,R-0375,2025-04-11,"66,17",app,delivery,completed
ORD-0160594,R-0375,2025-04-10,"37,22",web,delivery,completed
ORD-0160595,R-0375,2025-04-18,"62,53",app,delivery,completed
ORD-0160596,R-0375,2025-04-24,"11,49",app,delivery,completed
ORD-0160597,R-0375,2025-04-19,"18,04",app,delivery,completed
ORD-0160598,R-0375,2025-04-03,"31,63",app,delivery,completed
ORD-0160599,R-0375,2025-04-09,"19,00",app,delivery,completed
ORD-0160600,R-0375,2025-04-27,"36,66",web,delivery,Completed
ORD-0160601,R-0375,2025-04-23,"10,70",app,pickup,completed
ORD-0160602,R-0375,2025-04-27,"38,24",app,delivery,completed
ORD-0160603,R-0375,2025-04-28,"30,66",app,delivery,completed
ORD-0160604,R-0375,2025-04-26,"25,14",app,delivery,completed
ORD-0160605,R-0375,2025-04-13,"14,16",web,pickup,COMPLETED
ORD-0160606,R-0375,2025-04-29,"50,82",web,delivery,COMPLETED
ORD-0160607,R-0375,2025-04-02,"67,22",web,pickup,completed
ORD-0160608,R-0375,2025-04-10,"24,94",web,delivery,completed
ORD-0160609,R-0375,2025-04-14,"38,97",app,delivery,completed
ORD-0160610,R-0375,2025-04-08,"42,13",web,pickup,completed
ORD-0160611,R-0375,2025-04-27,"38,68",web,pickup,cancelled
ORD-0160612,R-0375,2025-04-21,"31,21",app,delivery,completed
ORD-0160613,R-0375,2025-04-19,"11,70",web,pickup,completed
ORD-0160614,R-0375,2025-04-06,"62,23",web,delivery,completed
ORD-0160615,R-0375,2025-04-27,"31,59",web,delivery,completed
ORD-0160616,R-0375,2025-04-21,"24,92",web,delivery,completed
ORD-0160617,R-0375,2025-04-04,"37,34",app,delivery,completed
ORD-0160618,R-0375,2025-04-10,"53,10",web,delivery,completed
ORD-0160619,R-0375,2025-04-15,"17,56",web,pickup,completed
ORD-0161550,R-0376,2025-04-17,"24,33",web,pickup,Completed
ORD-0161551,R-0376,2025-04-18,"39,76",app,pickup,completed
ORD-0161552,R-0376,2025-04-24,"116,07",web,pickup,COMPLETED
ORD-0161553,R-0376,2025-04-01,"35,46",app,pickup,completed
ORD-0161554,R-0376,2025-04-12,"75,15",web,delivery,completed
ORD-0161555,R-0376,2025-04-19,"52,83",web,delivery,completed
ORD-0161556,R-0376,2025-04-07,"29,59",web,pickup,completed
ORD-0161557,R-0376,2025-04-07,"51,89",web,pickup,completed
ORD-0161558,R-0376,2025-04-17,"61,46",web,pickup,completed
ORD-0161559,R-0376,2025-04-10,"67,89",web,pickup,completed
ORD-0161560,R-0376,2025-04-10,"63,42",app,pickup,completed
ORD-0161561,R-0376,2025-04-13,"50,78",web,pickup,completed
ORD-0161562,R-0376,2025-04-27,"79,45",web,pickup,completed
ORD-0161563,R-0376,2025-04-14,"58,23",app,delivery,completed
ORD-0161564,R-0376,2025-04-18,"38,07",app,delivery,Completed
ORD-0161565,R-0376,2025-04-05,"42,07",app,delivery,completed
ORD-0161566,R-0376,2025-04-11,"55,03",web,pickup,completed
ORD-0161567,R-0376,2025-04-26,"38,38",web,pickup,completed
ORD-0161568,R-0376,2025-04-02,"56,20",web,delivery,completed
ORD-0161569,R-0376,2025-04-04,"117,91",web,delivery,completed
ORD-0161570,R-0376,2025-04-12,"22,58",app,delivery,Completed
ORD-0161571,R-0376,2025-04-26,"43,85",web,delivery,completed
ORD-0161572,R-0376,2025-04-25,"37,09",web,delivery,completed
ORD-0161573,R-0376,2025-04-26,"45,49",app,delivery,completed
ORD-0161574,R-0376,2025-04-13,"55,78",app,pickup,completed
ORD-0161575,R-0376,2025-04-11,"33,02",web,delivery,completed
ORD-0161576,R-0376,2025-04-21,"29,23",web,pickup,completed
ORD-0161577,R-0376,2025-04-20,"62,44",app,pickup,completed
ORD-0161578,R-0376,2025-04-06,"59,14",web,pickup,completed
ORD-0161579,R-0376,2025-04-26,"52,35",app,delivery,completed
ORD-0161580,R-0376,2025-04-05,"37,37",web,pickup,completed
ORD-0161581,R-0376,2025-04-17,"75,27",app,delivery,completed
ORD-0161582,R-0376,2025-04-02,"25,63",app,pickup,completed
ORD-0161583,R-0376,2025-04-20,"48,60",web,delivery,COMPLETED
ORD-0161584,R-0376,2025-04-07,"51,26",web,delivery,completed
ORD-0161585,R-0376,2025-04-26,"33,63",web,delivery,completed
ORD-0161586,R-0376,2025-04-24,"35,09",web,delivery,completed
ORD-0161587,R-0376,2025-04-25,"59,20",web,pickup,completed
ORD-0161588,R-0376,2025-04-08,"53,02",app,pickup,completed
ORD-0161589,R-0376,2025-04-19,"80,37",app,delivery,completed
ORD-0161590,R-0376,2025-04-04,"36,62",app,pickup,completed
ORD-0161591,R-0376,2025-04-20,"60,75",app,pickup,completed
ORD-0161592,R-0376,2025-04-30,"66,59",web,pickup,completed
ORD-0161593,R-0376,2025-04-19,"32,11",web,pickup,completed
ORD-0161594,R-0376,2025-04-26,"33,78",web,delivery,completed
ORD-0161595,R-0376,2025-04-02,"36,19",web,pickup,Completed
ORD-0161596,R-0376,2025-04-21,"46,82",app,pickup,completed
ORD-0162556,R-0379,2025-04-12,"36,73",web,delivery,completed
ORD-0162557,R-0379,2025-04-28,"9,56",web,delivery,completed
ORD-0162558,R-0379,2025-04-27,"21,20",web,delivery,completed
ORD-0162559,R-0379,2025-04-07,"22,71",web,delivery,completed
ORD-0162560,R-0379,2025-04-05,"26,16",web,delivery,completed
ORD-0162561,R-0379,2025-04-19,"23,08",web,delivery,completed
ORD-0162562,R-0379,2025-04-26,"22,59",web,delivery,completed
ORD-0162563,R-0379,2025-04-11,"30,71",web,delivery,completed
ORD-0162564,R-0379,2025-04-06,"18,95",web,pickup,cancelled
ORD-0162565,R-0379,2025-04-07,"12,86",web,delivery,completed
ORD-0162566,R-0379,2025-04-13,"21,94",web,delivery,completed
ORD-0162567,R-0379,2025-04-21,"10,31",app,delivery,COMPLETED
ORD-0162568,R-0379,2025-04-21,"58,10",app,delivery,completed
ORD-0162569,R-0379,2025-04-08,"14,67",app,delivery,cancelled
ORD-0162570,R-0379,2025-04-11,"21,90",web,delivery,completed
ORD-0162571,R-0379,2025-04-18,"47,20",web,delivery,completed
ORD-0162572,R-0379,2025-04-17,"19,77",web,delivery,completed
ORD-0162573,R-0379,2025-04-08,"32,88",app,delivery,completed
ORD-0162574,R-0379,2025-04-05,"32,99",web,pickup,completed
ORD-0162575,R-0379,2025-04-05,"13,96",app,delivery,Completed
ORD-0162576,R-0379,2025-04-21,"33,14",app,delivery,completed
ORD-0162577,R-0379,2025-04-11,"25,36",web,delivery,completed
ORD-0162578,R-0379,2025-04-28,"24,60",web,delivery,completed
ORD-0162579,R-0379,2025-04-05,"21,03",web,delivery,completed
ORD-0162580,R-0379,2025-04-26,"21,05",app,delivery,completed
ORD-0162581,R-0379,2025-04-25,"37,26",app,delivery,completed
ORD-0162582,R-0379,2025-04-03,"22,33",app,delivery,completed
ORD-0162583,R-0379,2025-04-28,"24,56",web,delivery,completed
ORD-0162584,R-0379,2025-04-26,"24,98",web,delivery,completed
ORD-0162585,R-0379,2025-04-28,"26,17",web,pickup,completed
ORD-0162586,R-0379,2025-04-08,"37,24",app,delivery,completed
ORD-0162587,R-0379,2025-04-24,"22,80",app,delivery,completed
ORD-0162588,R-0379,2025-04-26,"26,01",web,pickup,completed
ORD-0162589,R-0379,2025-04-09,"24,38",app,delivery,Completed
ORD-0162590,R-0379,2025-04-18,"19,81",web,delivery,completed
ORD-0162591,R-0379,2025-04-30,"25,72",web,delivery,completed
ORD-0162592,R-0379,2025-04-05,"27,55",app,pickup,completed
ORD-0162593,R-0379,2025-04-09,"22,41",app,delivery,completed
ORD-0162594,R-0379,2025-04-16,"30,50",web,delivery,completed
ORD-0162595,R-0379,2025-04-17,"29,34",web,delivery,cancelled
ORD-0162596,R-0379,2025-04-04,"18,56",web,delivery,completed
ORD-0162597,R-0379,2025-04-22,"24,78",web,delivery,completed
ORD-0162598,R-0379,2025-04-24,"23,94",app,delivery,completed
ORD-0162599,R-0379,2025-04-13,"25,90",web,delivery,completed
ORD-0162600,R-0379,2025-04-27,"28,88",app,pickup,completed
ORD-0162601,R-0379,2025-04-18,"21,27",app,delivery,completed
ORD-0162602,R-0379,2025-04-03,"22,44",web,delivery,completed
ORD-0162603,R-0379,2025-04-13,"12,39",app,delivery,completed
ORD-0162604,R-0379,2025-04-26,"17,95",web,delivery,completed
ORD-0162605,R-0379,2025-04-22,"21,59",web,delivery,completed
ORD-0162606,R-0379,2025-04-18,"29,02",app,delivery,completed
ORD-0162607,R-0379,2025-04-26,"16,53",app,delivery,Completed
ORD-0162608,R-0379,2025-04-16,"35,60",web,delivery,cancelled
ORD-0162609,R-0379,2025-04-29,"29,86",web,delivery,completed
ORD-0162610,R-0379,2025-04-14,"9,86",web,delivery,completed
ORD-0162611,R-0379,2025-04-05,"28,81",web,delivery,completed
ORD-0162612,R-0379,2025-04-18,"26,86",web,delivery,completed
ORD-0166592,R-0388,2025-04-18,"37,64",web,delivery,completed
ORD-0166593,R-0388,2025-04-23,"25,72",app,delivery,completed
ORD-0166594,R-0388,2025-04-11,"30,15",web,delivery,Completed
ORD-0166595,R-0388,2025-04-05,"19,61",app,delivery,completed
ORD-0166596,R-0388,2025-04-17,"22,12",app,delivery,completed
ORD-0166597,R-0388,2025-04-26,"43,77",web,delivery,completed
ORD-0178043,R-0415,2025-04-23,"17,86",web,delivery,completed
ORD-0178044,R-0415,2025-04-25,"61,68",web,delivery,completed
ORD-0178045,R-0415,2025-04-24,"63,78",web,pickup,completed
ORD-0178739,R-0420,2025-04-13,"33,43",app,delivery,completed
ORD-0178740,R-0420,2025-04-06,"58,86",app,pickup,Cancelled
ORD-0178741,R-0420,2025-04-23,"14,28",app,pickup,completed
ORD-0178742,R-0420,2025-04-24,"27,80",web,delivery,refunded
ORD-0178743,R-0420,2025-04-04,"32,21",web,pickup,completed
ORD-0178744,R-0420,2025-04-15,"19,21",web,pickup,completed
ORD-0178745,R-0420,2025-04-11,"41,85",web,delivery,completed
ORD-0178746,R-0420,2025-04-21,"20,70",web,pickup,completed
ORD-0178747,R-0420,2025-04-12,"26,92",app,pickup,completed
ORD-0178748,R-0420,2025-04-19,"23,99",web,delivery,completed
ORD-0178749,R-0420,2025-04-01,"37,45",app,pickup,completed
ORD-0178750,R-0420,2025-04-18,"19,10",web,pickup,Completed
ORD-0178751,R-0420,2025-04-26,"25,93",web,delivery,completed
ORD-0178752,R-0420,2025-04-13,"22,66",web,delivery,completed
ORD-0178753,R-0420,2025-04-08,"27,75",app,pickup,completed
ORD-0178754,R-0420,2025-04-10,"13,18",app,pickup,completed
ORD-0178755,R-0420,2025-04-19,"25,28",web,delivery,completed
ORD-0178756,R-0420,2025-04-19,"22,70",app,pickup,cancelled
ORD-0178757,R-0420,2025-04-16,"8,92",web,delivery,completed
ORD-0178758,R-0420,2025-04-18,"16,49",web,delivery,Completed
ORD-0178759,R-0420,2025-04-04,"15,12",app,pickup,completed
ORD-0178760,R-0420,2025-04-23,"15,64",web,delivery,completed
ORD-0178761,R-0420,2025-04-10,"31,63",web,pickup,completed
ORD-0178762,R-0420,2025-04-03,"23,93",web,pickup,cancelled
ORD-0178763,R-0420,2025-04-16,"23,33",web,pickup,completed
ORD-0178764,R-0420,2025-04-26,"29,76",app,pickup,completed
ORD-0178765,R-0420,2025-04-04,"18,02",web,pickup,Completed
ORD-0178766,R-0420,2025-04-23,"26,56",app,pickup,completed
ORD-0178767,R-0420,2025-04-02,"35,26",web,delivery,completed
ORD-0178768,R-0420,2025-04-09,"17,32",web,pickup,completed
ORD-0178769,R-0420,2025-04-12,"20,82",app,delivery,completed
ORD-0178770,R-0420,2025-04-04,"22,52",app,delivery,completed
ORD-0178771,R-0420,2025-04-27,"26,88",web,pickup,completed
ORD-0178772,R-0420,2025-04-11,"17,41",web,pickup,completed
ORD-0178773,R-0420,2025-04-27,"17,51",app,delivery,completed
ORD-0178774,R-0420,2025-04-06,"18,83",web,pickup,Completed
ORD-0178775,R-0420,2025-04-05,"19,18",web,pickup,completed
ORD-0178776,R-0420,2025-04-05,"44,74",web,delivery,completed
ORD-0178777,R-0420,2025-04-05,"39,06",web,pickup,completed
ORD-0178778,R-0420,2025-04-22,"42,27",app,pickup,COMPLETED
ORD-0178779,R-0420,2025-04-24,"44,38",app,pickup,completed
ORD-0178780,R-0420,2025-04-09,"11,91",app,pickup,completed
ORD-0178781,R-0420,2025-04-19,"29,95",web,delivery,completed
ORD-0178782,R-0420,2025-04-06,"23,61",web,delivery,Completed
ORD-0178783,R-0420,2025-04-05,"17,12",app,pickup,completed
ORD-0178784,R-0420,2025-04-24,"25,39",app,delivery,completed
ORD-0178785,R-0420,2025-04-02,"21,13",app,pickup,completed
ORD-0178786,R-0420,2025-04-25,"47,57",web,delivery,completed
ORD-0178787,R-0420,2025-04-02,"21,36",app,delivery,completed
ORD-0178788,R-0420,2025-04-03,"34,28",web,delivery,completed
ORD-0178789,R-0420,2025-04-10,"21,23",app,pickup,Completed
ORD-0178790,R-0420,2025-04-25,"16,31",app,pickup,completed
ORD-0178791,R-0420,2025-04-30,"17,12",app,pickup,Completed
ORD-0178792,R-0420,2025-04-03,"29,52",web,pickup,completed
ORD-0178793,R-0420,2025-04-24,"20,19",app,pickup,completed
ORD-0178794,R-0420,2025-04-03,"14,04",web,delivery,completed
ORD-0185331,R-0426,2025-04-21,"35,38",app,pickup,completed
ORD-0185332,R-0426,2025-04-07,"66,73",app,pickup,cancelled
ORD-0185333,R-0426,2025-04-21,"53,69",app,delivery,completed
ORD-0185334,R-0426,2025-04-24,"47,05",web,delivery,completed
ORD-0185335,R-0426,2025-04-11,"30,40",app,delivery,completed
ORD-0185336,R-0426,2025-04-04,"61,61",app,delivery,completed
ORD-0185337,R-0426,2025-04-11,"22,12",app,pickup,completed
ORD-0185338,R-0426,2025-04-14,"56,47",app,pickup,completed
ORD-0185339,R-0426,2025-04-12,"55,94",web,pickup,completed
ORD-0185340,R-0426,2025-04-18,"66,58",web,delivery,completed
ORD-0185341,R-0426,2025-04-29,"45,26",app,pickup,completed
ORD-0185342,R-0426,2025-04-15,"69,61",web,delivery,completed
ORD-0185343,R-0426,2025-04-27,"60,37",app,delivery,completed
ORD-0185344,R-0426,2025-04-22,"68,12",web,pickup,completed
ORD-0185345,R-0426,2025-04-19,"25,61",web,pickup,completed
ORD-0185346,R-0426,2025-04-23,"38,73",web,delivery,completed
ORD-0185347,R-0426,2025-04-16,"79,06",web,pickup,completed
ORD-0185348,R-0426,2025-04-24,"48,28",web,delivery,completed
ORD-0185349,R-0426,2025-04-09,"50,99",app,delivery,completed
ORD-0185350,R-0426,2025-04-13,"52,50",web,pickup,completed
ORD-0185351,R-0426,2025-04-19,"42,23",web,pickup,refunded
ORD-0185352,R-0426,2025-04-18,"65,90",web,pickup,completed
ORD-0185353,R-0426,2025-04-06,"56,04",web,pickup,completed
ORD-0185354,R-0426,2025-04-01,"29,69",web,pickup,completed
ORD-0185355,R-0426,2025-04-04,"72,89",web,delivery,completed
ORD-0185356,R-0426,2025-04-19,"30,97",app,pickup,completed
ORD-0185357,R-0426,2025-04-12,"49,37",web,pickup,completed
ORD-0185358,R-0426,2025-04-15,"64,51",app,delivery,completed
ORD-0185359,R-0426,2025-04-25,"22,26",web,delivery,refunded
ORD-0185360,R-0426,2025-04-09,"66,54",app,pickup,Completed
ORD-0185361,R-0426,2025-04-05,"109,32",app,delivery,completed
ORD-0185362,R-0426,2025-04-30,"31,08",web,delivery,completed
ORD-0185363,R-0426,2025-04-11,"58,80",web,pickup,completed
ORD-0185364,R-0426,2025-04-05,"55,47",web,pickup,Completed
ORD-0185365,R-0426,2025-04-03,"37,44",web,pickup,completed
ORD-0185366,R-0426,2025-04-05,"41,86",web,delivery,completed
ORD-0185367,R-0426,2025-04-26,"90,74",app,pickup,COMPLETED
ORD-0185368,R-0426,2025-04-25,"149,94",app,delivery,completed
ORD-0185369,R-0426,2025-04-19,"60,25",app,delivery,completed
ORD-0185370,R-0426,2025-04-10,"61,86",app,delivery,completed
ORD-0185371,R-0426,2025-04-18,"32,88",app,delivery,completed
ORD-0185372,R-0426,2025-04-03,"43,13",app,pickup,cancelled
ORD-0185373,R-0426,2025-04-21,"85,46",web,delivery,completed
ORD-0185374,R-0426,2025-04-18,"27,92",app,pickup,completed
ORD-0185375,R-0426,2025-04-05,"63,57",web,delivery,cancelled
ORD-0185376,R-0426,2025-04-07,"58,28",web,delivery,completed
ORD-0185377,R-0426,2025-04-08,"80,63",app,delivery,completed
ORD-0185378,R-0426,2025-04-07,"17,04",app,pickup,completed
ORD-0185379,R-0426,2025-04-26,"32,16",web,pickup,completed
ORD-0189820,R-0434,2025-04-26,"29,75",app,delivery,completed
ORD-0189821,R-0434,2025-04-04,"38,03",app,delivery,completed
ORD-0189822,R-0434,2025-04-05,"22,54",app,pickup,completed
ORD-0189823,R-0434,2025-04-02,"28,00",app,delivery,completed
ORD-0189824,R-0434,2025-04-23,"30,04",app,delivery,completed
ORD-0189825,R-0434,2025-04-12,"26,96",app,delivery,completed
ORD-0189826,R-0434,2025-04-18,"25,64",web,delivery,completed
ORD-0189827,R-0434,2025-04-04,"26,46",app,pickup,completed
ORD-0189828,R-0434,2025-04-28,"44,97",app,delivery,completed
ORD-0189829,R-0434,2025-04-01,"28,57",app,pickup,completed
ORD-0189830,R-0434,2025-04-26,"14,37",app,delivery,completed
ORD-0189831,R-0434,2025-04-09,"27,37",app,delivery,completed
ORD-0189832,R-0434,2025-04-08,"26,37",app,delivery,COMPLETED
ORD-0189833,R-0434,2025-04-19,"13,26",app,delivery,completed
ORD-0189834,R-0434,2025-04-16,"40,37",web,delivery,completed
ORD-0189835,R-0434,2025-04-20,"10,63",app,pickup,completed
ORD-0189836,R-0434,2025-04-04,"17,42",web,delivery,completed
ORD-0189837,R-0434,2025-04-28,"39,72",app,delivery,completed
ORD-0189838,R-0434,2025-04-19,"45,30",app,delivery,completed
ORD-0189839,R-0434,2025-04-11,"27,98",app,delivery,completed
ORD-0189840,R-0434,2025-04-10,"28,19",web,delivery,completed
ORD-0189841,R-0434,2025-04-06,"27,00",app,delivery,completed
ORD-0189842,R-0434,2025-04-07,"21,97",app,pickup,completed
ORD-0189843,R-0434,2025-04-14,"24,13",web,pickup,COMPLETED
ORD-0189844,R-0434,2025-04-02,"28,38",app,pickup,completed
ORD-0189845,R-0434,2025-04-18,"38,25",app,delivery,completed
ORD-0189846,R-0434,2025-04-13,"29,28",app,delivery,cancelled
ORD-0189847,R-0434,2025-04-28,"27,58",app,delivery,COMPLETED
ORD-0189848,R-0434,2025-04-02,"21,60",app,pickup,completed
ORD-0189849,R-0434,2025-04-14,"25,71",app,delivery,completed
ORD-0189850,R-0434,2025-04-27,"20,38",app,pickup,completed
ORD-0189851,R-0434,2025-04-19,"34,47",web,delivery,completed
ORD-0189852,R-0434,2025-04-26,"26,34",app,delivery,completed
ORD-0189853,R-0434,2025-04-12,"21,82",web,delivery,completed
ORD-0189854,R-0434,2025-04-14,"30,86",web,pickup,completed
ORD-0189855,R-0434,2025-04-23,"26,68",web,delivery,completed
ORD-0189856,R-0434,2025-04-25,"26,79",app,pickup,completed
ORD-0189857,R-0434,2025-04-25,"33,02",web,delivery,completed
ORD-0189858,R-0434,2025-04-03,"30,87",web,pickup,completed
ORD-0189859,R-0434,2025-04-03,"38,17",app,delivery,completed
ORD-0189860,R-0434,2025-04-07,"23,63",app,delivery,completed
ORD-0189861,R-0434,2025-04-30,"20,95",web,delivery,COMPLETED
ORD-0189862,R-0434,2025-04-10,"21,75",app,pickup,completed
ORD-0189863,R-0434,2025-04-15,"32,43",web,delivery,completed
ORD-0189864,R-0434,2025-04-08,"18,56",web,delivery,completed
ORD-0189865,R-0434,2025-04-11,"19,36",web,pickup,completed
ORD-0189866,R-0434,2025-04-14,"31,80",web,delivery,completed
ORD-0189867,R-0434,2025-04-19,"35,01",app,delivery,completed
ORD-0189868,R-0434,2025-04-30,"32,46",web,delivery,completed
ORD-0189869,R-0434,2025-04-05,"29,36",app,delivery,completed
ORD-0189870,R-0434,2025-04-22,"18,12",app,delivery,completed
ORD-0189871,R-0434,2025-04-19,"17,22",app,delivery,completed
ORD-0189872,R-0434,2025-04-29,"35,72",web,pickup,completed
ORD-0189873,R-0434,2025-04-26,"53,91",app,delivery,completed
ORD-0189874,R-0434,2025-04-27,"21,40",web,pickup,completed
ORD-0189875,R-0434,2025-04-30,"25,09",web,pickup,completed
ORD-0189876,R-0434,2025-04-04,"52,34",app,pickup,completed
ORD-0189877,R-0434,2025-04-04,"47,71",app,delivery,completed
ORD-0189878,R-0434,2025-04-20,"35,06",app,pickup,completed
ORD-0189879,R-0434,2025-04-23,"15,37",app,delivery,COMPLETED
ORD-0189880,R-0434,2025-04-12,"24,71",app,delivery,completed
ORD-0189881,R-0434,2025-04-27,"20,07",app,pickup,completed
ORD-0189882,R-0434,2025-04-26,"24,72",web,delivery,completed
ORD-0189883,R-0434,2025-04-09,"23,20",web,pickup,completed
ORD-0189884,R-0434,2025-04-18,"30,68",app,delivery,cancelled
ORD-0189885,R-0434,2025-04-22,"13,95",app,delivery,completed
ORD-0189886,R-0434,2025-04-12,"22,03",web,pickup,completed
ORD-0189887,R-0434,2025-04-12,"51,65",app,delivery,completed
ORD-0189888,R-0434,2025-04-25,"20,22",app,delivery,COMPLETED
ORD-0189889,R-0434,2025-04-02,"40,93",app,delivery,cancelled
ORD-0189890,R-0434,2025-04-19,"28,11",app,pickup,completed
ORD-0189891,R-0434,2025-04-26,"38,07",app,delivery,completed
ORD-0189892,R-0434,2025-04-13,"22,19",web,delivery,completed
ORD-0189893,R-0434,2025-04-26,"27,45",web,pickup,completed
ORD-0189894,R-0434,2025-04-17,"20,19",web,delivery,completed
ORD-0189895,R-0434,2025-04-19,"30,50",app,delivery,completed
ORD-0191101,R-0436,2025-04-14,"54,37",app,delivery,completed
ORD-0191102,R-0436,2025-04-03,"77,81",web,delivery,cancelled
ORD-0191103,R-0436,2025-04-01,"56,15",app,delivery,completed
ORD-0191104,R-0436,2025-04-05,"47,07",app,pickup,completed
ORD-0191105,R-0436,2025-04-30,"42,56",app,pickup,completed
ORD-0191106,R-0436,2025-04-06,"61,65",app,delivery,completed
ORD-0191107,R-0436,2025-04-04,"67,09",app,pickup,completed
ORD-0191108,R-0436,2025-04-12,"110,65",app,pickup,completed
ORD-0191109,R-0436,2025-04-26,"34,68",app,delivery,refunded
ORD-0191110,R-0436,2025-04-04,"81,93",app,delivery,Completed
ORD-0191111,R-0436,2025-04-23,"28,52",app,pickup,cancelled
ORD-0191112,R-0436,2025-04-13,"47,00",app,delivery,completed
ORD-0191113,R-0436,2025-04-02,"51,08",web,delivery,refunded
ORD-0191114,R-0436,2025-04-07,"72,68",app,pickup,completed
ORD-0191115,R-0436,2025-04-24,"52,81",web,pickup,completed
ORD-0191116,R-0436,2025-04-26,"46,64",app,delivery,completed
ORD-0191117,R-0436,2025-04-04,"56,00",app,delivery,completed
ORD-0191118,R-0436,2025-04-25,"52,34",app,pickup,completed
ORD-0191119,R-0436,2025-04-22,"50,34",app,pickup,completed
ORD-0191120,R-0436,2025-04-23,"36,80",app,pickup,completed
ORD-0191121,R-0436,2025-04-08,"32,89",app,delivery,completed
ORD-0191122,R-0436,2025-04-18,"43,31",app,delivery,cancelled
ORD-0191123,R-0436,2025-04-12,"58,35",app,pickup,completed
ORD-0191124,R-0436,2025-04-16,"72,49",app,delivery,completed
ORD-0191125,R-0436,2025-04-17,"41,94",app,pickup,completed
ORD-0191126,R-0436,2025-04-20,"27,69",app,pickup,Completed
ORD-0191127,R-0436,2025-04-02,"41,69",web,delivery,COMPLETED
ORD-0191128,R-0436,2025-04-19,"58,84",web,delivery,completed
ORD-0191129,R-0436,2025-04-05,"56,64",app,delivery,completed
ORD-0191130,R-0436,2025-04-03,"55,08",web,delivery,completed
ORD-0191131,R-0436,2025-04-19,"51,92",web,delivery,CANCELLED
ORD-0191132,R-0436,2025-04-11,"79,25",app,pickup,cancelled
ORD-0191133,R-0436,2025-04-29,"72,66",app,delivery,completed
ORD-0192645,R-0446,2025-04-27,"37,88",app,delivery,completed
ORD-0192646,R-0446,2025-04-11,"48,10",app,pickup,completed
ORD-0192647,R-0446,2025-04-11,"33,63",app,delivery,COMPLETED
ORD-0192648,R-0446,2025-04-12,"37,21",web,pickup,completed
ORD-0192649,R-0446,2025-04-26,"57,60",app,delivery,completed
ORD-0192650,R-0446,2025-04-12,"37,60",app,pickup,cancelled
ORD-0192651,R-0446,2025-04-29,"34,91",app,delivery,completed
ORD-0192652,R-0446,2025-04-23,"22,40",app,pickup,completed
ORD-0192653,R-0446,2025-04-18,"57,12",app,delivery,Completed
ORD-0192654,R-0446,2025-04-02,"33,05",app,pickup,completed
ORD-0192655,R-0446,2025-04-03,"22,67",web,pickup,completed
ORD-0192656,R-0446,2025-04-10,"27,87",app,delivery,completed
ORD-0192657,R-0446,2025-04-08,"39,15",app,delivery,completed
ORD-0192658,R-0446,2025-04-19,"31,53",app,pickup,completed
ORD-0192659,R-0446,2025-04-03,"33,19",app,delivery,COMPLETED
ORD-0192660,R-0446,2025-04-21,"38,30",web,delivery,completed
ORD-0192661,R-0446,2025-04-04,"37,86",web,delivery,completed
ORD-0192662,R-0446,2025-04-04,"53,16",app,pickup,completed
ORD-0192663,R-0446,2025-04-26,"32,61",web,delivery,completed
ORD-0192664,R-0446,2025-04-25,"71,56",app,delivery,completed
ORD-0192665,R-0446,2025-04-16,"47,75",web,pickup,completed
ORD-0192666,R-0446,2025-04-18,"19,41",app,pickup,completed
ORD-0192667,R-0446,2025-04-10,"49,20",web,delivery,completed
ORD-0192668,R-0446,2025-04-01,"24,75",app,delivery,completed
ORD-0192669,R-0446,2025-04-06,"55,61",app,delivery,completed
ORD-0192670,R-0446,2025-04-29,"74,49",app,pickup,completed
ORD-0192671,R-0446,2025-04-12,"111,44",app,delivery,completed
ORD-0192672,R-0446,2025-04-04,"28,68",app,pickup,Completed
ORD-0192673,R-0446,2025-04-07,"35,43",web,pickup,completed
ORD-0192674,R-0446,2025-04-26,"48,14",web,pickup,completed
ORD-0192675,R-0446,2025-04-11,"64,26",app,pickup,completed
ORD-0192676,R-0446,2025-04-11,"29,51",app,delivery,cancelled
ORD-0192677,R-0446,2025-04-20,"48,46",app,delivery,cancelled
ORD-0192678,R-0446,2025-04-24,"27,75",web,delivery,completed
ORD-0192679,R-0446,2025-04-09,"56,31",app,pickup,completed
ORD-0192680,R-0446,2025-04-15,"18,82",app,delivery,completed
ORD-0192681,R-0446,2025-04-28,"38,86",app,pickup,completed
ORD-0192682,R-0446,2025-04-15,"33,95",app,delivery,completed
ORD-0192683,R-0446,2025-04-26,"45,97",app,delivery,cancelled
ORD-0192684,R-0446,2025-04-22,"29,28",app,pickup,cancelled
ORD-0192685,R-0446,2025-04-26,"25,15",app,pickup,completed
ORD-0192686,R-0446,2025-04-07,"36,64",web,delivery,completed
ORD-0192687,R-0446,2025-04-25,"36,97",web,delivery,completed
ORD-0192688,R-0446,2025-04-04,"36,01",app,delivery,completed
ORD-0192689,R-0446,2025-04-05,"60,84",app,pickup,completed
ORD-0192690,R-0446,2025-04-11,"48,43",web,pickup,completed
ORD-0192691,R-0446,2025-04-30,"26,05",app,pickup,completed
ORD-0192692,R-0446,2025-04-01,"39,71",app,delivery,completed
ORD-0192693,R-0446,2025-04-19,"18,42",web,pickup,completed
ORD-0192694,R-0446,2025-04-06,"67,21",web,delivery,completed
ORD-0192695,R-0446,2025-04-05,"49,41",app,delivery,completed
ORD-0192696,R-0446,2025-04-13,"35,34",app,delivery,completed
ORD-0192697,R-0446,2025-04-26,"19,88",web,delivery,completed
ORD-0192698,R-0446,2025-04-17,"24,38",web,delivery,COMPLETED
ORD-0192699,R-0446,2025-04-04,"57,52",web,pickup,completed
ORD-0192700,R-0446,2025-04-09,"20,49",app,pickup,completed
ORD-0192701,R-0446,2025-04-06,"65,08",web,pickup,completed
ORD-0192702,R-0446,2025-04-24,"58,14",app,pickup,completed
ORD-0192703,R-0446,2025-04-11,"41,09",web,pickup,completed
ORD-0192704,R-0446,2025-04-06,"39,85",web,delivery,completed
ORD-0192705,R-0446,2025-04-28,"42,30",app,delivery,completed
ORD-0192706,R-0446,2025-04-16,"39,16",app,delivery,completed
ORD-0192707,R-0446,2025-04-30,"47,46",app,delivery,completed
ORD-0192708,R-0446,2025-04-01,"37,71",web,delivery,completed
ORD-0192709,R-0446,2025-04-28,"77,07",app,delivery,cancelled
ORD-0192710,R-0446,2025-04-08,"37,85",app,pickup,COMPLETED
ORD-0192711,R-0446,2025-04-21,"36,37",app,delivery,completed
ORD-0192712,R-0446,2025-04-09,"44,91",web,pickup,completed
ORD-0192713,R-0446,2025-04-10,"26,99",app,delivery,COMPLETED
ORD-0192714,R-0446,2025-04-27,"36,31",app,delivery,completed
ORD-0192715,R-0446,2025-04-23,"38,43",app,pickup,completed
ORD-0192716,R-0446,2025-04-10,"39,62",app,delivery,completed
ORD-0192717,R-0446,2025-04-21,"42,53",app,delivery,completed
ORD-0192718,R-0446,2025-04-25,"49,97",app,delivery,completed
ORD-0192719,R-0446,2025-04-30,"58,12",web,delivery,Completed
ORD-0192720,R-0446,2025-04-04,"23,73",web,pickup,completed
ORD-0192721,R-0446,2025-04-09,"47,51",app,delivery,completed
ORD-0192722,R-0446,2025-04-20,"27,77",web,pickup,completed
ORD-0192723,R-0446,2025-04-06,"61,79",web,delivery,completed
ORD-0192724,R-0446,2025-04-11,"100,96",app,delivery,completed
ORD-0192725,R-0446,2025-04-12,"35,22",web,delivery,completed
ORD-0192726,R-0446,2025-04-26,"33,24",web,delivery,completed
ORD-0192727,R-0446,2025-04-11,"40,17",web,delivery,completed
ORD-0192728,R-0446,2025-04-13,"56,72",app,pickup,completed
ORD-0192729,R-0446,2025-04-18,"25,63",app,delivery,completed
ORD-0192730,R-0446,2025-04-27,"38,54",web,pickup,completed
ORD-0192731,R-0446,2025-04-11,"37,19",app,delivery,completed
ORD-0192732,R-0446,2025-04-21,"28,54",web,delivery,completed
ORD-0192733,R-0446,2025-04-19,"52,19",app,delivery,CANCELLED
ORD-0192734,R-0446,2025-04-05,"63,97",app,pickup,completed
ORD-0192735,R-0446,2025-04-23,"34,83",web,delivery,COMPLETED
ORD-0192736,R-0446,2025-04-26,"39,04",web,delivery,completed
ORD-0192737,R-0446,2025-04-24,"71,77",web,delivery,completed
ORD-0192738,R-0446,2025-04-25,"28,40",web,delivery,completed
ORD-0192739,R-0446,2025-04-24,"15,01",web,delivery,completed
ORD-0192740,R-0446,2025-04-01,"45,50",web,delivery,Cancelled
ORD-0192741,R-0446,2025-04-06,"31,56",web,pickup,Completed
ORD-0192742,R-0446,2025-04-04,"43,50",app,delivery,completed
ORD-0192743,R-0446,2025-04-07,"77,20",web,pickup,completed
ORD-0192744,R-0446,2025-04-01,"40,87",web,delivery,completed
ORD-0192745,R-0446,2025-04-27,"26,26",app,pickup,completed
ORD-0192746,R-0446,2025-04-14,"59,36",web,delivery,completed
ORD-0192747,R-0446,2025-04-07,"15,83",app,pickup,completed
ORD-0192748,R-0446,2025-04-08,"15,74",app,pickup,completed
ORD-0192749,R-0446,2025-04-18,"41,94",app,delivery,completed
ORD-0192750,R-0446,2025-04-02,"56,02",web,pickup,completed
ORD-0192751,R-0446,2025-04-02,"38,07",app,pickup,completed
ORD-0192752,R-0446,2025-04-29,"49,17",app,pickup,completed
ORD-0192753,R-0446,2025-04-28,"50,55",app,delivery,completed
ORD-0192754,R-0446,2025-04-08,"53,34",app,pickup,COMPLETED
ORD-0192755,R-0446,2025-04-19,"48,11",web,delivery,completed
ORD-0192756,R-0446,2025-04-15,"13,68",web,pickup,completed
ORD-0192757,R-0446,2025-04-16,"38,50",app,delivery,completed
ORD-0192758,R-0446,2025-04-20,"40,68",app,delivery,completed
ORD-0192759,R-0446,2025-04-20,"67,69",web,delivery,completed
ORD-0192760,R-0446,2025-04-03,"52,45",app,pickup,completed
ORD-0192761,R-0446,2025-04-20,"35,92",app,delivery,completed
ORD-0192762,R-0446,2025-04-18,"36,82",app,delivery,completed
ORD-0192763,R-0446,2025-04-20,"27,36",app,delivery,COMPLETED
ORD-0192764,R-0446,2025-04-07,"61,34",app,delivery,cancelled
ORD-0192765,R-0446,2025-04-28,"15,67",app,pickup,cancelled
ORD-0192766,R-0446,2025-04-06,"25,86",web,delivery,completed
ORD-0192767,R-0446,2025-04-17,"33,05",app,delivery,completed
ORD-0192768,R-0446,2025-04-16,"53,80",app,delivery,completed
ORD-0192769,R-0446,2025-04-24,"41,55",app,pickup,completed
ORD-0192770,R-0446,2025-04-28,"45,44",web,pickup,completed
ORD-0192771,R-0446,2025-04-26,"34,50",app,delivery,completed
ORD-0192772,R-0446,2025-04-14,"42,50",app,delivery,completed
ORD-0192773,R-0446,2025-04-22,"30,34",app,pickup,completed
ORD-0192774,R-0446,2025-04-02,"21,26",web,delivery,completed
ORD-0192775,R-0446,2025-04-30,"48,63",app,delivery,cancelled
ORD-0205980,R-0464,2025-04-06,"102,62",web,pickup,completed
ORD-0205981,R-0464,2025-04-01,"55,05",app,pickup,Completed
ORD-0205982,R-0464,2025-04-10,"113,51",app,delivery,completed
ORD-0205983,R-0464,2025-04-08,"67,99",web,pickup,completed
ORD-0205984,R-0464,2025-04-11,"48,65",app,pickup,completed
ORD-0205985,R-0464,2025-04-12,"43,00",web,delivery,completed
ORD-0205986,R-0464,2025-04-04,"54,62",web,pickup,completed
ORD-0207876,R-0472,2025-04-25,"43,78",app,pickup,completed
ORD-0207877,R-0472,2025-04-30,"19,79",web,delivery,completed
ORD-0207878,R-0472,2025-04-23,"12,42",web,pickup,COMPLETED
ORD-0207879,R-0472,2025-04-26,"41,89",web,delivery,completed
ORD-0207880,R-0472,2025-04-29,"7,92",web,delivery,completed
ORD-0207881,R-0472,2025-04-25,"24,99",web,pickup,completed
ORD-0212115,R-0487,2025-04-30,"60,93",web,pickup,completed
ORD-0212116,R-0487,2025-04-26,"56,82",app,delivery,completed
ORD-0213446,R-0491,2025-04-04,"27,39",web,delivery,completed
ORD-0213447,R-0491,2025-04-25,"21,09",app,delivery,completed
ORD-0213448,R-0491,2025-04-02,"26,40",app,pickup,completed
ORD-0213449,R-0491,2025-04-05,"26,94",app,pickup,cancelled
ORD-0213450,R-0491,2025-04-16,"20,23",web,pickup,completed
ORD-0213451,R-0491,2025-04-19,"34,61",app,pickup,completed
ORD-0213452,R-0491,2025-04-23,"12,07",web,pickup,completed
ORD-0213453,R-0491,2025-04-29,"23,18",web,delivery,completed
ORD-0213454,R-0491,2025-04-05,"23,00",app,pickup,completed
ORD-0213455,R-0491,2025-04-14,"29,28",web,pickup,Completed
ORD-0213456,R-0491,2025-04-05,"15,31",app,pickup,completed
ORD-0213457,R-0491,2025-04-24,"32,81",app,pickup,COMPLETED
ORD-0213458,R-0491,2025-04-09,"20,65",app,delivery,completed
ORD-0213459,R-0491,2025-04-06,"26,47",web,delivery,completed
ORD-0213460,R-0491,2025-04-09,"22,43",app,pickup,completed
ORD-0213461,R-0491,2025-04-10,"26,19",web,pickup,completed
ORD-0213462,R-0491,2025-04-08,"15,08",web,pickup,completed
ORD-0213463,R-0491,2025-04-18,"33,72",app,pickup,COMPLETED
ORD-0213464,R-0491,2025-04-26,"23,43",app,pickup,completed
ORD-0213465,R-0491,2025-04-23,"25,63",app,pickup,cancelled
ORD-0213466,R-0491,2025-04-05,"24,34",app,delivery,completed
ORD-0213467,R-0491,2025-04-30,"21,39",web,pickup,completed
ORD-0213468,R-0491,2025-04-08,"31,96",app,delivery,completed
ORD-0213469,R-0491,2025-04-30,"29,09",web,pickup,completed
ORD-0213470,R-0491,2025-04-13,"20,34",web,pickup,completed
ORD-0213471,R-0491,2025-04-28,"33,80",app,pickup,Refunded
ORD-0213472,R-0491,2025-04-05,"24,97",app,pickup,completed
ORD-0213473,R-0491,2025-04-12,"28,70",app,pickup,Completed
ORD-0213474,R-0491,2025-04-17,"22,99",app,pickup,completed
ORD-0213475,R-0491,2025-04-08,"17,72",app,pickup,Completed
ORD-0213476,R-0491,2025-04-19,"34,86",web,delivery,Completed
ORD-0213477,R-0491,2025-04-04,"41,13",web,pickup,completed
ORD-0213478,R-0491,2025-04-03,"32,64",app,pickup,completed
ORD-0213479,R-0491,2025-04-17,"18,70",web,delivery,completed
ORD-0213480,R-0491,2025-04-24,"33,56",app,pickup,refunded
ORD-0213481,R-0491,2025-04-01,"21,24",app,delivery,completed
ORD-0213482,R-0491,2025-04-27,"24,97",app,pickup,completed
ORD-0213483,R-0491,2025-04-29,"25,75",app,delivery,COMPLETED
ORD-0213484,R-0491,2025-04-29,"19,51",web,pickup,completed
ORD-0213485,R-0491,2025-04-30,"30,24",app,pickup,completed
ORD-0213486,R-0491,2025-04-17,"29,58",web,delivery,completed
ORD-0213487,R-0491,2025-04-13,"40,17",app,pickup,completed
ORD-0213488,R-0491,2025-04-10,"14,86",app,pickup,Completed
ORD-0213489,R-0491,2025-04-22,"17,27",app,pickup,completed
ORD-0213490,R-0491,2025-04-19,"38,12",app,pickup,completed
ORD-0213491,R-0491,2025-04-16,"38,23",app,pickup,completed
ORD-0213492,R-0491,2025-04-20,"24,09",app,delivery,completed
ORD-0213493,R-0491,2025-04-06,"35,04",app,pickup,completed
ORD-0213494,R-0491,2025-04-09,"28,67",app,delivery,completed
ORD-0213495,R-0491,2025-04-11,"12,79",web,delivery,completed
ORD-0213496,R-0491,2025-04-21,"17,55",app,pickup,completed
ORD-0213497,R-0491,2025-04-12,"28,71",app,delivery,completed
ORD-0213498,R-0491,2025-04-28,"16,11",web,pickup,completed
ORD-0213499,R-0491,2025-04-04,"20,95",app,pickup,completed
ORD-0213500,R-0491,2025-04-10,"29,89",web,pickup,completed
ORD-0213501,R-0491,2025-04-26,"20,92",web,pickup,completed
ORD-0213502,R-0491,2025-04-22,"24,14",web,pickup,cancelled
ORD-0213503,R-0491,2025-04-24,"32,69",web,pickup,completed
ORD-0213504,R-0491,2025-04-11,"28,89",web,pickup,completed
ORD-0213505,R-0491,2025-04-08,"28,90",web,pickup,completed
ORD-0213506,R-0491,2025-04-20,"30,32",web,pickup,completed
ORD-0213507,R-0491,2025-04-01,"27,30",app,pickup,completed
ORD-0213508,R-0491,2025-04-28,"25,40",web,pickup,completed
ORD-0213509,R-0491,2025-04-10,"16,10",web,delivery,completed
ORD-0213510,R-0491,2025-04-19,"21,78",web,delivery,completed
ORD-0213511,R-0491,2025-04-20,"31,58",app,pickup,completed
ORD-0213512,R-0491,2025-04-04,"28,72",app,pickup,completed
ORD-0214950,R-0495,2025-04-22,"36,62",app,delivery,completed
ORD-0214951,R-0495,2025-04-11,"50,86",web,delivery,completed
ORD-0214952,R-0495,2025-04-03,"57,30",app,pickup,completed
ORD-0214953,R-0495,2025-04-07,"67,05",app,delivery,completed
ORD-0214954,R-0495,2025-04-08,"45,45",web,pickup,completed
ORD-0214955,R-0495,2025-04-22,"61,76",web,pickup,completed
ORD-0214956,R-0495,2025-04-12,"100,73",app,delivery,completed
ORD-0214957,R-0495,2025-04-03,"50,79",app,pickup,completed
ORD-0214958,R-0495,2025-04-27,"38,38",app,pickup,completed
ORD-0214959,R-0495,2025-04-24,"72,02",web,pickup,completed
ORD-0214960,R-0495,2025-04-16,"44,98",web,delivery,Completed
ORD-0214961,R-0495,2025-04-10,"63,12",web,pickup,completed
ORD-0214962,R-0495,2025-04-18,"47,07",app,pickup,completed
ORD-0214963,R-0495,2025-04-25,"53,31",app,delivery,completed
ORD-0214964,R-0495,2025-04-28,"52,23",web,pickup,completed
ORD-0214965,R-0495,2025-04-24,"44,22",web,pickup,completed
ORD-0214966,R-0495,2025-04-26,"43,84",web,pickup,completed
ORD-0214967,R-0495,2025-04-17,"38,73",app,pickup,completed
ORD-0214968,R-0495,2025-04-26,"45,69",app,delivery,completed
ORD-0214969,R-0495,2025-04-05,"65,32",app,delivery,Cancelled
ORD-0214970,R-0495,2025-04-27,"44,60",web,delivery,completed
ORD-0214971,R-0495,2025-04-15,"38,28",app,delivery,completed
ORD-0214972,R-0495,2025-04-07,"55,68",app,pickup,completed
ORD-0214973,R-0495,2025-04-11,"82,25",app,delivery,completed
ORD-0214974,R-0495,2025-04-06,"102,37",app,delivery,completed
ORD-0214975,R-0495,2025-04-12,"61,18",web,pickup,completed
ORD-0214976,R-0495,2025-04-04,"55,06",app,pickup,completed
ORD-0214977,R-0495,2025-04-17,"62,16",app,pickup,completed
ORD-0214978,R-0495,2025-04-22,"79,58",web,pickup,completed
ORD-0214979,R-0495,2025-04-19,"39,07",web,delivery,cancelled
ORD-0214980,R-0495,2025-04-11,"71,49",app,delivery,completed
ORD-0218908,R-0510,2025-04-12,"72,42",web,delivery,COMPLETED
ORD-0218909,R-0510,2025-04-18,"69,84",app,delivery,completed
ORD-0218910,R-0510,2025-04-13,"54,79",app,pickup,completed
ORD-0218911,R-0510,2025-04-17,"64,29",app,delivery,COMPLETED
ORD-0218912,R-0510,2025-04-11,"79,31",app,delivery,completed
ORD-0218913,R-0510,2025-04-13,"82,77",app,delivery,completed
ORD-0218914,R-0510,2025-04-16,"40,77",web,pickup,completed
ORD-0224341,R-0523,2025-04-28,"32,72",web,pickup,completed
ORD-0224342,R-0523,2025-04-28,"14,10",app,delivery,completed
ORD-0224343,R-0523,2025-04-30,"25,48",app,delivery,completed
ORD-0224344,R-0523,2025-04-27,"19,16",web,delivery,completed
ORD-0224345,R-0523,2025-04-27,"31,41",app,pickup,completed
ORD-0224346,R-0523,2025-04-29,"33,27",app,pickup,COMPLETED
ORD-0224347,R-0523,2025-04-29,"31,51",app,delivery,completed
ORD-0224808,R-0525,2025-04-19,"24,22",web,pickup,completed
ORD-0224809,R-0525,2025-04-22,"28,54",web,delivery,completed
ORD-0224810,R-0525,2025-04-20,"14,60",web,pickup,completed
ORD-0224811,R-0525,2025-04-04,"27,30",web,pickup,completed
ORD-0224812,R-0525,2025-04-29,"19,24",web,delivery,cancelled
ORD-0224813,R-0525,2025-04-09,"12,31",web,pickup,completed
ORD-0224814,R-0525,2025-04-19,"30,16",web,pickup,completed
ORD-0224815,R-0525,2025-04-19,"38,60",app,pickup,completed
ORD-0224816,R-0525,2025-04-23,"35,51",app,pickup,completed
ORD-0224817,R-0525,2025-04-29,"28,30",app,delivery,completed
ORD-0224818,R-0525,2025-04-22,"38,72",web,delivery,Completed
ORD-0224819,R-0525,2025-04-17,"32,60",web,delivery,completed
ORD-0224820,R-0525,2025-04-04,"27,18",app,pickup,completed
ORD-0224821,R-0525,2025-04-03,"17,75",web,pickup,completed
ORD-0224822,R-0525,2025-04-15,"20,89",web,pickup,completed
ORD-0224823,R-0525,2025-04-09,"45,28",app,pickup,completed
ORD-0224824,R-0525,2025-04-17,"33,15",web,delivery,completed
ORD-0224825,R-0525,2025-04-01,"26,08",app,delivery,completed
ORD-0224826,R-0525,2025-04-11,"49,42",app,delivery,COMPLETED
ORD-0224827,R-0525,2025-04-06,"31,83",web,pickup,completed
ORD-0224828,R-0525,2025-04-04,"39,72",web,pickup,COMPLETED
ORD-0224829,R-0525,2025-04-25,"22,00",app,pickup,completed
ORD-0224830,R-0525,2025-04-25,"24,01",web,delivery,completed
ORD-0224831,R-0525,2025-04-06,"24,47",app,pickup,completed
ORD-0224832,R-0525,2025-04-19,"17,80",web,delivery,completed
ORD-0224833,R-0525,2025-04-24,"37,85",app,delivery,completed
ORD-0224834,R-0525,2025-04-19,"23,50",web,pickup,completed
ORD-0224835,R-0525,2025-04-12,"28,96",web,delivery,COMPLETED
ORD-0224836,R-0525,2025-04-05,"37,28",app,delivery,completed
ORD-0224837,R-0525,2025-04-01,"16,09",app,pickup,completed
ORD-0224838,R-0525,2025-04-26,"11,36",app,pickup,completed
ORD-0224839,R-0525,2025-04-02,"41,73",app,delivery,completed
ORD-0224840,R-0525,2025-04-29,"26,14",web,pickup,completed
ORD-0224841,R-0525,2025-04-18,"26,06",app,delivery,completed
ORD-0224842,R-0525,2025-04-21,"18,20",app,delivery,completed
ORD-0224843,R-0525,2025-04-12,"41,85",web,pickup,completed
ORD-0224844,R-0525,2025-04-13,"42,85",web,delivery,completed
ORD-0224845,R-0525,2025-04-20,"35,23",app,pickup,completed
ORD-0224846,R-0525,2025-04-05,"24,93",app,delivery,completed
ORD-0224847,R-0525,2025-04-11,"14,90",app,delivery,completed
ORD-0224848,R-0525,2025-04-25,"21,91",web,pickup,completed
ORD-0224849,R-0525,2025-04-26,"28,52",web,pickup,completed
ORD-0224850,R-0525,2025-04-18,"23,29",app,delivery,refunded
ORD-0224851,R-0525,2025-04-05,"15,38",web,delivery,completed
ORD-0224852,R-0525,2025-04-26,"27,20",web,pickup,completed
ORD-0224853,R-0525,2025-04-10,"30,30",web,pickup,cancelled
ORD-0224854,R-0525,2025-04-25,"18,43",app,pickup,completed
ORD-0224855,R-0525,2025-04-27,"26,18",web,delivery,completed
ORD-0224856,R-0525,2025-04-03,"29,16",web,delivery,completed
ORD-0224857,R-0525,2025-04-20,"18,48",app,delivery,completed
ORD-0224858,R-0525,2025-04-25,"45,88",app,pickup,completed
ORD-0224859,R-0525,2025-04-27,"18,73",app,delivery,completed
ORD-0224860,R-0525,2025-04-27,"17,19",web,pickup,COMPLETED
ORD-0224861,R-0525,2025-04-18,"35,61",web,delivery,completed
ORD-0224862,R-0525,2025-04-29,"15,36",web,pickup,completed
ORD-0224863,R-0525,2025-04-11,"31,33",web,pickup,completed
ORD-0224864,R-0525,2025-04-15,"23,87",app,pickup,Completed
ORD-0224865,R-0525,2025-04-01,"33,69",web,pickup,completed
ORD-0224866,R-0525,2025-04-17,"12,64",app,delivery,completed
ORD-0224867,R-0525,2025-04-03,"29,48",web,pickup,completed
ORD-0224868,R-0525,2025-04-17,"36,20",app,pickup,completed
ORD-0224869,R-0525,2025-04-03,"24,88",web,delivery,completed
ORD-0224870,R-0525,2025-04-15,"16,01",web,delivery,COMPLETED
ORD-0224871,R-0525,2025-04-11,"15,70",web,pickup,completed
ORD-0224872,R-0525,2025-04-01,"39,86",app,delivery,COMPLETED
ORD-0224873,R-0525,2025-04-12,"29,12",web,delivery,completed
ORD-0224874,R-0525,2025-04-24,"41,32",app,delivery,completed
ORD-0224875,R-0525,2025-04-28,"30,95",app,pickup,completed
ORD-0224876,R-0525,2025-04-12,"14,89",app,pickup,completed
ORD-0224877,R-0525,2025-04-28,"27,58",web,pickup,completed
ORD-0224878,R-0525,2025-04-12,"26,77",web,pickup,completed
ORD-0224879,R-0525,2025-04-14,"23,19",app,delivery,completed
ORD-0224880,R-0525,2025-04-27,"20,39",web,delivery,completed
ORD-0224881,R-0525,2025-04-14,"19,23",web,delivery,completed
ORD-0224882,R-0525,2025-04-20,"21,86",web,delivery,completed
ORD-0224883,R-0525,2025-04-12,"27,66",app,delivery,cancelled
ORD-0224884,R-0525,2025-04-12,"28,31",web,delivery,cancelled
ORD-0224885,R-0525,2025-04-04,"76,35",app,delivery,completed
ORD-0224886,R-0525,2025-04-08,"12,74",web,delivery,completed
ORD-0224887,R-0525,2025-04-10,"36,19",app,pickup,completed
ORD-0224888,R-0525,2025-04-04,"29,26",app,delivery,completed
ORD-0224889,R-0525,2025-04-12,"19,57",app,delivery,completed
ORD-0224890,R-0525,2025-04-01,"21,10",web,delivery,completed
ORD-0227522,R-0531,2025-04-06,"44,95",app,delivery,completed
ORD-0227523,R-0531,2025-04-05,"37,96",web,pickup,completed
ORD-0227524,R-0531,2025-04-20,"29,78",app,delivery,completed
ORD-0227525,R-0531,2025-04-26,"28,84",web,delivery,completed
ORD-0227526,R-0531,2025-04-19,"27,55",web,delivery,completed
ORD-0227527,R-0531,2025-04-02,"36,20",web,pickup,completed
ORD-0227528,R-0531,2025-04-09,"45,30",web,delivery,completed
ORD-0227529,R-0531,2025-04-25,"18,82",web,delivery,completed
ORD-0227530,R-0531,2025-04-18,"21,01",web,delivery,completed
ORD-0227531,R-0531,2025-04-19,"16,99",web,pickup,completed
ORD-0227532,R-0531,2025-04-17,"24,37",web,delivery,completed
ORD-0227533,R-0531,2025-04-06,"56,56",web,pickup,completed
ORD-0227534,R-0531,2025-04-06,"75,56",app,delivery,completed
ORD-0227535,R-0531,2025-04-12,"27,83",web,delivery,COMPLETED
ORD-0227536,R-0531,2025-04-19,"23,71",app,delivery,completed
ORD-0227537,R-0531,2025-04-13,"26,27",web,pickup,completed
ORD-0227538,R-0531,2025-04-04,"67,75",web,delivery,completed
ORD-0227539,R-0531,2025-04-09,"17,26",web,pickup,completed
ORD-0227540,R-0531,2025-04-11,"28,59",web,pickup,completed
ORD-0227541,R-0531,2025-04-12,"20,12",app,delivery,completed
ORD-0227542,R-0531,2025-04-27,"39,69",web,pickup,completed
ORD-0227543,R-0531,2025-04-16,"35,16",web,pickup,completed
ORD-0227544,R-0531,2025-04-13,"30,73",app,delivery,completed
ORD-0227545,R-0531,2025-04-20,"20,74",app,delivery,completed
ORD-0227546,R-0531,2025-04-04,"61,21",web,pickup,completed
ORD-0227547,R-0531,2025-04-17,"33,47",web,delivery,refunded
ORD-0227548,R-0531,2025-04-13,"30,05",web,pickup,completed
ORD-0227549,R-0531,2025-04-05,"50,17",app,delivery,completed
ORD-0227550,R-0531,2025-04-22,"26,81",web,delivery,completed
ORD-0227551,R-0531,2025-04-27,"22,43",app,delivery,completed
ORD-0230441,R-0538,2025-04-22,"22,87",web,pickup,completed
ORD-0230442,R-0538,2025-04-07,"34,92",app,pickup,completed
ORD-0230443,R-0538,2025-04-13,"31,57",web,pickup,completed
ORD-0230444,R-0538,2025-04-13,"24,85",app,pickup,completed
ORD-0230445,R-0538,2025-04-10,"19,76",web,delivery,completed
ORD-0230446,R-0538,2025-04-26,"22,62",app,delivery,completed
ORD-0230447,R-0538,2025-04-02,"27,36",app,delivery,completed
ORD-0230448,R-0538,2025-04-10,"33,43",web,pickup,completed
ORD-0230449,R-0538,2025-04-10,"25,27",web,pickup,completed
ORD-0230450,R-0538,2025-04-11,"32,50",app,pickup,completed
ORD-0230451,R-0538,2025-04-20,"25,24",app,pickup,completed
ORD-0230452,R-0538,2025-04-24,"15,73",web,delivery,completed
ORD-0230453,R-0538,2025-04-24,"25,54",app,delivery,completed
ORD-0230454,R-0538,2025-04-22,"24,61",web,delivery,completed
ORD-0230455,R-0538,2025-04-29,"26,04",app,delivery,completed
ORD-0230456,R-0538,2025-04-17,"20,81",app,pickup,Completed
ORD-0230457,R-0538,2025-04-19,"59,71",app,delivery,completed
ORD-0230458,R-0538,2025-04-06,"26,32",app,pickup,Completed
ORD-0230459,R-0538,2025-04-15,"12,87",app,pickup,completed
ORD-0230460,R-0538,2025-04-20,"19,18",web,pickup,completed
ORD-0230461,R-0538,2025-04-03,"25,86",web,pickup,completed
ORD-0230462,R-0538,2025-04-21,"36,54",web,delivery,completed
ORD-0230463,R-0538,2025-04-09,"23,04",app,pickup,COMPLETED
ORD-0230464,R-0538,2025-04-26,"33,61",web,pickup,completed
ORD-0230465,R-0538,2025-04-27,"30,48",app,pickup,completed
ORD-0230466,R-0538,2025-04-28,"27,27",web,pickup,REFUNDED
ORD-0230467,R-0538,2025-04-07,"17,53",app,delivery,completed
ORD-0230468,R-0538,2025-04-12,"42,07",web,pickup,completed
ORD-0230469,R-0538,2025-04-09,"51,06",app,pickup,completed
ORD-0230470,R-0538,2025-04-17,"22,91",app,pickup,completed
ORD-0230471,R-0538,2025-04-03,"60,03",app,delivery,cancelled
ORD-0230472,R-0538,2025-04-13,"22,50",web,delivery,COMPLETED
ORD-0230473,R-0538,2025-04-15,"30,19",app,pickup,completed
ORD-0230474,R-0538,2025-04-28,"25,62",app,pickup,completed
ORD-0230475,R-0538,2025-04-28,"32,89",web,delivery,completed
ORD-0230476,R-0538,2025-04-30,"26,26",web,delivery,completed
ORD-0230477,R-0538,2025-04-20,"46,51",web,delivery,Completed
ORD-0230478,R-0538,2025-04-18,"34,73",app,pickup,completed
ORD-0230479,R-0538,2025-04-15,"22,11",app,delivery,Completed
ORD-0230480,R-0538,2025-04-21,"22,31",web,delivery,completed
ORD-0230481,R-0538,2025-04-10,"24,08",app,delivery,completed
ORD-0230482,R-0538,2025-04-24,"34,79",app,delivery,cancelled
ORD-0230483,R-0538,2025-04-26,"44,34",app,pickup,completed
ORD-0230484,R-0538,2025-04-30,"17,26",app,delivery,completed
ORD-0230485,R-0538,2025-04-12,"25,29",app,pickup,completed
ORD-0230486,R-0538,2025-04-14,"34,67",app,delivery,Completed
ORD-0230487,R-0538,2025-04-11,"23,04",web,pickup,cancelled
ORD-0230488,R-0538,2025-04-23,"28,19",web,pickup,completed
ORD-0230489,R-0538,2025-04-26,"22,98",web,delivery,COMPLETED
ORD-0230490,R-0538,2025-04-12,"36,58",app,delivery,completed
ORD-0230491,R-0538,2025-04-30,"31,84",app,delivery,Completed
ORD-0230492,R-0538,2025-04-09,"20,88",web,pickup,completed
ORD-0230493,R-0538,2025-04-21,"13,13",web,pickup,Completed
ORD-0230494,R-0538,2025-04-18,"27,79",app,delivery,completed
ORD-0230495,R-0538,2025-04-26,"45,32",web,delivery,completed
ORD-0230496,R-0538,2025-04-03,"31,62",app,pickup,completed
ORD-0230497,R-0538,2025-04-21,"21,60",app,delivery,completed
ORD-0230498,R-0538,2025-04-12,"31,34",web,delivery,completed
ORD-0230499,R-0538,2025-04-29,"29,86",app,pickup,completed
ORD-0230500,R-0538,2025-04-01,"29,27",app,delivery,completed
ORD-0230501,R-0538,2025-04-26,"39,26",app,delivery,completed
ORD-0230502,R-0538,2025-04-01,"45,88",app,pickup,completed
ORD-0230503,R-0538,2025-04-19,"39,21",app,pickup,completed
ORD-0230504,R-0538,2025-04-06,"35,08",app,delivery,completed
ORD-0230505,R-0538,2025-04-20,"28,41",web,pickup,completed
ORD-0230506,R-0538,2025-04-26,"43,24",app,pickup,completed
ORD-0230507,R-0538,2025-04-05,"18,03",web,delivery,completed
ORD-0230508,R-0538,2025-04-20,"32,54",app,pickup,completed
ORD-0230509,R-0538,2025-04-14,"20,68",app,pickup,completed
ORD-0230510,R-0538,2025-04-01,"25,55",app,pickup,completed
ORD-0230511,R-0538,2025-04-17,"19,57",web,delivery,completed
ORD-0230512,R-0538,2025-04-03,"17,29",app,pickup,cancelled
ORD-0230513,R-0538,2025-04-22,"19,07",web,delivery,completed
ORD-0237528,R-0549,2025-04-24,"14,42",app,delivery,completed
ORD-0237529,R-0549,2025-04-25,"20,06",web,pickup,completed
ORD-0237530,R-0549,2025-04-09,"22,82",web,delivery,completed
ORD-0237531,R-0549,2025-04-10,"36,20",web,delivery,COMPLETED
ORD-0237532,R-0549,2025-04-26,"44,06",web,delivery,completed
ORD-0237533,R-0549,2025-04-09,"30,25",web,pickup,completed
ORD-0237534,R-0549,2025-04-13,"23,98",web,delivery,completed
ORD-0237535,R-0549,2025-04-27,"25,56",web,pickup,completed
ORD-0237536,R-0549,2025-04-23,"20,99",web,delivery,completed
ORD-0237537,R-0549,2025-04-28,"29,47",web,delivery,completed
ORD-0237538,R-0549,2025-04-25,"10,95",app,delivery,completed
ORD-0237539,R-0549,2025-04-12,"17,09",web,pickup,COMPLETED
ORD-0237540,R-0549,2025-04-12,"30,82",web,delivery,Completed
ORD-0237541,R-0549,2025-04-12,"16,06",web,delivery,completed
ORD-0237542,R-0549,2025-04-02,"27,81",web,delivery,completed
ORD-0237543,R-0549,2025-04-03,"21,73",web,pickup,completed
ORD-0237544,R-0549,2025-04-29,"20,58",web,delivery,completed
ORD-0237545,R-0549,2025-04-07,"18,89",web,pickup,COMPLETED
ORD-0237546,R-0549,2025-04-10,"30,38",app,delivery,completed
ORD-0237547,R-0549,2025-04-21,"19,83",app,pickup,completed
ORD-0237548,R-0549,2025-04-22,"24,21",web,delivery,completed
ORD-0237549,R-0549,2025-04-11,"34,14",web,delivery,completed
ORD-0237550,R-0549,2025-04-04,"19,14",web,delivery,completed
ORD-0237551,R-0549,2025-04-27,"20,87",web,delivery,cancelled
ORD-0237552,R-0549,2025-04-24,"26,56",web,delivery,completed
ORD-0237553,R-0549,2025-04-15,"20,65",web,pickup,completed
ORD-0237554,R-0549,2025-04-26,"17,00",web,delivery,completed
ORD-0237555,R-0549,2025-04-07,"15,71",web,pickup,completed
ORD-0237556,R-0549,2025-04-06,"14,32",web,pickup,completed
ORD-0237557,R-0549,2025-04-26,"11,00",web,pickup,completed
ORD-0237558,R-0549,2025-04-22,"6,11",web,delivery,completed
ORD-0237559,R-0549,2025-04-06,"22,12",app,delivery,Completed
ORD-0237560,R-0549,2025-04-20,"18,58",web,pickup,completed
ORD-0237561,R-0549,2025-04-14,"14,66",web,delivery,completed
ORD-0237562,R-0549,2025-04-01,"19,79",web,delivery,completed
ORD-0237563,R-0549,2025-04-04,"25,92",web,pickup,completed
ORD-0237564,R-0549,2025-04-27,"15,08",web,pickup,COMPLETED
ORD-0237565,R-0549,2025-04-16,"16,88",web,pickup,completed
ORD-0237566,R-0549,2025-04-03,"25,19",web,delivery,completed
ORD-0237567,R-0549,2025-04-23,"26,62",web,pickup,Completed
ORD-0237568,R-0549,2025-04-25,"28,43",web,delivery,completed
ORD-0237569,R-0549,2025-04-15,"34,47",web,pickup,completed
ORD-0237570,R-0549,2025-04-05,"19,07",web,delivery,completed
ORD-0237571,R-0549,2025-04-28,"16,54",web,delivery,completed
ORD-0237572,R-0549,2025-04-27,"10,55",web,delivery,completed
ORD-0238865,R-0550,2025-04-25,"58,65",web,delivery,completed
ORD-0238866,R-0550,2025-04-11,"28,18",web,pickup,completed
ORD-0238867,R-0550,2025-04-20,"22,43",app,delivery,completed
ORD-0238868,R-0550,2025-04-26,"25,69",app,delivery,completed
ORD-0243329,R-0563,2025-04-30,"27,37",app,delivery,completed
ORD-0243330,R-0563,2025-04-26,"19,53",app,delivery,completed
ORD-0243331,R-0563,2025-04-19,"45,28",web,delivery,completed
ORD-0243332,R-0563,2025-04-27,"30,22",app,delivery,completed
ORD-0243333,R-0563,2025-04-17,"24,31",web,pickup,completed
ORD-0244762,R-0568,2025-04-28,"38,59",web,pickup,completed
ORD-0244763,R-0568,2025-04-25,"21,87",app,pickup,completed
ORD-0244764,R-0568,2025-04-26,"52,75",web,pickup,completed
ORD-0244765,R-0568,2025-04-01,"27,28",app,delivery,completed
ORD-0244766,R-0568,2025-04-26,"100,33",web,delivery,completed
ORD-0244767,R-0568,2025-04-13,"70,86",app,delivery,completed
ORD-0244768,R-0568,2025-04-07,"21,67",app,pickup,completed
ORD-0244769,R-0568,2025-04-02,"58,44",app,pickup,Completed
ORD-0244770,R-0568,2025-04-10,"31,65",app,pickup,completed
ORD-0244771,R-0568,2025-04-20,"58,55",app,delivery,completed
ORD-0244772,R-0568,2025-04-12,"40,05",app,delivery,completed
ORD-0244773,R-0568,2025-04-13,"37,01",app,delivery,completed
ORD-0244774,R-0568,2025-04-04,"45,70",web,delivery,completed
ORD-0244775,R-0568,2025-04-05,"36,43",app,pickup,completed
ORD-0244776,R-0568,2025-04-21,"32,09",app,pickup,completed
ORD-0244777,R-0568,2025-04-29,"27,63",web,pickup,completed
ORD-0244778,R-0568,2025-04-27,"29,80",app,delivery,completed
ORD-0244779,R-0568,2025-04-26,"41,02",app,delivery,completed
ORD-0244780,R-0568,2025-04-15,"45,06",web,delivery,completed
ORD-0244781,R-0568,2025-04-25,"54,37",web,delivery,completed
ORD-0244782,R-0568,2025-04-28,"51,97",app,delivery,completed
ORD-0244783,R-0568,2025-04-28,"54,66",app,pickup,completed
ORD-0244784,R-0568,2025-04-22,"31,52",app,delivery,completed
ORD-0244785,R-0568,2025-04-12,"50,82",app,pickup,completed
ORD-0244786,R-0568,2025-04-02,"14,52",app,delivery,completed
ORD-0244787,R-0568,2025-04-01,"65,88",app,pickup,completed
ORD-0244788,R-0568,2025-04-10,"66,77",app,delivery,completed
ORD-0244789,R-0568,2025-04-19,"98,35",app,delivery,COMPLETED
ORD-0244790,R-0568,2025-04-26,"29,81",app,pickup,COMPLETED
ORD-0244791,R-0568,2025-04-22,"64,09",app,delivery,completed
ORD-0244792,R-0568,2025-04-26,"51,18",app,delivery,COMPLETED
ORD-0244793,R-0568,2025-04-07,"63,77",web,pickup,completed
ORD-0244794,R-0568,2025-04-06,"37,68",web,delivery,completed
ORD-0244795,R-0568,2025-04-22,"50,76",web,delivery,completed
ORD-0244796,R-0568,2025-04-18,"87,87",app,delivery,completed
ORD-0244797,R-0568,2025-04-20,"41,44",web,pickup,completed
ORD-0244798,R-0568,2025-04-28,"59,18",app,pickup,completed
ORD-0244799,R-0568,2025-04-21,"51,33",app,pickup,Completed
ORD-0244800,R-0568,2025-04-04,"32,64",app,delivery,completed
ORD-0244801,R-0568,2025-04-01,"27,31",web,pickup,completed
ORD-0244802,R-0568,2025-04-11,"45,65",web,pickup,completed
ORD-0245918,R-0570,2025-04-12,"37,52",web,delivery,completed
ORD-0245919,R-0570,2025-04-06,"26,54",app,delivery,COMPLETED
ORD-0245920,R-0570,2025-04-06,"32,90",web,delivery,completed
ORD-0245921,R-0570,2025-04-26,"48,57",web,delivery,COMPLETED
ORD-0245922,R-0570,2025-04-11,"31,32",app,delivery,completed
ORD-0245923,R-0570,2025-04-10,"41,71",web,delivery,Completed
ORD-0245924,R-0570,2025-04-11,"73,88",web,delivery,Completed
ORD-0245925,R-0570,2025-04-02,"39,18",web,delivery,completed
ORD-0245926,R-0570,2025-04-19,"34,78",web,delivery,completed
ORD-0245927,R-0570,2025-04-06,"25,34",web,pickup,completed
ORD-0245928,R-0570,2025-04-27,"38,35",app,delivery,completed
ORD-0245929,R-0570,2025-04-10,"28,19",web,delivery,completed
ORD-0245930,R-0570,2025-04-12,"25,75",app,delivery,completed
ORD-0245931,R-0570,2025-04-12,"23,52",app,delivery,completed
ORD-0245932,R-0570,2025-04-10,"15,18",web,delivery,completed
ORD-0245933,R-0570,2025-04-19,"24,48",app,delivery,completed
ORD-0245934,R-0570,2025-04-18,"31,42",web,delivery,completed
ORD-0245935,R-0570,2025-04-20,"17,57",web,delivery,completed
ORD-0245936,R-0570,2025-04-28,"24,96",app,delivery,completed
ORD-0245937,R-0570,2025-04-19,"53,68",web,pickup,completed
ORD-0245938,R-0570,2025-04-19,"51,48",web,delivery,cancelled
ORD-0245939,R-0570,2025-04-24,"32,22",app,delivery,completed
ORD-0245940,R-0570,2025-04-05,"59,81",app,delivery,completed
ORD-0245941,R-0570,2025-04-06,"32,07",web,delivery,completed
ORD-0245942,R-0570,2025-04-13,"21,46",web,delivery,completed
ORD-0245943,R-0570,2025-04-18,"31,40",web,delivery,completed
ORD-0245944,R-0570,2025-04-24,"27,28",web,delivery,completed
ORD-0245945,R-0570,2025-04-25,"34,03",web,delivery,completed
ORD-0245946,R-0570,2025-04-09,"17,31",app,delivery,COMPLETED
ORD-0245947,R-0570,2025-04-17,"20,68",app,delivery,completed
ORD-0245948,R-0570,2025-04-09,"15,24",web,delivery,cancelled
ORD-0245949,R-0570,2025-04-04,"45,50",web,delivery,completed
ORD-0245950,R-0570,2025-04-27,"41,33",web,delivery,completed
ORD-0245951,R-0570,2025-04-11,"30,15",app,delivery,completed
ORD-0245952,R-0570,2025-04-23,"23,94",web,delivery,completed
ORD-0245953,R-0570,2025-04-27,"39,64",app,delivery,completed
ORD-0245954,R-0570,2025-04-11,"18,92",web,delivery,completed
ORD-0245955,R-0570,2025-04-04,"29,71",web,pickup,completed
ORD-0245956,R-0570,2025-04-12,"19,27",app,delivery,completed
ORD-0245957,R-0570,2025-04-04,"27,66",app,delivery,COMPLETED
ORD-0245958,R-0570,2025-04-09,"23,54",web,delivery,COMPLETED
ORD-0245959,R-0570,2025-04-17,"31,33",web,delivery,completed
ORD-0245960,R-0570,2025-04-22,"22,77",web,delivery,completed
ORD-0245961,R-0570,2025-04-30,"27,30",web,delivery,completed
ORD-0245962,R-0570,2025-04-20,"29,05",web,delivery,completed
ORD-0245963,R-0570,2025-04-09,"33,34",web,pickup,completed
ORD-0245964,R-0570,2025-04-22,"25,36",web,delivery,completed
ORD-0245965,R-0570,2025-04-24,"17,03",web,delivery,completed
ORD-0245966,R-0570,2025-04-16,"19,66",web,delivery,completed
ORD-0245967,R-0570,2025-04-12,"24,49",web,delivery,completed
ORD-0245968,R-0570,2025-04-26,"48,87",web,delivery,completed
ORD-0245969,R-0570,2025-04-02,"59,41",web,delivery,completed
ORD-0245970,R-0570,2025-04-12,"21,19",web,delivery,completed
ORD-0245971,R-0570,2025-04-02,"26,69",web,delivery,completed
ORD-0245972,R-0570,2025-04-27,"31,19",app,delivery,completed
ORD-0245973,R-0570,2025-04-01,"46,20",web,delivery,COMPLETED
ORD-0245974,R-0570,2025-04-18,"27,53",app,pickup,completed
ORD-0245975,R-0570,2025-04-19,"46,58",web,delivery,completed
ORD-0245976,R-0570,2025-04-09,"37,38",app,delivery,COMPLETED
ORD-0245977,R-0570,2025-04-30,"29,09",app,delivery,completed
ORD-0245978,R-0570,2025-04-11,"21,12",web,delivery,completed
ORD-0245979,R-0570,2025-04-11,"31,98",web,delivery,completed
ORD-0245980,R-0570,2025-04-28,"21,84",web,delivery,completed
ORD-0245981,R-0570,2025-04-18,"31,34",web,pickup,refunded
ORD-0245982,R-0570,2025-04-28,"24,44",web,delivery,completed
ORD-0245983,R-0570,2025-04-05,"20,77",app,pickup,completed
ORD-0245984,R-0570,2025-04-04,"34,14",app,delivery,Completed
ORD-0245985,R-0570,2025-04-08,"30,38",web,delivery,completed
ORD-0245986,R-0570,2025-04-26,"17,43",app,delivery,COMPLETED
ORD-0245987,R-0570,2025-04-08,"31,57",web,pickup,cancelled
ORD-0245988,R-0570,2025-04-12,"59,60",web,delivery,completed
ORD-0245989,R-0570,2025-04-05,"38,58",app,delivery,COMPLETED
ORD-0245990,R-0570,2025-04-11,"31,92",web,delivery,completed
ORD-0245991,R-0570,2025-04-03,"33,31",web,pickup,completed
ORD-0245992,R-0570,2025-04-13,"16,45",web,delivery,completed
ORD-0245993,R-0570,2025-04-13,"33,66",web,pickup,completed
ORD-0245994,R-0570,2025-04-25,"26,66",web,delivery,cancelled
ORD-0245995,R-0570,2025-04-02,"33,71",app,delivery,completed
ORD-0245996,R-0570,2025-04-24,"27,61",web,delivery,completed
ORD-0246532,R-0575,2025-04-11,"25,91",app,pickup,completed
ORD-0246533,R-0575,2025-04-07,"32,40",app,pickup,completed
ORD-0246534,R-0575,2025-04-23,"18,28",web,delivery,completed
ORD-0246535,R-0575,2025-04-12,"25,56",web,delivery,cancelled
ORD-0246536,R-0575,2025-04-04,"35,96",app,delivery,completed
ORD-0246537,R-0575,2025-04-06,"24,12",app,delivery,COMPLETED
ORD-0246538,R-0575,2025-04-27,"44,43",web,delivery,completed
ORD-0246539,R-0575,2025-04-24,"17,74",web,delivery,completed
ORD-0246540,R-0575,2025-04-08,"21,66",app,pickup,completed
ORD-0246541,R-0575,2025-04-02,"35,69",web,delivery,completed
ORD-0246542,R-0575,2025-04-19,"24,46",app,pickup,completed
ORD-0246543,R-0575,2025-04-09,"25,43",web,pickup,completed
ORD-0246544,R-0575,2025-04-17,"25,78",web,pickup,completed
ORD-0246545,R-0575,2025-04-10,"18,06",web,pickup,cancelled
ORD-0246546,R-0575,2025-04-26,"24,17",web,delivery,completed
ORD-0246547,R-0575,2025-04-18,"34,60",app,pickup,completed
ORD-0246548,R-0575,2025-04-19,"19,81",app,delivery,completed
ORD-0246549,R-0575,2025-04-25,"20,77",app,delivery,completed
ORD-0246550,R-0575,2025-04-24,"18,61",app,delivery,refunded
ORD-0246551,R-0575,2025-04-25,"27,58",web,pickup,COMPLETED
ORD-0246552,R-0575,2025-04-27,"21,23",app,pickup,completed
ORD-0246553,R-0575,2025-04-12,"27,57",web,delivery,completed
ORD-0246554,R-0575,2025-04-29,"16,77",app,pickup,completed
ORD-0246555,R-0575,2025-04-12,"25,12",web,delivery,Completed
ORD-0246556,R-0575,2025-04-18,"24,68",web,delivery,completed
ORD-0246557,R-0575,2025-04-04,"25,25",web,delivery,completed
ORD-0246558,R-0575,2025-04-10,"6,55",app,delivery,cancelled
ORD-0246559,R-0575,2025-04-20,"39,48",web,pickup,completed
ORD-0246560,R-0575,2025-04-22,"19,93",web,pickup,completed
ORD-0246561,R-0575,2025-04-20,"35,94",web,pickup,completed
ORD-0246562,R-0575,2025-04-04,"20,84",app,pickup,completed
ORD-0246563,R-0575,2025-04-21,"25,70",web,pickup,completed
ORD-0246564,R-0575,2025-04-22,"20,63",app,delivery,completed
ORD-0246565,R-0575,2025-04-18,"22,49",app,pickup,completed
ORD-0246566,R-0575,2025-04-24,"22,42",app,delivery,completed
ORD-0246567,R-0575,2025-04-11,"24,02",web,delivery,completed
ORD-0246568,R-0575,2025-04-10,"16,02",app,pickup,Completed
ORD-0246569,R-0575,2025-04-18,"32,09",web,pickup,completed
ORD-0246570,R-0575,2025-04-22,"12,33",app,pickup,completed
ORD-0246571,R-0575,2025-04-05,"33,00",app,pickup,COMPLETED
ORD-0246572,R-0575,2025-04-18,"24,74",app,pickup,completed
ORD-0246573,R-0575,2025-04-18,"52,73",web,delivery,completed
ORD-0246574,R-0575,2025-04-14,"14,18",app,delivery,completed
ORD-0246575,R-0575,2025-04-13,"21,98",app,pickup,completed
ORD-0246576,R-0575,2025-04-16,"16,26",web,delivery,completed
ORD-0246577,R-0575,2025-04-22,"17,58",app,pickup,completed
ORD-0246578,R-0575,2025-04-21,"20,42",web,delivery,completed
ORD-0246579,R-0575,2025-04-05,"35,60",web,pickup,completed
ORD-0246580,R-0575,2025-04-11,"28,85",app,delivery,completed
ORD-0246581,R-0575,2025-04-30,"26,26",web,delivery,Completed
ORD-0246582,R-0575,2025-04-05,"26,04",app,pickup,completed
ORD-0247814,R-0579,2025-04-22,"27,17",web,delivery,completed
ORD-0247815,R-0579,2025-04-09,"26,70",app,pickup,Completed
ORD-0247816,R-0579,2025-04-21,"26,63",web,delivery,completed
ORD-0247817,R-0579,2025-04-11,"30,91",web,delivery,completed
ORD-0247818,R-0579,2025-04-14,"20,86",app,delivery,completed
ORD-0247819,R-0579,2025-04-19,"22,69",app,delivery,completed
ORD-0247820,R-0579,2025-04-30,"23,71",web,delivery,completed
ORD-0247821,R-0579,2025-04-01,"27,77",web,delivery,completed
ORD-0247822,R-0579,2025-04-19,"23,23",web,delivery,completed
ORD-0247823,R-0579,2025-04-26,"16,81",app,pickup,cancelled
ORD-0247824,R-0579,2025-04-30,"25,56",app,delivery,completed
ORD-0247825,R-0579,2025-04-26,"22,36",web,delivery,completed
ORD-0247826,R-0579,2025-04-04,"40,76",web,pickup,completed
ORD-0247827,R-0579,2025-04-19,"16,24",app,delivery,completed
ORD-0247828,R-0579,2025-04-10,"10,60",app,delivery,completed
ORD-0247829,R-0579,2025-04-24,"17,48",app,delivery,completed
ORD-0247830,R-0579,2025-04-21,"21,66",web,delivery,completed
ORD-0247831,R-0579,2025-04-26,"34,93",web,delivery,completed
ORD-0247832,R-0579,2025-04-05,"21,33",web,delivery,completed
ORD-0247833,R-0579,2025-04-12,"30,58",web,delivery,COMPLETED
ORD-0247834,R-0579,2025-04-23,"26,38",web,delivery,completed
ORD-0247835,R-0579,2025-04-30,"28,29",app,pickup,completed
ORD-0247836,R-0579,2025-04-25,"38,45",web,delivery,cancelled
ORD-0247837,R-0579,2025-04-03,"21,94",app,delivery,completed
ORD-0247838,R-0579,2025-04-04,"19,87",app,delivery,completed
ORD-0247839,R-0579,2025-04-06,"20,73",app,delivery,completed
ORD-0247840,R-0579,2025-04-28,"20,74",app,pickup,completed
ORD-0247841,R-0579,2025-04-30,"10,06",app,delivery,cancelled
ORD-0247842,R-0579,2025-04-18,"28,84",app,delivery,COMPLETED
ORD-0247843,R-0579,2025-04-04,"20,05",app,delivery,completed
ORD-0247844,R-0579,2025-04-12,"31,94",app,delivery,completed
ORD-0247845,R-0579,2025-04-14,"33,43",web,delivery,completed
ORD-0247846,R-0579,2025-04-06,"24,48",app,delivery,completed
ORD-0247847,R-0579,2025-04-22,"22,16",web,delivery,completed
ORD-0247848,R-0579,2025-04-16,"25,06",app,delivery,COMPLETED
ORD-0247849,R-0579,2025-04-25,"29,04",app,delivery,cancelled
ORD-0247850,R-0579,2025-04-04,"33,76",app,delivery,completed
ORD-0247851,R-0579,2025-04-10,"55,55",web,delivery,completed
ORD-0247852,R-0579,2025-04-11,"10,73",web,delivery,COMPLETED
ORD-0247853,R-0579,2025-04-16,"14,29",app,delivery,completed
ORD-0247854,R-0579,2025-04-12,"17,49",web,delivery,completed
ORD-0247855,R-0579,2025-04-17,"33,62",app,delivery,completed
ORD-0247856,R-0579,2025-04-01,"20,51",app,delivery,COMPLETED
ORD-0249599,R-0586,2025-04-13,"16,68",web,delivery,completed
ORD-0249600,R-0586,2025-04-14,"26,37",web,delivery,completed
ORD-0249601,R-0586,2025-04-25,"17,93",app,delivery,completed
ORD-0249602,R-0586,2025-04-10,"18,04",app,pickup,completed
ORD-0249603,R-0586,2025-04-05,"14,13",app,pickup,completed
ORD-0249604,R-0586,2025-04-20,"25,50",app,delivery,completed
ORD-0249605,R-0586,2025-04-03,"32,11",app,pickup,Completed
ORD-0249606,R-0586,2025-04-09,"25,13",web,delivery,completed
ORD-0249607,R-0586,2025-04-13,"22,15",app,pickup,completed
ORD-0249608,R-0586,2025-04-12,"24,09",web,delivery,Completed
ORD-0249609,R-0586,2025-04-20,"16,43",web,delivery,completed
ORD-0249610,R-0586,2025-04-26,"29,77",app,delivery,completed
ORD-0249611,R-0586,2025-04-05,"18,22",app,delivery,completed
ORD-0249612,R-0586,2025-04-12,"15,32",app,delivery,completed
ORD-0249613,R-0586,2025-04-23,"20,22",app,delivery,completed
ORD-0249614,R-0586,2025-04-22,"15,26",app,delivery,completed
ORD-0249615,R-0586,2025-04-04,"18,74",web,pickup,completed
ORD-0249616,R-0586,2025-04-03,"29,53",app,pickup,completed
ORD-0249617,R-0586,2025-04-17,"42,81",app,delivery,COMPLETED
ORD-0249618,R-0586,2025-04-06,"33,86",app,pickup,completed
ORD-0249619,R-0586,2025-04-02,"40,94",app,delivery,completed
ORD-0249620,R-0586,2025-04-17,"26,86",app,delivery,completed
ORD-0249621,R-0586,2025-04-19,"19,69",app,delivery,completed
ORD-0249622,R-0586,2025-04-27,"20,79",app,delivery,completed
ORD-0249623,R-0586,2025-04-06,"21,53",app,pickup,completed
ORD-0249624,R-0586,2025-04-16,"22,99",app,pickup,completed
ORD-0249625,R-0586,2025-04-14,"13,74",web,delivery,completed
ORD-0249626,R-0586,2025-04-28,"22,56",web,delivery,completed
ORD-0249627,R-0586,2025-04-13,"28,57",app,pickup,COMPLETED
ORD-0249628,R-0586,2025-04-30,"18,42",web,delivery,completed
ORD-0249629,R-0586,2025-04-12,"15,60",app,delivery,completed
ORD-0249630,R-0586,2025-04-18,"15,63",web,delivery,completed
ORD-0249631,R-0586,2025-04-24,"28,34",app,pickup,completed
ORD-0249632,R-0586,2025-04-11,"25,62",app,pickup,completed
ORD-0249633,R-0586,2025-04-11,"9,64",app,delivery,completed
ORD-0249634,R-0586,2025-04-09,"18,11",app,delivery,completed
ORD-0249635,R-0586,2025-04-25,"19,19",app,pickup,completed
ORD-0249636,R-0586,2025-04-14,"23,25",app,delivery,completed
ORD-0249637,R-0586,2025-04-24,"10,32",app,delivery,completed
ORD-0249638,R-0586,2025-04-11,"27,36",app,delivery,COMPLETED
ORD-0249639,R-0586,2025-04-11,"21,33",app,pickup,completed
ORD-0249640,R-0586,2025-04-03,"23,27",app,delivery,completed
ORD-0249641,R-0586,2025-04-25,"15,91",app,delivery,completed
ORD-0249642,R-0586,2025-04-18,"22,87",app,delivery,Completed
ORD-0249643,R-0586,2025-04-10,"16,37",web,delivery,completed
ORD-0249644,R-0586,2025-04-17,"21,17",web,delivery,completed
ORD-0249645,R-0586,2025-04-23,"21,80",web,delivery,completed
ORD-0249646,R-0586,2025-04-29,"14,83",app,delivery,completed
ORD-0249647,R-0586,2025-04-20,"23,98",app,delivery,completed
ORD-0249648,R-0586,2025-04-18,"15,89",app,delivery,COMPLETED
ORD-0249649,R-0586,2025-04-16,"19,37",app,delivery,completed
ORD-0249650,R-0586,2025-04-26,"24,22",app,delivery,completed
ORD-0249651,R-0586,2025-04-14,"17,09",app,pickup,completed
ORD-0249652,R-0586,2025-04-03,"18,81",web,delivery,COMPLETED
ORD-0249653,R-0586,2025-04-27,"30,67",app,pickup,completed
ORD-0249654,R-0586,2025-04-10,"15,03",app,delivery,completed
ORD-0249655,R-0586,2025-04-26,"20,97",app,pickup,completed
ORD-0249656,R-0586,2025-04-18,"26,01",app,delivery,completed
ORD-0250841,R-0589,2025-04-02,"26,91",app,pickup,completed
ORD-0250842,R-0589,2025-04-19,"13,57",app,delivery,completed
ORD-0250843,R-0589,2025-04-15,"15,41",web,delivery,COMPLETED
ORD-0250844,R-0589,2025-04-07,"14,01",web,delivery,COMPLETED
ORD-0250845,R-0589,2025-04-01,"32,68",web,delivery,completed
ORD-0250846,R-0589,2025-04-19,"19,80",app,delivery,completed
ORD-0250847,R-0589,2025-04-02,"18,26",app,delivery,completed
ORD-0250848,R-0589,2025-04-12,"30,74",web,delivery,completed
ORD-0250849,R-0589,2025-04-19,"32,00",web,pickup,completed
ORD-0250850,R-0589,2025-04-29,"30,42",app,delivery,COMPLETED
ORD-0250851,R-0589,2025-04-19,"24,32",app,pickup,COMPLETED
ORD-0250852,R-0589,2025-04-24,"14,68",app,delivery,completed
ORD-0250853,R-0589,2025-04-19,"25,31",web,pickup,completed
ORD-0250854,R-0589,2025-04-30,"22,55",web,delivery,completed
ORD-0250855,R-0589,2025-04-10,"16,96",web,pickup,completed
ORD-0250856,R-0589,2025-04-17,"17,61",app,delivery,completed
ORD-0250857,R-0589,2025-04-04,"22,97",web,pickup,completed
ORD-0250858,R-0589,2025-04-22,"40,01",app,delivery,completed
ORD-0250859,R-0589,2025-04-05,"20,76",web,delivery,completed
ORD-0250860,R-0589,2025-04-08,"24,84",web,delivery,completed
ORD-0250861,R-0589,2025-04-27,"20,60",app,delivery,completed
ORD-0250862,R-0589,2025-04-04,"29,10",web,delivery,completed
ORD-0250863,R-0589,2025-04-30,"10,92",web,delivery,completed
ORD-0250864,R-0589,2025-04-18,"24,01",web,delivery,Completed
ORD-0250865,R-0589,2025-04-24,"11,42",web,delivery,completed
ORD-0250866,R-0589,2025-04-02,"54,84",app,delivery,Completed
ORD-0250867,R-0589,2025-04-06,"20,41",app,delivery,completed
ORD-0252559,R-0594,2025-04-26,"61,10",app,delivery,completed
ORD-0252560,R-0594,2025-04-28,"29,79",app,pickup,refunded
ORD-0252561,R-0594,2025-04-26,"42,40",app,delivery,Completed
ORD-0252562,R-0594,2025-04-30,"57,07",app,pickup,completed
ORD-0252563,R-0594,2025-04-26,"36,53",app,delivery,completed
