order_id,restaurant_id,order_date,order_value_eur,order_channel,fulfilment_type,order_status
ORD-0004130,R-0006,2025-07-06,74.34,app,delivery,completed
ORD-0004131,R-0006,2025-07-16,35.63,app,delivery,completed
ORD-0004132,R-0006,2025-07-02,30.92,app,delivery,completed
ORD-0004133,R-0006,2025-07-19,35.04,app,delivery,completed
ORD-0004134,R-0006,2025-07-10,27.53,app,delivery,completed
ORD-0004135,R-0006,2025-07-28,28.55,web,delivery,completed
ORD-0004136,R-0006,2025-07-17,28.60,web,delivery,completed
ORD-0004137,R-0006,2025-07-25,48.96,web,delivery,completed
ORD-0004138,R-0006,2025-07-26,34.00,web,delivery,completed
ORD-0004139,R-0006,2025-07-27,57.68,app,delivery,completed
ORD-0004140,R-0006,2025-07-27,33.65,web,delivery,completed
ORD-0004141,R-0006,2025-07-07,28.43,web,pickup,COMPLETED
ORD-0004142,R-0006,2025-07-10,51.84,web,delivery,completed
ORD-0004143,R-0006,2025-07-22,32.77,web,delivery,completed
ORD-0004144,R-0006,2025-07-17,31.04,web,pickup,completed
ORD-0004145,R-0006,2025-07-19,35.54,app,pickup,completed
ORD-0004146,R-0006,2025-07-21,55.54,web,delivery,completed
ORD-0006165,R-0010,2025-07-24,30.71,web,delivery,Completed
ORD-0006166,R-0010,2025-07-30,36.60,web,delivery,COMPLETED
ORD-0006167,R-0010,2025-07-03,49.77,web,pickup,COMPLETED
ORD-0006168,R-0010,2025-07-11,53.39,app,delivery,completed
ORD-0006169,R-0010,2025-07-24,21.82,web,pickup,Completed
ORD-0006170,R-0010,2025-07-29,36.23,web,pickup,completed
ORD-0006171,R-0010,2025-07-08,32.38,app,pickup,completed
ORD-0006172,R-0010,2025-07-20,64.09,web,pickup,completed
ORD-0006173,R-0010,2025-07-23,32.85,app,delivery,completed
ORD-0006174,R-0010,2025-07-13,38.77,web,pickup,completed
ORD-0006175,R-0010,2025-07-21,35.43,web,pickup,completed
ORD-0006176,R-0010,2025-07-18,61.95,web,pickup,completed
ORD-0006177,R-0010,2025-07-29,61.30,app,pickup,completed
ORD-0006178,R-0010,2025-07-17,51.31,web,delivery,completed
ORD-0006179,R-0010,2025-07-17,64.54,web,delivery,completed
ORD-0006180,R-0010,2025-07-21,67.73,web,delivery,refunded
ORD-0006181,R-0010,2025-07-05,23.40,app,pickup,completed
ORD-0006182,R-0010,2025-07-17,53.24,app,delivery,completed
ORD-0006183,R-0010,2025-07-03,37.15,web,delivery,cancelled
ORD-0006184,R-0010,2025-07-19,28.79,web,pickup,completed
ORD-0006185,R-0010,2025-07-17,37.85,web,pickup,completed
ORD-0006186,R-0010,2025-07-26,60.56,web,pickup,completed
ORD-0006187,R-0010,2025-07-25,79.42,app,delivery,completed
ORD-0006188,R-0010,2025-07-13,27.85,web,pickup,cancelled
ORD-0006189,R-0010,2025-07-20,58.07,web,pickup,CANCELLED
ORD-0006190,R-0010,2025-07-10,89.01,web,delivery,cancelled
ORD-0006191,R-0010,2025-07-12,91.40,web,delivery,completed
ORD-0006192,R-0010,2025-07-03,11.72,web,pickup,COMPLETED
ORD-0006193,R-0010,2025-07-04,104.12,web,delivery,completed
ORD-0006194,R-0010,2025-07-26,66.01,app,pickup,COMPLETED
ORD-0006195,R-0010,2025-07-31,17.99,web,pickup,completed
ORD-0006196,R-0010,2025-07-16,32.03,web,delivery,completed
ORD-0006197,R-0010,2025-07-05,73.76,web,delivery,completed
ORD-0006198,R-0010,2025-07-04,52.72,web,pickup,completed
ORD-0006199,R-0010,2025-07-02,34.41,app,pickup,completed
ORD-0006200,R-0010,2025-07-27,47.23,web,pickup,completed
ORD-0006201,R-0010,2025-07-14,52.33,web,delivery,CANCELLED
ORD-0006202,R-0010,2025-07-27,37.09,web,pickup,completed
ORD-0006203,R-0010,2025-07-12,43.93,web,delivery,completed
ORD-0006204,R-0010,2025-07-19,64.45,app,delivery,completed
ORD-0006205,R-0010,2025-07-21,32.82,web,pickup,completed
ORD-0006206,R-0010,2025-07-03,25.67,web,delivery,completed
ORD-0006207,R-0010,2025-07-21,33.61,app,delivery,completed
ORD-0006208,R-0010,2025-07-25,33.04,web,delivery,completed
ORD-0006209,R-0010,2025-07-01,34.02,web,pickup,completed
ORD-0006210,R-0010,2025-07-03,22.35,app,pickup,Completed
ORD-0006211,R-0010,2025-07-17,46.59,app,pickup,completed
ORD-0006212,R-0010,2025-07-31,59.02,web,delivery,COMPLETED
ORD-0006213,R-0010,2025-07-31,31.49,web,delivery,COMPLETED
ORD-0006214,R-0010,2025-07-04,36.10,web,delivery,completed
ORD-0006215,R-0010,2025-07-24,39.77,web,pickup,completed
ORD-0006216,R-0010,2025-07-25,32.76,web,pickup,COMPLETED
ORD-0006217,R-0010,2025-07-27,66.58,app,delivery,completed
ORD-0006218,R-0010,2025-07-02,30.59,app,delivery,completed
ORD-0006219,R-0010,2025-07-31,35.04,web,delivery,completed
ORD-0006220,R-0010,2025-07-26,34.63,web,pickup,completed
ORD-0006221,R-0010,2025-07-19,67.17,app,pickup,completed
ORD-0006222,R-0010,2025-07-03,39.13,web,pickup,completed
ORD-0006223,R-0010,2025-07-08,89.93,web,delivery,completed
ORD-0006224,R-0010,2025-07-11,52.59,web,delivery,completed
ORD-0006225,R-0010,2025-07-26,71.07,web,pickup,completed
ORD-0006226,R-0010,2025-07-24,37.79,web,pickup,completed
ORD-0006227,R-0010,2025-07-29,29.98,app,delivery,completed
ORD-0006228,R-0010,2025-07-13,45.50,web,pickup,completed
ORD-0006229,R-0010,2025-07-28,33.09,web,pickup,completed
ORD-0006230,R-0010,2025-07-27,21.81,web,pickup,completed
ORD-0006231,R-0010,2025-07-01,62.33,app,pickup,COMPLETED
ORD-0006232,R-0010,2025-07-08,43.19,web,pickup,completed
ORD-0006233,R-0010,2025-07-25,35.45,app,delivery,completed
ORD-0006234,R-0010,2025-07-20,53.04,app,delivery,completed
ORD-0006235,R-0010,2025-07-07,43.42,web,delivery,completed
ORD-0006236,R-0010,2025-07-25,78.08,app,delivery,completed
ORD-0006237,R-0010,2025-07-11,54.17,app,pickup,completed
ORD-0006238,R-0010,2025-07-19,43.45,web,pickup,completed
ORD-0006239,R-0010,2025-07-29,55.30,app,delivery,completed
ORD-0006240,R-0010,2025-07-08,42.09,web,pickup,COMPLETED
ORD-0006241,R-0010,2025-07-03,45.70,app,pickup,completed
ORD-0006242,R-0010,2025-07-20,72.90,web,delivery,completed
ORD-0006243,R-0010,2025-07-23,27.55,web,delivery,completed
ORD-0006244,R-0010,2025-07-11,33.35,web,delivery,completed
ORD-0006245,R-0010,2025-07-15,36.46,web,pickup,completed
ORD-0006246,R-0010,2025-07-16,38.52,web,pickup,completed
ORD-0006247,R-0010,2025-07-26,71.02,web,pickup,completed
ORD-0006248,R-0010,2025-07-22,25.13,app,pickup,completed
ORD-0006249,R-0010,2025-07-09,42.19,web,pickup,completed
ORD-0006250,R-0010,2025-07-09,34.71,web,pickup,completed
ORD-0006251,R-0010,2025-07-11,87.05,app,delivery,completed
ORD-0006252,R-0010,2025-07-05,64.13,app,delivery,completed
ORD-0006253,R-0010,2025-07-05,50.38,web,delivery,completed
ORD-0006254,R-0010,2025-07-26,66.20,app,pickup,completed
ORD-0006255,R-0010,2025-07-26,28.12,web,delivery,completed
ORD-0006256,R-0010,2025-07-09,91.10,web,delivery,completed
ORD-0006257,R-0010,2025-07-26,33.62,web,pickup,completed
ORD-0006258,R-0010,2025-07-18,73.74,web,delivery,completed
ORD-0006259,R-0010,2025-07-22,52.44,app,pickup,completed
ORD-0006260,R-0010,2025-07-27,50.86,web,delivery,completed
ORD-0006261,R-0010,2025-07-10,67.22,web,delivery,completed
ORD-0006262,R-0010,2025-07-20,66.89,web,delivery,completed
ORD-0006263,R-0010,2025-07-10,44.41,web,pickup,COMPLETED
ORD-0006264,R-0010,2025-07-28,36.43,web,delivery,completed
ORD-0006265,R-0010,2025-07-10,44.67,web,delivery,completed
ORD-0006266,R-0010,2025-07-19,44.33,app,pickup,completed
ORD-0006267,R-0010,2025-07-06,52.60,web,delivery,completed
ORD-0006268,R-0010,2025-07-12,67.50,web,delivery,completed
ORD-0006269,R-0010,2025-07-11,54.90,web,delivery,completed
ORD-0006270,R-0010,2025-07-24,45.72,web,pickup,completed
ORD-0006271,R-0010,2025-07-10,33.40,app,pickup,completed
ORD-0006272,R-0010,2025-07-11,52.02,app,delivery,COMPLETED
ORD-0006273,R-0010,2025-07-01,22.62,web,pickup,completed
ORD-0009043,R-0013,2025-07-22,25.38,app,delivery,completed
ORD-0009044,R-0013,2025-07-15,31.26,app,delivery,completed
ORD-0009045,R-0013,2025-07-20,35.71,app,pickup,completed
ORD-0009046,R-0013,2025-07-18,34.30,web,pickup,completed
ORD-0009047,R-0013,2025-07-18,38.93,web,delivery,completed
ORD-0009048,R-0013,2025-07-27,32.33,app,delivery,completed
ORD-0009049,R-0013,2025-07-07,22.02,web,delivery,completed
ORD-0009319,R-0015,2025-07-12,55.07,app,pickup,COMPLETED
ORD-0009320,R-0015,2025-07-12,24.96,app,pickup,completed
ORD-0009321,R-0015,2025-07-03,42.12,web,pickup,completed
ORD-0009322,R-0015,2025-07-26,31.63,app,delivery,completed
ORD-0009323,R-0015,2025-07-07,26.70,web,pickup,completed
ORD-0009324,R-0015,2025-07-12,18.89,web,pickup,refunded
ORD-0009325,R-0015,2025-07-20,22.12,app,pickup,completed
ORD-0009326,R-0015,2025-07-25,16.71,app,delivery,completed
ORD-0009327,R-0015,2025-07-19,38.85,web,delivery,completed
ORD-0009328,R-0015,2025-07-12,18.53,web,pickup,completed
ORD-0009329,R-0015,2025-07-01,51.51,web,delivery,completed
ORD-0009330,R-0015,2025-07-16,28.83,web,pickup,completed
ORD-0009331,R-0015,2025-07-18,30.53,app,delivery,cancelled
ORD-0009332,R-0015,2025-07-12,14.37,web,delivery,completed
ORD-0009333,R-0015,2025-07-19,34.39,app,pickup,completed
ORD-0009334,R-0015,2025-07-25,23.32,app,delivery,cancelled
ORD-0009335,R-0015,2025-07-02,18.57,app,delivery,completed
ORD-0009336,R-0015,2025-07-25,19.26,app,pickup,completed
ORD-0009337,R-0015,2025-07-19,14.90,web,delivery,completed
ORD-0009338,R-0015,2025-07-11,25.80,web,pickup,COMPLETED
ORD-0009339,R-0015,2025-07-22,22.10,app,pickup,cancelled
ORD-0009340,R-0015,2025-07-22,13.37,web,delivery,Cancelled
ORD-0009341,R-0015,2025-07-24,29.81,web,delivery,COMPLETED
ORD-0009342,R-0015,2025-07-13,65.33,web,delivery,Completed
ORD-0009343,R-0015,2025-07-18,13.75,app,pickup,completed
ORD-0009344,R-0015,2025-07-15,22.63,app,pickup,completed
ORD-0009345,R-0015,2025-07-12,53.16,app,pickup,completed
ORD-0009346,R-0015,2025-07-05,18.26,app,pickup,Completed
ORD-0009347,R-0015,2025-07-28,28.84,web,pickup,completed
ORD-0009348,R-0015,2025-07-05,30.51,app,pickup,Completed
ORD-0009349,R-0015,2025-07-20,34.28,app,pickup,COMPLETED
ORD-0009350,R-0015,2025-07-12,57.38,app,pickup,cancelled
ORD-0009351,R-0015,2025-07-26,11.72,web,pickup,completed
ORD-0009352,R-0015,2025-07-15,25.86,web,pickup,completed
ORD-0009353,R-0015,2025-07-06,20.62,app,delivery,completed
ORD-0009354,R-0015,2025-07-05,25.24,web,pickup,completed
ORD-0009355,R-0015,2025-07-12,26.20,app,delivery,Completed
ORD-0009356,R-0015,2025-07-17,20.90,app,pickup,completed
ORD-0009357,R-0015,2025-07-19,15.94,web,pickup,completed
ORD-0009358,R-0015,2025-07-26,16.43,web,delivery,COMPLETED
ORD-0009359,R-0015,2025-07-12,65.25,app,pickup,completed
ORD-0009360,R-0015,2025-07-25,14.01,app,pickup,completed
ORD-0010434,R-0017,2025-07-05,28.48,web,delivery,completed
ORD-0010435,R-0017,2025-07-16,18.29,web,pickup,COMPLETED
ORD-0010436,R-0017,2025-07-14,23.32,web,delivery,completed
ORD-0010437,R-0017,2025-07-02,17.43,app,delivery,Completed
ORD-0010438,R-0017,2025-07-04,26.86,web,delivery,Completed
ORD-0010439,R-0017,2025-07-18,43.73,app,pickup,completed
ORD-0010440,R-0017,2025-07-23,20.86,web,pickup,completed
ORD-0010441,R-0017,2025-07-20,22.45,web,pickup,COMPLETED
ORD-0010442,R-0017,2025-07-23,25.78,web,pickup,completed
ORD-0010443,R-0017,2025-07-15,25.64,app,delivery,completed
ORD-0010444,R-0017,2025-07-11,37.09,web,delivery,completed
ORD-0010445,R-0017,2025-07-21,18.23,app,delivery,completed
ORD-0010446,R-0017,2025-07-09,12.61,web,pickup,Completed
ORD-0010447,R-0017,2025-07-19,29.88,web,delivery,completed
ORD-0010448,R-0017,2025-07-04,49.16,web,delivery,completed
ORD-0010449,R-0017,2025-07-17,25.57,web,delivery,COMPLETED
ORD-0010450,R-0017,2025-07-23,30.63,web,delivery,completed
ORD-0010451,R-0017,2025-07-11,28.60,web,delivery,COMPLETED
ORD-0010452,R-0017,2025-07-28,34.09,web,pickup,completed
ORD-0010453,R-0017,2025-07-03,24.79,web,delivery,completed
ORD-0010454,R-0017,2025-07-09,26.53,app,delivery,completed
ORD-0010455,R-0017,2025-07-21,44.80,app,delivery,completed
ORD-0010456,R-0017,2025-07-26,41.59,web,delivery,completed
ORD-0010457,R-0017,2025-07-04,23.71,app,delivery,completed
ORD-0010458,R-0017,2025-07-04,23.90,app,pickup,completed
ORD-0010459,R-0017,2025-07-15,22.61,app,pickup,completed
ORD-0010460,R-0017,2025-07-11,20.77,web,delivery,completed
ORD-0010461,R-0017,2025-07-18,24.74,app,delivery,completed
ORD-0010462,R-0017,2025-07-26,28.23,app,pickup,completed
ORD-0010463,R-0017,2025-07-10,21.41,web,pickup,COMPLETED
ORD-0010464,R-0017,2025-07-01,31.73,app,pickup,completed
ORD-0010465,R-0017,2025-07-21,16.25,app,delivery,Completed
ORD-0010466,R-0017,2025-07-18,20.42,web,delivery,completed
ORD-0010467,R-0017,2025-07-17,33.20,web,delivery,completed
ORD-0010468,R-0017,2025-07-25,52.43,app,delivery,COMPLETED
ORD-0010469,R-0017,2025-07-26,31.66,web,delivery,completed
ORD-0010470,R-0017,2025-07-05,22.70,app,pickup,completed
ORD-0010471,R-0017,2025-07-26,20.84,web,pickup,completed
ORD-0010472,R-0017,2025-07-18,26.12,app,pickup,completed
ORD-0010473,R-0017,2025-07-27,43.18,web,delivery,completed
ORD-0010474,R-0017,2025-07-18,34.30,web,delivery,completed
ORD-0010475,R-0017,2025-07-27,20.06,app,delivery,completed
ORD-0010476,R-0017,2025-07-26,32.74,web,delivery,completed
ORD-0010477,R-0017,2025-07-11,45.46,web,delivery,completed
ORD-0012371,R-0023,2025-07-05,19.24,web,pickup,completed
ORD-0012372,R-0023,2025-07-18,22.07,app,pickup,completed
ORD-0012373,R-0023,2025-07-11,14.62,web,delivery,COMPLETED
ORD-0012374,R-0023,2025-07-04,28.12,app,delivery,completed
ORD-0012375,R-0023,2025-07-19,23.74,web,delivery,completed
ORD-0012376,R-0023,2025-07-17,14.31,app,delivery,completed
ORD-0012377,R-0023,2025-07-07,11.81,web,delivery,completed
ORD-0012378,R-0023,2025-07-30,21.05,web,delivery,completed
ORD-0012379,R-0023,2025-07-25,36.43,web,delivery,completed
ORD-0012380,R-0023,2025-07-19,40.87,app,delivery,completed
ORD-0012381,R-0023,2025-07-29,11.57,web,delivery,completed
ORD-0012382,R-0023,2025-07-24,28.94,app,delivery,COMPLETED
ORD-0012383,R-0023,2025-07-15,27.35,app,delivery,completed
ORD-0012384,R-0023,2025-07-30,34.84,web,delivery,completed
ORD-0012385,R-0023,2025-07-20,25.88,app,delivery,completed
ORD-0012386,R-0023,2025-07-05,18.54,app,delivery,completed
ORD-0012387,R-0023,2025-07-04,29.40,web,delivery,COMPLETED
ORD-0012388,R-0023,2025-07-04,7.37,web,pickup,completed
ORD-0012389,R-0023,2025-07-12,14.15,app,pickup,completed
ORD-0012390,R-0023,2025-07-01,13.77,app,delivery,completed
ORD-0012391,R-0023,2025-07-18,16.13,app,delivery,Completed
ORD-0012392,R-0023,2025-07-14,10.54,web,delivery,completed
ORD-0012393,R-0023,2025-07-12,16.87,web,delivery,completed
ORD-0012394,R-0023,2025-07-13,16.94,app,pickup,completed
ORD-0012395,R-0023,2025-07-13,19.09,app,delivery,completed
ORD-0012396,R-0023,2025-07-31,22.14,app,delivery,completed
ORD-0012397,R-0023,2025-07-13,12.71,app,delivery,completed
ORD-0012398,R-0023,2025-07-29,16.35,app,delivery,completed
ORD-0012399,R-0023,2025-07-26,20.49,app,delivery,completed
ORD-0012400,R-0023,2025-07-13,9.92,app,delivery,COMPLETED
ORD-0012401,R-0023,2025-07-02,19.11,app,delivery,completed
ORD-0012402,R-0023,2025-07-26,23.47,app,pickup,completed
ORD-0012403,R-0023,2025-07-07,26.91,web,delivery,COMPLETED
ORD-0012404,R-0023,2025-07-03,11.44,app,delivery,Completed
ORD-0012405,R-0023,2025-07-27,19.99,app,delivery,completed
ORD-0012406,R-0023,2025-07-20,35.44,app,delivery,completed
ORD-0012407,R-0023,2025-07-06,10.41,web,delivery,cancelled
ORD-0012408,R-0023,2025-07-10,19.65,web,delivery,COMPLETED
ORD-0012409,R-0023,2025-07-24,10.53,web,delivery,completed
ORD-0012410,R-0023,2025-07-05,17.83,app,delivery,completed
ORD-0012411,R-0023,2025-07-23,14.14,web,pickup,completed
ORD-0012412,R-0023,2025-07-14,22.98,app,delivery,Completed
ORD-0012413,R-0023,2025-07-26,18.84,app,delivery,completed
ORD-0012414,R-0023,2025-07-20,12.58,web,pickup,completed
ORD-0012415,R-0023,2025-07-31,36.88,app,delivery,completed
ORD-0012416,R-0023,2025-07-26,22.89,app,delivery,COMPLETED
ORD-0012417,R-0023,2025-07-11,31.94,app,delivery,cancelled
ORD-0012418,R-0023,2025-07-15,12.55,web,delivery,completed
ORD-0012419,R-0023,2025-07-29,16.76,app,pickup,completed
ORD-0012420,R-0023,2025-07-05,32.10,app,delivery,completed
ORD-0012421,R-0023,2025-07-13,15.62,app,pickup,completed
ORD-0012422,R-0023,2025-07-18,21.23,app,delivery,completed
ORD-0012423,R-0023,2025-07-11,20.71,web,delivery,completed
ORD-0012424,R-0023,2025-07-04,8.04,app,pickup,completed
ORD-0012425,R-0023,2025-07-07,19.15,web,delivery,completed
ORD-0012426,R-0023,2025-07-13,17.91,app,delivery,completed
ORD-0012427,R-0023,2025-07-27,19.87,app,delivery,completed
ORD-0012428,R-0023,2025-07-18,15.82,web,delivery,completed
ORD-0012429,R-0023,2025-07-10,11.59,app,delivery,completed
ORD-0012430,R-0023,2025-07-05,15.22,web,delivery,completed
ORD-0012431,R-0023,2025-07-19,17.13,app,delivery,completed
ORD-0012432,R-0023,2025-07-06,27.31,app,delivery,completed
ORD-0012433,R-0023,2025-07-03,15.65,web,delivery,completed
ORD-0012434,R-0023,2025-07-02,20.61,app,delivery,completed
ORD-0012435,R-0023,2025-07-22,21.40,web,delivery,completed
ORD-0012436,R-0023,2025-07-27,17.03,app,delivery,completed
ORD-0012437,R-0023,2025-07-17,29.38,app,pickup,completed
ORD-0012438,R-0023,2025-07-10,16.88,app,delivery,completed
ORD-0012439,R-0023,2025-07-06,16.89,app,pickup,completed
ORD-0012440,R-0023,2025-07-09,31.04,web,pickup,completed
ORD-0012441,R-0023,2025-07-10,20.84,app,delivery,completed
ORD-0012442,R-0023,2025-07-19,7.95,app,delivery,COMPLETED
ORD-0012443,R-0023,2025-07-29,6.59,web,delivery,completed
ORD-0012444,R-0023,2025-07-07,37.96,web,delivery,completed
ORD-0012445,R-0023,2025-07-12,22.01,app,pickup,completed
ORD-0012446,R-0023,2025-07-19,19.81,app,delivery,completed
ORD-0012447,R-0023,2025-07-14,7.90,web,pickup,completed
ORD-0012448,R-0023,2025-07-04,20.03,app,delivery,completed
ORD-0012449,R-0023,2025-07-05,13.78,web,delivery,completed
ORD-0012450,R-0023,2025-07-18,18.68,app,delivery,completed
ORD-0012451,R-0023,2025-07-19,15.76,web,delivery,completed
ORD-0012452,R-0023,2025-07-19,18.89,web,delivery,completed
ORD-0012453,R-0023,2025-07-26,23.04,app,delivery,completed
ORD-0012454,R-0023,2025-07-06,24.80,app,delivery,completed
ORD-0012455,R-0023,2025-07-14,19.18,app,delivery,completed
ORD-0012456,R-0023,2025-07-15,20.58,app,delivery,completed
ORD-0012457,R-0023,2025-07-07,9.45,app,delivery,completed
ORD-0012458,R-0023,2025-07-22,19.03,app,delivery,Completed
ORD-0012459,R-0023,2025-07-11,23.17,web,pickup,COMPLETED
ORD-0012460,R-0023,2025-07-19,20.59,app,delivery,completed
ORD-0012461,R-0023,2025-07-13,39.22,app,delivery,completed
ORD-0012462,R-0023,2025-07-08,17.67,app,delivery,COMPLETED
ORD-0012463,R-0023,2025-07-07,11.42,app,pickup,completed
ORD-0012464,R-0023,2025-07-16,19.70,web,delivery,completed
ORD-0012465,R-0023,2025-07-08,15.55,app,delivery,completed
ORD-0012466,R-0023,2025-07-21,9.69,app,delivery,completed
ORD-0012467,R-0023,2025-07-19,18.77,app,pickup,completed
ORD-0012468,R-0023,2025-07-25,39.06,web,delivery,completed
ORD-0012469,R-0023,2025-07-05,18.28,web,delivery,completed
ORD-0012470,R-0023,2025-07-27,33.23,web,pickup,completed
ORD-0012471,R-0023,2025-07-17,26.47,app,delivery,completed
ORD-0012472,R-0023,2025-07-20,56.37,app,delivery,completed
ORD-0012473,R-0023,2025-07-31,23.75,app,pickup,completed
ORD-0016396,R-0025,2025-07-23,23.73,web,delivery,completed
ORD-0016397,R-0025,2025-07-19,20.70,web,delivery,completed
ORD-0016398,R-0025,2025-07-21,27.87,web,delivery,completed
ORD-0016399,R-0025,2025-07-26,17.95,web,delivery,completed
ORD-0016400,R-0025,2025-07-15,22.24,app,delivery,completed
ORD-0016401,R-0025,2025-07-15,19.74,app,delivery,COMPLETED
ORD-0016402,R-0025,2025-07-04,21.23,web,delivery,completed
ORD-0016403,R-0025,2025-07-30,29.66,web,delivery,completed
ORD-0016404,R-0025,2025-07-28,17.31,web,pickup,completed
ORD-0016405,R-0025,2025-07-21,20.80,web,pickup,completed
ORD-0016406,R-0025,2025-07-17,18.67,web,delivery,completed
ORD-0016407,R-0025,2025-07-18,42.49,app,delivery,completed
ORD-0016408,R-0025,2025-07-06,23.57,web,delivery,Completed
ORD-0016409,R-0025,2025-07-22,21.89,web,pickup,completed
ORD-0016410,R-0025,2025-07-23,19.97,app,delivery,completed
ORD-0016411,R-0025,2025-07-19,27.76,web,delivery,completed
ORD-0016412,R-0025,2025-07-01,18.94,app,pickup,completed
ORD-0016413,R-0025,2025-07-03,18.63,web,delivery,completed
ORD-0016414,R-0025,2025-07-05,20.13,web,delivery,completed
ORD-0016415,R-0025,2025-07-22,22.43,web,pickup,completed
ORD-0016416,R-0025,2025-07-13,34.86,web,delivery,completed
ORD-0016417,R-0025,2025-07-25,21.09,web,delivery,completed
ORD-0016418,R-0025,2025-07-30,13.69,web,delivery,completed
ORD-0016419,R-0025,2025-07-17,12.84,app,delivery,completed
ORD-0016420,R-0025,2025-07-11,66.79,app,pickup,refunded
ORD-0016421,R-0025,2025-07-18,17.60,web,delivery,completed
ORD-0016422,R-0025,2025-07-11,46.61,web,pickup,completed
ORD-0016423,R-0025,2025-07-12,21.67,app,delivery,completed
ORD-0016424,R-0025,2025-07-03,15.50,app,delivery,COMPLETED
ORD-0016425,R-0025,2025-07-11,22.93,app,pickup,completed
ORD-0016426,R-0025,2025-07-31,27.34,web,delivery,completed
ORD-0016427,R-0025,2025-07-24,20.15,web,delivery,completed
ORD-0016428,R-0025,2025-07-29,17.61,web,delivery,completed
ORD-0016429,R-0025,2025-07-11,13.50,web,delivery,COMPLETED
ORD-0016430,R-0025,2025-07-07,17.45,app,delivery,completed
ORD-0016431,R-0025,2025-07-03,25.23,app,delivery,completed
ORD-0016432,R-0025,2025-07-18,13.57,web,delivery,completed
ORD-0016433,R-0025,2025-07-25,20.17,web,pickup,completed
ORD-0016434,R-0025,2025-07-31,24.02,web,delivery,completed
ORD-0016435,R-0025,2025-07-07,33.50,app,delivery,completed
ORD-0016436,R-0025,2025-07-03,14.68,web,delivery,completed
ORD-0016437,R-0025,2025-07-14,45.29,app,delivery,completed
ORD-0016438,R-0025,2025-07-12,27.80,web,delivery,completed
ORD-0016439,R-0025,2025-07-19,15.53,app,delivery,completed
ORD-0016440,R-0025,2025-07-18,24.86,web,pickup,completed
ORD-0016441,R-0025,2025-07-18,18.20,web,pickup,Completed
ORD-0016442,R-0025,2025-07-30,12.46,web,pickup,completed
ORD-0016443,R-0025,2025-07-25,22.26,app,pickup,completed
ORD-0016444,R-0025,2025-07-16,20.81,web,pickup,COMPLETED
ORD-0016445,R-0025,2025-07-06,26.06,web,delivery,completed
ORD-0016446,R-0025,2025-07-26,16.79,app,delivery,completed
ORD-0016447,R-0025,2025-07-03,15.95,app,delivery,completed
ORD-0016448,R-0025,2025-07-12,33.03,web,delivery,completed
ORD-0016449,R-0025,2025-07-11,30.97,app,pickup,Completed
ORD-0016450,R-0025,2025-07-02,13.98,app,delivery,completed
ORD-0016451,R-0025,2025-07-11,12.97,app,pickup,completed
ORD-0016452,R-0025,2025-07-07,14.62,web,delivery,completed
ORD-0016852,R-0027,2025-07-19,14.29,web,delivery,completed
ORD-0016853,R-0027,2025-07-18,21.95,web,delivery,completed
ORD-0016854,R-0027,2025-07-01,46.45,web,delivery,completed
ORD-0019491,R-0033,2025-07-05,19.99,app,delivery,completed
ORD-0019492,R-0033,2025-07-15,36.57,app,delivery,COMPLETED
ORD-0019493,R-0033,2025-07-28,45.07,web,pickup,completed
ORD-0019494,R-0033,2025-07-14,21.06,app,delivery,completed
ORD-0019495,R-0033,2025-07-16,30.78,app,delivery,completed
ORD-0019496,R-0033,2025-07-11,51.64,web,delivery,completed
ORD-0019497,R-0033,2025-07-30,13.96,app,delivery,completed
ORD-0019498,R-0033,2025-07-16,25.57,web,delivery,completed
ORD-0019499,R-0033,2025-07-31,19.37,app,delivery,Completed
ORD-0020268,R-0037,2025-07-25,31.05,web,pickup,completed
ORD-0020269,R-0037,2025-07-11,40.59,web,pickup,completed
ORD-0020270,R-0037,2025-07-13,31.46,app,pickup,COMPLETED
ORD-0020271,R-0037,2025-07-10,65.21,web,pickup,completed
ORD-0020272,R-0037,2025-07-16,30.75,web,pickup,completed
ORD-0020273,R-0037,2025-07-02,25.64,web,delivery,completed
ORD-0020274,R-0037,2025-07-12,37.36,app,delivery,completed
ORD-0020275,R-0037,2025-07-27,29.05,web,delivery,completed
ORD-0020276,R-0037,2025-07-12,67.90,web,delivery,completed
ORD-0020277,R-0037,2025-07-13,38.22,app,delivery,cancelled
ORD-0020278,R-0037,2025-07-20,67.98,web,pickup,completed
ORD-0020279,R-0037,2025-07-27,36.91,web,delivery,completed
ORD-0020280,R-0037,2025-07-28,34.21,app,delivery,completed
ORD-0020281,R-0037,2025-07-09,34.58,web,pickup,completed
ORD-0020282,R-0037,2025-07-04,37.30,web,pickup,completed
ORD-0020283,R-0037,2025-07-24,39.42,app,pickup,completed
ORD-0020284,R-0037,2025-07-12,40.32,web,pickup,completed
ORD-0020285,R-0037,2025-07-04,26.64,app,pickup,completed
ORD-0020286,R-0037,2025-07-27,34.69,app,delivery,completed
ORD-0020287,R-0037,2025-07-24,28.89,web,delivery,completed
ORD-0020288,R-0037,2025-07-03,26.91,web,delivery,Completed
ORD-0022114,R-0044,2025-07-28,25.95,app,delivery,completed
ORD-0022115,R-0044,2025-07-26,31.10,web,pickup,completed
ORD-0022116,R-0044,2025-07-25,18.49,app,delivery,COMPLETED
ORD-0022117,R-0044,2025-07-27,31.14,app,delivery,completed
ORD-0022118,R-0044,2025-07-26,29.28,app,delivery,completed
ORD-0022119,R-0044,2025-07-31,17.60,web,delivery,completed
ORD-0022120,R-0044,2025-07-27,30.08,app,delivery,completed
ORD-0022121,R-0044,2025-07-30,21.39,app,delivery,COMPLETED
ORD-0022122,R-0044,2025-07-26,26.83,web,delivery,completed
ORD-0022123,R-0044,2025-07-26,25.64,app,delivery,completed
ORD-0022124,R-0044,2025-07-24,16.56,app,pickup,completed
ORD-0022125,R-0044,2025-07-31,16.09,web,delivery,completed
ORD-0022126,R-0044,2025-07-25,32.71,app,delivery,completed
ORD-0022127,R-0044,2025-07-27,18.27,web,pickup,completed
ORD-0022128,R-0044,2025-07-31,10.17,app,pickup,completed
ORD-0022129,R-0044,2025-07-26,16.82,web,pickup,completed
ORD-0022130,R-0044,2025-07-24,29.43,web,delivery,completed
ORD-0022131,R-0044,2025-07-25,34.34,app,pickup,COMPLETED
ORD-0023041,R-0046,2025-07-24,12.26,app,pickup,completed
ORD-0023042,R-0046,2025-07-02,25.53,app,delivery,completed
ORD-0023043,R-0046,2025-07-25,19.65,web,pickup,completed
ORD-0023044,R-0046,2025-07-06,9.80,app,delivery,Completed
ORD-0023045,R-0046,2025-07-22,18.61,app,pickup,completed
ORD-0023046,R-0046,2025-07-31,22.99,app,delivery,completed
ORD-0023047,R-0046,2025-07-09,23.19,app,delivery,completed
ORD-0023048,R-0046,2025-07-04,38.93,app,pickup,completed
ORD-0023049,R-0046,2025-07-05,24.02,app,delivery,COMPLETED
ORD-0023050,R-0046,2025-07-06,20.96,app,delivery,Completed
ORD-0023051,R-0046,2025-07-05,21.72,web,pickup,completed
ORD-0023052,R-0046,2025-07-25,37.94,app,pickup,completed
ORD-0023053,R-0046,2025-07-12,16.89,app,delivery,COMPLETED
ORD-0023054,R-0046,2025-07-06,19.77,app,pickup,completed
ORD-0023055,R-0046,2025-07-08,26.46,app,delivery,completed
ORD-0023056,R-0046,2025-07-24,22.40,web,pickup,completed
ORD-0023057,R-0046,2025-07-05,16.08,app,delivery,completed
ORD-0023058,R-0046,2025-07-09,22.66,app,delivery,completed
ORD-0023059,R-0046,2025-07-23,36.73,web,delivery,completed
ORD-0023060,R-0046,2025-07-16,20.44,app,delivery,completed
ORD-0023061,R-0046,2025-07-28,18.33,app,pickup,Completed
ORD-0023062,R-0046,2025-07-15,20.96,web,pickup,completed
ORD-0023063,R-0046,2025-07-17,19.73,app,delivery,completed
ORD-0023064,R-0046,2025-07-05,45.29,web,delivery,completed
ORD-0023065,R-0046,2025-07-31,27.69,app,pickup,completed
ORD-0023066,R-0046,2025-07-16,10.84,web,delivery,completed
ORD-0023067,R-0046,2025-07-06,34.40,web,delivery,completed
ORD-0023068,R-0046,2025-07-19,19.54,app,pickup,completed
ORD-0023069,R-0046,2025-07-20,24.44,app,delivery,completed
ORD-0023070,R-0046,2025-07-11,30.72,app,pickup,completed
ORD-0023071,R-0046,2025-07-05,35.97,web,pickup,COMPLETED
ORD-0023072,R-0046,2025-07-07,23.93,app,pickup,completed
ORD-0023073,R-0046,2025-07-06,22.96,app,delivery,completed
ORD-0023074,R-0046,2025-07-01,18.65,app,delivery,completed
ORD-0023075,R-0046,2025-07-24,21.07,web,delivery,completed
ORD-0023076,R-0046,2025-07-03,37.53,web,delivery,completed
ORD-0023077,R-0046,2025-07-19,14.34,app,pickup,completed
ORD-0023078,R-0046,2025-07-03,19.88,app,delivery,completed
ORD-0023079,R-0046,2025-07-04,28.66,web,pickup,completed
ORD-0023080,R-0046,2025-07-01,41.57,app,pickup,completed
ORD-0023081,R-0046,2025-07-01,38.34,app,delivery,completed
ORD-0023082,R-0046,2025-07-27,25.26,app,delivery,completed
ORD-0023083,R-0046,2025-07-04,29.21,app,pickup,completed
ORD-0023084,R-0046,2025-07-19,31.18,app,delivery,completed
ORD-0023085,R-0046,2025-07-11,20.87,app,pickup,completed
ORD-0023086,R-0046,2025-07-24,27.84,app,delivery,completed
ORD-0023087,R-0046,2025-07-04,19.66,app,delivery,completed
ORD-0023088,R-0046,2025-07-01,14.17,web,delivery,cancelled
ORD-0023089,R-0046,2025-07-26,28.41,web,pickup,completed
ORD-0023090,R-0046,2025-07-20,22.98,app,delivery,completed
ORD-0023091,R-0046,2025-07-20,30.90,app,pickup,completed
ORD-0023092,R-0046,2025-07-31,23.77,app,delivery,completed
ORD-0023093,R-0046,2025-07-26,18.04,app,pickup,completed
ORD-0023094,R-0046,2025-07-09,32.75,app,delivery,Completed
ORD-0023095,R-0046,2025-07-26,28.84,app,pickup,completed
ORD-0023096,R-0046,2025-07-20,29.70,web,delivery,completed
ORD-0023097,R-0046,2025-07-28,15.14,web,delivery,completed
ORD-0023098,R-0046,2025-07-26,18.74,app,delivery,completed
ORD-0023099,R-0046,2025-07-10,18.34,app,delivery,completed
ORD-0023100,R-0046,2025-07-25,23.11,app,pickup,completed
ORD-0023101,R-0046,2025-07-16,41.55,web,delivery,Completed
ORD-0023102,R-0046,2025-07-05,15.18,web,delivery,completed
ORD-0023103,R-0046,2025-07-25,23.67,app,delivery,cancelled
ORD-0023104,R-0046,2025-07-15,15.77,web,delivery,completed
ORD-0023105,R-0046,2025-07-16,16.18,web,pickup,completed
ORD-0023106,R-0046,2025-07-21,19.28,web,delivery,completed
ORD-0023107,R-0046,2025-07-01,24.76,app,delivery,completed
ORD-0023108,R-0046,2025-07-30,9.85,app,pickup,completed
ORD-0023109,R-0046,2025-07-09,13.32,web,delivery,completed
ORD-0023110,R-0046,2025-07-21,17.95,app,pickup,completed
ORD-0023111,R-0046,2025-07-04,21.29,app,delivery,completed
ORD-0023112,R-0046,2025-07-26,17.01,web,pickup,completed
ORD-0023113,R-0046,2025-07-05,20.37,app,delivery,completed
ORD-0023114,R-0046,2025-07-04,20.15,web,delivery,completed
ORD-0023115,R-0046,2025-07-24,25.21,app,delivery,completed
ORD-0023116,R-0046,2025-07-04,24.88,web,delivery,cancelled
ORD-0023117,R-0046,2025-07-11,22.29,web,pickup,completed
ORD-0023118,R-0046,2025-07-04,33.18,web,pickup,completed
ORD-0023119,R-0046,2025-07-06,29.85,app,delivery,completed
ORD-0023120,R-0046,2025-07-10,19.41,app,pickup,completed
ORD-0023121,R-0046,2025-07-09,13.93,web,pickup,completed
ORD-0023122,R-0046,2025-07-30,19.80,app,delivery,completed
ORD-0023123,R-0046,2025-07-17,13.36,app,delivery,completed
ORD-0025431,R-0049,2025-07-23,38.62,web,pickup,completed
ORD-0025432,R-0049,2025-07-26,46.37,app,pickup,completed
ORD-0025433,R-0049,2025-07-21,28.47,web,delivery,Completed
ORD-0025434,R-0049,2025-07-31,32.51,app,delivery,completed
ORD-0025435,R-0049,2025-07-26,26.54,web,delivery,completed
ORD-0025436,R-0049,2025-07-20,30.05,app,delivery,completed
ORD-0025848,R-0053,2025-07-26,28.59,web,delivery,completed
ORD-0025849,R-0053,2025-07-01,29.25,app,delivery,completed
ORD-0025850,R-0053,2025-07-07,22.39,web,pickup,completed
ORD-0025851,R-0053,2025-07-06,33.71,web,pickup,completed
ORD-0025852,R-0053,2025-07-09,32.72,web,pickup,completed
ORD-0025853,R-0053,2025-07-26,36.91,web,delivery,completed
ORD-0025854,R-0053,2025-07-17,44.69,web,pickup,COMPLETED
ORD-0025855,R-0053,2025-07-19,32.68,app,delivery,completed
ORD-0025856,R-0053,2025-07-21,23.83,web,pickup,completed
ORD-0025857,R-0053,2025-07-25,30.51,app,pickup,completed
ORD-0025858,R-0053,2025-07-12,35.42,app,delivery,completed
ORD-0025859,R-0053,2025-07-05,40.60,web,delivery,refunded
ORD-0025860,R-0053,2025-07-21,26.45,web,delivery,completed
ORD-0025861,R-0053,2025-07-22,26.27,web,delivery,completed
ORD-0025862,R-0053,2025-07-26,38.91,web,pickup,completed
ORD-0025863,R-0053,2025-07-04,25.26,app,pickup,completed
ORD-0025864,R-0053,2025-07-24,34.17,web,pickup,completed
ORD-0025865,R-0053,2025-07-17,39.04,app,delivery,completed
ORD-0025866,R-0053,2025-07-07,29.90,app,pickup,Completed
ORD-0025867,R-0053,2025-07-06,39.34,web,delivery,completed
ORD-0025868,R-0053,2025-07-13,23.30,web,delivery,cancelled
ORD-0025869,R-0053,2025-07-07,27.59,web,pickup,COMPLETED
ORD-0025870,R-0053,2025-07-21,22.65,web,delivery,completed
ORD-0025871,R-0053,2025-07-14,34.96,web,pickup,completed
ORD-0025872,R-0053,2025-07-12,15.05,web,pickup,completed
ORD-0025873,R-0053,2025-07-01,37.99,web,delivery,completed
ORD-0025874,R-0053,2025-07-14,24.30,web,delivery,completed
ORD-0025875,R-0053,2025-07-24,23.42,app,delivery,completed
ORD-0025876,R-0053,2025-07-27,47.00,app,delivery,completed
ORD-0025877,R-0053,2025-07-15,28.38,web,pickup,completed
ORD-0025878,R-0053,2025-07-11,27.89,web,pickup,completed
ORD-0025879,R-0053,2025-07-18,35.17,web,pickup,completed
ORD-0025880,R-0053,2025-07-12,33.84,web,delivery,completed
ORD-0025881,R-0053,2025-07-12,30.83,web,delivery,COMPLETED
ORD-0025882,R-0053,2025-07-02,41.11,web,pickup,completed
ORD-0025883,R-0053,2025-07-21,14.94,web,pickup,completed
ORD-0025884,R-0053,2025-07-19,23.24,web,pickup,completed
ORD-0025885,R-0053,2025-07-23,21.70,web,delivery,completed
ORD-0025886,R-0053,2025-07-13,52.31,app,pickup,completed
ORD-0025887,R-0053,2025-07-02,45.16,web,pickup,completed
ORD-0025888,R-0053,2025-07-13,33.52,web,pickup,cancelled
ORD-0025889,R-0053,2025-07-11,31.61,web,delivery,completed
ORD-0025890,R-0053,2025-07-05,28.93,app,pickup,completed
ORD-0025891,R-0053,2025-07-22,40.82,web,delivery,completed
ORD-0025892,R-0053,2025-07-27,22.30,app,delivery,COMPLETED
ORD-0025893,R-0053,2025-07-26,42.18,web,pickup,completed
ORD-0025894,R-0053,2025-07-29,49.17,web,delivery,completed
ORD-0025895,R-0053,2025-07-16,31.72,web,pickup,COMPLETED
ORD-0025896,R-0053,2025-07-08,32.57,web,pickup,completed
ORD-0025897,R-0053,2025-07-27,33.71,web,delivery,completed
ORD-0025898,R-0053,2025-07-02,26.21,web,pickup,completed
ORD-0025899,R-0053,2025-07-08,18.07,app,pickup,completed
ORD-0025900,R-0053,2025-07-27,33.63,web,delivery,completed
ORD-0025901,R-0053,2025-07-20,26.46,app,delivery,completed
ORD-0025902,R-0053,2025-07-26,24.54,web,delivery,completed
ORD-0025903,R-0053,2025-07-24,27.93,web,pickup,completed
ORD-0025904,R-0053,2025-07-26,40.02,app,delivery,cancelled
ORD-0025905,R-0053,2025-07-11,36.56,web,pickup,completed
ORD-0025906,R-0053,2025-07-25,35.89,web,delivery,completed
ORD-0027641,R-0056,2025-07-31,31.55,web,pickup,completed
ORD-0027642,R-0056,2025-07-30,47.58,app,delivery,completed
ORD-0027643,R-0056,2025-07-09,23.77,app,delivery,completed
ORD-0027644,R-0056,2025-07-30,37.86,app,pickup,completed
ORD-0027795,R-0058,2025-07-04,21.54,app,delivery,completed
ORD-0027796,R-0058,2025-07-18,74.82,web,delivery,completed
ORD-0027797,R-0058,2025-07-10,32.05,web,delivery,completed
ORD-0027798,R-0058,2025-07-12,35.57,app,delivery,completed
ORD-0027799,R-0058,2025-07-26,15.55,web,delivery,completed
ORD-0027800,R-0058,2025-07-17,56.88,app,pickup,completed
ORD-0027801,R-0058,2025-07-28,18.11,app,pickup,completed
ORD-0027802,R-0058,2025-07-26,12.82,web,pickup,completed
ORD-0027803,R-0058,2025-07-09,28.99,app,delivery,completed
ORD-0027804,R-0058,2025-07-30,12.77,app,delivery,completed
ORD-0027805,R-0058,2025-07-05,30.79,app,pickup,completed
ORD-0027806,R-0058,2025-07-26,26.17,web,delivery,completed
ORD-0027807,R-0058,2025-07-18,14.71,web,delivery,completed
ORD-0027808,R-0058,2025-07-03,23.72,web,delivery,completed
ORD-0027809,R-0058,2025-07-11,31.42,web,delivery,completed
ORD-0027810,R-0058,2025-07-31,43.43,web,delivery,completed
ORD-0027811,R-0058,2025-07-10,19.83,web,delivery,completed
ORD-0027812,R-0058,2025-07-02,41.41,web,delivery,completed
ORD-0027813,R-0058,2025-07-13,42.00,web,pickup,completed
ORD-0027814,R-0058,2025-07-26,25.32,app,delivery,COMPLETED
ORD-0027815,R-0058,2025-07-11,22.40,web,delivery,completed
ORD-0028695,R-0061,2025-07-11,63.67,app,delivery,completed
ORD-0028696,R-0061,2025-07-29,49.44,app,pickup,completed
ORD-0028697,R-0061,2025-07-09,27.09,app,pickup,completed
ORD-0028698,R-0061,2025-07-02,20.10,web,delivery,completed
ORD-0028699,R-0061,2025-07-16,48.40,app,delivery,completed
ORD-0028700,R-0061,2025-07-17,40.05,app,delivery,completed
ORD-0028701,R-0061,2025-07-26,31.96,app,pickup,completed
ORD-0028702,R-0061,2025-07-01,11.23,web,pickup,completed
ORD-0028703,R-0061,2025-07-20,32.50,web,pickup,cancelled
ORD-0028704,R-0061,2025-07-21,37.29,web,delivery,completed
ORD-0028705,R-0061,2025-07-11,28.42,app,delivery,completed
ORD-0028706,R-0061,2025-07-12,23.85,web,pickup,completed
ORD-0028707,R-0061,2025-07-05,20.33,app,pickup,completed
ORD-0028708,R-0061,2025-07-19,32.42,app,delivery,completed
ORD-0028709,R-0061,2025-07-01,17.51,app,pickup,COMPLETED
ORD-0028710,R-0061,2025-07-08,33.52,web,pickup,completed
ORD-0028711,R-0061,2025-07-14,17.48,app,delivery,completed
ORD-0028712,R-0061,2025-07-14,23.00,app,pickup,cancelled
ORD-0028713,R-0061,2025-07-01,20.41,app,delivery,completed
ORD-0028714,R-0061,2025-07-31,19.24,web,pickup,completed
ORD-0028715,R-0061,2025-07-21,18.16,app,delivery,COMPLETED
ORD-0028716,R-0061,2025-07-25,49.06,app,delivery,completed
ORD-0028717,R-0061,2025-07-05,29.21,app,delivery,completed
ORD-0028718,R-0061,2025-07-11,19.32,web,delivery,completed
ORD-0028719,R-0061,2025-07-25,39.08,web,delivery,cancelled
ORD-0028720,R-0061,2025-07-09,21.61,app,pickup,completed
ORD-0028721,R-0061,2025-07-27,50.41,app,pickup,completed
ORD-0028722,R-0061,2025-07-14,23.61,app,delivery,completed
ORD-0028723,R-0061,2025-07-04,26.41,app,pickup,completed
ORD-0028724,R-0061,2025-07-22,17.19,web,delivery,completed
ORD-0028725,R-0061,2025-07-30,46.65,app,delivery,completed
ORD-0028726,R-0061,2025-07-18,21.90,app,pickup,completed
ORD-0028727,R-0061,2025-07-28,23.51,web,delivery,completed
ORD-0028728,R-0061,2025-07-06,20.84,app,delivery,completed
ORD-0028729,R-0061,2025-07-10,18.89,app,delivery,completed
ORD-0028730,R-0061,2025-07-26,35.93,app,pickup,completed
ORD-0028731,R-0061,2025-07-31,58.01,web,pickup,completed
ORD-0028732,R-0061,2025-07-15,36.48,app,pickup,completed
ORD-0028733,R-0061,2025-07-26,16.19,app,delivery,COMPLETED
ORD-0028734,R-0061,2025-07-08,39.52,app,pickup,completed
ORD-0028735,R-0061,2025-07-18,29.58,web,delivery,COMPLETED
ORD-0028736,R-0061,2025-07-04,22.12,app,pickup,completed
ORD-0028737,R-0061,2025-07-20,34.30,web,delivery,completed
ORD-0028738,R-0061,2025-07-04,23.47,web,pickup,completed
ORD-0028739,R-0061,2025-07-16,50.48,web,pickup,completed
ORD-0028740,R-0061,2025-07-12,37.44,app,pickup,completed
ORD-0028741,R-0061,2025-07-24,18.99,web,delivery,Completed
ORD-0028742,R-0061,2025-07-04,31.62,web,delivery,COMPLETED
ORD-0028743,R-0061,2025-07-02,11.30,web,delivery,completed
ORD-0028744,R-0061,2025-07-12,25.00,app,pickup,completed
ORD-0028745,R-0061,2025-07-19,46.38,web,pickup,cancelled
ORD-0028746,R-0061,2025-07-13,51.93,web,pickup,CANCELLED
ORD-0028747,R-0061,2025-07-21,23.41,app,pickup,completed
ORD-0028748,R-0061,2025-07-04,31.36,web,delivery,completed
ORD-0028749,R-0061,2025-07-04,32.69,app,delivery,completed
ORD-0028750,R-0061,2025-07-11,44.10,app,delivery,completed
ORD-0028751,R-0061,2025-07-07,20.30,app,delivery,completed
ORD-0028752,R-0061,2025-07-03,43.53,web,delivery,Refunded
ORD-0028753,R-0061,2025-07-16,31.68,app,pickup,COMPLETED
ORD-0028754,R-0061,2025-07-17,31.26,app,pickup,Completed
ORD-0028755,R-0061,2025-07-22,31.78,web,delivery,completed
ORD-0028756,R-0061,2025-07-23,28.54,web,pickup,Completed
ORD-0028757,R-0061,2025-07-12,45.85,web,pickup,completed
ORD-0028758,R-0061,2025-07-07,20.68,app,delivery,completed
ORD-0028759,R-0061,2025-07-31,19.56,app,pickup,completed
ORD-0028760,R-0061,2025-07-13,26.08,app,delivery,completed
ORD-0028761,R-0061,2025-07-26,63.39,app,delivery,completed
ORD-0028762,R-0061,2025-07-25,51.56,app,delivery,completed
ORD-0028763,R-0061,2025-07-17,22.49,web,delivery,completed
ORD-0028764,R-0061,2025-07-25,28.22,app,delivery,completed
ORD-0028765,R-0061,2025-07-05,24.97,web,delivery,completed
ORD-0028766,R-0061,2025-07-04,34.28,app,delivery,completed
ORD-0028767,R-0061,2025-07-21,24.90,app,delivery,completed
ORD-0028768,R-0061,2025-07-27,25.18,web,pickup,completed
ORD-0028769,R-0061,2025-07-24,25.92,app,pickup,cancelled
ORD-0028770,R-0061,2025-07-22,30.56,web,pickup,completed
ORD-0028771,R-0061,2025-07-06,49.67,web,pickup,completed
ORD-0028772,R-0061,2025-07-13,26.27,app,pickup,completed
ORD-0028773,R-0061,2025-07-04,32.86,web,pickup,completed
ORD-0028774,R-0061,2025-07-25,43.28,web,delivery,CANCELLED
ORD-0028775,R-0061,2025-07-10,21.07,app,pickup,completed
ORD-0028776,R-0061,2025-07-25,32.59,app,pickup,completed
ORD-0028777,R-0061,2025-07-16,36.53,app,delivery,completed
ORD-0028778,R-0061,2025-07-19,38.43,app,pickup,Completed
ORD-0028779,R-0061,2025-07-14,48.50,web,delivery,refunded
ORD-0028780,R-0061,2025-07-18,36.92,app,delivery,completed
ORD-0028781,R-0061,2025-07-30,28.88,app,delivery,cancelled
ORD-0028782,R-0061,2025-07-02,32.96,app,pickup,completed
ORD-0028783,R-0061,2025-07-13,28.48,web,pickup,cancelled
ORD-0028784,R-0061,2025-07-23,43.17,app,delivery,completed
ORD-0028785,R-0061,2025-07-12,29.70,web,pickup,Completed
ORD-0028786,R-0061,2025-07-05,28.78,app,pickup,completed
ORD-0028787,R-0061,2025-07-18,23.40,app,delivery,completed
ORD-0028788,R-0061,2025-07-31,24.14,app,delivery,completed
ORD-0028789,R-0061,2025-07-31,34.59,web,pickup,completed
ORD-0028790,R-0061,2025-07-04,19.23,app,pickup,completed
ORD-0028791,R-0061,2025-07-16,24.52,web,delivery,completed
ORD-0028792,R-0061,2025-07-20,26.57,web,delivery,Completed
ORD-0028793,R-0061,2025-07-27,38.25,app,pickup,COMPLETED
ORD-0028794,R-0061,2025-07-12,41.77,web,pickup,completed
ORD-0028795,R-0061,2025-07-18,52.00,app,pickup,completed
ORD-0028796,R-0061,2025-07-17,21.99,app,delivery,completed
ORD-0028797,R-0061,2025-07-27,40.54,web,delivery,completed
ORD-0028798,R-0061,2025-07-18,33.61,app,delivery,completed
ORD-0028799,R-0061,2025-07-18,29.88,web,delivery,COMPLETED
ORD-0028800,R-0061,2025-07-02,36.79,app,delivery,completed
ORD-0028801,R-0061,2025-07-30,17.56,web,delivery,completed
ORD-0028802,R-0061,2025-07-26,25.29,app,pickup,completed
ORD-0028803,R-0061,2025-07-05,20.70,web,delivery,Completed
ORD-0028804,R-0061,2025-07-04,48.82,app,pickup,completed
ORD-0028805,R-0061,2025-07-05,41.90,app,delivery,COMPLETED
ORD-0028806,R-0061,2025-07-11,20.80,app,delivery,completed
ORD-0028807,R-0061,2025-07-26,18.88,app,pickup,completed
ORD-0028808,R-0061,2025-07-22,35.09,app,pickup,completed
ORD-0028809,R-0061,2025-07-16,20.75,app,pickup,completed
ORD-0028810,R-0061,2025-07-26,38.81,web,pickup,completed
ORD-0028811,R-0061,2025-07-11,58.14,app,pickup,completed
ORD-0028812,R-0061,2025-07-19,22.44,web,pickup,completed
ORD-0028813,R-0061,2025-07-17,35.15,app,delivery,completed
ORD-0028814,R-0061,2025-07-29,26.03,app,delivery,completed
ORD-0028815,R-0061,2025-07-06,54.08,app,delivery,completed
ORD-0028816,R-0061,2025-07-05,17.53,app,delivery,completed
ORD-0028817,R-0061,2025-07-28,17.59,web,delivery,COMPLETED
ORD-0028818,R-0061,2025-07-02,30.16,app,delivery,completed
ORD-0028819,R-0061,2025-07-13,51.02,web,pickup,completed
ORD-0028820,R-0061,2025-07-30,25.74,web,delivery,completed
ORD-0028821,R-0061,2025-07-31,21.44,web,delivery,Completed
ORD-0028822,R-0061,2025-07-27,16.51,app,delivery,completed
ORD-0028823,R-0061,2025-07-01,33.18,web,pickup,Completed
ORD-0028824,R-0061,2025-07-18,18.66,app,pickup,cancelled
ORD-0028825,R-0061,2025-07-17,61.29,web,pickup,completed
ORD-0028826,R-0061,2025-07-25,32.05,web,pickup,completed
ORD-0028827,R-0061,2025-07-26,31.25,app,pickup,cancelled
ORD-0028828,R-0061,2025-07-28,25.39,app,delivery,completed
ORD-0028829,R-0061,2025-07-20,22.46,web,delivery,completed
ORD-0028830,R-0061,2025-07-05,28.33,app,delivery,completed
ORD-0028831,R-0061,2025-07-15,33.72,app,delivery,completed
ORD-0028832,R-0061,2025-07-21,39.83,app,delivery,completed
ORD-0028833,R-0061,2025-07-03,28.13,web,pickup,completed
ORD-0028834,R-0061,2025-07-07,26.69,web,delivery,completed
ORD-0028835,R-0061,2025-07-04,31.96,app,delivery,Completed
ORD-0028836,R-0061,2025-07-09,21.56,app,delivery,completed
ORD-0028837,R-0061,2025-07-11,56.18,app,delivery,completed
ORD-0028838,R-0061,2025-07-13,24.64,web,pickup,completed
ORD-0033248,R-0072,2025-07-27,74.38,app,delivery,completed
ORD-0033249,R-0072,2025-07-17,31.65,web,delivery,cancelled
ORD-0033250,R-0072,2025-07-15,18.30,web,delivery,completed
ORD-0033251,R-0072,2025-07-16,47.87,web,delivery,completed
ORD-0033252,R-0072,2025-07-14,47.76,app,delivery,completed
ORD-0033253,R-0072,2025-07-21,22.42,web,delivery,completed
ORD-0033254,R-0072,2025-07-10,67.71,app,delivery,completed
ORD-0033255,R-0072,2025-07-26,18.73,app,delivery,completed
ORD-0033256,R-0072,2025-07-27,45.19,app,delivery,completed
ORD-0033257,R-0072,2025-07-11,67.10,app,pickup,completed
ORD-0033258,R-0072,2025-07-30,70.66,app,delivery,completed
ORD-0033259,R-0072,2025-07-21,49.25,web,delivery,completed
ORD-0033260,R-0072,2025-07-31,25.87,web,delivery,completed
ORD-0033261,R-0072,2025-07-04,43.45,app,delivery,completed
ORD-0033262,R-0072,2025-07-31,24.42,app,delivery,completed
ORD-0033263,R-0072,2025-07-22,55.59,web,pickup,completed
ORD-0033264,R-0072,2025-07-04,50.82,app,delivery,completed
ORD-0033265,R-0072,2025-07-18,67.76,app,pickup,completed
ORD-0033266,R-0072,2025-07-30,37.84,web,delivery,completed
ORD-0033267,R-0072,2025-07-18,33.28,web,delivery,COMPLETED
ORD-0033268,R-0072,2025-07-19,64.07,app,delivery,completed
ORD-0033269,R-0072,2025-07-01,25.36,app,delivery,completed
ORD-0033270,R-0072,2025-07-12,47.91,app,delivery,completed
ORD-0033271,R-0072,2025-07-15,35.24,web,delivery,completed
ORD-0033272,R-0072,2025-07-19,56.60,web,delivery,completed
ORD-0033273,R-0072,2025-07-28,36.56,web,pickup,completed
ORD-0033274,R-0072,2025-07-30,41.40,web,pickup,completed
ORD-0033689,R-0074,2025-07-10,27.34,app,pickup,Cancelled
ORD-0033690,R-0074,2025-07-19,44.66,app,delivery,completed
ORD-0033691,R-0074,2025-07-26,36.54,app,pickup,completed
ORD-0033692,R-0074,2025-07-13,24.92,app,delivery,completed
ORD-0033693,R-0074,2025-07-06,39.43,web,pickup,completed
ORD-0033694,R-0074,2025-07-12,34.64,web,delivery,completed
ORD-0033695,R-0074,2025-07-07,36.55,web,pickup,completed
ORD-0033696,R-0074,2025-07-04,17.86,app,delivery,completed
ORD-0033697,R-0074,2025-07-30,38.31,web,pickup,completed
ORD-0033698,R-0074,2025-07-20,22.58,app,delivery,completed
ORD-0033699,R-0074,2025-07-02,24.42,web,pickup,completed
ORD-0033700,R-0074,2025-07-04,20.90,web,delivery,completed
ORD-0033701,R-0074,2025-07-04,57.54,web,delivery,completed
ORD-0033702,R-0074,2025-07-13,36.71,web,delivery,COMPLETED
ORD-0033703,R-0074,2025-07-25,47.22,app,pickup,COMPLETED
ORD-0033704,R-0074,2025-07-29,28.43,web,delivery,completed
ORD-0033705,R-0074,2025-07-09,21.84,app,delivery,completed
ORD-0033706,R-0074,2025-07-19,27.01,app,delivery,completed
ORD-0033707,R-0074,2025-07-04,31.28,app,delivery,completed
ORD-0033708,R-0074,2025-07-18,19.40,app,delivery,completed
ORD-0033709,R-0074,2025-07-26,25.30,app,delivery,completed
ORD-0033710,R-0074,2025-07-05,20.02,web,delivery,completed
ORD-0033711,R-0074,2025-07-07,17.07,app,pickup,completed
ORD-0033712,R-0074,2025-07-02,31.33,web,delivery,Completed
ORD-0033713,R-0074,2025-07-22,60.39,web,delivery,completed
ORD-0033714,R-0074,2025-07-31,40.46,app,pickup,COMPLETED
ORD-0033715,R-0074,2025-07-07,40.62,app,delivery,completed
ORD-0033716,R-0074,2025-07-04,29.10,app,delivery,Completed
ORD-0033717,R-0074,2025-07-18,40.21,web,delivery,Completed
ORD-0033718,R-0074,2025-07-26,34.58,app,delivery,completed
ORD-0033719,R-0074,2025-07-20,21.87,app,delivery,completed
ORD-0033720,R-0074,2025-07-19,24.08,app,pickup,completed
ORD-0033721,R-0074,2025-07-02,27.93,web,delivery,completed
ORD-0033722,R-0074,2025-07-05,44.09,app,delivery,cancelled
ORD-0033723,R-0074,2025-07-20,50.02,web,delivery,completed
ORD-0033724,R-0074,2025-07-24,37.64,app,delivery,Completed
ORD-0033725,R-0074,2025-07-26,72.78,app,delivery,refunded
ORD-0033726,R-0074,2025-07-26,29.54,app,delivery,completed
ORD-0033727,R-0074,2025-07-22,23.34,app,pickup,completed
ORD-0033728,R-0074,2025-07-25,25.13,web,delivery,completed
ORD-0033729,R-0074,2025-07-14,27.97,web,pickup,COMPLETED
ORD-0033730,R-0074,2025-07-07,17.59,app,delivery,Completed
ORD-0033731,R-0074,2025-07-24,20.90,app,delivery,completed
ORD-0033732,R-0074,2025-07-04,36.56,app,delivery,completed
ORD-0033733,R-0074,2025-07-04,45.25,app,pickup,completed
ORD-0033734,R-0074,2025-07-14,20.92,app,delivery,completed
ORD-0035551,R-0077,2025-07-04,30.81,web,delivery,completed
ORD-0035552,R-0077,2025-07-21,20.37,app,pickup,completed
ORD-0035553,R-0077,2025-07-29,51.15,web,pickup,completed
ORD-0035554,R-0077,2025-07-06,27.18,web,delivery,completed
ORD-0035555,R-0077,2025-07-10,20.63,app,pickup,completed
ORD-0035556,R-0077,2025-07-24,11.98,web,pickup,completed
ORD-0035557,R-0077,2025-07-11,13.97,app,pickup,completed
ORD-0035558,R-0077,2025-07-25,43.14,web,pickup,completed
ORD-0035559,R-0077,2025-07-21,15.22,web,delivery,completed
ORD-0035560,R-0077,2025-07-04,15.40,app,delivery,COMPLETED
ORD-0035561,R-0077,2025-07-25,26.43,web,delivery,completed
ORD-0035562,R-0077,2025-07-12,21.95,web,delivery,COMPLETED
ORD-0035563,R-0077,2025-07-12,29.47,app,pickup,completed
ORD-0035564,R-0077,2025-07-06,22.63,web,pickup,COMPLETED
ORD-0035565,R-0077,2025-07-14,16.86,web,pickup,completed
ORD-0035566,R-0077,2025-07-05,12.33,web,pickup,Completed
ORD-0035567,R-0077,2025-07-14,18.17,web,pickup,completed
ORD-0035568,R-0077,2025-07-08,9.93,web,pickup,completed
ORD-0035569,R-0077,2025-07-04,11.02,web,pickup,completed
ORD-0035570,R-0077,2025-07-19,34.99,app,pickup,completed
ORD-0035571,R-0077,2025-07-17,16.07,web,delivery,completed
ORD-0035572,R-0077,2025-07-17,22.32,app,pickup,completed
ORD-0035573,R-0077,2025-07-08,20.67,web,pickup,completed
ORD-0035574,R-0077,2025-07-17,25.56,app,pickup,cancelled
ORD-0035575,R-0077,2025-07-07,21.59,web,pickup,completed
ORD-0035576,R-0077,2025-07-17,21.93,app,pickup,completed
ORD-0035577,R-0077,2025-07-13,23.93,app,delivery,COMPLETED
ORD-0035578,R-0077,2025-07-18,34.85,app,pickup,completed
ORD-0035579,R-0077,2025-07-02,31.76,web,pickup,completed
ORD-0035580,R-0077,2025-07-09,13.80,app,delivery,completed
ORD-0035581,R-0077,2025-07-25,26.13,web,delivery,completed
ORD-0035582,R-0077,2025-07-08,20.55,web,delivery,Completed
ORD-0035583,R-0077,2025-07-26,8.00,web,pickup,completed
ORD-0035584,R-0077,2025-07-16,46.03,web,pickup,completed
ORD-0035585,R-0077,2025-07-06,15.31,web,pickup,completed
ORD-0035586,R-0077,2025-07-22,18.14,web,pickup,completed
ORD-0035587,R-0077,2025-07-21,23.59,web,delivery,completed
ORD-0035588,R-0077,2025-07-12,16.50,web,pickup,completed
ORD-0035589,R-0077,2025-07-04,27.98,app,pickup,completed
ORD-0035590,R-0077,2025-07-16,25.87,app,delivery,COMPLETED
ORD-0035591,R-0077,2025-07-31,32.33,app,pickup,completed
ORD-0035592,R-0077,2025-07-19,16.83,app,delivery,completed
ORD-0035593,R-0077,2025-07-26,25.64,web,delivery,completed
ORD-0035594,R-0077,2025-07-07,16.08,web,delivery,completed
ORD-0035595,R-0077,2025-07-05,15.47,app,delivery,completed
ORD-0035596,R-0077,2025-07-11,14.27,app,delivery,completed
ORD-0035597,R-0077,2025-07-21,27.87,app,pickup,cancelled
ORD-0035598,R-0077,2025-07-02,19.53,web,pickup,completed
ORD-0035599,R-0077,2025-07-13,35.20,app,delivery,COMPLETED
ORD-0035600,R-0077,2025-07-04,21.81,app,pickup,completed
ORD-0035601,R-0077,2025-07-06,40.87,web,pickup,COMPLETED
ORD-0035602,R-0077,2025-07-15,14.11,web,pickup,COMPLETED
ORD-0035603,R-0077,2025-07-11,23.85,web,pickup,completed
ORD-0035604,R-0077,2025-07-08,17.71,web,delivery,completed
ORD-0035605,R-0077,2025-07-23,21.57,web,pickup,completed
ORD-0035606,R-0077,2025-07-28,22.56,app,pickup,completed
ORD-0035607,R-0077,2025-07-27,33.30,app,pickup,cancelled
ORD-0035608,R-0077,2025-07-17,10.75,web,pickup,completed
ORD-0035609,R-0077,2025-07-12,17.71,app,pickup,completed
ORD-0036491,R-0081,2025-07-21,47.68,app,delivery,completed
ORD-0036492,R-0081,2025-07-11,82.31,web,delivery,Completed
ORD-0036493,R-0081,2025-07-23,28.05,app,pickup,completed
ORD-0036494,R-0081,2025-07-03,56.27,app,delivery,Completed
ORD-0036495,R-0081,2025-07-04,27.60,app,delivery,completed
ORD-0036496,R-0081,2025-07-28,38.79,web,pickup,cancelled
ORD-0036497,R-0081,2025-07-20,51.39,app,delivery,completed
ORD-0036498,R-0081,2025-07-31,44.41,web,delivery,completed
ORD-0036499,R-0081,2025-07-02,39.92,app,delivery,completed
ORD-0036500,R-0081,2025-07-09,42.45,app,delivery,completed
ORD-0036501,R-0081,2025-07-04,39.28,web,delivery,completed
ORD-0036502,R-0081,2025-07-12,40.82,web,delivery,completed
ORD-0036503,R-0081,2025-07-18,61.73,app,delivery,completed
ORD-0036504,R-0081,2025-07-09,64.13,web,delivery,completed
ORD-0036505,R-0081,2025-07-10,113.06,web,delivery,completed
ORD-0036506,R-0081,2025-07-05,40.42,web,delivery,completed
ORD-0036507,R-0081,2025-07-05,38.13,app,pickup,completed
ORD-0036508,R-0081,2025-07-07,36.44,web,delivery,completed
ORD-0036509,R-0081,2025-07-11,83.60,app,delivery,completed
ORD-0036510,R-0081,2025-07-26,39.39,web,delivery,completed
ORD-0036511,R-0081,2025-07-19,51.71,app,delivery,completed
ORD-0036512,R-0081,2025-07-02,32.61,app,delivery,completed
ORD-0036513,R-0081,2025-07-12,73.00,web,pickup,cancelled
ORD-0036514,R-0081,2025-07-29,67.31,web,delivery,completed
ORD-0036515,R-0081,2025-07-20,61.15,web,delivery,COMPLETED
ORD-0036516,R-0081,2025-07-12,59.84,app,pickup,completed
ORD-0036517,R-0081,2025-07-16,41.61,app,delivery,completed
ORD-0036518,R-0081,2025-07-21,37.24,app,pickup,completed
ORD-0036519,R-0081,2025-07-11,50.70,web,delivery,completed
ORD-0036520,R-0081,2025-07-26,65.15,web,pickup,refunded
ORD-0036521,R-0081,2025-07-27,54.44,web,pickup,completed
ORD-0036522,R-0081,2025-07-21,30.04,app,delivery,completed
ORD-0036523,R-0081,2025-07-31,49.10,web,pickup,completed
ORD-0036524,R-0081,2025-07-27,57.62,web,delivery,completed
ORD-0036525,R-0081,2025-07-26,38.49,app,pickup,completed
ORD-0036526,R-0081,2025-07-25,54.91,app,delivery,completed
ORD-0038495,R-0087,2025-07-14,33.92,app,pickup,completed
ORD-0038496,R-0087,2025-07-19,35.03,web,pickup,completed
ORD-0038497,R-0087,2025-07-23,40.40,web,delivery,completed
ORD-0038498,R-0087,2025-07-30,18.94,web,delivery,completed
ORD-0038499,R-0087,2025-07-27,48.55,web,pickup,completed
ORD-0038500,R-0087,2025-07-26,16.94,web,delivery,Completed
ORD-0038501,R-0087,2025-07-12,45.60,web,pickup,completed
ORD-0038502,R-0087,2025-07-13,37.47,app,delivery,completed
ORD-0038503,R-0087,2025-07-19,42.71,web,pickup,completed
ORD-0038504,R-0087,2025-07-06,30.94,app,delivery,completed
ORD-0038505,R-0087,2025-07-06,16.40,app,delivery,completed
ORD-0038506,R-0087,2025-07-08,39.80,web,pickup,cancelled
ORD-0038507,R-0087,2025-07-04,37.85,app,pickup,COMPLETED
ORD-0038508,R-0087,2025-07-29,29.09,app,pickup,CANCELLED
ORD-0038509,R-0087,2025-07-18,43.18,web,pickup,COMPLETED
ORD-0038510,R-0087,2025-07-05,17.92,web,delivery,completed
ORD-0038511,R-0087,2025-07-30,40.73,app,delivery,completed
ORD-0038512,R-0087,2025-07-27,31.04,web,pickup,completed
ORD-0038513,R-0087,2025-07-26,54.00,web,delivery,completed
ORD-0038514,R-0087,2025-07-08,32.03,app,delivery,cancelled
ORD-0038515,R-0087,2025-07-19,30.39,web,delivery,Completed
ORD-0038516,R-0087,2025-07-05,42.37,web,delivery,completed
ORD-0038517,R-0087,2025-07-13,58.17,app,delivery,completed
ORD-0038518,R-0087,2025-07-21,28.07,web,pickup,completed
ORD-0038519,R-0087,2025-07-03,42.79,app,delivery,completed
ORD-0038520,R-0087,2025-07-27,33.28,web,pickup,completed
ORD-0038521,R-0087,2025-07-31,48.54,web,pickup,completed
ORD-0038522,R-0087,2025-07-08,45.39,web,pickup,completed
ORD-0038523,R-0087,2025-07-15,31.77,web,pickup,Completed
ORD-0038524,R-0087,2025-07-28,41.52,app,delivery,completed
ORD-0038525,R-0087,2025-07-22,31.38,web,pickup,completed
ORD-0038526,R-0087,2025-07-21,43.55,web,pickup,Completed
ORD-0038527,R-0087,2025-07-30,29.67,app,delivery,completed
ORD-0038528,R-0087,2025-07-26,23.91,web,delivery,completed
ORD-0038529,R-0087,2025-07-31,21.40,app,delivery,cancelled
ORD-0038530,R-0087,2025-07-26,36.59,app,pickup,completed
ORD-0038531,R-0087,2025-07-27,55.69,app,delivery,completed
ORD-0038532,R-0087,2025-07-10,27.09,app,delivery,completed
ORD-0038533,R-0087,2025-07-28,30.82,web,pickup,Completed
ORD-0038534,R-0087,2025-07-31,41.44,app,delivery,completed
ORD-0038535,R-0087,2025-07-10,22.33,web,delivery,completed
ORD-0038536,R-0087,2025-07-04,57.25,web,delivery,completed
ORD-0040070,R-0090,2025-07-10,18.57,web,pickup,completed
ORD-0040071,R-0090,2025-07-23,17.40,app,delivery,completed
ORD-0040072,R-0090,2025-07-25,25.60,web,delivery,completed
ORD-0040073,R-0090,2025-07-16,15.89,app,pickup,completed
ORD-0040074,R-0090,2025-07-29,16.62,app,delivery,completed
ORD-0040075,R-0090,2025-07-27,21.75,web,delivery,completed
ORD-0040076,R-0090,2025-07-27,21.34,app,pickup,completed
ORD-0040439,R-0091,2025-07-30,41.26,app,delivery,completed
ORD-0040440,R-0091,2025-07-31,78.02,web,delivery,completed
ORD-0040441,R-0091,2025-07-28,59.70,web,pickup,completed
ORD-0040442,R-0091,2025-07-31,106.04,web,pickup,completed
ORD-0040443,R-0091,2025-07-30,79.17,web,delivery,completed
ORD-0040444,R-0091,2025-07-29,77.83,app,pickup,completed
ORD-0040445,R-0091,2025-07-29,64.97,web,pickup,completed
ORD-0040446,R-0091,2025-07-27,91.12,web,delivery,completed
ORD-0040447,R-0091,2025-07-30,31.62,web,delivery,completed
ORD-0040448,R-0091,2025-07-29,55.46,web,pickup,COMPLETED
ORD-0041013,R-0092,2025-07-30,27.25,app,delivery,completed
ORD-0041014,R-0092,2025-07-25,15.50,web,pickup,completed
ORD-0041015,R-0092,2025-07-17,10.50,app,pickup,completed
ORD-0041016,R-0092,2025-07-16,19.61,web,pickup,completed
ORD-0041017,R-0092,2025-07-15,32.03,app,delivery,completed
ORD-0041018,R-0092,2025-07-19,23.29,app,delivery,completed
ORD-0041019,R-0092,2025-07-19,27.37,web,pickup,completed
ORD-0041020,R-0092,2025-07-28,23.77,web,pickup,completed
ORD-0041021,R-0092,2025-07-03,30.60,app,delivery,COMPLETED
ORD-0041022,R-0092,2025-07-31,39.98,web,delivery,Completed
ORD-0042197,R-0100,2025-07-29,16.23,web,delivery,completed
ORD-0042198,R-0100,2025-07-31,16.85,web,pickup,completed
ORD-0042487,R-0101,2025-07-09,29.46,app,delivery,completed
ORD-0042488,R-0101,2025-07-27,29.21,web,pickup,completed
ORD-0042489,R-0101,2025-07-31,18.10,app,pickup,completed
ORD-0042490,R-0101,2025-07-17,16.74,web,delivery,Completed
ORD-0042491,R-0101,2025-07-08,12.76,web,pickup,cancelled
ORD-0042492,R-0101,2025-07-06,27.33,web,pickup,completed
ORD-0042493,R-0101,2025-07-23,16.28,web,delivery,completed
ORD-0042494,R-0101,2025-07-16,19.86,web,pickup,completed
ORD-0042495,R-0101,2025-07-09,16.91,web,pickup,completed
ORD-0042496,R-0101,2025-07-21,21.68,web,delivery,completed
ORD-0042497,R-0101,2025-07-24,24.38,web,pickup,completed
ORD-0042498,R-0101,2025-07-24,18.74,web,pickup,completed
ORD-0042499,R-0101,2025-07-07,15.02,web,pickup,completed
ORD-0042500,R-0101,2025-07-28,25.54,web,pickup,COMPLETED
ORD-0042501,R-0101,2025-07-05,24.87,web,pickup,completed
ORD-0042502,R-0101,2025-07-21,9.52,web,pickup,completed
ORD-0042503,R-0101,2025-07-23,15.49,web,pickup,COMPLETED
ORD-0042504,R-0101,2025-07-26,15.68,web,pickup,completed
ORD-0042505,R-0101,2025-07-04,25.61,web,pickup,completed
ORD-0042506,R-0101,2025-07-12,18.59,web,pickup,cancelled
ORD-0042507,R-0101,2025-07-14,25.21,web,pickup,completed
ORD-0042508,R-0101,2025-07-13,46.45,web,pickup,completed
ORD-0042509,R-0101,2025-07-19,25.97,web,pickup,completed
ORD-0042510,R-0101,2025-07-19,16.58,web,pickup,completed
ORD-0042511,R-0101,2025-07-11,22.00,app,pickup,COMPLETED
ORD-0042512,R-0101,2025-07-20,15.54,web,pickup,completed
ORD-0042513,R-0101,2025-07-12,32.23,web,delivery,completed
ORD-0043364,R-0103,2025-07-30,54.84,web,delivery,CANCELLED
ORD-0043365,R-0103,2025-07-31,36.19,web,delivery,completed
ORD-0044154,R-0104,2025-07-06,21.85,web,pickup,completed
ORD-0044155,R-0104,2025-07-30,25.39,web,pickup,completed
ORD-0044156,R-0104,2025-07-12,25.11,app,pickup,completed
ORD-0044157,R-0104,2025-07-31,16.71,app,pickup,completed
ORD-0044158,R-0104,2025-07-25,27.42,web,pickup,completed
ORD-0044159,R-0104,2025-07-16,22.59,web,pickup,completed
ORD-0044160,R-0104,2025-07-16,25.12,app,pickup,cancelled
ORD-0044161,R-0104,2025-07-05,64.15,web,delivery,completed
ORD-0044162,R-0104,2025-07-25,27.24,app,delivery,completed
ORD-0044163,R-0104,2025-07-31,34.27,app,delivery,completed
ORD-0044164,R-0104,2025-07-16,19.88,app,pickup,cancelled
ORD-0044165,R-0104,2025-07-13,19.63,app,delivery,completed
ORD-0044166,R-0104,2025-07-29,21.98,app,delivery,completed
ORD-0044167,R-0104,2025-07-16,42.75,app,delivery,completed
ORD-0044168,R-0104,2025-07-23,11.89,web,delivery,Completed
ORD-0044169,R-0104,2025-07-10,26.78,app,delivery,completed
ORD-0044170,R-0104,2025-07-24,33.25,web,delivery,Completed
ORD-0044171,R-0104,2025-07-27,17.48,app,delivery,completed
ORD-0044172,R-0104,2025-07-23,36.02,app,delivery,completed
ORD-0044173,R-0104,2025-07-13,20.72,app,delivery,COMPLETED
ORD-0044174,R-0104,2025-07-04,25.86,app,pickup,completed
ORD-0044175,R-0104,2025-07-04,12.30,web,delivery,completed
ORD-0044176,R-0104,2025-07-16,33.45,app,delivery,completed
ORD-0044177,R-0104,2025-07-30,68.99,app,delivery,completed
ORD-0044178,R-0104,2025-07-11,36.82,web,delivery,completed
ORD-0044179,R-0104,2025-07-22,18.57,app,pickup,cancelled
ORD-0044180,R-0104,2025-07-19,35.61,app,delivery,completed
ORD-0044181,R-0104,2025-07-24,27.96,web,delivery,completed
ORD-0044182,R-0104,2025-07-07,21.10,app,delivery,completed
ORD-0044183,R-0104,2025-07-27,31.44,web,pickup,completed
ORD-0044184,R-0104,2025-07-06,21.91,app,delivery,completed
ORD-0044185,R-0104,2025-07-12,19.38,web,delivery,completed
ORD-0044186,R-0104,2025-07-23,22.34,web,delivery,completed
ORD-0044187,R-0104,2025-07-28,21.11,web,pickup,completed
ORD-0044188,R-0104,2025-07-24,44.65,app,delivery,completed
ORD-0044189,R-0104,2025-07-09,34.06,web,pickup,completed
ORD-0044190,R-0104,2025-07-16,16.90,app,delivery,completed
ORD-0044191,R-0104,2025-07-16,17.43,web,pickup,cancelled
ORD-0044192,R-0104,2025-07-06,18.94,web,delivery,COMPLETED
ORD-0044193,R-0104,2025-07-01,31.48,app,delivery,Completed
ORD-0044194,R-0104,2025-07-19,27.83,web,delivery,completed
ORD-0044195,R-0104,2025-07-14,23.38,app,delivery,completed
ORD-0044196,R-0104,2025-07-26,26.77,web,delivery,completed
ORD-0044197,R-0104,2025-07-08,38.25,web,delivery,completed
ORD-0044198,R-0104,2025-07-12,18.56,web,pickup,completed
ORD-0044199,R-0104,2025-07-31,21.10,web,delivery,COMPLETED
ORD-0044200,R-0104,2025-07-21,17.52,app,pickup,completed
ORD-0044201,R-0104,2025-07-04,32.83,web,delivery,completed
ORD-0045074,R-0105,2025-07-12,58.08,app,delivery,completed
ORD-0045075,R-0105,2025-07-14,37.80,app,pickup,completed
ORD-0045076,R-0105,2025-07-12,39.44,app,pickup,completed
ORD-0045077,R-0105,2025-07-18,35.64,app,pickup,completed
ORD-0045078,R-0105,2025-07-01,18.14,app,pickup,completed
ORD-0045079,R-0105,2025-07-18,24.70,app,pickup,completed
ORD-0045080,R-0105,2025-07-25,21.16,web,pickup,completed
ORD-0045081,R-0105,2025-07-25,30.88,web,delivery,completed
ORD-0045082,R-0105,2025-07-30,29.92,web,pickup,completed
ORD-0045757,R-0110,2025-07-10,31.23,app,delivery,completed
ORD-0045758,R-0110,2025-07-18,45.03,web,delivery,completed
ORD-0045759,R-0110,2025-07-26,24.69,web,pickup,completed
ORD-0045760,R-0110,2025-07-10,58.22,web,pickup,completed
ORD-0045761,R-0110,2025-07-02,21.71,web,delivery,completed
ORD-0045762,R-0110,2025-07-25,28.87,app,pickup,completed
ORD-0045763,R-0110,2025-07-14,32.48,web,delivery,completed
ORD-0045764,R-0110,2025-07-05,41.67,app,pickup,completed
ORD-0045765,R-0110,2025-07-13,23.46,app,delivery,completed
ORD-0045766,R-0110,2025-07-16,16.41,app,delivery,completed
ORD-0045767,R-0110,2025-07-18,46.79,web,delivery,COMPLETED
ORD-0045768,R-0110,2025-07-11,25.78,web,pickup,completed
ORD-0045769,R-0110,2025-07-04,32.09,web,pickup,completed
ORD-0045770,R-0110,2025-07-05,24.08,app,pickup,completed
ORD-0045771,R-0110,2025-07-13,32.41,web,pickup,Completed
ORD-0045772,R-0110,2025-07-26,26.76,app,pickup,completed
ORD-0045773,R-0110,2025-07-10,24.20,app,delivery,completed
ORD-0045774,R-0110,2025-07-04,42.66,web,pickup,completed
ORD-0045775,R-0110,2025-07-18,32.27,web,delivery,completed
ORD-0045776,R-0110,2025-07-26,33.58,web,pickup,completed
ORD-0045777,R-0110,2025-07-19,28.50,app,pickup,completed
ORD-0045778,R-0110,2025-07-13,38.88,web,pickup,completed
ORD-0045779,R-0110,2025-07-27,41.77,web,delivery,COMPLETED
ORD-0045780,R-0110,2025-07-22,22.47,app,delivery,completed
ORD-0045781,R-0110,2025-07-03,25.51,web,pickup,completed
ORD-0045782,R-0110,2025-07-17,49.16,app,delivery,Completed
ORD-0045783,R-0110,2025-07-24,31.68,app,pickup,completed
ORD-0045784,R-0110,2025-07-14,33.80,web,delivery,COMPLETED
ORD-0045785,R-0110,2025-07-15,51.95,app,pickup,completed
ORD-0045786,R-0110,2025-07-06,40.43,web,pickup,Completed
ORD-0045787,R-0110,2025-07-05,30.01,app,delivery,completed
ORD-0045788,R-0110,2025-07-25,31.70,app,pickup,completed
ORD-0045789,R-0110,2025-07-05,24.06,web,pickup,completed
ORD-0045790,R-0110,2025-07-03,26.08,web,pickup,completed
ORD-0045791,R-0110,2025-07-26,31.55,web,pickup,completed
ORD-0045792,R-0110,2025-07-19,25.01,web,delivery,completed
ORD-0045793,R-0110,2025-07-04,35.01,app,delivery,completed
ORD-0045794,R-0110,2025-07-14,44.30,app,pickup,completed
ORD-0045795,R-0110,2025-07-01,16.87,app,delivery,completed
ORD-0045796,R-0110,2025-07-12,53.54,web,pickup,completed
ORD-0045797,R-0110,2025-07-03,43.86,web,pickup,completed
ORD-0045798,R-0110,2025-07-28,21.27,web,pickup,completed
ORD-0045799,R-0110,2025-07-12,27.26,web,delivery,completed
ORD-0045800,R-0110,2025-07-27,31.04,web,pickup,completed
ORD-0045801,R-0110,2025-07-12,23.90,web,pickup,completed
ORD-0045802,R-0110,2025-07-26,42.32,web,delivery,Completed
ORD-0045803,R-0110,2025-07-11,33.55,web,pickup,completed
ORD-0045804,R-0110,2025-07-31,36.28,web,delivery,COMPLETED
ORD-0045805,R-0110,2025-07-01,22.85,app,delivery,completed
ORD-0046633,R-0111,2025-07-09,22.75,web,pickup,completed
ORD-0046634,R-0111,2025-07-06,31.51,app,delivery,completed
ORD-0046635,R-0111,2025-07-16,16.65,web,pickup,completed
ORD-0046636,R-0111,2025-07-17,22.06,app,pickup,completed
ORD-0046637,R-0111,2025-07-19,66.64,web,pickup,completed
ORD-0046638,R-0111,2025-07-03,20.75,app,delivery,completed
ORD-0046639,R-0111,2025-07-12,33.61,app,pickup,completed
ORD-0046640,R-0111,2025-07-12,18.49,app,pickup,Completed
ORD-0046641,R-0111,2025-07-27,26.14,app,pickup,refunded
ORD-0046642,R-0111,2025-07-28,37.71,app,delivery,completed
ORD-0046643,R-0111,2025-07-29,24.12,app,pickup,completed
ORD-0046644,R-0111,2025-07-13,28.08,app,delivery,completed
ORD-0046645,R-0111,2025-07-24,20.69,app,pickup,COMPLETED
ORD-0046646,R-0111,2025-07-08,13.50,app,delivery,completed
ORD-0046647,R-0111,2025-07-25,26.46,app,delivery,completed
ORD-0046648,R-0111,2025-07-16,22.07,web,pickup,completed
ORD-0046649,R-0111,2025-07-25,29.54,web,pickup,completed
ORD-0046650,R-0111,2025-07-05,10.89,web,delivery,completed
ORD-0046651,R-0111,2025-07-21,23.68,web,delivery,completed
ORD-0046652,R-0111,2025-07-22,19.33,app,delivery,completed
ORD-0046653,R-0111,2025-07-21,18.95,app,pickup,completed
ORD-0046654,R-0111,2025-07-07,25.73,app,pickup,completed
ORD-0046655,R-0111,2025-07-26,31.47,web,pickup,completed
ORD-0046656,R-0111,2025-07-20,27.61,app,delivery,completed
ORD-0046657,R-0111,2025-07-16,16.25,web,pickup,completed
ORD-0046658,R-0111,2025-07-10,23.28,app,pickup,completed
ORD-0046659,R-0111,2025-07-24,44.06,web,pickup,completed
ORD-0046660,R-0111,2025-07-07,34.47,app,pickup,completed
ORD-0046661,R-0111,2025-07-03,15.49,app,delivery,completed
ORD-0046662,R-0111,2025-07-04,28.64,web,pickup,completed
ORD-0050240,R-0123,2025-07-13,39.13,app,delivery,completed
ORD-0050241,R-0123,2025-07-18,38.75,web,delivery,completed
ORD-0050242,R-0123,2025-07-25,28.86,app,delivery,completed
ORD-0050243,R-0123,2025-07-11,41.93,web,delivery,completed
ORD-0050244,R-0123,2025-07-26,42.01,app,delivery,completed
ORD-0050245,R-0123,2025-07-10,31.23,app,delivery,completed
ORD-0050246,R-0123,2025-07-23,25.17,web,delivery,completed
ORD-0050247,R-0123,2025-07-02,16.75,web,delivery,completed
ORD-0050248,R-0123,2025-07-25,39.17,app,delivery,completed
ORD-0050249,R-0123,2025-07-13,11.69,web,delivery,completed
ORD-0050250,R-0123,2025-07-10,29.60,app,delivery,completed
ORD-0050251,R-0123,2025-07-18,33.26,web,delivery,Completed
ORD-0050252,R-0123,2025-07-16,51.78,app,pickup,completed
ORD-0050253,R-0123,2025-07-16,19.67,app,delivery,completed
ORD-0050254,R-0123,2025-07-03,28.12,web,pickup,completed
ORD-0050255,R-0123,2025-07-22,26.77,web,delivery,completed
ORD-0050256,R-0123,2025-07-08,39.32,app,delivery,completed
ORD-0050418,R-0124,2025-07-17,46.10,app,pickup,Completed
ORD-0050419,R-0124,2025-07-05,22.26,app,delivery,completed
ORD-0050420,R-0124,2025-07-26,27.97,app,delivery,completed
ORD-0050421,R-0124,2025-07-11,33.18,app,delivery,completed
ORD-0050422,R-0124,2025-07-20,38.65,web,pickup,completed
ORD-0050423,R-0124,2025-07-23,23.30,app,pickup,completed
ORD-0050424,R-0124,2025-07-17,31.73,web,pickup,completed
ORD-0050425,R-0124,2025-07-03,29.08,web,pickup,completed
ORD-0050426,R-0124,2025-07-07,29.09,web,delivery,completed
ORD-0050427,R-0124,2025-07-04,29.03,web,delivery,completed
ORD-0050428,R-0124,2025-07-31,33.63,app,delivery,completed
ORD-0050429,R-0124,2025-07-05,17.58,web,pickup,completed
ORD-0050430,R-0124,2025-07-17,22.12,app,delivery,completed
ORD-0050431,R-0124,2025-07-29,52.93,app,delivery,completed
ORD-0050432,R-0124,2025-07-22,19.64,app,delivery,completed
ORD-0050433,R-0124,2025-07-12,46.12,app,delivery,completed
ORD-0050434,R-0124,2025-07-01,23.09,web,delivery,completed
ORD-0050435,R-0124,2025-07-03,30.32,app,pickup,completed
ORD-0050436,R-0124,2025-07-27,33.47,web,pickup,completed
ORD-0050437,R-0124,2025-07-11,28.57,app,pickup,completed
ORD-0050438,R-0124,2025-07-29,31.86,web,delivery,completed
ORD-0050439,R-0124,2025-07-29,30.69,web,pickup,completed
ORD-0050440,R-0124,2025-07-12,22.85,web,delivery,completed
ORD-0050441,R-0124,2025-07-27,32.42,web,pickup,completed
ORD-0050442,R-0124,2025-07-04,33.11,app,pickup,completed
ORD-0050443,R-0124,2025-07-29,21.21,web,delivery,completed
ORD-0050444,R-0124,2025-07-26,44.88,app,delivery,completed
ORD-0050445,R-0124,2025-07-13,61.89,web,delivery,completed
ORD-0050446,R-0124,2025-07-11,29.56,app,delivery,completed
ORD-0050447,R-0124,2025-07-25,26.99,app,delivery,completed
ORD-0050448,R-0124,2025-07-25,63.20,web,delivery,completed
ORD-0050449,R-0124,2025-07-23,17.91,web,delivery,COMPLETED
ORD-0050450,R-0124,2025-07-17,20.27,app,delivery,COMPLETED
ORD-0050451,R-0124,2025-07-23,31.06,app,pickup,completed
ORD-0050452,R-0124,2025-07-10,36.02,app,delivery,completed
ORD-0050453,R-0124,2025-07-27,52.10,app,delivery,completed
ORD-0050454,R-0124,2025-07-02,35.52,web,delivery,Completed
ORD-0050455,R-0124,2025-07-17,35.58,app,delivery,completed
ORD-0051620,R-0126,2025-07-10,14.19,app,pickup,completed
ORD-0051621,R-0126,2025-07-14,24.46,web,pickup,completed
ORD-0051622,R-0126,2025-07-28,27.63,app,pickup,completed
ORD-0051623,R-0126,2025-07-26,26.30,app,delivery,completed
ORD-0051624,R-0126,2025-07-05,16.68,web,delivery,completed
ORD-0051625,R-0126,2025-07-11,35.07,web,delivery,completed
ORD-0051626,R-0126,2025-07-18,19.37,web,pickup,completed
ORD-0051627,R-0126,2025-07-25,37.36,app,delivery,completed
ORD-0051628,R-0126,2025-07-21,24.84,web,pickup,completed
ORD-0051629,R-0126,2025-07-24,20.72,app,delivery,COMPLETED
ORD-0051630,R-0126,2025-07-15,20.76,web,delivery,completed
ORD-0051631,R-0126,2025-07-15,27.14,web,delivery,completed
ORD-0051632,R-0126,2025-07-01,11.46,app,delivery,completed
ORD-0051633,R-0126,2025-07-26,14.50,app,delivery,completed
ORD-0051634,R-0126,2025-07-17,39.70,app,pickup,completed
ORD-0051635,R-0126,2025-07-09,22.35,web,delivery,COMPLETED
ORD-0051636,R-0126,2025-07-14,29.16,app,pickup,completed
ORD-0051637,R-0126,2025-07-10,33.43,app,delivery,Refunded
ORD-0051638,R-0126,2025-07-05,22.70,app,delivery,completed
ORD-0051639,R-0126,2025-07-31,18.03,web,pickup,completed
ORD-0051640,R-0126,2025-07-26,28.98,app,delivery,completed
ORD-0051641,R-0126,2025-07-18,21.56,web,delivery,completed
ORD-0051642,R-0126,2025-07-18,36.32,app,delivery,completed
ORD-0051643,R-0126,2025-07-19,38.52,web,pickup,completed
ORD-0051644,R-0126,2025-07-05,19.41,app,delivery,completed
ORD-0051645,R-0126,2025-07-22,22.30,app,delivery,completed
ORD-0051646,R-0126,2025-07-27,24.28,app,pickup,completed
ORD-0051647,R-0126,2025-07-04,16.06,web,pickup,completed
ORD-0051648,R-0126,2025-07-15,14.23,web,pickup,completed
ORD-0051649,R-0126,2025-07-29,20.45,web,pickup,completed
ORD-0051650,R-0126,2025-07-18,21.59,app,pickup,completed
ORD-0051651,R-0126,2025-07-05,12.92,app,pickup,completed
ORD-0051652,R-0126,2025-07-30,22.65,web,pickup,completed
ORD-0051653,R-0126,2025-07-11,28.90,app,pickup,completed
ORD-0051654,R-0126,2025-07-04,22.44,web,delivery,completed
ORD-0051655,R-0126,2025-07-20,39.72,app,pickup,completed
ORD-0051656,R-0126,2025-07-15,19.74,app,pickup,completed
ORD-0051657,R-0126,2025-07-19,31.13,app,delivery,refunded
ORD-0051658,R-0126,2025-07-19,44.36,web,delivery,completed
ORD-0051659,R-0126,2025-07-17,19.07,web,delivery,COMPLETED
ORD-0051660,R-0126,2025-07-10,28.89,web,pickup,completed
ORD-0051661,R-0126,2025-07-19,20.86,web,delivery,completed
ORD-0051662,R-0126,2025-07-25,21.90,web,pickup,Completed
ORD-0051663,R-0126,2025-07-12,29.77,app,delivery,completed
ORD-0051664,R-0126,2025-07-09,24.93,web,pickup,completed
ORD-0051665,R-0126,2025-07-07,49.05,app,delivery,COMPLETED
ORD-0051666,R-0126,2025-07-11,42.26,web,delivery,completed
ORD-0051667,R-0126,2025-07-02,20.67,web,delivery,completed
ORD-0051668,R-0126,2025-07-06,33.25,app,delivery,completed
ORD-0051669,R-0126,2025-07-18,36.70,app,delivery,completed
ORD-0051670,R-0126,2025-07-19,13.98,web,pickup,Completed
ORD-0051671,R-0126,2025-07-07,16.55,app,delivery,completed
ORD-0051672,R-0126,2025-07-02,24.31,app,pickup,completed
ORD-0051673,R-0126,2025-07-02,26.92,app,pickup,completed
ORD-0051674,R-0126,2025-07-26,16.74,app,pickup,completed
ORD-0051675,R-0126,2025-07-10,29.85,app,delivery,completed
ORD-0051676,R-0126,2025-07-12,22.93,app,delivery,completed
ORD-0051677,R-0126,2025-07-01,20.47,web,delivery,completed
ORD-0051678,R-0126,2025-07-09,35.59,app,delivery,completed
ORD-0051679,R-0126,2025-07-06,31.77,app,pickup,completed
ORD-0051680,R-0126,2025-07-24,38.00,app,delivery,COMPLETED
ORD-0051681,R-0126,2025-07-18,25.11,app,pickup,completed
ORD-0051682,R-0126,2025-07-23,22.17,app,pickup,completed
ORD-0051683,R-0126,2025-07-23,14.27,web,pickup,completed
ORD-0051684,R-0126,2025-07-18,33.17,web,delivery,cancelled
ORD-0051685,R-0126,2025-07-01,26.97,web,pickup,completed
ORD-0051686,R-0126,2025-07-13,22.84,web,delivery,refunded
ORD-0051687,R-0126,2025-07-21,19.34,web,pickup,completed
ORD-0051688,R-0126,2025-07-05,31.48,app,delivery,completed
ORD-0051689,R-0126,2025-07-23,18.46,web,delivery,completed
ORD-0051690,R-0126,2025-07-02,18.23,app,pickup,completed
ORD-0051691,R-0126,2025-07-11,12.22,app,pickup,completed
ORD-0051692,R-0126,2025-07-09,14.59,web,delivery,completed
ORD-0051693,R-0126,2025-07-29,27.55,app,delivery,completed
ORD-0051694,R-0126,2025-07-19,20.95,app,delivery,completed
ORD-0051695,R-0126,2025-07-25,48.32,app,delivery,completed
ORD-0051696,R-0126,2025-07-18,26.39,web,delivery,completed
ORD-0051697,R-0126,2025-07-28,39.94,app,delivery,completed
ORD-0051698,R-0126,2025-07-17,22.33,app,pickup,completed
ORD-0051699,R-0126,2025-07-13,44.11,web,delivery,cancelled
ORD-0051700,R-0126,2025-07-05,15.99,app,pickup,completed
ORD-0051701,R-0126,2025-07-23,37.94,web,delivery,completed
ORD-0051702,R-0126,2025-07-25,33.55,app,delivery,completed
ORD-0051703,R-0126,2025-07-25,22.59,web,pickup,completed
ORD-0051704,R-0126,2025-07-10,56.89,web,delivery,completed
ORD-0051705,R-0126,2025-07-12,13.41,app,delivery,completed
ORD-0051706,R-0126,2025-07-25,22.01,app,delivery,completed
ORD-0051707,R-0126,2025-07-16,32.09,web,pickup,completed
ORD-0051708,R-0126,2025-07-27,26.06,web,delivery,completed
ORD-0051709,R-0126,2025-07-01,15.18,app,delivery,Completed
ORD-0051710,R-0126,2025-07-03,13.45,web,pickup,completed
ORD-0051711,R-0126,2025-07-04,18.01,web,delivery,completed
ORD-0051712,R-0126,2025-07-05,30.60,app,delivery,completed
ORD-0051713,R-0126,2025-07-30,29.97,web,delivery,COMPLETED
ORD-0051714,R-0126,2025-07-10,19.12,web,pickup,completed
ORD-0051715,R-0126,2025-07-16,46.94,app,delivery,completed
ORD-0051716,R-0126,2025-07-22,18.21,app,pickup,completed
ORD-0051717,R-0126,2025-07-23,21.53,app,delivery,completed
ORD-0051718,R-0126,2025-07-31,49.79,app,pickup,completed
ORD-0051719,R-0126,2025-07-10,27.40,web,delivery,completed
ORD-0051720,R-0126,2025-07-16,52.76,app,delivery,completed
ORD-0051721,R-0126,2025-07-27,8.26,app,pickup,completed
ORD-0051722,R-0126,2025-07-30,20.20,app,pickup,COMPLETED
ORD-0051723,R-0126,2025-07-13,31.33,app,delivery,completed
ORD-0051724,R-0126,2025-07-30,12.37,app,delivery,cancelled
ORD-0051725,R-0126,2025-07-19,36.67,web,pickup,completed
ORD-0051726,R-0126,2025-07-23,57.20,app,pickup,completed
ORD-0051727,R-0126,2025-07-26,20.95,web,delivery,completed
ORD-0051728,R-0126,2025-07-18,26.25,app,pickup,completed
ORD-0051729,R-0126,2025-07-14,31.90,app,pickup,completed
ORD-0051730,R-0126,2025-07-12,21.30,app,pickup,completed
ORD-0051731,R-0126,2025-07-16,23.63,web,delivery,completed
ORD-0051732,R-0126,2025-07-05,25.85,app,pickup,completed
ORD-0051733,R-0126,2025-07-14,17.66,web,delivery,completed
ORD-0051734,R-0126,2025-07-21,20.37,app,pickup,completed
ORD-0051735,R-0126,2025-07-15,25.81,web,delivery,completed
ORD-0051736,R-0126,2025-07-10,22.00,app,pickup,completed
ORD-0051737,R-0126,2025-07-13,35.84,app,pickup,COMPLETED
ORD-0051738,R-0126,2025-07-12,33.71,app,delivery,completed
ORD-0051739,R-0126,2025-07-11,33.84,app,pickup,Completed
ORD-0051740,R-0126,2025-07-02,30.93,web,pickup,completed
ORD-0051741,R-0126,2025-07-04,33.23,web,pickup,completed
ORD-0051742,R-0126,2025-07-08,31.77,app,delivery,completed
ORD-0051743,R-0126,2025-07-27,26.57,web,pickup,completed
ORD-0051744,R-0126,2025-07-28,17.96,web,delivery,completed
ORD-0051745,R-0126,2025-07-02,66.26,app,delivery,completed
ORD-0051746,R-0126,2025-07-09,17.34,app,delivery,completed
ORD-0051747,R-0126,2025-07-02,47.49,app,pickup,completed
ORD-0051748,R-0126,2025-07-17,27.47,app,pickup,COMPLETED
ORD-0051749,R-0126,2025-07-08,45.96,app,delivery,completed
ORD-0051750,R-0126,2025-07-08,32.29,web,delivery,completed
ORD-0051751,R-0126,2025-07-12,22.30,web,pickup,completed
ORD-0051752,R-0126,2025-07-30,28.92,app,pickup,completed
ORD-0051753,R-0126,2025-07-12,30.54,app,delivery,completed
ORD-0051754,R-0126,2025-07-03,10.30,app,delivery,completed
ORD-0051755,R-0126,2025-07-20,10.22,app,pickup,completed
ORD-0051756,R-0126,2025-07-04,68.08,web,delivery,completed
ORD-0051757,R-0126,2025-07-13,45.66,app,delivery,completed
ORD-0056815,R-0136,2025-07-18,27.29,app,delivery,completed
ORD-0056816,R-0136,2025-07-28,19.37,app,delivery,completed
ORD-0056817,R-0136,2025-07-10,15.12,app,delivery,cancelled
ORD-0056818,R-0136,2025-07-14,19.05,app,delivery,completed
ORD-0056819,R-0136,2025-07-09,33.48,app,delivery,completed
ORD-0056820,R-0136,2025-07-12,23.51,app,delivery,completed
ORD-0056821,R-0136,2025-07-11,39.83,web,delivery,completed
ORD-0056822,R-0136,2025-07-18,91.18,app,pickup,completed
ORD-0056823,R-0136,2025-07-27,16.77,app,pickup,completed
ORD-0056824,R-0136,2025-07-08,32.28,app,delivery,completed
ORD-0056825,R-0136,2025-07-13,54.16,app,pickup,completed
ORD-0056826,R-0136,2025-07-30,50.95,app,delivery,completed
ORD-0056827,R-0136,2025-07-31,29.02,app,pickup,COMPLETED
ORD-0056828,R-0136,2025-07-27,25.70,app,delivery,REFUNDED
ORD-0056829,R-0136,2025-07-29,40.21,app,delivery,cancelled
ORD-0056830,R-0136,2025-07-20,29.33,app,pickup,completed
ORD-0056831,R-0136,2025-07-22,41.95,app,delivery,completed
ORD-0056832,R-0136,2025-07-07,34.75,web,delivery,completed
ORD-0056833,R-0136,2025-07-19,37.83,web,delivery,completed
ORD-0056834,R-0136,2025-07-31,33.54,app,delivery,completed
ORD-0056835,R-0136,2025-07-15,27.38,app,delivery,completed
ORD-0056836,R-0136,2025-07-23,21.40,app,delivery,completed
ORD-0056837,R-0136,2025-07-05,49.21,app,pickup,COMPLETED
ORD-0056838,R-0136,2025-07-27,23.95,app,pickup,Completed
ORD-0056839,R-0136,2025-07-16,24.86,app,pickup,completed
ORD-0056840,R-0136,2025-07-26,19.20,app,pickup,completed
ORD-0056841,R-0136,2025-07-06,18.03,app,delivery,completed
ORD-0056842,R-0136,2025-07-05,35.62,app,delivery,cancelled
ORD-0056843,R-0136,2025-07-18,53.53,app,pickup,completed
ORD-0056844,R-0136,2025-07-26,58.39,app,delivery,completed
ORD-0056845,R-0136,2025-07-19,39.34,app,delivery,completed
ORD-0056846,R-0136,2025-07-23,35.40,app,delivery,completed
ORD-0056847,R-0136,2025-07-15,59.01,app,delivery,completed
ORD-0056848,R-0136,2025-07-18,60.88,app,delivery,completed
ORD-0056849,R-0136,2025-07-06,21.81,app,delivery,COMPLETED
ORD-0056850,R-0136,2025-07-01,16.23,app,pickup,completed
ORD-0056851,R-0136,2025-07-19,42.45,app,delivery,completed
ORD-0056852,R-0136,2025-07-13,28.31,app,delivery,completed
ORD-0056853,R-0136,2025-07-12,22.86,web,delivery,completed
ORD-0056854,R-0136,2025-07-04,50.00,app,pickup,completed
ORD-0056855,R-0136,2025-07-09,42.86,app,delivery,cancelled
ORD-0056856,R-0136,2025-07-21,12.46,app,pickup,Completed
ORD-0056857,R-0136,2025-07-09,37.47,app,pickup,completed
ORD-0056858,R-0136,2025-07-24,43.06,app,delivery,completed
ORD-0056859,R-0136,2025-07-05,28.04,app,pickup,completed
ORD-0056860,R-0136,2025-07-20,37.80,app,delivery,completed
ORD-0056861,R-0136,2025-07-12,25.06,app,delivery,completed
ORD-0056862,R-0136,2025-07-20,26.55,app,delivery,completed
ORD-0057694,R-0141,2025-07-01,29.52,web,pickup,completed
ORD-0057695,R-0141,2025-07-23,24.75,web,pickup,completed
ORD-0057696,R-0141,2025-07-16,18.30,app,pickup,Completed
ORD-0057697,R-0141,2025-07-19,23.43,web,pickup,completed
ORD-0057698,R-0141,2025-07-21,18.61,app,pickup,completed
ORD-0057699,R-0141,2025-07-05,18.65,app,pickup,Completed
ORD-0057700,R-0141,2025-07-13,30.31,web,pickup,completed
ORD-0057701,R-0141,2025-07-12,19.50,app,pickup,refunded
ORD-0057702,R-0141,2025-07-19,17.96,app,pickup,cancelled
ORD-0057703,R-0141,2025-07-31,30.83,web,delivery,completed
ORD-0057704,R-0141,2025-07-26,27.19,web,pickup,completed
ORD-0057705,R-0141,2025-07-24,16.91,app,pickup,COMPLETED
ORD-0057706,R-0141,2025-07-05,13.27,web,delivery,completed
ORD-0057707,R-0141,2025-07-30,27.71,app,delivery,completed
ORD-0057708,R-0141,2025-07-19,27.47,app,delivery,completed
ORD-0057709,R-0141,2025-07-19,13.15,app,delivery,COMPLETED
ORD-0057710,R-0141,2025-07-25,37.75,web,delivery,completed
ORD-0057711,R-0141,2025-07-06,23.70,app,pickup,completed
ORD-0057712,R-0141,2025-07-01,21.26,app,delivery,completed
ORD-0057713,R-0141,2025-07-17,14.15,app,pickup,COMPLETED
ORD-0057714,R-0141,2025-07-19,28.19,web,pickup,completed
ORD-0057715,R-0141,2025-07-14,67.90,app,pickup,completed
ORD-0057716,R-0141,2025-07-02,19.77,app,pickup,Completed
ORD-0057717,R-0141,2025-07-04,27.52,app,delivery,completed
ORD-0057718,R-0141,2025-07-17,13.92,app,delivery,completed
ORD-0057719,R-0141,2025-07-31,11.26,app,delivery,COMPLETED
ORD-0057720,R-0141,2025-07-03,27.97,app,delivery,completed
ORD-0057721,R-0141,2025-07-19,8.93,app,delivery,COMPLETED
ORD-0057722,R-0141,2025-07-28,44.91,app,pickup,completed
ORD-0057723,R-0141,2025-07-17,18.21,app,pickup,completed
ORD-0057724,R-0141,2025-07-25,49.82,app,delivery,completed
ORD-0057725,R-0141,2025-07-11,38.52,app,pickup,COMPLETED
ORD-0057726,R-0141,2025-07-23,30.38,web,delivery,Completed
ORD-0057727,R-0141,2025-07-26,24.54,app,pickup,completed
ORD-0057728,R-0141,2025-07-05,19.75,web,pickup,completed
ORD-0057729,R-0141,2025-07-16,16.61,web,delivery,cancelled
ORD-0057730,R-0141,2025-07-17,9.63,app,pickup,completed
ORD-0057731,R-0141,2025-07-08,38.74,web,delivery,completed
ORD-0057732,R-0141,2025-07-29,29.91,web,pickup,completed
ORD-0057733,R-0141,2025-07-28,30.90,app,pickup,completed
ORD-0057734,R-0141,2025-07-03,19.07,app,pickup,completed
ORD-0057735,R-0141,2025-07-10,25.41,app,pickup,completed
ORD-0057736,R-0141,2025-07-06,39.14,web,pickup,COMPLETED
ORD-0057737,R-0141,2025-07-05,48.39,web,delivery,COMPLETED
ORD-0057738,R-0141,2025-07-31,19.15,web,pickup,completed
ORD-0057739,R-0141,2025-07-25,15.47,app,pickup,completed
ORD-0057740,R-0141,2025-07-18,19.15,app,pickup,COMPLETED
ORD-0057741,R-0141,2025-07-26,28.03,app,delivery,COMPLETED
ORD-0057742,R-0141,2025-07-07,13.23,web,delivery,completed
ORD-0057743,R-0141,2025-07-26,25.60,app,pickup,completed
ORD-0057744,R-0141,2025-07-08,22.89,app,pickup,completed
ORD-0057745,R-0141,2025-07-26,48.38,web,pickup,completed
ORD-0057746,R-0141,2025-07-02,25.95,web,pickup,completed
ORD-0058871,R-0142,2025-07-25,32.14,app,pickup,completed
ORD-0058872,R-0142,2025-07-07,48.01,web,pickup,Completed
ORD-0058873,R-0142,2025-07-27,49.00,app,pickup,completed
ORD-0058874,R-0142,2025-07-20,21.05,web,pickup,cancelled
ORD-0058875,R-0142,2025-07-07,40.69,web,pickup,COMPLETED
ORD-0058876,R-0142,2025-07-09,30.92,app,delivery,completed
ORD-0058877,R-0142,2025-07-26,23.96,app,delivery,completed
ORD-0058878,R-0142,2025-07-17,31.07,web,pickup,Completed
ORD-0059379,R-0143,2025-07-07,38.79,app,pickup,completed
ORD-0059380,R-0143,2025-07-06,46.92,app,pickup,completed
ORD-0059381,R-0143,2025-07-19,63.00,app,pickup,completed
ORD-0059382,R-0143,2025-07-12,53.23,app,pickup,completed
ORD-0059383,R-0143,2025-07-17,48.01,app,delivery,completed
ORD-0059384,R-0143,2025-07-24,26.48,web,pickup,completed
ORD-0059385,R-0143,2025-07-06,37.61,app,pickup,completed
ORD-0059386,R-0143,2025-07-06,69.29,web,pickup,completed
ORD-0059387,R-0143,2025-07-18,62.83,web,pickup,cancelled
ORD-0059388,R-0143,2025-07-05,106.34,app,pickup,completed
ORD-0059389,R-0143,2025-07-28,60.89,app,pickup,completed
ORD-0059390,R-0143,2025-07-29,44.62,app,pickup,completed
ORD-0059391,R-0143,2025-07-02,49.71,web,delivery,Completed
ORD-0059392,R-0143,2025-07-20,93.78,app,delivery,completed
ORD-0059393,R-0143,2025-07-14,94.09,web,delivery,completed
ORD-0059394,R-0143,2025-07-18,78.44,web,pickup,completed
ORD-0059395,R-0143,2025-07-06,35.87,app,pickup,completed
ORD-0059396,R-0143,2025-07-19,47.74,app,delivery,completed
ORD-0059397,R-0143,2025-07-15,51.07,app,pickup,completed
ORD-0059398,R-0143,2025-07-02,44.08,app,pickup,Completed
ORD-0059399,R-0143,2025-07-04,28.82,app,pickup,completed
ORD-0059400,R-0143,2025-07-18,57.65,app,pickup,completed
ORD-0059401,R-0143,2025-07-04,73.87,web,pickup,completed
ORD-0059402,R-0143,2025-07-30,70.49,web,pickup,Completed
ORD-0059403,R-0143,2025-07-12,28.57,app,pickup,completed
ORD-0059404,R-0143,2025-07-19,75.20,app,pickup,completed
ORD-0059405,R-0143,2025-07-05,37.86,web,delivery,completed
ORD-0059480,R-0144,2025-07-13,49.02,app,delivery,completed
ORD-0059481,R-0144,2025-07-22,19.76,web,pickup,completed
ORD-0059482,R-0144,2025-07-23,61.94,web,pickup,completed
ORD-0059483,R-0144,2025-07-18,49.33,app,pickup,completed
ORD-0059484,R-0144,2025-07-12,31.01,app,delivery,completed
ORD-0059485,R-0144,2025-07-13,43.83,web,pickup,completed
ORD-0059486,R-0144,2025-07-27,45.67,web,delivery,completed
ORD-0059487,R-0144,2025-07-29,61.59,app,pickup,completed
ORD-0059488,R-0144,2025-07-28,28.25,app,pickup,completed
ORD-0059489,R-0144,2025-07-01,28.48,web,pickup,COMPLETED
ORD-0059490,R-0144,2025-07-14,20.53,web,delivery,completed
ORD-0059491,R-0144,2025-07-04,83.04,web,pickup,completed
ORD-0059492,R-0144,2025-07-20,22.65,web,pickup,completed
ORD-0059493,R-0144,2025-07-13,32.80,web,pickup,completed
ORD-0059494,R-0144,2025-07-12,37.09,web,pickup,completed
ORD-0059495,R-0144,2025-07-07,19.76,app,pickup,completed
ORD-0059496,R-0144,2025-07-25,59.67,web,delivery,completed
ORD-0059497,R-0144,2025-07-12,143.07,web,delivery,completed
ORD-0059498,R-0144,2025-07-27,24.07,web,pickup,completed
ORD-0059499,R-0144,2025-07-20,27.41,web,pickup,completed
ORD-0059500,R-0144,2025-07-05,78.87,web,pickup,completed
ORD-0059501,R-0144,2025-07-29,23.39,web,pickup,completed
ORD-0059502,R-0144,2025-07-05,16.79,web,pickup,completed
ORD-0059503,R-0144,2025-07-05,28.30,app,pickup,completed
ORD-0059504,R-0144,2025-07-03,41.10,web,delivery,completed
ORD-0059505,R-0144,2025-07-21,23.47,web,delivery,completed
ORD-0059506,R-0144,2025-07-24,14.06,web,pickup,completed
ORD-0060335,R-0146,2025-07-30,27.34,web,pickup,completed
ORD-0060336,R-0146,2025-07-01,38.13,app,delivery,completed
ORD-0060337,R-0146,2025-07-26,19.84,web,pickup,completed
ORD-0060338,R-0146,2025-07-17,20.50,web,pickup,completed
ORD-0060339,R-0146,2025-07-18,25.69,app,pickup,completed
ORD-0060340,R-0146,2025-07-12,34.71,app,pickup,completed
ORD-0060341,R-0146,2025-07-08,55.25,web,pickup,completed
ORD-0060342,R-0146,2025-07-06,20.52,app,pickup,completed
ORD-0060343,R-0146,2025-07-15,59.08,app,delivery,completed
ORD-0060344,R-0146,2025-07-09,23.42,web,delivery,completed
ORD-0060345,R-0146,2025-07-10,28.44,web,pickup,completed
ORD-0060346,R-0146,2025-07-19,46.83,web,delivery,completed
ORD-0060347,R-0146,2025-07-19,27.63,app,pickup,COMPLETED
ORD-0060348,R-0146,2025-07-17,34.54,app,pickup,completed
ORD-0060349,R-0146,2025-07-12,57.49,web,delivery,completed
ORD-0060350,R-0146,2025-07-09,34.06,web,pickup,completed
ORD-0060351,R-0146,2025-07-12,27.57,app,pickup,completed
ORD-0060352,R-0146,2025-07-20,51.65,web,delivery,Completed
ORD-0060353,R-0146,2025-07-29,39.71,web,delivery,completed
ORD-0060354,R-0146,2025-07-16,36.19,app,pickup,completed
ORD-0060355,R-0146,2025-07-31,26.97,web,pickup,completed
ORD-0060356,R-0146,2025-07-12,37.91,web,delivery,completed
ORD-0060357,R-0146,2025-07-18,41.15,app,pickup,completed
ORD-0060358,R-0146,2025-07-31,34.65,app,delivery,completed
ORD-0060359,R-0146,2025-07-10,39.32,app,pickup,completed
ORD-0060360,R-0146,2025-07-19,40.54,app,pickup,completed
ORD-0060361,R-0146,2025-07-26,38.05,web,delivery,completed
ORD-0060362,R-0146,2025-07-11,28.36,app,delivery,Completed
ORD-0060363,R-0146,2025-07-19,29.87,app,pickup,completed
ORD-0060364,R-0146,2025-07-26,29.26,app,pickup,COMPLETED
ORD-0060365,R-0146,2025-07-26,34.43,app,delivery,COMPLETED
ORD-0060366,R-0146,2025-07-15,29.73,web,pickup,completed
ORD-0060367,R-0146,2025-07-31,27.35,web,delivery,completed
ORD-0060368,R-0146,2025-07-20,27.99,app,delivery,COMPLETED
ORD-0060369,R-0146,2025-07-05,50.82,app,delivery,completed
ORD-0060370,R-0146,2025-07-19,42.65,app,pickup,completed
ORD-0060371,R-0146,2025-07-12,33.67,web,delivery,Completed
ORD-0060372,R-0146,2025-07-12,20.85,web,pickup,completed
ORD-0060373,R-0146,2025-07-09,27.44,web,pickup,completed
ORD-0060374,R-0146,2025-07-31,21.55,web,delivery,COMPLETED
ORD-0060375,R-0146,2025-07-29,32.27,web,pickup,completed
ORD-0060376,R-0146,2025-07-26,34.54,app,pickup,completed
ORD-0060377,R-0146,2025-07-24,32.30,web,delivery,completed
ORD-0060378,R-0146,2025-07-06,28.39,web,delivery,completed
ORD-0060379,R-0146,2025-07-26,50.26,web,delivery,COMPLETED
ORD-0060380,R-0146,2025-07-09,34.31,web,delivery,completed
ORD-0060381,R-0146,2025-07-20,31.27,app,pickup,completed
ORD-0060382,R-0146,2025-07-25,29.51,app,delivery,CANCELLED
ORD-0060383,R-0146,2025-07-22,29.42,web,delivery,completed
ORD-0060384,R-0146,2025-07-27,49.27,web,delivery,completed
ORD-0060385,R-0146,2025-07-03,22.89,web,pickup,completed
ORD-0060386,R-0146,2025-07-04,33.33,app,pickup,refunded
ORD-0060387,R-0146,2025-07-09,24.83,app,delivery,COMPLETED
ORD-0060388,R-0146,2025-07-12,40.13,web,pickup,completed
ORD-0060389,R-0146,2025-07-20,44.52,web,delivery,completed
ORD-0060390,R-0146,2025-07-20,42.33,web,pickup,completed
ORD-0060391,R-0146,2025-07-27,46.50,web,pickup,COMPLETED
ORD-0060392,R-0146,2025-07-04,36.54,app,delivery,Completed
ORD-0060393,R-0146,2025-07-19,35.14,web,delivery,completed
ORD-0060394,R-0146,2025-07-18,30.50,web,pickup,completed
ORD-0060395,R-0146,2025-07-12,23.16,app,delivery,completed
ORD-0060396,R-0146,2025-07-17,29.48,app,delivery,completed
ORD-0060397,R-0146,2025-07-13,26.85,web,pickup,completed
ORD-0060398,R-0146,2025-07-24,38.79,app,pickup,completed
ORD-0060399,R-0146,2025-07-05,20.14,app,pickup,completed
ORD-0060400,R-0146,2025-07-25,51.47,web,pickup,completed
ORD-0060401,R-0146,2025-07-24,19.09,web,pickup,completed
ORD-0060402,R-0146,2025-07-15,38.20,web,pickup,COMPLETED
ORD-0060403,R-0146,2025-07-08,22.34,web,pickup,completed
ORD-0060404,R-0146,2025-07-23,23.55,web,pickup,completed
ORD-0060405,R-0146,2025-07-13,34.34,web,delivery,Completed
ORD-0060406,R-0146,2025-07-19,36.18,web,pickup,completed
ORD-0060407,R-0146,2025-07-08,33.77,web,delivery,completed
ORD-0060408,R-0146,2025-07-06,21.96,app,pickup,completed
ORD-0060409,R-0146,2025-07-13,39.34,web,delivery,completed
ORD-0060410,R-0146,2025-07-18,44.44,app,pickup,completed
ORD-0060411,R-0146,2025-07-15,27.14,web,pickup,completed
ORD-0060412,R-0146,2025-07-06,34.23,web,pickup,completed
ORD-0060413,R-0146,2025-07-26,39.78,web,delivery,COMPLETED
ORD-0060414,R-0146,2025-07-12,23.23,web,delivery,completed
ORD-0060415,R-0146,2025-07-29,39.12,app,delivery,completed
ORD-0060416,R-0146,2025-07-13,26.71,web,delivery,completed
ORD-0060417,R-0146,2025-07-23,22.28,web,pickup,completed
ORD-0060418,R-0146,2025-07-12,30.80,app,pickup,completed
ORD-0060419,R-0146,2025-07-14,35.27,app,delivery,completed
ORD-0060420,R-0146,2025-07-07,29.71,app,delivery,completed
ORD-0060421,R-0146,2025-07-25,65.34,app,pickup,completed
ORD-0060422,R-0146,2025-07-23,38.50,web,delivery,completed
ORD-0060423,R-0146,2025-07-17,29.64,web,delivery,completed
ORD-0060424,R-0146,2025-07-28,34.07,web,delivery,completed
ORD-0060425,R-0146,2025-07-10,23.10,web,delivery,completed
ORD-0060426,R-0146,2025-07-04,43.47,app,pickup,completed
ORD-0060427,R-0146,2025-07-27,20.87,web,pickup,completed
ORD-0060428,R-0146,2025-07-11,27.51,app,pickup,COMPLETED
ORD-0060429,R-0146,2025-07-01,21.67,web,pickup,completed
ORD-0060430,R-0146,2025-07-26,34.78,app,pickup,completed
ORD-0060431,R-0146,2025-07-06,39.97,web,pickup,Completed
ORD-0060432,R-0146,2025-07-09,32.68,web,pickup,completed
ORD-0060433,R-0146,2025-07-16,23.42,web,delivery,completed
ORD-0060434,R-0146,2025-07-19,42.77,web,pickup,completed
ORD-0060435,R-0146,2025-07-18,30.09,app,pickup,completed
ORD-0060436,R-0146,2025-07-11,41.85,app,pickup,completed
ORD-0060437,R-0146,2025-07-18,27.36,app,delivery,completed
ORD-0060438,R-0146,2025-07-28,38.90,web,pickup,completed
ORD-0060439,R-0146,2025-07-09,26.21,app,delivery,completed
ORD-0060440,R-0146,2025-07-02,26.32,app,delivery,completed
ORD-0060441,R-0146,2025-07-12,16.79,app,delivery,completed
ORD-0060442,R-0146,2025-07-11,57.08,web,delivery,completed
ORD-0060443,R-0146,2025-07-14,19.59,app,pickup,completed
ORD-0060444,R-0146,2025-07-26,57.17,web,delivery,completed
ORD-0060445,R-0146,2025-07-28,35.62,app,delivery,completed
ORD-0060446,R-0146,2025-07-20,37.96,web,pickup,completed
ORD-0060447,R-0146,2025-07-29,19.90,web,pickup,completed
ORD-0060448,R-0146,2025-07-30,22.35,app,delivery,completed
ORD-0060449,R-0146,2025-07-02,32.16,web,pickup,completed
ORD-0060450,R-0146,2025-07-08,25.91,web,delivery,completed
ORD-0060451,R-0146,2025-07-04,25.76,web,pickup,completed
ORD-0060452,R-0146,2025-07-01,32.10,web,pickup,completed
ORD-0060453,R-0146,2025-07-21,30.74,app,delivery,completed
ORD-0060454,R-0146,2025-07-16,40.18,app,delivery,completed
ORD-0060455,R-0146,2025-07-16,15.54,web,delivery,completed
ORD-0060456,R-0146,2025-07-04,26.20,web,pickup,Completed
ORD-0060457,R-0146,2025-07-31,19.87,app,delivery,completed
ORD-0060458,R-0146,2025-07-20,37.70,app,delivery,completed
ORD-0060459,R-0146,2025-07-03,24.57,app,delivery,completed
ORD-0060460,R-0146,2025-07-12,26.44,app,pickup,completed
ORD-0060461,R-0146,2025-07-19,54.28,web,pickup,completed
ORD-0060462,R-0146,2025-07-13,27.28,web,delivery,completed
ORD-0060463,R-0146,2025-07-27,31.97,app,pickup,completed
ORD-0060464,R-0146,2025-07-06,37.82,app,delivery,completed
ORD-0060465,R-0146,2025-07-21,20.06,web,delivery,COMPLETED
ORD-0060466,R-0146,2025-07-18,52.23,web,pickup,COMPLETED
ORD-0060467,R-0146,2025-07-10,29.11,app,delivery,completed
ORD-0060468,R-0146,2025-07-28,27.43,app,pickup,completed
ORD-0060469,R-0146,2025-07-09,39.28,app,pickup,completed
ORD-0060470,R-0146,2025-07-12,36.00,web,delivery,COMPLETED
ORD-0060471,R-0146,2025-07-18,48.99,web,pickup,completed
ORD-0060472,R-0146,2025-07-20,32.17,app,pickup,completed
ORD-0060473,R-0146,2025-07-06,27.08,web,pickup,completed
ORD-0060474,R-0146,2025-07-21,38.84,web,pickup,completed
ORD-0060475,R-0146,2025-07-01,25.17,web,pickup,COMPLETED
ORD-0060476,R-0146,2025-07-04,40.23,web,delivery,completed
ORD-0060477,R-0146,2025-07-12,23.77,web,pickup,completed
ORD-0060478,R-0146,2025-07-10,27.51,web,pickup,completed
ORD-0060479,R-0146,2025-07-20,46.03,web,pickup,completed
ORD-0060480,R-0146,2025-07-27,31.84,app,pickup,completed
ORD-0060481,R-0146,2025-07-31,45.36,app,pickup,COMPLETED
ORD-0060482,R-0146,2025-07-26,46.27,web,delivery,completed
ORD-0060483,R-0146,2025-07-10,46.46,web,pickup,completed
ORD-0060484,R-0146,2025-07-10,24.64,web,delivery,completed
ORD-0060485,R-0146,2025-07-15,35.30,app,delivery,completed
ORD-0060486,R-0146,2025-07-04,48.54,app,delivery,completed
ORD-0060487,R-0146,2025-07-26,45.48,app,pickup,completed
ORD-0060488,R-0146,2025-07-25,41.40,app,pickup,completed
ORD-0060489,R-0146,2025-07-09,29.03,web,delivery,completed
ORD-0060490,R-0146,2025-07-15,55.60,app,pickup,completed
ORD-0060491,R-0146,2025-07-07,27.35,web,delivery,Completed
ORD-0060492,R-0146,2025-07-06,35.45,web,delivery,completed
ORD-0060493,R-0146,2025-07-21,21.95,app,delivery,completed
ORD-0060494,R-0146,2025-07-21,23.15,web,pickup,completed
ORD-0060495,R-0146,2025-07-27,42.70,web,pickup,completed
ORD-0060496,R-0146,2025-07-20,22.90,web,delivery,completed
ORD-0060497,R-0146,2025-07-27,35.90,app,pickup,completed
ORD-0060498,R-0146,2025-07-26,51.63,app,pickup,completed
ORD-0060499,R-0146,2025-07-17,19.26,app,delivery,completed
ORD-0060500,R-0146,2025-07-14,25.82,app,delivery,completed
ORD-0060501,R-0146,2025-07-05,26.74,web,delivery,completed
ORD-0060502,R-0146,2025-07-18,38.59,web,delivery,completed
ORD-0060503,R-0146,2025-07-05,52.26,web,delivery,completed
ORD-0060504,R-0146,2025-07-05,39.27,app,delivery,completed
ORD-0061699,R-0154,2025-07-26,66.96,web,delivery,completed
ORD-0061700,R-0154,2025-07-03,35.27,web,delivery,completed
ORD-0061701,R-0154,2025-07-26,39.24,web,delivery,completed
ORD-0061702,R-0154,2025-07-20,30.86,web,delivery,completed
ORD-0061703,R-0154,2025-07-27,16.58,app,delivery,Cancelled
ORD-0061704,R-0154,2025-07-02,52.04,app,delivery,COMPLETED
ORD-0061705,R-0154,2025-07-20,64.01,web,delivery,completed
ORD-0061706,R-0154,2025-07-08,24.77,app,delivery,completed
ORD-0061707,R-0154,2025-07-08,33.71,app,delivery,completed
ORD-0061708,R-0154,2025-07-27,33.06,web,delivery,completed
ORD-0061709,R-0154,2025-07-28,37.68,app,pickup,COMPLETED
ORD-0061710,R-0154,2025-07-09,52.30,app,delivery,completed
ORD-0061711,R-0154,2025-07-03,20.21,app,delivery,completed
ORD-0061712,R-0154,2025-07-18,49.35,app,pickup,completed
ORD-0061713,R-0154,2025-07-01,25.48,app,delivery,completed
ORD-0061714,R-0154,2025-07-08,31.80,web,delivery,completed
ORD-0061715,R-0154,2025-07-27,32.40,web,delivery,Completed
ORD-0061716,R-0154,2025-07-05,24.93,app,delivery,completed
ORD-0061717,R-0154,2025-07-25,34.51,web,delivery,completed
ORD-0061718,R-0154,2025-07-26,65.20,app,delivery,completed
ORD-0061719,R-0154,2025-07-20,36.33,web,delivery,completed
ORD-0061720,R-0154,2025-07-31,53.47,web,delivery,completed
ORD-0061721,R-0154,2025-07-07,50.70,app,delivery,completed
ORD-0061722,R-0154,2025-07-10,21.58,app,delivery,completed
ORD-0061723,R-0154,2025-07-05,23.49,app,delivery,completed
ORD-0061724,R-0154,2025-07-09,34.31,web,delivery,completed
ORD-0061725,R-0154,2025-07-09,33.88,app,delivery,COMPLETED
ORD-0061726,R-0154,2025-07-19,100.79,app,delivery,completed
ORD-0061727,R-0154,2025-07-19,30.34,web,delivery,completed
ORD-0061728,R-0154,2025-07-22,51.05,web,delivery,completed
ORD-0061729,R-0154,2025-07-20,45.71,app,pickup,completed
ORD-0061730,R-0154,2025-07-15,22.59,web,delivery,completed
ORD-0061731,R-0154,2025-07-26,55.27,web,pickup,COMPLETED
ORD-0061732,R-0154,2025-07-09,47.54,app,delivery,completed
ORD-0061733,R-0154,2025-07-06,67.89,app,delivery,completed
ORD-0061734,R-0154,2025-07-23,64.62,app,delivery,completed
ORD-0061735,R-0154,2025-07-19,13.43,app,delivery,completed
ORD-0061736,R-0154,2025-07-26,75.03,app,delivery,completed
ORD-0061737,R-0154,2025-07-10,45.73,web,delivery,completed
ORD-0061738,R-0154,2025-07-18,38.49,app,delivery,completed
ORD-0061739,R-0154,2025-07-24,18.53,web,delivery,completed
ORD-0061740,R-0154,2025-07-08,52.64,web,delivery,refunded
ORD-0061741,R-0154,2025-07-29,103.41,app,delivery,completed
ORD-0061742,R-0154,2025-07-03,16.34,app,delivery,completed
ORD-0061743,R-0154,2025-07-24,50.12,app,delivery,completed
ORD-0061744,R-0154,2025-07-11,17.87,app,delivery,completed
ORD-0061745,R-0154,2025-07-11,26.78,web,delivery,COMPLETED
ORD-0061746,R-0154,2025-07-20,62.26,web,delivery,completed
ORD-0061747,R-0154,2025-07-15,15.28,app,delivery,completed
ORD-0061748,R-0154,2025-07-07,56.48,app,delivery,completed
ORD-0061749,R-0154,2025-07-28,46.11,app,delivery,completed
ORD-0066372,R-0162,2025-07-04,18.32,app,pickup,completed
ORD-0066373,R-0162,2025-07-03,15.39,app,delivery,Completed
ORD-0066374,R-0162,2025-07-29,28.56,web,delivery,cancelled
ORD-0066375,R-0162,2025-07-07,10.38,web,delivery,completed
ORD-0066376,R-0162,2025-07-13,18.77,web,delivery,completed
ORD-0066377,R-0162,2025-07-07,14.13,app,delivery,Completed
ORD-0066378,R-0162,2025-07-26,14.06,app,pickup,Completed
ORD-0066379,R-0162,2025-07-08,16.58,web,delivery,completed
ORD-0066380,R-0162,2025-07-11,26.53,web,pickup,completed
ORD-0066381,R-0162,2025-07-18,17.38,web,pickup,completed
ORD-0066382,R-0162,2025-07-02,20.98,web,pickup,completed
ORD-0066383,R-0162,2025-07-27,26.42,app,delivery,completed
ORD-0066384,R-0162,2025-07-30,20.21,app,pickup,completed
ORD-0066385,R-0162,2025-07-27,30.64,web,pickup,completed
ORD-0066386,R-0162,2025-07-04,31.85,app,delivery,completed
ORD-0066387,R-0162,2025-07-14,24.33,web,delivery,completed
ORD-0066388,R-0162,2025-07-22,9.82,app,delivery,COMPLETED
ORD-0066389,R-0162,2025-07-23,24.99,app,pickup,completed
ORD-0066390,R-0162,2025-07-04,22.63,app,delivery,completed
ORD-0066391,R-0162,2025-07-15,11.63,web,pickup,COMPLETED
ORD-0066392,R-0162,2025-07-06,17.47,web,delivery,completed
ORD-0066393,R-0162,2025-07-26,23.18,app,pickup,completed
ORD-0066394,R-0162,2025-07-05,26.62,app,delivery,completed
ORD-0066395,R-0162,2025-07-18,42.19,app,pickup,completed
ORD-0066396,R-0162,2025-07-10,16.88,web,delivery,completed
ORD-0066397,R-0162,2025-07-10,18.79,app,pickup,completed
ORD-0066398,R-0162,2025-07-08,16.58,app,pickup,COMPLETED
ORD-0066399,R-0162,2025-07-12,21.68,web,delivery,cancelled
ORD-0066400,R-0162,2025-07-18,17.70,web,delivery,completed
ORD-0066401,R-0162,2025-07-05,13.55,app,delivery,completed
ORD-0066402,R-0162,2025-07-17,19.53,app,pickup,completed
ORD-0066403,R-0162,2025-07-12,15.40,app,delivery,completed
ORD-0066404,R-0162,2025-07-13,18.95,app,pickup,completed
ORD-0066405,R-0162,2025-07-10,23.86,web,delivery,completed
ORD-0066406,R-0162,2025-07-29,25.01,web,pickup,completed
ORD-0066407,R-0162,2025-07-15,19.87,app,pickup,completed
ORD-0066408,R-0162,2025-07-03,46.65,web,delivery,CANCELLED
ORD-0066409,R-0162,2025-07-22,17.75,web,delivery,completed
ORD-0066410,R-0162,2025-07-07,36.47,web,delivery,completed
ORD-0066411,R-0162,2025-07-14,28.26,app,pickup,completed
ORD-0066412,R-0162,2025-07-19,23.56,web,pickup,completed
ORD-0066413,R-0162,2025-07-10,15.59,app,pickup,completed
ORD-0066414,R-0162,2025-07-16,13.94,app,delivery,completed
ORD-0066415,R-0162,2025-07-02,19.97,web,delivery,completed
ORD-0066416,R-0162,2025-07-24,41.49,app,pickup,completed
ORD-0066417,R-0162,2025-07-22,22.88,app,pickup,Completed
ORD-0066418,R-0162,2025-07-03,16.22,web,delivery,completed
ORD-0066419,R-0162,2025-07-08,42.88,app,pickup,completed
ORD-0066420,R-0162,2025-07-10,15.11,app,delivery,COMPLETED
ORD-0066421,R-0162,2025-07-06,20.32,app,delivery,completed
ORD-0066422,R-0162,2025-07-03,20.35,web,delivery,completed
ORD-0066423,R-0162,2025-07-24,43.19,app,pickup,completed
ORD-0066424,R-0162,2025-07-08,34.85,app,delivery,completed
ORD-0066425,R-0162,2025-07-06,24.26,web,delivery,completed
ORD-0066426,R-0162,2025-07-26,16.29,app,pickup,completed
ORD-0066427,R-0162,2025-07-26,24.04,app,delivery,completed
ORD-0066428,R-0162,2025-07-26,22.44,app,pickup,completed
ORD-0066429,R-0162,2025-07-20,29.97,app,delivery,completed
ORD-0066430,R-0162,2025-07-26,11.43,app,pickup,completed
ORD-0066431,R-0162,2025-07-11,35.94,web,delivery,completed
ORD-0066432,R-0162,2025-07-23,14.25,web,delivery,completed
ORD-0066433,R-0162,2025-07-18,17.43,web,delivery,completed
ORD-0066434,R-0162,2025-07-22,19.14,web,pickup,completed
ORD-0066435,R-0162,2025-07-28,18.20,app,delivery,Completed
ORD-0066436,R-0162,2025-07-11,39.67,app,pickup,completed
ORD-0066437,R-0162,2025-07-25,21.15,app,pickup,completed
ORD-0066438,R-0162,2025-07-14,8.62,app,pickup,completed
ORD-0066439,R-0162,2025-07-28,27.52,app,pickup,completed
ORD-0066440,R-0162,2025-07-04,18.12,app,delivery,completed
ORD-0066441,R-0162,2025-07-12,37.67,web,delivery,Completed
ORD-0066442,R-0162,2025-07-06,34.01,app,delivery,COMPLETED
ORD-0066443,R-0162,2025-07-21,15.32,web,pickup,completed
ORD-0066444,R-0162,2025-07-22,21.85,web,pickup,completed
ORD-0066445,R-0162,2025-07-19,12.32,app,delivery,completed
ORD-0066446,R-0162,2025-07-26,36.52,web,delivery,completed
ORD-0066447,R-0162,2025-07-19,9.72,web,delivery,completed
ORD-0066448,R-0162,2025-07-19,24.74,app,delivery,completed
ORD-0066449,R-0162,2025-07-26,27.36,app,delivery,completed
ORD-0066450,R-0162,2025-07-24,17.03,app,pickup,completed
ORD-0066451,R-0162,2025-07-13,25.34,web,delivery,completed
ORD-0066452,R-0162,2025-07-13,27.94,web,delivery,completed
ORD-0066453,R-0162,2025-07-19,25.53,web,pickup,completed
ORD-0066454,R-0162,2025-07-06,18.23,app,pickup,COMPLETED
ORD-0066455,R-0162,2025-07-20,46.42,app,pickup,completed
ORD-0066456,R-0162,2025-07-19,33.17,web,delivery,completed
ORD-0066457,R-0162,2025-07-17,35.70,web,delivery,completed
ORD-0066458,R-0162,2025-07-30,9.52,web,delivery,completed
ORD-0066459,R-0162,2025-07-18,15.73,web,delivery,completed
ORD-0066460,R-0162,2025-07-04,16.27,web,pickup,completed
ORD-0066461,R-0162,2025-07-18,21.96,app,delivery,completed
ORD-0066462,R-0162,2025-07-23,33.66,app,pickup,cancelled
ORD-0066463,R-0162,2025-07-11,19.04,web,pickup,completed
ORD-0066464,R-0162,2025-07-27,23.57,app,pickup,completed
ORD-0066465,R-0162,2025-07-23,12.90,app,delivery,refunded
ORD-0066466,R-0162,2025-07-05,17.69,app,pickup,completed
ORD-0066467,R-0162,2025-07-11,22.73,web,pickup,completed
ORD-0066468,R-0162,2025-07-07,19.35,web,pickup,completed
ORD-0066469,R-0162,2025-07-01,28.28,app,delivery,completed
ORD-0066470,R-0162,2025-07-20,22.52,app,delivery,completed
ORD-0066471,R-0162,2025-07-17,16.38,app,delivery,completed
ORD-0066472,R-0162,2025-07-27,24.39,web,delivery,completed
ORD-0066473,R-0162,2025-07-05,23.13,app,pickup,completed
ORD-0066474,R-0162,2025-07-12,31.67,web,delivery,completed
ORD-0066475,R-0162,2025-07-06,38.78,app,pickup,completed
ORD-0066476,R-0162,2025-07-04,17.85,app,delivery,completed
ORD-0066477,R-0162,2025-07-26,34.69,app,delivery,completed
ORD-0066478,R-0162,2025-07-08,39.96,web,pickup,completed
ORD-0066479,R-0162,2025-07-05,12.65,app,delivery,completed
ORD-0066480,R-0162,2025-07-11,19.92,app,pickup,completed
ORD-0066481,R-0162,2025-07-05,32.46,app,pickup,completed
ORD-0066482,R-0162,2025-07-31,26.23,web,delivery,completed
ORD-0066483,R-0162,2025-07-01,13.65,app,delivery,completed
ORD-0066484,R-0162,2025-07-27,32.93,web,pickup,completed
ORD-0066485,R-0162,2025-07-20,25.23,web,pickup,Completed
ORD-0066486,R-0162,2025-07-02,18.76,app,delivery,completed
ORD-0066487,R-0162,2025-07-10,15.32,web,pickup,completed
ORD-0066488,R-0162,2025-07-26,10.78,app,delivery,completed
ORD-0066489,R-0162,2025-07-23,23.56,app,pickup,completed
ORD-0066490,R-0162,2025-07-26,22.90,app,pickup,completed
ORD-0066491,R-0162,2025-07-31,22.27,app,pickup,completed
ORD-0066492,R-0162,2025-07-18,25.48,app,pickup,completed
ORD-0066493,R-0162,2025-07-16,28.32,web,pickup,completed
ORD-0066494,R-0162,2025-07-22,28.15,web,delivery,completed
ORD-0066495,R-0162,2025-07-23,21.44,app,pickup,Completed
ORD-0066496,R-0162,2025-07-05,19.95,web,pickup,completed
ORD-0066497,R-0162,2025-07-08,14.26,app,delivery,completed
ORD-0066498,R-0162,2025-07-28,19.90,app,pickup,completed
ORD-0066499,R-0162,2025-07-17,19.72,app,pickup,completed
ORD-0066500,R-0162,2025-07-19,26.02,app,delivery,CANCELLED
ORD-0066501,R-0162,2025-07-15,30.24,web,pickup,completed
ORD-0066502,R-0162,2025-07-17,28.18,web,pickup,completed
ORD-0066503,R-0162,2025-07-07,33.16,app,delivery,completed
ORD-0066504,R-0162,2025-07-11,17.78,app,delivery,completed
ORD-0066505,R-0162,2025-07-05,19.01,app,pickup,completed
ORD-0066506,R-0162,2025-07-20,20.71,web,pickup,completed
ORD-0066507,R-0162,2025-07-25,35.27,app,pickup,completed
ORD-0066508,R-0162,2025-07-03,25.82,app,delivery,Completed
ORD-0066509,R-0162,2025-07-21,20.36,web,pickup,completed
ORD-0066510,R-0162,2025-07-09,20.71,app,pickup,completed
ORD-0066511,R-0162,2025-07-30,29.87,app,pickup,Completed
ORD-0066512,R-0162,2025-07-30,13.69,app,pickup,completed
ORD-0066513,R-0162,2025-07-09,41.83,app,pickup,completed
ORD-0066514,R-0162,2025-07-08,20.25,app,delivery,completed
ORD-0066515,R-0162,2025-07-12,12.92,app,pickup,completed
ORD-0066516,R-0162,2025-07-25,25.70,web,delivery,Refunded
ORD-0066517,R-0162,2025-07-25,38.38,app,pickup,completed
ORD-0066518,R-0162,2025-07-31,26.72,web,pickup,completed
ORD-0066519,R-0162,2025-07-17,37.75,app,pickup,Completed
ORD-0066520,R-0162,2025-07-19,33.50,web,delivery,completed
ORD-0066521,R-0162,2025-07-14,14.71,web,delivery,completed
ORD-0066522,R-0162,2025-07-02,19.83,app,delivery,completed
ORD-0066523,R-0162,2025-07-24,16.33,web,delivery,completed
ORD-0066524,R-0162,2025-07-10,21.18,app,pickup,completed
ORD-0066525,R-0162,2025-07-23,29.56,web,delivery,completed
ORD-0066526,R-0162,2025-07-26,43.19,web,pickup,COMPLETED
ORD-0066527,R-0162,2025-07-13,20.55,web,pickup,completed
ORD-0066528,R-0162,2025-07-11,16.59,web,delivery,Completed
ORD-0066529,R-0162,2025-07-04,42.91,web,pickup,Completed
ORD-0066530,R-0162,2025-07-30,13.84,web,pickup,completed
ORD-0066531,R-0162,2025-07-20,71.47,app,delivery,completed
ORD-0066532,R-0162,2025-07-25,19.56,app,delivery,completed
ORD-0066533,R-0162,2025-07-02,16.31,web,pickup,completed
ORD-0066534,R-0162,2025-07-17,16.53,web,delivery,completed
ORD-0066535,R-0162,2025-07-02,12.42,web,pickup,completed
ORD-0066536,R-0162,2025-07-20,16.39,web,pickup,completed
ORD-0066537,R-0162,2025-07-12,18.47,app,pickup,completed
ORD-0069018,R-0164,2025-07-24,23.89,web,delivery,completed
ORD-0069019,R-0164,2025-07-17,7.23,web,delivery,completed
ORD-0069020,R-0164,2025-07-30,25.09,app,pickup,completed
ORD-0069021,R-0164,2025-07-12,23.26,web,delivery,completed
ORD-0069022,R-0164,2025-07-14,17.09,web,delivery,completed
ORD-0069023,R-0164,2025-07-02,21.03,app,delivery,completed
ORD-0069024,R-0164,2025-07-05,12.80,web,pickup,completed
ORD-0069025,R-0164,2025-07-09,21.95,web,delivery,Completed
ORD-0069026,R-0164,2025-07-12,17.68,app,pickup,completed
ORD-0069027,R-0164,2025-07-17,20.25,web,pickup,completed
ORD-0069028,R-0164,2025-07-26,20.99,web,pickup,completed
ORD-0069029,R-0164,2025-07-28,17.85,app,delivery,completed
ORD-0069030,R-0164,2025-07-11,20.82,web,delivery,completed
ORD-0069031,R-0164,2025-07-17,7.08,app,pickup,completed
ORD-0069032,R-0164,2025-07-20,9.39,web,pickup,completed
ORD-0069033,R-0164,2025-07-27,13.43,web,delivery,refunded
ORD-0069034,R-0164,2025-07-11,17.24,web,delivery,completed
ORD-0069035,R-0164,2025-07-27,28.99,app,delivery,COMPLETED
ORD-0069036,R-0164,2025-07-14,40.21,app,pickup,completed
ORD-0069037,R-0164,2025-07-26,11.94,web,delivery,completed
ORD-0069038,R-0164,2025-07-03,18.64,web,delivery,completed
ORD-0069039,R-0164,2025-07-24,10.36,app,pickup,completed
ORD-0069040,R-0164,2025-07-12,20.98,app,delivery,completed
ORD-0069041,R-0164,2025-07-02,28.50,app,delivery,completed
ORD-0069042,R-0164,2025-07-17,15.19,app,delivery,completed
ORD-0069043,R-0164,2025-07-20,23.12,web,delivery,completed
ORD-0069044,R-0164,2025-07-26,13.33,app,pickup,COMPLETED
ORD-0069045,R-0164,2025-07-05,8.55,web,delivery,completed
ORD-0069046,R-0164,2025-07-16,20.54,app,pickup,completed
ORD-0069047,R-0164,2025-07-31,12.14,web,delivery,completed
ORD-0069048,R-0164,2025-07-19,37.78,web,delivery,completed
ORD-0069049,R-0164,2025-07-07,13.12,app,delivery,completed
ORD-0069050,R-0164,2025-07-10,10.85,app,delivery,completed
ORD-0069051,R-0164,2025-07-30,16.07,app,delivery,completed
ORD-0069052,R-0164,2025-07-18,29.71,app,pickup,completed
ORD-0069053,R-0164,2025-07-17,20.36,app,delivery,COMPLETED
ORD-0069054,R-0164,2025-07-25,29.09,web,delivery,Refunded
ORD-0069055,R-0164,2025-07-10,9.63,app,pickup,completed
ORD-0069056,R-0164,2025-07-22,22.14,app,pickup,Completed
ORD-0069057,R-0164,2025-07-05,23.64,app,delivery,completed
ORD-0069058,R-0164,2025-07-18,13.94,app,pickup,cancelled
ORD-0069059,R-0164,2025-07-02,12.12,app,pickup,completed
ORD-0069060,R-0164,2025-07-19,13.36,app,delivery,COMPLETED
ORD-0069061,R-0164,2025-07-04,44.33,web,delivery,completed
ORD-0069062,R-0164,2025-07-11,19.43,app,delivery,Completed
ORD-0069063,R-0164,2025-07-06,33.26,app,delivery,completed
ORD-0069064,R-0164,2025-07-26,18.04,web,delivery,completed
ORD-0069065,R-0164,2025-07-16,15.20,app,delivery,completed
ORD-0069066,R-0164,2025-07-28,19.75,web,delivery,completed
ORD-0069067,R-0164,2025-07-24,42.05,web,delivery,completed
ORD-0069068,R-0164,2025-07-18,14.12,web,pickup,completed
ORD-0069069,R-0164,2025-07-28,19.20,web,pickup,completed
ORD-0069070,R-0164,2025-07-11,29.62,app,delivery,completed
ORD-0069071,R-0164,2025-07-13,10.86,app,pickup,COMPLETED
ORD-0069072,R-0164,2025-07-21,27.97,app,pickup,completed
ORD-0069073,R-0164,2025-07-31,7.01,app,delivery,completed
ORD-0069074,R-0164,2025-07-12,14.64,app,delivery,Completed
ORD-0069075,R-0164,2025-07-26,18.29,app,delivery,completed
ORD-0069076,R-0164,2025-07-08,22.25,web,delivery,completed
ORD-0069077,R-0164,2025-07-06,15.16,app,delivery,completed
ORD-0069078,R-0164,2025-07-03,8.36,app,delivery,completed
ORD-0069079,R-0164,2025-07-01,14.21,web,delivery,completed
ORD-0069080,R-0164,2025-07-19,9.14,web,delivery,completed
ORD-0069081,R-0164,2025-07-26,21.25,app,pickup,completed
ORD-0069082,R-0164,2025-07-24,12.77,app,pickup,completed
ORD-0069083,R-0164,2025-07-17,22.50,app,delivery,completed
ORD-0069084,R-0164,2025-07-12,18.71,web,delivery,cancelled
ORD-0069085,R-0164,2025-07-11,18.92,app,delivery,completed
ORD-0069086,R-0164,2025-07-10,10.09,app,pickup,completed
ORD-0069087,R-0164,2025-07-17,24.09,web,delivery,completed
ORD-0069088,R-0164,2025-07-06,17.09,web,pickup,completed
ORD-0069089,R-0164,2025-07-25,17.64,web,pickup,completed
ORD-0069090,R-0164,2025-07-22,19.66,app,pickup,completed
ORD-0069091,R-0164,2025-07-11,13.48,web,delivery,completed
ORD-0069092,R-0164,2025-07-31,26.40,app,delivery,completed
ORD-0069093,R-0164,2025-07-03,8.42,app,pickup,completed
ORD-0074292,R-0171,2025-07-10,22.20,web,delivery,Completed
ORD-0074293,R-0171,2025-07-25,17.10,web,delivery,completed
ORD-0074294,R-0171,2025-07-23,24.49,web,pickup,completed
ORD-0074295,R-0171,2025-07-29,22.21,web,pickup,completed
ORD-0074296,R-0171,2025-07-31,35.05,app,pickup,completed
ORD-0074297,R-0171,2025-07-30,23.92,app,pickup,completed
ORD-0074298,R-0171,2025-07-16,27.55,web,delivery,completed
ORD-0074299,R-0171,2025-07-14,16.15,web,pickup,completed
ORD-0074300,R-0171,2025-07-26,18.66,app,delivery,cancelled
ORD-0074301,R-0171,2025-07-24,21.54,web,delivery,completed
ORD-0074302,R-0171,2025-07-23,18.09,app,delivery,completed
ORD-0074303,R-0171,2025-07-04,21.92,web,delivery,completed
ORD-0074304,R-0171,2025-07-23,11.18,web,pickup,completed
ORD-0074305,R-0171,2025-07-25,23.84,app,delivery,completed
ORD-0074306,R-0171,2025-07-12,33.90,app,pickup,COMPLETED
ORD-0074307,R-0171,2025-07-16,25.91,web,pickup,Cancelled
ORD-0074308,R-0171,2025-07-07,24.92,web,pickup,completed
ORD-0074309,R-0171,2025-07-01,25.13,app,delivery,refunded
ORD-0074310,R-0171,2025-07-17,15.83,web,delivery,completed
ORD-0074311,R-0171,2025-07-25,18.14,app,pickup,refunded
ORD-0074312,R-0171,2025-07-13,16.26,app,delivery,completed
ORD-0074313,R-0171,2025-07-26,23.94,app,pickup,completed
ORD-0074314,R-0171,2025-07-12,35.35,app,delivery,completed
ORD-0074315,R-0171,2025-07-01,19.28,app,pickup,completed
ORD-0074316,R-0171,2025-07-30,20.62,web,delivery,COMPLETED
ORD-0074317,R-0171,2025-07-21,17.90,app,pickup,completed
ORD-0074318,R-0171,2025-07-27,29.42,app,delivery,completed
ORD-0074319,R-0171,2025-07-25,14.42,web,delivery,Completed
ORD-0074320,R-0171,2025-07-08,19.96,app,delivery,completed
ORD-0074321,R-0171,2025-07-13,29.12,web,pickup,completed
ORD-0074322,R-0171,2025-07-12,15.84,app,delivery,completed
ORD-0074323,R-0171,2025-07-21,16.35,app,pickup,completed
ORD-0074324,R-0171,2025-07-11,21.54,app,pickup,completed
ORD-0074325,R-0171,2025-07-13,15.68,web,delivery,completed
ORD-0074326,R-0171,2025-07-03,23.92,app,pickup,completed
ORD-0074327,R-0171,2025-07-02,14.95,web,pickup,completed
ORD-0074328,R-0171,2025-07-13,20.25,app,pickup,completed
ORD-0074329,R-0171,2025-07-29,15.28,app,delivery,completed
ORD-0074330,R-0171,2025-07-26,21.49,web,pickup,completed
ORD-0074331,R-0171,2025-07-11,26.23,app,delivery,completed
ORD-0074332,R-0171,2025-07-04,25.44,web,delivery,COMPLETED
ORD-0074333,R-0171,2025-07-10,15.33,web,pickup,cancelled
ORD-0074334,R-0171,2025-07-21,17.13,web,delivery,completed
ORD-0074335,R-0171,2025-07-27,17.45,app,delivery,completed
ORD-0074336,R-0171,2025-07-12,21.07,app,delivery,COMPLETED
ORD-0074337,R-0171,2025-07-12,28.03,app,delivery,completed
ORD-0074338,R-0171,2025-07-31,22.97,web,pickup,completed
ORD-0074339,R-0171,2025-07-23,26.64,web,delivery,completed
ORD-0074340,R-0171,2025-07-13,17.67,app,pickup,completed
ORD-0074341,R-0171,2025-07-17,19.29,app,delivery,completed
ORD-0074342,R-0171,2025-07-14,40.14,web,pickup,completed
ORD-0074343,R-0171,2025-07-13,32.92,app,delivery,completed
ORD-0074344,R-0171,2025-07-14,19.22,web,delivery,completed
ORD-0074345,R-0171,2025-07-11,16.96,web,pickup,completed
ORD-0074346,R-0171,2025-07-01,18.09,web,delivery,completed
ORD-0074347,R-0171,2025-07-19,24.94,web,delivery,completed
ORD-0074348,R-0171,2025-07-25,21.27,app,pickup,completed
ORD-0074349,R-0171,2025-07-31,15.58,app,delivery,completed
ORD-0074350,R-0171,2025-07-25,20.41,web,delivery,completed
ORD-0074351,R-0171,2025-07-05,26.08,web,delivery,completed
ORD-0074352,R-0171,2025-07-10,18.75,web,delivery,COMPLETED
ORD-0074353,R-0171,2025-07-04,15.35,web,pickup,completed
ORD-0074354,R-0171,2025-07-22,17.27,app,pickup,completed
ORD-0074355,R-0171,2025-07-01,19.08,web,pickup,completed
ORD-0074356,R-0171,2025-07-26,26.07,app,delivery,completed
ORD-0074357,R-0171,2025-07-11,35.65,app,pickup,completed
ORD-0074358,R-0171,2025-07-14,23.76,app,delivery,completed
ORD-0074359,R-0171,2025-07-12,26.84,app,pickup,COMPLETED
ORD-0074360,R-0171,2025-07-28,33.04,web,pickup,Completed
ORD-0074361,R-0171,2025-07-05,41.43,app,delivery,completed
ORD-0074362,R-0171,2025-07-18,16.61,web,delivery,completed
ORD-0074363,R-0171,2025-07-23,24.81,web,pickup,completed
ORD-0074364,R-0171,2025-07-19,22.92,web,pickup,completed
ORD-0074365,R-0171,2025-07-29,25.36,web,delivery,completed
ORD-0074366,R-0171,2025-07-15,40.25,app,pickup,completed
ORD-0074367,R-0171,2025-07-04,20.90,web,delivery,completed
ORD-0074368,R-0171,2025-07-25,20.66,app,pickup,completed
ORD-0074369,R-0171,2025-07-24,17.21,web,pickup,completed
ORD-0074370,R-0171,2025-07-19,20.63,web,pickup,completed
ORD-0074371,R-0171,2025-07-05,11.57,web,pickup,completed
ORD-0074372,R-0171,2025-07-14,20.51,web,delivery,completed
ORD-0074373,R-0171,2025-07-26,20.64,app,pickup,cancelled
ORD-0074374,R-0171,2025-07-21,23.48,web,delivery,completed
ORD-0074375,R-0171,2025-07-14,20.11,web,pickup,completed
ORD-0074376,R-0171,2025-07-24,16.42,app,pickup,COMPLETED
ORD-0074377,R-0171,2025-07-31,18.05,app,delivery,completed
ORD-0074378,R-0171,2025-07-13,28.88,web,delivery,completed
ORD-0074379,R-0171,2025-07-25,48.00,web,delivery,completed
ORD-0074380,R-0171,2025-07-16,19.94,app,pickup,completed
ORD-0074381,R-0171,2025-07-13,24.58,app,delivery,completed
ORD-0074382,R-0171,2025-07-13,14.88,app,pickup,completed
ORD-0074383,R-0171,2025-07-13,16.87,web,pickup,Completed
ORD-0074384,R-0171,2025-07-03,24.29,app,pickup,COMPLETED
ORD-0074385,R-0171,2025-07-04,24.05,web,delivery,completed
ORD-0074386,R-0171,2025-07-05,14.96,web,pickup,completed
ORD-0074387,R-0171,2025-07-13,18.75,app,delivery,Completed
ORD-0074388,R-0171,2025-07-11,20.04,app,pickup,completed
ORD-0074389,R-0171,2025-07-03,15.86,app,pickup,completed
ORD-0074390,R-0171,2025-07-19,17.88,web,pickup,completed
ORD-0074391,R-0171,2025-07-13,35.59,app,pickup,completed
ORD-0074392,R-0171,2025-07-27,23.68,app,delivery,completed
ORD-0074393,R-0171,2025-07-19,22.58,app,pickup,completed
ORD-0074394,R-0171,2025-07-18,33.66,app,delivery,completed
ORD-0074395,R-0171,2025-07-10,22.00,app,delivery,Completed
ORD-0074396,R-0171,2025-07-10,13.99,web,pickup,Completed
ORD-0074397,R-0171,2025-07-10,20.49,web,delivery,COMPLETED
ORD-0074398,R-0171,2025-07-23,17.73,app,delivery,completed
ORD-0074399,R-0171,2025-07-03,22.16,app,pickup,completed
ORD-0074400,R-0171,2025-07-20,20.59,app,delivery,completed
ORD-0074938,R-0173,2025-07-03,45.68,app,delivery,completed
ORD-0074939,R-0173,2025-07-20,40.74,app,delivery,completed
ORD-0074940,R-0173,2025-07-05,75.47,web,pickup,completed
ORD-0074941,R-0173,2025-07-14,49.62,web,delivery,completed
ORD-0074942,R-0173,2025-07-24,41.33,app,delivery,cancelled
ORD-0074943,R-0173,2025-07-01,37.95,web,delivery,completed
ORD-0074944,R-0173,2025-07-18,43.24,app,pickup,completed
ORD-0074945,R-0173,2025-07-24,30.26,app,delivery,completed
ORD-0074946,R-0173,2025-07-04,55.34,web,pickup,completed
ORD-0074947,R-0173,2025-07-17,52.62,web,delivery,completed
ORD-0074948,R-0173,2025-07-25,109.82,app,pickup,completed
ORD-0074949,R-0173,2025-07-29,46.78,app,delivery,Completed
ORD-0074950,R-0173,2025-07-05,43.19,web,delivery,completed
ORD-0074951,R-0173,2025-07-10,41.65,app,delivery,completed
ORD-0074952,R-0173,2025-07-26,35.79,web,delivery,completed
ORD-0074953,R-0173,2025-07-09,68.14,web,delivery,completed
ORD-0074954,R-0173,2025-07-17,49.61,web,delivery,completed
ORD-0074955,R-0173,2025-07-17,22.34,web,delivery,completed
ORD-0074956,R-0173,2025-07-21,65.68,web,delivery,completed
ORD-0074957,R-0173,2025-07-05,16.44,web,delivery,completed
ORD-0074958,R-0173,2025-07-09,56.62,web,delivery,completed
ORD-0074959,R-0173,2025-07-26,30.35,web,pickup,completed
ORD-0074960,R-0173,2025-07-27,23.56,app,delivery,completed
ORD-0074961,R-0173,2025-07-11,70.79,app,delivery,completed
ORD-0074962,R-0173,2025-07-12,28.60,web,delivery,refunded
ORD-0074963,R-0173,2025-07-27,77.07,web,pickup,completed
ORD-0074964,R-0173,2025-07-27,61.78,web,pickup,cancelled
ORD-0074965,R-0173,2025-07-14,43.76,web,delivery,cancelled
ORD-0074966,R-0173,2025-07-28,36.63,app,delivery,completed
ORD-0074967,R-0173,2025-07-31,60.23,web,pickup,completed
ORD-0074968,R-0173,2025-07-10,58.37,app,delivery,completed
ORD-0074969,R-0173,2025-07-06,36.55,app,delivery,COMPLETED
ORD-0074970,R-0173,2025-07-27,44.84,web,delivery,refunded
ORD-0074971,R-0173,2025-07-06,67.71,app,pickup,completed
ORD-0074972,R-0173,2025-07-06,91.35,web,delivery,completed
ORD-0074973,R-0173,2025-07-25,48.50,web,delivery,completed
ORD-0074974,R-0173,2025-07-09,36.09,web,delivery,COMPLETED
ORD-0074975,R-0173,2025-07-21,41.06,web,pickup,completed
ORD-0074976,R-0173,2025-07-19,38.01,web,pickup,completed
ORD-0074977,R-0173,2025-07-04,72.52,app,delivery,completed
ORD-0074978,R-0173,2025-07-19,63.75,app,delivery,Completed
ORD-0074979,R-0173,2025-07-05,46.21,app,delivery,refunded
ORD-0074980,R-0173,2025-07-12,74.94,web,pickup,completed
ORD-0074981,R-0173,2025-07-30,86.34,app,pickup,completed
ORD-0074982,R-0173,2025-07-08,54.84,app,delivery,completed
ORD-0074983,R-0173,2025-07-22,26.68,app,delivery,Completed
ORD-0074984,R-0173,2025-07-18,90.97,app,delivery,completed
ORD-0074985,R-0173,2025-07-17,26.36,web,pickup,completed
ORD-0074986,R-0173,2025-07-25,59.26,app,pickup,completed
ORD-0074987,R-0173,2025-07-24,37.60,app,pickup,completed
ORD-0074988,R-0173,2025-07-17,37.25,app,delivery,completed
ORD-0074989,R-0173,2025-07-29,37.28,app,delivery,completed
ORD-0074990,R-0173,2025-07-08,37.05,app,pickup,completed
ORD-0074991,R-0173,2025-07-17,45.37,web,delivery,completed
ORD-0075349,R-0175,2025-07-16,19.57,app,pickup,completed
ORD-0075350,R-0175,2025-07-22,20.48,app,delivery,completed
ORD-0075351,R-0175,2025-07-19,23.90,web,delivery,completed
ORD-0075352,R-0175,2025-07-03,31.96,app,delivery,completed
ORD-0075353,R-0175,2025-07-18,12.30,web,delivery,completed
ORD-0075354,R-0175,2025-07-16,25.11,web,delivery,completed
ORD-0075355,R-0175,2025-07-19,21.86,app,pickup,completed
ORD-0075356,R-0175,2025-07-27,47.53,web,pickup,completed
ORD-0075357,R-0175,2025-07-04,19.70,app,pickup,completed
ORD-0075358,R-0175,2025-07-19,57.37,web,delivery,completed
ORD-0075359,R-0175,2025-07-04,45.39,app,delivery,completed
ORD-0075360,R-0175,2025-07-20,21.51,web,delivery,completed
ORD-0075361,R-0175,2025-07-14,15.25,app,delivery,completed
ORD-0075362,R-0175,2025-07-09,23.60,app,delivery,CANCELLED
ORD-0075363,R-0175,2025-07-12,23.05,web,pickup,completed
ORD-0075364,R-0175,2025-07-07,35.71,web,delivery,cancelled
ORD-0075365,R-0175,2025-07-12,37.79,app,pickup,Completed
ORD-0075366,R-0175,2025-07-20,30.16,web,pickup,completed
ORD-0075367,R-0175,2025-07-23,29.24,web,delivery,completed
ORD-0075368,R-0175,2025-07-13,13.43,app,delivery,completed
ORD-0075369,R-0175,2025-07-28,34.52,web,pickup,completed
ORD-0075370,R-0175,2025-07-11,41.22,app,delivery,completed
ORD-0075371,R-0175,2025-07-01,25.10,web,delivery,completed
ORD-0075372,R-0175,2025-07-09,28.28,web,delivery,Completed
ORD-0075373,R-0175,2025-07-05,24.82,app,pickup,COMPLETED
ORD-0075374,R-0175,2025-07-31,22.79,web,delivery,completed
ORD-0075375,R-0175,2025-07-20,20.62,app,delivery,completed
ORD-0075376,R-0175,2025-07-03,24.21,app,delivery,completed
ORD-0079619,R-0183,2025-07-14,35.33,app,delivery,completed
ORD-0079620,R-0183,2025-07-29,31.36,app,delivery,completed
ORD-0079621,R-0183,2025-07-16,32.54,app,delivery,completed
ORD-0079622,R-0183,2025-07-19,46.83,app,delivery,completed
ORD-0079623,R-0183,2025-07-21,37.16,web,delivery,completed
ORD-0079624,R-0183,2025-07-25,45.07,app,delivery,COMPLETED
ORD-0079625,R-0183,2025-07-28,52.06,app,pickup,completed
ORD-0079626,R-0183,2025-07-28,45.97,app,pickup,completed
ORD-0079627,R-0183,2025-07-27,34.46,app,delivery,completed
ORD-0079628,R-0183,2025-07-07,39.17,app,delivery,cancelled
ORD-0079995,R-0184,2025-07-05,22.13,web,pickup,completed
ORD-0079996,R-0184,2025-07-08,22.13,web,pickup,cancelled
ORD-0079997,R-0184,2025-07-22,17.70,web,delivery,completed
ORD-0079998,R-0184,2025-07-24,12.33,app,delivery,COMPLETED
ORD-0079999,R-0184,2025-07-22,24.39,app,pickup,completed
ORD-0080000,R-0184,2025-07-30,12.46,app,pickup,completed
ORD-0080001,R-0184,2025-07-11,30.96,web,pickup,COMPLETED
ORD-0080002,R-0184,2025-07-05,23.19,web,delivery,completed
ORD-0080003,R-0184,2025-07-18,17.74,app,delivery,completed
ORD-0080004,R-0184,2025-07-08,14.32,web,delivery,completed
ORD-0080005,R-0184,2025-07-18,36.87,web,delivery,completed
ORD-0080006,R-0184,2025-07-19,24.80,web,pickup,completed
ORD-0080007,R-0184,2025-07-28,23.18,app,pickup,completed
ORD-0080008,R-0184,2025-07-26,15.52,app,delivery,completed
ORD-0080009,R-0184,2025-07-19,27.17,web,delivery,completed
ORD-0080010,R-0184,2025-07-25,23.70,web,pickup,COMPLETED
ORD-0080011,R-0184,2025-07-07,9.30,app,delivery,completed
ORD-0080012,R-0184,2025-07-25,11.63,app,pickup,completed
ORD-0080013,R-0184,2025-07-04,17.51,app,delivery,completed
ORD-0080014,R-0184,2025-07-06,22.13,web,pickup,cancelled
ORD-0080015,R-0184,2025-07-05,22.89,web,pickup,completed
ORD-0080016,R-0184,2025-07-08,46.81,web,delivery,completed
ORD-0080017,R-0184,2025-07-25,32.38,app,delivery,completed
ORD-0080018,R-0184,2025-07-18,19.75,app,pickup,completed
ORD-0080019,R-0184,2025-07-16,7.22,app,pickup,completed
ORD-0080020,R-0184,2025-07-26,24.35,app,delivery,completed
ORD-0080021,R-0184,2025-07-25,19.06,web,pickup,completed
ORD-0080022,R-0184,2025-07-12,23.78,web,delivery,completed
ORD-0080023,R-0184,2025-07-01,11.54,web,pickup,completed
ORD-0080024,R-0184,2025-07-26,12.56,app,pickup,completed
ORD-0080025,R-0184,2025-07-17,39.39,app,delivery,completed
ORD-0080026,R-0184,2025-07-13,9.57,web,delivery,completed
ORD-0080027,R-0184,2025-07-01,19.70,web,delivery,completed
ORD-0080028,R-0184,2025-07-04,29.30,web,pickup,completed
ORD-0080029,R-0184,2025-07-10,16.65,app,delivery,completed
ORD-0080030,R-0184,2025-07-24,11.26,app,pickup,completed
ORD-0080031,R-0184,2025-07-12,21.30,web,pickup,completed
ORD-0080032,R-0184,2025-07-11,18.42,app,pickup,completed
ORD-0080033,R-0184,2025-07-05,41.94,web,pickup,completed
ORD-0080034,R-0184,2025-07-13,13.54,web,pickup,completed
ORD-0080035,R-0184,2025-07-02,24.31,app,delivery,completed
ORD-0080036,R-0184,2025-07-02,16.34,app,pickup,completed
ORD-0080037,R-0184,2025-07-05,12.19,web,pickup,completed
ORD-0080038,R-0184,2025-07-05,14.53,app,delivery,completed
ORD-0080039,R-0184,2025-07-02,20.67,app,delivery,completed
ORD-0080040,R-0184,2025-07-04,11.88,web,pickup,completed
ORD-0080041,R-0184,2025-07-10,11.51,app,delivery,completed
ORD-0081127,R-0187,2025-07-11,68.42,web,delivery,completed
ORD-0081128,R-0187,2025-07-23,77.68,app,delivery,completed
ORD-0081129,R-0187,2025-07-11,20.30,app,delivery,completed
ORD-0081130,R-0187,2025-07-29,27.12,app,delivery,cancelled
ORD-0081131,R-0187,2025-07-28,31.28,web,pickup,Completed
ORD-0081132,R-0187,2025-07-02,24.21,app,delivery,completed
ORD-0081133,R-0187,2025-07-05,31.50,app,delivery,completed
ORD-0081134,R-0187,2025-07-03,9.92,app,delivery,completed
ORD-0081135,R-0187,2025-07-27,57.49,web,delivery,completed
ORD-0081136,R-0187,2025-07-18,70.76,app,delivery,completed
ORD-0081137,R-0187,2025-07-13,21.90,app,delivery,completed
ORD-0081138,R-0187,2025-07-19,31.58,web,delivery,completed
ORD-0081139,R-0187,2025-07-13,17.79,app,pickup,completed
ORD-0081140,R-0187,2025-07-24,35.55,app,delivery,completed
ORD-0081141,R-0187,2025-07-14,13.41,app,pickup,completed
ORD-0081142,R-0187,2025-07-18,35.06,app,delivery,completed
ORD-0081143,R-0187,2025-07-20,107.19,web,delivery,completed
ORD-0081144,R-0187,2025-07-19,14.11,app,delivery,completed
ORD-0081145,R-0187,2025-07-11,38.59,web,delivery,completed
ORD-0081146,R-0187,2025-07-26,14.59,web,delivery,completed
ORD-0081147,R-0187,2025-07-06,10.22,web,pickup,completed
ORD-0081148,R-0187,2025-07-24,27.40,app,delivery,cancelled
ORD-0081149,R-0187,2025-07-12,16.16,web,delivery,completed
ORD-0081150,R-0187,2025-07-18,37.28,web,delivery,completed
ORD-0081151,R-0187,2025-07-01,11.69,app,delivery,refunded
ORD-0081152,R-0187,2025-07-10,26.31,app,delivery,completed
ORD-0081153,R-0187,2025-07-05,25.84,app,delivery,COMPLETED
ORD-0081154,R-0187,2025-07-29,13.72,app,delivery,COMPLETED
ORD-0081155,R-0187,2025-07-08,36.05,app,delivery,completed
ORD-0081156,R-0187,2025-07-16,28.72,app,delivery,completed
ORD-0081157,R-0187,2025-07-09,39.57,web,delivery,completed
ORD-0081158,R-0187,2025-07-14,25.13,app,pickup,completed
ORD-0081159,R-0187,2025-07-15,33.13,web,delivery,completed
ORD-0081160,R-0187,2025-07-28,14.35,app,delivery,completed
ORD-0081161,R-0187,2025-07-31,14.27,app,delivery,Completed
ORD-0081162,R-0187,2025-07-17,38.52,app,pickup,completed
ORD-0081163,R-0187,2025-07-02,35.88,web,delivery,completed
ORD-0081164,R-0187,2025-07-13,34.05,web,delivery,completed
ORD-0081165,R-0187,2025-07-09,37.80,app,delivery,COMPLETED
ORD-0081166,R-0187,2025-07-20,24.97,web,delivery,completed
ORD-0081167,R-0187,2025-07-06,22.57,web,delivery,completed
ORD-0081168,R-0187,2025-07-09,26.56,web,delivery,completed
ORD-0081169,R-0187,2025-07-26,24.24,web,delivery,completed
ORD-0081170,R-0187,2025-07-11,19.43,web,delivery,cancelled
ORD-0081171,R-0187,2025-07-09,23.29,app,delivery,completed
ORD-0081172,R-0187,2025-07-05,46.82,app,delivery,completed
ORD-0081173,R-0187,2025-07-26,21.45,app,delivery,completed
ORD-0081174,R-0187,2025-07-01,31.57,app,delivery,completed
ORD-0081175,R-0187,2025-07-03,38.52,app,delivery,completed
ORD-0081176,R-0187,2025-07-20,34.01,web,delivery,completed
ORD-0081177,R-0187,2025-07-02,22.72,web,delivery,completed
ORD-0081178,R-0187,2025-07-13,15.80,web,delivery,completed
ORD-0081179,R-0187,2025-07-28,21.04,app,delivery,Completed
ORD-0081180,R-0187,2025-07-09,43.74,web,delivery,Completed
ORD-0081181,R-0187,2025-07-05,40.33,app,delivery,completed
ORD-0081182,R-0187,2025-07-05,50.08,app,pickup,completed
ORD-0081183,R-0187,2025-07-20,17.80,web,delivery,completed
ORD-0081184,R-0187,2025-07-19,36.04,app,delivery,completed
ORD-0081185,R-0187,2025-07-04,47.36,app,delivery,completed
ORD-0081186,R-0187,2025-07-18,31.16,app,delivery,completed
ORD-0081187,R-0187,2025-07-10,51.12,app,pickup,Completed
ORD-0081188,R-0187,2025-07-25,16.03,app,delivery,completed
ORD-0081189,R-0187,2025-07-05,73.32,app,delivery,completed
ORD-0081190,R-0187,2025-07-03,24.29,web,delivery,completed
ORD-0081191,R-0187,2025-07-15,21.05,app,delivery,COMPLETED
ORD-0081192,R-0187,2025-07-20,23.19,app,delivery,completed
ORD-0081193,R-0187,2025-07-04,40.99,app,delivery,completed
ORD-0081194,R-0187,2025-07-07,14.21,web,delivery,completed
ORD-0081195,R-0187,2025-07-31,25.75,web,delivery,completed
ORD-0081196,R-0187,2025-07-11,43.01,web,delivery,completed
ORD-0081197,R-0187,2025-07-11,30.27,web,delivery,completed
ORD-0081198,R-0187,2025-07-27,28.27,app,delivery,completed
ORD-0081199,R-0187,2025-07-06,12.66,app,delivery,completed
ORD-0081200,R-0187,2025-07-11,14.99,app,delivery,completed
ORD-0081201,R-0187,2025-07-04,33.72,app,delivery,completed
ORD-0081202,R-0187,2025-07-04,21.38,web,delivery,COMPLETED
ORD-0082899,R-0190,2025-07-25,25.49,app,delivery,completed
ORD-0082900,R-0190,2025-07-13,23.77,app,pickup,Completed
ORD-0082901,R-0190,2025-07-03,15.48,app,pickup,completed
ORD-0082902,R-0190,2025-07-26,16.28,app,pickup,completed
ORD-0082903,R-0190,2025-07-30,12.48,app,delivery,COMPLETED
ORD-0082904,R-0190,2025-07-23,28.30,app,pickup,completed
ORD-0082905,R-0190,2025-07-25,18.97,app,pickup,COMPLETED
ORD-0082906,R-0190,2025-07-14,18.41,app,delivery,completed
ORD-0082907,R-0190,2025-07-04,22.72,app,delivery,completed
ORD-0082908,R-0190,2025-07-25,40.73,app,delivery,completed
ORD-0082909,R-0190,2025-07-19,26.67,app,pickup,completed
ORD-0082910,R-0190,2025-07-06,37.24,app,delivery,completed
ORD-0082911,R-0190,2025-07-28,16.96,app,delivery,completed
ORD-0082912,R-0190,2025-07-24,14.27,app,delivery,completed
ORD-0082913,R-0190,2025-07-01,12.99,app,pickup,completed
ORD-0082914,R-0190,2025-07-18,20.41,app,pickup,completed
ORD-0082915,R-0190,2025-07-20,23.05,app,delivery,COMPLETED
ORD-0082916,R-0190,2025-07-28,39.85,app,pickup,completed
ORD-0082917,R-0190,2025-07-05,19.29,app,delivery,completed
ORD-0082918,R-0190,2025-07-14,25.80,app,delivery,completed
ORD-0082919,R-0190,2025-07-24,18.52,web,delivery,completed
ORD-0082920,R-0190,2025-07-26,16.64,app,delivery,completed
ORD-0082921,R-0190,2025-07-20,22.10,app,pickup,completed
ORD-0082922,R-0190,2025-07-18,9.88,app,pickup,completed
ORD-0082923,R-0190,2025-07-11,15.93,app,delivery,completed
ORD-0082924,R-0190,2025-07-06,20.46,app,delivery,Completed
ORD-0082925,R-0190,2025-07-01,26.65,app,pickup,completed
ORD-0082926,R-0190,2025-07-26,52.19,web,delivery,completed
ORD-0082927,R-0190,2025-07-07,21.73,app,delivery,completed
ORD-0082928,R-0190,2025-07-31,26.19,web,delivery,completed
ORD-0082929,R-0190,2025-07-26,34.16,app,delivery,completed
ORD-0082930,R-0190,2025-07-04,20.14,web,delivery,completed
ORD-0082931,R-0190,2025-07-05,20.80,app,delivery,completed
ORD-0082932,R-0190,2025-07-28,18.64,web,pickup,completed
ORD-0082933,R-0190,2025-07-14,40.01,app,delivery,completed
ORD-0082934,R-0190,2025-07-28,12.43,web,delivery,completed
ORD-0082935,R-0190,2025-07-11,27.92,app,pickup,completed
ORD-0082936,R-0190,2025-07-19,32.89,app,delivery,completed
ORD-0082937,R-0190,2025-07-03,11.70,app,pickup,completed
ORD-0082938,R-0190,2025-07-03,45.03,app,pickup,completed
ORD-0082939,R-0190,2025-07-24,26.74,app,delivery,completed
ORD-0082940,R-0190,2025-07-20,28.38,app,delivery,Completed
ORD-0082941,R-0190,2025-07-10,10.88,web,pickup,COMPLETED
ORD-0082942,R-0190,2025-07-21,18.95,app,delivery,completed
ORD-0082943,R-0190,2025-07-29,11.64,app,delivery,completed
ORD-0082944,R-0190,2025-07-29,13.97,app,delivery,completed
ORD-0082945,R-0190,2025-07-04,20.51,app,pickup,COMPLETED
ORD-0082946,R-0190,2025-07-17,18.64,app,pickup,completed
ORD-0082947,R-0190,2025-07-16,15.81,app,pickup,cancelled
ORD-0082948,R-0190,2025-07-19,11.33,app,pickup,completed
ORD-0082949,R-0190,2025-07-07,19.51,web,pickup,completed
ORD-0082950,R-0190,2025-07-19,8.66,app,delivery,completed
ORD-0082951,R-0190,2025-07-17,18.69,app,delivery,completed
ORD-0082952,R-0190,2025-07-16,20.77,app,delivery,completed
ORD-0082953,R-0190,2025-07-15,15.57,app,pickup,refunded
ORD-0082954,R-0190,2025-07-11,22.82,web,delivery,completed
ORD-0082955,R-0190,2025-07-05,24.15,app,pickup,completed
ORD-0082956,R-0190,2025-07-05,33.40,app,pickup,completed
ORD-0082957,R-0190,2025-07-24,14.47,app,delivery,completed
ORD-0082958,R-0190,2025-07-31,13.54,app,delivery,completed
ORD-0082959,R-0190,2025-07-17,29.29,app,delivery,completed
ORD-0082960,R-0190,2025-07-27,14.82,app,delivery,refunded
ORD-0082961,R-0190,2025-07-15,18.26,app,pickup,Completed
ORD-0082962,R-0190,2025-07-31,10.68,app,delivery,completed
ORD-0082963,R-0190,2025-07-31,13.59,app,delivery,completed
ORD-0082964,R-0190,2025-07-02,17.38,web,pickup,completed
ORD-0082965,R-0190,2025-07-20,14.53,app,delivery,completed
ORD-0082966,R-0190,2025-07-31,11.70,app,delivery,completed
ORD-0082967,R-0190,2025-07-10,32.49,app,delivery,completed
ORD-0082968,R-0190,2025-07-24,15.82,app,delivery,completed
ORD-0082969,R-0190,2025-07-17,17.47,app,pickup,completed
ORD-0082970,R-0190,2025-07-05,37.05,app,delivery,completed
ORD-0082971,R-0190,2025-07-23,24.47,app,delivery,completed
ORD-0082972,R-0190,2025-07-16,22.37,app,pickup,completed
ORD-0082973,R-0190,2025-07-18,15.91,web,delivery,completed
ORD-0082974,R-0190,2025-07-16,21.75,app,delivery,COMPLETED
ORD-0082975,R-0190,2025-07-08,23.59,app,pickup,completed
ORD-0082976,R-0190,2025-07-18,14.42,app,delivery,Completed
ORD-0082977,R-0190,2025-07-29,16.78,app,delivery,completed
ORD-0082978,R-0190,2025-07-11,45.36,app,delivery,completed
ORD-0082979,R-0190,2025-07-30,41.23,web,delivery,completed
ORD-0082980,R-0190,2025-07-24,24.22,app,pickup,completed
ORD-0082981,R-0190,2025-07-06,23.40,app,delivery,completed
ORD-0082982,R-0190,2025-07-04,24.70,app,delivery,completed
ORD-0082983,R-0190,2025-07-12,16.64,app,delivery,completed
ORD-0082984,R-0190,2025-07-07,11.88,app,delivery,completed
ORD-0082985,R-0190,2025-07-11,35.60,app,pickup,completed
ORD-0082986,R-0190,2025-07-05,19.28,app,delivery,cancelled
ORD-0082987,R-0190,2025-07-20,17.27,app,pickup,COMPLETED
ORD-0082988,R-0190,2025-07-27,15.51,app,delivery,Completed
ORD-0082989,R-0190,2025-07-28,16.11,app,delivery,completed
ORD-0082990,R-0190,2025-07-04,25.85,web,delivery,completed
ORD-0082991,R-0190,2025-07-26,18.43,web,pickup,completed
ORD-0082992,R-0190,2025-07-12,23.60,app,delivery,cancelled
ORD-0082993,R-0190,2025-07-11,24.11,app,delivery,completed
ORD-0082994,R-0190,2025-07-14,19.83,app,delivery,completed
ORD-0082995,R-0190,2025-07-04,24.94,app,pickup,completed
ORD-0082996,R-0190,2025-07-10,20.08,web,pickup,completed
ORD-0082997,R-0190,2025-07-11,22.75,app,delivery,completed
ORD-0082998,R-0190,2025-07-12,16.58,web,delivery,completed
ORD-0082999,R-0190,2025-07-07,17.60,web,delivery,completed
ORD-0083000,R-0190,2025-07-24,20.97,app,delivery,Cancelled
ORD-0083001,R-0190,2025-07-08,9.63,web,delivery,completed
ORD-0083002,R-0190,2025-07-24,24.60,app,delivery,completed
ORD-0083003,R-0190,2025-07-26,23.91,app,pickup,COMPLETED
ORD-0083004,R-0190,2025-07-23,36.32,app,delivery,completed
ORD-0083005,R-0190,2025-07-30,14.47,web,pickup,completed
ORD-0083006,R-0190,2025-07-19,13.73,web,pickup,completed
ORD-0083007,R-0190,2025-07-11,18.66,app,delivery,Completed
ORD-0083008,R-0190,2025-07-07,18.57,web,pickup,completed
ORD-0085535,R-0193,2025-07-01,24.90,app,delivery,completed
ORD-0085536,R-0193,2025-07-18,40.91,web,pickup,completed
ORD-0085537,R-0193,2025-07-14,16.06,web,delivery,completed
ORD-0085538,R-0193,2025-07-13,20.33,app,delivery,completed
ORD-0085539,R-0193,2025-07-12,38.18,app,delivery,completed
ORD-0085540,R-0193,2025-07-07,25.59,web,pickup,completed
ORD-0085541,R-0193,2025-07-03,16.36,web,delivery,completed
ORD-0085542,R-0193,2025-07-12,25.88,app,delivery,completed
ORD-0085543,R-0193,2025-07-29,34.02,app,delivery,completed
ORD-0085544,R-0193,2025-07-29,29.17,app,delivery,completed
ORD-0085545,R-0193,2025-07-19,48.50,app,delivery,completed
ORD-0085546,R-0193,2025-07-17,32.70,web,pickup,completed
ORD-0085547,R-0193,2025-07-11,66.54,app,delivery,completed
ORD-0085548,R-0193,2025-07-31,28.75,web,delivery,completed
ORD-0085549,R-0193,2025-07-18,31.17,web,delivery,completed
ORD-0085550,R-0193,2025-07-07,39.63,app,delivery,completed
ORD-0085551,R-0193,2025-07-27,31.92,app,delivery,completed
ORD-0085552,R-0193,2025-07-25,38.38,app,delivery,completed
ORD-0085553,R-0193,2025-07-11,23.92,app,delivery,completed
ORD-0085554,R-0193,2025-07-02,43.88,web,delivery,completed
ORD-0085555,R-0193,2025-07-23,47.93,app,delivery,COMPLETED
ORD-0085556,R-0193,2025-07-21,66.98,web,delivery,cancelled
ORD-0085557,R-0193,2025-07-21,35.08,app,delivery,completed
ORD-0085558,R-0193,2025-07-17,26.38,app,delivery,completed
ORD-0085559,R-0193,2025-07-09,35.43,web,delivery,completed
ORD-0085560,R-0193,2025-07-07,45.93,app,delivery,completed
ORD-0085561,R-0193,2025-07-18,42.43,app,delivery,refunded
ORD-0085562,R-0193,2025-07-22,28.16,web,pickup,completed
ORD-0085563,R-0193,2025-07-20,30.32,web,delivery,COMPLETED
ORD-0085564,R-0193,2025-07-13,42.66,app,delivery,completed
ORD-0085658,R-0194,2025-07-31,42.62,web,pickup,completed
ORD-0085659,R-0194,2025-07-14,29.09,web,pickup,completed
ORD-0085660,R-0194,2025-07-14,58.08,app,pickup,cancelled
ORD-0085661,R-0194,2025-07-04,62.85,web,pickup,completed
ORD-0085662,R-0194,2025-07-25,30.07,web,delivery,completed
ORD-0085663,R-0194,2025-07-14,47.44,web,delivery,completed
ORD-0085664,R-0194,2025-07-12,45.85,web,pickup,cancelled
ORD-0085665,R-0194,2025-07-25,47.02,web,pickup,completed
ORD-0088720,R-0204,2025-07-21,34.27,web,pickup,completed
ORD-0088721,R-0204,2025-07-14,33.63,app,pickup,completed
ORD-0088722,R-0204,2025-07-02,34.25,app,delivery,completed
ORD-0088723,R-0204,2025-07-18,20.15,app,delivery,COMPLETED
ORD-0088724,R-0204,2025-07-28,42.87,app,delivery,completed
ORD-0088725,R-0204,2025-07-28,29.70,app,pickup,refunded
ORD-0088726,R-0204,2025-07-10,32.39,app,pickup,completed
ORD-0088727,R-0204,2025-07-30,16.62,app,delivery,completed
ORD-0088728,R-0204,2025-07-01,37.96,web,pickup,completed
ORD-0088729,R-0204,2025-07-27,26.53,app,pickup,COMPLETED
ORD-0088730,R-0204,2025-07-29,32.59,app,pickup,completed
ORD-0088731,R-0204,2025-07-29,28.57,app,pickup,completed
ORD-0088732,R-0204,2025-07-21,19.80,app,pickup,completed
ORD-0088733,R-0204,2025-07-27,32.88,app,delivery,completed
ORD-0088734,R-0204,2025-07-17,41.14,app,delivery,completed
ORD-0088735,R-0204,2025-07-12,32.62,web,delivery,COMPLETED
ORD-0088736,R-0204,2025-07-12,30.12,app,delivery,completed
ORD-0088737,R-0204,2025-07-31,34.18,app,pickup,completed
ORD-0088738,R-0204,2025-07-05,24.30,app,delivery,completed
ORD-0088739,R-0204,2025-07-09,25.17,web,delivery,completed
ORD-0088740,R-0204,2025-07-28,32.78,web,delivery,completed
ORD-0088741,R-0204,2025-07-07,23.59,app,delivery,completed
ORD-0088742,R-0204,2025-07-18,36.56,app,delivery,completed
ORD-0088743,R-0204,2025-07-07,25.55,web,pickup,completed
ORD-0088744,R-0204,2025-07-16,34.82,app,delivery,completed
ORD-0088745,R-0204,2025-07-12,22.87,web,delivery,completed
ORD-0088746,R-0204,2025-07-28,18.87,app,pickup,completed
ORD-0088747,R-0204,2025-07-23,26.59,app,pickup,completed
ORD-0088748,R-0204,2025-07-04,24.22,app,delivery,completed
ORD-0088749,R-0204,2025-07-26,23.36,app,delivery,completed
ORD-0088750,R-0204,2025-07-13,24.58,app,pickup,completed
ORD-0088751,R-0204,2025-07-23,31.85,web,delivery,Completed
ORD-0088752,R-0204,2025-07-17,26.38,app,delivery,completed
ORD-0088753,R-0204,2025-07-18,15.78,web,delivery,completed
ORD-0088754,R-0204,2025-07-17,14.44,app,delivery,completed
ORD-0088755,R-0204,2025-07-29,25.47,web,delivery,completed
ORD-0088756,R-0204,2025-07-12,25.98,app,delivery,completed
ORD-0088757,R-0204,2025-07-31,27.60,app,delivery,completed
ORD-0088758,R-0204,2025-07-13,30.01,app,pickup,completed
ORD-0088759,R-0204,2025-07-24,23.21,app,delivery,completed
ORD-0088760,R-0204,2025-07-11,24.28,app,delivery,completed
ORD-0088761,R-0204,2025-07-12,17.10,app,delivery,completed
ORD-0088762,R-0204,2025-07-24,19.78,app,delivery,completed
ORD-0088763,R-0204,2025-07-04,33.52,app,delivery,completed
ORD-0088764,R-0204,2025-07-26,33.41,app,pickup,completed
ORD-0088765,R-0204,2025-07-26,35.60,app,pickup,Completed
ORD-0088766,R-0204,2025-07-18,33.42,app,delivery,completed
ORD-0088767,R-0204,2025-07-18,33.17,app,pickup,completed
ORD-0088768,R-0204,2025-07-26,34.11,app,delivery,completed
ORD-0088769,R-0204,2025-07-09,32.95,web,delivery,completed
ORD-0088770,R-0204,2025-07-02,28.73,app,pickup,completed
ORD-0088771,R-0204,2025-07-20,43.10,app,pickup,Refunded
ORD-0088772,R-0204,2025-07-25,25.55,app,delivery,completed
ORD-0088773,R-0204,2025-07-18,28.57,app,delivery,completed
ORD-0088774,R-0204,2025-07-29,22.66,app,delivery,completed
ORD-0088775,R-0204,2025-07-28,38.08,web,pickup,completed
ORD-0088776,R-0204,2025-07-04,27.23,app,delivery,completed
ORD-0088777,R-0204,2025-07-10,24.34,app,pickup,completed
ORD-0088778,R-0204,2025-07-09,31.32,web,pickup,completed
ORD-0088779,R-0204,2025-07-11,22.80,web,delivery,completed
ORD-0088780,R-0204,2025-07-13,57.03,app,delivery,completed
ORD-0088781,R-0204,2025-07-15,29.65,app,delivery,completed
ORD-0088782,R-0204,2025-07-13,26.92,app,delivery,completed
ORD-0088783,R-0204,2025-07-11,29.51,app,delivery,completed
ORD-0088784,R-0204,2025-07-08,16.86,web,delivery,completed
ORD-0088785,R-0204,2025-07-03,32.76,web,delivery,completed
ORD-0088786,R-0204,2025-07-25,27.27,app,delivery,completed
ORD-0088787,R-0204,2025-07-05,25.84,app,pickup,completed
ORD-0088788,R-0204,2025-07-25,22.13,app,delivery,completed
ORD-0088789,R-0204,2025-07-24,23.91,app,pickup,completed
ORD-0088790,R-0204,2025-07-05,42.23,web,pickup,completed
ORD-0088791,R-0204,2025-07-22,20.95,app,delivery,completed
ORD-0088792,R-0204,2025-07-03,29.45,app,delivery,completed
ORD-0088793,R-0204,2025-07-17,22.52,app,delivery,completed
ORD-0088794,R-0204,2025-07-12,23.11,app,delivery,completed
ORD-0088795,R-0204,2025-07-19,48.90,app,delivery,completed
ORD-0088796,R-0204,2025-07-12,24.29,app,delivery,completed
ORD-0088797,R-0204,2025-07-25,36.41,app,delivery,completed
ORD-0091131,R-0207,2025-07-05,76.51,web,pickup,completed
ORD-0091132,R-0207,2025-07-06,31.06,web,pickup,completed
ORD-0091133,R-0207,2025-07-10,45.36,app,pickup,Refunded
ORD-0091134,R-0207,2025-07-31,51.67,app,delivery,refunded
ORD-0091135,R-0207,2025-07-04,61.02,app,pickup,completed
ORD-0091136,R-0207,2025-07-13,78.20,app,pickup,completed
ORD-0091137,R-0207,2025-07-26,40.42,app,delivery,completed
ORD-0091138,R-0207,2025-07-07,55.21,web,delivery,completed
ORD-0091139,R-0207,2025-07-26,66.64,web,pickup,completed
ORD-0091140,R-0207,2025-07-26,51.71,app,delivery,completed
ORD-0093630,R-0211,2025-07-28,24.59,app,delivery,COMPLETED
ORD-0093631,R-0211,2025-07-29,22.81,web,pickup,completed
ORD-0093632,R-0211,2025-07-14,35.04,app,delivery,completed
ORD-0093633,R-0211,2025-07-13,24.12,web,delivery,completed
ORD-0093634,R-0211,2025-07-11,23.82,app,pickup,completed
ORD-0093635,R-0211,2025-07-31,19.36,web,delivery,completed
ORD-0093636,R-0211,2025-07-22,23.22,web,delivery,completed
ORD-0093637,R-0211,2025-07-09,27.75,app,delivery,completed
ORD-0093638,R-0211,2025-07-08,28.99,app,delivery,completed
ORD-0093639,R-0211,2025-07-23,16.93,app,pickup,completed
ORD-0093640,R-0211,2025-07-20,22.70,app,delivery,completed
ORD-0093641,R-0211,2025-07-29,22.02,web,delivery,completed
ORD-0093642,R-0211,2025-07-22,15.51,web,delivery,completed
ORD-0093643,R-0211,2025-07-14,22.90,web,pickup,completed
ORD-0093644,R-0211,2025-07-18,23.81,app,pickup,Completed
ORD-0099876,R-0224,2025-07-27,83.59,web,delivery,completed
ORD-0099877,R-0224,2025-07-07,81.04,web,delivery,completed
ORD-0099878,R-0224,2025-07-10,60.15,web,delivery,completed
ORD-0099879,R-0224,2025-07-26,86.29,web,delivery,completed
ORD-0099880,R-0224,2025-07-20,90.26,web,delivery,completed
ORD-0099881,R-0224,2025-07-15,71.14,web,delivery,completed
ORD-0099882,R-0224,2025-07-19,54.06,web,pickup,completed
ORD-0099883,R-0224,2025-07-07,59.23,web,delivery,completed
ORD-0099884,R-0224,2025-07-19,64.76,web,delivery,completed
ORD-0099885,R-0224,2025-07-25,58.48,web,delivery,completed
ORD-0099886,R-0224,2025-07-19,59.80,web,pickup,completed
ORD-0101085,R-0227,2025-07-27,58.08,web,delivery,completed
ORD-0101086,R-0227,2025-07-06,84.92,app,pickup,completed
ORD-0101087,R-0227,2025-07-12,39.37,web,pickup,Refunded
ORD-0101088,R-0227,2025-07-10,49.79,web,pickup,completed
ORD-0101089,R-0227,2025-07-25,68.44,app,pickup,completed
ORD-0101090,R-0227,2025-07-18,66.95,app,pickup,completed
ORD-0101091,R-0227,2025-07-05,54.61,app,pickup,COMPLETED
ORD-0101092,R-0227,2025-07-30,28.41,app,delivery,completed
ORD-0101093,R-0227,2025-07-21,32.37,app,delivery,completed
ORD-0101094,R-0227,2025-07-04,36.61,app,pickup,completed
ORD-0101095,R-0227,2025-07-10,44.28,app,delivery,COMPLETED
ORD-0101096,R-0227,2025-07-04,51.94,app,pickup,completed
ORD-0101097,R-0227,2025-07-13,56.68,web,delivery,refunded
ORD-0101098,R-0227,2025-07-19,33.98,app,delivery,completed
ORD-0101099,R-0227,2025-07-12,35.79,app,pickup,completed
ORD-0101100,R-0227,2025-07-09,32.04,app,delivery,COMPLETED
ORD-0101101,R-0227,2025-07-04,30.94,web,delivery,completed
ORD-0101102,R-0227,2025-07-23,29.80,app,pickup,COMPLETED
ORD-0101103,R-0227,2025-07-30,43.27,app,pickup,completed
ORD-0101104,R-0227,2025-07-20,37.27,app,delivery,completed
ORD-0101105,R-0227,2025-07-25,42.28,app,pickup,completed
ORD-0101106,R-0227,2025-07-20,40.13,app,pickup,refunded
ORD-0101107,R-0227,2025-07-13,61.81,web,delivery,Completed
ORD-0101108,R-0227,2025-07-21,64.70,app,delivery,COMPLETED
ORD-0101109,R-0227,2025-07-29,34.39,app,delivery,completed
ORD-0101110,R-0227,2025-07-13,39.18,app,pickup,refunded
ORD-0101111,R-0227,2025-07-24,32.54,web,delivery,completed
ORD-0101112,R-0227,2025-07-06,39.31,app,delivery,completed
ORD-0101113,R-0227,2025-07-08,34.48,app,delivery,completed
ORD-0101114,R-0227,2025-07-17,31.53,web,delivery,completed
ORD-0101115,R-0227,2025-07-19,34.79,app,delivery,completed
ORD-0101116,R-0227,2025-07-20,56.61,app,pickup,completed
ORD-0101807,R-0232,2025-07-19,44.37,web,delivery,completed
ORD-0101808,R-0232,2025-07-31,18.42,app,delivery,completed
ORD-0101809,R-0232,2025-07-18,17.07,web,delivery,completed
ORD-0101810,R-0232,2025-07-24,13.50,app,delivery,completed
ORD-0101811,R-0232,2025-07-30,18.53,app,delivery,completed
ORD-0101812,R-0232,2025-07-22,20.70,app,pickup,completed
ORD-0101813,R-0232,2025-07-19,26.89,app,delivery,completed
ORD-0101814,R-0232,2025-07-29,22.89,app,pickup,cancelled
ORD-0101815,R-0232,2025-07-28,16.75,app,delivery,completed
ORD-0101816,R-0232,2025-07-30,22.01,app,pickup,completed
ORD-0101817,R-0232,2025-07-18,20.87,web,delivery,completed
ORD-0101818,R-0232,2025-07-19,14.64,app,pickup,completed
ORD-0101819,R-0232,2025-07-22,15.91,web,delivery,completed
ORD-0101820,R-0232,2025-07-30,15.26,web,pickup,completed
ORD-0101821,R-0232,2025-07-18,14.80,app,delivery,completed
ORD-0101822,R-0232,2025-07-20,19.36,app,pickup,completed
ORD-0101823,R-0232,2025-07-23,19.95,app,pickup,completed
ORD-0101824,R-0232,2025-07-20,21.15,app,delivery,Completed
ORD-0101825,R-0232,2025-07-31,17.50,app,delivery,completed
ORD-0101826,R-0232,2025-07-26,30.68,app,delivery,completed
ORD-0101827,R-0232,2025-07-27,18.89,app,delivery,completed
ORD-0101828,R-0232,2025-07-29,24.68,web,delivery,cancelled
ORD-0101829,R-0232,2025-07-20,25.66,app,pickup,COMPLETED
ORD-0101830,R-0232,2025-07-26,26.18,app,pickup,completed
ORD-0101831,R-0232,2025-07-27,23.04,app,pickup,completed
ORD-0101832,R-0232,2025-07-26,20.65,app,pickup,completed
ORD-0101833,R-0232,2025-07-27,17.14,app,pickup,completed
ORD-0101834,R-0232,2025-07-19,18.36,app,delivery,completed
ORD-0101835,R-0232,2025-07-31,11.22,app,delivery,completed
ORD-0101836,R-0232,2025-07-18,19.92,web,delivery,completed
ORD-0101837,R-0232,2025-07-23,24.28,app,delivery,Completed
ORD-0101838,R-0232,2025-07-26,15.85,app,delivery,completed
ORD-0101839,R-0232,2025-07-31,22.76,app,pickup,completed
ORD-0101840,R-0232,2025-07-30,23.42,app,delivery,completed
ORD-0101841,R-0232,2025-07-19,24.21,web,delivery,completed
ORD-0101842,R-0232,2025-07-21,10.96,app,delivery,COMPLETED
ORD-0101843,R-0232,2025-07-30,21.71,web,delivery,completed
ORD-0101844,R-0232,2025-07-26,23.73,app,delivery,completed
ORD-0101845,R-0232,2025-07-24,17.99,app,pickup,cancelled
ORD-0101846,R-0232,2025-07-31,26.50,app,delivery,Completed
ORD-0101847,R-0232,2025-07-25,26.51,app,pickup,completed
ORD-0105437,R-0236,2025-07-04,50.26,app,delivery,completed
ORD-0105438,R-0236,2025-07-06,18.11,web,pickup,completed
ORD-0105439,R-0236,2025-07-12,28.01,web,pickup,completed
ORD-0105440,R-0236,2025-07-13,34.75,web,delivery,cancelled
ORD-0105441,R-0236,2025-07-27,45.84,app,pickup,completed
ORD-0105442,R-0236,2025-07-02,31.93,web,delivery,completed
ORD-0105443,R-0236,2025-07-26,29.27,app,delivery,completed
ORD-0105444,R-0236,2025-07-11,31.56,app,pickup,cancelled
ORD-0105445,R-0236,2025-07-12,36.21,app,delivery,completed
ORD-0105446,R-0236,2025-07-04,32.15,app,delivery,completed
ORD-0105447,R-0236,2025-07-01,33.72,web,pickup,completed
ORD-0105448,R-0236,2025-07-24,38.88,web,delivery,completed
ORD-0105449,R-0236,2025-07-24,22.74,web,pickup,completed
ORD-0105450,R-0236,2025-07-04,36.12,app,delivery,completed
ORD-0105451,R-0236,2025-07-22,29.28,app,delivery,cancelled
ORD-0105452,R-0236,2025-07-30,20.91,web,delivery,completed
ORD-0105453,R-0236,2025-07-25,18.74,web,delivery,Completed
ORD-0105454,R-0236,2025-07-12,22.02,app,delivery,completed
ORD-0105455,R-0236,2025-07-08,34.19,app,delivery,completed
ORD-0105456,R-0236,2025-07-17,26.18,app,delivery,completed
ORD-0105457,R-0236,2025-07-20,35.22,web,delivery,completed
ORD-0105458,R-0236,2025-07-12,19.22,web,pickup,completed
ORD-0105459,R-0236,2025-07-06,33.56,app,delivery,completed
ORD-0105460,R-0236,2025-07-03,20.52,app,pickup,completed
ORD-0105461,R-0236,2025-07-29,19.92,app,delivery,completed
ORD-0105462,R-0236,2025-07-26,29.42,app,delivery,completed
ORD-0105463,R-0236,2025-07-22,47.89,web,delivery,completed
ORD-0105464,R-0236,2025-07-04,19.43,app,delivery,completed
ORD-0105465,R-0236,2025-07-10,27.74,web,delivery,completed
ORD-0105466,R-0236,2025-07-26,34.71,web,delivery,completed
ORD-0105467,R-0236,2025-07-04,22.56,web,pickup,cancelled
ORD-0105468,R-0236,2025-07-23,24.88,app,delivery,completed
ORD-0106229,R-0239,2025-07-30,13.12,web,delivery,completed
ORD-0107527,R-0245,2025-07-31,79.71,app,pickup,cancelled
ORD-0107528,R-0245,2025-07-14,31.44,app,delivery,Cancelled
ORD-0107529,R-0245,2025-07-17,31.66,app,pickup,COMPLETED
ORD-0107530,R-0245,2025-07-25,39.71,app,pickup,completed
ORD-0107531,R-0245,2025-07-04,37.14,app,delivery,completed
ORD-0107532,R-0245,2025-07-14,23.48,web,pickup,COMPLETED
ORD-0107533,R-0245,2025-07-25,35.97,app,pickup,completed
ORD-0107534,R-0245,2025-07-26,15.33,app,pickup,completed
ORD-0107535,R-0245,2025-07-08,28.89,web,delivery,Completed
ORD-0107536,R-0245,2025-07-06,33.09,web,delivery,completed
ORD-0107537,R-0245,2025-07-31,16.97,app,delivery,completed
ORD-0107538,R-0245,2025-07-10,17.28,web,delivery,completed
ORD-0107539,R-0245,2025-07-04,27.10,web,delivery,completed
ORD-0107540,R-0245,2025-07-09,24.66,web,delivery,completed
ORD-0107541,R-0245,2025-07-05,53.78,web,delivery,completed
ORD-0107542,R-0245,2025-07-14,22.99,web,pickup,completed
ORD-0107543,R-0245,2025-07-13,17.81,app,pickup,completed
ORD-0107544,R-0245,2025-07-03,44.54,app,delivery,completed
ORD-0107545,R-0245,2025-07-18,30.91,web,delivery,completed
ORD-0107546,R-0245,2025-07-25,16.29,app,pickup,completed
ORD-0107547,R-0245,2025-07-20,23.78,web,delivery,COMPLETED
ORD-0107548,R-0245,2025-07-25,20.14,app,delivery,completed
ORD-0107549,R-0245,2025-07-20,14.07,app,pickup,completed
ORD-0107550,R-0245,2025-07-03,27.34,app,delivery,COMPLETED
ORD-0107551,R-0245,2025-07-18,19.15,web,delivery,completed
ORD-0107552,R-0245,2025-07-12,29.41,app,delivery,completed
ORD-0107553,R-0245,2025-07-14,31.06,app,pickup,COMPLETED
ORD-0107554,R-0245,2025-07-11,18.89,web,delivery,completed
ORD-0107555,R-0245,2025-07-14,33.27,web,pickup,completed
ORD-0107556,R-0245,2025-07-10,39.60,web,delivery,completed
ORD-0107557,R-0245,2025-07-23,27.68,web,delivery,completed
ORD-0107558,R-0245,2025-07-28,25.26,web,delivery,completed
ORD-0107559,R-0245,2025-07-09,11.14,web,delivery,completed
ORD-0107560,R-0245,2025-07-19,26.52,app,pickup,Completed
ORD-0107561,R-0245,2025-07-27,11.97,web,delivery,completed
ORD-0107562,R-0245,2025-07-09,10.23,app,delivery,completed
ORD-0107563,R-0245,2025-07-09,38.51,web,delivery,completed
ORD-0107564,R-0245,2025-07-21,16.15,web,pickup,completed
ORD-0107565,R-0245,2025-07-04,19.44,app,delivery,completed
ORD-0107566,R-0245,2025-07-05,27.66,app,delivery,completed
ORD-0107567,R-0245,2025-07-13,21.38,app,delivery,completed
ORD-0107568,R-0245,2025-07-26,25.31,web,pickup,completed
ORD-0107569,R-0245,2025-07-27,22.53,app,pickup,completed
ORD-0107570,R-0245,2025-07-26,34.65,web,pickup,Completed
ORD-0107571,R-0245,2025-07-07,9.78,app,delivery,completed
ORD-0107572,R-0245,2025-07-25,12.92,web,delivery,completed
ORD-0107573,R-0245,2025-07-23,20.65,web,pickup,Completed
ORD-0107574,R-0245,2025-07-23,17.27,web,pickup,completed
ORD-0107575,R-0245,2025-07-26,22.14,web,pickup,completed
ORD-0107576,R-0245,2025-07-20,22.17,web,delivery,completed
ORD-0107577,R-0245,2025-07-04,36.05,app,pickup,completed
ORD-0107578,R-0245,2025-07-19,24.08,app,delivery,completed
ORD-0107579,R-0245,2025-07-11,33.31,web,delivery,completed
ORD-0109164,R-0247,2025-07-13,31.08,web,delivery,completed
ORD-0109165,R-0247,2025-07-11,16.02,web,delivery,completed
ORD-0109166,R-0247,2025-07-02,23.74,web,pickup,completed
ORD-0109167,R-0247,2025-07-24,30.28,web,delivery,completed
ORD-0109168,R-0247,2025-07-07,21.32,app,pickup,completed
ORD-0109169,R-0247,2025-07-15,22.95,web,delivery,completed
ORD-0109170,R-0247,2025-07-08,24.58,web,pickup,completed
ORD-0109171,R-0247,2025-07-31,20.55,web,pickup,completed
ORD-0109172,R-0247,2025-07-10,25.56,web,pickup,completed
ORD-0109173,R-0247,2025-07-25,24.75,app,pickup,completed
ORD-0109174,R-0247,2025-07-22,21.95,app,delivery,completed
ORD-0109175,R-0247,2025-07-26,23.16,app,pickup,completed
ORD-0109176,R-0247,2025-07-23,32.60,app,pickup,completed
ORD-0109177,R-0247,2025-07-19,20.69,web,pickup,completed
ORD-0109178,R-0247,2025-07-06,17.28,web,pickup,completed
ORD-0109179,R-0247,2025-07-25,27.46,web,pickup,completed
ORD-0109180,R-0247,2025-07-05,16.74,web,pickup,completed
ORD-0109181,R-0247,2025-07-13,28.89,app,delivery,completed
ORD-0109182,R-0247,2025-07-12,50.11,web,pickup,completed
ORD-0109183,R-0247,2025-07-25,17.05,web,delivery,completed
ORD-0109184,R-0247,2025-07-26,38.43,web,delivery,completed
ORD-0109185,R-0247,2025-07-19,19.87,web,pickup,Completed
ORD-0109186,R-0247,2025-07-29,44.62,web,delivery,cancelled
ORD-0109187,R-0247,2025-07-16,29.17,web,pickup,Completed
ORD-0109188,R-0247,2025-07-08,49.26,web,pickup,completed
ORD-0109189,R-0247,2025-07-11,7.65,web,pickup,completed
ORD-0109190,R-0247,2025-07-22,34.78,web,delivery,completed
ORD-0109191,R-0247,2025-07-27,36.09,app,pickup,Completed
ORD-0109192,R-0247,2025-07-22,12.29,app,pickup,completed
ORD-0109193,R-0247,2025-07-22,17.65,web,pickup,completed
ORD-0109194,R-0247,2025-07-26,40.28,app,delivery,completed
ORD-0109195,R-0247,2025-07-17,14.93,web,pickup,completed
ORD-0111700,R-0260,2025-07-15,31.97,web,delivery,completed
ORD-0111701,R-0260,2025-07-06,17.22,web,delivery,completed
ORD-0111702,R-0260,2025-07-06,32.69,app,delivery,completed
ORD-0111703,R-0260,2025-07-20,26.91,web,delivery,completed
ORD-0111704,R-0260,2025-07-08,19.70,web,pickup,completed
ORD-0111705,R-0260,2025-07-04,36.09,app,delivery,completed
ORD-0111706,R-0260,2025-07-24,21.71,app,pickup,Completed
ORD-0111707,R-0260,2025-07-04,17.67,app,delivery,completed
ORD-0111708,R-0260,2025-07-18,37.21,web,delivery,completed
ORD-0111709,R-0260,2025-07-22,39.10,web,pickup,completed
ORD-0111710,R-0260,2025-07-16,32.57,app,delivery,completed
ORD-0111711,R-0260,2025-07-01,21.60,app,delivery,completed
ORD-0111712,R-0260,2025-07-01,40.61,app,pickup,COMPLETED
ORD-0111713,R-0260,2025-07-17,18.20,app,delivery,completed
ORD-0111714,R-0260,2025-07-09,17.16,web,delivery,completed
ORD-0111715,R-0260,2025-07-12,19.90,web,delivery,completed
ORD-0111716,R-0260,2025-07-26,25.77,app,delivery,completed
ORD-0111717,R-0260,2025-07-26,47.62,app,delivery,completed
ORD-0111718,R-0260,2025-07-30,20.58,app,pickup,Completed
ORD-0111719,R-0260,2025-07-11,39.98,app,pickup,completed
ORD-0111720,R-0260,2025-07-06,27.09,web,delivery,completed
ORD-0111721,R-0260,2025-07-12,23.58,app,pickup,COMPLETED
ORD-0111722,R-0260,2025-07-27,47.54,app,delivery,completed
ORD-0112001,R-0261,2025-07-29,12.17,web,pickup,completed
ORD-0112002,R-0261,2025-07-25,28.14,app,delivery,COMPLETED
ORD-0112003,R-0261,2025-07-28,21.42,web,delivery,completed
ORD-0112004,R-0261,2025-07-01,15.39,web,pickup,completed
ORD-0112005,R-0261,2025-07-06,14.21,app,delivery,completed
ORD-0112006,R-0261,2025-07-05,20.42,web,delivery,completed
ORD-0112007,R-0261,2025-07-23,11.29,app,delivery,COMPLETED
ORD-0112008,R-0261,2025-07-02,29.44,web,delivery,completed
ORD-0112009,R-0261,2025-07-26,11.55,app,delivery,completed
ORD-0112010,R-0261,2025-07-04,15.37,web,delivery,completed
ORD-0112011,R-0261,2025-07-03,16.59,web,delivery,completed
ORD-0112012,R-0261,2025-07-30,12.56,web,delivery,completed
ORD-0112013,R-0261,2025-07-13,25.59,app,delivery,COMPLETED
ORD-0112014,R-0261,2025-07-03,26.89,web,delivery,completed
ORD-0112015,R-0261,2025-07-09,15.54,app,pickup,completed
ORD-0112016,R-0261,2025-07-11,17.21,app,pickup,COMPLETED
ORD-0112017,R-0261,2025-07-07,19.31,app,delivery,completed
ORD-0112018,R-0261,2025-07-17,7.87,app,delivery,completed
ORD-0112019,R-0261,2025-07-20,22.77,app,delivery,completed
ORD-0112020,R-0261,2025-07-11,12.15,web,delivery,completed
ORD-0112021,R-0261,2025-07-12,30.64,web,delivery,completed
ORD-0112022,R-0261,2025-07-15,12.84,web,delivery,completed
ORD-0112023,R-0261,2025-07-01,17.29,web,delivery,completed
ORD-0112024,R-0261,2025-07-25,26.36,web,delivery,completed
ORD-0112025,R-0261,2025-07-27,22.03,web,delivery,completed
ORD-0112026,R-0261,2025-07-18,20.12,app,delivery,completed
ORD-0112027,R-0261,2025-07-14,8.22,web,delivery,completed
ORD-0112028,R-0261,2025-07-03,16.40,web,delivery,completed
ORD-0112029,R-0261,2025-07-14,11.90,web,delivery,completed
ORD-0112030,R-0261,2025-07-13,11.41,web,pickup,completed
ORD-0112031,R-0261,2025-07-30,22.65,app,pickup,completed
ORD-0112032,R-0261,2025-07-02,15.56,app,delivery,completed
ORD-0112033,R-0261,2025-07-20,35.68,web,delivery,completed
ORD-0112034,R-0261,2025-07-21,13.65,web,pickup,COMPLETED
ORD-0112035,R-0261,2025-07-25,31.75,app,delivery,completed
ORD-0112036,R-0261,2025-07-04,21.69,web,delivery,completed
ORD-0112037,R-0261,2025-07-01,13.60,web,delivery,completed
ORD-0112038,R-0261,2025-07-06,28.27,app,pickup,completed
ORD-0112039,R-0261,2025-07-04,12.72,app,delivery,completed
ORD-0112040,R-0261,2025-07-05,26.94,app,delivery,completed
ORD-0112041,R-0261,2025-07-06,21.43,web,delivery,completed
ORD-0112042,R-0261,2025-07-05,16.28,app,delivery,completed
ORD-0112043,R-0261,2025-07-22,18.27,web,delivery,completed
ORD-0112044,R-0261,2025-07-04,21.20,app,delivery,completed
ORD-0112045,R-0261,2025-07-25,21.54,web,pickup,completed
ORD-0112046,R-0261,2025-07-07,12.04,web,delivery,completed
ORD-0112047,R-0261,2025-07-20,29.89,web,delivery,completed
ORD-0112048,R-0261,2025-07-25,19.86,web,delivery,Completed
ORD-0112049,R-0261,2025-07-31,14.77,app,delivery,completed
ORD-0112050,R-0261,2025-07-03,12.04,app,delivery,completed
ORD-0112051,R-0261,2025-07-13,17.46,app,delivery,cancelled
ORD-0112052,R-0261,2025-07-15,29.14,app,delivery,completed
ORD-0112053,R-0261,2025-07-04,11.43,app,delivery,completed
ORD-0112054,R-0261,2025-07-09,29.08,web,delivery,completed
ORD-0112055,R-0261,2025-07-25,15.69,app,pickup,completed
ORD-0112056,R-0261,2025-07-22,22.84,web,delivery,completed
ORD-0112057,R-0261,2025-07-18,10.82,web,delivery,completed
ORD-0112058,R-0261,2025-07-25,30.29,app,delivery,completed
ORD-0112059,R-0261,2025-07-14,36.20,web,delivery,completed
ORD-0112060,R-0261,2025-07-31,33.82,web,delivery,completed
ORD-0112061,R-0261,2025-07-14,25.43,app,delivery,completed
ORD-0112062,R-0261,2025-07-25,18.67,web,delivery,completed
ORD-0112063,R-0261,2025-07-18,29.53,app,delivery,completed
ORD-0112064,R-0261,2025-07-20,15.68,web,delivery,completed
ORD-0114538,R-0271,2025-07-08,15.97,web,pickup,completed
ORD-0114539,R-0271,2025-07-16,26.05,app,pickup,completed
ORD-0114540,R-0271,2025-07-15,19.23,web,delivery,completed
ORD-0114541,R-0271,2025-07-08,39.15,app,pickup,Completed
ORD-0114542,R-0271,2025-07-29,24.61,app,pickup,cancelled
ORD-0114543,R-0271,2025-07-21,22.68,web,delivery,completed
ORD-0114544,R-0271,2025-07-26,25.72,web,pickup,completed
ORD-0114545,R-0271,2025-07-05,29.73,web,delivery,completed
ORD-0114546,R-0271,2025-07-13,14.11,app,delivery,completed
ORD-0114547,R-0271,2025-07-13,25.40,web,pickup,completed
ORD-0114548,R-0271,2025-07-01,23.41,web,delivery,completed
ORD-0114549,R-0271,2025-07-30,28.34,web,delivery,completed
ORD-0114550,R-0271,2025-07-10,22.74,app,delivery,COMPLETED
ORD-0114551,R-0271,2025-07-18,32.97,app,pickup,completed
ORD-0114552,R-0271,2025-07-04,65.09,web,delivery,Completed
ORD-0114553,R-0271,2025-07-24,16.75,app,delivery,completed
ORD-0114554,R-0271,2025-07-14,24.65,app,delivery,completed
ORD-0116098,R-0277,2025-07-02,31.17,app,delivery,completed
ORD-0116099,R-0277,2025-07-22,59.00,app,delivery,COMPLETED
ORD-0116100,R-0277,2025-07-13,33.36,web,delivery,completed
ORD-0116101,R-0277,2025-07-11,26.64,app,delivery,completed
ORD-0116102,R-0277,2025-07-20,22.75,app,delivery,refunded
ORD-0116103,R-0277,2025-07-21,25.70,app,delivery,completed
ORD-0116104,R-0277,2025-07-26,17.48,app,delivery,completed
ORD-0116105,R-0277,2025-07-03,45.74,app,delivery,completed
ORD-0116106,R-0277,2025-07-27,41.78,web,delivery,completed
ORD-0116107,R-0277,2025-07-10,13.81,web,delivery,completed
ORD-0116108,R-0277,2025-07-26,52.95,app,delivery,completed
ORD-0116109,R-0277,2025-07-09,32.63,app,pickup,completed
ORD-0116110,R-0277,2025-07-16,35.03,app,delivery,completed
ORD-0116111,R-0277,2025-07-28,34.40,app,delivery,completed
ORD-0116112,R-0277,2025-07-03,30.97,web,pickup,completed
ORD-0116113,R-0277,2025-07-22,41.38,app,delivery,completed
ORD-0116114,R-0277,2025-07-10,26.28,web,pickup,completed
ORD-0116115,R-0277,2025-07-06,54.86,web,pickup,completed
ORD-0116116,R-0277,2025-07-31,20.49,app,delivery,completed
ORD-0116117,R-0277,2025-07-17,29.26,app,delivery,completed
ORD-0116118,R-0277,2025-07-03,22.61,app,delivery,Completed
ORD-0116119,R-0277,2025-07-18,35.04,app,delivery,completed
ORD-0116120,R-0277,2025-07-06,44.80,app,pickup,completed
ORD-0116121,R-0277,2025-07-14,20.99,web,delivery,completed
ORD-0116122,R-0277,2025-07-05,24.86,app,delivery,completed
ORD-0116123,R-0277,2025-07-20,21.25,app,pickup,completed
ORD-0116124,R-0277,2025-07-23,12.94,app,delivery,completed
ORD-0116125,R-0277,2025-07-18,37.91,app,pickup,completed
ORD-0116126,R-0277,2025-07-14,19.72,app,delivery,completed
ORD-0116127,R-0277,2025-07-05,21.48,app,delivery,completed
ORD-0116128,R-0277,2025-07-11,24.67,web,delivery,Completed
ORD-0116129,R-0277,2025-07-13,22.00,web,delivery,completed
ORD-0116130,R-0277,2025-07-29,22.32,app,delivery,completed
ORD-0116131,R-0277,2025-07-02,18.30,app,pickup,completed
ORD-0116132,R-0277,2025-07-16,14.95,app,delivery,completed
ORD-0116133,R-0277,2025-07-05,37.73,app,pickup,COMPLETED
ORD-0116134,R-0277,2025-07-11,28.09,app,delivery,completed
ORD-0116135,R-0277,2025-07-19,25.05,app,pickup,completed
ORD-0116136,R-0277,2025-07-26,8.27,app,pickup,completed
ORD-0117276,R-0281,2025-07-26,16.09,web,delivery,COMPLETED
ORD-0117277,R-0281,2025-07-24,33.51,app,pickup,completed
ORD-0117278,R-0281,2025-07-23,15.43,web,delivery,completed
ORD-0117279,R-0281,2025-07-31,10.52,app,delivery,completed
ORD-0118660,R-0286,2025-07-09,110.46,web,pickup,completed
ORD-0118661,R-0286,2025-07-09,35.04,web,delivery,COMPLETED
ORD-0118662,R-0286,2025-07-20,51.39,app,delivery,completed
ORD-0118663,R-0286,2025-07-15,86.14,app,delivery,completed
ORD-0118664,R-0286,2025-07-22,54.56,web,delivery,COMPLETED
ORD-0118665,R-0286,2025-07-11,59.31,web,pickup,completed
ORD-0118666,R-0286,2025-07-14,37.01,app,delivery,COMPLETED
ORD-0118667,R-0286,2025-07-20,69.57,web,delivery,completed
ORD-0118668,R-0286,2025-07-12,40.44,web,delivery,completed
ORD-0118669,R-0286,2025-07-07,42.35,web,delivery,completed
ORD-0118670,R-0286,2025-07-28,28.18,web,delivery,completed
ORD-0118671,R-0286,2025-07-05,58.14,web,delivery,completed
ORD-0118672,R-0286,2025-07-28,28.86,web,delivery,completed
ORD-0118673,R-0286,2025-07-30,46.56,web,pickup,completed
ORD-0118674,R-0286,2025-07-28,27.53,app,delivery,completed
ORD-0118675,R-0286,2025-07-30,57.78,app,delivery,Completed
ORD-0118676,R-0286,2025-07-08,37.41,web,delivery,completed
ORD-0118677,R-0286,2025-07-04,42.70,app,pickup,Completed
ORD-0118678,R-0286,2025-07-11,25.16,web,delivery,completed
ORD-0119563,R-0290,2025-07-24,26.89,web,delivery,Completed
ORD-0119564,R-0290,2025-07-19,72.28,web,pickup,Completed
ORD-0119565,R-0290,2025-07-01,67.34,web,delivery,refunded
ORD-0119566,R-0290,2025-07-09,37.95,app,pickup,cancelled
ORD-0119567,R-0290,2025-07-08,56.55,app,pickup,completed
ORD-0119568,R-0290,2025-07-18,35.52,web,delivery,completed
ORD-0119569,R-0290,2025-07-06,81.99,app,pickup,COMPLETED
ORD-0119570,R-0290,2025-07-26,43.53,app,pickup,completed
ORD-0119571,R-0290,2025-07-12,56.30,web,delivery,Completed
ORD-0119572,R-0290,2025-07-26,43.71,app,delivery,completed
ORD-0119573,R-0290,2025-07-02,61.17,app,pickup,completed
ORD-0119574,R-0290,2025-07-03,37.68,app,delivery,completed
ORD-0119575,R-0290,2025-07-23,90.70,app,delivery,completed
ORD-0119576,R-0290,2025-07-25,72.38,app,pickup,COMPLETED
ORD-0119577,R-0290,2025-07-25,82.53,app,pickup,completed
ORD-0119578,R-0290,2025-07-19,149.49,app,pickup,completed
ORD-0119579,R-0290,2025-07-22,44.91,app,pickup,completed
ORD-0119580,R-0290,2025-07-20,85.75,app,delivery,completed
ORD-0119581,R-0290,2025-07-05,60.68,web,pickup,Completed
ORD-0119582,R-0290,2025-07-12,57.63,web,delivery,cancelled
ORD-0119583,R-0290,2025-07-28,37.99,web,delivery,Completed
ORD-0119584,R-0290,2025-07-31,22.83,app,delivery,completed
ORD-0119585,R-0290,2025-07-14,35.94,app,delivery,completed
ORD-0119586,R-0290,2025-07-29,42.45,app,delivery,completed
ORD-0119587,R-0290,2025-07-07,59.02,web,pickup,completed
ORD-0119588,R-0290,2025-07-24,25.73,web,pickup,completed
ORD-0119589,R-0290,2025-07-29,60.62,web,pickup,completed
ORD-0123928,R-0305,2025-07-19,55.22,web,delivery,completed
ORD-0123929,R-0305,2025-07-04,56.86,app,delivery,Completed
ORD-0123930,R-0305,2025-07-26,88.65,web,delivery,completed
ORD-0123931,R-0305,2025-07-14,41.97,web,delivery,completed
ORD-0123932,R-0305,2025-07-07,30.14,web,delivery,completed
ORD-0123933,R-0305,2025-07-28,92.30,app,delivery,completed
ORD-0123934,R-0305,2025-07-14,35.54,web,delivery,completed
ORD-0123935,R-0305,2025-07-29,34.67,web,delivery,completed
ORD-0123936,R-0305,2025-07-16,38.42,web,delivery,completed
ORD-0123937,R-0305,2025-07-02,65.21,web,delivery,cancelled
ORD-0123938,R-0305,2025-07-03,67.57,web,delivery,completed
ORD-0123939,R-0305,2025-07-21,53.87,web,delivery,completed
ORD-0123940,R-0305,2025-07-01,33.72,app,delivery,completed
ORD-0123941,R-0305,2025-07-30,42.72,web,delivery,completed
ORD-0123942,R-0305,2025-07-18,56.75,web,delivery,refunded
ORD-0123943,R-0305,2025-07-27,66.10,app,delivery,completed
ORD-0123944,R-0305,2025-07-19,50.63,app,delivery,completed
ORD-0123945,R-0305,2025-07-24,28.95,app,delivery,completed
ORD-0123946,R-0305,2025-07-04,54.37,app,delivery,completed
ORD-0123947,R-0305,2025-07-19,83.54,web,delivery,completed
ORD-0123948,R-0305,2025-07-01,44.64,web,delivery,COMPLETED
ORD-0123949,R-0305,2025-07-23,51.42,web,delivery,completed
ORD-0123950,R-0305,2025-07-03,72.40,web,delivery,completed
ORD-0123951,R-0305,2025-07-02,53.01,web,delivery,completed
ORD-0123952,R-0305,2025-07-04,27.75,app,delivery,completed
ORD-0123953,R-0305,2025-07-05,65.72,web,delivery,completed
ORD-0123954,R-0305,2025-07-06,86.20,web,delivery,completed
ORD-0123955,R-0305,2025-07-26,41.07,app,delivery,completed
ORD-0123956,R-0305,2025-07-12,84.28,web,delivery,completed
ORD-0123957,R-0305,2025-07-09,47.94,app,delivery,completed
ORD-0123958,R-0305,2025-07-18,41.72,web,delivery,completed
ORD-0123959,R-0305,2025-07-22,65.69,web,delivery,completed
ORD-0123960,R-0305,2025-07-05,51.39,web,delivery,completed
ORD-0123961,R-0305,2025-07-26,46.85,web,delivery,completed
ORD-0123962,R-0305,2025-07-30,28.18,app,delivery,completed
ORD-0123963,R-0305,2025-07-17,41.29,app,delivery,completed
ORD-0123964,R-0305,2025-07-10,38.98,web,delivery,Completed
ORD-0123965,R-0305,2025-07-27,59.25,web,delivery,completed
ORD-0123966,R-0305,2025-07-01,25.63,app,delivery,completed
ORD-0123967,R-0305,2025-07-21,43.05,app,delivery,Completed
ORD-0123968,R-0305,2025-07-21,45.34,web,delivery,completed
ORD-0123969,R-0305,2025-07-21,114.13,app,delivery,completed
ORD-0123970,R-0305,2025-07-17,48.13,web,delivery,completed
ORD-0123971,R-0305,2025-07-26,76.59,web,delivery,completed
ORD-0123972,R-0305,2025-07-10,72.57,app,delivery,Completed
ORD-0129849,R-0323,2025-07-30,20.59,app,delivery,completed
ORD-0129850,R-0323,2025-07-29,12.64,app,pickup,completed
ORD-0129851,R-0323,2025-07-31,16.00,web,delivery,Completed
ORD-0129852,R-0323,2025-07-29,26.10,app,delivery,completed
ORD-0129853,R-0323,2025-07-31,40.54,app,delivery,completed
ORD-0129854,R-0323,2025-07-31,41.99,web,delivery,completed
ORD-0132694,R-0324,2025-07-19,22.28,app,delivery,completed
ORD-0132695,R-0324,2025-07-16,35.49,web,delivery,completed
ORD-0132696,R-0324,2025-07-27,38.18,app,delivery,completed
ORD-0132697,R-0324,2025-07-07,24.29,app,delivery,completed
ORD-0132698,R-0324,2025-07-27,35.22,app,pickup,refunded
ORD-0132699,R-0324,2025-07-25,35.77,web,delivery,Completed
ORD-0132700,R-0324,2025-07-25,24.60,web,pickup,completed
ORD-0132701,R-0324,2025-07-23,30.32,app,pickup,completed
ORD-0132702,R-0324,2025-07-19,54.89,app,pickup,completed
ORD-0132703,R-0324,2025-07-26,27.64,web,delivery,COMPLETED
ORD-0132704,R-0324,2025-07-24,71.96,app,delivery,completed
ORD-0132705,R-0324,2025-07-21,39.91,web,pickup,completed
ORD-0132706,R-0324,2025-07-11,11.74,app,pickup,refunded
ORD-0132707,R-0324,2025-07-14,22.28,app,delivery,completed
ORD-0132708,R-0324,2025-07-09,17.97,web,delivery,completed
ORD-0132709,R-0324,2025-07-16,18.24,web,delivery,completed
ORD-0132710,R-0324,2025-07-19,25.38,app,delivery,completed
ORD-0132711,R-0324,2025-07-27,27.33,web,delivery,completed
ORD-0132712,R-0324,2025-07-17,32.51,web,delivery,completed
ORD-0132713,R-0324,2025-07-27,38.15,app,delivery,COMPLETED
ORD-0132714,R-0324,2025-07-03,29.72,app,pickup,completed
ORD-0132715,R-0324,2025-07-02,21.63,app,delivery,completed
ORD-0132716,R-0324,2025-07-30,38.09,app,delivery,completed
ORD-0132717,R-0324,2025-07-15,19.09,web,pickup,completed
ORD-0132718,R-0324,2025-07-08,28.01,app,delivery,completed
ORD-0132719,R-0324,2025-07-19,23.61,web,pickup,completed
ORD-0132720,R-0324,2025-07-31,51.91,app,pickup,completed
ORD-0132721,R-0324,2025-07-02,16.70,web,delivery,completed
ORD-0132830,R-0325,2025-07-29,19.87,app,delivery,completed
ORD-0132831,R-0325,2025-07-31,22.78,app,pickup,completed
ORD-0132832,R-0325,2025-07-27,24.80,app,delivery,completed
ORD-0132833,R-0325,2025-07-18,31.39,app,delivery,completed
ORD-0132834,R-0325,2025-07-29,15.58,app,delivery,completed
ORD-0132855,R-0326,2025-07-24,29.53,web,delivery,completed
ORD-0132856,R-0326,2025-07-21,49.39,web,pickup,COMPLETED
ORD-0132857,R-0326,2025-07-04,13.26,web,delivery,completed
ORD-0132858,R-0326,2025-07-07,22.42,web,delivery,completed
ORD-0132859,R-0326,2025-07-18,12.15,web,pickup,completed
ORD-0132860,R-0326,2025-07-12,20.66,web,delivery,completed
ORD-0132861,R-0326,2025-07-11,24.36,web,delivery,completed
ORD-0132862,R-0326,2025-07-18,38.07,web,delivery,completed
ORD-0132863,R-0326,2025-07-19,13.79,web,pickup,completed
ORD-0132864,R-0326,2025-07-21,14.75,web,delivery,COMPLETED
ORD-0132865,R-0326,2025-07-05,14.08,web,delivery,COMPLETED
ORD-0132866,R-0326,2025-07-03,27.70,web,delivery,cancelled
ORD-0132867,R-0326,2025-07-13,19.04,web,pickup,Completed
ORD-0132868,R-0326,2025-07-19,30.71,web,pickup,Completed
ORD-0132869,R-0326,2025-07-31,25.04,web,pickup,completed
ORD-0132870,R-0326,2025-07-25,6.42,web,delivery,Completed
ORD-0132871,R-0326,2025-07-12,28.21,web,pickup,COMPLETED
ORD-0132872,R-0326,2025-07-26,37.42,web,delivery,completed
ORD-0132873,R-0326,2025-07-03,19.72,web,pickup,completed
ORD-0132874,R-0326,2025-07-12,27.93,web,pickup,completed
ORD-0132875,R-0326,2025-07-18,20.77,web,pickup,completed
ORD-0132876,R-0326,2025-07-23,26.65,app,delivery,completed
ORD-0132877,R-0326,2025-07-25,9.15,web,pickup,completed
ORD-0132878,R-0326,2025-07-12,33.11,app,delivery,COMPLETED
ORD-0132879,R-0326,2025-07-26,18.70,web,delivery,completed
ORD-0132880,R-0326,2025-07-14,15.12,web,pickup,completed
ORD-0132881,R-0326,2025-07-03,7.62,web,pickup,completed
ORD-0132882,R-0326,2025-07-27,18.05,web,pickup,completed
ORD-0132883,R-0326,2025-07-26,22.47,web,pickup,completed
ORD-0132884,R-0326,2025-07-10,10.06,web,pickup,completed
ORD-0132885,R-0326,2025-07-17,32.05,web,delivery,completed
ORD-0132886,R-0326,2025-07-03,27.05,web,delivery,completed
ORD-0132887,R-0326,2025-07-27,21.85,web,delivery,completed
ORD-0132888,R-0326,2025-07-26,20.60,app,delivery,Completed
ORD-0132889,R-0326,2025-07-28,14.84,web,pickup,completed
ORD-0132890,R-0326,2025-07-11,25.77,web,pickup,completed
ORD-0132891,R-0326,2025-07-21,37.54,web,pickup,completed
ORD-0132892,R-0326,2025-07-13,19.50,web,delivery,completed
ORD-0134867,R-0330,2025-07-28,16.10,web,delivery,completed
ORD-0134868,R-0330,2025-07-23,50.47,web,pickup,completed
ORD-0134869,R-0330,2025-07-27,21.61,app,pickup,completed
ORD-0134870,R-0330,2025-07-11,14.74,app,pickup,COMPLETED
ORD-0134871,R-0330,2025-07-13,54.85,app,pickup,completed
ORD-0134872,R-0330,2025-07-14,32.33,web,pickup,completed
ORD-0134873,R-0330,2025-07-24,58.61,web,pickup,completed
ORD-0134874,R-0330,2025-07-29,38.92,web,pickup,completed
ORD-0134875,R-0330,2025-07-30,28.61,web,delivery,completed
ORD-0134876,R-0330,2025-07-05,30.82,web,pickup,completed
ORD-0134877,R-0330,2025-07-07,21.76,app,pickup,completed
ORD-0134878,R-0330,2025-07-19,19.48,web,delivery,completed
ORD-0134879,R-0330,2025-07-19,25.69,web,delivery,completed
ORD-0134880,R-0330,2025-07-06,19.57,web,pickup,completed
ORD-0134881,R-0330,2025-07-09,63.85,web,pickup,completed
ORD-0134882,R-0330,2025-07-12,37.99,web,pickup,completed
ORD-0134883,R-0330,2025-07-02,23.62,web,pickup,completed
ORD-0134884,R-0330,2025-07-17,14.66,app,delivery,completed
ORD-0134885,R-0330,2025-07-09,36.33,web,pickup,completed
ORD-0134886,R-0330,2025-07-29,38.83,web,delivery,completed
ORD-0134887,R-0330,2025-07-11,29.83,web,delivery,completed
ORD-0135141,R-0334,2025-07-14,22.66,web,pickup,completed
ORD-0135142,R-0334,2025-07-28,47.64,web,pickup,completed
ORD-0135143,R-0334,2025-07-15,46.91,web,pickup,completed
ORD-0135144,R-0334,2025-07-24,50.97,web,pickup,completed
ORD-0135145,R-0334,2025-07-27,36.55,app,pickup,completed
ORD-0135146,R-0334,2025-07-16,51.88,app,pickup,completed
ORD-0135147,R-0334,2025-07-20,74.52,app,pickup,completed
ORD-0135148,R-0334,2025-07-16,30.85,app,pickup,completed
ORD-0135149,R-0334,2025-07-06,56.04,web,pickup,cancelled
ORD-0135150,R-0334,2025-07-02,40.04,web,delivery,completed
ORD-0135151,R-0334,2025-07-04,47.26,web,delivery,Completed
ORD-0135152,R-0334,2025-07-23,36.36,app,delivery,completed
ORD-0135153,R-0334,2025-07-24,57.06,web,delivery,Completed
ORD-0135154,R-0334,2025-07-18,31.23,web,pickup,completed
ORD-0135155,R-0334,2025-07-29,75.46,web,pickup,completed
ORD-0135156,R-0334,2025-07-19,56.03,app,delivery,completed
ORD-0135157,R-0334,2025-07-16,38.08,app,pickup,completed
ORD-0135158,R-0334,2025-07-05,56.85,app,delivery,completed
ORD-0135159,R-0334,2025-07-26,51.95,web,pickup,completed
ORD-0135160,R-0334,2025-07-12,78.78,web,pickup,completed
ORD-0135161,R-0334,2025-07-25,47.57,web,pickup,COMPLETED
ORD-0135162,R-0334,2025-07-04,42.65,web,delivery,completed
ORD-0135163,R-0334,2025-07-27,43.79,web,pickup,completed
ORD-0135164,R-0334,2025-07-13,45.22,web,pickup,completed
ORD-0135165,R-0334,2025-07-06,49.49,web,pickup,completed
ORD-0135166,R-0334,2025-07-26,53.83,app,pickup,completed
ORD-0135167,R-0334,2025-07-17,33.54,web,pickup,completed
ORD-0135168,R-0334,2025-07-05,72.53,web,pickup,completed
ORD-0135169,R-0334,2025-07-08,60.12,web,pickup,completed
ORD-0135170,R-0334,2025-07-25,32.83,app,pickup,completed
ORD-0135171,R-0334,2025-07-02,43.86,web,pickup,completed
ORD-0135172,R-0334,2025-07-05,42.90,web,pickup,completed
ORD-0135173,R-0334,2025-07-11,61.89,web,delivery,COMPLETED
ORD-0135174,R-0334,2025-07-03,45.60,app,pickup,completed
ORD-0135175,R-0334,2025-07-30,29.57,app,pickup,completed
ORD-0135176,R-0334,2025-07-09,20.98,web,pickup,completed
ORD-0135177,R-0334,2025-07-22,35.72,app,pickup,Completed
ORD-0135178,R-0334,2025-07-18,75.73,web,pickup,completed
ORD-0135179,R-0334,2025-07-17,60.04,web,pickup,completed
ORD-0135180,R-0334,2025-07-22,33.26,web,pickup,completed
ORD-0135181,R-0334,2025-07-11,53.31,web,pickup,completed
ORD-0135182,R-0334,2025-07-16,49.31,web,pickup,completed
ORD-0135183,R-0334,2025-07-01,44.24,app,pickup,completed
ORD-0135184,R-0334,2025-07-18,35.18,web,pickup,Completed
ORD-0135185,R-0334,2025-07-19,71.53,app,pickup,completed
ORD-0136314,R-0335,2025-07-14,31.74,web,delivery,completed
ORD-0136315,R-0335,2025-07-25,31.98,web,delivery,completed
ORD-0136316,R-0335,2025-07-25,63.80,web,pickup,completed
ORD-0136317,R-0335,2025-07-23,29.41,app,delivery,Completed
ORD-0136318,R-0335,2025-07-07,39.41,app,delivery,completed
ORD-0136319,R-0335,2025-07-02,34.08,app,delivery,Completed
ORD-0136320,R-0335,2025-07-03,39.38,app,delivery,completed
ORD-0136321,R-0335,2025-07-16,46.73,web,delivery,completed
ORD-0136322,R-0335,2025-07-28,33.22,web,delivery,COMPLETED
ORD-0136323,R-0335,2025-07-19,29.93,app,delivery,completed
ORD-0136324,R-0335,2025-07-27,36.60,app,pickup,completed
ORD-0136325,R-0335,2025-07-11,30.93,web,delivery,completed
ORD-0136326,R-0335,2025-07-30,59.32,app,delivery,completed
ORD-0136327,R-0335,2025-07-04,41.66,app,delivery,completed
ORD-0136328,R-0335,2025-07-07,44.93,web,delivery,Refunded
ORD-0136329,R-0335,2025-07-26,55.93,app,delivery,completed
ORD-0136330,R-0335,2025-07-26,57.77,web,delivery,cancelled
ORD-0136331,R-0335,2025-07-22,49.29,web,pickup,refunded
ORD-0136332,R-0335,2025-07-16,68.39,web,pickup,completed
ORD-0136333,R-0335,2025-07-14,38.49,web,delivery,completed
ORD-0136334,R-0335,2025-07-21,67.74,app,pickup,cancelled
ORD-0136335,R-0335,2025-07-08,42.25,web,delivery,completed
ORD-0136336,R-0335,2025-07-12,47.20,app,delivery,completed
ORD-0136337,R-0335,2025-07-19,32.96,web,delivery,completed
ORD-0136338,R-0335,2025-07-21,28.14,web,pickup,completed
ORD-0136339,R-0335,2025-07-05,38.97,web,delivery,completed
ORD-0136340,R-0335,2025-07-26,77.95,app,delivery,completed
ORD-0136341,R-0335,2025-07-06,43.67,web,delivery,completed
ORD-0136342,R-0335,2025-07-07,32.13,web,pickup,Completed
ORD-0138811,R-0339,2025-07-19,29.26,web,pickup,completed
ORD-0138812,R-0339,2025-07-06,46.51,app,pickup,completed
ORD-0138813,R-0339,2025-07-20,16.78,app,delivery,completed
ORD-0138814,R-0339,2025-07-02,29.09,app,delivery,completed
ORD-0138815,R-0339,2025-07-24,27.48,web,delivery,completed
ORD-0138816,R-0339,2025-07-22,20.79,web,delivery,completed
ORD-0138817,R-0339,2025-07-25,21.57,web,delivery,completed
ORD-0138818,R-0339,2025-07-22,21.16,web,delivery,completed
ORD-0138819,R-0339,2025-07-31,15.58,web,delivery,completed
ORD-0138820,R-0339,2025-07-07,20.64,web,delivery,cancelled
ORD-0138821,R-0339,2025-07-10,40.13,web,pickup,COMPLETED
ORD-0138822,R-0339,2025-07-20,21.51,app,delivery,refunded
ORD-0138823,R-0339,2025-07-26,22.18,app,delivery,completed
ORD-0138824,R-0339,2025-07-07,24.68,web,delivery,completed
ORD-0138825,R-0339,2025-07-20,21.00,web,delivery,completed
ORD-0138826,R-0339,2025-07-19,16.34,web,delivery,Completed
ORD-0138827,R-0339,2025-07-11,30.45,app,pickup,COMPLETED
ORD-0138828,R-0339,2025-07-27,29.65,app,delivery,completed
ORD-0138829,R-0339,2025-07-10,18.66,web,delivery,completed
ORD-0138830,R-0339,2025-07-05,16.54,web,pickup,cancelled
ORD-0138831,R-0339,2025-07-30,19.79,web,delivery,completed
ORD-0138832,R-0339,2025-07-13,19.26,web,delivery,Completed
ORD-0138833,R-0339,2025-07-20,25.84,web,delivery,completed
ORD-0138834,R-0339,2025-07-18,28.92,web,pickup,completed
ORD-0138835,R-0339,2025-07-29,19.46,app,delivery,completed
ORD-0138836,R-0339,2025-07-12,24.90,app,delivery,completed
ORD-0138837,R-0339,2025-07-29,16.54,web,delivery,completed
ORD-0138838,R-0339,2025-07-28,16.63,web,delivery,completed
ORD-0139848,R-0341,2025-07-19,55.15,app,delivery,completed
ORD-0139849,R-0341,2025-07-13,34.45,app,pickup,completed
ORD-0139850,R-0341,2025-07-11,29.22,app,delivery,completed
ORD-0139851,R-0341,2025-07-15,17.91,web,pickup,completed
ORD-0139852,R-0341,2025-07-11,38.74,app,delivery,completed
ORD-0139853,R-0341,2025-07-20,37.63,web,delivery,completed
ORD-0139854,R-0341,2025-07-10,48.37,app,pickup,completed
ORD-0140180,R-0342,2025-07-19,30.21,web,delivery,Completed
ORD-0140181,R-0342,2025-07-24,36.45,web,pickup,completed
ORD-0140182,R-0342,2025-07-15,26.37,app,pickup,COMPLETED
ORD-0140183,R-0342,2025-07-04,42.67,app,pickup,COMPLETED
ORD-0140184,R-0342,2025-07-05,34.13,web,delivery,completed
ORD-0140185,R-0342,2025-07-22,19.16,app,delivery,completed
ORD-0140186,R-0342,2025-07-07,62.55,app,delivery,completed
ORD-0140187,R-0342,2025-07-12,48.38,web,pickup,COMPLETED
ORD-0140188,R-0342,2025-07-17,24.00,web,pickup,completed
ORD-0140189,R-0342,2025-07-19,35.47,web,delivery,completed
ORD-0140190,R-0342,2025-07-31,23.64,web,delivery,COMPLETED
ORD-0140191,R-0342,2025-07-04,29.65,web,delivery,Completed
ORD-0140192,R-0342,2025-07-07,35.70,web,pickup,completed
ORD-0140193,R-0342,2025-07-03,38.43,app,pickup,completed
ORD-0140194,R-0342,2025-07-04,21.18,web,delivery,cancelled
ORD-0140195,R-0342,2025-07-12,38.81,web,pickup,completed
ORD-0140196,R-0342,2025-07-30,47.64,app,pickup,completed
ORD-0140197,R-0342,2025-07-15,23.52,app,delivery,completed
ORD-0140198,R-0342,2025-07-27,33.24,app,pickup,completed
ORD-0140199,R-0342,2025-07-31,30.17,app,delivery,completed
ORD-0140200,R-0342,2025-07-14,36.93,web,pickup,completed
ORD-0140201,R-0342,2025-07-06,27.62,app,pickup,completed
ORD-0140202,R-0342,2025-07-16,20.49,app,delivery,completed
ORD-0140203,R-0342,2025-07-11,20.75,app,delivery,Completed
ORD-0140204,R-0342,2025-07-04,41.99,web,delivery,completed
ORD-0140205,R-0342,2025-07-26,23.51,web,delivery,completed
ORD-0140206,R-0342,2025-07-29,37.03,web,pickup,completed
ORD-0140207,R-0342,2025-07-06,17.65,web,delivery,completed
ORD-0140208,R-0342,2025-07-10,29.37,web,delivery,completed
ORD-0140209,R-0342,2025-07-18,30.53,web,pickup,completed
ORD-0140210,R-0342,2025-07-04,53.73,app,pickup,completed
ORD-0140211,R-0342,2025-07-21,23.33,app,pickup,completed
ORD-0140212,R-0342,2025-07-20,34.94,app,pickup,completed
ORD-0140530,R-0345,2025-07-31,46.73,web,pickup,completed
ORD-0140531,R-0345,2025-07-19,54.53,web,pickup,completed
ORD-0140532,R-0345,2025-07-06,27.72,web,pickup,completed
ORD-0140533,R-0345,2025-07-07,38.43,app,pickup,completed
ORD-0140534,R-0345,2025-07-14,48.58,app,pickup,completed
ORD-0140535,R-0345,2025-07-16,50.11,web,delivery,completed
ORD-0140536,R-0345,2025-07-19,89.69,app,pickup,completed
ORD-0140537,R-0345,2025-07-07,62.89,web,delivery,Completed
ORD-0140538,R-0345,2025-07-28,57.66,web,pickup,completed
ORD-0140539,R-0345,2025-07-30,56.94,web,pickup,completed
ORD-0140540,R-0345,2025-07-20,43.29,web,delivery,completed
ORD-0140541,R-0345,2025-07-05,50.64,app,pickup,completed
ORD-0140542,R-0345,2025-07-25,36.88,web,pickup,completed
ORD-0140543,R-0345,2025-07-07,52.59,app,delivery,completed
ORD-0140544,R-0345,2025-07-17,38.32,app,delivery,completed
ORD-0140545,R-0345,2025-07-31,69.89,web,delivery,completed
ORD-0140546,R-0345,2025-07-23,39.96,web,pickup,completed
ORD-0140547,R-0345,2025-07-20,103.78,web,pickup,completed
ORD-0141311,R-0348,2025-07-24,30.82,web,pickup,cancelled
ORD-0141312,R-0348,2025-07-25,58.38,web,pickup,completed
ORD-0141313,R-0348,2025-07-23,32.32,app,delivery,completed
ORD-0142509,R-0349,2025-07-29,18.52,app,delivery,completed
ORD-0142510,R-0349,2025-07-02,22.16,web,pickup,completed
ORD-0142511,R-0349,2025-07-30,14.50,web,delivery,Completed
ORD-0142512,R-0349,2025-07-02,29.91,web,pickup,completed
ORD-0142513,R-0349,2025-07-09,9.88,web,delivery,completed
ORD-0142514,R-0349,2025-07-29,10.01,web,pickup,completed
ORD-0142515,R-0349,2025-07-04,36.43,app,pickup,completed
ORD-0142516,R-0349,2025-07-04,22.57,app,delivery,completed
ORD-0142517,R-0349,2025-07-26,16.96,app,pickup,completed
ORD-0142518,R-0349,2025-07-24,10.92,app,pickup,completed
ORD-0142519,R-0349,2025-07-29,16.24,web,delivery,completed
ORD-0142520,R-0349,2025-07-07,22.64,app,pickup,completed
ORD-0142521,R-0349,2025-07-30,20.40,app,pickup,Completed
ORD-0142522,R-0349,2025-07-05,27.63,web,pickup,Completed
ORD-0142523,R-0349,2025-07-02,7.17,app,pickup,completed
ORD-0142524,R-0349,2025-07-05,27.98,app,pickup,completed
ORD-0142525,R-0349,2025-07-05,25.06,web,pickup,completed
ORD-0142526,R-0349,2025-07-03,13.13,app,pickup,completed
ORD-0142527,R-0349,2025-07-02,24.75,web,pickup,completed
ORD-0142528,R-0349,2025-07-26,35.76,app,pickup,completed
ORD-0142529,R-0349,2025-07-19,19.64,web,delivery,Completed
ORD-0142530,R-0349,2025-07-30,27.79,web,pickup,completed
ORD-0142531,R-0349,2025-07-22,21.41,app,pickup,completed
ORD-0142532,R-0349,2025-07-23,6.00,app,delivery,completed
ORD-0142533,R-0349,2025-07-30,14.68,app,delivery,COMPLETED
ORD-0142534,R-0349,2025-07-14,26.28,app,pickup,refunded
ORD-0142535,R-0349,2025-07-31,25.67,web,delivery,completed
ORD-0142536,R-0349,2025-07-01,22.50,app,pickup,completed
ORD-0142537,R-0349,2025-07-23,11.98,web,pickup,completed
ORD-0142538,R-0349,2025-07-04,13.69,web,pickup,COMPLETED
ORD-0142539,R-0349,2025-07-18,27.83,web,pickup,completed
ORD-0142540,R-0349,2025-07-23,14.28,app,pickup,completed
ORD-0142541,R-0349,2025-07-29,14.92,app,pickup,completed
ORD-0142542,R-0349,2025-07-30,18.30,web,pickup,COMPLETED
ORD-0142543,R-0349,2025-07-20,72.34,web,pickup,completed
ORD-0142544,R-0349,2025-07-24,11.30,web,pickup,completed
ORD-0142545,R-0349,2025-07-21,20.76,web,delivery,completed
ORD-0142546,R-0349,2025-07-16,31.55,app,pickup,completed
ORD-0143019,R-0350,2025-07-10,29.79,app,pickup,completed
ORD-0143020,R-0350,2025-07-30,16.32,app,pickup,cancelled
ORD-0143021,R-0350,2025-07-06,21.53,web,pickup,completed
ORD-0143022,R-0350,2025-07-01,31.06,app,pickup,COMPLETED
ORD-0143023,R-0350,2025-07-30,31.10,app,delivery,completed
ORD-0143024,R-0350,2025-07-25,11.35,app,delivery,completed
ORD-0143025,R-0350,2025-07-18,30.26,app,pickup,completed
ORD-0143026,R-0350,2025-07-31,14.20,app,pickup,completed
ORD-0143027,R-0350,2025-07-24,16.68,app,delivery,completed
ORD-0143028,R-0350,2025-07-08,9.47,app,pickup,completed
ORD-0143029,R-0350,2025-07-19,16.23,app,pickup,completed
ORD-0143030,R-0350,2025-07-25,24.09,web,pickup,Completed
ORD-0143031,R-0350,2025-07-31,15.23,app,delivery,completed
ORD-0143032,R-0350,2025-07-09,23.44,web,delivery,completed
ORD-0143033,R-0350,2025-07-08,12.65,app,pickup,completed
ORD-0143034,R-0350,2025-07-11,16.45,web,delivery,completed
ORD-0143035,R-0350,2025-07-28,19.18,app,delivery,completed
ORD-0143036,R-0350,2025-07-06,16.33,app,delivery,completed
ORD-0143037,R-0350,2025-07-21,15.38,app,pickup,completed
ORD-0143038,R-0350,2025-07-16,18.84,web,pickup,COMPLETED
ORD-0143039,R-0350,2025-07-15,20.91,app,pickup,refunded
ORD-0143040,R-0350,2025-07-28,15.06,web,delivery,completed
ORD-0143041,R-0350,2025-07-16,29.92,app,pickup,completed
ORD-0143042,R-0350,2025-07-25,25.41,app,pickup,completed
ORD-0143043,R-0350,2025-07-08,15.59,app,pickup,completed
ORD-0143044,R-0350,2025-07-19,26.75,app,pickup,completed
ORD-0143045,R-0350,2025-07-05,20.22,app,delivery,completed
ORD-0143046,R-0350,2025-07-16,16.30,app,pickup,completed
ORD-0143047,R-0350,2025-07-20,15.63,app,pickup,Completed
ORD-0143150,R-0351,2025-07-13,22.29,web,delivery,completed
ORD-0143151,R-0351,2025-07-18,37.65,app,delivery,completed
ORD-0143152,R-0351,2025-07-02,26.71,app,delivery,completed
ORD-0143153,R-0351,2025-07-05,31.75,app,delivery,completed
ORD-0143154,R-0351,2025-07-09,26.91,app,delivery,completed
ORD-0143155,R-0351,2025-07-09,22.51,web,pickup,completed
ORD-0143156,R-0351,2025-07-16,31.21,app,pickup,completed
ORD-0143157,R-0351,2025-07-05,15.82,web,pickup,Completed
ORD-0143158,R-0351,2025-07-09,43.68,web,pickup,completed
ORD-0143159,R-0351,2025-07-14,33.55,web,pickup,COMPLETED
ORD-0143160,R-0351,2025-07-19,27.27,web,delivery,completed
ORD-0143161,R-0351,2025-07-14,12.53,app,delivery,completed
ORD-0143162,R-0351,2025-07-30,21.10,app,pickup,completed
ORD-0143163,R-0351,2025-07-11,28.96,web,pickup,Completed
ORD-0143164,R-0351,2025-07-02,14.15,web,pickup,completed
ORD-0143165,R-0351,2025-07-13,19.98,app,pickup,completed
ORD-0143166,R-0351,2025-07-09,36.58,app,pickup,CANCELLED
ORD-0143167,R-0351,2025-07-20,35.49,app,pickup,completed
ORD-0143168,R-0351,2025-07-13,18.95,app,delivery,completed
ORD-0148527,R-0357,2025-07-09,12.20,web,delivery,completed
ORD-0148528,R-0357,2025-07-13,25.38,web,delivery,completed
ORD-0148529,R-0357,2025-07-10,19.07,web,delivery,completed
ORD-0148530,R-0357,2025-07-12,49.56,web,delivery,Completed
ORD-0148531,R-0357,2025-07-03,37.49,app,delivery,completed
ORD-0148532,R-0357,2025-07-25,38.79,app,delivery,completed
ORD-0148533,R-0357,2025-07-25,18.63,web,delivery,refunded
ORD-0148534,R-0357,2025-07-03,17.61,web,delivery,completed
ORD-0148535,R-0357,2025-07-26,22.56,web,delivery,completed
ORD-0148536,R-0357,2025-07-26,60.13,web,delivery,completed
ORD-0148537,R-0357,2025-07-26,22.07,web,delivery,Completed
ORD-0148538,R-0357,2025-07-17,18.59,web,pickup,completed
ORD-0148539,R-0357,2025-07-17,10.77,app,delivery,completed
ORD-0148540,R-0357,2025-07-28,14.02,app,delivery,Completed
ORD-0148541,R-0357,2025-07-28,16.54,web,delivery,completed
ORD-0148542,R-0357,2025-07-17,15.52,web,delivery,completed
ORD-0148543,R-0357,2025-07-27,24.69,app,delivery,COMPLETED
ORD-0148544,R-0357,2025-07-20,20.54,web,delivery,completed
ORD-0148545,R-0357,2025-07-31,27.24,web,delivery,completed
ORD-0148546,R-0357,2025-07-22,58.00,web,delivery,completed
ORD-0148547,R-0357,2025-07-17,42.76,app,delivery,completed
ORD-0148548,R-0357,2025-07-25,29.80,app,pickup,COMPLETED
ORD-0148549,R-0357,2025-07-26,29.33,app,delivery,completed
ORD-0148550,R-0357,2025-07-26,15.64,web,pickup,COMPLETED
ORD-0148551,R-0357,2025-07-26,75.21,app,pickup,Completed
ORD-0148552,R-0357,2025-07-13,51.12,web,delivery,completed
ORD-0148553,R-0357,2025-07-11,16.27,web,delivery,cancelled
ORD-0148554,R-0357,2025-07-11,42.54,web,delivery,completed
ORD-0148555,R-0357,2025-07-25,27.26,web,delivery,completed
ORD-0148556,R-0357,2025-07-12,20.95,app,delivery,completed
ORD-0148557,R-0357,2025-07-11,17.62,app,pickup,completed
ORD-0148558,R-0357,2025-07-19,45.67,web,delivery,completed
ORD-0148559,R-0357,2025-07-15,14.21,web,delivery,completed
ORD-0148560,R-0357,2025-07-13,22.09,web,delivery,completed
ORD-0148561,R-0357,2025-07-04,74.30,web,pickup,completed
ORD-0148562,R-0357,2025-07-01,28.95,web,delivery,Completed
ORD-0148563,R-0357,2025-07-13,45.69,web,delivery,completed
ORD-0148564,R-0357,2025-07-20,31.91,app,delivery,completed
ORD-0148565,R-0357,2025-07-15,17.56,web,pickup,completed
ORD-0148566,R-0357,2025-07-11,30.22,web,delivery,Completed
ORD-0148567,R-0357,2025-07-05,9.51,web,delivery,completed
ORD-0148568,R-0357,2025-07-26,18.79,web,delivery,completed
ORD-0148569,R-0357,2025-07-25,58.31,web,delivery,COMPLETED
ORD-0148570,R-0357,2025-07-26,29.17,web,delivery,completed
ORD-0148571,R-0357,2025-07-28,18.98,web,delivery,completed
ORD-0148572,R-0357,2025-07-05,16.15,web,delivery,completed
ORD-0148573,R-0357,2025-07-04,43.67,web,delivery,completed
ORD-0148574,R-0357,2025-07-04,12.58,web,pickup,cancelled
ORD-0148575,R-0357,2025-07-28,51.49,web,delivery,completed
ORD-0148576,R-0357,2025-07-12,29.75,app,pickup,completed
ORD-0148577,R-0357,2025-07-13,30.72,app,delivery,Completed
ORD-0148578,R-0357,2025-07-06,64.04,app,delivery,completed
ORD-0148579,R-0357,2025-07-30,31.35,web,delivery,completed
ORD-0148580,R-0357,2025-07-14,30.97,app,delivery,Completed
ORD-0148581,R-0357,2025-07-03,39.79,app,pickup,completed
ORD-0148582,R-0357,2025-07-27,18.86,app,delivery,completed
ORD-0148583,R-0357,2025-07-30,20.36,web,pickup,completed
ORD-0148584,R-0357,2025-07-25,24.87,web,pickup,completed
ORD-0148585,R-0357,2025-07-09,13.88,app,pickup,completed
ORD-0148586,R-0357,2025-07-21,67.48,app,pickup,Completed
ORD-0148587,R-0357,2025-07-13,50.58,web,delivery,completed
ORD-0148588,R-0357,2025-07-17,24.13,web,delivery,completed
ORD-0148589,R-0357,2025-07-18,68.55,app,delivery,completed
ORD-0148590,R-0357,2025-07-20,28.53,web,delivery,refunded
ORD-0148591,R-0357,2025-07-08,21.48,web,delivery,completed
ORD-0148592,R-0357,2025-07-21,25.34,app,delivery,completed
ORD-0148593,R-0357,2025-07-03,26.15,web,delivery,completed
ORD-0148594,R-0357,2025-07-13,69.63,web,pickup,completed
ORD-0148595,R-0357,2025-07-14,18.16,app,delivery,completed
ORD-0148596,R-0357,2025-07-08,8.55,web,delivery,completed
ORD-0148597,R-0357,2025-07-19,20.01,app,delivery,completed
ORD-0148598,R-0357,2025-07-24,11.96,app,delivery,completed
ORD-0148599,R-0357,2025-07-22,29.10,web,delivery,cancelled
ORD-0148600,R-0357,2025-07-26,24.26,app,delivery,completed
ORD-0148601,R-0357,2025-07-18,20.68,web,delivery,completed
ORD-0148602,R-0357,2025-07-20,15.06,web,delivery,cancelled
ORD-0148603,R-0357,2025-07-16,20.10,web,delivery,completed
ORD-0148604,R-0357,2025-07-24,30.63,web,delivery,COMPLETED
ORD-0148605,R-0357,2025-07-18,63.04,web,delivery,completed
ORD-0148606,R-0357,2025-07-26,24.15,web,delivery,completed
ORD-0148607,R-0357,2025-07-05,29.33,app,delivery,completed
ORD-0148608,R-0357,2025-07-20,54.66,web,pickup,COMPLETED
ORD-0148609,R-0357,2025-07-13,26.08,web,delivery,completed
ORD-0148610,R-0357,2025-07-15,28.36,web,pickup,completed
ORD-0148611,R-0357,2025-07-09,13.43,web,pickup,completed
ORD-0148612,R-0357,2025-07-23,46.53,app,delivery,completed
ORD-0148613,R-0357,2025-07-22,36.39,web,delivery,COMPLETED
ORD-0148614,R-0357,2025-07-18,23.05,web,delivery,completed
ORD-0148615,R-0357,2025-07-10,14.23,app,delivery,COMPLETED
ORD-0148616,R-0357,2025-07-01,19.32,web,delivery,completed
ORD-0148617,R-0357,2025-07-16,55.72,web,delivery,completed
ORD-0148618,R-0357,2025-07-10,20.93,web,delivery,completed
ORD-0148619,R-0357,2025-07-01,36.71,web,delivery,completed
ORD-0148620,R-0357,2025-07-29,23.91,web,delivery,completed
ORD-0148621,R-0357,2025-07-17,12.09,web,delivery,completed
ORD-0148622,R-0357,2025-07-24,21.50,web,delivery,completed
ORD-0148623,R-0357,2025-07-20,29.49,app,delivery,completed
ORD-0148624,R-0357,2025-07-22,11.19,web,delivery,completed
ORD-0148625,R-0357,2025-07-12,36.90,web,delivery,completed
ORD-0148626,R-0357,2025-07-14,25.55,app,delivery,completed
ORD-0148627,R-0357,2025-07-25,35.59,app,delivery,completed
ORD-0148628,R-0357,2025-07-15,32.70,web,delivery,completed
ORD-0148629,R-0357,2025-07-24,40.94,web,pickup,completed
ORD-0148630,R-0357,2025-07-25,52.30,app,delivery,cancelled
ORD-0148631,R-0357,2025-07-14,63.92,web,delivery,completed
ORD-0148632,R-0357,2025-07-25,32.17,app,pickup,completed
ORD-0148633,R-0357,2025-07-23,53.06,web,delivery,completed
ORD-0148634,R-0357,2025-07-22,31.82,web,delivery,completed
ORD-0148635,R-0357,2025-07-07,22.18,web,delivery,completed
ORD-0148636,R-0357,2025-07-07,24.99,web,delivery,completed
ORD-0148637,R-0357,2025-07-01,22.80,web,delivery,completed
ORD-0148638,R-0357,2025-07-26,46.01,web,delivery,completed
ORD-0148639,R-0357,2025-07-26,22.54,app,delivery,completed
ORD-0148640,R-0357,2025-07-01,23.41,web,delivery,completed
ORD-0148641,R-0357,2025-07-13,25.05,app,delivery,completed
ORD-0148642,R-0357,2025-07-03,52.81,web,pickup,cancelled
ORD-0148643,R-0357,2025-07-01,51.17,web,delivery,completed
ORD-0148644,R-0357,2025-07-07,34.55,web,pickup,completed
ORD-0148645,R-0357,2025-07-06,24.39,app,delivery,completed
ORD-0148646,R-0357,2025-07-05,35.06,web,delivery,completed
ORD-0148647,R-0357,2025-07-20,32.46,web,delivery,completed
ORD-0148648,R-0357,2025-07-04,18.19,web,delivery,completed
ORD-0148649,R-0357,2025-07-26,17.69,web,delivery,completed
ORD-0148650,R-0357,2025-07-05,38.68,web,delivery,completed
ORD-0148651,R-0357,2025-07-07,26.62,web,delivery,completed
ORD-0148652,R-0357,2025-07-28,19.17,web,pickup,completed
ORD-0148653,R-0357,2025-07-27,20.92,app,delivery,completed
ORD-0148654,R-0357,2025-07-22,18.90,web,pickup,REFUNDED
ORD-0148655,R-0357,2025-07-05,30.55,web,delivery,completed
ORD-0148656,R-0357,2025-07-04,30.61,web,delivery,completed
ORD-0148657,R-0357,2025-07-04,13.22,app,delivery,completed
ORD-0148658,R-0357,2025-07-29,11.94,web,delivery,completed
ORD-0148659,R-0357,2025-07-07,31.19,app,delivery,completed
ORD-0148660,R-0357,2025-07-24,17.60,web,pickup,completed
ORD-0148661,R-0357,2025-07-07,31.03,web,pickup,completed
ORD-0148662,R-0357,2025-07-10,12.95,web,pickup,completed
ORD-0148663,R-0357,2025-07-04,22.69,app,delivery,completed
ORD-0148664,R-0357,2025-07-29,13.91,web,delivery,completed
ORD-0148665,R-0357,2025-07-20,49.34,web,pickup,completed
ORD-0148666,R-0357,2025-07-29,25.85,web,pickup,Completed
ORD-0148667,R-0357,2025-07-21,28.08,web,delivery,completed
ORD-0148668,R-0357,2025-07-04,29.57,web,pickup,completed
ORD-0148669,R-0357,2025-07-25,47.53,web,delivery,completed
ORD-0148670,R-0357,2025-07-03,38.77,web,delivery,completed
ORD-0148671,R-0357,2025-07-19,30.14,web,delivery,completed
ORD-0148672,R-0357,2025-07-23,20.25,app,delivery,completed
ORD-0148673,R-0357,2025-07-25,45.67,app,pickup,completed
ORD-0148674,R-0357,2025-07-15,73.40,app,delivery,Completed
ORD-0148675,R-0357,2025-07-19,42.74,web,pickup,completed
ORD-0148676,R-0357,2025-07-08,25.72,web,delivery,Completed
ORD-0148677,R-0357,2025-07-19,53.05,web,delivery,completed
ORD-0148678,R-0357,2025-07-13,46.74,web,pickup,completed
ORD-0148679,R-0357,2025-07-20,49.39,web,delivery,completed
ORD-0148680,R-0357,2025-07-30,98.72,web,delivery,completed
ORD-0148681,R-0357,2025-07-15,45.62,web,pickup,completed
ORD-0148682,R-0357,2025-07-25,22.91,web,pickup,completed
ORD-0148683,R-0357,2025-07-22,19.60,web,pickup,completed
ORD-0148684,R-0357,2025-07-08,26.90,web,delivery,completed
ORD-0148685,R-0357,2025-07-29,13.58,app,pickup,completed
ORD-0148686,R-0357,2025-07-20,17.55,app,delivery,completed
ORD-0148687,R-0357,2025-07-15,12.35,web,delivery,completed
ORD-0148688,R-0357,2025-07-31,24.58,app,delivery,completed
ORD-0148689,R-0357,2025-07-28,17.94,web,delivery,completed
ORD-0148690,R-0357,2025-07-28,25.46,web,delivery,completed
ORD-0148691,R-0357,2025-07-12,20.23,web,delivery,completed
ORD-0148692,R-0357,2025-07-01,13.82,web,delivery,completed
ORD-0148693,R-0357,2025-07-12,26.39,web,delivery,completed
ORD-0148694,R-0357,2025-07-01,49.59,web,delivery,completed
ORD-0148695,R-0357,2025-07-27,57.59,web,delivery,completed
ORD-0148696,R-0357,2025-07-29,42.56,web,delivery,completed
ORD-0148697,R-0357,2025-07-29,52.01,web,delivery,completed
ORD-0150170,R-0358,2025-07-12,27.84,app,delivery,completed
ORD-0150171,R-0358,2025-07-27,54.59,app,delivery,completed
ORD-0150172,R-0358,2025-07-04,29.92,app,pickup,completed
ORD-0150173,R-0358,2025-07-13,63.61,app,delivery,Completed
ORD-0150174,R-0358,2025-07-01,43.52,app,pickup,completed
ORD-0150175,R-0358,2025-07-12,46.54,app,delivery,completed
ORD-0150176,R-0358,2025-07-17,33.30,app,delivery,completed
ORD-0150177,R-0358,2025-07-25,33.06,app,delivery,completed
ORD-0150178,R-0358,2025-07-28,29.30,app,delivery,completed
ORD-0150179,R-0358,2025-07-21,42.72,app,delivery,completed
ORD-0150180,R-0358,2025-07-31,36.94,app,delivery,Completed
ORD-0150181,R-0358,2025-07-05,43.62,web,pickup,completed
ORD-0150182,R-0358,2025-07-17,56.29,web,delivery,cancelled
ORD-0150183,R-0358,2025-07-02,33.05,web,delivery,completed
ORD-0150184,R-0358,2025-07-28,41.12,app,pickup,completed
ORD-0150185,R-0358,2025-07-22,19.80,app,delivery,completed
ORD-0150186,R-0358,2025-07-11,58.33,app,delivery,completed
ORD-0150187,R-0358,2025-07-07,65.50,app,delivery,completed
ORD-0150188,R-0358,2025-07-11,62.00,web,delivery,completed
ORD-0150189,R-0358,2025-07-22,47.83,app,pickup,completed
ORD-0150190,R-0358,2025-07-17,23.53,web,pickup,completed
ORD-0150191,R-0358,2025-07-05,53.43,app,pickup,completed
ORD-0150192,R-0358,2025-07-26,37.73,app,delivery,Completed
ORD-0150193,R-0358,2025-07-15,33.71,app,delivery,COMPLETED
ORD-0150194,R-0358,2025-07-26,49.73,app,delivery,completed
ORD-0150195,R-0358,2025-07-18,49.14,app,delivery,completed
ORD-0150196,R-0358,2025-07-08,22.67,app,delivery,completed
ORD-0150197,R-0358,2025-07-16,58.19,app,delivery,COMPLETED
ORD-0150198,R-0358,2025-07-31,45.60,app,delivery,completed
ORD-0150455,R-0359,2025-07-27,92.39,app,delivery,COMPLETED
ORD-0150456,R-0359,2025-07-10,25.59,app,pickup,COMPLETED
ORD-0150457,R-0359,2025-07-18,80.52,app,pickup,completed
ORD-0150458,R-0359,2025-07-26,23.69,app,pickup,completed
ORD-0150459,R-0359,2025-07-02,26.41,app,pickup,completed
ORD-0150460,R-0359,2025-07-25,47.36,app,pickup,completed
ORD-0150461,R-0359,2025-07-15,35.03,web,pickup,cancelled
ORD-0150462,R-0359,2025-07-11,50.87,app,delivery,completed
ORD-0150463,R-0359,2025-07-04,39.53,app,delivery,completed
ORD-0150464,R-0359,2025-07-24,36.69,web,pickup,cancelled
ORD-0150465,R-0359,2025-07-17,22.30,web,delivery,completed
ORD-0150466,R-0359,2025-07-20,36.93,web,delivery,completed
ORD-0150467,R-0359,2025-07-23,30.59,web,pickup,completed
ORD-0150468,R-0359,2025-07-14,28.55,app,delivery,completed
ORD-0150469,R-0359,2025-07-17,18.80,app,delivery,completed
ORD-0150470,R-0359,2025-07-07,46.31,web,delivery,completed
ORD-0150471,R-0359,2025-07-04,36.22,web,delivery,completed
ORD-0150472,R-0359,2025-07-25,21.49,app,pickup,completed
ORD-0150473,R-0359,2025-07-02,23.30,app,delivery,completed
ORD-0150474,R-0359,2025-07-02,26.16,app,pickup,completed
ORD-0150475,R-0359,2025-07-06,23.44,app,pickup,completed
ORD-0150476,R-0359,2025-07-22,19.79,app,delivery,completed
ORD-0150477,R-0359,2025-07-13,13.30,app,delivery,COMPLETED
ORD-0150478,R-0359,2025-07-07,19.59,app,delivery,completed
ORD-0150479,R-0359,2025-07-06,40.45,app,pickup,Completed
ORD-0150480,R-0359,2025-07-18,48.81,app,delivery,completed
ORD-0150481,R-0359,2025-07-05,27.51,app,pickup,completed
ORD-0150482,R-0359,2025-07-12,19.97,web,delivery,completed
ORD-0150483,R-0359,2025-07-01,29.35,web,delivery,completed
ORD-0150484,R-0359,2025-07-28,20.01,web,delivery,completed
ORD-0150485,R-0359,2025-07-06,24.38,app,delivery,completed
ORD-0150486,R-0359,2025-07-26,50.61,app,pickup,completed
ORD-0150487,R-0359,2025-07-20,34.89,app,pickup,completed
ORD-0150488,R-0359,2025-07-09,54.25,app,pickup,completed
ORD-0150489,R-0359,2025-07-04,44.92,app,delivery,Completed
ORD-0150490,R-0359,2025-07-26,21.84,web,delivery,completed
ORD-0150491,R-0359,2025-07-26,32.29,app,pickup,Cancelled
ORD-0150492,R-0359,2025-07-20,39.22,app,delivery,completed
ORD-0150493,R-0359,2025-07-22,50.18,web,delivery,completed
ORD-0150494,R-0359,2025-07-01,28.91,app,delivery,completed
ORD-0150495,R-0359,2025-07-07,36.35,app,delivery,completed
ORD-0151521,R-0361,2025-07-25,30.37,app,delivery,completed
ORD-0151522,R-0361,2025-07-29,27.83,app,pickup,completed
ORD-0151523,R-0361,2025-07-05,23.83,app,delivery,completed
ORD-0151524,R-0361,2025-07-13,42.63,web,pickup,completed
ORD-0151525,R-0361,2025-07-22,68.40,app,pickup,completed
ORD-0151526,R-0361,2025-07-12,41.79,web,delivery,completed
ORD-0151527,R-0361,2025-07-11,27.76,app,pickup,cancelled
ORD-0151528,R-0361,2025-07-27,23.13,app,pickup,completed
ORD-0151529,R-0361,2025-07-28,29.79,app,delivery,completed
ORD-0151530,R-0361,2025-07-02,37.92,web,pickup,Completed
ORD-0151531,R-0361,2025-07-24,32.75,app,delivery,completed
ORD-0151532,R-0361,2025-07-24,40.85,web,delivery,completed
ORD-0152521,R-0363,2025-07-09,12.28,app,pickup,completed
ORD-0152522,R-0363,2025-07-18,14.72,web,delivery,completed
ORD-0152523,R-0363,2025-07-26,18.45,app,pickup,completed
ORD-0152524,R-0363,2025-07-29,14.43,web,pickup,completed
ORD-0152525,R-0363,2025-07-26,9.68,app,pickup,completed
ORD-0152526,R-0363,2025-07-04,20.80,app,pickup,completed
ORD-0152527,R-0363,2025-07-28,12.48,app,delivery,completed
ORD-0152528,R-0363,2025-07-25,12.32,app,pickup,CANCELLED
ORD-0152529,R-0363,2025-07-10,17.16,app,pickup,completed
ORD-0152530,R-0363,2025-07-15,9.00,web,pickup,COMPLETED
ORD-0152531,R-0363,2025-07-11,16.56,web,pickup,completed
ORD-0152532,R-0363,2025-07-11,11.23,web,pickup,completed
ORD-0152533,R-0363,2025-07-01,31.22,web,pickup,completed
ORD-0152534,R-0363,2025-07-26,15.78,web,pickup,completed
ORD-0152535,R-0363,2025-07-10,20.97,web,pickup,completed
ORD-0152536,R-0363,2025-07-27,28.11,web,pickup,completed
ORD-0152537,R-0363,2025-07-17,21.97,web,pickup,completed
ORD-0152538,R-0363,2025-07-25,9.99,web,delivery,completed
ORD-0152539,R-0363,2025-07-13,20.63,web,pickup,completed
ORD-0152540,R-0363,2025-07-11,28.66,web,delivery,completed
ORD-0152541,R-0363,2025-07-25,14.41,web,pickup,completed
ORD-0152542,R-0363,2025-07-20,14.54,web,pickup,completed
ORD-0152543,R-0363,2025-07-04,25.84,app,pickup,completed
ORD-0152544,R-0363,2025-07-18,13.09,web,delivery,COMPLETED
ORD-0152545,R-0363,2025-07-24,13.85,app,pickup,completed
ORD-0152546,R-0363,2025-07-20,16.24,web,delivery,completed
ORD-0152547,R-0363,2025-07-28,14.93,web,delivery,completed
ORD-0152548,R-0363,2025-07-27,18.76,web,delivery,Completed
ORD-0152549,R-0363,2025-07-10,40.89,app,pickup,COMPLETED
ORD-0152550,R-0363,2025-07-03,23.40,web,pickup,completed
ORD-0152551,R-0363,2025-07-29,21.00,web,pickup,completed
ORD-0152552,R-0363,2025-07-20,19.30,app,pickup,completed
ORD-0152553,R-0363,2025-07-01,16.86,app,delivery,Completed
ORD-0152554,R-0363,2025-07-17,14.77,web,pickup,completed
ORD-0152555,R-0363,2025-07-05,26.96,web,pickup,COMPLETED
ORD-0152556,R-0363,2025-07-30,8.66,web,delivery,completed
ORD-0152557,R-0363,2025-07-21,10.39,web,pickup,completed
ORD-0152558,R-0363,2025-07-25,12.05,web,pickup,completed
ORD-0152559,R-0363,2025-07-22,18.16,web,pickup,completed
ORD-0152560,R-0363,2025-07-02,13.79,web,pickup,completed
ORD-0152561,R-0363,2025-07-23,16.67,app,pickup,completed
ORD-0152562,R-0363,2025-07-01,18.39,web,pickup,completed
ORD-0152563,R-0363,2025-07-14,16.19,web,pickup,Completed
ORD-0152564,R-0363,2025-07-22,10.05,web,pickup,completed
ORD-0152565,R-0363,2025-07-15,20.89,app,pickup,completed
ORD-0152566,R-0363,2025-07-11,18.46,web,pickup,completed
ORD-0152567,R-0363,2025-07-19,14.31,web,pickup,completed
ORD-0152568,R-0363,2025-07-01,12.05,app,pickup,completed
ORD-0152569,R-0363,2025-07-16,25.71,app,pickup,completed
ORD-0152570,R-0363,2025-07-13,23.77,web,pickup,completed
ORD-0152571,R-0363,2025-07-23,7.18,web,delivery,completed
ORD-0152572,R-0363,2025-07-04,18.03,web,pickup,completed
ORD-0152573,R-0363,2025-07-24,22.74,app,delivery,completed
ORD-0152574,R-0363,2025-07-31,16.01,app,pickup,completed
ORD-0152575,R-0363,2025-07-26,20.93,web,delivery,completed
ORD-0152576,R-0363,2025-07-24,15.98,app,pickup,completed
ORD-0152577,R-0363,2025-07-05,29.39,app,pickup,completed
ORD-0152578,R-0363,2025-07-02,17.26,app,pickup,cancelled
ORD-0153143,R-0364,2025-07-24,37.19,app,delivery,completed
ORD-0153144,R-0364,2025-07-21,21.56,app,pickup,completed
ORD-0153145,R-0364,2025-07-07,33.21,app,pickup,completed
ORD-0153146,R-0364,2025-07-18,17.32,web,pickup,completed
ORD-0153147,R-0364,2025-07-08,20.64,app,pickup,completed
ORD-0153148,R-0364,2025-07-23,30.90,app,delivery,completed
ORD-0153149,R-0364,2025-07-31,18.76,web,delivery,Completed
ORD-0153150,R-0364,2025-07-17,33.34,web,delivery,completed
ORD-0153151,R-0364,2025-07-27,29.09,app,pickup,completed
ORD-0153152,R-0364,2025-07-22,18.76,app,delivery,COMPLETED
ORD-0153153,R-0364,2025-07-15,18.39,app,pickup,refunded
ORD-0153154,R-0364,2025-07-27,38.31,web,pickup,completed
ORD-0153155,R-0364,2025-07-10,25.65,app,pickup,completed
ORD-0153156,R-0364,2025-07-18,22.14,app,pickup,completed
ORD-0153157,R-0364,2025-07-25,26.56,app,delivery,Completed
ORD-0153158,R-0364,2025-07-27,34.48,web,delivery,completed
ORD-0153159,R-0364,2025-07-05,35.19,app,pickup,COMPLETED
ORD-0153160,R-0364,2025-07-12,33.21,app,delivery,completed
ORD-0153161,R-0364,2025-07-06,27.31,app,pickup,completed
ORD-0153162,R-0364,2025-07-11,20.94,app,pickup,completed
ORD-0153163,R-0364,2025-07-10,16.37,web,pickup,completed
ORD-0153164,R-0364,2025-07-26,32.76,web,delivery,completed
ORD-0153165,R-0364,2025-07-20,36.10,app,pickup,completed
ORD-0153166,R-0364,2025-07-25,30.29,web,delivery,completed
ORD-0153167,R-0364,2025-07-18,51.01,web,delivery,completed
ORD-0153168,R-0364,2025-07-27,26.35,web,pickup,completed
ORD-0153169,R-0364,2025-07-22,29.57,web,pickup,COMPLETED
ORD-0153170,R-0364,2025-07-18,32.90,app,pickup,completed
ORD-0153171,R-0364,2025-07-11,33.57,app,pickup,completed
ORD-0153172,R-0364,2025-07-13,40.90,app,delivery,completed
ORD-0153173,R-0364,2025-07-05,28.00,web,pickup,completed
ORD-0153174,R-0364,2025-07-18,31.20,app,pickup,cancelled
ORD-0153175,R-0364,2025-07-20,18.92,web,delivery,completed
ORD-0153176,R-0364,2025-07-16,21.49,app,pickup,completed
ORD-0153177,R-0364,2025-07-18,19.45,web,pickup,completed
ORD-0153178,R-0364,2025-07-20,26.28,app,pickup,completed
ORD-0153179,R-0364,2025-07-29,24.17,web,pickup,completed
ORD-0153180,R-0364,2025-07-26,26.43,web,delivery,cancelled
ORD-0153181,R-0364,2025-07-12,24.08,app,pickup,completed
ORD-0153182,R-0364,2025-07-19,36.38,web,pickup,completed
ORD-0153183,R-0364,2025-07-19,58.31,app,delivery,completed
ORD-0153184,R-0364,2025-07-20,36.73,web,pickup,completed
ORD-0154131,R-0366,2025-07-04,21.22,web,delivery,completed
ORD-0154132,R-0366,2025-07-01,50.87,app,delivery,completed
ORD-0154133,R-0366,2025-07-30,34.21,app,pickup,completed
ORD-0154134,R-0366,2025-07-06,76.91,web,delivery,completed
ORD-0154135,R-0366,2025-07-27,30.41,app,pickup,completed
ORD-0154136,R-0366,2025-07-05,38.86,app,pickup,completed
ORD-0154137,R-0366,2025-07-17,36.17,app,delivery,completed
ORD-0154138,R-0366,2025-07-09,32.73,app,delivery,completed
ORD-0154139,R-0366,2025-07-26,78.78,app,pickup,completed
ORD-0154140,R-0366,2025-07-23,61.64,web,delivery,completed
ORD-0154141,R-0366,2025-07-03,50.87,app,delivery,completed
ORD-0154142,R-0366,2025-07-25,43.77,web,delivery,completed
ORD-0154143,R-0366,2025-07-16,36.53,app,pickup,completed
ORD-0154144,R-0366,2025-07-28,39.03,app,delivery,COMPLETED
ORD-0154145,R-0366,2025-07-09,39.61,web,delivery,completed
ORD-0154146,R-0366,2025-07-26,70.62,web,delivery,completed
ORD-0154147,R-0366,2025-07-23,49.55,app,delivery,Completed
ORD-0154148,R-0366,2025-07-17,54.65,web,delivery,COMPLETED
ORD-0154149,R-0366,2025-07-15,48.43,web,delivery,completed
ORD-0154150,R-0366,2025-07-04,67.74,web,pickup,completed
ORD-0154151,R-0366,2025-07-15,33.06,web,delivery,completed
ORD-0154152,R-0366,2025-07-15,39.22,app,delivery,completed
ORD-0154153,R-0366,2025-07-16,35.28,app,delivery,completed
ORD-0154154,R-0366,2025-07-10,46.79,web,delivery,completed
ORD-0154155,R-0366,2025-07-07,63.56,web,delivery,completed
ORD-0154156,R-0366,2025-07-19,49.75,app,delivery,completed
ORD-0154157,R-0366,2025-07-31,35.78,app,delivery,completed
ORD-0154158,R-0366,2025-07-24,46.64,app,delivery,completed
ORD-0154159,R-0366,2025-07-29,34.73,app,delivery,completed
ORD-0154160,R-0366,2025-07-26,48.24,web,delivery,completed
ORD-0154161,R-0366,2025-07-21,58.32,app,pickup,completed
ORD-0154162,R-0366,2025-07-04,55.85,web,delivery,completed
ORD-0154163,R-0366,2025-07-10,62.86,web,delivery,completed
ORD-0154164,R-0366,2025-07-07,30.91,app,delivery,completed
ORD-0154165,R-0366,2025-07-16,44.84,app,delivery,completed
ORD-0154166,R-0366,2025-07-19,57.62,app,delivery,COMPLETED
ORD-0154167,R-0366,2025-07-03,41.47,web,delivery,completed
ORD-0154168,R-0366,2025-07-17,22.38,app,delivery,completed
ORD-0154169,R-0366,2025-07-19,36.91,app,delivery,COMPLETED
ORD-0154170,R-0366,2025-07-17,31.57,web,delivery,completed
ORD-0154171,R-0366,2025-07-03,41.47,app,delivery,completed
ORD-0154172,R-0366,2025-07-27,77.44,web,pickup,completed
ORD-0154173,R-0366,2025-07-29,15.32,app,delivery,completed
ORD-0154174,R-0366,2025-07-08,39.81,web,pickup,completed
ORD-0154175,R-0366,2025-07-25,37.23,app,delivery,completed
ORD-0154176,R-0366,2025-07-26,24.21,web,delivery,completed
ORD-0154177,R-0366,2025-07-27,82.92,app,delivery,completed
ORD-0154178,R-0366,2025-07-13,18.35,app,pickup,completed
ORD-0154921,R-0367,2025-07-10,49.74,app,pickup,completed
ORD-0154922,R-0367,2025-07-29,47.88,app,delivery,completed
ORD-0154923,R-0367,2025-07-25,29.30,web,pickup,cancelled
ORD-0154924,R-0367,2025-07-19,52.42,app,pickup,cancelled
ORD-0154925,R-0367,2025-07-26,27.50,app,pickup,cancelled
ORD-0154926,R-0367,2025-07-19,39.21,app,pickup,completed
ORD-0154927,R-0367,2025-07-20,26.89,web,pickup,completed
ORD-0154928,R-0367,2025-07-03,56.43,app,pickup,completed
ORD-0154929,R-0367,2025-07-31,28.47,web,delivery,completed
ORD-0154930,R-0367,2025-07-12,45.82,app,delivery,Completed
ORD-0154931,R-0367,2025-07-21,28.23,app,delivery,completed
ORD-0154932,R-0367,2025-07-21,31.96,web,pickup,completed
ORD-0154933,R-0367,2025-07-06,37.92,app,pickup,completed
ORD-0154934,R-0367,2025-07-06,44.77,web,delivery,completed
ORD-0154935,R-0367,2025-07-28,39.49,web,pickup,COMPLETED
ORD-0154936,R-0367,2025-07-11,42.85,app,pickup,completed
ORD-0154937,R-0367,2025-07-25,29.81,web,pickup,COMPLETED
ORD-0154938,R-0367,2025-07-19,52.81,web,delivery,completed
ORD-0154939,R-0367,2025-07-31,33.94,app,pickup,completed
ORD-0154940,R-0367,2025-07-24,34.19,app,pickup,completed
ORD-0154941,R-0367,2025-07-18,45.96,web,pickup,completed
ORD-0154942,R-0367,2025-07-12,64.83,app,pickup,completed
ORD-0154943,R-0367,2025-07-19,41.17,app,pickup,completed
ORD-0154944,R-0367,2025-07-29,45.75,app,pickup,completed
ORD-0154945,R-0367,2025-07-18,41.94,web,delivery,Completed
ORD-0154946,R-0367,2025-07-04,36.75,app,pickup,Completed
ORD-0154947,R-0367,2025-07-29,46.47,web,delivery,completed
ORD-0154948,R-0367,2025-07-03,35.64,app,pickup,completed
ORD-0154949,R-0367,2025-07-17,21.60,app,pickup,completed
ORD-0154950,R-0367,2025-07-10,33.42,app,pickup,cancelled
ORD-0154951,R-0367,2025-07-05,57.63,app,delivery,completed
ORD-0154952,R-0367,2025-07-25,30.43,app,pickup,completed
ORD-0154953,R-0367,2025-07-16,50.04,app,pickup,completed
ORD-0154954,R-0367,2025-07-05,29.77,app,pickup,Completed
ORD-0154955,R-0367,2025-07-09,29.16,app,pickup,completed
ORD-0154956,R-0367,2025-07-26,44.02,app,delivery,completed
ORD-0154957,R-0367,2025-07-04,49.78,app,pickup,Completed
ORD-0154958,R-0367,2025-07-08,35.82,app,pickup,completed
ORD-0154959,R-0367,2025-07-14,32.47,app,pickup,Completed
ORD-0154960,R-0367,2025-07-31,32.21,app,delivery,cancelled
ORD-0154961,R-0367,2025-07-27,24.95,web,delivery,completed
ORD-0154962,R-0367,2025-07-23,23.88,app,pickup,completed
ORD-0154963,R-0367,2025-07-10,28.74,app,pickup,COMPLETED
ORD-0154964,R-0367,2025-07-07,29.18,app,delivery,completed
ORD-0154965,R-0367,2025-07-12,34.17,app,pickup,completed
ORD-0154966,R-0367,2025-07-28,30.89,app,pickup,completed
ORD-0154967,R-0367,2025-07-05,34.19,app,pickup,COMPLETED
ORD-0154968,R-0367,2025-07-28,40.40,web,delivery,completed
ORD-0154969,R-0367,2025-07-09,52.13,app,pickup,COMPLETED
ORD-0154970,R-0367,2025-07-12,41.97,app,delivery,Completed
ORD-0154971,R-0367,2025-07-10,37.36,app,delivery,completed
ORD-0154972,R-0367,2025-07-11,51.03,app,delivery,completed
ORD-0154973,R-0367,2025-07-26,61.66,web,pickup,cancelled
ORD-0154974,R-0367,2025-07-23,46.46,app,delivery,completed
ORD-0154975,R-0367,2025-07-23,29.35,app,delivery,completed
ORD-0154976,R-0367,2025-07-18,32.62,app,pickup,completed
ORD-0154977,R-0367,2025-07-31,36.20,app,delivery,completed
ORD-0154978,R-0367,2025-07-29,39.86,app,delivery,completed
ORD-0154979,R-0367,2025-07-01,32.27,app,delivery,completed
ORD-0154980,R-0367,2025-07-07,39.63,web,pickup,COMPLETED
ORD-0154981,R-0367,2025-07-25,46.18,app,delivery,COMPLETED
ORD-0154982,R-0367,2025-07-05,45.74,app,pickup,completed
ORD-0154983,R-0367,2025-07-11,30.30,app,delivery,completed
ORD-0154984,R-0367,2025-07-26,53.22,web,pickup,completed
ORD-0154985,R-0367,2025-07-23,23.78,web,pickup,completed
ORD-0154986,R-0367,2025-07-26,43.49,app,pickup,completed
ORD-0154987,R-0367,2025-07-14,47.52,app,pickup,refunded
ORD-0154988,R-0367,2025-07-17,24.64,app,pickup,completed
ORD-0154989,R-0367,2025-07-25,26.40,web,pickup,completed
ORD-0154990,R-0367,2025-07-06,32.70,app,pickup,completed
ORD-0154991,R-0367,2025-07-29,31.38,app,pickup,completed
ORD-0154992,R-0367,2025-07-12,38.32,app,pickup,completed
ORD-0154993,R-0367,2025-07-19,35.09,web,delivery,completed
ORD-0154994,R-0367,2025-07-19,46.03,web,pickup,cancelled
ORD-0154995,R-0367,2025-07-22,26.53,app,delivery,completed
ORD-0154996,R-0367,2025-07-26,31.99,app,pickup,completed
ORD-0154997,R-0367,2025-07-15,27.29,app,delivery,completed
ORD-0154998,R-0367,2025-07-28,43.55,web,delivery,completed
ORD-0154999,R-0367,2025-07-28,46.24,app,delivery,COMPLETED
ORD-0155000,R-0367,2025-07-14,66.94,web,delivery,completed
ORD-0155001,R-0367,2025-07-09,41.34,app,pickup,completed
ORD-0155002,R-0367,2025-07-25,34.63,app,pickup,completed
ORD-0155003,R-0367,2025-07-24,39.19,app,pickup,completed
ORD-0155004,R-0367,2025-07-17,32.47,web,delivery,Completed
ORD-0155005,R-0367,2025-07-11,27.60,app,pickup,completed
ORD-0155006,R-0367,2025-07-13,24.97,app,pickup,completed
ORD-0155007,R-0367,2025-07-13,32.83,app,delivery,cancelled
ORD-0155008,R-0367,2025-07-20,25.67,app,delivery,completed
ORD-0155009,R-0367,2025-07-14,20.60,app,pickup,COMPLETED
ORD-0155010,R-0367,2025-07-07,55.65,app,pickup,completed
ORD-0155011,R-0367,2025-07-04,32.10,app,delivery,completed
ORD-0155012,R-0367,2025-07-18,41.03,app,pickup,completed
ORD-0155013,R-0367,2025-07-25,50.93,app,delivery,completed
ORD-0155014,R-0367,2025-07-30,40.76,app,delivery,COMPLETED
ORD-0155015,R-0367,2025-07-14,38.16,app,pickup,refunded
ORD-0155016,R-0367,2025-07-26,25.60,app,delivery,completed
ORD-0155017,R-0367,2025-07-26,31.65,app,pickup,CANCELLED
ORD-0155018,R-0367,2025-07-09,22.95,app,pickup,completed
ORD-0155019,R-0367,2025-07-29,26.65,app,pickup,completed
ORD-0155020,R-0367,2025-07-04,45.16,app,pickup,completed
ORD-0155021,R-0367,2025-07-11,50.46,web,delivery,completed
ORD-0155022,R-0367,2025-07-03,37.56,web,pickup,COMPLETED
ORD-0155023,R-0367,2025-07-19,34.12,app,pickup,completed
ORD-0155024,R-0367,2025-07-18,44.94,app,delivery,completed
ORD-0155025,R-0367,2025-07-04,37.93,app,delivery,completed
ORD-0155026,R-0367,2025-07-13,43.51,app,pickup,completed
ORD-0155027,R-0367,2025-07-20,33.40,app,delivery,completed
ORD-0155028,R-0367,2025-07-02,25.61,app,pickup,completed
ORD-0155029,R-0367,2025-07-17,39.74,web,delivery,Completed
ORD-0155030,R-0367,2025-07-18,41.10,app,pickup,completed
ORD-0155031,R-0367,2025-07-18,22.71,app,delivery,completed
ORD-0155032,R-0367,2025-07-21,33.91,app,pickup,COMPLETED
ORD-0155033,R-0367,2025-07-11,38.48,app,delivery,completed
ORD-0155034,R-0367,2025-07-28,31.97,app,delivery,completed
ORD-0155035,R-0367,2025-07-27,29.56,app,pickup,completed
ORD-0155036,R-0367,2025-07-11,36.03,app,pickup,completed
ORD-0155037,R-0367,2025-07-08,30.18,app,pickup,completed
ORD-0155038,R-0367,2025-07-06,35.63,web,pickup,completed
ORD-0157535,R-0369,2025-07-11,14.53,web,delivery,completed
ORD-0157536,R-0369,2025-07-22,18.83,app,pickup,completed
ORD-0157537,R-0369,2025-07-14,14.72,web,delivery,completed
ORD-0157538,R-0369,2025-07-04,25.47,web,pickup,completed
ORD-0157539,R-0369,2025-07-10,40.29,web,delivery,COMPLETED
ORD-0157540,R-0369,2025-07-26,29.81,web,delivery,completed
ORD-0157541,R-0369,2025-07-13,41.83,web,pickup,completed
ORD-0157542,R-0369,2025-07-23,32.83,web,pickup,completed
ORD-0157543,R-0369,2025-07-02,24.94,web,delivery,completed
ORD-0157544,R-0369,2025-07-06,24.11,web,pickup,completed
ORD-0157545,R-0369,2025-07-19,20.78,web,delivery,completed
ORD-0157546,R-0369,2025-07-26,30.46,web,delivery,completed
ORD-0157547,R-0369,2025-07-05,27.61,web,delivery,completed
ORD-0157548,R-0369,2025-07-31,20.64,web,delivery,completed
ORD-0157549,R-0369,2025-07-18,20.59,web,delivery,completed
ORD-0157550,R-0369,2025-07-27,35.23,app,delivery,completed
ORD-0157551,R-0369,2025-07-14,23.18,web,delivery,completed
ORD-0157552,R-0369,2025-07-26,32.85,app,pickup,completed
ORD-0157553,R-0369,2025-07-08,18.33,web,delivery,completed
ORD-0157554,R-0369,2025-07-11,29.13,web,pickup,completed
ORD-0157555,R-0369,2025-07-15,19.05,web,pickup,completed
ORD-0157556,R-0369,2025-07-10,29.07,web,delivery,Completed
ORD-0157557,R-0369,2025-07-24,21.73,web,delivery,completed
ORD-0157558,R-0369,2025-07-20,31.80,app,delivery,completed
ORD-0157559,R-0369,2025-07-25,20.92,web,delivery,completed
ORD-0157560,R-0369,2025-07-05,20.86,app,delivery,completed
ORD-0157561,R-0369,2025-07-23,30.75,web,delivery,completed
ORD-0157562,R-0369,2025-07-24,16.42,app,delivery,completed
ORD-0157563,R-0369,2025-07-02,20.37,web,delivery,Completed
ORD-0160760,R-0375,2025-07-18,33.96,web,delivery,completed
ORD-0160761,R-0375,2025-07-17,18.00,app,delivery,completed
ORD-0160762,R-0375,2025-07-25,37.65,web,delivery,completed
ORD-0160763,R-0375,2025-07-13,29.43,app,delivery,COMPLETED
ORD-0160764,R-0375,2025-07-05,32.84,web,pickup,completed
ORD-0160765,R-0375,2025-07-26,31.89,app,delivery,completed
ORD-0160766,R-0375,2025-07-19,48.08,web,delivery,completed
ORD-0160767,R-0375,2025-07-11,35.73,web,delivery,COMPLETED
ORD-0160768,R-0375,2025-07-28,24.42,app,delivery,completed
ORD-0160769,R-0375,2025-07-08,39.31,web,pickup,completed
ORD-0160770,R-0375,2025-07-04,31.70,app,delivery,completed
ORD-0160771,R-0375,2025-07-25,31.06,web,delivery,completed
ORD-0160772,R-0375,2025-07-07,31.96,web,delivery,completed
ORD-0160773,R-0375,2025-07-12,44.71,web,pickup,completed
ORD-0160774,R-0375,2025-07-23,25.12,web,delivery,completed
ORD-0160775,R-0375,2025-07-20,23.34,app,pickup,completed
ORD-0160776,R-0375,2025-07-12,19.01,app,delivery,completed
ORD-0160777,R-0375,2025-07-11,48.52,web,delivery,completed
ORD-0160778,R-0375,2025-07-24,30.81,web,delivery,completed
ORD-0160779,R-0375,2025-07-17,23.62,app,delivery,completed
ORD-0160780,R-0375,2025-07-29,41.96,app,delivery,COMPLETED
ORD-0160781,R-0375,2025-07-11,36.11,app,delivery,completed
ORD-0160782,R-0375,2025-07-03,44.65,app,pickup,refunded
ORD-0160783,R-0375,2025-07-24,46.83,app,delivery,completed
ORD-0160784,R-0375,2025-07-11,46.99,web,pickup,cancelled
ORD-0160785,R-0375,2025-07-08,17.59,app,delivery,completed
ORD-0160786,R-0375,2025-07-25,55.08,app,pickup,completed
ORD-0160787,R-0375,2025-07-28,30.20,app,delivery,COMPLETED
ORD-0160788,R-0375,2025-07-08,38.36,app,delivery,completed
ORD-0160789,R-0375,2025-07-09,37.04,app,delivery,Completed
ORD-0160790,R-0375,2025-07-17,63.55,app,delivery,completed
ORD-0160791,R-0375,2025-07-19,51.08,app,delivery,COMPLETED
ORD-0160792,R-0375,2025-07-18,20.45,app,delivery,Completed
ORD-0160793,R-0375,2025-07-18,36.43,web,delivery,completed
ORD-0160794,R-0375,2025-07-20,29.62,app,pickup,completed
ORD-0160795,R-0375,2025-07-25,37.16,web,delivery,completed
ORD-0160796,R-0375,2025-07-29,29.13,app,pickup,completed
ORD-0160797,R-0375,2025-07-25,28.54,web,pickup,completed
ORD-0160798,R-0375,2025-07-03,33.83,app,delivery,completed
ORD-0160799,R-0375,2025-07-18,24.68,app,delivery,completed
ORD-0160800,R-0375,2025-07-15,51.43,web,delivery,completed
ORD-0160801,R-0375,2025-07-21,20.29,app,pickup,completed
ORD-0160802,R-0375,2025-07-27,25.01,web,delivery,completed
ORD-0160803,R-0375,2025-07-09,53.45,app,delivery,completed
ORD-0160804,R-0375,2025-07-20,30.86,app,pickup,completed
ORD-0160805,R-0375,2025-07-29,33.71,app,pickup,completed
ORD-0160806,R-0375,2025-07-13,25.40,web,pickup,completed
ORD-0160807,R-0375,2025-07-10,29.64,app,pickup,completed
ORD-0160808,R-0375,2025-07-01,30.87,app,delivery,Cancelled
ORD-0160809,R-0375,2025-07-18,24.33,app,delivery,completed
ORD-0160810,R-0375,2025-07-08,30.19,app,delivery,COMPLETED
ORD-0160811,R-0375,2025-07-04,25.68,web,delivery,completed
ORD-0160812,R-0375,2025-07-08,42.04,app,pickup,completed
ORD-0160813,R-0375,2025-07-08,49.15,web,delivery,completed
ORD-0160814,R-0375,2025-07-28,21.19,app,delivery,completed
ORD-0160815,R-0375,2025-07-15,31.59,web,pickup,completed
ORD-0160816,R-0375,2025-07-14,43.77,app,delivery,completed
ORD-0160817,R-0375,2025-07-13,24.84,web,delivery,completed
ORD-0160818,R-0375,2025-07-05,21.31,web,pickup,cancelled
ORD-0160819,R-0375,2025-07-03,30.37,app,delivery,Completed
ORD-0160820,R-0375,2025-07-16,19.89,web,pickup,COMPLETED
ORD-0160821,R-0375,2025-07-11,38.49,web,delivery,completed
ORD-0160822,R-0375,2025-07-06,49.95,app,pickup,completed
ORD-0160823,R-0375,2025-07-26,22.62,app,pickup,completed
ORD-0160824,R-0375,2025-07-08,43.32,app,delivery,completed
ORD-0160825,R-0375,2025-07-28,50.49,web,pickup,completed
ORD-0160826,R-0375,2025-07-05,52.88,app,pickup,completed
ORD-0160827,R-0375,2025-07-31,21.10,app,delivery,completed
ORD-0160828,R-0375,2025-07-05,42.93,web,pickup,Completed
ORD-0160829,R-0375,2025-07-18,43.10,app,delivery,completed
ORD-0160830,R-0375,2025-07-10,18.18,app,delivery,completed
ORD-0160831,R-0375,2025-07-28,83.84,web,pickup,Completed
ORD-0160832,R-0375,2025-07-07,18.53,web,delivery,completed
ORD-0160833,R-0375,2025-07-17,25.87,web,pickup,completed
ORD-0160834,R-0375,2025-07-08,15.09,app,delivery,completed
ORD-0160835,R-0375,2025-07-02,36.27,app,delivery,completed
ORD-0160836,R-0375,2025-07-14,26.81,web,delivery,completed
ORD-0160837,R-0375,2025-07-19,53.72,app,pickup,completed
ORD-0160838,R-0375,2025-07-05,104.25,app,delivery,completed
ORD-0160839,R-0375,2025-07-16,39.06,app,delivery,completed
ORD-0160840,R-0375,2025-07-22,39.58,app,pickup,completed
ORD-0161691,R-0376,2025-07-10,51.11,web,pickup,completed
ORD-0161692,R-0376,2025-07-26,40.13,app,delivery,Completed
ORD-0161693,R-0376,2025-07-20,66.65,app,delivery,completed
ORD-0161694,R-0376,2025-07-29,34.43,web,pickup,Completed
ORD-0161695,R-0376,2025-07-04,49.48,web,delivery,completed
ORD-0161696,R-0376,2025-07-15,26.84,web,pickup,completed
ORD-0161697,R-0376,2025-07-25,46.60,app,delivery,completed
ORD-0161698,R-0376,2025-07-09,66.04,app,pickup,COMPLETED
ORD-0161699,R-0376,2025-07-26,46.79,web,pickup,COMPLETED
ORD-0161700,R-0376,2025-07-05,111.54,web,pickup,completed
ORD-0161701,R-0376,2025-07-18,83.03,app,pickup,completed
ORD-0161702,R-0376,2025-07-10,111.34,web,pickup,completed
ORD-0161703,R-0376,2025-07-27,52.98,web,pickup,Completed
ORD-0161704,R-0376,2025-07-18,34.62,app,pickup,completed
ORD-0161705,R-0376,2025-07-31,21.08,web,delivery,COMPLETED
ORD-0161706,R-0376,2025-07-27,46.09,web,pickup,completed
ORD-0161707,R-0376,2025-07-21,30.98,web,delivery,completed
ORD-0161708,R-0376,2025-07-14,49.14,app,delivery,completed
ORD-0161709,R-0376,2025-07-15,23.88,app,pickup,completed
ORD-0161710,R-0376,2025-07-04,39.57,web,pickup,completed
ORD-0161711,R-0376,2025-07-26,27.18,app,pickup,completed
ORD-0161712,R-0376,2025-07-26,30.48,web,pickup,Completed
ORD-0161713,R-0376,2025-07-21,52.42,web,delivery,completed
ORD-0161714,R-0376,2025-07-26,40.22,app,delivery,completed
ORD-0161715,R-0376,2025-07-15,53.18,web,delivery,completed
ORD-0161716,R-0376,2025-07-06,63.04,web,pickup,completed
ORD-0161717,R-0376,2025-07-27,36.56,app,delivery,completed
ORD-0161718,R-0376,2025-07-24,45.71,web,pickup,completed
ORD-0161719,R-0376,2025-07-28,77.91,app,pickup,completed
ORD-0161720,R-0376,2025-07-12,53.98,web,delivery,completed
ORD-0161721,R-0376,2025-07-26,66.94,app,pickup,COMPLETED
ORD-0161722,R-0376,2025-07-04,56.86,web,pickup,completed
ORD-0161723,R-0376,2025-07-25,44.38,app,delivery,completed
ORD-0161724,R-0376,2025-07-18,26.11,web,pickup,completed
ORD-0161725,R-0376,2025-07-24,69.03,web,delivery,completed
ORD-0161726,R-0376,2025-07-18,63.79,app,delivery,completed
ORD-0161727,R-0376,2025-07-20,50.25,web,pickup,completed
ORD-0161728,R-0376,2025-07-13,24.29,web,pickup,completed
ORD-0161729,R-0376,2025-07-05,47.97,web,pickup,completed
ORD-0162389,R-0377,2025-07-04,21.71,app,pickup,completed
ORD-0162390,R-0377,2025-07-04,16.48,app,pickup,completed
ORD-0162698,R-0379,2025-07-31,30.83,web,delivery,completed
ORD-0162699,R-0379,2025-07-30,13.59,web,delivery,completed
ORD-0162700,R-0379,2025-07-12,18.38,web,delivery,completed
ORD-0162701,R-0379,2025-07-13,22.86,app,delivery,completed
ORD-0162702,R-0379,2025-07-19,20.56,web,delivery,completed
ORD-0162703,R-0379,2025-07-03,34.19,web,delivery,completed
ORD-0162704,R-0379,2025-07-27,27.97,web,pickup,completed
ORD-0162705,R-0379,2025-07-14,23.02,app,delivery,completed
ORD-0162706,R-0379,2025-07-22,28.52,web,delivery,COMPLETED
ORD-0162707,R-0379,2025-07-23,22.29,web,delivery,completed
ORD-0162708,R-0379,2025-07-23,21.33,app,delivery,COMPLETED
ORD-0162709,R-0379,2025-07-11,66.04,web,delivery,completed
ORD-0162710,R-0379,2025-07-25,33.78,app,pickup,completed
ORD-0162711,R-0379,2025-07-07,29.29,app,delivery,completed
ORD-0162712,R-0379,2025-07-31,23.22,web,delivery,completed
ORD-0162713,R-0379,2025-07-03,22.73,web,delivery,completed
ORD-0162714,R-0379,2025-07-04,22.17,app,delivery,completed
ORD-0162715,R-0379,2025-07-09,31.76,web,delivery,completed
ORD-0162716,R-0379,2025-07-08,30.92,web,delivery,completed
ORD-0162717,R-0379,2025-07-20,21.97,app,delivery,completed
ORD-0162718,R-0379,2025-07-20,42.87,web,delivery,completed
ORD-0162719,R-0379,2025-07-11,26.26,app,delivery,REFUNDED
ORD-0162720,R-0379,2025-07-18,23.81,web,delivery,completed
ORD-0162721,R-0379,2025-07-07,41.00,web,delivery,completed
ORD-0162722,R-0379,2025-07-04,24.01,web,delivery,completed
ORD-0162723,R-0379,2025-07-25,44.70,web,delivery,completed
ORD-0162724,R-0379,2025-07-10,59.01,app,delivery,completed
ORD-0162725,R-0379,2025-07-05,34.22,app,delivery,completed
ORD-0162726,R-0379,2025-07-28,15.91,app,pickup,completed
ORD-0162727,R-0379,2025-07-31,36.89,web,pickup,completed
ORD-0162728,R-0379,2025-07-15,18.84,app,delivery,completed
ORD-0162729,R-0379,2025-07-31,15.94,app,delivery,completed
ORD-0162730,R-0379,2025-07-27,27.09,web,pickup,completed
ORD-0162731,R-0379,2025-07-31,61.48,web,delivery,completed
ORD-0164468,R-0383,2025-07-04,13.29,web,delivery,completed
ORD-0164469,R-0383,2025-07-19,28.42,app,delivery,cancelled
ORD-0164470,R-0383,2025-07-26,21.87,app,pickup,completed
ORD-0164471,R-0383,2025-07-17,33.50,web,delivery,COMPLETED
ORD-0164472,R-0383,2025-07-06,41.45,app,pickup,completed
ORD-0164473,R-0383,2025-07-19,18.03,web,delivery,completed
ORD-0164474,R-0383,2025-07-13,12.90,web,delivery,completed
ORD-0164475,R-0383,2025-07-06,36.54,web,pickup,completed
ORD-0164476,R-0383,2025-07-06,17.36,web,delivery,completed
ORD-0164477,R-0383,2025-07-24,15.17,app,pickup,COMPLETED
ORD-0164478,R-0383,2025-07-26,26.51,web,pickup,completed
ORD-0164479,R-0383,2025-07-05,23.60,web,delivery,completed
ORD-0164480,R-0383,2025-07-11,38.57,web,delivery,completed
ORD-0164481,R-0383,2025-07-22,20.24,web,pickup,completed
ORD-0164482,R-0383,2025-07-15,25.69,web,delivery,COMPLETED
ORD-0164483,R-0383,2025-07-14,23.72,web,pickup,completed
ORD-0164484,R-0383,2025-07-18,16.69,web,delivery,completed
ORD-0164485,R-0383,2025-07-27,31.42,web,delivery,completed
ORD-0164486,R-0383,2025-07-02,18.04,web,delivery,completed
ORD-0164487,R-0383,2025-07-31,18.82,app,delivery,completed
ORD-0164488,R-0383,2025-07-06,23.23,web,delivery,completed
ORD-0164489,R-0383,2025-07-01,11.45,web,pickup,completed
ORD-0164490,R-0383,2025-07-14,36.55,web,delivery,completed
ORD-0164491,R-0383,2025-07-19,30.95,app,delivery,refunded
ORD-0164492,R-0383,2025-07-14,17.63,web,delivery,completed
ORD-0164493,R-0383,2025-07-06,21.80,app,delivery,completed
ORD-0164494,R-0383,2025-07-19,18.29,web,delivery,completed
ORD-0164495,R-0383,2025-07-21,10.17,web,delivery,CANCELLED
ORD-0164496,R-0383,2025-07-18,31.41,web,delivery,completed
ORD-0164497,R-0383,2025-07-04,26.11,web,delivery,completed
ORD-0164498,R-0383,2025-07-20,17.61,web,delivery,completed
ORD-0164499,R-0383,2025-07-08,30.26,web,pickup,completed
ORD-0164500,R-0383,2025-07-03,25.00,web,pickup,completed
ORD-0164501,R-0383,2025-07-14,23.67,app,delivery,completed
ORD-0164502,R-0383,2025-07-11,21.30,web,delivery,completed
ORD-0164503,R-0383,2025-07-22,25.70,web,delivery,cancelled
ORD-0164504,R-0383,2025-07-21,25.98,app,delivery,completed
ORD-0164505,R-0383,2025-07-25,16.87,web,delivery,completed
ORD-0164506,R-0383,2025-07-31,35.81,web,pickup,COMPLETED
ORD-0164507,R-0383,2025-07-28,21.36,app,delivery,completed
ORD-0164508,R-0383,2025-07-14,26.79,web,delivery,completed
ORD-0164509,R-0383,2025-07-10,20.46,app,delivery,completed
ORD-0164510,R-0383,2025-07-19,25.08,app,delivery,completed
ORD-0164511,R-0383,2025-07-02,11.23,web,delivery,completed
ORD-0164512,R-0383,2025-07-05,17.92,web,delivery,Completed
ORD-0164513,R-0383,2025-07-14,23.23,web,delivery,COMPLETED
ORD-0166257,R-0385,2025-07-17,21.16,web,delivery,completed
ORD-0166258,R-0385,2025-07-13,24.04,app,pickup,completed
ORD-0166259,R-0385,2025-07-18,19.21,web,pickup,COMPLETED
ORD-0166260,R-0385,2025-07-04,27.76,app,delivery,completed
ORD-0166261,R-0385,2025-07-18,19.79,web,delivery,completed
ORD-0166262,R-0385,2025-07-06,36.11,app,pickup,completed
ORD-0166263,R-0385,2025-07-15,19.32,web,delivery,completed
ORD-0166264,R-0385,2025-07-24,52.22,web,delivery,completed
ORD-0166265,R-0385,2025-07-27,39.26,app,delivery,completed
ORD-0166266,R-0385,2025-07-25,23.38,app,delivery,Completed
ORD-0166267,R-0385,2025-07-30,27.73,app,pickup,completed
ORD-0166268,R-0385,2025-07-18,16.95,app,delivery,completed
ORD-0166269,R-0385,2025-07-12,40.74,app,delivery,completed
ORD-0166270,R-0385,2025-07-03,15.77,app,delivery,completed
ORD-0166271,R-0385,2025-07-12,41.51,app,pickup,completed
ORD-0166272,R-0385,2025-07-06,17.26,app,pickup,completed
ORD-0166273,R-0385,2025-07-21,31.06,app,delivery,completed
ORD-0166274,R-0385,2025-07-06,30.85,web,delivery,completed
ORD-0166275,R-0385,2025-07-28,26.00,app,pickup,completed
ORD-0166276,R-0385,2025-07-11,32.66,app,delivery,completed
ORD-0166640,R-0388,2025-07-30,39.30,app,pickup,completed
ORD-0166641,R-0388,2025-07-10,43.21,web,delivery,completed
ORD-0166642,R-0388,2025-07-06,16.58,web,delivery,completed
ORD-0166643,R-0388,2025-07-05,39.68,app,delivery,completed
ORD-0166644,R-0388,2025-07-11,45.02,app,delivery,completed
ORD-0166645,R-0388,2025-07-26,21.28,app,delivery,completed
ORD-0166646,R-0388,2025-07-13,39.67,web,delivery,completed
ORD-0166647,R-0388,2025-07-25,37.82,app,pickup,completed
ORD-0166648,R-0388,2025-07-24,32.50,app,delivery,completed
ORD-0166649,R-0388,2025-07-31,29.70,app,delivery,COMPLETED
ORD-0166650,R-0388,2025-07-28,58.22,app,delivery,completed
ORD-0166651,R-0388,2025-07-05,23.27,app,pickup,completed
ORD-0166652,R-0388,2025-07-20,46.63,app,delivery,completed
ORD-0166653,R-0388,2025-07-30,28.39,web,pickup,completed
ORD-0166654,R-0388,2025-07-10,26.73,app,delivery,completed
ORD-0166655,R-0388,2025-07-18,57.65,web,delivery,completed
ORD-0166656,R-0388,2025-07-06,20.75,app,delivery,completed
ORD-0166657,R-0388,2025-07-11,19.75,app,delivery,completed
ORD-0171826,R-0401,2025-07-26,24.47,app,pickup,cancelled
ORD-0171827,R-0401,2025-07-27,37.68,app,delivery,completed
ORD-0171828,R-0401,2025-07-10,32.28,app,pickup,completed
ORD-0171829,R-0401,2025-07-13,27.57,web,pickup,completed
ORD-0171830,R-0401,2025-07-21,20.14,app,pickup,completed
ORD-0171831,R-0401,2025-07-11,18.18,app,pickup,COMPLETED
ORD-0171832,R-0401,2025-07-11,36.00,app,pickup,completed
ORD-0171833,R-0401,2025-07-05,54.87,app,delivery,completed
ORD-0171834,R-0401,2025-07-12,45.62,app,pickup,completed
ORD-0171835,R-0401,2025-07-13,59.18,app,pickup,completed
ORD-0171836,R-0401,2025-07-28,18.11,app,pickup,COMPLETED
ORD-0171837,R-0401,2025-07-30,37.06,app,pickup,completed
ORD-0171838,R-0401,2025-07-06,27.46,web,pickup,completed
ORD-0171839,R-0401,2025-07-11,38.98,app,pickup,completed
ORD-0171840,R-0401,2025-07-18,14.66,app,delivery,COMPLETED
ORD-0171841,R-0401,2025-07-15,24.41,web,delivery,completed
ORD-0171842,R-0401,2025-07-29,24.96,app,pickup,completed
ORD-0171843,R-0401,2025-07-14,27.79,web,pickup,completed
ORD-0171844,R-0401,2025-07-31,31.71,app,delivery,completed
ORD-0171845,R-0401,2025-07-15,35.96,app,delivery,completed
ORD-0171846,R-0401,2025-07-04,14.75,app,pickup,completed
ORD-0171847,R-0401,2025-07-12,51.86,web,pickup,completed
ORD-0171848,R-0401,2025-07-25,37.01,web,pickup,completed
ORD-0171849,R-0401,2025-07-12,15.62,app,pickup,completed
ORD-0171850,R-0401,2025-07-07,41.65,app,pickup,completed
ORD-0171851,R-0401,2025-07-21,24.86,app,pickup,completed
ORD-0171852,R-0401,2025-07-26,32.89,app,delivery,COMPLETED
ORD-0171853,R-0401,2025-07-11,13.00,app,pickup,Completed
ORD-0171854,R-0401,2025-07-07,17.97,app,pickup,completed
ORD-0171855,R-0401,2025-07-18,20.99,app,delivery,Completed
ORD-0171856,R-0401,2025-07-09,15.70,app,delivery,completed
ORD-0171857,R-0401,2025-07-05,20.81,web,delivery,completed
ORD-0171858,R-0401,2025-07-22,33.80,app,pickup,completed
ORD-0171859,R-0401,2025-07-19,89.48,web,pickup,completed
ORD-0171860,R-0401,2025-07-25,13.35,app,delivery,Completed
ORD-0171861,R-0401,2025-07-23,22.26,app,pickup,completed
ORD-0171862,R-0401,2025-07-27,29.61,app,delivery,refunded
ORD-0171863,R-0401,2025-07-27,30.46,app,delivery,completed
ORD-0171864,R-0401,2025-07-25,31.70,web,delivery,completed
ORD-0171865,R-0401,2025-07-05,45.11,web,delivery,completed
ORD-0171866,R-0401,2025-07-26,28.25,app,pickup,completed
ORD-0171867,R-0401,2025-07-26,15.42,app,delivery,completed
ORD-0171868,R-0401,2025-07-05,25.00,app,pickup,Completed
ORD-0171869,R-0401,2025-07-16,18.94,app,pickup,completed
ORD-0171870,R-0401,2025-07-24,21.07,app,delivery,completed
ORD-0171871,R-0401,2025-07-18,11.82,web,delivery,completed
ORD-0171872,R-0401,2025-07-14,21.75,web,pickup,cancelled
ORD-0171873,R-0401,2025-07-25,23.10,app,delivery,completed
ORD-0171874,R-0401,2025-07-25,19.15,web,delivery,completed
ORD-0171875,R-0401,2025-07-04,9.40,app,pickup,completed
ORD-0171876,R-0401,2025-07-07,18.72,app,delivery,completed
ORD-0171877,R-0401,2025-07-27,34.40,app,pickup,Completed
ORD-0171878,R-0401,2025-07-25,25.64,app,pickup,completed
ORD-0171879,R-0401,2025-07-28,25.57,app,delivery,completed
ORD-0171880,R-0401,2025-07-12,29.59,app,pickup,refunded
ORD-0171881,R-0401,2025-07-15,15.09,app,pickup,completed
ORD-0171882,R-0401,2025-07-19,31.86,app,delivery,completed
ORD-0171883,R-0401,2025-07-19,22.38,app,pickup,completed
ORD-0171884,R-0401,2025-07-16,31.82,app,pickup,completed
ORD-0171885,R-0401,2025-07-20,27.12,web,delivery,completed
ORD-0171886,R-0401,2025-07-30,58.46,app,delivery,completed
ORD-0171887,R-0401,2025-07-11,23.38,web,pickup,COMPLETED
ORD-0171888,R-0401,2025-07-27,39.51,app,pickup,COMPLETED
ORD-0171889,R-0401,2025-07-10,38.60,app,pickup,completed
ORD-0171890,R-0401,2025-07-17,27.59,app,pickup,completed
ORD-0171891,R-0401,2025-07-14,22.85,app,pickup,completed
ORD-0171892,R-0401,2025-07-13,19.04,web,pickup,completed
ORD-0171893,R-0401,2025-07-20,25.89,web,delivery,completed
ORD-0171894,R-0401,2025-07-04,29.24,app,pickup,completed
ORD-0171895,R-0401,2025-07-12,28.44,app,delivery,completed
ORD-0171896,R-0401,2025-07-08,23.81,app,delivery,COMPLETED
ORD-0175480,R-0409,2025-07-15,35.35,web,delivery,COMPLETED
ORD-0175481,R-0409,2025-07-18,45.39,app,delivery,COMPLETED
ORD-0175482,R-0409,2025-07-05,42.48,app,delivery,completed
ORD-0175483,R-0409,2025-07-15,16.08,web,delivery,completed
ORD-0175484,R-0409,2025-07-03,40.30,web,delivery,COMPLETED
ORD-0175485,R-0409,2025-07-01,38.92,web,delivery,completed
ORD-0175486,R-0409,2025-07-11,33.58,web,delivery,completed
ORD-0175487,R-0409,2025-07-05,42.77,app,delivery,completed
ORD-0175488,R-0409,2025-07-05,36.96,app,delivery,completed
ORD-0175489,R-0409,2025-07-20,34.85,web,delivery,completed
ORD-0175490,R-0409,2025-07-11,30.59,app,delivery,completed
ORD-0175491,R-0409,2025-07-06,32.61,web,delivery,completed
ORD-0175492,R-0409,2025-07-05,18.65,app,delivery,completed
ORD-0175493,R-0409,2025-07-02,16.58,web,delivery,completed
ORD-0175494,R-0409,2025-07-13,41.95,web,delivery,Completed
ORD-0175495,R-0409,2025-07-30,30.87,app,delivery,completed
ORD-0175496,R-0409,2025-07-20,23.14,web,delivery,completed
ORD-0175497,R-0409,2025-07-11,27.14,app,delivery,completed
ORD-0175498,R-0409,2025-07-20,38.36,app,delivery,completed
ORD-0175499,R-0409,2025-07-18,35.02,app,delivery,completed
ORD-0175500,R-0409,2025-07-19,30.68,app,delivery,completed
ORD-0175501,R-0409,2025-07-20,29.19,web,pickup,Completed
ORD-0175502,R-0409,2025-07-06,38.17,app,delivery,completed
ORD-0175503,R-0409,2025-07-15,28.90,web,delivery,COMPLETED
ORD-0175504,R-0409,2025-07-14,51.96,app,delivery,completed
ORD-0175505,R-0409,2025-07-18,23.13,web,delivery,completed
ORD-0175506,R-0409,2025-07-07,37.35,app,delivery,completed
ORD-0175507,R-0409,2025-07-30,35.72,app,delivery,completed
ORD-0175508,R-0409,2025-07-22,20.19,web,delivery,completed
ORD-0175509,R-0409,2025-07-04,40.20,web,delivery,completed
ORD-0175510,R-0409,2025-07-28,41.13,app,delivery,completed
ORD-0175511,R-0409,2025-07-25,49.54,app,delivery,completed
ORD-0175512,R-0409,2025-07-26,33.20,app,delivery,completed
ORD-0175513,R-0409,2025-07-25,25.11,app,pickup,cancelled
ORD-0175514,R-0409,2025-07-29,17.93,app,delivery,completed
ORD-0175515,R-0409,2025-07-29,26.40,app,delivery,COMPLETED
ORD-0175516,R-0409,2025-07-25,37.23,web,delivery,completed
ORD-0175517,R-0409,2025-07-11,33.19,app,delivery,completed
ORD-0175518,R-0409,2025-07-06,33.94,app,delivery,COMPLETED
ORD-0175519,R-0409,2025-07-13,39.98,web,delivery,cancelled
ORD-0175520,R-0409,2025-07-10,26.45,web,delivery,completed
ORD-0175521,R-0409,2025-07-19,28.69,app,delivery,completed
ORD-0175522,R-0409,2025-07-19,34.24,app,delivery,completed
ORD-0175523,R-0409,2025-07-19,29.58,web,delivery,completed
ORD-0175524,R-0409,2025-07-01,18.09,app,delivery,completed
ORD-0175525,R-0409,2025-07-02,29.94,web,delivery,COMPLETED
ORD-0178946,R-0420,2025-07-19,20.36,app,delivery,completed
ORD-0178947,R-0420,2025-07-01,36.15,web,delivery,completed
ORD-0178948,R-0420,2025-07-27,30.89,web,delivery,completed
ORD-0178949,R-0420,2025-07-08,19.82,web,pickup,completed
ORD-0178950,R-0420,2025-07-25,15.52,app,pickup,completed
ORD-0178951,R-0420,2025-07-12,15.12,app,delivery,completed
ORD-0178952,R-0420,2025-07-19,35.22,app,delivery,cancelled
ORD-0178953,R-0420,2025-07-01,24.14,web,pickup,completed
ORD-0178954,R-0420,2025-07-16,54.35,app,pickup,COMPLETED
ORD-0178955,R-0420,2025-07-09,26.77,app,delivery,completed
ORD-0178956,R-0420,2025-07-31,20.09,app,pickup,completed
ORD-0178957,R-0420,2025-07-29,38.06,app,pickup,completed
ORD-0178958,R-0420,2025-07-19,48.16,app,pickup,completed
ORD-0178959,R-0420,2025-07-08,15.44,web,delivery,completed
ORD-0178960,R-0420,2025-07-04,37.42,app,pickup,Completed
ORD-0178961,R-0420,2025-07-18,31.67,app,delivery,completed
ORD-0178962,R-0420,2025-07-21,24.61,web,delivery,completed
ORD-0178963,R-0420,2025-07-14,28.62,app,delivery,completed
ORD-0178964,R-0420,2025-07-06,35.85,app,delivery,completed
ORD-0178965,R-0420,2025-07-05,27.69,app,delivery,completed
ORD-0178966,R-0420,2025-07-27,22.30,web,delivery,cancelled
ORD-0178967,R-0420,2025-07-05,22.47,web,pickup,completed
ORD-0178968,R-0420,2025-07-16,33.11,app,delivery,completed
ORD-0178969,R-0420,2025-07-23,35.16,app,delivery,completed
ORD-0178970,R-0420,2025-07-15,18.54,web,pickup,completed
ORD-0178971,R-0420,2025-07-18,20.10,web,pickup,completed
ORD-0178972,R-0420,2025-07-01,20.26,web,pickup,completed
ORD-0178973,R-0420,2025-07-13,30.40,app,delivery,completed
ORD-0178974,R-0420,2025-07-22,31.43,app,pickup,completed
ORD-0178975,R-0420,2025-07-13,17.65,web,delivery,completed
ORD-0178976,R-0420,2025-07-25,21.89,web,pickup,completed
ORD-0178977,R-0420,2025-07-21,22.56,app,pickup,completed
ORD-0178978,R-0420,2025-07-08,16.54,app,delivery,completed
ORD-0178979,R-0420,2025-07-13,14.81,app,pickup,completed
ORD-0178980,R-0420,2025-07-15,35.17,web,pickup,completed
ORD-0178981,R-0420,2025-07-22,37.95,app,pickup,completed
ORD-0178982,R-0420,2025-07-28,24.17,app,delivery,completed
ORD-0178983,R-0420,2025-07-24,38.81,web,pickup,Completed
ORD-0178984,R-0420,2025-07-19,20.74,web,pickup,completed
ORD-0178985,R-0420,2025-07-15,75.05,web,pickup,completed
ORD-0178986,R-0420,2025-07-04,35.62,app,pickup,completed
ORD-0178987,R-0420,2025-07-04,28.25,app,delivery,completed
ORD-0178988,R-0420,2025-07-03,37.65,app,delivery,completed
ORD-0178989,R-0420,2025-07-19,29.01,app,pickup,completed
ORD-0178990,R-0420,2025-07-25,33.17,app,pickup,completed
ORD-0178991,R-0420,2025-07-18,21.69,web,pickup,completed
ORD-0178992,R-0420,2025-07-17,30.64,app,pickup,completed
ORD-0178993,R-0420,2025-07-03,13.38,web,delivery,completed
ORD-0178994,R-0420,2025-07-29,21.56,app,pickup,COMPLETED
ORD-0178995,R-0420,2025-07-04,55.73,app,delivery,COMPLETED
ORD-0178996,R-0420,2025-07-04,22.61,app,delivery,Completed
ORD-0178997,R-0420,2025-07-16,30.03,web,delivery,completed
ORD-0178998,R-0420,2025-07-04,33.18,web,delivery,completed
ORD-0178999,R-0420,2025-07-05,55.44,web,pickup,completed
ORD-0180611,R-0423,2025-07-25,38.03,web,pickup,completed
ORD-0180612,R-0423,2025-07-26,50.33,app,pickup,completed
ORD-0180613,R-0423,2025-07-25,29.90,app,pickup,completed
ORD-0180614,R-0423,2025-07-29,26.13,web,delivery,completed
ORD-0180615,R-0423,2025-07-27,44.29,web,delivery,completed
ORD-0180616,R-0423,2025-07-29,28.03,web,pickup,completed
ORD-0180891,R-0424,2025-07-20,26.78,app,delivery,completed
ORD-0180892,R-0424,2025-07-06,36.14,app,delivery,Completed
ORD-0180893,R-0424,2025-07-11,48.34,app,pickup,completed
ORD-0180894,R-0424,2025-07-18,30.71,app,pickup,completed
ORD-0180895,R-0424,2025-07-05,27.89,web,delivery,completed
ORD-0180896,R-0424,2025-07-25,51.87,app,delivery,completed
ORD-0180897,R-0424,2025-07-31,23.26,app,pickup,completed
ORD-0180898,R-0424,2025-07-29,65.64,web,delivery,completed
ORD-0180899,R-0424,2025-07-11,36.47,web,delivery,completed
ORD-0180900,R-0424,2025-07-19,35.57,app,delivery,completed
ORD-0180901,R-0424,2025-07-06,56.73,app,delivery,completed
ORD-0180902,R-0424,2025-07-02,38.06,web,pickup,COMPLETED
ORD-0180903,R-0424,2025-07-26,40.28,web,delivery,Completed
ORD-0180904,R-0424,2025-07-11,27.76,app,pickup,completed
ORD-0180905,R-0424,2025-07-11,47.88,app,delivery,Completed
ORD-0180906,R-0424,2025-07-22,20.26,web,delivery,completed
ORD-0180907,R-0424,2025-07-08,27.93,web,pickup,completed
ORD-0180908,R-0424,2025-07-20,38.03,web,pickup,completed
ORD-0180909,R-0424,2025-07-21,30.67,web,pickup,completed
ORD-0180910,R-0424,2025-07-04,82.32,web,pickup,completed
ORD-0180911,R-0424,2025-07-15,29.52,app,delivery,completed
ORD-0180912,R-0424,2025-07-04,25.01,web,delivery,cancelled
ORD-0180913,R-0424,2025-07-22,20.88,web,pickup,completed
ORD-0180914,R-0424,2025-07-27,26.50,web,pickup,COMPLETED
ORD-0180915,R-0424,2025-07-23,70.31,web,delivery,completed
ORD-0180916,R-0424,2025-07-02,32.24,app,pickup,completed
ORD-0180917,R-0424,2025-07-30,41.77,web,pickup,completed
ORD-0180918,R-0424,2025-07-31,20.52,web,pickup,completed
ORD-0180919,R-0424,2025-07-01,13.92,app,pickup,completed
ORD-0180920,R-0424,2025-07-08,17.71,app,delivery,completed
ORD-0180921,R-0424,2025-07-30,16.71,app,delivery,Cancelled
ORD-0180922,R-0424,2025-07-05,24.41,web,pickup,completed
ORD-0180923,R-0424,2025-07-30,36.70,app,pickup,refunded
ORD-0180924,R-0424,2025-07-26,37.34,app,delivery,COMPLETED
ORD-0180925,R-0424,2025-07-19,41.39,app,delivery,completed
ORD-0180926,R-0424,2025-07-27,27.23,app,delivery,completed
ORD-0180927,R-0424,2025-07-30,25.04,app,pickup,Completed
ORD-0180928,R-0424,2025-07-20,28.82,app,pickup,completed
ORD-0180929,R-0424,2025-07-23,27.34,app,delivery,completed
ORD-0180930,R-0424,2025-07-04,25.27,web,delivery,completed
ORD-0180931,R-0424,2025-07-20,36.97,web,pickup,completed
ORD-0180932,R-0424,2025-07-13,30.73,web,delivery,completed
ORD-0180933,R-0424,2025-07-20,55.03,app,pickup,completed
ORD-0180934,R-0424,2025-07-31,23.86,web,pickup,completed
ORD-0180935,R-0424,2025-07-28,31.78,app,delivery,completed
ORD-0180936,R-0424,2025-07-21,22.51,web,delivery,completed
ORD-0180937,R-0424,2025-07-18,17.15,app,delivery,completed
ORD-0180938,R-0424,2025-07-08,32.02,web,pickup,completed
ORD-0180939,R-0424,2025-07-08,27.39,web,delivery,completed
ORD-0180940,R-0424,2025-07-20,45.29,web,pickup,completed
ORD-0180941,R-0424,2025-07-10,34.97,app,delivery,completed
ORD-0180942,R-0424,2025-07-23,27.72,web,pickup,completed
ORD-0180943,R-0424,2025-07-08,23.62,web,delivery,COMPLETED
ORD-0180944,R-0424,2025-07-10,38.51,web,delivery,completed
ORD-0180945,R-0424,2025-07-06,25.19,web,delivery,COMPLETED
ORD-0180946,R-0424,2025-07-03,17.20,web,pickup,completed
ORD-0180947,R-0424,2025-07-10,13.78,web,delivery,completed
ORD-0180948,R-0424,2025-07-04,25.08,web,pickup,cancelled
ORD-0180949,R-0424,2025-07-02,21.26,app,pickup,completed
ORD-0180950,R-0424,2025-07-30,18.49,app,delivery,completed
ORD-0180951,R-0424,2025-07-27,26.74,app,pickup,completed
ORD-0180952,R-0424,2025-07-21,45.33,web,delivery,completed
ORD-0180953,R-0424,2025-07-12,25.15,web,pickup,completed
ORD-0180954,R-0424,2025-07-11,45.21,app,pickup,completed
ORD-0180955,R-0424,2025-07-04,45.89,app,delivery,Completed
ORD-0180956,R-0424,2025-07-12,14.68,app,delivery,completed
ORD-0180957,R-0424,2025-07-25,60.69,web,pickup,completed
ORD-0180958,R-0424,2025-07-30,39.60,web,delivery,completed
ORD-0180959,R-0424,2025-07-21,23.03,web,delivery,completed
ORD-0180960,R-0424,2025-07-09,17.67,app,delivery,completed
ORD-0180961,R-0424,2025-07-28,24.49,app,pickup,completed
ORD-0180962,R-0424,2025-07-21,29.71,web,delivery,completed
ORD-0180963,R-0424,2025-07-02,78.17,web,pickup,completed
ORD-0180964,R-0424,2025-07-04,41.31,web,delivery,COMPLETED
ORD-0180965,R-0424,2025-07-06,30.21,web,pickup,completed
ORD-0180966,R-0424,2025-07-11,22.97,web,delivery,completed
ORD-0180967,R-0424,2025-07-23,19.91,app,pickup,completed
ORD-0180968,R-0424,2025-07-28,21.82,web,pickup,Completed
ORD-0180969,R-0424,2025-07-07,22.08,web,pickup,cancelled
ORD-0180970,R-0424,2025-07-28,48.18,app,pickup,completed
ORD-0180971,R-0424,2025-07-19,35.26,app,delivery,completed
ORD-0180972,R-0424,2025-07-14,26.53,app,pickup,completed
ORD-0180973,R-0424,2025-07-31,28.08,app,delivery,completed
ORD-0180974,R-0424,2025-07-19,13.58,web,delivery,cancelled
ORD-0180975,R-0424,2025-07-05,40.85,web,delivery,completed
ORD-0180976,R-0424,2025-07-27,31.45,app,pickup,completed
ORD-0180977,R-0424,2025-07-05,30.27,web,delivery,COMPLETED
ORD-0180978,R-0424,2025-07-12,38.50,app,delivery,completed
ORD-0180979,R-0424,2025-07-28,20.49,app,pickup,completed
ORD-0180980,R-0424,2025-07-17,24.34,app,delivery,COMPLETED
ORD-0180981,R-0424,2025-07-23,26.90,web,delivery,completed
ORD-0180982,R-0424,2025-07-10,91.22,web,delivery,refunded
ORD-0180983,R-0424,2025-07-11,38.42,app,pickup,completed
ORD-0180984,R-0424,2025-07-26,27.02,web,delivery,completed
ORD-0180985,R-0424,2025-07-18,24.83,web,delivery,completed
ORD-0180986,R-0424,2025-07-22,24.46,web,pickup,completed
ORD-0180987,R-0424,2025-07-09,19.11,app,delivery,completed
ORD-0180988,R-0424,2025-07-12,30.72,web,delivery,completed
ORD-0180989,R-0424,2025-07-01,22.53,web,delivery,completed
ORD-0180990,R-0424,2025-07-04,37.46,app,pickup,refunded
ORD-0180991,R-0424,2025-07-24,19.34,web,pickup,completed
ORD-0180992,R-0424,2025-07-12,12.15,app,delivery,completed
ORD-0180993,R-0424,2025-07-31,19.56,app,delivery,completed
ORD-0180994,R-0424,2025-07-03,16.69,web,pickup,completed
ORD-0180995,R-0424,2025-07-01,17.53,web,pickup,CANCELLED
ORD-0180996,R-0424,2025-07-20,22.14,app,pickup,completed
ORD-0180997,R-0424,2025-07-11,45.10,web,delivery,completed
ORD-0180998,R-0424,2025-07-11,38.40,web,pickup,completed
ORD-0180999,R-0424,2025-07-31,59.56,app,delivery,completed
ORD-0181000,R-0424,2025-07-30,46.75,web,delivery,COMPLETED
ORD-0181001,R-0424,2025-07-08,43.25,web,delivery,completed
ORD-0181002,R-0424,2025-07-04,30.93,app,delivery,completed
ORD-0181003,R-0424,2025-07-26,55.50,app,delivery,completed
ORD-0181004,R-0424,2025-07-06,58.00,web,delivery,COMPLETED
ORD-0181005,R-0424,2025-07-27,23.75,web,delivery,completed
ORD-0181006,R-0424,2025-07-12,23.43,web,pickup,completed
ORD-0181007,R-0424,2025-07-18,24.77,web,delivery,completed
ORD-0181008,R-0424,2025-07-24,36.83,app,delivery,completed
ORD-0181009,R-0424,2025-07-13,67.99,web,delivery,completed
ORD-0181010,R-0424,2025-07-16,23.69,app,delivery,COMPLETED
ORD-0181011,R-0424,2025-07-05,19.50,app,delivery,completed
ORD-0181012,R-0424,2025-07-19,13.65,app,delivery,completed
ORD-0181013,R-0424,2025-07-12,38.31,web,pickup,completed
ORD-0181014,R-0424,2025-07-05,33.11,web,pickup,cancelled
ORD-0181015,R-0424,2025-07-11,64.33,app,pickup,completed
ORD-0181016,R-0424,2025-07-30,36.58,app,delivery,completed
ORD-0181017,R-0424,2025-07-04,27.71,app,delivery,completed
ORD-0181018,R-0424,2025-07-01,15.29,web,pickup,refunded
ORD-0181019,R-0424,2025-07-04,45.71,web,pickup,completed
ORD-0181020,R-0424,2025-07-12,38.50,app,delivery,completed
ORD-0181021,R-0424,2025-07-25,72.79,web,pickup,completed
ORD-0181022,R-0424,2025-07-16,42.00,web,delivery,completed
ORD-0181023,R-0424,2025-07-18,69.42,web,delivery,completed
ORD-0181024,R-0424,2025-07-08,38.25,web,pickup,completed
ORD-0181025,R-0424,2025-07-10,32.61,app,delivery,COMPLETED
ORD-0181026,R-0424,2025-07-19,58.23,app,delivery,COMPLETED
ORD-0181027,R-0424,2025-07-26,35.52,web,delivery,completed
ORD-0181028,R-0424,2025-07-15,27.04,app,pickup,Completed
ORD-0181029,R-0424,2025-07-01,22.01,app,pickup,completed
ORD-0181030,R-0424,2025-07-19,39.52,web,pickup,completed
ORD-0181031,R-0424,2025-07-20,40.34,app,pickup,Completed
ORD-0181032,R-0424,2025-07-26,26.11,web,pickup,completed
ORD-0181033,R-0424,2025-07-12,15.91,web,pickup,completed
ORD-0181034,R-0424,2025-07-11,95.78,app,pickup,completed
ORD-0181035,R-0424,2025-07-19,15.03,web,delivery,completed
ORD-0181036,R-0424,2025-07-12,22.10,app,delivery,completed
ORD-0181037,R-0424,2025-07-26,40.60,app,pickup,Completed
ORD-0181038,R-0424,2025-07-03,39.47,web,delivery,COMPLETED
ORD-0181039,R-0424,2025-07-10,15.81,app,pickup,completed
ORD-0181040,R-0424,2025-07-12,35.46,app,pickup,completed
ORD-0181041,R-0424,2025-07-23,34.81,app,pickup,completed
ORD-0181042,R-0424,2025-07-13,44.60,app,delivery,completed
ORD-0181043,R-0424,2025-07-11,30.89,app,delivery,completed
ORD-0181044,R-0424,2025-07-11,31.87,web,pickup,completed
ORD-0181045,R-0424,2025-07-20,29.85,app,delivery,completed
ORD-0181046,R-0424,2025-07-22,37.80,app,pickup,completed
ORD-0181047,R-0424,2025-07-02,37.03,web,delivery,completed
ORD-0181048,R-0424,2025-07-15,15.94,web,pickup,completed
ORD-0185478,R-0426,2025-07-18,48.93,web,pickup,completed
ORD-0185479,R-0426,2025-07-09,61.54,web,delivery,completed
ORD-0185480,R-0426,2025-07-12,62.73,app,pickup,completed
ORD-0185481,R-0426,2025-07-20,51.30,web,delivery,completed
ORD-0185482,R-0426,2025-07-12,32.90,app,pickup,completed
ORD-0185483,R-0426,2025-07-14,58.17,web,delivery,completed
ORD-0185484,R-0426,2025-07-10,50.20,web,delivery,completed
ORD-0185485,R-0426,2025-07-19,67.53,web,delivery,completed
ORD-0185486,R-0426,2025-07-08,83.70,app,pickup,completed
ORD-0185487,R-0426,2025-07-28,85.95,app,delivery,completed
ORD-0185488,R-0426,2025-07-03,45.59,app,delivery,completed
ORD-0185489,R-0426,2025-07-31,28.51,app,delivery,completed
ORD-0185490,R-0426,2025-07-04,68.86,web,pickup,cancelled
ORD-0185491,R-0426,2025-07-02,80.86,web,delivery,completed
ORD-0185492,R-0426,2025-07-04,10.59,app,delivery,completed
ORD-0185493,R-0426,2025-07-18,35.17,web,delivery,completed
ORD-0185494,R-0426,2025-07-04,67.70,web,pickup,completed
ORD-0185495,R-0426,2025-07-16,43.82,app,delivery,completed
ORD-0185496,R-0426,2025-07-25,35.83,web,pickup,completed
ORD-0185497,R-0426,2025-07-20,17.80,app,delivery,completed
ORD-0185498,R-0426,2025-07-05,23.13,web,delivery,completed
ORD-0185499,R-0426,2025-07-26,68.61,app,pickup,completed
ORD-0185500,R-0426,2025-07-19,52.34,web,pickup,completed
ORD-0185501,R-0426,2025-07-21,46.52,app,pickup,completed
ORD-0185502,R-0426,2025-07-01,82.99,web,pickup,completed
ORD-0185503,R-0426,2025-07-21,36.33,web,pickup,completed
ORD-0185504,R-0426,2025-07-19,84.41,web,pickup,Completed
ORD-0185505,R-0426,2025-07-06,74.13,web,delivery,completed
ORD-0185506,R-0426,2025-07-07,49.58,web,delivery,completed
ORD-0185507,R-0426,2025-07-12,40.02,app,pickup,completed
ORD-0185508,R-0426,2025-07-11,22.08,web,pickup,completed
ORD-0185509,R-0426,2025-07-18,23.06,web,pickup,completed
ORD-0185510,R-0426,2025-07-14,44.66,web,pickup,completed
ORD-0185511,R-0426,2025-07-22,36.88,web,delivery,completed
ORD-0185512,R-0426,2025-07-09,33.95,web,pickup,completed
ORD-0185513,R-0426,2025-07-22,34.80,app,pickup,completed
ORD-0185514,R-0426,2025-07-20,83.31,app,pickup,completed
ORD-0185515,R-0426,2025-07-31,86.91,web,pickup,completed
ORD-0185516,R-0426,2025-07-27,18.51,app,delivery,completed
ORD-0185517,R-0426,2025-07-03,14.44,web,delivery,completed
ORD-0185518,R-0426,2025-07-07,48.78,web,pickup,completed
ORD-0185519,R-0426,2025-07-21,31.26,web,pickup,completed
ORD-0185520,R-0426,2025-07-26,29.88,web,pickup,completed
ORD-0185521,R-0426,2025-07-22,46.89,app,delivery,completed
ORD-0185522,R-0426,2025-07-06,56.05,web,pickup,completed
ORD-0185523,R-0426,2025-07-06,64.33,app,delivery,completed
ORD-0185524,R-0426,2025-07-26,78.67,app,pickup,completed
ORD-0185525,R-0426,2025-07-05,86.78,web,pickup,completed
ORD-0187207,R-0429,2025-07-23,64.58,app,pickup,completed
ORD-0187208,R-0429,2025-07-19,71.10,app,delivery,completed
ORD-0187209,R-0429,2025-07-19,47.17,web,pickup,COMPLETED
ORD-0187210,R-0429,2025-07-26,28.09,app,pickup,completed
ORD-0187211,R-0429,2025-07-12,77.15,app,delivery,completed
ORD-0187212,R-0429,2025-07-13,33.39,web,delivery,completed
ORD-0187213,R-0429,2025-07-09,80.64,app,pickup,completed
ORD-0187214,R-0429,2025-07-29,58.13,app,delivery,completed
ORD-0187215,R-0429,2025-07-13,80.01,web,delivery,completed
ORD-0187216,R-0429,2025-07-16,110.54,app,pickup,completed
ORD-0187217,R-0429,2025-07-24,68.33,app,pickup,completed
ORD-0187218,R-0429,2025-07-12,54.76,web,delivery,completed
ORD-0187219,R-0429,2025-07-14,38.87,web,delivery,completed
ORD-0187220,R-0429,2025-07-12,130.39,app,delivery,completed
ORD-0187221,R-0429,2025-07-19,126.29,app,pickup,COMPLETED
ORD-0187222,R-0429,2025-07-21,154.81,app,delivery,completed
ORD-0187223,R-0429,2025-07-25,142.90,web,pickup,completed
ORD-0187224,R-0429,2025-07-19,117.96,app,pickup,completed
ORD-0187225,R-0429,2025-07-29,178.60,app,pickup,completed
ORD-0187226,R-0429,2025-07-10,73.94,app,delivery,completed
ORD-0187227,R-0429,2025-07-18,40.28,app,delivery,completed
ORD-0190096,R-0434,2025-07-07,35.93,app,delivery,completed
ORD-0190097,R-0434,2025-07-11,20.64,app,delivery,completed
ORD-0190098,R-0434,2025-07-24,37.75,app,pickup,completed
ORD-0190099,R-0434,2025-07-21,16.51,web,pickup,cancelled
ORD-0190100,R-0434,2025-07-20,26.50,app,pickup,completed
ORD-0190101,R-0434,2025-07-02,28.28,app,pickup,completed
ORD-0190102,R-0434,2025-07-24,23.63,web,delivery,completed
ORD-0190103,R-0434,2025-07-13,26.25,web,delivery,completed
ORD-0190104,R-0434,2025-07-16,22.51,app,delivery,completed
ORD-0190105,R-0434,2025-07-16,39.90,web,pickup,completed
ORD-0190106,R-0434,2025-07-10,23.32,app,pickup,completed
ORD-0190107,R-0434,2025-07-24,24.21,app,delivery,Completed
ORD-0190108,R-0434,2025-07-16,36.25,app,pickup,completed
ORD-0190109,R-0434,2025-07-16,19.57,app,pickup,completed
ORD-0190110,R-0434,2025-07-06,37.92,web,pickup,COMPLETED
ORD-0190111,R-0434,2025-07-27,32.40,app,delivery,completed
ORD-0190112,R-0434,2025-07-25,48.58,app,pickup,completed
ORD-0190113,R-0434,2025-07-09,31.47,app,delivery,completed
ORD-0190114,R-0434,2025-07-05,17.14,app,pickup,completed
ORD-0190115,R-0434,2025-07-13,62.38,app,delivery,completed
ORD-0190116,R-0434,2025-07-11,20.97,web,pickup,completed
ORD-0190117,R-0434,2025-07-19,18.54,app,delivery,Completed
ORD-0190118,R-0434,2025-07-31,37.28,app,delivery,completed
ORD-0190119,R-0434,2025-07-18,46.48,app,delivery,COMPLETED
ORD-0190120,R-0434,2025-07-03,47.39,web,delivery,completed
ORD-0190121,R-0434,2025-07-19,24.26,app,pickup,completed
ORD-0190122,R-0434,2025-07-14,49.96,app,delivery,completed
ORD-0190123,R-0434,2025-07-18,33.44,app,pickup,completed
ORD-0190124,R-0434,2025-07-12,35.57,app,pickup,completed
ORD-0190125,R-0434,2025-07-11,27.61,app,delivery,completed
ORD-0190126,R-0434,2025-07-26,17.76,app,delivery,completed
ORD-0190127,R-0434,2025-07-06,36.12,web,pickup,REFUNDED
ORD-0190128,R-0434,2025-07-27,23.79,web,pickup,completed
ORD-0190129,R-0434,2025-07-07,35.86,app,pickup,completed
ORD-0190130,R-0434,2025-07-31,22.96,app,delivery,completed
ORD-0190131,R-0434,2025-07-25,51.35,web,delivery,COMPLETED
ORD-0190132,R-0434,2025-07-19,20.97,web,delivery,completed
ORD-0190133,R-0434,2025-07-28,16.33,app,delivery,completed
ORD-0190134,R-0434,2025-07-13,27.51,web,delivery,completed
ORD-0190135,R-0434,2025-07-12,22.30,web,pickup,completed
ORD-0190136,R-0434,2025-07-25,24.56,app,delivery,completed
ORD-0190137,R-0434,2025-07-19,22.04,app,delivery,completed
ORD-0190138,R-0434,2025-07-13,35.45,web,pickup,COMPLETED
ORD-0190139,R-0434,2025-07-31,32.45,web,delivery,cancelled
ORD-0190140,R-0434,2025-07-08,22.15,app,pickup,COMPLETED
ORD-0190141,R-0434,2025-07-17,24.89,app,pickup,completed
ORD-0190142,R-0434,2025-07-16,24.99,app,delivery,completed
ORD-0190143,R-0434,2025-07-09,19.73,web,pickup,completed
ORD-0190144,R-0434,2025-07-17,19.66,app,pickup,completed
ORD-0190145,R-0434,2025-07-09,29.31,web,delivery,completed
ORD-0190146,R-0434,2025-07-12,17.01,app,pickup,completed
ORD-0190147,R-0434,2025-07-13,22.16,web,delivery,completed
ORD-0190148,R-0434,2025-07-21,23.49,app,pickup,completed
ORD-0190149,R-0434,2025-07-01,29.71,web,delivery,completed
ORD-0190150,R-0434,2025-07-14,56.53,app,delivery,completed
ORD-0190151,R-0434,2025-07-26,31.16,app,pickup,COMPLETED
ORD-0190152,R-0434,2025-07-15,36.31,app,delivery,completed
ORD-0190153,R-0434,2025-07-16,23.86,app,pickup,completed
ORD-0190154,R-0434,2025-07-09,15.37,app,delivery,completed
ORD-0190155,R-0434,2025-07-10,24.90,app,delivery,completed
ORD-0190156,R-0434,2025-07-30,30.00,app,delivery,completed
ORD-0190157,R-0434,2025-07-22,15.24,app,delivery,completed
ORD-0190158,R-0434,2025-07-18,24.59,app,pickup,COMPLETED
ORD-0190159,R-0434,2025-07-13,39.49,web,pickup,completed
ORD-0190160,R-0434,2025-07-05,15.68,app,pickup,completed
ORD-0190161,R-0434,2025-07-01,22.72,app,pickup,completed
ORD-0190162,R-0434,2025-07-24,20.76,app,delivery,completed
ORD-0190163,R-0434,2025-07-25,29.47,app,pickup,completed
ORD-0190164,R-0434,2025-07-03,17.95,app,delivery,completed
ORD-0190165,R-0434,2025-07-12,37.95,web,delivery,completed
ORD-0190166,R-0434,2025-07-07,29.76,web,delivery,completed
ORD-0190167,R-0434,2025-07-14,31.95,app,pickup,completed
ORD-0190168,R-0434,2025-07-18,38.23,web,delivery,completed
ORD-0190169,R-0434,2025-07-14,33.34,app,delivery,completed
ORD-0190170,R-0434,2025-07-24,25.58,app,delivery,completed
ORD-0190171,R-0434,2025-07-05,48.31,app,delivery,completed
ORD-0191200,R-0436,2025-07-15,40.53,web,delivery,completed
ORD-0191201,R-0436,2025-07-15,52.15,web,delivery,completed
ORD-0191202,R-0436,2025-07-03,58.66,app,delivery,completed
ORD-0191203,R-0436,2025-07-15,37.46,app,pickup,completed
ORD-0191204,R-0436,2025-07-30,22.99,app,delivery,completed
ORD-0191205,R-0436,2025-07-25,49.81,app,delivery,completed
ORD-0191206,R-0436,2025-07-04,44.07,app,delivery,completed
ORD-0191207,R-0436,2025-07-27,54.64,app,delivery,completed
ORD-0191208,R-0436,2025-07-18,57.65,app,delivery,completed
ORD-0191209,R-0436,2025-07-18,59.54,web,delivery,COMPLETED
ORD-0191210,R-0436,2025-07-26,75.43,app,pickup,completed
ORD-0191211,R-0436,2025-07-28,36.93,web,delivery,completed
ORD-0191212,R-0436,2025-07-12,41.23,app,delivery,COMPLETED
ORD-0191213,R-0436,2025-07-21,34.11,app,pickup,completed
ORD-0191214,R-0436,2025-07-06,49.13,app,delivery,completed
ORD-0191215,R-0436,2025-07-31,39.58,app,delivery,completed
ORD-0191216,R-0436,2025-07-17,61.54,app,delivery,completed
ORD-0191217,R-0436,2025-07-05,65.81,app,pickup,completed
ORD-0191218,R-0436,2025-07-03,70.33,app,pickup,completed
ORD-0191219,R-0436,2025-07-09,23.57,app,pickup,completed
ORD-0191220,R-0436,2025-07-12,92.37,web,pickup,completed
ORD-0191221,R-0436,2025-07-12,64.63,app,delivery,completed
ORD-0192429,R-0445,2025-07-26,35.70,web,delivery,completed
ORD-0192430,R-0445,2025-07-23,27.04,web,pickup,completed
ORD-0192431,R-0445,2025-07-31,23.40,web,pickup,COMPLETED
ORD-0193106,R-0446,2025-07-03,48.65,web,delivery,COMPLETED
ORD-0193107,R-0446,2025-07-08,33.05,app,pickup,completed
ORD-0193108,R-0446,2025-07-22,76.18,web,pickup,Completed
ORD-0193109,R-0446,2025-07-05,71.72,web,pickup,completed
ORD-0193110,R-0446,2025-07-20,35.87,app,delivery,completed
ORD-0193111,R-0446,2025-07-25,54.29,app,delivery,completed
ORD-0193112,R-0446,2025-07-18,38.34,app,pickup,completed
ORD-0193113,R-0446,2025-07-24,32.23,app,pickup,completed
ORD-0193114,R-0446,2025-07-06,90.28,web,delivery,COMPLETED
ORD-0193115,R-0446,2025-07-23,39.25,app,delivery,completed
ORD-0193116,R-0446,2025-07-04,42.22,app,pickup,completed
ORD-0193117,R-0446,2025-07-03,46.52,app,pickup,completed
ORD-0193118,R-0446,2025-07-13,31.19,web,delivery,completed
ORD-0193119,R-0446,2025-07-18,44.74,app,pickup,completed
ORD-0193120,R-0446,2025-07-09,36.07,app,pickup,COMPLETED
ORD-0193121,R-0446,2025-07-26,31.07,app,pickup,completed
ORD-0193122,R-0446,2025-07-01,33.99,app,delivery,COMPLETED
ORD-0193123,R-0446,2025-07-15,17.47,web,delivery,completed
ORD-0193124,R-0446,2025-07-27,54.86,web,pickup,COMPLETED
ORD-0193125,R-0446,2025-07-30,61.74,app,delivery,CANCELLED
ORD-0193126,R-0446,2025-07-18,27.41,app,delivery,completed
ORD-0193127,R-0446,2025-07-09,38.21,app,pickup,completed
ORD-0193128,R-0446,2025-07-11,56.88,web,delivery,COMPLETED
ORD-0193129,R-0446,2025-07-05,41.99,app,delivery,completed
ORD-0193130,R-0446,2025-07-15,26.21,app,delivery,completed
ORD-0193131,R-0446,2025-07-20,36.14,web,pickup,completed
ORD-0193132,R-0446,2025-07-05,46.49,app,delivery,completed
ORD-0193133,R-0446,2025-07-10,31.43,app,delivery,completed
ORD-0193134,R-0446,2025-07-23,64.22,web,pickup,completed
ORD-0193135,R-0446,2025-07-22,25.89,app,delivery,completed
ORD-0193136,R-0446,2025-07-22,19.33,app,delivery,completed
ORD-0193137,R-0446,2025-07-31,27.73,web,delivery,completed
ORD-0193138,R-0446,2025-07-27,36.44,app,pickup,completed
ORD-0193139,R-0446,2025-07-02,51.74,app,pickup,completed
ORD-0193140,R-0446,2025-07-22,26.88,app,pickup,completed
ORD-0193141,R-0446,2025-07-12,32.47,app,delivery,completed
ORD-0193142,R-0446,2025-07-04,36.10,app,pickup,completed
ORD-0193143,R-0446,2025-07-24,40.30,web,delivery,completed
ORD-0193144,R-0446,2025-07-31,27.84,web,delivery,completed
ORD-0193145,R-0446,2025-07-05,54.52,app,pickup,completed
ORD-0193146,R-0446,2025-07-03,29.91,web,delivery,completed
ORD-0193147,R-0446,2025-07-19,43.06,web,delivery,COMPLETED
ORD-0193148,R-0446,2025-07-18,78.53,app,delivery,completed
ORD-0193149,R-0446,2025-07-20,69.05,app,delivery,completed
ORD-0193150,R-0446,2025-07-19,48.93,web,delivery,completed
ORD-0193151,R-0446,2025-07-21,31.44,web,delivery,COMPLETED
ORD-0193152,R-0446,2025-07-15,62.26,web,delivery,refunded
ORD-0193153,R-0446,2025-07-26,23.20,app,delivery,Completed
ORD-0193154,R-0446,2025-07-24,24.99,app,delivery,completed
ORD-0193155,R-0446,2025-07-12,33.15,app,pickup,completed
ORD-0193156,R-0446,2025-07-04,36.98,app,delivery,completed
ORD-0193157,R-0446,2025-07-26,26.99,web,delivery,completed
ORD-0193158,R-0446,2025-07-22,46.54,app,delivery,completed
ORD-0193159,R-0446,2025-07-20,41.03,web,pickup,COMPLETED
ORD-0193160,R-0446,2025-07-12,32.59,app,delivery,completed
ORD-0193161,R-0446,2025-07-08,70.35,web,pickup,completed
ORD-0193162,R-0446,2025-07-07,59.96,app,delivery,completed
ORD-0193163,R-0446,2025-07-25,18.83,web,delivery,completed
ORD-0193164,R-0446,2025-07-22,43.67,web,delivery,completed
ORD-0193165,R-0446,2025-07-19,68.03,app,delivery,completed
ORD-0193166,R-0446,2025-07-01,34.86,web,pickup,completed
ORD-0193167,R-0446,2025-07-03,54.37,app,pickup,completed
ORD-0193168,R-0446,2025-07-14,30.20,app,pickup,COMPLETED
ORD-0193169,R-0446,2025-07-13,42.96,web,delivery,completed
ORD-0193170,R-0446,2025-07-13,84.65,web,delivery,completed
ORD-0193171,R-0446,2025-07-03,39.73,app,pickup,completed
ORD-0193172,R-0446,2025-07-13,46.52,app,pickup,completed
ORD-0193173,R-0446,2025-07-24,69.52,app,delivery,completed
ORD-0193174,R-0446,2025-07-31,42.76,web,delivery,completed
ORD-0193175,R-0446,2025-07-25,23.62,app,pickup,completed
ORD-0193176,R-0446,2025-07-05,63.36,web,pickup,completed
ORD-0193177,R-0446,2025-07-05,46.19,web,delivery,completed
ORD-0193178,R-0446,2025-07-20,56.21,app,pickup,cancelled
ORD-0193179,R-0446,2025-07-05,42.39,app,delivery,completed
ORD-0193180,R-0446,2025-07-01,21.52,web,delivery,completed
ORD-0193181,R-0446,2025-07-08,27.18,app,delivery,completed
ORD-0193182,R-0446,2025-07-17,72.39,app,delivery,completed
ORD-0193183,R-0446,2025-07-08,33.17,app,delivery,completed
ORD-0193184,R-0446,2025-07-30,27.94,app,delivery,completed
ORD-0193185,R-0446,2025-07-14,37.76,web,pickup,completed
ORD-0193186,R-0446,2025-07-31,40.78,app,delivery,completed
ORD-0193187,R-0446,2025-07-14,61.67,web,pickup,completed
ORD-0193188,R-0446,2025-07-11,58.17,app,delivery,completed
ORD-0193189,R-0446,2025-07-20,21.58,web,delivery,completed
ORD-0193190,R-0446,2025-07-18,55.80,web,delivery,completed
ORD-0193191,R-0446,2025-07-18,40.58,web,pickup,completed
ORD-0193192,R-0446,2025-07-19,44.42,web,delivery,completed
ORD-0193193,R-0446,2025-07-05,23.01,app,delivery,completed
ORD-0193194,R-0446,2025-07-05,48.05,web,pickup,completed
ORD-0193195,R-0446,2025-07-11,55.59,app,delivery,CANCELLED
ORD-0193196,R-0446,2025-07-11,87.99,web,pickup,completed
ORD-0193197,R-0446,2025-07-12,44.45,app,delivery,completed
ORD-0193198,R-0446,2025-07-03,24.18,web,delivery,completed
ORD-0193199,R-0446,2025-07-18,43.13,app,delivery,completed
ORD-0193200,R-0446,2025-07-01,43.25,web,delivery,completed
ORD-0193201,R-0446,2025-07-20,34.43,app,pickup,completed
ORD-0193202,R-0446,2025-07-19,62.99,app,delivery,completed
ORD-0193203,R-0446,2025-07-23,28.77,app,delivery,completed
ORD-0193204,R-0446,2025-07-17,35.82,app,pickup,Completed
ORD-0193205,R-0446,2025-07-07,21.62,web,delivery,completed
ORD-0193206,R-0446,2025-07-27,24.47,app,pickup,completed
ORD-0193207,R-0446,2025-07-18,37.22,web,delivery,completed
ORD-0193208,R-0446,2025-07-26,59.37,app,delivery,completed
ORD-0193209,R-0446,2025-07-10,20.47,app,pickup,completed
ORD-0193210,R-0446,2025-07-16,13.92,app,delivery,COMPLETED
ORD-0193211,R-0446,2025-07-15,41.27,app,pickup,completed
ORD-0193212,R-0446,2025-07-22,30.29,app,delivery,completed
ORD-0193213,R-0446,2025-07-11,56.21,app,delivery,completed
ORD-0193214,R-0446,2025-07-18,33.43,app,pickup,completed
ORD-0193215,R-0446,2025-07-01,74.41,app,delivery,completed
ORD-0193216,R-0446,2025-07-09,29.74,web,delivery,completed
ORD-0193217,R-0446,2025-07-09,23.15,web,delivery,Completed
ORD-0193218,R-0446,2025-07-31,31.65,web,pickup,completed
ORD-0193219,R-0446,2025-07-11,39.39,app,delivery,completed
ORD-0193220,R-0446,2025-07-05,20.45,app,delivery,completed
ORD-0193221,R-0446,2025-07-07,48.55,app,delivery,completed
ORD-0193222,R-0446,2025-07-16,36.04,app,delivery,completed
ORD-0193223,R-0446,2025-07-06,37.61,app,pickup,completed
ORD-0193224,R-0446,2025-07-04,36.74,app,pickup,completed
ORD-0193225,R-0446,2025-07-21,22.40,app,pickup,completed
ORD-0193226,R-0446,2025-07-02,13.27,app,delivery,completed
ORD-0193227,R-0446,2025-07-04,24.32,app,delivery,completed
ORD-0193228,R-0446,2025-07-05,38.47,app,delivery,completed
ORD-0199494,R-0451,2025-07-04,59.96,app,delivery,completed
ORD-0199495,R-0451,2025-07-02,54.53,app,delivery,completed
ORD-0199496,R-0451,2025-07-14,36.51,web,delivery,completed
ORD-0199497,R-0451,2025-07-08,30.28,web,pickup,completed
ORD-0199498,R-0451,2025-07-30,18.03,app,pickup,completed
ORD-0199499,R-0451,2025-07-12,24.64,web,delivery,completed
ORD-0199500,R-0451,2025-07-28,20.15,app,delivery,completed
ORD-0199501,R-0451,2025-07-04,46.07,web,pickup,completed
ORD-0199502,R-0451,2025-07-13,67.39,app,delivery,completed
ORD-0199503,R-0451,2025-07-25,26.58,app,delivery,completed
ORD-0199504,R-0451,2025-07-18,22.96,app,pickup,completed
ORD-0199505,R-0451,2025-07-31,88.81,web,delivery,completed
ORD-0199506,R-0451,2025-07-08,15.50,app,pickup,COMPLETED
ORD-0199507,R-0451,2025-07-07,25.01,web,delivery,completed
ORD-0199508,R-0451,2025-07-24,28.00,web,delivery,completed
ORD-0199509,R-0451,2025-07-21,25.65,app,delivery,completed
ORD-0199510,R-0451,2025-07-10,41.28,app,delivery,completed
ORD-0199511,R-0451,2025-07-16,44.30,app,pickup,completed
ORD-0199512,R-0451,2025-07-04,23.53,web,pickup,completed
ORD-0199513,R-0451,2025-07-26,66.45,web,delivery,completed
ORD-0199514,R-0451,2025-07-13,42.10,web,delivery,completed
ORD-0199515,R-0451,2025-07-18,45.85,app,pickup,completed
ORD-0199516,R-0451,2025-07-09,20.22,app,pickup,completed
ORD-0199517,R-0451,2025-07-02,51.65,app,pickup,completed
ORD-0199518,R-0451,2025-07-21,16.46,app,pickup,completed
ORD-0199519,R-0451,2025-07-07,33.16,app,delivery,cancelled
ORD-0199520,R-0451,2025-07-25,48.33,web,pickup,completed
ORD-0199521,R-0451,2025-07-07,15.00,app,delivery,completed
ORD-0199522,R-0451,2025-07-19,30.70,app,delivery,completed
ORD-0199523,R-0451,2025-07-24,30.85,app,pickup,completed
ORD-0199524,R-0451,2025-07-19,54.15,app,pickup,completed
ORD-0199525,R-0451,2025-07-08,54.51,app,delivery,completed
ORD-0199526,R-0451,2025-07-25,19.19,app,delivery,completed
ORD-0199527,R-0451,2025-07-12,24.23,app,pickup,completed
ORD-0199528,R-0451,2025-07-25,37.61,app,delivery,completed
ORD-0199529,R-0451,2025-07-17,47.46,web,pickup,completed
ORD-0199530,R-0451,2025-07-12,15.04,web,pickup,completed
ORD-0199531,R-0451,2025-07-11,28.72,web,pickup,completed
ORD-0199532,R-0451,2025-07-07,28.26,web,delivery,COMPLETED
ORD-0199533,R-0451,2025-07-03,17.07,app,delivery,completed
ORD-0199534,R-0451,2025-07-11,48.92,web,pickup,completed
ORD-0199535,R-0451,2025-07-03,22.55,web,delivery,completed
ORD-0199536,R-0451,2025-07-09,30.01,app,pickup,completed
ORD-0199537,R-0451,2025-07-16,38.42,web,pickup,completed
ORD-0199538,R-0451,2025-07-24,41.73,web,delivery,completed
ORD-0199539,R-0451,2025-07-24,15.00,web,delivery,completed
ORD-0199540,R-0451,2025-07-21,35.39,app,delivery,completed
ORD-0199541,R-0451,2025-07-11,86.84,app,delivery,completed
ORD-0199542,R-0451,2025-07-23,22.58,app,delivery,completed
ORD-0201315,R-0454,2025-07-11,22.59,app,delivery,completed
ORD-0201316,R-0454,2025-07-05,44.44,web,pickup,completed
ORD-0201317,R-0454,2025-07-16,52.30,app,pickup,completed
ORD-0201318,R-0454,2025-07-28,18.08,app,delivery,completed
ORD-0201319,R-0454,2025-07-01,22.12,web,pickup,completed
ORD-0201320,R-0454,2025-07-26,35.68,web,delivery,completed
ORD-0201321,R-0454,2025-07-13,28.12,web,delivery,completed
ORD-0201322,R-0454,2025-07-19,46.13,app,delivery,completed
ORD-0201323,R-0454,2025-07-23,39.31,app,delivery,completed
ORD-0201324,R-0454,2025-07-26,23.76,web,delivery,completed
ORD-0201325,R-0454,2025-07-14,31.11,app,delivery,completed
ORD-0201326,R-0454,2025-07-27,31.16,app,delivery,completed
ORD-0201327,R-0454,2025-07-26,27.58,web,pickup,completed
ORD-0201328,R-0454,2025-07-19,24.50,web,delivery,completed
ORD-0201329,R-0454,2025-07-04,28.82,web,pickup,completed
ORD-0201330,R-0454,2025-07-24,26.73,app,delivery,completed
ORD-0201331,R-0454,2025-07-15,33.57,web,pickup,completed
ORD-0201332,R-0454,2025-07-09,28.90,app,pickup,completed
ORD-0201333,R-0454,2025-07-03,25.11,app,pickup,completed
ORD-0201334,R-0454,2025-07-19,60.61,app,delivery,completed
ORD-0201335,R-0454,2025-07-18,30.10,app,pickup,completed
ORD-0201336,R-0454,2025-07-16,27.11,app,delivery,completed
ORD-0201337,R-0454,2025-07-18,20.76,app,pickup,completed
ORD-0201338,R-0454,2025-07-23,16.70,app,delivery,completed
ORD-0201339,R-0454,2025-07-04,24.79,app,delivery,completed
ORD-0201340,R-0454,2025-07-07,15.48,app,delivery,completed
ORD-0201341,R-0454,2025-07-04,45.82,app,delivery,Completed
ORD-0201342,R-0454,2025-07-25,36.18,web,delivery,completed
ORD-0201343,R-0454,2025-07-20,43.55,web,delivery,COMPLETED
ORD-0201344,R-0454,2025-07-17,22.19,web,delivery,REFUNDED
ORD-0201345,R-0454,2025-07-12,19.37,app,delivery,completed
ORD-0201346,R-0454,2025-07-20,33.83,web,delivery,completed
ORD-0201347,R-0454,2025-07-09,45.63,app,delivery,completed
ORD-0201348,R-0454,2025-07-06,29.03,app,delivery,completed
ORD-0201349,R-0454,2025-07-05,40.44,app,delivery,cancelled
ORD-0201350,R-0454,2025-07-03,58.23,web,delivery,completed
ORD-0201351,R-0454,2025-07-22,19.32,app,pickup,completed
ORD-0201352,R-0454,2025-07-05,13.64,app,pickup,completed
ORD-0201353,R-0454,2025-07-19,28.85,web,pickup,completed
ORD-0201354,R-0454,2025-07-17,31.07,web,pickup,Completed
ORD-0201355,R-0454,2025-07-23,17.55,app,delivery,completed
ORD-0201356,R-0454,2025-07-09,48.01,web,delivery,completed
ORD-0201357,R-0454,2025-07-29,39.37,app,delivery,Completed
ORD-0201358,R-0454,2025-07-10,58.35,web,delivery,completed
ORD-0201359,R-0454,2025-07-09,23.66,app,delivery,completed
ORD-0201360,R-0454,2025-07-16,25.09,app,pickup,completed
ORD-0206017,R-0464,2025-07-02,169.52,app,delivery,completed
ORD-0206018,R-0464,2025-07-19,54.20,app,delivery,completed
ORD-0206019,R-0464,2025-07-05,50.98,app,pickup,completed
ORD-0206020,R-0464,2025-07-20,26.58,app,delivery,completed
ORD-0206021,R-0464,2025-07-26,38.47,app,delivery,cancelled
ORD-0206022,R-0464,2025-07-14,51.00,web,pickup,completed
ORD-0206023,R-0464,2025-07-10,87.36,app,delivery,completed
ORD-0206024,R-0464,2025-07-11,56.13,app,pickup,completed
ORD-0206025,R-0464,2025-07-31,45.43,app,pickup,completed
ORD-0206026,R-0464,2025-07-30,55.54,app,delivery,Completed
ORD-0206027,R-0464,2025-07-05,83.84,app,pickup,completed
ORD-0206028,R-0464,2025-07-02,91.48,app,delivery,completed
ORD-0206029,R-0464,2025-07-26,53.58,app,pickup,completed
ORD-0206030,R-0464,2025-07-31,36.36,web,pickup,completed
ORD-0206727,R-0466,2025-07-27,31.45,web,delivery,completed
ORD-0206728,R-0466,2025-07-20,13.14,app,delivery,completed
ORD-0206729,R-0466,2025-07-16,27.82,web,delivery,COMPLETED
ORD-0206730,R-0466,2025-07-15,21.18,app,delivery,completed
ORD-0206731,R-0466,2025-07-13,33.09,web,delivery,completed
ORD-0206732,R-0466,2025-07-27,24.11,web,delivery,completed
ORD-0206733,R-0466,2025-07-18,28.61,app,delivery,completed
ORD-0206734,R-0466,2025-07-26,22.91,web,pickup,completed
ORD-0206735,R-0466,2025-07-19,19.70,web,delivery,completed
ORD-0206736,R-0466,2025-07-27,18.35,app,delivery,refunded
ORD-0206737,R-0466,2025-07-22,18.17,web,delivery,CANCELLED
ORD-0206738,R-0466,2025-07-13,18.01,app,delivery,completed
ORD-0206739,R-0466,2025-07-31,27.62,web,delivery,completed
ORD-0206740,R-0466,2025-07-21,27.17,web,delivery,COMPLETED
ORD-0206741,R-0466,2025-07-15,34.93,app,delivery,COMPLETED
ORD-0206742,R-0466,2025-07-25,20.51,web,delivery,completed
ORD-0206743,R-0466,2025-07-18,19.07,app,delivery,COMPLETED
ORD-0206744,R-0466,2025-07-11,41.65,web,pickup,completed
ORD-0206745,R-0466,2025-07-12,27.86,web,delivery,completed
ORD-0207965,R-0472,2025-07-29,18.37,app,delivery,completed
ORD-0207966,R-0472,2025-07-01,32.95,app,pickup,completed
ORD-0207967,R-0472,2025-07-23,50.61,web,delivery,completed
ORD-0207968,R-0472,2025-07-18,31.35,web,delivery,completed
ORD-0207969,R-0472,2025-07-12,17.74,web,delivery,completed
ORD-0207970,R-0472,2025-07-06,24.43,web,pickup,COMPLETED
ORD-0207971,R-0472,2025-07-25,19.11,web,delivery,completed
ORD-0207972,R-0472,2025-07-11,52.85,app,delivery,completed
ORD-0207973,R-0472,2025-07-11,42.51,app,delivery,completed
ORD-0207974,R-0472,2025-07-06,28.11,app,delivery,completed
ORD-0207975,R-0472,2025-07-17,33.67,web,pickup,completed
ORD-0207976,R-0472,2025-07-25,20.93,web,delivery,completed
ORD-0207977,R-0472,2025-07-06,29.65,web,pickup,completed
ORD-0207978,R-0472,2025-07-06,22.83,app,delivery,completed
ORD-0207979,R-0472,2025-07-13,22.96,web,pickup,completed
ORD-0207980,R-0472,2025-07-06,26.25,web,delivery,completed
ORD-0207981,R-0472,2025-07-05,19.05,web,pickup,completed
ORD-0207982,R-0472,2025-07-18,21.90,app,pickup,completed
ORD-0207983,R-0472,2025-07-17,17.46,app,delivery,completed
ORD-0207984,R-0472,2025-07-24,30.67,web,delivery,completed
ORD-0207985,R-0472,2025-07-24,9.92,web,pickup,completed
ORD-0207986,R-0472,2025-07-13,33.23,app,delivery,completed
ORD-0207987,R-0472,2025-07-19,25.68,web,delivery,completed
ORD-0207988,R-0472,2025-07-25,20.42,app,delivery,completed
ORD-0207989,R-0472,2025-07-22,21.60,web,delivery,completed
ORD-0207990,R-0472,2025-07-11,32.55,app,delivery,completed
ORD-0207991,R-0472,2025-07-02,28.65,web,delivery,completed
ORD-0207992,R-0472,2025-07-29,17.67,web,delivery,completed
ORD-0207993,R-0472,2025-07-18,31.24,web,delivery,cancelled
ORD-0207994,R-0472,2025-07-18,16.22,web,delivery,completed
ORD-0207995,R-0472,2025-07-29,25.55,web,delivery,completed
ORD-0207996,R-0472,2025-07-05,46.15,app,pickup,completed
ORD-0207997,R-0472,2025-07-31,40.56,web,delivery,COMPLETED
ORD-0207998,R-0472,2025-07-05,51.50,app,delivery,completed
ORD-0207999,R-0472,2025-07-12,47.00,web,pickup,completed
ORD-0208000,R-0472,2025-07-31,43.97,app,delivery,completed
ORD-0208001,R-0472,2025-07-09,10.89,app,delivery,completed
ORD-0208002,R-0472,2025-07-30,41.66,app,delivery,COMPLETED
ORD-0208003,R-0472,2025-07-11,30.52,web,delivery,completed
ORD-0208004,R-0472,2025-07-12,11.67,app,delivery,cancelled
ORD-0208005,R-0472,2025-07-20,58.52,app,pickup,completed
ORD-0208006,R-0472,2025-07-19,23.39,web,delivery,completed
ORD-0208007,R-0472,2025-07-02,30.84,app,delivery,completed
ORD-0208008,R-0472,2025-07-19,30.34,web,pickup,completed
ORD-0208009,R-0472,2025-07-05,24.51,app,delivery,completed
ORD-0208010,R-0472,2025-07-04,34.80,web,delivery,COMPLETED
ORD-0208011,R-0472,2025-07-07,27.77,web,pickup,completed
ORD-0208012,R-0472,2025-07-24,19.98,web,pickup,cancelled
ORD-0208013,R-0472,2025-07-11,52.11,web,delivery,cancelled
ORD-0208014,R-0472,2025-07-02,47.95,web,delivery,REFUNDED
ORD-0208015,R-0472,2025-07-04,24.06,web,pickup,completed
ORD-0208016,R-0472,2025-07-15,19.99,web,delivery,completed
ORD-0208017,R-0472,2025-07-14,9.59,web,delivery,COMPLETED
ORD-0208018,R-0472,2025-07-09,49.44,web,delivery,Completed
ORD-0208019,R-0472,2025-07-25,17.15,web,delivery,completed
ORD-0208020,R-0472,2025-07-05,8.17,app,pickup,completed
ORD-0208021,R-0472,2025-07-04,32.49,app,pickup,completed
ORD-0208022,R-0472,2025-07-25,25.39,app,delivery,completed
ORD-0208023,R-0472,2025-07-23,21.03,web,delivery,completed
ORD-0208024,R-0472,2025-07-11,45.38,web,delivery,completed
ORD-0208025,R-0472,2025-07-11,24.02,app,pickup,Completed
ORD-0208026,R-0472,2025-07-13,19.63,app,delivery,completed
ORD-0208027,R-0472,2025-07-10,37.70,app,delivery,completed
ORD-0208028,R-0472,2025-07-25,29.80,app,delivery,completed
ORD-0208029,R-0472,2025-07-27,51.77,app,delivery,completed
ORD-0208030,R-0472,2025-07-24,28.76,web,delivery,completed
ORD-0208031,R-0472,2025-07-02,32.16,web,delivery,completed
ORD-0208032,R-0472,2025-07-03,36.36,app,delivery,completed
ORD-0208033,R-0472,2025-07-02,32.56,web,delivery,Completed
ORD-0209236,R-0474,2025-07-19,35.21,web,pickup,completed
ORD-0209237,R-0474,2025-07-04,32.86,app,delivery,cancelled
ORD-0209238,R-0474,2025-07-27,67.45,app,delivery,completed
ORD-0209239,R-0474,2025-07-03,62.87,web,delivery,completed
ORD-0209240,R-0474,2025-07-14,50.09,app,pickup,completed
ORD-0209241,R-0474,2025-07-31,39.53,web,pickup,completed
ORD-0209242,R-0474,2025-07-20,28.88,web,delivery,completed
ORD-0209243,R-0474,2025-07-14,54.82,app,pickup,completed
ORD-0209244,R-0474,2025-07-31,35.63,web,pickup,completed
ORD-0209245,R-0474,2025-07-01,48.21,app,delivery,completed
ORD-0209246,R-0474,2025-07-12,46.52,web,pickup,Completed
ORD-0209247,R-0474,2025-07-29,56.62,web,delivery,cancelled
ORD-0209248,R-0474,2025-07-16,44.14,web,delivery,completed
ORD-0209249,R-0474,2025-07-03,39.94,app,pickup,Completed
ORD-0209250,R-0474,2025-07-15,74.19,web,pickup,Completed
ORD-0209251,R-0474,2025-07-04,34.52,web,delivery,completed
ORD-0209252,R-0474,2025-07-12,45.42,app,delivery,completed
ORD-0209253,R-0474,2025-07-20,46.00,web,delivery,completed
ORD-0209254,R-0474,2025-07-12,39.98,app,delivery,completed
ORD-0209255,R-0474,2025-07-06,44.81,app,delivery,completed
ORD-0209256,R-0474,2025-07-05,54.01,app,delivery,COMPLETED
ORD-0209257,R-0474,2025-07-23,52.81,web,pickup,completed
ORD-0209258,R-0474,2025-07-18,40.21,app,pickup,completed
ORD-0209259,R-0474,2025-07-27,35.28,app,pickup,completed
ORD-0209260,R-0474,2025-07-28,61.53,web,pickup,completed
ORD-0209261,R-0474,2025-07-11,36.12,app,pickup,completed
ORD-0209262,R-0474,2025-07-27,41.62,web,delivery,completed
ORD-0209263,R-0474,2025-07-19,32.45,app,pickup,completed
ORD-0209264,R-0474,2025-07-24,46.67,web,delivery,completed
ORD-0209265,R-0474,2025-07-12,43.67,app,pickup,completed
ORD-0209266,R-0474,2025-07-01,46.08,web,pickup,cancelled
ORD-0209267,R-0474,2025-07-06,64.42,web,pickup,completed
ORD-0209268,R-0474,2025-07-30,80.16,web,delivery,refunded
ORD-0209269,R-0474,2025-07-18,30.93,app,delivery,completed
ORD-0209270,R-0474,2025-07-27,45.75,app,delivery,completed
ORD-0209271,R-0474,2025-07-04,56.62,app,pickup,completed
ORD-0209272,R-0474,2025-07-17,38.03,app,pickup,completed
ORD-0209273,R-0474,2025-07-31,44.82,app,pickup,completed
ORD-0209274,R-0474,2025-07-15,34.79,app,delivery,completed
ORD-0209275,R-0474,2025-07-09,35.99,app,pickup,Completed
ORD-0209276,R-0474,2025-07-27,72.98,app,pickup,COMPLETED
ORD-0209277,R-0474,2025-07-06,81.70,app,pickup,completed
ORD-0209278,R-0474,2025-07-04,47.73,app,delivery,completed
ORD-0209279,R-0474,2025-07-07,31.29,web,delivery,completed
ORD-0209280,R-0474,2025-07-17,53.84,web,delivery,completed
ORD-0209281,R-0474,2025-07-23,42.40,app,delivery,completed
ORD-0209282,R-0474,2025-07-28,64.87,web,delivery,completed
ORD-0212176,R-0487,2025-07-05,42.58,web,pickup,completed
ORD-0212177,R-0487,2025-07-05,29.03,app,delivery,completed
ORD-0212178,R-0487,2025-07-25,40.41,app,pickup,completed
ORD-0212179,R-0487,2025-07-16,25.89,web,delivery,completed
ORD-0212180,R-0487,2025-07-13,46.07,web,delivery,completed
ORD-0212181,R-0487,2025-07-31,33.71,web,delivery,completed
ORD-0212182,R-0487,2025-07-18,20.95,app,delivery,completed
ORD-0212183,R-0487,2025-07-25,46.76,web,pickup,completed
ORD-0212184,R-0487,2025-07-18,28.32,web,delivery,completed
ORD-0212185,R-0487,2025-07-05,16.06,app,delivery,completed
ORD-0212186,R-0487,2025-07-23,47.16,web,pickup,completed
ORD-0212187,R-0487,2025-07-25,15.92,app,delivery,completed
ORD-0212188,R-0487,2025-07-29,46.65,app,delivery,Completed
ORD-0212189,R-0487,2025-07-05,27.63,web,pickup,Completed
ORD-0212190,R-0487,2025-07-13,42.37,web,pickup,completed
ORD-0212191,R-0487,2025-07-21,38.81,app,delivery,completed
ORD-0212192,R-0487,2025-07-26,27.35,app,delivery,completed
ORD-0212193,R-0487,2025-07-20,19.15,web,delivery,completed
ORD-0212194,R-0487,2025-07-12,32.61,web,pickup,completed
ORD-0212195,R-0487,2025-07-19,12.80,app,pickup,completed
ORD-0212196,R-0487,2025-07-16,19.99,web,pickup,completed
ORD-0212197,R-0487,2025-07-27,38.38,web,pickup,completed
ORD-0212198,R-0487,2025-07-19,47.21,web,pickup,completed
ORD-0212199,R-0487,2025-07-18,32.18,app,delivery,completed
ORD-0212200,R-0487,2025-07-19,16.66,web,delivery,completed
ORD-0212201,R-0487,2025-07-19,19.99,app,pickup,completed
ORD-0212202,R-0487,2025-07-12,46.97,app,pickup,completed
ORD-0212203,R-0487,2025-07-30,23.70,app,delivery,COMPLETED
ORD-0212204,R-0487,2025-07-27,19.24,web,delivery,cancelled
ORD-0212205,R-0487,2025-07-17,42.01,web,pickup,completed
ORD-0213601,R-0491,2025-07-12,27.42,web,pickup,completed
ORD-0213602,R-0491,2025-07-13,33.95,app,delivery,completed
ORD-0213603,R-0491,2025-07-01,19.52,app,delivery,completed
ORD-0213604,R-0491,2025-07-24,21.14,app,pickup,completed
ORD-0213605,R-0491,2025-07-18,32.41,web,pickup,completed
ORD-0213606,R-0491,2025-07-05,25.31,web,pickup,completed
ORD-0213607,R-0491,2025-07-25,19.64,app,pickup,completed
ORD-0213608,R-0491,2025-07-25,22.57,app,pickup,completed
ORD-0213609,R-0491,2025-07-30,25.23,app,pickup,completed
ORD-0213610,R-0491,2025-07-06,30.59,app,pickup,COMPLETED
ORD-0213611,R-0491,2025-07-19,21.65,app,pickup,completed
ORD-0213612,R-0491,2025-07-05,22.26,app,pickup,completed
ORD-0213613,R-0491,2025-07-03,18.81,app,pickup,completed
ORD-0213614,R-0491,2025-07-27,32.38,web,pickup,completed
ORD-0213615,R-0491,2025-07-16,20.65,web,pickup,completed
ORD-0213616,R-0491,2025-07-05,29.55,app,pickup,completed
ORD-0213617,R-0491,2025-07-03,34.03,web,pickup,completed
ORD-0213618,R-0491,2025-07-04,28.51,web,pickup,completed
ORD-0213619,R-0491,2025-07-22,32.89,app,pickup,Completed
ORD-0213620,R-0491,2025-07-03,21.16,app,pickup,completed
ORD-0213621,R-0491,2025-07-07,35.86,web,delivery,completed
ORD-0213622,R-0491,2025-07-26,24.27,web,pickup,completed
ORD-0213623,R-0491,2025-07-20,22.38,app,pickup,Completed
ORD-0213624,R-0491,2025-07-04,29.05,app,delivery,Completed
ORD-0213625,R-0491,2025-07-30,16.71,app,pickup,completed
ORD-0213626,R-0491,2025-07-26,37.10,web,pickup,completed
ORD-0213627,R-0491,2025-07-09,35.00,app,delivery,completed
ORD-0213628,R-0491,2025-07-15,26.96,app,delivery,completed
ORD-0213629,R-0491,2025-07-26,28.22,app,pickup,completed
ORD-0213630,R-0491,2025-07-10,23.45,app,pickup,completed
ORD-0213631,R-0491,2025-07-04,27.03,web,pickup,completed
ORD-0213632,R-0491,2025-07-22,23.58,app,pickup,completed
ORD-0213633,R-0491,2025-07-18,29.22,app,pickup,completed
ORD-0213634,R-0491,2025-07-12,41.19,web,pickup,completed
ORD-0213635,R-0491,2025-07-24,17.70,web,pickup,completed
ORD-0213636,R-0491,2025-07-11,32.18,app,pickup,completed
ORD-0213637,R-0491,2025-07-04,11.71,web,pickup,cancelled
ORD-0215070,R-0495,2025-07-14,49.41,app,delivery,Completed
ORD-0215071,R-0495,2025-07-02,49.72,app,pickup,completed
ORD-0215072,R-0495,2025-07-14,32.22,web,delivery,completed
ORD-0215073,R-0495,2025-07-12,50.67,app,pickup,completed
ORD-0215074,R-0495,2025-07-08,74.63,web,pickup,completed
ORD-0215075,R-0495,2025-07-22,45.04,app,delivery,completed
ORD-0215076,R-0495,2025-07-27,72.64,web,delivery,Completed
ORD-0215077,R-0495,2025-07-20,44.06,app,delivery,completed
ORD-0215078,R-0495,2025-07-09,51.52,app,delivery,completed
ORD-0215079,R-0495,2025-07-18,53.63,app,pickup,completed
ORD-0215080,R-0495,2025-07-11,49.21,web,delivery,completed
ORD-0215081,R-0495,2025-07-25,71.33,web,pickup,completed
ORD-0215082,R-0495,2025-07-27,68.62,web,pickup,COMPLETED
ORD-0215083,R-0495,2025-07-19,71.92,app,delivery,completed
ORD-0215084,R-0495,2025-07-12,40.79,app,pickup,completed
ORD-0215085,R-0495,2025-07-10,50.83,app,pickup,Completed
ORD-0215086,R-0495,2025-07-10,45.11,app,pickup,COMPLETED
ORD-0215087,R-0495,2025-07-05,61.17,app,delivery,completed
ORD-0215088,R-0495,2025-07-13,57.12,app,pickup,completed
ORD-0215089,R-0495,2025-07-26,52.78,app,delivery,completed
ORD-0215090,R-0495,2025-07-25,48.10,app,pickup,completed
ORD-0215091,R-0495,2025-07-19,102.21,app,pickup,completed
ORD-0215092,R-0495,2025-07-18,45.43,web,pickup,completed
ORD-0215093,R-0495,2025-07-13,71.04,app,delivery,completed
ORD-0215094,R-0495,2025-07-12,51.88,web,pickup,completed
ORD-0215095,R-0495,2025-07-26,65.07,app,pickup,completed
ORD-0215096,R-0495,2025-07-07,63.95,app,delivery,completed
ORD-0215097,R-0495,2025-07-04,40.00,web,pickup,completed
ORD-0215098,R-0495,2025-07-03,43.70,app,pickup,COMPLETED
ORD-0215099,R-0495,2025-07-05,53.38,app,pickup,completed
ORD-0215100,R-0495,2025-07-16,65.54,app,pickup,completed
ORD-0215101,R-0495,2025-07-26,59.35,app,pickup,completed
ORD-0215102,R-0495,2025-07-25,49.13,app,pickup,completed
ORD-0215103,R-0495,2025-07-04,69.76,web,pickup,completed
ORD-0215104,R-0495,2025-07-24,52.35,app,delivery,completed
ORD-0215105,R-0495,2025-07-14,40.21,app,pickup,completed
ORD-0215106,R-0495,2025-07-31,63.61,app,pickup,COMPLETED
ORD-0215107,R-0495,2025-07-25,79.80,app,pickup,completed
ORD-0218940,R-0510,2025-07-10,30.17,web,delivery,completed
ORD-0218941,R-0510,2025-07-19,57.03,web,delivery,completed
ORD-0218942,R-0510,2025-07-02,121.35,web,delivery,COMPLETED
ORD-0218943,R-0510,2025-07-17,67.66,web,delivery,completed
ORD-0218944,R-0510,2025-07-05,48.34,app,delivery,completed
ORD-0218945,R-0510,2025-07-19,73.80,app,delivery,COMPLETED
ORD-0218946,R-0510,2025-07-25,73.23,web,delivery,completed
ORD-0218947,R-0510,2025-07-07,50.26,web,delivery,completed
ORD-0218948,R-0510,2025-07-26,63.65,web,delivery,Completed
ORD-0218949,R-0510,2025-07-07,75.27,web,pickup,completed
ORD-0219697,R-0513,2025-07-08,16.38,app,pickup,completed
ORD-0219698,R-0513,2025-07-02,21.14,app,delivery,COMPLETED
ORD-0219699,R-0513,2025-07-22,18.43,app,delivery,completed
ORD-0219700,R-0513,2025-07-12,17.17,app,delivery,completed
ORD-0219701,R-0513,2025-07-24,18.60,web,pickup,completed
ORD-0219702,R-0513,2025-07-30,33.99,app,delivery,completed
ORD-0219703,R-0513,2025-07-05,31.61,app,delivery,completed
ORD-0219704,R-0513,2025-07-03,22.26,app,delivery,completed
ORD-0219705,R-0513,2025-07-12,26.19,web,delivery,completed
ORD-0219706,R-0513,2025-07-04,28.12,app,delivery,completed
ORD-0219707,R-0513,2025-07-01,26.11,app,delivery,completed
ORD-0219708,R-0513,2025-07-21,24.73,app,delivery,completed
ORD-0219709,R-0513,2025-07-16,21.80,web,pickup,completed
ORD-0219710,R-0513,2025-07-17,26.32,web,delivery,completed
ORD-0219711,R-0513,2025-07-04,24.87,app,delivery,completed
ORD-0219712,R-0513,2025-07-04,36.07,web,delivery,completed
ORD-0219713,R-0513,2025-07-27,47.29,app,pickup,cancelled
ORD-0219714,R-0513,2025-07-08,25.88,web,delivery,completed
ORD-0219715,R-0513,2025-07-02,36.98,web,delivery,COMPLETED
ORD-0219716,R-0513,2025-07-22,17.14,app,pickup,completed
ORD-0219717,R-0513,2025-07-14,14.50,app,delivery,completed
ORD-0219718,R-0513,2025-07-07,23.65,app,delivery,completed
ORD-0219719,R-0513,2025-07-02,27.41,app,delivery,completed
ORD-0219720,R-0513,2025-07-02,27.31,app,pickup,completed
ORD-0219721,R-0513,2025-07-09,22.48,web,pickup,completed
ORD-0219722,R-0513,2025-07-21,33.80,app,delivery,completed
ORD-0219723,R-0513,2025-07-16,25.15,app,delivery,completed
ORD-0219724,R-0513,2025-07-04,30.63,web,delivery,completed
ORD-0219725,R-0513,2025-07-07,26.98,app,delivery,completed
ORD-0219726,R-0513,2025-07-02,24.47,web,pickup,completed
ORD-0219727,R-0513,2025-07-19,24.03,app,pickup,completed
ORD-0219728,R-0513,2025-07-29,25.54,app,pickup,completed
ORD-0219729,R-0513,2025-07-19,21.04,app,delivery,completed
ORD-0219730,R-0513,2025-07-11,24.89,web,delivery,completed
ORD-0219731,R-0513,2025-07-25,22.39,app,pickup,Completed
ORD-0219732,R-0513,2025-07-17,19.51,app,delivery,completed
ORD-0219733,R-0513,2025-07-06,38.22,app,pickup,completed
ORD-0219734,R-0513,2025-07-04,42.35,web,delivery,completed
ORD-0219735,R-0513,2025-07-26,40.50,web,delivery,completed
ORD-0219736,R-0513,2025-07-24,21.97,app,delivery,completed
ORD-0219737,R-0513,2025-07-04,24.12,app,pickup,Completed
ORD-0219738,R-0513,2025-07-02,40.83,web,pickup,completed
ORD-0219739,R-0513,2025-07-12,28.24,web,pickup,completed
ORD-0219740,R-0513,2025-07-25,15.48,app,delivery,COMPLETED
ORD-0219741,R-0513,2025-07-17,38.21,app,delivery,completed
ORD-0219742,R-0513,2025-07-11,16.10,web,delivery,completed
ORD-0219743,R-0513,2025-07-06,24.17,app,delivery,completed
ORD-0219744,R-0513,2025-07-31,17.17,web,delivery,completed
ORD-0219745,R-0513,2025-07-25,29.50,app,delivery,completed
ORD-0219746,R-0513,2025-07-04,22.38,web,delivery,completed
ORD-0219747,R-0513,2025-07-15,31.27,app,pickup,completed
ORD-0219748,R-0513,2025-07-02,23.96,web,pickup,completed
ORD-0219749,R-0513,2025-07-17,20.14,app,delivery,Completed
ORD-0219750,R-0513,2025-07-12,20.61,web,delivery,completed
ORD-0219751,R-0513,2025-07-12,23.62,web,delivery,completed
ORD-0219752,R-0513,2025-07-07,23.92,app,delivery,completed
ORD-0219753,R-0513,2025-07-08,18.33,web,pickup,completed
ORD-0219754,R-0513,2025-07-20,19.42,app,pickup,completed
ORD-0219755,R-0513,2025-07-27,27.36,app,delivery,completed
ORD-0219756,R-0513,2025-07-02,17.90,app,delivery,completed
ORD-0219757,R-0513,2025-07-24,34.30,app,delivery,completed
ORD-0219758,R-0513,2025-07-15,29.53,web,delivery,completed
ORD-0219759,R-0513,2025-07-09,9.59,app,pickup,completed
ORD-0219760,R-0513,2025-07-11,18.41,app,delivery,completed
ORD-0219761,R-0513,2025-07-19,29.22,app,delivery,completed
ORD-0219762,R-0513,2025-07-13,24.15,app,pickup,completed
ORD-0219763,R-0513,2025-07-01,23.13,web,pickup,completed
ORD-0219764,R-0513,2025-07-14,20.09,app,delivery,Completed
ORD-0219765,R-0513,2025-07-15,25.83,web,delivery,completed
ORD-0219766,R-0513,2025-07-27,24.01,web,pickup,completed
ORD-0219767,R-0513,2025-07-24,15.06,app,delivery,completed
ORD-0219768,R-0513,2025-07-12,22.46,app,pickup,completed
ORD-0219769,R-0513,2025-07-16,15.84,app,pickup,refunded
ORD-0219770,R-0513,2025-07-12,23.24,app,delivery,completed
ORD-0219771,R-0513,2025-07-11,20.59,app,delivery,completed
ORD-0219772,R-0513,2025-07-12,23.40,web,delivery,completed
ORD-0219773,R-0513,2025-07-21,24.25,web,pickup,COMPLETED
ORD-0219774,R-0513,2025-07-25,17.98,app,pickup,completed
ORD-0219775,R-0513,2025-07-22,25.70,app,delivery,completed
ORD-0219776,R-0513,2025-07-16,22.70,web,delivery,completed
ORD-0219777,R-0513,2025-07-14,22.80,web,delivery,completed
ORD-0222527,R-0519,2025-07-15,17.41,app,delivery,completed
ORD-0222528,R-0519,2025-07-24,24.59,app,delivery,completed
ORD-0222529,R-0519,2025-07-06,14.14,app,pickup,completed
ORD-0222530,R-0519,2025-07-26,22.77,app,pickup,completed
ORD-0222531,R-0519,2025-07-17,9.89,app,delivery,completed
ORD-0222532,R-0519,2025-07-06,17.37,web,delivery,completed
ORD-0222533,R-0519,2025-07-17,13.95,app,delivery,completed
ORD-0222534,R-0519,2025-07-12,15.18,app,delivery,completed
ORD-0222535,R-0519,2025-07-22,18.41,app,pickup,completed
ORD-0222536,R-0519,2025-07-15,28.69,web,delivery,completed
ORD-0222537,R-0519,2025-07-27,19.55,app,delivery,completed
ORD-0222538,R-0519,2025-07-05,13.95,app,delivery,completed
ORD-0222539,R-0519,2025-07-13,17.08,app,delivery,COMPLETED
ORD-0222540,R-0519,2025-07-11,12.36,app,delivery,completed
ORD-0222541,R-0519,2025-07-30,12.98,web,pickup,completed
ORD-0222542,R-0519,2025-07-12,13.12,app,delivery,CANCELLED
ORD-0222543,R-0519,2025-07-26,19.81,web,delivery,completed
ORD-0222544,R-0519,2025-07-18,19.11,web,delivery,completed
ORD-0222545,R-0519,2025-07-03,12.68,app,delivery,completed
ORD-0222546,R-0519,2025-07-05,20.83,app,pickup,completed
ORD-0222547,R-0519,2025-07-15,12.90,app,delivery,completed
ORD-0222548,R-0519,2025-07-11,20.51,app,delivery,completed
ORD-0222549,R-0519,2025-07-06,16.86,web,delivery,completed
ORD-0222550,R-0519,2025-07-18,11.98,app,delivery,completed
ORD-0222551,R-0519,2025-07-31,27.01,app,delivery,cancelled
ORD-0222552,R-0519,2025-07-05,17.77,app,delivery,completed
ORD-0222553,R-0519,2025-07-26,27.46,app,pickup,completed
ORD-0222554,R-0519,2025-07-06,17.27,app,delivery,Completed
ORD-0222555,R-0519,2025-07-01,13.40,app,delivery,completed
ORD-0222556,R-0519,2025-07-06,11.13,app,delivery,completed
ORD-0222557,R-0519,2025-07-25,20.65,app,delivery,completed
ORD-0222558,R-0519,2025-07-18,27.68,web,delivery,completed
ORD-0222559,R-0519,2025-07-02,14.12,app,delivery,Completed
ORD-0222560,R-0519,2025-07-09,23.87,web,pickup,Completed
ORD-0222561,R-0519,2025-07-20,15.42,web,delivery,completed
ORD-0222562,R-0519,2025-07-26,20.76,web,delivery,completed
ORD-0222563,R-0519,2025-07-15,15.74,web,delivery,completed
ORD-0222564,R-0519,2025-07-10,16.77,app,pickup,completed
ORD-0222565,R-0519,2025-07-12,15.91,app,delivery,completed
ORD-0222566,R-0519,2025-07-15,31.53,app,delivery,cancelled
ORD-0222567,R-0519,2025-07-04,18.69,web,pickup,cancelled
ORD-0222568,R-0519,2025-07-05,12.47,web,delivery,completed
ORD-0222569,R-0519,2025-07-22,12.18,app,delivery,completed
ORD-0222570,R-0519,2025-07-07,17.53,app,delivery,completed
ORD-0222571,R-0519,2025-07-26,16.46,app,delivery,completed
ORD-0224399,R-0523,2025-07-19,23.88,web,pickup,Completed
ORD-0224400,R-0523,2025-07-21,28.33,app,delivery,completed
ORD-0224401,R-0523,2025-07-15,27.63,app,delivery,completed
ORD-0224402,R-0523,2025-07-05,21.36,app,pickup,completed
ORD-0224403,R-0523,2025-07-16,32.07,web,delivery,completed
ORD-0224404,R-0523,2025-07-02,28.71,web,pickup,cancelled
ORD-0224405,R-0523,2025-07-03,34.28,app,delivery,completed
ORD-0224406,R-0523,2025-07-09,26.17,app,delivery,completed
ORD-0224407,R-0523,2025-07-01,23.30,app,delivery,completed
ORD-0224408,R-0523,2025-07-20,46.85,app,pickup,completed
ORD-0224409,R-0523,2025-07-22,26.80,app,delivery,completed
ORD-0224410,R-0523,2025-07-20,22.87,app,pickup,completed
ORD-0224411,R-0523,2025-07-10,44.04,web,pickup,refunded
ORD-0224412,R-0523,2025-07-20,37.68,app,pickup,completed
ORD-0224413,R-0523,2025-07-13,24.55,app,pickup,completed
ORD-0224414,R-0523,2025-07-15,37.42,web,delivery,completed
ORD-0224415,R-0523,2025-07-13,20.87,app,delivery,completed
ORD-0224416,R-0523,2025-07-30,19.69,app,pickup,completed
ORD-0224417,R-0523,2025-07-26,24.66,app,delivery,completed
ORD-0224418,R-0523,2025-07-04,26.00,web,delivery,completed
ORD-0224419,R-0523,2025-07-09,22.87,web,delivery,completed
ORD-0224420,R-0523,2025-07-03,24.35,app,pickup,Completed
ORD-0224421,R-0523,2025-07-30,24.76,app,pickup,completed
ORD-0224422,R-0523,2025-07-18,16.30,app,delivery,completed
ORD-0224423,R-0523,2025-07-05,27.67,web,pickup,completed
ORD-0224424,R-0523,2025-07-23,16.61,web,delivery,completed
ORD-0224425,R-0523,2025-07-19,42.28,app,delivery,completed
ORD-0224426,R-0523,2025-07-06,23.52,web,pickup,completed
ORD-0224427,R-0523,2025-07-15,13.12,app,delivery,completed
ORD-0224428,R-0523,2025-07-06,29.75,web,pickup,COMPLETED
ORD-0224429,R-0523,2025-07-26,17.82,web,delivery,completed
ORD-0224430,R-0523,2025-07-26,20.02,web,delivery,completed
ORD-0224431,R-0523,2025-07-04,27.31,web,pickup,COMPLETED
ORD-0224432,R-0523,2025-07-12,17.48,app,pickup,completed
ORD-0224433,R-0523,2025-07-16,20.91,app,delivery,completed
ORD-0224434,R-0523,2025-07-05,18.04,web,pickup,COMPLETED
ORD-0225043,R-0525,2025-07-24,35.12,web,pickup,completed
ORD-0225044,R-0525,2025-07-14,24.41,web,delivery,completed
ORD-0225045,R-0525,2025-07-16,27.61,app,delivery,Completed
ORD-0225046,R-0525,2025-07-12,31.60,app,delivery,completed
ORD-0225047,R-0525,2025-07-12,13.79,web,delivery,completed
ORD-0225048,R-0525,2025-07-19,36.82,web,pickup,refunded
ORD-0225049,R-0525,2025-07-22,26.88,web,pickup,completed
ORD-0225050,R-0525,2025-07-07,22.74,app,delivery,completed
ORD-0225051,R-0525,2025-07-13,29.21,app,delivery,completed
ORD-0225052,R-0525,2025-07-13,27.25,web,pickup,completed
ORD-0225053,R-0525,2025-07-05,30.96,web,pickup,completed
ORD-0225054,R-0525,2025-07-31,52.38,app,delivery,COMPLETED
ORD-0225055,R-0525,2025-07-26,25.63,web,pickup,completed
ORD-0225056,R-0525,2025-07-08,19.05,app,pickup,completed
ORD-0225057,R-0525,2025-07-04,28.47,web,pickup,completed
ORD-0225058,R-0525,2025-07-16,37.59,web,delivery,completed
ORD-0225059,R-0525,2025-07-05,37.37,app,delivery,completed
ORD-0225060,R-0525,2025-07-17,32.84,app,pickup,completed
ORD-0225061,R-0525,2025-07-06,18.29,web,delivery,completed
ORD-0225062,R-0525,2025-07-08,17.97,web,delivery,completed
ORD-0225063,R-0525,2025-07-24,20.47,app,delivery,completed
ORD-0225064,R-0525,2025-07-12,27.86,app,delivery,cancelled
ORD-0225065,R-0525,2025-07-08,28.27,web,delivery,completed
ORD-0225066,R-0525,2025-07-21,14.99,web,delivery,completed
ORD-0225067,R-0525,2025-07-06,24.54,app,pickup,completed
ORD-0225068,R-0525,2025-07-05,35.44,app,pickup,completed
ORD-0225069,R-0525,2025-07-13,17.52,web,delivery,completed
ORD-0225070,R-0525,2025-07-25,57.72,web,delivery,completed
ORD-0225071,R-0525,2025-07-31,29.57,web,pickup,COMPLETED
ORD-0225072,R-0525,2025-07-13,14.12,app,pickup,cancelled
ORD-0225073,R-0525,2025-07-25,29.99,web,delivery,refunded
ORD-0225074,R-0525,2025-07-18,51.44,web,delivery,completed
ORD-0225075,R-0525,2025-07-18,28.04,app,delivery,completed
ORD-0225076,R-0525,2025-07-27,25.06,app,delivery,completed
ORD-0225077,R-0525,2025-07-02,15.00,web,pickup,completed
ORD-0225078,R-0525,2025-07-16,24.10,web,pickup,completed
ORD-0225079,R-0525,2025-07-18,12.03,web,delivery,completed
ORD-0225080,R-0525,2025-07-19,25.20,app,pickup,completed
ORD-0225081,R-0525,2025-07-22,39.92,web,delivery,completed
ORD-0225082,R-0525,2025-07-10,21.83,app,pickup,completed
ORD-0225083,R-0525,2025-07-25,32.03,app,delivery,completed
ORD-0225084,R-0525,2025-07-14,7.20,app,delivery,completed
ORD-0225085,R-0525,2025-07-17,14.01,app,delivery,completed
ORD-0225086,R-0525,2025-07-11,40.68,web,pickup,completed
ORD-0225087,R-0525,2025-07-12,28.57,web,pickup,COMPLETED
ORD-0225088,R-0525,2025-07-17,36.56,app,pickup,completed
ORD-0225089,R-0525,2025-07-05,34.90,app,delivery,completed
ORD-0225090,R-0525,2025-07-27,15.14,app,pickup,completed
ORD-0225091,R-0525,2025-07-26,50.44,web,delivery,completed
ORD-0225092,R-0525,2025-07-26,26.38,web,delivery,completed
ORD-0225093,R-0525,2025-07-17,19.19,app,delivery,cancelled
ORD-0225094,R-0525,2025-07-01,23.08,app,pickup,completed
ORD-0225095,R-0525,2025-07-18,26.39,web,delivery,completed
ORD-0225096,R-0525,2025-07-16,21.11,web,delivery,completed
ORD-0225097,R-0525,2025-07-05,27.99,app,delivery,completed
ORD-0225098,R-0525,2025-07-22,18.19,web,delivery,completed
ORD-0225099,R-0525,2025-07-28,37.03,app,pickup,completed
ORD-0225100,R-0525,2025-07-18,19.73,web,pickup,completed
ORD-0225101,R-0525,2025-07-21,56.81,web,pickup,COMPLETED
ORD-0225102,R-0525,2025-07-17,18.45,web,delivery,completed
ORD-0225103,R-0525,2025-07-28,18.19,app,pickup,completed
ORD-0225104,R-0525,2025-07-31,19.88,web,pickup,completed
ORD-0225105,R-0525,2025-07-06,19.00,web,delivery,completed
ORD-0225106,R-0525,2025-07-04,23.75,web,delivery,COMPLETED
ORD-0225107,R-0525,2025-07-14,32.45,app,pickup,completed
ORD-0225108,R-0525,2025-07-23,26.61,app,delivery,completed
ORD-0225109,R-0525,2025-07-10,41.93,web,delivery,completed
ORD-0225110,R-0525,2025-07-26,23.92,app,delivery,completed
ORD-0225111,R-0525,2025-07-05,33.97,app,delivery,completed
ORD-0225112,R-0525,2025-07-29,47.02,web,pickup,Completed
ORD-0225113,R-0525,2025-07-19,40.68,app,delivery,completed
ORD-0225114,R-0525,2025-07-19,21.96,app,pickup,completed
ORD-0225115,R-0525,2025-07-16,34.78,web,pickup,completed
ORD-0225116,R-0525,2025-07-04,19.99,app,delivery,completed
ORD-0225117,R-0525,2025-07-04,51.70,app,pickup,Completed
ORD-0225118,R-0525,2025-07-19,28.64,web,delivery,completed
ORD-0225119,R-0525,2025-07-04,31.48,app,delivery,completed
ORD-0225120,R-0525,2025-07-28,20.08,web,delivery,completed
ORD-0225121,R-0525,2025-07-31,19.13,web,delivery,completed
ORD-0225122,R-0525,2025-07-07,27.21,web,delivery,completed
ORD-0225123,R-0525,2025-07-08,14.05,web,delivery,completed
ORD-0225124,R-0525,2025-07-28,10.83,app,pickup,completed
ORD-0225125,R-0525,2025-07-20,38.87,app,delivery,completed
ORD-0225126,R-0525,2025-07-27,22.00,app,delivery,completed
ORD-0225127,R-0525,2025-07-16,14.46,web,delivery,completed
ORD-0225128,R-0525,2025-07-14,24.53,web,delivery,completed
ORD-0225129,R-0525,2025-07-28,15.76,web,pickup,completed
ORD-0225130,R-0525,2025-07-30,36.48,web,delivery,completed
ORD-0226025,R-0526,2025-07-17,29.11,app,delivery,completed
ORD-0226026,R-0526,2025-07-12,35.02,app,delivery,completed
ORD-0226027,R-0526,2025-07-28,21.02,web,delivery,completed
ORD-0226028,R-0526,2025-07-11,18.78,app,delivery,completed
ORD-0226029,R-0526,2025-07-12,21.01,web,delivery,completed
ORD-0226030,R-0526,2025-07-13,49.31,web,delivery,completed
ORD-0226031,R-0526,2025-07-12,33.68,web,delivery,completed
ORD-0226032,R-0526,2025-07-28,24.51,web,delivery,completed
ORD-0226033,R-0526,2025-07-18,25.02,app,delivery,completed
ORD-0226034,R-0526,2025-07-06,26.43,app,delivery,refunded
ORD-0226035,R-0526,2025-07-11,44.66,app,pickup,completed
ORD-0226036,R-0526,2025-07-18,55.42,web,pickup,COMPLETED
ORD-0226037,R-0526,2025-07-26,20.56,app,pickup,completed
ORD-0226038,R-0526,2025-07-10,34.14,app,pickup,completed
ORD-0226039,R-0526,2025-07-23,26.28,web,pickup,completed
ORD-0226040,R-0526,2025-07-20,20.04,app,delivery,completed
ORD-0226041,R-0526,2025-07-21,26.85,app,delivery,completed
ORD-0226042,R-0526,2025-07-26,26.87,app,delivery,completed
ORD-0226043,R-0526,2025-07-14,18.08,app,pickup,completed
ORD-0226044,R-0526,2025-07-07,19.98,app,delivery,completed
ORD-0226045,R-0526,2025-07-05,16.74,app,delivery,completed
ORD-0226046,R-0526,2025-07-25,30.77,web,delivery,completed
ORD-0226047,R-0526,2025-07-20,22.94,app,pickup,completed
ORD-0226048,R-0526,2025-07-24,21.98,web,pickup,completed
ORD-0226049,R-0526,2025-07-12,23.62,web,delivery,completed
ORD-0226050,R-0526,2025-07-11,41.54,app,delivery,cancelled
ORD-0226051,R-0526,2025-07-19,28.59,web,pickup,completed
ORD-0226052,R-0526,2025-07-31,20.87,app,delivery,completed
ORD-0226053,R-0526,2025-07-23,21.90,app,pickup,completed
ORD-0226054,R-0526,2025-07-04,37.20,web,delivery,completed
ORD-0226055,R-0526,2025-07-29,44.79,web,delivery,completed
ORD-0226056,R-0526,2025-07-28,30.66,web,pickup,completed
ORD-0226057,R-0526,2025-07-08,20.43,app,pickup,completed
ORD-0226058,R-0526,2025-07-18,25.84,web,delivery,completed
ORD-0226059,R-0526,2025-07-26,16.02,app,delivery,completed
ORD-0226060,R-0526,2025-07-19,19.70,app,pickup,completed
ORD-0226061,R-0526,2025-07-20,27.63,web,delivery,COMPLETED
ORD-0226062,R-0526,2025-07-06,21.43,web,delivery,completed
ORD-0226063,R-0526,2025-07-27,25.34,web,pickup,completed
ORD-0226064,R-0526,2025-07-04,24.55,app,delivery,completed
ORD-0226065,R-0526,2025-07-30,27.65,web,delivery,completed
ORD-0226066,R-0526,2025-07-13,22.95,app,pickup,COMPLETED
ORD-0227601,R-0531,2025-07-12,32.65,web,pickup,completed
ORD-0227602,R-0531,2025-07-06,25.42,web,delivery,cancelled
ORD-0227603,R-0531,2025-07-09,35.78,app,delivery,completed
ORD-0227604,R-0531,2025-07-26,47.31,web,delivery,completed
ORD-0227605,R-0531,2025-07-13,33.53,web,pickup,completed
ORD-0227606,R-0531,2025-07-05,40.54,web,delivery,completed
ORD-0227607,R-0531,2025-07-17,21.96,web,delivery,completed
ORD-0227608,R-0531,2025-07-05,19.84,web,delivery,completed
ORD-0227609,R-0531,2025-07-18,51.36,web,delivery,completed
ORD-0227610,R-0531,2025-07-12,24.29,web,delivery,Completed
ORD-0227611,R-0531,2025-07-01,27.79,app,delivery,completed
ORD-0227612,R-0531,2025-07-14,26.32,web,pickup,completed
ORD-0227613,R-0531,2025-07-25,47.02,web,delivery,completed
ORD-0227614,R-0531,2025-07-25,14.88,web,delivery,completed
ORD-0227615,R-0531,2025-07-19,54.76,web,delivery,completed
ORD-0227616,R-0531,2025-07-05,31.05,web,delivery,completed
ORD-0227617,R-0531,2025-07-24,33.02,app,pickup,COMPLETED
ORD-0227618,R-0531,2025-07-05,38.31,web,pickup,completed
ORD-0227619,R-0531,2025-07-16,30.47,web,delivery,COMPLETED
ORD-0228015,R-0533,2025-07-23,54.00,app,pickup,completed
ORD-0228016,R-0533,2025-07-31,20.95,app,delivery,completed
ORD-0228017,R-0533,2025-07-26,16.43,web,delivery,completed
ORD-0228018,R-0533,2025-07-25,38.44,web,delivery,completed
ORD-0228019,R-0533,2025-07-27,28.78,web,delivery,completed
ORD-0228020,R-0533,2025-07-26,20.45,web,delivery,completed
ORD-0228021,R-0533,2025-07-24,10.65,app,delivery,COMPLETED
ORD-0228022,R-0533,2025-07-26,28.58,app,delivery,completed
ORD-0228023,R-0533,2025-07-28,17.54,app,delivery,completed
ORD-0228024,R-0533,2025-07-21,18.42,web,delivery,completed
ORD-0228025,R-0533,2025-07-29,18.89,web,delivery,Completed
ORD-0228026,R-0533,2025-07-27,16.75,app,pickup,completed
ORD-0229741,R-0536,2025-07-02,11.93,app,delivery,completed
ORD-0229742,R-0536,2025-07-26,12.84,web,pickup,COMPLETED
ORD-0229743,R-0536,2025-07-18,29.19,app,delivery,COMPLETED
ORD-0229744,R-0536,2025-07-25,18.04,app,pickup,COMPLETED
ORD-0229745,R-0536,2025-07-11,17.23,app,delivery,completed
ORD-0229746,R-0536,2025-07-28,29.85,web,delivery,completed
ORD-0229747,R-0536,2025-07-13,18.21,app,delivery,completed
ORD-0229748,R-0536,2025-07-11,24.88,app,delivery,completed
ORD-0229749,R-0536,2025-07-16,22.01,app,delivery,completed
ORD-0229750,R-0536,2025-07-08,17.25,app,delivery,cancelled
ORD-0229751,R-0536,2025-07-25,26.47,web,delivery,completed
ORD-0229752,R-0536,2025-07-10,17.40,app,delivery,refunded
ORD-0229753,R-0536,2025-07-18,21.71,app,delivery,Completed
ORD-0229754,R-0536,2025-07-25,31.90,web,delivery,COMPLETED
ORD-0229755,R-0536,2025-07-19,27.23,app,delivery,completed
ORD-0229756,R-0536,2025-07-25,25.73,web,pickup,Completed
ORD-0229757,R-0536,2025-07-20,23.17,web,delivery,completed
ORD-0229758,R-0536,2025-07-15,32.54,app,delivery,refunded
ORD-0229759,R-0536,2025-07-19,32.71,app,delivery,completed
ORD-0229760,R-0536,2025-07-12,24.17,app,delivery,completed
ORD-0229761,R-0536,2025-07-13,41.69,app,delivery,completed
ORD-0229762,R-0536,2025-07-18,28.07,app,delivery,completed
ORD-0229763,R-0536,2025-07-04,18.45,web,pickup,completed
ORD-0229764,R-0536,2025-07-22,31.55,web,delivery,Completed
ORD-0229765,R-0536,2025-07-27,45.45,app,delivery,completed
ORD-0229766,R-0536,2025-07-08,23.76,web,delivery,completed
ORD-0229767,R-0536,2025-07-13,34.19,web,pickup,completed
ORD-0229768,R-0536,2025-07-21,16.51,app,delivery,completed
ORD-0229769,R-0536,2025-07-23,16.07,web,delivery,Completed
ORD-0229770,R-0536,2025-07-01,11.39,app,delivery,refunded
ORD-0229771,R-0536,2025-07-06,20.60,web,delivery,completed
ORD-0230669,R-0538,2025-07-07,21.05,web,pickup,completed
ORD-0230670,R-0538,2025-07-16,35.37,app,pickup,Completed
ORD-0230671,R-0538,2025-07-09,29.14,web,delivery,completed
ORD-0230672,R-0538,2025-07-06,51.04,web,pickup,completed
ORD-0230673,R-0538,2025-07-30,22.44,app,pickup,completed
ORD-0230674,R-0538,2025-07-14,36.98,app,pickup,completed
ORD-0230675,R-0538,2025-07-04,23.85,web,delivery,completed
ORD-0230676,R-0538,2025-07-13,27.07,app,delivery,completed
ORD-0230677,R-0538,2025-07-06,17.25,app,pickup,completed
ORD-0230678,R-0538,2025-07-17,42.20,web,delivery,completed
ORD-0230679,R-0538,2025-07-17,26.38,app,pickup,completed
ORD-0230680,R-0538,2025-07-26,21.59,web,delivery,completed
ORD-0230681,R-0538,2025-07-11,38.68,web,pickup,completed
ORD-0230682,R-0538,2025-07-02,22.10,app,delivery,completed
ORD-0230683,R-0538,2025-07-18,22.53,app,pickup,completed
ORD-0230684,R-0538,2025-07-17,20.61,app,delivery,COMPLETED
ORD-0230685,R-0538,2025-07-04,42.14,app,delivery,completed
ORD-0230686,R-0538,2025-07-11,46.23,app,pickup,completed
ORD-0230687,R-0538,2025-07-28,33.55,web,delivery,completed
ORD-0230688,R-0538,2025-07-12,30.71,app,pickup,completed
ORD-0230689,R-0538,2025-07-29,18.45,web,pickup,completed
ORD-0230690,R-0538,2025-07-10,21.96,web,delivery,completed
ORD-0230691,R-0538,2025-07-09,23.67,web,delivery,completed
ORD-0230692,R-0538,2025-07-09,21.00,web,delivery,COMPLETED
ORD-0230693,R-0538,2025-07-05,31.76,web,pickup,completed
ORD-0230694,R-0538,2025-07-31,31.27,app,delivery,completed
ORD-0230695,R-0538,2025-07-28,14.10,web,pickup,completed
ORD-0230696,R-0538,2025-07-14,26.07,app,pickup,completed
ORD-0230697,R-0538,2025-07-13,26.29,app,pickup,completed
ORD-0230698,R-0538,2025-07-30,18.24,app,delivery,completed
ORD-0230699,R-0538,2025-07-12,24.55,web,pickup,refunded
ORD-0230700,R-0538,2025-07-05,55.24,app,pickup,COMPLETED
ORD-0230701,R-0538,2025-07-06,27.39,app,delivery,completed
ORD-0230702,R-0538,2025-07-02,25.71,app,delivery,completed
ORD-0230703,R-0538,2025-07-17,31.77,web,delivery,completed
ORD-0230704,R-0538,2025-07-20,22.62,app,pickup,completed
ORD-0230705,R-0538,2025-07-04,19.95,app,delivery,completed
ORD-0230706,R-0538,2025-07-02,20.10,app,pickup,completed
ORD-0230707,R-0538,2025-07-09,19.77,web,pickup,completed
ORD-0230708,R-0538,2025-07-22,26.08,web,pickup,completed
ORD-0230709,R-0538,2025-07-11,41.94,app,delivery,completed
ORD-0230710,R-0538,2025-07-21,30.94,web,delivery,completed
ORD-0230711,R-0538,2025-07-06,31.05,app,pickup,completed
ORD-0230712,R-0538,2025-07-12,21.84,web,delivery,completed
ORD-0230713,R-0538,2025-07-04,32.06,web,delivery,completed
ORD-0230714,R-0538,2025-07-19,23.29,web,pickup,completed
ORD-0230715,R-0538,2025-07-16,26.08,app,delivery,completed
ORD-0230716,R-0538,2025-07-23,27.72,web,pickup,completed
ORD-0230717,R-0538,2025-07-28,31.76,app,delivery,completed
ORD-0230718,R-0538,2025-07-24,29.12,web,pickup,completed
ORD-0230719,R-0538,2025-07-08,19.73,web,delivery,Completed
ORD-0230720,R-0538,2025-07-07,26.44,app,pickup,completed
ORD-0230721,R-0538,2025-07-19,24.59,app,pickup,cancelled
ORD-0230722,R-0538,2025-07-24,29.12,app,delivery,COMPLETED
ORD-0230723,R-0538,2025-07-16,23.52,web,delivery,completed
ORD-0230724,R-0538,2025-07-04,25.54,app,pickup,completed
ORD-0230725,R-0538,2025-07-10,28.18,app,delivery,CANCELLED
ORD-0230726,R-0538,2025-07-13,40.86,app,delivery,completed
ORD-0230727,R-0538,2025-07-17,24.29,app,pickup,completed
ORD-0230728,R-0538,2025-07-11,20.34,app,pickup,completed
ORD-0230729,R-0538,2025-07-24,23.78,app,delivery,completed
ORD-0230730,R-0538,2025-07-02,34.40,web,delivery,completed
ORD-0230731,R-0538,2025-07-28,30.06,web,pickup,completed
ORD-0230732,R-0538,2025-07-20,18.93,web,pickup,completed
ORD-0230733,R-0538,2025-07-08,19.47,app,delivery,completed
ORD-0235378,R-0545,2025-07-29,11.65,web,pickup,completed
ORD-0235379,R-0545,2025-07-07,18.14,web,delivery,COMPLETED
ORD-0235380,R-0545,2025-07-24,13.67,web,pickup,completed
ORD-0235381,R-0545,2025-07-31,18.81,app,delivery,completed
ORD-0235382,R-0545,2025-07-18,39.44,web,delivery,completed
ORD-0235383,R-0545,2025-07-18,7.37,app,delivery,completed
ORD-0235384,R-0545,2025-07-14,17.67,app,delivery,completed
ORD-0235385,R-0545,2025-07-27,22.52,app,pickup,completed
ORD-0235386,R-0545,2025-07-26,26.62,web,delivery,cancelled
ORD-0235387,R-0545,2025-07-11,24.83,web,pickup,completed
ORD-0235388,R-0545,2025-07-24,22.65,web,pickup,completed
ORD-0235389,R-0545,2025-07-20,15.14,app,pickup,completed
ORD-0235390,R-0545,2025-07-09,16.18,app,delivery,completed
ORD-0235391,R-0545,2025-07-21,18.77,app,delivery,completed
ORD-0235392,R-0545,2025-07-24,29.81,app,pickup,completed
ORD-0235393,R-0545,2025-07-11,32.44,web,delivery,completed
ORD-0235394,R-0545,2025-07-25,25.01,web,delivery,COMPLETED
ORD-0235395,R-0545,2025-07-11,19.02,app,delivery,completed
ORD-0235396,R-0545,2025-07-30,17.52,app,delivery,completed
ORD-0235397,R-0545,2025-07-22,9.11,app,delivery,COMPLETED
ORD-0235398,R-0545,2025-07-17,13.51,app,delivery,COMPLETED
ORD-0235399,R-0545,2025-07-23,28.29,web,delivery,completed
ORD-0235400,R-0545,2025-07-07,19.41,web,delivery,completed
ORD-0235401,R-0545,2025-07-10,8.88,app,delivery,completed
ORD-0235402,R-0545,2025-07-06,24.61,web,delivery,completed
ORD-0235403,R-0545,2025-07-16,16.27,app,pickup,completed
ORD-0235404,R-0545,2025-07-16,13.99,app,delivery,completed
ORD-0235405,R-0545,2025-07-18,23.50,app,delivery,completed
ORD-0237678,R-0549,2025-07-31,20.70,web,delivery,completed
ORD-0237679,R-0549,2025-07-28,12.71,web,pickup,completed
ORD-0237680,R-0549,2025-07-11,32.32,web,delivery,completed
ORD-0237681,R-0549,2025-07-19,11.62,app,delivery,completed
ORD-0237682,R-0549,2025-07-26,18.07,web,pickup,completed
ORD-0237683,R-0549,2025-07-27,27.86,web,pickup,completed
ORD-0237684,R-0549,2025-07-15,18.16,web,delivery,completed
ORD-0237685,R-0549,2025-07-31,16.62,web,pickup,completed
ORD-0237686,R-0549,2025-07-17,21.61,web,delivery,completed
ORD-0237687,R-0549,2025-07-05,24.69,web,pickup,completed
ORD-0237688,R-0549,2025-07-07,26.66,web,delivery,Cancelled
ORD-0237689,R-0549,2025-07-25,9.09,web,delivery,completed
ORD-0237690,R-0549,2025-07-26,20.34,web,pickup,COMPLETED
ORD-0237691,R-0549,2025-07-13,29.05,web,delivery,refunded
ORD-0237692,R-0549,2025-07-22,21.34,web,delivery,cancelled
ORD-0237693,R-0549,2025-07-04,23.44,web,delivery,completed
ORD-0237694,R-0549,2025-07-29,16.38,web,delivery,completed
ORD-0237695,R-0549,2025-07-23,8.18,web,pickup,completed
ORD-0237696,R-0549,2025-07-04,22.03,web,delivery,completed
ORD-0237697,R-0549,2025-07-10,28.09,web,delivery,COMPLETED
ORD-0237698,R-0549,2025-07-14,26.77,web,pickup,completed
ORD-0237699,R-0549,2025-07-20,18.51,web,delivery,completed
ORD-0237700,R-0549,2025-07-16,21.47,web,delivery,COMPLETED
ORD-0237701,R-0549,2025-07-27,23.06,web,delivery,completed
ORD-0237702,R-0549,2025-07-27,14.56,web,delivery,completed
ORD-0237703,R-0549,2025-07-09,13.77,web,delivery,completed
ORD-0237704,R-0549,2025-07-04,13.33,web,delivery,completed
ORD-0237705,R-0549,2025-07-10,18.41,web,pickup,completed
ORD-0237706,R-0549,2025-07-24,13.29,web,pickup,COMPLETED
ORD-0237707,R-0549,2025-07-10,17.29,web,delivery,refunded
ORD-0237708,R-0549,2025-07-29,20.61,web,delivery,completed
ORD-0237709,R-0549,2025-07-26,21.33,web,delivery,completed
ORD-0237710,R-0549,2025-07-25,15.81,web,pickup,completed
ORD-0237711,R-0549,2025-07-31,12.93,web,pickup,completed
ORD-0237712,R-0549,2025-07-23,16.80,app,pickup,Completed
ORD-0237713,R-0549,2025-07-06,21.64,web,delivery,completed
ORD-0237714,R-0549,2025-07-16,21.43,web,pickup,completed
ORD-0237715,R-0549,2025-07-26,14.90,web,delivery,completed
ORD-0237716,R-0549,2025-07-04,10.11,web,delivery,cancelled
ORD-0237717,R-0549,2025-07-04,31.11,web,pickup,Completed
ORD-0237718,R-0549,2025-07-07,10.58,web,delivery,cancelled
ORD-0237719,R-0549,2025-07-15,17.31,web,delivery,Completed
ORD-0237720,R-0549,2025-07-04,21.83,web,pickup,cancelled
ORD-0237721,R-0549,2025-07-01,11.53,web,pickup,completed
ORD-0237722,R-0549,2025-07-22,21.62,web,delivery,completed
ORD-0237723,R-0549,2025-07-06,17.39,web,delivery,completed
ORD-0237724,R-0549,2025-07-24,13.25,web,pickup,completed
ORD-0237725,R-0549,2025-07-02,21.61,web,pickup,completed
ORD-0237726,R-0549,2025-07-10,21.56,web,pickup,completed
ORD-0237727,R-0549,2025-07-16,15.55,web,pickup,completed
ORD-0237728,R-0549,2025-07-04,18.10,web,delivery,completed
ORD-0237729,R-0549,2025-07-19,24.25,web,pickup,completed
ORD-0237730,R-0549,2025-07-25,30.88,web,pickup,Completed
ORD-0237731,R-0549,2025-07-04,14.54,app,delivery,completed
ORD-0237732,R-0549,2025-07-18,23.79,app,pickup,cancelled
ORD-0237733,R-0549,2025-07-27,9.57,web,delivery,completed
ORD-0237734,R-0549,2025-07-12,13.60,web,delivery,COMPLETED
ORD-0237735,R-0549,2025-07-07,12.64,web,pickup,completed
ORD-0237736,R-0549,2025-07-20,32.72,web,pickup,completed
ORD-0237737,R-0549,2025-07-18,17.62,app,delivery,completed
ORD-0237738,R-0549,2025-07-22,17.33,web,delivery,completed
ORD-0237739,R-0549,2025-07-20,24.59,web,pickup,Completed
ORD-0237740,R-0549,2025-07-29,20.65,web,delivery,Completed
ORD-0238883,R-0550,2025-07-25,35.34,app,delivery,completed
ORD-0238884,R-0550,2025-07-26,21.21,web,delivery,completed
ORD-0238885,R-0550,2025-07-05,73.53,app,pickup,COMPLETED
ORD-0238886,R-0550,2025-07-14,23.46,app,delivery,completed
ORD-0238887,R-0550,2025-07-27,45.16,web,delivery,completed
ORD-0239042,R-0551,2025-07-26,41.41,app,pickup,completed
ORD-0239043,R-0551,2025-07-21,47.94,app,pickup,completed
ORD-0239044,R-0551,2025-07-13,63.90,app,pickup,completed
ORD-0239045,R-0551,2025-07-09,61.49,app,pickup,completed
ORD-0239046,R-0551,2025-07-01,42.76,web,pickup,COMPLETED
ORD-0239047,R-0551,2025-07-30,38.02,app,delivery,completed
ORD-0239048,R-0551,2025-07-17,52.16,web,delivery,completed
ORD-0239049,R-0551,2025-07-04,22.99,app,pickup,completed
ORD-0239050,R-0551,2025-07-22,34.70,web,delivery,COMPLETED
ORD-0239051,R-0551,2025-07-05,42.65,web,delivery,completed
ORD-0239052,R-0551,2025-07-21,61.95,app,delivery,completed
ORD-0239053,R-0551,2025-07-30,69.58,app,delivery,completed
ORD-0239054,R-0551,2025-07-28,44.12,web,pickup,completed
ORD-0239055,R-0551,2025-07-18,39.51,web,delivery,completed
ORD-0239056,R-0551,2025-07-03,63.82,app,delivery,completed
ORD-0239057,R-0551,2025-07-27,37.89,app,delivery,completed
ORD-0239058,R-0551,2025-07-19,26.15,app,delivery,REFUNDED
ORD-0239059,R-0551,2025-07-19,57.89,app,pickup,completed
ORD-0239060,R-0551,2025-07-29,36.26,app,delivery,completed
ORD-0239061,R-0551,2025-07-06,45.16,web,pickup,completed
ORD-0239062,R-0551,2025-07-19,47.83,app,delivery,completed
ORD-0239063,R-0551,2025-07-19,17.18,app,pickup,completed
ORD-0239064,R-0551,2025-07-12,23.15,app,pickup,completed
ORD-0239065,R-0551,2025-07-03,39.06,app,pickup,completed
ORD-0239066,R-0551,2025-07-06,42.54,app,pickup,completed
ORD-0239067,R-0551,2025-07-21,22.25,app,delivery,COMPLETED
ORD-0239068,R-0551,2025-07-12,42.82,app,delivery,completed
ORD-0239069,R-0551,2025-07-21,36.19,web,pickup,completed
ORD-0239070,R-0551,2025-07-09,52.57,app,pickup,completed
ORD-0239071,R-0551,2025-07-11,94.81,app,delivery,completed
ORD-0239072,R-0551,2025-07-23,18.50,app,delivery,Completed
ORD-0239073,R-0551,2025-07-03,40.18,app,delivery,refunded
ORD-0239074,R-0551,2025-07-02,76.27,web,pickup,completed
ORD-0239075,R-0551,2025-07-18,54.20,web,delivery,Completed
ORD-0239076,R-0551,2025-07-22,68.43,app,delivery,completed
ORD-0239077,R-0551,2025-07-26,57.48,app,pickup,completed
ORD-0239078,R-0551,2025-07-06,22.88,app,delivery,completed
ORD-0239079,R-0551,2025-07-02,83.31,app,delivery,completed
ORD-0239080,R-0551,2025-07-04,135.36,web,pickup,completed
ORD-0239081,R-0551,2025-07-26,15.86,app,pickup,completed
ORD-0239082,R-0551,2025-07-08,33.42,web,delivery,completed
ORD-0239083,R-0551,2025-07-15,50.75,web,delivery,Completed
ORD-0239084,R-0551,2025-07-18,29.88,app,delivery,cancelled
ORD-0239085,R-0551,2025-07-06,92.15,app,delivery,completed
ORD-0239086,R-0551,2025-07-27,54.18,app,delivery,completed
ORD-0239087,R-0551,2025-07-08,32.65,app,pickup,completed
ORD-0239088,R-0551,2025-07-13,27.65,app,pickup,COMPLETED
ORD-0239089,R-0551,2025-07-05,66.94,web,pickup,Completed
ORD-0239090,R-0551,2025-07-20,26.42,app,pickup,completed
ORD-0239091,R-0551,2025-07-10,103.83,app,pickup,completed
ORD-0239092,R-0551,2025-07-21,45.78,app,pickup,completed
ORD-0239093,R-0551,2025-07-06,27.25,app,delivery,completed
ORD-0239094,R-0551,2025-07-04,63.06,app,pickup,completed
ORD-0239095,R-0551,2025-07-11,25.91,app,pickup,completed
ORD-0239096,R-0551,2025-07-16,49.75,app,delivery,completed
ORD-0239097,R-0551,2025-07-26,43.00,app,pickup,completed
ORD-0240504,R-0553,2025-07-19,39.80,web,delivery,completed
ORD-0240505,R-0553,2025-07-20,22.38,web,delivery,completed
ORD-0240506,R-0553,2025-07-18,36.70,app,delivery,Completed
ORD-0240507,R-0553,2025-07-21,34.19,web,pickup,completed
ORD-0240508,R-0553,2025-07-23,33.71,app,pickup,completed
ORD-0240509,R-0553,2025-07-06,40.22,web,delivery,completed
ORD-0240510,R-0553,2025-07-10,33.74,app,pickup,completed
ORD-0240511,R-0553,2025-07-09,24.74,web,pickup,completed
ORD-0240512,R-0553,2025-07-30,32.83,app,pickup,cancelled
ORD-0240513,R-0553,2025-07-20,17.98,web,pickup,refunded
ORD-0240514,R-0553,2025-07-21,42.83,web,pickup,completed
ORD-0240515,R-0553,2025-07-24,28.17,app,pickup,completed
ORD-0240516,R-0553,2025-07-07,28.13,web,pickup,completed
ORD-0240517,R-0553,2025-07-31,37.80,app,pickup,completed
ORD-0240518,R-0553,2025-07-06,24.17,app,pickup,COMPLETED
ORD-0240519,R-0553,2025-07-15,50.89,app,delivery,completed
ORD-0240520,R-0553,2025-07-25,21.19,app,pickup,Completed
ORD-0240521,R-0553,2025-07-05,18.39,app,pickup,completed
ORD-0240522,R-0553,2025-07-05,34.61,web,pickup,completed
ORD-0240523,R-0553,2025-07-01,23.53,web,pickup,completed
ORD-0240524,R-0553,2025-07-12,62.72,app,pickup,completed
ORD-0240525,R-0553,2025-07-12,17.60,web,delivery,completed
ORD-0240526,R-0553,2025-07-14,21.11,app,pickup,completed
ORD-0240527,R-0553,2025-07-06,41.14,app,pickup,completed
ORD-0240528,R-0553,2025-07-15,17.78,app,pickup,completed
ORD-0240529,R-0553,2025-07-11,29.83,web,delivery,completed
ORD-0240530,R-0553,2025-07-25,16.78,web,pickup,Completed
ORD-0240531,R-0553,2025-07-10,24.91,app,pickup,completed
ORD-0240532,R-0553,2025-07-16,33.70,web,delivery,completed
ORD-0240533,R-0553,2025-07-28,27.25,app,delivery,completed
ORD-0240534,R-0553,2025-07-27,33.59,app,pickup,completed
ORD-0240535,R-0553,2025-07-17,27.24,app,delivery,cancelled
ORD-0240536,R-0553,2025-07-09,28.75,app,delivery,Completed
ORD-0240537,R-0553,2025-07-04,26.64,app,pickup,completed
ORD-0240538,R-0553,2025-07-07,21.45,app,delivery,completed
ORD-0240539,R-0553,2025-07-13,22.91,app,pickup,completed
ORD-0240540,R-0553,2025-07-26,22.16,web,delivery,COMPLETED
ORD-0240541,R-0553,2025-07-07,22.06,web,pickup,completed
ORD-0240542,R-0553,2025-07-11,27.86,app,delivery,completed
ORD-0240543,R-0553,2025-07-17,18.07,web,pickup,completed
ORD-0240544,R-0553,2025-07-14,30.49,app,delivery,completed
ORD-0240545,R-0553,2025-07-19,47.01,app,delivery,COMPLETED
ORD-0240546,R-0553,2025-07-13,33.38,web,delivery,completed
ORD-0240547,R-0553,2025-07-08,43.79,app,pickup,Completed
ORD-0240548,R-0553,2025-07-26,20.08,web,pickup,completed
ORD-0240549,R-0553,2025-07-11,32.73,app,delivery,completed
ORD-0240550,R-0553,2025-07-22,56.88,web,pickup,completed
ORD-0240551,R-0553,2025-07-12,34.56,web,delivery,completed
ORD-0240552,R-0553,2025-07-25,29.87,web,pickup,completed
ORD-0240553,R-0553,2025-07-05,25.52,app,pickup,Completed
ORD-0240554,R-0553,2025-07-29,28.72,web,pickup,COMPLETED
ORD-0240555,R-0553,2025-07-05,27.44,app,delivery,Completed
ORD-0240556,R-0553,2025-07-30,22.39,web,pickup,completed
ORD-0240557,R-0553,2025-07-10,33.67,app,pickup,Completed
ORD-0240558,R-0553,2025-07-04,45.35,web,delivery,Completed
ORD-0240559,R-0553,2025-07-16,25.81,web,pickup,completed
ORD-0240560,R-0553,2025-07-02,23.28,web,pickup,completed
ORD-0240561,R-0553,2025-07-18,23.05,app,delivery,completed
ORD-0240562,R-0553,2025-07-18,37.69,web,pickup,completed
ORD-0240563,R-0553,2025-07-21,35.65,web,pickup,completed
ORD-0240564,R-0553,2025-07-04,23.17,app,pickup,completed
ORD-0240565,R-0553,2025-07-09,28.71,app,pickup,completed
ORD-0240566,R-0553,2025-07-24,29.43,web,pickup,completed
ORD-0240567,R-0553,2025-07-27,24.91,app,pickup,completed
ORD-0240568,R-0553,2025-07-28,34.17,web,pickup,completed
ORD-0240569,R-0553,2025-07-20,30.17,web,pickup,completed
ORD-0240570,R-0553,2025-07-27,14.90,app,delivery,completed
ORD-0240571,R-0553,2025-07-04,39.66,web,pickup,completed
ORD-0240572,R-0553,2025-07-05,33.63,app,pickup,completed
ORD-0240573,R-0553,2025-07-06,37.71,app,pickup,completed
ORD-0240574,R-0553,2025-07-27,13.41,app,delivery,completed
ORD-0240575,R-0553,2025-07-25,68.29,app,pickup,completed
ORD-0240576,R-0553,2025-07-22,50.00,web,delivery,completed
ORD-0240577,R-0553,2025-07-26,14.39,web,pickup,COMPLETED
ORD-0240578,R-0553,2025-07-05,20.05,app,delivery,cancelled
ORD-0240579,R-0553,2025-07-19,20.69,app,pickup,completed
ORD-0240580,R-0553,2025-07-24,32.21,web,pickup,completed
ORD-0244893,R-0568,2025-07-23,26.83,app,pickup,Completed
ORD-0244894,R-0568,2025-07-25,44.36,app,delivery,completed
ORD-0244895,R-0568,2025-07-04,60.27,app,pickup,completed
ORD-0244896,R-0568,2025-07-19,48.21,app,delivery,completed
ORD-0244897,R-0568,2025-07-17,49.75,app,pickup,completed
ORD-0244898,R-0568,2025-07-17,33.89,app,delivery,completed
ORD-0244899,R-0568,2025-07-27,22.94,app,delivery,completed
ORD-0244900,R-0568,2025-07-02,36.31,web,delivery,completed
ORD-0244901,R-0568,2025-07-06,54.38,web,delivery,completed
ORD-0244902,R-0568,2025-07-11,36.26,web,delivery,completed
ORD-0244903,R-0568,2025-07-25,55.44,app,delivery,completed
ORD-0244904,R-0568,2025-07-19,39.52,web,delivery,COMPLETED
ORD-0244905,R-0568,2025-07-19,37.50,app,delivery,completed
ORD-0244906,R-0568,2025-07-05,40.46,app,delivery,completed
ORD-0244907,R-0568,2025-07-25,49.42,app,pickup,COMPLETED
ORD-0244908,R-0568,2025-07-04,27.57,app,pickup,completed
ORD-0244909,R-0568,2025-07-29,31.50,web,delivery,completed
ORD-0244910,R-0568,2025-07-17,55.51,app,pickup,completed
ORD-0244911,R-0568,2025-07-10,55.64,web,pickup,completed
ORD-0244912,R-0568,2025-07-09,39.00,app,pickup,completed
ORD-0244913,R-0568,2025-07-27,30.24,app,pickup,completed
ORD-0244914,R-0568,2025-07-26,37.11,app,delivery,COMPLETED
ORD-0244915,R-0568,2025-07-26,37.06,app,delivery,completed
ORD-0244916,R-0568,2025-07-16,53.85,web,pickup,completed
ORD-0244917,R-0568,2025-07-25,29.64,app,delivery,completed
ORD-0244918,R-0568,2025-07-24,26.08,web,delivery,completed
ORD-0244919,R-0568,2025-07-27,51.70,app,delivery,completed
ORD-0244920,R-0568,2025-07-03,55.22,app,delivery,completed
ORD-0244921,R-0568,2025-07-03,49.37,app,delivery,completed
ORD-0244922,R-0568,2025-07-14,62.78,app,pickup,completed
ORD-0244923,R-0568,2025-07-08,36.12,web,pickup,completed
ORD-0244924,R-0568,2025-07-26,52.53,web,pickup,completed
ORD-0244925,R-0568,2025-07-05,74.34,web,delivery,completed
ORD-0244926,R-0568,2025-07-12,33.58,web,delivery,completed
ORD-0244927,R-0568,2025-07-12,71.06,app,delivery,cancelled
ORD-0244928,R-0568,2025-07-18,45.80,app,delivery,completed
ORD-0244929,R-0568,2025-07-11,112.75,web,pickup,completed
ORD-0244930,R-0568,2025-07-19,38.44,app,pickup,completed
ORD-0244931,R-0568,2025-07-01,75.44,app,pickup,completed
ORD-0244932,R-0568,2025-07-18,40.86,web,pickup,completed
ORD-0244933,R-0568,2025-07-18,31.80,app,delivery,completed
ORD-0244934,R-0568,2025-07-05,51.89,app,delivery,completed
ORD-0244935,R-0568,2025-07-30,33.30,app,pickup,COMPLETED
ORD-0244936,R-0568,2025-07-07,38.94,app,pickup,completed
ORD-0244937,R-0568,2025-07-21,47.66,app,delivery,completed
ORD-0244938,R-0568,2025-07-07,25.76,app,pickup,completed
ORD-0244939,R-0568,2025-07-20,47.14,app,pickup,completed
ORD-0244940,R-0568,2025-07-06,34.32,app,pickup,COMPLETED
ORD-0244941,R-0568,2025-07-13,52.07,web,delivery,completed
ORD-0244942,R-0568,2025-07-07,43.10,web,delivery,Completed
ORD-0244943,R-0568,2025-07-26,51.31,web,delivery,completed
ORD-0247959,R-0579,2025-07-27,19.90,app,delivery,completed
ORD-0247960,R-0579,2025-07-23,44.31,app,delivery,completed
ORD-0247961,R-0579,2025-07-29,24.41,web,delivery,completed
ORD-0247962,R-0579,2025-07-10,26.07,app,pickup,completed
ORD-0247963,R-0579,2025-07-04,29.35,app,delivery,completed
ORD-0247964,R-0579,2025-07-03,37.34,app,delivery,completed
ORD-0247965,R-0579,2025-07-12,22.15,web,delivery,completed
ORD-0247966,R-0579,2025-07-20,51.66,app,delivery,completed
ORD-0247967,R-0579,2025-07-25,22.19,app,pickup,Completed
ORD-0247968,R-0579,2025-07-25,28.59,app,delivery,completed
ORD-0247969,R-0579,2025-07-22,22.35,app,delivery,completed
ORD-0247970,R-0579,2025-07-24,12.58,web,delivery,completed
ORD-0247971,R-0579,2025-07-26,18.03,web,delivery,completed
ORD-0247972,R-0579,2025-07-01,33.89,app,delivery,completed
ORD-0247973,R-0579,2025-07-25,51.44,app,delivery,completed
ORD-0247974,R-0579,2025-07-12,30.47,app,delivery,completed
ORD-0247975,R-0579,2025-07-13,25.80,web,delivery,completed
ORD-0247976,R-0579,2025-07-29,26.76,web,delivery,completed
ORD-0247977,R-0579,2025-07-04,24.92,app,delivery,completed
ORD-0247978,R-0579,2025-07-20,22.60,app,delivery,completed
ORD-0247979,R-0579,2025-07-06,14.68,web,delivery,completed
ORD-0247980,R-0579,2025-07-12,18.37,web,delivery,COMPLETED
ORD-0247981,R-0579,2025-07-08,29.38,app,delivery,COMPLETED
ORD-0247982,R-0579,2025-07-10,13.57,web,delivery,COMPLETED
ORD-0247983,R-0579,2025-07-05,24.36,web,delivery,completed
ORD-0247984,R-0579,2025-07-03,18.66,web,delivery,completed
ORD-0247985,R-0579,2025-07-18,22.14,web,pickup,completed
ORD-0247986,R-0579,2025-07-05,22.87,app,delivery,completed
ORD-0247987,R-0579,2025-07-20,48.77,app,pickup,completed
ORD-0247988,R-0579,2025-07-13,33.96,app,delivery,Cancelled
ORD-0247989,R-0579,2025-07-13,30.37,app,delivery,completed
ORD-0247990,R-0579,2025-07-12,46.01,app,delivery,completed
ORD-0247991,R-0579,2025-07-25,25.59,web,delivery,completed
ORD-0247992,R-0579,2025-07-10,14.08,app,delivery,COMPLETED
ORD-0247993,R-0579,2025-07-27,16.17,app,delivery,completed
ORD-0247994,R-0579,2025-07-27,21.63,web,pickup,completed
ORD-0248658,R-0580,2025-07-18,24.00,web,delivery,completed
ORD-0248659,R-0580,2025-07-15,74.21,web,delivery,Completed
ORD-0248660,R-0580,2025-07-21,47.39,web,delivery,completed
ORD-0248661,R-0580,2025-07-17,44.09,app,delivery,completed
ORD-0249761,R-0586,2025-07-23,31.70,app,delivery,Completed
ORD-0249762,R-0586,2025-07-17,25.22,web,pickup,completed
ORD-0249763,R-0586,2025-07-14,13.97,app,pickup,completed
ORD-0249764,R-0586,2025-07-14,27.08,web,delivery,completed
ORD-0249765,R-0586,2025-07-05,29.93,app,pickup,completed
ORD-0249766,R-0586,2025-07-13,11.44,web,pickup,completed
ORD-0249767,R-0586,2025-07-07,12.59,web,delivery,completed
ORD-0249768,R-0586,2025-07-07,23.69,app,pickup,completed
ORD-0249769,R-0586,2025-07-15,20.79,app,pickup,completed
ORD-0249770,R-0586,2025-07-18,21.53,app,pickup,completed
ORD-0249771,R-0586,2025-07-15,24.36,web,pickup,completed
ORD-0249772,R-0586,2025-07-29,16.59,app,delivery,completed
ORD-0249773,R-0586,2025-07-21,18.09,web,delivery,completed
ORD-0249774,R-0586,2025-07-04,10.34,app,delivery,cancelled
ORD-0249775,R-0586,2025-07-07,12.18,web,pickup,completed
ORD-0249776,R-0586,2025-07-03,18.91,app,delivery,completed
ORD-0249777,R-0586,2025-07-01,9.24,app,pickup,completed
ORD-0249778,R-0586,2025-07-19,19.35,web,delivery,completed
ORD-0249779,R-0586,2025-07-11,27.64,app,delivery,completed
ORD-0249780,R-0586,2025-07-30,13.26,app,delivery,completed
ORD-0249781,R-0586,2025-07-30,23.40,app,delivery,completed
ORD-0249782,R-0586,2025-07-14,17.24,app,delivery,completed
ORD-0249783,R-0586,2025-07-28,20.27,app,delivery,completed
ORD-0249784,R-0586,2025-07-21,17.94,app,pickup,completed
ORD-0249785,R-0586,2025-07-21,17.72,app,delivery,COMPLETED
ORD-0249786,R-0586,2025-07-19,11.62,app,pickup,completed
ORD-0249787,R-0586,2025-07-25,13.69,app,pickup,completed
ORD-0249788,R-0586,2025-07-01,20.63,app,delivery,Completed
ORD-0249789,R-0586,2025-07-27,14.79,app,pickup,completed
ORD-0249790,R-0586,2025-07-01,11.77,web,delivery,completed
ORD-0250946,R-0589,2025-07-11,21.89,web,pickup,Completed
ORD-0250947,R-0589,2025-07-05,22.40,web,pickup,completed
ORD-0250948,R-0589,2025-07-07,24.73,web,delivery,completed
ORD-0250949,R-0589,2025-07-03,25.55,app,pickup,completed
ORD-0250950,R-0589,2025-07-21,11.09,web,delivery,completed
ORD-0250951,R-0589,2025-07-31,22.21,app,delivery,completed
ORD-0250952,R-0589,2025-07-18,34.42,app,pickup,completed
ORD-0250953,R-0589,2025-07-31,22.51,app,delivery,completed
ORD-0250954,R-0589,2025-07-26,23.35,web,delivery,completed
ORD-0250955,R-0589,2025-07-24,19.96,web,delivery,refunded
ORD-0250956,R-0589,2025-07-26,9.05,web,delivery,completed
ORD-0250957,R-0589,2025-07-16,65.43,web,delivery,completed
ORD-0250958,R-0589,2025-07-17,14.91,app,delivery,completed
ORD-0250959,R-0589,2025-07-13,29.52,web,delivery,completed
ORD-0250960,R-0589,2025-07-22,22.25,app,delivery,completed
ORD-0250961,R-0589,2025-07-23,23.52,web,delivery,completed
ORD-0250962,R-0589,2025-07-13,17.92,app,delivery,completed
ORD-0250963,R-0589,2025-07-28,21.27,web,pickup,completed
ORD-0250964,R-0589,2025-07-21,10.16,web,delivery,completed
ORD-0250965,R-0589,2025-07-11,13.55,web,delivery,completed
ORD-0250966,R-0589,2025-07-11,20.36,app,delivery,completed
ORD-0250967,R-0589,2025-07-11,28.68,app,pickup,completed
ORD-0250968,R-0589,2025-07-26,35.25,app,pickup,completed
ORD-0250969,R-0589,2025-07-28,20.35,app,delivery,completed
ORD-0250970,R-0589,2025-07-12,28.22,web,pickup,completed
ORD-0250971,R-0589,2025-07-25,12.62,web,delivery,completed
ORD-0250972,R-0589,2025-07-07,19.70,app,pickup,completed
ORD-0250973,R-0589,2025-07-22,15.72,web,delivery,completed
ORD-0252642,R-0594,2025-07-14,112.68,app,delivery,completed
ORD-0252643,R-0594,2025-07-17,37.33,web,pickup,COMPLETED
ORD-0252644,R-0594,2025-07-16,96.45,app,pickup,Completed
ORD-0252645,R-0594,2025-07-14,25.26,app,pickup,completed
ORD-0252646,R-0594,2025-07-12,34.52,app,pickup,completed
ORD-0252647,R-0594,2025-07-27,49.22,web,delivery,completed
ORD-0252648,R-0594,2025-07-13,30.14,app,pickup,Completed
ORD-0252649,R-0594,2025-07-14,47.87,web,pickup,completed
ORD-0252650,R-0594,2025-07-05,35.47,app,delivery,completed
ORD-0252651,R-0594,2025-07-24,38.50,app,delivery,completed
ORD-0252652,R-0594,2025-07-30,30.71,web,pickup,completed
ORD-0252653,R-0594,2025-07-25,40.26,app,delivery,CANCELLED
ORD-0252654,R-0594,2025-07-12,57.35,web,delivery,completed
ORD-0252655,R-0594,2025-07-04,49.95,web,delivery,completed
ORD-0252656,R-0594,2025-07-26,31.30,app,delivery,Completed
ORD-0252657,R-0594,2025-07-19,91.10,app,delivery,completed
ORD-0252658,R-0594,2025-07-27,48.52,app,pickup,cancelled
ORD-0252659,R-0594,2025-07-05,40.13,app,delivery,completed
ORD-0252660,R-0594,2025-07-02,33.68,app,delivery,completed
ORD-0252661,R-0594,2025-07-15,27.79,web,delivery,completed
ORD-0252662,R-0594,2025-07-19,32.44,app,delivery,completed
ORD-0252663,R-0594,2025-07-27,40.95,app,delivery,completed
ORD-0252664,R-0594,2025-07-19,33.88,app,pickup,completed
ORD-0252665,R-0594,2025-07-18,61.74,app,delivery,completed
ORD-0252666,R-0594,2025-07-06,37.49,app,delivery,COMPLETED
ORD-0252667,R-0594,2025-07-26,60.98,app,pickup,completed
ORD-0252668,R-0594,2025-07-05,78.30,app,delivery,completed
ORD-0252669,R-0594,2025-07-06,52.49,app,delivery,completed
ORD-0252670,R-0594,2025-07-11,36.06,app,delivery,completed
ORD-0252671,R-0594,2025-07-21,24.56,app,pickup,completed
ORD-0252672,R-0594,2025-07-01,20.94,app,delivery,completed
ORD-0252673,R-0594,2025-07-11,57.61,app,pickup,completed
ORD-0252674,R-0594,2025-07-02,33.68,app,delivery,completed
ORD-0252675,R-0594,2025-07-23,40.82,app,delivery,completed
ORD-0252676,R-0594,2025-07-23,42.34,app,delivery,completed
ORD-0252677,R-0594,2025-07-03,43.37,app,delivery,completed
ORD-0252678,R-0594,2025-07-21,41.62,app,pickup,completed
ORD-0252679,R-0594,2025-07-10,44.11,app,delivery,Completed
ORD-0252680,R-0594,2025-07-09,29.58,app,pickup,completed
ORD-0252681,R-0594,2025-07-18,50.90,app,delivery,completed
ORD-0252682,R-0594,2025-07-17,53.25,app,delivery,completed
ORD-0252683,R-0594,2025-07-27,59.44,app,delivery,COMPLETED
