order_id,restaurant_id,order_date,order_value_eur,order_channel,fulfilment_type,order_status
ORD-0004100,R-0006,2025-06-28,53.18,app,delivery,completed
ORD-0004101,R-0006,2025-06-07,34.88,app,delivery,completed
ORD-0004102,R-0006,2025-06-27,29.92,app,delivery,completed
ORD-0004103,R-0006,2025-06-28,16.80,app,delivery,COMPLETED
ORD-0004104,R-0006,2025-06-20,46.39,web,delivery,completed
ORD-0004105,R-0006,2025-06-29,20.74,app,pickup,completed
ORD-0004106,R-0006,2025-06-13,47.50,app,delivery,completed
ORD-0004107,R-0006,2025-06-21,66.31,web,pickup,completed
ORD-0004108,R-0006,2025-06-01,21.98,app,pickup,completed
ORD-0004109,R-0006,2025-06-09,49.81,web,delivery,completed
ORD-0004110,R-0006,2025-06-18,32.81,app,delivery,completed
ORD-0004111,R-0006,2025-06-27,16.34,web,pickup,completed
ORD-0004112,R-0006,2025-06-29,22.61,web,pickup,completed
ORD-0004113,R-0006,2025-06-18,34.70,web,delivery,completed
ORD-0004114,R-0006,2025-06-27,40.65,app,delivery,completed
ORD-0004115,R-0006,2025-06-25,18.25,app,pickup,completed
ORD-0004116,R-0006,2025-06-24,32.89,app,delivery,completed
ORD-0004117,R-0006,2025-06-05,43.92,web,delivery,completed
ORD-0004118,R-0006,2025-06-15,50.56,app,delivery,completed
ORD-0004119,R-0006,2025-06-15,30.20,app,pickup,completed
ORD-0004120,R-0006,2025-06-24,38.15,app,delivery,completed
ORD-0004121,R-0006,2025-06-19,48.09,web,delivery,completed
ORD-0004122,R-0006,2025-06-26,44.38,app,pickup,completed
ORD-0004123,R-0006,2025-06-29,48.62,app,delivery,completed
ORD-0004124,R-0006,2025-06-18,33.89,web,delivery,completed
ORD-0004125,R-0006,2025-06-25,31.41,web,delivery,completed
ORD-0004126,R-0006,2025-06-18,35.91,web,delivery,completed
ORD-0004127,R-0006,2025-06-20,26.56,app,pickup,COMPLETED
ORD-0004128,R-0006,2025-06-15,52.70,app,delivery,completed
ORD-0004129,R-0006,2025-06-29,20.08,app,delivery,completed
ORD-0006059,R-0010,2025-06-19,27.19,web,delivery,completed
ORD-0006060,R-0010,2025-06-05,25.08,app,pickup,completed
ORD-0006061,R-0010,2025-06-09,69.77,web,delivery,completed
ORD-0006062,R-0010,2025-06-23,42.14,web,pickup,Completed
ORD-0006063,R-0010,2025-06-21,55.08,web,pickup,completed
ORD-0006064,R-0010,2025-06-12,46.16,web,pickup,completed
ORD-0006065,R-0010,2025-06-07,50.81,app,pickup,completed
ORD-0006066,R-0010,2025-06-26,48.54,web,pickup,completed
ORD-0006067,R-0010,2025-06-20,59.81,web,delivery,completed
ORD-0006068,R-0010,2025-06-21,34.57,app,delivery,completed
ORD-0006069,R-0010,2025-06-15,71.71,web,delivery,completed
ORD-0006070,R-0010,2025-06-12,32.37,web,delivery,completed
ORD-0006071,R-0010,2025-06-13,50.39,app,delivery,COMPLETED
ORD-0006072,R-0010,2025-06-01,29.59,web,delivery,completed
ORD-0006073,R-0010,2025-06-29,43.29,app,pickup,completed
ORD-0006074,R-0010,2025-06-12,33.33,web,delivery,COMPLETED
ORD-0006075,R-0010,2025-06-15,46.49,app,pickup,completed
ORD-0006076,R-0010,2025-06-12,56.17,web,delivery,completed
ORD-0006077,R-0010,2025-06-12,43.89,web,pickup,completed
ORD-0006078,R-0010,2025-06-21,95.96,app,delivery,COMPLETED
ORD-0006079,R-0010,2025-06-21,62.06,web,pickup,completed
ORD-0006080,R-0010,2025-06-25,39.16,app,pickup,completed
ORD-0006081,R-0010,2025-06-03,41.31,app,delivery,completed
ORD-0006082,R-0010,2025-06-27,53.07,web,pickup,completed
ORD-0006083,R-0010,2025-06-29,59.97,web,delivery,completed
ORD-0006084,R-0010,2025-06-30,26.88,web,pickup,completed
ORD-0006085,R-0010,2025-06-05,54.13,web,delivery,completed
ORD-0006086,R-0010,2025-06-15,29.32,app,delivery,completed
ORD-0006087,R-0010,2025-06-29,56.39,web,delivery,completed
ORD-0006088,R-0010,2025-06-23,64.39,web,pickup,completed
ORD-0006089,R-0010,2025-06-02,47.72,web,pickup,completed
ORD-0006090,R-0010,2025-06-27,19.30,web,pickup,completed
ORD-0006091,R-0010,2025-06-26,21.90,web,delivery,completed
ORD-0006092,R-0010,2025-06-24,52.66,web,delivery,completed
ORD-0006093,R-0010,2025-06-13,18.39,app,delivery,COMPLETED
ORD-0006094,R-0010,2025-06-20,57.88,web,delivery,completed
ORD-0006095,R-0010,2025-06-22,66.60,app,delivery,completed
ORD-0006096,R-0010,2025-06-13,70.46,web,delivery,completed
ORD-0006097,R-0010,2025-06-24,38.97,app,pickup,completed
ORD-0006098,R-0010,2025-06-09,50.27,web,pickup,completed
ORD-0006099,R-0010,2025-06-06,49.82,web,delivery,completed
ORD-0006100,R-0010,2025-06-27,26.55,web,pickup,completed
ORD-0006101,R-0010,2025-06-11,56.38,web,pickup,completed
ORD-0006102,R-0010,2025-06-02,71.78,web,pickup,completed
ORD-0006103,R-0010,2025-06-26,55.21,app,pickup,completed
ORD-0006104,R-0010,2025-06-25,35.34,web,delivery,completed
ORD-0006105,R-0010,2025-06-25,56.27,app,pickup,completed
ORD-0006106,R-0010,2025-06-11,69.33,app,delivery,COMPLETED
ORD-0006107,R-0010,2025-06-19,66.00,web,delivery,completed
ORD-0006108,R-0010,2025-06-01,67.66,app,pickup,completed
ORD-0006109,R-0010,2025-06-01,25.40,web,pickup,completed
ORD-0006110,R-0010,2025-06-08,53.48,web,delivery,completed
ORD-0006111,R-0010,2025-06-16,54.32,app,pickup,completed
ORD-0006112,R-0010,2025-06-19,62.92,web,pickup,Completed
ORD-0006113,R-0010,2025-06-05,51.74,app,delivery,completed
ORD-0006114,R-0010,2025-06-27,82.35,web,pickup,completed
ORD-0006115,R-0010,2025-06-29,23.25,app,delivery,completed
ORD-0006116,R-0010,2025-06-05,52.57,web,pickup,completed
ORD-0006117,R-0010,2025-06-26,51.03,app,pickup,completed
ORD-0006118,R-0010,2025-06-20,64.59,app,delivery,completed
ORD-0006119,R-0010,2025-06-15,82.04,web,pickup,completed
ORD-0006120,R-0010,2025-06-15,33.04,web,delivery,completed
ORD-0006121,R-0010,2025-06-23,75.02,web,pickup,completed
ORD-0006122,R-0010,2025-06-07,62.50,web,pickup,completed
ORD-0006123,R-0010,2025-06-19,39.77,app,pickup,completed
ORD-0006124,R-0010,2025-06-08,32.79,web,pickup,completed
ORD-0006125,R-0010,2025-06-04,45.91,web,pickup,completed
ORD-0006126,R-0010,2025-06-17,47.47,app,delivery,COMPLETED
ORD-0006127,R-0010,2025-06-08,52.35,web,pickup,completed
ORD-0006128,R-0010,2025-06-23,33.74,web,pickup,completed
ORD-0006129,R-0010,2025-06-20,57.87,web,delivery,completed
ORD-0006130,R-0010,2025-06-07,39.59,app,delivery,completed
ORD-0006131,R-0010,2025-06-27,72.63,app,delivery,completed
ORD-0006132,R-0010,2025-06-12,80.90,web,pickup,completed
ORD-0006133,R-0010,2025-06-22,33.99,web,pickup,cancelled
ORD-0006134,R-0010,2025-06-08,47.12,app,pickup,completed
ORD-0006135,R-0010,2025-06-07,66.29,web,delivery,completed
ORD-0006136,R-0010,2025-06-27,51.08,web,pickup,completed
ORD-0006137,R-0010,2025-06-28,27.77,web,pickup,completed
ORD-0006138,R-0010,2025-06-12,58.96,web,delivery,COMPLETED
ORD-0006139,R-0010,2025-06-10,34.01,web,delivery,completed
ORD-0006140,R-0010,2025-06-21,49.66,web,pickup,completed
ORD-0006141,R-0010,2025-06-07,31.76,web,pickup,completed
ORD-0006142,R-0010,2025-06-27,62.03,web,delivery,completed
ORD-0006143,R-0010,2025-06-01,39.36,app,pickup,COMPLETED
ORD-0006144,R-0010,2025-06-06,64.53,web,pickup,completed
ORD-0006145,R-0010,2025-06-05,39.36,web,delivery,completed
ORD-0006146,R-0010,2025-06-10,35.63,web,delivery,Cancelled
ORD-0006147,R-0010,2025-06-27,53.76,web,pickup,completed
ORD-0006148,R-0010,2025-06-20,30.82,web,delivery,completed
ORD-0006149,R-0010,2025-06-04,83.61,web,pickup,COMPLETED
ORD-0006150,R-0010,2025-06-03,45.73,web,delivery,COMPLETED
ORD-0006151,R-0010,2025-06-09,34.51,web,delivery,COMPLETED
ORD-0006152,R-0010,2025-06-20,39.68,web,delivery,completed
ORD-0006153,R-0010,2025-06-19,42.94,app,pickup,completed
ORD-0006154,R-0010,2025-06-05,61.92,web,delivery,completed
ORD-0006155,R-0010,2025-06-23,30.52,web,delivery,completed
ORD-0006156,R-0010,2025-06-20,40.13,web,delivery,cancelled
ORD-0006157,R-0010,2025-06-30,41.88,web,delivery,completed
ORD-0006158,R-0010,2025-06-17,75.98,web,pickup,completed
ORD-0006159,R-0010,2025-06-11,62.00,web,delivery,completed
ORD-0006160,R-0010,2025-06-05,77.34,web,delivery,completed
ORD-0006161,R-0010,2025-06-28,46.61,app,delivery,completed
ORD-0006162,R-0010,2025-06-02,72.92,app,delivery,completed
ORD-0006163,R-0010,2025-06-12,68.54,app,delivery,completed
ORD-0006164,R-0010,2025-06-17,55.37,app,pickup,completed
ORD-0009030,R-0013,2025-06-05,17.06,app,delivery,completed
ORD-0009031,R-0013,2025-06-07,48.59,app,pickup,COMPLETED
ORD-0009032,R-0013,2025-06-08,14.07,app,delivery,completed
ORD-0009033,R-0013,2025-06-23,29.16,web,delivery,completed
ORD-0009034,R-0013,2025-06-05,26.58,app,delivery,Completed
ORD-0009035,R-0013,2025-06-26,15.21,web,delivery,completed
ORD-0009036,R-0013,2025-06-22,33.66,app,delivery,completed
ORD-0009037,R-0013,2025-06-13,23.20,web,delivery,completed
ORD-0009038,R-0013,2025-06-18,51.17,web,delivery,completed
ORD-0009039,R-0013,2025-06-29,43.12,app,pickup,completed
ORD-0009040,R-0013,2025-06-06,32.40,app,pickup,completed
ORD-0009041,R-0013,2025-06-14,12.03,app,pickup,Completed
ORD-0009042,R-0013,2025-06-14,24.40,web,delivery,Completed
ORD-0009261,R-0015,2025-06-29,20.01,web,pickup,completed
ORD-0009262,R-0015,2025-06-28,23.76,app,pickup,completed
ORD-0009263,R-0015,2025-06-04,21.18,web,pickup,completed
ORD-0009264,R-0015,2025-06-26,20.44,web,pickup,Completed
ORD-0009265,R-0015,2025-06-17,28.89,web,pickup,completed
ORD-0009266,R-0015,2025-06-29,17.54,web,delivery,completed
ORD-0009267,R-0015,2025-06-16,46.34,app,pickup,completed
ORD-0009268,R-0015,2025-06-07,28.34,app,pickup,completed
ORD-0009269,R-0015,2025-06-27,11.48,web,pickup,completed
ORD-0009270,R-0015,2025-06-28,28.98,app,pickup,completed
ORD-0009271,R-0015,2025-06-17,15.81,app,pickup,completed
ORD-0009272,R-0015,2025-06-13,25.38,web,delivery,completed
ORD-0009273,R-0015,2025-06-24,22.24,app,pickup,completed
ORD-0009274,R-0015,2025-06-03,32.02,web,delivery,completed
ORD-0009275,R-0015,2025-06-26,31.86,web,pickup,completed
ORD-0009276,R-0015,2025-06-27,28.30,app,pickup,completed
ORD-0009277,R-0015,2025-06-10,54.96,app,delivery,Completed
ORD-0009278,R-0015,2025-06-01,18.69,app,delivery,completed
ORD-0009279,R-0015,2025-06-01,46.76,app,delivery,cancelled
ORD-0009280,R-0015,2025-06-30,43.82,app,pickup,completed
ORD-0009281,R-0015,2025-06-24,27.58,web,pickup,completed
ORD-0009282,R-0015,2025-06-12,29.08,web,pickup,completed
ORD-0009283,R-0015,2025-06-27,38.98,app,pickup,completed
ORD-0009284,R-0015,2025-06-28,22.36,web,delivery,completed
ORD-0009285,R-0015,2025-06-28,20.57,app,pickup,completed
ORD-0009286,R-0015,2025-06-15,21.05,app,pickup,completed
ORD-0009287,R-0015,2025-06-26,27.04,web,pickup,completed
ORD-0009288,R-0015,2025-06-02,19.36,app,delivery,completed
ORD-0009289,R-0015,2025-06-06,18.71,web,pickup,Completed
ORD-0009290,R-0015,2025-06-20,16.31,app,pickup,completed
ORD-0009291,R-0015,2025-06-04,15.45,web,pickup,completed
ORD-0009292,R-0015,2025-06-02,17.96,web,delivery,Refunded
ORD-0009293,R-0015,2025-06-04,18.14,web,pickup,completed
ORD-0009294,R-0015,2025-06-14,26.92,web,delivery,COMPLETED
ORD-0009295,R-0015,2025-06-15,18.27,app,delivery,completed
ORD-0009296,R-0015,2025-06-28,31.87,web,delivery,completed
ORD-0009297,R-0015,2025-06-14,60.89,app,pickup,completed
ORD-0009298,R-0015,2025-06-16,41.14,app,pickup,completed
ORD-0009299,R-0015,2025-06-26,14.93,app,pickup,COMPLETED
ORD-0009300,R-0015,2025-06-26,20.86,web,pickup,completed
ORD-0009301,R-0015,2025-06-11,13.62,web,pickup,completed
ORD-0009302,R-0015,2025-06-22,27.98,app,delivery,completed
ORD-0009303,R-0015,2025-06-27,28.70,web,pickup,completed
ORD-0009304,R-0015,2025-06-26,25.67,app,delivery,cancelled
ORD-0009305,R-0015,2025-06-11,15.01,web,delivery,completed
ORD-0009306,R-0015,2025-06-23,17.89,web,pickup,completed
ORD-0009307,R-0015,2025-06-22,39.06,app,delivery,completed
ORD-0009308,R-0015,2025-06-08,30.57,web,delivery,completed
ORD-0009309,R-0015,2025-06-21,17.55,web,pickup,completed
ORD-0009310,R-0015,2025-06-04,13.54,web,delivery,Completed
ORD-0009311,R-0015,2025-06-09,23.04,web,delivery,completed
ORD-0009312,R-0015,2025-06-01,24.34,app,pickup,completed
ORD-0009313,R-0015,2025-06-05,13.53,app,delivery,completed
ORD-0009314,R-0015,2025-06-04,20.78,web,pickup,completed
ORD-0009315,R-0015,2025-06-29,20.77,app,pickup,cancelled
ORD-0009316,R-0015,2025-06-06,19.85,app,pickup,refunded
ORD-0009317,R-0015,2025-06-03,19.71,app,delivery,COMPLETED
ORD-0009318,R-0015,2025-06-23,26.82,web,delivery,completed
ORD-0010383,R-0017,2025-06-01,18.28,web,delivery,completed
ORD-0010384,R-0017,2025-06-06,44.33,web,delivery,completed
ORD-0010385,R-0017,2025-06-29,34.24,web,delivery,completed
ORD-0010386,R-0017,2025-06-03,30.52,app,delivery,completed
ORD-0010387,R-0017,2025-06-21,20.20,app,pickup,completed
ORD-0010388,R-0017,2025-06-24,39.28,web,pickup,completed
ORD-0010389,R-0017,2025-06-23,19.51,web,delivery,completed
ORD-0010390,R-0017,2025-06-11,43.32,web,pickup,completed
ORD-0010391,R-0017,2025-06-20,25.24,app,delivery,completed
ORD-0010392,R-0017,2025-06-09,43.32,web,pickup,completed
ORD-0010393,R-0017,2025-06-13,23.99,web,delivery,cancelled
ORD-0010394,R-0017,2025-06-26,20.74,web,delivery,COMPLETED
ORD-0010395,R-0017,2025-06-19,26.78,app,delivery,completed
ORD-0010396,R-0017,2025-06-14,23.73,web,delivery,completed
ORD-0010397,R-0017,2025-06-21,27.71,web,pickup,completed
ORD-0010398,R-0017,2025-06-23,46.21,web,pickup,completed
ORD-0010399,R-0017,2025-06-28,25.14,web,pickup,completed
ORD-0010400,R-0017,2025-06-24,29.09,app,delivery,Completed
ORD-0010401,R-0017,2025-06-15,48.48,app,pickup,completed
ORD-0010402,R-0017,2025-06-07,32.04,web,delivery,COMPLETED
ORD-0010403,R-0017,2025-06-15,42.04,web,pickup,completed
ORD-0010404,R-0017,2025-06-14,35.31,web,delivery,completed
ORD-0010405,R-0017,2025-06-19,37.44,app,delivery,completed
ORD-0010406,R-0017,2025-06-20,29.17,app,delivery,completed
ORD-0010407,R-0017,2025-06-07,35.58,web,pickup,completed
ORD-0010408,R-0017,2025-06-25,47.96,web,delivery,Completed
ORD-0010409,R-0017,2025-06-13,26.91,web,pickup,completed
ORD-0010410,R-0017,2025-06-24,31.34,web,delivery,completed
ORD-0010411,R-0017,2025-06-01,24.19,web,delivery,completed
ORD-0010412,R-0017,2025-06-24,37.87,web,pickup,completed
ORD-0010413,R-0017,2025-06-17,16.53,app,pickup,Completed
ORD-0010414,R-0017,2025-06-14,27.19,web,delivery,completed
ORD-0010415,R-0017,2025-06-06,40.51,web,pickup,completed
ORD-0010416,R-0017,2025-06-27,28.41,web,pickup,completed
ORD-0010417,R-0017,2025-06-02,15.93,web,delivery,COMPLETED
ORD-0010418,R-0017,2025-06-05,21.77,web,delivery,completed
ORD-0010419,R-0017,2025-06-27,24.14,app,delivery,cancelled
ORD-0010420,R-0017,2025-06-21,48.18,web,delivery,completed
ORD-0010421,R-0017,2025-06-26,35.10,web,delivery,completed
ORD-0010422,R-0017,2025-06-29,39.11,web,pickup,completed
ORD-0010423,R-0017,2025-06-11,18.90,web,pickup,COMPLETED
ORD-0010424,R-0017,2025-06-25,27.58,app,delivery,completed
ORD-0010425,R-0017,2025-06-02,44.35,app,delivery,completed
ORD-0010426,R-0017,2025-06-28,39.14,web,delivery,completed
ORD-0010427,R-0017,2025-06-20,25.46,web,delivery,completed
ORD-0010428,R-0017,2025-06-28,37.83,app,pickup,completed
ORD-0010429,R-0017,2025-06-18,18.59,web,delivery,cancelled
ORD-0010430,R-0017,2025-06-20,22.88,app,delivery,completed
ORD-0010431,R-0017,2025-06-28,16.71,app,pickup,completed
ORD-0010432,R-0017,2025-06-10,26.61,web,delivery,completed
ORD-0010433,R-0017,2025-06-11,33.43,app,pickup,completed
ORD-0012236,R-0023,2025-06-27,26.00,app,delivery,completed
ORD-0012237,R-0023,2025-06-07,20.62,web,delivery,completed
ORD-0012238,R-0023,2025-06-28,31.72,web,delivery,completed
ORD-0012239,R-0023,2025-06-17,20.05,app,pickup,completed
ORD-0012240,R-0023,2025-06-14,24.40,web,delivery,completed
ORD-0012241,R-0023,2025-06-08,15.91,app,delivery,completed
ORD-0012242,R-0023,2025-06-04,13.06,web,delivery,completed
ORD-0012243,R-0023,2025-06-09,12.93,app,delivery,completed
ORD-0012244,R-0023,2025-06-13,16.53,app,delivery,completed
ORD-0012245,R-0023,2025-06-19,11.63,app,delivery,completed
ORD-0012246,R-0023,2025-06-22,45.90,web,delivery,COMPLETED
ORD-0012247,R-0023,2025-06-02,17.35,app,delivery,cancelled
ORD-0012248,R-0023,2025-06-29,21.20,web,delivery,completed
ORD-0012249,R-0023,2025-06-08,13.26,app,delivery,completed
ORD-0012250,R-0023,2025-06-21,49.36,app,delivery,completed
ORD-0012251,R-0023,2025-06-25,17.74,web,pickup,COMPLETED
ORD-0012252,R-0023,2025-06-13,16.69,web,delivery,completed
ORD-0012253,R-0023,2025-06-14,17.34,app,delivery,completed
ORD-0012254,R-0023,2025-06-02,18.06,web,delivery,completed
ORD-0012255,R-0023,2025-06-13,18.77,web,pickup,completed
ORD-0012256,R-0023,2025-06-28,12.23,web,delivery,completed
ORD-0012257,R-0023,2025-06-12,28.07,app,delivery,completed
ORD-0012258,R-0023,2025-06-28,13.45,web,delivery,completed
ORD-0012259,R-0023,2025-06-21,29.69,app,delivery,completed
ORD-0012260,R-0023,2025-06-27,12.30,app,delivery,COMPLETED
ORD-0012261,R-0023,2025-06-07,22.85,app,delivery,completed
ORD-0012262,R-0023,2025-06-21,13.96,web,delivery,completed
ORD-0012263,R-0023,2025-06-04,14.60,app,delivery,completed
ORD-0012264,R-0023,2025-06-15,25.93,app,delivery,completed
ORD-0012265,R-0023,2025-06-22,34.59,app,delivery,COMPLETED
ORD-0012266,R-0023,2025-06-06,45.05,app,delivery,completed
ORD-0012267,R-0023,2025-06-29,24.81,app,pickup,completed
ORD-0012268,R-0023,2025-06-15,21.23,app,delivery,completed
ORD-0012269,R-0023,2025-06-14,14.31,app,delivery,cancelled
ORD-0012270,R-0023,2025-06-27,10.19,app,delivery,completed
ORD-0012271,R-0023,2025-06-27,27.47,web,pickup,completed
ORD-0012272,R-0023,2025-06-28,19.17,app,delivery,completed
ORD-0012273,R-0023,2025-06-21,21.36,app,delivery,completed
ORD-0012274,R-0023,2025-06-21,18.06,app,delivery,cancelled
ORD-0012275,R-0023,2025-06-07,15.83,app,delivery,completed
ORD-0012276,R-0023,2025-06-23,26.03,web,delivery,completed
ORD-0012277,R-0023,2025-06-20,42.92,web,delivery,completed
ORD-0012278,R-0023,2025-06-11,12.02,app,delivery,completed
ORD-0012279,R-0023,2025-06-29,9.84,app,delivery,completed
ORD-0012280,R-0023,2025-06-15,19.31,web,delivery,completed
ORD-0012281,R-0023,2025-06-22,15.83,app,delivery,Completed
ORD-0012282,R-0023,2025-06-21,34.63,web,delivery,completed
ORD-0012283,R-0023,2025-06-01,26.20,web,delivery,completed
ORD-0012284,R-0023,2025-06-14,46.43,web,delivery,completed
ORD-0012285,R-0023,2025-06-19,30.70,web,delivery,completed
ORD-0012286,R-0023,2025-06-30,20.57,app,delivery,completed
ORD-0012287,R-0023,2025-06-06,22.61,app,delivery,completed
ORD-0012288,R-0023,2025-06-21,24.99,app,pickup,completed
ORD-0012289,R-0023,2025-06-14,14.63,app,delivery,cancelled
ORD-0012290,R-0023,2025-06-15,25.45,web,delivery,completed
ORD-0012291,R-0023,2025-06-06,37.40,web,delivery,COMPLETED
ORD-0012292,R-0023,2025-06-16,15.19,app,delivery,completed
ORD-0012293,R-0023,2025-06-02,17.83,web,delivery,completed
ORD-0012294,R-0023,2025-06-13,27.88,app,delivery,completed
ORD-0012295,R-0023,2025-06-13,39.43,app,delivery,completed
ORD-0012296,R-0023,2025-06-06,15.67,app,delivery,COMPLETED
ORD-0012297,R-0023,2025-06-30,21.79,web,delivery,completed
ORD-0012298,R-0023,2025-06-22,21.00,app,delivery,COMPLETED
ORD-0012299,R-0023,2025-06-29,19.01,app,delivery,cancelled
ORD-0012300,R-0023,2025-06-23,9.16,app,pickup,completed
ORD-0012301,R-0023,2025-06-15,15.66,app,delivery,completed
ORD-0012302,R-0023,2025-06-20,12.84,web,pickup,Completed
ORD-0012303,R-0023,2025-06-06,20.13,app,delivery,completed
ORD-0012304,R-0023,2025-06-06,17.66,app,delivery,completed
ORD-0012305,R-0023,2025-06-15,13.04,app,delivery,completed
ORD-0012306,R-0023,2025-06-07,19.07,web,delivery,completed
ORD-0012307,R-0023,2025-06-24,42.46,app,delivery,COMPLETED
ORD-0012308,R-0023,2025-06-10,15.00,app,delivery,completed
ORD-0012309,R-0023,2025-06-04,16.79,app,delivery,completed
ORD-0012310,R-0023,2025-06-19,17.95,web,delivery,completed
ORD-0012311,R-0023,2025-06-18,14.60,app,delivery,cancelled
ORD-0012312,R-0023,2025-06-08,11.11,app,pickup,completed
ORD-0012313,R-0023,2025-06-05,41.49,web,pickup,completed
ORD-0012314,R-0023,2025-06-20,10.01,web,delivery,completed
ORD-0012315,R-0023,2025-06-23,9.73,app,delivery,completed
ORD-0012316,R-0023,2025-06-07,28.96,app,delivery,cancelled
ORD-0012317,R-0023,2025-06-23,8.47,app,delivery,completed
ORD-0012318,R-0023,2025-06-21,29.22,app,delivery,completed
ORD-0012319,R-0023,2025-06-24,28.08,app,delivery,completed
ORD-0012320,R-0023,2025-06-03,14.16,app,delivery,completed
ORD-0012321,R-0023,2025-06-29,21.64,web,delivery,completed
ORD-0012322,R-0023,2025-06-21,20.84,web,delivery,completed
ORD-0012323,R-0023,2025-06-08,15.27,app,delivery,completed
ORD-0012324,R-0023,2025-06-27,16.52,app,delivery,completed
ORD-0012325,R-0023,2025-06-19,18.47,web,pickup,completed
ORD-0012326,R-0023,2025-06-06,17.55,app,delivery,completed
ORD-0012327,R-0023,2025-06-27,26.96,app,delivery,completed
ORD-0012328,R-0023,2025-06-22,20.00,app,delivery,COMPLETED
ORD-0012329,R-0023,2025-06-09,23.72,app,delivery,COMPLETED
ORD-0012330,R-0023,2025-06-17,16.79,web,delivery,completed
ORD-0012331,R-0023,2025-06-13,27.69,app,delivery,cancelled
ORD-0012332,R-0023,2025-06-01,30.61,web,delivery,cancelled
ORD-0012333,R-0023,2025-06-15,9.42,app,delivery,completed
ORD-0012334,R-0023,2025-06-08,24.86,app,delivery,completed
ORD-0012335,R-0023,2025-06-06,15.98,app,delivery,completed
ORD-0012336,R-0023,2025-06-04,16.44,web,pickup,completed
ORD-0012337,R-0023,2025-06-07,24.20,app,delivery,completed
ORD-0012338,R-0023,2025-06-23,20.72,app,delivery,completed
ORD-0012339,R-0023,2025-06-12,17.89,app,delivery,completed
ORD-0012340,R-0023,2025-06-05,25.86,app,delivery,completed
ORD-0012341,R-0023,2025-06-06,22.91,app,delivery,completed
ORD-0012342,R-0023,2025-06-20,15.57,app,delivery,COMPLETED
ORD-0012343,R-0023,2025-06-13,33.44,app,delivery,completed
ORD-0012344,R-0023,2025-06-20,32.98,web,delivery,completed
ORD-0012345,R-0023,2025-06-02,19.81,app,pickup,completed
ORD-0012346,R-0023,2025-06-22,16.91,app,delivery,Completed
ORD-0012347,R-0023,2025-06-29,15.49,app,delivery,COMPLETED
ORD-0012348,R-0023,2025-06-24,39.22,web,delivery,completed
ORD-0012349,R-0023,2025-06-22,19.72,web,delivery,completed
ORD-0012350,R-0023,2025-06-07,22.59,app,pickup,completed
ORD-0012351,R-0023,2025-06-13,25.31,app,delivery,COMPLETED
ORD-0012352,R-0023,2025-06-06,6.82,app,pickup,completed
ORD-0012353,R-0023,2025-06-23,13.51,app,pickup,completed
ORD-0012354,R-0023,2025-06-23,48.76,app,delivery,COMPLETED
ORD-0012355,R-0023,2025-06-05,6.23,app,delivery,COMPLETED
ORD-0012356,R-0023,2025-06-23,10.64,web,delivery,completed
ORD-0012357,R-0023,2025-06-18,16.37,web,delivery,COMPLETED
ORD-0012358,R-0023,2025-06-30,13.09,app,delivery,completed
ORD-0012359,R-0023,2025-06-30,14.46,app,pickup,completed
ORD-0012360,R-0023,2025-06-03,12.25,app,pickup,completed
ORD-0012361,R-0023,2025-06-26,18.35,app,delivery,refunded
ORD-0012362,R-0023,2025-06-06,24.65,app,delivery,COMPLETED
ORD-0012363,R-0023,2025-06-17,23.23,web,pickup,completed
ORD-0012364,R-0023,2025-06-16,14.05,app,pickup,completed
ORD-0012365,R-0023,2025-06-09,29.40,app,delivery,COMPLETED
ORD-0012366,R-0023,2025-06-22,22.57,app,delivery,completed
ORD-0012367,R-0023,2025-06-17,30.62,app,delivery,COMPLETED
ORD-0012368,R-0023,2025-06-20,23.96,app,delivery,completed
ORD-0012369,R-0023,2025-06-21,19.10,app,delivery,COMPLETED
ORD-0012370,R-0023,2025-06-13,19.30,web,delivery,completed
ORD-0016345,R-0025,2025-06-13,26.21,app,delivery,completed
ORD-0016346,R-0025,2025-06-13,73.11,web,delivery,completed
ORD-0016347,R-0025,2025-06-20,17.02,app,pickup,completed
ORD-0016348,R-0025,2025-06-28,15.41,app,delivery,COMPLETED
ORD-0016349,R-0025,2025-06-28,17.31,web,pickup,cancelled
ORD-0016350,R-0025,2025-06-13,51.99,web,delivery,completed
ORD-0016351,R-0025,2025-06-20,31.40,web,pickup,completed
ORD-0016352,R-0025,2025-06-13,19.87,app,pickup,cancelled
ORD-0016353,R-0025,2025-06-23,49.89,app,delivery,completed
ORD-0016354,R-0025,2025-06-16,14.95,app,delivery,completed
ORD-0016355,R-0025,2025-06-05,18.16,app,delivery,completed
ORD-0016356,R-0025,2025-06-17,14.71,app,delivery,completed
ORD-0016357,R-0025,2025-06-30,23.02,app,pickup,completed
ORD-0016358,R-0025,2025-06-09,26.54,web,delivery,completed
ORD-0016359,R-0025,2025-06-24,23.64,web,delivery,completed
ORD-0016360,R-0025,2025-06-09,34.41,app,delivery,completed
ORD-0016361,R-0025,2025-06-22,20.98,app,pickup,completed
ORD-0016362,R-0025,2025-06-15,21.85,web,delivery,completed
ORD-0016363,R-0025,2025-06-22,26.97,app,delivery,completed
ORD-0016364,R-0025,2025-06-26,43.25,app,pickup,completed
ORD-0016365,R-0025,2025-06-01,28.56,app,delivery,completed
ORD-0016366,R-0025,2025-06-20,21.82,app,pickup,completed
ORD-0016367,R-0025,2025-06-03,29.85,app,pickup,COMPLETED
ORD-0016368,R-0025,2025-06-29,22.41,app,pickup,completed
ORD-0016369,R-0025,2025-06-16,24.54,app,pickup,completed
ORD-0016370,R-0025,2025-06-09,21.01,app,delivery,completed
ORD-0016371,R-0025,2025-06-21,15.60,web,delivery,completed
ORD-0016372,R-0025,2025-06-21,19.15,web,pickup,completed
ORD-0016373,R-0025,2025-06-14,41.76,app,delivery,COMPLETED
ORD-0016374,R-0025,2025-06-28,26.90,app,delivery,completed
ORD-0016375,R-0025,2025-06-29,25.48,web,delivery,completed
ORD-0016376,R-0025,2025-06-14,24.42,app,delivery,completed
ORD-0016377,R-0025,2025-06-22,21.74,web,pickup,completed
ORD-0016378,R-0025,2025-06-01,24.50,app,delivery,completed
ORD-0016379,R-0025,2025-06-10,19.51,web,delivery,Completed
ORD-0016380,R-0025,2025-06-26,24.44,app,delivery,completed
ORD-0016381,R-0025,2025-06-05,15.29,app,delivery,completed
ORD-0016382,R-0025,2025-06-01,30.84,app,delivery,completed
ORD-0016383,R-0025,2025-06-21,23.44,app,pickup,Cancelled
ORD-0016384,R-0025,2025-06-12,14.08,app,delivery,completed
ORD-0016385,R-0025,2025-06-27,21.67,web,delivery,completed
ORD-0016386,R-0025,2025-06-29,20.89,app,delivery,completed
ORD-0016387,R-0025,2025-06-12,31.88,app,delivery,completed
ORD-0016388,R-0025,2025-06-29,22.61,app,delivery,completed
ORD-0016389,R-0025,2025-06-21,18.11,web,delivery,completed
ORD-0016390,R-0025,2025-06-14,11.76,app,delivery,Completed
ORD-0016391,R-0025,2025-06-17,18.04,web,delivery,completed
ORD-0016392,R-0025,2025-06-28,36.57,web,pickup,completed
ORD-0016393,R-0025,2025-06-04,26.21,app,delivery,completed
ORD-0016394,R-0025,2025-06-12,16.28,web,delivery,completed
ORD-0016395,R-0025,2025-06-13,22.52,app,delivery,completed
ORD-0019485,R-0033,2025-06-25,16.98,web,delivery,COMPLETED
ORD-0019486,R-0033,2025-06-26,17.83,web,delivery,completed
ORD-0019487,R-0033,2025-06-15,23.81,web,pickup,completed
ORD-0019488,R-0033,2025-06-06,16.81,web,delivery,completed
ORD-0019489,R-0033,2025-06-21,17.08,web,delivery,completed
ORD-0019490,R-0033,2025-06-23,42.52,web,delivery,completed
ORD-0020266,R-0037,2025-06-30,28.86,web,pickup,completed
ORD-0020267,R-0037,2025-06-28,18.23,web,delivery,completed
ORD-0022938,R-0046,2025-06-05,22.78,app,delivery,completed
ORD-0022939,R-0046,2025-06-08,12.65,web,pickup,completed
ORD-0022940,R-0046,2025-06-14,17.43,web,pickup,completed
ORD-0022941,R-0046,2025-06-08,19.29,app,pickup,completed
ORD-0022942,R-0046,2025-06-09,18.77,app,pickup,cancelled
ORD-0022943,R-0046,2025-06-22,31.34,app,pickup,completed
ORD-0022944,R-0046,2025-06-08,31.23,web,pickup,Completed
ORD-0022945,R-0046,2025-06-20,12.16,app,delivery,completed
ORD-0022946,R-0046,2025-06-27,21.15,app,pickup,completed
ORD-0022947,R-0046,2025-06-01,31.08,web,delivery,completed
ORD-0022948,R-0046,2025-06-25,22.70,app,delivery,completed
ORD-0022949,R-0046,2025-06-06,21.73,app,delivery,completed
ORD-0022950,R-0046,2025-06-27,19.59,app,delivery,completed
ORD-0022951,R-0046,2025-06-15,8.96,app,pickup,COMPLETED
ORD-0022952,R-0046,2025-06-24,21.10,app,delivery,completed
ORD-0022953,R-0046,2025-06-09,12.23,web,delivery,completed
ORD-0022954,R-0046,2025-06-14,21.14,web,pickup,completed
ORD-0022955,R-0046,2025-06-23,31.38,app,pickup,completed
ORD-0022956,R-0046,2025-06-12,25.44,web,delivery,Completed
ORD-0022957,R-0046,2025-06-11,15.76,app,delivery,completed
ORD-0022958,R-0046,2025-06-06,23.51,app,delivery,completed
ORD-0022959,R-0046,2025-06-11,31.64,web,pickup,completed
ORD-0022960,R-0046,2025-06-25,19.27,web,pickup,completed
ORD-0022961,R-0046,2025-06-30,24.07,app,delivery,completed
ORD-0022962,R-0046,2025-06-01,25.84,app,delivery,completed
ORD-0022963,R-0046,2025-06-06,23.68,app,pickup,completed
ORD-0022964,R-0046,2025-06-20,20.33,app,pickup,completed
ORD-0022965,R-0046,2025-06-16,42.73,app,delivery,completed
ORD-0022966,R-0046,2025-06-29,36.88,web,delivery,completed
ORD-0022967,R-0046,2025-06-08,23.55,app,delivery,completed
ORD-0022968,R-0046,2025-06-04,19.00,app,delivery,completed
ORD-0022969,R-0046,2025-06-01,26.35,web,delivery,completed
ORD-0022970,R-0046,2025-06-14,42.43,web,pickup,completed
ORD-0022971,R-0046,2025-06-09,23.40,app,pickup,completed
ORD-0022972,R-0046,2025-06-11,29.49,app,delivery,completed
ORD-0022973,R-0046,2025-06-20,17.55,app,delivery,completed
ORD-0022974,R-0046,2025-06-19,24.67,app,delivery,completed
ORD-0022975,R-0046,2025-06-11,34.63,app,delivery,COMPLETED
ORD-0022976,R-0046,2025-06-14,31.52,web,pickup,completed
ORD-0022977,R-0046,2025-06-11,31.92,app,delivery,completed
ORD-0022978,R-0046,2025-06-14,21.46,web,pickup,completed
ORD-0022979,R-0046,2025-06-01,19.47,web,delivery,completed
ORD-0022980,R-0046,2025-06-15,31.59,app,delivery,completed
ORD-0022981,R-0046,2025-06-07,18.30,app,pickup,completed
ORD-0022982,R-0046,2025-06-11,33.91,web,pickup,completed
ORD-0022983,R-0046,2025-06-21,31.40,app,pickup,completed
ORD-0022984,R-0046,2025-06-19,38.90,app,pickup,completed
ORD-0022985,R-0046,2025-06-21,19.64,web,pickup,completed
ORD-0022986,R-0046,2025-06-28,16.88,web,delivery,completed
ORD-0022987,R-0046,2025-06-28,28.34,app,pickup,completed
ORD-0022988,R-0046,2025-06-14,24.82,web,delivery,completed
ORD-0022989,R-0046,2025-06-28,16.92,app,delivery,completed
ORD-0022990,R-0046,2025-06-21,29.38,app,pickup,completed
ORD-0022991,R-0046,2025-06-15,39.66,web,delivery,completed
ORD-0022992,R-0046,2025-06-11,37.06,app,delivery,completed
ORD-0022993,R-0046,2025-06-01,22.21,web,pickup,COMPLETED
ORD-0022994,R-0046,2025-06-18,14.19,app,pickup,COMPLETED
ORD-0022995,R-0046,2025-06-25,17.28,web,pickup,COMPLETED
ORD-0022996,R-0046,2025-06-14,16.98,web,delivery,completed
ORD-0022997,R-0046,2025-06-25,16.52,app,delivery,completed
ORD-0022998,R-0046,2025-06-17,22.67,web,delivery,completed
ORD-0022999,R-0046,2025-06-28,17.54,web,pickup,completed
ORD-0023000,R-0046,2025-06-01,13.41,app,delivery,completed
ORD-0023001,R-0046,2025-06-22,16.83,app,pickup,completed
ORD-0023002,R-0046,2025-06-08,36.21,web,delivery,completed
ORD-0023003,R-0046,2025-06-27,28.68,app,delivery,completed
ORD-0023004,R-0046,2025-06-10,15.12,web,delivery,completed
ORD-0023005,R-0046,2025-06-09,24.87,web,pickup,completed
ORD-0023006,R-0046,2025-06-12,21.11,app,pickup,completed
ORD-0023007,R-0046,2025-06-14,20.84,app,delivery,completed
ORD-0023008,R-0046,2025-06-06,20.65,app,pickup,completed
ORD-0023009,R-0046,2025-06-26,32.24,app,pickup,completed
ORD-0023010,R-0046,2025-06-01,17.15,web,delivery,completed
ORD-0023011,R-0046,2025-06-03,22.37,app,pickup,Completed
ORD-0023012,R-0046,2025-06-07,19.63,app,delivery,completed
ORD-0023013,R-0046,2025-06-23,14.15,app,delivery,completed
ORD-0023014,R-0046,2025-06-08,31.44,app,delivery,completed
ORD-0023015,R-0046,2025-06-07,33.97,web,delivery,completed
ORD-0023016,R-0046,2025-06-02,21.62,web,delivery,COMPLETED
ORD-0023017,R-0046,2025-06-01,30.18,app,delivery,Completed
ORD-0023018,R-0046,2025-06-14,19.43,web,pickup,COMPLETED
ORD-0023019,R-0046,2025-06-16,26.64,app,pickup,completed
ORD-0023020,R-0046,2025-06-06,22.49,app,pickup,completed
ORD-0023021,R-0046,2025-06-05,16.69,app,delivery,completed
ORD-0023022,R-0046,2025-06-26,20.20,web,pickup,completed
ORD-0023023,R-0046,2025-06-02,21.00,app,pickup,completed
ORD-0023024,R-0046,2025-06-05,24.45,app,delivery,cancelled
ORD-0023025,R-0046,2025-06-06,10.71,app,delivery,completed
ORD-0023026,R-0046,2025-06-06,19.91,app,delivery,completed
ORD-0023027,R-0046,2025-06-21,33.29,web,pickup,completed
ORD-0023028,R-0046,2025-06-20,21.95,app,pickup,completed
ORD-0023029,R-0046,2025-06-14,15.18,web,pickup,completed
ORD-0023030,R-0046,2025-06-30,28.91,app,pickup,completed
ORD-0023031,R-0046,2025-06-28,27.29,app,pickup,completed
ORD-0023032,R-0046,2025-06-23,16.41,app,pickup,completed
ORD-0023033,R-0046,2025-06-03,13.76,app,delivery,completed
ORD-0023034,R-0046,2025-06-12,26.28,app,pickup,completed
ORD-0023035,R-0046,2025-06-07,20.20,app,delivery,completed
ORD-0023036,R-0046,2025-06-16,8.34,app,delivery,completed
ORD-0023037,R-0046,2025-06-08,15.48,web,pickup,COMPLETED
ORD-0023038,R-0046,2025-06-08,20.15,web,pickup,completed
ORD-0023039,R-0046,2025-06-07,39.97,web,pickup,completed
ORD-0023040,R-0046,2025-06-17,26.34,app,delivery,completed
ORD-0025793,R-0053,2025-06-26,26.38,web,pickup,completed
ORD-0025794,R-0053,2025-06-12,54.60,web,delivery,COMPLETED
ORD-0025795,R-0053,2025-06-19,18.09,web,pickup,completed
ORD-0025796,R-0053,2025-06-27,42.11,app,delivery,completed
ORD-0025797,R-0053,2025-06-19,20.78,web,delivery,completed
ORD-0025798,R-0053,2025-06-04,39.63,app,delivery,completed
ORD-0025799,R-0053,2025-06-10,23.59,web,delivery,completed
ORD-0025800,R-0053,2025-06-21,30.70,web,delivery,completed
ORD-0025801,R-0053,2025-06-08,24.34,web,delivery,completed
ORD-0025802,R-0053,2025-06-20,20.96,app,delivery,completed
ORD-0025803,R-0053,2025-06-14,22.85,web,delivery,completed
ORD-0025804,R-0053,2025-06-13,30.51,app,delivery,completed
ORD-0025805,R-0053,2025-06-22,27.22,web,delivery,completed
ORD-0025806,R-0053,2025-06-24,20.61,web,delivery,completed
ORD-0025807,R-0053,2025-06-06,36.23,app,delivery,completed
ORD-0025808,R-0053,2025-06-26,16.47,app,pickup,completed
ORD-0025809,R-0053,2025-06-27,33.50,app,pickup,completed
ORD-0025810,R-0053,2025-06-07,27.27,app,delivery,completed
ORD-0025811,R-0053,2025-06-22,37.69,web,delivery,completed
ORD-0025812,R-0053,2025-06-12,45.51,web,delivery,completed
ORD-0025813,R-0053,2025-06-28,26.64,web,delivery,completed
ORD-0025814,R-0053,2025-06-25,26.61,web,delivery,completed
ORD-0025815,R-0053,2025-06-27,37.87,app,pickup,completed
ORD-0025816,R-0053,2025-06-05,30.10,app,delivery,completed
ORD-0025817,R-0053,2025-06-27,40.36,web,delivery,completed
ORD-0025818,R-0053,2025-06-08,25.03,app,delivery,completed
ORD-0025819,R-0053,2025-06-27,37.79,app,delivery,Completed
ORD-0025820,R-0053,2025-06-14,33.50,web,delivery,completed
ORD-0025821,R-0053,2025-06-26,32.79,web,pickup,Completed
ORD-0025822,R-0053,2025-06-26,25.77,app,pickup,completed
ORD-0025823,R-0053,2025-06-02,26.69,web,pickup,COMPLETED
ORD-0025824,R-0053,2025-06-18,21.91,web,delivery,completed
ORD-0025825,R-0053,2025-06-20,37.76,web,delivery,completed
ORD-0025826,R-0053,2025-06-12,30.01,app,delivery,completed
ORD-0025827,R-0053,2025-06-28,32.42,web,delivery,completed
ORD-0025828,R-0053,2025-06-03,22.31,app,delivery,completed
ORD-0025829,R-0053,2025-06-27,37.28,web,pickup,completed
ORD-0025830,R-0053,2025-06-14,22.35,app,pickup,completed
ORD-0025831,R-0053,2025-06-07,38.71,web,delivery,completed
ORD-0025832,R-0053,2025-06-22,19.60,web,pickup,completed
ORD-0025833,R-0053,2025-06-17,52.91,web,pickup,CANCELLED
ORD-0025834,R-0053,2025-06-06,75.25,app,delivery,completed
ORD-0025835,R-0053,2025-06-11,38.95,app,delivery,refunded
ORD-0025836,R-0053,2025-06-10,29.20,web,pickup,completed
ORD-0025837,R-0053,2025-06-15,25.16,web,pickup,completed
ORD-0025838,R-0053,2025-06-11,22.52,app,pickup,completed
ORD-0025839,R-0053,2025-06-11,27.53,web,delivery,completed
ORD-0025840,R-0053,2025-06-01,39.29,app,delivery,completed
ORD-0025841,R-0053,2025-06-27,31.73,app,delivery,completed
ORD-0025842,R-0053,2025-06-03,77.25,web,delivery,completed
ORD-0025843,R-0053,2025-06-14,28.29,app,delivery,completed
ORD-0025844,R-0053,2025-06-22,28.83,web,pickup,completed
ORD-0025845,R-0053,2025-06-10,28.45,web,pickup,completed
ORD-0025846,R-0053,2025-06-26,32.34,app,delivery,completed
ORD-0025847,R-0053,2025-06-26,23.86,web,pickup,completed
ORD-0027784,R-0058,2025-06-08,16.24,app,pickup,completed
ORD-0027785,R-0058,2025-06-16,31.85,web,delivery,completed
ORD-0027786,R-0058,2025-06-07,46.95,app,delivery,completed
ORD-0027787,R-0058,2025-06-22,40.59,app,delivery,COMPLETED
ORD-0027788,R-0058,2025-06-06,22.36,app,delivery,completed
ORD-0027789,R-0058,2025-06-16,30.04,app,delivery,completed
ORD-0027790,R-0058,2025-06-21,31.19,app,delivery,completed
ORD-0027791,R-0058,2025-06-30,20.14,app,pickup,completed
ORD-0027792,R-0058,2025-06-07,49.01,app,delivery,completed
ORD-0027793,R-0058,2025-06-29,35.83,web,delivery,COMPLETED
ORD-0027794,R-0058,2025-06-30,61.87,web,delivery,completed
ORD-0028575,R-0061,2025-06-13,29.96,web,delivery,completed
ORD-0028576,R-0061,2025-06-06,17.61,app,delivery,completed
ORD-0028577,R-0061,2025-06-05,36.38,app,pickup,completed
ORD-0028578,R-0061,2025-06-17,26.68,app,pickup,completed
ORD-0028579,R-0061,2025-06-28,19.11,app,delivery,Completed
ORD-0028580,R-0061,2025-06-23,23.53,web,pickup,completed
ORD-0028581,R-0061,2025-06-30,38.31,app,delivery,completed
ORD-0028582,R-0061,2025-06-20,20.91,web,delivery,completed
ORD-0028583,R-0061,2025-06-27,38.27,web,pickup,completed
ORD-0028584,R-0061,2025-06-18,50.34,web,delivery,completed
ORD-0028585,R-0061,2025-06-06,44.61,app,delivery,completed
ORD-0028586,R-0061,2025-06-26,32.60,app,pickup,completed
ORD-0028587,R-0061,2025-06-18,27.92,app,pickup,completed
ORD-0028588,R-0061,2025-06-21,22.95,app,pickup,completed
ORD-0028589,R-0061,2025-06-13,42.64,web,delivery,completed
ORD-0028590,R-0061,2025-06-23,35.59,app,delivery,completed
ORD-0028591,R-0061,2025-06-09,51.79,app,delivery,COMPLETED
ORD-0028592,R-0061,2025-06-18,31.83,web,pickup,completed
ORD-0028593,R-0061,2025-06-07,32.16,app,delivery,completed
ORD-0028594,R-0061,2025-06-09,42.84,web,delivery,completed
ORD-0028595,R-0061,2025-06-08,45.69,app,pickup,completed
ORD-0028596,R-0061,2025-06-21,15.13,web,pickup,completed
ORD-0028597,R-0061,2025-06-14,48.14,app,delivery,completed
ORD-0028598,R-0061,2025-06-28,40.84,app,pickup,completed
ORD-0028599,R-0061,2025-06-26,24.45,web,delivery,completed
ORD-0028600,R-0061,2025-06-15,33.11,app,delivery,Completed
ORD-0028601,R-0061,2025-06-29,43.39,app,delivery,completed
ORD-0028602,R-0061,2025-06-27,48.04,app,delivery,completed
ORD-0028603,R-0061,2025-06-05,36.28,web,delivery,completed
ORD-0028604,R-0061,2025-06-02,32.19,web,delivery,cancelled
ORD-0028605,R-0061,2025-06-26,35.83,web,pickup,completed
ORD-0028606,R-0061,2025-06-18,36.12,app,pickup,completed
ORD-0028607,R-0061,2025-06-08,72.58,app,pickup,completed
ORD-0028608,R-0061,2025-06-14,50.50,app,delivery,COMPLETED
ORD-0028609,R-0061,2025-06-13,38.66,app,delivery,completed
ORD-0028610,R-0061,2025-06-16,20.95,app,delivery,completed
ORD-0028611,R-0061,2025-06-10,37.17,web,pickup,completed
ORD-0028612,R-0061,2025-06-15,28.05,app,delivery,Completed
ORD-0028613,R-0061,2025-06-14,28.57,web,delivery,completed
ORD-0028614,R-0061,2025-06-08,22.26,app,delivery,completed
ORD-0028615,R-0061,2025-06-05,30.05,app,delivery,completed
ORD-0028616,R-0061,2025-06-04,30.06,web,pickup,completed
ORD-0028617,R-0061,2025-06-24,49.67,web,delivery,completed
ORD-0028618,R-0061,2025-06-06,27.82,app,delivery,completed
ORD-0028619,R-0061,2025-06-14,35.06,app,pickup,completed
ORD-0028620,R-0061,2025-06-23,39.83,web,delivery,completed
ORD-0028621,R-0061,2025-06-17,34.84,web,pickup,completed
ORD-0028622,R-0061,2025-06-04,29.30,web,pickup,completed
ORD-0028623,R-0061,2025-06-05,47.51,web,pickup,completed
ORD-0028624,R-0061,2025-06-27,10.90,web,delivery,completed
ORD-0028625,R-0061,2025-06-09,50.94,app,delivery,COMPLETED
ORD-0028626,R-0061,2025-06-16,13.44,web,pickup,completed
ORD-0028627,R-0061,2025-06-12,43.77,app,delivery,completed
ORD-0028628,R-0061,2025-06-29,40.59,web,delivery,completed
ORD-0028629,R-0061,2025-06-14,33.93,app,pickup,completed
ORD-0028630,R-0061,2025-06-17,46.72,app,pickup,completed
ORD-0028631,R-0061,2025-06-07,31.17,app,pickup,COMPLETED
ORD-0028632,R-0061,2025-06-18,32.92,web,pickup,completed
ORD-0028633,R-0061,2025-06-27,23.52,app,pickup,completed
ORD-0028634,R-0061,2025-06-07,31.45,app,pickup,completed
ORD-0028635,R-0061,2025-06-09,47.28,app,pickup,completed
ORD-0028636,R-0061,2025-06-05,35.71,web,delivery,completed
ORD-0028637,R-0061,2025-06-08,41.66,app,delivery,completed
ORD-0028638,R-0061,2025-06-25,29.15,app,pickup,COMPLETED
ORD-0028639,R-0061,2025-06-06,30.65,app,pickup,completed
ORD-0028640,R-0061,2025-06-01,23.72,app,delivery,cancelled
ORD-0028641,R-0061,2025-06-24,30.53,app,delivery,Completed
ORD-0028642,R-0061,2025-06-14,19.43,web,delivery,completed
ORD-0028643,R-0061,2025-06-16,22.89,web,pickup,completed
ORD-0028644,R-0061,2025-06-08,22.66,app,delivery,completed
ORD-0028645,R-0061,2025-06-21,45.49,app,delivery,Completed
ORD-0028646,R-0061,2025-06-20,42.41,web,pickup,completed
ORD-0028647,R-0061,2025-06-14,45.05,web,delivery,cancelled
ORD-0028648,R-0061,2025-06-17,30.66,web,pickup,completed
ORD-0028649,R-0061,2025-06-25,41.09,web,delivery,completed
ORD-0028650,R-0061,2025-06-21,39.53,web,pickup,completed
ORD-0028651,R-0061,2025-06-05,20.31,app,delivery,completed
ORD-0028652,R-0061,2025-06-17,13.37,app,pickup,completed
ORD-0028653,R-0061,2025-06-28,25.47,app,pickup,completed
ORD-0028654,R-0061,2025-06-01,37.32,web,pickup,completed
ORD-0028655,R-0061,2025-06-01,58.53,web,delivery,COMPLETED
ORD-0028656,R-0061,2025-06-24,37.36,web,delivery,completed
ORD-0028657,R-0061,2025-06-04,20.23,app,delivery,completed
ORD-0028658,R-0061,2025-06-12,31.21,app,pickup,completed
ORD-0028659,R-0061,2025-06-20,40.02,web,pickup,completed
ORD-0028660,R-0061,2025-06-05,38.64,web,delivery,completed
ORD-0028661,R-0061,2025-06-10,27.46,app,delivery,completed
ORD-0028662,R-0061,2025-06-29,21.93,web,pickup,completed
ORD-0028663,R-0061,2025-06-08,44.83,web,pickup,completed
ORD-0028664,R-0061,2025-06-05,18.08,web,pickup,COMPLETED
ORD-0028665,R-0061,2025-06-05,35.31,app,delivery,COMPLETED
ORD-0028666,R-0061,2025-06-10,21.34,app,pickup,cancelled
ORD-0028667,R-0061,2025-06-05,11.33,web,delivery,completed
ORD-0028668,R-0061,2025-06-15,30.09,app,pickup,completed
ORD-0028669,R-0061,2025-06-20,29.48,app,delivery,refunded
ORD-0028670,R-0061,2025-06-30,21.59,web,delivery,completed
ORD-0028671,R-0061,2025-06-17,44.05,web,delivery,completed
ORD-0028672,R-0061,2025-06-26,15.48,app,pickup,completed
ORD-0028673,R-0061,2025-06-19,34.30,web,delivery,completed
ORD-0028674,R-0061,2025-06-27,38.79,app,delivery,completed
ORD-0028675,R-0061,2025-06-28,33.46,app,delivery,completed
ORD-0028676,R-0061,2025-06-21,28.71,app,delivery,completed
ORD-0028677,R-0061,2025-06-10,19.72,web,delivery,completed
ORD-0028678,R-0061,2025-06-28,28.85,app,delivery,completed
ORD-0028679,R-0061,2025-06-09,36.85,web,delivery,completed
ORD-0028680,R-0061,2025-06-30,19.04,web,delivery,completed
ORD-0028681,R-0061,2025-06-09,12.95,app,delivery,COMPLETED
ORD-0028682,R-0061,2025-06-21,25.28,web,pickup,completed
ORD-0028683,R-0061,2025-06-20,25.54,app,delivery,completed
ORD-0028684,R-0061,2025-06-11,14.30,app,pickup,completed
ORD-0028685,R-0061,2025-06-14,24.02,web,delivery,completed
ORD-0028686,R-0061,2025-06-21,56.47,app,delivery,Completed
ORD-0028687,R-0061,2025-06-28,44.67,web,delivery,completed
ORD-0028688,R-0061,2025-06-28,38.06,app,delivery,completed
ORD-0028689,R-0061,2025-06-28,33.92,web,pickup,completed
ORD-0028690,R-0061,2025-06-20,13.15,app,delivery,completed
ORD-0028691,R-0061,2025-06-25,43.35,app,pickup,completed
ORD-0028692,R-0061,2025-06-12,16.97,app,delivery,completed
ORD-0028693,R-0061,2025-06-21,23.42,web,delivery,cancelled
ORD-0028694,R-0061,2025-06-22,26.58,web,pickup,completed
ORD-0033233,R-0072,2025-06-06,20.73,app,pickup,completed
ORD-0033234,R-0072,2025-06-21,65.94,app,delivery,completed
ORD-0033235,R-0072,2025-06-27,21.30,web,delivery,completed
ORD-0033236,R-0072,2025-06-21,28.21,app,delivery,completed
ORD-0033237,R-0072,2025-06-23,53.54,web,delivery,completed
ORD-0033238,R-0072,2025-06-18,37.81,web,delivery,completed
ORD-0033239,R-0072,2025-06-22,16.48,web,delivery,completed
ORD-0033240,R-0072,2025-06-13,38.41,app,delivery,completed
ORD-0033241,R-0072,2025-06-15,41.90,web,delivery,completed
ORD-0033242,R-0072,2025-06-22,53.43,web,delivery,completed
ORD-0033243,R-0072,2025-06-13,56.05,app,delivery,COMPLETED
ORD-0033244,R-0072,2025-06-08,47.53,web,pickup,completed
ORD-0033245,R-0072,2025-06-18,36.05,web,pickup,completed
ORD-0033246,R-0072,2025-06-28,30.62,app,delivery,refunded
ORD-0033247,R-0072,2025-06-28,47.40,web,delivery,completed
ORD-0033633,R-0074,2025-06-09,30.23,web,delivery,completed
ORD-0033634,R-0074,2025-06-03,28.62,app,pickup,completed
ORD-0033635,R-0074,2025-06-03,40.22,app,delivery,completed
ORD-0033636,R-0074,2025-06-14,23.62,app,delivery,Cancelled
ORD-0033637,R-0074,2025-06-15,15.26,app,pickup,COMPLETED
ORD-0033638,R-0074,2025-06-16,21.48,web,delivery,completed
ORD-0033639,R-0074,2025-06-20,30.38,app,pickup,completed
ORD-0033640,R-0074,2025-06-17,24.08,web,delivery,completed
ORD-0033641,R-0074,2025-06-22,42.65,web,delivery,completed
ORD-0033642,R-0074,2025-06-13,42.21,web,pickup,completed
ORD-0033643,R-0074,2025-06-30,26.07,web,pickup,completed
ORD-0033644,R-0074,2025-06-23,37.56,app,pickup,completed
ORD-0033645,R-0074,2025-06-07,26.61,app,pickup,completed
ORD-0033646,R-0074,2025-06-19,48.65,web,delivery,COMPLETED
ORD-0033647,R-0074,2025-06-25,56.06,app,pickup,completed
ORD-0033648,R-0074,2025-06-08,25.81,app,delivery,COMPLETED
ORD-0033649,R-0074,2025-06-13,18.59,web,delivery,completed
ORD-0033650,R-0074,2025-06-05,22.92,app,delivery,completed
ORD-0033651,R-0074,2025-06-07,49.49,app,delivery,completed
ORD-0033652,R-0074,2025-06-18,15.67,app,delivery,completed
ORD-0033653,R-0074,2025-06-21,36.95,app,delivery,completed
ORD-0033654,R-0074,2025-06-17,20.43,app,pickup,COMPLETED
ORD-0033655,R-0074,2025-06-01,19.63,app,delivery,completed
ORD-0033656,R-0074,2025-06-18,37.99,app,delivery,completed
ORD-0033657,R-0074,2025-06-14,31.55,app,pickup,completed
ORD-0033658,R-0074,2025-06-15,48.60,app,delivery,completed
ORD-0033659,R-0074,2025-06-02,48.72,web,delivery,completed
ORD-0033660,R-0074,2025-06-13,24.63,app,delivery,Cancelled
ORD-0033661,R-0074,2025-06-03,27.50,app,delivery,completed
ORD-0033662,R-0074,2025-06-14,35.08,app,delivery,COMPLETED
ORD-0033663,R-0074,2025-06-01,24.88,app,delivery,completed
ORD-0033664,R-0074,2025-06-27,43.16,app,delivery,completed
ORD-0033665,R-0074,2025-06-04,31.71,app,delivery,completed
ORD-0033666,R-0074,2025-06-23,26.03,web,delivery,completed
ORD-0033667,R-0074,2025-06-17,26.23,app,delivery,completed
ORD-0033668,R-0074,2025-06-22,50.28,web,pickup,Completed
ORD-0033669,R-0074,2025-06-24,24.50,app,delivery,completed
ORD-0033670,R-0074,2025-06-12,45.34,app,pickup,completed
ORD-0033671,R-0074,2025-06-07,32.50,app,pickup,completed
ORD-0033672,R-0074,2025-06-01,16.50,app,pickup,completed
ORD-0033673,R-0074,2025-06-29,16.93,app,delivery,completed
ORD-0033674,R-0074,2025-06-11,25.10,app,delivery,completed
ORD-0033675,R-0074,2025-06-28,36.71,app,pickup,cancelled
ORD-0033676,R-0074,2025-06-20,33.41,app,delivery,completed
ORD-0033677,R-0074,2025-06-05,25.39,web,delivery,COMPLETED
ORD-0033678,R-0074,2025-06-13,31.29,app,pickup,completed
ORD-0033679,R-0074,2025-06-25,37.00,app,delivery,completed
ORD-0033680,R-0074,2025-06-14,11.93,app,delivery,completed
ORD-0033681,R-0074,2025-06-14,30.02,app,pickup,completed
ORD-0033682,R-0074,2025-06-27,28.80,web,delivery,COMPLETED
ORD-0033683,R-0074,2025-06-14,43.51,web,delivery,completed
ORD-0033684,R-0074,2025-06-06,28.97,app,pickup,completed
ORD-0033685,R-0074,2025-06-07,18.07,app,pickup,cancelled
ORD-0033686,R-0074,2025-06-17,39.25,web,pickup,completed
ORD-0033687,R-0074,2025-06-06,21.75,app,delivery,cancelled
ORD-0033688,R-0074,2025-06-18,24.62,web,delivery,cancelled
ORD-0035521,R-0077,2025-06-18,22.65,app,delivery,completed
ORD-0035522,R-0077,2025-06-22,19.07,app,delivery,completed
ORD-0035523,R-0077,2025-06-15,14.41,web,delivery,completed
ORD-0035524,R-0077,2025-06-27,31.23,web,delivery,COMPLETED
ORD-0035525,R-0077,2025-06-15,26.48,app,pickup,completed
ORD-0035526,R-0077,2025-06-29,24.32,app,pickup,completed
ORD-0035527,R-0077,2025-06-23,14.60,app,delivery,completed
ORD-0035528,R-0077,2025-06-19,26.43,app,delivery,completed
ORD-0035529,R-0077,2025-06-21,22.01,web,delivery,COMPLETED
ORD-0035530,R-0077,2025-06-15,24.43,web,delivery,completed
ORD-0035531,R-0077,2025-06-29,30.11,web,pickup,completed
ORD-0035532,R-0077,2025-06-19,31.51,app,pickup,completed
ORD-0035533,R-0077,2025-06-25,32.64,app,delivery,cancelled
ORD-0035534,R-0077,2025-06-27,22.58,web,delivery,completed
ORD-0035535,R-0077,2025-06-24,18.94,web,pickup,completed
ORD-0035536,R-0077,2025-06-29,33.88,app,delivery,completed
ORD-0035537,R-0077,2025-06-28,22.26,app,pickup,completed
ORD-0035538,R-0077,2025-06-21,11.50,app,delivery,completed
ORD-0035539,R-0077,2025-06-28,18.98,web,pickup,completed
ORD-0035540,R-0077,2025-06-22,20.19,web,delivery,completed
ORD-0035541,R-0077,2025-06-30,33.90,app,delivery,completed
ORD-0035542,R-0077,2025-06-30,34.04,app,pickup,completed
ORD-0035543,R-0077,2025-06-17,12.39,web,pickup,completed
ORD-0035544,R-0077,2025-06-22,24.54,web,pickup,completed
ORD-0035545,R-0077,2025-06-16,20.35,web,delivery,COMPLETED
ORD-0035546,R-0077,2025-06-24,18.10,web,pickup,completed
ORD-0035547,R-0077,2025-06-23,20.79,app,delivery,completed
ORD-0035548,R-0077,2025-06-28,27.73,web,delivery,completed
ORD-0035549,R-0077,2025-06-27,21.68,web,delivery,completed
ORD-0035550,R-0077,2025-06-29,20.79,app,pickup,cancelled
ORD-0036450,R-0081,2025-06-05,47.04,web,pickup,completed
ORD-0036451,R-0081,2025-06-21,58.36,app,delivery,completed
ORD-0036452,R-0081,2025-06-13,74.05,web,delivery,completed
ORD-0036453,R-0081,2025-06-14,34.52,web,pickup,completed
ORD-0036454,R-0081,2025-06-29,33.15,web,pickup,completed
ORD-0036455,R-0081,2025-06-28,60.92,app,delivery,completed
ORD-0036456,R-0081,2025-06-19,44.46,app,pickup,completed
ORD-0036457,R-0081,2025-06-05,77.84,app,delivery,completed
ORD-0036458,R-0081,2025-06-13,41.30,web,delivery,completed
ORD-0036459,R-0081,2025-06-03,59.58,web,delivery,completed
ORD-0036460,R-0081,2025-06-13,44.60,web,delivery,completed
ORD-0036461,R-0081,2025-06-07,45.08,web,delivery,completed
ORD-0036462,R-0081,2025-06-20,35.14,app,pickup,completed
ORD-0036463,R-0081,2025-06-11,76.96,app,delivery,completed
ORD-0036464,R-0081,2025-06-23,34.63,web,delivery,completed
ORD-0036465,R-0081,2025-06-26,28.88,app,delivery,completed
ORD-0036466,R-0081,2025-06-24,37.03,app,pickup,COMPLETED
ORD-0036467,R-0081,2025-06-17,33.13,app,pickup,completed
ORD-0036468,R-0081,2025-06-07,55.77,web,delivery,completed
ORD-0036469,R-0081,2025-06-13,33.75,web,delivery,completed
ORD-0036470,R-0081,2025-06-13,51.50,app,delivery,completed
ORD-0036471,R-0081,2025-06-09,76.86,web,pickup,completed
ORD-0036472,R-0081,2025-06-21,59.76,app,delivery,completed
ORD-0036473,R-0081,2025-06-12,53.84,app,delivery,completed
ORD-0036474,R-0081,2025-06-03,45.07,app,delivery,COMPLETED
ORD-0036475,R-0081,2025-06-17,56.90,app,delivery,completed
ORD-0036476,R-0081,2025-06-01,75.71,app,pickup,completed
ORD-0036477,R-0081,2025-06-13,25.28,web,pickup,completed
ORD-0036478,R-0081,2025-06-14,33.54,app,delivery,completed
ORD-0036479,R-0081,2025-06-26,52.95,web,pickup,completed
ORD-0036480,R-0081,2025-06-26,70.06,app,delivery,completed
ORD-0036481,R-0081,2025-06-19,63.35,app,delivery,completed
ORD-0036482,R-0081,2025-06-06,86.86,app,delivery,completed
ORD-0036483,R-0081,2025-06-10,51.26,web,pickup,completed
ORD-0036484,R-0081,2025-06-15,50.91,web,delivery,COMPLETED
ORD-0036485,R-0081,2025-06-21,71.08,web,delivery,COMPLETED
ORD-0036486,R-0081,2025-06-30,59.92,app,delivery,completed
ORD-0036487,R-0081,2025-06-04,65.71,web,pickup,Completed
ORD-0036488,R-0081,2025-06-04,25.10,web,pickup,completed
ORD-0036489,R-0081,2025-06-07,41.61,app,delivery,cancelled
ORD-0036490,R-0081,2025-06-16,46.04,app,pickup,completed
ORD-0038443,R-0087,2025-06-21,18.03,web,delivery,completed
ORD-0038444,R-0087,2025-06-02,29.80,web,pickup,completed
ORD-0038445,R-0087,2025-06-28,41.91,app,pickup,completed
ORD-0038446,R-0087,2025-06-15,47.93,web,delivery,completed
ORD-0038447,R-0087,2025-06-28,29.08,web,delivery,completed
ORD-0038448,R-0087,2025-06-25,31.81,app,pickup,completed
ORD-0038449,R-0087,2025-06-14,55.72,web,delivery,completed
ORD-0038450,R-0087,2025-06-03,48.00,web,delivery,completed
ORD-0038451,R-0087,2025-06-01,23.30,app,pickup,COMPLETED
ORD-0038452,R-0087,2025-06-14,26.82,web,delivery,completed
ORD-0038453,R-0087,2025-06-19,23.53,app,delivery,completed
ORD-0038454,R-0087,2025-06-16,27.61,app,delivery,Completed
ORD-0038455,R-0087,2025-06-05,31.39,web,pickup,completed
ORD-0038456,R-0087,2025-06-28,23.45,app,delivery,completed
ORD-0038457,R-0087,2025-06-22,52.31,web,pickup,Completed
ORD-0038458,R-0087,2025-06-30,30.22,app,pickup,completed
ORD-0038459,R-0087,2025-06-10,47.56,web,pickup,completed
ORD-0038460,R-0087,2025-06-06,33.87,web,delivery,completed
ORD-0038461,R-0087,2025-06-29,19.61,web,delivery,COMPLETED
ORD-0038462,R-0087,2025-06-24,20.07,app,pickup,COMPLETED
ORD-0038463,R-0087,2025-06-21,26.30,web,delivery,completed
ORD-0038464,R-0087,2025-06-07,33.48,web,pickup,completed
ORD-0038465,R-0087,2025-06-20,38.84,app,delivery,completed
ORD-0038466,R-0087,2025-06-24,30.09,app,delivery,completed
ORD-0038467,R-0087,2025-06-18,36.29,web,delivery,completed
ORD-0038468,R-0087,2025-06-29,32.96,web,delivery,completed
ORD-0038469,R-0087,2025-06-25,21.93,app,delivery,completed
ORD-0038470,R-0087,2025-06-09,23.71,app,pickup,refunded
ORD-0038471,R-0087,2025-06-15,30.31,app,delivery,completed
ORD-0038472,R-0087,2025-06-14,34.57,app,delivery,completed
ORD-0038473,R-0087,2025-06-04,22.01,app,delivery,completed
ORD-0038474,R-0087,2025-06-27,37.71,web,delivery,completed
ORD-0038475,R-0087,2025-06-07,16.93,app,pickup,COMPLETED
ORD-0038476,R-0087,2025-06-14,25.92,web,pickup,completed
ORD-0038477,R-0087,2025-06-12,21.02,web,pickup,completed
ORD-0038478,R-0087,2025-06-30,60.22,app,pickup,completed
ORD-0038479,R-0087,2025-06-29,40.18,app,delivery,completed
ORD-0038480,R-0087,2025-06-22,35.38,web,pickup,completed
ORD-0038481,R-0087,2025-06-04,40.54,app,pickup,completed
ORD-0038482,R-0087,2025-06-07,37.95,app,pickup,completed
ORD-0038483,R-0087,2025-06-20,14.29,app,pickup,COMPLETED
ORD-0038484,R-0087,2025-06-23,30.08,web,delivery,completed
ORD-0038485,R-0087,2025-06-05,36.77,web,delivery,completed
ORD-0038486,R-0087,2025-06-04,48.37,web,pickup,COMPLETED
ORD-0038487,R-0087,2025-06-12,20.02,web,delivery,COMPLETED
ORD-0038488,R-0087,2025-06-02,28.02,web,pickup,completed
ORD-0038489,R-0087,2025-06-12,36.58,web,pickup,completed
ORD-0038490,R-0087,2025-06-18,27.95,web,delivery,completed
ORD-0038491,R-0087,2025-06-19,29.74,app,delivery,completed
ORD-0038492,R-0087,2025-06-28,37.53,app,delivery,completed
ORD-0038493,R-0087,2025-06-28,45.80,web,pickup,completed
ORD-0038494,R-0087,2025-06-14,27.59,web,delivery,completed
ORD-0041004,R-0092,2025-06-20,33.59,web,delivery,Completed
ORD-0041005,R-0092,2025-06-30,34.64,web,delivery,completed
ORD-0041006,R-0092,2025-06-05,22.63,web,pickup,completed
ORD-0041007,R-0092,2025-06-08,28.91,web,pickup,completed
ORD-0041008,R-0092,2025-06-13,29.60,app,pickup,completed
ORD-0041009,R-0092,2025-06-18,28.43,web,delivery,completed
ORD-0041010,R-0092,2025-06-27,21.31,web,pickup,Completed
ORD-0041011,R-0092,2025-06-16,43.94,web,pickup,completed
ORD-0041012,R-0092,2025-06-15,27.15,web,pickup,COMPLETED
ORD-0042471,R-0101,2025-06-15,16.14,web,pickup,completed
ORD-0042472,R-0101,2025-06-13,18.70,web,pickup,completed
ORD-0042473,R-0101,2025-06-28,48.64,web,pickup,completed
ORD-0042474,R-0101,2025-06-25,26.42,app,pickup,completed
ORD-0042475,R-0101,2025-06-25,18.98,web,pickup,completed
ORD-0042476,R-0101,2025-06-27,21.88,web,pickup,completed
ORD-0042477,R-0101,2025-06-13,12.65,web,pickup,completed
ORD-0042478,R-0101,2025-06-10,21.15,web,delivery,completed
ORD-0042479,R-0101,2025-06-11,14.64,web,pickup,completed
ORD-0042480,R-0101,2025-06-14,29.86,web,delivery,completed
ORD-0042481,R-0101,2025-06-18,28.70,web,delivery,cancelled
ORD-0042482,R-0101,2025-06-18,17.48,web,pickup,completed
ORD-0042483,R-0101,2025-06-04,19.37,app,pickup,Completed
ORD-0042484,R-0101,2025-06-11,35.40,web,pickup,completed
ORD-0042485,R-0101,2025-06-13,16.28,web,delivery,completed
ORD-0042486,R-0101,2025-06-13,40.08,app,pickup,completed
ORD-0044115,R-0104,2025-06-01,12.33,app,delivery,cancelled
ORD-0044116,R-0104,2025-06-30,30.22,app,delivery,COMPLETED
ORD-0044117,R-0104,2025-06-28,32.51,app,pickup,completed
ORD-0044118,R-0104,2025-06-08,18.70,web,delivery,completed
ORD-0044119,R-0104,2025-06-06,23.95,app,delivery,completed
ORD-0044120,R-0104,2025-06-05,28.87,web,pickup,completed
ORD-0044121,R-0104,2025-06-26,26.76,app,delivery,completed
ORD-0044122,R-0104,2025-06-24,15.57,web,delivery,completed
ORD-0044123,R-0104,2025-06-07,19.92,web,delivery,completed
ORD-0044124,R-0104,2025-06-17,20.13,web,delivery,COMPLETED
ORD-0044125,R-0104,2025-06-18,15.54,web,delivery,completed
ORD-0044126,R-0104,2025-06-11,53.59,web,pickup,completed
ORD-0044127,R-0104,2025-06-10,40.66,app,delivery,completed
ORD-0044128,R-0104,2025-06-29,36.77,web,delivery,completed
ORD-0044129,R-0104,2025-06-02,50.69,web,delivery,completed
ORD-0044130,R-0104,2025-06-06,20.19,app,delivery,completed
ORD-0044131,R-0104,2025-06-11,15.48,web,delivery,completed
ORD-0044132,R-0104,2025-06-07,23.31,web,pickup,completed
ORD-0044133,R-0104,2025-06-28,32.72,app,delivery,COMPLETED
ORD-0044134,R-0104,2025-06-20,22.95,app,delivery,completed
ORD-0044135,R-0104,2025-06-04,28.41,app,pickup,completed
ORD-0044136,R-0104,2025-06-15,19.16,app,pickup,completed
ORD-0044137,R-0104,2025-06-17,16.83,web,delivery,completed
ORD-0044138,R-0104,2025-06-18,27.09,web,delivery,Completed
ORD-0044139,R-0104,2025-06-14,30.68,web,delivery,completed
ORD-0044140,R-0104,2025-06-10,34.26,app,delivery,completed
ORD-0044141,R-0104,2025-06-16,25.19,app,pickup,completed
ORD-0044142,R-0104,2025-06-06,46.63,web,delivery,COMPLETED
ORD-0044143,R-0104,2025-06-10,30.62,app,delivery,completed
ORD-0044144,R-0104,2025-06-22,41.19,web,delivery,completed
ORD-0044145,R-0104,2025-06-13,31.05,app,delivery,COMPLETED
ORD-0044146,R-0104,2025-06-14,32.71,web,pickup,completed
ORD-0044147,R-0104,2025-06-14,39.66,web,delivery,completed
ORD-0044148,R-0104,2025-06-05,42.75,app,delivery,COMPLETED
ORD-0044149,R-0104,2025-06-04,16.57,web,delivery,completed
ORD-0044150,R-0104,2025-06-16,25.42,app,pickup,completed
ORD-0044151,R-0104,2025-06-29,45.12,app,pickup,completed
ORD-0044152,R-0104,2025-06-06,27.03,app,delivery,completed
ORD-0044153,R-0104,2025-06-06,20.74,app,pickup,completed
ORD-0045054,R-0105,2025-06-13,60.46,web,pickup,completed
ORD-0045055,R-0105,2025-06-23,38.87,app,pickup,completed
ORD-0045056,R-0105,2025-06-09,29.65,web,pickup,completed
ORD-0045057,R-0105,2025-06-29,26.37,app,pickup,completed
ORD-0045058,R-0105,2025-06-22,17.25,app,pickup,completed
ORD-0045059,R-0105,2025-06-07,40.76,app,pickup,completed
ORD-0045060,R-0105,2025-06-07,71.05,web,pickup,completed
ORD-0045061,R-0105,2025-06-11,35.43,app,delivery,completed
ORD-0045062,R-0105,2025-06-20,24.30,app,pickup,completed
ORD-0045063,R-0105,2025-06-29,42.02,web,delivery,Completed
ORD-0045064,R-0105,2025-06-22,24.38,app,pickup,completed
ORD-0045065,R-0105,2025-06-01,47.63,app,pickup,completed
ORD-0045066,R-0105,2025-06-30,18.95,web,pickup,completed
ORD-0045067,R-0105,2025-06-25,17.59,app,pickup,CANCELLED
ORD-0045068,R-0105,2025-06-14,20.94,web,delivery,completed
ORD-0045069,R-0105,2025-06-22,35.88,app,pickup,completed
ORD-0045070,R-0105,2025-06-07,24.14,app,delivery,completed
ORD-0045071,R-0105,2025-06-01,51.13,app,pickup,completed
ORD-0045072,R-0105,2025-06-07,76.14,app,delivery,Completed
ORD-0045073,R-0105,2025-06-21,32.59,app,pickup,completed
ORD-0045702,R-0110,2025-06-10,15.11,app,delivery,completed
ORD-0045703,R-0110,2025-06-28,26.85,web,delivery,completed
ORD-0045704,R-0110,2025-06-27,34.70,app,delivery,completed
ORD-0045705,R-0110,2025-06-23,31.92,web,delivery,completed
ORD-0045706,R-0110,2025-06-21,21.26,web,delivery,Cancelled
ORD-0045707,R-0110,2025-06-07,40.53,app,pickup,completed
ORD-0045708,R-0110,2025-06-24,28.68,app,pickup,completed
ORD-0045709,R-0110,2025-06-03,25.26,app,delivery,completed
ORD-0045710,R-0110,2025-06-23,31.83,web,delivery,COMPLETED
ORD-0045711,R-0110,2025-06-16,29.65,app,pickup,completed
ORD-0045712,R-0110,2025-06-13,43.87,web,pickup,completed
ORD-0045713,R-0110,2025-06-11,30.32,web,delivery,completed
ORD-0045714,R-0110,2025-06-25,39.82,web,pickup,completed
ORD-0045715,R-0110,2025-06-24,33.98,app,delivery,COMPLETED
ORD-0045716,R-0110,2025-06-03,32.62,app,delivery,completed
ORD-0045717,R-0110,2025-06-28,24.90,app,pickup,completed
ORD-0045718,R-0110,2025-06-18,35.83,app,pickup,completed
ORD-0045719,R-0110,2025-06-18,20.34,web,pickup,completed
ORD-0045720,R-0110,2025-06-18,31.19,app,pickup,completed
ORD-0045721,R-0110,2025-06-15,66.05,web,delivery,completed
ORD-0045722,R-0110,2025-06-03,22.66,web,pickup,completed
ORD-0045723,R-0110,2025-06-10,52.18,app,delivery,completed
ORD-0045724,R-0110,2025-06-10,52.97,app,delivery,COMPLETED
ORD-0045725,R-0110,2025-06-20,35.92,app,pickup,completed
ORD-0045726,R-0110,2025-06-17,34.91,web,delivery,completed
ORD-0045727,R-0110,2025-06-07,27.74,web,pickup,completed
ORD-0045728,R-0110,2025-06-26,44.57,web,delivery,COMPLETED
ORD-0045729,R-0110,2025-06-14,31.11,web,pickup,completed
ORD-0045730,R-0110,2025-06-09,52.10,web,delivery,COMPLETED
ORD-0045731,R-0110,2025-06-16,63.40,app,delivery,completed
ORD-0045732,R-0110,2025-06-18,31.50,app,delivery,completed
ORD-0045733,R-0110,2025-06-26,22.32,web,delivery,completed
ORD-0045734,R-0110,2025-06-29,31.80,app,pickup,completed
ORD-0045735,R-0110,2025-06-14,38.33,web,delivery,completed
ORD-0045736,R-0110,2025-06-17,21.10,app,pickup,completed
ORD-0045737,R-0110,2025-06-17,21.67,web,pickup,completed
ORD-0045738,R-0110,2025-06-15,22.61,web,delivery,completed
ORD-0045739,R-0110,2025-06-25,33.23,web,pickup,completed
ORD-0045740,R-0110,2025-06-14,20.29,web,pickup,completed
ORD-0045741,R-0110,2025-06-09,35.81,web,delivery,COMPLETED
ORD-0045742,R-0110,2025-06-24,33.91,app,pickup,completed
ORD-0045743,R-0110,2025-06-18,19.19,web,pickup,completed
ORD-0045744,R-0110,2025-06-24,24.10,web,pickup,completed
ORD-0045745,R-0110,2025-06-06,30.78,app,pickup,completed
ORD-0045746,R-0110,2025-06-07,29.88,app,pickup,completed
ORD-0045747,R-0110,2025-06-20,64.44,app,delivery,completed
ORD-0045748,R-0110,2025-06-20,52.51,app,delivery,Completed
ORD-0045749,R-0110,2025-06-27,25.24,web,delivery,completed
ORD-0045750,R-0110,2025-06-19,26.70,app,delivery,completed
ORD-0045751,R-0110,2025-06-01,26.68,app,pickup,completed
ORD-0045752,R-0110,2025-06-02,29.14,web,pickup,completed
ORD-0045753,R-0110,2025-06-26,22.61,web,delivery,completed
ORD-0045754,R-0110,2025-06-24,22.56,app,pickup,completed
ORD-0045755,R-0110,2025-06-23,30.81,web,delivery,completed
ORD-0045756,R-0110,2025-06-19,33.07,app,pickup,completed
ORD-0046593,R-0111,2025-06-09,12.08,web,delivery,completed
ORD-0046594,R-0111,2025-06-06,34.26,web,pickup,completed
ORD-0046595,R-0111,2025-06-02,19.16,web,pickup,completed
ORD-0046596,R-0111,2025-06-19,23.94,app,pickup,COMPLETED
ORD-0046597,R-0111,2025-06-25,24.07,web,pickup,completed
ORD-0046598,R-0111,2025-06-06,23.26,web,delivery,completed
ORD-0046599,R-0111,2025-06-05,51.03,app,pickup,completed
ORD-0046600,R-0111,2025-06-27,36.28,web,delivery,completed
ORD-0046601,R-0111,2025-06-07,38.91,web,pickup,completed
ORD-0046602,R-0111,2025-06-13,25.01,app,pickup,completed
ORD-0046603,R-0111,2025-06-21,16.36,web,pickup,refunded
ORD-0046604,R-0111,2025-06-03,30.04,app,pickup,completed
ORD-0046605,R-0111,2025-06-07,22.96,web,delivery,completed
ORD-0046606,R-0111,2025-06-18,25.36,app,pickup,completed
ORD-0046607,R-0111,2025-06-28,38.80,app,pickup,completed
ORD-0046608,R-0111,2025-06-27,24.79,web,pickup,completed
ORD-0046609,R-0111,2025-06-07,16.34,web,pickup,completed
ORD-0046610,R-0111,2025-06-08,25.27,app,pickup,completed
ORD-0046611,R-0111,2025-06-21,33.99,app,delivery,completed
ORD-0046612,R-0111,2025-06-07,22.05,app,pickup,completed
ORD-0046613,R-0111,2025-06-26,24.27,app,pickup,completed
ORD-0046614,R-0111,2025-06-21,22.49,app,delivery,completed
ORD-0046615,R-0111,2025-06-07,27.48,app,pickup,completed
ORD-0046616,R-0111,2025-06-18,27.02,web,pickup,completed
ORD-0046617,R-0111,2025-06-21,26.01,web,delivery,completed
ORD-0046618,R-0111,2025-06-05,35.89,web,delivery,completed
ORD-0046619,R-0111,2025-06-19,10.97,app,pickup,completed
ORD-0046620,R-0111,2025-06-07,30.94,web,delivery,completed
ORD-0046621,R-0111,2025-06-23,21.82,web,delivery,completed
ORD-0046622,R-0111,2025-06-20,49.28,web,delivery,COMPLETED
ORD-0046623,R-0111,2025-06-19,63.75,app,pickup,completed
ORD-0046624,R-0111,2025-06-03,21.32,web,delivery,completed
ORD-0046625,R-0111,2025-06-08,26.58,web,pickup,completed
ORD-0046626,R-0111,2025-06-24,20.56,web,delivery,completed
ORD-0046627,R-0111,2025-06-14,22.60,web,delivery,completed
ORD-0046628,R-0111,2025-06-20,20.63,app,delivery,completed
ORD-0046629,R-0111,2025-06-24,36.24,web,pickup,Completed
ORD-0046630,R-0111,2025-06-26,27.62,app,pickup,completed
ORD-0046631,R-0111,2025-06-16,20.71,app,pickup,completed
ORD-0046632,R-0111,2025-06-27,16.81,app,pickup,completed
ORD-0050229,R-0123,2025-06-18,25.54,web,delivery,completed
ORD-0050230,R-0123,2025-06-27,27.83,web,delivery,completed
ORD-0050231,R-0123,2025-06-01,25.41,web,delivery,completed
ORD-0050232,R-0123,2025-06-07,49.50,web,delivery,COMPLETED
ORD-0050233,R-0123,2025-06-20,31.80,web,delivery,completed
ORD-0050234,R-0123,2025-06-13,23.06,web,delivery,completed
ORD-0050235,R-0123,2025-06-01,31.40,web,delivery,completed
ORD-0050236,R-0123,2025-06-01,23.45,web,pickup,completed
ORD-0050237,R-0123,2025-06-29,18.23,web,delivery,completed
ORD-0050238,R-0123,2025-06-12,29.27,web,delivery,completed
ORD-0050239,R-0123,2025-06-16,27.13,web,delivery,completed
ORD-0050393,R-0124,2025-06-04,80.03,web,pickup,completed
ORD-0050394,R-0124,2025-06-11,19.26,app,delivery,Completed
ORD-0050395,R-0124,2025-06-04,33.34,app,pickup,completed
ORD-0050396,R-0124,2025-06-08,29.21,web,delivery,completed
ORD-0050397,R-0124,2025-06-05,25.36,app,pickup,completed
ORD-0050398,R-0124,2025-06-26,31.80,app,delivery,completed
ORD-0050399,R-0124,2025-06-12,45.41,web,pickup,COMPLETED
ORD-0050400,R-0124,2025-06-27,48.97,web,delivery,completed
ORD-0050401,R-0124,2025-06-23,57.59,web,pickup,COMPLETED
ORD-0050402,R-0124,2025-06-29,22.65,app,pickup,completed
ORD-0050403,R-0124,2025-06-13,31.35,app,delivery,completed
ORD-0050404,R-0124,2025-06-20,13.46,web,delivery,completed
ORD-0050405,R-0124,2025-06-23,21.53,app,delivery,completed
ORD-0050406,R-0124,2025-06-15,47.70,app,pickup,completed
ORD-0050407,R-0124,2025-06-18,43.68,app,pickup,completed
ORD-0050408,R-0124,2025-06-07,32.34,web,pickup,completed
ORD-0050409,R-0124,2025-06-27,25.02,app,delivery,Completed
ORD-0050410,R-0124,2025-06-14,50.63,app,delivery,completed
ORD-0050411,R-0124,2025-06-07,41.04,web,pickup,completed
ORD-0050412,R-0124,2025-06-11,24.00,web,delivery,completed
ORD-0050413,R-0124,2025-06-21,39.36,app,delivery,completed
ORD-0050414,R-0124,2025-06-29,36.32,web,delivery,completed
ORD-0050415,R-0124,2025-06-06,19.80,app,delivery,completed
ORD-0050416,R-0124,2025-06-28,45.92,app,delivery,Completed
ORD-0050417,R-0124,2025-06-08,17.28,app,pickup,completed
ORD-0051497,R-0126,2025-06-19,10.77,app,delivery,completed
ORD-0051498,R-0126,2025-06-05,54.55,web,pickup,completed
ORD-0051499,R-0126,2025-06-24,19.07,app,delivery,completed
ORD-0051500,R-0126,2025-06-23,21.54,app,delivery,completed
ORD-0051501,R-0126,2025-06-08,20.59,web,pickup,completed
ORD-0051502,R-0126,2025-06-30,21.55,app,delivery,completed
ORD-0051503,R-0126,2025-06-11,46.56,web,delivery,completed
ORD-0051504,R-0126,2025-06-10,31.74,web,delivery,completed
ORD-0051505,R-0126,2025-06-17,37.19,app,delivery,completed
ORD-0051506,R-0126,2025-06-06,23.10,web,delivery,completed
ORD-0051507,R-0126,2025-06-13,32.89,app,pickup,completed
ORD-0051508,R-0126,2025-06-16,14.10,web,delivery,completed
ORD-0051509,R-0126,2025-06-11,7.67,app,pickup,completed
ORD-0051510,R-0126,2025-06-08,35.10,web,delivery,completed
ORD-0051511,R-0126,2025-06-08,25.40,app,delivery,completed
ORD-0051512,R-0126,2025-06-08,27.53,app,delivery,completed
ORD-0051513,R-0126,2025-06-26,12.67,web,pickup,completed
ORD-0051514,R-0126,2025-06-19,12.56,app,delivery,completed
ORD-0051515,R-0126,2025-06-22,48.94,app,pickup,completed
ORD-0051516,R-0126,2025-06-22,35.26,app,pickup,completed
ORD-0051517,R-0126,2025-06-26,32.84,web,delivery,completed
ORD-0051518,R-0126,2025-06-25,12.08,web,delivery,completed
ORD-0051519,R-0126,2025-06-19,17.70,app,pickup,Completed
ORD-0051520,R-0126,2025-06-06,36.40,web,delivery,completed
ORD-0051521,R-0126,2025-06-21,11.34,web,delivery,completed
ORD-0051522,R-0126,2025-06-07,33.44,web,delivery,cancelled
ORD-0051523,R-0126,2025-06-11,22.70,web,delivery,completed
ORD-0051524,R-0126,2025-06-21,24.32,app,delivery,completed
ORD-0051525,R-0126,2025-06-22,16.57,web,delivery,completed
ORD-0051526,R-0126,2025-06-07,24.93,app,delivery,completed
ORD-0051527,R-0126,2025-06-21,41.28,app,pickup,Completed
ORD-0051528,R-0126,2025-06-06,13.77,web,delivery,COMPLETED
ORD-0051529,R-0126,2025-06-03,46.30,web,pickup,completed
ORD-0051530,R-0126,2025-06-04,25.18,web,delivery,COMPLETED
ORD-0051531,R-0126,2025-06-18,14.68,web,delivery,completed
ORD-0051532,R-0126,2025-06-17,27.29,web,pickup,Completed
ORD-0051533,R-0126,2025-06-04,21.33,app,delivery,completed
ORD-0051534,R-0126,2025-06-10,13.35,app,delivery,completed
ORD-0051535,R-0126,2025-06-24,13.86,web,pickup,completed
ORD-0051536,R-0126,2025-06-25,23.74,app,pickup,cancelled
ORD-0051537,R-0126,2025-06-16,19.39,web,pickup,COMPLETED
ORD-0051538,R-0126,2025-06-22,26.60,web,pickup,completed
ORD-0051539,R-0126,2025-06-11,29.76,app,pickup,completed
ORD-0051540,R-0126,2025-06-04,23.24,app,pickup,completed
ORD-0051541,R-0126,2025-06-20,18.78,app,delivery,completed
ORD-0051542,R-0126,2025-06-16,21.34,app,delivery,refunded
ORD-0051543,R-0126,2025-06-17,20.79,app,pickup,completed
ORD-0051544,R-0126,2025-06-21,24.87,app,pickup,COMPLETED
ORD-0051545,R-0126,2025-06-03,16.98,web,pickup,COMPLETED
ORD-0051546,R-0126,2025-06-16,32.44,app,pickup,completed
ORD-0051547,R-0126,2025-06-12,25.86,web,delivery,completed
ORD-0051548,R-0126,2025-06-19,20.38,web,delivery,Completed
ORD-0051549,R-0126,2025-06-08,21.51,web,delivery,completed
ORD-0051550,R-0126,2025-06-05,41.17,app,delivery,completed
ORD-0051551,R-0126,2025-06-14,20.99,web,delivery,completed
ORD-0051552,R-0126,2025-06-28,33.17,web,delivery,completed
ORD-0051553,R-0126,2025-06-02,24.57,app,pickup,completed
ORD-0051554,R-0126,2025-06-25,43.86,web,delivery,completed
ORD-0051555,R-0126,2025-06-14,19.14,app,delivery,COMPLETED
ORD-0051556,R-0126,2025-06-28,27.10,app,pickup,completed
ORD-0051557,R-0126,2025-06-09,46.74,web,pickup,completed
ORD-0051558,R-0126,2025-06-26,34.45,app,pickup,completed
ORD-0051559,R-0126,2025-06-06,9.65,app,pickup,completed
ORD-0051560,R-0126,2025-06-20,34.42,app,delivery,COMPLETED
ORD-0051561,R-0126,2025-06-08,27.31,web,pickup,completed
ORD-0051562,R-0126,2025-06-28,26.79,app,delivery,completed
ORD-0051563,R-0126,2025-06-28,22.07,web,delivery,COMPLETED
ORD-0051564,R-0126,2025-06-11,16.75,web,delivery,COMPLETED
ORD-0051565,R-0126,2025-06-29,36.58,web,delivery,completed
ORD-0051566,R-0126,2025-06-02,29.02,app,pickup,cancelled
ORD-0051567,R-0126,2025-06-16,29.64,web,pickup,completed
ORD-0051568,R-0126,2025-06-28,40.18,app,pickup,Completed
ORD-0051569,R-0126,2025-06-01,28.34,app,pickup,completed
ORD-0051570,R-0126,2025-06-20,34.65,app,delivery,completed
ORD-0051571,R-0126,2025-06-26,47.24,app,delivery,completed
ORD-0051572,R-0126,2025-06-01,25.76,web,delivery,completed
ORD-0051573,R-0126,2025-06-25,25.89,app,pickup,COMPLETED
ORD-0051574,R-0126,2025-06-07,13.26,web,pickup,completed
ORD-0051575,R-0126,2025-06-12,24.24,app,delivery,completed
ORD-0051576,R-0126,2025-06-27,37.90,app,delivery,completed
ORD-0051577,R-0126,2025-06-13,25.79,web,delivery,completed
ORD-0051578,R-0126,2025-06-13,20.03,app,delivery,COMPLETED
ORD-0051579,R-0126,2025-06-15,10.16,web,delivery,completed
ORD-0051580,R-0126,2025-06-28,57.88,app,pickup,completed
ORD-0051581,R-0126,2025-06-27,40.57,web,pickup,completed
ORD-0051582,R-0126,2025-06-17,15.76,app,delivery,COMPLETED
ORD-0051583,R-0126,2025-06-07,32.74,app,pickup,completed
ORD-0051584,R-0126,2025-06-22,27.41,app,pickup,completed
ORD-0051585,R-0126,2025-06-11,19.80,app,pickup,cancelled
ORD-0051586,R-0126,2025-06-12,25.63,web,pickup,completed
ORD-0051587,R-0126,2025-06-07,57.97,web,delivery,completed
ORD-0051588,R-0126,2025-06-20,10.14,web,delivery,completed
ORD-0051589,R-0126,2025-06-21,28.05,app,delivery,completed
ORD-0051590,R-0126,2025-06-21,30.96,app,delivery,completed
ORD-0051591,R-0126,2025-06-02,33.27,web,pickup,completed
ORD-0051592,R-0126,2025-06-22,34.77,app,delivery,completed
ORD-0051593,R-0126,2025-06-09,58.55,web,delivery,completed
ORD-0051594,R-0126,2025-06-21,22.20,web,delivery,completed
ORD-0051595,R-0126,2025-06-18,20.73,app,delivery,completed
ORD-0051596,R-0126,2025-06-21,16.32,web,delivery,completed
ORD-0051597,R-0126,2025-06-23,24.72,app,delivery,completed
ORD-0051598,R-0126,2025-06-25,19.36,app,pickup,completed
ORD-0051599,R-0126,2025-06-22,27.48,app,delivery,Completed
ORD-0051600,R-0126,2025-06-04,25.78,web,pickup,completed
ORD-0051601,R-0126,2025-06-13,18.06,app,delivery,completed
ORD-0051602,R-0126,2025-06-02,23.30,web,delivery,completed
ORD-0051603,R-0126,2025-06-21,27.28,app,pickup,cancelled
ORD-0051604,R-0126,2025-06-18,40.95,web,pickup,completed
ORD-0051605,R-0126,2025-06-13,14.50,web,delivery,completed
ORD-0051606,R-0126,2025-06-23,35.41,app,delivery,completed
ORD-0051607,R-0126,2025-06-28,30.69,web,pickup,completed
ORD-0051608,R-0126,2025-06-30,14.58,web,pickup,completed
ORD-0051609,R-0126,2025-06-13,23.75,app,pickup,Completed
ORD-0051610,R-0126,2025-06-26,23.71,web,pickup,completed
ORD-0051611,R-0126,2025-06-08,17.97,web,delivery,COMPLETED
ORD-0051612,R-0126,2025-06-23,32.97,app,pickup,completed
ORD-0051613,R-0126,2025-06-26,32.86,web,pickup,completed
ORD-0051614,R-0126,2025-06-27,34.84,app,pickup,completed
ORD-0051615,R-0126,2025-06-27,21.73,app,pickup,completed
ORD-0051616,R-0126,2025-06-25,28.49,web,delivery,completed
ORD-0051617,R-0126,2025-06-03,11.76,web,delivery,completed
ORD-0051618,R-0126,2025-06-13,33.97,web,delivery,completed
ORD-0051619,R-0126,2025-06-21,46.38,app,delivery,completed
ORD-0056777,R-0136,2025-06-09,10.62,app,delivery,completed
ORD-0056778,R-0136,2025-06-07,38.61,app,delivery,COMPLETED
ORD-0056779,R-0136,2025-06-26,17.50,app,delivery,completed
ORD-0056780,R-0136,2025-06-21,43.60,app,delivery,COMPLETED
ORD-0056781,R-0136,2025-06-22,24.54,app,delivery,completed
ORD-0056782,R-0136,2025-06-08,46.84,app,delivery,COMPLETED
ORD-0056783,R-0136,2025-06-28,39.59,app,delivery,cancelled
ORD-0056784,R-0136,2025-06-02,30.24,app,delivery,completed
ORD-0056785,R-0136,2025-06-20,31.70,app,pickup,completed
ORD-0056786,R-0136,2025-06-06,41.41,app,pickup,completed
ORD-0056787,R-0136,2025-06-20,19.33,app,pickup,Completed
ORD-0056788,R-0136,2025-06-28,45.24,app,delivery,completed
ORD-0056789,R-0136,2025-06-21,33.75,app,pickup,completed
ORD-0056790,R-0136,2025-06-10,58.65,app,delivery,completed
ORD-0056791,R-0136,2025-06-17,42.32,app,delivery,Completed
ORD-0056792,R-0136,2025-06-07,30.84,app,delivery,completed
ORD-0056793,R-0136,2025-06-18,31.95,web,pickup,completed
ORD-0056794,R-0136,2025-06-12,34.67,app,pickup,completed
ORD-0056795,R-0136,2025-06-22,17.33,app,delivery,completed
ORD-0056796,R-0136,2025-06-08,32.99,web,pickup,completed
ORD-0056797,R-0136,2025-06-11,31.71,app,delivery,completed
ORD-0056798,R-0136,2025-06-05,26.01,app,delivery,completed
ORD-0056799,R-0136,2025-06-18,29.13,app,delivery,completed
ORD-0056800,R-0136,2025-06-12,15.06,app,pickup,COMPLETED
ORD-0056801,R-0136,2025-06-06,36.83,app,delivery,completed
ORD-0056802,R-0136,2025-06-28,27.02,app,delivery,completed
ORD-0056803,R-0136,2025-06-19,29.56,app,delivery,Completed
ORD-0056804,R-0136,2025-06-06,34.75,app,pickup,COMPLETED
ORD-0056805,R-0136,2025-06-17,27.18,app,delivery,COMPLETED
ORD-0056806,R-0136,2025-06-12,37.49,app,delivery,completed
ORD-0056807,R-0136,2025-06-06,55.59,app,delivery,completed
ORD-0056808,R-0136,2025-06-26,40.50,app,delivery,completed
ORD-0056809,R-0136,2025-06-05,24.34,app,delivery,completed
ORD-0056810,R-0136,2025-06-29,32.63,app,delivery,completed
ORD-0056811,R-0136,2025-06-09,57.47,app,delivery,COMPLETED
ORD-0056812,R-0136,2025-06-19,50.43,app,pickup,COMPLETED
ORD-0056813,R-0136,2025-06-23,65.76,web,pickup,completed
ORD-0056814,R-0136,2025-06-04,32.31,web,delivery,COMPLETED
ORD-0057641,R-0141,2025-06-19,23.18,app,delivery,completed
ORD-0057642,R-0141,2025-06-17,36.62,web,pickup,completed
ORD-0057643,R-0141,2025-06-05,24.94,app,pickup,completed
ORD-0057644,R-0141,2025-06-01,44.67,web,pickup,COMPLETED
ORD-0057645,R-0141,2025-06-20,14.24,app,delivery,completed
ORD-0057646,R-0141,2025-06-15,21.81,app,pickup,completed
ORD-0057647,R-0141,2025-06-09,8.18,app,pickup,Completed
ORD-0057648,R-0141,2025-06-19,30.90,app,pickup,completed
ORD-0057649,R-0141,2025-06-20,21.53,app,pickup,Completed
ORD-0057650,R-0141,2025-06-18,22.16,app,delivery,completed
ORD-0057651,R-0141,2025-06-14,17.03,app,delivery,completed
ORD-0057652,R-0141,2025-06-03,21.76,app,pickup,completed
ORD-0057653,R-0141,2025-06-12,34.63,app,delivery,completed
ORD-0057654,R-0141,2025-06-13,35.10,web,pickup,completed
ORD-0057655,R-0141,2025-06-06,55.76,app,pickup,COMPLETED
ORD-0057656,R-0141,2025-06-08,78.44,app,delivery,completed
ORD-0057657,R-0141,2025-06-14,55.62,web,pickup,completed
ORD-0057658,R-0141,2025-06-23,33.41,app,pickup,completed
ORD-0057659,R-0141,2025-06-07,15.66,app,delivery,completed
ORD-0057660,R-0141,2025-06-17,19.83,app,pickup,completed
ORD-0057661,R-0141,2025-06-22,16.08,app,pickup,completed
ORD-0057662,R-0141,2025-06-26,27.91,web,pickup,completed
ORD-0057663,R-0141,2025-06-22,44.43,app,pickup,completed
ORD-0057664,R-0141,2025-06-28,35.21,web,delivery,completed
ORD-0057665,R-0141,2025-06-06,11.78,web,delivery,completed
ORD-0057666,R-0141,2025-06-03,13.76,web,delivery,completed
ORD-0057667,R-0141,2025-06-25,17.35,app,pickup,completed
ORD-0057668,R-0141,2025-06-22,25.55,app,pickup,completed
ORD-0057669,R-0141,2025-06-06,14.37,web,delivery,completed
ORD-0057670,R-0141,2025-06-18,13.39,app,pickup,completed
ORD-0057671,R-0141,2025-06-20,16.37,web,pickup,completed
ORD-0057672,R-0141,2025-06-03,12.42,app,delivery,completed
ORD-0057673,R-0141,2025-06-07,43.70,app,pickup,completed
ORD-0057674,R-0141,2025-06-10,16.42,web,delivery,cancelled
ORD-0057675,R-0141,2025-06-20,43.47,web,delivery,completed
ORD-0057676,R-0141,2025-06-06,23.61,app,pickup,completed
ORD-0057677,R-0141,2025-06-29,35.98,web,pickup,completed
ORD-0057678,R-0141,2025-06-20,15.85,app,pickup,completed
ORD-0057679,R-0141,2025-06-26,48.25,app,pickup,Completed
ORD-0057680,R-0141,2025-06-25,36.83,web,delivery,Completed
ORD-0057681,R-0141,2025-06-02,34.83,app,delivery,completed
ORD-0057682,R-0141,2025-06-08,56.35,web,delivery,completed
ORD-0057683,R-0141,2025-06-20,27.63,app,pickup,completed
ORD-0057684,R-0141,2025-06-22,29.50,app,delivery,completed
ORD-0057685,R-0141,2025-06-26,58.70,app,delivery,completed
ORD-0057686,R-0141,2025-06-22,41.89,web,pickup,completed
ORD-0057687,R-0141,2025-06-26,10.32,web,delivery,completed
ORD-0057688,R-0141,2025-06-28,22.30,app,pickup,completed
ORD-0057689,R-0141,2025-06-06,28.91,app,pickup,completed
ORD-0057690,R-0141,2025-06-21,10.72,app,delivery,Completed
ORD-0057691,R-0141,2025-06-14,21.61,web,delivery,completed
ORD-0057692,R-0141,2025-06-13,34.46,app,pickup,completed
ORD-0057693,R-0141,2025-06-14,23.66,web,delivery,Completed
ORD-0058860,R-0142,2025-06-29,34.19,app,pickup,completed
ORD-0058861,R-0142,2025-06-14,20.25,app,pickup,completed
ORD-0058862,R-0142,2025-06-14,37.66,app,pickup,cancelled
ORD-0058863,R-0142,2025-06-07,42.53,app,delivery,completed
ORD-0058864,R-0142,2025-06-23,49.32,app,delivery,completed
ORD-0058865,R-0142,2025-06-28,27.14,web,pickup,completed
ORD-0058866,R-0142,2025-06-23,37.93,app,delivery,completed
ORD-0058867,R-0142,2025-06-15,25.32,app,pickup,completed
ORD-0058868,R-0142,2025-06-29,29.60,app,delivery,completed
ORD-0058869,R-0142,2025-06-13,34.58,app,pickup,completed
ORD-0058870,R-0142,2025-06-21,50.90,web,pickup,completed
ORD-0059343,R-0143,2025-06-04,43.64,app,pickup,completed
ORD-0059344,R-0143,2025-06-03,64.67,app,delivery,completed
ORD-0059345,R-0143,2025-06-25,52.94,web,delivery,completed
ORD-0059346,R-0143,2025-06-07,83.07,web,pickup,completed
ORD-0059347,R-0143,2025-06-14,63.97,app,pickup,completed
ORD-0059348,R-0143,2025-06-20,51.00,web,pickup,completed
ORD-0059349,R-0143,2025-06-24,52.36,app,delivery,completed
ORD-0059350,R-0143,2025-06-30,58.65,app,pickup,completed
ORD-0059351,R-0143,2025-06-27,54.72,app,pickup,Completed
ORD-0059352,R-0143,2025-06-26,33.71,app,pickup,completed
ORD-0059353,R-0143,2025-06-27,48.88,app,pickup,completed
ORD-0059354,R-0143,2025-06-21,24.28,app,pickup,completed
ORD-0059355,R-0143,2025-06-14,64.27,app,delivery,COMPLETED
ORD-0059356,R-0143,2025-06-24,25.79,app,pickup,completed
ORD-0059357,R-0143,2025-06-12,61.17,web,pickup,completed
ORD-0059358,R-0143,2025-06-12,48.33,web,pickup,completed
ORD-0059359,R-0143,2025-06-19,37.36,web,pickup,completed
ORD-0059360,R-0143,2025-06-19,45.46,app,pickup,completed
ORD-0059361,R-0143,2025-06-22,132.55,app,pickup,completed
ORD-0059362,R-0143,2025-06-19,53.17,web,pickup,completed
ORD-0059363,R-0143,2025-06-10,21.13,web,pickup,completed
ORD-0059364,R-0143,2025-06-01,29.47,app,pickup,completed
ORD-0059365,R-0143,2025-06-21,61.78,app,delivery,completed
ORD-0059366,R-0143,2025-06-06,27.34,app,pickup,completed
ORD-0059367,R-0143,2025-06-21,39.99,app,delivery,completed
ORD-0059368,R-0143,2025-06-30,25.29,web,delivery,completed
ORD-0059369,R-0143,2025-06-23,66.49,web,pickup,completed
ORD-0059370,R-0143,2025-06-26,51.62,app,pickup,Completed
ORD-0059371,R-0143,2025-06-14,90.51,app,pickup,completed
ORD-0059372,R-0143,2025-06-12,34.25,web,pickup,completed
ORD-0059373,R-0143,2025-06-14,40.74,app,pickup,COMPLETED
ORD-0059374,R-0143,2025-06-05,71.47,web,delivery,completed
ORD-0059375,R-0143,2025-06-07,37.86,app,pickup,COMPLETED
ORD-0059376,R-0143,2025-06-15,47.49,web,pickup,completed
ORD-0059377,R-0143,2025-06-09,53.88,web,pickup,completed
ORD-0059378,R-0143,2025-06-11,85.48,web,delivery,completed
ORD-0059477,R-0144,2025-06-29,43.39,web,delivery,completed
ORD-0059478,R-0144,2025-06-29,23.75,web,delivery,COMPLETED
ORD-0059479,R-0144,2025-06-28,34.77,web,pickup,completed
ORD-0060180,R-0146,2025-06-30,35.03,web,delivery,completed
ORD-0060181,R-0146,2025-06-03,18.23,app,pickup,completed
ORD-0060182,R-0146,2025-06-28,25.73,web,pickup,COMPLETED
ORD-0060183,R-0146,2025-06-16,26.42,app,delivery,completed
ORD-0060184,R-0146,2025-06-20,46.39,app,delivery,COMPLETED
ORD-0060185,R-0146,2025-06-08,31.86,app,pickup,completed
ORD-0060186,R-0146,2025-06-29,42.17,web,pickup,completed
ORD-0060187,R-0146,2025-06-20,64.67,web,delivery,completed
ORD-0060188,R-0146,2025-06-09,52.73,app,pickup,completed
ORD-0060189,R-0146,2025-06-27,36.92,web,pickup,refunded
ORD-0060190,R-0146,2025-06-18,26.95,app,pickup,completed
ORD-0060191,R-0146,2025-06-07,30.15,app,delivery,completed
ORD-0060192,R-0146,2025-06-01,32.82,web,pickup,completed
ORD-0060193,R-0146,2025-06-12,18.99,app,delivery,completed
ORD-0060194,R-0146,2025-06-12,30.01,app,pickup,completed
ORD-0060195,R-0146,2025-06-29,20.81,app,pickup,completed
ORD-0060196,R-0146,2025-06-04,28.49,web,pickup,completed
ORD-0060197,R-0146,2025-06-10,22.91,web,pickup,cancelled
ORD-0060198,R-0146,2025-06-21,31.58,web,pickup,COMPLETED
ORD-0060199,R-0146,2025-06-14,60.44,app,pickup,completed
ORD-0060200,R-0146,2025-06-14,32.68,web,pickup,completed
ORD-0060201,R-0146,2025-06-07,24.84,web,delivery,completed
ORD-0060202,R-0146,2025-06-01,33.22,web,delivery,completed
ORD-0060203,R-0146,2025-06-06,32.93,web,pickup,completed
ORD-0060204,R-0146,2025-06-27,38.70,app,pickup,completed
ORD-0060205,R-0146,2025-06-27,23.51,web,delivery,cancelled
ORD-0060206,R-0146,2025-06-26,25.46,web,delivery,COMPLETED
ORD-0060207,R-0146,2025-06-16,33.29,web,pickup,completed
ORD-0060208,R-0146,2025-06-01,30.90,web,delivery,completed
ORD-0060209,R-0146,2025-06-28,51.99,app,delivery,completed
ORD-0060210,R-0146,2025-06-29,36.75,web,delivery,completed
ORD-0060211,R-0146,2025-06-24,27.55,app,pickup,completed
ORD-0060212,R-0146,2025-06-05,26.21,app,delivery,completed
ORD-0060213,R-0146,2025-06-29,32.64,web,pickup,completed
ORD-0060214,R-0146,2025-06-05,38.01,web,delivery,completed
ORD-0060215,R-0146,2025-06-16,22.25,web,delivery,completed
ORD-0060216,R-0146,2025-06-20,24.12,web,delivery,completed
ORD-0060217,R-0146,2025-06-27,37.58,app,pickup,completed
ORD-0060218,R-0146,2025-06-25,19.91,web,delivery,completed
ORD-0060219,R-0146,2025-06-11,28.54,web,pickup,completed
ORD-0060220,R-0146,2025-06-08,35.05,web,delivery,completed
ORD-0060221,R-0146,2025-06-13,24.83,web,delivery,completed
ORD-0060222,R-0146,2025-06-13,56.52,web,pickup,completed
ORD-0060223,R-0146,2025-06-20,41.22,web,pickup,completed
ORD-0060224,R-0146,2025-06-27,26.60,app,pickup,completed
ORD-0060225,R-0146,2025-06-01,44.23,web,pickup,completed
ORD-0060226,R-0146,2025-06-29,59.36,web,pickup,completed
ORD-0060227,R-0146,2025-06-30,42.55,web,delivery,completed
ORD-0060228,R-0146,2025-06-28,28.94,app,pickup,completed
ORD-0060229,R-0146,2025-06-21,32.87,app,pickup,completed
ORD-0060230,R-0146,2025-06-25,22.31,app,delivery,completed
ORD-0060231,R-0146,2025-06-29,29.26,app,pickup,completed
ORD-0060232,R-0146,2025-06-28,30.79,app,pickup,completed
ORD-0060233,R-0146,2025-06-27,22.51,web,pickup,completed
ORD-0060234,R-0146,2025-06-03,30.29,app,delivery,completed
ORD-0060235,R-0146,2025-06-19,47.40,app,delivery,completed
ORD-0060236,R-0146,2025-06-06,34.74,app,delivery,completed
ORD-0060237,R-0146,2025-06-20,31.09,web,pickup,completed
ORD-0060238,R-0146,2025-06-17,41.72,app,pickup,completed
ORD-0060239,R-0146,2025-06-02,36.58,app,delivery,completed
ORD-0060240,R-0146,2025-06-28,22.59,app,delivery,completed
ORD-0060241,R-0146,2025-06-13,33.60,app,pickup,completed
ORD-0060242,R-0146,2025-06-02,46.24,web,pickup,COMPLETED
ORD-0060243,R-0146,2025-06-14,25.32,app,delivery,Completed
ORD-0060244,R-0146,2025-06-01,39.46,web,delivery,COMPLETED
ORD-0060245,R-0146,2025-06-13,41.75,app,delivery,completed
ORD-0060246,R-0146,2025-06-09,25.45,app,delivery,completed
ORD-0060247,R-0146,2025-06-06,51.00,app,pickup,Completed
ORD-0060248,R-0146,2025-06-17,25.24,app,pickup,completed
ORD-0060249,R-0146,2025-06-14,50.50,app,pickup,completed
ORD-0060250,R-0146,2025-06-04,19.96,web,pickup,Completed
ORD-0060251,R-0146,2025-06-28,33.08,app,pickup,completed
ORD-0060252,R-0146,2025-06-05,28.72,web,pickup,completed
ORD-0060253,R-0146,2025-06-08,48.36,web,delivery,completed
ORD-0060254,R-0146,2025-06-02,37.50,app,delivery,completed
ORD-0060255,R-0146,2025-06-30,35.20,app,delivery,completed
ORD-0060256,R-0146,2025-06-28,34.16,web,delivery,completed
ORD-0060257,R-0146,2025-06-13,34.29,web,pickup,completed
ORD-0060258,R-0146,2025-06-18,25.22,app,delivery,completed
ORD-0060259,R-0146,2025-06-25,64.26,web,delivery,completed
ORD-0060260,R-0146,2025-06-24,32.74,web,delivery,completed
ORD-0060261,R-0146,2025-06-13,35.10,app,pickup,completed
ORD-0060262,R-0146,2025-06-22,28.63,app,delivery,cancelled
ORD-0060263,R-0146,2025-06-27,30.36,app,pickup,completed
ORD-0060264,R-0146,2025-06-14,29.31,web,delivery,completed
ORD-0060265,R-0146,2025-06-30,20.53,app,delivery,completed
ORD-0060266,R-0146,2025-06-21,39.19,web,delivery,completed
ORD-0060267,R-0146,2025-06-26,40.50,web,pickup,completed
ORD-0060268,R-0146,2025-06-18,36.89,app,pickup,completed
ORD-0060269,R-0146,2025-06-13,22.73,app,pickup,completed
ORD-0060270,R-0146,2025-06-28,39.75,app,delivery,completed
ORD-0060271,R-0146,2025-06-12,21.33,app,pickup,COMPLETED
ORD-0060272,R-0146,2025-06-03,50.48,web,pickup,completed
ORD-0060273,R-0146,2025-06-14,30.34,app,delivery,Completed
ORD-0060274,R-0146,2025-06-09,26.76,web,delivery,completed
ORD-0060275,R-0146,2025-06-30,20.06,web,delivery,completed
ORD-0060276,R-0146,2025-06-29,29.36,web,pickup,completed
ORD-0060277,R-0146,2025-06-16,36.48,web,delivery,completed
ORD-0060278,R-0146,2025-06-25,24.83,web,delivery,completed
ORD-0060279,R-0146,2025-06-17,25.62,app,delivery,COMPLETED
ORD-0060280,R-0146,2025-06-07,33.84,web,pickup,completed
ORD-0060281,R-0146,2025-06-20,28.33,app,pickup,completed
ORD-0060282,R-0146,2025-06-10,24.49,web,pickup,completed
ORD-0060283,R-0146,2025-06-27,23.52,web,pickup,completed
ORD-0060284,R-0146,2025-06-27,24.52,web,delivery,completed
ORD-0060285,R-0146,2025-06-09,39.56,web,delivery,completed
ORD-0060286,R-0146,2025-06-10,25.72,web,delivery,cancelled
ORD-0060287,R-0146,2025-06-03,29.47,app,pickup,Completed
ORD-0060288,R-0146,2025-06-26,25.49,web,delivery,completed
ORD-0060289,R-0146,2025-06-10,26.84,app,delivery,completed
ORD-0060290,R-0146,2025-06-06,42.45,app,pickup,completed
ORD-0060291,R-0146,2025-06-03,23.48,app,pickup,completed
ORD-0060292,R-0146,2025-06-05,42.08,app,delivery,completed
ORD-0060293,R-0146,2025-06-24,29.81,app,delivery,completed
ORD-0060294,R-0146,2025-06-01,42.73,app,delivery,completed
ORD-0060295,R-0146,2025-06-05,19.57,web,delivery,completed
ORD-0060296,R-0146,2025-06-15,51.11,app,pickup,completed
ORD-0060297,R-0146,2025-06-10,25.91,app,delivery,completed
ORD-0060298,R-0146,2025-06-06,22.14,web,delivery,completed
ORD-0060299,R-0146,2025-06-15,35.62,app,pickup,completed
ORD-0060300,R-0146,2025-06-25,40.86,web,pickup,completed
ORD-0060301,R-0146,2025-06-15,34.83,web,pickup,completed
ORD-0060302,R-0146,2025-06-14,22.80,web,delivery,completed
ORD-0060303,R-0146,2025-06-22,25.79,app,pickup,completed
ORD-0060304,R-0146,2025-06-18,30.88,app,pickup,completed
ORD-0060305,R-0146,2025-06-22,51.35,app,delivery,completed
ORD-0060306,R-0146,2025-06-06,35.26,app,delivery,completed
ORD-0060307,R-0146,2025-06-02,50.66,web,delivery,completed
ORD-0060308,R-0146,2025-06-15,30.92,web,pickup,COMPLETED
ORD-0060309,R-0146,2025-06-28,30.14,web,pickup,COMPLETED
ORD-0060310,R-0146,2025-06-19,37.54,app,pickup,Completed
ORD-0060311,R-0146,2025-06-07,27.87,web,delivery,Completed
ORD-0060312,R-0146,2025-06-02,36.78,app,delivery,completed
ORD-0060313,R-0146,2025-06-21,49.09,web,pickup,completed
ORD-0060314,R-0146,2025-06-06,52.16,app,delivery,completed
ORD-0060315,R-0146,2025-06-22,31.15,web,pickup,completed
ORD-0060316,R-0146,2025-06-15,24.27,web,pickup,Completed
ORD-0060317,R-0146,2025-06-26,38.68,web,delivery,completed
ORD-0060318,R-0146,2025-06-02,36.43,web,delivery,COMPLETED
ORD-0060319,R-0146,2025-06-10,27.46,web,delivery,completed
ORD-0060320,R-0146,2025-06-10,63.78,web,delivery,completed
ORD-0060321,R-0146,2025-06-20,37.00,app,delivery,completed
ORD-0060322,R-0146,2025-06-11,26.54,web,delivery,completed
ORD-0060323,R-0146,2025-06-27,32.05,web,pickup,COMPLETED
ORD-0060324,R-0146,2025-06-22,45.62,web,pickup,completed
ORD-0060325,R-0146,2025-06-22,40.99,web,pickup,completed
ORD-0060326,R-0146,2025-06-12,24.83,app,pickup,COMPLETED
ORD-0060327,R-0146,2025-06-25,36.52,app,pickup,completed
ORD-0060328,R-0146,2025-06-21,38.88,web,delivery,completed
ORD-0060329,R-0146,2025-06-21,33.90,app,pickup,completed
ORD-0060330,R-0146,2025-06-13,29.55,app,pickup,cancelled
ORD-0060331,R-0146,2025-06-03,46.63,app,pickup,COMPLETED
ORD-0060332,R-0146,2025-06-28,33.46,app,delivery,completed
ORD-0060333,R-0146,2025-06-08,33.06,app,pickup,completed
ORD-0060334,R-0146,2025-06-15,37.60,app,delivery,completed
ORD-0061656,R-0154,2025-06-24,39.08,app,delivery,completed
ORD-0061657,R-0154,2025-06-20,44.76,web,delivery,completed
ORD-0061658,R-0154,2025-06-22,15.73,app,delivery,completed
ORD-0061659,R-0154,2025-06-08,55.91,web,delivery,completed
ORD-0061660,R-0154,2025-06-21,38.35,web,delivery,completed
ORD-0061661,R-0154,2025-06-13,76.13,web,delivery,completed
ORD-0061662,R-0154,2025-06-21,54.58,app,delivery,Completed
ORD-0061663,R-0154,2025-06-06,50.79,web,delivery,completed
ORD-0061664,R-0154,2025-06-01,14.74,web,delivery,completed
ORD-0061665,R-0154,2025-06-19,12.07,app,delivery,completed
ORD-0061666,R-0154,2025-06-30,28.75,app,delivery,completed
ORD-0061667,R-0154,2025-06-14,10.39,web,delivery,completed
ORD-0061668,R-0154,2025-06-17,28.48,web,delivery,completed
ORD-0061669,R-0154,2025-06-21,54.78,app,delivery,completed
ORD-0061670,R-0154,2025-06-13,24.97,app,pickup,completed
ORD-0061671,R-0154,2025-06-14,26.39,web,delivery,completed
ORD-0061672,R-0154,2025-06-23,35.33,web,delivery,completed
ORD-0061673,R-0154,2025-06-21,29.48,web,delivery,completed
ORD-0061674,R-0154,2025-06-12,27.70,web,delivery,completed
ORD-0061675,R-0154,2025-06-25,43.95,web,delivery,completed
ORD-0061676,R-0154,2025-06-21,20.81,app,delivery,completed
ORD-0061677,R-0154,2025-06-18,62.76,web,delivery,completed
ORD-0061678,R-0154,2025-06-14,35.15,app,delivery,completed
ORD-0061679,R-0154,2025-06-12,47.36,web,delivery,completed
ORD-0061680,R-0154,2025-06-04,33.90,app,delivery,completed
ORD-0061681,R-0154,2025-06-21,44.57,app,delivery,cancelled
ORD-0061682,R-0154,2025-06-22,46.71,app,delivery,completed
ORD-0061683,R-0154,2025-06-22,32.42,app,delivery,completed
ORD-0061684,R-0154,2025-06-12,28.75,app,delivery,Completed
ORD-0061685,R-0154,2025-06-19,40.83,web,delivery,COMPLETED
ORD-0061686,R-0154,2025-06-11,20.14,app,delivery,completed
ORD-0061687,R-0154,2025-06-27,56.21,app,delivery,completed
ORD-0061688,R-0154,2025-06-22,40.65,app,delivery,completed
ORD-0061689,R-0154,2025-06-27,35.22,app,delivery,completed
ORD-0061690,R-0154,2025-06-10,43.94,app,delivery,COMPLETED
ORD-0061691,R-0154,2025-06-05,37.17,web,delivery,COMPLETED
ORD-0061692,R-0154,2025-06-27,24.08,web,delivery,COMPLETED
ORD-0061693,R-0154,2025-06-01,76.90,web,delivery,completed
ORD-0061694,R-0154,2025-06-12,42.55,web,delivery,completed
ORD-0061695,R-0154,2025-06-30,97.49,app,delivery,COMPLETED
ORD-0061696,R-0154,2025-06-27,34.56,app,delivery,completed
ORD-0061697,R-0154,2025-06-23,23.14,web,delivery,completed
ORD-0061698,R-0154,2025-06-01,41.53,web,delivery,completed
ORD-0066201,R-0162,2025-06-23,21.51,app,delivery,COMPLETED
ORD-0066202,R-0162,2025-06-02,23.08,app,pickup,completed
ORD-0066203,R-0162,2025-06-13,11.21,web,delivery,completed
ORD-0066204,R-0162,2025-06-14,29.71,web,delivery,completed
ORD-0066205,R-0162,2025-06-25,9.98,app,delivery,completed
ORD-0066206,R-0162,2025-06-22,25.23,app,delivery,completed
ORD-0066207,R-0162,2025-06-20,21.56,web,delivery,completed
ORD-0066208,R-0162,2025-06-08,24.22,web,pickup,completed
ORD-0066209,R-0162,2025-06-09,23.95,app,pickup,completed
ORD-0066210,R-0162,2025-06-08,21.81,web,pickup,completed
ORD-0066211,R-0162,2025-06-21,13.72,app,pickup,Completed
ORD-0066212,R-0162,2025-06-07,31.40,app,pickup,completed
ORD-0066213,R-0162,2025-06-21,10.24,web,pickup,completed
ORD-0066214,R-0162,2025-06-27,13.20,app,pickup,Completed
ORD-0066215,R-0162,2025-06-18,19.63,app,pickup,completed
ORD-0066216,R-0162,2025-06-07,25.96,app,pickup,completed
ORD-0066217,R-0162,2025-06-23,12.33,app,delivery,completed
ORD-0066218,R-0162,2025-06-08,23.15,web,delivery,completed
ORD-0066219,R-0162,2025-06-30,11.52,app,delivery,completed
ORD-0066220,R-0162,2025-06-26,36.25,web,pickup,COMPLETED
ORD-0066221,R-0162,2025-06-08,14.30,app,delivery,completed
ORD-0066222,R-0162,2025-06-20,14.74,app,delivery,completed
ORD-0066223,R-0162,2025-06-16,19.95,web,delivery,COMPLETED
ORD-0066224,R-0162,2025-06-22,23.97,web,pickup,COMPLETED
ORD-0066225,R-0162,2025-06-05,17.30,app,delivery,completed
ORD-0066226,R-0162,2025-06-10,11.98,web,delivery,Completed
ORD-0066227,R-0162,2025-06-05,17.93,web,pickup,completed
ORD-0066228,R-0162,2025-06-20,28.56,app,pickup,Completed
ORD-0066229,R-0162,2025-06-07,22.12,app,delivery,completed
ORD-0066230,R-0162,2025-06-20,21.88,app,delivery,completed
ORD-0066231,R-0162,2025-06-26,25.29,app,delivery,completed
ORD-0066232,R-0162,2025-06-01,37.45,app,delivery,completed
ORD-0066233,R-0162,2025-06-27,24.27,web,pickup,completed
ORD-0066234,R-0162,2025-06-11,30.09,app,pickup,completed
ORD-0066235,R-0162,2025-06-12,22.54,web,pickup,completed
ORD-0066236,R-0162,2025-06-24,13.15,app,pickup,completed
ORD-0066237,R-0162,2025-06-28,12.30,web,pickup,completed
ORD-0066238,R-0162,2025-06-22,37.75,app,pickup,completed
ORD-0066239,R-0162,2025-06-07,38.38,app,delivery,completed
ORD-0066240,R-0162,2025-06-01,23.08,app,delivery,Completed
ORD-0066241,R-0162,2025-06-30,25.89,web,pickup,COMPLETED
ORD-0066242,R-0162,2025-06-07,11.49,app,pickup,completed
ORD-0066243,R-0162,2025-06-06,20.50,web,delivery,COMPLETED
ORD-0066244,R-0162,2025-06-01,15.38,web,pickup,completed
ORD-0066245,R-0162,2025-06-13,23.25,web,delivery,Completed
ORD-0066246,R-0162,2025-06-21,20.19,app,pickup,completed
ORD-0066247,R-0162,2025-06-06,26.55,app,pickup,Completed
ORD-0066248,R-0162,2025-06-10,19.00,app,pickup,cancelled
ORD-0066249,R-0162,2025-06-07,7.19,app,delivery,completed
ORD-0066250,R-0162,2025-06-01,28.75,web,delivery,completed
ORD-0066251,R-0162,2025-06-24,20.02,web,delivery,completed
ORD-0066252,R-0162,2025-06-13,12.80,app,delivery,completed
ORD-0066253,R-0162,2025-06-01,24.30,app,delivery,completed
ORD-0066254,R-0162,2025-06-27,18.72,web,pickup,completed
ORD-0066255,R-0162,2025-06-18,14.20,app,pickup,COMPLETED
ORD-0066256,R-0162,2025-06-02,16.28,web,pickup,completed
ORD-0066257,R-0162,2025-06-02,24.13,app,delivery,completed
ORD-0066258,R-0162,2025-06-04,32.00,app,delivery,completed
ORD-0066259,R-0162,2025-06-04,27.87,web,pickup,completed
ORD-0066260,R-0162,2025-06-07,17.11,app,delivery,completed
ORD-0066261,R-0162,2025-06-03,27.88,web,pickup,Completed
ORD-0066262,R-0162,2025-06-14,15.51,app,pickup,completed
ORD-0066263,R-0162,2025-06-28,29.25,app,pickup,completed
ORD-0066264,R-0162,2025-06-13,25.06,web,pickup,completed
ORD-0066265,R-0162,2025-06-01,15.09,web,delivery,completed
ORD-0066266,R-0162,2025-06-29,30.92,app,delivery,completed
ORD-0066267,R-0162,2025-06-27,24.88,web,pickup,COMPLETED
ORD-0066268,R-0162,2025-06-24,20.02,app,delivery,completed
ORD-0066269,R-0162,2025-06-26,22.03,app,pickup,completed
ORD-0066270,R-0162,2025-06-01,20.24,app,delivery,completed
ORD-0066271,R-0162,2025-06-28,26.19,app,delivery,completed
ORD-0066272,R-0162,2025-06-03,20.95,app,pickup,completed
ORD-0066273,R-0162,2025-06-07,15.96,web,pickup,completed
ORD-0066274,R-0162,2025-06-12,16.96,app,pickup,completed
ORD-0066275,R-0162,2025-06-14,17.76,app,pickup,completed
ORD-0066276,R-0162,2025-06-11,12.24,app,delivery,refunded
ORD-0066277,R-0162,2025-06-20,15.98,web,delivery,completed
ORD-0066278,R-0162,2025-06-26,38.20,web,delivery,completed
ORD-0066279,R-0162,2025-06-12,24.02,app,delivery,completed
ORD-0066280,R-0162,2025-06-01,20.92,app,delivery,completed
ORD-0066281,R-0162,2025-06-08,13.71,app,pickup,completed
ORD-0066282,R-0162,2025-06-17,16.98,app,delivery,completed
ORD-0066283,R-0162,2025-06-05,22.13,web,delivery,completed
ORD-0066284,R-0162,2025-06-12,28.49,web,pickup,completed
ORD-0066285,R-0162,2025-06-23,31.52,web,pickup,completed
ORD-0066286,R-0162,2025-06-17,9.50,app,delivery,Completed
ORD-0066287,R-0162,2025-06-03,20.38,web,pickup,completed
ORD-0066288,R-0162,2025-06-20,23.77,web,pickup,completed
ORD-0066289,R-0162,2025-06-06,17.99,app,pickup,completed
ORD-0066290,R-0162,2025-06-14,23.72,app,pickup,completed
ORD-0066291,R-0162,2025-06-06,30.14,web,delivery,COMPLETED
ORD-0066292,R-0162,2025-06-23,31.13,web,pickup,completed
ORD-0066293,R-0162,2025-06-24,14.33,web,delivery,completed
ORD-0066294,R-0162,2025-06-04,13.56,app,pickup,completed
ORD-0066295,R-0162,2025-06-28,27.06,web,delivery,cancelled
ORD-0066296,R-0162,2025-06-20,24.56,web,pickup,completed
ORD-0066297,R-0162,2025-06-07,21.67,web,pickup,completed
ORD-0066298,R-0162,2025-06-07,26.29,web,delivery,completed
ORD-0066299,R-0162,2025-06-25,16.96,web,delivery,completed
ORD-0066300,R-0162,2025-06-27,32.57,web,delivery,completed
ORD-0066301,R-0162,2025-06-21,34.13,web,pickup,Completed
ORD-0066302,R-0162,2025-06-29,17.95,app,pickup,completed
ORD-0066303,R-0162,2025-06-12,32.55,web,pickup,completed
ORD-0066304,R-0162,2025-06-28,9.27,web,delivery,COMPLETED
ORD-0066305,R-0162,2025-06-18,21.95,app,delivery,completed
ORD-0066306,R-0162,2025-06-07,14.56,web,delivery,COMPLETED
ORD-0066307,R-0162,2025-06-15,22.17,web,pickup,completed
ORD-0066308,R-0162,2025-06-01,18.45,web,pickup,completed
ORD-0066309,R-0162,2025-06-04,19.49,app,delivery,completed
ORD-0066310,R-0162,2025-06-21,19.93,app,pickup,COMPLETED
ORD-0066311,R-0162,2025-06-25,14.48,web,delivery,completed
ORD-0066312,R-0162,2025-06-28,15.04,app,pickup,completed
ORD-0066313,R-0162,2025-06-28,23.03,web,pickup,completed
ORD-0066314,R-0162,2025-06-26,19.72,web,delivery,completed
ORD-0066315,R-0162,2025-06-09,24.35,web,pickup,completed
ORD-0066316,R-0162,2025-06-06,14.18,web,delivery,COMPLETED
ORD-0066317,R-0162,2025-06-27,25.54,app,pickup,completed
ORD-0066318,R-0162,2025-06-28,35.09,app,pickup,completed
ORD-0066319,R-0162,2025-06-12,20.61,web,delivery,completed
ORD-0066320,R-0162,2025-06-28,18.61,web,pickup,completed
ORD-0066321,R-0162,2025-06-01,17.49,app,delivery,completed
ORD-0066322,R-0162,2025-06-13,11.39,app,pickup,completed
ORD-0066323,R-0162,2025-06-20,12.84,app,delivery,completed
ORD-0066324,R-0162,2025-06-09,15.03,web,delivery,completed
ORD-0066325,R-0162,2025-06-13,22.21,web,pickup,completed
ORD-0066326,R-0162,2025-06-28,28.18,app,delivery,completed
ORD-0066327,R-0162,2025-06-02,16.72,app,delivery,completed
ORD-0066328,R-0162,2025-06-17,26.74,app,delivery,completed
ORD-0066329,R-0162,2025-06-19,9.49,app,delivery,completed
ORD-0066330,R-0162,2025-06-10,18.42,app,delivery,completed
ORD-0066331,R-0162,2025-06-08,19.72,app,delivery,completed
ORD-0066332,R-0162,2025-06-21,26.06,app,pickup,completed
ORD-0066333,R-0162,2025-06-26,13.99,app,pickup,completed
ORD-0066334,R-0162,2025-06-21,14.23,web,delivery,completed
ORD-0066335,R-0162,2025-06-08,17.44,web,delivery,completed
ORD-0066336,R-0162,2025-06-15,25.78,web,pickup,completed
ORD-0066337,R-0162,2025-06-30,23.50,web,delivery,COMPLETED
ORD-0066338,R-0162,2025-06-18,15.74,web,pickup,completed
ORD-0066339,R-0162,2025-06-06,20.99,app,pickup,completed
ORD-0066340,R-0162,2025-06-14,40.76,web,delivery,completed
ORD-0066341,R-0162,2025-06-07,15.60,web,delivery,completed
ORD-0066342,R-0162,2025-06-06,15.56,web,delivery,completed
ORD-0066343,R-0162,2025-06-30,23.91,web,pickup,completed
ORD-0066344,R-0162,2025-06-19,27.80,app,delivery,completed
ORD-0066345,R-0162,2025-06-23,34.28,app,delivery,completed
ORD-0066346,R-0162,2025-06-17,18.16,app,delivery,completed
ORD-0066347,R-0162,2025-06-09,29.64,app,delivery,completed
ORD-0066348,R-0162,2025-06-14,21.36,app,pickup,completed
ORD-0066349,R-0162,2025-06-27,37.60,app,delivery,completed
ORD-0066350,R-0162,2025-06-26,23.19,web,pickup,completed
ORD-0066351,R-0162,2025-06-23,19.81,app,pickup,cancelled
ORD-0066352,R-0162,2025-06-08,27.38,app,pickup,COMPLETED
ORD-0066353,R-0162,2025-06-18,42.08,web,pickup,completed
ORD-0066354,R-0162,2025-06-01,34.65,app,pickup,completed
ORD-0066355,R-0162,2025-06-14,28.53,web,delivery,completed
ORD-0066356,R-0162,2025-06-01,17.21,app,delivery,completed
ORD-0066357,R-0162,2025-06-15,34.04,web,delivery,completed
ORD-0066358,R-0162,2025-06-15,33.75,app,delivery,completed
ORD-0066359,R-0162,2025-06-08,17.03,web,pickup,completed
ORD-0066360,R-0162,2025-06-09,9.40,app,delivery,completed
ORD-0066361,R-0162,2025-06-13,19.72,web,delivery,completed
ORD-0066362,R-0162,2025-06-28,24.18,app,delivery,completed
ORD-0066363,R-0162,2025-06-06,18.55,app,pickup,completed
ORD-0066364,R-0162,2025-06-02,29.66,app,pickup,completed
ORD-0066365,R-0162,2025-06-16,33.33,web,pickup,completed
ORD-0066366,R-0162,2025-06-06,17.20,web,pickup,completed
ORD-0066367,R-0162,2025-06-09,21.56,web,pickup,completed
ORD-0066368,R-0162,2025-06-15,22.41,web,delivery,completed
ORD-0066369,R-0162,2025-06-05,21.72,web,delivery,refunded
ORD-0066370,R-0162,2025-06-08,14.09,web,delivery,completed
ORD-0066371,R-0162,2025-06-27,14.05,web,pickup,completed
ORD-0069000,R-0164,2025-06-27,15.40,web,pickup,completed
ORD-0069001,R-0164,2025-06-20,8.41,app,delivery,completed
ORD-0069002,R-0164,2025-06-21,19.07,app,pickup,completed
ORD-0069003,R-0164,2025-06-28,32.29,web,delivery,completed
ORD-0069004,R-0164,2025-06-26,28.20,app,delivery,completed
ORD-0069005,R-0164,2025-06-22,23.00,web,delivery,Completed
ORD-0069006,R-0164,2025-06-20,16.14,web,pickup,completed
ORD-0069007,R-0164,2025-06-28,31.92,web,delivery,completed
ORD-0069008,R-0164,2025-06-21,21.04,app,delivery,COMPLETED
ORD-0069009,R-0164,2025-06-26,13.70,web,pickup,completed
ORD-0069010,R-0164,2025-06-20,22.45,app,pickup,completed
ORD-0069011,R-0164,2025-06-21,19.76,web,delivery,completed
ORD-0069012,R-0164,2025-06-21,23.05,app,delivery,completed
ORD-0069013,R-0164,2025-06-25,17.02,web,delivery,Completed
ORD-0069014,R-0164,2025-06-19,14.93,app,delivery,completed
ORD-0069015,R-0164,2025-06-21,16.37,app,delivery,completed
ORD-0069016,R-0164,2025-06-26,52.06,app,pickup,completed
ORD-0069017,R-0164,2025-06-25,17.07,app,delivery,completed
ORD-0074200,R-0171,2025-06-26,22.96,app,delivery,completed
ORD-0074201,R-0171,2025-06-06,30.04,web,delivery,completed
ORD-0074202,R-0171,2025-06-06,26.00,web,delivery,completed
ORD-0074203,R-0171,2025-06-05,22.41,app,delivery,completed
ORD-0074204,R-0171,2025-06-22,18.21,app,pickup,completed
ORD-0074205,R-0171,2025-06-20,40.91,app,delivery,completed
ORD-0074206,R-0171,2025-06-07,26.70,web,pickup,Completed
ORD-0074207,R-0171,2025-06-08,13.04,web,delivery,completed
ORD-0074208,R-0171,2025-06-06,20.30,app,pickup,completed
ORD-0074209,R-0171,2025-06-24,18.69,web,pickup,Completed
ORD-0074210,R-0171,2025-06-12,14.81,web,pickup,completed
ORD-0074211,R-0171,2025-06-14,19.07,web,pickup,cancelled
ORD-0074212,R-0171,2025-06-21,27.16,app,pickup,completed
ORD-0074213,R-0171,2025-06-28,21.68,web,delivery,completed
ORD-0074214,R-0171,2025-06-13,19.62,app,delivery,completed
ORD-0074215,R-0171,2025-06-17,21.39,app,delivery,completed
ORD-0074216,R-0171,2025-06-24,20.04,web,delivery,COMPLETED
ORD-0074217,R-0171,2025-06-01,23.71,web,pickup,completed
ORD-0074218,R-0171,2025-06-13,23.67,web,delivery,completed
ORD-0074219,R-0171,2025-06-25,21.09,app,delivery,completed
ORD-0074220,R-0171,2025-06-15,27.07,app,delivery,completed
ORD-0074221,R-0171,2025-06-21,16.99,app,pickup,completed
ORD-0074222,R-0171,2025-06-22,46.37,app,pickup,completed
ORD-0074223,R-0171,2025-06-18,26.61,app,pickup,completed
ORD-0074224,R-0171,2025-06-14,21.77,app,delivery,COMPLETED
ORD-0074225,R-0171,2025-06-07,17.16,web,delivery,completed
ORD-0074226,R-0171,2025-06-02,16.43,app,pickup,completed
ORD-0074227,R-0171,2025-06-07,19.20,app,pickup,cancelled
ORD-0074228,R-0171,2025-06-20,21.65,app,delivery,completed
ORD-0074229,R-0171,2025-06-20,32.80,web,delivery,completed
ORD-0074230,R-0171,2025-06-24,34.53,app,delivery,completed
ORD-0074231,R-0171,2025-06-12,20.28,app,pickup,completed
ORD-0074232,R-0171,2025-06-22,23.42,app,delivery,completed
ORD-0074233,R-0171,2025-06-10,28.25,app,pickup,completed
ORD-0074234,R-0171,2025-06-12,23.13,web,pickup,completed
ORD-0074235,R-0171,2025-06-11,37.59,app,pickup,completed
ORD-0074236,R-0171,2025-06-28,23.05,app,delivery,Completed
ORD-0074237,R-0171,2025-06-02,27.16,app,delivery,Completed
ORD-0074238,R-0171,2025-06-16,27.66,app,delivery,completed
ORD-0074239,R-0171,2025-06-12,24.00,app,delivery,completed
ORD-0074240,R-0171,2025-06-13,26.07,web,pickup,Completed
ORD-0074241,R-0171,2025-06-28,40.69,app,pickup,cancelled
ORD-0074242,R-0171,2025-06-28,18.48,web,pickup,completed
ORD-0074243,R-0171,2025-06-22,21.87,web,pickup,completed
ORD-0074244,R-0171,2025-06-29,17.06,app,pickup,refunded
ORD-0074245,R-0171,2025-06-22,32.33,app,delivery,completed
ORD-0074246,R-0171,2025-06-23,19.98,web,delivery,completed
ORD-0074247,R-0171,2025-06-01,21.55,web,delivery,Completed
ORD-0074248,R-0171,2025-06-06,24.55,app,pickup,Completed
ORD-0074249,R-0171,2025-06-04,32.82,web,delivery,completed
ORD-0074250,R-0171,2025-06-05,29.67,app,pickup,COMPLETED
ORD-0074251,R-0171,2025-06-14,35.42,web,delivery,COMPLETED
ORD-0074252,R-0171,2025-06-12,21.78,app,delivery,completed
ORD-0074253,R-0171,2025-06-25,22.02,app,delivery,completed
ORD-0074254,R-0171,2025-06-08,17.06,app,delivery,COMPLETED
ORD-0074255,R-0171,2025-06-05,26.40,app,pickup,completed
ORD-0074256,R-0171,2025-06-07,27.24,app,pickup,completed
ORD-0074257,R-0171,2025-06-11,35.37,web,delivery,completed
ORD-0074258,R-0171,2025-06-12,33.57,app,delivery,completed
ORD-0074259,R-0171,2025-06-29,21.00,web,pickup,completed
ORD-0074260,R-0171,2025-06-04,14.33,app,pickup,completed
ORD-0074261,R-0171,2025-06-26,32.76,app,delivery,completed
ORD-0074262,R-0171,2025-06-02,29.49,app,delivery,Completed
ORD-0074263,R-0171,2025-06-10,18.61,app,pickup,completed
ORD-0074264,R-0171,2025-06-25,18.57,web,delivery,completed
ORD-0074265,R-0171,2025-06-20,27.12,web,pickup,completed
ORD-0074266,R-0171,2025-06-20,11.82,app,delivery,completed
ORD-0074267,R-0171,2025-06-24,24.00,app,pickup,refunded
ORD-0074268,R-0171,2025-06-24,23.24,web,delivery,COMPLETED
ORD-0074269,R-0171,2025-06-29,29.15,web,delivery,completed
ORD-0074270,R-0171,2025-06-25,17.51,app,delivery,completed
ORD-0074271,R-0171,2025-06-07,14.80,web,pickup,completed
ORD-0074272,R-0171,2025-06-09,16.34,app,pickup,completed
ORD-0074273,R-0171,2025-06-19,19.48,app,delivery,completed
ORD-0074274,R-0171,2025-06-21,21.28,web,pickup,completed
ORD-0074275,R-0171,2025-06-03,22.31,app,delivery,COMPLETED
ORD-0074276,R-0171,2025-06-27,21.41,web,pickup,completed
ORD-0074277,R-0171,2025-06-23,18.59,app,pickup,completed
ORD-0074278,R-0171,2025-06-29,18.14,app,delivery,completed
ORD-0074279,R-0171,2025-06-23,17.00,app,delivery,completed
ORD-0074280,R-0171,2025-06-18,17.00,app,pickup,completed
ORD-0074281,R-0171,2025-06-04,15.90,app,delivery,completed
ORD-0074282,R-0171,2025-06-07,15.34,web,delivery,completed
ORD-0074283,R-0171,2025-06-13,22.70,app,delivery,completed
ORD-0074284,R-0171,2025-06-20,24.92,web,pickup,completed
ORD-0074285,R-0171,2025-06-14,14.38,app,delivery,completed
ORD-0074286,R-0171,2025-06-04,28.05,web,pickup,completed
ORD-0074287,R-0171,2025-06-14,18.88,web,delivery,completed
ORD-0074288,R-0171,2025-06-20,24.03,app,delivery,completed
ORD-0074289,R-0171,2025-06-20,19.49,web,delivery,completed
ORD-0074290,R-0171,2025-06-14,25.17,web,delivery,COMPLETED
ORD-0074291,R-0171,2025-06-07,23.75,app,delivery,completed
ORD-0074877,R-0173,2025-06-06,37.69,app,delivery,completed
ORD-0074878,R-0173,2025-06-29,47.78,web,pickup,completed
ORD-0074879,R-0173,2025-06-29,97.25,app,pickup,COMPLETED
ORD-0074880,R-0173,2025-06-05,31.80,app,pickup,completed
ORD-0074881,R-0173,2025-06-11,39.74,web,delivery,completed
ORD-0074882,R-0173,2025-06-18,73.73,web,delivery,completed
ORD-0074883,R-0173,2025-06-14,53.71,app,pickup,completed
ORD-0074884,R-0173,2025-06-19,106.30,app,delivery,completed
ORD-0074885,R-0173,2025-06-16,37.98,web,pickup,COMPLETED
ORD-0074886,R-0173,2025-06-28,72.61,app,delivery,Completed
ORD-0074887,R-0173,2025-06-28,65.26,web,delivery,completed
ORD-0074888,R-0173,2025-06-25,65.55,app,pickup,COMPLETED
ORD-0074889,R-0173,2025-06-08,32.00,web,delivery,completed
ORD-0074890,R-0173,2025-06-07,28.77,app,delivery,completed
ORD-0074891,R-0173,2025-06-12,43.13,app,pickup,completed
ORD-0074892,R-0173,2025-06-28,44.34,web,delivery,completed
ORD-0074893,R-0173,2025-06-28,61.91,web,delivery,completed
ORD-0074894,R-0173,2025-06-30,24.02,app,delivery,completed
ORD-0074895,R-0173,2025-06-12,55.65,app,pickup,completed
ORD-0074896,R-0173,2025-06-26,37.97,web,delivery,completed
ORD-0074897,R-0173,2025-06-29,31.20,web,pickup,completed
ORD-0074898,R-0173,2025-06-27,84.67,web,delivery,completed
ORD-0074899,R-0173,2025-06-27,31.35,app,pickup,completed
ORD-0074900,R-0173,2025-06-21,41.86,app,pickup,Completed
ORD-0074901,R-0173,2025-06-04,90.24,app,pickup,Completed
ORD-0074902,R-0173,2025-06-18,61.38,app,pickup,completed
ORD-0074903,R-0173,2025-06-08,41.41,web,pickup,completed
ORD-0074904,R-0173,2025-06-02,35.73,app,delivery,completed
ORD-0074905,R-0173,2025-06-07,28.82,app,delivery,completed
ORD-0074906,R-0173,2025-06-23,85.58,web,delivery,completed
ORD-0074907,R-0173,2025-06-20,59.80,web,pickup,completed
ORD-0074908,R-0173,2025-06-17,69.11,web,pickup,completed
ORD-0074909,R-0173,2025-06-16,30.69,app,delivery,completed
ORD-0074910,R-0173,2025-06-01,79.66,web,pickup,completed
ORD-0074911,R-0173,2025-06-24,29.09,app,pickup,cancelled
ORD-0074912,R-0173,2025-06-19,55.77,app,pickup,completed
ORD-0074913,R-0173,2025-06-07,36.31,app,pickup,completed
ORD-0074914,R-0173,2025-06-01,101.80,app,delivery,completed
ORD-0074915,R-0173,2025-06-23,124.41,web,pickup,Completed
ORD-0074916,R-0173,2025-06-02,42.20,app,pickup,completed
ORD-0074917,R-0173,2025-06-16,65.30,app,pickup,completed
ORD-0074918,R-0173,2025-06-27,43.37,web,pickup,completed
ORD-0074919,R-0173,2025-06-30,82.49,web,pickup,refunded
ORD-0074920,R-0173,2025-06-14,52.53,app,pickup,completed
ORD-0074921,R-0173,2025-06-04,58.10,app,delivery,completed
ORD-0074922,R-0173,2025-06-27,57.87,web,delivery,completed
ORD-0074923,R-0173,2025-06-04,55.16,web,delivery,completed
ORD-0074924,R-0173,2025-06-03,75.95,web,pickup,completed
ORD-0074925,R-0173,2025-06-01,47.46,web,delivery,Completed
ORD-0074926,R-0173,2025-06-08,54.63,web,pickup,completed
ORD-0074927,R-0173,2025-06-05,50.21,app,pickup,Completed
ORD-0074928,R-0173,2025-06-11,32.58,web,delivery,COMPLETED
ORD-0074929,R-0173,2025-06-08,92.68,app,delivery,completed
ORD-0074930,R-0173,2025-06-26,42.18,app,delivery,completed
ORD-0074931,R-0173,2025-06-14,77.47,web,delivery,completed
ORD-0074932,R-0173,2025-06-18,45.83,web,delivery,completed
ORD-0074933,R-0173,2025-06-16,31.55,app,pickup,completed
ORD-0074934,R-0173,2025-06-19,91.50,app,delivery,completed
ORD-0074935,R-0173,2025-06-23,53.01,app,pickup,completed
ORD-0074936,R-0173,2025-06-05,42.99,web,delivery,completed
ORD-0074937,R-0173,2025-06-04,38.46,web,pickup,completed
ORD-0075317,R-0175,2025-06-21,16.13,web,pickup,completed
ORD-0075318,R-0175,2025-06-27,28.39,web,delivery,completed
ORD-0075319,R-0175,2025-06-15,22.16,web,delivery,Completed
ORD-0075320,R-0175,2025-06-04,23.75,web,delivery,completed
ORD-0075321,R-0175,2025-06-05,14.77,web,pickup,Completed
ORD-0075322,R-0175,2025-06-11,36.63,web,delivery,completed
ORD-0075323,R-0175,2025-06-21,16.57,web,pickup,completed
ORD-0075324,R-0175,2025-06-13,38.59,web,delivery,completed
ORD-0075325,R-0175,2025-06-05,16.03,app,delivery,COMPLETED
ORD-0075326,R-0175,2025-06-16,20.37,web,delivery,Completed
ORD-0075327,R-0175,2025-06-27,14.91,web,pickup,completed
ORD-0075328,R-0175,2025-06-14,16.82,web,delivery,completed
ORD-0075329,R-0175,2025-06-19,32.82,web,pickup,completed
ORD-0075330,R-0175,2025-06-23,22.92,web,delivery,completed
ORD-0075331,R-0175,2025-06-16,23.58,app,pickup,completed
ORD-0075332,R-0175,2025-06-20,18.44,app,delivery,completed
ORD-0075333,R-0175,2025-06-06,19.36,web,delivery,completed
ORD-0075334,R-0175,2025-06-13,29.37,web,delivery,completed
ORD-0075335,R-0175,2025-06-13,20.27,web,delivery,completed
ORD-0075336,R-0175,2025-06-12,38.26,web,pickup,completed
ORD-0075337,R-0175,2025-06-04,16.16,web,pickup,completed
ORD-0075338,R-0175,2025-06-30,14.55,web,delivery,completed
ORD-0075339,R-0175,2025-06-08,25.95,web,delivery,completed
ORD-0075340,R-0175,2025-06-27,28.14,web,delivery,COMPLETED
ORD-0075341,R-0175,2025-06-08,10.00,app,pickup,completed
ORD-0075342,R-0175,2025-06-16,44.26,web,pickup,completed
ORD-0075343,R-0175,2025-06-10,30.03,app,delivery,completed
ORD-0075344,R-0175,2025-06-07,26.26,web,pickup,completed
ORD-0075345,R-0175,2025-06-14,28.55,app,delivery,completed
ORD-0075346,R-0175,2025-06-28,15.39,app,pickup,completed
ORD-0075347,R-0175,2025-06-05,15.53,web,pickup,completed
ORD-0075348,R-0175,2025-06-05,23.18,app,delivery,COMPLETED
ORD-0079942,R-0184,2025-06-03,11.99,app,pickup,completed
ORD-0079943,R-0184,2025-06-19,7.46,web,pickup,completed
ORD-0079944,R-0184,2025-06-21,19.09,app,pickup,completed
ORD-0079945,R-0184,2025-06-20,23.02,web,pickup,completed
ORD-0079946,R-0184,2025-06-12,21.46,web,pickup,completed
ORD-0079947,R-0184,2025-06-05,26.44,app,pickup,completed
ORD-0079948,R-0184,2025-06-02,33.45,app,pickup,cancelled
ORD-0079949,R-0184,2025-06-02,21.06,web,delivery,COMPLETED
ORD-0079950,R-0184,2025-06-16,32.92,web,pickup,completed
ORD-0079951,R-0184,2025-06-13,19.77,app,pickup,completed
ORD-0079952,R-0184,2025-06-06,40.82,app,delivery,completed
ORD-0079953,R-0184,2025-06-28,18.58,app,delivery,completed
ORD-0079954,R-0184,2025-06-19,15.87,web,pickup,completed
ORD-0079955,R-0184,2025-06-23,17.30,web,pickup,completed
ORD-0079956,R-0184,2025-06-29,20.86,app,pickup,Completed
ORD-0079957,R-0184,2025-06-30,30.37,web,pickup,completed
ORD-0079958,R-0184,2025-06-02,15.76,web,delivery,COMPLETED
ORD-0079959,R-0184,2025-06-07,17.16,web,delivery,completed
ORD-0079960,R-0184,2025-06-02,18.31,app,pickup,completed
ORD-0079961,R-0184,2025-06-20,19.27,app,delivery,completed
ORD-0079962,R-0184,2025-06-03,19.63,web,pickup,completed
ORD-0079963,R-0184,2025-06-25,11.87,app,pickup,completed
ORD-0079964,R-0184,2025-06-30,21.40,app,pickup,completed
ORD-0079965,R-0184,2025-06-02,19.18,app,pickup,completed
ORD-0079966,R-0184,2025-06-18,14.61,web,pickup,completed
ORD-0079967,R-0184,2025-06-25,14.29,app,pickup,completed
ORD-0079968,R-0184,2025-06-13,20.99,web,delivery,Completed
ORD-0079969,R-0184,2025-06-08,19.71,app,delivery,completed
ORD-0079970,R-0184,2025-06-24,16.64,web,delivery,completed
ORD-0079971,R-0184,2025-06-16,13.54,app,delivery,completed
ORD-0079972,R-0184,2025-06-07,15.33,app,delivery,completed
ORD-0079973,R-0184,2025-06-02,33.98,app,delivery,cancelled
ORD-0079974,R-0184,2025-06-03,11.96,app,delivery,completed
ORD-0079975,R-0184,2025-06-13,41.80,app,delivery,completed
ORD-0079976,R-0184,2025-06-28,11.47,app,delivery,COMPLETED
ORD-0079977,R-0184,2025-06-26,11.78,app,pickup,completed
ORD-0079978,R-0184,2025-06-09,10.30,app,delivery,completed
ORD-0079979,R-0184,2025-06-29,22.67,web,pickup,completed
ORD-0079980,R-0184,2025-06-10,19.09,app,pickup,completed
ORD-0079981,R-0184,2025-06-28,17.93,web,delivery,completed
ORD-0079982,R-0184,2025-06-06,24.88,app,delivery,completed
ORD-0079983,R-0184,2025-06-30,13.16,web,delivery,completed
ORD-0079984,R-0184,2025-06-04,18.45,app,pickup,completed
ORD-0079985,R-0184,2025-06-20,30.52,web,pickup,completed
ORD-0079986,R-0184,2025-06-10,20.78,web,pickup,completed
ORD-0079987,R-0184,2025-06-20,37.10,app,pickup,completed
ORD-0079988,R-0184,2025-06-13,7.68,web,delivery,completed
ORD-0079989,R-0184,2025-06-09,13.27,app,pickup,completed
ORD-0079990,R-0184,2025-06-18,11.16,app,pickup,completed
ORD-0079991,R-0184,2025-06-12,28.31,app,delivery,completed
ORD-0079992,R-0184,2025-06-12,22.86,app,pickup,completed
ORD-0079993,R-0184,2025-06-26,19.83,app,pickup,COMPLETED
ORD-0079994,R-0184,2025-06-28,15.22,web,delivery,completed
ORD-0081034,R-0187,2025-06-27,23.08,app,delivery,COMPLETED
ORD-0081035,R-0187,2025-06-05,8.91,app,delivery,Completed
ORD-0081036,R-0187,2025-06-09,22.46,app,delivery,refunded
ORD-0081037,R-0187,2025-06-02,40.30,app,pickup,completed
ORD-0081038,R-0187,2025-06-13,31.36,web,delivery,completed
ORD-0081039,R-0187,2025-06-11,26.09,app,delivery,completed
ORD-0081040,R-0187,2025-06-19,28.88,app,delivery,completed
ORD-0081041,R-0187,2025-06-21,50.04,app,delivery,completed
ORD-0081042,R-0187,2025-06-10,45.46,web,delivery,COMPLETED
ORD-0081043,R-0187,2025-06-13,29.46,web,delivery,completed
ORD-0081044,R-0187,2025-06-26,37.42,web,delivery,completed
ORD-0081045,R-0187,2025-06-03,30.54,app,delivery,completed
ORD-0081046,R-0187,2025-06-02,37.51,web,delivery,completed
ORD-0081047,R-0187,2025-06-14,36.97,app,delivery,completed
ORD-0081048,R-0187,2025-06-22,37.70,app,delivery,completed
ORD-0081049,R-0187,2025-06-12,24.99,app,pickup,completed
ORD-0081050,R-0187,2025-06-24,14.82,app,pickup,completed
ORD-0081051,R-0187,2025-06-14,43.80,web,delivery,completed
ORD-0081052,R-0187,2025-06-03,21.74,web,delivery,completed
ORD-0081053,R-0187,2025-06-07,33.49,web,delivery,completed
ORD-0081054,R-0187,2025-06-28,18.73,app,pickup,completed
ORD-0081055,R-0187,2025-06-14,28.42,app,delivery,COMPLETED
ORD-0081056,R-0187,2025-06-14,39.41,app,delivery,completed
ORD-0081057,R-0187,2025-06-13,36.34,app,pickup,Completed
ORD-0081058,R-0187,2025-06-07,26.49,app,delivery,completed
ORD-0081059,R-0187,2025-06-13,37.64,app,delivery,completed
ORD-0081060,R-0187,2025-06-14,21.40,app,delivery,completed
ORD-0081061,R-0187,2025-06-19,31.33,web,delivery,completed
ORD-0081062,R-0187,2025-06-20,48.53,web,delivery,completed
ORD-0081063,R-0187,2025-06-07,26.53,app,delivery,completed
ORD-0081064,R-0187,2025-06-19,22.21,web,delivery,completed
ORD-0081065,R-0187,2025-06-10,19.50,web,delivery,completed
ORD-0081066,R-0187,2025-06-13,23.65,web,delivery,completed
ORD-0081067,R-0187,2025-06-11,24.92,app,delivery,completed
ORD-0081068,R-0187,2025-06-29,38.22,app,delivery,completed
ORD-0081069,R-0187,2025-06-30,58.01,app,delivery,refunded
ORD-0081070,R-0187,2025-06-03,11.60,app,delivery,completed
ORD-0081071,R-0187,2025-06-11,31.08,app,delivery,completed
ORD-0081072,R-0187,2025-06-23,34.03,web,delivery,completed
ORD-0081073,R-0187,2025-06-13,30.89,web,delivery,completed
ORD-0081074,R-0187,2025-06-07,18.78,app,delivery,Completed
ORD-0081075,R-0187,2025-06-29,40.95,web,pickup,completed
ORD-0081076,R-0187,2025-06-11,19.81,web,pickup,completed
ORD-0081077,R-0187,2025-06-01,33.05,app,delivery,completed
ORD-0081078,R-0187,2025-06-21,17.31,web,delivery,completed
ORD-0081079,R-0187,2025-06-15,32.47,app,delivery,completed
ORD-0081080,R-0187,2025-06-21,15.98,app,delivery,completed
ORD-0081081,R-0187,2025-06-05,12.88,app,delivery,refunded
ORD-0081082,R-0187,2025-06-25,42.01,web,delivery,completed
ORD-0081083,R-0187,2025-06-16,22.77,web,delivery,completed
ORD-0081084,R-0187,2025-06-09,27.06,app,delivery,completed
ORD-0081085,R-0187,2025-06-08,40.96,web,delivery,completed
ORD-0081086,R-0187,2025-06-27,22.25,web,delivery,completed
ORD-0081087,R-0187,2025-06-11,32.37,web,delivery,completed
ORD-0081088,R-0187,2025-06-18,18.50,web,delivery,completed
ORD-0081089,R-0187,2025-06-25,28.12,web,delivery,completed
ORD-0081090,R-0187,2025-06-04,14.42,web,delivery,completed
ORD-0081091,R-0187,2025-06-14,43.86,app,delivery,completed
ORD-0081092,R-0187,2025-06-26,13.83,app,delivery,completed
ORD-0081093,R-0187,2025-06-24,22.32,app,delivery,completed
ORD-0081094,R-0187,2025-06-27,24.49,app,delivery,cancelled
ORD-0081095,R-0187,2025-06-05,22.66,web,delivery,completed
ORD-0081096,R-0187,2025-06-21,31.09,app,delivery,Completed
ORD-0081097,R-0187,2025-06-06,23.59,app,delivery,completed
ORD-0081098,R-0187,2025-06-16,23.83,app,delivery,completed
ORD-0081099,R-0187,2025-06-18,26.43,app,pickup,completed
ORD-0081100,R-0187,2025-06-21,102.29,app,delivery,completed
ORD-0081101,R-0187,2025-06-08,34.35,web,delivery,completed
ORD-0081102,R-0187,2025-06-04,26.41,web,delivery,completed
ORD-0081103,R-0187,2025-06-05,27.80,app,delivery,completed
ORD-0081104,R-0187,2025-06-02,40.30,app,delivery,completed
ORD-0081105,R-0187,2025-06-01,26.16,web,pickup,completed
ORD-0081106,R-0187,2025-06-14,9.27,app,delivery,completed
ORD-0081107,R-0187,2025-06-26,22.71,web,delivery,completed
ORD-0081108,R-0187,2025-06-18,16.15,web,delivery,completed
ORD-0081109,R-0187,2025-06-14,33.01,app,delivery,cancelled
ORD-0081110,R-0187,2025-06-19,21.78,app,delivery,completed
ORD-0081111,R-0187,2025-06-14,26.02,app,delivery,completed
ORD-0081112,R-0187,2025-06-20,28.08,app,delivery,Completed
ORD-0081113,R-0187,2025-06-09,23.55,app,delivery,completed
ORD-0081114,R-0187,2025-06-20,40.89,web,delivery,completed
ORD-0081115,R-0187,2025-06-17,39.92,app,delivery,completed
ORD-0081116,R-0187,2025-06-21,21.20,web,delivery,completed
ORD-0081117,R-0187,2025-06-20,24.76,web,delivery,completed
ORD-0081118,R-0187,2025-06-08,20.14,app,delivery,completed
ORD-0081119,R-0187,2025-06-12,12.97,web,delivery,completed
ORD-0081120,R-0187,2025-06-24,30.68,web,delivery,completed
ORD-0081121,R-0187,2025-06-02,23.05,app,pickup,completed
ORD-0081122,R-0187,2025-06-26,25.44,web,delivery,completed
ORD-0081123,R-0187,2025-06-21,37.88,app,delivery,completed
ORD-0081124,R-0187,2025-06-14,24.97,app,delivery,completed
ORD-0081125,R-0187,2025-06-06,31.24,web,delivery,Completed
ORD-0081126,R-0187,2025-06-28,36.28,web,delivery,completed
ORD-0082789,R-0190,2025-06-08,23.99,app,delivery,completed
ORD-0082790,R-0190,2025-06-26,22.74,app,pickup,COMPLETED
ORD-0082791,R-0190,2025-06-19,13.17,app,pickup,cancelled
ORD-0082792,R-0190,2025-06-04,15.09,app,delivery,completed
ORD-0082793,R-0190,2025-06-12,22.97,app,delivery,completed
ORD-0082794,R-0190,2025-06-07,34.79,web,pickup,completed
ORD-0082795,R-0190,2025-06-20,16.32,app,delivery,Completed
ORD-0082796,R-0190,2025-06-26,22.76,app,pickup,completed
ORD-0082797,R-0190,2025-06-14,24.46,app,delivery,Completed
ORD-0082798,R-0190,2025-06-26,27.38,app,pickup,COMPLETED
ORD-0082799,R-0190,2025-06-27,26.94,app,pickup,COMPLETED
ORD-0082800,R-0190,2025-06-24,20.53,app,delivery,completed
ORD-0082801,R-0190,2025-06-12,30.76,app,pickup,Completed
ORD-0082802,R-0190,2025-06-03,20.14,app,delivery,completed
ORD-0082803,R-0190,2025-06-08,31.38,app,delivery,Completed
ORD-0082804,R-0190,2025-06-14,15.97,web,delivery,COMPLETED
ORD-0082805,R-0190,2025-06-05,25.61,web,pickup,completed
ORD-0082806,R-0190,2025-06-13,8.17,app,delivery,completed
ORD-0082807,R-0190,2025-06-03,31.63,app,delivery,completed
ORD-0082808,R-0190,2025-06-19,16.21,app,pickup,completed
ORD-0082809,R-0190,2025-06-21,19.36,web,delivery,completed
ORD-0082810,R-0190,2025-06-04,20.10,app,pickup,completed
ORD-0082811,R-0190,2025-06-27,23.97,app,delivery,completed
ORD-0082812,R-0190,2025-06-27,27.08,web,pickup,completed
ORD-0082813,R-0190,2025-06-01,14.70,app,delivery,Completed
ORD-0082814,R-0190,2025-06-09,21.72,app,delivery,completed
ORD-0082815,R-0190,2025-06-29,29.40,app,delivery,Completed
ORD-0082816,R-0190,2025-06-12,15.25,app,pickup,completed
ORD-0082817,R-0190,2025-06-26,23.30,app,delivery,completed
ORD-0082818,R-0190,2025-06-17,18.61,app,delivery,completed
ORD-0082819,R-0190,2025-06-07,12.40,app,pickup,completed
ORD-0082820,R-0190,2025-06-27,34.37,app,pickup,cancelled
ORD-0082821,R-0190,2025-06-12,22.07,app,pickup,completed
ORD-0082822,R-0190,2025-06-30,14.54,web,delivery,COMPLETED
ORD-0082823,R-0190,2025-06-30,28.78,app,pickup,COMPLETED
ORD-0082824,R-0190,2025-06-13,21.77,app,delivery,cancelled
ORD-0082825,R-0190,2025-06-12,20.07,app,delivery,completed
ORD-0082826,R-0190,2025-06-29,37.79,app,pickup,completed
ORD-0082827,R-0190,2025-06-04,18.43,web,pickup,completed
ORD-0082828,R-0190,2025-06-15,17.72,app,pickup,completed
ORD-0082829,R-0190,2025-06-09,27.50,app,pickup,completed
ORD-0082830,R-0190,2025-06-07,9.65,app,delivery,completed
ORD-0082831,R-0190,2025-06-05,20.08,app,pickup,completed
ORD-0082832,R-0190,2025-06-27,26.98,web,pickup,completed
ORD-0082833,R-0190,2025-06-20,16.55,app,pickup,completed
ORD-0082834,R-0190,2025-06-03,24.05,app,pickup,completed
ORD-0082835,R-0190,2025-06-30,22.88,app,delivery,completed
ORD-0082836,R-0190,2025-06-07,19.22,app,delivery,Completed
ORD-0082837,R-0190,2025-06-22,16.28,app,delivery,completed
ORD-0082838,R-0190,2025-06-07,16.71,app,delivery,completed
ORD-0082839,R-0190,2025-06-21,14.16,app,delivery,completed
ORD-0082840,R-0190,2025-06-13,18.46,web,delivery,cancelled
ORD-0082841,R-0190,2025-06-26,29.37,app,delivery,completed
ORD-0082842,R-0190,2025-06-24,19.59,app,delivery,completed
ORD-0082843,R-0190,2025-06-07,36.21,app,delivery,COMPLETED
ORD-0082844,R-0190,2025-06-07,17.34,app,pickup,completed
ORD-0082845,R-0190,2025-06-02,13.99,app,delivery,completed
ORD-0082846,R-0190,2025-06-01,14.02,web,delivery,completed
ORD-0082847,R-0190,2025-06-08,22.76,app,pickup,completed
ORD-0082848,R-0190,2025-06-25,15.95,web,pickup,completed
ORD-0082849,R-0190,2025-06-09,20.77,web,pickup,completed
ORD-0082850,R-0190,2025-06-08,16.83,app,pickup,refunded
ORD-0082851,R-0190,2025-06-09,11.30,web,delivery,completed
ORD-0082852,R-0190,2025-06-02,20.38,web,delivery,completed
ORD-0082853,R-0190,2025-06-19,10.76,app,pickup,completed
ORD-0082854,R-0190,2025-06-21,30.20,app,delivery,completed
ORD-0082855,R-0190,2025-06-07,38.48,app,delivery,completed
ORD-0082856,R-0190,2025-06-29,31.55,app,delivery,completed
ORD-0082857,R-0190,2025-06-14,29.05,web,delivery,completed
ORD-0082858,R-0190,2025-06-19,15.64,app,pickup,completed
ORD-0082859,R-0190,2025-06-26,35.50,app,delivery,completed
ORD-0082860,R-0190,2025-06-09,15.76,app,delivery,completed
ORD-0082861,R-0190,2025-06-12,20.45,app,delivery,completed
ORD-0082862,R-0190,2025-06-20,21.79,app,pickup,completed
ORD-0082863,R-0190,2025-06-13,19.51,app,delivery,completed
ORD-0082864,R-0190,2025-06-06,13.11,web,delivery,completed
ORD-0082865,R-0190,2025-06-01,25.77,app,pickup,completed
ORD-0082866,R-0190,2025-06-23,9.98,app,pickup,completed
ORD-0082867,R-0190,2025-06-14,17.17,app,pickup,completed
ORD-0082868,R-0190,2025-06-16,19.16,web,delivery,completed
ORD-0082869,R-0190,2025-06-23,32.18,app,delivery,completed
ORD-0082870,R-0190,2025-06-22,27.07,app,delivery,completed
ORD-0082871,R-0190,2025-06-28,29.65,app,pickup,completed
ORD-0082872,R-0190,2025-06-04,12.37,app,delivery,completed
ORD-0082873,R-0190,2025-06-24,18.65,app,delivery,completed
ORD-0082874,R-0190,2025-06-29,14.70,app,delivery,completed
ORD-0082875,R-0190,2025-06-03,11.20,app,pickup,completed
ORD-0082876,R-0190,2025-06-30,24.90,app,delivery,completed
ORD-0082877,R-0190,2025-06-18,10.27,app,delivery,completed
ORD-0082878,R-0190,2025-06-13,37.03,app,pickup,completed
ORD-0082879,R-0190,2025-06-13,32.99,app,delivery,completed
ORD-0082880,R-0190,2025-06-27,28.16,app,pickup,completed
ORD-0082881,R-0190,2025-06-09,12.48,app,delivery,completed
ORD-0082882,R-0190,2025-06-03,18.91,app,delivery,completed
ORD-0082883,R-0190,2025-06-27,27.17,app,delivery,completed
ORD-0082884,R-0190,2025-06-20,30.50,app,pickup,completed
ORD-0082885,R-0190,2025-06-23,19.91,app,pickup,completed
ORD-0082886,R-0190,2025-06-05,15.53,web,delivery,cancelled
ORD-0082887,R-0190,2025-06-23,12.60,app,delivery,COMPLETED
ORD-0082888,R-0190,2025-06-04,25.32,app,delivery,completed
ORD-0082889,R-0190,2025-06-05,15.93,app,delivery,completed
ORD-0082890,R-0190,2025-06-07,20.45,web,delivery,completed
ORD-0082891,R-0190,2025-06-22,31.16,app,delivery,completed
ORD-0082892,R-0190,2025-06-21,24.38,app,delivery,completed
ORD-0082893,R-0190,2025-06-04,13.98,app,delivery,Completed
ORD-0082894,R-0190,2025-06-07,16.33,web,delivery,completed
ORD-0082895,R-0190,2025-06-23,11.95,web,pickup,completed
ORD-0082896,R-0190,2025-06-01,18.93,app,pickup,completed
ORD-0082897,R-0190,2025-06-18,18.49,app,delivery,completed
ORD-0082898,R-0190,2025-06-07,13.26,app,delivery,COMPLETED
ORD-0085520,R-0193,2025-06-21,49.93,app,delivery,completed
ORD-0085521,R-0193,2025-06-27,28.81,web,delivery,completed
ORD-0085522,R-0193,2025-06-25,45.55,app,delivery,completed
ORD-0085523,R-0193,2025-06-26,77.03,app,delivery,completed
ORD-0085524,R-0193,2025-06-20,40.30,app,pickup,Completed
ORD-0085525,R-0193,2025-06-20,34.18,web,pickup,completed
ORD-0085526,R-0193,2025-06-23,23.73,web,delivery,completed
ORD-0085527,R-0193,2025-06-21,25.62,app,delivery,completed
ORD-0085528,R-0193,2025-06-23,34.37,app,delivery,completed
ORD-0085529,R-0193,2025-06-25,30.32,app,pickup,COMPLETED
ORD-0085530,R-0193,2025-06-28,50.30,app,delivery,cancelled
ORD-0085531,R-0193,2025-06-24,36.56,app,delivery,completed
ORD-0085532,R-0193,2025-06-22,50.50,app,delivery,completed
ORD-0085533,R-0193,2025-06-30,42.83,app,delivery,completed
ORD-0085534,R-0193,2025-06-28,28.07,web,delivery,completed
ORD-0085653,R-0194,2025-06-30,41.99,app,pickup,completed
ORD-0085654,R-0194,2025-06-12,33.17,app,delivery,completed
ORD-0085655,R-0194,2025-06-15,23.84,web,delivery,completed
ORD-0085656,R-0194,2025-06-22,30.87,app,delivery,completed
ORD-0085657,R-0194,2025-06-07,32.93,app,pickup,completed
ORD-0086749,R-0198,2025-06-25,27.99,web,delivery,completed
ORD-0086750,R-0198,2025-06-25,21.68,app,delivery,completed
ORD-0086751,R-0198,2025-06-17,34.80,web,delivery,Completed
ORD-0086752,R-0198,2025-06-01,25.12,web,delivery,completed
ORD-0086753,R-0198,2025-06-06,19.99,web,pickup,completed
ORD-0086754,R-0198,2025-06-08,20.84,app,delivery,completed
ORD-0086755,R-0198,2025-06-09,25.86,web,delivery,Completed
ORD-0086756,R-0198,2025-06-28,63.16,web,delivery,Completed
ORD-0086757,R-0198,2025-06-28,51.66,app,delivery,completed
ORD-0086758,R-0198,2025-06-03,21.42,web,delivery,completed
ORD-0086759,R-0198,2025-06-28,27.39,web,delivery,completed
ORD-0086760,R-0198,2025-06-26,16.29,web,delivery,completed
ORD-0086761,R-0198,2025-06-29,22.91,app,delivery,Completed
ORD-0086762,R-0198,2025-06-15,26.76,app,delivery,completed
ORD-0086763,R-0198,2025-06-23,32.52,web,delivery,completed
ORD-0086764,R-0198,2025-06-09,31.92,web,delivery,completed
ORD-0088705,R-0204,2025-06-25,24.61,web,delivery,completed
ORD-0088706,R-0204,2025-06-30,31.15,app,delivery,Completed
ORD-0088707,R-0204,2025-06-27,30.85,app,delivery,completed
ORD-0088708,R-0204,2025-06-29,34.53,app,delivery,completed
ORD-0088709,R-0204,2025-06-27,22.71,app,pickup,cancelled
ORD-0088710,R-0204,2025-06-25,44.83,app,delivery,completed
ORD-0088711,R-0204,2025-06-24,20.95,app,delivery,completed
ORD-0088712,R-0204,2025-06-20,34.14,app,delivery,completed
ORD-0088713,R-0204,2025-06-20,31.93,app,pickup,completed
ORD-0088714,R-0204,2025-06-22,24.64,app,pickup,completed
ORD-0088715,R-0204,2025-06-30,39.66,web,delivery,Completed
ORD-0088716,R-0204,2025-06-28,28.66,web,delivery,completed
ORD-0088717,R-0204,2025-06-26,29.79,app,delivery,Completed
ORD-0088718,R-0204,2025-06-20,24.24,app,pickup,completed
ORD-0088719,R-0204,2025-06-27,25.89,app,delivery,completed
ORD-0091116,R-0207,2025-06-16,58.98,app,pickup,completed
ORD-0091117,R-0207,2025-06-28,43.17,app,pickup,completed
ORD-0091118,R-0207,2025-06-01,71.83,web,pickup,completed
ORD-0091119,R-0207,2025-06-09,61.41,web,pickup,completed
ORD-0091120,R-0207,2025-06-20,32.81,app,pickup,completed
ORD-0091121,R-0207,2025-06-09,49.45,app,delivery,completed
ORD-0091122,R-0207,2025-06-30,55.23,app,delivery,completed
ORD-0091123,R-0207,2025-06-13,84.18,app,delivery,cancelled
ORD-0091124,R-0207,2025-06-14,83.29,web,pickup,completed
ORD-0091125,R-0207,2025-06-13,79.75,web,pickup,completed
ORD-0091126,R-0207,2025-06-01,42.61,app,delivery,completed
ORD-0091127,R-0207,2025-06-22,89.68,app,pickup,completed
ORD-0091128,R-0207,2025-06-15,123.68,web,pickup,COMPLETED
ORD-0091129,R-0207,2025-06-25,33.46,web,delivery,completed
ORD-0091130,R-0207,2025-06-22,88.98,app,delivery,completed
ORD-0093613,R-0211,2025-06-24,18.24,app,delivery,completed
ORD-0093614,R-0211,2025-06-25,15.66,app,pickup,Completed
ORD-0093615,R-0211,2025-06-10,31.56,web,delivery,completed
ORD-0093616,R-0211,2025-06-24,29.19,app,pickup,completed
ORD-0093617,R-0211,2025-06-16,11.95,app,pickup,completed
ORD-0093618,R-0211,2025-06-05,32.69,web,delivery,completed
ORD-0093619,R-0211,2025-06-27,25.76,app,delivery,COMPLETED
ORD-0093620,R-0211,2025-06-18,30.52,app,delivery,completed
ORD-0093621,R-0211,2025-06-28,40.10,app,delivery,completed
ORD-0093622,R-0211,2025-06-25,28.43,app,pickup,completed
ORD-0093623,R-0211,2025-06-29,33.13,web,delivery,completed
ORD-0093624,R-0211,2025-06-19,19.80,web,delivery,completed
ORD-0093625,R-0211,2025-06-23,13.19,app,pickup,COMPLETED
ORD-0093626,R-0211,2025-06-05,43.56,app,delivery,COMPLETED
ORD-0093627,R-0211,2025-06-22,23.62,web,delivery,completed
ORD-0093628,R-0211,2025-06-14,24.49,web,pickup,completed
ORD-0093629,R-0211,2025-06-30,25.08,web,delivery,COMPLETED
ORD-0101044,R-0227,2025-06-26,39.00,app,delivery,completed
ORD-0101045,R-0227,2025-06-06,66.21,app,delivery,completed
ORD-0101046,R-0227,2025-06-11,33.94,web,pickup,completed
ORD-0101047,R-0227,2025-06-07,35.44,app,delivery,cancelled
ORD-0101048,R-0227,2025-06-16,39.68,app,pickup,completed
ORD-0101049,R-0227,2025-06-08,88.43,web,pickup,completed
ORD-0101050,R-0227,2025-06-13,40.96,app,delivery,completed
ORD-0101051,R-0227,2025-06-22,45.05,app,delivery,completed
ORD-0101052,R-0227,2025-06-01,49.74,app,delivery,completed
ORD-0101053,R-0227,2025-06-28,31.61,web,delivery,completed
ORD-0101054,R-0227,2025-06-14,70.19,web,delivery,cancelled
ORD-0101055,R-0227,2025-06-21,39.49,web,delivery,completed
ORD-0101056,R-0227,2025-06-14,31.28,app,pickup,completed
ORD-0101057,R-0227,2025-06-05,39.21,web,delivery,completed
ORD-0101058,R-0227,2025-06-11,25.36,app,delivery,completed
ORD-0101059,R-0227,2025-06-20,50.57,app,delivery,completed
ORD-0101060,R-0227,2025-06-06,68.24,app,delivery,completed
ORD-0101061,R-0227,2025-06-06,41.57,app,delivery,completed
ORD-0101062,R-0227,2025-06-08,33.25,web,delivery,completed
ORD-0101063,R-0227,2025-06-23,37.60,web,pickup,completed
ORD-0101064,R-0227,2025-06-20,69.92,web,delivery,refunded
ORD-0101065,R-0227,2025-06-24,37.63,web,delivery,completed
ORD-0101066,R-0227,2025-06-07,90.43,app,pickup,COMPLETED
ORD-0101067,R-0227,2025-06-29,70.70,app,delivery,completed
ORD-0101068,R-0227,2025-06-18,36.52,app,delivery,completed
ORD-0101069,R-0227,2025-06-16,41.02,web,pickup,completed
ORD-0101070,R-0227,2025-06-06,54.50,app,delivery,completed
ORD-0101071,R-0227,2025-06-26,31.28,app,delivery,Completed
ORD-0101072,R-0227,2025-06-01,49.01,app,delivery,COMPLETED
ORD-0101073,R-0227,2025-06-06,31.07,app,delivery,COMPLETED
ORD-0101074,R-0227,2025-06-08,43.31,app,pickup,completed
ORD-0101075,R-0227,2025-06-06,61.33,app,delivery,completed
ORD-0101076,R-0227,2025-06-22,47.16,app,delivery,completed
ORD-0101077,R-0227,2025-06-21,77.15,app,pickup,completed
ORD-0101078,R-0227,2025-06-02,45.66,app,pickup,completed
ORD-0101079,R-0227,2025-06-03,66.88,web,pickup,completed
ORD-0101080,R-0227,2025-06-17,41.38,app,pickup,completed
ORD-0101081,R-0227,2025-06-09,63.97,web,pickup,completed
ORD-0101082,R-0227,2025-06-25,38.47,web,pickup,completed
ORD-0101083,R-0227,2025-06-04,42.63,app,delivery,completed
ORD-0101084,R-0227,2025-06-13,46.29,app,pickup,completed
ORD-0105389,R-0236,2025-06-05,53.41,web,delivery,completed
ORD-0105390,R-0236,2025-06-28,35.21,app,pickup,completed
ORD-0105391,R-0236,2025-06-18,33.69,web,delivery,completed
ORD-0105392,R-0236,2025-06-15,34.14,app,pickup,completed
ORD-0105393,R-0236,2025-06-14,34.16,app,delivery,refunded
ORD-0105394,R-0236,2025-06-11,24.26,app,delivery,completed
ORD-0105395,R-0236,2025-06-30,31.03,app,delivery,completed
ORD-0105396,R-0236,2025-06-23,27.36,app,delivery,completed
ORD-0105397,R-0236,2025-06-18,26.85,app,delivery,completed
ORD-0105398,R-0236,2025-06-04,20.53,app,delivery,COMPLETED
ORD-0105399,R-0236,2025-06-10,23.14,web,delivery,completed
ORD-0105400,R-0236,2025-06-21,21.26,web,delivery,completed
ORD-0105401,R-0236,2025-06-30,31.50,web,delivery,completed
ORD-0105402,R-0236,2025-06-04,47.54,app,delivery,completed
ORD-0105403,R-0236,2025-06-21,41.44,app,pickup,completed
ORD-0105404,R-0236,2025-06-27,19.27,app,delivery,completed
ORD-0105405,R-0236,2025-06-17,31.66,web,delivery,completed
ORD-0105406,R-0236,2025-06-26,30.50,web,pickup,COMPLETED
ORD-0105407,R-0236,2025-06-23,38.32,app,delivery,completed
ORD-0105408,R-0236,2025-06-16,29.48,web,delivery,completed
ORD-0105409,R-0236,2025-06-13,18.47,app,delivery,completed
ORD-0105410,R-0236,2025-06-10,24.09,app,delivery,completed
ORD-0105411,R-0236,2025-06-02,44.40,app,delivery,completed
ORD-0105412,R-0236,2025-06-28,27.18,app,delivery,completed
ORD-0105413,R-0236,2025-06-14,33.18,web,pickup,completed
ORD-0105414,R-0236,2025-06-02,21.97,web,pickup,completed
ORD-0105415,R-0236,2025-06-15,33.05,app,pickup,completed
ORD-0105416,R-0236,2025-06-14,40.12,app,delivery,completed
ORD-0105417,R-0236,2025-06-22,29.21,app,pickup,completed
ORD-0105418,R-0236,2025-06-13,49.93,app,delivery,completed
ORD-0105419,R-0236,2025-06-21,24.15,web,delivery,completed
ORD-0105420,R-0236,2025-06-25,20.86,web,pickup,completed
ORD-0105421,R-0236,2025-06-23,32.28,app,delivery,completed
ORD-0105422,R-0236,2025-06-02,32.49,web,delivery,completed
ORD-0105423,R-0236,2025-06-30,26.57,app,delivery,cancelled
ORD-0105424,R-0236,2025-06-09,31.93,web,pickup,completed
ORD-0105425,R-0236,2025-06-21,27.74,web,delivery,completed
ORD-0105426,R-0236,2025-06-03,36.73,app,pickup,completed
ORD-0105427,R-0236,2025-06-10,28.87,app,pickup,completed
ORD-0105428,R-0236,2025-06-02,24.25,app,delivery,completed
ORD-0105429,R-0236,2025-06-13,35.09,app,delivery,completed
ORD-0105430,R-0236,2025-06-06,38.78,web,delivery,completed
ORD-0105431,R-0236,2025-06-28,15.79,web,pickup,completed
ORD-0105432,R-0236,2025-06-23,19.30,app,delivery,completed
ORD-0105433,R-0236,2025-06-01,18.99,web,delivery,completed
ORD-0105434,R-0236,2025-06-13,26.80,web,pickup,completed
ORD-0105435,R-0236,2025-06-01,36.98,app,delivery,completed
ORD-0105436,R-0236,2025-06-20,39.59,web,delivery,completed
ORD-0107486,R-0245,2025-06-28,14.64,app,pickup,completed
ORD-0107487,R-0245,2025-06-06,34.58,web,delivery,COMPLETED
ORD-0107488,R-0245,2025-06-11,28.87,web,delivery,Completed
ORD-0107489,R-0245,2025-06-21,26.74,app,delivery,completed
ORD-0107490,R-0245,2025-06-20,32.69,web,pickup,completed
ORD-0107491,R-0245,2025-06-11,24.29,web,pickup,completed
ORD-0107492,R-0245,2025-06-02,25.30,app,delivery,completed
ORD-0107493,R-0245,2025-06-09,23.73,web,delivery,completed
ORD-0107494,R-0245,2025-06-27,21.13,app,delivery,completed
ORD-0107495,R-0245,2025-06-20,21.55,app,delivery,completed
ORD-0107496,R-0245,2025-06-17,32.20,app,delivery,completed
ORD-0107497,R-0245,2025-06-15,12.23,app,pickup,completed
ORD-0107498,R-0245,2025-06-06,71.37,web,delivery,refunded
ORD-0107499,R-0245,2025-06-23,33.51,web,pickup,completed
ORD-0107500,R-0245,2025-06-29,19.01,web,delivery,completed
ORD-0107501,R-0245,2025-06-30,11.97,app,pickup,COMPLETED
ORD-0107502,R-0245,2025-06-29,19.65,web,delivery,completed
ORD-0107503,R-0245,2025-06-29,17.99,web,pickup,cancelled
ORD-0107504,R-0245,2025-06-08,26.62,web,delivery,completed
ORD-0107505,R-0245,2025-06-25,30.82,app,delivery,Cancelled
ORD-0107506,R-0245,2025-06-30,35.90,app,delivery,completed
ORD-0107507,R-0245,2025-06-27,18.56,web,pickup,completed
ORD-0107508,R-0245,2025-06-22,14.87,app,delivery,completed
ORD-0107509,R-0245,2025-06-15,9.20,app,delivery,completed
ORD-0107510,R-0245,2025-06-09,22.67,web,delivery,cancelled
ORD-0107511,R-0245,2025-06-23,22.25,web,delivery,completed
ORD-0107512,R-0245,2025-06-15,23.45,app,pickup,completed
ORD-0107513,R-0245,2025-06-07,19.32,web,delivery,completed
ORD-0107514,R-0245,2025-06-25,43.73,app,delivery,completed
ORD-0107515,R-0245,2025-06-20,29.81,app,pickup,completed
ORD-0107516,R-0245,2025-06-07,17.45,app,delivery,completed
ORD-0107517,R-0245,2025-06-12,15.83,web,delivery,completed
ORD-0107518,R-0245,2025-06-19,26.12,app,pickup,Completed
ORD-0107519,R-0245,2025-06-08,18.24,web,delivery,completed
ORD-0107520,R-0245,2025-06-28,32.37,web,delivery,COMPLETED
ORD-0107521,R-0245,2025-06-03,29.27,app,delivery,completed
ORD-0107522,R-0245,2025-06-13,10.97,web,delivery,completed
ORD-0107523,R-0245,2025-06-07,15.92,web,delivery,completed
ORD-0107524,R-0245,2025-06-15,22.86,app,pickup,completed
ORD-0107525,R-0245,2025-06-25,17.13,web,pickup,completed
ORD-0107526,R-0245,2025-06-26,30.91,app,delivery,completed
ORD-0109136,R-0247,2025-06-22,27.47,app,pickup,completed
ORD-0109137,R-0247,2025-06-20,27.84,web,delivery,COMPLETED
ORD-0109138,R-0247,2025-06-01,13.08,web,pickup,completed
ORD-0109139,R-0247,2025-06-25,21.80,app,delivery,completed
ORD-0109140,R-0247,2025-06-10,12.53,web,pickup,completed
ORD-0109141,R-0247,2025-06-22,44.92,web,delivery,Completed
ORD-0109142,R-0247,2025-06-30,32.26,app,pickup,completed
ORD-0109143,R-0247,2025-06-27,50.67,web,pickup,completed
ORD-0109144,R-0247,2025-06-25,20.51,web,delivery,completed
ORD-0109145,R-0247,2025-06-13,24.02,app,delivery,completed
ORD-0109146,R-0247,2025-06-26,24.14,web,pickup,completed
ORD-0109147,R-0247,2025-06-07,23.63,web,delivery,completed
ORD-0109148,R-0247,2025-06-26,31.08,web,pickup,completed
ORD-0109149,R-0247,2025-06-01,35.27,app,delivery,completed
ORD-0109150,R-0247,2025-06-04,18.53,app,pickup,completed
ORD-0109151,R-0247,2025-06-10,17.80,app,delivery,completed
ORD-0109152,R-0247,2025-06-27,19.22,web,delivery,completed
ORD-0109153,R-0247,2025-06-15,22.92,web,pickup,completed
ORD-0109154,R-0247,2025-06-15,28.94,app,pickup,completed
ORD-0109155,R-0247,2025-06-21,64.10,web,delivery,completed
ORD-0109156,R-0247,2025-06-30,23.14,web,delivery,completed
ORD-0109157,R-0247,2025-06-06,28.38,web,pickup,completed
ORD-0109158,R-0247,2025-06-04,25.82,web,pickup,completed
ORD-0109159,R-0247,2025-06-12,15.78,app,delivery,completed
ORD-0109160,R-0247,2025-06-03,19.52,web,pickup,COMPLETED
ORD-0109161,R-0247,2025-06-05,22.72,web,delivery,completed
ORD-0109162,R-0247,2025-06-16,25.68,web,delivery,completed
ORD-0109163,R-0247,2025-06-13,24.95,web,pickup,completed
ORD-0111673,R-0260,2025-06-12,22.70,web,pickup,completed
ORD-0111674,R-0260,2025-06-14,22.12,web,delivery,completed
ORD-0111675,R-0260,2025-06-25,24.11,web,delivery,completed
ORD-0111676,R-0260,2025-06-22,42.10,app,delivery,completed
ORD-0111677,R-0260,2025-06-20,35.52,app,delivery,completed
ORD-0111678,R-0260,2025-06-26,21.32,web,delivery,completed
ORD-0111679,R-0260,2025-06-14,24.32,web,delivery,completed
ORD-0111680,R-0260,2025-06-15,26.73,app,delivery,completed
ORD-0111681,R-0260,2025-06-06,44.95,app,delivery,completed
ORD-0111682,R-0260,2025-06-28,30.58,app,delivery,completed
ORD-0111683,R-0260,2025-06-10,17.41,app,delivery,COMPLETED
ORD-0111684,R-0260,2025-06-16,38.62,web,delivery,completed
ORD-0111685,R-0260,2025-06-25,28.69,app,delivery,completed
ORD-0111686,R-0260,2025-06-20,37.15,app,pickup,completed
ORD-0111687,R-0260,2025-06-11,20.77,app,pickup,completed
ORD-0111688,R-0260,2025-06-16,38.53,app,delivery,completed
ORD-0111689,R-0260,2025-06-29,24.95,app,delivery,completed
ORD-0111690,R-0260,2025-06-16,25.30,app,delivery,completed
ORD-0111691,R-0260,2025-06-27,31.12,web,delivery,COMPLETED
ORD-0111692,R-0260,2025-06-09,21.30,app,delivery,completed
ORD-0111693,R-0260,2025-06-15,31.90,app,delivery,completed
ORD-0111694,R-0260,2025-06-14,31.44,app,delivery,completed
ORD-0111695,R-0260,2025-06-26,32.80,web,delivery,completed
ORD-0111696,R-0260,2025-06-22,48.08,web,delivery,Completed
ORD-0111697,R-0260,2025-06-11,44.14,web,delivery,completed
ORD-0111698,R-0260,2025-06-14,30.65,app,delivery,completed
ORD-0111699,R-0260,2025-06-17,17.32,app,delivery,completed
ORD-0111976,R-0261,2025-06-07,11.77,web,delivery,cancelled
ORD-0111977,R-0261,2025-06-08,15.44,app,delivery,Completed
ORD-0111978,R-0261,2025-06-20,32.85,app,pickup,completed
ORD-0111979,R-0261,2025-06-28,15.77,app,delivery,completed
ORD-0111980,R-0261,2025-06-26,16.41,web,delivery,completed
ORD-0111981,R-0261,2025-06-30,15.77,web,pickup,COMPLETED
ORD-0111982,R-0261,2025-06-14,35.33,app,delivery,completed
ORD-0111983,R-0261,2025-06-07,26.41,web,pickup,Completed
ORD-0111984,R-0261,2025-06-22,36.59,app,delivery,COMPLETED
ORD-0111985,R-0261,2025-06-20,16.58,web,delivery,Completed
ORD-0111986,R-0261,2025-06-24,17.56,app,delivery,completed
ORD-0111987,R-0261,2025-06-18,12.24,app,delivery,completed
ORD-0111988,R-0261,2025-06-24,11.47,web,delivery,completed
ORD-0111989,R-0261,2025-06-16,24.48,web,delivery,completed
ORD-0111990,R-0261,2025-06-17,12.65,app,delivery,completed
ORD-0111991,R-0261,2025-06-08,36.32,web,delivery,refunded
ORD-0111992,R-0261,2025-06-30,8.35,web,delivery,completed
ORD-0111993,R-0261,2025-06-25,11.25,app,pickup,completed
ORD-0111994,R-0261,2025-06-21,25.97,web,delivery,COMPLETED
ORD-0111995,R-0261,2025-06-11,7.09,web,delivery,completed
ORD-0111996,R-0261,2025-06-21,25.06,web,delivery,completed
ORD-0111997,R-0261,2025-06-08,15.24,app,delivery,completed
ORD-0111998,R-0261,2025-06-27,14.94,web,delivery,COMPLETED
ORD-0111999,R-0261,2025-06-10,18.86,app,delivery,Completed
ORD-0112000,R-0261,2025-06-27,18.39,web,delivery,cancelled
ORD-0114523,R-0271,2025-06-15,26.48,web,delivery,completed
ORD-0114524,R-0271,2025-06-18,27.19,app,pickup,completed
ORD-0114525,R-0271,2025-06-15,29.56,app,delivery,completed
ORD-0114526,R-0271,2025-06-11,35.46,web,delivery,Completed
ORD-0114527,R-0271,2025-06-04,29.47,app,pickup,CANCELLED
ORD-0114528,R-0271,2025-06-29,15.81,web,pickup,completed
ORD-0114529,R-0271,2025-06-04,32.78,web,pickup,COMPLETED
ORD-0114530,R-0271,2025-06-15,9.21,app,delivery,cancelled
ORD-0114531,R-0271,2025-06-19,13.78,web,delivery,COMPLETED
ORD-0114532,R-0271,2025-06-28,30.65,web,pickup,completed
ORD-0114533,R-0271,2025-06-07,31.36,app,pickup,completed
ORD-0114534,R-0271,2025-06-09,50.08,web,delivery,completed
ORD-0114535,R-0271,2025-06-02,47.46,web,pickup,completed
ORD-0114536,R-0271,2025-06-29,32.90,app,pickup,completed
ORD-0114537,R-0271,2025-06-03,46.71,web,delivery,completed
ORD-0116056,R-0277,2025-06-21,46.53,web,delivery,completed
ORD-0116057,R-0277,2025-06-14,22.32,app,pickup,completed
ORD-0116058,R-0277,2025-06-08,68.93,app,pickup,COMPLETED
ORD-0116059,R-0277,2025-06-08,17.05,web,delivery,completed
ORD-0116060,R-0277,2025-06-28,14.00,app,delivery,completed
ORD-0116061,R-0277,2025-06-11,17.06,app,delivery,completed
ORD-0116062,R-0277,2025-06-12,27.69,web,delivery,completed
ORD-0116063,R-0277,2025-06-13,14.88,app,delivery,completed
ORD-0116064,R-0277,2025-06-19,17.14,app,delivery,completed
ORD-0116065,R-0277,2025-06-20,22.62,app,delivery,Completed
ORD-0116066,R-0277,2025-06-09,50.52,app,delivery,completed
ORD-0116067,R-0277,2025-06-17,28.37,app,pickup,completed
ORD-0116068,R-0277,2025-06-20,23.36,app,delivery,completed
ORD-0116069,R-0277,2025-06-14,25.12,web,pickup,completed
ORD-0116070,R-0277,2025-06-18,26.13,app,delivery,completed
ORD-0116071,R-0277,2025-06-15,15.05,web,delivery,completed
ORD-0116072,R-0277,2025-06-02,15.73,app,delivery,completed
ORD-0116073,R-0277,2025-06-18,58.10,app,delivery,COMPLETED
ORD-0116074,R-0277,2025-06-06,15.34,web,delivery,refunded
ORD-0116075,R-0277,2025-06-06,29.52,web,delivery,completed
ORD-0116076,R-0277,2025-06-05,18.71,app,delivery,completed
ORD-0116077,R-0277,2025-06-21,18.40,app,delivery,completed
ORD-0116078,R-0277,2025-06-27,20.36,web,delivery,completed
ORD-0116079,R-0277,2025-06-13,19.36,app,pickup,completed
ORD-0116080,R-0277,2025-06-21,22.63,app,delivery,completed
ORD-0116081,R-0277,2025-06-20,14.82,web,pickup,completed
ORD-0116082,R-0277,2025-06-21,16.10,web,delivery,completed
ORD-0116083,R-0277,2025-06-28,11.06,app,delivery,completed
ORD-0116084,R-0277,2025-06-08,15.58,app,delivery,completed
ORD-0116085,R-0277,2025-06-21,36.00,app,delivery,cancelled
ORD-0116086,R-0277,2025-06-30,19.98,app,delivery,completed
ORD-0116087,R-0277,2025-06-25,45.46,app,delivery,completed
ORD-0116088,R-0277,2025-06-29,16.79,web,delivery,completed
ORD-0116089,R-0277,2025-06-27,29.17,web,pickup,completed
ORD-0116090,R-0277,2025-06-24,21.13,app,delivery,cancelled
ORD-0116091,R-0277,2025-06-21,32.17,web,delivery,completed
ORD-0116092,R-0277,2025-06-16,79.66,app,delivery,completed
ORD-0116093,R-0277,2025-06-15,29.34,app,delivery,completed
ORD-0116094,R-0277,2025-06-22,21.17,app,delivery,completed
ORD-0116095,R-0277,2025-06-22,51.04,app,delivery,completed
ORD-0116096,R-0277,2025-06-03,15.23,web,delivery,completed
ORD-0116097,R-0277,2025-06-29,35.98,app,delivery,completed
ORD-0118643,R-0286,2025-06-14,53.97,web,delivery,completed
ORD-0118644,R-0286,2025-06-02,29.87,app,pickup,completed
ORD-0118645,R-0286,2025-06-15,38.39,app,pickup,completed
ORD-0118646,R-0286,2025-06-10,37.22,web,delivery,completed
ORD-0118647,R-0286,2025-06-08,67.53,app,delivery,completed
ORD-0118648,R-0286,2025-06-20,81.10,app,delivery,completed
ORD-0118649,R-0286,2025-06-19,98.31,web,delivery,Completed
ORD-0118650,R-0286,2025-06-09,44.08,web,delivery,Completed
ORD-0118651,R-0286,2025-06-02,45.47,web,pickup,cancelled
ORD-0118652,R-0286,2025-06-17,36.44,web,delivery,completed
ORD-0118653,R-0286,2025-06-16,67.84,web,pickup,completed
ORD-0118654,R-0286,2025-06-17,37.73,app,pickup,completed
ORD-0118655,R-0286,2025-06-29,64.02,app,delivery,completed
ORD-0118656,R-0286,2025-06-21,57.43,web,pickup,completed
ORD-0118657,R-0286,2025-06-06,37.21,web,delivery,completed
ORD-0118658,R-0286,2025-06-14,79.10,app,delivery,completed
ORD-0118659,R-0286,2025-06-08,75.31,web,delivery,completed
ORD-0119064,R-0287,2025-06-21,63.46,web,pickup,completed
ORD-0119065,R-0287,2025-06-20,47.69,web,pickup,completed
ORD-0119066,R-0287,2025-06-13,73.14,web,delivery,completed
ORD-0119067,R-0287,2025-06-08,104.74,web,pickup,completed
ORD-0119068,R-0287,2025-06-08,28.08,web,pickup,completed
ORD-0119069,R-0287,2025-06-11,47.11,web,pickup,completed
ORD-0119070,R-0287,2025-06-09,57.91,app,pickup,COMPLETED
ORD-0119071,R-0287,2025-06-01,76.81,app,delivery,completed
ORD-0119072,R-0287,2025-06-18,93.77,app,pickup,completed
ORD-0119073,R-0287,2025-06-11,40.95,app,pickup,completed
ORD-0119074,R-0287,2025-06-17,49.63,app,pickup,Completed
ORD-0119530,R-0290,2025-06-26,64.92,app,pickup,completed
ORD-0119531,R-0290,2025-06-23,59.57,web,delivery,COMPLETED
ORD-0119532,R-0290,2025-06-25,62.66,app,pickup,completed
ORD-0119533,R-0290,2025-06-12,93.06,app,pickup,completed
ORD-0119534,R-0290,2025-06-13,110.01,app,pickup,completed
ORD-0119535,R-0290,2025-06-15,58.20,web,pickup,completed
ORD-0119536,R-0290,2025-06-14,43.86,app,pickup,completed
ORD-0119537,R-0290,2025-06-21,43.71,web,delivery,completed
ORD-0119538,R-0290,2025-06-01,46.85,app,pickup,completed
ORD-0119539,R-0290,2025-06-11,33.66,app,pickup,completed
ORD-0119540,R-0290,2025-06-30,50.37,web,delivery,completed
ORD-0119541,R-0290,2025-06-14,69.96,web,pickup,completed
ORD-0119542,R-0290,2025-06-23,64.71,web,pickup,refunded
ORD-0119543,R-0290,2025-06-28,26.65,web,delivery,completed
ORD-0119544,R-0290,2025-06-24,54.43,app,delivery,completed
ORD-0119545,R-0290,2025-06-06,50.34,web,delivery,completed
ORD-0119546,R-0290,2025-06-19,63.01,web,pickup,completed
ORD-0119547,R-0290,2025-06-10,44.26,web,pickup,completed
ORD-0119548,R-0290,2025-06-14,57.05,app,pickup,completed
ORD-0119549,R-0290,2025-06-22,55.23,web,delivery,completed
ORD-0119550,R-0290,2025-06-17,84.57,app,pickup,completed
ORD-0119551,R-0290,2025-06-29,50.96,web,pickup,completed
ORD-0119552,R-0290,2025-06-03,48.75,app,delivery,completed
ORD-0119553,R-0290,2025-06-03,82.34,web,pickup,Completed
ORD-0119554,R-0290,2025-06-08,30.29,app,pickup,completed
ORD-0119555,R-0290,2025-06-28,87.76,app,delivery,Cancelled
ORD-0119556,R-0290,2025-06-26,82.87,app,pickup,completed
ORD-0119557,R-0290,2025-06-06,37.19,app,delivery,completed
ORD-0119558,R-0290,2025-06-07,42.39,web,delivery,COMPLETED
ORD-0119559,R-0290,2025-06-05,48.45,web,pickup,REFUNDED
ORD-0119560,R-0290,2025-06-06,56.65,app,pickup,completed
ORD-0119561,R-0290,2025-06-29,55.54,app,delivery,completed
ORD-0119562,R-0290,2025-06-07,46.88,app,pickup,completed
ORD-0120137,R-0294,2025-06-10,34.95,web,pickup,completed
ORD-0120138,R-0294,2025-06-06,70.11,app,pickup,Completed
ORD-0120139,R-0294,2025-06-28,57.16,app,pickup,completed
ORD-0120140,R-0294,2025-06-21,60.45,web,pickup,completed
ORD-0123892,R-0305,2025-06-22,69.67,web,delivery,completed
ORD-0123893,R-0305,2025-06-27,116.38,web,pickup,completed
ORD-0123894,R-0305,2025-06-13,46.05,web,delivery,completed
ORD-0123895,R-0305,2025-06-22,44.95,web,delivery,completed
ORD-0123896,R-0305,2025-06-12,49.63,web,delivery,completed
ORD-0123897,R-0305,2025-06-04,63.06,web,delivery,completed
ORD-0123898,R-0305,2025-06-15,92.46,app,delivery,completed
ORD-0123899,R-0305,2025-06-27,57.24,app,delivery,completed
ORD-0123900,R-0305,2025-06-08,65.16,web,delivery,completed
ORD-0123901,R-0305,2025-06-13,54.54,web,delivery,completed
ORD-0123902,R-0305,2025-06-16,38.18,web,delivery,completed
ORD-0123903,R-0305,2025-06-04,53.60,web,delivery,completed
ORD-0123904,R-0305,2025-06-14,61.44,web,delivery,completed
ORD-0123905,R-0305,2025-06-14,33.02,web,delivery,completed
ORD-0123906,R-0305,2025-06-20,53.08,web,pickup,completed
ORD-0123907,R-0305,2025-06-30,65.55,web,delivery,completed
ORD-0123908,R-0305,2025-06-28,55.98,app,delivery,completed
ORD-0123909,R-0305,2025-06-11,52.31,web,pickup,completed
ORD-0123910,R-0305,2025-06-19,49.61,web,delivery,completed
ORD-0123911,R-0305,2025-06-19,88.20,web,delivery,COMPLETED
ORD-0123912,R-0305,2025-06-14,71.69,app,pickup,completed
ORD-0123913,R-0305,2025-06-29,70.47,app,delivery,completed
ORD-0123914,R-0305,2025-06-02,65.54,app,delivery,completed
ORD-0123915,R-0305,2025-06-01,59.84,web,delivery,completed
ORD-0123916,R-0305,2025-06-19,67.35,web,delivery,COMPLETED
ORD-0123917,R-0305,2025-06-23,63.22,web,delivery,completed
ORD-0123918,R-0305,2025-06-17,64.61,app,delivery,completed
ORD-0123919,R-0305,2025-06-12,35.80,app,delivery,completed
ORD-0123920,R-0305,2025-06-18,72.55,web,delivery,cancelled
ORD-0123921,R-0305,2025-06-24,66.44,web,delivery,completed
ORD-0123922,R-0305,2025-06-18,54.83,web,delivery,completed
ORD-0123923,R-0305,2025-06-22,62.26,web,delivery,Completed
ORD-0123924,R-0305,2025-06-26,57.43,web,delivery,completed
ORD-0123925,R-0305,2025-06-12,62.91,web,delivery,completed
ORD-0123926,R-0305,2025-06-06,55.99,web,delivery,completed
ORD-0123927,R-0305,2025-06-11,51.25,app,delivery,COMPLETED
ORD-0129530,R-0320,2025-06-18,40.47,app,pickup,completed
ORD-0129531,R-0320,2025-06-10,46.21,web,delivery,completed
ORD-0129532,R-0320,2025-06-13,43.21,app,delivery,completed
ORD-0129533,R-0320,2025-06-20,32.63,app,pickup,completed
ORD-0129534,R-0320,2025-06-04,62.54,app,delivery,completed
ORD-0129535,R-0320,2025-06-10,35.75,app,pickup,completed
ORD-0129536,R-0320,2025-06-20,75.92,app,delivery,completed
ORD-0129537,R-0320,2025-06-13,55.80,app,delivery,completed
ORD-0129538,R-0320,2025-06-13,52.18,app,pickup,completed
ORD-0129539,R-0320,2025-06-26,48.92,app,delivery,completed
ORD-0129540,R-0320,2025-06-07,44.35,app,delivery,completed
ORD-0132657,R-0324,2025-06-01,21.65,app,delivery,completed
ORD-0132658,R-0324,2025-06-07,11.32,app,delivery,completed
ORD-0132659,R-0324,2025-06-07,61.45,app,delivery,COMPLETED
ORD-0132660,R-0324,2025-06-02,14.18,app,delivery,completed
ORD-0132661,R-0324,2025-06-06,18.46,web,delivery,completed
ORD-0132662,R-0324,2025-06-24,15.54,web,pickup,Completed
ORD-0132663,R-0324,2025-06-15,59.42,app,delivery,completed
ORD-0132664,R-0324,2025-06-30,21.27,app,pickup,completed
ORD-0132665,R-0324,2025-06-13,28.42,app,delivery,completed
ORD-0132666,R-0324,2025-06-28,38.16,web,delivery,cancelled
ORD-0132667,R-0324,2025-06-25,22.99,app,delivery,completed
ORD-0132668,R-0324,2025-06-01,33.35,app,delivery,completed
ORD-0132669,R-0324,2025-06-17,29.65,app,pickup,cancelled
ORD-0132670,R-0324,2025-06-13,21.13,web,pickup,completed
ORD-0132671,R-0324,2025-06-07,36.05,web,pickup,COMPLETED
ORD-0132672,R-0324,2025-06-08,20.33,web,delivery,completed
ORD-0132673,R-0324,2025-06-30,29.96,app,delivery,completed
ORD-0132674,R-0324,2025-06-17,57.77,app,delivery,completed
ORD-0132675,R-0324,2025-06-03,19.74,app,delivery,completed
ORD-0132676,R-0324,2025-06-25,24.21,web,delivery,completed
ORD-0132677,R-0324,2025-06-09,17.05,web,pickup,completed
ORD-0132678,R-0324,2025-06-01,26.36,web,delivery,completed
ORD-0132679,R-0324,2025-06-06,45.48,app,delivery,completed
ORD-0132680,R-0324,2025-06-15,16.61,web,delivery,completed
ORD-0132681,R-0324,2025-06-24,23.08,app,delivery,completed
ORD-0132682,R-0324,2025-06-22,51.09,app,delivery,completed
ORD-0132683,R-0324,2025-06-19,38.98,web,pickup,completed
ORD-0132684,R-0324,2025-06-09,48.57,app,pickup,completed
ORD-0132685,R-0324,2025-06-28,28.96,app,pickup,completed
ORD-0132686,R-0324,2025-06-22,22.72,app,delivery,completed
ORD-0132687,R-0324,2025-06-27,35.31,app,delivery,completed
ORD-0132688,R-0324,2025-06-12,11.53,web,delivery,Completed
ORD-0132689,R-0324,2025-06-20,36.73,web,delivery,completed
ORD-0132690,R-0324,2025-06-05,29.11,app,pickup,completed
ORD-0132691,R-0324,2025-06-15,44.46,web,delivery,cancelled
ORD-0132692,R-0324,2025-06-28,41.16,app,delivery,completed
ORD-0132693,R-0324,2025-06-26,32.91,app,delivery,Completed
ORD-0132853,R-0326,2025-06-29,17.40,web,delivery,completed
ORD-0132854,R-0326,2025-06-28,24.36,web,delivery,COMPLETED
ORD-0134835,R-0330,2025-06-27,50.79,app,pickup,COMPLETED
ORD-0134836,R-0330,2025-06-25,13.53,web,pickup,completed
ORD-0134837,R-0330,2025-06-19,19.79,web,pickup,completed
ORD-0134838,R-0330,2025-06-01,55.33,web,pickup,completed
ORD-0134839,R-0330,2025-06-23,51.52,web,pickup,completed
ORD-0134840,R-0330,2025-06-15,36.28,web,delivery,completed
ORD-0134841,R-0330,2025-06-07,22.17,app,delivery,cancelled
ORD-0134842,R-0330,2025-06-01,25.19,app,pickup,completed
ORD-0134843,R-0330,2025-06-14,14.24,web,pickup,completed
ORD-0134844,R-0330,2025-06-13,18.07,web,pickup,Completed
ORD-0134845,R-0330,2025-06-07,31.13,web,delivery,completed
ORD-0134846,R-0330,2025-06-05,35.29,app,pickup,completed
ORD-0134847,R-0330,2025-06-04,36.12,web,delivery,completed
ORD-0134848,R-0330,2025-06-14,41.06,web,delivery,completed
ORD-0134849,R-0330,2025-06-24,37.89,web,delivery,Completed
ORD-0134850,R-0330,2025-06-28,39.93,app,pickup,completed
ORD-0134851,R-0330,2025-06-27,52.48,app,pickup,completed
ORD-0134852,R-0330,2025-06-29,60.80,web,pickup,completed
ORD-0134853,R-0330,2025-06-12,14.82,app,delivery,Completed
ORD-0134854,R-0330,2025-06-13,26.89,web,pickup,completed
ORD-0134855,R-0330,2025-06-17,25.00,web,delivery,completed
ORD-0134856,R-0330,2025-06-20,23.06,web,pickup,completed
ORD-0134857,R-0330,2025-06-05,51.10,web,pickup,Completed
ORD-0134858,R-0330,2025-06-06,50.25,app,pickup,completed
ORD-0134859,R-0330,2025-06-28,10.94,web,pickup,completed
ORD-0134860,R-0330,2025-06-14,11.46,app,pickup,completed
ORD-0134861,R-0330,2025-06-15,28.69,app,delivery,completed
ORD-0134862,R-0330,2025-06-17,25.19,app,pickup,completed
ORD-0134863,R-0330,2025-06-02,32.70,web,pickup,completed
ORD-0134864,R-0330,2025-06-07,24.30,web,delivery,completed
ORD-0134865,R-0330,2025-06-20,29.11,web,delivery,completed
ORD-0134866,R-0330,2025-06-17,17.80,web,pickup,completed
ORD-0135115,R-0334,2025-06-28,45.08,app,pickup,completed
ORD-0135116,R-0334,2025-06-23,29.86,web,delivery,completed
ORD-0135117,R-0334,2025-06-16,38.35,app,pickup,completed
ORD-0135118,R-0334,2025-06-19,42.12,app,pickup,completed
ORD-0135119,R-0334,2025-06-25,68.58,web,pickup,COMPLETED
ORD-0135120,R-0334,2025-06-07,54.80,web,pickup,completed
ORD-0135121,R-0334,2025-06-07,64.87,app,pickup,cancelled
ORD-0135122,R-0334,2025-06-28,35.85,app,pickup,completed
ORD-0135123,R-0334,2025-06-22,41.17,web,pickup,completed
ORD-0135124,R-0334,2025-06-25,48.76,app,pickup,completed
ORD-0135125,R-0334,2025-06-28,40.77,web,pickup,completed
ORD-0135126,R-0334,2025-06-14,35.36,web,pickup,CANCELLED
ORD-0135127,R-0334,2025-06-19,66.14,web,pickup,completed
ORD-0135128,R-0334,2025-06-13,40.97,app,pickup,Completed
ORD-0135129,R-0334,2025-06-28,68.20,web,delivery,completed
ORD-0135130,R-0334,2025-06-20,75.18,web,pickup,completed
ORD-0135131,R-0334,2025-06-26,31.49,web,pickup,completed
ORD-0135132,R-0334,2025-06-14,43.18,app,delivery,completed
ORD-0135133,R-0334,2025-06-06,44.89,web,delivery,completed
ORD-0135134,R-0334,2025-06-29,41.55,web,pickup,completed
ORD-0135135,R-0334,2025-06-20,48.01,web,delivery,completed
ORD-0135136,R-0334,2025-06-08,30.95,app,pickup,completed
ORD-0135137,R-0334,2025-06-11,46.73,web,pickup,COMPLETED
ORD-0135138,R-0334,2025-06-20,62.04,web,pickup,completed
ORD-0135139,R-0334,2025-06-16,35.11,web,delivery,completed
ORD-0135140,R-0334,2025-06-11,37.22,web,pickup,completed
ORD-0136289,R-0335,2025-06-19,46.59,app,delivery,completed
ORD-0136290,R-0335,2025-06-15,36.10,app,delivery,completed
ORD-0136291,R-0335,2025-06-28,54.39,app,delivery,completed
ORD-0136292,R-0335,2025-06-06,37.94,app,delivery,completed
ORD-0136293,R-0335,2025-06-07,60.42,app,delivery,completed
ORD-0136294,R-0335,2025-06-15,49.03,web,delivery,completed
ORD-0136295,R-0335,2025-06-17,35.02,app,delivery,completed
ORD-0136296,R-0335,2025-06-08,30.39,app,delivery,completed
ORD-0136297,R-0335,2025-06-07,63.34,web,delivery,completed
ORD-0136298,R-0335,2025-06-13,38.20,app,delivery,completed
ORD-0136299,R-0335,2025-06-11,44.11,app,delivery,completed
ORD-0136300,R-0335,2025-06-29,55.77,app,delivery,completed
ORD-0136301,R-0335,2025-06-30,48.72,web,delivery,completed
ORD-0136302,R-0335,2025-06-03,32.01,web,pickup,completed
ORD-0136303,R-0335,2025-06-18,41.55,web,delivery,completed
ORD-0136304,R-0335,2025-06-07,53.97,web,pickup,completed
ORD-0136305,R-0335,2025-06-08,87.28,web,delivery,COMPLETED
ORD-0136306,R-0335,2025-06-13,37.35,web,delivery,completed
ORD-0136307,R-0335,2025-06-19,22.41,web,delivery,completed
ORD-0136308,R-0335,2025-06-06,42.08,web,delivery,cancelled
ORD-0136309,R-0335,2025-06-15,86.94,web,delivery,completed
ORD-0136310,R-0335,2025-06-22,27.81,web,delivery,completed
ORD-0136311,R-0335,2025-06-29,27.73,web,delivery,COMPLETED
ORD-0136312,R-0335,2025-06-13,44.17,app,delivery,COMPLETED
ORD-0136313,R-0335,2025-06-28,57.82,app,delivery,completed
ORD-0137324,R-0337,2025-06-26,35.91,app,pickup,completed
ORD-0137325,R-0337,2025-06-25,17.30,web,delivery,completed
ORD-0137326,R-0337,2025-06-18,28.70,app,delivery,completed
ORD-0137327,R-0337,2025-06-11,18.38,web,delivery,cancelled
ORD-0137328,R-0337,2025-06-01,38.66,app,delivery,Completed
ORD-0137329,R-0337,2025-06-26,24.71,app,delivery,COMPLETED
ORD-0137330,R-0337,2025-06-14,27.81,app,delivery,COMPLETED
ORD-0137331,R-0337,2025-06-23,18.96,app,delivery,completed
ORD-0137332,R-0337,2025-06-22,37.17,app,delivery,completed
ORD-0137333,R-0337,2025-06-03,30.79,web,delivery,completed
ORD-0137334,R-0337,2025-06-17,20.61,app,delivery,completed
ORD-0137335,R-0337,2025-06-08,55.36,web,delivery,completed
ORD-0137336,R-0337,2025-06-15,49.85,app,delivery,completed
ORD-0138787,R-0339,2025-06-26,20.45,web,delivery,completed
ORD-0138788,R-0339,2025-06-24,15.40,app,pickup,Completed
ORD-0138789,R-0339,2025-06-05,19.45,web,delivery,completed
ORD-0138790,R-0339,2025-06-26,17.44,app,delivery,completed
ORD-0138791,R-0339,2025-06-27,14.52,app,delivery,completed
ORD-0138792,R-0339,2025-06-19,19.01,app,delivery,completed
ORD-0138793,R-0339,2025-06-28,26.33,app,delivery,completed
ORD-0138794,R-0339,2025-06-27,22.83,web,delivery,cancelled
ORD-0138795,R-0339,2025-06-03,34.50,app,delivery,COMPLETED
ORD-0138796,R-0339,2025-06-11,14.82,app,delivery,completed
ORD-0138797,R-0339,2025-06-15,37.72,web,delivery,completed
ORD-0138798,R-0339,2025-06-25,19.89,app,pickup,completed
ORD-0138799,R-0339,2025-06-07,29.47,web,delivery,completed
ORD-0138800,R-0339,2025-06-23,21.04,web,delivery,completed
ORD-0138801,R-0339,2025-06-03,15.70,app,delivery,Completed
ORD-0138802,R-0339,2025-06-19,17.99,app,delivery,completed
ORD-0138803,R-0339,2025-06-27,27.58,web,delivery,COMPLETED
ORD-0138804,R-0339,2025-06-23,15.11,web,delivery,completed
ORD-0138805,R-0339,2025-06-19,23.40,web,delivery,completed
ORD-0138806,R-0339,2025-06-16,15.29,web,delivery,REFUNDED
ORD-0138807,R-0339,2025-06-26,24.49,web,delivery,completed
ORD-0138808,R-0339,2025-06-29,26.98,web,delivery,cancelled
ORD-0138809,R-0339,2025-06-29,27.60,web,delivery,completed
ORD-0138810,R-0339,2025-06-02,28.91,app,delivery,completed
ORD-0140162,R-0342,2025-06-12,42.37,web,pickup,completed
ORD-0140163,R-0342,2025-06-27,52.57,web,pickup,completed
ORD-0140164,R-0342,2025-06-29,29.99,app,pickup,cancelled
ORD-0140165,R-0342,2025-06-20,32.75,web,delivery,COMPLETED
ORD-0140166,R-0342,2025-06-21,18.72,web,delivery,completed
ORD-0140167,R-0342,2025-06-12,22.59,app,pickup,Completed
ORD-0140168,R-0342,2025-06-20,36.53,web,delivery,completed
ORD-0140169,R-0342,2025-06-12,19.16,web,delivery,completed
ORD-0140170,R-0342,2025-06-30,39.50,web,delivery,completed
ORD-0140171,R-0342,2025-06-26,17.92,app,pickup,completed
ORD-0140172,R-0342,2025-06-21,56.14,web,pickup,COMPLETED
ORD-0140173,R-0342,2025-06-13,40.73,web,pickup,completed
ORD-0140174,R-0342,2025-06-16,24.21,web,pickup,completed
ORD-0140175,R-0342,2025-06-26,56.15,web,pickup,completed
ORD-0140176,R-0342,2025-06-15,31.81,web,delivery,completed
ORD-0140177,R-0342,2025-06-14,35.74,web,pickup,completed
ORD-0140178,R-0342,2025-06-20,27.96,app,delivery,completed
ORD-0140179,R-0342,2025-06-28,33.72,app,pickup,cancelled
ORD-0140511,R-0345,2025-06-15,57.96,web,pickup,completed
ORD-0140512,R-0345,2025-06-01,68.66,app,pickup,completed
ORD-0140513,R-0345,2025-06-03,39.67,app,pickup,completed
ORD-0140514,R-0345,2025-06-10,47.72,web,pickup,completed
ORD-0140515,R-0345,2025-06-20,96.74,web,delivery,completed
ORD-0140516,R-0345,2025-06-10,58.27,app,pickup,COMPLETED
ORD-0140517,R-0345,2025-06-23,30.89,web,delivery,completed
ORD-0140518,R-0345,2025-06-30,40.47,app,delivery,completed
ORD-0140519,R-0345,2025-06-28,61.22,app,pickup,completed
ORD-0140520,R-0345,2025-06-04,61.25,web,delivery,completed
ORD-0140521,R-0345,2025-06-27,72.55,app,pickup,completed
ORD-0140522,R-0345,2025-06-24,72.72,app,delivery,completed
ORD-0140523,R-0345,2025-06-02,53.69,app,delivery,completed
ORD-0140524,R-0345,2025-06-18,67.86,app,pickup,completed
ORD-0140525,R-0345,2025-06-14,78.98,web,pickup,completed
ORD-0140526,R-0345,2025-06-04,80.66,web,delivery,COMPLETED
ORD-0140527,R-0345,2025-06-16,69.16,web,delivery,COMPLETED
ORD-0140528,R-0345,2025-06-29,50.65,web,pickup,completed
ORD-0140529,R-0345,2025-06-21,50.47,web,delivery,Completed
ORD-0142482,R-0349,2025-06-18,20.35,app,delivery,completed
ORD-0142483,R-0349,2025-06-05,33.51,web,delivery,completed
ORD-0142484,R-0349,2025-06-28,19.91,web,pickup,Completed
ORD-0142485,R-0349,2025-06-12,17.25,app,delivery,Completed
ORD-0142486,R-0349,2025-06-12,23.27,app,delivery,completed
ORD-0142487,R-0349,2025-06-10,10.19,web,delivery,cancelled
ORD-0142488,R-0349,2025-06-04,26.71,web,pickup,completed
ORD-0142489,R-0349,2025-06-23,26.87,web,delivery,Completed
ORD-0142490,R-0349,2025-06-28,15.76,app,pickup,Completed
ORD-0142491,R-0349,2025-06-08,11.46,web,delivery,completed
ORD-0142492,R-0349,2025-06-21,12.97,app,pickup,completed
ORD-0142493,R-0349,2025-06-10,20.12,app,delivery,completed
ORD-0142494,R-0349,2025-06-13,33.43,web,delivery,completed
ORD-0142495,R-0349,2025-06-24,20.97,app,pickup,completed
ORD-0142496,R-0349,2025-06-07,15.63,app,delivery,completed
ORD-0142497,R-0349,2025-06-17,26.93,web,delivery,completed
ORD-0142498,R-0349,2025-06-28,18.96,web,pickup,completed
ORD-0142499,R-0349,2025-06-28,27.27,app,pickup,COMPLETED
ORD-0142500,R-0349,2025-06-14,31.11,app,delivery,completed
ORD-0142501,R-0349,2025-06-05,30.57,app,delivery,completed
ORD-0142502,R-0349,2025-06-14,36.90,app,delivery,completed
ORD-0142503,R-0349,2025-06-15,19.66,web,pickup,COMPLETED
ORD-0142504,R-0349,2025-06-14,16.22,app,pickup,completed
ORD-0142505,R-0349,2025-06-07,17.23,web,pickup,completed
ORD-0142506,R-0349,2025-06-23,18.35,web,pickup,completed
ORD-0142507,R-0349,2025-06-26,18.14,app,pickup,refunded
ORD-0142508,R-0349,2025-06-24,10.40,app,pickup,completed
ORD-0142984,R-0350,2025-06-27,28.50,app,delivery,completed
ORD-0142985,R-0350,2025-06-27,15.46,web,delivery,completed
ORD-0142986,R-0350,2025-06-19,16.58,web,pickup,completed
ORD-0142987,R-0350,2025-06-26,12.23,app,delivery,completed
ORD-0142988,R-0350,2025-06-28,20.75,app,pickup,COMPLETED
ORD-0142989,R-0350,2025-06-27,25.21,web,pickup,completed
ORD-0142990,R-0350,2025-06-07,24.40,app,delivery,completed
ORD-0142991,R-0350,2025-06-14,13.11,web,pickup,completed
ORD-0142992,R-0350,2025-06-24,24.97,app,pickup,completed
ORD-0142993,R-0350,2025-06-06,19.68,app,delivery,COMPLETED
ORD-0142994,R-0350,2025-06-27,21.54,web,pickup,completed
ORD-0142995,R-0350,2025-06-17,24.51,app,pickup,completed
ORD-0142996,R-0350,2025-06-24,13.32,app,delivery,completed
ORD-0142997,R-0350,2025-06-06,25.44,app,pickup,completed
ORD-0142998,R-0350,2025-06-13,24.79,web,pickup,completed
ORD-0142999,R-0350,2025-06-09,10.91,app,pickup,COMPLETED
ORD-0143000,R-0350,2025-06-25,19.05,app,pickup,completed
ORD-0143001,R-0350,2025-06-05,37.71,app,pickup,completed
ORD-0143002,R-0350,2025-06-16,19.78,app,pickup,completed
ORD-0143003,R-0350,2025-06-23,6.09,app,pickup,completed
ORD-0143004,R-0350,2025-06-02,7.82,app,pickup,completed
ORD-0143005,R-0350,2025-06-28,19.20,app,pickup,completed
ORD-0143006,R-0350,2025-06-28,24.50,web,delivery,completed
ORD-0143007,R-0350,2025-06-28,13.65,web,pickup,completed
ORD-0143008,R-0350,2025-06-10,12.76,app,delivery,completed
ORD-0143009,R-0350,2025-06-21,14.07,app,pickup,completed
ORD-0143010,R-0350,2025-06-20,11.86,web,pickup,completed
ORD-0143011,R-0350,2025-06-07,15.97,app,pickup,completed
ORD-0143012,R-0350,2025-06-20,19.36,app,delivery,COMPLETED
ORD-0143013,R-0350,2025-06-04,33.53,app,pickup,completed
ORD-0143014,R-0350,2025-06-22,16.08,app,delivery,completed
ORD-0143015,R-0350,2025-06-07,24.95,web,delivery,refunded
ORD-0143016,R-0350,2025-06-30,16.09,app,pickup,completed
ORD-0143017,R-0350,2025-06-03,15.05,web,pickup,Completed
ORD-0143018,R-0350,2025-06-04,19.05,app,pickup,completed
ORD-0143128,R-0351,2025-06-15,67.28,web,delivery,completed
ORD-0143129,R-0351,2025-06-14,15.89,app,pickup,completed
ORD-0143130,R-0351,2025-06-03,19.73,app,delivery,completed
ORD-0143131,R-0351,2025-06-03,59.12,web,pickup,cancelled
ORD-0143132,R-0351,2025-06-15,22.41,web,pickup,completed
ORD-0143133,R-0351,2025-06-22,10.59,app,pickup,completed
ORD-0143134,R-0351,2025-06-30,20.31,web,pickup,completed
ORD-0143135,R-0351,2025-06-12,14.33,web,delivery,completed
ORD-0143136,R-0351,2025-06-27,34.18,app,pickup,completed
ORD-0143137,R-0351,2025-06-29,24.21,app,delivery,Completed
ORD-0143138,R-0351,2025-06-21,20.55,app,pickup,completed
ORD-0143139,R-0351,2025-06-29,39.54,web,delivery,completed
ORD-0143140,R-0351,2025-06-16,50.08,web,delivery,completed
ORD-0143141,R-0351,2025-06-05,44.15,app,pickup,completed
ORD-0143142,R-0351,2025-06-13,46.06,app,delivery,completed
ORD-0143143,R-0351,2025-06-02,20.63,app,pickup,Completed
ORD-0143144,R-0351,2025-06-26,63.96,app,delivery,completed
ORD-0143145,R-0351,2025-06-04,28.91,web,delivery,refunded
ORD-0143146,R-0351,2025-06-15,19.24,web,delivery,completed
ORD-0143147,R-0351,2025-06-08,33.03,app,delivery,completed
ORD-0143148,R-0351,2025-06-14,27.31,web,delivery,COMPLETED
ORD-0143149,R-0351,2025-06-08,22.61,web,delivery,completed
ORD-0148373,R-0357,2025-06-06,23.83,web,delivery,COMPLETED
ORD-0148374,R-0357,2025-06-01,20.37,app,delivery,completed
ORD-0148375,R-0357,2025-06-22,19.58,web,pickup,completed
ORD-0148376,R-0357,2025-06-08,25.18,app,delivery,completed
ORD-0148377,R-0357,2025-06-20,30.87,web,delivery,completed
ORD-0148378,R-0357,2025-06-30,60.23,web,delivery,completed
ORD-0148379,R-0357,2025-06-21,39.18,app,delivery,completed
ORD-0148380,R-0357,2025-06-14,26.66,web,delivery,completed
ORD-0148381,R-0357,2025-06-22,13.65,web,delivery,completed
ORD-0148382,R-0357,2025-06-29,28.02,web,delivery,completed
ORD-0148383,R-0357,2025-06-06,55.02,web,delivery,completed
ORD-0148384,R-0357,2025-06-19,29.35,app,delivery,completed
ORD-0148385,R-0357,2025-06-13,36.53,app,delivery,completed
ORD-0148386,R-0357,2025-06-25,34.70,web,delivery,COMPLETED
ORD-0148387,R-0357,2025-06-02,14.18,web,delivery,completed
ORD-0148388,R-0357,2025-06-18,19.62,web,delivery,completed
ORD-0148389,R-0357,2025-06-06,30.02,app,delivery,completed
ORD-0148390,R-0357,2025-06-20,52.84,web,pickup,completed
ORD-0148391,R-0357,2025-06-09,41.05,web,delivery,Completed
ORD-0148392,R-0357,2025-06-13,31.22,web,delivery,completed
ORD-0148393,R-0357,2025-06-22,22.59,web,delivery,Cancelled
ORD-0148394,R-0357,2025-06-08,24.07,web,pickup,completed
ORD-0148395,R-0357,2025-06-04,23.50,app,pickup,completed
ORD-0148396,R-0357,2025-06-02,22.98,web,delivery,completed
ORD-0148397,R-0357,2025-06-30,26.10,app,pickup,completed
ORD-0148398,R-0357,2025-06-03,15.98,web,delivery,completed
ORD-0148399,R-0357,2025-06-13,32.58,app,delivery,Completed
ORD-0148400,R-0357,2025-06-28,20.54,web,delivery,completed
ORD-0148401,R-0357,2025-06-20,21.83,web,delivery,completed
ORD-0148402,R-0357,2025-06-24,14.07,app,pickup,completed
ORD-0148403,R-0357,2025-06-20,52.11,app,delivery,cancelled
ORD-0148404,R-0357,2025-06-10,14.33,web,delivery,completed
ORD-0148405,R-0357,2025-06-28,24.66,web,delivery,completed
ORD-0148406,R-0357,2025-06-24,31.47,app,pickup,completed
ORD-0148407,R-0357,2025-06-14,26.01,web,delivery,Completed
ORD-0148408,R-0357,2025-06-28,67.93,web,delivery,completed
ORD-0148409,R-0357,2025-06-22,22.32,web,delivery,completed
ORD-0148410,R-0357,2025-06-27,26.17,web,pickup,completed
ORD-0148411,R-0357,2025-06-08,8.05,app,delivery,completed
ORD-0148412,R-0357,2025-06-06,24.75,web,delivery,completed
ORD-0148413,R-0357,2025-06-23,36.10,app,pickup,completed
ORD-0148414,R-0357,2025-06-05,25.30,web,pickup,completed
ORD-0148415,R-0357,2025-06-28,19.09,web,delivery,Completed
ORD-0148416,R-0357,2025-06-14,52.21,web,pickup,completed
ORD-0148417,R-0357,2025-06-01,31.14,web,delivery,completed
ORD-0148418,R-0357,2025-06-29,18.79,web,delivery,completed
ORD-0148419,R-0357,2025-06-18,42.21,app,delivery,completed
ORD-0148420,R-0357,2025-06-09,36.23,web,pickup,completed
ORD-0148421,R-0357,2025-06-18,49.21,web,delivery,completed
ORD-0148422,R-0357,2025-06-03,32.52,web,delivery,Completed
ORD-0148423,R-0357,2025-06-26,13.40,web,pickup,completed
ORD-0148424,R-0357,2025-06-11,49.98,web,delivery,completed
ORD-0148425,R-0357,2025-06-17,19.21,web,delivery,completed
ORD-0148426,R-0357,2025-06-05,40.96,web,delivery,completed
ORD-0148427,R-0357,2025-06-13,52.04,app,delivery,completed
ORD-0148428,R-0357,2025-06-15,29.92,web,pickup,Completed
ORD-0148429,R-0357,2025-06-20,11.62,web,delivery,completed
ORD-0148430,R-0357,2025-06-12,26.97,app,delivery,completed
ORD-0148431,R-0357,2025-06-21,24.45,app,delivery,completed
ORD-0148432,R-0357,2025-06-14,20.93,web,pickup,completed
ORD-0148433,R-0357,2025-06-26,23.70,web,delivery,COMPLETED
ORD-0148434,R-0357,2025-06-24,41.25,web,delivery,completed
ORD-0148435,R-0357,2025-06-04,31.95,web,delivery,completed
ORD-0148436,R-0357,2025-06-27,26.29,web,delivery,completed
ORD-0148437,R-0357,2025-06-13,27.76,app,delivery,completed
ORD-0148438,R-0357,2025-06-08,40.18,web,delivery,Completed
ORD-0148439,R-0357,2025-06-26,34.64,web,delivery,Completed
ORD-0148440,R-0357,2025-06-06,17.01,app,delivery,completed
ORD-0148441,R-0357,2025-06-14,36.62,web,delivery,completed
ORD-0148442,R-0357,2025-06-03,19.35,web,pickup,completed
ORD-0148443,R-0357,2025-06-19,19.60,app,pickup,cancelled
ORD-0148444,R-0357,2025-06-21,26.79,web,delivery,completed
ORD-0148445,R-0357,2025-06-07,44.27,app,pickup,completed
ORD-0148446,R-0357,2025-06-29,35.29,web,delivery,completed
ORD-0148447,R-0357,2025-06-27,10.62,web,delivery,completed
ORD-0148448,R-0357,2025-06-25,39.98,web,delivery,completed
ORD-0148449,R-0357,2025-06-08,17.75,app,delivery,COMPLETED
ORD-0148450,R-0357,2025-06-28,21.68,web,pickup,completed
ORD-0148451,R-0357,2025-06-01,29.35,app,pickup,completed
ORD-0148452,R-0357,2025-06-26,33.74,web,delivery,completed
ORD-0148453,R-0357,2025-06-10,31.92,app,delivery,completed
ORD-0148454,R-0357,2025-06-02,26.35,web,pickup,completed
ORD-0148455,R-0357,2025-06-29,31.35,web,delivery,completed
ORD-0148456,R-0357,2025-06-30,21.27,web,delivery,completed
ORD-0148457,R-0357,2025-06-23,53.20,web,delivery,completed
ORD-0148458,R-0357,2025-06-08,16.16,web,pickup,completed
ORD-0148459,R-0357,2025-06-12,18.23,web,delivery,completed
ORD-0148460,R-0357,2025-06-08,29.34,web,delivery,Completed
ORD-0148461,R-0357,2025-06-30,33.92,web,pickup,completed
ORD-0148462,R-0357,2025-06-27,33.97,web,delivery,Completed
ORD-0148463,R-0357,2025-06-17,68.33,app,delivery,completed
ORD-0148464,R-0357,2025-06-21,29.92,web,delivery,completed
ORD-0148465,R-0357,2025-06-15,22.02,web,delivery,completed
ORD-0148466,R-0357,2025-06-07,21.70,web,delivery,completed
ORD-0148467,R-0357,2025-06-30,37.14,app,delivery,COMPLETED
ORD-0148468,R-0357,2025-06-12,37.05,web,delivery,COMPLETED
ORD-0148469,R-0357,2025-06-28,37.34,web,delivery,completed
ORD-0148470,R-0357,2025-06-17,37.40,web,delivery,completed
ORD-0148471,R-0357,2025-06-01,25.23,web,pickup,completed
ORD-0148472,R-0357,2025-06-07,15.42,web,delivery,completed
ORD-0148473,R-0357,2025-06-15,38.16,app,delivery,cancelled
ORD-0148474,R-0357,2025-06-04,51.59,web,pickup,completed
ORD-0148475,R-0357,2025-06-12,34.03,web,delivery,completed
ORD-0148476,R-0357,2025-06-19,41.52,app,pickup,completed
ORD-0148477,R-0357,2025-06-20,15.09,web,delivery,completed
ORD-0148478,R-0357,2025-06-10,35.52,app,pickup,completed
ORD-0148479,R-0357,2025-06-13,21.07,web,delivery,completed
ORD-0148480,R-0357,2025-06-25,67.93,app,delivery,completed
ORD-0148481,R-0357,2025-06-07,19.79,web,delivery,completed
ORD-0148482,R-0357,2025-06-07,53.85,web,delivery,completed
ORD-0148483,R-0357,2025-06-01,38.28,web,pickup,completed
ORD-0148484,R-0357,2025-06-21,12.09,web,delivery,completed
ORD-0148485,R-0357,2025-06-10,14.86,app,delivery,completed
ORD-0148486,R-0357,2025-06-27,29.43,web,delivery,completed
ORD-0148487,R-0357,2025-06-22,32.08,web,delivery,completed
ORD-0148488,R-0357,2025-06-22,44.88,web,pickup,completed
ORD-0148489,R-0357,2025-06-04,23.72,web,delivery,completed
ORD-0148490,R-0357,2025-06-01,43.02,app,delivery,COMPLETED
ORD-0148491,R-0357,2025-06-19,22.68,web,delivery,completed
ORD-0148492,R-0357,2025-06-16,28.73,web,delivery,completed
ORD-0148493,R-0357,2025-06-25,18.80,web,pickup,completed
ORD-0148494,R-0357,2025-06-12,38.99,web,pickup,cancelled
ORD-0148495,R-0357,2025-06-03,31.96,web,delivery,cancelled
ORD-0148496,R-0357,2025-06-10,40.47,web,delivery,completed
ORD-0148497,R-0357,2025-06-05,48.62,web,pickup,completed
ORD-0148498,R-0357,2025-06-18,29.31,web,delivery,completed
ORD-0148499,R-0357,2025-06-15,22.96,web,delivery,completed
ORD-0148500,R-0357,2025-06-16,26.05,web,pickup,completed
ORD-0148501,R-0357,2025-06-28,23.58,web,delivery,completed
ORD-0148502,R-0357,2025-06-01,24.15,web,delivery,completed
ORD-0148503,R-0357,2025-06-07,23.08,web,delivery,completed
ORD-0148504,R-0357,2025-06-21,26.46,web,delivery,completed
ORD-0148505,R-0357,2025-06-04,41.50,web,pickup,completed
ORD-0148506,R-0357,2025-06-27,27.01,web,delivery,completed
ORD-0148507,R-0357,2025-06-23,64.04,web,delivery,completed
ORD-0148508,R-0357,2025-06-06,23.86,web,delivery,completed
ORD-0148509,R-0357,2025-06-14,21.35,web,delivery,Completed
ORD-0148510,R-0357,2025-06-28,17.12,app,delivery,completed
ORD-0148511,R-0357,2025-06-07,39.15,web,delivery,Completed
ORD-0148512,R-0357,2025-06-11,19.73,web,delivery,completed
ORD-0148513,R-0357,2025-06-26,40.44,web,pickup,completed
ORD-0148514,R-0357,2025-06-27,72.98,web,pickup,completed
ORD-0148515,R-0357,2025-06-07,71.23,web,delivery,completed
ORD-0148516,R-0357,2025-06-29,22.48,web,delivery,completed
ORD-0148517,R-0357,2025-06-29,28.19,web,pickup,completed
ORD-0148518,R-0357,2025-06-17,42.83,web,delivery,completed
ORD-0148519,R-0357,2025-06-20,47.12,web,delivery,cancelled
ORD-0148520,R-0357,2025-06-20,41.53,web,pickup,completed
ORD-0148521,R-0357,2025-06-19,33.12,app,delivery,Completed
ORD-0148522,R-0357,2025-06-03,24.52,web,delivery,completed
ORD-0148523,R-0357,2025-06-06,28.62,web,pickup,completed
ORD-0148524,R-0357,2025-06-28,26.56,web,delivery,completed
ORD-0148525,R-0357,2025-06-20,22.10,web,pickup,completed
ORD-0148526,R-0357,2025-06-02,13.58,web,pickup,completed
ORD-0150132,R-0358,2025-06-07,34.58,app,delivery,completed
ORD-0150133,R-0358,2025-06-23,25.73,web,delivery,completed
ORD-0150134,R-0358,2025-06-20,75.94,app,delivery,completed
ORD-0150135,R-0358,2025-06-04,27.25,web,pickup,cancelled
ORD-0150136,R-0358,2025-06-24,53.39,app,delivery,completed
ORD-0150137,R-0358,2025-06-20,35.84,web,pickup,completed
ORD-0150138,R-0358,2025-06-14,45.56,web,delivery,completed
ORD-0150139,R-0358,2025-06-05,39.61,app,delivery,completed
ORD-0150140,R-0358,2025-06-19,46.58,app,delivery,completed
ORD-0150141,R-0358,2025-06-26,42.46,app,delivery,completed
ORD-0150142,R-0358,2025-06-06,51.58,app,delivery,completed
ORD-0150143,R-0358,2025-06-01,49.07,app,delivery,completed
ORD-0150144,R-0358,2025-06-21,42.70,app,delivery,completed
ORD-0150145,R-0358,2025-06-03,85.86,app,pickup,completed
ORD-0150146,R-0358,2025-06-04,30.67,app,delivery,completed
ORD-0150147,R-0358,2025-06-20,56.47,app,delivery,completed
ORD-0150148,R-0358,2025-06-29,44.93,app,delivery,completed
ORD-0150149,R-0358,2025-06-28,43.38,app,delivery,completed
ORD-0150150,R-0358,2025-06-07,49.87,web,delivery,completed
ORD-0150151,R-0358,2025-06-14,40.71,app,delivery,completed
ORD-0150152,R-0358,2025-06-10,52.92,web,pickup,Completed
ORD-0150153,R-0358,2025-06-05,48.53,app,delivery,completed
ORD-0150154,R-0358,2025-06-26,68.43,app,delivery,completed
ORD-0150155,R-0358,2025-06-03,43.99,web,delivery,COMPLETED
ORD-0150156,R-0358,2025-06-05,33.97,app,delivery,completed
ORD-0150157,R-0358,2025-06-30,44.54,app,delivery,completed
ORD-0150158,R-0358,2025-06-16,36.16,web,delivery,COMPLETED
ORD-0150159,R-0358,2025-06-13,50.09,app,pickup,completed
ORD-0150160,R-0358,2025-06-25,25.57,app,delivery,COMPLETED
ORD-0150161,R-0358,2025-06-11,30.56,app,delivery,completed
ORD-0150162,R-0358,2025-06-24,39.44,web,delivery,completed
ORD-0150163,R-0358,2025-06-07,60.89,app,pickup,completed
ORD-0150164,R-0358,2025-06-15,30.28,app,delivery,COMPLETED
ORD-0150165,R-0358,2025-06-20,56.95,web,delivery,completed
ORD-0150166,R-0358,2025-06-12,28.74,web,delivery,completed
ORD-0150167,R-0358,2025-06-25,38.69,web,delivery,COMPLETED
ORD-0150168,R-0358,2025-06-09,64.31,app,delivery,completed
ORD-0150169,R-0358,2025-06-29,32.63,app,pickup,completed
ORD-0150417,R-0359,2025-06-13,34.75,web,pickup,Completed
ORD-0150418,R-0359,2025-06-19,25.50,app,pickup,completed
ORD-0150419,R-0359,2025-06-20,41.33,app,delivery,completed
ORD-0150420,R-0359,2025-06-04,30.73,app,pickup,completed
ORD-0150421,R-0359,2025-06-05,35.76,app,delivery,completed
ORD-0150422,R-0359,2025-06-17,35.34,app,delivery,completed
ORD-0150423,R-0359,2025-06-30,25.22,app,delivery,COMPLETED
ORD-0150424,R-0359,2025-06-28,58.65,app,delivery,completed
ORD-0150425,R-0359,2025-06-27,52.86,app,delivery,completed
ORD-0150426,R-0359,2025-06-01,35.87,app,delivery,completed
ORD-0150427,R-0359,2025-06-03,35.73,web,delivery,completed
ORD-0150428,R-0359,2025-06-13,36.77,web,delivery,completed
ORD-0150429,R-0359,2025-06-02,17.73,web,delivery,completed
ORD-0150430,R-0359,2025-06-27,24.29,app,delivery,completed
ORD-0150431,R-0359,2025-06-29,47.18,web,delivery,completed
ORD-0150432,R-0359,2025-06-29,91.92,app,pickup,completed
ORD-0150433,R-0359,2025-06-04,41.00,web,delivery,Completed
ORD-0150434,R-0359,2025-06-29,29.47,app,pickup,completed
ORD-0150435,R-0359,2025-06-30,19.58,app,delivery,completed
ORD-0150436,R-0359,2025-06-13,21.72,app,delivery,completed
ORD-0150437,R-0359,2025-06-20,37.82,web,pickup,completed
ORD-0150438,R-0359,2025-06-05,42.61,app,delivery,Completed
ORD-0150439,R-0359,2025-06-19,24.57,app,delivery,completed
ORD-0150440,R-0359,2025-06-19,23.24,app,pickup,completed
ORD-0150441,R-0359,2025-06-18,19.91,app,pickup,COMPLETED
ORD-0150442,R-0359,2025-06-13,29.71,web,pickup,completed
ORD-0150443,R-0359,2025-06-14,23.76,app,delivery,completed
ORD-0150444,R-0359,2025-06-01,30.45,app,pickup,completed
ORD-0150445,R-0359,2025-06-10,60.56,app,pickup,completed
ORD-0150446,R-0359,2025-06-03,32.41,app,delivery,completed
ORD-0150447,R-0359,2025-06-21,19.11,web,delivery,completed
ORD-0150448,R-0359,2025-06-08,42.78,web,delivery,completed
ORD-0150449,R-0359,2025-06-20,34.23,app,delivery,completed
ORD-0150450,R-0359,2025-06-14,44.35,app,pickup,completed
ORD-0150451,R-0359,2025-06-21,24.26,app,pickup,completed
ORD-0150452,R-0359,2025-06-08,63.08,app,pickup,completed
ORD-0150453,R-0359,2025-06-28,39.71,web,delivery,completed
ORD-0150454,R-0359,2025-06-05,16.05,web,delivery,completed
ORD-0151511,R-0361,2025-06-15,21.92,app,delivery,completed
ORD-0151512,R-0361,2025-06-22,50.36,app,delivery,completed
ORD-0151513,R-0361,2025-06-21,33.60,app,delivery,completed
ORD-0151514,R-0361,2025-06-16,48.50,app,pickup,Completed
ORD-0151515,R-0361,2025-06-06,25.62,app,delivery,completed
ORD-0151516,R-0361,2025-06-05,33.44,app,pickup,completed
ORD-0151517,R-0361,2025-06-19,102.34,app,pickup,completed
ORD-0151518,R-0361,2025-06-04,36.20,web,delivery,Completed
ORD-0151519,R-0361,2025-06-16,41.15,app,delivery,completed
ORD-0151520,R-0361,2025-06-22,47.56,app,delivery,completed
ORD-0152470,R-0363,2025-06-07,8.52,web,delivery,completed
ORD-0152471,R-0363,2025-06-20,10.75,web,pickup,completed
ORD-0152472,R-0363,2025-06-23,9.33,web,pickup,completed
ORD-0152473,R-0363,2025-06-28,10.14,web,delivery,completed
ORD-0152474,R-0363,2025-06-22,24.58,web,pickup,completed
ORD-0152475,R-0363,2025-06-27,10.49,app,delivery,completed
ORD-0152476,R-0363,2025-06-17,7.76,web,delivery,completed
ORD-0152477,R-0363,2025-06-26,17.05,app,pickup,completed
ORD-0152478,R-0363,2025-06-25,22.90,app,pickup,completed
ORD-0152479,R-0363,2025-06-03,38.30,web,pickup,COMPLETED
ORD-0152480,R-0363,2025-06-13,17.98,app,pickup,completed
ORD-0152481,R-0363,2025-06-07,32.20,app,delivery,completed
ORD-0152482,R-0363,2025-06-13,21.48,web,pickup,completed
ORD-0152483,R-0363,2025-06-20,28.09,web,pickup,Completed
ORD-0152484,R-0363,2025-06-23,11.47,web,pickup,completed
ORD-0152485,R-0363,2025-06-13,11.03,app,pickup,completed
ORD-0152486,R-0363,2025-06-09,23.68,app,delivery,completed
ORD-0152487,R-0363,2025-06-29,14.25,web,delivery,completed
ORD-0152488,R-0363,2025-06-25,22.13,app,pickup,completed
ORD-0152489,R-0363,2025-06-24,15.23,web,delivery,completed
ORD-0152490,R-0363,2025-06-22,10.35,web,delivery,completed
ORD-0152491,R-0363,2025-06-13,17.08,app,pickup,completed
ORD-0152492,R-0363,2025-06-18,16.72,web,pickup,completed
ORD-0152493,R-0363,2025-06-29,12.30,app,pickup,cancelled
ORD-0152494,R-0363,2025-06-28,10.80,app,delivery,completed
ORD-0152495,R-0363,2025-06-17,15.40,web,pickup,completed
ORD-0152496,R-0363,2025-06-14,16.27,web,pickup,completed
ORD-0152497,R-0363,2025-06-27,24.80,app,pickup,completed
ORD-0152498,R-0363,2025-06-09,16.46,web,pickup,cancelled
ORD-0152499,R-0363,2025-06-18,8.07,web,pickup,completed
ORD-0152500,R-0363,2025-06-21,13.93,app,pickup,cancelled
ORD-0152501,R-0363,2025-06-29,13.91,app,delivery,REFUNDED
ORD-0152502,R-0363,2025-06-22,9.91,web,pickup,completed
ORD-0152503,R-0363,2025-06-19,19.45,app,pickup,completed
ORD-0152504,R-0363,2025-06-29,28.59,web,pickup,Completed
ORD-0152505,R-0363,2025-06-18,16.24,app,pickup,completed
ORD-0152506,R-0363,2025-06-28,16.13,web,pickup,completed
ORD-0152507,R-0363,2025-06-28,6.35,web,pickup,completed
ORD-0152508,R-0363,2025-06-09,13.93,web,pickup,completed
ORD-0152509,R-0363,2025-06-15,16.44,web,pickup,completed
ORD-0152510,R-0363,2025-06-06,11.87,web,pickup,completed
ORD-0152511,R-0363,2025-06-27,13.76,web,delivery,COMPLETED
ORD-0152512,R-0363,2025-06-02,21.30,web,delivery,completed
ORD-0152513,R-0363,2025-06-29,19.43,web,pickup,cancelled
ORD-0152514,R-0363,2025-06-03,13.56,app,pickup,completed
ORD-0152515,R-0363,2025-06-12,27.97,web,delivery,completed
ORD-0152516,R-0363,2025-06-03,14.45,app,delivery,completed
ORD-0152517,R-0363,2025-06-29,10.36,web,pickup,completed
ORD-0152518,R-0363,2025-06-14,23.18,app,pickup,COMPLETED
ORD-0152519,R-0363,2025-06-08,20.52,web,delivery,Completed
ORD-0152520,R-0363,2025-06-08,15.68,app,pickup,completed
ORD-0153101,R-0364,2025-06-27,28.75,app,pickup,COMPLETED
ORD-0153102,R-0364,2025-06-12,33.32,web,pickup,completed
ORD-0153103,R-0364,2025-06-14,19.22,web,pickup,completed
ORD-0153104,R-0364,2025-06-30,15.60,app,pickup,completed
ORD-0153105,R-0364,2025-06-26,25.26,web,pickup,completed
ORD-0153106,R-0364,2025-06-03,25.16,app,delivery,completed
ORD-0153107,R-0364,2025-06-20,37.11,app,pickup,completed
ORD-0153108,R-0364,2025-06-28,46.97,web,delivery,completed
ORD-0153109,R-0364,2025-06-13,21.88,app,delivery,completed
ORD-0153110,R-0364,2025-06-26,22.48,app,delivery,completed
ORD-0153111,R-0364,2025-06-26,22.85,app,delivery,completed
ORD-0153112,R-0364,2025-06-07,29.26,app,delivery,completed
ORD-0153113,R-0364,2025-06-11,17.99,app,delivery,completed
ORD-0153114,R-0364,2025-06-27,27.36,web,pickup,completed
ORD-0153115,R-0364,2025-06-27,32.43,app,pickup,cancelled
ORD-0153116,R-0364,2025-06-03,21.41,app,delivery,completed
ORD-0153117,R-0364,2025-06-21,23.52,app,pickup,completed
ORD-0153118,R-0364,2025-06-01,15.49,web,pickup,completed
ORD-0153119,R-0364,2025-06-29,36.82,app,pickup,completed
ORD-0153120,R-0364,2025-06-29,31.74,web,delivery,completed
ORD-0153121,R-0364,2025-06-04,26.27,web,delivery,Completed
ORD-0153122,R-0364,2025-06-13,35.15,app,pickup,completed
ORD-0153123,R-0364,2025-06-13,38.93,app,pickup,completed
ORD-0153124,R-0364,2025-06-01,26.53,app,delivery,completed
ORD-0153125,R-0364,2025-06-18,21.71,app,delivery,completed
ORD-0153126,R-0364,2025-06-14,32.72,app,pickup,completed
ORD-0153127,R-0364,2025-06-29,44.64,app,pickup,completed
ORD-0153128,R-0364,2025-06-11,24.76,app,pickup,completed
ORD-0153129,R-0364,2025-06-20,22.85,web,delivery,completed
ORD-0153130,R-0364,2025-06-08,47.30,app,pickup,completed
ORD-0153131,R-0364,2025-06-08,35.23,app,delivery,completed
ORD-0153132,R-0364,2025-06-06,23.31,web,delivery,completed
ORD-0153133,R-0364,2025-06-13,27.19,app,pickup,completed
ORD-0153134,R-0364,2025-06-08,20.35,app,pickup,completed
ORD-0153135,R-0364,2025-06-02,28.24,app,pickup,completed
ORD-0153136,R-0364,2025-06-09,20.61,app,pickup,completed
ORD-0153137,R-0364,2025-06-13,43.88,app,pickup,completed
ORD-0153138,R-0364,2025-06-08,19.02,web,delivery,completed
ORD-0153139,R-0364,2025-06-14,34.64,web,pickup,Completed
ORD-0153140,R-0364,2025-06-28,26.19,web,pickup,completed
ORD-0153141,R-0364,2025-06-28,27.26,app,delivery,completed
ORD-0153142,R-0364,2025-06-17,41.02,app,delivery,COMPLETED
ORD-0154060,R-0366,2025-06-23,15.03,app,delivery,completed
ORD-0154061,R-0366,2025-06-12,36.98,app,pickup,completed
ORD-0154062,R-0366,2025-06-08,43.56,app,delivery,completed
ORD-0154063,R-0366,2025-06-30,31.25,web,delivery,Completed
ORD-0154064,R-0366,2025-06-24,56.95,web,delivery,Completed
ORD-0154065,R-0366,2025-06-29,55.30,app,delivery,completed
ORD-0154066,R-0366,2025-06-03,50.19,app,pickup,completed
ORD-0154067,R-0366,2025-06-06,92.72,app,pickup,completed
ORD-0154068,R-0366,2025-06-12,41.81,app,delivery,completed
ORD-0154069,R-0366,2025-06-06,25.62,app,delivery,completed
ORD-0154070,R-0366,2025-06-29,70.39,web,delivery,completed
ORD-0154071,R-0366,2025-06-30,32.28,web,delivery,completed
ORD-0154072,R-0366,2025-06-21,55.46,web,delivery,COMPLETED
ORD-0154073,R-0366,2025-06-01,44.56,web,delivery,COMPLETED
ORD-0154074,R-0366,2025-06-08,61.92,app,delivery,completed
ORD-0154075,R-0366,2025-06-15,59.70,web,delivery,completed
ORD-0154076,R-0366,2025-06-06,53.81,web,delivery,completed
ORD-0154077,R-0366,2025-06-06,45.03,app,delivery,completed
ORD-0154078,R-0366,2025-06-15,53.68,web,delivery,completed
ORD-0154079,R-0366,2025-06-29,40.48,app,delivery,completed
ORD-0154080,R-0366,2025-06-03,60.94,app,pickup,Completed
ORD-0154081,R-0366,2025-06-21,90.31,app,delivery,cancelled
ORD-0154082,R-0366,2025-06-23,41.20,app,delivery,completed
ORD-0154083,R-0366,2025-06-26,27.68,web,delivery,completed
ORD-0154084,R-0366,2025-06-05,44.15,web,delivery,refunded
ORD-0154085,R-0366,2025-06-27,42.68,app,delivery,completed
ORD-0154086,R-0366,2025-06-21,68.66,app,pickup,completed
ORD-0154087,R-0366,2025-06-28,42.49,web,delivery,completed
ORD-0154088,R-0366,2025-06-13,30.11,app,delivery,completed
ORD-0154089,R-0366,2025-06-20,79.25,app,delivery,completed
ORD-0154090,R-0366,2025-06-26,60.26,app,delivery,completed
ORD-0154091,R-0366,2025-06-28,37.99,app,delivery,completed
ORD-0154092,R-0366,2025-06-11,34.97,web,delivery,completed
ORD-0154093,R-0366,2025-06-27,52.99,app,delivery,completed
ORD-0154094,R-0366,2025-06-05,46.92,app,delivery,completed
ORD-0154095,R-0366,2025-06-28,32.01,app,delivery,completed
ORD-0154096,R-0366,2025-06-27,29.86,app,delivery,completed
ORD-0154097,R-0366,2025-06-11,45.86,app,delivery,COMPLETED
ORD-0154098,R-0366,2025-06-21,44.59,web,delivery,completed
ORD-0154099,R-0366,2025-06-07,55.87,web,delivery,completed
ORD-0154100,R-0366,2025-06-08,49.41,app,delivery,completed
ORD-0154101,R-0366,2025-06-17,46.32,app,delivery,COMPLETED
ORD-0154102,R-0366,2025-06-27,35.85,app,delivery,completed
ORD-0154103,R-0366,2025-06-09,59.09,app,delivery,completed
ORD-0154104,R-0366,2025-06-08,24.83,web,delivery,completed
ORD-0154105,R-0366,2025-06-04,28.87,app,delivery,completed
ORD-0154106,R-0366,2025-06-10,50.10,web,delivery,completed
ORD-0154107,R-0366,2025-06-15,36.06,web,delivery,completed
ORD-0154108,R-0366,2025-06-22,69.54,app,delivery,COMPLETED
ORD-0154109,R-0366,2025-06-15,71.45,web,delivery,completed
ORD-0154110,R-0366,2025-06-27,72.84,app,delivery,completed
ORD-0154111,R-0366,2025-06-05,56.62,web,delivery,completed
ORD-0154112,R-0366,2025-06-21,73.30,app,delivery,completed
ORD-0154113,R-0366,2025-06-21,27.55,app,delivery,completed
ORD-0154114,R-0366,2025-06-20,39.88,app,delivery,completed
ORD-0154115,R-0366,2025-06-25,23.60,app,delivery,completed
ORD-0154116,R-0366,2025-06-15,45.32,web,pickup,completed
ORD-0154117,R-0366,2025-06-26,58.39,app,delivery,completed
ORD-0154118,R-0366,2025-06-19,32.98,app,delivery,completed
ORD-0154119,R-0366,2025-06-02,63.75,web,delivery,completed
ORD-0154120,R-0366,2025-06-29,39.76,app,delivery,completed
ORD-0154121,R-0366,2025-06-03,58.22,app,delivery,completed
ORD-0154122,R-0366,2025-06-21,52.74,web,delivery,completed
ORD-0154123,R-0366,2025-06-14,71.36,web,delivery,completed
ORD-0154124,R-0366,2025-06-27,66.71,app,pickup,completed
ORD-0154125,R-0366,2025-06-04,39.16,app,delivery,completed
ORD-0154126,R-0366,2025-06-09,48.40,web,delivery,completed
ORD-0154127,R-0366,2025-06-27,18.74,web,delivery,COMPLETED
ORD-0154128,R-0366,2025-06-14,35.01,web,delivery,completed
ORD-0154129,R-0366,2025-06-11,90.10,app,delivery,completed
ORD-0154130,R-0366,2025-06-20,43.00,app,delivery,completed
ORD-0154827,R-0367,2025-06-26,31.75,app,delivery,completed
ORD-0154828,R-0367,2025-06-19,25.43,web,delivery,Completed
ORD-0154829,R-0367,2025-06-06,48.23,app,pickup,completed
ORD-0154830,R-0367,2025-06-30,28.59,app,delivery,completed
ORD-0154831,R-0367,2025-06-27,48.92,web,pickup,Completed
ORD-0154832,R-0367,2025-06-28,34.17,app,pickup,completed
ORD-0154833,R-0367,2025-06-21,38.71,web,pickup,completed
ORD-0154834,R-0367,2025-06-07,40.38,app,delivery,COMPLETED
ORD-0154835,R-0367,2025-06-02,32.08,web,pickup,completed
ORD-0154836,R-0367,2025-06-13,64.97,web,delivery,completed
ORD-0154837,R-0367,2025-06-02,35.12,app,pickup,cancelled
ORD-0154838,R-0367,2025-06-05,33.44,web,delivery,completed
ORD-0154839,R-0367,2025-06-30,26.43,app,pickup,completed
ORD-0154840,R-0367,2025-06-08,19.94,app,pickup,completed
ORD-0154841,R-0367,2025-06-03,31.71,app,pickup,completed
ORD-0154842,R-0367,2025-06-07,42.91,web,pickup,completed
ORD-0154843,R-0367,2025-06-21,28.31,web,delivery,completed
ORD-0154844,R-0367,2025-06-16,43.25,app,pickup,Completed
ORD-0154845,R-0367,2025-06-18,48.99,web,pickup,completed
ORD-0154846,R-0367,2025-06-23,26.94,app,pickup,completed
ORD-0154847,R-0367,2025-06-10,23.06,web,pickup,completed
ORD-0154848,R-0367,2025-06-13,71.07,app,pickup,completed
ORD-0154849,R-0367,2025-06-01,36.27,app,pickup,completed
ORD-0154850,R-0367,2025-06-18,30.63,app,pickup,completed
ORD-0154851,R-0367,2025-06-25,38.65,web,pickup,completed
ORD-0154852,R-0367,2025-06-07,31.47,app,pickup,completed
ORD-0154853,R-0367,2025-06-04,31.23,app,delivery,COMPLETED
ORD-0154854,R-0367,2025-06-09,21.39,app,pickup,completed
ORD-0154855,R-0367,2025-06-27,41.04,web,delivery,completed
ORD-0154856,R-0367,2025-06-18,25.25,web,pickup,completed
ORD-0154857,R-0367,2025-06-13,35.98,app,delivery,completed
ORD-0154858,R-0367,2025-06-19,26.97,app,pickup,completed
ORD-0154859,R-0367,2025-06-15,29.39,web,pickup,completed
ORD-0154860,R-0367,2025-06-15,32.57,app,delivery,completed
ORD-0154861,R-0367,2025-06-23,25.22,app,pickup,completed
ORD-0154862,R-0367,2025-06-21,30.67,web,pickup,completed
ORD-0154863,R-0367,2025-06-21,34.46,web,pickup,completed
ORD-0154864,R-0367,2025-06-24,24.52,web,pickup,completed
ORD-0154865,R-0367,2025-06-28,47.79,app,pickup,completed
ORD-0154866,R-0367,2025-06-20,33.08,web,delivery,completed
ORD-0154867,R-0367,2025-06-28,23.05,app,pickup,completed
ORD-0154868,R-0367,2025-06-21,33.17,app,pickup,completed
ORD-0154869,R-0367,2025-06-07,44.18,app,delivery,completed
ORD-0154870,R-0367,2025-06-30,28.44,app,pickup,COMPLETED
ORD-0154871,R-0367,2025-06-09,48.82,app,delivery,Completed
ORD-0154872,R-0367,2025-06-04,49.16,web,pickup,Completed
ORD-0154873,R-0367,2025-06-09,28.77,app,pickup,completed
ORD-0154874,R-0367,2025-06-05,21.01,app,pickup,completed
ORD-0154875,R-0367,2025-06-07,64.89,app,pickup,completed
ORD-0154876,R-0367,2025-06-25,30.73,app,pickup,completed
ORD-0154877,R-0367,2025-06-03,41.78,app,pickup,completed
ORD-0154878,R-0367,2025-06-15,30.88,web,delivery,completed
ORD-0154879,R-0367,2025-06-13,46.41,app,delivery,completed
ORD-0154880,R-0367,2025-06-12,41.50,app,pickup,completed
ORD-0154881,R-0367,2025-06-15,43.58,app,delivery,completed
ORD-0154882,R-0367,2025-06-14,34.95,web,pickup,cancelled
ORD-0154883,R-0367,2025-06-08,40.29,app,delivery,completed
ORD-0154884,R-0367,2025-06-05,24.82,app,pickup,completed
ORD-0154885,R-0367,2025-06-05,53.19,app,delivery,completed
ORD-0154886,R-0367,2025-06-06,34.64,web,pickup,completed
ORD-0154887,R-0367,2025-06-11,34.65,app,pickup,completed
ORD-0154888,R-0367,2025-06-20,24.30,web,delivery,completed
ORD-0154889,R-0367,2025-06-12,32.66,web,pickup,completed
ORD-0154890,R-0367,2025-06-23,37.71,web,pickup,completed
ORD-0154891,R-0367,2025-06-18,33.08,app,delivery,completed
ORD-0154892,R-0367,2025-06-30,33.42,app,delivery,completed
ORD-0154893,R-0367,2025-06-05,61.40,app,pickup,completed
ORD-0154894,R-0367,2025-06-08,23.17,app,delivery,Completed
ORD-0154895,R-0367,2025-06-30,42.77,app,delivery,completed
ORD-0154896,R-0367,2025-06-23,25.36,app,pickup,completed
ORD-0154897,R-0367,2025-06-27,32.91,app,delivery,completed
ORD-0154898,R-0367,2025-06-30,42.85,app,delivery,completed
ORD-0154899,R-0367,2025-06-07,41.88,app,delivery,completed
ORD-0154900,R-0367,2025-06-16,33.50,web,delivery,Completed
ORD-0154901,R-0367,2025-06-29,30.87,app,delivery,completed
ORD-0154902,R-0367,2025-06-23,28.72,app,pickup,completed
ORD-0154903,R-0367,2025-06-07,41.24,app,delivery,completed
ORD-0154904,R-0367,2025-06-09,25.77,app,pickup,completed
ORD-0154905,R-0367,2025-06-15,36.23,app,pickup,completed
ORD-0154906,R-0367,2025-06-21,47.16,app,pickup,completed
ORD-0154907,R-0367,2025-06-03,23.27,web,delivery,completed
ORD-0154908,R-0367,2025-06-05,31.04,app,delivery,COMPLETED
ORD-0154909,R-0367,2025-06-01,60.06,web,delivery,completed
ORD-0154910,R-0367,2025-06-08,38.69,app,pickup,completed
ORD-0154911,R-0367,2025-06-20,40.76,app,pickup,completed
ORD-0154912,R-0367,2025-06-23,38.49,web,pickup,completed
ORD-0154913,R-0367,2025-06-05,31.92,app,pickup,completed
ORD-0154914,R-0367,2025-06-01,42.49,app,delivery,completed
ORD-0154915,R-0367,2025-06-08,33.88,app,pickup,completed
ORD-0154916,R-0367,2025-06-22,34.45,app,pickup,completed
ORD-0154917,R-0367,2025-06-21,38.79,app,pickup,completed
ORD-0154918,R-0367,2025-06-03,44.07,app,delivery,cancelled
ORD-0154919,R-0367,2025-06-03,29.46,web,pickup,completed
ORD-0154920,R-0367,2025-06-07,23.44,web,delivery,COMPLETED
ORD-0157496,R-0369,2025-06-25,29.14,web,delivery,completed
ORD-0157497,R-0369,2025-06-02,19.83,app,delivery,COMPLETED
ORD-0157498,R-0369,2025-06-06,24.44,web,delivery,completed
ORD-0157499,R-0369,2025-06-04,16.96,web,delivery,completed
ORD-0157500,R-0369,2025-06-02,16.35,web,delivery,completed
ORD-0157501,R-0369,2025-06-21,26.92,web,pickup,completed
ORD-0157502,R-0369,2025-06-30,38.19,web,delivery,completed
ORD-0157503,R-0369,2025-06-22,28.35,web,delivery,completed
ORD-0157504,R-0369,2025-06-26,16.79,web,pickup,completed
ORD-0157505,R-0369,2025-06-14,21.72,web,delivery,completed
ORD-0157506,R-0369,2025-06-25,21.67,web,delivery,completed
ORD-0157507,R-0369,2025-06-28,26.75,web,delivery,COMPLETED
ORD-0157508,R-0369,2025-06-15,30.83,web,delivery,completed
ORD-0157509,R-0369,2025-06-01,12.01,web,delivery,completed
ORD-0157510,R-0369,2025-06-19,26.08,web,pickup,Completed
ORD-0157511,R-0369,2025-06-21,32.58,app,delivery,completed
ORD-0157512,R-0369,2025-06-06,18.55,app,delivery,completed
ORD-0157513,R-0369,2025-06-07,24.68,app,delivery,completed
ORD-0157514,R-0369,2025-06-05,17.42,web,delivery,completed
ORD-0157515,R-0369,2025-06-25,18.38,web,pickup,cancelled
ORD-0157516,R-0369,2025-06-17,18.86,web,delivery,completed
ORD-0157517,R-0369,2025-06-05,13.36,web,delivery,completed
ORD-0157518,R-0369,2025-06-22,22.68,web,delivery,completed
ORD-0157519,R-0369,2025-06-15,18.98,web,pickup,completed
ORD-0157520,R-0369,2025-06-26,14.27,web,pickup,completed
ORD-0157521,R-0369,2025-06-05,20.00,web,delivery,completed
ORD-0157522,R-0369,2025-06-26,27.28,app,delivery,Completed
ORD-0157523,R-0369,2025-06-30,15.39,web,delivery,completed
ORD-0157524,R-0369,2025-06-19,13.20,web,delivery,completed
ORD-0157525,R-0369,2025-06-23,8.66,app,delivery,completed
ORD-0157526,R-0369,2025-06-20,19.86,web,pickup,completed
ORD-0157527,R-0369,2025-06-20,25.71,web,pickup,completed
ORD-0157528,R-0369,2025-06-06,29.18,web,delivery,completed
ORD-0157529,R-0369,2025-06-13,17.37,web,delivery,completed
ORD-0157530,R-0369,2025-06-03,19.34,web,delivery,completed
ORD-0157531,R-0369,2025-06-22,17.39,app,delivery,completed
ORD-0157532,R-0369,2025-06-25,24.91,app,pickup,completed
ORD-0157533,R-0369,2025-06-01,22.10,web,delivery,completed
ORD-0157534,R-0369,2025-06-14,30.53,web,delivery,completed
ORD-0160687,R-0375,2025-06-28,13.26,app,delivery,COMPLETED
ORD-0160688,R-0375,2025-06-22,23.95,app,delivery,completed
ORD-0160689,R-0375,2025-06-22,41.33,app,delivery,COMPLETED
ORD-0160690,R-0375,2025-06-10,44.90,web,delivery,completed
ORD-0160691,R-0375,2025-06-25,27.54,app,delivery,Completed
ORD-0160692,R-0375,2025-06-06,61.74,app,pickup,cancelled
ORD-0160693,R-0375,2025-06-21,24.22,app,delivery,Completed
ORD-0160694,R-0375,2025-06-04,40.26,app,delivery,completed
ORD-0160695,R-0375,2025-06-01,31.87,app,pickup,Completed
ORD-0160696,R-0375,2025-06-13,36.15,app,delivery,completed
ORD-0160697,R-0375,2025-06-21,16.53,app,delivery,completed
ORD-0160698,R-0375,2025-06-07,28.55,web,delivery,completed
ORD-0160699,R-0375,2025-06-28,123.67,app,delivery,completed
ORD-0160700,R-0375,2025-06-05,20.21,app,pickup,completed
ORD-0160701,R-0375,2025-06-06,15.54,web,delivery,completed
ORD-0160702,R-0375,2025-06-06,43.17,app,delivery,completed
ORD-0160703,R-0375,2025-06-14,51.79,web,delivery,completed
ORD-0160704,R-0375,2025-06-12,27.46,app,delivery,completed
ORD-0160705,R-0375,2025-06-08,48.51,web,delivery,completed
ORD-0160706,R-0375,2025-06-15,62.87,app,pickup,completed
ORD-0160707,R-0375,2025-06-28,25.82,app,delivery,COMPLETED
ORD-0160708,R-0375,2025-06-27,11.64,app,pickup,completed
ORD-0160709,R-0375,2025-06-15,67.48,web,pickup,completed
ORD-0160710,R-0375,2025-06-14,17.78,web,pickup,completed
ORD-0160711,R-0375,2025-06-04,49.69,web,pickup,completed
ORD-0160712,R-0375,2025-06-04,50.43,app,delivery,completed
ORD-0160713,R-0375,2025-06-21,22.57,web,pickup,completed
ORD-0160714,R-0375,2025-06-04,35.81,web,delivery,Completed
ORD-0160715,R-0375,2025-06-13,42.35,app,delivery,completed
ORD-0160716,R-0375,2025-06-15,24.34,app,pickup,completed
ORD-0160717,R-0375,2025-06-07,48.11,web,delivery,completed
ORD-0160718,R-0375,2025-06-18,72.97,app,delivery,completed
ORD-0160719,R-0375,2025-06-04,33.60,app,delivery,completed
ORD-0160720,R-0375,2025-06-30,28.48,web,delivery,completed
ORD-0160721,R-0375,2025-06-14,32.12,app,pickup,completed
ORD-0160722,R-0375,2025-06-09,14.89,app,delivery,completed
ORD-0160723,R-0375,2025-06-29,31.34,app,delivery,completed
ORD-0160724,R-0375,2025-06-22,19.42,app,delivery,completed
ORD-0160725,R-0375,2025-06-26,28.09,app,delivery,completed
ORD-0160726,R-0375,2025-06-23,26.86,app,pickup,completed
ORD-0160727,R-0375,2025-06-26,27.91,web,delivery,completed
ORD-0160728,R-0375,2025-06-06,34.04,app,delivery,completed
ORD-0160729,R-0375,2025-06-25,78.00,app,pickup,COMPLETED
ORD-0160730,R-0375,2025-06-11,15.63,app,delivery,completed
ORD-0160731,R-0375,2025-06-21,56.49,web,delivery,completed
ORD-0160732,R-0375,2025-06-20,20.30,web,delivery,completed
ORD-0160733,R-0375,2025-06-22,74.54,app,pickup,completed
ORD-0160734,R-0375,2025-06-02,24.58,app,delivery,completed
ORD-0160735,R-0375,2025-06-19,50.79,app,pickup,completed
ORD-0160736,R-0375,2025-06-12,17.03,web,pickup,Refunded
ORD-0160737,R-0375,2025-06-21,29.99,web,pickup,completed
ORD-0160738,R-0375,2025-06-06,46.84,app,pickup,completed
ORD-0160739,R-0375,2025-06-15,21.61,web,delivery,completed
ORD-0160740,R-0375,2025-06-28,40.95,app,pickup,completed
ORD-0160741,R-0375,2025-06-12,33.27,app,delivery,completed
ORD-0160742,R-0375,2025-06-06,41.03,app,pickup,completed
ORD-0160743,R-0375,2025-06-18,29.03,web,delivery,Completed
ORD-0160744,R-0375,2025-06-14,18.87,app,pickup,completed
ORD-0160745,R-0375,2025-06-07,42.09,web,delivery,completed
ORD-0160746,R-0375,2025-06-22,28.41,app,delivery,completed
ORD-0160747,R-0375,2025-06-20,30.63,app,pickup,Completed
ORD-0160748,R-0375,2025-06-13,33.60,app,delivery,completed
ORD-0160749,R-0375,2025-06-14,28.92,app,pickup,COMPLETED
ORD-0160750,R-0375,2025-06-20,19.00,app,delivery,completed
ORD-0160751,R-0375,2025-06-28,21.81,web,delivery,completed
ORD-0160752,R-0375,2025-06-21,65.61,app,delivery,COMPLETED
ORD-0160753,R-0375,2025-06-06,17.19,app,delivery,completed
ORD-0160754,R-0375,2025-06-09,60.60,web,delivery,completed
ORD-0160755,R-0375,2025-06-17,16.16,app,delivery,completed
ORD-0160756,R-0375,2025-06-24,12.57,app,pickup,completed
ORD-0160757,R-0375,2025-06-14,11.19,web,delivery,Completed
ORD-0160758,R-0375,2025-06-22,26.95,app,delivery,completed
ORD-0160759,R-0375,2025-06-13,33.80,app,pickup,COMPLETED
ORD-0161636,R-0376,2025-06-19,29.21,web,pickup,completed
ORD-0161637,R-0376,2025-06-30,38.35,web,delivery,completed
ORD-0161638,R-0376,2025-06-03,36.83,app,delivery,completed
ORD-0161639,R-0376,2025-06-20,59.13,web,pickup,completed
ORD-0161640,R-0376,2025-06-15,98.85,app,pickup,Completed
ORD-0161641,R-0376,2025-06-14,31.79,app,pickup,completed
ORD-0161642,R-0376,2025-06-01,60.96,app,pickup,completed
ORD-0161643,R-0376,2025-06-29,36.88,web,pickup,completed
ORD-0161644,R-0376,2025-06-13,44.11,web,delivery,completed
ORD-0161645,R-0376,2025-06-17,53.30,app,delivery,completed
ORD-0161646,R-0376,2025-06-05,24.69,app,pickup,completed
ORD-0161647,R-0376,2025-06-07,56.45,app,pickup,COMPLETED
ORD-0161648,R-0376,2025-06-11,46.95,app,pickup,completed
ORD-0161649,R-0376,2025-06-06,129.56,app,delivery,completed
ORD-0161650,R-0376,2025-06-14,54.58,app,pickup,completed
ORD-0161651,R-0376,2025-06-12,27.49,app,pickup,completed
ORD-0161652,R-0376,2025-06-07,29.91,app,delivery,completed
ORD-0161653,R-0376,2025-06-01,84.00,app,delivery,completed
ORD-0161654,R-0376,2025-06-23,58.91,app,pickup,completed
ORD-0161655,R-0376,2025-06-02,40.33,app,pickup,completed
ORD-0161656,R-0376,2025-06-07,27.45,web,delivery,completed
ORD-0161657,R-0376,2025-06-27,84.09,web,pickup,completed
ORD-0161658,R-0376,2025-06-08,44.08,app,pickup,completed
ORD-0161659,R-0376,2025-06-01,33.02,web,pickup,completed
ORD-0161660,R-0376,2025-06-27,14.35,web,pickup,completed
ORD-0161661,R-0376,2025-06-07,42.55,app,pickup,completed
ORD-0161662,R-0376,2025-06-21,37.00,app,pickup,cancelled
ORD-0161663,R-0376,2025-06-13,40.29,web,delivery,completed
ORD-0161664,R-0376,2025-06-04,33.42,app,pickup,completed
ORD-0161665,R-0376,2025-06-12,51.16,web,delivery,completed
ORD-0161666,R-0376,2025-06-24,40.69,app,delivery,Completed
ORD-0161667,R-0376,2025-06-26,57.75,web,pickup,refunded
ORD-0161668,R-0376,2025-06-26,45.20,app,pickup,Completed
ORD-0161669,R-0376,2025-06-04,26.74,app,pickup,completed
ORD-0161670,R-0376,2025-06-19,85.10,web,pickup,completed
ORD-0161671,R-0376,2025-06-29,49.21,web,delivery,completed
ORD-0161672,R-0376,2025-06-22,39.36,app,pickup,completed
ORD-0161673,R-0376,2025-06-14,50.96,app,delivery,COMPLETED
ORD-0161674,R-0376,2025-06-28,52.86,app,delivery,completed
ORD-0161675,R-0376,2025-06-07,46.19,app,pickup,Completed
ORD-0161676,R-0376,2025-06-28,51.65,app,delivery,completed
ORD-0161677,R-0376,2025-06-08,62.42,app,pickup,completed
ORD-0161678,R-0376,2025-06-05,37.79,web,pickup,Completed
ORD-0161679,R-0376,2025-06-15,79.00,app,pickup,completed
ORD-0161680,R-0376,2025-06-16,32.01,app,pickup,completed
ORD-0161681,R-0376,2025-06-22,56.56,app,delivery,COMPLETED
ORD-0161682,R-0376,2025-06-12,54.59,app,pickup,completed
ORD-0161683,R-0376,2025-06-16,23.16,web,delivery,Completed
ORD-0161684,R-0376,2025-06-20,25.10,web,pickup,completed
ORD-0161685,R-0376,2025-06-20,78.56,app,pickup,completed
ORD-0161686,R-0376,2025-06-24,31.78,app,pickup,completed
ORD-0161687,R-0376,2025-06-21,56.22,app,delivery,completed
ORD-0161688,R-0376,2025-06-15,45.33,web,pickup,completed
ORD-0161689,R-0376,2025-06-21,52.36,app,pickup,completed
ORD-0161690,R-0376,2025-06-11,37.62,app,pickup,completed
ORD-0162651,R-0379,2025-06-25,16.80,app,delivery,completed
ORD-0162652,R-0379,2025-06-27,20.26,web,pickup,completed
ORD-0162653,R-0379,2025-06-29,37.41,web,delivery,completed
ORD-0162654,R-0379,2025-06-22,19.68,web,delivery,Completed
ORD-0162655,R-0379,2025-06-09,17.11,web,pickup,completed
ORD-0162656,R-0379,2025-06-04,25.09,app,pickup,completed
ORD-0162657,R-0379,2025-06-28,37.23,app,delivery,completed
ORD-0162658,R-0379,2025-06-08,17.20,app,delivery,completed
ORD-0162659,R-0379,2025-06-07,22.67,web,delivery,completed
ORD-0162660,R-0379,2025-06-27,24.42,app,delivery,Completed
ORD-0162661,R-0379,2025-06-05,21.08,app,delivery,completed
ORD-0162662,R-0379,2025-06-13,18.70,app,delivery,completed
ORD-0162663,R-0379,2025-06-30,27.82,web,delivery,completed
ORD-0162664,R-0379,2025-06-15,24.81,web,delivery,completed
ORD-0162665,R-0379,2025-06-02,35.39,web,delivery,completed
ORD-0162666,R-0379,2025-06-15,19.08,app,delivery,completed
ORD-0162667,R-0379,2025-06-21,24.38,app,delivery,completed
ORD-0162668,R-0379,2025-06-07,34.63,app,delivery,CANCELLED
ORD-0162669,R-0379,2025-06-21,37.73,web,delivery,completed
ORD-0162670,R-0379,2025-06-13,30.31,web,delivery,completed
ORD-0162671,R-0379,2025-06-28,38.59,app,delivery,completed
ORD-0162672,R-0379,2025-06-15,29.31,web,delivery,completed
ORD-0162673,R-0379,2025-06-07,20.68,web,delivery,completed
ORD-0162674,R-0379,2025-06-30,23.04,app,delivery,completed
ORD-0162675,R-0379,2025-06-27,27.49,web,delivery,completed
ORD-0162676,R-0379,2025-06-04,19.19,web,delivery,completed
ORD-0162677,R-0379,2025-06-18,11.55,web,delivery,completed
ORD-0162678,R-0379,2025-06-23,29.42,web,delivery,cancelled
ORD-0162679,R-0379,2025-06-15,43.56,app,delivery,COMPLETED
ORD-0162680,R-0379,2025-06-16,18.47,web,delivery,completed
ORD-0162681,R-0379,2025-06-19,17.43,app,delivery,completed
ORD-0162682,R-0379,2025-06-06,18.20,app,delivery,completed
ORD-0162683,R-0379,2025-06-04,21.37,app,delivery,completed
ORD-0162684,R-0379,2025-06-19,15.18,web,delivery,completed
ORD-0162685,R-0379,2025-06-24,20.20,web,delivery,completed
ORD-0162686,R-0379,2025-06-24,15.66,app,delivery,completed
ORD-0162687,R-0379,2025-06-07,30.13,web,delivery,completed
ORD-0162688,R-0379,2025-06-05,28.76,app,delivery,completed
ORD-0162689,R-0379,2025-06-21,17.66,app,delivery,completed
ORD-0162690,R-0379,2025-06-16,17.79,app,delivery,completed
ORD-0162691,R-0379,2025-06-01,26.50,web,delivery,completed
ORD-0162692,R-0379,2025-06-01,20.25,web,delivery,completed
ORD-0162693,R-0379,2025-06-28,16.53,app,delivery,completed
ORD-0162694,R-0379,2025-06-14,24.06,web,delivery,completed
ORD-0162695,R-0379,2025-06-11,23.33,app,delivery,completed
ORD-0162696,R-0379,2025-06-24,21.63,app,delivery,completed
ORD-0162697,R-0379,2025-06-10,18.20,web,delivery,COMPLETED
ORD-0164424,R-0383,2025-06-21,23.18,web,delivery,COMPLETED
ORD-0164425,R-0383,2025-06-02,20.25,app,pickup,completed
ORD-0164426,R-0383,2025-06-14,15.42,web,delivery,completed
ORD-0164427,R-0383,2025-06-20,33.44,web,delivery,completed
ORD-0164428,R-0383,2025-06-06,29.15,web,delivery,completed
ORD-0164429,R-0383,2025-06-29,32.97,app,delivery,completed
ORD-0164430,R-0383,2025-06-26,17.50,web,delivery,completed
ORD-0164431,R-0383,2025-06-21,28.67,web,delivery,completed
ORD-0164432,R-0383,2025-06-14,30.97,web,delivery,completed
ORD-0164433,R-0383,2025-06-19,23.13,web,delivery,CANCELLED
ORD-0164434,R-0383,2025-06-12,21.86,app,delivery,completed
ORD-0164435,R-0383,2025-06-05,17.31,web,delivery,Cancelled
ORD-0164436,R-0383,2025-06-23,34.20,app,pickup,completed
ORD-0164437,R-0383,2025-06-15,17.26,web,delivery,completed
ORD-0164438,R-0383,2025-06-18,11.03,web,delivery,COMPLETED
ORD-0164439,R-0383,2025-06-15,13.44,app,delivery,completed
ORD-0164440,R-0383,2025-06-05,31.43,app,delivery,COMPLETED
ORD-0164441,R-0383,2025-06-23,23.63,web,pickup,completed
ORD-0164442,R-0383,2025-06-07,21.99,web,delivery,COMPLETED
ORD-0164443,R-0383,2025-06-28,44.93,web,delivery,completed
ORD-0164444,R-0383,2025-06-14,24.94,app,delivery,completed
ORD-0164445,R-0383,2025-06-06,22.12,app,delivery,Completed
ORD-0164446,R-0383,2025-06-28,38.37,web,pickup,completed
ORD-0164447,R-0383,2025-06-21,10.76,app,delivery,completed
ORD-0164448,R-0383,2025-06-22,24.71,app,delivery,completed
ORD-0164449,R-0383,2025-06-17,55.19,app,pickup,completed
ORD-0164450,R-0383,2025-06-08,34.72,app,pickup,completed
ORD-0164451,R-0383,2025-06-08,25.80,app,delivery,COMPLETED
ORD-0164452,R-0383,2025-06-02,52.65,web,pickup,completed
ORD-0164453,R-0383,2025-06-17,22.63,app,delivery,completed
ORD-0164454,R-0383,2025-06-18,21.65,app,delivery,completed
ORD-0164455,R-0383,2025-06-29,19.85,web,delivery,Completed
ORD-0164456,R-0383,2025-06-14,34.07,web,delivery,completed
ORD-0164457,R-0383,2025-06-06,22.29,web,delivery,completed
ORD-0164458,R-0383,2025-06-15,76.15,web,delivery,completed
ORD-0164459,R-0383,2025-06-21,16.41,web,pickup,completed
ORD-0164460,R-0383,2025-06-15,33.63,app,pickup,completed
ORD-0164461,R-0383,2025-06-14,23.43,web,delivery,completed
ORD-0164462,R-0383,2025-06-14,17.87,web,pickup,COMPLETED
ORD-0164463,R-0383,2025-06-18,22.66,web,delivery,COMPLETED
ORD-0164464,R-0383,2025-06-28,26.55,app,delivery,Completed
ORD-0164465,R-0383,2025-06-20,19.38,web,pickup,completed
ORD-0164466,R-0383,2025-06-19,13.66,web,delivery,completed
ORD-0164467,R-0383,2025-06-23,40.29,app,delivery,completed
ORD-0166249,R-0385,2025-06-14,15.82,app,delivery,completed
ORD-0166250,R-0385,2025-06-22,18.60,web,delivery,completed
ORD-0166251,R-0385,2025-06-25,31.81,app,delivery,completed
ORD-0166252,R-0385,2025-06-25,16.97,web,delivery,cancelled
ORD-0166253,R-0385,2025-06-27,41.26,app,pickup,COMPLETED
ORD-0166254,R-0385,2025-06-14,25.94,app,delivery,completed
ORD-0166255,R-0385,2025-06-09,25.08,app,delivery,COMPLETED
ORD-0166256,R-0385,2025-06-20,11.68,app,pickup,completed
ORD-0166618,R-0388,2025-06-15,27.33,app,delivery,Completed
ORD-0166619,R-0388,2025-06-25,27.27,app,delivery,completed
ORD-0166620,R-0388,2025-06-08,34.01,app,delivery,completed
ORD-0166621,R-0388,2025-06-28,29.49,app,pickup,refunded
ORD-0166622,R-0388,2025-06-26,13.20,app,delivery,completed
ORD-0166623,R-0388,2025-06-05,59.57,app,delivery,cancelled
ORD-0166624,R-0388,2025-06-10,50.42,app,delivery,completed
ORD-0166625,R-0388,2025-06-25,53.15,web,delivery,Completed
ORD-0166626,R-0388,2025-06-30,22.17,web,delivery,completed
ORD-0166627,R-0388,2025-06-01,23.12,app,pickup,completed
ORD-0166628,R-0388,2025-06-12,50.89,app,delivery,COMPLETED
ORD-0166629,R-0388,2025-06-29,29.06,web,delivery,completed
ORD-0166630,R-0388,2025-06-29,36.05,app,pickup,completed
ORD-0166631,R-0388,2025-06-27,28.88,app,pickup,completed
ORD-0166632,R-0388,2025-06-12,34.32,app,delivery,completed
ORD-0166633,R-0388,2025-06-29,30.12,web,delivery,completed
ORD-0166634,R-0388,2025-06-10,23.00,app,delivery,completed
ORD-0166635,R-0388,2025-06-22,38.05,web,delivery,completed
ORD-0166636,R-0388,2025-06-22,23.24,web,delivery,completed
ORD-0166637,R-0388,2025-06-23,43.13,app,delivery,completed
ORD-0166638,R-0388,2025-06-02,52.54,app,delivery,completed
ORD-0166639,R-0388,2025-06-21,55.25,app,delivery,completed
ORD-0175452,R-0409,2025-06-28,36.73,app,pickup,completed
ORD-0175453,R-0409,2025-06-20,26.92,web,delivery,cancelled
ORD-0175454,R-0409,2025-06-21,23.32,app,delivery,completed
ORD-0175455,R-0409,2025-06-21,29.21,app,delivery,completed
ORD-0175456,R-0409,2025-06-16,30.15,app,delivery,refunded
ORD-0175457,R-0409,2025-06-13,79.98,app,delivery,completed
ORD-0175458,R-0409,2025-06-11,45.28,app,delivery,completed
ORD-0175459,R-0409,2025-06-29,35.09,app,pickup,completed
ORD-0175460,R-0409,2025-06-21,36.41,web,pickup,Completed
ORD-0175461,R-0409,2025-06-06,47.03,web,delivery,completed
ORD-0175462,R-0409,2025-06-05,33.93,web,delivery,completed
ORD-0175463,R-0409,2025-06-06,47.48,app,delivery,completed
ORD-0175464,R-0409,2025-06-28,47.83,app,delivery,completed
ORD-0175465,R-0409,2025-06-13,54.23,web,pickup,completed
ORD-0175466,R-0409,2025-06-27,25.92,app,delivery,completed
ORD-0175467,R-0409,2025-06-07,22.18,app,delivery,completed
ORD-0175468,R-0409,2025-06-19,25.93,web,delivery,completed
ORD-0175469,R-0409,2025-06-26,24.11,app,delivery,completed
ORD-0175470,R-0409,2025-06-24,28.90,app,delivery,Completed
ORD-0175471,R-0409,2025-06-27,54.01,web,delivery,completed
ORD-0175472,R-0409,2025-06-20,23.58,app,delivery,completed
ORD-0175473,R-0409,2025-06-07,41.38,web,delivery,completed
ORD-0175474,R-0409,2025-06-17,33.12,app,delivery,completed
ORD-0175475,R-0409,2025-06-10,36.89,web,pickup,completed
ORD-0175476,R-0409,2025-06-22,36.24,app,delivery,completed
ORD-0175477,R-0409,2025-06-12,48.54,web,delivery,completed
ORD-0175478,R-0409,2025-06-29,39.17,app,delivery,completed
ORD-0175479,R-0409,2025-06-20,36.53,app,delivery,Completed
ORD-0178054,R-0415,2025-06-15,98.29,web,delivery,completed
ORD-0178055,R-0415,2025-06-06,38.45,web,pickup,CANCELLED
ORD-0178056,R-0415,2025-06-10,40.56,web,delivery,completed
ORD-0178057,R-0415,2025-06-28,34.06,app,delivery,completed
ORD-0178058,R-0415,2025-06-06,57.30,app,delivery,completed
ORD-0178059,R-0415,2025-06-13,42.30,web,delivery,completed
ORD-0178872,R-0420,2025-06-20,34.78,app,delivery,COMPLETED
ORD-0178873,R-0420,2025-06-04,21.88,app,pickup,COMPLETED
ORD-0178874,R-0420,2025-06-08,40.68,web,delivery,completed
ORD-0178875,R-0420,2025-06-28,19.95,app,delivery,completed
ORD-0178876,R-0420,2025-06-29,15.52,app,pickup,Completed
ORD-0178877,R-0420,2025-06-14,20.28,web,pickup,completed
ORD-0178878,R-0420,2025-06-12,19.53,app,delivery,Completed
ORD-0178879,R-0420,2025-06-11,25.95,web,pickup,completed
ORD-0178880,R-0420,2025-06-03,10.13,web,pickup,completed
ORD-0178881,R-0420,2025-06-20,42.96,web,pickup,completed
ORD-0178882,R-0420,2025-06-18,26.05,app,delivery,Completed
ORD-0178883,R-0420,2025-06-09,31.73,app,pickup,completed
ORD-0178884,R-0420,2025-06-02,28.46,web,pickup,completed
ORD-0178885,R-0420,2025-06-15,38.29,app,delivery,completed
ORD-0178886,R-0420,2025-06-03,31.21,app,delivery,completed
ORD-0178887,R-0420,2025-06-09,22.64,app,pickup,completed
ORD-0178888,R-0420,2025-06-17,22.96,web,pickup,completed
ORD-0178889,R-0420,2025-06-21,30.03,web,pickup,completed
ORD-0178890,R-0420,2025-06-11,17.60,app,pickup,completed
ORD-0178891,R-0420,2025-06-29,17.99,web,pickup,completed
ORD-0178892,R-0420,2025-06-30,23.80,app,delivery,completed
ORD-0178893,R-0420,2025-06-13,17.90,web,pickup,completed
ORD-0178894,R-0420,2025-06-20,70.09,app,pickup,completed
ORD-0178895,R-0420,2025-06-12,20.15,app,delivery,completed
ORD-0178896,R-0420,2025-06-05,38.66,app,pickup,completed
ORD-0178897,R-0420,2025-06-28,16.44,app,pickup,COMPLETED
ORD-0178898,R-0420,2025-06-07,25.01,web,pickup,completed
ORD-0178899,R-0420,2025-06-19,19.80,app,pickup,completed
ORD-0178900,R-0420,2025-06-29,39.49,web,pickup,cancelled
ORD-0178901,R-0420,2025-06-28,38.36,app,delivery,completed
ORD-0178902,R-0420,2025-06-13,14.21,web,pickup,completed
ORD-0178903,R-0420,2025-06-16,23.63,app,pickup,completed
ORD-0178904,R-0420,2025-06-17,24.35,web,delivery,completed
ORD-0178905,R-0420,2025-06-12,49.81,web,pickup,completed
ORD-0178906,R-0420,2025-06-25,62.75,web,delivery,completed
ORD-0178907,R-0420,2025-06-26,14.81,web,delivery,completed
ORD-0178908,R-0420,2025-06-22,34.06,web,delivery,completed
ORD-0178909,R-0420,2025-06-27,20.84,web,pickup,completed
ORD-0178910,R-0420,2025-06-11,44.17,web,pickup,completed
ORD-0178911,R-0420,2025-06-01,18.29,web,delivery,completed
ORD-0178912,R-0420,2025-06-26,42.25,web,delivery,COMPLETED
ORD-0178913,R-0420,2025-06-14,47.67,web,pickup,completed
ORD-0178914,R-0420,2025-06-06,21.40,app,pickup,completed
ORD-0178915,R-0420,2025-06-07,22.60,web,pickup,completed
ORD-0178916,R-0420,2025-06-05,23.55,app,pickup,completed
ORD-0178917,R-0420,2025-06-18,25.31,web,delivery,completed
ORD-0178918,R-0420,2025-06-21,45.76,web,delivery,completed
ORD-0178919,R-0420,2025-06-26,26.55,app,pickup,completed
ORD-0178920,R-0420,2025-06-28,18.49,app,delivery,completed
ORD-0178921,R-0420,2025-06-05,27.39,app,pickup,completed
ORD-0178922,R-0420,2025-06-07,25.23,web,pickup,completed
ORD-0178923,R-0420,2025-06-01,63.20,app,pickup,completed
ORD-0178924,R-0420,2025-06-04,24.79,app,delivery,completed
ORD-0178925,R-0420,2025-06-02,31.01,web,pickup,completed
ORD-0178926,R-0420,2025-06-01,40.05,app,pickup,completed
ORD-0178927,R-0420,2025-06-20,12.17,web,delivery,completed
ORD-0178928,R-0420,2025-06-07,34.85,app,pickup,completed
ORD-0178929,R-0420,2025-06-25,22.62,app,pickup,completed
ORD-0178930,R-0420,2025-06-15,26.97,web,pickup,completed
ORD-0178931,R-0420,2025-06-24,18.48,web,pickup,COMPLETED
ORD-0178932,R-0420,2025-06-18,43.36,web,pickup,completed
ORD-0178933,R-0420,2025-06-13,22.29,app,pickup,completed
ORD-0178934,R-0420,2025-06-29,31.38,web,delivery,completed
ORD-0178935,R-0420,2025-06-05,24.46,app,pickup,completed
ORD-0178936,R-0420,2025-06-15,52.94,web,pickup,completed
ORD-0178937,R-0420,2025-06-20,34.06,web,pickup,completed
ORD-0178938,R-0420,2025-06-02,21.30,app,pickup,completed
ORD-0178939,R-0420,2025-06-01,39.95,app,pickup,completed
ORD-0178940,R-0420,2025-06-20,17.91,web,pickup,completed
ORD-0178941,R-0420,2025-06-28,14.94,app,delivery,completed
ORD-0178942,R-0420,2025-06-08,22.49,app,pickup,completed
ORD-0178943,R-0420,2025-06-03,18.42,web,pickup,completed
ORD-0178944,R-0420,2025-06-30,17.41,app,delivery,completed
ORD-0178945,R-0420,2025-06-10,41.46,web,delivery,completed
ORD-0180864,R-0424,2025-06-27,18.03,web,pickup,completed
ORD-0180865,R-0424,2025-06-28,30.89,web,delivery,COMPLETED
ORD-0180866,R-0424,2025-06-19,32.88,app,pickup,completed
ORD-0180867,R-0424,2025-06-25,22.24,web,delivery,completed
ORD-0180868,R-0424,2025-06-27,30.94,app,pickup,completed
ORD-0180869,R-0424,2025-06-25,34.77,app,delivery,completed
ORD-0180870,R-0424,2025-06-21,37.07,web,delivery,completed
ORD-0180871,R-0424,2025-06-29,30.85,web,delivery,completed
ORD-0180872,R-0424,2025-06-21,18.11,web,delivery,completed
ORD-0180873,R-0424,2025-06-20,44.74,app,delivery,Completed
ORD-0180874,R-0424,2025-06-22,13.59,web,delivery,completed
ORD-0180875,R-0424,2025-06-26,39.24,app,pickup,CANCELLED
ORD-0180876,R-0424,2025-06-23,13.57,web,pickup,completed
ORD-0180877,R-0424,2025-06-29,32.35,web,delivery,completed
ORD-0180878,R-0424,2025-06-22,17.93,web,pickup,completed
ORD-0180879,R-0424,2025-06-23,32.40,app,pickup,completed
ORD-0180880,R-0424,2025-06-22,46.18,app,pickup,completed
ORD-0180881,R-0424,2025-06-21,35.55,app,pickup,completed
ORD-0180882,R-0424,2025-06-20,20.74,app,delivery,completed
ORD-0180883,R-0424,2025-06-23,56.03,app,delivery,completed
ORD-0180884,R-0424,2025-06-22,56.03,web,pickup,completed
ORD-0180885,R-0424,2025-06-25,23.83,app,pickup,completed
ORD-0180886,R-0424,2025-06-25,50.41,web,delivery,completed
ORD-0180887,R-0424,2025-06-28,20.30,app,delivery,completed
ORD-0180888,R-0424,2025-06-20,21.83,web,delivery,completed
ORD-0180889,R-0424,2025-06-21,50.30,app,pickup,completed
ORD-0180890,R-0424,2025-06-22,44.50,web,pickup,completed
ORD-0185429,R-0426,2025-06-20,48.25,web,delivery,completed
ORD-0185430,R-0426,2025-06-30,36.57,app,pickup,cancelled
ORD-0185431,R-0426,2025-06-17,49.77,app,delivery,completed
ORD-0185432,R-0426,2025-06-05,32.44,web,pickup,completed
ORD-0185433,R-0426,2025-06-04,32.43,app,delivery,completed
ORD-0185434,R-0426,2025-06-22,57.10,web,delivery,completed
ORD-0185435,R-0426,2025-06-12,17.58,web,pickup,COMPLETED
ORD-0185436,R-0426,2025-06-07,33.90,web,delivery,completed
ORD-0185437,R-0426,2025-06-01,20.65,app,delivery,completed
ORD-0185438,R-0426,2025-06-06,83.31,web,pickup,cancelled
ORD-0185439,R-0426,2025-06-13,76.38,app,delivery,completed
ORD-0185440,R-0426,2025-06-08,31.65,web,pickup,Completed
ORD-0185441,R-0426,2025-06-28,57.71,web,delivery,completed
ORD-0185442,R-0426,2025-06-18,49.08,web,pickup,completed
ORD-0185443,R-0426,2025-06-25,54.58,web,pickup,completed
ORD-0185444,R-0426,2025-06-12,67.60,web,delivery,completed
ORD-0185445,R-0426,2025-06-02,42.05,web,delivery,completed
ORD-0185446,R-0426,2025-06-08,42.76,app,pickup,COMPLETED
ORD-0185447,R-0426,2025-06-09,67.16,web,pickup,completed
ORD-0185448,R-0426,2025-06-12,40.02,app,delivery,completed
ORD-0185449,R-0426,2025-06-07,65.80,web,delivery,cancelled
ORD-0185450,R-0426,2025-06-04,40.32,web,delivery,completed
ORD-0185451,R-0426,2025-06-23,42.28,app,delivery,completed
ORD-0185452,R-0426,2025-06-12,42.78,app,pickup,completed
ORD-0185453,R-0426,2025-06-29,74.14,web,delivery,completed
ORD-0185454,R-0426,2025-06-02,44.80,web,pickup,completed
ORD-0185455,R-0426,2025-06-01,76.45,web,pickup,completed
ORD-0185456,R-0426,2025-06-14,33.19,app,pickup,completed
ORD-0185457,R-0426,2025-06-28,39.44,web,delivery,completed
ORD-0185458,R-0426,2025-06-05,68.04,web,pickup,completed
ORD-0185459,R-0426,2025-06-09,55.77,web,pickup,completed
ORD-0185460,R-0426,2025-06-15,44.01,app,pickup,COMPLETED
ORD-0185461,R-0426,2025-06-23,43.91,web,delivery,completed
ORD-0185462,R-0426,2025-06-17,29.03,app,pickup,completed
ORD-0185463,R-0426,2025-06-07,43.48,app,pickup,completed
ORD-0185464,R-0426,2025-06-15,57.11,app,delivery,completed
ORD-0185465,R-0426,2025-06-06,32.80,web,pickup,COMPLETED
ORD-0185466,R-0426,2025-06-10,43.93,app,delivery,completed
ORD-0185467,R-0426,2025-06-21,81.40,web,pickup,completed
ORD-0185468,R-0426,2025-06-24,59.20,app,delivery,completed
ORD-0185469,R-0426,2025-06-06,57.90,web,pickup,completed
ORD-0185470,R-0426,2025-06-03,34.71,web,pickup,completed
ORD-0185471,R-0426,2025-06-22,66.13,app,delivery,COMPLETED
ORD-0185472,R-0426,2025-06-22,69.01,app,delivery,completed
ORD-0185473,R-0426,2025-06-14,41.10,web,delivery,cancelled
ORD-0185474,R-0426,2025-06-29,50.61,web,pickup,completed
ORD-0185475,R-0426,2025-06-06,20.80,app,pickup,completed
ORD-0185476,R-0426,2025-06-06,34.37,web,delivery,completed
ORD-0185477,R-0426,2025-06-05,26.20,web,pickup,Completed
ORD-0189983,R-0434,2025-06-27,26.52,app,delivery,completed
ORD-0189984,R-0434,2025-06-28,34.12,app,delivery,completed
ORD-0189985,R-0434,2025-06-03,31.76,app,pickup,completed
ORD-0189986,R-0434,2025-06-03,35.32,web,pickup,Completed
ORD-0189987,R-0434,2025-06-20,41.57,app,delivery,completed
ORD-0189988,R-0434,2025-06-04,17.75,app,delivery,completed
ORD-0189989,R-0434,2025-06-06,22.77,app,delivery,cancelled
ORD-0189990,R-0434,2025-06-19,10.20,web,delivery,completed
ORD-0189991,R-0434,2025-06-28,38.82,app,delivery,COMPLETED
ORD-0189992,R-0434,2025-06-15,35.28,app,pickup,completed
ORD-0189993,R-0434,2025-06-15,15.85,app,delivery,completed
ORD-0189994,R-0434,2025-06-07,23.31,app,pickup,COMPLETED
ORD-0189995,R-0434,2025-06-21,14.74,app,delivery,completed
ORD-0189996,R-0434,2025-06-03,20.67,web,delivery,completed
ORD-0189997,R-0434,2025-06-16,21.36,web,delivery,completed
ORD-0189998,R-0434,2025-06-26,16.98,web,pickup,completed
ORD-0189999,R-0434,2025-06-16,22.42,app,delivery,Completed
ORD-0190000,R-0434,2025-06-24,33.97,app,pickup,completed
ORD-0190001,R-0434,2025-06-29,11.92,app,delivery,completed
ORD-0190002,R-0434,2025-06-11,19.12,web,pickup,completed
ORD-0190003,R-0434,2025-06-22,26.79,app,pickup,completed
ORD-0190004,R-0434,2025-06-23,31.20,app,pickup,completed
ORD-0190005,R-0434,2025-06-14,22.22,app,delivery,completed
ORD-0190006,R-0434,2025-06-15,27.54,web,pickup,completed
ORD-0190007,R-0434,2025-06-23,38.73,web,delivery,completed
ORD-0190008,R-0434,2025-06-19,48.89,app,delivery,Completed
ORD-0190009,R-0434,2025-06-29,21.41,web,delivery,Completed
ORD-0190010,R-0434,2025-06-08,21.91,app,pickup,Completed
ORD-0190011,R-0434,2025-06-11,34.70,app,pickup,completed
ORD-0190012,R-0434,2025-06-17,19.51,web,pickup,completed
ORD-0190013,R-0434,2025-06-25,26.98,app,delivery,Completed
ORD-0190014,R-0434,2025-06-28,13.71,app,delivery,completed
ORD-0190015,R-0434,2025-06-19,27.58,web,delivery,completed
ORD-0190016,R-0434,2025-06-19,28.33,web,pickup,completed
ORD-0190017,R-0434,2025-06-04,27.63,app,pickup,completed
ORD-0190018,R-0434,2025-06-13,59.55,app,pickup,completed
ORD-0190019,R-0434,2025-06-15,55.34,app,pickup,completed
ORD-0190020,R-0434,2025-06-26,21.00,app,delivery,completed
ORD-0190021,R-0434,2025-06-14,28.90,app,delivery,completed
ORD-0190022,R-0434,2025-06-17,28.55,web,pickup,completed
ORD-0190023,R-0434,2025-06-24,21.45,app,delivery,completed
ORD-0190024,R-0434,2025-06-16,23.48,app,pickup,completed
ORD-0190025,R-0434,2025-06-13,20.28,app,delivery,completed
ORD-0190026,R-0434,2025-06-01,30.01,app,delivery,completed
ORD-0190027,R-0434,2025-06-18,32.23,app,pickup,completed
ORD-0190028,R-0434,2025-06-14,25.62,app,delivery,completed
ORD-0190029,R-0434,2025-06-07,37.24,app,delivery,completed
ORD-0190030,R-0434,2025-06-01,34.80,app,pickup,completed
ORD-0190031,R-0434,2025-06-27,34.71,app,pickup,refunded
ORD-0190032,R-0434,2025-06-14,21.28,app,delivery,completed
ORD-0190033,R-0434,2025-06-15,24.72,app,delivery,completed
ORD-0190034,R-0434,2025-06-28,18.13,web,delivery,completed
ORD-0190035,R-0434,2025-06-10,18.08,app,pickup,completed
ORD-0190036,R-0434,2025-06-05,12.29,app,delivery,completed
ORD-0190037,R-0434,2025-06-25,25.57,app,delivery,completed
ORD-0190038,R-0434,2025-06-06,33.24,web,delivery,completed
ORD-0190039,R-0434,2025-06-29,28.47,web,pickup,completed
ORD-0190040,R-0434,2025-06-04,43.27,web,pickup,completed
ORD-0190041,R-0434,2025-06-22,21.18,app,pickup,completed
ORD-0190042,R-0434,2025-06-14,38.26,app,delivery,completed
ORD-0190043,R-0434,2025-06-21,19.57,app,delivery,completed
ORD-0190044,R-0434,2025-06-14,51.20,app,delivery,completed
ORD-0190045,R-0434,2025-06-08,24.12,app,delivery,COMPLETED
ORD-0190046,R-0434,2025-06-22,20.26,app,delivery,completed
ORD-0190047,R-0434,2025-06-12,33.13,app,delivery,completed
ORD-0190048,R-0434,2025-06-25,26.52,app,pickup,COMPLETED
ORD-0190049,R-0434,2025-06-23,45.72,web,delivery,completed
ORD-0190050,R-0434,2025-06-09,28.10,app,pickup,completed
ORD-0190051,R-0434,2025-06-21,33.26,app,pickup,completed
ORD-0190052,R-0434,2025-06-16,15.38,web,delivery,completed
ORD-0190053,R-0434,2025-06-15,29.09,app,delivery,completed
ORD-0190054,R-0434,2025-06-01,15.87,web,delivery,completed
ORD-0190055,R-0434,2025-06-11,16.48,web,delivery,completed
ORD-0190056,R-0434,2025-06-19,21.88,app,delivery,completed
ORD-0190057,R-0434,2025-06-27,72.49,web,delivery,completed
ORD-0190058,R-0434,2025-06-05,17.26,web,pickup,completed
ORD-0190059,R-0434,2025-06-04,28.26,app,pickup,COMPLETED
ORD-0190060,R-0434,2025-06-18,28.94,web,delivery,Completed
ORD-0190061,R-0434,2025-06-20,35.01,app,delivery,completed
ORD-0190062,R-0434,2025-06-13,12.62,app,pickup,completed
ORD-0190063,R-0434,2025-06-13,16.18,app,pickup,completed
ORD-0190064,R-0434,2025-06-28,32.84,app,delivery,completed
ORD-0190065,R-0434,2025-06-07,16.68,app,pickup,completed
ORD-0190066,R-0434,2025-06-20,21.20,app,delivery,completed
ORD-0190067,R-0434,2025-06-21,51.29,app,delivery,completed
ORD-0190068,R-0434,2025-06-11,30.68,web,delivery,completed
ORD-0190069,R-0434,2025-06-18,15.70,web,pickup,completed
ORD-0190070,R-0434,2025-06-14,20.04,app,pickup,refunded
ORD-0190071,R-0434,2025-06-02,28.42,app,delivery,completed
ORD-0190072,R-0434,2025-06-08,28.23,web,delivery,completed
ORD-0190073,R-0434,2025-06-21,18.79,app,pickup,COMPLETED
ORD-0190074,R-0434,2025-06-26,27.90,web,delivery,Completed
ORD-0190075,R-0434,2025-06-14,28.09,app,pickup,completed
ORD-0190076,R-0434,2025-06-23,42.52,app,delivery,completed
ORD-0190077,R-0434,2025-06-10,30.06,web,delivery,completed
ORD-0190078,R-0434,2025-06-07,30.08,app,delivery,COMPLETED
ORD-0190079,R-0434,2025-06-01,23.27,app,delivery,completed
ORD-0190080,R-0434,2025-06-22,24.37,web,delivery,completed
ORD-0190081,R-0434,2025-06-17,17.50,app,delivery,completed
ORD-0190082,R-0434,2025-06-20,46.24,app,delivery,completed
ORD-0190083,R-0434,2025-06-08,43.36,web,pickup,completed
ORD-0190084,R-0434,2025-06-15,26.32,web,delivery,completed
ORD-0190085,R-0434,2025-06-02,23.91,app,pickup,completed
ORD-0190086,R-0434,2025-06-27,47.31,web,pickup,completed
ORD-0190087,R-0434,2025-06-07,37.12,app,pickup,completed
ORD-0190088,R-0434,2025-06-21,28.95,app,delivery,COMPLETED
ORD-0190089,R-0434,2025-06-26,25.93,app,delivery,completed
ORD-0190090,R-0434,2025-06-09,44.74,app,delivery,completed
ORD-0190091,R-0434,2025-06-28,21.85,app,pickup,cancelled
ORD-0190092,R-0434,2025-06-06,19.45,web,pickup,completed
ORD-0190093,R-0434,2025-06-28,30.74,web,pickup,completed
ORD-0190094,R-0434,2025-06-19,33.98,app,pickup,completed
ORD-0190095,R-0434,2025-06-29,29.42,app,delivery,completed
ORD-0191174,R-0436,2025-06-08,30.71,web,pickup,completed
ORD-0191175,R-0436,2025-06-23,30.70,web,pickup,completed
ORD-0191176,R-0436,2025-06-24,46.35,app,pickup,completed
ORD-0191177,R-0436,2025-06-08,42.71,app,delivery,completed
ORD-0191178,R-0436,2025-06-20,46.01,app,delivery,COMPLETED
ORD-0191179,R-0436,2025-06-10,83.48,web,pickup,completed
ORD-0191180,R-0436,2025-06-06,52.50,web,delivery,completed
ORD-0191181,R-0436,2025-06-09,23.34,web,delivery,Completed
ORD-0191182,R-0436,2025-06-15,55.60,web,pickup,completed
ORD-0191183,R-0436,2025-06-05,45.90,app,delivery,refunded
ORD-0191184,R-0436,2025-06-15,34.54,app,delivery,completed
ORD-0191185,R-0436,2025-06-26,37.65,web,delivery,completed
ORD-0191186,R-0436,2025-06-26,77.01,app,pickup,completed
ORD-0191187,R-0436,2025-06-13,61.80,app,delivery,completed
ORD-0191188,R-0436,2025-06-29,33.47,web,delivery,completed
ORD-0191189,R-0436,2025-06-19,41.86,app,delivery,completed
ORD-0191190,R-0436,2025-06-13,69.19,app,delivery,completed
ORD-0191191,R-0436,2025-06-29,43.93,app,delivery,completed
ORD-0191192,R-0436,2025-06-13,42.96,app,delivery,completed
ORD-0191193,R-0436,2025-06-16,45.05,app,delivery,completed
ORD-0191194,R-0436,2025-06-24,41.71,app,delivery,completed
ORD-0191195,R-0436,2025-06-15,51.58,web,pickup,completed
ORD-0191196,R-0436,2025-06-12,59.01,app,delivery,completed
ORD-0191197,R-0436,2025-06-10,42.80,app,delivery,completed
ORD-0191198,R-0436,2025-06-20,27.40,app,delivery,completed
ORD-0191199,R-0436,2025-06-26,48.56,app,delivery,completed
ORD-0192942,R-0446,2025-06-23,40.01,app,delivery,completed
ORD-0192943,R-0446,2025-06-02,42.05,app,pickup,completed
ORD-0192944,R-0446,2025-06-21,40.95,web,pickup,COMPLETED
ORD-0192945,R-0446,2025-06-15,56.01,web,pickup,completed
ORD-0192946,R-0446,2025-06-26,46.47,web,delivery,completed
ORD-0192947,R-0446,2025-06-14,53.44,web,pickup,completed
ORD-0192948,R-0446,2025-06-23,15.50,web,delivery,completed
ORD-0192949,R-0446,2025-06-04,53.13,web,pickup,cancelled
ORD-0192950,R-0446,2025-06-19,18.84,web,pickup,completed
ORD-0192951,R-0446,2025-06-08,21.63,app,pickup,completed
ORD-0192952,R-0446,2025-06-14,32.58,web,delivery,Completed
ORD-0192953,R-0446,2025-06-03,28.73,app,pickup,completed
ORD-0192954,R-0446,2025-06-22,51.80,web,delivery,completed
ORD-0192955,R-0446,2025-06-06,35.62,app,delivery,COMPLETED
ORD-0192956,R-0446,2025-06-21,60.47,app,delivery,completed
ORD-0192957,R-0446,2025-06-24,34.49,app,delivery,completed
ORD-0192958,R-0446,2025-06-29,46.10,web,delivery,completed
ORD-0192959,R-0446,2025-06-25,23.66,app,delivery,completed
ORD-0192960,R-0446,2025-06-19,43.34,app,pickup,Completed
ORD-0192961,R-0446,2025-06-02,26.06,web,delivery,completed
ORD-0192962,R-0446,2025-06-03,23.89,app,pickup,completed
ORD-0192963,R-0446,2025-06-28,41.64,app,delivery,completed
ORD-0192964,R-0446,2025-06-11,41.31,app,pickup,completed
ORD-0192965,R-0446,2025-06-21,40.96,web,delivery,Completed
ORD-0192966,R-0446,2025-06-20,33.85,web,pickup,completed
ORD-0192967,R-0446,2025-06-23,31.27,web,delivery,completed
ORD-0192968,R-0446,2025-06-11,43.06,app,pickup,completed
ORD-0192969,R-0446,2025-06-16,24.52,app,delivery,completed
ORD-0192970,R-0446,2025-06-06,40.64,app,delivery,completed
ORD-0192971,R-0446,2025-06-10,36.24,app,pickup,completed
ORD-0192972,R-0446,2025-06-16,28.40,web,pickup,completed
ORD-0192973,R-0446,2025-06-09,22.65,app,pickup,Completed
ORD-0192974,R-0446,2025-06-23,60.59,web,delivery,completed
ORD-0192975,R-0446,2025-06-08,25.57,web,delivery,completed
ORD-0192976,R-0446,2025-06-24,39.64,app,delivery,completed
ORD-0192977,R-0446,2025-06-06,24.84,web,delivery,completed
ORD-0192978,R-0446,2025-06-07,48.75,app,delivery,completed
ORD-0192979,R-0446,2025-06-29,49.64,web,pickup,COMPLETED
ORD-0192980,R-0446,2025-06-11,29.08,app,delivery,completed
ORD-0192981,R-0446,2025-06-28,25.63,app,pickup,completed
ORD-0192982,R-0446,2025-06-08,85.50,app,delivery,cancelled
ORD-0192983,R-0446,2025-06-15,30.79,app,pickup,completed
ORD-0192984,R-0446,2025-06-27,22.59,web,delivery,completed
ORD-0192985,R-0446,2025-06-06,21.14,web,delivery,completed
ORD-0192986,R-0446,2025-06-26,35.63,app,delivery,completed
ORD-0192987,R-0446,2025-06-12,31.84,app,delivery,completed
ORD-0192988,R-0446,2025-06-29,85.74,web,pickup,completed
ORD-0192989,R-0446,2025-06-16,40.66,app,pickup,completed
ORD-0192990,R-0446,2025-06-29,61.92,app,pickup,completed
ORD-0192991,R-0446,2025-06-06,24.72,app,delivery,completed
ORD-0192992,R-0446,2025-06-18,48.38,app,delivery,completed
ORD-0192993,R-0446,2025-06-24,27.16,web,pickup,COMPLETED
ORD-0192994,R-0446,2025-06-08,32.77,app,delivery,completed
ORD-0192995,R-0446,2025-06-01,29.93,web,pickup,completed
ORD-0192996,R-0446,2025-06-11,40.06,app,pickup,completed
ORD-0192997,R-0446,2025-06-21,27.32,web,pickup,completed
ORD-0192998,R-0446,2025-06-11,33.58,app,pickup,completed
ORD-0192999,R-0446,2025-06-27,28.18,web,delivery,completed
ORD-0193000,R-0446,2025-06-06,50.70,web,pickup,completed
ORD-0193001,R-0446,2025-06-06,24.47,app,delivery,completed
ORD-0193002,R-0446,2025-06-27,40.61,web,delivery,COMPLETED
ORD-0193003,R-0446,2025-06-28,30.51,app,delivery,completed
ORD-0193004,R-0446,2025-06-20,26.56,web,delivery,completed
ORD-0193005,R-0446,2025-06-27,36.70,web,pickup,Cancelled
ORD-0193006,R-0446,2025-06-13,28.67,app,delivery,completed
ORD-0193007,R-0446,2025-06-08,28.25,app,pickup,completed
ORD-0193008,R-0446,2025-06-26,32.88,app,delivery,completed
ORD-0193009,R-0446,2025-06-28,37.86,web,pickup,completed
ORD-0193010,R-0446,2025-06-28,38.16,app,delivery,REFUNDED
ORD-0193011,R-0446,2025-06-27,62.43,app,delivery,completed
ORD-0193012,R-0446,2025-06-30,30.31,app,delivery,cancelled
ORD-0193013,R-0446,2025-06-30,38.59,app,pickup,completed
ORD-0193014,R-0446,2025-06-26,43.86,app,delivery,COMPLETED
ORD-0193015,R-0446,2025-06-23,38.96,app,delivery,cancelled
ORD-0193016,R-0446,2025-06-21,39.62,app,pickup,completed
ORD-0193017,R-0446,2025-06-10,67.88,app,delivery,completed
ORD-0193018,R-0446,2025-06-07,82.74,app,pickup,completed
ORD-0193019,R-0446,2025-06-29,43.92,app,delivery,completed
ORD-0193020,R-0446,2025-06-13,39.87,web,pickup,completed
ORD-0193021,R-0446,2025-06-27,37.96,web,delivery,completed
ORD-0193022,R-0446,2025-06-15,33.34,web,delivery,COMPLETED
ORD-0193023,R-0446,2025-06-08,45.48,app,pickup,completed
ORD-0193024,R-0446,2025-06-07,27.66,app,pickup,completed
ORD-0193025,R-0446,2025-06-03,59.10,app,delivery,COMPLETED
ORD-0193026,R-0446,2025-06-20,41.21,web,delivery,completed
ORD-0193027,R-0446,2025-06-08,31.98,app,delivery,completed
ORD-0193028,R-0446,2025-06-14,32.70,app,pickup,completed
ORD-0193029,R-0446,2025-06-14,52.11,web,pickup,completed
ORD-0193030,R-0446,2025-06-07,40.50,app,delivery,completed
ORD-0193031,R-0446,2025-06-07,54.12,app,delivery,completed
ORD-0193032,R-0446,2025-06-03,61.67,app,pickup,completed
ORD-0193033,R-0446,2025-06-21,64.24,web,delivery,refunded
ORD-0193034,R-0446,2025-06-14,67.89,web,pickup,completed
ORD-0193035,R-0446,2025-06-11,42.80,web,pickup,completed
ORD-0193036,R-0446,2025-06-17,34.73,app,delivery,completed
ORD-0193037,R-0446,2025-06-16,47.95,app,delivery,completed
ORD-0193038,R-0446,2025-06-01,26.49,app,delivery,completed
ORD-0193039,R-0446,2025-06-13,27.38,app,delivery,completed
ORD-0193040,R-0446,2025-06-16,37.98,app,delivery,completed
ORD-0193041,R-0446,2025-06-07,77.88,web,delivery,completed
ORD-0193042,R-0446,2025-06-15,34.63,app,pickup,Completed
ORD-0193043,R-0446,2025-06-21,24.50,app,pickup,completed
ORD-0193044,R-0446,2025-06-29,37.95,web,pickup,completed
ORD-0193045,R-0446,2025-06-24,35.43,web,delivery,completed
ORD-0193046,R-0446,2025-06-28,34.41,web,pickup,cancelled
ORD-0193047,R-0446,2025-06-23,34.48,web,pickup,completed
ORD-0193048,R-0446,2025-06-30,86.77,app,delivery,completed
ORD-0193049,R-0446,2025-06-28,58.12,app,pickup,COMPLETED
ORD-0193050,R-0446,2025-06-22,43.60,app,delivery,completed
ORD-0193051,R-0446,2025-06-01,38.82,app,delivery,completed
ORD-0193052,R-0446,2025-06-21,48.23,app,pickup,completed
ORD-0193053,R-0446,2025-06-26,57.71,app,delivery,completed
ORD-0193054,R-0446,2025-06-09,31.21,web,delivery,COMPLETED
ORD-0193055,R-0446,2025-06-08,23.20,web,delivery,completed
ORD-0193056,R-0446,2025-06-05,71.71,app,delivery,completed
ORD-0193057,R-0446,2025-06-25,30.06,web,pickup,completed
ORD-0193058,R-0446,2025-06-17,40.27,web,pickup,completed
ORD-0193059,R-0446,2025-06-18,56.76,app,delivery,completed
ORD-0193060,R-0446,2025-06-06,22.82,web,delivery,completed
ORD-0193061,R-0446,2025-06-15,29.84,app,pickup,COMPLETED
ORD-0193062,R-0446,2025-06-20,41.43,app,delivery,completed
ORD-0193063,R-0446,2025-06-12,27.75,app,delivery,completed
ORD-0193064,R-0446,2025-06-16,50.76,web,pickup,completed
ORD-0193065,R-0446,2025-06-02,73.34,app,delivery,completed
ORD-0193066,R-0446,2025-06-22,37.01,app,pickup,completed
ORD-0193067,R-0446,2025-06-05,26.52,web,delivery,completed
ORD-0193068,R-0446,2025-06-17,35.96,app,delivery,Completed
ORD-0193069,R-0446,2025-06-21,51.51,web,pickup,completed
ORD-0193070,R-0446,2025-06-21,60.05,app,delivery,completed
ORD-0193071,R-0446,2025-06-15,31.42,app,delivery,cancelled
ORD-0193072,R-0446,2025-06-14,21.94,web,pickup,completed
ORD-0193073,R-0446,2025-06-26,57.31,app,delivery,completed
ORD-0193074,R-0446,2025-06-24,27.78,web,delivery,completed
ORD-0193075,R-0446,2025-06-27,28.86,web,pickup,completed
ORD-0193076,R-0446,2025-06-24,39.30,app,pickup,completed
ORD-0193077,R-0446,2025-06-13,37.76,app,pickup,completed
ORD-0193078,R-0446,2025-06-11,29.05,web,pickup,COMPLETED
ORD-0193079,R-0446,2025-06-23,37.46,web,pickup,completed
ORD-0193080,R-0446,2025-06-12,19.46,app,delivery,completed
ORD-0193081,R-0446,2025-06-23,73.29,app,delivery,completed
ORD-0193082,R-0446,2025-06-01,24.64,app,pickup,completed
ORD-0193083,R-0446,2025-06-24,41.26,app,pickup,completed
ORD-0193084,R-0446,2025-06-27,43.99,web,delivery,completed
ORD-0193085,R-0446,2025-06-17,40.53,app,delivery,completed
ORD-0193086,R-0446,2025-06-15,68.56,web,pickup,completed
ORD-0193087,R-0446,2025-06-30,23.13,app,pickup,completed
ORD-0193088,R-0446,2025-06-23,56.62,app,delivery,completed
ORD-0193089,R-0446,2025-06-27,74.29,app,delivery,refunded
ORD-0193090,R-0446,2025-06-07,18.32,app,delivery,completed
ORD-0193091,R-0446,2025-06-17,33.48,app,delivery,Completed
ORD-0193092,R-0446,2025-06-20,49.13,web,pickup,completed
ORD-0193093,R-0446,2025-06-14,36.44,web,delivery,completed
ORD-0193094,R-0446,2025-06-22,52.50,app,delivery,completed
ORD-0193095,R-0446,2025-06-01,57.08,app,delivery,completed
ORD-0193096,R-0446,2025-06-03,23.98,app,delivery,COMPLETED
ORD-0193097,R-0446,2025-06-03,25.95,app,delivery,cancelled
ORD-0193098,R-0446,2025-06-30,22.44,app,delivery,COMPLETED
ORD-0193099,R-0446,2025-06-12,49.17,web,delivery,completed
ORD-0193100,R-0446,2025-06-15,42.02,app,delivery,cancelled
ORD-0193101,R-0446,2025-06-28,32.97,app,pickup,completed
ORD-0193102,R-0446,2025-06-01,20.79,app,pickup,completed
ORD-0193103,R-0446,2025-06-08,30.54,app,delivery,completed
ORD-0193104,R-0446,2025-06-17,39.41,app,pickup,completed
ORD-0193105,R-0446,2025-06-18,19.58,app,delivery,completed
ORD-0199429,R-0451,2025-06-21,47.14,app,delivery,completed
ORD-0199430,R-0451,2025-06-02,17.74,web,delivery,cancelled
ORD-0199431,R-0451,2025-06-11,27.52,app,pickup,completed
ORD-0199432,R-0451,2025-06-23,26.23,app,pickup,COMPLETED
ORD-0199433,R-0451,2025-06-20,25.90,app,pickup,completed
ORD-0199434,R-0451,2025-06-27,32.02,app,delivery,refunded
ORD-0199435,R-0451,2025-06-06,71.01,app,delivery,completed
ORD-0199436,R-0451,2025-06-19,43.49,app,pickup,completed
ORD-0199437,R-0451,2025-06-07,57.93,web,delivery,completed
ORD-0199438,R-0451,2025-06-19,32.36,web,delivery,completed
ORD-0199439,R-0451,2025-06-13,44.87,web,pickup,COMPLETED
ORD-0199440,R-0451,2025-06-11,42.85,app,delivery,Completed
ORD-0199441,R-0451,2025-06-13,36.65,app,pickup,completed
ORD-0199442,R-0451,2025-06-28,39.97,app,pickup,completed
ORD-0199443,R-0451,2025-06-20,25.22,web,pickup,completed
ORD-0199444,R-0451,2025-06-16,21.08,app,pickup,completed
ORD-0199445,R-0451,2025-06-18,65.18,web,pickup,completed
ORD-0199446,R-0451,2025-06-05,50.30,app,pickup,completed
ORD-0199447,R-0451,2025-06-28,28.74,app,delivery,completed
ORD-0199448,R-0451,2025-06-14,16.31,web,delivery,completed
ORD-0199449,R-0451,2025-06-26,32.93,app,pickup,completed
ORD-0199450,R-0451,2025-06-30,38.74,app,pickup,completed
ORD-0199451,R-0451,2025-06-21,15.21,app,delivery,cancelled
ORD-0199452,R-0451,2025-06-08,29.19,web,delivery,completed
ORD-0199453,R-0451,2025-06-04,40.30,app,pickup,completed
ORD-0199454,R-0451,2025-06-28,39.40,web,pickup,completed
ORD-0199455,R-0451,2025-06-14,28.50,app,pickup,completed
ORD-0199456,R-0451,2025-06-17,33.66,web,pickup,completed
ORD-0199457,R-0451,2025-06-04,36.58,app,delivery,COMPLETED
ORD-0199458,R-0451,2025-06-02,70.25,app,pickup,completed
ORD-0199459,R-0451,2025-06-07,22.80,web,pickup,COMPLETED
ORD-0199460,R-0451,2025-06-13,32.30,web,pickup,completed
ORD-0199461,R-0451,2025-06-17,47.11,web,delivery,completed
ORD-0199462,R-0451,2025-06-13,32.58,app,delivery,completed
ORD-0199463,R-0451,2025-06-18,26.10,app,delivery,completed
ORD-0199464,R-0451,2025-06-07,70.45,app,delivery,completed
ORD-0199465,R-0451,2025-06-12,29.10,app,delivery,completed
ORD-0199466,R-0451,2025-06-22,14.64,app,delivery,completed
ORD-0199467,R-0451,2025-06-08,42.58,app,pickup,completed
ORD-0199468,R-0451,2025-06-21,15.94,web,delivery,completed
ORD-0199469,R-0451,2025-06-27,21.00,app,delivery,completed
ORD-0199470,R-0451,2025-06-08,30.82,app,delivery,completed
ORD-0199471,R-0451,2025-06-02,45.45,app,pickup,Completed
ORD-0199472,R-0451,2025-06-18,36.03,app,delivery,completed
ORD-0199473,R-0451,2025-06-27,37.61,app,delivery,completed
ORD-0199474,R-0451,2025-06-29,46.93,app,pickup,completed
ORD-0199475,R-0451,2025-06-08,25.37,app,pickup,completed
ORD-0199476,R-0451,2025-06-24,52.17,web,pickup,completed
ORD-0199477,R-0451,2025-06-26,45.31,app,delivery,completed
ORD-0199478,R-0451,2025-06-20,23.60,app,pickup,Completed
ORD-0199479,R-0451,2025-06-07,58.58,app,pickup,completed
ORD-0199480,R-0451,2025-06-19,33.70,web,delivery,completed
ORD-0199481,R-0451,2025-06-30,25.91,web,delivery,completed
ORD-0199482,R-0451,2025-06-08,54.01,web,pickup,COMPLETED
ORD-0199483,R-0451,2025-06-22,46.06,web,delivery,completed
ORD-0199484,R-0451,2025-06-27,39.75,web,pickup,completed
ORD-0199485,R-0451,2025-06-18,17.19,app,delivery,COMPLETED
ORD-0199486,R-0451,2025-06-16,17.10,web,delivery,completed
ORD-0199487,R-0451,2025-06-21,46.50,app,pickup,completed
ORD-0199488,R-0451,2025-06-15,17.69,app,pickup,completed
ORD-0199489,R-0451,2025-06-13,22.63,app,delivery,completed
ORD-0199490,R-0451,2025-06-18,30.21,app,delivery,completed
ORD-0199491,R-0451,2025-06-29,20.74,app,delivery,completed
ORD-0199492,R-0451,2025-06-27,36.13,web,pickup,completed
ORD-0199493,R-0451,2025-06-10,32.13,web,pickup,cancelled
ORD-0205998,R-0464,2025-06-05,36.94,web,delivery,COMPLETED
ORD-0205999,R-0464,2025-06-20,97.18,web,pickup,completed
ORD-0206000,R-0464,2025-06-11,50.22,app,delivery,completed
ORD-0206001,R-0464,2025-06-26,64.78,app,pickup,completed
ORD-0206002,R-0464,2025-06-08,63.96,app,pickup,completed
ORD-0206003,R-0464,2025-06-26,27.55,app,pickup,completed
ORD-0206004,R-0464,2025-06-14,30.23,web,pickup,completed
ORD-0206005,R-0464,2025-06-24,39.62,web,pickup,Completed
ORD-0206006,R-0464,2025-06-06,126.83,app,delivery,completed
ORD-0206007,R-0464,2025-06-05,34.15,app,delivery,completed
ORD-0206008,R-0464,2025-06-02,46.48,web,delivery,completed
ORD-0206009,R-0464,2025-06-06,27.25,web,delivery,refunded
ORD-0206010,R-0464,2025-06-11,23.20,web,pickup,completed
ORD-0206011,R-0464,2025-06-14,81.86,web,delivery,completed
ORD-0206012,R-0464,2025-06-11,81.68,web,pickup,completed
ORD-0206013,R-0464,2025-06-21,60.27,app,delivery,completed
ORD-0206014,R-0464,2025-06-26,40.84,app,delivery,completed
ORD-0206015,R-0464,2025-06-07,76.13,web,pickup,completed
ORD-0206016,R-0464,2025-06-27,66.41,app,delivery,completed
ORD-0207918,R-0472,2025-06-20,37.91,app,delivery,Completed
ORD-0207919,R-0472,2025-06-06,46.16,web,pickup,completed
ORD-0207920,R-0472,2025-06-21,13.63,web,pickup,completed
ORD-0207921,R-0472,2025-06-06,28.60,web,pickup,Completed
ORD-0207922,R-0472,2025-06-23,28.20,web,pickup,completed
ORD-0207923,R-0472,2025-06-24,74.36,web,pickup,completed
ORD-0207924,R-0472,2025-06-09,50.72,web,delivery,completed
ORD-0207925,R-0472,2025-06-26,19.22,web,delivery,completed
ORD-0207926,R-0472,2025-06-14,24.69,app,delivery,cancelled
ORD-0207927,R-0472,2025-06-08,22.67,app,pickup,refunded
ORD-0207928,R-0472,2025-06-12,23.87,web,delivery,completed
ORD-0207929,R-0472,2025-06-14,34.88,app,delivery,completed
ORD-0207930,R-0472,2025-06-17,15.09,web,delivery,COMPLETED
ORD-0207931,R-0472,2025-06-05,26.89,web,delivery,Completed
ORD-0207932,R-0472,2025-06-28,31.11,web,delivery,completed
ORD-0207933,R-0472,2025-06-28,21.78,web,pickup,COMPLETED
ORD-0207934,R-0472,2025-06-08,27.49,app,pickup,completed
ORD-0207935,R-0472,2025-06-27,35.83,app,pickup,completed
ORD-0207936,R-0472,2025-06-24,32.22,web,delivery,cancelled
ORD-0207937,R-0472,2025-06-23,18.88,web,pickup,COMPLETED
ORD-0207938,R-0472,2025-06-22,28.82,app,delivery,completed
ORD-0207939,R-0472,2025-06-16,27.69,app,delivery,completed
ORD-0207940,R-0472,2025-06-16,27.46,app,delivery,Completed
ORD-0207941,R-0472,2025-06-05,33.14,web,delivery,completed
ORD-0207942,R-0472,2025-06-17,28.00,web,delivery,completed
ORD-0207943,R-0472,2025-06-26,15.85,web,pickup,completed
ORD-0207944,R-0472,2025-06-02,16.07,web,delivery,completed
ORD-0207945,R-0472,2025-06-04,17.80,web,delivery,completed
ORD-0207946,R-0472,2025-06-29,30.48,web,pickup,completed
ORD-0207947,R-0472,2025-06-05,21.73,web,delivery,completed
ORD-0207948,R-0472,2025-06-24,20.35,web,delivery,completed
ORD-0207949,R-0472,2025-06-28,23.43,app,delivery,completed
ORD-0207950,R-0472,2025-06-18,52.51,app,delivery,completed
ORD-0207951,R-0472,2025-06-08,37.00,app,delivery,completed
ORD-0207952,R-0472,2025-06-30,16.57,web,delivery,completed
ORD-0207953,R-0472,2025-06-19,25.43,web,delivery,completed
ORD-0207954,R-0472,2025-06-21,45.32,app,delivery,completed
ORD-0207955,R-0472,2025-06-29,8.72,web,delivery,completed
ORD-0207956,R-0472,2025-06-10,27.86,web,delivery,completed
ORD-0207957,R-0472,2025-06-19,18.20,app,pickup,completed
ORD-0207958,R-0472,2025-06-01,40.85,app,delivery,COMPLETED
ORD-0207959,R-0472,2025-06-24,26.43,web,delivery,Completed
ORD-0207960,R-0472,2025-06-01,23.39,app,delivery,completed
ORD-0207961,R-0472,2025-06-26,52.73,web,delivery,completed
ORD-0207962,R-0472,2025-06-08,37.66,web,delivery,completed
ORD-0207963,R-0472,2025-06-07,22.86,app,delivery,completed
ORD-0207964,R-0472,2025-06-08,12.77,app,delivery,completed
ORD-0209234,R-0474,2025-06-25,41.53,app,pickup,completed
ORD-0209235,R-0474,2025-06-28,35.23,web,delivery,completed
ORD-0212141,R-0487,2025-06-29,22.82,app,pickup,completed
ORD-0212142,R-0487,2025-06-02,59.64,app,pickup,completed
ORD-0212143,R-0487,2025-06-30,22.20,app,pickup,completed
ORD-0212144,R-0487,2025-06-15,58.70,web,pickup,COMPLETED
ORD-0212145,R-0487,2025-06-03,28.06,web,pickup,Completed
ORD-0212146,R-0487,2025-06-21,45.29,app,delivery,COMPLETED
ORD-0212147,R-0487,2025-06-08,38.26,app,pickup,completed
ORD-0212148,R-0487,2025-06-03,28.17,app,delivery,Completed
ORD-0212149,R-0487,2025-06-28,25.67,app,pickup,completed
ORD-0212150,R-0487,2025-06-02,36.78,app,pickup,completed
ORD-0212151,R-0487,2025-06-08,40.52,app,pickup,completed
ORD-0212152,R-0487,2025-06-21,35.86,web,pickup,Completed
ORD-0212153,R-0487,2025-06-28,28.35,web,delivery,completed
ORD-0212154,R-0487,2025-06-23,45.97,web,delivery,completed
ORD-0212155,R-0487,2025-06-23,36.82,app,delivery,completed
ORD-0212156,R-0487,2025-06-19,66.69,app,pickup,COMPLETED
ORD-0212157,R-0487,2025-06-28,55.82,web,delivery,Completed
ORD-0212158,R-0487,2025-06-06,75.92,web,pickup,completed
ORD-0212159,R-0487,2025-06-04,42.26,web,delivery,completed
ORD-0212160,R-0487,2025-06-08,20.26,app,delivery,completed
ORD-0212161,R-0487,2025-06-09,38.92,web,pickup,completed
ORD-0212162,R-0487,2025-06-21,25.64,app,delivery,COMPLETED
ORD-0212163,R-0487,2025-06-13,29.19,app,delivery,completed
ORD-0212164,R-0487,2025-06-27,31.12,web,delivery,completed
ORD-0212165,R-0487,2025-06-07,25.38,app,delivery,completed
ORD-0212166,R-0487,2025-06-19,31.53,app,delivery,completed
ORD-0212167,R-0487,2025-06-15,29.10,app,delivery,completed
ORD-0212168,R-0487,2025-06-29,28.45,web,pickup,completed
ORD-0212169,R-0487,2025-06-03,25.51,app,delivery,completed
ORD-0212170,R-0487,2025-06-07,28.23,web,pickup,completed
ORD-0212171,R-0487,2025-06-26,18.91,web,delivery,completed
ORD-0212172,R-0487,2025-06-15,37.58,web,pickup,completed
ORD-0212173,R-0487,2025-06-01,33.04,app,pickup,completed
ORD-0212174,R-0487,2025-06-28,50.93,web,delivery,completed
ORD-0212175,R-0487,2025-06-02,20.69,web,delivery,completed
ORD-0213554,R-0491,2025-06-21,18.85,web,pickup,Completed
ORD-0213555,R-0491,2025-06-14,22.44,web,pickup,completed
ORD-0213556,R-0491,2025-06-04,25.47,web,pickup,completed
ORD-0213557,R-0491,2025-06-09,25.59,app,pickup,completed
ORD-0213558,R-0491,2025-06-21,24.41,app,delivery,completed
ORD-0213559,R-0491,2025-06-08,34.39,web,pickup,completed
ORD-0213560,R-0491,2025-06-26,38.68,app,delivery,completed
ORD-0213561,R-0491,2025-06-07,38.92,app,pickup,completed
ORD-0213562,R-0491,2025-06-09,22.13,web,pickup,completed
ORD-0213563,R-0491,2025-06-06,18.27,app,pickup,COMPLETED
ORD-0213564,R-0491,2025-06-15,29.44,web,delivery,completed
ORD-0213565,R-0491,2025-06-16,42.74,app,pickup,completed
ORD-0213566,R-0491,2025-06-12,22.01,app,pickup,completed
ORD-0213567,R-0491,2025-06-06,40.88,web,pickup,completed
ORD-0213568,R-0491,2025-06-01,31.87,app,pickup,COMPLETED
ORD-0213569,R-0491,2025-06-05,24.69,app,pickup,completed
ORD-0213570,R-0491,2025-06-21,26.68,app,pickup,completed
ORD-0213571,R-0491,2025-06-13,17.31,app,pickup,completed
ORD-0213572,R-0491,2025-06-27,28.60,app,pickup,completed
ORD-0213573,R-0491,2025-06-01,20.43,app,pickup,completed
ORD-0213574,R-0491,2025-06-27,20.70,app,pickup,COMPLETED
ORD-0213575,R-0491,2025-06-01,20.60,web,pickup,completed
ORD-0213576,R-0491,2025-06-04,20.88,app,pickup,REFUNDED
ORD-0213577,R-0491,2025-06-27,38.61,app,pickup,completed
ORD-0213578,R-0491,2025-06-24,20.51,web,pickup,completed
ORD-0213579,R-0491,2025-06-06,21.04,web,pickup,Completed
ORD-0213580,R-0491,2025-06-21,15.79,web,pickup,completed
ORD-0213581,R-0491,2025-06-12,35.34,app,pickup,completed
ORD-0213582,R-0491,2025-06-13,16.95,app,pickup,COMPLETED
ORD-0213583,R-0491,2025-06-18,25.53,app,pickup,completed
ORD-0213584,R-0491,2025-06-14,26.67,web,pickup,completed
ORD-0213585,R-0491,2025-06-19,26.32,app,pickup,completed
ORD-0213586,R-0491,2025-06-01,28.04,app,pickup,COMPLETED
ORD-0213587,R-0491,2025-06-26,15.28,app,pickup,completed
ORD-0213588,R-0491,2025-06-19,42.18,app,pickup,completed
ORD-0213589,R-0491,2025-06-01,22.94,app,delivery,completed
ORD-0213590,R-0491,2025-06-01,28.35,app,pickup,completed
ORD-0213591,R-0491,2025-06-06,23.72,web,pickup,cancelled
ORD-0213592,R-0491,2025-06-08,34.41,web,pickup,completed
ORD-0213593,R-0491,2025-06-22,39.60,app,pickup,completed
ORD-0213594,R-0491,2025-06-02,32.12,web,delivery,completed
ORD-0213595,R-0491,2025-06-25,33.74,web,pickup,completed
ORD-0213596,R-0491,2025-06-05,31.54,app,pickup,completed
ORD-0213597,R-0491,2025-06-05,21.33,app,pickup,completed
ORD-0213598,R-0491,2025-06-25,23.87,app,pickup,completed
ORD-0213599,R-0491,2025-06-17,47.63,web,pickup,completed
ORD-0213600,R-0491,2025-06-07,35.03,app,pickup,completed
ORD-0215039,R-0495,2025-06-18,56.07,app,pickup,completed
ORD-0215040,R-0495,2025-06-06,88.59,app,pickup,completed
ORD-0215041,R-0495,2025-06-30,44.84,web,delivery,completed
ORD-0215042,R-0495,2025-06-19,34.07,web,pickup,completed
ORD-0215043,R-0495,2025-06-19,54.85,web,pickup,completed
ORD-0215044,R-0495,2025-06-23,86.86,app,delivery,Completed
ORD-0215045,R-0495,2025-06-20,49.84,app,pickup,Completed
ORD-0215046,R-0495,2025-06-04,77.33,web,pickup,completed
ORD-0215047,R-0495,2025-06-13,54.13,app,pickup,Completed
ORD-0215048,R-0495,2025-06-28,48.67,web,delivery,completed
ORD-0215049,R-0495,2025-06-14,71.40,app,pickup,completed
ORD-0215050,R-0495,2025-06-29,43.53,web,delivery,completed
ORD-0215051,R-0495,2025-06-22,52.02,web,pickup,completed
ORD-0215052,R-0495,2025-06-21,38.22,app,delivery,completed
ORD-0215053,R-0495,2025-06-27,83.08,app,delivery,COMPLETED
ORD-0215054,R-0495,2025-06-21,57.52,web,pickup,completed
ORD-0215055,R-0495,2025-06-30,41.81,web,delivery,completed
ORD-0215056,R-0495,2025-06-10,79.96,app,delivery,completed
ORD-0215057,R-0495,2025-06-03,42.01,web,delivery,completed
ORD-0215058,R-0495,2025-06-07,105.48,app,pickup,completed
ORD-0215059,R-0495,2025-06-02,79.73,app,pickup,completed
ORD-0215060,R-0495,2025-06-29,42.90,app,delivery,completed
ORD-0215061,R-0495,2025-06-16,36.81,app,pickup,completed
ORD-0215062,R-0495,2025-06-05,80.49,app,delivery,completed
ORD-0215063,R-0495,2025-06-22,102.86,app,pickup,completed
ORD-0215064,R-0495,2025-06-24,71.77,app,pickup,completed
ORD-0215065,R-0495,2025-06-27,59.75,app,pickup,completed
ORD-0215066,R-0495,2025-06-20,56.67,web,delivery,completed
ORD-0215067,R-0495,2025-06-10,52.02,app,delivery,completed
ORD-0215068,R-0495,2025-06-19,99.56,app,delivery,completed
ORD-0215069,R-0495,2025-06-28,37.19,app,pickup,completed
ORD-0218924,R-0510,2025-06-09,73.44,app,pickup,completed
ORD-0218925,R-0510,2025-06-05,60.42,web,pickup,completed
ORD-0218926,R-0510,2025-06-09,46.02,web,pickup,completed
ORD-0218927,R-0510,2025-06-01,62.88,web,delivery,completed
ORD-0218928,R-0510,2025-06-23,45.19,web,delivery,completed
ORD-0218929,R-0510,2025-06-11,40.15,app,pickup,completed
ORD-0218930,R-0510,2025-06-29,50.66,app,delivery,completed
ORD-0218931,R-0510,2025-06-07,57.75,web,pickup,completed
ORD-0218932,R-0510,2025-06-10,51.96,web,delivery,completed
ORD-0218933,R-0510,2025-06-12,28.77,web,delivery,completed
ORD-0218934,R-0510,2025-06-13,41.50,web,pickup,completed
ORD-0218935,R-0510,2025-06-19,67.88,web,delivery,completed
ORD-0218936,R-0510,2025-06-03,58.90,app,delivery,Completed
ORD-0218937,R-0510,2025-06-23,46.83,app,delivery,completed
ORD-0218938,R-0510,2025-06-07,69.47,web,delivery,completed
ORD-0218939,R-0510,2025-06-07,69.33,app,delivery,Completed
ORD-0219638,R-0513,2025-06-15,37.65,app,delivery,Completed
ORD-0219639,R-0513,2025-06-19,21.45,web,delivery,COMPLETED
ORD-0219640,R-0513,2025-06-14,17.80,app,pickup,completed
ORD-0219641,R-0513,2025-06-28,34.87,app,delivery,completed
ORD-0219642,R-0513,2025-06-22,17.09,app,delivery,completed
ORD-0219643,R-0513,2025-06-15,21.85,web,delivery,Completed
ORD-0219644,R-0513,2025-06-20,31.24,app,delivery,completed
ORD-0219645,R-0513,2025-06-02,18.49,app,delivery,completed
ORD-0219646,R-0513,2025-06-15,40.05,app,delivery,completed
ORD-0219647,R-0513,2025-06-27,26.59,app,pickup,completed
ORD-0219648,R-0513,2025-06-22,20.82,app,delivery,completed
ORD-0219649,R-0513,2025-06-28,29.61,app,delivery,completed
ORD-0219650,R-0513,2025-06-18,31.31,app,delivery,completed
ORD-0219651,R-0513,2025-06-13,31.75,app,delivery,completed
ORD-0219652,R-0513,2025-06-15,23.29,app,delivery,cancelled
ORD-0219653,R-0513,2025-06-09,15.29,app,delivery,completed
ORD-0219654,R-0513,2025-06-25,22.07,web,delivery,completed
ORD-0219655,R-0513,2025-06-25,23.73,web,delivery,completed
ORD-0219656,R-0513,2025-06-19,28.30,app,pickup,Completed
ORD-0219657,R-0513,2025-06-02,29.12,app,delivery,completed
ORD-0219658,R-0513,2025-06-25,24.22,app,pickup,completed
ORD-0219659,R-0513,2025-06-23,22.34,web,delivery,completed
ORD-0219660,R-0513,2025-06-14,26.58,app,delivery,completed
ORD-0219661,R-0513,2025-06-09,37.63,app,delivery,completed
ORD-0219662,R-0513,2025-06-12,15.03,app,delivery,completed
ORD-0219663,R-0513,2025-06-29,18.90,app,delivery,COMPLETED
ORD-0219664,R-0513,2025-06-19,27.94,app,delivery,Completed
ORD-0219665,R-0513,2025-06-01,35.85,web,delivery,completed
ORD-0219666,R-0513,2025-06-07,21.77,app,pickup,cancelled
ORD-0219667,R-0513,2025-06-02,21.08,web,delivery,completed
ORD-0219668,R-0513,2025-06-23,28.02,web,delivery,completed
ORD-0219669,R-0513,2025-06-30,34.77,web,delivery,completed
ORD-0219670,R-0513,2025-06-09,29.58,app,delivery,Completed
ORD-0219671,R-0513,2025-06-03,26.74,web,delivery,completed
ORD-0219672,R-0513,2025-06-20,23.33,web,pickup,completed
ORD-0219673,R-0513,2025-06-09,26.83,app,delivery,completed
ORD-0219674,R-0513,2025-06-30,19.23,app,delivery,completed
ORD-0219675,R-0513,2025-06-15,26.22,web,delivery,completed
ORD-0219676,R-0513,2025-06-12,17.02,app,pickup,completed
ORD-0219677,R-0513,2025-06-08,17.13,app,delivery,completed
ORD-0219678,R-0513,2025-06-29,9.42,app,delivery,COMPLETED
ORD-0219679,R-0513,2025-06-01,25.00,app,pickup,completed
ORD-0219680,R-0513,2025-06-05,22.49,app,delivery,completed
ORD-0219681,R-0513,2025-06-27,11.38,app,delivery,completed
ORD-0219682,R-0513,2025-06-29,26.96,web,delivery,completed
ORD-0219683,R-0513,2025-06-23,27.81,app,delivery,completed
ORD-0219684,R-0513,2025-06-01,29.50,app,pickup,completed
ORD-0219685,R-0513,2025-06-08,34.59,web,delivery,completed
ORD-0219686,R-0513,2025-06-07,22.85,app,delivery,completed
ORD-0219687,R-0513,2025-06-28,25.85,web,delivery,completed
ORD-0219688,R-0513,2025-06-24,31.44,app,delivery,completed
ORD-0219689,R-0513,2025-06-04,16.86,app,delivery,Completed
ORD-0219690,R-0513,2025-06-12,16.17,app,delivery,completed
ORD-0219691,R-0513,2025-06-28,34.64,app,delivery,COMPLETED
ORD-0219692,R-0513,2025-06-13,32.02,app,pickup,completed
ORD-0219693,R-0513,2025-06-21,21.09,web,delivery,completed
ORD-0219694,R-0513,2025-06-26,40.52,app,delivery,completed
ORD-0219695,R-0513,2025-06-14,25.72,web,delivery,completed
ORD-0219696,R-0513,2025-06-28,36.55,app,delivery,completed
ORD-0222478,R-0519,2025-06-04,9.62,app,delivery,completed
ORD-0222479,R-0519,2025-06-28,18.95,app,pickup,completed
ORD-0222480,R-0519,2025-06-19,12.38,app,pickup,completed
ORD-0222481,R-0519,2025-06-29,13.42,app,delivery,completed
ORD-0222482,R-0519,2025-06-30,19.38,web,pickup,completed
ORD-0222483,R-0519,2025-06-08,12.37,app,delivery,Completed
ORD-0222484,R-0519,2025-06-22,18.59,app,pickup,cancelled
ORD-0222485,R-0519,2025-06-20,11.91,app,pickup,completed
ORD-0222486,R-0519,2025-06-10,14.17,app,delivery,completed
ORD-0222487,R-0519,2025-06-10,22.27,web,pickup,completed
ORD-0222488,R-0519,2025-06-03,23.00,app,delivery,COMPLETED
ORD-0222489,R-0519,2025-06-13,9.24,web,delivery,completed
ORD-0222490,R-0519,2025-06-06,12.27,app,delivery,completed
ORD-0222491,R-0519,2025-06-08,17.65,app,delivery,completed
ORD-0222492,R-0519,2025-06-25,11.01,app,pickup,Completed
ORD-0222493,R-0519,2025-06-11,27.65,app,delivery,COMPLETED
ORD-0222494,R-0519,2025-06-07,27.64,app,pickup,completed
ORD-0222495,R-0519,2025-06-20,22.60,web,pickup,completed
ORD-0222496,R-0519,2025-06-01,21.72,app,delivery,completed
ORD-0222497,R-0519,2025-06-15,17.84,app,delivery,Completed
ORD-0222498,R-0519,2025-06-27,14.58,app,pickup,completed
ORD-0222499,R-0519,2025-06-11,9.71,web,delivery,completed
ORD-0222500,R-0519,2025-06-21,27.48,web,pickup,cancelled
ORD-0222501,R-0519,2025-06-06,12.62,app,delivery,COMPLETED
ORD-0222502,R-0519,2025-06-21,19.94,app,delivery,completed
ORD-0222503,R-0519,2025-06-02,21.08,web,delivery,cancelled
ORD-0222504,R-0519,2025-06-15,14.57,app,delivery,completed
ORD-0222505,R-0519,2025-06-28,14.60,app,delivery,completed
ORD-0222506,R-0519,2025-06-13,11.94,app,pickup,completed
ORD-0222507,R-0519,2025-06-14,29.69,app,delivery,completed
ORD-0222508,R-0519,2025-06-18,19.38,app,pickup,completed
ORD-0222509,R-0519,2025-06-14,13.87,app,delivery,COMPLETED
ORD-0222510,R-0519,2025-06-08,23.86,app,delivery,completed
ORD-0222511,R-0519,2025-06-20,18.48,web,pickup,completed
ORD-0222512,R-0519,2025-06-25,14.72,app,delivery,completed
ORD-0222513,R-0519,2025-06-30,9.47,web,pickup,completed
ORD-0222514,R-0519,2025-06-21,22.25,app,delivery,completed
ORD-0222515,R-0519,2025-06-09,12.28,app,delivery,completed
ORD-0222516,R-0519,2025-06-30,17.11,app,delivery,completed
ORD-0222517,R-0519,2025-06-27,23.95,app,delivery,completed
ORD-0222518,R-0519,2025-06-14,14.06,app,delivery,completed
ORD-0222519,R-0519,2025-06-04,22.31,web,delivery,completed
ORD-0222520,R-0519,2025-06-20,15.29,app,delivery,completed
ORD-0222521,R-0519,2025-06-07,12.61,app,pickup,completed
ORD-0222522,R-0519,2025-06-06,10.86,app,delivery,completed
ORD-0222523,R-0519,2025-06-26,20.55,app,delivery,completed
ORD-0222524,R-0519,2025-06-21,14.96,app,pickup,completed
ORD-0222525,R-0519,2025-06-19,21.17,app,pickup,completed
ORD-0222526,R-0519,2025-06-08,30.67,web,delivery,completed
ORD-0224370,R-0523,2025-06-28,32.07,web,delivery,completed
ORD-0224371,R-0523,2025-06-30,19.11,app,pickup,Completed
ORD-0224372,R-0523,2025-06-28,17.14,web,pickup,completed
ORD-0224373,R-0523,2025-06-27,18.40,app,delivery,completed
ORD-0224374,R-0523,2025-06-16,25.35,web,pickup,completed
ORD-0224375,R-0523,2025-06-26,28.00,app,pickup,completed
ORD-0224376,R-0523,2025-06-20,26.66,app,delivery,completed
ORD-0224377,R-0523,2025-06-08,24.71,app,delivery,completed
ORD-0224378,R-0523,2025-06-11,33.79,app,pickup,completed
ORD-0224379,R-0523,2025-06-02,14.97,app,pickup,completed
ORD-0224380,R-0523,2025-06-16,13.18,app,pickup,completed
ORD-0224381,R-0523,2025-06-20,22.55,web,delivery,completed
ORD-0224382,R-0523,2025-06-20,29.60,web,pickup,completed
ORD-0224383,R-0523,2025-06-11,19.61,web,delivery,completed
ORD-0224384,R-0523,2025-06-02,31.71,web,delivery,completed
ORD-0224385,R-0523,2025-06-13,14.11,web,delivery,completed
ORD-0224386,R-0523,2025-06-09,22.43,app,pickup,completed
ORD-0224387,R-0523,2025-06-28,24.54,web,pickup,completed
ORD-0224388,R-0523,2025-06-26,22.49,app,delivery,completed
ORD-0224389,R-0523,2025-06-06,26.83,app,pickup,completed
ORD-0224390,R-0523,2025-06-03,14.68,app,pickup,completed
ORD-0224391,R-0523,2025-06-25,14.24,app,pickup,completed
ORD-0224392,R-0523,2025-06-30,21.80,web,pickup,completed
ORD-0224393,R-0523,2025-06-01,12.70,app,delivery,completed
ORD-0224394,R-0523,2025-06-16,20.07,app,delivery,completed
ORD-0224395,R-0523,2025-06-05,23.81,app,delivery,completed
ORD-0224396,R-0523,2025-06-21,21.13,web,delivery,completed
ORD-0224397,R-0523,2025-06-24,26.92,web,delivery,completed
ORD-0224398,R-0523,2025-06-09,28.83,web,pickup,completed
ORD-0224963,R-0525,2025-06-07,30.62,web,pickup,completed
ORD-0224964,R-0525,2025-06-14,13.02,app,delivery,completed
ORD-0224965,R-0525,2025-06-12,35.74,web,delivery,completed
ORD-0224966,R-0525,2025-06-06,34.59,web,delivery,completed
ORD-0224967,R-0525,2025-06-04,32.89,app,delivery,COMPLETED
ORD-0224968,R-0525,2025-06-13,23.69,app,pickup,completed
ORD-0224969,R-0525,2025-06-03,47.14,web,pickup,completed
ORD-0224970,R-0525,2025-06-20,27.39,app,delivery,completed
ORD-0224971,R-0525,2025-06-21,28.44,web,delivery,completed
ORD-0224972,R-0525,2025-06-14,27.67,web,pickup,completed
ORD-0224973,R-0525,2025-06-09,30.65,web,pickup,completed
ORD-0224974,R-0525,2025-06-05,13.49,web,pickup,completed
ORD-0224975,R-0525,2025-06-16,59.05,app,delivery,Completed
ORD-0224976,R-0525,2025-06-27,25.45,web,delivery,completed
ORD-0224977,R-0525,2025-06-06,27.37,app,delivery,completed
ORD-0224978,R-0525,2025-06-20,19.71,web,delivery,completed
ORD-0224979,R-0525,2025-06-21,25.47,web,delivery,completed
ORD-0224980,R-0525,2025-06-26,21.80,web,delivery,completed
ORD-0224981,R-0525,2025-06-18,30.82,web,pickup,completed
ORD-0224982,R-0525,2025-06-20,39.97,web,delivery,completed
ORD-0224983,R-0525,2025-06-23,12.15,web,delivery,completed
ORD-0224984,R-0525,2025-06-30,41.76,web,pickup,completed
ORD-0224985,R-0525,2025-06-14,38.37,web,delivery,completed
ORD-0224986,R-0525,2025-06-27,48.18,web,pickup,completed
ORD-0224987,R-0525,2025-06-24,18.71,app,delivery,completed
ORD-0224988,R-0525,2025-06-06,23.79,app,pickup,completed
ORD-0224989,R-0525,2025-06-21,34.05,web,pickup,completed
ORD-0224990,R-0525,2025-06-28,21.27,app,delivery,COMPLETED
ORD-0224991,R-0525,2025-06-27,26.22,app,delivery,completed
ORD-0224992,R-0525,2025-06-02,16.96,web,delivery,completed
ORD-0224993,R-0525,2025-06-11,23.35,web,delivery,completed
ORD-0224994,R-0525,2025-06-11,20.55,web,delivery,completed
ORD-0224995,R-0525,2025-06-21,27.14,web,delivery,completed
ORD-0224996,R-0525,2025-06-21,9.98,app,pickup,completed
ORD-0224997,R-0525,2025-06-29,19.58,app,pickup,completed
ORD-0224998,R-0525,2025-06-28,21.00,app,pickup,completed
ORD-0224999,R-0525,2025-06-06,10.61,app,delivery,completed
ORD-0225000,R-0525,2025-06-14,19.42,app,delivery,Completed
ORD-0225001,R-0525,2025-06-01,33.27,web,delivery,completed
ORD-0225002,R-0525,2025-06-07,16.33,app,pickup,completed
ORD-0225003,R-0525,2025-06-29,19.04,web,delivery,completed
ORD-0225004,R-0525,2025-06-11,16.18,app,delivery,completed
ORD-0225005,R-0525,2025-06-25,21.39,app,pickup,COMPLETED
ORD-0225006,R-0525,2025-06-04,21.38,app,pickup,completed
ORD-0225007,R-0525,2025-06-06,20.13,app,delivery,completed
ORD-0225008,R-0525,2025-06-22,10.64,web,pickup,completed
ORD-0225009,R-0525,2025-06-20,25.70,app,delivery,completed
ORD-0225010,R-0525,2025-06-20,18.93,web,pickup,completed
ORD-0225011,R-0525,2025-06-28,13.22,web,delivery,completed
ORD-0225012,R-0525,2025-06-10,19.36,web,pickup,completed
ORD-0225013,R-0525,2025-06-07,19.15,app,pickup,completed
ORD-0225014,R-0525,2025-06-14,38.81,web,delivery,Completed
ORD-0225015,R-0525,2025-06-28,10.42,web,delivery,completed
ORD-0225016,R-0525,2025-06-07,22.88,web,delivery,completed
ORD-0225017,R-0525,2025-06-21,38.51,app,delivery,completed
ORD-0225018,R-0525,2025-06-09,69.57,app,delivery,COMPLETED
ORD-0225019,R-0525,2025-06-20,30.72,app,pickup,completed
ORD-0225020,R-0525,2025-06-13,45.19,web,pickup,completed
ORD-0225021,R-0525,2025-06-15,41.86,app,pickup,COMPLETED
ORD-0225022,R-0525,2025-06-02,23.55,web,pickup,completed
ORD-0225023,R-0525,2025-06-11,22.26,app,pickup,completed
ORD-0225024,R-0525,2025-06-16,14.25,web,delivery,COMPLETED
ORD-0225025,R-0525,2025-06-10,21.43,web,delivery,completed
ORD-0225026,R-0525,2025-06-14,48.55,web,delivery,Completed
ORD-0225027,R-0525,2025-06-28,40.93,app,delivery,completed
ORD-0225028,R-0525,2025-06-08,29.53,web,delivery,completed
ORD-0225029,R-0525,2025-06-07,39.51,app,pickup,completed
ORD-0225030,R-0525,2025-06-09,18.95,app,delivery,completed
ORD-0225031,R-0525,2025-06-14,43.80,web,delivery,completed
ORD-0225032,R-0525,2025-06-15,17.46,web,delivery,completed
ORD-0225033,R-0525,2025-06-22,33.34,web,pickup,COMPLETED
ORD-0225034,R-0525,2025-06-29,15.73,app,pickup,completed
ORD-0225035,R-0525,2025-06-12,24.16,app,delivery,completed
ORD-0225036,R-0525,2025-06-12,13.37,app,delivery,completed
ORD-0225037,R-0525,2025-06-27,22.74,web,pickup,completed
ORD-0225038,R-0525,2025-06-14,31.30,app,delivery,cancelled
ORD-0225039,R-0525,2025-06-30,37.11,app,delivery,completed
ORD-0225040,R-0525,2025-06-20,42.92,app,pickup,COMPLETED
ORD-0225041,R-0525,2025-06-28,19.39,web,pickup,completed
ORD-0225042,R-0525,2025-06-18,25.34,web,pickup,completed
ORD-0225983,R-0526,2025-06-21,23.32,app,pickup,completed
ORD-0225984,R-0526,2025-06-15,26.11,app,delivery,completed
ORD-0225985,R-0526,2025-06-14,34.31,app,delivery,completed
ORD-0225986,R-0526,2025-06-20,38.80,app,pickup,Completed
ORD-0225987,R-0526,2025-06-11,34.28,web,pickup,completed
ORD-0225988,R-0526,2025-06-02,15.80,web,pickup,completed
ORD-0225989,R-0526,2025-06-25,31.37,app,delivery,completed
ORD-0225990,R-0526,2025-06-16,44.15,app,pickup,completed
ORD-0225991,R-0526,2025-06-23,34.40,app,pickup,completed
ORD-0225992,R-0526,2025-06-21,26.95,app,delivery,completed
ORD-0225993,R-0526,2025-06-26,24.01,web,delivery,completed
ORD-0225994,R-0526,2025-06-15,25.31,app,pickup,completed
ORD-0225995,R-0526,2025-06-17,22.67,web,delivery,completed
ORD-0225996,R-0526,2025-06-14,38.56,app,pickup,COMPLETED
ORD-0225997,R-0526,2025-06-28,32.80,app,delivery,COMPLETED
ORD-0225998,R-0526,2025-06-17,20.50,web,delivery,completed
ORD-0225999,R-0526,2025-06-24,37.04,web,pickup,completed
ORD-0226000,R-0526,2025-06-20,36.54,app,delivery,COMPLETED
ORD-0226001,R-0526,2025-06-29,48.09,web,delivery,completed
ORD-0226002,R-0526,2025-06-28,17.98,app,delivery,cancelled
ORD-0226003,R-0526,2025-06-08,26.66,web,pickup,COMPLETED
ORD-0226004,R-0526,2025-06-30,34.89,web,delivery,completed
ORD-0226005,R-0526,2025-06-24,23.29,app,delivery,completed
ORD-0226006,R-0526,2025-06-01,22.75,app,delivery,completed
ORD-0226007,R-0526,2025-06-21,19.58,app,delivery,completed
ORD-0226008,R-0526,2025-06-15,22.37,app,pickup,completed
ORD-0226009,R-0526,2025-06-14,22.98,web,delivery,completed
ORD-0226010,R-0526,2025-06-13,46.56,web,delivery,completed
ORD-0226011,R-0526,2025-06-25,19.77,app,delivery,Completed
ORD-0226012,R-0526,2025-06-18,16.58,app,delivery,completed
ORD-0226013,R-0526,2025-06-11,25.05,app,delivery,completed
ORD-0226014,R-0526,2025-06-22,31.43,app,pickup,completed
ORD-0226015,R-0526,2025-06-20,18.79,app,delivery,completed
ORD-0226016,R-0526,2025-06-30,30.21,app,delivery,completed
ORD-0226017,R-0526,2025-06-29,19.96,web,pickup,COMPLETED
ORD-0226018,R-0526,2025-06-28,40.87,web,pickup,completed
ORD-0226019,R-0526,2025-06-23,15.64,web,delivery,completed
ORD-0226020,R-0526,2025-06-18,39.51,web,delivery,completed
ORD-0226021,R-0526,2025-06-06,30.73,web,pickup,completed
ORD-0226022,R-0526,2025-06-21,20.80,app,delivery,completed
ORD-0226023,R-0526,2025-06-21,33.20,app,pickup,completed
ORD-0226024,R-0526,2025-06-13,49.46,web,delivery,completed
ORD-0227584,R-0531,2025-06-05,12.05,web,delivery,completed
ORD-0227585,R-0531,2025-06-25,23.73,web,pickup,completed
ORD-0227586,R-0531,2025-06-25,28.82,app,pickup,completed
ORD-0227587,R-0531,2025-06-19,19.25,web,delivery,COMPLETED
ORD-0227588,R-0531,2025-06-25,28.68,web,delivery,completed
ORD-0227589,R-0531,2025-06-29,27.84,web,delivery,completed
ORD-0227590,R-0531,2025-06-24,20.79,web,delivery,completed
ORD-0227591,R-0531,2025-06-16,45.85,app,pickup,completed
ORD-0227592,R-0531,2025-06-11,37.93,web,pickup,completed
ORD-0227593,R-0531,2025-06-24,23.18,app,pickup,Completed
ORD-0227594,R-0531,2025-06-23,19.94,web,pickup,completed
ORD-0227595,R-0531,2025-06-21,16.78,web,delivery,completed
ORD-0227596,R-0531,2025-06-13,30.86,web,delivery,completed
ORD-0227597,R-0531,2025-06-17,20.75,app,delivery,completed
ORD-0227598,R-0531,2025-06-22,24.85,app,delivery,refunded
ORD-0227599,R-0531,2025-06-20,14.46,web,pickup,completed
ORD-0227600,R-0531,2025-06-26,15.88,web,delivery,completed
ORD-0229739,R-0536,2025-06-30,26.56,app,delivery,completed
ORD-0229740,R-0536,2025-06-30,28.15,app,delivery,completed
ORD-0230600,R-0538,2025-06-27,32.09,web,delivery,refunded
ORD-0230601,R-0538,2025-06-02,30.42,web,pickup,completed
ORD-0230602,R-0538,2025-06-16,30.92,web,delivery,completed
ORD-0230603,R-0538,2025-06-08,20.17,app,pickup,completed
ORD-0230604,R-0538,2025-06-11,31.42,app,pickup,completed
ORD-0230605,R-0538,2025-06-02,29.96,app,delivery,completed
ORD-0230606,R-0538,2025-06-20,42.55,web,pickup,completed
ORD-0230607,R-0538,2025-06-28,20.38,app,pickup,completed
ORD-0230608,R-0538,2025-06-16,17.54,web,pickup,completed
ORD-0230609,R-0538,2025-06-22,42.34,app,delivery,completed
ORD-0230610,R-0538,2025-06-25,25.04,web,pickup,cancelled
ORD-0230611,R-0538,2025-06-24,28.35,web,delivery,completed
ORD-0230612,R-0538,2025-06-11,25.74,app,delivery,completed
ORD-0230613,R-0538,2025-06-27,26.51,app,delivery,completed
ORD-0230614,R-0538,2025-06-13,25.20,web,delivery,completed
ORD-0230615,R-0538,2025-06-18,37.35,app,pickup,completed
ORD-0230616,R-0538,2025-06-03,33.40,web,pickup,completed
ORD-0230617,R-0538,2025-06-15,35.70,app,pickup,completed
ORD-0230618,R-0538,2025-06-06,29.93,app,pickup,Completed
ORD-0230619,R-0538,2025-06-16,31.67,app,pickup,completed
ORD-0230620,R-0538,2025-06-03,44.74,web,pickup,completed
ORD-0230621,R-0538,2025-06-06,31.07,app,pickup,COMPLETED
ORD-0230622,R-0538,2025-06-07,19.85,web,pickup,completed
ORD-0230623,R-0538,2025-06-13,21.98,app,delivery,completed
ORD-0230624,R-0538,2025-06-14,20.40,web,pickup,completed
ORD-0230625,R-0538,2025-06-16,30.08,app,pickup,COMPLETED
ORD-0230626,R-0538,2025-06-25,24.66,app,delivery,Completed
ORD-0230627,R-0538,2025-06-08,38.27,web,pickup,Completed
ORD-0230628,R-0538,2025-06-29,37.83,app,delivery,completed
ORD-0230629,R-0538,2025-06-19,26.27,app,delivery,completed
ORD-0230630,R-0538,2025-06-06,27.85,app,pickup,refunded
ORD-0230631,R-0538,2025-06-04,21.79,app,pickup,completed
ORD-0230632,R-0538,2025-06-01,28.22,app,delivery,COMPLETED
ORD-0230633,R-0538,2025-06-04,30.04,web,pickup,completed
ORD-0230634,R-0538,2025-06-15,32.62,app,pickup,completed
ORD-0230635,R-0538,2025-06-24,32.59,web,delivery,cancelled
ORD-0230636,R-0538,2025-06-29,20.54,web,pickup,completed
ORD-0230637,R-0538,2025-06-29,38.88,app,pickup,completed
ORD-0230638,R-0538,2025-06-16,22.90,web,pickup,refunded
ORD-0230639,R-0538,2025-06-28,36.32,web,pickup,completed
ORD-0230640,R-0538,2025-06-27,29.30,app,pickup,completed
ORD-0230641,R-0538,2025-06-01,25.64,app,delivery,completed
ORD-0230642,R-0538,2025-06-14,23.71,web,delivery,completed
ORD-0230643,R-0538,2025-06-21,31.78,app,pickup,Completed
ORD-0230644,R-0538,2025-06-20,37.86,web,pickup,completed
ORD-0230645,R-0538,2025-06-01,24.12,web,delivery,cancelled
ORD-0230646,R-0538,2025-06-01,37.28,app,delivery,completed
ORD-0230647,R-0538,2025-06-15,22.42,app,pickup,completed
ORD-0230648,R-0538,2025-06-28,23.65,app,pickup,completed
ORD-0230649,R-0538,2025-06-28,38.72,web,pickup,completed
ORD-0230650,R-0538,2025-06-21,46.59,web,pickup,completed
ORD-0230651,R-0538,2025-06-06,20.13,app,delivery,completed
ORD-0230652,R-0538,2025-06-19,22.61,app,pickup,completed
ORD-0230653,R-0538,2025-06-19,25.79,app,pickup,completed
ORD-0230654,R-0538,2025-06-26,26.10,web,delivery,completed
ORD-0230655,R-0538,2025-06-01,21.37,web,delivery,completed
ORD-0230656,R-0538,2025-06-14,28.74,web,pickup,completed
ORD-0230657,R-0538,2025-06-07,40.70,web,delivery,completed
ORD-0230658,R-0538,2025-06-28,20.99,app,pickup,completed
ORD-0230659,R-0538,2025-06-22,25.66,web,pickup,COMPLETED
ORD-0230660,R-0538,2025-06-28,24.35,app,delivery,completed
ORD-0230661,R-0538,2025-06-04,40.55,web,delivery,cancelled
ORD-0230662,R-0538,2025-06-16,30.95,app,delivery,completed
ORD-0230663,R-0538,2025-06-05,27.84,app,delivery,completed
ORD-0230664,R-0538,2025-06-11,28.17,web,pickup,Completed
ORD-0230665,R-0538,2025-06-08,16.56,app,pickup,completed
ORD-0230666,R-0538,2025-06-26,15.59,app,delivery,COMPLETED
ORD-0230667,R-0538,2025-06-13,25.27,app,delivery,completed
ORD-0230668,R-0538,2025-06-24,28.69,web,pickup,completed
ORD-0235341,R-0545,2025-06-06,26.97,app,delivery,completed
ORD-0235342,R-0545,2025-06-27,27.10,web,delivery,completed
ORD-0235343,R-0545,2025-06-04,20.00,web,delivery,completed
ORD-0235344,R-0545,2025-06-20,44.21,web,delivery,completed
ORD-0235345,R-0545,2025-06-16,15.56,app,delivery,completed
ORD-0235346,R-0545,2025-06-14,20.48,web,pickup,completed
ORD-0235347,R-0545,2025-06-21,25.52,app,delivery,cancelled
ORD-0235348,R-0545,2025-06-12,20.35,app,pickup,completed
ORD-0235349,R-0545,2025-06-29,26.28,web,pickup,completed
ORD-0235350,R-0545,2025-06-28,25.61,web,delivery,completed
ORD-0235351,R-0545,2025-06-15,11.23,web,delivery,completed
ORD-0235352,R-0545,2025-06-08,22.90,app,delivery,completed
ORD-0235353,R-0545,2025-06-21,14.94,app,pickup,completed
ORD-0235354,R-0545,2025-06-24,12.60,app,delivery,completed
ORD-0235355,R-0545,2025-06-12,28.97,web,delivery,completed
ORD-0235356,R-0545,2025-06-12,11.52,app,delivery,completed
ORD-0235357,R-0545,2025-06-19,14.16,app,delivery,completed
ORD-0235358,R-0545,2025-06-29,9.85,web,pickup,completed
ORD-0235359,R-0545,2025-06-11,32.31,app,delivery,completed
ORD-0235360,R-0545,2025-06-14,25.64,app,delivery,completed
ORD-0235361,R-0545,2025-06-27,14.13,app,delivery,COMPLETED
ORD-0235362,R-0545,2025-06-07,22.36,web,delivery,completed
ORD-0235363,R-0545,2025-06-20,17.26,web,delivery,cancelled
ORD-0235364,R-0545,2025-06-05,11.57,web,delivery,completed
ORD-0235365,R-0545,2025-06-12,48.34,app,delivery,completed
ORD-0235366,R-0545,2025-06-21,12.31,web,delivery,completed
ORD-0235367,R-0545,2025-06-07,31.72,app,delivery,completed
ORD-0235368,R-0545,2025-06-15,15.35,web,pickup,Completed
ORD-0235369,R-0545,2025-06-03,37.24,web,pickup,completed
ORD-0235370,R-0545,2025-06-08,13.29,web,delivery,completed
ORD-0235371,R-0545,2025-06-08,13.72,web,delivery,completed
ORD-0235372,R-0545,2025-06-05,32.39,app,delivery,completed
ORD-0235373,R-0545,2025-06-18,12.30,web,pickup,COMPLETED
ORD-0235374,R-0545,2025-06-08,28.71,web,pickup,completed
ORD-0235375,R-0545,2025-06-13,20.90,web,pickup,completed
ORD-0235376,R-0545,2025-06-23,12.28,app,delivery,completed
ORD-0235377,R-0545,2025-06-13,17.12,app,delivery,completed
ORD-0237628,R-0549,2025-06-09,28.34,app,delivery,completed
ORD-0237629,R-0549,2025-06-28,17.25,web,pickup,completed
ORD-0237630,R-0549,2025-06-29,11.65,web,pickup,completed
ORD-0237631,R-0549,2025-06-07,26.48,web,delivery,Completed
ORD-0237632,R-0549,2025-06-27,19.53,web,delivery,completed
ORD-0237633,R-0549,2025-06-07,15.67,web,delivery,completed
ORD-0237634,R-0549,2025-06-29,20.57,web,delivery,CANCELLED
ORD-0237635,R-0549,2025-06-14,26.03,web,delivery,completed
ORD-0237636,R-0549,2025-06-17,15.73,web,delivery,completed
ORD-0237637,R-0549,2025-06-02,24.61,web,delivery,Completed
ORD-0237638,R-0549,2025-06-27,10.74,web,delivery,COMPLETED
ORD-0237639,R-0549,2025-06-11,20.75,web,delivery,completed
ORD-0237640,R-0549,2025-06-29,24.65,web,delivery,completed
ORD-0237641,R-0549,2025-06-13,22.14,app,delivery,completed
ORD-0237642,R-0549,2025-06-28,29.13,web,pickup,completed
ORD-0237643,R-0549,2025-06-11,22.70,web,pickup,COMPLETED
ORD-0237644,R-0549,2025-06-13,27.71,web,delivery,completed
ORD-0237645,R-0549,2025-06-12,19.09,web,delivery,Refunded
ORD-0237646,R-0549,2025-06-22,28.51,web,pickup,completed
ORD-0237647,R-0549,2025-06-30,32.92,web,delivery,completed
ORD-0237648,R-0549,2025-06-06,13.36,web,delivery,completed
ORD-0237649,R-0549,2025-06-12,20.64,web,delivery,cancelled
ORD-0237650,R-0549,2025-06-08,16.11,web,delivery,Completed
ORD-0237651,R-0549,2025-06-16,26.97,web,pickup,completed
ORD-0237652,R-0549,2025-06-21,19.84,web,delivery,completed
ORD-0237653,R-0549,2025-06-14,10.66,web,delivery,completed
ORD-0237654,R-0549,2025-06-27,23.93,app,pickup,COMPLETED
ORD-0237655,R-0549,2025-06-04,19.98,web,delivery,completed
ORD-0237656,R-0549,2025-06-17,13.08,web,pickup,COMPLETED
ORD-0237657,R-0549,2025-06-11,17.04,web,delivery,Completed
ORD-0237658,R-0549,2025-06-19,10.30,web,pickup,completed
ORD-0237659,R-0549,2025-06-29,15.51,web,delivery,completed
ORD-0237660,R-0549,2025-06-11,18.02,web,pickup,completed
ORD-0237661,R-0549,2025-06-03,20.69,web,pickup,completed
ORD-0237662,R-0549,2025-06-08,27.16,web,pickup,completed
ORD-0237663,R-0549,2025-06-07,34.19,web,delivery,completed
ORD-0237664,R-0549,2025-06-14,31.55,web,delivery,COMPLETED
ORD-0237665,R-0549,2025-06-24,17.11,web,delivery,Completed
ORD-0237666,R-0549,2025-06-13,15.98,app,pickup,completed
ORD-0237667,R-0549,2025-06-24,12.80,web,delivery,completed
ORD-0237668,R-0549,2025-06-10,19.33,web,delivery,completed
ORD-0237669,R-0549,2025-06-25,25.52,web,pickup,completed
ORD-0237670,R-0549,2025-06-12,16.31,web,delivery,Completed
ORD-0237671,R-0549,2025-06-16,33.16,web,delivery,completed
ORD-0237672,R-0549,2025-06-28,32.29,web,pickup,completed
ORD-0237673,R-0549,2025-06-25,26.71,web,delivery,completed
ORD-0237674,R-0549,2025-06-11,15.46,web,delivery,completed
ORD-0237675,R-0549,2025-06-03,17.79,web,pickup,completed
ORD-0237676,R-0549,2025-06-29,34.56,web,delivery,completed
ORD-0237677,R-0549,2025-06-22,16.24,web,pickup,completed
ORD-0238874,R-0550,2025-06-08,26.10,app,delivery,completed
ORD-0238875,R-0550,2025-06-18,31.38,web,delivery,Completed
ORD-0238876,R-0550,2025-06-15,24.16,app,delivery,completed
ORD-0238877,R-0550,2025-06-19,32.15,app,pickup,completed
ORD-0238878,R-0550,2025-06-19,37.95,web,delivery,Completed
ORD-0238879,R-0550,2025-06-03,24.44,app,delivery,completed
ORD-0238880,R-0550,2025-06-20,77.74,web,delivery,completed
ORD-0238881,R-0550,2025-06-28,57.61,app,delivery,completed
ORD-0238882,R-0550,2025-06-15,33.96,app,delivery,COMPLETED
ORD-0239007,R-0551,2025-06-26,57.08,app,pickup,completed
ORD-0239008,R-0551,2025-06-10,92.17,app,delivery,Completed
ORD-0239009,R-0551,2025-06-11,28.08,app,pickup,completed
ORD-0239010,R-0551,2025-06-09,62.47,app,delivery,completed
ORD-0239011,R-0551,2025-06-14,92.67,app,pickup,completed
ORD-0239012,R-0551,2025-06-21,33.90,web,delivery,completed
ORD-0239013,R-0551,2025-06-10,68.01,app,pickup,completed
ORD-0239014,R-0551,2025-06-25,27.95,app,delivery,completed
ORD-0239015,R-0551,2025-06-09,41.96,web,delivery,completed
ORD-0239016,R-0551,2025-06-27,59.57,app,pickup,completed
ORD-0239017,R-0551,2025-06-15,23.29,app,delivery,completed
ORD-0239018,R-0551,2025-06-28,40.17,app,pickup,completed
ORD-0239019,R-0551,2025-06-30,35.32,app,pickup,completed
ORD-0239020,R-0551,2025-06-11,61.13,web,pickup,completed
ORD-0239021,R-0551,2025-06-14,25.45,app,pickup,completed
ORD-0239022,R-0551,2025-06-28,19.02,web,pickup,completed
ORD-0239023,R-0551,2025-06-25,16.54,web,delivery,completed
ORD-0239024,R-0551,2025-06-19,36.60,app,delivery,completed
ORD-0239025,R-0551,2025-06-17,24.25,app,delivery,completed
ORD-0239026,R-0551,2025-06-24,51.38,web,pickup,REFUNDED
ORD-0239027,R-0551,2025-06-14,51.51,web,delivery,completed
ORD-0239028,R-0551,2025-06-28,29.72,app,pickup,completed
ORD-0239029,R-0551,2025-06-11,27.74,app,delivery,completed
ORD-0239030,R-0551,2025-06-11,37.55,app,delivery,completed
ORD-0239031,R-0551,2025-06-27,32.51,app,delivery,completed
ORD-0239032,R-0551,2025-06-12,47.47,app,delivery,completed
ORD-0239033,R-0551,2025-06-21,48.94,web,delivery,completed
ORD-0239034,R-0551,2025-06-18,19.32,app,delivery,completed
ORD-0239035,R-0551,2025-06-20,60.44,app,delivery,Completed
ORD-0239036,R-0551,2025-06-17,46.99,app,delivery,COMPLETED
ORD-0239037,R-0551,2025-06-09,28.91,app,delivery,completed
ORD-0239038,R-0551,2025-06-21,57.55,app,pickup,completed
ORD-0239039,R-0551,2025-06-28,45.39,app,pickup,completed
ORD-0239040,R-0551,2025-06-28,43.81,app,delivery,completed
ORD-0239041,R-0551,2025-06-12,55.51,app,pickup,completed
ORD-0240430,R-0553,2025-06-21,30.72,app,delivery,Completed
ORD-0240431,R-0553,2025-06-15,31.34,web,pickup,completed
ORD-0240432,R-0553,2025-06-14,30.45,web,pickup,completed
ORD-0240433,R-0553,2025-06-03,56.28,app,pickup,completed
ORD-0240434,R-0553,2025-06-12,20.67,web,delivery,completed
ORD-0240435,R-0553,2025-06-05,22.29,web,delivery,completed
ORD-0240436,R-0553,2025-06-20,29.54,web,pickup,completed
ORD-0240437,R-0553,2025-06-12,23.03,web,delivery,completed
ORD-0240438,R-0553,2025-06-22,39.70,app,delivery,completed
ORD-0240439,R-0553,2025-06-03,31.81,app,pickup,completed
ORD-0240440,R-0553,2025-06-07,29.04,app,pickup,completed
ORD-0240441,R-0553,2025-06-22,43.09,app,pickup,Completed
ORD-0240442,R-0553,2025-06-10,35.18,web,delivery,completed
ORD-0240443,R-0553,2025-06-14,17.86,app,pickup,completed
ORD-0240444,R-0553,2025-06-09,24.96,web,delivery,cancelled
ORD-0240445,R-0553,2025-06-12,17.72,app,delivery,completed
ORD-0240446,R-0553,2025-06-29,13.36,web,delivery,completed
ORD-0240447,R-0553,2025-06-21,22.46,web,delivery,completed
ORD-0240448,R-0553,2025-06-09,19.39,app,pickup,completed
ORD-0240449,R-0553,2025-06-12,28.18,web,pickup,completed
ORD-0240450,R-0553,2025-06-05,28.91,web,pickup,completed
ORD-0240451,R-0553,2025-06-13,48.26,web,pickup,Completed
ORD-0240452,R-0553,2025-06-05,25.05,web,delivery,completed
ORD-0240453,R-0553,2025-06-20,37.71,app,delivery,completed
ORD-0240454,R-0553,2025-06-05,31.87,app,pickup,completed
ORD-0240455,R-0553,2025-06-13,44.34,app,pickup,completed
ORD-0240456,R-0553,2025-06-16,39.02,app,pickup,COMPLETED
ORD-0240457,R-0553,2025-06-20,20.83,app,pickup,completed
ORD-0240458,R-0553,2025-06-01,14.57,app,pickup,completed
ORD-0240459,R-0553,2025-06-28,26.60,app,pickup,COMPLETED
ORD-0240460,R-0553,2025-06-23,23.58,app,delivery,completed
ORD-0240461,R-0553,2025-06-24,17.36,web,delivery,completed
ORD-0240462,R-0553,2025-06-13,23.77,web,pickup,completed
ORD-0240463,R-0553,2025-06-01,26.68,web,pickup,completed
ORD-0240464,R-0553,2025-06-02,18.30,web,pickup,completed
ORD-0240465,R-0553,2025-06-08,14.68,app,pickup,Completed
ORD-0240466,R-0553,2025-06-20,32.74,web,delivery,completed
ORD-0240467,R-0553,2025-06-30,50.88,app,delivery,completed
ORD-0240468,R-0553,2025-06-02,32.46,web,pickup,completed
ORD-0240469,R-0553,2025-06-01,25.91,app,pickup,completed
ORD-0240470,R-0553,2025-06-24,33.08,app,delivery,completed
ORD-0240471,R-0553,2025-06-15,19.95,app,pickup,completed
ORD-0240472,R-0553,2025-06-03,17.68,app,delivery,completed
ORD-0240473,R-0553,2025-06-25,24.55,app,pickup,completed
ORD-0240474,R-0553,2025-06-22,21.86,web,pickup,completed
ORD-0240475,R-0553,2025-06-27,27.22,web,pickup,completed
ORD-0240476,R-0553,2025-06-21,43.85,web,delivery,completed
ORD-0240477,R-0553,2025-06-15,23.80,app,delivery,completed
ORD-0240478,R-0553,2025-06-07,21.26,web,delivery,completed
ORD-0240479,R-0553,2025-06-11,27.71,app,pickup,completed
ORD-0240480,R-0553,2025-06-20,25.93,app,pickup,completed
ORD-0240481,R-0553,2025-06-13,43.68,web,delivery,completed
ORD-0240482,R-0553,2025-06-30,36.69,web,pickup,completed
ORD-0240483,R-0553,2025-06-08,23.06,app,delivery,completed
ORD-0240484,R-0553,2025-06-12,21.02,app,delivery,completed
ORD-0240485,R-0553,2025-06-07,30.60,web,delivery,completed
ORD-0240486,R-0553,2025-06-21,34.67,app,delivery,cancelled
ORD-0240487,R-0553,2025-06-02,16.80,web,delivery,completed
ORD-0240488,R-0553,2025-06-13,18.60,web,pickup,completed
ORD-0240489,R-0553,2025-06-28,33.77,app,delivery,completed
ORD-0240490,R-0553,2025-06-14,19.05,app,delivery,COMPLETED
ORD-0240491,R-0553,2025-06-18,16.61,app,pickup,completed
ORD-0240492,R-0553,2025-06-26,33.20,web,delivery,completed
ORD-0240493,R-0553,2025-06-18,17.44,app,pickup,completed
ORD-0240494,R-0553,2025-06-09,23.54,web,delivery,completed
ORD-0240495,R-0553,2025-06-21,33.44,app,delivery,COMPLETED
ORD-0240496,R-0553,2025-06-28,16.89,web,delivery,completed
ORD-0240497,R-0553,2025-06-01,34.55,web,pickup,completed
ORD-0240498,R-0553,2025-06-16,37.87,web,delivery,completed
ORD-0240499,R-0553,2025-06-06,27.58,app,pickup,completed
ORD-0240500,R-0553,2025-06-28,32.32,web,pickup,COMPLETED
ORD-0240501,R-0553,2025-06-06,26.92,app,delivery,completed
ORD-0240502,R-0553,2025-06-23,20.55,web,pickup,completed
ORD-0240503,R-0553,2025-06-06,25.46,app,pickup,completed
ORD-0243359,R-0563,2025-06-30,42.72,web,pickup,completed
ORD-0243360,R-0563,2025-06-15,20.12,app,pickup,completed
ORD-0243361,R-0563,2025-06-11,18.15,web,delivery,completed
ORD-0243362,R-0563,2025-06-08,33.99,app,delivery,completed
ORD-0243363,R-0563,2025-06-25,33.94,web,pickup,completed
ORD-0243364,R-0563,2025-06-05,21.01,app,pickup,completed
ORD-0243365,R-0563,2025-06-29,45.66,web,pickup,completed
ORD-0243366,R-0563,2025-06-01,54.47,app,pickup,COMPLETED
ORD-0243367,R-0563,2025-06-19,29.96,app,pickup,completed
ORD-0243368,R-0563,2025-06-11,43.93,app,pickup,completed
ORD-0244849,R-0568,2025-06-06,24.31,app,delivery,Completed
ORD-0244850,R-0568,2025-06-20,33.71,web,delivery,Completed
ORD-0244851,R-0568,2025-06-23,44.70,app,pickup,completed
ORD-0244852,R-0568,2025-06-23,42.33,app,delivery,completed
ORD-0244853,R-0568,2025-06-01,55.22,web,delivery,completed
ORD-0244854,R-0568,2025-06-12,20.87,app,delivery,completed
ORD-0244855,R-0568,2025-06-22,34.42,app,pickup,completed
ORD-0244856,R-0568,2025-06-25,79.27,app,pickup,completed
ORD-0244857,R-0568,2025-06-13,54.02,web,delivery,completed
ORD-0244858,R-0568,2025-06-16,39.36,app,delivery,completed
ORD-0244859,R-0568,2025-06-11,108.44,app,pickup,completed
ORD-0244860,R-0568,2025-06-07,48.97,web,delivery,completed
ORD-0244861,R-0568,2025-06-14,51.22,app,pickup,completed
ORD-0244862,R-0568,2025-06-17,35.02,app,pickup,completed
ORD-0244863,R-0568,2025-06-13,61.24,app,delivery,completed
ORD-0244864,R-0568,2025-06-08,68.09,app,delivery,completed
ORD-0244865,R-0568,2025-06-10,25.81,app,delivery,completed
ORD-0244866,R-0568,2025-06-13,43.49,app,delivery,completed
ORD-0244867,R-0568,2025-06-16,28.17,web,pickup,completed
ORD-0244868,R-0568,2025-06-06,33.64,web,delivery,completed
ORD-0244869,R-0568,2025-06-15,23.79,app,delivery,completed
ORD-0244870,R-0568,2025-06-28,41.48,web,pickup,completed
ORD-0244871,R-0568,2025-06-14,36.14,app,delivery,completed
ORD-0244872,R-0568,2025-06-05,27.62,web,delivery,COMPLETED
ORD-0244873,R-0568,2025-06-15,45.29,app,delivery,COMPLETED
ORD-0244874,R-0568,2025-06-10,39.64,app,pickup,completed
ORD-0244875,R-0568,2025-06-02,68.03,app,delivery,completed
ORD-0244876,R-0568,2025-06-18,64.22,web,delivery,Completed
ORD-0244877,R-0568,2025-06-28,17.46,app,delivery,completed
ORD-0244878,R-0568,2025-06-15,29.32,app,delivery,completed
ORD-0244879,R-0568,2025-06-13,30.84,web,delivery,completed
ORD-0244880,R-0568,2025-06-30,43.70,app,pickup,COMPLETED
ORD-0244881,R-0568,2025-06-26,41.74,app,delivery,completed
ORD-0244882,R-0568,2025-06-06,50.86,app,pickup,Completed
ORD-0244883,R-0568,2025-06-07,67.36,app,pickup,completed
ORD-0244884,R-0568,2025-06-08,95.36,app,delivery,completed
ORD-0244885,R-0568,2025-06-28,51.27,app,delivery,completed
ORD-0244886,R-0568,2025-06-26,37.43,app,delivery,completed
ORD-0244887,R-0568,2025-06-30,46.50,app,delivery,completed
ORD-0244888,R-0568,2025-06-25,25.69,app,pickup,completed
ORD-0244889,R-0568,2025-06-28,36.97,web,pickup,completed
ORD-0244890,R-0568,2025-06-19,46.17,app,delivery,completed
ORD-0244891,R-0568,2025-06-06,55.27,web,pickup,completed
ORD-0244892,R-0568,2025-06-05,40.20,web,pickup,completed
ORD-0246050,R-0570,2025-06-07,31.65,web,delivery,COMPLETED
ORD-0246051,R-0570,2025-06-30,20.61,web,delivery,refunded
ORD-0246052,R-0570,2025-06-04,27.74,web,delivery,completed
ORD-0246053,R-0570,2025-06-28,41.83,web,delivery,completed
ORD-0246054,R-0570,2025-06-22,32.37,app,delivery,completed
ORD-0246055,R-0570,2025-06-11,26.16,web,pickup,completed
ORD-0246056,R-0570,2025-06-24,22.87,app,delivery,completed
ORD-0246057,R-0570,2025-06-08,35.45,web,delivery,completed
ORD-0246058,R-0570,2025-06-02,20.06,web,delivery,completed
ORD-0246059,R-0570,2025-06-12,28.71,web,delivery,completed
ORD-0246060,R-0570,2025-06-02,24.94,web,delivery,COMPLETED
ORD-0246061,R-0570,2025-06-04,23.49,web,delivery,completed
ORD-0246062,R-0570,2025-06-01,32.30,web,delivery,completed
ORD-0246063,R-0570,2025-06-13,21.87,web,delivery,completed
ORD-0246064,R-0570,2025-06-27,32.85,web,delivery,completed
ORD-0246065,R-0570,2025-06-15,72.19,app,delivery,COMPLETED
ORD-0246066,R-0570,2025-06-13,52.18,web,delivery,completed
ORD-0246067,R-0570,2025-06-10,35.82,app,delivery,completed
ORD-0246068,R-0570,2025-06-15,27.27,web,delivery,completed
ORD-0246069,R-0570,2025-06-02,32.29,web,delivery,completed
ORD-0246070,R-0570,2025-06-06,32.64,web,delivery,COMPLETED
ORD-0246071,R-0570,2025-06-21,30.72,app,delivery,completed
ORD-0246072,R-0570,2025-06-23,25.01,web,delivery,COMPLETED
ORD-0246073,R-0570,2025-06-14,25.31,app,delivery,completed
ORD-0246074,R-0570,2025-06-27,45.18,web,delivery,completed
ORD-0246075,R-0570,2025-06-01,49.17,web,delivery,completed
ORD-0246076,R-0570,2025-06-23,32.70,app,delivery,completed
ORD-0246077,R-0570,2025-06-07,40.77,app,delivery,Completed
ORD-0246078,R-0570,2025-06-29,48.27,web,delivery,completed
ORD-0246079,R-0570,2025-06-26,37.96,app,delivery,completed
ORD-0246080,R-0570,2025-06-24,28.29,app,delivery,completed
ORD-0246081,R-0570,2025-06-30,21.30,web,delivery,completed
ORD-0246082,R-0570,2025-06-17,23.09,web,pickup,completed
ORD-0246083,R-0570,2025-06-27,40.27,web,delivery,completed
ORD-0246084,R-0570,2025-06-14,24.01,app,delivery,completed
ORD-0246085,R-0570,2025-06-11,46.38,web,delivery,COMPLETED
ORD-0246086,R-0570,2025-06-16,32.53,app,delivery,completed
ORD-0246087,R-0570,2025-06-01,35.23,web,pickup,completed
ORD-0246088,R-0570,2025-06-15,39.44,web,delivery,completed
ORD-0246089,R-0570,2025-06-14,18.84,app,delivery,completed
ORD-0246090,R-0570,2025-06-03,14.11,web,delivery,CANCELLED
ORD-0246091,R-0570,2025-06-17,37.75,web,delivery,Completed
ORD-0246092,R-0570,2025-06-24,26.55,web,delivery,completed
ORD-0246093,R-0570,2025-06-29,26.67,web,delivery,completed
ORD-0246094,R-0570,2025-06-24,27.51,web,delivery,completed
ORD-0246095,R-0570,2025-06-22,33.92,app,delivery,completed
ORD-0246096,R-0570,2025-06-06,41.42,app,delivery,completed
ORD-0246097,R-0570,2025-06-07,30.24,web,pickup,completed
ORD-0246098,R-0570,2025-06-20,40.73,web,delivery,completed
ORD-0246099,R-0570,2025-06-21,25.55,web,delivery,Completed
ORD-0246100,R-0570,2025-06-10,35.62,web,pickup,completed
ORD-0246101,R-0570,2025-06-20,33.06,web,pickup,completed
ORD-0246102,R-0570,2025-06-13,34.61,web,delivery,completed
ORD-0246103,R-0570,2025-06-13,34.03,app,delivery,completed
ORD-0246104,R-0570,2025-06-28,26.27,web,delivery,completed
ORD-0246633,R-0575,2025-06-21,24.98,web,delivery,COMPLETED
ORD-0246634,R-0575,2025-06-25,13.62,app,delivery,completed
ORD-0246635,R-0575,2025-06-23,18.63,web,delivery,refunded
ORD-0246636,R-0575,2025-06-29,27.61,app,delivery,completed
ORD-0246637,R-0575,2025-06-27,17.32,web,delivery,completed
ORD-0246638,R-0575,2025-06-01,26.35,web,pickup,completed
ORD-0246639,R-0575,2025-06-22,21.66,web,pickup,completed
ORD-0246640,R-0575,2025-06-23,18.11,web,delivery,completed
ORD-0246641,R-0575,2025-06-11,22.43,web,delivery,completed
ORD-0246642,R-0575,2025-06-19,27.34,web,delivery,completed
ORD-0246643,R-0575,2025-06-27,19.30,web,pickup,completed
ORD-0246644,R-0575,2025-06-22,29.22,app,delivery,completed
ORD-0246645,R-0575,2025-06-29,24.26,app,delivery,completed
ORD-0246646,R-0575,2025-06-01,21.98,web,delivery,completed
ORD-0246647,R-0575,2025-06-19,13.20,app,delivery,completed
ORD-0246648,R-0575,2025-06-08,25.99,app,delivery,completed
ORD-0246649,R-0575,2025-06-03,21.38,app,delivery,completed
ORD-0246650,R-0575,2025-06-13,14.21,web,pickup,CANCELLED
ORD-0246651,R-0575,2025-06-21,18.34,app,delivery,completed
ORD-0246652,R-0575,2025-06-17,18.23,web,pickup,completed
ORD-0246653,R-0575,2025-06-07,10.52,app,pickup,COMPLETED
ORD-0246654,R-0575,2025-06-18,31.73,app,delivery,completed
ORD-0246655,R-0575,2025-06-03,28.51,web,delivery,completed
ORD-0246656,R-0575,2025-06-14,26.16,app,pickup,completed
ORD-0246657,R-0575,2025-06-15,20.23,web,delivery,COMPLETED
ORD-0246658,R-0575,2025-06-20,25.35,web,delivery,completed
ORD-0246659,R-0575,2025-06-21,19.58,app,pickup,completed
ORD-0246660,R-0575,2025-06-29,24.47,web,pickup,cancelled
ORD-0246661,R-0575,2025-06-16,27.16,web,pickup,completed
ORD-0246662,R-0575,2025-06-27,29.76,app,pickup,completed
ORD-0246663,R-0575,2025-06-29,20.61,app,pickup,completed
ORD-0246664,R-0575,2025-06-10,24.39,app,delivery,COMPLETED
ORD-0246665,R-0575,2025-06-22,22.88,web,delivery,completed
ORD-0246666,R-0575,2025-06-30,27.93,web,pickup,completed
ORD-0247894,R-0579,2025-06-25,41.13,app,pickup,completed
ORD-0247895,R-0579,2025-06-28,12.37,app,delivery,completed
ORD-0247896,R-0579,2025-06-03,13.11,web,delivery,completed
ORD-0247897,R-0579,2025-06-11,15.89,web,delivery,completed
ORD-0247898,R-0579,2025-06-12,31.60,web,pickup,completed
ORD-0247899,R-0579,2025-06-06,21.94,app,delivery,completed
ORD-0247900,R-0579,2025-06-15,14.68,app,delivery,completed
ORD-0247901,R-0579,2025-06-20,13.94,app,pickup,completed
ORD-0247902,R-0579,2025-06-03,17.82,app,delivery,completed
ORD-0247903,R-0579,2025-06-07,21.89,app,delivery,completed
ORD-0247904,R-0579,2025-06-06,21.74,web,delivery,completed
ORD-0247905,R-0579,2025-06-20,32.28,app,delivery,completed
ORD-0247906,R-0579,2025-06-08,21.92,app,delivery,completed
ORD-0247907,R-0579,2025-06-03,24.58,app,delivery,completed
ORD-0247908,R-0579,2025-06-06,35.49,app,pickup,completed
ORD-0247909,R-0579,2025-06-14,61.71,app,delivery,completed
ORD-0247910,R-0579,2025-06-14,44.96,web,delivery,completed
ORD-0247911,R-0579,2025-06-24,31.55,app,pickup,COMPLETED
ORD-0247912,R-0579,2025-06-27,78.71,web,delivery,completed
ORD-0247913,R-0579,2025-06-10,20.80,app,delivery,cancelled
ORD-0247914,R-0579,2025-06-03,42.28,app,delivery,COMPLETED
ORD-0247915,R-0579,2025-06-11,19.74,web,delivery,completed
ORD-0247916,R-0579,2025-06-06,27.74,app,pickup,completed
ORD-0247917,R-0579,2025-06-10,22.47,app,delivery,completed
ORD-0247918,R-0579,2025-06-05,63.90,app,delivery,completed
ORD-0247919,R-0579,2025-06-25,22.05,web,delivery,completed
ORD-0247920,R-0579,2025-06-04,16.50,web,delivery,completed
ORD-0247921,R-0579,2025-06-10,43.23,app,delivery,completed
ORD-0247922,R-0579,2025-06-21,36.37,app,delivery,COMPLETED
ORD-0247923,R-0579,2025-06-28,20.67,web,delivery,completed
ORD-0247924,R-0579,2025-06-19,73.51,web,delivery,completed
ORD-0247925,R-0579,2025-06-21,35.08,web,pickup,cancelled
ORD-0247926,R-0579,2025-06-20,33.82,app,delivery,completed
ORD-0247927,R-0579,2025-06-19,18.32,app,pickup,Completed
ORD-0247928,R-0579,2025-06-24,33.15,web,delivery,completed
ORD-0247929,R-0579,2025-06-13,16.76,web,delivery,completed
ORD-0247930,R-0579,2025-06-28,27.62,web,pickup,Completed
ORD-0247931,R-0579,2025-06-24,28.92,app,delivery,completed
ORD-0247932,R-0579,2025-06-14,36.94,app,delivery,completed
ORD-0247933,R-0579,2025-06-21,21.92,app,delivery,completed
ORD-0247934,R-0579,2025-06-20,15.60,app,pickup,completed
ORD-0247935,R-0579,2025-06-27,26.68,web,delivery,refunded
ORD-0247936,R-0579,2025-06-01,18.35,web,delivery,completed
ORD-0247937,R-0579,2025-06-07,17.16,app,delivery,completed
ORD-0247938,R-0579,2025-06-27,18.54,app,pickup,completed
ORD-0247939,R-0579,2025-06-05,16.12,app,delivery,COMPLETED
ORD-0247940,R-0579,2025-06-17,12.18,web,delivery,completed
ORD-0247941,R-0579,2025-06-20,22.22,web,delivery,completed
ORD-0247942,R-0579,2025-06-24,33.94,web,delivery,completed
ORD-0247943,R-0579,2025-06-29,30.95,app,delivery,COMPLETED
ORD-0247944,R-0579,2025-06-28,21.11,web,delivery,completed
ORD-0247945,R-0579,2025-06-29,42.75,app,delivery,completed
ORD-0247946,R-0579,2025-06-08,16.20,app,delivery,completed
ORD-0247947,R-0579,2025-06-01,21.79,app,pickup,completed
ORD-0247948,R-0579,2025-06-26,28.33,app,delivery,completed
ORD-0247949,R-0579,2025-06-20,18.82,app,pickup,completed
ORD-0247950,R-0579,2025-06-17,27.02,app,pickup,completed
ORD-0247951,R-0579,2025-06-16,13.70,web,delivery,completed
ORD-0247952,R-0579,2025-06-30,39.85,app,delivery,COMPLETED
ORD-0247953,R-0579,2025-06-14,27.84,app,delivery,completed
ORD-0247954,R-0579,2025-06-23,23.37,app,pickup,completed
ORD-0247955,R-0579,2025-06-02,21.69,web,delivery,completed
ORD-0247956,R-0579,2025-06-07,26.65,app,delivery,completed
ORD-0247957,R-0579,2025-06-12,15.03,app,pickup,completed
ORD-0247958,R-0579,2025-06-05,12.47,app,delivery,completed
ORD-0249712,R-0586,2025-06-17,27.06,app,delivery,completed
ORD-0249713,R-0586,2025-06-18,26.70,web,pickup,completed
ORD-0249714,R-0586,2025-06-25,15.53,app,delivery,completed
ORD-0249715,R-0586,2025-06-09,9.09,app,delivery,completed
ORD-0249716,R-0586,2025-06-27,11.80,app,delivery,completed
ORD-0249717,R-0586,2025-06-02,12.54,app,pickup,completed
ORD-0249718,R-0586,2025-06-08,28.26,app,pickup,COMPLETED
ORD-0249719,R-0586,2025-06-06,34.08,web,delivery,completed
ORD-0249720,R-0586,2025-06-28,23.35,app,pickup,completed
ORD-0249721,R-0586,2025-06-13,15.90,app,pickup,completed
ORD-0249722,R-0586,2025-06-27,13.26,app,pickup,completed
ORD-0249723,R-0586,2025-06-06,18.17,app,delivery,completed
ORD-0249724,R-0586,2025-06-27,23.46,app,delivery,completed
ORD-0249725,R-0586,2025-06-29,13.64,app,delivery,completed
ORD-0249726,R-0586,2025-06-11,17.31,web,delivery,completed
ORD-0249727,R-0586,2025-06-01,11.71,app,delivery,completed
ORD-0249728,R-0586,2025-06-10,35.53,web,delivery,completed
ORD-0249729,R-0586,2025-06-15,22.38,app,delivery,completed
ORD-0249730,R-0586,2025-06-14,11.22,app,pickup,completed
ORD-0249731,R-0586,2025-06-16,20.25,web,delivery,completed
ORD-0249732,R-0586,2025-06-16,22.71,app,pickup,completed
ORD-0249733,R-0586,2025-06-05,21.41,app,pickup,completed
ORD-0249734,R-0586,2025-06-15,22.96,app,pickup,completed
ORD-0249735,R-0586,2025-06-10,26.64,app,pickup,completed
ORD-0249736,R-0586,2025-06-10,15.92,app,pickup,completed
ORD-0249737,R-0586,2025-06-13,17.95,web,pickup,completed
ORD-0249738,R-0586,2025-06-22,17.59,app,delivery,completed
ORD-0249739,R-0586,2025-06-30,13.43,web,pickup,completed
ORD-0249740,R-0586,2025-06-13,8.81,app,pickup,completed
ORD-0249741,R-0586,2025-06-07,15.74,app,pickup,completed
ORD-0249742,R-0586,2025-06-27,21.29,app,delivery,Completed
ORD-0249743,R-0586,2025-06-14,20.29,app,pickup,completed
ORD-0249744,R-0586,2025-06-10,16.05,app,pickup,completed
ORD-0249745,R-0586,2025-06-20,13.20,web,delivery,completed
ORD-0249746,R-0586,2025-06-27,26.49,web,pickup,completed
ORD-0249747,R-0586,2025-06-23,23.27,app,delivery,completed
ORD-0249748,R-0586,2025-06-08,11.11,app,pickup,completed
ORD-0249749,R-0586,2025-06-24,11.27,app,pickup,completed
ORD-0249750,R-0586,2025-06-21,19.94,app,delivery,completed
ORD-0249751,R-0586,2025-06-28,16.87,app,pickup,completed
ORD-0249752,R-0586,2025-06-01,22.48,app,pickup,completed
ORD-0249753,R-0586,2025-06-22,12.26,app,delivery,completed
ORD-0249754,R-0586,2025-06-14,20.26,web,delivery,completed
ORD-0249755,R-0586,2025-06-18,12.06,app,delivery,Completed
ORD-0249756,R-0586,2025-06-25,21.51,app,delivery,completed
ORD-0249757,R-0586,2025-06-22,14.40,app,delivery,completed
ORD-0249758,R-0586,2025-06-30,24.67,app,delivery,completed
ORD-0249759,R-0586,2025-06-15,15.91,app,delivery,completed
ORD-0249760,R-0586,2025-06-08,24.46,app,pickup,Completed
ORD-0250910,R-0589,2025-06-22,16.13,web,delivery,completed
ORD-0250911,R-0589,2025-06-04,16.05,app,delivery,completed
ORD-0250912,R-0589,2025-06-20,27.73,web,delivery,completed
ORD-0250913,R-0589,2025-06-16,30.85,app,delivery,completed
ORD-0250914,R-0589,2025-06-09,53.13,web,delivery,completed
ORD-0250915,R-0589,2025-06-26,26.12,web,delivery,completed
ORD-0250916,R-0589,2025-06-11,26.55,app,delivery,completed
ORD-0250917,R-0589,2025-06-29,22.88,web,pickup,completed
ORD-0250918,R-0589,2025-06-07,27.76,app,pickup,completed
ORD-0250919,R-0589,2025-06-15,24.87,app,pickup,completed
ORD-0250920,R-0589,2025-06-02,19.85,web,delivery,completed
ORD-0250921,R-0589,2025-06-21,34.72,web,pickup,completed
ORD-0250922,R-0589,2025-06-01,46.18,app,delivery,completed
ORD-0250923,R-0589,2025-06-12,10.10,web,delivery,completed
ORD-0250924,R-0589,2025-06-19,28.54,app,pickup,completed
ORD-0250925,R-0589,2025-06-07,38.63,app,delivery,completed
ORD-0250926,R-0589,2025-06-15,23.43,web,delivery,COMPLETED
ORD-0250927,R-0589,2025-06-07,43.40,app,delivery,completed
ORD-0250928,R-0589,2025-06-06,23.31,web,delivery,COMPLETED
ORD-0250929,R-0589,2025-06-12,33.99,app,delivery,completed
ORD-0250930,R-0589,2025-06-16,13.43,web,delivery,completed
ORD-0250931,R-0589,2025-06-19,25.31,app,delivery,completed
ORD-0250932,R-0589,2025-06-24,9.92,web,delivery,completed
ORD-0250933,R-0589,2025-06-20,12.11,app,delivery,completed
ORD-0250934,R-0589,2025-06-28,9.86,web,delivery,completed
ORD-0250935,R-0589,2025-06-28,20.37,web,pickup,completed
ORD-0250936,R-0589,2025-06-04,25.26,web,pickup,completed
ORD-0250937,R-0589,2025-06-07,13.17,web,pickup,completed
ORD-0250938,R-0589,2025-06-06,22.92,app,delivery,completed
ORD-0250939,R-0589,2025-06-21,34.70,web,delivery,completed
ORD-0250940,R-0589,2025-06-26,7.65,web,delivery,completed
ORD-0250941,R-0589,2025-06-15,13.53,web,delivery,completed
ORD-0250942,R-0589,2025-06-03,18.05,web,delivery,completed
ORD-0250943,R-0589,2025-06-30,13.43,app,delivery,completed
ORD-0250944,R-0589,2025-06-09,30.15,web,delivery,completed
ORD-0250945,R-0589,2025-06-10,22.87,web,delivery,CANCELLED
ORD-0252603,R-0594,2025-06-14,97.73,app,delivery,completed
ORD-0252604,R-0594,2025-06-03,38.33,app,pickup,Completed
ORD-0252605,R-0594,2025-06-14,38.78,app,delivery,completed
ORD-0252606,R-0594,2025-06-04,30.80,app,delivery,completed
ORD-0252607,R-0594,2025-06-20,35.08,app,pickup,completed
ORD-0252608,R-0594,2025-06-17,45.83,app,delivery,completed
ORD-0252609,R-0594,2025-06-27,51.02,app,delivery,cancelled
ORD-0252610,R-0594,2025-06-13,20.83,web,delivery,completed
ORD-0252611,R-0594,2025-06-07,29.28,app,delivery,completed
ORD-0252612,R-0594,2025-06-30,19.65,app,pickup,completed
ORD-0252613,R-0594,2025-06-15,51.63,app,pickup,completed
ORD-0252614,R-0594,2025-06-07,68.03,app,delivery,completed
ORD-0252615,R-0594,2025-06-29,22.25,app,pickup,completed
ORD-0252616,R-0594,2025-06-08,27.84,app,pickup,completed
ORD-0252617,R-0594,2025-06-20,56.90,app,delivery,completed
ORD-0252618,R-0594,2025-06-21,58.04,app,pickup,completed
ORD-0252619,R-0594,2025-06-13,45.59,app,pickup,completed
ORD-0252620,R-0594,2025-06-28,48.71,app,pickup,completed
ORD-0252621,R-0594,2025-06-23,36.68,app,pickup,Completed
ORD-0252622,R-0594,2025-06-10,31.19,app,delivery,completed
ORD-0252623,R-0594,2025-06-12,33.55,app,delivery,Completed
ORD-0252624,R-0594,2025-06-11,43.25,app,delivery,completed
ORD-0252625,R-0594,2025-06-19,67.47,app,pickup,REFUNDED
ORD-0252626,R-0594,2025-06-17,57.16,app,pickup,Completed
ORD-0252627,R-0594,2025-06-26,46.24,app,pickup,completed
ORD-0252628,R-0594,2025-06-08,46.90,app,delivery,completed
ORD-0252629,R-0594,2025-06-13,25.90,app,pickup,cancelled
ORD-0252630,R-0594,2025-06-19,48.39,app,delivery,completed
ORD-0252631,R-0594,2025-06-06,73.54,web,delivery,COMPLETED
ORD-0252632,R-0594,2025-06-11,43.70,web,pickup,completed
ORD-0252633,R-0594,2025-06-20,63.68,app,pickup,COMPLETED
ORD-0252634,R-0594,2025-06-20,34.54,web,pickup,completed
ORD-0252635,R-0594,2025-06-09,23.65,app,pickup,completed
ORD-0252636,R-0594,2025-06-09,45.13,web,delivery,Completed
ORD-0252637,R-0594,2025-06-06,63.19,app,delivery,completed
ORD-0252638,R-0594,2025-06-21,62.19,app,pickup,completed
ORD-0252639,R-0594,2025-06-05,86.22,app,pickup,completed
ORD-0252640,R-0594,2025-06-28,41.37,app,pickup,completed
ORD-0252641,R-0594,2025-06-23,42.31,app,delivery,completed
ORD-0240451,R-0553,2025-06-13,48.26,web,pickup,Completed
ORD-0237638,R-0549,2025-06-27,10.74,web,delivery,COMPLETED
ORD-0074206,R-0171,2025-06-07,26.70,web,pickup,Completed
ORD-0116067,R-0277,2025-06-17,28.37,app,pickup,completed
ORD-0138805,R-0339,2025-06-19,23.40,web,delivery,completed
ORD-0227587,R-0531,2025-06-19,19.25,web,delivery,COMPLETED
ORD-0199474,R-0451,2025-06-29,46.93,app,pickup,completed
ORD-0219655,R-0513,2025-06-25,23.73,web,delivery,completed
ORD-0189984,R-0434,2025-06-28,34.12,app,delivery,completed
ORD-0252635,R-0594,2025-06-09,23.65,app,pickup,completed
ORD-0006062,R-0010,2025-06-23,42.14,web,pickup,Completed
ORD-0206013,R-0464,2025-06-21,60.27,app,delivery,completed
ORD-0157498,R-0369,2025-06-06,24.44,web,delivery,completed
ORD-0175468,R-0409,2025-06-19,25.93,web,delivery,completed
ORD-0150133,R-0358,2025-06-23,25.73,web,delivery,completed
ORD-0199490,R-0451,2025-06-18,30.21,app,delivery,completed
ORD-0244877,R-0568,2025-06-28,17.46,app,delivery,completed
ORD-0012293,R-0023,2025-06-02,17.83,web,delivery,completed
ORD-0060200,R-0146,2025-06-14,32.68,web,pickup,completed
ORD-0150434,R-0359,2025-06-29,29.47,app,pickup,completed
ORD-0059365,R-0143,2025-06-21,61.78,app,delivery,completed
