order_id,restaurant_id,order_date,order_value_eur,order_channel,fulfilment_type,order_status
ORD-0000019,R-0002,2025-09-14,37.49,web,delivery,COMPLETED
ORD-0000020,R-0002,2025-09-11,15.57,web,delivery,completed
ORD-0000021,R-0002,2025-09-06,17.02,app,pickup,completed
ORD-0000022,R-0002,2025-09-13,29.07,app,pickup,completed
ORD-0000023,R-0002,2025-09-15,25.91,app,delivery,completed
ORD-0000024,R-0002,2025-09-22,33.05,web,delivery,completed
ORD-0000025,R-0002,2025-09-22,27.74,web,delivery,completed
ORD-0000026,R-0002,2025-09-07,35.72,web,delivery,completed
ORD-0000027,R-0002,2025-09-03,18.66,web,pickup,cancelled
ORD-0000028,R-0002,2025-09-11,27.47,web,delivery,completed
ORD-0000029,R-0002,2025-09-06,19.56,app,delivery,Completed
ORD-0000030,R-0002,2025-09-13,33.61,app,pickup,completed
ORD-0000031,R-0002,2025-09-30,15.31,web,delivery,completed
ORD-0000032,R-0002,2025-09-07,33.20,app,delivery,completed
ORD-0000033,R-0002,2025-09-11,17.40,app,delivery,completed
ORD-0000034,R-0002,2025-09-22,24.45,web,delivery,completed
ORD-0000035,R-0002,2025-09-16,36.48,web,delivery,cancelled
ORD-0000036,R-0002,2025-09-03,29.60,web,delivery,completed
ORD-0000037,R-0002,2025-09-06,17.78,app,delivery,completed
ORD-0000038,R-0002,2025-09-28,24.12,web,delivery,completed
ORD-0000039,R-0002,2025-09-05,18.61,app,delivery,completed
ORD-0000040,R-0002,2025-09-20,17.51,app,delivery,completed
ORD-0000041,R-0002,2025-09-25,28.60,web,pickup,completed
ORD-0000042,R-0002,2025-09-09,32.85,web,delivery,completed
ORD-0000043,R-0002,2025-09-22,31.64,web,delivery,completed
ORD-0000044,R-0002,2025-09-06,35.95,web,pickup,completed
ORD-0000045,R-0002,2025-09-10,27.46,web,delivery,completed
ORD-0004171,R-0006,2025-09-30,66.42,web,delivery,completed
ORD-0004172,R-0006,2025-09-02,23.99,app,pickup,completed
ORD-0004173,R-0006,2025-09-03,54.53,app,delivery,completed
ORD-0004174,R-0006,2025-09-26,40.70,app,delivery,completed
ORD-0004175,R-0006,2025-09-09,24.88,app,delivery,Completed
ORD-0004176,R-0006,2025-09-06,22.78,web,delivery,Completed
ORD-0004177,R-0006,2025-09-27,27.30,app,pickup,completed
ORD-0004178,R-0006,2025-09-17,37.87,app,delivery,completed
ORD-0004179,R-0006,2025-09-19,25.19,web,delivery,completed
ORD-0004180,R-0006,2025-09-01,57.35,app,delivery,COMPLETED
ORD-0004181,R-0006,2025-09-08,30.13,app,delivery,completed
ORD-0004182,R-0006,2025-09-08,41.99,app,pickup,completed
ORD-0004183,R-0006,2025-09-23,40.77,app,pickup,completed
ORD-0004184,R-0006,2025-09-12,63.48,web,delivery,completed
ORD-0004185,R-0006,2025-09-18,27.70,web,pickup,completed
ORD-0004186,R-0006,2025-09-28,36.50,app,pickup,completed
ORD-0004187,R-0006,2025-09-30,19.49,app,delivery,completed
ORD-0004188,R-0006,2025-09-05,36.46,web,delivery,completed
ORD-0004189,R-0006,2025-09-18,49.30,app,pickup,completed
ORD-0004190,R-0006,2025-09-21,38.04,app,pickup,completed
ORD-0004191,R-0006,2025-09-24,75.65,app,delivery,completed
ORD-0004192,R-0006,2025-09-28,42.45,app,delivery,completed
ORD-0004193,R-0006,2025-09-22,26.69,app,pickup,completed
ORD-0004194,R-0006,2025-09-21,41.47,app,pickup,completed
ORD-0004195,R-0006,2025-09-03,19.05,app,delivery,completed
ORD-0004196,R-0006,2025-09-17,24.28,web,pickup,completed
ORD-0004778,R-0009,2025-09-28,22.18,web,delivery,completed
ORD-0004779,R-0009,2025-09-26,17.23,app,delivery,completed
ORD-0004780,R-0009,2025-09-24,39.04,app,delivery,completed
ORD-0004781,R-0009,2025-09-29,22.76,app,pickup,completed
ORD-0004782,R-0009,2025-09-27,35.31,app,pickup,cancelled
ORD-0004783,R-0009,2025-09-19,25.12,app,pickup,completed
ORD-0004784,R-0009,2025-09-27,43.11,web,delivery,completed
ORD-0004785,R-0009,2025-09-27,19.14,web,delivery,completed
ORD-0004786,R-0009,2025-09-25,38.74,app,delivery,completed
ORD-0004787,R-0009,2025-09-20,37.95,web,pickup,completed
ORD-0004788,R-0009,2025-09-20,14.34,web,pickup,completed
ORD-0004789,R-0009,2025-09-30,21.08,web,delivery,completed
ORD-0004790,R-0009,2025-09-23,36.79,web,delivery,completed
ORD-0004791,R-0009,2025-09-24,45.99,app,delivery,completed
ORD-0004792,R-0009,2025-09-26,35.57,app,delivery,completed
ORD-0004793,R-0009,2025-09-19,23.78,app,delivery,completed
ORD-0004794,R-0009,2025-09-19,19.34,app,delivery,completed
ORD-0004795,R-0009,2025-09-20,33.71,app,delivery,completed
ORD-0004796,R-0009,2025-09-18,21.79,app,pickup,completed
ORD-0004797,R-0009,2025-09-29,22.13,app,pickup,completed
ORD-0004798,R-0009,2025-09-19,25.32,app,pickup,completed
ORD-0004799,R-0009,2025-09-20,37.78,app,delivery,Completed
ORD-0004800,R-0009,2025-09-25,48.89,app,delivery,completed
ORD-0004801,R-0009,2025-09-29,36.87,app,delivery,completed
ORD-0006382,R-0010,2025-09-19,30.18,web,pickup,completed
ORD-0006383,R-0010,2025-09-03,64.14,web,pickup,COMPLETED
ORD-0006384,R-0010,2025-09-09,43.97,web,delivery,completed
ORD-0006385,R-0010,2025-09-01,53.27,web,pickup,completed
ORD-0006386,R-0010,2025-09-27,72.58,app,pickup,completed
ORD-0006387,R-0010,2025-09-13,22.45,web,delivery,completed
ORD-0006388,R-0010,2025-09-19,58.33,web,delivery,completed
ORD-0006389,R-0010,2025-09-21,43.33,app,pickup,completed
ORD-0006390,R-0010,2025-09-09,62.46,web,pickup,completed
ORD-0006391,R-0010,2025-09-05,34.14,web,pickup,completed
ORD-0006392,R-0010,2025-09-18,60.54,web,pickup,Completed
ORD-0006393,R-0010,2025-09-27,31.05,web,delivery,REFUNDED
ORD-0006394,R-0010,2025-09-27,53.56,web,delivery,Completed
ORD-0006395,R-0010,2025-09-10,47.45,web,delivery,completed
ORD-0006396,R-0010,2025-09-09,40.25,web,delivery,completed
ORD-0006397,R-0010,2025-09-12,31.31,web,pickup,completed
ORD-0006398,R-0010,2025-09-08,37.16,web,pickup,Completed
ORD-0006399,R-0010,2025-09-29,60.25,web,pickup,completed
ORD-0006400,R-0010,2025-09-02,74.44,app,pickup,completed
ORD-0006401,R-0010,2025-09-06,95.72,web,pickup,Completed
ORD-0006402,R-0010,2025-09-02,51.95,app,pickup,completed
ORD-0006403,R-0010,2025-09-26,50.62,web,pickup,completed
ORD-0006404,R-0010,2025-09-14,54.50,app,delivery,completed
ORD-0006405,R-0010,2025-09-07,94.81,web,pickup,completed
ORD-0006406,R-0010,2025-09-13,55.98,web,delivery,completed
ORD-0006407,R-0010,2025-09-04,44.07,web,pickup,completed
ORD-0006408,R-0010,2025-09-05,41.56,app,pickup,cancelled
ORD-0006409,R-0010,2025-09-28,43.40,app,delivery,completed
ORD-0006410,R-0010,2025-09-21,53.24,app,delivery,completed
ORD-0006411,R-0010,2025-09-20,34.78,web,delivery,completed
ORD-0006412,R-0010,2025-09-14,36.45,app,pickup,refunded
ORD-0006413,R-0010,2025-09-15,41.65,web,delivery,Completed
ORD-0006414,R-0010,2025-09-24,36.02,app,delivery,completed
ORD-0006415,R-0010,2025-09-03,53.33,web,delivery,completed
ORD-0006416,R-0010,2025-09-20,59.29,web,delivery,completed
ORD-0006417,R-0010,2025-09-17,47.06,web,pickup,completed
ORD-0006418,R-0010,2025-09-10,51.24,app,pickup,completed
ORD-0006419,R-0010,2025-09-07,48.14,web,delivery,completed
ORD-0006420,R-0010,2025-09-26,11.15,web,pickup,completed
ORD-0006421,R-0010,2025-09-28,33.20,app,delivery,completed
ORD-0006422,R-0010,2025-09-04,55.59,web,pickup,completed
ORD-0006423,R-0010,2025-09-06,33.66,web,pickup,completed
ORD-0006424,R-0010,2025-09-20,63.45,web,pickup,completed
ORD-0006425,R-0010,2025-09-24,60.00,web,delivery,completed
ORD-0006426,R-0010,2025-09-15,38.63,app,pickup,completed
ORD-0006427,R-0010,2025-09-28,36.94,web,delivery,completed
ORD-0006428,R-0010,2025-09-27,46.24,web,delivery,completed
ORD-0006429,R-0010,2025-09-05,45.32,web,delivery,cancelled
ORD-0006430,R-0010,2025-09-05,58.25,web,delivery,completed
ORD-0006431,R-0010,2025-09-04,17.77,app,delivery,completed
ORD-0006432,R-0010,2025-09-27,35.01,app,pickup,completed
ORD-0006433,R-0010,2025-09-18,29.21,web,delivery,completed
ORD-0006434,R-0010,2025-09-28,17.96,web,delivery,COMPLETED
ORD-0006435,R-0010,2025-09-22,35.45,app,delivery,completed
ORD-0006436,R-0010,2025-09-22,24.34,web,delivery,completed
ORD-0006437,R-0010,2025-09-05,39.85,app,pickup,completed
ORD-0006438,R-0010,2025-09-05,38.38,web,pickup,completed
ORD-0006439,R-0010,2025-09-28,54.59,web,pickup,completed
ORD-0006440,R-0010,2025-09-15,38.85,web,pickup,completed
ORD-0006441,R-0010,2025-09-30,22.65,app,pickup,completed
ORD-0006442,R-0010,2025-09-11,48.57,app,delivery,COMPLETED
ORD-0006443,R-0010,2025-09-19,113.94,app,delivery,completed
ORD-0006444,R-0010,2025-09-18,63.79,web,delivery,completed
ORD-0006445,R-0010,2025-09-03,55.00,web,delivery,completed
ORD-0006446,R-0010,2025-09-16,39.65,app,pickup,completed
ORD-0006447,R-0010,2025-09-28,38.34,app,pickup,completed
ORD-0006448,R-0010,2025-09-14,37.36,web,delivery,completed
ORD-0006449,R-0010,2025-09-14,50.41,app,delivery,completed
ORD-0006450,R-0010,2025-09-21,30.12,web,pickup,completed
ORD-0006451,R-0010,2025-09-24,46.33,web,pickup,completed
ORD-0006452,R-0010,2025-09-26,35.94,web,pickup,completed
ORD-0006453,R-0010,2025-09-14,24.26,web,pickup,completed
ORD-0006454,R-0010,2025-09-14,35.75,web,pickup,completed
ORD-0006455,R-0010,2025-09-14,73.58,app,delivery,completed
ORD-0006456,R-0010,2025-09-29,44.93,web,delivery,completed
ORD-0006457,R-0010,2025-09-28,12.19,web,delivery,completed
ORD-0006458,R-0010,2025-09-19,35.81,web,pickup,completed
ORD-0006459,R-0010,2025-09-09,59.81,app,pickup,COMPLETED
ORD-0006460,R-0010,2025-09-27,41.21,app,pickup,completed
ORD-0006461,R-0010,2025-09-06,56.05,web,delivery,completed
ORD-0006462,R-0010,2025-09-04,36.79,web,delivery,completed
ORD-0006463,R-0010,2025-09-13,49.36,web,delivery,completed
ORD-0006464,R-0010,2025-09-21,46.68,app,delivery,completed
ORD-0006465,R-0010,2025-09-03,33.50,web,pickup,completed
ORD-0006466,R-0010,2025-09-10,52.83,web,pickup,completed
ORD-0006467,R-0010,2025-09-24,75.67,app,pickup,Completed
ORD-0006468,R-0010,2025-09-20,53.20,web,delivery,Completed
ORD-0006469,R-0010,2025-09-04,44.35,web,pickup,completed
ORD-0006470,R-0010,2025-09-06,33.61,web,pickup,completed
ORD-0006471,R-0010,2025-09-22,60.60,web,pickup,completed
ORD-0006472,R-0010,2025-09-05,38.05,web,delivery,completed
ORD-0006473,R-0010,2025-09-01,52.62,web,delivery,completed
ORD-0006474,R-0010,2025-09-30,56.73,web,delivery,completed
ORD-0006475,R-0010,2025-09-19,66.67,web,delivery,completed
ORD-0006476,R-0010,2025-09-13,67.13,web,delivery,completed
ORD-0006477,R-0010,2025-09-19,66.23,web,pickup,completed
ORD-0006478,R-0010,2025-09-20,28.79,web,delivery,completed
ORD-0006479,R-0010,2025-09-15,30.93,app,delivery,completed
ORD-0006480,R-0010,2025-09-20,27.57,app,delivery,cancelled
ORD-0006481,R-0010,2025-09-21,26.88,web,pickup,cancelled
ORD-0006482,R-0010,2025-09-06,81.53,app,delivery,completed
ORD-0006483,R-0010,2025-09-13,31.86,web,delivery,completed
ORD-0006484,R-0010,2025-09-10,27.99,web,pickup,completed
ORD-0006485,R-0010,2025-09-25,41.78,web,delivery,completed
ORD-0006486,R-0010,2025-09-24,32.27,web,delivery,completed
ORD-0006487,R-0010,2025-09-25,99.45,app,pickup,cancelled
ORD-0006488,R-0010,2025-09-13,41.59,web,delivery,cancelled
ORD-0006489,R-0010,2025-09-18,50.39,web,pickup,completed
ORD-0006490,R-0010,2025-09-21,34.40,app,pickup,COMPLETED
ORD-0006491,R-0010,2025-09-11,22.90,web,delivery,completed
ORD-0006492,R-0010,2025-09-30,32.48,web,delivery,completed
ORD-0006493,R-0010,2025-09-12,35.22,web,delivery,completed
ORD-0006494,R-0010,2025-09-17,32.52,web,delivery,completed
ORD-0006495,R-0010,2025-09-26,25.32,app,delivery,completed
ORD-0006496,R-0010,2025-09-23,44.89,web,delivery,completed
ORD-0006497,R-0010,2025-09-16,37.61,app,delivery,completed
ORD-0006498,R-0010,2025-09-13,25.87,web,pickup,completed
ORD-0006499,R-0010,2025-09-20,47.94,web,pickup,completed
ORD-0006500,R-0010,2025-09-13,61.28,app,pickup,completed
ORD-0006501,R-0010,2025-09-19,72.12,web,delivery,completed
ORD-0006502,R-0010,2025-09-25,17.25,app,delivery,completed
ORD-0006503,R-0010,2025-09-05,35.05,app,delivery,completed
ORD-0006504,R-0010,2025-09-21,27.59,web,delivery,completed
ORD-0006505,R-0010,2025-09-03,33.42,web,delivery,completed
ORD-0006506,R-0010,2025-09-22,71.72,web,delivery,completed
ORD-0006507,R-0010,2025-09-07,35.10,app,pickup,completed
ORD-0006508,R-0010,2025-09-15,35.71,web,delivery,completed
ORD-0006509,R-0010,2025-09-09,31.28,app,delivery,completed
ORD-0006510,R-0010,2025-09-11,78.39,app,pickup,COMPLETED
ORD-0006511,R-0010,2025-09-20,19.49,app,delivery,Cancelled
ORD-0006512,R-0010,2025-09-13,37.41,app,pickup,completed
ORD-0006513,R-0010,2025-09-15,30.86,web,pickup,completed
ORD-0006514,R-0010,2025-09-30,22.40,web,delivery,completed
ORD-0006515,R-0010,2025-09-05,69.59,app,delivery,completed
ORD-0006516,R-0010,2025-09-12,23.47,web,pickup,completed
ORD-0006517,R-0010,2025-09-17,35.92,app,pickup,completed
ORD-0006518,R-0010,2025-09-25,41.42,web,pickup,completed
ORD-0006519,R-0010,2025-09-09,32.21,web,delivery,completed
ORD-0006520,R-0010,2025-09-13,24.08,app,pickup,refunded
ORD-0006521,R-0010,2025-09-26,43.26,web,delivery,COMPLETED
ORD-0006522,R-0010,2025-09-17,32.08,app,delivery,COMPLETED
ORD-0006523,R-0010,2025-09-26,62.35,web,delivery,completed
ORD-0006524,R-0010,2025-09-03,51.75,web,pickup,completed
ORD-0006525,R-0010,2025-09-09,88.30,web,delivery,completed
ORD-0006526,R-0010,2025-09-18,44.45,app,pickup,completed
ORD-0006527,R-0010,2025-09-05,57.44,web,delivery,completed
ORD-0006528,R-0010,2025-09-15,37.30,web,pickup,COMPLETED
ORD-0006529,R-0010,2025-09-01,80.94,web,delivery,completed
ORD-0006530,R-0010,2025-09-16,42.82,web,pickup,completed
ORD-0006531,R-0010,2025-09-28,44.34,web,pickup,completed
ORD-0009058,R-0013,2025-09-16,17.03,app,pickup,Completed
ORD-0009059,R-0013,2025-09-12,41.30,web,delivery,completed
ORD-0009060,R-0013,2025-09-15,20.96,app,delivery,completed
ORD-0009061,R-0013,2025-09-05,17.59,web,delivery,completed
ORD-0009062,R-0013,2025-09-16,22.13,web,delivery,completed
ORD-0009063,R-0013,2025-09-17,16.47,web,pickup,completed
ORD-0009064,R-0013,2025-09-18,15.61,app,delivery,completed
ORD-0009065,R-0013,2025-09-07,22.94,app,delivery,completed
ORD-0009066,R-0013,2025-09-07,20.07,web,delivery,completed
ORD-0009067,R-0013,2025-09-12,28.33,app,delivery,completed
ORD-0009068,R-0013,2025-09-17,29.43,app,delivery,refunded
ORD-0009069,R-0013,2025-09-11,20.75,web,delivery,completed
ORD-0009070,R-0013,2025-09-21,37.61,web,delivery,completed
ORD-0009071,R-0013,2025-09-19,23.45,app,delivery,completed
ORD-0009072,R-0013,2025-09-05,28.26,web,delivery,completed
ORD-0009429,R-0015,2025-09-26,20.77,app,pickup,completed
ORD-0009430,R-0015,2025-09-16,42.89,web,pickup,completed
ORD-0009431,R-0015,2025-09-23,24.15,web,delivery,completed
ORD-0009432,R-0015,2025-09-25,38.08,web,pickup,completed
ORD-0009433,R-0015,2025-09-20,32.94,web,pickup,completed
ORD-0009434,R-0015,2025-09-13,25.31,app,pickup,completed
ORD-0009435,R-0015,2025-09-19,39.82,web,pickup,completed
ORD-0009436,R-0015,2025-09-21,161.05,web,pickup,completed
ORD-0009437,R-0015,2025-09-26,15.64,app,delivery,cancelled
ORD-0009438,R-0015,2025-09-17,22.56,app,pickup,Completed
ORD-0009439,R-0015,2025-09-27,14.56,app,delivery,refunded
ORD-0009440,R-0015,2025-09-12,30.81,app,delivery,completed
ORD-0009441,R-0015,2025-09-23,26.26,web,pickup,completed
ORD-0009442,R-0015,2025-09-19,60.22,web,pickup,completed
ORD-0009443,R-0015,2025-09-04,21.25,app,delivery,COMPLETED
ORD-0009444,R-0015,2025-09-16,36.11,app,pickup,completed
ORD-0009445,R-0015,2025-09-24,9.55,app,pickup,completed
ORD-0009446,R-0015,2025-09-20,27.45,web,delivery,CANCELLED
ORD-0009447,R-0015,2025-09-18,16.24,web,pickup,completed
ORD-0009448,R-0015,2025-09-25,30.84,app,delivery,completed
ORD-0009449,R-0015,2025-09-27,42.56,app,pickup,completed
ORD-0009450,R-0015,2025-09-05,19.74,app,delivery,completed
ORD-0009451,R-0015,2025-09-08,30.15,web,pickup,completed
ORD-0009452,R-0015,2025-09-30,20.34,web,delivery,completed
ORD-0009453,R-0015,2025-09-08,24.28,app,pickup,completed
ORD-0009454,R-0015,2025-09-26,30.76,web,pickup,completed
ORD-0009455,R-0015,2025-09-17,15.31,web,delivery,completed
ORD-0009456,R-0015,2025-09-12,16.57,app,pickup,completed
ORD-0009457,R-0015,2025-09-22,34.79,app,delivery,completed
ORD-0009458,R-0015,2025-09-23,17.67,web,pickup,completed
ORD-0009459,R-0015,2025-09-09,41.69,web,pickup,completed
ORD-0009460,R-0015,2025-09-01,10.92,web,pickup,completed
ORD-0009461,R-0015,2025-09-24,35.85,web,pickup,completed
ORD-0009462,R-0015,2025-09-21,25.78,app,pickup,completed
ORD-0009463,R-0015,2025-09-05,24.65,app,delivery,completed
ORD-0009464,R-0015,2025-09-02,25.37,app,pickup,completed
ORD-0009465,R-0015,2025-09-20,13.62,app,pickup,completed
ORD-0009466,R-0015,2025-09-19,42.02,web,pickup,completed
ORD-0009467,R-0015,2025-09-24,19.69,web,pickup,completed
ORD-0009468,R-0015,2025-09-27,17.81,app,delivery,completed
ORD-0009469,R-0015,2025-09-20,66.38,app,pickup,completed
ORD-0009470,R-0015,2025-09-20,22.04,web,pickup,Completed
ORD-0009471,R-0015,2025-09-16,16.28,web,pickup,COMPLETED
ORD-0009472,R-0015,2025-09-18,33.97,app,delivery,COMPLETED
ORD-0009473,R-0015,2025-09-29,26.70,web,delivery,completed
ORD-0009474,R-0015,2025-09-02,37.04,web,pickup,COMPLETED
ORD-0009475,R-0015,2025-09-17,24.67,web,pickup,completed
ORD-0009476,R-0015,2025-09-08,36.16,web,pickup,completed
ORD-0009477,R-0015,2025-09-22,58.51,web,pickup,completed
ORD-0009478,R-0015,2025-09-23,17.06,web,pickup,completed
ORD-0009479,R-0015,2025-09-09,19.45,web,delivery,Completed
ORD-0009480,R-0015,2025-09-23,11.78,web,pickup,completed
ORD-0009481,R-0015,2025-09-20,30.34,app,pickup,completed
ORD-0009482,R-0015,2025-09-28,27.13,app,delivery,completed
ORD-0009483,R-0015,2025-09-25,41.38,web,pickup,completed
ORD-0009484,R-0015,2025-09-24,23.49,app,pickup,completed
ORD-0009485,R-0015,2025-09-05,24.75,web,delivery,completed
ORD-0009486,R-0015,2025-09-30,25.92,app,pickup,completed
ORD-0009487,R-0015,2025-09-25,21.46,web,pickup,completed
ORD-0009488,R-0015,2025-09-26,30.19,app,pickup,refunded
ORD-0009489,R-0015,2025-09-23,26.27,web,pickup,completed
ORD-0009490,R-0015,2025-09-26,32.54,web,pickup,completed
ORD-0009491,R-0015,2025-09-19,23.24,app,pickup,completed
ORD-0009492,R-0015,2025-09-01,30.27,app,delivery,completed
ORD-0009493,R-0015,2025-09-14,33.67,app,pickup,completed
ORD-0009494,R-0015,2025-09-08,20.61,app,delivery,completed
ORD-0009495,R-0015,2025-09-10,22.95,app,pickup,completed
ORD-0009496,R-0015,2025-09-09,22.02,app,pickup,completed
ORD-0009497,R-0015,2025-09-20,15.00,web,pickup,completed
ORD-0009498,R-0015,2025-09-24,19.22,app,pickup,completed
ORD-0009499,R-0015,2025-09-27,35.86,app,pickup,completed
ORD-0009500,R-0015,2025-09-27,37.23,app,delivery,completed
ORD-0009501,R-0015,2025-09-01,27.59,web,pickup,COMPLETED
ORD-0009502,R-0015,2025-09-23,15.25,app,delivery,completed
ORD-0009503,R-0015,2025-09-28,39.46,app,pickup,completed
ORD-0009504,R-0015,2025-09-24,53.59,app,delivery,completed
ORD-0009505,R-0015,2025-09-05,33.32,app,delivery,completed
ORD-0009506,R-0015,2025-09-29,23.75,web,pickup,refunded
ORD-0009507,R-0015,2025-09-16,16.28,web,pickup,cancelled
ORD-0009508,R-0015,2025-09-18,23.64,web,pickup,completed
ORD-0010541,R-0017,2025-09-25,21.35,web,delivery,completed
ORD-0010542,R-0017,2025-09-06,49.64,web,delivery,cancelled
ORD-0010543,R-0017,2025-09-11,24.34,web,delivery,completed
ORD-0010544,R-0017,2025-09-23,28.93,app,delivery,completed
ORD-0010545,R-0017,2025-09-27,50.69,web,delivery,completed
ORD-0010546,R-0017,2025-09-26,30.16,web,pickup,completed
ORD-0010547,R-0017,2025-09-29,34.52,web,delivery,completed
ORD-0010548,R-0017,2025-09-25,32.31,web,pickup,completed
ORD-0010549,R-0017,2025-09-29,24.48,web,delivery,completed
ORD-0010550,R-0017,2025-09-28,25.98,web,delivery,completed
ORD-0010551,R-0017,2025-09-20,42.07,web,delivery,completed
ORD-0010552,R-0017,2025-09-21,29.23,app,delivery,completed
ORD-0010553,R-0017,2025-09-10,19.92,web,delivery,completed
ORD-0010554,R-0017,2025-09-27,40.81,web,pickup,completed
ORD-0010555,R-0017,2025-09-21,12.23,web,pickup,completed
ORD-0010556,R-0017,2025-09-27,47.50,web,pickup,completed
ORD-0010557,R-0017,2025-09-07,27.67,app,delivery,completed
ORD-0010558,R-0017,2025-09-12,29.37,app,pickup,completed
ORD-0010559,R-0017,2025-09-04,27.83,app,delivery,completed
ORD-0010560,R-0017,2025-09-28,44.03,web,pickup,completed
ORD-0010561,R-0017,2025-09-25,28.62,web,delivery,completed
ORD-0010562,R-0017,2025-09-24,26.94,web,pickup,completed
ORD-0010563,R-0017,2025-09-13,21.89,web,pickup,completed
ORD-0010564,R-0017,2025-09-01,21.81,web,delivery,completed
ORD-0010565,R-0017,2025-09-29,33.02,web,delivery,completed
ORD-0010566,R-0017,2025-09-12,31.37,web,pickup,Completed
ORD-0010567,R-0017,2025-09-08,45.47,app,pickup,completed
ORD-0010568,R-0017,2025-09-26,22.83,app,delivery,completed
ORD-0010569,R-0017,2025-09-07,20.58,app,delivery,completed
ORD-0010570,R-0017,2025-09-06,32.12,web,pickup,Completed
ORD-0010571,R-0017,2025-09-14,28.54,web,pickup,completed
ORD-0010572,R-0017,2025-09-14,20.30,web,delivery,completed
ORD-0010573,R-0017,2025-09-27,25.00,app,pickup,completed
ORD-0010574,R-0017,2025-09-30,33.66,web,delivery,completed
ORD-0010575,R-0017,2025-09-08,18.11,web,delivery,cancelled
ORD-0010576,R-0017,2025-09-06,20.68,web,delivery,cancelled
ORD-0010577,R-0017,2025-09-14,23.45,app,delivery,completed
ORD-0010578,R-0017,2025-09-14,23.59,web,delivery,completed
ORD-0010579,R-0017,2025-09-26,37.35,app,pickup,completed
ORD-0010580,R-0017,2025-09-04,22.89,web,delivery,completed
ORD-0010581,R-0017,2025-09-06,48.28,app,pickup,completed
ORD-0010582,R-0017,2025-09-07,21.29,web,pickup,completed
ORD-0010583,R-0017,2025-09-04,30.34,web,delivery,completed
ORD-0010584,R-0017,2025-09-03,26.80,app,delivery,completed
ORD-0010585,R-0017,2025-09-16,27.16,web,delivery,Completed
ORD-0010586,R-0017,2025-09-27,13.79,web,pickup,completed
ORD-0010587,R-0017,2025-09-26,20.94,web,delivery,REFUNDED
ORD-0010588,R-0017,2025-09-06,27.84,web,delivery,completed
ORD-0010589,R-0017,2025-09-05,16.03,web,pickup,completed
ORD-0010590,R-0017,2025-09-19,11.97,app,pickup,completed
ORD-0010591,R-0017,2025-09-11,18.59,web,delivery,completed
ORD-0010592,R-0017,2025-09-16,30.08,app,pickup,completed
ORD-0010593,R-0017,2025-09-22,31.40,app,delivery,completed
ORD-0010594,R-0017,2025-09-27,20.15,web,delivery,completed
ORD-0010595,R-0017,2025-09-06,27.55,app,pickup,completed
ORD-0010596,R-0017,2025-09-03,30.89,web,pickup,completed
ORD-0010597,R-0017,2025-09-07,43.96,web,pickup,completed
ORD-0010598,R-0017,2025-09-18,40.22,app,pickup,completed
ORD-0010599,R-0017,2025-09-04,35.86,app,pickup,completed
ORD-0010600,R-0017,2025-09-11,23.00,web,pickup,completed
ORD-0010601,R-0017,2025-09-10,26.72,web,delivery,completed
ORD-0010602,R-0017,2025-09-05,29.95,web,delivery,completed
ORD-0010603,R-0017,2025-09-30,25.39,web,delivery,completed
ORD-0010604,R-0017,2025-09-26,19.23,web,pickup,completed
ORD-0010605,R-0017,2025-09-19,45.55,web,delivery,completed
ORD-0010606,R-0017,2025-09-27,33.45,web,delivery,completed
ORD-0010607,R-0017,2025-09-09,35.41,web,delivery,completed
ORD-0010608,R-0017,2025-09-26,35.87,app,pickup,completed
ORD-0012586,R-0023,2025-09-27,15.57,app,delivery,completed
ORD-0012587,R-0023,2025-09-15,16.85,web,pickup,completed
ORD-0012588,R-0023,2025-09-07,27.80,app,pickup,completed
ORD-0012589,R-0023,2025-09-26,28.73,web,pickup,completed
ORD-0012590,R-0023,2025-09-06,8.94,app,pickup,completed
ORD-0012591,R-0023,2025-09-29,25.00,app,pickup,completed
ORD-0012592,R-0023,2025-09-28,15.03,web,delivery,completed
ORD-0012593,R-0023,2025-09-12,23.43,web,delivery,completed
ORD-0012594,R-0023,2025-09-26,10.77,web,delivery,completed
ORD-0012595,R-0023,2025-09-27,30.60,app,delivery,completed
ORD-0012596,R-0023,2025-09-12,28.10,web,delivery,completed
ORD-0012597,R-0023,2025-09-27,15.15,app,delivery,completed
ORD-0012598,R-0023,2025-09-20,25.10,app,delivery,completed
ORD-0012599,R-0023,2025-09-11,19.40,app,pickup,COMPLETED
ORD-0012600,R-0023,2025-09-14,27.29,web,pickup,completed
ORD-0012601,R-0023,2025-09-28,12.04,app,pickup,completed
ORD-0012602,R-0023,2025-09-20,12.92,app,delivery,COMPLETED
ORD-0012603,R-0023,2025-09-20,15.74,app,pickup,completed
ORD-0012604,R-0023,2025-09-22,19.29,app,delivery,completed
ORD-0012605,R-0023,2025-09-23,38.56,app,delivery,completed
ORD-0012606,R-0023,2025-09-11,21.15,web,delivery,completed
ORD-0012607,R-0023,2025-09-26,31.40,app,delivery,completed
ORD-0012608,R-0023,2025-09-19,14.83,app,pickup,cancelled
ORD-0012609,R-0023,2025-09-29,15.56,app,pickup,completed
ORD-0012610,R-0023,2025-09-18,14.92,app,delivery,completed
ORD-0012611,R-0023,2025-09-06,19.61,app,delivery,completed
ORD-0012612,R-0023,2025-09-03,25.92,app,pickup,completed
ORD-0012613,R-0023,2025-09-21,18.53,web,delivery,completed
ORD-0012614,R-0023,2025-09-18,17.39,app,delivery,completed
ORD-0012615,R-0023,2025-09-27,27.02,web,delivery,COMPLETED
ORD-0012616,R-0023,2025-09-26,17.27,app,delivery,completed
ORD-0012617,R-0023,2025-09-12,15.47,app,pickup,completed
ORD-0012618,R-0023,2025-09-30,17.16,app,pickup,completed
ORD-0012619,R-0023,2025-09-26,45.10,app,delivery,completed
ORD-0012620,R-0023,2025-09-03,28.31,web,delivery,completed
ORD-0012621,R-0023,2025-09-11,43.02,app,delivery,completed
ORD-0012622,R-0023,2025-09-20,12.45,web,delivery,completed
ORD-0012623,R-0023,2025-09-02,23.13,app,delivery,completed
ORD-0012624,R-0023,2025-09-10,16.90,app,pickup,Completed
ORD-0012625,R-0023,2025-09-18,17.32,app,pickup,completed
ORD-0012626,R-0023,2025-09-29,10.45,app,delivery,COMPLETED
ORD-0012627,R-0023,2025-09-27,36.33,app,pickup,Completed
ORD-0012628,R-0023,2025-09-02,10.10,app,delivery,completed
ORD-0012629,R-0023,2025-09-25,28.41,app,delivery,completed
ORD-0012630,R-0023,2025-09-05,18.09,app,delivery,Completed
ORD-0012631,R-0023,2025-09-28,14.62,app,delivery,completed
ORD-0012632,R-0023,2025-09-20,14.36,web,delivery,completed
ORD-0012633,R-0023,2025-09-05,21.72,app,delivery,completed
ORD-0012634,R-0023,2025-09-30,16.94,app,delivery,completed
ORD-0012635,R-0023,2025-09-05,21.32,web,delivery,completed
ORD-0012636,R-0023,2025-09-06,9.40,web,delivery,completed
ORD-0012637,R-0023,2025-09-03,8.42,app,delivery,completed
ORD-0012638,R-0023,2025-09-12,10.06,app,delivery,refunded
ORD-0012639,R-0023,2025-09-06,29.60,app,delivery,cancelled
ORD-0012640,R-0023,2025-09-30,35.76,app,delivery,COMPLETED
ORD-0012641,R-0023,2025-09-17,17.67,app,delivery,completed
ORD-0012642,R-0023,2025-09-24,26.76,web,delivery,completed
ORD-0012643,R-0023,2025-09-10,22.72,web,delivery,completed
ORD-0012644,R-0023,2025-09-08,31.87,app,delivery,COMPLETED
ORD-0012645,R-0023,2025-09-15,32.35,web,delivery,completed
ORD-0012646,R-0023,2025-09-24,11.84,app,delivery,completed
ORD-0012647,R-0023,2025-09-20,23.03,app,pickup,cancelled
ORD-0012648,R-0023,2025-09-15,28.03,web,delivery,completed
ORD-0012649,R-0023,2025-09-05,30.32,app,delivery,completed
ORD-0012650,R-0023,2025-09-15,27.01,app,delivery,completed
ORD-0012651,R-0023,2025-09-20,20.99,app,pickup,completed
ORD-0012652,R-0023,2025-09-03,26.03,app,pickup,completed
ORD-0012653,R-0023,2025-09-19,11.86,web,pickup,completed
ORD-0012654,R-0023,2025-09-29,11.20,app,delivery,completed
ORD-0012655,R-0023,2025-09-07,39.59,app,delivery,completed
ORD-0012656,R-0023,2025-09-07,33.30,web,delivery,completed
ORD-0012657,R-0023,2025-09-14,40.82,app,delivery,completed
ORD-0012658,R-0023,2025-09-22,18.49,web,delivery,completed
ORD-0012659,R-0023,2025-09-15,13.17,app,delivery,completed
ORD-0012660,R-0023,2025-09-05,19.70,app,delivery,completed
ORD-0012661,R-0023,2025-09-22,43.74,web,delivery,COMPLETED
ORD-0012662,R-0023,2025-09-17,13.95,web,delivery,completed
ORD-0012663,R-0023,2025-09-24,18.34,app,delivery,COMPLETED
ORD-0012664,R-0023,2025-09-08,32.52,web,delivery,completed
ORD-0012665,R-0023,2025-09-30,20.36,app,pickup,completed
ORD-0012666,R-0023,2025-09-06,18.14,app,delivery,completed
ORD-0012667,R-0023,2025-09-29,26.89,app,delivery,COMPLETED
ORD-0012668,R-0023,2025-09-04,16.19,app,delivery,completed
ORD-0012669,R-0023,2025-09-08,23.98,app,delivery,completed
ORD-0012670,R-0023,2025-09-05,7.88,web,delivery,completed
ORD-0012671,R-0023,2025-09-26,10.35,app,pickup,completed
ORD-0012672,R-0023,2025-09-21,19.32,app,delivery,completed
ORD-0012673,R-0023,2025-09-16,34.12,web,delivery,completed
ORD-0012674,R-0023,2025-09-28,19.89,app,pickup,completed
ORD-0012675,R-0023,2025-09-06,20.82,app,delivery,completed
ORD-0012676,R-0023,2025-09-12,23.58,app,delivery,completed
ORD-0012677,R-0023,2025-09-01,16.63,app,delivery,completed
ORD-0012678,R-0023,2025-09-13,10.97,app,delivery,completed
ORD-0012679,R-0023,2025-09-03,26.16,web,delivery,completed
ORD-0012680,R-0023,2025-09-07,23.74,web,delivery,completed
ORD-0012681,R-0023,2025-09-06,24.50,app,delivery,completed
ORD-0012682,R-0023,2025-09-18,12.45,web,delivery,completed
ORD-0012683,R-0023,2025-09-10,36.93,web,delivery,completed
ORD-0012684,R-0023,2025-09-04,16.51,app,delivery,REFUNDED
ORD-0012685,R-0023,2025-09-20,38.34,web,pickup,completed
ORD-0012686,R-0023,2025-09-06,8.93,app,delivery,Completed
ORD-0012687,R-0023,2025-09-07,17.85,web,delivery,completed
ORD-0012688,R-0023,2025-09-18,36.87,app,delivery,COMPLETED
ORD-0012689,R-0023,2025-09-30,18.58,app,delivery,completed
ORD-0012690,R-0023,2025-09-26,7.74,app,pickup,completed
ORD-0012691,R-0023,2025-09-25,13.27,app,delivery,completed
ORD-0012692,R-0023,2025-09-20,23.88,app,delivery,completed
ORD-0012693,R-0023,2025-09-10,35.57,web,delivery,completed
ORD-0012694,R-0023,2025-09-19,18.90,app,delivery,cancelled
ORD-0012695,R-0023,2025-09-25,30.92,app,delivery,completed
ORD-0012696,R-0023,2025-09-06,25.03,app,delivery,completed
ORD-0012697,R-0023,2025-09-29,16.63,app,delivery,COMPLETED
ORD-0012698,R-0023,2025-09-25,27.24,app,delivery,completed
ORD-0012699,R-0023,2025-09-18,29.25,app,delivery,Completed
ORD-0012700,R-0023,2025-09-15,17.50,web,delivery,completed
ORD-0012701,R-0023,2025-09-23,14.65,app,delivery,completed
ORD-0012702,R-0023,2025-09-29,10.12,app,pickup,completed
ORD-0012703,R-0023,2025-09-08,23.40,web,delivery,completed
ORD-0012704,R-0023,2025-09-04,15.54,app,delivery,completed
ORD-0012705,R-0023,2025-09-20,26.38,web,delivery,completed
ORD-0012706,R-0023,2025-09-12,24.00,app,delivery,completed
ORD-0012707,R-0023,2025-09-09,22.77,web,pickup,completed
ORD-0012708,R-0023,2025-09-13,19.88,app,delivery,completed
ORD-0012709,R-0023,2025-09-19,12.59,web,delivery,completed
ORD-0012710,R-0023,2025-09-06,25.85,web,delivery,cancelled
ORD-0012711,R-0023,2025-09-14,30.04,app,delivery,cancelled
ORD-0012712,R-0023,2025-09-14,55.40,app,delivery,completed
ORD-0012713,R-0023,2025-09-07,16.66,app,delivery,cancelled
ORD-0012714,R-0023,2025-09-01,12.80,web,delivery,cancelled
ORD-0012715,R-0023,2025-09-07,13.16,app,pickup,COMPLETED
ORD-0012716,R-0023,2025-09-01,19.30,web,delivery,completed
ORD-0012717,R-0023,2025-09-02,27.41,app,delivery,completed
ORD-0012718,R-0023,2025-09-18,28.43,app,delivery,completed
ORD-0012719,R-0023,2025-09-30,37.58,app,delivery,completed
ORD-0012720,R-0023,2025-09-11,23.09,app,delivery,completed
ORD-0012721,R-0023,2025-09-26,12.99,app,delivery,completed
ORD-0012722,R-0023,2025-09-13,23.48,app,pickup,completed
ORD-0012723,R-0023,2025-09-20,8.97,app,delivery,completed
ORD-0012724,R-0023,2025-09-15,17.08,app,delivery,completed
ORD-0012725,R-0023,2025-09-30,16.54,app,pickup,completed
ORD-0012726,R-0023,2025-09-20,25.71,web,delivery,completed
ORD-0012727,R-0023,2025-09-18,23.61,web,delivery,completed
ORD-0012728,R-0023,2025-09-12,15.69,app,pickup,completed
ORD-0012729,R-0023,2025-09-25,14.71,app,delivery,Completed
ORD-0012730,R-0023,2025-09-30,20.23,app,delivery,completed
ORD-0012731,R-0023,2025-09-09,23.97,web,pickup,completed
ORD-0012732,R-0023,2025-09-05,28.80,web,delivery,completed
ORD-0012733,R-0023,2025-09-29,16.13,app,delivery,completed
ORD-0012734,R-0023,2025-09-21,20.85,app,pickup,completed
ORD-0012735,R-0023,2025-09-03,12.83,app,delivery,completed
ORD-0012736,R-0023,2025-09-07,13.93,web,pickup,completed
ORD-0012737,R-0023,2025-09-23,8.89,app,delivery,completed
ORD-0012738,R-0023,2025-09-27,16.40,app,delivery,completed
ORD-0016513,R-0025,2025-09-13,17.13,app,delivery,completed
ORD-0016514,R-0025,2025-09-24,13.64,app,delivery,completed
ORD-0016515,R-0025,2025-09-29,19.93,web,delivery,completed
ORD-0016516,R-0025,2025-09-10,16.95,app,delivery,completed
ORD-0016517,R-0025,2025-09-02,24.63,web,delivery,completed
ORD-0016518,R-0025,2025-09-27,30.06,app,delivery,Completed
ORD-0016519,R-0025,2025-09-11,31.58,web,delivery,cancelled
ORD-0016520,R-0025,2025-09-20,31.65,app,delivery,completed
ORD-0016521,R-0025,2025-09-05,34.89,web,pickup,completed
ORD-0016522,R-0025,2025-09-14,30.12,web,pickup,completed
ORD-0016523,R-0025,2025-09-13,15.75,web,pickup,completed
ORD-0016524,R-0025,2025-09-19,26.06,web,delivery,completed
ORD-0016525,R-0025,2025-09-19,18.19,app,pickup,COMPLETED
ORD-0016526,R-0025,2025-09-14,22.41,app,delivery,completed
ORD-0016527,R-0025,2025-09-30,21.47,app,delivery,completed
ORD-0016528,R-0025,2025-09-29,8.96,web,delivery,completed
ORD-0016529,R-0025,2025-09-07,16.24,app,delivery,completed
ORD-0016530,R-0025,2025-09-14,19.71,web,delivery,completed
ORD-0016531,R-0025,2025-09-14,8.67,app,delivery,COMPLETED
ORD-0016532,R-0025,2025-09-13,37.67,app,delivery,COMPLETED
ORD-0016533,R-0025,2025-09-02,22.81,web,delivery,completed
ORD-0016534,R-0025,2025-09-19,24.58,app,pickup,completed
ORD-0016535,R-0025,2025-09-09,31.48,web,pickup,COMPLETED
ORD-0016536,R-0025,2025-09-01,28.18,web,delivery,completed
ORD-0016537,R-0025,2025-09-21,30.47,web,pickup,completed
ORD-0016538,R-0025,2025-09-27,34.04,app,delivery,completed
ORD-0016539,R-0025,2025-09-02,24.32,web,delivery,completed
ORD-0016540,R-0025,2025-09-26,26.49,web,pickup,completed
ORD-0016541,R-0025,2025-09-19,27.69,web,pickup,completed
ORD-0016542,R-0025,2025-09-11,13.61,web,pickup,completed
ORD-0016543,R-0025,2025-09-19,11.08,app,pickup,completed
ORD-0016544,R-0025,2025-09-16,10.44,web,delivery,completed
ORD-0016545,R-0025,2025-09-20,30.31,web,pickup,completed
ORD-0016546,R-0025,2025-09-16,18.06,app,delivery,completed
ORD-0016547,R-0025,2025-09-13,21.39,web,pickup,COMPLETED
ORD-0016548,R-0025,2025-09-01,23.11,web,delivery,Completed
ORD-0016549,R-0025,2025-09-12,39.21,web,pickup,CANCELLED
ORD-0016550,R-0025,2025-09-11,27.66,web,pickup,Completed
ORD-0016551,R-0025,2025-09-06,25.35,web,delivery,completed
ORD-0016552,R-0025,2025-09-09,25.33,web,delivery,completed
ORD-0016553,R-0025,2025-09-29,48.67,web,pickup,cancelled
ORD-0016554,R-0025,2025-09-07,16.54,web,delivery,completed
ORD-0016860,R-0027,2025-09-22,14.65,web,delivery,completed
ORD-0016861,R-0027,2025-09-12,39.63,web,delivery,completed
ORD-0016862,R-0027,2025-09-22,18.14,app,delivery,completed
ORD-0016863,R-0027,2025-09-18,13.75,web,delivery,completed
ORD-0016864,R-0027,2025-09-27,26.37,web,delivery,completed
ORD-0016865,R-0027,2025-09-09,26.47,web,pickup,completed
ORD-0016866,R-0027,2025-09-04,20.69,app,delivery,completed
ORD-0016867,R-0027,2025-09-11,24.55,app,delivery,completed
ORD-0016868,R-0027,2025-09-23,21.67,app,delivery,COMPLETED
ORD-0016869,R-0027,2025-09-16,29.14,web,delivery,completed
ORD-0016870,R-0027,2025-09-17,26.27,app,delivery,completed
ORD-0016871,R-0027,2025-09-05,19.03,web,delivery,completed
ORD-0016872,R-0027,2025-09-06,33.45,web,delivery,completed
ORD-0016873,R-0027,2025-09-05,17.33,app,delivery,completed
ORD-0016874,R-0027,2025-09-14,15.74,app,delivery,completed
ORD-0016875,R-0027,2025-09-17,25.10,web,pickup,completed
ORD-0016876,R-0027,2025-09-28,29.71,app,delivery,Completed
ORD-0016877,R-0027,2025-09-10,33.96,app,delivery,completed
ORD-0017117,R-0028,2025-09-19,29.83,app,pickup,completed
ORD-0017118,R-0028,2025-09-19,32.40,app,pickup,refunded
ORD-0017119,R-0028,2025-09-18,35.27,web,pickup,completed
ORD-0017120,R-0028,2025-09-14,22.45,web,delivery,COMPLETED
ORD-0017121,R-0028,2025-09-05,30.75,web,delivery,completed
ORD-0017122,R-0028,2025-09-18,30.31,web,delivery,completed
ORD-0017123,R-0028,2025-09-12,39.26,web,delivery,completed
ORD-0017124,R-0028,2025-09-15,26.66,app,delivery,completed
ORD-0017125,R-0028,2025-09-24,28.33,web,delivery,completed
ORD-0017126,R-0028,2025-09-20,40.68,app,pickup,completed
ORD-0017127,R-0028,2025-09-26,20.32,web,delivery,COMPLETED
ORD-0017128,R-0028,2025-09-10,41.58,app,pickup,completed
ORD-0017129,R-0028,2025-09-12,25.37,web,pickup,completed
ORD-0017130,R-0028,2025-09-12,44.05,app,delivery,completed
ORD-0017131,R-0028,2025-09-05,46.68,app,delivery,completed
ORD-0017132,R-0028,2025-09-05,29.33,app,delivery,completed
ORD-0017133,R-0028,2025-09-27,43.37,web,pickup,cancelled
ORD-0017134,R-0028,2025-09-28,29.24,app,delivery,completed
ORD-0017135,R-0028,2025-09-05,26.36,web,delivery,completed
ORD-0017136,R-0028,2025-09-03,33.66,app,delivery,COMPLETED
ORD-0017137,R-0028,2025-09-09,38.78,web,delivery,completed
ORD-0017138,R-0028,2025-09-25,22.78,web,pickup,completed
ORD-0017139,R-0028,2025-09-21,19.66,web,delivery,completed
ORD-0017140,R-0028,2025-09-30,31.95,app,delivery,COMPLETED
ORD-0017141,R-0028,2025-09-30,48.49,app,delivery,completed
ORD-0017142,R-0028,2025-09-10,29.95,web,delivery,completed
ORD-0017143,R-0028,2025-09-08,43.85,web,delivery,completed
ORD-0017144,R-0028,2025-09-05,44.80,web,delivery,completed
ORD-0017145,R-0028,2025-09-16,39.09,web,delivery,completed
ORD-0017146,R-0028,2025-09-26,31.13,web,delivery,completed
ORD-0017147,R-0028,2025-09-22,25.02,web,pickup,completed
ORD-0017148,R-0028,2025-09-07,34.00,web,delivery,completed
ORD-0017149,R-0028,2025-09-13,23.38,app,delivery,completed
ORD-0017150,R-0028,2025-09-25,38.55,app,delivery,COMPLETED
ORD-0017151,R-0028,2025-09-12,29.13,web,pickup,completed
ORD-0017152,R-0028,2025-09-11,28.94,web,delivery,COMPLETED
ORD-0017153,R-0028,2025-09-24,28.65,app,delivery,Completed
ORD-0017154,R-0028,2025-09-13,26.10,web,delivery,completed
ORD-0017155,R-0028,2025-09-01,25.88,web,delivery,completed
ORD-0017156,R-0028,2025-09-26,36.48,app,pickup,completed
ORD-0017157,R-0028,2025-09-27,23.52,app,delivery,completed
ORD-0017158,R-0028,2025-09-25,22.03,web,delivery,cancelled
ORD-0017159,R-0028,2025-09-16,23.57,app,delivery,completed
ORD-0017160,R-0028,2025-09-24,30.84,web,pickup,completed
ORD-0017161,R-0028,2025-09-22,18.98,app,delivery,completed
ORD-0017162,R-0028,2025-09-14,26.55,app,delivery,CANCELLED
ORD-0017163,R-0028,2025-09-12,16.69,app,delivery,cancelled
ORD-0017164,R-0028,2025-09-29,19.00,web,pickup,COMPLETED
ORD-0017165,R-0028,2025-09-14,28.95,web,pickup,completed
ORD-0017166,R-0028,2025-09-05,35.77,app,delivery,completed
ORD-0017167,R-0028,2025-09-05,33.59,app,delivery,completed
ORD-0017168,R-0028,2025-09-12,32.53,web,delivery,Completed
ORD-0019510,R-0033,2025-09-29,19.17,app,delivery,completed
ORD-0019511,R-0033,2025-09-27,26.63,web,pickup,completed
ORD-0019512,R-0033,2025-09-17,41.03,app,delivery,completed
ORD-0019513,R-0033,2025-09-16,19.54,app,pickup,completed
ORD-0019514,R-0033,2025-09-25,16.61,web,pickup,Completed
ORD-0019515,R-0033,2025-09-02,15.65,app,delivery,cancelled
ORD-0019622,R-0035,2025-09-28,72.12,web,delivery,completed
ORD-0019623,R-0035,2025-09-27,43.10,web,pickup,CANCELLED
ORD-0019624,R-0035,2025-09-25,64.03,app,pickup,completed
ORD-0019625,R-0035,2025-09-05,113.46,web,delivery,completed
ORD-0019626,R-0035,2025-09-25,68.01,web,delivery,completed
ORD-0019627,R-0035,2025-09-28,70.24,app,pickup,completed
ORD-0019628,R-0035,2025-09-03,65.34,app,pickup,COMPLETED
ORD-0019629,R-0035,2025-09-27,64.45,web,pickup,COMPLETED
ORD-0019630,R-0035,2025-09-27,85.60,web,delivery,completed
ORD-0019631,R-0035,2025-09-04,88.89,web,delivery,COMPLETED
ORD-0019632,R-0035,2025-09-19,62.43,web,pickup,completed
ORD-0019633,R-0035,2025-09-25,41.04,web,delivery,completed
ORD-0019634,R-0035,2025-09-01,83.53,app,pickup,completed
ORD-0019635,R-0035,2025-09-10,60.62,app,pickup,completed
ORD-0019636,R-0035,2025-09-30,58.68,web,delivery,completed
ORD-0019637,R-0035,2025-09-07,89.63,app,pickup,completed
ORD-0019638,R-0035,2025-09-06,63.84,app,delivery,completed
ORD-0019639,R-0035,2025-09-30,87.23,web,delivery,completed
ORD-0019640,R-0035,2025-09-08,91.63,app,delivery,completed
ORD-0019641,R-0035,2025-09-20,94.09,web,pickup,completed
ORD-0019642,R-0035,2025-09-24,71.54,web,pickup,completed
ORD-0019643,R-0035,2025-09-01,63.11,web,pickup,completed
ORD-0020316,R-0037,2025-09-27,41.16,web,delivery,completed
ORD-0020317,R-0037,2025-09-20,24.52,app,delivery,completed
ORD-0020318,R-0037,2025-09-03,45.26,web,pickup,cancelled
ORD-0020319,R-0037,2025-09-24,18.09,web,delivery,completed
ORD-0020320,R-0037,2025-09-08,25.74,web,pickup,completed
ORD-0020321,R-0037,2025-09-15,43.79,app,delivery,COMPLETED
ORD-0020322,R-0037,2025-09-20,27.60,web,delivery,completed
ORD-0020323,R-0037,2025-09-16,27.00,app,delivery,completed
ORD-0020324,R-0037,2025-09-11,18.43,web,delivery,completed
ORD-0020325,R-0037,2025-09-04,42.24,web,delivery,completed
ORD-0020326,R-0037,2025-09-04,30.11,web,pickup,completed
ORD-0020327,R-0037,2025-09-23,39.10,web,pickup,completed
ORD-0020328,R-0037,2025-09-06,37.36,app,pickup,Completed
ORD-0020329,R-0037,2025-09-27,18.58,web,pickup,completed
ORD-0020330,R-0037,2025-09-04,16.67,app,delivery,Completed
ORD-0020331,R-0037,2025-09-09,25.13,web,delivery,COMPLETED
ORD-0020332,R-0037,2025-09-17,55.59,web,delivery,completed
ORD-0020333,R-0037,2025-09-14,29.91,web,delivery,completed
ORD-0020334,R-0037,2025-09-20,58.65,app,delivery,completed
ORD-0020335,R-0037,2025-09-25,19.40,web,delivery,Completed
ORD-0020336,R-0037,2025-09-20,40.85,web,delivery,completed
ORD-0020337,R-0037,2025-09-07,41.33,app,delivery,completed
ORD-0020338,R-0037,2025-09-04,19.83,app,pickup,completed
ORD-0020339,R-0037,2025-09-27,17.84,web,delivery,completed
ORD-0020340,R-0037,2025-09-13,53.89,app,delivery,COMPLETED
ORD-0020341,R-0037,2025-09-21,24.55,app,pickup,completed
ORD-0020342,R-0037,2025-09-20,49.64,web,pickup,completed
ORD-0020343,R-0037,2025-09-14,26.12,web,pickup,completed
ORD-0020344,R-0037,2025-09-12,47.09,web,pickup,Completed
ORD-0020345,R-0037,2025-09-20,31.49,web,delivery,completed
ORD-0020346,R-0037,2025-09-05,44.48,app,delivery,completed
ORD-0021222,R-0042,2025-09-29,48.15,app,pickup,completed
ORD-0021223,R-0042,2025-09-05,25.55,web,pickup,completed
ORD-0021224,R-0042,2025-09-09,16.12,web,pickup,COMPLETED
ORD-0021225,R-0042,2025-09-06,23.81,web,pickup,completed
ORD-0021226,R-0042,2025-09-28,27.21,app,pickup,completed
ORD-0021227,R-0042,2025-09-24,36.07,app,delivery,completed
ORD-0021228,R-0042,2025-09-18,20.93,web,pickup,completed
ORD-0021229,R-0042,2025-09-02,30.22,web,pickup,completed
ORD-0021230,R-0042,2025-09-28,35.84,app,pickup,completed
ORD-0021231,R-0042,2025-09-19,31.09,web,delivery,completed
ORD-0021232,R-0042,2025-09-30,65.99,web,delivery,cancelled
ORD-0021233,R-0042,2025-09-21,41.18,web,delivery,completed
ORD-0021234,R-0042,2025-09-28,37.54,web,delivery,completed
ORD-0021235,R-0042,2025-09-07,58.55,web,pickup,completed
ORD-0021236,R-0042,2025-09-28,43.09,web,pickup,completed
ORD-0021237,R-0042,2025-09-13,11.91,web,delivery,completed
ORD-0022173,R-0044,2025-09-21,18.98,app,delivery,completed
ORD-0022174,R-0044,2025-09-15,19.23,web,delivery,completed
ORD-0022175,R-0044,2025-09-20,22.93,web,delivery,completed
ORD-0022176,R-0044,2025-09-04,19.09,app,delivery,cancelled
ORD-0022177,R-0044,2025-09-19,16.49,web,pickup,completed
ORD-0022178,R-0044,2025-09-29,25.86,web,delivery,completed
ORD-0022179,R-0044,2025-09-03,23.12,app,delivery,completed
ORD-0022180,R-0044,2025-09-27,29.70,web,delivery,completed
ORD-0022181,R-0044,2025-09-12,21.41,web,delivery,completed
ORD-0022182,R-0044,2025-09-12,33.24,app,pickup,Completed
ORD-0022183,R-0044,2025-09-21,20.23,web,pickup,completed
ORD-0022184,R-0044,2025-09-27,13.12,app,delivery,completed
ORD-0022185,R-0044,2025-09-06,22.17,app,delivery,completed
ORD-0022186,R-0044,2025-09-13,10.24,web,delivery,completed
ORD-0022187,R-0044,2025-09-05,22.92,web,delivery,Completed
ORD-0022188,R-0044,2025-09-08,21.51,web,pickup,completed
ORD-0022189,R-0044,2025-09-18,9.99,app,delivery,COMPLETED
ORD-0022190,R-0044,2025-09-29,10.38,web,delivery,Completed
ORD-0022191,R-0044,2025-09-11,14.06,web,delivery,completed
ORD-0022192,R-0044,2025-09-02,19.21,app,pickup,completed
ORD-0022193,R-0044,2025-09-23,12.83,web,pickup,COMPLETED
ORD-0022194,R-0044,2025-09-01,29.81,web,delivery,completed
ORD-0022195,R-0044,2025-09-10,13.57,app,delivery,Completed
ORD-0022196,R-0044,2025-09-18,26.03,app,pickup,completed
ORD-0022197,R-0044,2025-09-02,10.03,app,pickup,completed
ORD-0022198,R-0044,2025-09-21,33.26,web,delivery,completed
ORD-0022199,R-0044,2025-09-11,25.47,web,pickup,completed
ORD-0022200,R-0044,2025-09-06,12.28,app,pickup,completed
ORD-0022201,R-0044,2025-09-03,20.27,web,delivery,cancelled
ORD-0022202,R-0044,2025-09-25,23.53,web,delivery,completed
ORD-0022203,R-0044,2025-09-06,34.44,web,pickup,completed
ORD-0022204,R-0044,2025-09-28,12.94,web,delivery,completed
ORD-0022205,R-0044,2025-09-04,34.27,web,delivery,refunded
ORD-0022206,R-0044,2025-09-11,18.15,app,delivery,completed
ORD-0022207,R-0044,2025-09-28,44.56,app,delivery,completed
ORD-0022208,R-0044,2025-09-14,36.34,app,delivery,completed
ORD-0022209,R-0044,2025-09-01,6.49,app,delivery,Completed
ORD-0022210,R-0044,2025-09-04,24.46,app,pickup,completed
ORD-0022211,R-0044,2025-09-13,19.97,app,delivery,completed
ORD-0022212,R-0044,2025-09-28,28.61,app,delivery,completed
ORD-0022213,R-0044,2025-09-02,23.73,app,pickup,Completed
ORD-0022214,R-0044,2025-09-27,23.51,web,delivery,completed
ORD-0022215,R-0044,2025-09-13,26.88,web,pickup,completed
ORD-0022216,R-0044,2025-09-18,14.16,app,pickup,completed
ORD-0022217,R-0044,2025-09-13,11.59,app,delivery,completed
ORD-0022218,R-0044,2025-09-13,26.14,app,delivery,completed
ORD-0022219,R-0044,2025-09-20,23.42,app,delivery,COMPLETED
ORD-0022220,R-0044,2025-09-19,31.47,web,delivery,completed
ORD-0022221,R-0044,2025-09-21,25.72,app,pickup,completed
ORD-0022222,R-0044,2025-09-07,18.27,app,delivery,completed
ORD-0022223,R-0044,2025-09-26,23.58,web,pickup,completed
ORD-0022224,R-0044,2025-09-25,30.80,web,delivery,completed
ORD-0022225,R-0044,2025-09-03,20.97,app,pickup,completed
ORD-0022226,R-0044,2025-09-12,10.71,app,pickup,completed
ORD-0022227,R-0044,2025-09-09,31.53,web,delivery,completed
ORD-0022228,R-0044,2025-09-05,15.03,app,delivery,Completed
ORD-0022229,R-0044,2025-09-21,17.47,web,delivery,completed
ORD-0022230,R-0044,2025-09-29,13.96,app,delivery,completed
ORD-0022231,R-0044,2025-09-05,22.63,web,delivery,completed
ORD-0022232,R-0044,2025-09-06,18.69,app,delivery,COMPLETED
ORD-0022233,R-0044,2025-09-17,24.38,app,delivery,completed
ORD-0022234,R-0044,2025-09-27,28.43,web,pickup,completed
ORD-0022235,R-0044,2025-09-27,12.58,web,delivery,completed
ORD-0022236,R-0044,2025-09-13,10.32,web,delivery,COMPLETED
ORD-0022237,R-0044,2025-09-08,16.09,app,delivery,completed
ORD-0022238,R-0044,2025-09-14,28.73,web,pickup,completed
ORD-0022239,R-0044,2025-09-24,22.13,app,pickup,completed
ORD-0022240,R-0044,2025-09-03,25.10,app,delivery,completed
ORD-0022241,R-0044,2025-09-25,13.09,web,delivery,completed
ORD-0022242,R-0044,2025-09-02,13.11,app,delivery,completed
ORD-0022243,R-0044,2025-09-13,27.00,app,pickup,completed
ORD-0022244,R-0044,2025-09-30,13.48,web,delivery,completed
ORD-0022245,R-0044,2025-09-27,23.56,web,delivery,completed
ORD-0022246,R-0044,2025-09-05,12.56,app,pickup,completed
ORD-0022247,R-0044,2025-09-24,18.25,web,delivery,completed
ORD-0022248,R-0044,2025-09-03,15.42,web,pickup,Completed
ORD-0022249,R-0044,2025-09-28,25.78,app,pickup,completed
ORD-0023226,R-0046,2025-09-05,25.20,app,delivery,completed
ORD-0023227,R-0046,2025-09-05,24.82,web,delivery,Completed
ORD-0023228,R-0046,2025-09-08,20.83,app,delivery,completed
ORD-0023229,R-0046,2025-09-27,41.58,web,delivery,completed
ORD-0023230,R-0046,2025-09-29,24.69,web,delivery,completed
ORD-0023231,R-0046,2025-09-23,15.30,web,delivery,completed
ORD-0023232,R-0046,2025-09-14,15.57,web,pickup,completed
ORD-0023233,R-0046,2025-09-15,24.86,app,delivery,completed
ORD-0023234,R-0046,2025-09-08,23.54,app,pickup,COMPLETED
ORD-0023235,R-0046,2025-09-20,20.87,app,pickup,completed
ORD-0023236,R-0046,2025-09-30,13.28,app,delivery,COMPLETED
ORD-0023237,R-0046,2025-09-06,24.94,app,pickup,completed
ORD-0023238,R-0046,2025-09-07,18.68,app,pickup,completed
ORD-0023239,R-0046,2025-09-13,17.40,app,pickup,completed
ORD-0023240,R-0046,2025-09-26,31.34,app,delivery,completed
ORD-0023241,R-0046,2025-09-19,20.29,web,delivery,completed
ORD-0023242,R-0046,2025-09-21,18.11,web,delivery,completed
ORD-0023243,R-0046,2025-09-20,22.02,web,pickup,completed
ORD-0023244,R-0046,2025-09-04,19.41,app,delivery,cancelled
ORD-0023245,R-0046,2025-09-20,27.67,app,delivery,completed
ORD-0023246,R-0046,2025-09-29,20.08,web,delivery,Completed
ORD-0023247,R-0046,2025-09-02,18.89,web,delivery,completed
ORD-0023248,R-0046,2025-09-15,31.86,app,delivery,completed
ORD-0023249,R-0046,2025-09-25,24.24,app,delivery,completed
ORD-0023250,R-0046,2025-09-10,27.24,app,pickup,completed
ORD-0023251,R-0046,2025-09-04,27.19,app,pickup,Completed
ORD-0023252,R-0046,2025-09-15,18.78,app,pickup,completed
ORD-0023253,R-0046,2025-09-04,20.53,app,pickup,completed
ORD-0023254,R-0046,2025-09-19,22.95,web,delivery,completed
ORD-0023255,R-0046,2025-09-24,36.38,web,delivery,completed
ORD-0023256,R-0046,2025-09-13,13.08,app,delivery,completed
ORD-0023257,R-0046,2025-09-15,20.03,web,delivery,completed
ORD-0023258,R-0046,2025-09-17,22.07,app,delivery,completed
ORD-0023259,R-0046,2025-09-18,13.93,app,pickup,completed
ORD-0023260,R-0046,2025-09-23,12.10,web,pickup,completed
ORD-0023261,R-0046,2025-09-20,18.76,app,pickup,completed
ORD-0023262,R-0046,2025-09-23,23.20,web,pickup,Completed
ORD-0023263,R-0046,2025-09-17,26.51,app,delivery,completed
ORD-0023264,R-0046,2025-09-08,30.81,web,pickup,completed
ORD-0023265,R-0046,2025-09-09,23.45,web,delivery,completed
ORD-0023266,R-0046,2025-09-24,17.99,app,pickup,completed
ORD-0023267,R-0046,2025-09-26,22.59,web,delivery,completed
ORD-0023268,R-0046,2025-09-08,17.87,app,pickup,completed
ORD-0023269,R-0046,2025-09-05,25.35,web,delivery,completed
ORD-0023270,R-0046,2025-09-13,20.18,app,delivery,refunded
ORD-0023271,R-0046,2025-09-26,21.67,app,delivery,completed
ORD-0023272,R-0046,2025-09-25,25.32,app,delivery,completed
ORD-0023273,R-0046,2025-09-05,17.59,web,pickup,completed
ORD-0023274,R-0046,2025-09-06,31.52,app,delivery,COMPLETED
ORD-0023275,R-0046,2025-09-05,15.33,web,pickup,completed
ORD-0023276,R-0046,2025-09-22,22.77,app,delivery,COMPLETED
ORD-0023277,R-0046,2025-09-15,16.28,web,pickup,completed
ORD-0023278,R-0046,2025-09-30,30.98,web,delivery,completed
ORD-0023279,R-0046,2025-09-13,21.35,app,pickup,completed
ORD-0023280,R-0046,2025-09-26,22.98,app,delivery,completed
ORD-0023281,R-0046,2025-09-26,21.17,app,pickup,completed
ORD-0023282,R-0046,2025-09-29,23.80,app,delivery,completed
ORD-0023283,R-0046,2025-09-16,19.86,web,pickup,completed
ORD-0023284,R-0046,2025-09-04,13.02,web,delivery,COMPLETED
ORD-0023285,R-0046,2025-09-27,20.98,web,delivery,completed
ORD-0023286,R-0046,2025-09-12,30.28,app,delivery,completed
ORD-0023287,R-0046,2025-09-28,23.23,web,pickup,completed
ORD-0023288,R-0046,2025-09-16,11.70,app,pickup,COMPLETED
ORD-0023289,R-0046,2025-09-13,23.61,web,delivery,completed
ORD-0023290,R-0046,2025-09-03,20.94,web,pickup,COMPLETED
ORD-0023291,R-0046,2025-09-24,25.59,app,delivery,completed
ORD-0023292,R-0046,2025-09-21,29.58,app,pickup,completed
ORD-0023293,R-0046,2025-09-30,16.46,app,delivery,completed
ORD-0023294,R-0046,2025-09-14,21.12,app,pickup,completed
ORD-0023295,R-0046,2025-09-26,17.07,web,pickup,completed
ORD-0023296,R-0046,2025-09-24,20.18,app,delivery,completed
ORD-0023297,R-0046,2025-09-19,19.47,app,delivery,completed
ORD-0023298,R-0046,2025-09-22,19.71,app,delivery,completed
ORD-0023299,R-0046,2025-09-13,20.03,web,pickup,completed
ORD-0023300,R-0046,2025-09-26,26.99,app,delivery,cancelled
ORD-0023301,R-0046,2025-09-28,39.82,app,pickup,COMPLETED
ORD-0023302,R-0046,2025-09-01,18.96,web,delivery,completed
ORD-0023303,R-0046,2025-09-14,27.61,app,delivery,completed
ORD-0023304,R-0046,2025-09-05,19.00,app,delivery,completed
ORD-0023305,R-0046,2025-09-08,7.17,web,delivery,completed
ORD-0023306,R-0046,2025-09-20,23.91,web,delivery,completed
ORD-0023307,R-0046,2025-09-13,23.99,web,delivery,COMPLETED
ORD-0023308,R-0046,2025-09-05,40.04,app,delivery,completed
ORD-0023309,R-0046,2025-09-22,25.09,app,delivery,completed
ORD-0023310,R-0046,2025-09-27,20.25,app,pickup,completed
ORD-0023311,R-0046,2025-09-01,12.13,app,delivery,completed
ORD-0023312,R-0046,2025-09-11,22.78,web,pickup,completed
ORD-0023313,R-0046,2025-09-05,30.15,app,pickup,completed
ORD-0023314,R-0046,2025-09-12,51.10,web,pickup,completed
ORD-0023315,R-0046,2025-09-21,23.41,web,delivery,completed
ORD-0023316,R-0046,2025-09-05,28.84,web,delivery,completed
ORD-0023317,R-0046,2025-09-01,21.34,web,delivery,completed
ORD-0023318,R-0046,2025-09-26,27.90,app,pickup,completed
ORD-0023319,R-0046,2025-09-26,25.00,app,delivery,completed
ORD-0023320,R-0046,2025-09-12,14.98,app,delivery,completed
ORD-0023321,R-0046,2025-09-27,22.95,app,pickup,completed
ORD-0023322,R-0046,2025-09-01,19.34,app,pickup,completed
ORD-0023323,R-0046,2025-09-13,23.95,web,pickup,completed
ORD-0023324,R-0046,2025-09-13,29.74,web,delivery,completed
ORD-0023325,R-0046,2025-09-11,27.05,app,delivery,completed
ORD-0023326,R-0046,2025-09-09,18.51,app,delivery,completed
ORD-0023327,R-0046,2025-09-09,22.21,app,delivery,completed
ORD-0023328,R-0046,2025-09-08,16.84,app,delivery,completed
ORD-0023329,R-0046,2025-09-21,15.47,app,pickup,completed
ORD-0023330,R-0046,2025-09-27,18.67,app,delivery,Completed
ORD-0023331,R-0046,2025-09-30,19.54,web,delivery,completed
ORD-0023332,R-0046,2025-09-16,23.87,web,delivery,completed
ORD-0023333,R-0046,2025-09-13,55.71,app,delivery,cancelled
ORD-0023334,R-0046,2025-09-28,25.83,app,pickup,completed
ORD-0023335,R-0046,2025-09-24,14.83,app,delivery,COMPLETED
ORD-0023336,R-0046,2025-09-14,24.07,app,delivery,completed
ORD-0023337,R-0046,2025-09-12,21.34,app,delivery,completed
ORD-0023338,R-0046,2025-09-04,31.12,app,delivery,completed
ORD-0023339,R-0046,2025-09-07,18.76,app,delivery,completed
ORD-0023340,R-0046,2025-09-30,23.49,app,pickup,completed
ORD-0023341,R-0046,2025-09-25,29.65,app,delivery,Completed
ORD-0023342,R-0046,2025-09-13,22.22,app,delivery,completed
ORD-0023343,R-0046,2025-09-20,18.59,web,pickup,completed
ORD-0023344,R-0046,2025-09-04,27.87,app,delivery,completed
ORD-0023345,R-0046,2025-09-29,19.51,app,pickup,completed
ORD-0023346,R-0046,2025-09-17,35.08,web,pickup,completed
ORD-0023347,R-0046,2025-09-24,20.18,app,pickup,completed
ORD-0023348,R-0046,2025-09-20,21.83,app,pickup,completed
ORD-0023349,R-0046,2025-09-19,27.42,web,delivery,completed
ORD-0025458,R-0049,2025-09-02,21.19,web,delivery,Completed
ORD-0025459,R-0049,2025-09-06,24.62,app,delivery,completed
ORD-0025460,R-0049,2025-09-05,13.63,app,delivery,completed
ORD-0025461,R-0049,2025-09-21,28.71,app,pickup,completed
ORD-0025462,R-0049,2025-09-03,35.46,app,delivery,completed
ORD-0025463,R-0049,2025-09-25,22.96,app,pickup,cancelled
ORD-0025464,R-0049,2025-09-04,13.02,app,delivery,COMPLETED
ORD-0025465,R-0049,2025-09-11,32.95,web,pickup,cancelled
ORD-0025466,R-0049,2025-09-11,17.24,app,pickup,completed
ORD-0025467,R-0049,2025-09-09,15.49,web,delivery,completed
ORD-0025468,R-0049,2025-09-21,66.27,web,delivery,COMPLETED
ORD-0025469,R-0049,2025-09-18,10.46,app,delivery,completed
ORD-0025470,R-0049,2025-09-14,14.78,app,delivery,completed
ORD-0025471,R-0049,2025-09-06,29.61,web,pickup,completed
ORD-0025472,R-0049,2025-09-13,23.56,app,pickup,completed
ORD-0025473,R-0049,2025-09-22,25.79,app,pickup,refunded
ORD-0025474,R-0049,2025-09-18,25.55,app,delivery,completed
ORD-0025475,R-0049,2025-09-03,21.88,app,pickup,completed
ORD-0025476,R-0049,2025-09-30,37.74,app,delivery,completed
ORD-0025477,R-0049,2025-09-04,33.99,app,pickup,completed
ORD-0025478,R-0049,2025-09-01,21.31,web,delivery,completed
ORD-0025479,R-0049,2025-09-06,22.71,web,delivery,completed
ORD-0025480,R-0049,2025-09-28,29.07,app,delivery,Completed
ORD-0025481,R-0049,2025-09-13,23.31,web,delivery,completed
ORD-0025482,R-0049,2025-09-20,45.36,web,pickup,completed
ORD-0025483,R-0049,2025-09-08,35.99,web,pickup,completed
ORD-0025484,R-0049,2025-09-14,32.26,web,pickup,completed
ORD-0025485,R-0049,2025-09-19,46.91,app,delivery,completed
ORD-0025486,R-0049,2025-09-28,32.31,web,pickup,completed
ORD-0025965,R-0053,2025-09-20,34.82,app,pickup,completed
ORD-0025966,R-0053,2025-09-27,40.82,app,pickup,Completed
ORD-0025967,R-0053,2025-09-15,35.86,app,delivery,completed
ORD-0025968,R-0053,2025-09-06,34.41,app,pickup,completed
ORD-0025969,R-0053,2025-09-28,37.80,app,delivery,completed
ORD-0025970,R-0053,2025-09-12,36.67,web,delivery,completed
ORD-0025971,R-0053,2025-09-09,32.88,web,delivery,completed
ORD-0025972,R-0053,2025-09-06,37.22,web,pickup,completed
ORD-0025973,R-0053,2025-09-28,34.61,web,delivery,completed
ORD-0025974,R-0053,2025-09-22,25.25,web,pickup,completed
ORD-0025975,R-0053,2025-09-08,29.72,web,pickup,COMPLETED
ORD-0025976,R-0053,2025-09-23,56.76,web,delivery,Completed
ORD-0025977,R-0053,2025-09-25,33.88,app,delivery,completed
ORD-0025978,R-0053,2025-09-30,42.18,web,delivery,completed
ORD-0025979,R-0053,2025-09-07,27.65,app,pickup,COMPLETED
ORD-0025980,R-0053,2025-09-13,30.46,app,delivery,completed
ORD-0025981,R-0053,2025-09-02,21.89,web,delivery,completed
ORD-0025982,R-0053,2025-09-10,24.33,web,delivery,completed
ORD-0025983,R-0053,2025-09-08,36.19,app,pickup,completed
ORD-0025984,R-0053,2025-09-10,20.96,app,pickup,completed
ORD-0025985,R-0053,2025-09-13,55.55,app,pickup,completed
ORD-0025986,R-0053,2025-09-20,33.70,web,delivery,COMPLETED
ORD-0025987,R-0053,2025-09-19,54.28,app,pickup,completed
ORD-0025988,R-0053,2025-09-13,46.80,web,delivery,completed
ORD-0025989,R-0053,2025-09-13,34.09,app,delivery,completed
ORD-0025990,R-0053,2025-09-08,22.55,app,pickup,completed
ORD-0025991,R-0053,2025-09-05,28.13,app,pickup,completed
ORD-0025992,R-0053,2025-09-19,31.88,web,delivery,completed
ORD-0025993,R-0053,2025-09-26,30.86,app,delivery,completed
ORD-0025994,R-0053,2025-09-20,34.22,app,delivery,completed
ORD-0025995,R-0053,2025-09-27,57.74,web,delivery,completed
ORD-0025996,R-0053,2025-09-19,27.44,web,delivery,cancelled
ORD-0025997,R-0053,2025-09-11,22.03,app,delivery,COMPLETED
ORD-0025998,R-0053,2025-09-28,37.07,web,delivery,completed
ORD-0025999,R-0053,2025-09-04,32.76,web,pickup,completed
ORD-0026000,R-0053,2025-09-26,23.71,web,pickup,completed
ORD-0026001,R-0053,2025-09-20,44.67,web,delivery,completed
ORD-0026002,R-0053,2025-09-22,17.42,web,delivery,completed
ORD-0026003,R-0053,2025-09-07,43.86,app,delivery,completed
ORD-0026004,R-0053,2025-09-26,45.86,web,delivery,completed
ORD-0026005,R-0053,2025-09-06,60.42,app,delivery,completed
ORD-0026006,R-0053,2025-09-27,28.99,web,delivery,completed
ORD-0026007,R-0053,2025-09-20,33.16,web,pickup,completed
ORD-0026008,R-0053,2025-09-28,33.69,app,pickup,completed
ORD-0026009,R-0053,2025-09-18,24.71,web,pickup,completed
ORD-0026010,R-0053,2025-09-06,34.05,web,delivery,completed
ORD-0026011,R-0053,2025-09-07,36.04,web,pickup,completed
ORD-0026012,R-0053,2025-09-16,33.18,web,delivery,completed
ORD-0026013,R-0053,2025-09-18,38.90,web,delivery,completed
ORD-0026014,R-0053,2025-09-25,36.89,app,pickup,completed
ORD-0026015,R-0053,2025-09-27,31.36,app,pickup,COMPLETED
ORD-0026016,R-0053,2025-09-22,18.69,web,pickup,Completed
ORD-0026017,R-0053,2025-09-07,52.26,app,delivery,completed
ORD-0026018,R-0053,2025-09-01,20.81,web,pickup,completed
ORD-0026019,R-0053,2025-09-14,35.49,app,pickup,completed
ORD-0026020,R-0053,2025-09-03,19.12,web,pickup,completed
ORD-0026021,R-0053,2025-09-19,27.70,app,pickup,completed
ORD-0026022,R-0053,2025-09-27,33.64,app,delivery,completed
ORD-0026023,R-0053,2025-09-17,32.21,web,pickup,completed
ORD-0026024,R-0053,2025-09-12,23.07,web,delivery,completed
ORD-0026025,R-0053,2025-09-20,51.91,web,delivery,Completed
ORD-0026026,R-0053,2025-09-22,25.81,web,delivery,completed
ORD-0026027,R-0053,2025-09-26,44.99,web,delivery,completed
ORD-0026028,R-0053,2025-09-07,28.10,web,pickup,completed
ORD-0026029,R-0053,2025-09-14,29.20,app,delivery,completed
ORD-0026030,R-0053,2025-09-12,61.43,web,delivery,Cancelled
ORD-0026031,R-0053,2025-09-12,33.65,app,delivery,completed
ORD-0026032,R-0053,2025-09-07,18.24,web,delivery,completed
ORD-0026033,R-0053,2025-09-24,30.61,app,pickup,completed
ORD-0026034,R-0053,2025-09-04,29.10,app,pickup,completed
ORD-0026035,R-0053,2025-09-18,25.97,web,pickup,completed
ORD-0026036,R-0053,2025-09-11,20.26,web,delivery,completed
ORD-0026037,R-0053,2025-09-02,24.15,web,delivery,completed
ORD-0026038,R-0053,2025-09-08,49.98,app,delivery,completed
ORD-0026039,R-0053,2025-09-06,26.72,web,pickup,completed
ORD-0026040,R-0053,2025-09-01,32.31,web,delivery,completed
ORD-0026041,R-0053,2025-09-27,26.91,web,pickup,COMPLETED
ORD-0026042,R-0053,2025-09-01,20.70,web,delivery,completed
ORD-0026043,R-0053,2025-09-01,25.16,app,delivery,completed
ORD-0026044,R-0053,2025-09-13,41.20,web,delivery,completed
ORD-0026045,R-0053,2025-09-14,44.40,web,delivery,Completed
ORD-0026046,R-0053,2025-09-28,28.08,web,pickup,completed
ORD-0026047,R-0053,2025-09-19,27.94,web,pickup,COMPLETED
ORD-0026048,R-0053,2025-09-06,64.16,web,delivery,completed
ORD-0026049,R-0053,2025-09-20,37.44,app,delivery,refunded
ORD-0026050,R-0053,2025-09-12,44.32,web,delivery,refunded
ORD-0026051,R-0053,2025-09-13,39.28,app,pickup,completed
ORD-0026052,R-0053,2025-09-13,51.01,web,pickup,completed
ORD-0026053,R-0053,2025-09-27,31.68,web,delivery,completed
ORD-0026054,R-0053,2025-09-22,32.30,app,pickup,completed
ORD-0026055,R-0053,2025-09-07,29.18,app,delivery,completed
ORD-0027683,R-0057,2025-09-29,29.97,app,delivery,completed
ORD-0027684,R-0057,2025-09-08,55.17,app,delivery,completed
ORD-0027685,R-0057,2025-09-19,25.39,web,pickup,COMPLETED
ORD-0027686,R-0057,2025-09-03,29.04,app,pickup,completed
ORD-0027687,R-0057,2025-09-12,16.84,app,delivery,COMPLETED
ORD-0027688,R-0057,2025-09-12,49.77,app,delivery,completed
ORD-0027689,R-0057,2025-09-02,15.43,web,pickup,completed
ORD-0027690,R-0057,2025-09-20,35.26,app,pickup,completed
ORD-0027691,R-0057,2025-09-19,50.60,app,pickup,completed
ORD-0027692,R-0057,2025-09-24,36.13,web,pickup,completed
ORD-0027693,R-0057,2025-09-05,14.12,web,delivery,completed
ORD-0027694,R-0057,2025-09-14,30.46,app,delivery,completed
ORD-0027695,R-0057,2025-09-03,55.84,app,delivery,completed
ORD-0027696,R-0057,2025-09-06,44.81,app,pickup,completed
ORD-0027697,R-0057,2025-09-14,31.69,app,pickup,completed
ORD-0027698,R-0057,2025-09-14,22.55,app,delivery,completed
ORD-0027699,R-0057,2025-09-27,42.55,web,pickup,completed
ORD-0027700,R-0057,2025-09-25,27.02,app,delivery,completed
ORD-0027701,R-0057,2025-09-06,23.60,web,pickup,completed
ORD-0027702,R-0057,2025-09-13,31.78,app,delivery,completed
ORD-0027703,R-0057,2025-09-14,47.36,app,pickup,completed
ORD-0027704,R-0057,2025-09-27,26.55,app,pickup,completed
ORD-0027705,R-0057,2025-09-06,34.87,app,delivery,completed
ORD-0027706,R-0057,2025-09-22,28.76,web,pickup,completed
ORD-0027707,R-0057,2025-09-11,19.39,app,pickup,completed
ORD-0027708,R-0057,2025-09-08,28.55,web,delivery,completed
ORD-0027709,R-0057,2025-09-05,36.30,app,pickup,completed
ORD-0027710,R-0057,2025-09-19,37.31,app,delivery,COMPLETED
ORD-0027711,R-0057,2025-09-19,56.64,web,delivery,completed
ORD-0027712,R-0057,2025-09-20,38.79,app,pickup,completed
ORD-0027713,R-0057,2025-09-29,20.91,web,pickup,completed
ORD-0027714,R-0057,2025-09-04,42.71,web,pickup,completed
ORD-0027715,R-0057,2025-09-12,27.10,app,delivery,completed
ORD-0027716,R-0057,2025-09-12,23.74,app,pickup,COMPLETED
ORD-0027717,R-0057,2025-09-25,67.21,web,delivery,completed
ORD-0027718,R-0057,2025-09-22,37.56,app,pickup,completed
ORD-0027860,R-0059,2025-09-19,31.61,app,pickup,completed
ORD-0027861,R-0059,2025-09-07,26.28,web,delivery,Completed
ORD-0027862,R-0059,2025-09-19,23.32,web,delivery,completed
ORD-0027863,R-0059,2025-09-14,16.97,app,delivery,completed
ORD-0027864,R-0059,2025-09-20,56.09,web,pickup,completed
ORD-0027865,R-0059,2025-09-12,46.49,web,delivery,cancelled
ORD-0027866,R-0059,2025-09-24,21.57,web,delivery,completed
ORD-0027867,R-0059,2025-09-05,39.06,web,delivery,completed
ORD-0027868,R-0059,2025-09-03,29.45,web,delivery,completed
ORD-0027869,R-0059,2025-09-10,34.09,web,delivery,completed
ORD-0027870,R-0059,2025-09-28,20.72,app,delivery,Completed
ORD-0027871,R-0059,2025-09-30,39.19,web,delivery,completed
ORD-0027872,R-0059,2025-09-13,15.40,web,delivery,completed
ORD-0027873,R-0059,2025-09-02,11.66,web,delivery,completed
ORD-0027874,R-0059,2025-09-13,23.58,app,delivery,completed
ORD-0027875,R-0059,2025-09-19,20.87,web,pickup,Completed
ORD-0027876,R-0059,2025-09-28,32.29,web,delivery,completed
ORD-0027877,R-0059,2025-09-26,14.20,app,delivery,completed
ORD-0027878,R-0059,2025-09-05,27.61,web,delivery,COMPLETED
ORD-0027879,R-0059,2025-09-25,19.09,app,delivery,COMPLETED
ORD-0027880,R-0059,2025-09-06,44.56,app,delivery,completed
ORD-0027881,R-0059,2025-09-27,14.90,app,delivery,completed
ORD-0027882,R-0059,2025-09-07,43.94,app,delivery,completed
ORD-0027883,R-0059,2025-09-19,39.42,web,delivery,completed
ORD-0027884,R-0059,2025-09-25,23.25,app,pickup,completed
ORD-0027885,R-0059,2025-09-14,31.16,app,delivery,completed
ORD-0027886,R-0059,2025-09-05,34.70,app,delivery,completed
ORD-0027887,R-0059,2025-09-10,23.56,web,delivery,completed
ORD-0027888,R-0059,2025-09-11,33.29,web,pickup,completed
ORD-0028943,R-0061,2025-09-19,58.70,app,pickup,completed
ORD-0028944,R-0061,2025-09-07,45.12,web,delivery,completed
ORD-0028945,R-0061,2025-09-13,27.52,app,delivery,completed
ORD-0028946,R-0061,2025-09-30,45.31,web,delivery,completed
ORD-0028947,R-0061,2025-09-05,35.48,web,delivery,completed
ORD-0028948,R-0061,2025-09-30,27.26,app,pickup,completed
ORD-0028949,R-0061,2025-09-05,38.00,app,delivery,completed
ORD-0028950,R-0061,2025-09-25,46.04,web,delivery,completed
ORD-0028951,R-0061,2025-09-17,11.86,web,pickup,completed
ORD-0028952,R-0061,2025-09-11,13.83,web,pickup,completed
ORD-0028953,R-0061,2025-09-22,16.48,web,pickup,completed
ORD-0028954,R-0061,2025-09-17,24.26,app,pickup,completed
ORD-0028955,R-0061,2025-09-22,33.55,app,pickup,completed
ORD-0028956,R-0061,2025-09-20,51.49,web,pickup,completed
ORD-0028957,R-0061,2025-09-10,18.32,app,delivery,completed
ORD-0028958,R-0061,2025-09-05,51.04,app,pickup,completed
ORD-0028959,R-0061,2025-09-03,24.12,app,delivery,completed
ORD-0028960,R-0061,2025-09-19,39.68,app,delivery,completed
ORD-0028961,R-0061,2025-09-20,27.99,web,delivery,COMPLETED
ORD-0028962,R-0061,2025-09-01,17.50,web,delivery,completed
ORD-0028963,R-0061,2025-09-11,42.45,web,delivery,completed
ORD-0028964,R-0061,2025-09-06,22.27,web,delivery,completed
ORD-0028965,R-0061,2025-09-05,18.22,web,delivery,Completed
ORD-0028966,R-0061,2025-09-01,42.75,web,pickup,completed
ORD-0028967,R-0061,2025-09-12,37.71,web,delivery,Completed
ORD-0028968,R-0061,2025-09-18,45.77,app,pickup,completed
ORD-0028969,R-0061,2025-09-13,53.22,app,pickup,completed
ORD-0028970,R-0061,2025-09-03,34.67,app,delivery,completed
ORD-0028971,R-0061,2025-09-15,18.35,app,delivery,completed
ORD-0028972,R-0061,2025-09-20,18.17,app,delivery,completed
ORD-0028973,R-0061,2025-09-13,21.96,web,pickup,cancelled
ORD-0028974,R-0061,2025-09-01,51.59,app,pickup,completed
ORD-0028975,R-0061,2025-09-19,35.04,app,delivery,completed
ORD-0028976,R-0061,2025-09-25,25.19,web,delivery,completed
ORD-0028977,R-0061,2025-09-12,41.64,app,pickup,completed
ORD-0028978,R-0061,2025-09-14,38.90,web,delivery,completed
ORD-0028979,R-0061,2025-09-29,28.88,app,pickup,completed
ORD-0028980,R-0061,2025-09-28,40.47,web,delivery,completed
ORD-0028981,R-0061,2025-09-07,20.09,web,delivery,completed
ORD-0028982,R-0061,2025-09-14,74.46,web,delivery,Completed
ORD-0028983,R-0061,2025-09-22,12.28,app,delivery,completed
ORD-0028984,R-0061,2025-09-09,20.15,app,pickup,completed
ORD-0028985,R-0061,2025-09-15,21.85,web,delivery,completed
ORD-0028986,R-0061,2025-09-12,25.82,app,pickup,completed
ORD-0028987,R-0061,2025-09-07,27.89,app,pickup,completed
ORD-0028988,R-0061,2025-09-17,41.21,app,pickup,COMPLETED
ORD-0028989,R-0061,2025-09-06,35.01,web,delivery,completed
ORD-0028990,R-0061,2025-09-26,26.89,app,pickup,completed
ORD-0028991,R-0061,2025-09-22,41.72,app,pickup,completed
ORD-0028992,R-0061,2025-09-07,25.40,app,delivery,completed
ORD-0028993,R-0061,2025-09-10,27.61,web,pickup,completed
ORD-0028994,R-0061,2025-09-28,23.11,app,delivery,completed
ORD-0028995,R-0061,2025-09-24,15.99,app,delivery,cancelled
ORD-0028996,R-0061,2025-09-20,27.51,app,pickup,completed
ORD-0028997,R-0061,2025-09-22,30.80,app,pickup,completed
ORD-0028998,R-0061,2025-09-21,60.51,web,pickup,Completed
ORD-0028999,R-0061,2025-09-03,24.76,app,pickup,Completed
ORD-0029000,R-0061,2025-09-04,26.88,app,delivery,COMPLETED
ORD-0029001,R-0061,2025-09-12,23.65,web,delivery,completed
ORD-0029002,R-0061,2025-09-24,15.17,app,delivery,completed
ORD-0029003,R-0061,2025-09-07,22.91,web,pickup,completed
ORD-0029004,R-0061,2025-09-19,23.98,app,pickup,completed
ORD-0029005,R-0061,2025-09-17,40.17,web,delivery,completed
ORD-0029006,R-0061,2025-09-30,25.64,app,pickup,completed
ORD-0029007,R-0061,2025-09-20,28.50,web,pickup,completed
ORD-0029008,R-0061,2025-09-09,42.53,web,delivery,completed
ORD-0029009,R-0061,2025-09-17,36.78,web,delivery,COMPLETED
ORD-0029010,R-0061,2025-09-26,38.27,app,pickup,completed
ORD-0029011,R-0061,2025-09-08,43.39,app,pickup,COMPLETED
ORD-0029012,R-0061,2025-09-12,19.66,web,pickup,completed
ORD-0029013,R-0061,2025-09-24,13.31,app,delivery,completed
ORD-0029014,R-0061,2025-09-18,29.00,web,delivery,completed
ORD-0029015,R-0061,2025-09-08,23.43,web,delivery,completed
ORD-0029016,R-0061,2025-09-18,42.59,web,pickup,completed
ORD-0029017,R-0061,2025-09-09,26.85,web,pickup,Completed
ORD-0029018,R-0061,2025-09-01,60.28,web,delivery,completed
ORD-0029019,R-0061,2025-09-07,49.71,web,delivery,completed
ORD-0029020,R-0061,2025-09-12,40.43,app,pickup,completed
ORD-0029021,R-0061,2025-09-19,46.76,app,pickup,completed
ORD-0029022,R-0061,2025-09-05,21.36,app,pickup,completed
ORD-0029023,R-0061,2025-09-14,22.55,web,delivery,COMPLETED
ORD-0029024,R-0061,2025-09-15,18.58,app,pickup,completed
ORD-0029025,R-0061,2025-09-27,27.18,app,pickup,completed
ORD-0029026,R-0061,2025-09-12,16.90,app,pickup,completed
ORD-0029027,R-0061,2025-09-04,18.04,app,pickup,completed
ORD-0029028,R-0061,2025-09-27,24.86,web,delivery,cancelled
ORD-0029029,R-0061,2025-09-14,14.47,web,delivery,completed
ORD-0029030,R-0061,2025-09-07,28.14,app,delivery,completed
ORD-0029031,R-0061,2025-09-04,15.75,web,pickup,cancelled
ORD-0029032,R-0061,2025-09-05,25.05,app,delivery,completed
ORD-0029033,R-0061,2025-09-28,15.35,web,delivery,cancelled
ORD-0029034,R-0061,2025-09-26,46.46,web,delivery,completed
ORD-0029035,R-0061,2025-09-12,45.52,app,pickup,completed
ORD-0029036,R-0061,2025-09-26,21.19,app,delivery,completed
ORD-0029037,R-0061,2025-09-21,29.35,app,delivery,completed
ORD-0029038,R-0061,2025-09-04,49.14,web,delivery,completed
ORD-0029039,R-0061,2025-09-06,53.90,web,pickup,completed
ORD-0029040,R-0061,2025-09-20,26.51,app,pickup,completed
ORD-0029041,R-0061,2025-09-14,21.77,app,delivery,completed
ORD-0029042,R-0061,2025-09-24,57.50,app,pickup,completed
ORD-0029043,R-0061,2025-09-28,19.87,app,pickup,completed
ORD-0029044,R-0061,2025-09-15,37.14,app,pickup,completed
ORD-0029045,R-0061,2025-09-05,26.75,web,pickup,completed
ORD-0029046,R-0061,2025-09-23,24.47,app,pickup,completed
ORD-0029047,R-0061,2025-09-22,21.98,app,delivery,completed
ORD-0029048,R-0061,2025-09-20,34.69,app,pickup,completed
ORD-0029049,R-0061,2025-09-05,30.55,web,delivery,completed
ORD-0029050,R-0061,2025-09-27,18.46,web,delivery,Completed
ORD-0029051,R-0061,2025-09-27,30.11,web,pickup,COMPLETED
ORD-0029052,R-0061,2025-09-04,21.74,web,pickup,completed
ORD-0029053,R-0061,2025-09-26,29.16,app,pickup,completed
ORD-0029054,R-0061,2025-09-27,36.54,app,pickup,Completed
ORD-0029055,R-0061,2025-09-28,25.51,app,pickup,completed
ORD-0029056,R-0061,2025-09-08,25.36,web,delivery,refunded
ORD-0029057,R-0061,2025-09-26,23.67,web,pickup,COMPLETED
ORD-0029058,R-0061,2025-09-13,35.39,web,pickup,completed
ORD-0029059,R-0061,2025-09-06,29.48,app,pickup,completed
ORD-0029060,R-0061,2025-09-09,32.67,app,pickup,completed
ORD-0029061,R-0061,2025-09-23,29.17,web,delivery,completed
ORD-0029062,R-0061,2025-09-20,59.43,app,delivery,completed
ORD-0029063,R-0061,2025-09-19,35.39,web,delivery,completed
ORD-0029064,R-0061,2025-09-21,31.57,app,pickup,COMPLETED
ORD-0029489,R-0062,2025-09-15,49.38,app,pickup,completed
ORD-0029490,R-0062,2025-09-05,52.05,app,pickup,completed
ORD-0029491,R-0062,2025-09-18,38.74,app,delivery,completed
ORD-0029492,R-0062,2025-09-14,54.25,app,delivery,completed
ORD-0029493,R-0062,2025-09-23,80.67,app,pickup,Completed
ORD-0029494,R-0062,2025-09-11,59.10,app,delivery,completed
ORD-0029495,R-0062,2025-09-08,81.58,app,pickup,completed
ORD-0029496,R-0062,2025-09-17,62.73,app,delivery,completed
ORD-0029497,R-0062,2025-09-08,37.33,app,delivery,completed
ORD-0029498,R-0062,2025-09-05,59.61,web,delivery,completed
ORD-0031360,R-0066,2025-09-05,21.68,web,delivery,completed
ORD-0031361,R-0066,2025-09-26,23.90,web,pickup,cancelled
ORD-0031362,R-0066,2025-09-18,18.00,web,pickup,completed
ORD-0031363,R-0066,2025-09-04,28.80,web,delivery,completed
ORD-0031364,R-0066,2025-09-14,20.16,app,delivery,completed
ORD-0031365,R-0066,2025-09-06,31.23,app,delivery,completed
ORD-0031366,R-0066,2025-09-05,17.29,web,delivery,completed
ORD-0031367,R-0066,2025-09-29,27.15,web,delivery,completed
ORD-0031368,R-0066,2025-09-14,40.28,web,delivery,Completed
ORD-0031369,R-0066,2025-09-13,24.30,web,delivery,completed
ORD-0031370,R-0066,2025-09-13,12.98,app,delivery,completed
ORD-0031371,R-0066,2025-09-06,33.99,web,pickup,completed
ORD-0031372,R-0066,2025-09-26,38.33,app,delivery,completed
ORD-0031373,R-0066,2025-09-16,26.21,web,pickup,completed
ORD-0031374,R-0066,2025-09-06,19.14,web,delivery,completed
ORD-0031375,R-0066,2025-09-20,42.10,app,pickup,completed
ORD-0031376,R-0066,2025-09-22,28.31,app,pickup,completed
ORD-0031377,R-0066,2025-09-06,34.96,web,delivery,completed
ORD-0031378,R-0066,2025-09-29,34.03,web,delivery,completed
ORD-0031379,R-0066,2025-09-20,28.20,web,delivery,completed
ORD-0031380,R-0066,2025-09-13,27.24,app,pickup,completed
ORD-0031381,R-0066,2025-09-17,17.88,web,pickup,completed
ORD-0031382,R-0066,2025-09-19,24.40,web,pickup,Completed
ORD-0031383,R-0066,2025-09-30,22.96,web,delivery,completed
ORD-0031384,R-0066,2025-09-28,22.27,app,delivery,completed
ORD-0031385,R-0066,2025-09-03,31.72,app,pickup,Completed
ORD-0031386,R-0066,2025-09-30,25.08,web,pickup,completed
ORD-0031387,R-0066,2025-09-05,24.53,web,delivery,completed
ORD-0031388,R-0066,2025-09-03,31.04,web,pickup,completed
ORD-0031389,R-0066,2025-09-01,27.96,app,pickup,completed
ORD-0031390,R-0066,2025-09-29,49.10,web,pickup,completed
ORD-0031391,R-0066,2025-09-22,41.54,app,pickup,completed
ORD-0031392,R-0066,2025-09-08,18.66,app,delivery,completed
ORD-0031393,R-0066,2025-09-08,30.98,web,pickup,completed
ORD-0031394,R-0066,2025-09-12,35.08,web,delivery,completed
ORD-0031395,R-0066,2025-09-17,41.28,web,delivery,completed
ORD-0031396,R-0066,2025-09-22,18.67,web,delivery,completed
ORD-0031397,R-0066,2025-09-05,30.82,web,delivery,completed
ORD-0031398,R-0066,2025-09-30,23.76,web,pickup,completed
ORD-0031399,R-0066,2025-09-27,18.66,web,delivery,completed
ORD-0031400,R-0066,2025-09-19,41.99,web,delivery,completed
ORD-0031401,R-0066,2025-09-07,40.52,web,pickup,COMPLETED
ORD-0031402,R-0066,2025-09-12,33.73,web,delivery,completed
ORD-0031403,R-0066,2025-09-28,27.35,web,delivery,completed
ORD-0031404,R-0066,2025-09-20,29.87,app,pickup,completed
ORD-0031405,R-0066,2025-09-18,22.21,web,pickup,cancelled
ORD-0031406,R-0066,2025-09-14,20.60,app,delivery,completed
ORD-0031407,R-0066,2025-09-10,15.51,web,delivery,completed
ORD-0031408,R-0066,2025-09-23,29.07,web,delivery,completed
ORD-0031409,R-0066,2025-09-21,29.11,web,delivery,completed
ORD-0031410,R-0066,2025-09-17,32.20,web,delivery,completed
ORD-0031411,R-0066,2025-09-30,20.04,web,delivery,completed
ORD-0031412,R-0066,2025-09-29,11.99,web,delivery,completed
ORD-0031413,R-0066,2025-09-05,28.73,web,delivery,completed
ORD-0031414,R-0066,2025-09-11,33.68,web,delivery,completed
ORD-0031415,R-0066,2025-09-28,14.16,web,pickup,Completed
ORD-0031416,R-0066,2025-09-20,15.87,app,pickup,completed
ORD-0031417,R-0066,2025-09-23,20.15,app,pickup,completed
ORD-0031418,R-0066,2025-09-23,17.81,web,pickup,completed
ORD-0031419,R-0066,2025-09-27,43.22,app,pickup,completed
ORD-0031420,R-0066,2025-09-12,47.56,web,pickup,completed
ORD-0031421,R-0066,2025-09-20,30.76,web,pickup,completed
ORD-0031422,R-0066,2025-09-04,31.63,web,delivery,completed
ORD-0031423,R-0066,2025-09-07,31.21,app,delivery,completed
ORD-0031424,R-0066,2025-09-13,21.45,web,delivery,completed
ORD-0031425,R-0066,2025-09-04,38.29,web,pickup,cancelled
ORD-0031426,R-0066,2025-09-10,36.31,web,pickup,completed
ORD-0031427,R-0066,2025-09-10,33.79,web,delivery,completed
ORD-0031428,R-0066,2025-09-16,32.68,web,pickup,cancelled
ORD-0031429,R-0066,2025-09-14,19.40,app,pickup,completed
ORD-0031430,R-0066,2025-09-22,27.67,app,pickup,Completed
ORD-0031431,R-0066,2025-09-21,29.03,web,delivery,completed
ORD-0031432,R-0066,2025-09-20,31.77,web,pickup,completed
ORD-0031433,R-0066,2025-09-07,26.39,web,delivery,completed
ORD-0032766,R-0070,2025-09-12,25.15,app,delivery,completed
ORD-0032767,R-0070,2025-09-16,19.49,app,delivery,completed
ORD-0032768,R-0070,2025-09-16,15.32,web,delivery,completed
ORD-0032769,R-0070,2025-09-16,25.72,app,delivery,completed
ORD-0032770,R-0070,2025-09-24,16.40,app,pickup,completed
ORD-0032771,R-0070,2025-09-25,20.10,web,delivery,completed
ORD-0032772,R-0070,2025-09-23,17.30,app,delivery,completed
ORD-0032773,R-0070,2025-09-16,20.18,app,delivery,completed
ORD-0032774,R-0070,2025-09-27,28.64,web,delivery,completed
ORD-0032775,R-0070,2025-09-11,25.93,web,pickup,completed
ORD-0032776,R-0070,2025-09-19,28.89,app,pickup,completed
ORD-0032777,R-0070,2025-09-15,29.19,web,pickup,completed
ORD-0032778,R-0070,2025-09-30,12.13,app,delivery,completed
ORD-0032779,R-0070,2025-09-19,61.36,web,delivery,completed
ORD-0032780,R-0070,2025-09-13,25.46,app,delivery,completed
ORD-0032781,R-0070,2025-09-26,30.91,app,pickup,completed
ORD-0032782,R-0070,2025-09-23,20.72,app,delivery,cancelled
ORD-0032783,R-0070,2025-09-05,43.07,web,delivery,completed
ORD-0032784,R-0070,2025-09-20,43.69,web,delivery,completed
ORD-0032785,R-0070,2025-09-20,34.81,app,delivery,completed
ORD-0032786,R-0070,2025-09-26,20.18,app,pickup,completed
ORD-0032787,R-0070,2025-09-24,22.73,app,delivery,completed
ORD-0032788,R-0070,2025-09-17,20.96,app,delivery,completed
ORD-0032789,R-0070,2025-09-15,27.38,app,delivery,completed
ORD-0032790,R-0070,2025-09-07,36.20,app,pickup,completed
ORD-0032791,R-0070,2025-09-16,37.82,web,pickup,completed
ORD-0032792,R-0070,2025-09-25,18.75,app,delivery,completed
ORD-0032793,R-0070,2025-09-20,41.38,app,delivery,completed
ORD-0032794,R-0070,2025-09-05,18.69,web,pickup,completed
ORD-0032795,R-0070,2025-09-10,38.42,app,pickup,completed
ORD-0032796,R-0070,2025-09-07,25.52,web,delivery,completed
ORD-0032797,R-0070,2025-09-20,44.83,app,pickup,completed
ORD-0032798,R-0070,2025-09-06,15.93,app,delivery,completed
ORD-0032799,R-0070,2025-09-09,16.18,app,pickup,completed
ORD-0032800,R-0070,2025-09-05,27.69,app,pickup,completed
ORD-0032801,R-0070,2025-09-06,37.32,app,delivery,completed
ORD-0032802,R-0070,2025-09-09,25.16,app,delivery,completed
ORD-0032803,R-0070,2025-09-24,21.05,web,pickup,completed
ORD-0032804,R-0070,2025-09-05,37.86,app,delivery,Completed
ORD-0032805,R-0070,2025-09-21,126.67,app,delivery,completed
ORD-0032806,R-0070,2025-09-27,32.70,app,delivery,completed
ORD-0032807,R-0070,2025-09-27,28.94,web,delivery,completed
ORD-0032808,R-0070,2025-09-01,27.04,app,pickup,completed
ORD-0032809,R-0070,2025-09-12,26.10,app,pickup,completed
ORD-0032810,R-0070,2025-09-13,26.18,web,pickup,cancelled
ORD-0032811,R-0070,2025-09-15,29.38,app,pickup,completed
ORD-0032812,R-0070,2025-09-28,24.22,web,delivery,completed
ORD-0032813,R-0070,2025-09-02,20.26,app,delivery,COMPLETED
ORD-0032814,R-0070,2025-09-23,12.49,app,delivery,completed
ORD-0032815,R-0070,2025-09-07,37.72,web,pickup,completed
ORD-0032816,R-0070,2025-09-19,37.84,web,delivery,completed
ORD-0032817,R-0070,2025-09-18,49.49,app,pickup,completed
ORD-0032818,R-0070,2025-09-06,35.24,app,pickup,Completed
ORD-0032819,R-0070,2025-09-04,14.43,app,pickup,completed
ORD-0032820,R-0070,2025-09-20,34.85,app,delivery,Completed
ORD-0032821,R-0070,2025-09-04,21.56,app,pickup,completed
ORD-0032822,R-0070,2025-09-01,20.26,web,delivery,completed
ORD-0032823,R-0070,2025-09-26,18.11,web,delivery,completed
ORD-0032824,R-0070,2025-09-05,22.15,app,delivery,completed
ORD-0032825,R-0070,2025-09-28,25.19,app,delivery,completed
ORD-0032826,R-0070,2025-09-13,28.59,web,pickup,completed
ORD-0032827,R-0070,2025-09-26,35.40,app,pickup,completed
ORD-0032828,R-0070,2025-09-26,31.91,app,pickup,completed
ORD-0032829,R-0070,2025-09-08,24.86,web,delivery,completed
ORD-0032830,R-0070,2025-09-04,11.28,web,delivery,completed
ORD-0032831,R-0070,2025-09-07,12.11,web,delivery,completed
ORD-0032832,R-0070,2025-09-23,36.16,app,pickup,completed
ORD-0032833,R-0070,2025-09-20,20.55,web,delivery,completed
ORD-0032834,R-0070,2025-09-24,20.00,web,delivery,Completed
ORD-0032835,R-0070,2025-09-13,36.59,app,delivery,completed
ORD-0032836,R-0070,2025-09-21,22.24,web,pickup,completed
ORD-0032837,R-0070,2025-09-27,26.01,app,pickup,completed
ORD-0032838,R-0070,2025-09-05,26.59,app,pickup,completed
ORD-0032839,R-0070,2025-09-19,9.76,web,delivery,completed
ORD-0032840,R-0070,2025-09-04,28.49,app,pickup,Completed
ORD-0032841,R-0070,2025-09-28,20.31,web,pickup,completed
ORD-0032842,R-0070,2025-09-08,15.10,app,delivery,completed
ORD-0032843,R-0070,2025-09-05,37.08,app,pickup,COMPLETED
ORD-0033293,R-0072,2025-09-25,21.50,app,pickup,completed
ORD-0033294,R-0072,2025-09-05,61.08,web,delivery,completed
ORD-0033295,R-0072,2025-09-26,47.63,web,delivery,completed
ORD-0033296,R-0072,2025-09-13,50.31,web,delivery,COMPLETED
ORD-0033297,R-0072,2025-09-16,30.11,web,delivery,completed
ORD-0033298,R-0072,2025-09-11,30.44,web,delivery,COMPLETED
ORD-0033299,R-0072,2025-09-06,28.72,web,delivery,Completed
ORD-0033300,R-0072,2025-09-27,50.40,app,pickup,completed
ORD-0033301,R-0072,2025-09-29,30.44,app,delivery,completed
ORD-0033302,R-0072,2025-09-20,29.87,web,delivery,completed
ORD-0033303,R-0072,2025-09-04,30.07,app,pickup,completed
ORD-0033304,R-0072,2025-09-13,52.64,app,pickup,completed
ORD-0033305,R-0072,2025-09-08,22.97,web,pickup,completed
ORD-0033306,R-0072,2025-09-26,34.41,web,delivery,completed
ORD-0033307,R-0072,2025-09-18,26.07,web,pickup,completed
ORD-0033308,R-0072,2025-09-08,37.30,web,pickup,completed
ORD-0033309,R-0072,2025-09-19,20.12,app,pickup,completed
ORD-0033310,R-0072,2025-09-20,37.47,app,pickup,completed
ORD-0033311,R-0072,2025-09-19,27.56,web,delivery,completed
ORD-0033312,R-0072,2025-09-19,48.01,app,delivery,completed
ORD-0033313,R-0072,2025-09-07,40.11,app,delivery,completed
ORD-0033314,R-0072,2025-09-06,23.20,web,delivery,completed
ORD-0033315,R-0072,2025-09-11,40.40,web,pickup,completed
ORD-0033316,R-0072,2025-09-02,20.88,app,pickup,completed
ORD-0033317,R-0072,2025-09-06,41.05,app,pickup,completed
ORD-0033318,R-0072,2025-09-29,25.52,web,delivery,completed
ORD-0033319,R-0072,2025-09-02,37.25,web,delivery,completed
ORD-0033320,R-0072,2025-09-20,32.59,app,pickup,cancelled
ORD-0033321,R-0072,2025-09-13,23.60,app,pickup,completed
ORD-0033322,R-0072,2025-09-06,62.27,app,delivery,Completed
ORD-0033323,R-0072,2025-09-19,44.00,web,pickup,completed
ORD-0033324,R-0072,2025-09-14,36.06,web,delivery,completed
ORD-0033325,R-0072,2025-09-27,31.91,web,pickup,cancelled
ORD-0033326,R-0072,2025-09-16,34.83,app,pickup,completed
ORD-0033327,R-0072,2025-09-05,34.12,web,delivery,completed
ORD-0033788,R-0074,2025-09-06,42.11,app,delivery,completed
ORD-0033789,R-0074,2025-09-07,28.68,web,delivery,completed
ORD-0033790,R-0074,2025-09-23,21.53,app,delivery,COMPLETED
ORD-0033791,R-0074,2025-09-20,21.99,web,pickup,completed
ORD-0033792,R-0074,2025-09-22,23.79,app,pickup,completed
ORD-0033793,R-0074,2025-09-11,51.00,app,pickup,completed
ORD-0033794,R-0074,2025-09-20,22.93,app,pickup,completed
ORD-0033795,R-0074,2025-09-12,22.85,app,delivery,completed
ORD-0033796,R-0074,2025-09-12,26.55,app,pickup,completed
ORD-0033797,R-0074,2025-09-18,26.10,web,delivery,completed
ORD-0033798,R-0074,2025-09-20,23.09,app,delivery,COMPLETED
ORD-0033799,R-0074,2025-09-28,36.26,app,pickup,completed
ORD-0033800,R-0074,2025-09-01,34.64,app,delivery,completed
ORD-0033801,R-0074,2025-09-04,25.58,app,delivery,completed
ORD-0033802,R-0074,2025-09-01,28.54,app,pickup,completed
ORD-0033803,R-0074,2025-09-05,26.96,app,delivery,COMPLETED
ORD-0033804,R-0074,2025-09-12,44.16,app,pickup,completed
ORD-0033805,R-0074,2025-09-12,24.13,app,delivery,completed
ORD-0033806,R-0074,2025-09-05,22.30,app,pickup,completed
ORD-0033807,R-0074,2025-09-05,64.19,app,delivery,completed
ORD-0033808,R-0074,2025-09-19,19.41,app,pickup,completed
ORD-0033809,R-0074,2025-09-12,36.28,app,delivery,completed
ORD-0033810,R-0074,2025-09-07,25.96,app,delivery,completed
ORD-0033811,R-0074,2025-09-02,45.80,web,pickup,Completed
ORD-0033812,R-0074,2025-09-10,19.95,app,delivery,completed
ORD-0033813,R-0074,2025-09-20,33.99,app,delivery,completed
ORD-0033814,R-0074,2025-09-29,32.71,app,delivery,completed
ORD-0033815,R-0074,2025-09-29,41.71,web,delivery,completed
ORD-0033816,R-0074,2025-09-13,27.91,web,delivery,completed
ORD-0033817,R-0074,2025-09-08,52.89,app,delivery,completed
ORD-0033818,R-0074,2025-09-21,36.72,app,pickup,completed
ORD-0033819,R-0074,2025-09-06,45.44,app,delivery,COMPLETED
ORD-0033820,R-0074,2025-09-06,46.14,web,delivery,completed
ORD-0033821,R-0074,2025-09-16,29.47,web,pickup,completed
ORD-0033822,R-0074,2025-09-13,27.95,app,pickup,completed
ORD-0033823,R-0074,2025-09-23,21.90,app,delivery,completed
ORD-0033824,R-0074,2025-09-04,31.10,app,delivery,completed
ORD-0033825,R-0074,2025-09-26,24.11,app,delivery,completed
ORD-0033826,R-0074,2025-09-07,33.55,web,pickup,completed
ORD-0033827,R-0074,2025-09-20,44.99,web,pickup,completed
ORD-0033828,R-0074,2025-09-19,26.70,app,delivery,completed
ORD-0033829,R-0074,2025-09-05,18.31,app,delivery,completed
ORD-0033830,R-0074,2025-09-13,29.24,app,delivery,completed
ORD-0033831,R-0074,2025-09-19,28.54,app,pickup,completed
ORD-0033832,R-0074,2025-09-25,32.06,web,delivery,completed
ORD-0033833,R-0074,2025-09-04,29.80,app,delivery,completed
ORD-0033834,R-0074,2025-09-12,31.64,web,delivery,completed
ORD-0033835,R-0074,2025-09-07,36.15,web,pickup,completed
ORD-0033836,R-0074,2025-09-04,33.66,app,pickup,completed
ORD-0033837,R-0074,2025-09-16,37.03,app,delivery,completed
ORD-0033838,R-0074,2025-09-19,24.58,app,delivery,completed
ORD-0033839,R-0074,2025-09-28,26.57,app,delivery,completed
ORD-0033840,R-0074,2025-09-23,22.96,app,delivery,completed
ORD-0033841,R-0074,2025-09-19,37.68,app,delivery,completed
ORD-0033842,R-0074,2025-09-12,24.16,web,pickup,completed
ORD-0033843,R-0074,2025-09-21,28.53,web,delivery,refunded
ORD-0033844,R-0074,2025-09-19,67.14,app,delivery,completed
ORD-0033845,R-0074,2025-09-20,37.42,app,delivery,completed
ORD-0033846,R-0074,2025-09-28,35.86,app,pickup,completed
ORD-0033847,R-0074,2025-09-04,22.37,app,pickup,completed
ORD-0033848,R-0074,2025-09-25,41.89,app,pickup,completed
ORD-0033849,R-0074,2025-09-20,28.39,web,pickup,completed
ORD-0033850,R-0074,2025-09-09,43.68,app,delivery,completed
ORD-0033851,R-0074,2025-09-19,27.73,app,delivery,completed
ORD-0033852,R-0074,2025-09-26,18.23,app,pickup,completed
ORD-0035029,R-0075,2025-09-27,19.45,app,delivery,completed
ORD-0035030,R-0075,2025-09-17,51.11,app,delivery,completed
ORD-0035031,R-0075,2025-09-23,16.63,web,delivery,completed
ORD-0035032,R-0075,2025-09-11,16.56,web,delivery,cancelled
ORD-0035033,R-0075,2025-09-18,7.85,app,pickup,completed
ORD-0035034,R-0075,2025-09-03,23.21,app,pickup,completed
ORD-0035035,R-0075,2025-09-27,19.45,app,delivery,completed
ORD-0035036,R-0075,2025-09-12,37.26,app,delivery,completed
ORD-0035037,R-0075,2025-09-25,21.66,app,delivery,completed
ORD-0035038,R-0075,2025-09-05,21.97,web,delivery,completed
ORD-0035039,R-0075,2025-09-05,25.37,app,delivery,completed
ORD-0035040,R-0075,2025-09-17,14.95,web,delivery,cancelled
ORD-0035041,R-0075,2025-09-08,15.53,app,pickup,completed
ORD-0035042,R-0075,2025-09-25,31.25,app,delivery,completed
ORD-0035043,R-0075,2025-09-17,17.30,app,pickup,completed
ORD-0035044,R-0075,2025-09-26,18.74,app,delivery,completed
ORD-0035045,R-0075,2025-09-06,31.57,app,delivery,completed
ORD-0035046,R-0075,2025-09-23,41.08,app,delivery,cancelled
ORD-0035047,R-0075,2025-09-24,21.94,web,delivery,completed
ORD-0035048,R-0075,2025-09-27,37.14,app,pickup,Completed
ORD-0035049,R-0075,2025-09-03,12.07,app,delivery,COMPLETED
ORD-0035050,R-0075,2025-09-24,25.66,web,pickup,completed
ORD-0035051,R-0075,2025-09-06,63.74,app,pickup,completed
ORD-0035389,R-0076,2025-09-17,14.28,web,pickup,completed
ORD-0035390,R-0076,2025-09-20,49.98,app,pickup,completed
ORD-0035391,R-0076,2025-09-05,17.46,app,delivery,completed
ORD-0035392,R-0076,2025-09-09,40.15,app,delivery,completed
ORD-0035393,R-0076,2025-09-19,33.45,web,pickup,completed
ORD-0035394,R-0076,2025-09-13,13.53,app,delivery,completed
ORD-0035395,R-0076,2025-09-26,26.55,web,delivery,completed
ORD-0035396,R-0076,2025-09-28,20.05,app,delivery,completed
ORD-0035397,R-0076,2025-09-08,27.99,web,delivery,completed
ORD-0035398,R-0076,2025-09-16,24.29,app,pickup,completed
ORD-0035399,R-0076,2025-09-04,30.63,app,pickup,completed
ORD-0035400,R-0076,2025-09-28,48.10,app,delivery,completed
ORD-0035401,R-0076,2025-09-04,19.00,web,delivery,completed
ORD-0035402,R-0076,2025-09-27,27.52,app,delivery,completed
ORD-0035403,R-0076,2025-09-21,11.27,app,delivery,completed
ORD-0035404,R-0076,2025-09-10,16.68,app,pickup,completed
ORD-0035405,R-0076,2025-09-13,25.30,app,delivery,completed
ORD-0035406,R-0076,2025-09-19,17.14,web,pickup,completed
ORD-0035407,R-0076,2025-09-18,44.24,app,delivery,Refunded
ORD-0035693,R-0077,2025-09-13,27.00,web,delivery,completed
ORD-0035694,R-0077,2025-09-22,16.23,web,pickup,COMPLETED
ORD-0035695,R-0077,2025-09-25,10.20,web,pickup,completed
ORD-0035696,R-0077,2025-09-28,23.32,web,delivery,completed
ORD-0035697,R-0077,2025-09-10,12.36,web,pickup,completed
ORD-0035698,R-0077,2025-09-06,24.33,web,delivery,COMPLETED
ORD-0035699,R-0077,2025-09-01,17.09,app,delivery,completed
ORD-0035700,R-0077,2025-09-12,17.61,web,pickup,completed
ORD-0035701,R-0077,2025-09-02,19.80,web,pickup,completed
ORD-0035702,R-0077,2025-09-21,23.25,app,pickup,completed
ORD-0035703,R-0077,2025-09-01,22.79,app,delivery,completed
ORD-0035704,R-0077,2025-09-05,11.43,app,pickup,completed
ORD-0035705,R-0077,2025-09-20,17.44,web,pickup,completed
ORD-0035706,R-0077,2025-09-12,28.58,web,pickup,completed
ORD-0035707,R-0077,2025-09-18,21.31,web,pickup,completed
ORD-0035708,R-0077,2025-09-30,28.98,web,pickup,COMPLETED
ORD-0035709,R-0077,2025-09-13,59.52,web,delivery,completed
ORD-0035710,R-0077,2025-09-23,25.77,app,pickup,completed
ORD-0035711,R-0077,2025-09-09,24.04,web,delivery,completed
ORD-0035712,R-0077,2025-09-20,26.17,web,delivery,completed
ORD-0035713,R-0077,2025-09-07,17.17,web,pickup,completed
ORD-0035714,R-0077,2025-09-07,27.10,app,pickup,completed
ORD-0035715,R-0077,2025-09-20,21.61,app,pickup,COMPLETED
ORD-0035716,R-0077,2025-09-08,23.02,web,delivery,completed
ORD-0035717,R-0077,2025-09-13,20.07,web,pickup,completed
ORD-0035718,R-0077,2025-09-06,32.16,app,delivery,completed
ORD-0035719,R-0077,2025-09-13,19.22,app,pickup,completed
ORD-0035720,R-0077,2025-09-26,17.21,app,pickup,completed
ORD-0035721,R-0077,2025-09-18,14.91,app,delivery,Completed
ORD-0035722,R-0077,2025-09-27,22.72,app,pickup,completed
ORD-0035723,R-0077,2025-09-27,16.59,app,pickup,completed
ORD-0035724,R-0077,2025-09-28,28.15,web,pickup,completed
ORD-0035725,R-0077,2025-09-09,19.75,web,pickup,completed
ORD-0035726,R-0077,2025-09-27,26.52,app,pickup,Completed
ORD-0035727,R-0077,2025-09-19,22.95,web,pickup,cancelled
ORD-0035728,R-0077,2025-09-09,30.93,web,delivery,completed
ORD-0035729,R-0077,2025-09-17,20.86,app,pickup,COMPLETED
ORD-0035730,R-0077,2025-09-28,17.77,app,pickup,completed
ORD-0035731,R-0077,2025-09-26,20.53,app,pickup,completed
ORD-0035732,R-0077,2025-09-02,27.08,app,delivery,Completed
ORD-0035733,R-0077,2025-09-13,15.47,app,delivery,completed
ORD-0035734,R-0077,2025-09-02,25.70,web,pickup,completed
ORD-0035735,R-0077,2025-09-28,26.43,web,delivery,Completed
ORD-0035736,R-0077,2025-09-13,21.68,web,pickup,completed
ORD-0035737,R-0077,2025-09-05,18.47,web,delivery,completed
ORD-0035738,R-0077,2025-09-25,21.83,web,pickup,completed
ORD-0035739,R-0077,2025-09-03,28.23,web,delivery,completed
ORD-0035740,R-0077,2025-09-13,17.81,web,pickup,completed
ORD-0035741,R-0077,2025-09-30,25.31,web,pickup,completed
ORD-0035742,R-0077,2025-09-10,29.23,app,pickup,Cancelled
ORD-0035743,R-0077,2025-09-13,25.81,web,delivery,completed
ORD-0035744,R-0077,2025-09-02,23.34,web,delivery,completed
ORD-0035745,R-0077,2025-09-05,30.24,web,pickup,completed
ORD-0035746,R-0077,2025-09-22,20.95,app,pickup,completed
ORD-0035747,R-0077,2025-09-10,17.07,web,pickup,Completed
ORD-0035748,R-0077,2025-09-02,33.73,web,pickup,completed
ORD-0035749,R-0077,2025-09-22,32.37,web,delivery,completed
ORD-0035750,R-0077,2025-09-19,22.72,app,pickup,completed
ORD-0035751,R-0077,2025-09-29,21.83,web,delivery,completed
ORD-0035752,R-0077,2025-09-17,37.05,web,pickup,completed
ORD-0035753,R-0077,2025-09-04,14.06,app,delivery,completed
ORD-0035754,R-0077,2025-09-11,20.15,web,delivery,completed
ORD-0035755,R-0077,2025-09-06,19.30,web,pickup,completed
ORD-0035756,R-0077,2025-09-17,23.75,app,pickup,completed
ORD-0035757,R-0077,2025-09-10,18.44,web,delivery,completed
ORD-0035758,R-0077,2025-09-09,34.59,web,delivery,completed
ORD-0035759,R-0077,2025-09-19,20.78,web,pickup,completed
ORD-0035760,R-0077,2025-09-15,17.13,web,delivery,completed
ORD-0035761,R-0077,2025-09-21,17.10,web,pickup,completed
ORD-0035762,R-0077,2025-09-20,23.22,app,delivery,completed
ORD-0035763,R-0077,2025-09-05,13.88,web,pickup,completed
ORD-0035764,R-0077,2025-09-03,25.42,web,delivery,completed
ORD-0035765,R-0077,2025-09-14,36.98,app,delivery,refunded
ORD-0035766,R-0077,2025-09-27,15.64,app,delivery,completed
ORD-0035767,R-0077,2025-09-25,23.06,app,pickup,completed
ORD-0035768,R-0077,2025-09-27,21.03,web,delivery,completed
ORD-0035769,R-0077,2025-09-30,16.62,app,pickup,completed
ORD-0035770,R-0077,2025-09-13,16.11,app,delivery,completed
ORD-0035771,R-0077,2025-09-25,23.82,app,pickup,COMPLETED
ORD-0035772,R-0077,2025-09-12,19.96,web,pickup,COMPLETED
ORD-0035773,R-0077,2025-09-01,14.63,web,pickup,completed
ORD-0035774,R-0077,2025-09-13,30.28,web,pickup,completed
ORD-0035775,R-0077,2025-09-10,21.24,app,pickup,completed
ORD-0035776,R-0077,2025-09-09,25.81,app,delivery,completed
ORD-0035777,R-0077,2025-09-20,38.89,app,delivery,completed
ORD-0035778,R-0077,2025-09-19,26.20,app,pickup,completed
ORD-0035779,R-0077,2025-09-03,20.99,web,pickup,completed
ORD-0035780,R-0077,2025-09-23,18.49,app,pickup,completed
ORD-0035781,R-0077,2025-09-28,27.14,web,pickup,completed
ORD-0035782,R-0077,2025-09-11,27.76,web,pickup,completed
ORD-0035783,R-0077,2025-09-19,34.35,app,delivery,completed
ORD-0035784,R-0077,2025-09-07,12.89,app,delivery,completed
ORD-0035785,R-0077,2025-09-05,27.02,web,delivery,completed
ORD-0035786,R-0077,2025-09-01,25.36,app,pickup,completed
ORD-0035787,R-0077,2025-09-21,45.55,web,pickup,completed
ORD-0035788,R-0077,2025-09-02,24.50,app,pickup,completed
ORD-0036017,R-0079,2025-09-27,28.02,app,delivery,completed
ORD-0036018,R-0079,2025-09-19,38.63,web,pickup,completed
ORD-0036019,R-0079,2025-09-23,24.70,app,pickup,completed
ORD-0036561,R-0081,2025-09-08,53.55,web,delivery,completed
ORD-0036562,R-0081,2025-09-05,53.67,app,delivery,completed
ORD-0036563,R-0081,2025-09-22,54.16,web,delivery,completed
ORD-0036564,R-0081,2025-09-21,50.00,web,pickup,completed
ORD-0036565,R-0081,2025-09-12,25.23,web,pickup,completed
ORD-0036566,R-0081,2025-09-04,39.36,app,pickup,completed
ORD-0036567,R-0081,2025-09-01,27.77,web,delivery,completed
ORD-0036568,R-0081,2025-09-13,48.52,web,pickup,completed
ORD-0036569,R-0081,2025-09-03,55.61,app,delivery,completed
ORD-0036570,R-0081,2025-09-13,70.96,web,delivery,completed
ORD-0036571,R-0081,2025-09-07,64.07,app,delivery,completed
ORD-0036572,R-0081,2025-09-22,56.07,web,delivery,COMPLETED
ORD-0036573,R-0081,2025-09-08,42.60,web,pickup,completed
ORD-0036574,R-0081,2025-09-30,47.71,app,delivery,completed
ORD-0036575,R-0081,2025-09-11,62.01,web,pickup,completed
ORD-0036576,R-0081,2025-09-21,79.54,app,delivery,completed
ORD-0036577,R-0081,2025-09-04,51.40,app,delivery,completed
ORD-0036578,R-0081,2025-09-13,53.32,web,delivery,completed
ORD-0036579,R-0081,2025-09-14,63.48,web,pickup,completed
ORD-0036580,R-0081,2025-09-04,61.55,app,delivery,completed
ORD-0036581,R-0081,2025-09-30,76.07,web,delivery,completed
ORD-0036582,R-0081,2025-09-04,39.06,app,pickup,completed
ORD-0036583,R-0081,2025-09-21,43.59,web,delivery,completed
ORD-0036584,R-0081,2025-09-14,63.30,app,delivery,completed
ORD-0036585,R-0081,2025-09-13,35.22,web,delivery,completed
ORD-0036586,R-0081,2025-09-05,66.73,web,pickup,completed
ORD-0036587,R-0081,2025-09-24,60.21,web,delivery,completed
ORD-0036588,R-0081,2025-09-12,39.53,app,pickup,completed
ORD-0036589,R-0081,2025-09-28,65.79,web,delivery,COMPLETED
ORD-0036590,R-0081,2025-09-06,45.75,web,delivery,completed
ORD-0036591,R-0081,2025-09-30,51.40,web,pickup,completed
ORD-0036592,R-0081,2025-09-25,71.71,app,pickup,Completed
ORD-0037227,R-0083,2025-09-01,22.95,app,pickup,completed
ORD-0037228,R-0083,2025-09-07,34.87,web,pickup,completed
ORD-0037229,R-0083,2025-09-25,42.32,app,delivery,completed
ORD-0037230,R-0083,2025-09-26,61.33,app,pickup,completed
ORD-0037231,R-0083,2025-09-19,34.92,web,pickup,completed
ORD-0037232,R-0083,2025-09-22,44.83,app,pickup,completed
ORD-0037233,R-0083,2025-09-27,36.88,app,pickup,Completed
ORD-0037234,R-0083,2025-09-21,23.46,web,delivery,completed
ORD-0037235,R-0083,2025-09-29,24.62,web,pickup,completed
ORD-0037236,R-0083,2025-09-29,36.76,app,delivery,completed
ORD-0037237,R-0083,2025-09-07,38.86,app,pickup,completed
ORD-0037238,R-0083,2025-09-01,33.03,app,delivery,completed
ORD-0037239,R-0083,2025-09-03,31.58,web,pickup,completed
ORD-0037240,R-0083,2025-09-05,36.63,app,pickup,completed
ORD-0037241,R-0083,2025-09-28,32.44,web,pickup,completed
ORD-0037242,R-0083,2025-09-10,13.74,app,pickup,completed
ORD-0037243,R-0083,2025-09-29,35.53,app,delivery,completed
ORD-0037244,R-0083,2025-09-27,17.58,app,pickup,completed
ORD-0037245,R-0083,2025-09-25,37.91,app,pickup,completed
ORD-0037246,R-0083,2025-09-16,19.38,web,pickup,completed
ORD-0037247,R-0083,2025-09-26,22.28,app,pickup,Completed
ORD-0037248,R-0083,2025-09-26,21.09,app,delivery,completed
ORD-0037249,R-0083,2025-09-01,30.77,app,pickup,completed
ORD-0038612,R-0087,2025-09-13,23.58,web,delivery,completed
ORD-0038613,R-0087,2025-09-06,39.23,web,pickup,completed
ORD-0038614,R-0087,2025-09-06,35.03,web,pickup,completed
ORD-0038615,R-0087,2025-09-13,27.12,app,pickup,cancelled
ORD-0038616,R-0087,2025-09-16,31.38,app,pickup,completed
ORD-0038617,R-0087,2025-09-03,72.82,app,pickup,completed
ORD-0038618,R-0087,2025-09-06,31.51,app,delivery,completed
ORD-0038619,R-0087,2025-09-17,27.88,web,delivery,completed
ORD-0038620,R-0087,2025-09-20,24.03,web,pickup,completed
ORD-0038621,R-0087,2025-09-23,34.10,web,delivery,completed
ORD-0038622,R-0087,2025-09-24,26.60,web,pickup,COMPLETED
ORD-0038623,R-0087,2025-09-04,22.00,web,pickup,COMPLETED
ORD-0038624,R-0087,2025-09-02,26.23,web,delivery,completed
ORD-0038625,R-0087,2025-09-27,50.70,web,pickup,completed
ORD-0038626,R-0087,2025-09-08,17.81,app,delivery,COMPLETED
ORD-0038627,R-0087,2025-09-27,36.27,app,delivery,completed
ORD-0038628,R-0087,2025-09-24,17.22,web,delivery,Completed
ORD-0038629,R-0087,2025-09-28,18.28,web,pickup,completed
ORD-0038630,R-0087,2025-09-28,26.68,app,delivery,completed
ORD-0038631,R-0087,2025-09-27,27.50,app,delivery,completed
ORD-0038632,R-0087,2025-09-12,63.84,web,pickup,completed
ORD-0038633,R-0087,2025-09-05,21.06,web,delivery,completed
ORD-0038634,R-0087,2025-09-19,39.91,web,delivery,completed
ORD-0038635,R-0087,2025-09-14,42.50,app,pickup,completed
ORD-0038636,R-0087,2025-09-25,29.13,app,pickup,completed
ORD-0038637,R-0087,2025-09-20,53.90,app,delivery,completed
ORD-0038638,R-0087,2025-09-20,34.24,app,pickup,completed
ORD-0038639,R-0087,2025-09-21,43.67,web,pickup,completed
ORD-0038640,R-0087,2025-09-10,25.15,web,delivery,completed
ORD-0038641,R-0087,2025-09-13,26.02,web,pickup,completed
ORD-0038642,R-0087,2025-09-13,73.53,app,delivery,completed
ORD-0038643,R-0087,2025-09-29,56.18,web,pickup,completed
ORD-0038644,R-0087,2025-09-19,47.92,web,pickup,completed
ORD-0038645,R-0087,2025-09-22,44.02,app,pickup,completed
ORD-0038646,R-0087,2025-09-28,46.46,app,delivery,completed
ORD-0038647,R-0087,2025-09-05,22.36,app,delivery,completed
ORD-0038648,R-0087,2025-09-05,32.82,app,pickup,completed
ORD-0038649,R-0087,2025-09-25,69.15,web,delivery,refunded
ORD-0038650,R-0087,2025-09-29,41.74,web,delivery,COMPLETED
ORD-0038651,R-0087,2025-09-28,21.11,web,delivery,COMPLETED
ORD-0038652,R-0087,2025-09-02,36.38,web,delivery,completed
ORD-0038653,R-0087,2025-09-11,40.95,app,pickup,completed
ORD-0038654,R-0087,2025-09-06,27.21,web,pickup,completed
ORD-0038655,R-0087,2025-09-19,29.40,web,pickup,completed
ORD-0038656,R-0087,2025-09-21,24.16,web,pickup,completed
ORD-0038657,R-0087,2025-09-29,34.05,web,delivery,completed
ORD-0038658,R-0087,2025-09-26,26.67,web,pickup,completed
ORD-0038659,R-0087,2025-09-03,34.82,app,delivery,cancelled
ORD-0038660,R-0087,2025-09-10,23.10,app,pickup,completed
ORD-0038661,R-0087,2025-09-02,30.02,app,delivery,completed
ORD-0038662,R-0087,2025-09-09,40.25,app,delivery,completed
ORD-0038663,R-0087,2025-09-01,21.34,web,delivery,COMPLETED
ORD-0038664,R-0087,2025-09-28,74.15,web,delivery,completed
ORD-0038665,R-0087,2025-09-05,23.10,web,delivery,completed
ORD-0038666,R-0087,2025-09-05,16.93,app,delivery,completed
ORD-0038667,R-0087,2025-09-13,36.81,web,pickup,completed
ORD-0038668,R-0087,2025-09-13,62.80,web,delivery,COMPLETED
ORD-0038669,R-0087,2025-09-28,18.29,app,delivery,completed
ORD-0038670,R-0087,2025-09-26,25.58,web,delivery,completed
ORD-0038671,R-0087,2025-09-20,23.21,web,delivery,completed
ORD-0038672,R-0087,2025-09-17,15.62,web,delivery,Completed
ORD-0038673,R-0087,2025-09-19,35.44,app,delivery,cancelled
ORD-0038674,R-0087,2025-09-07,86.79,web,delivery,completed
ORD-0038675,R-0087,2025-09-05,39.41,web,delivery,completed
ORD-0038676,R-0087,2025-09-15,24.18,app,delivery,completed
ORD-0038677,R-0087,2025-09-25,38.08,web,pickup,completed
ORD-0038678,R-0087,2025-09-02,28.46,app,delivery,completed
ORD-0038679,R-0087,2025-09-11,20.06,app,pickup,completed
ORD-0038680,R-0087,2025-09-27,43.64,web,pickup,completed
ORD-0038681,R-0087,2025-09-15,73.60,web,delivery,completed
ORD-0038682,R-0087,2025-09-16,45.77,web,delivery,completed
ORD-0038683,R-0087,2025-09-19,28.61,app,pickup,completed
ORD-0040090,R-0090,2025-09-27,20.57,app,delivery,completed
ORD-0040091,R-0090,2025-09-08,22.34,web,delivery,completed
ORD-0040092,R-0090,2025-09-25,12.92,app,delivery,completed
ORD-0040093,R-0090,2025-09-05,21.01,app,delivery,completed
ORD-0040094,R-0090,2025-09-09,21.49,app,delivery,completed
ORD-0040095,R-0090,2025-09-09,18.62,app,delivery,COMPLETED
ORD-0040096,R-0090,2025-09-27,28.28,app,pickup,completed
ORD-0040097,R-0090,2025-09-21,23.58,app,delivery,completed
ORD-0040098,R-0090,2025-09-20,24.19,web,delivery,REFUNDED
ORD-0040099,R-0090,2025-09-05,24.75,app,delivery,completed
ORD-0040100,R-0090,2025-09-17,15.76,app,delivery,completed
ORD-0040101,R-0090,2025-09-04,22.32,web,pickup,cancelled
ORD-0040102,R-0090,2025-09-20,30.60,app,delivery,completed
ORD-0040103,R-0090,2025-09-17,30.56,app,delivery,completed
ORD-0040104,R-0090,2025-09-19,24.26,app,pickup,completed
ORD-0040105,R-0090,2025-09-11,22.79,app,pickup,completed
ORD-0040106,R-0090,2025-09-14,17.06,app,delivery,completed
ORD-0040107,R-0090,2025-09-02,15.52,app,delivery,completed
ORD-0040108,R-0090,2025-09-23,26.42,web,pickup,completed
ORD-0040109,R-0090,2025-09-10,21.91,app,pickup,COMPLETED
ORD-0040110,R-0090,2025-09-17,18.77,app,delivery,completed
ORD-0040111,R-0090,2025-09-27,18.74,app,delivery,cancelled
ORD-0040112,R-0090,2025-09-24,23.69,app,pickup,completed
ORD-0040507,R-0091,2025-09-27,93.58,web,delivery,completed
ORD-0040508,R-0091,2025-09-06,71.97,app,pickup,completed
ORD-0040509,R-0091,2025-09-24,65.55,web,delivery,completed
ORD-0040510,R-0091,2025-09-17,112.01,app,delivery,completed
ORD-0040511,R-0091,2025-09-02,42.72,app,pickup,completed
ORD-0040512,R-0091,2025-09-20,81.63,web,delivery,completed
ORD-0040513,R-0091,2025-09-07,50.53,app,delivery,COMPLETED
ORD-0040514,R-0091,2025-09-19,139.63,app,delivery,COMPLETED
ORD-0040515,R-0091,2025-09-05,63.98,web,delivery,Completed
ORD-0040516,R-0091,2025-09-03,38.19,web,delivery,completed
ORD-0040517,R-0091,2025-09-13,89.39,app,delivery,refunded
ORD-0040518,R-0091,2025-09-02,109.91,app,pickup,completed
ORD-0040519,R-0091,2025-09-18,72.29,web,delivery,completed
ORD-0040520,R-0091,2025-09-20,60.54,app,delivery,completed
ORD-0040521,R-0091,2025-09-13,88.19,web,pickup,completed
ORD-0040522,R-0091,2025-09-30,105.84,app,delivery,completed
ORD-0040523,R-0091,2025-09-09,38.04,app,delivery,completed
ORD-0040524,R-0091,2025-09-27,61.98,web,delivery,completed
ORD-0040525,R-0091,2025-09-26,28.46,web,delivery,completed
ORD-0040526,R-0091,2025-09-05,100.05,web,pickup,completed
ORD-0040527,R-0091,2025-09-06,30.58,app,pickup,completed
ORD-0040528,R-0091,2025-09-20,57.43,web,pickup,completed
ORD-0040529,R-0091,2025-09-14,58.66,app,delivery,completed
ORD-0040530,R-0091,2025-09-07,113.30,app,delivery,COMPLETED
ORD-0040531,R-0091,2025-09-13,107.81,web,pickup,completed
ORD-0040532,R-0091,2025-09-05,49.17,web,delivery,Completed
ORD-0040533,R-0091,2025-09-13,76.67,app,delivery,completed
ORD-0040534,R-0091,2025-09-12,72.83,app,delivery,COMPLETED
ORD-0040535,R-0091,2025-09-05,54.02,web,pickup,refunded
ORD-0040536,R-0091,2025-09-07,51.34,app,delivery,completed
ORD-0040537,R-0091,2025-09-19,67.72,app,delivery,completed
ORD-0040538,R-0091,2025-09-08,47.75,app,pickup,completed
ORD-0040539,R-0091,2025-09-13,46.71,web,pickup,Completed
ORD-0040540,R-0091,2025-09-18,54.32,app,pickup,completed
ORD-0040541,R-0091,2025-09-21,62.91,app,delivery,completed
ORD-0040542,R-0091,2025-09-13,109.73,app,delivery,completed
ORD-0040543,R-0091,2025-09-16,118.32,app,pickup,completed
ORD-0040544,R-0091,2025-09-16,40.37,app,pickup,Completed
ORD-0040545,R-0091,2025-09-27,61.97,app,pickup,completed
ORD-0040546,R-0091,2025-09-02,43.39,web,delivery,completed
ORD-0040547,R-0091,2025-09-07,18.26,web,delivery,completed
ORD-0040548,R-0091,2025-09-17,39.57,app,pickup,completed
ORD-0040549,R-0091,2025-09-16,35.04,app,pickup,completed
ORD-0040550,R-0091,2025-09-22,33.28,web,delivery,completed
ORD-0040551,R-0091,2025-09-25,44.89,app,delivery,completed
ORD-0040552,R-0091,2025-09-21,36.41,app,pickup,cancelled
ORD-0040553,R-0091,2025-09-30,53.11,web,pickup,completed
ORD-0040554,R-0091,2025-09-13,69.81,web,delivery,completed
ORD-0040555,R-0091,2025-09-21,49.87,app,delivery,completed
ORD-0040556,R-0091,2025-09-20,37.49,app,pickup,completed
ORD-0040557,R-0091,2025-09-06,71.98,app,delivery,completed
ORD-0040558,R-0091,2025-09-15,100.70,app,pickup,completed
ORD-0040559,R-0091,2025-09-26,55.89,web,pickup,completed
ORD-0040560,R-0091,2025-09-01,43.86,web,pickup,completed
ORD-0040561,R-0091,2025-09-26,92.08,app,delivery,completed
ORD-0040562,R-0091,2025-09-06,64.10,app,delivery,COMPLETED
ORD-0040563,R-0091,2025-09-15,89.31,web,delivery,completed
ORD-0040564,R-0091,2025-09-18,56.95,web,delivery,completed
ORD-0040565,R-0091,2025-09-13,35.82,web,delivery,COMPLETED
ORD-0040566,R-0091,2025-09-20,103.90,app,delivery,completed
ORD-0040567,R-0091,2025-09-02,35.31,web,pickup,COMPLETED
ORD-0040568,R-0091,2025-09-19,90.37,web,pickup,completed
ORD-0040569,R-0091,2025-09-13,62.03,web,delivery,completed
ORD-0040570,R-0091,2025-09-12,166.01,app,delivery,completed
ORD-0040571,R-0091,2025-09-23,48.80,app,delivery,COMPLETED
ORD-0040572,R-0091,2025-09-22,42.61,web,delivery,completed
ORD-0040573,R-0091,2025-09-02,55.93,app,pickup,completed
ORD-0040574,R-0091,2025-09-03,69.30,web,delivery,completed
ORD-0040575,R-0091,2025-09-03,60.82,app,delivery,COMPLETED
ORD-0040576,R-0091,2025-09-05,31.98,app,pickup,COMPLETED
ORD-0040577,R-0091,2025-09-10,117.83,app,delivery,completed
ORD-0040578,R-0091,2025-09-19,89.85,app,delivery,completed
ORD-0040579,R-0091,2025-09-11,65.95,web,delivery,completed
ORD-0040580,R-0091,2025-09-12,60.19,app,delivery,completed
ORD-0040581,R-0091,2025-09-29,75.11,web,pickup,completed
ORD-0040582,R-0091,2025-09-29,41.70,app,delivery,completed
ORD-0040583,R-0091,2025-09-27,60.04,app,pickup,completed
ORD-0040584,R-0091,2025-09-24,96.01,app,delivery,completed
ORD-0040585,R-0091,2025-09-20,76.38,web,delivery,completed
ORD-0040586,R-0091,2025-09-24,40.08,app,pickup,completed
ORD-0040587,R-0091,2025-09-24,89.79,app,pickup,completed
ORD-0040588,R-0091,2025-09-15,44.17,app,delivery,completed
ORD-0040589,R-0091,2025-09-27,70.43,app,pickup,completed
ORD-0040590,R-0091,2025-09-28,69.25,web,delivery,Completed
ORD-0040591,R-0091,2025-09-18,68.62,app,delivery,completed
ORD-0040592,R-0091,2025-09-22,89.87,web,pickup,completed
ORD-0040593,R-0091,2025-09-23,31.46,web,pickup,completed
ORD-0040594,R-0091,2025-09-17,43.23,web,delivery,completed
ORD-0040595,R-0091,2025-09-14,42.41,web,delivery,completed
ORD-0040596,R-0091,2025-09-29,38.57,web,delivery,completed
ORD-0040597,R-0091,2025-09-27,29.48,web,delivery,completed
ORD-0040598,R-0091,2025-09-22,68.76,app,pickup,completed
ORD-0040599,R-0091,2025-09-06,22.84,web,delivery,Completed
ORD-0041032,R-0092,2025-09-23,34.21,web,pickup,completed
ORD-0041033,R-0092,2025-09-04,50.46,web,pickup,completed
ORD-0041034,R-0092,2025-09-20,77.27,web,delivery,completed
ORD-0041035,R-0092,2025-09-01,42.47,web,pickup,cancelled
ORD-0041036,R-0092,2025-09-03,29.81,web,pickup,completed
ORD-0041037,R-0092,2025-09-13,36.75,app,delivery,completed
ORD-0041038,R-0092,2025-09-17,39.25,web,delivery,completed
ORD-0041039,R-0092,2025-09-15,18.77,web,pickup,completed
ORD-0041040,R-0092,2025-09-05,30.32,web,pickup,Completed
ORD-0041041,R-0092,2025-09-11,26.10,web,delivery,Completed
ORD-0041144,R-0095,2025-09-01,23.31,web,pickup,completed
ORD-0041145,R-0095,2025-09-19,21.10,app,delivery,completed
ORD-0041146,R-0095,2025-09-12,32.58,web,delivery,completed
ORD-0041147,R-0095,2025-09-27,37.50,app,pickup,completed
ORD-0041148,R-0095,2025-09-07,21.43,web,delivery,completed
ORD-0041149,R-0095,2025-09-20,37.24,web,pickup,completed
ORD-0041150,R-0095,2025-09-20,46.87,app,delivery,completed
ORD-0041151,R-0095,2025-09-06,46.00,web,pickup,completed
ORD-0041152,R-0095,2025-09-19,29.15,app,delivery,Completed
ORD-0041153,R-0095,2025-09-29,30.21,app,pickup,completed
ORD-0041154,R-0095,2025-09-27,19.67,app,delivery,completed
ORD-0041155,R-0095,2025-09-06,24.55,app,delivery,completed
ORD-0041156,R-0095,2025-09-03,65.54,app,delivery,completed
ORD-0041157,R-0095,2025-09-19,20.21,app,delivery,Completed
ORD-0041158,R-0095,2025-09-07,12.77,app,pickup,completed
ORD-0041159,R-0095,2025-09-24,44.48,app,delivery,cancelled
ORD-0041160,R-0095,2025-09-26,23.26,web,delivery,completed
ORD-0041161,R-0095,2025-09-03,29.88,web,delivery,completed
ORD-0041162,R-0095,2025-09-13,15.46,web,delivery,completed
ORD-0041163,R-0095,2025-09-09,26.43,app,delivery,cancelled
ORD-0041164,R-0095,2025-09-02,29.84,app,delivery,completed
ORD-0041165,R-0095,2025-09-18,31.66,app,delivery,completed
ORD-0041166,R-0095,2025-09-26,47.19,app,pickup,completed
ORD-0041167,R-0095,2025-09-18,24.46,app,delivery,completed
ORD-0041168,R-0095,2025-09-25,22.32,app,pickup,completed
ORD-0041169,R-0095,2025-09-21,31.74,web,pickup,completed
ORD-0041170,R-0095,2025-09-30,30.78,app,delivery,completed
ORD-0041171,R-0095,2025-09-28,33.40,web,delivery,Completed
ORD-0041172,R-0095,2025-09-11,16.94,app,delivery,completed
ORD-0041173,R-0095,2025-09-08,53.48,app,delivery,completed
ORD-0041174,R-0095,2025-09-18,61.60,app,pickup,completed
ORD-0041175,R-0095,2025-09-14,84.62,app,pickup,completed
ORD-0041176,R-0095,2025-09-19,42.39,web,pickup,completed
ORD-0041177,R-0095,2025-09-18,19.49,web,delivery,completed
ORD-0041272,R-0097,2025-09-12,41.83,app,pickup,completed
ORD-0041273,R-0097,2025-09-27,17.75,web,delivery,completed
ORD-0041274,R-0097,2025-09-24,33.10,app,delivery,completed
ORD-0041275,R-0097,2025-09-23,40.73,app,pickup,completed
ORD-0041276,R-0097,2025-09-12,57.15,app,pickup,completed
ORD-0041277,R-0097,2025-09-20,37.79,web,delivery,completed
ORD-0041278,R-0097,2025-09-06,70.17,app,pickup,completed
ORD-0041513,R-0099,2025-09-16,39.79,web,pickup,completed
ORD-0041514,R-0099,2025-09-17,23.07,web,pickup,completed
ORD-0041515,R-0099,2025-09-27,66.08,web,delivery,completed
ORD-0041516,R-0099,2025-09-18,30.75,app,pickup,completed
ORD-0041517,R-0099,2025-09-20,85.84,web,pickup,completed
ORD-0041518,R-0099,2025-09-13,79.52,app,pickup,completed
ORD-0041519,R-0099,2025-09-24,73.19,web,pickup,Completed
ORD-0041520,R-0099,2025-09-05,79.13,app,pickup,completed
ORD-0041521,R-0099,2025-09-28,29.62,app,pickup,completed
ORD-0041522,R-0099,2025-09-03,51.54,web,pickup,completed
ORD-0041523,R-0099,2025-09-20,37.87,web,pickup,completed
ORD-0041524,R-0099,2025-09-05,51.46,web,pickup,completed
ORD-0041525,R-0099,2025-09-04,50.84,app,delivery,completed
ORD-0041526,R-0099,2025-09-30,68.04,app,pickup,completed
ORD-0041527,R-0099,2025-09-20,48.20,app,pickup,completed
ORD-0041528,R-0099,2025-09-28,102.37,app,delivery,completed
ORD-0041529,R-0099,2025-09-13,22.38,web,delivery,completed
ORD-0041530,R-0099,2025-09-11,19.91,app,pickup,COMPLETED
ORD-0041531,R-0099,2025-09-10,38.51,app,delivery,completed
ORD-0041532,R-0099,2025-09-04,32.05,web,pickup,Completed
ORD-0041533,R-0099,2025-09-04,89.03,app,delivery,completed
ORD-0041534,R-0099,2025-09-18,42.85,web,delivery,completed
ORD-0041535,R-0099,2025-09-21,66.32,web,pickup,Completed
ORD-0041536,R-0099,2025-09-19,42.80,app,pickup,COMPLETED
ORD-0041537,R-0099,2025-09-01,38.66,app,pickup,completed
ORD-0041538,R-0099,2025-09-18,38.58,app,delivery,completed
ORD-0041539,R-0099,2025-09-27,35.76,web,delivery,completed
ORD-0041540,R-0099,2025-09-28,53.90,app,pickup,completed
ORD-0041541,R-0099,2025-09-09,37.57,app,delivery,completed
ORD-0041542,R-0099,2025-09-12,26.71,app,pickup,completed
ORD-0041543,R-0099,2025-09-08,26.40,web,pickup,completed
ORD-0041544,R-0099,2025-09-01,33.62,web,pickup,completed
ORD-0041545,R-0099,2025-09-13,80.57,web,pickup,COMPLETED
ORD-0041546,R-0099,2025-09-08,43.53,app,pickup,completed
ORD-0041547,R-0099,2025-09-28,73.44,app,pickup,completed
ORD-0041548,R-0099,2025-09-27,45.18,app,pickup,completed
ORD-0041549,R-0099,2025-09-12,45.86,app,pickup,completed
ORD-0042219,R-0100,2025-09-28,28.00,app,pickup,COMPLETED
ORD-0042220,R-0100,2025-09-28,15.62,web,pickup,completed
ORD-0042221,R-0100,2025-09-20,10.35,web,delivery,completed
ORD-0042222,R-0100,2025-09-24,12.50,web,delivery,completed
ORD-0042223,R-0100,2025-09-06,16.75,web,delivery,completed
ORD-0042224,R-0100,2025-09-23,37.14,app,pickup,completed
ORD-0042225,R-0100,2025-09-22,21.20,app,pickup,completed
ORD-0042226,R-0100,2025-09-21,14.53,app,pickup,completed
ORD-0042227,R-0100,2025-09-02,26.78,web,delivery,completed
ORD-0042228,R-0100,2025-09-23,19.05,web,delivery,completed
ORD-0042229,R-0100,2025-09-21,33.80,web,delivery,completed
ORD-0042230,R-0100,2025-09-08,30.75,web,pickup,completed
ORD-0042231,R-0100,2025-09-29,22.60,app,pickup,completed
ORD-0042232,R-0100,2025-09-20,14.00,app,pickup,completed
ORD-0042233,R-0100,2025-09-23,21.86,app,delivery,completed
ORD-0042234,R-0100,2025-09-22,20.41,app,delivery,COMPLETED
ORD-0042235,R-0100,2025-09-05,15.00,web,delivery,completed
ORD-0042236,R-0100,2025-09-18,34.00,web,delivery,Completed
ORD-0042237,R-0100,2025-09-13,23.09,web,pickup,COMPLETED
ORD-0042238,R-0100,2025-09-17,33.96,web,pickup,completed
ORD-0042239,R-0100,2025-09-19,22.55,app,pickup,completed
ORD-0042240,R-0100,2025-09-20,35.69,app,delivery,COMPLETED
ORD-0042241,R-0100,2025-09-27,29.70,web,delivery,completed
ORD-0042242,R-0100,2025-09-15,21.28,web,pickup,completed
ORD-0042243,R-0100,2025-09-19,28.36,app,delivery,completed
ORD-0042244,R-0100,2025-09-06,36.83,web,delivery,completed
ORD-0042245,R-0100,2025-09-08,20.07,web,delivery,completed
ORD-0042246,R-0100,2025-09-30,22.53,web,delivery,completed
ORD-0042247,R-0100,2025-09-02,19.05,web,delivery,completed
ORD-0042248,R-0100,2025-09-11,16.61,web,delivery,completed
ORD-0042249,R-0100,2025-09-20,35.06,web,delivery,COMPLETED
ORD-0042250,R-0100,2025-09-07,35.70,web,delivery,completed
ORD-0042251,R-0100,2025-09-04,34.81,app,pickup,cancelled
ORD-0042252,R-0100,2025-09-20,27.19,app,delivery,completed
ORD-0042548,R-0101,2025-09-20,20.15,app,pickup,completed
ORD-0042549,R-0101,2025-09-19,21.03,web,pickup,completed
ORD-0042550,R-0101,2025-09-01,10.92,web,pickup,completed
ORD-0042551,R-0101,2025-09-02,15.67,web,pickup,completed
ORD-0042552,R-0101,2025-09-18,29.16,web,pickup,completed
ORD-0042553,R-0101,2025-09-19,23.35,app,pickup,completed
ORD-0042554,R-0101,2025-09-12,30.98,app,pickup,completed
ORD-0042555,R-0101,2025-09-05,12.82,app,pickup,completed
ORD-0042556,R-0101,2025-09-20,18.27,app,pickup,completed
ORD-0042557,R-0101,2025-09-10,27.66,web,delivery,completed
ORD-0042558,R-0101,2025-09-17,19.46,web,pickup,completed
ORD-0042559,R-0101,2025-09-28,20.86,web,pickup,completed
ORD-0042560,R-0101,2025-09-20,21.26,app,pickup,completed
ORD-0042561,R-0101,2025-09-18,24.28,web,pickup,completed
ORD-0042562,R-0101,2025-09-12,12.37,web,pickup,COMPLETED
ORD-0042563,R-0101,2025-09-01,17.67,web,pickup,Completed
ORD-0042564,R-0101,2025-09-20,13.61,web,delivery,completed
ORD-0042565,R-0101,2025-09-05,10.41,web,pickup,completed
ORD-0042566,R-0101,2025-09-23,20.55,web,pickup,completed
ORD-0042567,R-0101,2025-09-18,26.46,web,pickup,completed
ORD-0042568,R-0101,2025-09-04,30.13,web,pickup,completed
ORD-0043393,R-0103,2025-09-19,22.66,web,pickup,completed
ORD-0043394,R-0103,2025-09-18,52.46,app,delivery,completed
ORD-0043395,R-0103,2025-09-17,29.89,web,delivery,completed
ORD-0043396,R-0103,2025-09-13,32.52,app,delivery,completed
ORD-0043397,R-0103,2025-09-07,31.43,app,delivery,completed
ORD-0043398,R-0103,2025-09-01,24.08,web,delivery,completed
ORD-0043399,R-0103,2025-09-20,33.36,web,pickup,REFUNDED
ORD-0043400,R-0103,2025-09-13,25.78,web,pickup,completed
ORD-0043401,R-0103,2025-09-22,25.78,web,delivery,completed
ORD-0043402,R-0103,2025-09-20,31.28,web,delivery,completed
ORD-0043403,R-0103,2025-09-11,24.68,web,pickup,completed
ORD-0043404,R-0103,2025-09-06,55.26,web,pickup,COMPLETED
ORD-0043405,R-0103,2025-09-08,18.53,web,delivery,completed
ORD-0043406,R-0103,2025-09-13,23.08,web,delivery,completed
ORD-0043407,R-0103,2025-09-27,30.15,web,delivery,completed
ORD-0043408,R-0103,2025-09-28,32.38,web,delivery,completed
ORD-0043409,R-0103,2025-09-20,30.47,web,delivery,completed
ORD-0043410,R-0103,2025-09-24,24.79,web,delivery,cancelled
ORD-0043411,R-0103,2025-09-14,26.76,web,delivery,completed
ORD-0043412,R-0103,2025-09-27,32.18,web,delivery,completed
ORD-0043413,R-0103,2025-09-24,27.84,app,delivery,completed
ORD-0043414,R-0103,2025-09-12,53.99,web,delivery,completed
ORD-0043415,R-0103,2025-09-10,24.00,web,delivery,completed
ORD-0043416,R-0103,2025-09-09,23.68,web,pickup,completed
ORD-0043417,R-0103,2025-09-06,55.41,web,pickup,completed
ORD-0043418,R-0103,2025-09-04,25.69,web,pickup,completed
ORD-0043419,R-0103,2025-09-05,27.68,web,delivery,completed
ORD-0044241,R-0104,2025-09-05,29.92,web,pickup,completed
ORD-0044242,R-0104,2025-09-12,32.50,web,delivery,completed
ORD-0044243,R-0104,2025-09-24,42.83,app,pickup,completed
ORD-0044244,R-0104,2025-09-19,33.76,app,delivery,completed
ORD-0044245,R-0104,2025-09-01,25.56,app,delivery,completed
ORD-0044246,R-0104,2025-09-27,19.29,app,delivery,cancelled
ORD-0044247,R-0104,2025-09-24,36.72,app,pickup,completed
ORD-0044248,R-0104,2025-09-12,15.26,web,delivery,Completed
ORD-0044249,R-0104,2025-09-30,40.32,app,delivery,Completed
ORD-0044250,R-0104,2025-09-05,15.21,web,pickup,COMPLETED
ORD-0044251,R-0104,2025-09-30,40.39,web,delivery,completed
ORD-0044252,R-0104,2025-09-24,31.45,app,delivery,completed
ORD-0044253,R-0104,2025-09-25,21.14,web,pickup,completed
ORD-0044254,R-0104,2025-09-15,11.29,app,pickup,COMPLETED
ORD-0044255,R-0104,2025-09-16,28.87,app,delivery,completed
ORD-0044256,R-0104,2025-09-24,19.01,web,delivery,completed
ORD-0044257,R-0104,2025-09-30,13.17,app,delivery,completed
ORD-0044258,R-0104,2025-09-03,25.38,app,delivery,completed
ORD-0044259,R-0104,2025-09-21,29.64,web,delivery,completed
ORD-0044260,R-0104,2025-09-12,30.91,app,pickup,completed
ORD-0044261,R-0104,2025-09-13,25.15,app,pickup,Completed
ORD-0044262,R-0104,2025-09-16,30.98,web,pickup,completed
ORD-0044263,R-0104,2025-09-15,29.18,web,delivery,completed
ORD-0044264,R-0104,2025-09-08,16.79,app,delivery,COMPLETED
ORD-0044265,R-0104,2025-09-29,29.54,app,pickup,completed
ORD-0044266,R-0104,2025-09-10,20.10,web,delivery,completed
ORD-0044267,R-0104,2025-09-30,9.71,app,delivery,Completed
ORD-0044268,R-0104,2025-09-23,27.10,app,pickup,completed
ORD-0044269,R-0104,2025-09-11,30.98,app,delivery,completed
ORD-0044270,R-0104,2025-09-12,15.10,web,delivery,completed
ORD-0044271,R-0104,2025-09-07,26.16,app,pickup,Completed
ORD-0044272,R-0104,2025-09-11,41.68,app,delivery,completed
ORD-0044273,R-0104,2025-09-07,28.75,web,delivery,completed
ORD-0044274,R-0104,2025-09-11,19.33,app,pickup,completed
ORD-0044275,R-0104,2025-09-15,32.15,app,delivery,COMPLETED
ORD-0044276,R-0104,2025-09-21,20.23,app,delivery,completed
ORD-0044277,R-0104,2025-09-14,11.88,app,pickup,completed
ORD-0045216,R-0107,2025-09-30,25.12,web,delivery,completed
ORD-0045217,R-0107,2025-09-30,28.46,web,delivery,completed
ORD-0045218,R-0107,2025-09-30,44.97,app,pickup,completed
ORD-0045219,R-0107,2025-09-30,37.36,web,pickup,completed
ORD-0045220,R-0107,2025-09-30,30.37,web,pickup,Completed
ORD-0045221,R-0107,2025-09-30,24.69,web,delivery,completed
ORD-0045846,R-0110,2025-09-11,27.47,web,pickup,Completed
ORD-0045847,R-0110,2025-09-09,33.45,web,delivery,completed
ORD-0045848,R-0110,2025-09-23,27.79,web,delivery,completed
ORD-0045849,R-0110,2025-09-16,39.26,web,delivery,completed
ORD-0045850,R-0110,2025-09-05,29.20,app,pickup,completed
ORD-0045851,R-0110,2025-09-05,27.36,web,delivery,completed
ORD-0045852,R-0110,2025-09-20,30.33,web,delivery,completed
ORD-0045853,R-0110,2025-09-01,22.66,app,delivery,completed
ORD-0045854,R-0110,2025-09-18,25.96,web,delivery,completed
ORD-0045855,R-0110,2025-09-21,25.01,web,delivery,completed
ORD-0045856,R-0110,2025-09-18,33.83,app,delivery,COMPLETED
ORD-0045857,R-0110,2025-09-13,29.88,app,pickup,completed
ORD-0045858,R-0110,2025-09-23,26.73,web,delivery,completed
ORD-0045859,R-0110,2025-09-03,36.05,app,delivery,completed
ORD-0045860,R-0110,2025-09-17,22.26,app,delivery,completed
ORD-0045861,R-0110,2025-09-20,38.07,app,delivery,completed
ORD-0045862,R-0110,2025-09-28,41.74,web,pickup,completed
ORD-0045863,R-0110,2025-09-24,24.51,web,delivery,completed
ORD-0045864,R-0110,2025-09-20,39.22,web,delivery,completed
ORD-0045865,R-0110,2025-09-05,41.90,app,delivery,completed
ORD-0045866,R-0110,2025-09-18,35.47,app,delivery,completed
ORD-0045867,R-0110,2025-09-13,28.36,app,pickup,COMPLETED
ORD-0045868,R-0110,2025-09-14,19.92,app,delivery,COMPLETED
ORD-0045869,R-0110,2025-09-04,26.07,app,delivery,completed
ORD-0045870,R-0110,2025-09-03,49.83,web,delivery,completed
ORD-0045871,R-0110,2025-09-06,29.51,web,delivery,cancelled
ORD-0045872,R-0110,2025-09-27,38.78,app,delivery,completed
ORD-0045873,R-0110,2025-09-18,28.44,app,pickup,completed
ORD-0045874,R-0110,2025-09-07,26.17,app,delivery,completed
ORD-0045875,R-0110,2025-09-20,29.74,app,delivery,completed
ORD-0045876,R-0110,2025-09-05,39.07,app,delivery,COMPLETED
ORD-0045877,R-0110,2025-09-15,24.74,app,delivery,Completed
ORD-0045878,R-0110,2025-09-08,31.51,web,delivery,completed
ORD-0045879,R-0110,2025-09-18,31.22,web,pickup,completed
ORD-0045880,R-0110,2025-09-17,35.73,web,pickup,completed
ORD-0045881,R-0110,2025-09-19,28.67,web,delivery,completed
ORD-0045882,R-0110,2025-09-21,27.95,web,delivery,completed
ORD-0045883,R-0110,2025-09-21,36.97,app,pickup,completed
ORD-0045884,R-0110,2025-09-10,29.86,app,delivery,completed
ORD-0045885,R-0110,2025-09-19,43.41,app,delivery,Completed
ORD-0045886,R-0110,2025-09-15,38.83,app,delivery,Completed
ORD-0045887,R-0110,2025-09-07,32.75,web,pickup,completed
ORD-0045888,R-0110,2025-09-21,54.37,web,delivery,completed
ORD-0045889,R-0110,2025-09-26,21.57,web,delivery,completed
ORD-0045890,R-0110,2025-09-27,29.16,app,pickup,completed
ORD-0045891,R-0110,2025-09-10,39.00,app,delivery,completed
ORD-0045892,R-0110,2025-09-20,17.51,app,pickup,Completed
ORD-0045893,R-0110,2025-09-20,35.19,app,delivery,completed
ORD-0045894,R-0110,2025-09-25,24.81,app,pickup,completed
ORD-0045895,R-0110,2025-09-26,59.67,web,delivery,completed
ORD-0045896,R-0110,2025-09-27,28.86,app,pickup,completed
ORD-0045897,R-0110,2025-09-14,34.31,web,delivery,completed
ORD-0045898,R-0110,2025-09-27,30.81,web,delivery,completed
ORD-0045899,R-0110,2025-09-12,30.75,web,pickup,Completed
ORD-0046688,R-0111,2025-09-26,44.47,app,pickup,completed
ORD-0046689,R-0111,2025-09-11,24.08,web,pickup,COMPLETED
ORD-0046690,R-0111,2025-09-12,19.01,web,pickup,completed
ORD-0046691,R-0111,2025-09-14,30.52,app,pickup,completed
ORD-0046692,R-0111,2025-09-19,23.85,app,pickup,completed
ORD-0046693,R-0111,2025-09-18,15.00,app,pickup,cancelled
ORD-0046694,R-0111,2025-09-05,26.04,app,pickup,completed
ORD-0046695,R-0111,2025-09-19,24.41,app,pickup,completed
ORD-0046696,R-0111,2025-09-16,21.53,app,pickup,completed
ORD-0046697,R-0111,2025-09-15,22.75,web,pickup,COMPLETED
ORD-0046698,R-0111,2025-09-18,18.27,app,delivery,completed
ORD-0046699,R-0111,2025-09-28,28.67,web,pickup,completed
ORD-0046700,R-0111,2025-09-14,46.23,app,pickup,completed
ORD-0046701,R-0111,2025-09-13,21.20,web,delivery,completed
ORD-0046702,R-0111,2025-09-22,25.31,app,delivery,completed
ORD-0046703,R-0111,2025-09-06,22.96,app,pickup,COMPLETED
ORD-0046704,R-0111,2025-09-15,24.11,web,pickup,completed
ORD-0046705,R-0111,2025-09-22,22.47,app,delivery,completed
ORD-0046706,R-0111,2025-09-20,37.07,app,pickup,completed
ORD-0046707,R-0111,2025-09-22,22.29,app,delivery,COMPLETED
ORD-0046708,R-0111,2025-09-20,29.68,app,pickup,completed
ORD-0046709,R-0111,2025-09-08,28.53,app,delivery,completed
ORD-0046710,R-0111,2025-09-12,24.71,web,delivery,completed
ORD-0046711,R-0111,2025-09-16,22.14,app,pickup,COMPLETED
ORD-0046712,R-0111,2025-09-19,23.74,app,delivery,completed
ORD-0046713,R-0111,2025-09-01,15.07,app,delivery,Completed
ORD-0046714,R-0111,2025-09-30,17.16,app,pickup,completed
ORD-0046715,R-0111,2025-09-20,51.08,web,delivery,cancelled
ORD-0046716,R-0111,2025-09-19,15.15,app,pickup,completed
ORD-0046717,R-0111,2025-09-03,19.89,app,delivery,completed
ORD-0046718,R-0111,2025-09-07,31.87,app,delivery,COMPLETED
ORD-0046719,R-0111,2025-09-28,22.26,app,pickup,completed
ORD-0046720,R-0111,2025-09-24,27.93,app,pickup,cancelled
ORD-0046721,R-0111,2025-09-13,23.72,app,pickup,COMPLETED
ORD-0046722,R-0111,2025-09-19,42.72,app,pickup,COMPLETED
ORD-0046723,R-0111,2025-09-27,14.24,web,pickup,COMPLETED
ORD-0046724,R-0111,2025-09-21,24.87,app,pickup,Completed
ORD-0046725,R-0111,2025-09-12,32.23,app,delivery,completed
ORD-0046726,R-0111,2025-09-28,35.26,app,delivery,completed
ORD-0046727,R-0111,2025-09-09,27.47,app,pickup,completed
ORD-0046728,R-0111,2025-09-22,30.80,web,pickup,COMPLETED
ORD-0046729,R-0111,2025-09-03,24.68,app,delivery,completed
ORD-0046730,R-0111,2025-09-23,30.81,app,pickup,COMPLETED
ORD-0046731,R-0111,2025-09-05,48.75,app,delivery,completed
ORD-0046732,R-0111,2025-09-28,21.48,app,pickup,completed
ORD-0046733,R-0111,2025-09-10,29.10,app,delivery,completed
ORD-0046734,R-0111,2025-09-19,21.87,app,pickup,completed
ORD-0046735,R-0111,2025-09-15,19.30,web,pickup,completed
ORD-0046736,R-0111,2025-09-14,18.87,app,pickup,completed
ORD-0046737,R-0111,2025-09-19,30.56,web,pickup,completed
ORD-0046738,R-0111,2025-09-04,25.93,app,pickup,completed
ORD-0046739,R-0111,2025-09-15,24.73,app,pickup,completed
ORD-0046740,R-0111,2025-09-30,39.78,app,pickup,Completed
ORD-0046741,R-0111,2025-09-03,34.91,app,pickup,completed
ORD-0046742,R-0111,2025-09-03,21.19,web,pickup,completed
ORD-0046743,R-0111,2025-09-23,9.12,web,delivery,completed
ORD-0046744,R-0111,2025-09-02,17.02,app,delivery,completed
ORD-0047657,R-0115,2025-09-19,55.90,app,delivery,COMPLETED
ORD-0047658,R-0115,2025-09-06,87.83,app,delivery,completed
ORD-0047659,R-0115,2025-09-17,52.01,app,pickup,completed
ORD-0047660,R-0115,2025-09-29,69.04,app,delivery,completed
ORD-0047661,R-0115,2025-09-18,43.31,app,pickup,completed
ORD-0047662,R-0115,2025-09-28,115.72,app,pickup,completed
ORD-0047663,R-0115,2025-09-05,31.98,web,delivery,completed
ORD-0047664,R-0115,2025-09-27,40.27,app,pickup,completed
ORD-0047665,R-0115,2025-09-26,107.53,app,delivery,completed
ORD-0047666,R-0115,2025-09-15,39.30,app,pickup,completed
ORD-0047667,R-0115,2025-09-10,56.45,web,delivery,completed
ORD-0047668,R-0115,2025-09-06,94.42,web,delivery,completed
ORD-0047669,R-0115,2025-09-12,62.32,web,delivery,completed
ORD-0047670,R-0115,2025-09-22,94.69,app,delivery,completed
ORD-0047671,R-0115,2025-09-27,39.39,web,delivery,completed
ORD-0048498,R-0118,2025-09-19,31.12,app,pickup,completed
ORD-0048499,R-0118,2025-09-14,34.72,app,delivery,completed
ORD-0048500,R-0118,2025-09-11,27.82,web,delivery,completed
ORD-0048501,R-0118,2025-09-16,41.34,app,pickup,completed
ORD-0048502,R-0118,2025-09-24,33.13,web,pickup,completed
ORD-0048503,R-0118,2025-09-24,42.18,web,pickup,cancelled
ORD-0048504,R-0118,2025-09-28,29.44,app,pickup,completed
ORD-0048505,R-0118,2025-09-21,26.13,app,delivery,completed
ORD-0048506,R-0118,2025-09-21,28.43,app,delivery,completed
ORD-0048507,R-0118,2025-09-22,32.29,web,pickup,completed
ORD-0048508,R-0118,2025-09-09,20.16,app,delivery,completed
ORD-0048509,R-0118,2025-09-07,28.40,web,pickup,completed
ORD-0048510,R-0118,2025-09-20,31.24,app,pickup,completed
ORD-0048511,R-0118,2025-09-10,24.48,app,pickup,completed
ORD-0048512,R-0118,2025-09-13,45.46,app,pickup,completed
ORD-0048807,R-0120,2025-09-19,17.88,app,delivery,completed
ORD-0048808,R-0120,2025-09-16,19.86,web,delivery,completed
ORD-0048809,R-0120,2025-09-25,17.90,web,pickup,COMPLETED
ORD-0048810,R-0120,2025-09-19,31.16,web,delivery,completed
ORD-0048811,R-0120,2025-09-26,36.58,web,delivery,completed
ORD-0048812,R-0120,2025-09-18,17.36,web,pickup,COMPLETED
ORD-0048813,R-0120,2025-09-24,52.63,web,pickup,COMPLETED
ORD-0048814,R-0120,2025-09-20,19.15,app,pickup,completed
ORD-0048815,R-0120,2025-09-27,13.98,web,pickup,cancelled
ORD-0048816,R-0120,2025-09-22,54.39,web,pickup,completed
ORD-0050275,R-0123,2025-09-14,53.94,web,delivery,completed
ORD-0050276,R-0123,2025-09-17,25.73,web,delivery,completed
ORD-0050277,R-0123,2025-09-06,21.04,app,delivery,completed
ORD-0050278,R-0123,2025-09-18,18.41,web,delivery,completed
ORD-0050279,R-0123,2025-09-13,41.04,app,delivery,completed
ORD-0050280,R-0123,2025-09-22,19.77,web,delivery,completed
ORD-0050281,R-0123,2025-09-13,29.19,web,delivery,completed
ORD-0050282,R-0123,2025-09-14,31.59,app,delivery,completed
ORD-0050283,R-0123,2025-09-13,40.82,app,delivery,completed
ORD-0050284,R-0123,2025-09-27,35.07,web,delivery,completed
ORD-0050285,R-0123,2025-09-14,16.61,web,delivery,completed
ORD-0050499,R-0124,2025-09-13,86.58,app,delivery,completed
ORD-0050500,R-0124,2025-09-06,21.95,web,delivery,completed
ORD-0050501,R-0124,2025-09-26,39.21,web,delivery,completed
ORD-0050502,R-0124,2025-09-03,17.02,app,pickup,completed
ORD-0050503,R-0124,2025-09-07,38.45,app,pickup,completed
ORD-0050504,R-0124,2025-09-30,23.39,app,delivery,completed
ORD-0050505,R-0124,2025-09-19,24.17,web,delivery,completed
ORD-0050506,R-0124,2025-09-11,22.20,web,delivery,completed
ORD-0050507,R-0124,2025-09-06,11.37,web,pickup,completed
ORD-0050508,R-0124,2025-09-13,27.20,app,delivery,completed
ORD-0050509,R-0124,2025-09-12,28.63,app,delivery,completed
ORD-0050510,R-0124,2025-09-24,21.20,web,delivery,completed
ORD-0050511,R-0124,2025-09-07,26.18,web,delivery,COMPLETED
ORD-0050512,R-0124,2025-09-20,32.80,app,delivery,completed
ORD-0050513,R-0124,2025-09-19,33.02,app,delivery,completed
ORD-0050514,R-0124,2025-09-22,47.25,app,delivery,completed
ORD-0050515,R-0124,2025-09-17,35.17,web,delivery,completed
ORD-0050516,R-0124,2025-09-18,20.43,app,delivery,completed
ORD-0050517,R-0124,2025-09-13,22.42,app,delivery,completed
ORD-0050518,R-0124,2025-09-12,57.84,app,pickup,completed
ORD-0050519,R-0124,2025-09-03,42.55,app,delivery,completed
ORD-0050520,R-0124,2025-09-19,39.67,app,pickup,completed
ORD-0050521,R-0124,2025-09-09,13.72,app,pickup,completed
ORD-0050522,R-0124,2025-09-26,32.37,web,pickup,completed
ORD-0050523,R-0124,2025-09-06,36.76,web,pickup,completed
ORD-0050524,R-0124,2025-09-23,21.53,web,delivery,completed
ORD-0050525,R-0124,2025-09-09,37.96,app,delivery,completed
ORD-0050526,R-0124,2025-09-05,41.86,app,pickup,completed
ORD-0050527,R-0124,2025-09-19,40.09,web,delivery,completed
ORD-0050528,R-0124,2025-09-03,39.97,web,delivery,COMPLETED
ORD-0050529,R-0124,2025-09-04,30.03,app,delivery,completed
ORD-0050530,R-0124,2025-09-27,28.69,web,delivery,completed
ORD-0050531,R-0124,2025-09-02,27.42,web,delivery,completed
ORD-0050532,R-0124,2025-09-12,53.93,app,delivery,completed
ORD-0050533,R-0124,2025-09-09,65.20,app,delivery,completed
ORD-0050534,R-0124,2025-09-19,51.45,app,delivery,completed
ORD-0050535,R-0124,2025-09-13,27.15,app,pickup,completed
ORD-0050536,R-0124,2025-09-17,31.59,app,pickup,COMPLETED
ORD-0050537,R-0124,2025-09-22,16.65,app,delivery,completed
ORD-0050538,R-0124,2025-09-07,46.38,app,delivery,completed
ORD-0050539,R-0124,2025-09-30,30.96,web,delivery,completed
ORD-0050540,R-0124,2025-09-25,40.99,web,delivery,cancelled
ORD-0051909,R-0126,2025-09-12,23.25,app,delivery,completed
ORD-0051910,R-0126,2025-09-07,12.98,app,pickup,completed
ORD-0051911,R-0126,2025-09-17,30.16,web,pickup,completed
ORD-0051912,R-0126,2025-09-25,20.53,web,pickup,completed
ORD-0051913,R-0126,2025-09-28,38.60,app,pickup,completed
ORD-0051914,R-0126,2025-09-14,26.40,web,pickup,COMPLETED
ORD-0051915,R-0126,2025-09-02,10.43,web,delivery,completed
ORD-0051916,R-0126,2025-09-26,30.66,app,delivery,completed
ORD-0051917,R-0126,2025-09-27,17.95,app,pickup,completed
ORD-0051918,R-0126,2025-09-14,29.72,web,pickup,completed
ORD-0051919,R-0126,2025-09-05,35.20,web,pickup,completed
ORD-0051920,R-0126,2025-09-01,27.44,app,pickup,completed
ORD-0051921,R-0126,2025-09-25,32.18,app,pickup,completed
ORD-0051922,R-0126,2025-09-26,44.71,app,delivery,completed
ORD-0051923,R-0126,2025-09-25,27.77,app,pickup,COMPLETED
ORD-0051924,R-0126,2025-09-08,16.25,web,delivery,completed
ORD-0051925,R-0126,2025-09-19,23.62,app,pickup,completed
ORD-0051926,R-0126,2025-09-23,27.91,app,delivery,COMPLETED
ORD-0051927,R-0126,2025-09-20,33.77,web,delivery,completed
ORD-0051928,R-0126,2025-09-18,16.51,web,delivery,completed
ORD-0051929,R-0126,2025-09-23,25.76,web,delivery,completed
ORD-0051930,R-0126,2025-09-28,43.23,app,pickup,completed
ORD-0051931,R-0126,2025-09-09,28.54,app,pickup,refunded
ORD-0051932,R-0126,2025-09-30,17.95,web,pickup,completed
ORD-0051933,R-0126,2025-09-05,42.05,app,delivery,completed
ORD-0051934,R-0126,2025-09-12,26.34,web,delivery,completed
ORD-0051935,R-0126,2025-09-06,20.14,app,delivery,completed
ORD-0051936,R-0126,2025-09-10,23.04,app,delivery,COMPLETED
ORD-0051937,R-0126,2025-09-16,28.25,app,delivery,completed
ORD-0051938,R-0126,2025-09-26,17.21,app,delivery,completed
ORD-0051939,R-0126,2025-09-26,22.30,app,pickup,cancelled
ORD-0051940,R-0126,2025-09-06,24.36,app,pickup,completed
ORD-0051941,R-0126,2025-09-23,78.58,web,delivery,completed
ORD-0051942,R-0126,2025-09-13,19.54,web,delivery,completed
ORD-0051943,R-0126,2025-09-21,23.73,web,pickup,completed
ORD-0051944,R-0126,2025-09-08,25.21,app,pickup,COMPLETED
ORD-0051945,R-0126,2025-09-13,18.58,web,delivery,completed
ORD-0051946,R-0126,2025-09-27,38.09,app,delivery,completed
ORD-0051947,R-0126,2025-09-01,48.77,web,delivery,completed
ORD-0051948,R-0126,2025-09-28,67.52,web,delivery,completed
ORD-0051949,R-0126,2025-09-18,26.64,web,pickup,COMPLETED
ORD-0051950,R-0126,2025-09-20,35.30,app,pickup,COMPLETED
ORD-0051951,R-0126,2025-09-07,40.00,app,pickup,completed
ORD-0051952,R-0126,2025-09-12,34.00,app,delivery,completed
ORD-0051953,R-0126,2025-09-17,17.65,app,delivery,COMPLETED
ORD-0051954,R-0126,2025-09-03,31.94,app,delivery,completed
ORD-0051955,R-0126,2025-09-28,36.72,app,delivery,completed
ORD-0051956,R-0126,2025-09-16,31.56,web,delivery,completed
ORD-0051957,R-0126,2025-09-26,22.57,app,delivery,COMPLETED
ORD-0051958,R-0126,2025-09-26,21.00,web,delivery,completed
ORD-0051959,R-0126,2025-09-17,16.67,app,delivery,completed
ORD-0051960,R-0126,2025-09-25,28.49,app,pickup,completed
ORD-0051961,R-0126,2025-09-04,28.82,app,delivery,COMPLETED
ORD-0051962,R-0126,2025-09-06,41.23,app,pickup,completed
ORD-0051963,R-0126,2025-09-10,32.71,web,delivery,COMPLETED
ORD-0051964,R-0126,2025-09-20,30.10,app,delivery,Completed
ORD-0051965,R-0126,2025-09-26,50.73,app,pickup,completed
ORD-0051966,R-0126,2025-09-26,15.31,app,delivery,refunded
ORD-0051967,R-0126,2025-09-01,12.61,web,delivery,completed
ORD-0051968,R-0126,2025-09-13,22.48,web,delivery,completed
ORD-0051969,R-0126,2025-09-29,28.75,app,delivery,completed
ORD-0051970,R-0126,2025-09-26,36.57,app,delivery,COMPLETED
ORD-0051971,R-0126,2025-09-29,20.36,web,delivery,completed
ORD-0051972,R-0126,2025-09-21,31.04,web,delivery,completed
ORD-0051973,R-0126,2025-09-30,49.28,app,delivery,completed
ORD-0051974,R-0126,2025-09-14,31.63,app,delivery,cancelled
ORD-0051975,R-0126,2025-09-14,38.07,web,pickup,completed
ORD-0051976,R-0126,2025-09-27,42.18,web,pickup,Completed
ORD-0051977,R-0126,2025-09-19,22.00,app,pickup,completed
ORD-0051978,R-0126,2025-09-30,36.17,web,delivery,Completed
ORD-0051979,R-0126,2025-09-11,34.34,app,delivery,completed
ORD-0051980,R-0126,2025-09-06,20.61,app,pickup,completed
ORD-0051981,R-0126,2025-09-24,43.33,app,pickup,completed
ORD-0051982,R-0126,2025-09-22,30.66,web,pickup,completed
ORD-0051983,R-0126,2025-09-04,27.00,app,pickup,completed
ORD-0051984,R-0126,2025-09-04,23.45,app,delivery,completed
ORD-0051985,R-0126,2025-09-12,26.80,app,delivery,completed
ORD-0051986,R-0126,2025-09-19,22.49,web,delivery,COMPLETED
ORD-0051987,R-0126,2025-09-03,21.26,app,delivery,completed
ORD-0051988,R-0126,2025-09-23,20.06,web,delivery,completed
ORD-0051989,R-0126,2025-09-29,21.23,web,delivery,completed
ORD-0051990,R-0126,2025-09-20,43.29,app,pickup,completed
ORD-0051991,R-0126,2025-09-06,21.79,app,pickup,completed
ORD-0051992,R-0126,2025-09-25,28.73,web,pickup,completed
ORD-0051993,R-0126,2025-09-18,28.87,app,pickup,completed
ORD-0051994,R-0126,2025-09-05,31.73,web,pickup,completed
ORD-0051995,R-0126,2025-09-12,74.49,app,pickup,completed
ORD-0051996,R-0126,2025-09-05,33.98,web,pickup,completed
ORD-0051997,R-0126,2025-09-24,23.32,app,delivery,completed
ORD-0051998,R-0126,2025-09-20,29.30,web,delivery,Completed
ORD-0051999,R-0126,2025-09-21,22.51,web,delivery,completed
ORD-0052000,R-0126,2025-09-03,30.56,app,pickup,completed
ORD-0052001,R-0126,2025-09-04,33.92,app,delivery,refunded
ORD-0052002,R-0126,2025-09-08,16.59,app,pickup,COMPLETED
ORD-0052003,R-0126,2025-09-28,28.85,web,delivery,Completed
ORD-0052004,R-0126,2025-09-21,18.05,web,delivery,completed
ORD-0052005,R-0126,2025-09-07,44.11,web,pickup,completed
ORD-0052006,R-0126,2025-09-27,23.61,web,delivery,completed
ORD-0052007,R-0126,2025-09-18,21.38,web,pickup,COMPLETED
ORD-0052008,R-0126,2025-09-26,21.09,web,pickup,COMPLETED
ORD-0052009,R-0126,2025-09-10,20.08,app,pickup,completed
ORD-0052010,R-0126,2025-09-21,34.58,web,delivery,completed
ORD-0052011,R-0126,2025-09-28,24.62,web,pickup,completed
ORD-0052012,R-0126,2025-09-02,15.11,app,delivery,completed
ORD-0052013,R-0126,2025-09-27,29.73,app,delivery,completed
ORD-0052014,R-0126,2025-09-13,47.31,web,pickup,completed
ORD-0052015,R-0126,2025-09-06,21.35,app,pickup,completed
ORD-0052016,R-0126,2025-09-06,42.74,app,delivery,completed
ORD-0052017,R-0126,2025-09-18,16.71,app,pickup,completed
ORD-0052018,R-0126,2025-09-13,41.64,app,delivery,completed
ORD-0052019,R-0126,2025-09-14,39.10,web,delivery,completed
ORD-0052020,R-0126,2025-09-26,13.93,app,delivery,completed
ORD-0052021,R-0126,2025-09-12,18.19,web,pickup,completed
ORD-0052022,R-0126,2025-09-26,22.73,web,pickup,completed
ORD-0052023,R-0126,2025-09-13,31.89,web,delivery,completed
ORD-0052024,R-0126,2025-09-27,28.06,app,pickup,completed
ORD-0052025,R-0126,2025-09-30,24.64,web,pickup,completed
ORD-0052026,R-0126,2025-09-19,41.15,app,delivery,completed
ORD-0052027,R-0126,2025-09-28,8.66,web,delivery,completed
ORD-0052028,R-0126,2025-09-27,55.15,web,delivery,COMPLETED
ORD-0052029,R-0126,2025-09-14,19.15,web,pickup,completed
ORD-0052030,R-0126,2025-09-16,43.69,web,pickup,completed
ORD-0052031,R-0126,2025-09-12,15.35,app,pickup,completed
ORD-0052032,R-0126,2025-09-30,14.29,app,pickup,completed
ORD-0052033,R-0126,2025-09-07,9.34,web,pickup,completed
ORD-0052034,R-0126,2025-09-10,23.46,web,delivery,completed
ORD-0052035,R-0126,2025-09-19,22.52,app,delivery,completed
ORD-0052036,R-0126,2025-09-21,27.32,app,pickup,completed
ORD-0052037,R-0126,2025-09-01,9.15,app,delivery,COMPLETED
ORD-0052038,R-0126,2025-09-22,33.48,app,delivery,completed
ORD-0052039,R-0126,2025-09-05,38.06,web,delivery,completed
ORD-0052040,R-0126,2025-09-26,41.85,web,pickup,COMPLETED
ORD-0052041,R-0126,2025-09-02,34.68,web,pickup,Completed
ORD-0052042,R-0126,2025-09-20,26.47,web,delivery,COMPLETED
ORD-0052043,R-0126,2025-09-15,21.07,app,delivery,completed
ORD-0052044,R-0126,2025-09-26,31.55,app,pickup,completed
ORD-0052045,R-0126,2025-09-02,33.67,web,pickup,completed
ORD-0052046,R-0126,2025-09-20,35.90,web,pickup,completed
ORD-0052047,R-0126,2025-09-06,28.76,app,pickup,completed
ORD-0052048,R-0126,2025-09-09,19.84,app,pickup,completed
ORD-0052049,R-0126,2025-09-26,26.63,app,pickup,completed
ORD-0052050,R-0126,2025-09-26,85.70,app,delivery,completed
ORD-0052051,R-0126,2025-09-20,33.89,app,delivery,completed
ORD-0052052,R-0126,2025-09-19,31.05,app,pickup,completed
ORD-0052053,R-0126,2025-09-21,46.61,app,pickup,completed
ORD-0052054,R-0126,2025-09-25,40.33,web,delivery,completed
ORD-0052055,R-0126,2025-09-28,25.41,app,pickup,completed
ORD-0052056,R-0126,2025-09-07,22.58,app,delivery,Completed
ORD-0052057,R-0126,2025-09-08,15.61,app,delivery,completed
ORD-0052058,R-0126,2025-09-04,15.06,web,delivery,completed
ORD-0052059,R-0126,2025-09-30,47.57,web,delivery,completed
ORD-0052060,R-0126,2025-09-02,24.33,app,delivery,completed
ORD-0052061,R-0126,2025-09-22,30.12,app,delivery,completed
ORD-0052062,R-0126,2025-09-25,33.49,app,delivery,completed
ORD-0052063,R-0126,2025-09-19,22.25,app,delivery,completed
ORD-0052064,R-0126,2025-09-25,33.42,app,delivery,completed
ORD-0052065,R-0126,2025-09-15,36.50,app,delivery,completed
ORD-0052066,R-0126,2025-09-06,20.99,app,delivery,completed
ORD-0052067,R-0126,2025-09-14,14.81,web,pickup,COMPLETED
ORD-0052068,R-0126,2025-09-19,22.46,app,delivery,REFUNDED
ORD-0052069,R-0126,2025-09-10,24.17,app,pickup,completed
ORD-0052070,R-0126,2025-09-03,32.46,app,delivery,completed
ORD-0052071,R-0126,2025-09-06,40.14,app,delivery,Completed
ORD-0052072,R-0126,2025-09-29,41.10,web,pickup,completed
ORD-0052073,R-0126,2025-09-09,40.32,web,delivery,completed
ORD-0052074,R-0126,2025-09-19,36.67,web,pickup,completed
ORD-0052075,R-0126,2025-09-17,19.36,web,delivery,Completed
ORD-0052076,R-0126,2025-09-25,17.66,app,pickup,completed
ORD-0052077,R-0126,2025-09-07,20.74,app,pickup,completed
ORD-0052078,R-0126,2025-09-20,12.32,app,delivery,completed
ORD-0052079,R-0126,2025-09-21,17.52,app,pickup,completed
ORD-0052080,R-0126,2025-09-13,29.56,app,pickup,completed
ORD-0052081,R-0126,2025-09-18,25.19,app,delivery,completed
ORD-0052082,R-0126,2025-09-26,14.45,app,delivery,COMPLETED
ORD-0052083,R-0126,2025-09-13,30.05,web,delivery,completed
ORD-0052084,R-0126,2025-09-22,26.68,app,delivery,completed
ORD-0052085,R-0126,2025-09-10,17.66,app,delivery,refunded
ORD-0052086,R-0126,2025-09-14,25.21,web,pickup,completed
ORD-0052087,R-0126,2025-09-05,33.33,app,delivery,completed
ORD-0052088,R-0126,2025-09-20,24.81,web,delivery,completed
ORD-0052089,R-0126,2025-09-22,18.56,app,delivery,CANCELLED
ORD-0052090,R-0126,2025-09-12,17.06,app,delivery,completed
ORD-0052091,R-0126,2025-09-09,34.18,app,delivery,COMPLETED
ORD-0052092,R-0126,2025-09-01,31.22,web,delivery,completed
ORD-0052093,R-0126,2025-09-22,14.98,app,pickup,completed
ORD-0052094,R-0126,2025-09-20,22.56,app,pickup,Completed
ORD-0052095,R-0126,2025-09-03,95.53,app,pickup,completed
ORD-0052096,R-0126,2025-09-03,32.03,app,delivery,completed
ORD-0052097,R-0126,2025-09-04,30.09,app,delivery,Completed
ORD-0052098,R-0126,2025-09-28,23.99,web,delivery,completed
ORD-0052099,R-0126,2025-09-20,36.95,app,delivery,completed
ORD-0052100,R-0126,2025-09-04,10.02,web,delivery,completed
ORD-0052101,R-0126,2025-09-23,11.89,app,delivery,completed
ORD-0052102,R-0126,2025-09-08,26.86,app,delivery,completed
ORD-0052103,R-0126,2025-09-25,27.25,web,pickup,completed
ORD-0052104,R-0126,2025-09-18,28.15,app,pickup,completed
ORD-0052105,R-0126,2025-09-05,31.77,web,delivery,completed
ORD-0052106,R-0126,2025-09-11,29.82,app,delivery,completed
ORD-0052107,R-0126,2025-09-12,18.31,web,delivery,completed
ORD-0052108,R-0126,2025-09-05,36.95,web,delivery,completed
ORD-0052109,R-0126,2025-09-27,29.27,app,pickup,completed
ORD-0052110,R-0126,2025-09-19,27.46,web,pickup,completed
ORD-0052111,R-0126,2025-09-09,27.63,web,pickup,completed
ORD-0055293,R-0129,2025-09-07,18.12,web,pickup,completed
ORD-0055294,R-0129,2025-09-18,16.61,app,delivery,completed
ORD-0055295,R-0129,2025-09-28,19.37,web,delivery,completed
ORD-0055296,R-0129,2025-09-10,16.15,web,delivery,COMPLETED
ORD-0055297,R-0129,2025-09-01,16.59,app,delivery,completed
ORD-0055298,R-0129,2025-09-28,9.56,app,delivery,completed
ORD-0055586,R-0132,2025-09-21,26.23,web,pickup,completed
ORD-0055587,R-0132,2025-09-06,18.25,web,delivery,completed
ORD-0055588,R-0132,2025-09-02,23.38,app,pickup,completed
ORD-0055589,R-0132,2025-09-28,33.44,web,pickup,completed
ORD-0055590,R-0132,2025-09-30,15.81,web,pickup,completed
ORD-0055591,R-0132,2025-09-11,32.26,web,pickup,completed
ORD-0055592,R-0132,2025-09-12,11.78,web,delivery,completed
ORD-0055593,R-0132,2025-09-05,60.87,web,delivery,completed
ORD-0055594,R-0132,2025-09-13,34.53,web,delivery,completed
ORD-0055595,R-0132,2025-09-08,27.48,app,pickup,completed
ORD-0055596,R-0132,2025-09-13,28.19,web,pickup,completed
ORD-0055597,R-0132,2025-09-14,15.91,web,delivery,completed
ORD-0055598,R-0132,2025-09-12,25.22,app,delivery,completed
ORD-0055599,R-0132,2025-09-28,17.49,web,pickup,completed
ORD-0055600,R-0132,2025-09-14,17.06,web,delivery,completed
ORD-0055601,R-0132,2025-09-05,33.71,web,pickup,completed
ORD-0055602,R-0132,2025-09-04,22.81,web,delivery,completed
ORD-0055603,R-0132,2025-09-20,14.86,web,pickup,completed
ORD-0055604,R-0132,2025-09-18,20.99,web,delivery,completed
ORD-0055605,R-0132,2025-09-07,26.01,app,delivery,completed
ORD-0055606,R-0132,2025-09-07,20.88,web,pickup,completed
ORD-0055607,R-0132,2025-09-14,30.26,web,pickup,COMPLETED
ORD-0055608,R-0132,2025-09-17,26.65,web,pickup,completed
ORD-0055609,R-0132,2025-09-02,43.85,web,pickup,completed
ORD-0055610,R-0132,2025-09-18,30.06,web,delivery,completed
ORD-0055611,R-0132,2025-09-17,21.27,web,delivery,completed
ORD-0055612,R-0132,2025-09-09,25.12,app,pickup,completed
ORD-0055613,R-0132,2025-09-23,15.41,web,delivery,completed
ORD-0055614,R-0132,2025-09-20,19.94,app,delivery,completed
ORD-0055615,R-0132,2025-09-24,19.34,web,pickup,completed
ORD-0055616,R-0132,2025-09-29,16.62,web,delivery,completed
ORD-0055617,R-0132,2025-09-26,47.93,web,delivery,completed
ORD-0055618,R-0132,2025-09-19,30.20,app,pickup,completed
ORD-0055619,R-0132,2025-09-13,28.33,app,pickup,completed
ORD-0055620,R-0132,2025-09-12,22.10,app,delivery,completed
ORD-0055621,R-0132,2025-09-21,22.16,web,pickup,completed
ORD-0055622,R-0132,2025-09-27,30.25,app,pickup,completed
ORD-0055623,R-0132,2025-09-06,29.06,web,pickup,completed
ORD-0055624,R-0132,2025-09-06,35.12,app,pickup,completed
ORD-0055625,R-0132,2025-09-24,24.41,web,delivery,completed
ORD-0055626,R-0132,2025-09-20,45.57,app,pickup,completed
ORD-0055627,R-0132,2025-09-09,25.75,web,pickup,completed
ORD-0055628,R-0132,2025-09-28,18.59,web,pickup,completed
ORD-0055629,R-0132,2025-09-26,25.15,web,pickup,completed
ORD-0055630,R-0132,2025-09-23,30.74,web,delivery,completed
ORD-0055631,R-0132,2025-09-07,22.42,web,pickup,completed
ORD-0055632,R-0132,2025-09-20,27.00,app,delivery,completed
ORD-0055633,R-0132,2025-09-18,12.30,web,pickup,completed
ORD-0055634,R-0132,2025-09-26,46.76,web,pickup,COMPLETED
ORD-0055635,R-0132,2025-09-13,96.07,app,pickup,COMPLETED
ORD-0056889,R-0136,2025-09-21,22.84,app,delivery,completed
ORD-0056890,R-0136,2025-09-05,22.04,app,pickup,COMPLETED
ORD-0056891,R-0136,2025-09-18,24.84,app,delivery,completed
ORD-0056892,R-0136,2025-09-19,48.21,app,pickup,completed
ORD-0056893,R-0136,2025-09-27,38.66,app,delivery,COMPLETED
ORD-0056894,R-0136,2025-09-28,28.36,app,delivery,Completed
ORD-0056895,R-0136,2025-09-05,12.77,app,delivery,completed
ORD-0056896,R-0136,2025-09-27,70.08,app,delivery,completed
ORD-0056897,R-0136,2025-09-27,40.47,app,pickup,completed
ORD-0056898,R-0136,2025-09-02,51.95,app,pickup,cancelled
ORD-0056899,R-0136,2025-09-06,37.47,app,pickup,completed
ORD-0056900,R-0136,2025-09-22,24.29,app,pickup,cancelled
ORD-0056901,R-0136,2025-09-21,31.59,app,delivery,completed
ORD-0056902,R-0136,2025-09-13,35.74,app,delivery,completed
ORD-0056903,R-0136,2025-09-18,23.92,app,delivery,completed
ORD-0056904,R-0136,2025-09-30,17.56,app,pickup,completed
ORD-0056905,R-0136,2025-09-13,38.82,app,delivery,completed
ORD-0056906,R-0136,2025-09-18,87.80,app,delivery,completed
ORD-0056907,R-0136,2025-09-01,28.34,app,delivery,completed
ORD-0056908,R-0136,2025-09-14,40.53,app,delivery,completed
ORD-0056909,R-0136,2025-09-04,46.76,app,delivery,cancelled
ORD-0056910,R-0136,2025-09-04,19.15,app,pickup,completed
ORD-0056911,R-0136,2025-09-11,29.39,app,delivery,completed
ORD-0056912,R-0136,2025-09-23,50.81,app,delivery,COMPLETED
ORD-0056913,R-0136,2025-09-08,24.37,app,pickup,completed
ORD-0056914,R-0136,2025-09-22,22.93,app,pickup,cancelled
ORD-0056915,R-0136,2025-09-18,39.28,app,delivery,COMPLETED
ORD-0056916,R-0136,2025-09-04,25.29,app,delivery,completed
ORD-0056917,R-0136,2025-09-20,64.20,app,pickup,completed
ORD-0056918,R-0136,2025-09-11,82.25,web,delivery,completed
ORD-0056919,R-0136,2025-09-09,37.05,app,delivery,completed
ORD-0056920,R-0136,2025-09-19,16.73,app,pickup,completed
ORD-0056921,R-0136,2025-09-10,27.79,app,delivery,completed
ORD-0056922,R-0136,2025-09-13,40.43,app,delivery,Completed
ORD-0056923,R-0136,2025-09-06,26.77,app,pickup,completed
ORD-0056924,R-0136,2025-09-22,82.07,app,delivery,completed
ORD-0056925,R-0136,2025-09-19,50.46,app,delivery,COMPLETED
ORD-0056926,R-0136,2025-09-03,19.66,app,delivery,completed
ORD-0057198,R-0140,2025-09-10,64.61,web,delivery,completed
ORD-0057199,R-0140,2025-09-12,41.62,app,delivery,completed
ORD-0057200,R-0140,2025-09-12,27.31,app,delivery,completed
ORD-0057201,R-0140,2025-09-11,37.42,app,delivery,completed
ORD-0057202,R-0140,2025-09-13,37.69,app,pickup,completed
ORD-0057203,R-0140,2025-09-06,42.84,app,pickup,completed
ORD-0057204,R-0140,2025-09-13,31.84,app,delivery,completed
ORD-0057795,R-0141,2025-09-05,51.98,web,delivery,completed
ORD-0057796,R-0141,2025-09-12,22.57,web,pickup,completed
ORD-0057797,R-0141,2025-09-05,33.82,app,pickup,completed
ORD-0057798,R-0141,2025-09-11,57.08,app,delivery,completed
ORD-0057799,R-0141,2025-09-24,33.50,web,delivery,completed
ORD-0057800,R-0141,2025-09-05,31.42,web,pickup,completed
ORD-0057801,R-0141,2025-09-08,21.64,app,delivery,completed
ORD-0057802,R-0141,2025-09-19,21.86,web,pickup,cancelled
ORD-0057803,R-0141,2025-09-29,8.66,app,delivery,completed
ORD-0057804,R-0141,2025-09-17,10.62,web,delivery,COMPLETED
ORD-0057805,R-0141,2025-09-04,29.29,web,pickup,completed
ORD-0057806,R-0141,2025-09-27,17.14,web,pickup,completed
ORD-0057807,R-0141,2025-09-05,25.66,app,pickup,completed
ORD-0057808,R-0141,2025-09-19,31.59,app,delivery,completed
ORD-0057809,R-0141,2025-09-26,43.28,app,delivery,completed
ORD-0057810,R-0141,2025-09-11,8.09,web,pickup,completed
ORD-0057811,R-0141,2025-09-10,14.24,web,pickup,completed
ORD-0057812,R-0141,2025-09-23,43.08,app,delivery,completed
ORD-0057813,R-0141,2025-09-26,20.90,app,pickup,completed
ORD-0057814,R-0141,2025-09-15,25.93,web,pickup,completed
ORD-0057815,R-0141,2025-09-12,21.10,app,pickup,completed
ORD-0057816,R-0141,2025-09-12,30.94,app,pickup,completed
ORD-0057817,R-0141,2025-09-23,18.65,web,pickup,completed
ORD-0057818,R-0141,2025-09-10,30.90,web,delivery,completed
ORD-0057819,R-0141,2025-09-17,49.88,web,delivery,completed
ORD-0057820,R-0141,2025-09-11,41.60,app,pickup,completed
ORD-0057821,R-0141,2025-09-16,43.48,app,delivery,completed
ORD-0057822,R-0141,2025-09-06,21.81,web,pickup,completed
ORD-0057823,R-0141,2025-09-13,19.23,app,pickup,completed
ORD-0057824,R-0141,2025-09-14,30.69,app,delivery,CANCELLED
ORD-0057825,R-0141,2025-09-27,23.39,app,pickup,completed
ORD-0057826,R-0141,2025-09-21,16.28,web,delivery,completed
ORD-0057827,R-0141,2025-09-19,40.09,app,delivery,completed
ORD-0057828,R-0141,2025-09-08,30.33,web,pickup,completed
ORD-0057829,R-0141,2025-09-02,30.46,web,delivery,completed
ORD-0057830,R-0141,2025-09-01,25.97,app,delivery,completed
ORD-0057831,R-0141,2025-09-08,18.96,app,pickup,completed
ORD-0057832,R-0141,2025-09-11,12.09,web,pickup,completed
ORD-0057833,R-0141,2025-09-09,40.91,app,pickup,completed
ORD-0057834,R-0141,2025-09-08,38.54,app,pickup,completed
ORD-0057835,R-0141,2025-09-14,21.56,app,pickup,completed
ORD-0057836,R-0141,2025-09-26,23.78,app,delivery,completed
ORD-0057837,R-0141,2025-09-16,20.45,app,delivery,completed
ORD-0057838,R-0141,2025-09-15,26.65,app,delivery,completed
ORD-0057839,R-0141,2025-09-13,21.61,web,pickup,completed
ORD-0057840,R-0141,2025-09-30,27.42,app,delivery,completed
ORD-0057841,R-0141,2025-09-11,37.76,web,delivery,completed
ORD-0057842,R-0141,2025-09-10,33.51,app,pickup,completed
ORD-0057843,R-0141,2025-09-30,20.36,web,delivery,completed
ORD-0057844,R-0141,2025-09-22,17.26,web,delivery,completed
ORD-0057845,R-0141,2025-09-27,37.41,app,pickup,completed
ORD-0057846,R-0141,2025-09-22,24.85,web,pickup,completed
ORD-0057847,R-0141,2025-09-28,28.78,app,pickup,completed
ORD-0057848,R-0141,2025-09-18,12.83,app,delivery,completed
ORD-0057849,R-0141,2025-09-02,41.78,app,delivery,completed
ORD-0057850,R-0141,2025-09-01,19.53,web,pickup,completed
ORD-0057851,R-0141,2025-09-05,16.16,web,pickup,completed
ORD-0057852,R-0141,2025-09-13,18.89,web,delivery,completed
ORD-0058891,R-0142,2025-09-23,40.74,app,delivery,completed
ORD-0058892,R-0142,2025-09-11,25.88,app,delivery,Completed
ORD-0058893,R-0142,2025-09-12,25.36,web,delivery,completed
ORD-0058894,R-0142,2025-09-15,39.28,web,pickup,completed
ORD-0058895,R-0142,2025-09-09,27.22,web,delivery,completed
ORD-0058896,R-0142,2025-09-01,62.02,web,delivery,completed
ORD-0058897,R-0142,2025-09-14,35.54,app,delivery,completed
ORD-0058898,R-0142,2025-09-13,44.70,app,pickup,Completed
ORD-0058899,R-0142,2025-09-12,32.42,app,delivery,completed
ORD-0058900,R-0142,2025-09-23,48.61,app,delivery,completed
ORD-0058901,R-0142,2025-09-01,38.42,app,delivery,completed
ORD-0058902,R-0142,2025-09-05,35.89,app,delivery,completed
ORD-0058903,R-0142,2025-09-20,34.37,web,delivery,completed
ORD-0058904,R-0142,2025-09-15,17.55,web,pickup,completed
ORD-0059449,R-0143,2025-09-05,66.52,app,pickup,completed
ORD-0059450,R-0143,2025-09-12,45.40,web,pickup,completed
ORD-0059451,R-0143,2025-09-17,45.33,web,pickup,completed
ORD-0059452,R-0143,2025-09-06,56.63,app,pickup,Completed
ORD-0059453,R-0143,2025-09-27,101.93,web,pickup,completed
ORD-0059454,R-0143,2025-09-04,53.02,web,pickup,COMPLETED
ORD-0059455,R-0143,2025-09-25,53.67,web,pickup,cancelled
ORD-0059456,R-0143,2025-09-17,74.96,web,pickup,REFUNDED
ORD-0059457,R-0143,2025-09-21,37.03,web,pickup,completed
ORD-0059458,R-0143,2025-09-13,98.88,app,pickup,completed
ORD-0059459,R-0143,2025-09-13,18.63,app,pickup,completed
ORD-0059460,R-0143,2025-09-26,40.15,app,pickup,completed
ORD-0059461,R-0143,2025-09-17,39.69,app,pickup,completed
ORD-0059462,R-0143,2025-09-08,65.37,web,delivery,completed
ORD-0059463,R-0143,2025-09-05,25.91,app,pickup,completed
ORD-0059464,R-0143,2025-09-15,48.25,web,pickup,completed
ORD-0059465,R-0143,2025-09-04,55.00,app,delivery,completed
ORD-0059466,R-0143,2025-09-27,32.45,app,pickup,completed
ORD-0059467,R-0143,2025-09-26,42.27,web,pickup,completed
ORD-0059468,R-0143,2025-09-25,39.78,app,pickup,completed
ORD-0059469,R-0143,2025-09-27,75.35,app,pickup,COMPLETED
ORD-0059470,R-0143,2025-09-12,37.32,web,delivery,completed
ORD-0059471,R-0143,2025-09-11,48.50,app,pickup,completed
ORD-0059472,R-0143,2025-09-03,69.12,app,pickup,completed
ORD-0059473,R-0143,2025-09-29,45.03,app,pickup,completed
ORD-0059474,R-0143,2025-09-08,44.57,web,pickup,completed
ORD-0059475,R-0143,2025-09-19,26.41,app,pickup,completed
ORD-0059476,R-0143,2025-09-28,51.15,app,pickup,completed
ORD-0059535,R-0144,2025-09-08,54.21,web,pickup,completed
ORD-0059536,R-0144,2025-09-21,23.76,app,pickup,completed
ORD-0059537,R-0144,2025-09-28,71.61,web,pickup,completed
ORD-0059538,R-0144,2025-09-20,16.14,app,delivery,completed
ORD-0059539,R-0144,2025-09-02,22.06,web,delivery,completed
ORD-0059540,R-0144,2025-09-27,25.37,web,pickup,cancelled
ORD-0059541,R-0144,2025-09-26,36.79,app,delivery,completed
ORD-0059542,R-0144,2025-09-03,47.89,web,delivery,completed
ORD-0059543,R-0144,2025-09-21,32.13,web,delivery,completed
ORD-0059544,R-0144,2025-09-13,15.40,web,delivery,completed
ORD-0059545,R-0144,2025-09-18,49.47,app,delivery,completed
ORD-0059546,R-0144,2025-09-03,21.11,web,pickup,Completed
ORD-0059547,R-0144,2025-09-28,42.15,web,pickup,completed
ORD-0059548,R-0144,2025-09-06,28.54,app,pickup,completed
ORD-0059549,R-0144,2025-09-12,24.09,web,pickup,completed
ORD-0059550,R-0144,2025-09-27,21.60,web,pickup,completed
ORD-0059551,R-0144,2025-09-12,44.07,web,delivery,completed
ORD-0059552,R-0144,2025-09-29,40.14,web,delivery,completed
ORD-0059553,R-0144,2025-09-06,34.03,web,pickup,completed
ORD-0059554,R-0144,2025-09-06,14.26,web,delivery,Completed
ORD-0059555,R-0144,2025-09-22,15.92,web,pickup,completed
ORD-0059556,R-0144,2025-09-15,36.75,web,delivery,completed
ORD-0059557,R-0144,2025-09-10,40.56,web,delivery,completed
ORD-0059558,R-0144,2025-09-12,16.90,web,pickup,completed
ORD-0059559,R-0144,2025-09-05,71.19,web,delivery,completed
ORD-0059560,R-0144,2025-09-02,47.03,web,delivery,completed
ORD-0059561,R-0144,2025-09-12,35.95,web,pickup,completed
ORD-0059562,R-0144,2025-09-08,20.45,app,pickup,completed
ORD-0059563,R-0144,2025-09-14,73.05,web,pickup,completed
ORD-0059564,R-0144,2025-09-08,46.52,web,pickup,Completed
ORD-0060653,R-0146,2025-09-27,41.87,app,delivery,completed
ORD-0060654,R-0146,2025-09-13,29.45,web,pickup,completed
ORD-0060655,R-0146,2025-09-03,19.14,app,delivery,completed
ORD-0060656,R-0146,2025-09-21,23.60,web,pickup,completed
ORD-0060657,R-0146,2025-09-06,33.27,web,delivery,COMPLETED
ORD-0060658,R-0146,2025-09-18,24.85,web,pickup,completed
ORD-0060659,R-0146,2025-09-29,25.56,web,delivery,completed
ORD-0060660,R-0146,2025-09-05,33.31,web,delivery,completed
ORD-0060661,R-0146,2025-09-26,24.17,web,pickup,completed
ORD-0060662,R-0146,2025-09-13,28.90,app,delivery,completed
ORD-0060663,R-0146,2025-09-14,24.01,web,pickup,completed
ORD-0060664,R-0146,2025-09-06,31.20,web,pickup,completed
ORD-0060665,R-0146,2025-09-08,38.63,web,delivery,completed
ORD-0060666,R-0146,2025-09-18,18.12,app,pickup,completed
ORD-0060667,R-0146,2025-09-06,34.48,web,delivery,completed
ORD-0060668,R-0146,2025-09-24,28.69,app,delivery,completed
ORD-0060669,R-0146,2025-09-28,34.68,app,delivery,completed
ORD-0060670,R-0146,2025-09-17,31.90,app,pickup,completed
ORD-0060671,R-0146,2025-09-02,20.80,app,delivery,completed
ORD-0060672,R-0146,2025-09-26,24.42,app,delivery,completed
ORD-0060673,R-0146,2025-09-27,38.00,web,delivery,completed
ORD-0060674,R-0146,2025-09-06,54.66,app,delivery,completed
ORD-0060675,R-0146,2025-09-14,35.72,app,pickup,completed
ORD-0060676,R-0146,2025-09-05,21.13,web,pickup,completed
ORD-0060677,R-0146,2025-09-02,49.66,web,delivery,completed
ORD-0060678,R-0146,2025-09-25,41.95,web,delivery,completed
ORD-0060679,R-0146,2025-09-20,36.69,app,pickup,completed
ORD-0060680,R-0146,2025-09-26,40.39,web,pickup,completed
ORD-0060681,R-0146,2025-09-27,42.89,app,delivery,Completed
ORD-0060682,R-0146,2025-09-14,37.80,app,delivery,completed
ORD-0060683,R-0146,2025-09-29,52.81,web,delivery,COMPLETED
ORD-0060684,R-0146,2025-09-06,42.54,web,delivery,completed
ORD-0060685,R-0146,2025-09-27,50.64,app,pickup,COMPLETED
ORD-0060686,R-0146,2025-09-20,34.32,web,delivery,cancelled
ORD-0060687,R-0146,2025-09-21,23.81,web,pickup,completed
ORD-0060688,R-0146,2025-09-02,25.08,app,pickup,completed
ORD-0060689,R-0146,2025-09-20,24.17,web,pickup,completed
ORD-0060690,R-0146,2025-09-13,37.88,web,delivery,completed
ORD-0060691,R-0146,2025-09-03,21.19,app,pickup,completed
ORD-0060692,R-0146,2025-09-27,30.57,web,pickup,completed
ORD-0060693,R-0146,2025-09-18,35.19,app,pickup,completed
ORD-0060694,R-0146,2025-09-11,28.53,web,pickup,completed
ORD-0060695,R-0146,2025-09-30,60.42,app,pickup,completed
ORD-0060696,R-0146,2025-09-04,29.56,app,pickup,completed
ORD-0060697,R-0146,2025-09-19,41.48,web,pickup,completed
ORD-0060698,R-0146,2025-09-28,18.45,app,delivery,completed
ORD-0060699,R-0146,2025-09-09,33.74,web,pickup,COMPLETED
ORD-0060700,R-0146,2025-09-10,54.44,web,delivery,completed
ORD-0060701,R-0146,2025-09-20,35.00,web,pickup,completed
ORD-0060702,R-0146,2025-09-24,45.37,web,pickup,COMPLETED
ORD-0060703,R-0146,2025-09-18,24.66,app,delivery,completed
ORD-0060704,R-0146,2025-09-21,40.69,web,pickup,CANCELLED
ORD-0060705,R-0146,2025-09-28,31.47,web,delivery,completed
ORD-0060706,R-0146,2025-09-01,31.70,web,pickup,completed
ORD-0060707,R-0146,2025-09-14,45.57,app,delivery,completed
ORD-0060708,R-0146,2025-09-27,30.68,app,pickup,completed
ORD-0060709,R-0146,2025-09-14,50.04,app,pickup,completed
ORD-0060710,R-0146,2025-09-25,21.88,app,delivery,completed
ORD-0060711,R-0146,2025-09-01,30.23,web,delivery,COMPLETED
ORD-0060712,R-0146,2025-09-20,25.21,app,delivery,COMPLETED
ORD-0060713,R-0146,2025-09-25,14.71,web,pickup,completed
ORD-0060714,R-0146,2025-09-20,26.27,app,delivery,completed
ORD-0060715,R-0146,2025-09-12,20.20,app,pickup,completed
ORD-0060716,R-0146,2025-09-17,35.06,web,delivery,completed
ORD-0060717,R-0146,2025-09-27,28.26,app,pickup,COMPLETED
ORD-0060718,R-0146,2025-09-11,23.74,web,delivery,completed
ORD-0060719,R-0146,2025-09-03,44.44,web,delivery,completed
ORD-0060720,R-0146,2025-09-06,36.68,web,delivery,completed
ORD-0060721,R-0146,2025-09-01,55.86,web,delivery,completed
ORD-0060722,R-0146,2025-09-04,27.98,web,delivery,completed
ORD-0060723,R-0146,2025-09-02,27.34,app,delivery,completed
ORD-0060724,R-0146,2025-09-27,30.21,web,pickup,completed
ORD-0060725,R-0146,2025-09-25,32.56,app,pickup,COMPLETED
ORD-0060726,R-0146,2025-09-18,56.22,web,pickup,completed
ORD-0060727,R-0146,2025-09-29,47.89,app,pickup,completed
ORD-0060728,R-0146,2025-09-09,34.68,app,delivery,completed
ORD-0060729,R-0146,2025-09-03,40.12,web,pickup,completed
ORD-0060730,R-0146,2025-09-22,19.48,app,delivery,completed
ORD-0060731,R-0146,2025-09-07,26.65,app,pickup,completed
ORD-0060732,R-0146,2025-09-12,33.02,web,pickup,completed
ORD-0060733,R-0146,2025-09-06,32.05,app,pickup,Completed
ORD-0060734,R-0146,2025-09-07,48.63,app,delivery,completed
ORD-0060735,R-0146,2025-09-26,42.20,web,delivery,completed
ORD-0060736,R-0146,2025-09-13,32.43,app,delivery,completed
ORD-0060737,R-0146,2025-09-07,33.27,web,pickup,completed
ORD-0060738,R-0146,2025-09-05,32.87,app,pickup,completed
ORD-0060739,R-0146,2025-09-25,46.54,app,pickup,cancelled
ORD-0060740,R-0146,2025-09-07,26.85,web,delivery,completed
ORD-0060741,R-0146,2025-09-20,31.03,web,pickup,completed
ORD-0060742,R-0146,2025-09-05,55.44,web,pickup,completed
ORD-0060743,R-0146,2025-09-09,22.78,app,delivery,completed
ORD-0060744,R-0146,2025-09-16,39.15,app,pickup,completed
ORD-0060745,R-0146,2025-09-27,41.15,app,pickup,completed
ORD-0060746,R-0146,2025-09-26,38.75,web,pickup,completed
ORD-0060747,R-0146,2025-09-29,29.24,web,delivery,completed
ORD-0060748,R-0146,2025-09-17,47.36,web,pickup,completed
ORD-0060749,R-0146,2025-09-14,28.21,web,delivery,completed
ORD-0060750,R-0146,2025-09-18,58.51,web,pickup,completed
ORD-0060751,R-0146,2025-09-27,24.12,web,delivery,COMPLETED
ORD-0060752,R-0146,2025-09-08,42.14,app,delivery,completed
ORD-0060753,R-0146,2025-09-26,36.17,web,delivery,completed
ORD-0060754,R-0146,2025-09-06,14.40,web,delivery,completed
ORD-0060755,R-0146,2025-09-08,47.65,web,delivery,completed
ORD-0060756,R-0146,2025-09-13,30.48,app,pickup,completed
ORD-0060757,R-0146,2025-09-05,25.53,app,delivery,completed
ORD-0060758,R-0146,2025-09-17,30.19,app,delivery,completed
ORD-0060759,R-0146,2025-09-13,36.88,web,delivery,completed
ORD-0060760,R-0146,2025-09-05,29.25,web,pickup,Completed
ORD-0060761,R-0146,2025-09-19,32.42,app,pickup,completed
ORD-0060762,R-0146,2025-09-04,23.70,app,pickup,completed
ORD-0060763,R-0146,2025-09-02,26.35,web,pickup,completed
ORD-0060764,R-0146,2025-09-15,36.87,web,pickup,Completed
ORD-0060765,R-0146,2025-09-20,51.65,app,delivery,completed
ORD-0060766,R-0146,2025-09-03,29.42,app,delivery,completed
ORD-0060767,R-0146,2025-09-19,22.87,app,pickup,completed
ORD-0060768,R-0146,2025-09-15,24.12,web,delivery,COMPLETED
ORD-0060769,R-0146,2025-09-21,41.27,app,pickup,completed
ORD-0060770,R-0146,2025-09-07,48.38,app,delivery,cancelled
ORD-0060771,R-0146,2025-09-10,21.60,app,pickup,completed
ORD-0060772,R-0146,2025-09-05,48.49,app,delivery,completed
ORD-0060773,R-0146,2025-09-29,26.99,web,delivery,completed
ORD-0060774,R-0146,2025-09-05,34.92,app,delivery,completed
ORD-0060775,R-0146,2025-09-27,46.83,web,delivery,completed
ORD-0060776,R-0146,2025-09-12,45.20,web,pickup,completed
ORD-0060777,R-0146,2025-09-22,36.39,app,pickup,completed
ORD-0060778,R-0146,2025-09-02,25.05,app,delivery,completed
ORD-0060779,R-0146,2025-09-26,35.08,web,pickup,completed
ORD-0060780,R-0146,2025-09-08,21.72,web,pickup,completed
ORD-0060781,R-0146,2025-09-20,33.92,app,pickup,completed
ORD-0060782,R-0146,2025-09-20,26.88,web,delivery,completed
ORD-0060783,R-0146,2025-09-16,21.87,app,pickup,completed
ORD-0060784,R-0146,2025-09-25,27.82,web,pickup,completed
ORD-0060785,R-0146,2025-09-06,31.94,app,pickup,completed
ORD-0060786,R-0146,2025-09-21,39.02,app,delivery,completed
ORD-0060787,R-0146,2025-09-07,42.83,web,pickup,completed
ORD-0060788,R-0146,2025-09-13,27.75,web,delivery,completed
ORD-0060789,R-0146,2025-09-30,21.03,app,delivery,cancelled
ORD-0060790,R-0146,2025-09-29,22.13,web,pickup,completed
ORD-0060791,R-0146,2025-09-20,28.70,web,pickup,completed
ORD-0060792,R-0146,2025-09-25,36.06,app,pickup,completed
ORD-0060793,R-0146,2025-09-21,17.76,web,delivery,completed
ORD-0060794,R-0146,2025-09-29,20.72,web,pickup,completed
ORD-0060795,R-0146,2025-09-04,40.22,app,delivery,COMPLETED
ORD-0060796,R-0146,2025-09-19,45.79,app,pickup,completed
ORD-0060797,R-0146,2025-09-25,33.16,app,delivery,completed
ORD-0060798,R-0146,2025-09-11,20.77,web,delivery,completed
ORD-0060799,R-0146,2025-09-19,38.85,web,delivery,completed
ORD-0060800,R-0146,2025-09-21,31.26,web,delivery,completed
ORD-0060801,R-0146,2025-09-08,28.81,web,pickup,completed
ORD-0060802,R-0146,2025-09-15,36.74,web,delivery,completed
ORD-0060803,R-0146,2025-09-03,44.05,app,pickup,completed
ORD-0060804,R-0146,2025-09-22,30.45,web,pickup,completed
ORD-0060805,R-0146,2025-09-06,29.63,app,pickup,COMPLETED
ORD-0060806,R-0146,2025-09-28,43.56,app,delivery,cancelled
ORD-0060807,R-0146,2025-09-12,34.21,web,pickup,completed
ORD-0060808,R-0146,2025-09-18,34.01,app,delivery,completed
ORD-0060809,R-0146,2025-09-27,35.76,app,pickup,Completed
ORD-0060810,R-0146,2025-09-11,44.24,web,pickup,completed
ORD-0060811,R-0146,2025-09-20,57.94,app,delivery,completed
ORD-0060812,R-0146,2025-09-26,43.53,app,delivery,completed
ORD-0060813,R-0146,2025-09-28,43.09,web,pickup,completed
ORD-0060814,R-0146,2025-09-29,30.28,web,delivery,completed
ORD-0060815,R-0146,2025-09-12,27.62,web,delivery,completed
ORD-0060816,R-0146,2025-09-21,30.51,web,pickup,completed
ORD-0060817,R-0146,2025-09-26,63.64,app,delivery,COMPLETED
ORD-0060818,R-0146,2025-09-12,33.45,web,pickup,completed
ORD-0060819,R-0146,2025-09-01,35.18,app,pickup,completed
ORD-0060820,R-0146,2025-09-30,23.45,app,delivery,completed
ORD-0060821,R-0146,2025-09-22,18.42,web,delivery,completed
ORD-0060822,R-0146,2025-09-07,33.37,app,pickup,completed
ORD-0060823,R-0146,2025-09-27,32.93,app,delivery,completed
ORD-0060824,R-0146,2025-09-07,29.15,app,pickup,completed
ORD-0060825,R-0146,2025-09-01,29.46,app,delivery,completed
ORD-0060826,R-0146,2025-09-08,32.83,web,pickup,completed
ORD-0060827,R-0146,2025-09-12,68.12,web,delivery,COMPLETED
ORD-0060828,R-0146,2025-09-13,23.58,web,pickup,completed
ORD-0060829,R-0146,2025-09-07,24.59,web,pickup,Completed
ORD-0060830,R-0146,2025-09-27,33.39,app,pickup,completed
ORD-0060831,R-0146,2025-09-09,19.82,web,delivery,completed
ORD-0060832,R-0146,2025-09-15,17.17,app,pickup,COMPLETED
ORD-0060833,R-0146,2025-09-06,39.21,web,delivery,completed
ORD-0061801,R-0154,2025-09-11,26.24,app,delivery,COMPLETED
ORD-0061802,R-0154,2025-09-09,13.86,app,delivery,COMPLETED
ORD-0061803,R-0154,2025-09-28,44.77,web,delivery,completed
ORD-0061804,R-0154,2025-09-04,75.21,web,pickup,COMPLETED
ORD-0061805,R-0154,2025-09-09,101.01,app,delivery,completed
ORD-0061806,R-0154,2025-09-20,28.49,app,delivery,completed
ORD-0061807,R-0154,2025-09-05,70.00,web,delivery,completed
ORD-0061808,R-0154,2025-09-20,32.57,web,delivery,completed
ORD-0061809,R-0154,2025-09-29,69.75,app,delivery,completed
ORD-0061810,R-0154,2025-09-26,27.97,app,delivery,completed
ORD-0061811,R-0154,2025-09-17,63.55,app,delivery,completed
ORD-0061812,R-0154,2025-09-18,45.21,web,delivery,cancelled
ORD-0061813,R-0154,2025-09-12,75.68,app,delivery,completed
ORD-0061814,R-0154,2025-09-06,40.09,app,delivery,completed
ORD-0061815,R-0154,2025-09-06,59.25,app,delivery,completed
ORD-0061816,R-0154,2025-09-27,25.37,web,delivery,completed
ORD-0061817,R-0154,2025-09-10,22.87,app,delivery,completed
ORD-0061818,R-0154,2025-09-03,45.63,app,pickup,completed
ORD-0061819,R-0154,2025-09-18,30.91,app,delivery,COMPLETED
ORD-0061820,R-0154,2025-09-17,30.69,web,delivery,completed
ORD-0061821,R-0154,2025-09-05,34.28,web,delivery,completed
ORD-0061822,R-0154,2025-09-22,31.60,web,delivery,completed
ORD-0061823,R-0154,2025-09-27,33.84,web,delivery,completed
ORD-0061824,R-0154,2025-09-23,51.60,app,delivery,completed
ORD-0061825,R-0154,2025-09-05,15.57,app,delivery,COMPLETED
ORD-0061826,R-0154,2025-09-02,33.56,web,delivery,completed
ORD-0061827,R-0154,2025-09-28,40.48,app,delivery,completed
ORD-0061828,R-0154,2025-09-19,26.91,web,delivery,completed
ORD-0061829,R-0154,2025-09-23,21.87,app,delivery,completed
ORD-0061830,R-0154,2025-09-27,37.04,app,delivery,completed
ORD-0061831,R-0154,2025-09-13,29.42,web,delivery,completed
ORD-0061832,R-0154,2025-09-26,30.52,app,delivery,completed
ORD-0061833,R-0154,2025-09-27,53.28,web,delivery,COMPLETED
ORD-0061834,R-0154,2025-09-26,30.54,app,delivery,COMPLETED
ORD-0061835,R-0154,2025-09-23,34.35,app,delivery,completed
ORD-0061836,R-0154,2025-09-22,22.87,web,delivery,completed
ORD-0061837,R-0154,2025-09-13,95.65,app,delivery,completed
ORD-0061838,R-0154,2025-09-12,24.96,app,delivery,completed
ORD-0061839,R-0154,2025-09-07,21.45,app,delivery,completed
ORD-0061840,R-0154,2025-09-06,36.86,web,delivery,refunded
ORD-0061841,R-0154,2025-09-01,25.69,app,delivery,COMPLETED
ORD-0061842,R-0154,2025-09-19,49.01,app,delivery,completed
ORD-0061843,R-0154,2025-09-13,27.09,web,delivery,COMPLETED
ORD-0061844,R-0154,2025-09-04,53.44,app,delivery,completed
ORD-0061845,R-0154,2025-09-11,45.18,web,delivery,completed
ORD-0061846,R-0154,2025-09-30,23.48,web,delivery,completed
ORD-0061847,R-0154,2025-09-26,32.56,web,delivery,completed
ORD-0061848,R-0154,2025-09-06,21.58,web,delivery,completed
ORD-0061849,R-0154,2025-09-09,43.95,app,delivery,completed
ORD-0061850,R-0154,2025-09-20,32.88,web,delivery,completed
ORD-0061851,R-0154,2025-09-05,32.14,app,delivery,completed
ORD-0061852,R-0154,2025-09-07,46.72,web,pickup,completed
ORD-0061853,R-0154,2025-09-12,40.17,app,delivery,completed
ORD-0061854,R-0154,2025-09-23,32.70,web,delivery,completed
ORD-0061855,R-0154,2025-09-24,43.90,web,delivery,completed
ORD-0061856,R-0154,2025-09-26,32.49,web,delivery,cancelled
ORD-0066690,R-0162,2025-09-13,11.31,web,delivery,COMPLETED
ORD-0066691,R-0162,2025-09-15,16.64,web,pickup,completed
ORD-0066692,R-0162,2025-09-22,22.57,app,pickup,completed
ORD-0066693,R-0162,2025-09-10,21.25,web,pickup,completed
ORD-0066694,R-0162,2025-09-02,13.40,web,delivery,completed
ORD-0066695,R-0162,2025-09-22,25.56,web,delivery,completed
ORD-0066696,R-0162,2025-09-09,12.22,web,delivery,completed
ORD-0066697,R-0162,2025-09-04,19.65,web,delivery,completed
ORD-0066698,R-0162,2025-09-27,20.31,web,pickup,completed
ORD-0066699,R-0162,2025-09-12,29.20,app,delivery,completed
ORD-0066700,R-0162,2025-09-17,17.09,web,delivery,completed
ORD-0066701,R-0162,2025-09-05,22.67,app,pickup,completed
ORD-0066702,R-0162,2025-09-27,21.92,app,delivery,completed
ORD-0066703,R-0162,2025-09-25,33.47,app,pickup,COMPLETED
ORD-0066704,R-0162,2025-09-28,33.54,web,delivery,COMPLETED
ORD-0066705,R-0162,2025-09-05,18.21,app,delivery,completed
ORD-0066706,R-0162,2025-09-30,25.36,app,delivery,completed
ORD-0066707,R-0162,2025-09-08,18.85,app,pickup,completed
ORD-0066708,R-0162,2025-09-10,26.60,web,delivery,completed
ORD-0066709,R-0162,2025-09-29,19.59,web,delivery,COMPLETED
ORD-0066710,R-0162,2025-09-20,22.89,web,pickup,completed
ORD-0066711,R-0162,2025-09-18,19.76,web,pickup,completed
ORD-0066712,R-0162,2025-09-13,15.88,app,delivery,completed
ORD-0066713,R-0162,2025-09-28,22.02,app,delivery,completed
ORD-0066714,R-0162,2025-09-18,17.67,web,pickup,completed
ORD-0066715,R-0162,2025-09-07,38.41,app,delivery,completed
ORD-0066716,R-0162,2025-09-28,13.89,web,delivery,completed
ORD-0066717,R-0162,2025-09-09,20.22,web,pickup,completed
ORD-0066718,R-0162,2025-09-10,27.84,app,delivery,completed
ORD-0066719,R-0162,2025-09-20,20.09,web,pickup,completed
ORD-0066720,R-0162,2025-09-19,36.02,web,delivery,completed
ORD-0066721,R-0162,2025-09-01,24.59,web,pickup,completed
ORD-0066722,R-0162,2025-09-10,15.95,web,delivery,completed
ORD-0066723,R-0162,2025-09-12,33.34,web,delivery,completed
ORD-0066724,R-0162,2025-09-26,14.65,app,delivery,completed
ORD-0066725,R-0162,2025-09-01,24.71,web,delivery,completed
ORD-0066726,R-0162,2025-09-20,28.14,web,delivery,completed
ORD-0066727,R-0162,2025-09-15,25.77,app,pickup,completed
ORD-0066728,R-0162,2025-09-01,27.20,app,pickup,CANCELLED
ORD-0066729,R-0162,2025-09-14,26.83,app,pickup,cancelled
ORD-0066730,R-0162,2025-09-27,23.29,app,pickup,completed
ORD-0066731,R-0162,2025-09-09,39.46,web,pickup,completed
ORD-0066732,R-0162,2025-09-09,18.56,app,delivery,completed
ORD-0066733,R-0162,2025-09-29,18.11,app,delivery,completed
ORD-0066734,R-0162,2025-09-28,26.27,app,pickup,completed
ORD-0066735,R-0162,2025-09-29,18.19,web,delivery,COMPLETED
ORD-0066736,R-0162,2025-09-05,19.62,web,delivery,completed
ORD-0066737,R-0162,2025-09-03,19.63,app,pickup,completed
ORD-0066738,R-0162,2025-09-20,15.23,web,delivery,completed
ORD-0066739,R-0162,2025-09-05,34.68,web,pickup,COMPLETED
ORD-0066740,R-0162,2025-09-21,26.59,app,pickup,COMPLETED
ORD-0066741,R-0162,2025-09-06,22.62,app,pickup,completed
ORD-0066742,R-0162,2025-09-19,17.90,web,delivery,completed
ORD-0066743,R-0162,2025-09-23,11.15,web,pickup,COMPLETED
ORD-0066744,R-0162,2025-09-12,21.24,app,delivery,Cancelled
ORD-0066745,R-0162,2025-09-29,13.68,app,pickup,COMPLETED
ORD-0066746,R-0162,2025-09-09,13.09,app,delivery,cancelled
ORD-0066747,R-0162,2025-09-12,14.07,web,delivery,Completed
ORD-0066748,R-0162,2025-09-07,14.84,app,pickup,completed
ORD-0066749,R-0162,2025-09-12,30.65,web,pickup,completed
ORD-0066750,R-0162,2025-09-18,16.21,app,pickup,refunded
ORD-0066751,R-0162,2025-09-30,20.04,app,pickup,Completed
ORD-0066752,R-0162,2025-09-04,14.74,app,delivery,completed
ORD-0066753,R-0162,2025-09-02,27.37,app,delivery,completed
ORD-0066754,R-0162,2025-09-17,16.81,web,delivery,completed
ORD-0066755,R-0162,2025-09-05,34.54,app,pickup,completed
ORD-0066756,R-0162,2025-09-26,30.41,web,delivery,completed
ORD-0066757,R-0162,2025-09-27,9.52,web,delivery,completed
ORD-0066758,R-0162,2025-09-11,17.28,app,delivery,completed
ORD-0066759,R-0162,2025-09-04,14.59,app,pickup,completed
ORD-0066760,R-0162,2025-09-27,20.76,app,delivery,completed
ORD-0066761,R-0162,2025-09-03,22.42,app,pickup,completed
ORD-0066762,R-0162,2025-09-04,26.15,web,delivery,completed
ORD-0066763,R-0162,2025-09-10,29.85,app,delivery,completed
ORD-0066764,R-0162,2025-09-07,22.62,app,delivery,completed
ORD-0066765,R-0162,2025-09-12,42.50,app,pickup,completed
ORD-0066766,R-0162,2025-09-20,11.19,web,delivery,COMPLETED
ORD-0066767,R-0162,2025-09-11,13.44,app,delivery,COMPLETED
ORD-0066768,R-0162,2025-09-08,23.50,app,delivery,completed
ORD-0066769,R-0162,2025-09-27,24.23,web,pickup,completed
ORD-0066770,R-0162,2025-09-11,18.74,web,pickup,completed
ORD-0066771,R-0162,2025-09-14,32.30,web,pickup,completed
ORD-0066772,R-0162,2025-09-08,18.21,web,delivery,completed
ORD-0066773,R-0162,2025-09-07,13.27,web,delivery,Completed
ORD-0066774,R-0162,2025-09-06,38.88,app,pickup,completed
ORD-0066775,R-0162,2025-09-18,25.10,app,delivery,completed
ORD-0066776,R-0162,2025-09-28,30.49,app,pickup,completed
ORD-0066777,R-0162,2025-09-26,17.48,web,delivery,completed
ORD-0066778,R-0162,2025-09-10,22.62,web,pickup,completed
ORD-0066779,R-0162,2025-09-23,34.70,app,pickup,Completed
ORD-0066780,R-0162,2025-09-26,13.86,web,pickup,completed
ORD-0066781,R-0162,2025-09-22,18.32,app,delivery,completed
ORD-0066782,R-0162,2025-09-07,17.25,web,delivery,Cancelled
ORD-0066783,R-0162,2025-09-08,24.06,app,delivery,completed
ORD-0066784,R-0162,2025-09-28,18.36,app,pickup,completed
ORD-0066785,R-0162,2025-09-05,18.14,web,pickup,COMPLETED
ORD-0066786,R-0162,2025-09-26,29.80,app,delivery,completed
ORD-0066787,R-0162,2025-09-10,22.16,web,delivery,COMPLETED
ORD-0066788,R-0162,2025-09-07,17.78,web,pickup,completed
ORD-0066789,R-0162,2025-09-06,10.46,web,pickup,completed
ORD-0066790,R-0162,2025-09-25,23.43,web,pickup,completed
ORD-0066791,R-0162,2025-09-15,16.79,app,delivery,completed
ORD-0066792,R-0162,2025-09-19,14.50,web,delivery,completed
ORD-0066793,R-0162,2025-09-18,23.97,app,pickup,Completed
ORD-0066794,R-0162,2025-09-30,19.20,web,pickup,completed
ORD-0066795,R-0162,2025-09-12,14.22,app,pickup,COMPLETED
ORD-0066796,R-0162,2025-09-06,17.57,web,delivery,completed
ORD-0066797,R-0162,2025-09-12,21.72,web,pickup,completed
ORD-0066798,R-0162,2025-09-05,15.10,web,delivery,completed
ORD-0066799,R-0162,2025-09-24,33.30,web,delivery,Completed
ORD-0066800,R-0162,2025-09-14,21.19,web,delivery,completed
ORD-0066801,R-0162,2025-09-20,29.02,app,pickup,completed
ORD-0066802,R-0162,2025-09-27,18.98,app,pickup,completed
ORD-0066803,R-0162,2025-09-12,20.05,app,pickup,completed
ORD-0066804,R-0162,2025-09-08,19.15,app,delivery,COMPLETED
ORD-0066805,R-0162,2025-09-29,34.10,app,delivery,COMPLETED
ORD-0066806,R-0162,2025-09-25,17.77,app,pickup,completed
ORD-0066807,R-0162,2025-09-18,26.60,app,pickup,completed
ORD-0066808,R-0162,2025-09-30,19.31,web,delivery,completed
ORD-0066809,R-0162,2025-09-29,16.68,web,delivery,COMPLETED
ORD-0066810,R-0162,2025-09-13,18.28,app,delivery,completed
ORD-0066811,R-0162,2025-09-18,19.36,web,pickup,completed
ORD-0066812,R-0162,2025-09-21,9.87,app,pickup,completed
ORD-0066813,R-0162,2025-09-05,24.82,app,delivery,completed
ORD-0066814,R-0162,2025-09-14,36.36,app,delivery,completed
ORD-0066815,R-0162,2025-09-18,23.60,app,delivery,completed
ORD-0066816,R-0162,2025-09-07,33.27,web,pickup,completed
ORD-0066817,R-0162,2025-09-18,29.00,app,pickup,Completed
ORD-0066818,R-0162,2025-09-25,26.84,app,delivery,completed
ORD-0066819,R-0162,2025-09-29,22.05,app,delivery,cancelled
ORD-0066820,R-0162,2025-09-19,11.67,web,pickup,completed
ORD-0066821,R-0162,2025-09-30,23.76,app,delivery,completed
ORD-0066822,R-0162,2025-09-26,18.62,app,delivery,completed
ORD-0066823,R-0162,2025-09-19,20.72,app,delivery,completed
ORD-0066824,R-0162,2025-09-21,21.13,app,pickup,Completed
ORD-0066825,R-0162,2025-09-23,23.53,web,delivery,completed
ORD-0066826,R-0162,2025-09-25,35.34,app,pickup,cancelled
ORD-0066827,R-0162,2025-09-20,17.91,web,delivery,Completed
ORD-0066828,R-0162,2025-09-01,21.65,app,pickup,completed
ORD-0066829,R-0162,2025-09-05,24.28,app,delivery,completed
ORD-0066830,R-0162,2025-09-11,17.38,web,delivery,refunded
ORD-0066831,R-0162,2025-09-06,18.77,app,pickup,completed
ORD-0066832,R-0162,2025-09-03,28.53,app,pickup,completed
ORD-0066833,R-0162,2025-09-04,18.81,web,delivery,cancelled
ORD-0066834,R-0162,2025-09-25,35.98,app,delivery,Cancelled
ORD-0066835,R-0162,2025-09-12,21.85,app,pickup,completed
ORD-0066836,R-0162,2025-09-11,27.88,app,pickup,completed
ORD-0066837,R-0162,2025-09-12,17.08,app,delivery,Completed
ORD-0066838,R-0162,2025-09-05,20.15,app,pickup,completed
ORD-0069195,R-0164,2025-09-14,9.82,app,delivery,completed
ORD-0069196,R-0164,2025-09-27,19.55,app,delivery,completed
ORD-0069197,R-0164,2025-09-28,14.27,web,pickup,completed
ORD-0069198,R-0164,2025-09-04,24.24,app,delivery,completed
ORD-0069199,R-0164,2025-09-25,13.56,app,pickup,completed
ORD-0069200,R-0164,2025-09-19,22.20,web,delivery,completed
ORD-0069201,R-0164,2025-09-27,43.69,web,delivery,completed
ORD-0069202,R-0164,2025-09-11,13.06,app,delivery,completed
ORD-0069203,R-0164,2025-09-20,9.08,app,delivery,completed
ORD-0069204,R-0164,2025-09-30,26.87,app,delivery,completed
ORD-0069205,R-0164,2025-09-29,18.49,web,pickup,completed
ORD-0069206,R-0164,2025-09-07,16.14,web,delivery,completed
ORD-0069207,R-0164,2025-09-30,11.53,web,delivery,completed
ORD-0069208,R-0164,2025-09-16,6.00,web,delivery,completed
ORD-0069209,R-0164,2025-09-02,16.09,app,delivery,completed
ORD-0069210,R-0164,2025-09-07,43.29,web,delivery,completed
ORD-0069211,R-0164,2025-09-07,16.89,web,pickup,completed
ORD-0069212,R-0164,2025-09-05,19.84,app,delivery,completed
ORD-0069213,R-0164,2025-09-21,12.33,app,delivery,completed
ORD-0069214,R-0164,2025-09-19,48.70,app,delivery,completed
ORD-0069215,R-0164,2025-09-26,13.10,app,delivery,completed
ORD-0069216,R-0164,2025-09-04,19.26,web,delivery,completed
ORD-0069217,R-0164,2025-09-10,15.97,app,delivery,completed
ORD-0069218,R-0164,2025-09-20,19.08,web,delivery,completed
ORD-0069219,R-0164,2025-09-20,13.74,web,pickup,completed
ORD-0069220,R-0164,2025-09-25,21.17,web,delivery,completed
ORD-0069221,R-0164,2025-09-06,12.04,app,pickup,CANCELLED
ORD-0069222,R-0164,2025-09-27,18.12,app,pickup,completed
ORD-0069223,R-0164,2025-09-28,12.81,app,delivery,completed
ORD-0069224,R-0164,2025-09-05,21.51,app,pickup,completed
ORD-0069225,R-0164,2025-09-17,25.11,web,pickup,completed
ORD-0069226,R-0164,2025-09-19,19.23,web,delivery,completed
ORD-0069227,R-0164,2025-09-27,14.63,web,delivery,completed
ORD-0069228,R-0164,2025-09-16,13.44,app,delivery,completed
ORD-0069229,R-0164,2025-09-01,7.09,web,delivery,cancelled
ORD-0069230,R-0164,2025-09-24,11.14,web,delivery,completed
ORD-0069231,R-0164,2025-09-30,20.23,app,delivery,completed
ORD-0069232,R-0164,2025-09-11,21.97,web,delivery,completed
ORD-0069233,R-0164,2025-09-21,31.23,app,pickup,completed
ORD-0069234,R-0164,2025-09-07,30.65,app,delivery,completed
ORD-0069235,R-0164,2025-09-05,17.28,app,delivery,completed
ORD-0069236,R-0164,2025-09-23,13.37,app,delivery,completed
ORD-0069237,R-0164,2025-09-19,16.50,web,delivery,completed
ORD-0069238,R-0164,2025-09-25,21.54,web,delivery,completed
ORD-0069239,R-0164,2025-09-04,17.95,web,pickup,completed
ORD-0069240,R-0164,2025-09-01,9.21,app,delivery,Completed
ORD-0069241,R-0164,2025-09-14,14.62,app,delivery,completed
ORD-0069242,R-0164,2025-09-22,15.21,app,pickup,COMPLETED
ORD-0069243,R-0164,2025-09-19,20.53,app,pickup,completed
ORD-0069244,R-0164,2025-09-01,14.77,app,delivery,completed
ORD-0069245,R-0164,2025-09-23,22.64,app,pickup,completed
ORD-0069246,R-0164,2025-09-01,17.47,web,pickup,completed
ORD-0069247,R-0164,2025-09-30,13.87,app,pickup,completed
ORD-0069248,R-0164,2025-09-21,17.01,web,delivery,completed
ORD-0069249,R-0164,2025-09-13,29.73,app,delivery,completed
ORD-0069250,R-0164,2025-09-27,19.48,web,pickup,completed
ORD-0069251,R-0164,2025-09-07,17.57,app,pickup,completed
ORD-0069252,R-0164,2025-09-13,17.07,web,pickup,completed
ORD-0069253,R-0164,2025-09-10,17.06,web,delivery,completed
ORD-0069254,R-0164,2025-09-11,10.79,web,pickup,completed
ORD-0069255,R-0164,2025-09-29,31.53,web,pickup,completed
ORD-0069256,R-0164,2025-09-13,26.92,app,delivery,completed
ORD-0069257,R-0164,2025-09-08,29.11,app,pickup,Completed
ORD-0069258,R-0164,2025-09-23,17.30,app,delivery,completed
ORD-0069259,R-0164,2025-09-14,11.43,app,pickup,completed
ORD-0069260,R-0164,2025-09-05,11.38,app,delivery,completed
ORD-0069261,R-0164,2025-09-05,21.42,app,delivery,completed
ORD-0069262,R-0164,2025-09-30,10.79,app,pickup,completed
ORD-0069263,R-0164,2025-09-28,22.94,app,delivery,Completed
ORD-0069264,R-0164,2025-09-19,14.87,app,pickup,completed
ORD-0069265,R-0164,2025-09-20,22.86,web,delivery,completed
ORD-0069266,R-0164,2025-09-11,7.48,web,pickup,completed
ORD-0069267,R-0164,2025-09-22,29.71,web,pickup,completed
ORD-0069268,R-0164,2025-09-11,20.24,web,pickup,Completed
ORD-0069269,R-0164,2025-09-20,23.07,app,pickup,completed
ORD-0069270,R-0164,2025-09-05,23.17,web,pickup,completed
ORD-0069271,R-0164,2025-09-25,15.60,app,delivery,Completed
ORD-0069272,R-0164,2025-09-06,21.23,app,delivery,Completed
ORD-0069273,R-0164,2025-09-25,35.85,app,delivery,completed
ORD-0069274,R-0164,2025-09-11,13.18,web,delivery,completed
ORD-0069275,R-0164,2025-09-04,17.99,web,pickup,completed
ORD-0069276,R-0164,2025-09-15,16.32,app,delivery,completed
ORD-0069277,R-0164,2025-09-13,13.00,app,delivery,completed
ORD-0069278,R-0164,2025-09-06,26.21,app,delivery,completed
ORD-0069279,R-0164,2025-09-18,7.68,app,pickup,completed
ORD-0069280,R-0164,2025-09-14,19.96,app,delivery,completed
ORD-0069281,R-0164,2025-09-07,25.37,web,delivery,completed
ORD-0069282,R-0164,2025-09-06,20.73,web,pickup,completed
ORD-0069283,R-0164,2025-09-24,23.21,app,delivery,completed
ORD-0069284,R-0164,2025-09-27,16.47,app,pickup,completed
ORD-0069285,R-0164,2025-09-10,6.00,app,delivery,cancelled
ORD-0069286,R-0164,2025-09-08,22.80,web,delivery,completed
ORD-0069287,R-0164,2025-09-11,17.79,app,pickup,completed
ORD-0069288,R-0164,2025-09-04,13.06,app,delivery,completed
ORD-0069289,R-0164,2025-09-26,44.59,web,delivery,completed
ORD-0069290,R-0164,2025-09-15,10.90,app,delivery,Completed
ORD-0069291,R-0164,2025-09-09,11.80,app,delivery,completed
ORD-0069292,R-0164,2025-09-14,20.59,app,delivery,Completed
ORD-0069293,R-0164,2025-09-19,19.31,web,pickup,completed
ORD-0069294,R-0164,2025-09-20,20.87,app,delivery,completed
ORD-0069295,R-0164,2025-09-14,28.76,web,delivery,completed
ORD-0069296,R-0164,2025-09-06,31.40,app,pickup,completed
ORD-0069297,R-0164,2025-09-12,41.31,web,delivery,cancelled
ORD-0069298,R-0164,2025-09-08,13.82,app,delivery,completed
ORD-0069299,R-0164,2025-09-12,29.77,app,pickup,completed
ORD-0069300,R-0164,2025-09-07,10.60,web,delivery,completed
ORD-0069301,R-0164,2025-09-27,9.84,app,delivery,completed
ORD-0069302,R-0164,2025-09-12,34.40,web,delivery,COMPLETED
ORD-0069303,R-0164,2025-09-01,25.48,web,delivery,completed
ORD-0069304,R-0164,2025-09-27,15.24,app,delivery,COMPLETED
ORD-0069305,R-0164,2025-09-07,33.24,web,delivery,completed
ORD-0069306,R-0164,2025-09-21,15.07,web,pickup,completed
ORD-0069307,R-0164,2025-09-22,15.76,web,delivery,completed
ORD-0069308,R-0164,2025-09-06,30.29,web,delivery,completed
ORD-0069309,R-0164,2025-09-27,36.32,web,delivery,completed
ORD-0069310,R-0164,2025-09-06,18.35,app,pickup,completed
ORD-0069311,R-0164,2025-09-11,15.88,app,delivery,completed
ORD-0069312,R-0164,2025-09-28,22.92,web,pickup,completed
ORD-0069313,R-0164,2025-09-04,18.42,app,delivery,completed
ORD-0069314,R-0164,2025-09-13,31.68,web,delivery,completed
ORD-0069315,R-0164,2025-09-10,19.61,app,pickup,completed
ORD-0069316,R-0164,2025-09-15,22.22,web,delivery,completed
ORD-0069317,R-0164,2025-09-06,16.60,web,delivery,completed
ORD-0069318,R-0164,2025-09-19,17.32,app,pickup,COMPLETED
ORD-0069319,R-0164,2025-09-20,51.13,web,pickup,completed
ORD-0069320,R-0164,2025-09-25,21.89,web,pickup,completed
ORD-0069321,R-0164,2025-09-10,6.70,app,pickup,completed
ORD-0069322,R-0164,2025-09-12,22.50,app,delivery,completed
ORD-0069323,R-0164,2025-09-28,10.78,app,delivery,completed
ORD-0069324,R-0164,2025-09-20,24.32,app,delivery,completed
ORD-0069325,R-0164,2025-09-16,13.09,app,delivery,completed
ORD-0069326,R-0164,2025-09-04,17.15,app,delivery,completed
ORD-0069327,R-0164,2025-09-05,21.18,app,delivery,completed
ORD-0069328,R-0164,2025-09-21,14.93,app,delivery,completed
ORD-0069329,R-0164,2025-09-14,14.54,web,pickup,completed
ORD-0069330,R-0164,2025-09-19,26.64,app,delivery,completed
ORD-0069331,R-0164,2025-09-05,12.97,app,pickup,completed
ORD-0069332,R-0164,2025-09-06,36.38,app,pickup,completed
ORD-0069333,R-0164,2025-09-26,23.83,app,pickup,completed
ORD-0069334,R-0164,2025-09-20,15.66,app,delivery,COMPLETED
ORD-0069335,R-0164,2025-09-25,12.76,app,pickup,completed
ORD-0069336,R-0164,2025-09-21,16.65,app,delivery,completed
ORD-0069337,R-0164,2025-09-04,13.88,app,delivery,completed
ORD-0069338,R-0164,2025-09-14,17.75,web,pickup,completed
ORD-0069339,R-0164,2025-09-28,29.08,app,delivery,completed
ORD-0069340,R-0164,2025-09-26,38.93,app,delivery,completed
ORD-0069341,R-0164,2025-09-07,23.19,app,delivery,completed
ORD-0069342,R-0164,2025-09-11,13.77,app,delivery,completed
ORD-0069343,R-0164,2025-09-10,8.85,app,delivery,completed
ORD-0069344,R-0164,2025-09-18,35.51,app,delivery,completed
ORD-0069345,R-0164,2025-09-11,7.06,app,delivery,COMPLETED
ORD-0069346,R-0164,2025-09-17,6.00,app,delivery,completed
ORD-0069347,R-0164,2025-09-20,20.09,web,pickup,completed
ORD-0069348,R-0164,2025-09-13,10.83,web,delivery,Completed
ORD-0069349,R-0164,2025-09-26,16.33,web,pickup,completed
ORD-0069350,R-0164,2025-09-25,13.11,app,delivery,completed
ORD-0069351,R-0164,2025-09-19,23.42,web,delivery,completed
ORD-0069352,R-0164,2025-09-23,10.78,web,delivery,completed
ORD-0069353,R-0164,2025-09-06,26.05,web,delivery,completed
ORD-0069354,R-0164,2025-09-01,18.52,app,delivery,completed
ORD-0069355,R-0164,2025-09-20,48.15,app,delivery,refunded
ORD-0069356,R-0164,2025-09-21,31.00,app,pickup,completed
ORD-0069357,R-0164,2025-09-28,12.26,app,delivery,completed
ORD-0069358,R-0164,2025-09-15,12.23,app,delivery,completed
ORD-0069359,R-0164,2025-09-27,14.98,app,delivery,completed
ORD-0069360,R-0164,2025-09-19,31.47,app,delivery,completed
ORD-0069361,R-0164,2025-09-02,12.79,app,pickup,Completed
ORD-0069362,R-0164,2025-09-05,35.60,web,delivery,completed
ORD-0069363,R-0164,2025-09-06,19.33,web,delivery,completed
ORD-0069364,R-0164,2025-09-28,23.80,web,delivery,completed
ORD-0069365,R-0164,2025-09-13,21.49,app,delivery,refunded
ORD-0069366,R-0164,2025-09-11,10.50,web,delivery,completed
ORD-0069367,R-0164,2025-09-29,12.64,app,pickup,COMPLETED
ORD-0069368,R-0164,2025-09-05,24.30,web,delivery,completed
ORD-0069369,R-0164,2025-09-30,15.36,web,pickup,completed
ORD-0069370,R-0164,2025-09-01,23.64,app,delivery,completed
ORD-0069371,R-0164,2025-09-12,11.62,web,pickup,completed
ORD-0069372,R-0164,2025-09-23,15.59,app,delivery,Completed
ORD-0069373,R-0164,2025-09-14,14.65,web,pickup,completed
ORD-0069374,R-0164,2025-09-24,15.41,app,pickup,completed
ORD-0069375,R-0164,2025-09-21,10.71,web,delivery,completed
ORD-0073820,R-0170,2025-09-28,44.01,app,delivery,completed
ORD-0073821,R-0170,2025-09-29,32.43,web,delivery,COMPLETED
ORD-0073822,R-0170,2025-09-30,32.95,app,delivery,completed
ORD-0073823,R-0170,2025-09-29,34.75,app,delivery,completed
ORD-0074473,R-0171,2025-09-07,22.29,app,delivery,completed
ORD-0074474,R-0171,2025-09-28,18.32,web,delivery,completed
ORD-0074475,R-0171,2025-09-03,15.91,web,delivery,completed
ORD-0074476,R-0171,2025-09-25,15.65,app,pickup,completed
ORD-0074477,R-0171,2025-09-12,30.42,web,pickup,completed
ORD-0074478,R-0171,2025-09-14,24.75,app,delivery,completed
ORD-0074479,R-0171,2025-09-16,27.60,web,pickup,completed
ORD-0074480,R-0171,2025-09-20,27.20,app,pickup,completed
ORD-0074481,R-0171,2025-09-05,21.44,web,pickup,completed
ORD-0074482,R-0171,2025-09-14,14.62,app,pickup,completed
ORD-0074483,R-0171,2025-09-12,30.20,app,pickup,completed
ORD-0074484,R-0171,2025-09-04,23.83,app,pickup,completed
ORD-0074485,R-0171,2025-09-25,18.76,web,delivery,completed
ORD-0074486,R-0171,2025-09-03,19.73,web,delivery,completed
ORD-0074487,R-0171,2025-09-24,28.82,app,delivery,completed
ORD-0074488,R-0171,2025-09-14,19.11,web,delivery,cancelled
ORD-0074489,R-0171,2025-09-06,20.13,app,pickup,completed
ORD-0074490,R-0171,2025-09-19,18.71,app,delivery,completed
ORD-0074491,R-0171,2025-09-20,36.89,web,delivery,completed
ORD-0074492,R-0171,2025-09-06,30.03,web,delivery,completed
ORD-0074493,R-0171,2025-09-30,25.36,app,delivery,completed
ORD-0074494,R-0171,2025-09-04,14.24,web,delivery,completed
ORD-0074495,R-0171,2025-09-26,18.06,app,pickup,completed
ORD-0074496,R-0171,2025-09-08,24.89,app,pickup,completed
ORD-0074497,R-0171,2025-09-14,28.39,web,delivery,COMPLETED
ORD-0074498,R-0171,2025-09-23,11.17,app,delivery,completed
ORD-0074499,R-0171,2025-09-08,12.15,app,delivery,completed
ORD-0074500,R-0171,2025-09-26,35.21,web,delivery,completed
ORD-0074501,R-0171,2025-09-03,31.50,app,delivery,completed
ORD-0074502,R-0171,2025-09-30,17.27,web,pickup,completed
ORD-0074503,R-0171,2025-09-02,18.27,app,pickup,completed
ORD-0074504,R-0171,2025-09-07,25.65,web,pickup,completed
ORD-0074505,R-0171,2025-09-11,25.29,app,delivery,completed
ORD-0074506,R-0171,2025-09-13,17.24,app,pickup,completed
ORD-0074507,R-0171,2025-09-21,39.48,web,pickup,completed
ORD-0074508,R-0171,2025-09-11,25.45,web,delivery,COMPLETED
ORD-0074509,R-0171,2025-09-12,17.98,app,delivery,completed
ORD-0074510,R-0171,2025-09-06,23.77,app,delivery,completed
ORD-0074511,R-0171,2025-09-21,18.58,web,pickup,completed
ORD-0074512,R-0171,2025-09-07,24.72,app,pickup,completed
ORD-0074513,R-0171,2025-09-03,20.37,app,delivery,completed
ORD-0074514,R-0171,2025-09-25,11.58,web,pickup,completed
ORD-0074515,R-0171,2025-09-04,20.09,web,delivery,Completed
ORD-0074516,R-0171,2025-09-04,26.12,web,pickup,completed
ORD-0074517,R-0171,2025-09-26,17.56,app,delivery,completed
ORD-0074518,R-0171,2025-09-22,14.35,web,delivery,completed
ORD-0074519,R-0171,2025-09-16,10.43,app,delivery,completed
ORD-0074520,R-0171,2025-09-28,23.64,app,pickup,cancelled
ORD-0074521,R-0171,2025-09-13,29.73,app,pickup,completed
ORD-0074522,R-0171,2025-09-23,18.34,web,delivery,Completed
ORD-0074523,R-0171,2025-09-29,20.79,app,pickup,completed
ORD-0074524,R-0171,2025-09-05,15.00,web,pickup,completed
ORD-0074525,R-0171,2025-09-04,26.20,app,delivery,completed
ORD-0074526,R-0171,2025-09-21,14.45,app,pickup,completed
ORD-0074527,R-0171,2025-09-07,27.02,web,delivery,completed
ORD-0074528,R-0171,2025-09-16,17.82,app,delivery,completed
ORD-0074529,R-0171,2025-09-05,15.34,app,delivery,completed
ORD-0074530,R-0171,2025-09-12,19.14,web,pickup,completed
ORD-0074531,R-0171,2025-09-12,22.41,app,pickup,completed
ORD-0074532,R-0171,2025-09-04,22.19,app,pickup,completed
ORD-0074533,R-0171,2025-09-18,25.30,web,delivery,completed
ORD-0074534,R-0171,2025-09-09,20.84,app,pickup,completed
ORD-0074535,R-0171,2025-09-14,20.72,web,delivery,completed
ORD-0074536,R-0171,2025-09-20,14.60,app,delivery,completed
ORD-0074537,R-0171,2025-09-13,20.95,app,pickup,completed
ORD-0074538,R-0171,2025-09-24,26.82,web,delivery,completed
ORD-0074539,R-0171,2025-09-21,29.59,web,delivery,completed
ORD-0074540,R-0171,2025-09-16,31.93,web,pickup,Completed
ORD-0074541,R-0171,2025-09-13,27.85,web,pickup,completed
ORD-0074542,R-0171,2025-09-17,22.61,web,delivery,completed
ORD-0074543,R-0171,2025-09-12,16.32,web,delivery,completed
ORD-0074544,R-0171,2025-09-25,33.65,web,pickup,completed
ORD-0074545,R-0171,2025-09-13,20.60,web,pickup,cancelled
ORD-0074546,R-0171,2025-09-17,21.10,app,delivery,completed
ORD-0074547,R-0171,2025-09-10,21.21,web,pickup,Completed
ORD-0074548,R-0171,2025-09-23,17.43,app,delivery,completed
ORD-0074549,R-0171,2025-09-18,27.47,app,pickup,completed
ORD-0074550,R-0171,2025-09-21,21.47,app,delivery,completed
ORD-0074551,R-0171,2025-09-25,26.58,app,delivery,completed
ORD-0074552,R-0171,2025-09-13,21.92,web,delivery,completed
ORD-0074553,R-0171,2025-09-25,37.32,app,delivery,completed
ORD-0074554,R-0171,2025-09-13,21.23,app,pickup,completed
ORD-0074555,R-0171,2025-09-27,31.06,app,delivery,completed
ORD-0074556,R-0171,2025-09-18,31.37,app,pickup,completed
ORD-0074557,R-0171,2025-09-04,17.59,web,pickup,completed
ORD-0074558,R-0171,2025-09-15,19.60,app,delivery,completed
ORD-0074559,R-0171,2025-09-20,18.47,app,pickup,completed
ORD-0074560,R-0171,2025-09-19,23.36,web,delivery,completed
ORD-0074561,R-0171,2025-09-29,21.33,app,delivery,cancelled
ORD-0074562,R-0171,2025-09-06,30.59,web,delivery,completed
ORD-0074563,R-0171,2025-09-26,9.27,web,pickup,Completed
ORD-0074564,R-0171,2025-09-20,20.38,app,pickup,completed
ORD-0074565,R-0171,2025-09-17,18.70,web,pickup,completed
ORD-0074566,R-0171,2025-09-08,45.18,app,delivery,COMPLETED
ORD-0075048,R-0173,2025-09-30,43.52,app,delivery,Completed
ORD-0075049,R-0173,2025-09-03,56.63,web,delivery,completed
ORD-0075050,R-0173,2025-09-06,30.40,app,pickup,COMPLETED
ORD-0075051,R-0173,2025-09-13,27.17,web,pickup,completed
ORD-0075052,R-0173,2025-09-11,50.93,web,delivery,completed
ORD-0075053,R-0173,2025-09-26,81.16,web,delivery,completed
ORD-0075054,R-0173,2025-09-07,33.39,app,pickup,Completed
ORD-0075055,R-0173,2025-09-29,31.73,web,pickup,completed
ORD-0075056,R-0173,2025-09-03,31.42,web,delivery,completed
ORD-0075057,R-0173,2025-09-01,49.70,web,delivery,completed
ORD-0075058,R-0173,2025-09-19,27.43,app,delivery,completed
ORD-0075059,R-0173,2025-09-25,55.60,web,pickup,completed
ORD-0075060,R-0173,2025-09-14,55.55,app,pickup,completed
ORD-0075061,R-0173,2025-09-02,67.21,web,delivery,refunded
ORD-0075062,R-0173,2025-09-26,58.04,web,pickup,completed
ORD-0075063,R-0173,2025-09-03,31.69,app,delivery,completed
ORD-0075064,R-0173,2025-09-23,38.93,app,pickup,cancelled
ORD-0075065,R-0173,2025-09-02,40.79,web,pickup,completed
ORD-0075066,R-0173,2025-09-24,52.67,app,pickup,completed
ORD-0075067,R-0173,2025-09-24,47.60,app,pickup,completed
ORD-0075068,R-0173,2025-09-25,29.51,app,delivery,COMPLETED
ORD-0075069,R-0173,2025-09-08,57.98,web,pickup,completed
ORD-0075070,R-0173,2025-09-13,41.21,web,delivery,completed
ORD-0075071,R-0173,2025-09-06,26.82,app,pickup,completed
ORD-0075072,R-0173,2025-09-19,32.81,app,delivery,completed
ORD-0075073,R-0173,2025-09-22,34.49,web,delivery,completed
ORD-0075074,R-0173,2025-09-25,65.35,web,delivery,completed
ORD-0075075,R-0173,2025-09-18,19.98,app,delivery,completed
ORD-0075076,R-0173,2025-09-10,78.80,app,pickup,Completed
ORD-0075077,R-0173,2025-09-26,54.85,app,pickup,completed
ORD-0075078,R-0173,2025-09-13,54.14,app,delivery,completed
ORD-0075079,R-0173,2025-09-08,19.56,app,delivery,completed
ORD-0075080,R-0173,2025-09-03,56.05,web,delivery,COMPLETED
ORD-0075081,R-0173,2025-09-08,63.48,app,pickup,completed
ORD-0075082,R-0173,2025-09-18,30.54,web,pickup,completed
ORD-0075083,R-0173,2025-09-20,76.26,web,delivery,completed
ORD-0075084,R-0173,2025-09-28,55.48,app,delivery,completed
ORD-0075085,R-0173,2025-09-26,75.48,web,delivery,completed
ORD-0075086,R-0173,2025-09-03,31.99,web,pickup,completed
ORD-0075087,R-0173,2025-09-28,42.25,app,pickup,completed
ORD-0075088,R-0173,2025-09-27,29.38,web,pickup,Completed
ORD-0075089,R-0173,2025-09-24,32.38,app,delivery,completed
ORD-0075090,R-0173,2025-09-29,20.88,web,pickup,completed
ORD-0075091,R-0173,2025-09-05,58.96,app,delivery,completed
ORD-0075092,R-0173,2025-09-09,46.55,web,delivery,completed
ORD-0075093,R-0173,2025-09-11,56.07,web,delivery,completed
ORD-0075094,R-0173,2025-09-05,60.85,app,pickup,completed
ORD-0075095,R-0173,2025-09-13,56.28,app,delivery,completed
ORD-0075096,R-0173,2025-09-20,52.03,app,pickup,completed
ORD-0075097,R-0173,2025-09-05,111.74,app,pickup,completed
ORD-0075098,R-0173,2025-09-04,28.74,web,delivery,completed
ORD-0075099,R-0173,2025-09-01,27.26,web,delivery,completed
ORD-0075100,R-0173,2025-09-26,39.22,web,pickup,Cancelled
ORD-0075101,R-0173,2025-09-16,68.86,web,delivery,completed
ORD-0075102,R-0173,2025-09-17,48.78,app,delivery,completed
ORD-0075103,R-0173,2025-09-20,28.53,app,delivery,COMPLETED
ORD-0075104,R-0173,2025-09-09,75.26,app,pickup,completed
ORD-0075105,R-0173,2025-09-07,24.46,web,delivery,completed
ORD-0075106,R-0173,2025-09-27,28.85,app,delivery,completed
ORD-0075107,R-0173,2025-09-01,71.87,app,delivery,COMPLETED
ORD-0075108,R-0173,2025-09-15,54.20,web,delivery,REFUNDED
ORD-0075109,R-0173,2025-09-24,38.71,app,delivery,refunded
ORD-0075110,R-0173,2025-09-12,123.67,web,pickup,completed
ORD-0075111,R-0173,2025-09-07,55.85,app,pickup,cancelled
ORD-0075112,R-0173,2025-09-09,33.67,web,delivery,completed
ORD-0075113,R-0173,2025-09-05,36.10,web,pickup,completed
ORD-0075114,R-0173,2025-09-14,43.47,app,pickup,completed
ORD-0075115,R-0173,2025-09-20,62.68,web,delivery,completed
ORD-0075116,R-0173,2025-09-21,94.84,app,delivery,completed
ORD-0075117,R-0173,2025-09-24,68.95,web,delivery,completed
ORD-0075118,R-0173,2025-09-29,36.37,web,delivery,completed
ORD-0075119,R-0173,2025-09-13,49.18,app,pickup,completed
ORD-0075120,R-0173,2025-09-12,36.98,web,pickup,completed
ORD-0075121,R-0173,2025-09-15,56.59,web,pickup,completed
ORD-0075122,R-0173,2025-09-01,36.57,web,delivery,completed
ORD-0075123,R-0173,2025-09-05,18.10,web,pickup,completed
ORD-0075124,R-0173,2025-09-06,44.25,web,pickup,completed
ORD-0075125,R-0173,2025-09-26,52.68,app,pickup,completed
ORD-0075126,R-0173,2025-09-26,45.34,app,pickup,completed
ORD-0075127,R-0173,2025-09-06,37.40,app,pickup,Completed
ORD-0075128,R-0173,2025-09-03,55.48,web,delivery,completed
ORD-0075129,R-0173,2025-09-17,37.73,web,delivery,completed
ORD-0075130,R-0173,2025-09-26,111.96,app,delivery,completed
ORD-0075131,R-0173,2025-09-05,56.00,app,pickup,completed
ORD-0075132,R-0173,2025-09-13,49.58,app,pickup,Completed
ORD-0075133,R-0173,2025-09-20,68.47,app,delivery,completed
ORD-0075134,R-0173,2025-09-23,38.19,web,pickup,completed
ORD-0075135,R-0173,2025-09-20,30.49,app,delivery,COMPLETED
ORD-0075136,R-0173,2025-09-05,46.05,web,delivery,completed
ORD-0075399,R-0175,2025-09-20,37.89,app,delivery,completed
ORD-0075400,R-0175,2025-09-14,26.13,web,pickup,completed
ORD-0075401,R-0175,2025-09-19,20.54,app,delivery,completed
ORD-0075402,R-0175,2025-09-12,29.33,web,delivery,completed
ORD-0075403,R-0175,2025-09-13,20.00,web,pickup,completed
ORD-0075404,R-0175,2025-09-15,22.58,web,pickup,completed
ORD-0075405,R-0175,2025-09-20,44.37,app,delivery,completed
ORD-0075406,R-0175,2025-09-18,32.52,web,delivery,completed
ORD-0075407,R-0175,2025-09-12,17.09,web,delivery,completed
ORD-0075408,R-0175,2025-09-26,21.41,web,delivery,completed
ORD-0075409,R-0175,2025-09-24,30.76,web,delivery,refunded
ORD-0075410,R-0175,2025-09-23,27.46,app,delivery,completed
ORD-0075411,R-0175,2025-09-28,31.68,web,pickup,completed
ORD-0075412,R-0175,2025-09-05,40.80,web,delivery,completed
ORD-0075413,R-0175,2025-09-11,13.38,web,delivery,completed
ORD-0075414,R-0175,2025-09-19,8.95,web,delivery,COMPLETED
ORD-0075415,R-0175,2025-09-19,17.42,app,delivery,completed
ORD-0075416,R-0175,2025-09-08,30.33,app,pickup,Completed
ORD-0075417,R-0175,2025-09-11,10.39,web,delivery,completed
ORD-0075418,R-0175,2025-09-28,21.88,web,pickup,completed
ORD-0075419,R-0175,2025-09-27,29.53,web,pickup,completed
ORD-0075420,R-0175,2025-09-18,15.92,web,pickup,completed
ORD-0075421,R-0175,2025-09-04,20.18,app,pickup,completed
ORD-0075422,R-0175,2025-09-02,47.45,app,delivery,completed
ORD-0075423,R-0175,2025-09-13,38.88,app,delivery,COMPLETED
ORD-0075424,R-0175,2025-09-27,45.21,web,delivery,completed
ORD-0080084,R-0184,2025-09-18,17.16,web,pickup,Completed
ORD-0080085,R-0184,2025-09-11,9.06,app,pickup,Completed
ORD-0080086,R-0184,2025-09-10,17.31,app,delivery,completed
ORD-0080087,R-0184,2025-09-21,24.91,app,pickup,completed
ORD-0080088,R-0184,2025-09-30,10.47,app,delivery,COMPLETED
ORD-0080089,R-0184,2025-09-16,8.82,app,delivery,completed
ORD-0080090,R-0184,2025-09-07,12.32,app,delivery,Completed
ORD-0080091,R-0184,2025-09-17,21.11,app,delivery,completed
ORD-0080092,R-0184,2025-09-08,10.26,app,pickup,Completed
ORD-0080093,R-0184,2025-09-06,13.58,app,delivery,completed
ORD-0080094,R-0184,2025-09-25,19.70,web,pickup,completed
ORD-0080095,R-0184,2025-09-29,18.40,app,pickup,refunded
ORD-0080096,R-0184,2025-09-19,20.35,app,delivery,completed
ORD-0080097,R-0184,2025-09-08,17.58,web,pickup,completed
ORD-0080098,R-0184,2025-09-04,15.04,web,pickup,completed
ORD-0080099,R-0184,2025-09-06,33.49,app,delivery,completed
ORD-0080100,R-0184,2025-09-06,22.92,app,pickup,completed
ORD-0080101,R-0184,2025-09-26,12.50,app,pickup,completed
ORD-0080102,R-0184,2025-09-15,16.69,web,delivery,completed
ORD-0080103,R-0184,2025-09-28,23.09,app,pickup,completed
ORD-0080104,R-0184,2025-09-25,21.72,app,pickup,completed
ORD-0080105,R-0184,2025-09-11,28.76,app,pickup,completed
ORD-0080106,R-0184,2025-09-20,12.12,app,pickup,completed
ORD-0080107,R-0184,2025-09-05,14.61,web,delivery,completed
ORD-0080108,R-0184,2025-09-12,34.47,app,pickup,completed
ORD-0080109,R-0184,2025-09-23,9.98,web,pickup,completed
ORD-0080110,R-0184,2025-09-21,16.79,web,pickup,completed
ORD-0080111,R-0184,2025-09-23,17.97,app,delivery,completed
ORD-0080112,R-0184,2025-09-17,14.85,app,delivery,completed
ORD-0080113,R-0184,2025-09-19,30.32,app,delivery,COMPLETED
ORD-0080114,R-0184,2025-09-13,25.12,app,pickup,cancelled
ORD-0080115,R-0184,2025-09-20,22.94,app,delivery,completed
ORD-0080116,R-0184,2025-09-13,9.06,web,delivery,cancelled
ORD-0080117,R-0184,2025-09-21,30.87,web,delivery,completed
ORD-0080118,R-0184,2025-09-08,9.18,app,delivery,completed
ORD-0080119,R-0184,2025-09-05,20.76,app,pickup,COMPLETED
ORD-0080120,R-0184,2025-09-14,13.02,app,pickup,completed
ORD-0080121,R-0184,2025-09-03,13.96,web,delivery,completed
ORD-0080122,R-0184,2025-09-28,19.42,app,pickup,completed
ORD-0080123,R-0184,2025-09-13,12.82,app,delivery,completed
ORD-0080124,R-0184,2025-09-19,24.62,web,delivery,completed
ORD-0080125,R-0184,2025-09-22,16.74,app,pickup,completed
ORD-0080126,R-0184,2025-09-27,16.98,app,pickup,completed
ORD-0081279,R-0187,2025-09-13,32.00,app,delivery,completed
ORD-0081280,R-0187,2025-09-08,49.11,web,delivery,Completed
ORD-0081281,R-0187,2025-09-29,23.16,app,delivery,completed
ORD-0081282,R-0187,2025-09-13,19.94,web,delivery,completed
ORD-0081283,R-0187,2025-09-28,9.88,app,delivery,completed
ORD-0081284,R-0187,2025-09-03,38.54,app,delivery,completed
ORD-0081285,R-0187,2025-09-26,21.46,app,delivery,completed
ORD-0081286,R-0187,2025-09-21,59.88,app,delivery,completed
ORD-0081287,R-0187,2025-09-06,32.05,app,pickup,completed
ORD-0081288,R-0187,2025-09-24,24.93,web,delivery,completed
ORD-0081289,R-0187,2025-09-05,31.55,web,delivery,completed
ORD-0081290,R-0187,2025-09-24,19.40,web,delivery,completed
ORD-0081291,R-0187,2025-09-16,38.04,web,delivery,completed
ORD-0081292,R-0187,2025-09-22,19.89,app,delivery,completed
ORD-0081293,R-0187,2025-09-19,33.32,app,delivery,completed
ORD-0081294,R-0187,2025-09-30,47.61,web,delivery,completed
ORD-0081295,R-0187,2025-09-15,27.40,app,delivery,completed
ORD-0081296,R-0187,2025-09-24,46.92,web,delivery,completed
ORD-0081297,R-0187,2025-09-25,18.04,app,delivery,completed
ORD-0081298,R-0187,2025-09-06,62.68,web,delivery,completed
ORD-0081299,R-0187,2025-09-27,38.29,app,pickup,completed
ORD-0081300,R-0187,2025-09-12,21.16,app,delivery,completed
ORD-0081301,R-0187,2025-09-12,22.75,web,delivery,completed
ORD-0081302,R-0187,2025-09-20,35.30,app,delivery,completed
ORD-0081303,R-0187,2025-09-08,46.67,app,delivery,completed
ORD-0081304,R-0187,2025-09-15,46.50,app,delivery,completed
ORD-0081305,R-0187,2025-09-24,18.76,app,delivery,completed
ORD-0081306,R-0187,2025-09-22,16.67,app,delivery,completed
ORD-0081307,R-0187,2025-09-26,19.82,app,delivery,completed
ORD-0081308,R-0187,2025-09-11,22.78,app,delivery,completed
ORD-0081309,R-0187,2025-09-10,35.01,app,delivery,COMPLETED
ORD-0081310,R-0187,2025-09-11,57.28,web,delivery,completed
ORD-0081311,R-0187,2025-09-18,30.88,app,delivery,completed
ORD-0081312,R-0187,2025-09-14,35.53,app,delivery,completed
ORD-0081313,R-0187,2025-09-10,38.57,web,delivery,completed
ORD-0081314,R-0187,2025-09-04,29.61,app,delivery,completed
ORD-0081315,R-0187,2025-09-23,16.94,web,delivery,completed
ORD-0081316,R-0187,2025-09-13,25.94,web,delivery,cancelled
ORD-0081317,R-0187,2025-09-06,24.87,web,delivery,completed
ORD-0081318,R-0187,2025-09-13,69.42,app,pickup,completed
ORD-0081319,R-0187,2025-09-02,20.08,app,delivery,completed
ORD-0081320,R-0187,2025-09-17,36.78,app,delivery,completed
ORD-0081321,R-0187,2025-09-05,14.76,app,delivery,completed
ORD-0081322,R-0187,2025-09-08,12.96,app,delivery,completed
ORD-0081323,R-0187,2025-09-20,31.45,app,delivery,completed
ORD-0081324,R-0187,2025-09-28,23.06,web,pickup,completed
ORD-0081325,R-0187,2025-09-04,17.51,app,delivery,COMPLETED
ORD-0081326,R-0187,2025-09-02,44.32,app,delivery,completed
ORD-0081327,R-0187,2025-09-08,27.01,web,delivery,completed
ORD-0081328,R-0187,2025-09-26,16.66,web,delivery,completed
ORD-0081329,R-0187,2025-09-29,25.37,web,delivery,completed
ORD-0081330,R-0187,2025-09-06,28.09,app,delivery,completed
ORD-0081331,R-0187,2025-09-11,26.79,app,pickup,Completed
ORD-0081332,R-0187,2025-09-05,30.61,web,delivery,completed
ORD-0081333,R-0187,2025-09-13,54.30,web,delivery,completed
ORD-0081334,R-0187,2025-09-15,45.79,app,delivery,completed
ORD-0081335,R-0187,2025-09-22,24.90,app,delivery,completed
ORD-0081336,R-0187,2025-09-21,20.52,app,delivery,completed
ORD-0081337,R-0187,2025-09-04,39.49,app,pickup,Completed
ORD-0081338,R-0187,2025-09-20,20.45,app,delivery,completed
ORD-0081339,R-0187,2025-09-11,51.72,app,delivery,COMPLETED
ORD-0081340,R-0187,2025-09-05,28.27,app,delivery,completed
ORD-0081341,R-0187,2025-09-06,30.70,web,delivery,completed
ORD-0081342,R-0187,2025-09-23,31.52,web,delivery,completed
ORD-0081343,R-0187,2025-09-14,19.21,web,delivery,completed
ORD-0081344,R-0187,2025-09-22,26.68,app,delivery,completed
ORD-0081345,R-0187,2025-09-15,30.20,app,delivery,completed
ORD-0081346,R-0187,2025-09-07,34.51,app,delivery,completed
ORD-0081347,R-0187,2025-09-11,33.87,app,delivery,completed
ORD-0081348,R-0187,2025-09-29,22.16,app,pickup,completed
ORD-0081349,R-0187,2025-09-21,35.01,app,pickup,completed
ORD-0081350,R-0187,2025-09-08,37.23,app,delivery,completed
ORD-0081351,R-0187,2025-09-20,45.58,app,delivery,completed
ORD-0081352,R-0187,2025-09-12,13.11,web,delivery,completed
ORD-0081353,R-0187,2025-09-23,30.08,app,delivery,completed
ORD-0081354,R-0187,2025-09-05,43.32,app,delivery,completed
ORD-0081355,R-0187,2025-09-20,29.24,app,delivery,refunded
ORD-0081356,R-0187,2025-09-21,35.64,app,delivery,completed
ORD-0081357,R-0187,2025-09-28,26.09,app,delivery,completed
ORD-0081358,R-0187,2025-09-16,14.30,web,delivery,completed
ORD-0083113,R-0190,2025-09-27,35.54,app,delivery,completed
ORD-0083114,R-0190,2025-09-16,14.87,app,delivery,completed
ORD-0083115,R-0190,2025-09-27,24.55,app,delivery,completed
ORD-0083116,R-0190,2025-09-18,18.14,app,delivery,Completed
ORD-0083117,R-0190,2025-09-29,19.52,app,delivery,completed
ORD-0083118,R-0190,2025-09-17,23.46,app,delivery,completed
ORD-0083119,R-0190,2025-09-17,25.74,app,pickup,completed
ORD-0083120,R-0190,2025-09-10,28.91,app,pickup,completed
ORD-0083121,R-0190,2025-09-20,22.35,app,delivery,completed
ORD-0083122,R-0190,2025-09-12,10.25,app,delivery,completed
ORD-0083123,R-0190,2025-09-04,10.64,app,delivery,COMPLETED
ORD-0083124,R-0190,2025-09-16,15.79,app,pickup,completed
ORD-0083125,R-0190,2025-09-06,15.86,app,delivery,completed
ORD-0083126,R-0190,2025-09-02,14.23,app,delivery,completed
ORD-0083127,R-0190,2025-09-18,17.30,app,delivery,completed
ORD-0083128,R-0190,2025-09-25,12.07,app,delivery,Completed
ORD-0083129,R-0190,2025-09-26,19.48,app,delivery,Completed
ORD-0083130,R-0190,2025-09-21,26.27,app,delivery,completed
ORD-0083131,R-0190,2025-09-07,24.97,app,delivery,completed
ORD-0083132,R-0190,2025-09-28,31.37,app,delivery,Completed
ORD-0083133,R-0190,2025-09-06,20.80,app,delivery,completed
ORD-0083134,R-0190,2025-09-26,20.91,app,delivery,completed
ORD-0083135,R-0190,2025-09-12,12.19,web,delivery,completed
ORD-0083136,R-0190,2025-09-12,15.24,web,pickup,completed
ORD-0083137,R-0190,2025-09-05,18.89,app,pickup,completed
ORD-0083138,R-0190,2025-09-28,16.44,app,pickup,completed
ORD-0083139,R-0190,2025-09-12,13.41,app,delivery,Completed
ORD-0083140,R-0190,2025-09-01,13.53,app,pickup,completed
ORD-0083141,R-0190,2025-09-27,26.26,app,delivery,cancelled
ORD-0083142,R-0190,2025-09-21,46.40,app,pickup,completed
ORD-0083143,R-0190,2025-09-14,17.16,app,delivery,completed
ORD-0083144,R-0190,2025-09-04,16.44,web,delivery,completed
ORD-0083145,R-0190,2025-09-13,26.74,app,delivery,completed
ORD-0083146,R-0190,2025-09-12,18.50,app,pickup,completed
ORD-0083147,R-0190,2025-09-04,10.79,app,delivery,Completed
ORD-0083148,R-0190,2025-09-08,17.69,app,pickup,completed
ORD-0083149,R-0190,2025-09-25,25.43,app,delivery,completed
ORD-0083150,R-0190,2025-09-17,13.71,app,delivery,completed
ORD-0083151,R-0190,2025-09-12,20.67,web,delivery,COMPLETED
ORD-0083152,R-0190,2025-09-03,24.55,app,delivery,completed
ORD-0083153,R-0190,2025-09-03,19.85,app,pickup,completed
ORD-0083154,R-0190,2025-09-12,24.76,web,pickup,completed
ORD-0083155,R-0190,2025-09-27,34.03,app,pickup,completed
ORD-0083156,R-0190,2025-09-22,26.05,app,pickup,completed
ORD-0083157,R-0190,2025-09-30,24.12,web,delivery,completed
ORD-0083158,R-0190,2025-09-20,11.41,app,delivery,completed
ORD-0083159,R-0190,2025-09-13,11.51,app,delivery,completed
ORD-0083160,R-0190,2025-09-27,22.17,web,pickup,completed
ORD-0083161,R-0190,2025-09-03,21.93,app,pickup,completed
ORD-0083162,R-0190,2025-09-05,17.42,app,delivery,completed
ORD-0083163,R-0190,2025-09-21,35.57,app,delivery,completed
ORD-0083164,R-0190,2025-09-18,14.85,web,delivery,completed
ORD-0083165,R-0190,2025-09-21,21.23,app,delivery,completed
ORD-0083166,R-0190,2025-09-07,23.33,app,delivery,completed
ORD-0083167,R-0190,2025-09-19,13.47,app,pickup,CANCELLED
ORD-0083168,R-0190,2025-09-20,18.27,app,pickup,Completed
ORD-0083169,R-0190,2025-09-25,28.38,app,delivery,COMPLETED
ORD-0083170,R-0190,2025-09-05,17.28,app,pickup,completed
ORD-0083171,R-0190,2025-09-01,10.90,app,pickup,completed
ORD-0083172,R-0190,2025-09-09,18.64,app,delivery,Completed
ORD-0083173,R-0190,2025-09-09,25.00,app,delivery,completed
ORD-0083174,R-0190,2025-09-26,19.42,app,delivery,cancelled
ORD-0083175,R-0190,2025-09-13,19.90,app,pickup,completed
ORD-0083176,R-0190,2025-09-26,23.38,app,delivery,completed
ORD-0083177,R-0190,2025-09-03,15.51,app,pickup,completed
ORD-0083178,R-0190,2025-09-21,14.94,web,delivery,completed
ORD-0083179,R-0190,2025-09-09,35.81,app,pickup,CANCELLED
ORD-0083180,R-0190,2025-09-25,33.87,web,delivery,completed
ORD-0083181,R-0190,2025-09-23,11.09,app,delivery,completed
ORD-0083182,R-0190,2025-09-13,36.45,app,delivery,completed
ORD-0083183,R-0190,2025-09-21,19.79,app,delivery,Completed
ORD-0083184,R-0190,2025-09-02,19.73,app,delivery,completed
ORD-0083185,R-0190,2025-09-25,27.36,app,pickup,completed
ORD-0083186,R-0190,2025-09-12,10.64,app,pickup,completed
ORD-0083187,R-0190,2025-09-10,43.26,app,delivery,completed
ORD-0083188,R-0190,2025-09-26,16.76,app,pickup,completed
ORD-0083189,R-0190,2025-09-02,19.80,app,delivery,COMPLETED
ORD-0083190,R-0190,2025-09-26,23.21,web,delivery,completed
ORD-0083191,R-0190,2025-09-23,32.98,app,delivery,COMPLETED
ORD-0083192,R-0190,2025-09-24,25.01,app,delivery,completed
ORD-0083193,R-0190,2025-09-17,13.39,web,pickup,completed
ORD-0083194,R-0190,2025-09-19,14.83,app,pickup,Completed
ORD-0083195,R-0190,2025-09-19,23.62,app,delivery,completed
ORD-0083196,R-0190,2025-09-13,18.55,app,pickup,completed
ORD-0083197,R-0190,2025-09-27,18.65,app,pickup,Completed
ORD-0083198,R-0190,2025-09-15,7.92,app,delivery,completed
ORD-0083199,R-0190,2025-09-15,38.49,app,delivery,completed
ORD-0083200,R-0190,2025-09-26,21.60,app,delivery,completed
ORD-0083201,R-0190,2025-09-12,32.59,app,pickup,completed
ORD-0083202,R-0190,2025-09-10,23.31,web,pickup,completed
ORD-0083203,R-0190,2025-09-19,28.27,web,delivery,completed
ORD-0083204,R-0190,2025-09-08,27.83,app,delivery,completed
ORD-0083205,R-0190,2025-09-12,14.84,app,pickup,completed
ORD-0083206,R-0190,2025-09-12,27.07,app,delivery,completed
ORD-0083207,R-0190,2025-09-18,9.37,app,pickup,completed
ORD-0083208,R-0190,2025-09-21,22.25,app,pickup,refunded
ORD-0083209,R-0190,2025-09-22,25.29,web,delivery,completed
ORD-0083210,R-0190,2025-09-01,16.85,app,delivery,COMPLETED
ORD-0083211,R-0190,2025-09-20,16.97,app,delivery,completed
ORD-0083212,R-0190,2025-09-14,13.56,app,pickup,completed
ORD-0083213,R-0190,2025-09-01,12.96,app,delivery,completed
ORD-0083214,R-0190,2025-09-20,27.62,app,delivery,completed
ORD-0083215,R-0190,2025-09-26,18.64,app,delivery,completed
ORD-0083216,R-0190,2025-09-23,13.91,web,delivery,completed
ORD-0083217,R-0190,2025-09-13,19.14,web,pickup,completed
ORD-0083218,R-0190,2025-09-19,23.96,web,delivery,cancelled
ORD-0083219,R-0190,2025-09-27,12.21,app,pickup,completed
ORD-0083220,R-0190,2025-09-07,21.74,app,delivery,completed
ORD-0083221,R-0190,2025-09-26,13.07,app,pickup,Completed
ORD-0083222,R-0190,2025-09-13,17.00,web,pickup,completed
ORD-0083223,R-0190,2025-09-05,18.93,app,pickup,completed
ORD-0083224,R-0190,2025-09-27,19.86,app,delivery,completed
ORD-0083225,R-0190,2025-09-25,24.36,app,delivery,completed
ORD-0083226,R-0190,2025-09-19,25.31,app,delivery,completed
ORD-0083227,R-0190,2025-09-16,29.06,web,delivery,completed
ORD-0083228,R-0190,2025-09-28,24.53,app,delivery,completed
ORD-0083229,R-0190,2025-09-20,21.77,app,delivery,completed
ORD-0083230,R-0190,2025-09-05,28.50,app,delivery,completed
ORD-0083231,R-0190,2025-09-15,17.85,app,delivery,refunded
ORD-0083232,R-0190,2025-09-12,34.86,app,delivery,completed
ORD-0083233,R-0190,2025-09-08,25.93,app,delivery,Completed
ORD-0083234,R-0190,2025-09-28,13.80,web,delivery,completed
ORD-0083235,R-0190,2025-09-06,27.94,app,delivery,completed
ORD-0083236,R-0190,2025-09-14,23.81,app,pickup,completed
ORD-0083237,R-0190,2025-09-20,20.38,app,delivery,completed
ORD-0083238,R-0190,2025-09-26,13.91,app,pickup,COMPLETED
ORD-0083239,R-0190,2025-09-08,22.06,app,delivery,completed
ORD-0083240,R-0190,2025-09-10,12.34,app,delivery,completed
ORD-0083241,R-0190,2025-09-19,22.59,app,pickup,completed
ORD-0083242,R-0190,2025-09-02,19.68,app,delivery,completed
ORD-0083243,R-0190,2025-09-02,27.74,app,delivery,completed
ORD-0083244,R-0190,2025-09-14,25.31,app,delivery,completed
ORD-0083245,R-0190,2025-09-25,16.08,web,pickup,cancelled
ORD-0083246,R-0190,2025-09-07,18.68,web,delivery,completed
ORD-0085606,R-0193,2025-09-12,14.67,web,delivery,completed
ORD-0085607,R-0193,2025-09-27,74.16,app,delivery,COMPLETED
ORD-0085608,R-0193,2025-09-08,23.49,web,pickup,completed
ORD-0085609,R-0193,2025-09-06,54.78,web,delivery,completed
ORD-0085610,R-0193,2025-09-20,35.87,web,delivery,COMPLETED
ORD-0085611,R-0193,2025-09-04,46.60,app,pickup,completed
ORD-0085612,R-0193,2025-09-24,30.43,web,delivery,completed
ORD-0085613,R-0193,2025-09-11,45.26,web,delivery,completed
ORD-0085614,R-0193,2025-09-17,28.29,app,delivery,completed
ORD-0085615,R-0193,2025-09-18,31.15,app,pickup,completed
ORD-0085616,R-0193,2025-09-08,25.17,web,delivery,completed
ORD-0085617,R-0193,2025-09-05,24.82,app,pickup,completed
ORD-0085618,R-0193,2025-09-07,83.98,app,delivery,completed
ORD-0085619,R-0193,2025-09-13,40.09,app,delivery,completed
ORD-0085620,R-0193,2025-09-24,61.28,app,delivery,completed
ORD-0085621,R-0193,2025-09-10,19.05,web,delivery,completed
ORD-0085622,R-0193,2025-09-09,46.75,web,delivery,Completed
ORD-0085623,R-0193,2025-09-22,44.85,web,delivery,completed
ORD-0085624,R-0193,2025-09-24,22.00,app,delivery,completed
ORD-0085625,R-0193,2025-09-17,28.84,web,delivery,completed
ORD-0085626,R-0193,2025-09-22,57.62,app,pickup,completed
ORD-0085627,R-0193,2025-09-12,33.57,app,delivery,completed
ORD-0085628,R-0193,2025-09-11,31.64,web,delivery,completed
ORD-0085629,R-0193,2025-09-07,26.16,web,delivery,completed
ORD-0085630,R-0193,2025-09-26,28.74,app,delivery,completed
ORD-0085631,R-0193,2025-09-02,19.60,web,delivery,completed
ORD-0085632,R-0193,2025-09-27,20.82,app,pickup,completed
ORD-0085633,R-0193,2025-09-28,46.20,app,delivery,completed
ORD-0085634,R-0193,2025-09-17,39.39,web,pickup,completed
ORD-0085635,R-0193,2025-09-20,20.91,app,delivery,completed
ORD-0085636,R-0193,2025-09-06,38.04,app,delivery,completed
ORD-0085637,R-0193,2025-09-10,22.38,web,delivery,completed
ORD-0085638,R-0193,2025-09-23,27.68,web,delivery,completed
ORD-0085639,R-0193,2025-09-19,31.24,app,delivery,COMPLETED
ORD-0085640,R-0193,2025-09-01,65.40,web,delivery,completed
ORD-0085641,R-0193,2025-09-25,27.93,web,delivery,completed
ORD-0085642,R-0193,2025-09-11,31.00,app,delivery,Completed
ORD-0085643,R-0193,2025-09-01,40.94,app,delivery,completed
ORD-0085644,R-0193,2025-09-06,28.84,web,delivery,completed
ORD-0085645,R-0193,2025-09-02,35.18,app,delivery,completed
ORD-0085646,R-0193,2025-09-13,43.87,web,delivery,completed
ORD-0085647,R-0193,2025-09-04,22.87,web,delivery,completed
ORD-0085648,R-0193,2025-09-16,24.81,web,delivery,completed
ORD-0085649,R-0193,2025-09-27,30.85,app,delivery,completed
ORD-0085650,R-0193,2025-09-03,32.19,app,pickup,completed
ORD-0085651,R-0193,2025-09-04,29.25,app,pickup,refunded
ORD-0085652,R-0193,2025-09-29,61.30,web,delivery,completed
ORD-0085677,R-0194,2025-09-19,53.43,web,pickup,completed
ORD-0085678,R-0194,2025-09-13,27.60,app,delivery,completed
ORD-0085679,R-0194,2025-09-04,22.14,app,pickup,COMPLETED
ORD-0085680,R-0194,2025-09-19,48.98,web,pickup,completed
ORD-0085681,R-0194,2025-09-13,52.92,web,delivery,completed
ORD-0085682,R-0194,2025-09-21,24.49,app,pickup,COMPLETED
ORD-0085683,R-0194,2025-09-05,27.84,web,delivery,completed
ORD-0085684,R-0194,2025-09-25,44.86,app,pickup,completed
ORD-0085685,R-0194,2025-09-15,48.27,web,pickup,completed
ORD-0085737,R-0195,2025-09-15,33.05,web,pickup,completed
ORD-0085738,R-0195,2025-09-10,41.18,app,pickup,completed
ORD-0085739,R-0195,2025-09-25,23.47,web,pickup,completed
ORD-0085740,R-0195,2025-09-19,27.14,app,pickup,completed
ORD-0085741,R-0195,2025-09-19,31.77,app,delivery,completed
ORD-0085742,R-0195,2025-09-02,13.49,web,pickup,completed
ORD-0085743,R-0195,2025-09-11,39.66,web,delivery,COMPLETED
ORD-0085744,R-0195,2025-09-28,34.04,app,pickup,completed
ORD-0085745,R-0195,2025-09-05,37.14,web,delivery,completed
ORD-0085746,R-0195,2025-09-28,40.09,app,delivery,COMPLETED
ORD-0085747,R-0195,2025-09-01,34.99,app,pickup,completed
ORD-0085748,R-0195,2025-09-14,22.21,web,delivery,completed
ORD-0085749,R-0195,2025-09-19,45.77,web,delivery,completed
ORD-0085750,R-0195,2025-09-05,49.44,app,pickup,completed
ORD-0085751,R-0195,2025-09-04,21.66,web,pickup,completed
ORD-0085752,R-0195,2025-09-28,41.72,app,pickup,completed
ORD-0085753,R-0195,2025-09-13,18.39,web,delivery,completed
ORD-0085754,R-0195,2025-09-06,78.92,web,pickup,completed
ORD-0085755,R-0195,2025-09-23,24.36,app,pickup,completed
ORD-0085756,R-0195,2025-09-04,28.78,app,pickup,completed
ORD-0085757,R-0195,2025-09-20,41.98,web,delivery,refunded
ORD-0085758,R-0195,2025-09-04,27.65,web,pickup,completed
ORD-0085759,R-0195,2025-09-29,25.26,web,pickup,completed
ORD-0085760,R-0195,2025-09-03,32.24,web,pickup,completed
ORD-0085761,R-0195,2025-09-14,36.97,web,delivery,completed
ORD-0086798,R-0200,2025-09-04,25.90,app,delivery,completed
ORD-0086799,R-0200,2025-09-26,29.52,app,pickup,completed
ORD-0086800,R-0200,2025-09-03,23.73,app,pickup,completed
ORD-0086801,R-0200,2025-09-29,22.12,app,pickup,completed
ORD-0086802,R-0200,2025-09-12,33.06,web,pickup,completed
ORD-0086803,R-0200,2025-09-18,36.65,app,delivery,completed
ORD-0086804,R-0200,2025-09-24,19.41,web,pickup,completed
ORD-0086805,R-0200,2025-09-18,22.45,app,delivery,completed
ORD-0086806,R-0200,2025-09-18,24.60,app,delivery,completed
ORD-0086807,R-0200,2025-09-17,20.67,app,pickup,Completed
ORD-0086808,R-0200,2025-09-28,22.90,app,pickup,completed
ORD-0086809,R-0200,2025-09-05,21.76,web,delivery,completed
ORD-0086810,R-0200,2025-09-15,21.45,web,pickup,completed
ORD-0086811,R-0200,2025-09-04,29.75,app,delivery,completed
ORD-0086812,R-0200,2025-09-14,22.92,app,pickup,completed
ORD-0086813,R-0200,2025-09-01,17.66,web,pickup,COMPLETED
ORD-0086814,R-0200,2025-09-14,38.48,app,pickup,completed
ORD-0086815,R-0200,2025-09-14,31.09,web,delivery,completed
ORD-0086816,R-0200,2025-09-26,37.54,app,pickup,completed
ORD-0086817,R-0200,2025-09-21,19.51,web,delivery,completed
ORD-0086818,R-0200,2025-09-08,22.23,app,delivery,completed
ORD-0086819,R-0200,2025-09-27,19.91,app,pickup,completed
ORD-0086820,R-0200,2025-09-08,14.85,app,pickup,Completed
ORD-0086821,R-0200,2025-09-13,25.70,app,delivery,completed
ORD-0086822,R-0200,2025-09-12,21.84,app,delivery,completed
ORD-0086823,R-0200,2025-09-19,30.17,web,delivery,completed
ORD-0086824,R-0200,2025-09-20,29.63,web,delivery,completed
ORD-0086825,R-0200,2025-09-16,18.77,app,pickup,completed
ORD-0086826,R-0200,2025-09-20,34.89,web,pickup,completed
ORD-0086827,R-0200,2025-09-04,25.07,web,delivery,completed
ORD-0086828,R-0200,2025-09-06,28.53,app,delivery,completed
ORD-0086829,R-0200,2025-09-12,30.60,web,pickup,Completed
ORD-0086830,R-0200,2025-09-23,33.29,web,delivery,COMPLETED
ORD-0086831,R-0200,2025-09-27,25.03,app,delivery,completed
ORD-0086832,R-0200,2025-09-17,44.94,web,pickup,completed
ORD-0086833,R-0200,2025-09-19,30.30,web,delivery,completed
ORD-0086834,R-0200,2025-09-14,29.60,app,pickup,completed
ORD-0086835,R-0200,2025-09-12,38.34,web,delivery,Completed
ORD-0086836,R-0200,2025-09-09,30.65,app,pickup,completed
ORD-0086837,R-0200,2025-09-10,20.08,app,delivery,completed
ORD-0086838,R-0200,2025-09-27,18.95,app,delivery,completed
ORD-0086839,R-0200,2025-09-13,23.51,web,delivery,completed
ORD-0086840,R-0200,2025-09-20,52.69,app,delivery,completed
ORD-0086841,R-0200,2025-09-28,18.07,app,delivery,completed
ORD-0086842,R-0200,2025-09-14,25.96,app,pickup,completed
ORD-0086843,R-0200,2025-09-29,38.54,app,delivery,completed
ORD-0086844,R-0200,2025-09-26,16.21,web,delivery,completed
ORD-0086845,R-0200,2025-09-27,17.16,web,delivery,Completed
ORD-0086846,R-0200,2025-09-14,26.93,app,pickup,completed
ORD-0086847,R-0200,2025-09-22,31.62,web,delivery,completed
ORD-0086848,R-0200,2025-09-08,22.83,web,pickup,COMPLETED
ORD-0086849,R-0200,2025-09-12,23.57,web,pickup,completed
ORD-0086850,R-0200,2025-09-25,26.65,app,pickup,completed
ORD-0086851,R-0200,2025-09-02,22.24,app,pickup,completed
ORD-0086852,R-0200,2025-09-30,26.40,app,pickup,COMPLETED
ORD-0086853,R-0200,2025-09-19,25.35,app,delivery,completed
ORD-0086854,R-0200,2025-09-29,20.33,app,pickup,completed
ORD-0086855,R-0200,2025-09-27,29.84,web,delivery,completed
ORD-0086856,R-0200,2025-09-11,21.33,app,delivery,completed
ORD-0086857,R-0200,2025-09-12,18.25,app,pickup,completed
ORD-0086858,R-0200,2025-09-08,34.56,app,delivery,completed
ORD-0086859,R-0200,2025-09-22,32.08,web,pickup,completed
ORD-0086860,R-0200,2025-09-14,38.67,web,delivery,Completed
ORD-0086861,R-0200,2025-09-16,31.49,app,delivery,completed
ORD-0086862,R-0200,2025-09-24,32.05,app,pickup,completed
ORD-0086863,R-0200,2025-09-02,36.37,app,pickup,completed
ORD-0086864,R-0200,2025-09-28,26.55,web,pickup,completed
ORD-0086865,R-0200,2025-09-19,16.74,app,delivery,completed
ORD-0086866,R-0200,2025-09-05,26.78,app,delivery,completed
ORD-0086867,R-0200,2025-09-20,30.90,web,pickup,completed
ORD-0086868,R-0200,2025-09-28,30.31,app,delivery,completed
ORD-0087964,R-0202,2025-09-04,15.22,app,pickup,completed
ORD-0087965,R-0202,2025-09-26,27.39,web,pickup,cancelled
ORD-0087966,R-0202,2025-09-24,15.57,web,pickup,completed
ORD-0087967,R-0202,2025-09-06,31.55,web,delivery,COMPLETED
ORD-0087968,R-0202,2025-09-15,32.64,web,delivery,completed
ORD-0087969,R-0202,2025-09-20,18.47,web,delivery,completed
ORD-0087970,R-0202,2025-09-16,19.68,web,delivery,completed
ORD-0087971,R-0202,2025-09-25,26.26,web,delivery,completed
ORD-0087972,R-0202,2025-09-08,40.32,app,pickup,Completed
ORD-0087973,R-0202,2025-09-27,19.58,app,delivery,completed
ORD-0087974,R-0202,2025-09-12,31.47,web,pickup,completed
ORD-0087975,R-0202,2025-09-26,36.06,app,delivery,COMPLETED
ORD-0087976,R-0202,2025-09-20,21.91,app,delivery,completed
ORD-0087977,R-0202,2025-09-10,37.66,web,delivery,completed
ORD-0087978,R-0202,2025-09-08,36.17,web,delivery,completed
ORD-0087979,R-0202,2025-09-13,17.11,app,delivery,completed
ORD-0087980,R-0202,2025-09-13,16.59,app,delivery,COMPLETED
ORD-0087981,R-0202,2025-09-21,31.47,app,delivery,Completed
ORD-0087982,R-0202,2025-09-11,20.19,app,pickup,completed
ORD-0087983,R-0202,2025-09-13,21.74,web,delivery,Cancelled
ORD-0087984,R-0202,2025-09-13,9.66,web,delivery,completed
ORD-0087985,R-0202,2025-09-03,22.42,app,delivery,completed
ORD-0087986,R-0202,2025-09-06,34.50,web,pickup,completed
ORD-0087987,R-0202,2025-09-18,26.71,app,delivery,COMPLETED
ORD-0087988,R-0202,2025-09-07,34.87,app,delivery,completed
ORD-0087989,R-0202,2025-09-23,17.66,app,delivery,completed
ORD-0087990,R-0202,2025-09-26,33.31,app,delivery,completed
ORD-0087991,R-0202,2025-09-08,19.16,web,delivery,completed
ORD-0087992,R-0202,2025-09-23,32.91,web,delivery,completed
ORD-0087993,R-0202,2025-09-26,28.71,web,delivery,completed
ORD-0087994,R-0202,2025-09-05,20.79,web,pickup,completed
ORD-0087995,R-0202,2025-09-01,48.16,web,delivery,COMPLETED
ORD-0087996,R-0202,2025-09-15,16.76,web,delivery,cancelled
ORD-0087997,R-0202,2025-09-26,14.93,app,delivery,COMPLETED
ORD-0087998,R-0202,2025-09-17,35.57,app,delivery,completed
ORD-0087999,R-0202,2025-09-26,37.01,web,delivery,cancelled
ORD-0088000,R-0202,2025-09-22,26.75,app,delivery,Completed
ORD-0088001,R-0202,2025-09-15,33.75,app,delivery,refunded
ORD-0088002,R-0202,2025-09-04,35.86,web,delivery,completed
ORD-0088870,R-0204,2025-09-21,25.47,app,delivery,completed
ORD-0088871,R-0204,2025-09-19,24.03,app,delivery,completed
ORD-0088872,R-0204,2025-09-05,23.98,web,delivery,completed
ORD-0088873,R-0204,2025-09-19,25.30,web,pickup,completed
ORD-0088874,R-0204,2025-09-27,19.04,app,delivery,Completed
ORD-0088875,R-0204,2025-09-12,36.39,app,delivery,completed
ORD-0088876,R-0204,2025-09-16,35.69,app,delivery,completed
ORD-0088877,R-0204,2025-09-30,22.50,app,delivery,Completed
ORD-0088878,R-0204,2025-09-30,16.20,app,delivery,completed
ORD-0088879,R-0204,2025-09-13,23.76,web,delivery,completed
ORD-0088880,R-0204,2025-09-02,38.79,web,delivery,completed
ORD-0088881,R-0204,2025-09-30,34.87,web,delivery,completed
ORD-0088882,R-0204,2025-09-22,28.90,app,delivery,completed
ORD-0088883,R-0204,2025-09-12,31.74,web,delivery,completed
ORD-0088884,R-0204,2025-09-15,18.44,app,delivery,completed
ORD-0088885,R-0204,2025-09-07,19.01,web,delivery,COMPLETED
ORD-0088886,R-0204,2025-09-29,20.81,app,delivery,refunded
ORD-0088887,R-0204,2025-09-05,21.83,app,delivery,completed
ORD-0088888,R-0204,2025-09-21,23.04,web,delivery,completed
ORD-0088889,R-0204,2025-09-26,46.25,app,pickup,completed
ORD-0088890,R-0204,2025-09-12,34.27,web,delivery,completed
ORD-0088891,R-0204,2025-09-13,16.97,app,delivery,CANCELLED
ORD-0088892,R-0204,2025-09-28,44.87,web,pickup,completed
ORD-0088893,R-0204,2025-09-12,31.08,web,delivery,cancelled
ORD-0088894,R-0204,2025-09-11,25.74,app,pickup,completed
ORD-0088895,R-0204,2025-09-06,25.62,app,pickup,completed
ORD-0088896,R-0204,2025-09-19,36.96,app,pickup,completed
ORD-0088897,R-0204,2025-09-18,19.53,app,pickup,completed
ORD-0088898,R-0204,2025-09-07,52.81,app,delivery,completed
ORD-0088899,R-0204,2025-09-14,19.74,web,delivery,COMPLETED
ORD-0088900,R-0204,2025-09-22,26.03,web,pickup,completed
ORD-0088901,R-0204,2025-09-13,18.74,web,delivery,completed
ORD-0088902,R-0204,2025-09-28,19.21,web,delivery,completed
ORD-0088903,R-0204,2025-09-19,26.72,app,delivery,completed
ORD-0088904,R-0204,2025-09-12,22.04,app,pickup,completed
ORD-0088905,R-0204,2025-09-19,31.47,app,delivery,completed
ORD-0088906,R-0204,2025-09-23,22.82,app,delivery,completed
ORD-0088907,R-0204,2025-09-30,17.02,app,pickup,completed
ORD-0088908,R-0204,2025-09-29,23.37,web,delivery,completed
ORD-0088909,R-0204,2025-09-11,30.94,app,pickup,completed
ORD-0088910,R-0204,2025-09-04,21.55,app,delivery,completed
ORD-0088911,R-0204,2025-09-18,22.77,app,delivery,completed
ORD-0088912,R-0204,2025-09-04,31.47,web,delivery,completed
ORD-0088913,R-0204,2025-09-06,34.41,app,delivery,completed
ORD-0088914,R-0204,2025-09-01,50.69,web,delivery,completed
ORD-0088915,R-0204,2025-09-30,28.61,web,delivery,completed
ORD-0088916,R-0204,2025-09-25,25.66,web,delivery,completed
ORD-0088917,R-0204,2025-09-27,40.00,app,delivery,Completed
ORD-0088918,R-0204,2025-09-20,25.59,app,delivery,completed
ORD-0088919,R-0204,2025-09-17,30.17,app,delivery,completed
ORD-0088920,R-0204,2025-09-27,37.42,web,delivery,completed
ORD-0088921,R-0204,2025-09-21,20.02,app,delivery,completed
ORD-0088922,R-0204,2025-09-14,30.85,app,delivery,completed
ORD-0088923,R-0204,2025-09-12,32.74,app,delivery,cancelled
ORD-0088924,R-0204,2025-09-16,49.61,web,delivery,completed
ORD-0088925,R-0204,2025-09-19,50.14,app,pickup,completed
ORD-0088926,R-0204,2025-09-26,21.04,web,delivery,completed
ORD-0088927,R-0204,2025-09-14,43.39,web,delivery,Completed
ORD-0088928,R-0204,2025-09-10,18.75,web,delivery,completed
ORD-0088929,R-0204,2025-09-06,39.14,web,delivery,completed
ORD-0088930,R-0204,2025-09-07,31.21,web,delivery,cancelled
ORD-0088931,R-0204,2025-09-07,22.01,web,pickup,completed
ORD-0088932,R-0204,2025-09-04,31.20,app,delivery,completed
ORD-0088933,R-0204,2025-09-03,28.62,web,delivery,completed
ORD-0088934,R-0204,2025-09-06,35.68,app,pickup,completed
ORD-0088935,R-0204,2025-09-30,25.77,app,delivery,COMPLETED
ORD-0088936,R-0204,2025-09-10,27.48,app,delivery,completed
ORD-0088937,R-0204,2025-09-03,25.47,app,delivery,COMPLETED
ORD-0088938,R-0204,2025-09-06,18.14,web,delivery,completed
ORD-0088939,R-0204,2025-09-12,24.17,app,pickup,completed
ORD-0088940,R-0204,2025-09-29,15.36,app,delivery,completed
ORD-0088941,R-0204,2025-09-29,25.43,web,delivery,Completed
ORD-0088942,R-0204,2025-09-28,29.30,web,delivery,completed
ORD-0088943,R-0204,2025-09-12,27.71,app,delivery,completed
ORD-0088944,R-0204,2025-09-15,24.63,app,pickup,completed
ORD-0088945,R-0204,2025-09-05,28.52,web,delivery,completed
ORD-0088946,R-0204,2025-09-19,36.80,web,pickup,completed
ORD-0088947,R-0204,2025-09-30,17.84,app,pickup,completed
ORD-0088948,R-0204,2025-09-12,22.15,web,delivery,Completed
ORD-0088949,R-0204,2025-09-11,41.38,app,delivery,completed
ORD-0088950,R-0204,2025-09-23,18.55,app,pickup,completed
ORD-0088951,R-0204,2025-09-01,21.42,app,delivery,Completed
ORD-0088952,R-0204,2025-09-14,25.12,app,pickup,completed
ORD-0088953,R-0204,2025-09-23,21.53,web,delivery,completed
ORD-0088954,R-0204,2025-09-05,23.83,app,delivery,COMPLETED
ORD-0088955,R-0204,2025-09-28,28.93,app,delivery,cancelled
ORD-0088956,R-0204,2025-09-25,22.78,app,pickup,completed
ORD-0088957,R-0204,2025-09-08,37.74,app,delivery,cancelled
ORD-0088958,R-0204,2025-09-25,24.98,app,pickup,completed
ORD-0088959,R-0204,2025-09-09,26.99,app,delivery,Completed
ORD-0088960,R-0204,2025-09-04,29.93,web,pickup,completed
ORD-0088961,R-0204,2025-09-22,22.27,app,delivery,completed
ORD-0088962,R-0204,2025-09-22,43.57,app,delivery,completed
ORD-0088963,R-0204,2025-09-05,23.68,web,pickup,completed
ORD-0088964,R-0204,2025-09-24,32.80,app,delivery,completed
ORD-0088965,R-0204,2025-09-06,35.63,app,delivery,completed
ORD-0088966,R-0204,2025-09-13,22.11,app,delivery,COMPLETED
ORD-0088967,R-0204,2025-09-07,40.22,app,delivery,completed
ORD-0088968,R-0204,2025-09-30,25.54,app,delivery,completed
ORD-0088969,R-0204,2025-09-21,27.13,app,pickup,completed
ORD-0088970,R-0204,2025-09-09,31.73,app,delivery,completed
ORD-0088971,R-0204,2025-09-04,20.32,app,pickup,completed
ORD-0088972,R-0204,2025-09-27,31.28,app,delivery,completed
ORD-0088973,R-0204,2025-09-27,19.48,web,pickup,completed
ORD-0088974,R-0204,2025-09-23,30.51,app,pickup,completed
ORD-0088975,R-0204,2025-09-26,51.20,app,delivery,completed
ORD-0088976,R-0204,2025-09-19,35.16,app,delivery,completed
ORD-0088977,R-0204,2025-09-01,30.11,web,delivery,Completed
ORD-0088978,R-0204,2025-09-11,22.61,web,delivery,completed
ORD-0088979,R-0204,2025-09-20,43.08,app,delivery,completed
ORD-0088980,R-0204,2025-09-02,28.85,web,pickup,completed
ORD-0088981,R-0204,2025-09-13,22.05,app,pickup,completed
ORD-0088982,R-0204,2025-09-06,29.85,web,pickup,completed
ORD-0088983,R-0204,2025-09-27,44.74,app,delivery,completed
ORD-0091153,R-0207,2025-09-18,58.39,web,delivery,COMPLETED
ORD-0091154,R-0207,2025-09-06,53.89,web,delivery,completed
ORD-0091155,R-0207,2025-09-20,51.62,app,delivery,completed
ORD-0091156,R-0207,2025-09-04,97.76,app,pickup,completed
ORD-0091157,R-0207,2025-09-17,47.97,web,pickup,Completed
ORD-0091158,R-0207,2025-09-26,61.36,web,delivery,cancelled
ORD-0091159,R-0207,2025-09-05,38.37,app,delivery,completed
ORD-0091160,R-0207,2025-09-14,54.49,web,pickup,completed
ORD-0091161,R-0207,2025-09-13,72.16,app,pickup,completed
ORD-0091162,R-0207,2025-09-06,68.37,web,delivery,completed
ORD-0091163,R-0207,2025-09-20,64.89,web,pickup,completed
ORD-0091164,R-0207,2025-09-28,44.65,web,pickup,completed
ORD-0091165,R-0207,2025-09-05,42.91,web,delivery,completed
ORD-0091166,R-0207,2025-09-03,34.66,app,pickup,cancelled
ORD-0091167,R-0207,2025-09-01,111.94,app,pickup,completed
ORD-0091168,R-0207,2025-09-06,91.64,web,delivery,completed
ORD-0091169,R-0207,2025-09-22,60.40,app,delivery,completed
ORD-0091170,R-0207,2025-09-13,50.93,web,delivery,Completed
ORD-0091171,R-0207,2025-09-05,30.18,app,pickup,COMPLETED
ORD-0091172,R-0207,2025-09-08,42.64,app,pickup,completed
ORD-0091173,R-0207,2025-09-12,34.82,app,pickup,completed
ORD-0091174,R-0207,2025-09-12,58.78,web,pickup,completed
ORD-0091175,R-0207,2025-09-28,43.17,web,delivery,COMPLETED
ORD-0091176,R-0207,2025-09-27,51.81,web,delivery,completed
ORD-0091177,R-0207,2025-09-03,30.89,app,pickup,completed
ORD-0091424,R-0209,2025-09-22,24.43,web,pickup,completed
ORD-0091425,R-0209,2025-09-18,18.05,web,delivery,completed
ORD-0091426,R-0209,2025-09-16,15.52,web,delivery,completed
ORD-0091427,R-0209,2025-09-30,16.95,web,pickup,completed
ORD-0091428,R-0209,2025-09-27,31.40,web,pickup,completed
ORD-0091429,R-0209,2025-09-16,19.85,app,delivery,COMPLETED
ORD-0091430,R-0209,2025-09-21,16.19,web,delivery,completed
ORD-0091431,R-0209,2025-09-22,19.72,app,delivery,completed
ORD-0091432,R-0209,2025-09-19,26.53,web,delivery,completed
ORD-0091433,R-0209,2025-09-20,26.72,app,delivery,completed
ORD-0091434,R-0209,2025-09-26,16.74,app,delivery,completed
ORD-0091672,R-0210,2025-09-21,116.78,web,delivery,completed
ORD-0091673,R-0210,2025-09-29,80.34,app,delivery,completed
ORD-0091674,R-0210,2025-09-07,48.42,web,pickup,completed
ORD-0091675,R-0210,2025-09-01,73.61,web,delivery,completed
ORD-0091676,R-0210,2025-09-21,65.37,web,delivery,completed
ORD-0091677,R-0210,2025-09-29,93.36,app,delivery,completed
ORD-0091678,R-0210,2025-09-25,80.04,web,pickup,completed
ORD-0091679,R-0210,2025-09-11,47.19,app,pickup,cancelled
ORD-0091680,R-0210,2025-09-07,20.12,app,delivery,completed
ORD-0091681,R-0210,2025-09-21,49.23,web,pickup,completed
ORD-0091682,R-0210,2025-09-20,86.91,web,delivery,completed
ORD-0091683,R-0210,2025-09-21,66.37,web,pickup,completed
ORD-0091684,R-0210,2025-09-13,57.23,web,pickup,completed
ORD-0091685,R-0210,2025-09-11,44.58,web,delivery,Completed
ORD-0091686,R-0210,2025-09-05,62.08,app,delivery,Completed
ORD-0091687,R-0210,2025-09-19,29.31,web,delivery,completed
ORD-0091688,R-0210,2025-09-11,74.35,web,delivery,completed
ORD-0091689,R-0210,2025-09-05,78.03,web,delivery,completed
ORD-0091690,R-0210,2025-09-30,81.84,app,delivery,COMPLETED
ORD-0091691,R-0210,2025-09-19,53.11,app,delivery,COMPLETED
ORD-0091692,R-0210,2025-09-29,56.40,app,delivery,completed
ORD-0091693,R-0210,2025-09-20,67.55,web,pickup,completed
ORD-0091694,R-0210,2025-09-13,47.08,app,pickup,completed
ORD-0091695,R-0210,2025-09-09,56.65,app,delivery,completed
ORD-0091696,R-0210,2025-09-27,103.67,web,delivery,completed
ORD-0091697,R-0210,2025-09-26,53.47,web,delivery,completed
ORD-0091698,R-0210,2025-09-19,40.13,app,delivery,CANCELLED
ORD-0091699,R-0210,2025-09-29,91.13,web,delivery,completed
ORD-0091700,R-0210,2025-09-20,138.64,web,delivery,completed
ORD-0091701,R-0210,2025-09-18,45.72,app,delivery,refunded
ORD-0091702,R-0210,2025-09-15,49.96,web,delivery,completed
ORD-0091703,R-0210,2025-09-26,72.71,web,delivery,completed
ORD-0091704,R-0210,2025-09-30,77.99,app,delivery,COMPLETED
ORD-0091705,R-0210,2025-09-26,57.60,web,pickup,completed
ORD-0091706,R-0210,2025-09-07,42.34,app,pickup,completed
ORD-0091707,R-0210,2025-09-26,50.15,web,pickup,Completed
ORD-0091708,R-0210,2025-09-05,65.42,app,pickup,Completed
ORD-0091709,R-0210,2025-09-27,76.63,app,pickup,completed
ORD-0091710,R-0210,2025-09-05,120.42,web,pickup,completed
ORD-0091711,R-0210,2025-09-06,68.39,web,delivery,completed
ORD-0091712,R-0210,2025-09-22,31.05,web,pickup,completed
ORD-0091713,R-0210,2025-09-26,83.07,web,pickup,completed
ORD-0091714,R-0210,2025-09-18,51.33,web,delivery,completed
ORD-0091715,R-0210,2025-09-11,38.02,web,delivery,completed
ORD-0091716,R-0210,2025-09-11,84.55,web,pickup,completed
ORD-0091717,R-0210,2025-09-09,43.84,web,pickup,completed
ORD-0091718,R-0210,2025-09-06,55.22,web,delivery,completed
ORD-0091719,R-0210,2025-09-14,85.77,web,pickup,completed
ORD-0091720,R-0210,2025-09-05,66.31,web,delivery,completed
ORD-0091721,R-0210,2025-09-30,38.29,app,delivery,completed
ORD-0091722,R-0210,2025-09-21,49.31,web,pickup,completed
ORD-0091723,R-0210,2025-09-09,70.99,app,delivery,completed
ORD-0091724,R-0210,2025-09-08,85.19,app,pickup,completed
ORD-0091725,R-0210,2025-09-14,37.29,app,delivery,completed
ORD-0091726,R-0210,2025-09-09,61.50,app,pickup,completed
ORD-0091727,R-0210,2025-09-25,35.75,web,delivery,completed
ORD-0091728,R-0210,2025-09-17,46.37,web,delivery,completed
ORD-0091729,R-0210,2025-09-26,61.23,web,delivery,completed
ORD-0091730,R-0210,2025-09-22,67.99,web,pickup,COMPLETED
ORD-0091731,R-0210,2025-09-07,25.03,app,delivery,completed
ORD-0091732,R-0210,2025-09-20,55.96,web,pickup,cancelled
ORD-0091733,R-0210,2025-09-21,58.79,web,pickup,completed
ORD-0091734,R-0210,2025-09-26,96.51,app,pickup,completed
ORD-0091735,R-0210,2025-09-25,54.62,app,delivery,completed
ORD-0091736,R-0210,2025-09-12,78.28,app,pickup,completed
ORD-0091737,R-0210,2025-09-21,46.38,web,delivery,COMPLETED
ORD-0091738,R-0210,2025-09-22,39.84,web,delivery,completed
ORD-0091739,R-0210,2025-09-05,36.22,app,pickup,completed
ORD-0091740,R-0210,2025-09-30,69.95,app,delivery,completed
ORD-0091741,R-0210,2025-09-14,69.00,app,pickup,completed
ORD-0091742,R-0210,2025-09-17,58.11,web,pickup,completed
ORD-0091743,R-0210,2025-09-04,25.41,web,pickup,completed
ORD-0091744,R-0210,2025-09-21,59.50,web,delivery,completed
ORD-0091745,R-0210,2025-09-16,56.88,app,delivery,completed
ORD-0091746,R-0210,2025-09-29,36.14,app,delivery,completed
ORD-0091747,R-0210,2025-09-25,64.32,web,delivery,completed
ORD-0091748,R-0210,2025-09-05,70.78,app,delivery,COMPLETED
ORD-0091749,R-0210,2025-09-12,89.04,web,pickup,completed
ORD-0091750,R-0210,2025-09-16,31.79,app,pickup,completed
ORD-0091751,R-0210,2025-09-07,46.77,web,delivery,completed
ORD-0091752,R-0210,2025-09-25,84.06,web,pickup,completed
ORD-0091753,R-0210,2025-09-27,78.43,web,delivery,completed
ORD-0091754,R-0210,2025-09-18,60.77,web,pickup,completed
ORD-0091755,R-0210,2025-09-13,51.47,app,delivery,completed
ORD-0091756,R-0210,2025-09-05,51.64,app,delivery,completed
ORD-0091757,R-0210,2025-09-17,67.27,web,pickup,completed
ORD-0091758,R-0210,2025-09-17,59.28,web,pickup,Completed
ORD-0091759,R-0210,2025-09-30,58.03,app,pickup,completed
ORD-0091760,R-0210,2025-09-25,66.05,web,pickup,COMPLETED
ORD-0091761,R-0210,2025-09-14,62.29,app,pickup,COMPLETED
ORD-0091762,R-0210,2025-09-07,60.25,app,pickup,completed
ORD-0091763,R-0210,2025-09-23,78.76,web,pickup,cancelled
ORD-0091764,R-0210,2025-09-15,35.89,web,delivery,completed
ORD-0091765,R-0210,2025-09-28,60.45,app,delivery,completed
ORD-0091766,R-0210,2025-09-18,31.53,app,delivery,completed
ORD-0091767,R-0210,2025-09-17,83.49,web,pickup,completed
ORD-0091768,R-0210,2025-09-29,51.05,app,delivery,completed
ORD-0091769,R-0210,2025-09-14,72.04,app,delivery,completed
ORD-0091770,R-0210,2025-09-15,31.15,app,delivery,completed
ORD-0091771,R-0210,2025-09-04,38.27,web,pickup,completed
ORD-0091772,R-0210,2025-09-04,65.92,app,pickup,completed
ORD-0091773,R-0210,2025-09-27,56.27,web,delivery,completed
ORD-0091774,R-0210,2025-09-27,39.50,web,delivery,completed
ORD-0091775,R-0210,2025-09-09,48.79,web,delivery,completed
ORD-0091776,R-0210,2025-09-26,41.60,web,delivery,cancelled
ORD-0091777,R-0210,2025-09-26,56.72,app,pickup,Completed
ORD-0091778,R-0210,2025-09-06,110.16,app,pickup,completed
ORD-0091779,R-0210,2025-09-01,67.43,web,delivery,completed
ORD-0091780,R-0210,2025-09-24,54.06,app,delivery,completed
ORD-0091781,R-0210,2025-09-06,61.48,app,pickup,completed
ORD-0091782,R-0210,2025-09-23,63.59,web,delivery,completed
ORD-0091783,R-0210,2025-09-25,36.78,web,delivery,COMPLETED
ORD-0091784,R-0210,2025-09-27,70.21,web,delivery,completed
ORD-0091785,R-0210,2025-09-27,83.94,app,pickup,completed
ORD-0091786,R-0210,2025-09-19,86.43,web,delivery,completed
ORD-0091787,R-0210,2025-09-01,54.40,web,delivery,completed
ORD-0091788,R-0210,2025-09-14,78.97,app,delivery,completed
ORD-0091789,R-0210,2025-09-19,37.45,web,pickup,completed
ORD-0091790,R-0210,2025-09-19,79.94,web,delivery,completed
ORD-0091791,R-0210,2025-09-28,44.51,web,delivery,completed
ORD-0091792,R-0210,2025-09-12,64.22,web,delivery,completed
ORD-0091793,R-0210,2025-09-10,60.15,app,delivery,completed
ORD-0091794,R-0210,2025-09-22,51.04,app,delivery,completed
ORD-0091795,R-0210,2025-09-28,29.92,app,delivery,completed
ORD-0091796,R-0210,2025-09-09,31.87,app,delivery,completed
ORD-0091797,R-0210,2025-09-24,36.93,web,pickup,completed
ORD-0091798,R-0210,2025-09-28,44.95,app,delivery,refunded
ORD-0091799,R-0210,2025-09-22,55.31,app,delivery,completed
ORD-0091800,R-0210,2025-09-02,75.42,app,pickup,completed
ORD-0091801,R-0210,2025-09-26,43.40,app,delivery,completed
ORD-0091802,R-0210,2025-09-21,102.56,app,pickup,completed
ORD-0091803,R-0210,2025-09-10,75.57,app,delivery,completed
ORD-0091804,R-0210,2025-09-20,133.20,app,pickup,completed
ORD-0091805,R-0210,2025-09-11,116.41,app,pickup,completed
ORD-0091806,R-0210,2025-09-11,85.70,web,delivery,completed
ORD-0091807,R-0210,2025-09-12,42.14,web,pickup,completed
ORD-0093681,R-0211,2025-09-16,30.09,app,delivery,completed
ORD-0093682,R-0211,2025-09-10,25.41,app,delivery,Completed
ORD-0093683,R-0211,2025-09-08,21.33,app,pickup,completed
ORD-0093684,R-0211,2025-09-18,13.58,app,pickup,Completed
ORD-0093685,R-0211,2025-09-26,18.61,app,pickup,cancelled
ORD-0093686,R-0211,2025-09-23,16.88,app,pickup,completed
ORD-0093687,R-0211,2025-09-07,42.80,web,pickup,completed
ORD-0093688,R-0211,2025-09-02,17.15,web,delivery,completed
ORD-0093689,R-0211,2025-09-28,31.04,app,pickup,completed
ORD-0093690,R-0211,2025-09-20,19.88,web,pickup,COMPLETED
ORD-0093691,R-0211,2025-09-19,23.28,web,delivery,completed
ORD-0093692,R-0211,2025-09-13,40.68,app,delivery,completed
ORD-0093693,R-0211,2025-09-09,16.12,app,delivery,completed
ORD-0093694,R-0211,2025-09-10,17.24,app,pickup,completed
ORD-0093695,R-0211,2025-09-30,18.65,web,delivery,Completed
ORD-0093696,R-0211,2025-09-30,23.84,app,delivery,completed
ORD-0093697,R-0211,2025-09-14,38.91,app,delivery,completed
ORD-0093698,R-0211,2025-09-23,22.51,app,delivery,Completed
ORD-0093699,R-0211,2025-09-13,24.96,web,delivery,completed
ORD-0093700,R-0211,2025-09-08,24.84,web,delivery,completed
ORD-0093701,R-0211,2025-09-12,40.42,app,delivery,completed
ORD-0093702,R-0211,2025-09-02,19.23,app,delivery,completed
ORD-0093703,R-0211,2025-09-25,18.48,app,delivery,completed
ORD-0093704,R-0211,2025-09-19,25.10,app,pickup,completed
ORD-0093705,R-0211,2025-09-05,19.13,app,delivery,completed
ORD-0093706,R-0211,2025-09-21,36.69,app,delivery,completed
ORD-0093707,R-0211,2025-09-29,26.13,web,delivery,completed
ORD-0093708,R-0211,2025-09-04,18.23,web,delivery,cancelled
ORD-0093709,R-0211,2025-09-23,35.14,app,delivery,completed
ORD-0093710,R-0211,2025-09-27,33.61,web,delivery,completed
ORD-0093711,R-0211,2025-09-15,21.23,app,delivery,completed
ORD-0093712,R-0211,2025-09-13,39.79,app,delivery,completed
ORD-0093713,R-0211,2025-09-12,39.07,app,delivery,CANCELLED
ORD-0093714,R-0211,2025-09-20,45.46,app,delivery,completed
ORD-0093715,R-0211,2025-09-21,26.14,app,pickup,completed
ORD-0093716,R-0211,2025-09-28,17.28,web,delivery,completed
ORD-0093717,R-0211,2025-09-10,24.32,web,delivery,completed
ORD-0093718,R-0211,2025-09-26,34.75,web,delivery,completed
ORD-0093719,R-0211,2025-09-18,22.52,web,delivery,completed
ORD-0093720,R-0211,2025-09-08,29.89,app,delivery,completed
ORD-0094662,R-0214,2025-09-07,27.50,app,delivery,completed
ORD-0094663,R-0214,2025-09-13,27.41,web,delivery,completed
ORD-0094664,R-0214,2025-09-15,27.84,web,pickup,completed
ORD-0094665,R-0214,2025-09-24,12.24,web,pickup,completed
ORD-0094666,R-0214,2025-09-14,21.06,web,pickup,completed
ORD-0094667,R-0214,2025-09-22,31.38,web,delivery,completed
ORD-0094668,R-0214,2025-09-14,19.20,web,pickup,completed
ORD-0094669,R-0214,2025-09-06,29.23,web,delivery,completed
ORD-0094670,R-0214,2025-09-30,31.07,app,pickup,completed
ORD-0094671,R-0214,2025-09-13,13.06,web,delivery,Completed
ORD-0094672,R-0214,2025-09-25,19.21,web,pickup,completed
ORD-0094673,R-0214,2025-09-13,31.39,web,delivery,completed
ORD-0094674,R-0214,2025-09-07,26.53,app,delivery,completed
ORD-0094675,R-0214,2025-09-27,34.20,web,delivery,completed
ORD-0094676,R-0214,2025-09-26,31.29,web,pickup,completed
ORD-0094677,R-0214,2025-09-14,11.58,app,delivery,completed
ORD-0094678,R-0214,2025-09-27,13.51,web,pickup,Completed
ORD-0094679,R-0214,2025-09-12,23.91,web,delivery,completed
ORD-0094680,R-0214,2025-09-13,46.18,web,pickup,completed
ORD-0094681,R-0214,2025-09-12,37.60,app,pickup,completed
ORD-0094682,R-0214,2025-09-12,11.56,app,pickup,completed
ORD-0094683,R-0214,2025-09-12,16.59,web,pickup,completed
ORD-0094684,R-0214,2025-09-20,22.94,web,pickup,completed
ORD-0094685,R-0214,2025-09-14,36.97,web,pickup,completed
ORD-0094686,R-0214,2025-09-17,24.66,web,delivery,completed
ORD-0094687,R-0214,2025-09-21,29.66,web,delivery,completed
ORD-0094688,R-0214,2025-09-11,36.87,app,pickup,completed
ORD-0094689,R-0214,2025-09-28,28.91,web,delivery,completed
ORD-0094690,R-0214,2025-09-20,30.72,web,pickup,completed
ORD-0094691,R-0214,2025-09-25,24.45,app,pickup,completed
ORD-0094692,R-0214,2025-09-21,34.84,web,pickup,completed
ORD-0094693,R-0214,2025-09-20,15.69,web,pickup,Completed
ORD-0094694,R-0214,2025-09-09,16.47,web,delivery,completed
ORD-0094695,R-0214,2025-09-20,22.09,app,pickup,completed
ORD-0094696,R-0214,2025-09-30,20.50,web,delivery,COMPLETED
ORD-0094697,R-0214,2025-09-06,27.56,web,pickup,completed
ORD-0094698,R-0214,2025-09-06,36.29,web,delivery,completed
ORD-0094699,R-0214,2025-09-13,33.70,web,delivery,completed
ORD-0094700,R-0214,2025-09-12,32.94,web,pickup,COMPLETED
ORD-0094701,R-0214,2025-09-24,29.20,app,delivery,completed
ORD-0094702,R-0214,2025-09-12,20.59,web,delivery,completed
ORD-0094703,R-0214,2025-09-16,49.53,app,pickup,completed
ORD-0094704,R-0214,2025-09-24,24.72,web,delivery,completed
ORD-0094705,R-0214,2025-09-19,30.88,web,pickup,completed
ORD-0096895,R-0218,2025-09-09,22.67,web,delivery,completed
ORD-0096896,R-0218,2025-09-22,31.64,app,delivery,completed
ORD-0096897,R-0218,2025-09-06,29.32,web,pickup,completed
ORD-0096898,R-0218,2025-09-12,37.67,app,delivery,completed
ORD-0096899,R-0218,2025-09-26,15.30,app,delivery,completed
ORD-0096900,R-0218,2025-09-12,31.77,app,pickup,completed
ORD-0096901,R-0218,2025-09-06,22.57,app,delivery,COMPLETED
ORD-0096902,R-0218,2025-09-20,41.16,app,delivery,completed
ORD-0096903,R-0218,2025-09-17,51.45,web,delivery,Completed
ORD-0096904,R-0218,2025-09-22,11.85,app,delivery,completed
ORD-0096905,R-0218,2025-09-30,22.40,app,delivery,refunded
ORD-0096906,R-0218,2025-09-05,18.43,web,delivery,completed
ORD-0096907,R-0218,2025-09-09,27.85,app,delivery,completed
ORD-0096908,R-0218,2025-09-02,10.42,app,delivery,completed
ORD-0096909,R-0218,2025-09-27,13.25,web,pickup,completed
ORD-0096910,R-0218,2025-09-28,20.41,app,delivery,completed
ORD-0096911,R-0218,2025-09-12,27.26,app,delivery,COMPLETED
ORD-0096912,R-0218,2025-09-07,7.80,web,pickup,COMPLETED
ORD-0096913,R-0218,2025-09-22,27.51,web,delivery,completed
ORD-0096914,R-0218,2025-09-04,15.64,web,delivery,completed
ORD-0096915,R-0218,2025-09-11,15.67,web,pickup,completed
ORD-0096916,R-0218,2025-09-06,12.89,app,delivery,completed
ORD-0096917,R-0218,2025-09-27,14.96,web,delivery,completed
ORD-0096918,R-0218,2025-09-14,23.26,web,delivery,completed
ORD-0096919,R-0218,2025-09-30,51.22,app,pickup,completed
ORD-0096920,R-0218,2025-09-13,7.04,web,delivery,completed
ORD-0096921,R-0218,2025-09-02,38.92,web,pickup,completed
ORD-0096922,R-0218,2025-09-05,32.95,app,delivery,Completed
ORD-0096923,R-0218,2025-09-04,26.90,web,delivery,completed
ORD-0096924,R-0218,2025-09-18,20.56,app,delivery,completed
ORD-0096925,R-0218,2025-09-07,28.39,web,delivery,completed
ORD-0096926,R-0218,2025-09-11,29.35,app,delivery,cancelled
ORD-0096927,R-0218,2025-09-25,20.29,app,delivery,completed
ORD-0096928,R-0218,2025-09-28,32.61,web,pickup,COMPLETED
ORD-0096929,R-0218,2025-09-27,25.82,web,delivery,completed
ORD-0096930,R-0218,2025-09-20,19.88,web,delivery,completed
ORD-0096931,R-0218,2025-09-12,18.72,app,pickup,completed
ORD-0096932,R-0218,2025-09-25,33.47,web,pickup,Cancelled
ORD-0096933,R-0218,2025-09-10,21.42,web,pickup,completed
ORD-0096934,R-0218,2025-09-20,17.18,app,delivery,COMPLETED
ORD-0096935,R-0218,2025-09-25,7.31,web,delivery,completed
ORD-0096936,R-0218,2025-09-04,15.27,web,delivery,completed
ORD-0096937,R-0218,2025-09-09,14.95,app,pickup,completed
ORD-0096938,R-0218,2025-09-07,31.81,app,pickup,completed
ORD-0096939,R-0218,2025-09-15,30.26,app,pickup,completed
ORD-0096940,R-0218,2025-09-10,31.49,app,pickup,completed
ORD-0096941,R-0218,2025-09-22,17.77,web,pickup,COMPLETED
ORD-0096942,R-0218,2025-09-25,26.90,web,pickup,COMPLETED
ORD-0096943,R-0218,2025-09-06,11.57,app,delivery,completed
ORD-0096944,R-0218,2025-09-19,21.45,app,delivery,completed
ORD-0096945,R-0218,2025-09-27,33.96,app,pickup,completed
ORD-0096946,R-0218,2025-09-11,26.12,web,delivery,completed
ORD-0096947,R-0218,2025-09-14,34.01,app,delivery,completed
ORD-0096948,R-0218,2025-09-26,11.95,web,delivery,completed
ORD-0096949,R-0218,2025-09-11,28.34,app,delivery,completed
ORD-0096950,R-0218,2025-09-18,18.42,web,delivery,completed
ORD-0096951,R-0218,2025-09-15,29.63,web,pickup,completed
ORD-0096952,R-0218,2025-09-25,15.88,app,delivery,completed
ORD-0096953,R-0218,2025-09-20,35.29,web,delivery,completed
ORD-0096954,R-0218,2025-09-22,17.88,web,delivery,completed
ORD-0096955,R-0218,2025-09-09,26.25,app,pickup,Completed
ORD-0096956,R-0218,2025-09-07,33.26,app,pickup,completed
ORD-0096957,R-0218,2025-09-28,40.10,app,pickup,completed
ORD-0096958,R-0218,2025-09-15,38.06,app,delivery,completed
ORD-0096959,R-0218,2025-09-19,16.10,app,delivery,Completed
ORD-0096960,R-0218,2025-09-06,32.07,web,delivery,completed
ORD-0096961,R-0218,2025-09-05,21.00,web,delivery,completed
ORD-0096962,R-0218,2025-09-21,16.57,web,delivery,completed
ORD-0096963,R-0218,2025-09-13,33.96,web,delivery,completed
ORD-0096964,R-0218,2025-09-05,30.63,app,delivery,Completed
ORD-0096965,R-0218,2025-09-20,25.09,app,pickup,completed
ORD-0096966,R-0218,2025-09-28,25.82,app,delivery,completed
ORD-0096967,R-0218,2025-09-27,21.41,app,pickup,completed
ORD-0096968,R-0218,2025-09-09,21.33,app,pickup,completed
ORD-0096969,R-0218,2025-09-11,23.04,web,delivery,completed
ORD-0096970,R-0218,2025-09-27,47.58,app,delivery,completed
ORD-0096971,R-0218,2025-09-15,23.44,web,delivery,completed
ORD-0099366,R-0223,2025-09-09,26.94,app,pickup,Completed
ORD-0099367,R-0223,2025-09-27,20.31,web,delivery,completed
ORD-0099368,R-0223,2025-09-27,29.73,app,delivery,completed
ORD-0099369,R-0223,2025-09-29,28.74,app,delivery,completed
ORD-0099370,R-0223,2025-09-26,20.86,app,delivery,COMPLETED
ORD-0099371,R-0223,2025-09-02,54.99,web,delivery,completed
ORD-0099372,R-0223,2025-09-20,19.99,web,delivery,completed
ORD-0099373,R-0223,2025-09-30,20.02,web,delivery,completed
ORD-0099374,R-0223,2025-09-08,26.55,app,delivery,Completed
ORD-0099375,R-0223,2025-09-05,29.12,web,delivery,cancelled
ORD-0099376,R-0223,2025-09-01,15.15,web,delivery,COMPLETED
ORD-0099377,R-0223,2025-09-25,17.50,web,delivery,COMPLETED
ORD-0099378,R-0223,2025-09-14,10.86,app,pickup,completed
ORD-0099379,R-0223,2025-09-24,16.52,web,delivery,completed
ORD-0099380,R-0223,2025-09-04,28.47,app,pickup,completed
ORD-0099381,R-0223,2025-09-16,30.44,web,delivery,completed
ORD-0099382,R-0223,2025-09-17,26.97,app,delivery,completed
ORD-0099383,R-0223,2025-09-04,21.59,web,delivery,completed
ORD-0099384,R-0223,2025-09-23,19.39,app,pickup,completed
ORD-0099385,R-0223,2025-09-01,19.97,app,pickup,COMPLETED
ORD-0099386,R-0223,2025-09-02,26.14,web,delivery,completed
ORD-0099387,R-0223,2025-09-23,14.36,app,delivery,completed
ORD-0099388,R-0223,2025-09-05,18.80,web,delivery,completed
ORD-0099389,R-0223,2025-09-19,36.26,web,delivery,completed
ORD-0099390,R-0223,2025-09-30,18.72,app,delivery,Completed
ORD-0099391,R-0223,2025-09-05,24.90,web,pickup,completed
ORD-0099392,R-0223,2025-09-09,20.72,web,pickup,completed
ORD-0099393,R-0223,2025-09-18,17.34,app,delivery,completed
ORD-0099394,R-0223,2025-09-12,22.17,web,delivery,completed
ORD-0099395,R-0223,2025-09-11,35.40,app,delivery,completed
ORD-0099396,R-0223,2025-09-06,45.49,web,delivery,completed
ORD-0099397,R-0223,2025-09-27,23.81,app,delivery,completed
ORD-0099398,R-0223,2025-09-08,34.84,app,delivery,completed
ORD-0099399,R-0223,2025-09-04,19.26,web,delivery,completed
ORD-0099400,R-0223,2025-09-12,14.99,web,delivery,completed
ORD-0099401,R-0223,2025-09-14,33.64,app,delivery,completed
ORD-0099402,R-0223,2025-09-14,27.41,app,delivery,completed
ORD-0099403,R-0223,2025-09-18,24.74,web,pickup,COMPLETED
ORD-0099404,R-0223,2025-09-11,30.58,web,delivery,completed
ORD-0099405,R-0223,2025-09-17,18.43,app,delivery,completed
ORD-0099406,R-0223,2025-09-07,29.77,web,delivery,Completed
ORD-0099900,R-0224,2025-09-28,65.14,app,delivery,completed
ORD-0099901,R-0224,2025-09-04,58.44,web,delivery,completed
ORD-0099902,R-0224,2025-09-30,91.81,web,delivery,COMPLETED
ORD-0099903,R-0224,2025-09-08,37.52,web,pickup,completed
ORD-0099904,R-0224,2025-09-07,89.94,web,delivery,completed
ORD-0099905,R-0224,2025-09-04,60.33,app,pickup,COMPLETED
ORD-0099906,R-0224,2025-09-26,74.10,web,delivery,completed
ORD-0099907,R-0224,2025-09-18,69.79,web,pickup,completed
ORD-0099908,R-0224,2025-09-25,54.93,web,pickup,completed
ORD-0099909,R-0224,2025-09-03,48.26,web,pickup,COMPLETED
ORD-0099910,R-0224,2025-09-10,41.81,app,pickup,completed
ORD-0099911,R-0224,2025-09-03,46.32,web,delivery,completed
ORD-0099912,R-0224,2025-09-05,69.11,web,delivery,completed
ORD-0099913,R-0224,2025-09-23,100.23,app,delivery,completed
ORD-0099914,R-0224,2025-09-16,63.87,web,delivery,completed
ORD-0099915,R-0224,2025-09-04,28.84,web,delivery,completed
ORD-0099916,R-0224,2025-09-02,71.14,web,pickup,completed
ORD-0099917,R-0224,2025-09-14,52.31,web,pickup,completed
ORD-0099918,R-0224,2025-09-27,79.84,web,pickup,Completed
ORD-0099919,R-0224,2025-09-28,62.93,app,pickup,completed
ORD-0099920,R-0224,2025-09-01,39.98,web,pickup,completed
ORD-0099921,R-0224,2025-09-29,62.24,web,delivery,completed
ORD-0099922,R-0224,2025-09-12,53.59,app,pickup,completed
ORD-0099923,R-0224,2025-09-11,52.13,web,delivery,completed
ORD-0099924,R-0224,2025-09-03,62.62,app,pickup,COMPLETED
ORD-0099925,R-0224,2025-09-04,56.66,web,delivery,completed
ORD-0099926,R-0224,2025-09-12,103.95,web,delivery,completed
ORD-0099927,R-0224,2025-09-15,64.80,app,delivery,completed
ORD-0099928,R-0224,2025-09-21,53.04,web,pickup,Refunded
ORD-0101153,R-0227,2025-09-30,39.49,web,delivery,completed
ORD-0101154,R-0227,2025-09-26,32.46,web,pickup,completed
ORD-0101155,R-0227,2025-09-11,47.30,app,delivery,completed
ORD-0101156,R-0227,2025-09-19,34.47,web,delivery,completed
ORD-0101157,R-0227,2025-09-05,27.86,app,delivery,completed
ORD-0101158,R-0227,2025-09-20,55.68,app,delivery,completed
ORD-0101159,R-0227,2025-09-20,44.34,app,delivery,completed
ORD-0101160,R-0227,2025-09-05,49.63,app,delivery,completed
ORD-0101161,R-0227,2025-09-01,59.21,web,delivery,completed
ORD-0101162,R-0227,2025-09-03,25.42,app,pickup,completed
ORD-0101163,R-0227,2025-09-20,57.73,app,pickup,completed
ORD-0101164,R-0227,2025-09-12,26.36,app,delivery,completed
ORD-0101165,R-0227,2025-09-27,32.35,app,delivery,completed
ORD-0101166,R-0227,2025-09-17,60.13,app,delivery,completed
ORD-0101167,R-0227,2025-09-04,47.18,web,pickup,completed
ORD-0101168,R-0227,2025-09-12,56.35,app,delivery,completed
ORD-0101169,R-0227,2025-09-01,39.69,app,pickup,completed
ORD-0101170,R-0227,2025-09-16,20.87,app,delivery,Completed
ORD-0101171,R-0227,2025-09-26,42.39,web,delivery,COMPLETED
ORD-0101172,R-0227,2025-09-09,43.16,app,delivery,Completed
ORD-0101173,R-0227,2025-09-21,30.05,web,pickup,completed
ORD-0101174,R-0227,2025-09-01,23.64,web,delivery,completed
ORD-0101175,R-0227,2025-09-10,34.22,app,delivery,completed
ORD-0101176,R-0227,2025-09-23,32.97,web,delivery,completed
ORD-0101177,R-0227,2025-09-14,41.30,app,delivery,COMPLETED
ORD-0101178,R-0227,2025-09-12,44.64,app,delivery,completed
ORD-0101179,R-0227,2025-09-03,45.60,web,delivery,completed
ORD-0101180,R-0227,2025-09-21,65.14,web,delivery,COMPLETED
ORD-0101181,R-0227,2025-09-10,31.67,app,pickup,completed
ORD-0101182,R-0227,2025-09-16,61.48,web,pickup,completed
ORD-0101183,R-0227,2025-09-30,55.45,web,delivery,completed
ORD-0101184,R-0227,2025-09-06,41.03,app,pickup,completed
ORD-0101185,R-0227,2025-09-02,26.34,web,delivery,completed
ORD-0101186,R-0227,2025-09-13,57.81,app,delivery,completed
ORD-0101187,R-0227,2025-09-26,46.72,app,pickup,cancelled
ORD-0101188,R-0227,2025-09-26,59.16,app,delivery,completed
ORD-0101189,R-0227,2025-09-27,29.09,app,delivery,completed
ORD-0101190,R-0227,2025-09-28,56.75,app,pickup,completed
ORD-0101203,R-0228,2025-09-04,18.67,app,pickup,completed
ORD-0101204,R-0228,2025-09-05,18.09,web,delivery,completed
ORD-0101205,R-0228,2025-09-13,19.30,app,delivery,completed
ORD-0101206,R-0228,2025-09-13,26.64,app,delivery,completed
ORD-0101207,R-0228,2025-09-26,22.66,app,delivery,completed
ORD-0101208,R-0228,2025-09-29,17.33,web,pickup,completed
ORD-0101209,R-0228,2025-09-13,15.59,app,pickup,COMPLETED
ORD-0101210,R-0228,2025-09-16,14.26,web,pickup,Completed
ORD-0101211,R-0228,2025-09-14,8.57,app,delivery,completed
ORD-0101212,R-0228,2025-09-25,13.90,web,delivery,cancelled
ORD-0101213,R-0228,2025-09-04,21.91,app,delivery,Completed
ORD-0101214,R-0228,2025-09-05,23.34,web,pickup,completed
ORD-0101215,R-0228,2025-09-28,18.61,app,pickup,Completed
ORD-0101216,R-0228,2025-09-19,11.45,app,delivery,completed
ORD-0101217,R-0228,2025-09-28,16.52,app,delivery,completed
ORD-0101218,R-0228,2025-09-11,19.43,app,delivery,completed
ORD-0101219,R-0228,2025-09-14,20.08,app,delivery,completed
ORD-0101220,R-0228,2025-09-21,43.62,app,delivery,completed
ORD-0101221,R-0228,2025-09-12,21.25,app,delivery,completed
ORD-0101222,R-0228,2025-09-23,14.54,app,delivery,completed
ORD-0101223,R-0228,2025-09-04,32.81,app,delivery,completed
ORD-0101224,R-0228,2025-09-07,17.51,app,delivery,Completed
ORD-0101225,R-0228,2025-09-29,8.94,app,pickup,completed
ORD-0101226,R-0228,2025-09-27,27.69,web,delivery,completed
ORD-0101227,R-0228,2025-09-17,21.82,web,delivery,completed
ORD-0101228,R-0228,2025-09-19,26.61,app,delivery,completed
ORD-0101229,R-0228,2025-09-04,17.57,app,pickup,completed
ORD-0101230,R-0228,2025-09-12,12.18,app,pickup,completed
ORD-0101231,R-0228,2025-09-16,14.84,app,delivery,completed
ORD-0101232,R-0228,2025-09-08,37.65,app,delivery,completed
ORD-0101233,R-0228,2025-09-22,17.27,app,pickup,completed
ORD-0101234,R-0228,2025-09-25,18.54,app,delivery,completed
ORD-0101235,R-0228,2025-09-11,8.88,app,delivery,completed
ORD-0101236,R-0228,2025-09-21,9.13,app,pickup,completed
ORD-0101237,R-0228,2025-09-09,21.79,web,pickup,completed
ORD-0101979,R-0232,2025-09-24,29.01,app,delivery,completed
ORD-0101980,R-0232,2025-09-28,15.31,app,pickup,completed
ORD-0101981,R-0232,2025-09-30,26.73,app,pickup,completed
ORD-0101982,R-0232,2025-09-25,19.63,app,delivery,completed
ORD-0101983,R-0232,2025-09-12,23.60,app,delivery,completed
ORD-0101984,R-0232,2025-09-12,31.83,app,delivery,Completed
ORD-0101985,R-0232,2025-09-13,9.24,app,pickup,COMPLETED
ORD-0101986,R-0232,2025-09-05,14.70,app,delivery,completed
ORD-0101987,R-0232,2025-09-14,43.20,app,delivery,completed
ORD-0101988,R-0232,2025-09-20,12.21,web,delivery,completed
ORD-0101989,R-0232,2025-09-02,17.88,app,pickup,completed
ORD-0101990,R-0232,2025-09-03,15.72,app,delivery,completed
ORD-0101991,R-0232,2025-09-21,25.87,app,delivery,completed
ORD-0101992,R-0232,2025-09-27,20.00,web,delivery,completed
ORD-0101993,R-0232,2025-09-06,11.97,app,pickup,completed
ORD-0101994,R-0232,2025-09-30,30.95,app,delivery,completed
ORD-0101995,R-0232,2025-09-03,27.87,app,pickup,completed
ORD-0101996,R-0232,2025-09-13,30.50,app,delivery,completed
ORD-0101997,R-0232,2025-09-12,20.63,app,delivery,completed
ORD-0101998,R-0232,2025-09-27,16.64,web,pickup,Completed
ORD-0101999,R-0232,2025-09-07,13.64,web,delivery,completed
ORD-0102000,R-0232,2025-09-02,23.54,app,delivery,completed
ORD-0102001,R-0232,2025-09-26,17.44,web,delivery,completed
ORD-0102002,R-0232,2025-09-05,18.10,web,delivery,completed
ORD-0102003,R-0232,2025-09-03,21.39,app,delivery,cancelled
ORD-0102004,R-0232,2025-09-27,20.14,web,delivery,completed
ORD-0102005,R-0232,2025-09-25,17.75,app,pickup,Completed
ORD-0102006,R-0232,2025-09-01,15.63,web,delivery,completed
ORD-0102007,R-0232,2025-09-18,25.44,app,delivery,completed
ORD-0102008,R-0232,2025-09-17,14.04,web,pickup,completed
ORD-0102009,R-0232,2025-09-28,24.03,app,delivery,completed
ORD-0102010,R-0232,2025-09-15,17.97,app,delivery,completed
ORD-0102011,R-0232,2025-09-22,23.60,app,delivery,completed
ORD-0102012,R-0232,2025-09-26,14.98,web,pickup,completed
ORD-0102013,R-0232,2025-09-19,20.37,web,delivery,Completed
ORD-0102014,R-0232,2025-09-25,21.19,app,delivery,completed
ORD-0102015,R-0232,2025-09-20,13.05,web,delivery,completed
ORD-0102016,R-0232,2025-09-06,17.45,app,pickup,Completed
ORD-0102017,R-0232,2025-09-28,22.92,app,delivery,Completed
ORD-0102018,R-0232,2025-09-13,18.86,web,delivery,completed
ORD-0102019,R-0232,2025-09-29,14.56,web,delivery,completed
ORD-0102020,R-0232,2025-09-29,28.84,app,delivery,completed
ORD-0102021,R-0232,2025-09-17,14.44,app,delivery,completed
ORD-0102022,R-0232,2025-09-18,13.05,web,pickup,completed
ORD-0102023,R-0232,2025-09-20,16.42,app,pickup,completed
ORD-0102024,R-0232,2025-09-18,11.07,app,delivery,completed
ORD-0102025,R-0232,2025-09-09,22.80,app,delivery,completed
ORD-0102026,R-0232,2025-09-21,45.81,app,delivery,COMPLETED
ORD-0102027,R-0232,2025-09-25,18.98,web,delivery,completed
ORD-0102028,R-0232,2025-09-10,15.82,app,delivery,COMPLETED
ORD-0102029,R-0232,2025-09-11,15.00,app,delivery,completed
ORD-0102030,R-0232,2025-09-24,12.19,app,pickup,refunded
ORD-0102031,R-0232,2025-09-14,41.53,app,pickup,completed
ORD-0102032,R-0232,2025-09-09,24.21,app,delivery,Completed
ORD-0102033,R-0232,2025-09-27,27.29,app,delivery,completed
ORD-0102034,R-0232,2025-09-13,20.41,app,delivery,completed
ORD-0102035,R-0232,2025-09-02,41.72,web,delivery,completed
ORD-0102036,R-0232,2025-09-30,22.18,app,delivery,completed
ORD-0102037,R-0232,2025-09-26,44.22,app,delivery,completed
ORD-0102038,R-0232,2025-09-06,15.74,web,delivery,completed
ORD-0102039,R-0232,2025-09-15,13.44,app,pickup,completed
ORD-0102040,R-0232,2025-09-21,30.90,app,delivery,completed
ORD-0102041,R-0232,2025-09-27,36.94,app,delivery,completed
ORD-0102042,R-0232,2025-09-18,39.37,app,pickup,completed
ORD-0102043,R-0232,2025-09-11,17.59,app,delivery,completed
ORD-0102044,R-0232,2025-09-11,18.51,app,pickup,completed
ORD-0102045,R-0232,2025-09-11,12.79,app,pickup,completed
ORD-0102046,R-0232,2025-09-14,23.56,web,delivery,completed
ORD-0102047,R-0232,2025-09-12,22.29,app,delivery,Completed
ORD-0102048,R-0232,2025-09-22,18.18,app,delivery,completed
ORD-0102049,R-0232,2025-09-27,24.36,app,delivery,completed
ORD-0102050,R-0232,2025-09-08,27.10,app,delivery,completed
ORD-0102051,R-0232,2025-09-13,26.70,web,delivery,completed
ORD-0102052,R-0232,2025-09-23,25.86,app,delivery,completed
ORD-0102053,R-0232,2025-09-15,15.75,app,delivery,completed
ORD-0102054,R-0232,2025-09-14,18.94,app,delivery,completed
ORD-0102055,R-0232,2025-09-13,22.04,web,delivery,COMPLETED
ORD-0102056,R-0232,2025-09-14,20.17,web,delivery,completed
ORD-0102057,R-0232,2025-09-25,29.10,app,delivery,completed
ORD-0102058,R-0232,2025-09-16,11.92,app,delivery,completed
ORD-0102059,R-0232,2025-09-27,32.63,app,delivery,completed
ORD-0102060,R-0232,2025-09-11,15.34,app,delivery,completed
ORD-0102061,R-0232,2025-09-13,18.40,app,delivery,completed
ORD-0102062,R-0232,2025-09-17,20.25,app,delivery,COMPLETED
ORD-0102063,R-0232,2025-09-14,24.82,web,delivery,completed
ORD-0102064,R-0232,2025-09-17,37.05,web,delivery,completed
ORD-0102065,R-0232,2025-09-14,27.22,web,delivery,completed
ORD-0102066,R-0232,2025-09-24,28.32,web,delivery,refunded
ORD-0102067,R-0232,2025-09-20,25.54,app,delivery,completed
ORD-0102068,R-0232,2025-09-20,50.11,web,pickup,completed
ORD-0102069,R-0232,2025-09-04,24.11,web,delivery,completed
ORD-0102070,R-0232,2025-09-05,24.24,web,pickup,refunded
ORD-0102071,R-0232,2025-09-29,21.17,app,pickup,completed
ORD-0102072,R-0232,2025-09-26,15.53,app,delivery,completed
ORD-0102073,R-0232,2025-09-21,24.33,app,pickup,completed
ORD-0102074,R-0232,2025-09-24,21.88,web,pickup,completed
ORD-0102075,R-0232,2025-09-03,23.43,app,pickup,Cancelled
ORD-0102076,R-0232,2025-09-08,14.26,app,delivery,completed
ORD-0102077,R-0232,2025-09-18,16.96,app,delivery,completed
ORD-0102078,R-0232,2025-09-01,16.31,web,delivery,completed
ORD-0102079,R-0232,2025-09-06,24.63,app,delivery,completed
ORD-0102080,R-0232,2025-09-27,14.67,app,pickup,completed
ORD-0102081,R-0232,2025-09-10,18.98,app,pickup,completed
ORD-0102082,R-0232,2025-09-26,22.68,web,delivery,completed
ORD-0102083,R-0232,2025-09-27,20.98,app,delivery,completed
ORD-0102084,R-0232,2025-09-10,16.56,app,delivery,completed
ORD-0102085,R-0232,2025-09-06,15.33,app,delivery,completed
ORD-0102086,R-0232,2025-09-21,21.30,app,delivery,Completed
ORD-0102087,R-0232,2025-09-30,15.44,app,delivery,completed
ORD-0102088,R-0232,2025-09-10,29.68,app,delivery,completed
ORD-0102089,R-0232,2025-09-04,19.15,app,pickup,completed
ORD-0102090,R-0232,2025-09-26,15.84,app,delivery,completed
ORD-0102091,R-0232,2025-09-04,18.88,app,delivery,completed
ORD-0102092,R-0232,2025-09-08,21.95,app,pickup,completed
ORD-0102093,R-0232,2025-09-30,13.80,web,pickup,Completed
ORD-0102094,R-0232,2025-09-22,16.68,app,pickup,Completed
ORD-0102095,R-0232,2025-09-22,13.65,web,pickup,completed
ORD-0102096,R-0232,2025-09-08,16.44,app,delivery,completed
ORD-0102097,R-0232,2025-09-19,20.90,app,delivery,completed
ORD-0102098,R-0232,2025-09-04,15.65,app,delivery,Completed
ORD-0102099,R-0232,2025-09-30,26.90,app,pickup,completed
ORD-0102100,R-0232,2025-09-06,18.92,app,delivery,completed
ORD-0102101,R-0232,2025-09-07,17.68,app,pickup,completed
ORD-0102102,R-0232,2025-09-16,33.60,web,delivery,completed
ORD-0102103,R-0232,2025-09-26,13.59,app,pickup,completed
ORD-0102104,R-0232,2025-09-06,18.89,app,delivery,completed
ORD-0102105,R-0232,2025-09-24,14.94,web,delivery,completed
ORD-0102106,R-0232,2025-09-13,19.62,app,delivery,Completed
ORD-0102107,R-0232,2025-09-04,19.40,web,delivery,completed
ORD-0102108,R-0232,2025-09-05,23.34,app,delivery,completed
ORD-0102109,R-0232,2025-09-28,36.58,app,delivery,completed
ORD-0102110,R-0232,2025-09-12,14.24,app,pickup,COMPLETED
ORD-0102111,R-0232,2025-09-13,34.37,app,pickup,COMPLETED
ORD-0102112,R-0232,2025-09-20,19.29,app,delivery,completed
ORD-0102113,R-0232,2025-09-12,24.97,app,pickup,completed
ORD-0102114,R-0232,2025-09-09,25.69,web,delivery,completed
ORD-0102115,R-0232,2025-09-04,16.54,app,pickup,completed
ORD-0102116,R-0232,2025-09-28,17.38,app,delivery,completed
ORD-0102117,R-0232,2025-09-21,34.42,web,pickup,completed
ORD-0102118,R-0232,2025-09-11,31.44,app,pickup,completed
ORD-0102119,R-0232,2025-09-19,12.60,web,delivery,COMPLETED
ORD-0102120,R-0232,2025-09-10,24.78,web,delivery,completed
ORD-0102121,R-0232,2025-09-28,16.63,app,delivery,completed
ORD-0102122,R-0232,2025-09-06,33.14,web,pickup,completed
ORD-0102123,R-0232,2025-09-05,22.54,web,pickup,completed
ORD-0102124,R-0232,2025-09-04,18.21,app,delivery,completed
ORD-0102125,R-0232,2025-09-23,21.02,app,delivery,completed
ORD-0102126,R-0232,2025-09-30,17.30,web,delivery,completed
ORD-0102127,R-0232,2025-09-15,19.62,app,delivery,completed
ORD-0102128,R-0232,2025-09-28,14.41,app,delivery,completed
ORD-0102129,R-0232,2025-09-21,17.37,app,delivery,completed
ORD-0102130,R-0232,2025-09-30,34.64,app,delivery,completed
ORD-0102131,R-0232,2025-09-30,14.64,app,delivery,completed
ORD-0102132,R-0232,2025-09-20,21.55,app,delivery,COMPLETED
ORD-0102133,R-0232,2025-09-03,30.62,web,delivery,completed
ORD-0102134,R-0232,2025-09-06,26.03,web,pickup,completed
ORD-0102135,R-0232,2025-09-18,23.83,app,delivery,completed
ORD-0102136,R-0232,2025-09-15,22.35,app,delivery,completed
ORD-0102137,R-0232,2025-09-27,10.24,app,delivery,COMPLETED
ORD-0102138,R-0232,2025-09-18,22.58,app,delivery,completed
ORD-0102139,R-0232,2025-09-11,23.10,web,delivery,completed
ORD-0102140,R-0232,2025-09-27,19.44,app,pickup,completed
ORD-0102141,R-0232,2025-09-08,25.35,app,delivery,completed
ORD-0102142,R-0232,2025-09-29,16.85,app,delivery,completed
ORD-0102143,R-0232,2025-09-26,17.43,web,delivery,completed
ORD-0102144,R-0232,2025-09-16,28.37,app,delivery,completed
ORD-0102145,R-0232,2025-09-18,22.89,app,delivery,completed
ORD-0102146,R-0232,2025-09-04,16.95,web,pickup,completed
ORD-0102147,R-0232,2025-09-30,10.49,web,pickup,completed
ORD-0102148,R-0232,2025-09-18,20.66,app,delivery,completed
ORD-0102149,R-0232,2025-09-12,20.45,app,delivery,COMPLETED
ORD-0102150,R-0232,2025-09-24,14.82,app,delivery,completed
ORD-0102151,R-0232,2025-09-19,21.00,app,delivery,completed
ORD-0102152,R-0232,2025-09-29,12.11,app,delivery,completed
ORD-0102153,R-0232,2025-09-11,21.28,web,pickup,completed
ORD-0102154,R-0232,2025-09-30,21.51,app,delivery,refunded
ORD-0102155,R-0232,2025-09-12,19.29,app,delivery,completed
ORD-0102156,R-0232,2025-09-21,11.91,app,pickup,completed
ORD-0102157,R-0232,2025-09-27,25.40,web,delivery,completed
ORD-0102158,R-0232,2025-09-15,17.92,app,pickup,cancelled
ORD-0102159,R-0232,2025-09-06,14.02,app,delivery,completed
ORD-0102160,R-0232,2025-09-09,12.44,app,pickup,cancelled
ORD-0102161,R-0232,2025-09-09,11.80,app,delivery,COMPLETED
ORD-0102162,R-0232,2025-09-09,38.29,app,delivery,completed
ORD-0102163,R-0232,2025-09-09,23.94,web,delivery,Completed
ORD-0102164,R-0232,2025-09-13,46.39,app,delivery,completed
ORD-0102165,R-0232,2025-09-28,14.78,app,delivery,completed
ORD-0102166,R-0232,2025-09-15,27.33,app,delivery,completed
ORD-0102167,R-0232,2025-09-22,27.65,app,delivery,completed
ORD-0102168,R-0232,2025-09-19,17.66,app,delivery,completed
ORD-0102169,R-0232,2025-09-05,19.23,app,delivery,completed
ORD-0102170,R-0232,2025-09-17,27.32,app,pickup,Refunded
ORD-0102171,R-0232,2025-09-19,23.92,app,pickup,COMPLETED
ORD-0102172,R-0232,2025-09-07,14.49,web,delivery,completed
ORD-0102173,R-0232,2025-09-24,18.72,web,delivery,completed
ORD-0102174,R-0232,2025-09-15,21.57,app,pickup,completed
ORD-0102175,R-0232,2025-09-09,21.78,app,delivery,completed
ORD-0102176,R-0232,2025-09-02,9.01,app,delivery,refunded
ORD-0102177,R-0232,2025-09-03,16.88,app,delivery,cancelled
ORD-0102178,R-0232,2025-09-20,41.85,app,delivery,completed
ORD-0102179,R-0232,2025-09-04,13.21,web,delivery,completed
ORD-0102180,R-0232,2025-09-03,24.26,app,delivery,completed
ORD-0102181,R-0232,2025-09-04,24.52,app,delivery,completed
ORD-0102182,R-0232,2025-09-19,18.00,app,delivery,Completed
ORD-0102183,R-0232,2025-09-28,21.24,web,delivery,completed
ORD-0105506,R-0236,2025-09-24,43.81,app,delivery,completed
ORD-0105507,R-0236,2025-09-04,24.31,app,delivery,COMPLETED
ORD-0105508,R-0236,2025-09-07,30.57,web,pickup,cancelled
ORD-0105509,R-0236,2025-09-18,24.41,web,delivery,completed
ORD-0105510,R-0236,2025-09-20,40.05,app,delivery,Completed
ORD-0105511,R-0236,2025-09-19,15.37,app,pickup,completed
ORD-0105512,R-0236,2025-09-24,31.17,web,delivery,COMPLETED
ORD-0105513,R-0236,2025-09-27,25.22,app,pickup,COMPLETED
ORD-0105514,R-0236,2025-09-28,18.40,web,delivery,completed
ORD-0105515,R-0236,2025-09-27,21.69,web,pickup,completed
ORD-0105516,R-0236,2025-09-13,42.61,app,delivery,completed
ORD-0105517,R-0236,2025-09-19,41.47,web,delivery,completed
ORD-0105518,R-0236,2025-09-01,22.89,web,delivery,completed
ORD-0105519,R-0236,2025-09-02,22.63,app,delivery,completed
ORD-0105520,R-0236,2025-09-04,29.26,app,delivery,completed
ORD-0105521,R-0236,2025-09-25,36.67,app,delivery,completed
ORD-0105522,R-0236,2025-09-27,19.03,app,delivery,completed
ORD-0105523,R-0236,2025-09-04,25.57,web,delivery,completed
ORD-0105524,R-0236,2025-09-08,33.30,web,delivery,COMPLETED
ORD-0105525,R-0236,2025-09-25,28.43,app,pickup,completed
ORD-0105526,R-0236,2025-09-06,24.35,app,pickup,completed
ORD-0105527,R-0236,2025-09-22,36.98,web,delivery,completed
ORD-0105528,R-0236,2025-09-06,44.99,web,delivery,completed
ORD-0105529,R-0236,2025-09-19,29.83,web,pickup,COMPLETED
ORD-0105530,R-0236,2025-09-11,34.92,app,delivery,completed
ORD-0105531,R-0236,2025-09-12,30.04,web,delivery,completed
ORD-0105532,R-0236,2025-09-15,38.48,app,delivery,completed
ORD-0105533,R-0236,2025-09-18,33.00,web,delivery,completed
ORD-0105534,R-0236,2025-09-18,27.02,app,pickup,completed
ORD-0105535,R-0236,2025-09-12,32.75,app,delivery,completed
ORD-0105536,R-0236,2025-09-17,20.25,web,delivery,completed
ORD-0105537,R-0236,2025-09-15,28.41,web,delivery,completed
ORD-0105538,R-0236,2025-09-30,33.23,web,delivery,Completed
ORD-0105539,R-0236,2025-09-19,22.62,app,pickup,completed
ORD-0106251,R-0239,2025-09-06,11.35,web,delivery,COMPLETED
ORD-0106252,R-0239,2025-09-19,24.68,web,delivery,completed
ORD-0106253,R-0239,2025-09-01,18.19,app,delivery,completed
ORD-0106254,R-0239,2025-09-29,18.83,app,delivery,completed
ORD-0106255,R-0239,2025-09-29,25.91,web,pickup,completed
ORD-0106256,R-0239,2025-09-26,22.44,app,delivery,COMPLETED
ORD-0106257,R-0239,2025-09-29,10.39,web,pickup,completed
ORD-0106258,R-0239,2025-09-11,20.94,app,delivery,completed
ORD-0106259,R-0239,2025-09-18,38.63,app,delivery,Completed
ORD-0106260,R-0239,2025-09-12,33.69,web,delivery,completed
ORD-0106261,R-0239,2025-09-24,20.76,app,delivery,completed
ORD-0106262,R-0239,2025-09-26,12.25,web,delivery,completed
ORD-0106263,R-0239,2025-09-08,23.96,web,delivery,completed
ORD-0106264,R-0239,2025-09-12,18.95,app,delivery,cancelled
ORD-0106265,R-0239,2025-09-26,22.54,app,delivery,completed
ORD-0106266,R-0239,2025-09-27,18.21,app,delivery,completed
ORD-0106267,R-0239,2025-09-05,10.45,app,delivery,COMPLETED
ORD-0106268,R-0239,2025-09-22,21.15,app,delivery,completed
ORD-0106269,R-0239,2025-09-28,19.46,app,delivery,Completed
ORD-0106270,R-0239,2025-09-12,9.44,web,pickup,completed
ORD-0106271,R-0239,2025-09-18,22.81,app,delivery,completed
ORD-0106272,R-0239,2025-09-23,12.30,web,delivery,completed
ORD-0106273,R-0239,2025-09-07,29.43,web,delivery,completed
ORD-0106274,R-0239,2025-09-27,12.02,app,pickup,completed
ORD-0106275,R-0239,2025-09-28,39.63,web,delivery,Completed
ORD-0106276,R-0239,2025-09-26,17.76,app,pickup,completed
ORD-0106277,R-0239,2025-09-17,11.45,web,delivery,completed
ORD-0106278,R-0239,2025-09-13,19.56,web,pickup,completed
ORD-0106279,R-0239,2025-09-28,19.05,web,delivery,COMPLETED
ORD-0106280,R-0239,2025-09-12,22.81,web,delivery,completed
ORD-0106281,R-0239,2025-09-04,24.82,web,delivery,completed
ORD-0106282,R-0239,2025-09-21,27.45,app,delivery,completed
ORD-0106867,R-0242,2025-09-20,21.62,web,delivery,completed
ORD-0106868,R-0242,2025-09-25,15.56,web,delivery,Completed
ORD-0106869,R-0242,2025-09-22,15.60,app,pickup,completed
ORD-0106870,R-0242,2025-09-19,36.12,web,delivery,completed
ORD-0106871,R-0242,2025-09-30,15.53,web,delivery,completed
ORD-0106872,R-0242,2025-09-16,18.15,app,delivery,completed
ORD-0106873,R-0242,2025-09-30,17.77,web,delivery,completed
ORD-0106874,R-0242,2025-09-24,22.50,app,delivery,COMPLETED
ORD-0106875,R-0242,2025-09-26,16.86,app,delivery,completed
ORD-0106876,R-0242,2025-09-29,26.33,app,pickup,completed
ORD-0106877,R-0242,2025-09-19,20.58,web,delivery,completed
ORD-0106878,R-0242,2025-09-21,24.01,app,pickup,completed
ORD-0106879,R-0242,2025-09-23,23.14,web,delivery,completed
ORD-0107634,R-0245,2025-09-20,13.87,web,delivery,completed
ORD-0107635,R-0245,2025-09-15,66.77,app,pickup,COMPLETED
ORD-0107636,R-0245,2025-09-13,23.78,app,delivery,completed
ORD-0107637,R-0245,2025-09-03,21.09,app,delivery,completed
ORD-0107638,R-0245,2025-09-02,21.33,app,delivery,completed
ORD-0107639,R-0245,2025-09-09,25.19,web,delivery,completed
ORD-0107640,R-0245,2025-09-27,30.25,web,delivery,completed
ORD-0107641,R-0245,2025-09-06,25.95,web,delivery,completed
ORD-0107642,R-0245,2025-09-02,47.63,web,delivery,completed
ORD-0107643,R-0245,2025-09-15,23.61,app,delivery,completed
ORD-0107644,R-0245,2025-09-17,29.82,app,pickup,completed
ORD-0107645,R-0245,2025-09-12,13.48,app,delivery,completed
ORD-0107646,R-0245,2025-09-18,30.09,app,delivery,completed
ORD-0107647,R-0245,2025-09-24,41.05,web,delivery,completed
ORD-0107648,R-0245,2025-09-02,31.52,app,pickup,cancelled
ORD-0107649,R-0245,2025-09-07,42.03,web,pickup,completed
ORD-0107650,R-0245,2025-09-11,33.35,app,delivery,completed
ORD-0107651,R-0245,2025-09-11,11.16,web,pickup,completed
ORD-0107652,R-0245,2025-09-06,31.29,web,delivery,COMPLETED
ORD-0107653,R-0245,2025-09-15,25.00,web,delivery,completed
ORD-0107654,R-0245,2025-09-29,20.56,app,pickup,completed
ORD-0107655,R-0245,2025-09-25,25.51,web,delivery,completed
ORD-0107656,R-0245,2025-09-11,20.96,web,delivery,completed
ORD-0107657,R-0245,2025-09-01,24.06,web,delivery,COMPLETED
ORD-0107658,R-0245,2025-09-11,14.04,app,delivery,COMPLETED
ORD-0107659,R-0245,2025-09-12,69.80,app,delivery,completed
ORD-0107660,R-0245,2025-09-20,32.45,app,delivery,completed
ORD-0107661,R-0245,2025-09-25,26.94,app,pickup,completed
ORD-0107662,R-0245,2025-09-12,15.35,web,pickup,completed
ORD-0107663,R-0245,2025-09-13,18.06,app,pickup,completed
ORD-0107664,R-0245,2025-09-23,15.55,app,pickup,completed
ORD-0107665,R-0245,2025-09-10,29.42,web,delivery,Completed
ORD-0107666,R-0245,2025-09-28,27.28,app,delivery,completed
ORD-0107667,R-0245,2025-09-30,24.27,app,delivery,completed
ORD-0107668,R-0245,2025-09-05,18.29,app,delivery,completed
ORD-0107669,R-0245,2025-09-12,7.73,web,delivery,COMPLETED
ORD-0107670,R-0245,2025-09-24,19.20,app,pickup,completed
ORD-0107671,R-0245,2025-09-09,15.78,web,delivery,completed
ORD-0107672,R-0245,2025-09-01,32.29,app,delivery,completed
ORD-0107673,R-0245,2025-09-04,9.35,web,delivery,cancelled
ORD-0107674,R-0245,2025-09-04,22.05,app,delivery,completed
ORD-0107675,R-0245,2025-09-22,33.73,web,pickup,completed
ORD-0107676,R-0245,2025-09-20,15.76,web,pickup,completed
ORD-0107677,R-0245,2025-09-04,10.68,app,delivery,completed
ORD-0107678,R-0245,2025-09-03,45.43,app,delivery,refunded
ORD-0107679,R-0245,2025-09-20,15.51,web,delivery,COMPLETED
ORD-0107680,R-0245,2025-09-20,39.83,web,pickup,cancelled
ORD-0107681,R-0245,2025-09-27,25.23,app,pickup,completed
ORD-0107682,R-0245,2025-09-17,11.65,web,pickup,COMPLETED
ORD-0107683,R-0245,2025-09-17,10.81,app,pickup,completed
ORD-0107684,R-0245,2025-09-29,32.20,web,delivery,completed
ORD-0107685,R-0245,2025-09-19,38.54,web,delivery,completed
ORD-0107686,R-0245,2025-09-17,10.63,app,delivery,completed
ORD-0107687,R-0245,2025-09-07,22.09,app,delivery,completed
ORD-0107688,R-0245,2025-09-27,30.66,app,delivery,completed
ORD-0107689,R-0245,2025-09-12,51.57,web,delivery,Completed
ORD-0107690,R-0245,2025-09-17,18.12,web,delivery,completed
ORD-0107691,R-0245,2025-09-01,19.47,app,delivery,completed
ORD-0107692,R-0245,2025-09-04,20.66,app,pickup,completed
ORD-0107693,R-0245,2025-09-19,36.26,app,delivery,completed
ORD-0107694,R-0245,2025-09-28,17.35,app,delivery,completed
ORD-0107695,R-0245,2025-09-26,18.71,app,delivery,completed
ORD-0107696,R-0245,2025-09-12,21.06,app,delivery,completed
ORD-0107697,R-0245,2025-09-20,18.71,web,delivery,completed
ORD-0107698,R-0245,2025-09-20,10.60,web,delivery,completed
ORD-0107699,R-0245,2025-09-05,25.14,app,pickup,Completed
ORD-0107700,R-0245,2025-09-10,15.13,web,pickup,completed
ORD-0107701,R-0245,2025-09-01,17.61,web,delivery,Completed
ORD-0107702,R-0245,2025-09-27,27.58,app,pickup,completed
ORD-0107703,R-0245,2025-09-04,9.98,app,delivery,completed
ORD-0107704,R-0245,2025-09-21,30.24,app,delivery,completed
ORD-0107705,R-0245,2025-09-15,8.96,web,pickup,COMPLETED
ORD-0107706,R-0245,2025-09-13,21.29,app,pickup,completed
ORD-0107707,R-0245,2025-09-20,29.88,web,delivery,completed
ORD-0107708,R-0245,2025-09-19,14.77,app,pickup,completed
ORD-0107709,R-0245,2025-09-16,46.38,app,delivery,completed
ORD-0107710,R-0245,2025-09-22,10.12,web,delivery,Completed
ORD-0107711,R-0245,2025-09-24,25.00,web,delivery,completed
ORD-0107712,R-0245,2025-09-25,53.93,app,delivery,completed
ORD-0107713,R-0245,2025-09-04,22.89,web,pickup,completed
ORD-0107714,R-0245,2025-09-15,25.86,app,delivery,completed
ORD-0107715,R-0245,2025-09-11,23.94,app,delivery,completed
ORD-0108863,R-0246,2025-09-30,62.87,web,delivery,completed
ORD-0109227,R-0247,2025-09-03,29.79,web,pickup,completed
ORD-0109228,R-0247,2025-09-25,15.32,web,pickup,completed
ORD-0109229,R-0247,2025-09-19,28.15,web,pickup,completed
ORD-0109230,R-0247,2025-09-12,18.37,app,pickup,completed
ORD-0109231,R-0247,2025-09-29,12.15,web,pickup,completed
ORD-0109232,R-0247,2025-09-15,19.56,web,delivery,completed
ORD-0109233,R-0247,2025-09-12,46.02,web,pickup,completed
ORD-0109234,R-0247,2025-09-16,25.28,web,delivery,completed
ORD-0109235,R-0247,2025-09-27,31.12,app,delivery,completed
ORD-0109236,R-0247,2025-09-22,21.33,web,pickup,completed
ORD-0109237,R-0247,2025-09-12,26.43,app,pickup,completed
ORD-0109238,R-0247,2025-09-08,23.72,web,pickup,completed
ORD-0109239,R-0247,2025-09-08,21.78,app,pickup,completed
ORD-0109240,R-0247,2025-09-25,21.41,web,pickup,completed
ORD-0109241,R-0247,2025-09-08,15.92,app,delivery,completed
ORD-0109242,R-0247,2025-09-13,34.44,web,pickup,completed
ORD-0109243,R-0247,2025-09-25,22.47,app,pickup,completed
ORD-0109244,R-0247,2025-09-22,22.04,web,delivery,completed
ORD-0109245,R-0247,2025-09-19,34.86,app,delivery,completed
ORD-0109246,R-0247,2025-09-25,16.23,app,pickup,completed
ORD-0109247,R-0247,2025-09-23,18.51,web,delivery,COMPLETED
ORD-0109248,R-0247,2025-09-16,33.49,web,pickup,completed
ORD-0109249,R-0247,2025-09-19,33.68,web,delivery,completed
ORD-0109250,R-0247,2025-09-17,33.51,app,pickup,completed
ORD-0109251,R-0247,2025-09-29,31.10,app,pickup,completed
ORD-0109252,R-0247,2025-09-16,15.31,web,delivery,completed
ORD-0109253,R-0247,2025-09-29,22.71,web,delivery,completed
ORD-0109254,R-0247,2025-09-19,15.96,app,delivery,completed
ORD-0109255,R-0247,2025-09-28,31.88,web,pickup,completed
ORD-0109256,R-0247,2025-09-06,36.71,app,pickup,completed
ORD-0109257,R-0247,2025-09-03,25.24,app,pickup,completed
ORD-0109258,R-0247,2025-09-23,16.70,app,pickup,completed
ORD-0109259,R-0247,2025-09-29,38.18,app,delivery,completed
ORD-0109924,R-0248,2025-09-30,48.47,web,pickup,completed
ORD-0109925,R-0248,2025-09-30,36.25,web,pickup,completed
ORD-0111737,R-0260,2025-09-26,24.73,web,delivery,completed
ORD-0111738,R-0260,2025-09-06,34.44,app,pickup,completed
ORD-0111739,R-0260,2025-09-27,25.91,app,pickup,completed
ORD-0111740,R-0260,2025-09-14,34.39,web,pickup,completed
ORD-0111741,R-0260,2025-09-24,21.25,web,delivery,completed
ORD-0111742,R-0260,2025-09-13,29.05,app,delivery,cancelled
ORD-0111743,R-0260,2025-09-01,24.30,web,delivery,completed
ORD-0111744,R-0260,2025-09-07,35.34,web,delivery,COMPLETED
ORD-0111745,R-0260,2025-09-13,29.73,app,delivery,completed
ORD-0111746,R-0260,2025-09-12,30.92,web,delivery,completed
ORD-0111747,R-0260,2025-09-01,27.47,app,delivery,completed
ORD-0111748,R-0260,2025-09-14,58.86,web,delivery,completed
ORD-0111749,R-0260,2025-09-21,19.69,app,delivery,completed
ORD-0111750,R-0260,2025-09-15,29.09,web,pickup,Completed
ORD-0111751,R-0260,2025-09-15,36.22,app,delivery,Completed
ORD-0111752,R-0260,2025-09-19,13.18,app,delivery,completed
ORD-0111753,R-0260,2025-09-02,22.33,app,delivery,completed
ORD-0111754,R-0260,2025-09-28,22.69,web,delivery,completed
ORD-0111755,R-0260,2025-09-08,28.37,web,delivery,Completed
ORD-0111756,R-0260,2025-09-21,39.62,app,delivery,completed
ORD-0111757,R-0260,2025-09-25,24.94,app,delivery,Completed
ORD-0111758,R-0260,2025-09-21,45.77,app,pickup,completed
ORD-0111759,R-0260,2025-09-15,33.43,web,delivery,cancelled
ORD-0111760,R-0260,2025-09-01,50.05,web,delivery,completed
ORD-0111761,R-0260,2025-09-26,37.83,web,delivery,completed
ORD-0111762,R-0260,2025-09-14,47.16,app,pickup,completed
ORD-0111763,R-0260,2025-09-01,30.11,web,delivery,completed
ORD-0111764,R-0260,2025-09-15,37.81,app,pickup,completed
ORD-0111765,R-0260,2025-09-08,16.91,app,pickup,completed
ORD-0112130,R-0261,2025-09-02,19.06,web,delivery,completed
ORD-0112131,R-0261,2025-09-06,26.19,app,delivery,completed
ORD-0112132,R-0261,2025-09-23,31.71,app,delivery,completed
ORD-0112133,R-0261,2025-09-30,35.10,web,delivery,cancelled
ORD-0112134,R-0261,2025-09-06,14.38,app,pickup,completed
ORD-0112135,R-0261,2025-09-03,17.61,web,delivery,completed
ORD-0112136,R-0261,2025-09-16,15.62,app,pickup,completed
ORD-0112137,R-0261,2025-09-23,20.34,app,delivery,completed
ORD-0112138,R-0261,2025-09-21,10.81,web,delivery,completed
ORD-0112139,R-0261,2025-09-06,8.25,web,pickup,completed
ORD-0112140,R-0261,2025-09-08,8.26,web,delivery,completed
ORD-0112141,R-0261,2025-09-05,21.21,web,delivery,completed
ORD-0112142,R-0261,2025-09-01,26.97,web,delivery,completed
ORD-0112143,R-0261,2025-09-12,15.21,app,delivery,completed
ORD-0112144,R-0261,2025-09-09,18.38,web,pickup,completed
ORD-0112145,R-0261,2025-09-12,28.65,web,delivery,completed
ORD-0112146,R-0261,2025-09-21,38.42,web,pickup,COMPLETED
ORD-0112147,R-0261,2025-09-08,21.59,web,delivery,Completed
ORD-0112148,R-0261,2025-09-21,21.33,web,delivery,refunded
ORD-0112149,R-0261,2025-09-22,32.80,web,delivery,completed
ORD-0112150,R-0261,2025-09-20,21.94,app,delivery,completed
ORD-0112151,R-0261,2025-09-14,11.59,app,delivery,completed
ORD-0112152,R-0261,2025-09-03,16.95,web,pickup,cancelled
ORD-0112153,R-0261,2025-09-12,17.48,web,pickup,completed
ORD-0112154,R-0261,2025-09-21,9.58,web,delivery,completed
ORD-0112155,R-0261,2025-09-21,10.69,web,delivery,completed
ORD-0112156,R-0261,2025-09-11,11.34,web,delivery,completed
ORD-0112157,R-0261,2025-09-06,31.87,app,delivery,completed
ORD-0112158,R-0261,2025-09-16,14.18,web,delivery,completed
ORD-0112159,R-0261,2025-09-19,10.72,app,pickup,completed
ORD-0112160,R-0261,2025-09-18,20.94,app,delivery,cancelled
ORD-0112161,R-0261,2025-09-13,9.80,app,delivery,completed
ORD-0112162,R-0261,2025-09-20,11.54,web,delivery,completed
ORD-0112163,R-0261,2025-09-20,25.33,web,delivery,completed
ORD-0112164,R-0261,2025-09-17,11.06,app,delivery,COMPLETED
ORD-0112165,R-0261,2025-09-15,7.76,app,pickup,completed
ORD-0112166,R-0261,2025-09-24,12.40,web,delivery,completed
ORD-0112167,R-0261,2025-09-11,24.87,web,delivery,completed
ORD-0112168,R-0261,2025-09-28,16.04,web,delivery,completed
ORD-0112169,R-0261,2025-09-12,15.48,web,delivery,completed
ORD-0112170,R-0261,2025-09-24,35.29,web,delivery,Completed
ORD-0112171,R-0261,2025-09-06,20.04,app,delivery,completed
ORD-0112172,R-0261,2025-09-27,24.90,app,delivery,completed
ORD-0112173,R-0261,2025-09-13,10.95,app,pickup,completed
ORD-0112174,R-0261,2025-09-13,18.94,web,pickup,COMPLETED
ORD-0112175,R-0261,2025-09-28,17.29,app,delivery,COMPLETED
ORD-0112176,R-0261,2025-09-27,23.66,web,delivery,COMPLETED
ORD-0112177,R-0261,2025-09-01,28.76,web,delivery,completed
ORD-0112178,R-0261,2025-09-19,14.52,app,delivery,completed
ORD-0112179,R-0261,2025-09-16,16.29,web,delivery,Completed
ORD-0112180,R-0261,2025-09-26,16.46,app,delivery,COMPLETED
ORD-0112181,R-0261,2025-09-11,30.50,web,delivery,completed
ORD-0112182,R-0261,2025-09-13,13.52,app,delivery,completed
ORD-0112183,R-0261,2025-09-10,13.68,web,delivery,completed
ORD-0112184,R-0261,2025-09-29,11.44,app,delivery,completed
ORD-0112185,R-0261,2025-09-14,29.92,web,delivery,completed
ORD-0112186,R-0261,2025-09-24,21.96,app,pickup,COMPLETED
ORD-0112187,R-0261,2025-09-06,23.99,app,delivery,completed
ORD-0112188,R-0261,2025-09-22,23.62,web,pickup,completed
ORD-0112189,R-0261,2025-09-20,23.16,web,delivery,completed
ORD-0112190,R-0261,2025-09-13,20.86,app,delivery,completed
ORD-0112191,R-0261,2025-09-27,15.32,app,delivery,completed
ORD-0112192,R-0261,2025-09-01,11.24,web,delivery,completed
ORD-0112193,R-0261,2025-09-24,13.75,app,delivery,completed
ORD-0112194,R-0261,2025-09-06,16.90,web,delivery,completed
ORD-0112195,R-0261,2025-09-13,12.88,app,delivery,completed
ORD-0112196,R-0261,2025-09-19,19.67,app,delivery,COMPLETED
ORD-0112197,R-0261,2025-09-10,10.51,web,delivery,completed
ORD-0112198,R-0261,2025-09-13,13.47,app,pickup,completed
ORD-0112199,R-0261,2025-09-19,24.45,web,delivery,completed
ORD-0112200,R-0261,2025-09-14,20.71,app,delivery,completed
ORD-0112201,R-0261,2025-09-12,31.02,web,delivery,completed
ORD-0112202,R-0261,2025-09-23,16.16,app,delivery,completed
ORD-0112203,R-0261,2025-09-16,34.85,web,delivery,completed
ORD-0112204,R-0261,2025-09-20,18.67,app,delivery,COMPLETED
ORD-0112205,R-0261,2025-09-25,13.92,web,delivery,completed
ORD-0112206,R-0261,2025-09-04,16.55,web,pickup,completed
ORD-0112207,R-0261,2025-09-07,17.04,app,pickup,completed
ORD-0112208,R-0261,2025-09-03,14.91,app,delivery,completed
ORD-0112209,R-0261,2025-09-25,17.62,app,delivery,completed
ORD-0112210,R-0261,2025-09-29,6.50,web,delivery,completed
ORD-0112211,R-0261,2025-09-11,8.30,web,delivery,cancelled
ORD-0112212,R-0261,2025-09-06,40.71,app,delivery,completed
ORD-0112213,R-0261,2025-09-26,21.59,web,delivery,completed
ORD-0112214,R-0261,2025-09-24,25.28,web,delivery,completed
ORD-0112215,R-0261,2025-09-09,15.11,app,delivery,Completed
ORD-0112216,R-0261,2025-09-07,8.54,app,delivery,completed
ORD-0112217,R-0261,2025-09-18,16.24,app,delivery,completed
ORD-0112218,R-0261,2025-09-25,12.11,web,delivery,completed
ORD-0112219,R-0261,2025-09-20,14.46,app,delivery,completed
ORD-0112220,R-0261,2025-09-03,13.21,app,delivery,completed
ORD-0112221,R-0261,2025-09-07,10.92,app,delivery,Refunded
ORD-0112222,R-0261,2025-09-27,16.20,app,delivery,completed
ORD-0112223,R-0261,2025-09-17,19.42,web,delivery,completed
ORD-0112224,R-0261,2025-09-08,15.89,web,delivery,completed
ORD-0112225,R-0261,2025-09-13,27.64,web,delivery,completed
ORD-0112226,R-0261,2025-09-10,16.49,app,pickup,COMPLETED
ORD-0112227,R-0261,2025-09-15,22.73,web,pickup,completed
ORD-0112228,R-0261,2025-09-24,15.25,web,delivery,cancelled
ORD-0112229,R-0261,2025-09-17,26.89,app,pickup,completed
ORD-0112230,R-0261,2025-09-24,23.68,web,delivery,completed
ORD-0112231,R-0261,2025-09-20,17.67,app,delivery,completed
ORD-0112232,R-0261,2025-09-02,15.47,web,delivery,completed
ORD-0112233,R-0261,2025-09-19,7.40,web,delivery,completed
ORD-0112234,R-0261,2025-09-26,15.37,web,pickup,completed
ORD-0112235,R-0261,2025-09-11,10.21,app,pickup,COMPLETED
ORD-0112236,R-0261,2025-09-18,23.53,app,delivery,COMPLETED
ORD-0112237,R-0261,2025-09-29,26.93,app,delivery,completed
ORD-0112238,R-0261,2025-09-27,25.16,app,delivery,completed
ORD-0114572,R-0271,2025-09-06,16.14,web,pickup,completed
ORD-0114573,R-0271,2025-09-19,30.95,app,delivery,completed
ORD-0114574,R-0271,2025-09-25,29.97,web,delivery,completed
ORD-0114575,R-0271,2025-09-25,18.13,app,pickup,completed
ORD-0114576,R-0271,2025-09-12,27.56,web,pickup,completed
ORD-0114577,R-0271,2025-09-28,34.89,app,pickup,completed
ORD-0114578,R-0271,2025-09-03,27.39,app,pickup,completed
ORD-0114579,R-0271,2025-09-02,29.61,web,pickup,completed
ORD-0114580,R-0271,2025-09-13,22.73,web,delivery,completed
ORD-0114581,R-0271,2025-09-14,16.80,web,pickup,completed
ORD-0114582,R-0271,2025-09-25,30.68,app,pickup,completed
ORD-0114583,R-0271,2025-09-13,55.48,web,pickup,completed
ORD-0114584,R-0271,2025-09-12,16.93,web,pickup,completed
ORD-0114585,R-0271,2025-09-06,29.73,web,delivery,completed
ORD-0114586,R-0271,2025-09-14,16.49,web,pickup,completed
ORD-0114587,R-0271,2025-09-02,18.51,web,pickup,COMPLETED
ORD-0114588,R-0271,2025-09-12,17.17,web,delivery,completed
ORD-0114589,R-0271,2025-09-27,33.64,web,pickup,completed
ORD-0116176,R-0277,2025-09-14,16.20,web,delivery,completed
ORD-0116177,R-0277,2025-09-15,35.21,web,delivery,completed
ORD-0116178,R-0277,2025-09-05,17.92,app,delivery,completed
ORD-0116179,R-0277,2025-09-18,16.10,app,delivery,completed
ORD-0116180,R-0277,2025-09-03,16.04,web,pickup,completed
ORD-0116181,R-0277,2025-09-27,21.55,web,pickup,completed
ORD-0116182,R-0277,2025-09-30,14.67,app,pickup,completed
ORD-0116183,R-0277,2025-09-13,44.40,app,pickup,completed
ORD-0116184,R-0277,2025-09-20,26.95,web,delivery,completed
ORD-0116185,R-0277,2025-09-21,32.09,app,delivery,Completed
ORD-0116186,R-0277,2025-09-06,27.22,app,delivery,completed
ORD-0116187,R-0277,2025-09-28,36.70,web,delivery,completed
ORD-0116188,R-0277,2025-09-13,36.04,app,delivery,completed
ORD-0116189,R-0277,2025-09-11,10.48,app,delivery,completed
ORD-0116190,R-0277,2025-09-27,17.97,app,pickup,completed
ORD-0116191,R-0277,2025-09-11,13.30,app,pickup,completed
ORD-0116192,R-0277,2025-09-23,19.05,web,delivery,completed
ORD-0116193,R-0277,2025-09-16,15.77,app,pickup,completed
ORD-0116194,R-0277,2025-09-14,71.46,web,delivery,completed
ORD-0116195,R-0277,2025-09-22,18.25,app,pickup,COMPLETED
ORD-0116196,R-0277,2025-09-02,28.09,app,delivery,completed
ORD-0116197,R-0277,2025-09-12,16.12,app,delivery,completed
ORD-0116198,R-0277,2025-09-25,11.96,app,pickup,COMPLETED
ORD-0116199,R-0277,2025-09-21,27.03,app,pickup,completed
ORD-0116200,R-0277,2025-09-11,21.74,app,delivery,completed
ORD-0116201,R-0277,2025-09-13,22.44,app,pickup,completed
ORD-0116202,R-0277,2025-09-06,20.16,app,delivery,completed
ORD-0116203,R-0277,2025-09-19,29.87,app,pickup,COMPLETED
ORD-0116204,R-0277,2025-09-28,19.90,web,delivery,completed
ORD-0116205,R-0277,2025-09-06,14.54,app,delivery,completed
ORD-0116206,R-0277,2025-09-29,13.55,app,delivery,cancelled
ORD-0116207,R-0277,2025-09-18,41.76,app,pickup,completed
ORD-0116208,R-0277,2025-09-03,17.81,app,pickup,completed
ORD-0116209,R-0277,2025-09-29,19.95,app,delivery,Completed
ORD-0116210,R-0277,2025-09-29,19.63,app,delivery,Completed
ORD-0116211,R-0277,2025-09-28,45.32,web,pickup,completed
ORD-0116212,R-0277,2025-09-09,39.25,app,delivery,Completed
ORD-0116213,R-0277,2025-09-18,21.79,web,pickup,completed
ORD-0116214,R-0277,2025-09-03,27.48,app,delivery,completed
ORD-0116215,R-0277,2025-09-10,15.24,web,delivery,completed
ORD-0116216,R-0277,2025-09-19,14.53,app,pickup,REFUNDED
ORD-0116217,R-0277,2025-09-23,27.34,app,delivery,completed
ORD-0116218,R-0277,2025-09-17,16.63,app,delivery,completed
ORD-0116219,R-0277,2025-09-20,27.65,web,delivery,COMPLETED
ORD-0116220,R-0277,2025-09-03,31.80,app,delivery,completed
ORD-0116221,R-0277,2025-09-26,11.51,app,pickup,refunded
ORD-0116222,R-0277,2025-09-10,15.95,app,delivery,completed
ORD-0116223,R-0277,2025-09-05,31.64,app,delivery,completed
ORD-0116224,R-0277,2025-09-30,31.28,app,pickup,completed
ORD-0116225,R-0277,2025-09-23,26.31,app,delivery,completed
ORD-0116226,R-0277,2025-09-01,19.07,app,delivery,completed
ORD-0116227,R-0277,2025-09-21,20.87,web,delivery,completed
ORD-0116228,R-0277,2025-09-20,28.11,web,delivery,completed
ORD-0116229,R-0277,2025-09-08,21.08,app,pickup,completed
ORD-0116230,R-0277,2025-09-25,24.38,app,delivery,completed
ORD-0117316,R-0281,2025-09-14,30.92,web,delivery,completed
ORD-0117317,R-0281,2025-09-20,21.67,app,pickup,completed
ORD-0117318,R-0281,2025-09-09,15.16,web,delivery,COMPLETED
ORD-0117319,R-0281,2025-09-28,37.01,web,pickup,completed
ORD-0117320,R-0281,2025-09-28,20.66,app,pickup,completed
ORD-0117321,R-0281,2025-09-12,16.04,web,delivery,COMPLETED
ORD-0117322,R-0281,2025-09-10,28.90,app,delivery,completed
ORD-0117323,R-0281,2025-09-05,21.48,web,delivery,completed
ORD-0117324,R-0281,2025-09-08,29.02,web,delivery,completed
ORD-0117325,R-0281,2025-09-29,27.57,app,delivery,Completed
ORD-0117326,R-0281,2025-09-07,11.90,app,delivery,completed
ORD-0117327,R-0281,2025-09-08,23.16,web,pickup,completed
ORD-0117328,R-0281,2025-09-15,21.68,app,delivery,completed
ORD-0117329,R-0281,2025-09-15,20.80,web,delivery,COMPLETED
ORD-0117330,R-0281,2025-09-14,17.68,app,delivery,completed
ORD-0117331,R-0281,2025-09-28,9.73,web,delivery,completed
ORD-0117332,R-0281,2025-09-26,28.64,web,delivery,completed
ORD-0117333,R-0281,2025-09-03,14.03,app,pickup,completed
ORD-0117334,R-0281,2025-09-11,41.41,app,delivery,completed
ORD-0117335,R-0281,2025-09-09,19.75,web,delivery,completed
ORD-0117336,R-0281,2025-09-13,11.29,app,pickup,completed
ORD-0117337,R-0281,2025-09-11,20.95,app,pickup,completed
ORD-0117338,R-0281,2025-09-05,17.64,app,pickup,completed
ORD-0117339,R-0281,2025-09-26,13.05,app,pickup,refunded
ORD-0117340,R-0281,2025-09-01,14.98,web,pickup,completed
ORD-0117341,R-0281,2025-09-20,13.03,app,delivery,completed
ORD-0117342,R-0281,2025-09-13,31.31,web,delivery,completed
ORD-0117343,R-0281,2025-09-03,16.02,web,pickup,completed
ORD-0117344,R-0281,2025-09-27,13.78,app,pickup,COMPLETED
ORD-0117345,R-0281,2025-09-18,25.99,web,delivery,completed
ORD-0117346,R-0281,2025-09-22,9.75,web,delivery,completed
ORD-0117347,R-0281,2025-09-29,43.33,web,delivery,completed
ORD-0117348,R-0281,2025-09-28,18.46,web,delivery,completed
ORD-0117349,R-0281,2025-09-19,32.29,web,pickup,completed
ORD-0117350,R-0281,2025-09-15,15.68,app,pickup,completed
ORD-0117351,R-0281,2025-09-12,18.23,app,pickup,completed
ORD-0117352,R-0281,2025-09-24,55.32,app,delivery,completed
ORD-0117353,R-0281,2025-09-20,35.03,app,delivery,completed
ORD-0117354,R-0281,2025-09-06,28.91,app,pickup,completed
ORD-0117355,R-0281,2025-09-30,23.56,app,pickup,completed
ORD-0117356,R-0281,2025-09-21,21.73,app,pickup,completed
ORD-0117357,R-0281,2025-09-08,24.90,app,pickup,Completed
ORD-0117358,R-0281,2025-09-13,9.17,web,pickup,completed
ORD-0117359,R-0281,2025-09-16,18.10,web,pickup,cancelled
ORD-0117360,R-0281,2025-09-11,16.53,web,delivery,completed
ORD-0117361,R-0281,2025-09-13,13.59,app,delivery,completed
ORD-0117362,R-0281,2025-09-26,32.09,web,pickup,completed
ORD-0117363,R-0281,2025-09-14,27.07,web,delivery,completed
ORD-0117364,R-0281,2025-09-05,32.40,web,delivery,Completed
ORD-0117365,R-0281,2025-09-01,11.30,web,delivery,Completed
ORD-0117366,R-0281,2025-09-22,29.52,app,delivery,completed
ORD-0117367,R-0281,2025-09-26,14.35,web,pickup,completed
ORD-0117368,R-0281,2025-09-13,11.90,web,pickup,completed
ORD-0117369,R-0281,2025-09-01,27.30,web,delivery,cancelled
ORD-0117370,R-0281,2025-09-19,35.66,web,delivery,COMPLETED
ORD-0117371,R-0281,2025-09-22,16.25,app,delivery,completed
ORD-0117372,R-0281,2025-09-01,43.02,web,delivery,COMPLETED
ORD-0117373,R-0281,2025-09-21,21.13,app,delivery,completed
ORD-0117374,R-0281,2025-09-07,28.46,app,delivery,completed
ORD-0117375,R-0281,2025-09-12,22.30,web,pickup,completed
ORD-0117376,R-0281,2025-09-07,18.07,web,pickup,completed
ORD-0117377,R-0281,2025-09-27,11.25,web,pickup,completed
ORD-0117378,R-0281,2025-09-17,18.28,web,pickup,completed
ORD-0117949,R-0282,2025-09-25,24.11,app,pickup,completed
ORD-0117950,R-0282,2025-09-21,19.16,web,delivery,completed
ORD-0117951,R-0282,2025-09-06,29.96,app,delivery,completed
ORD-0117952,R-0282,2025-09-30,21.40,web,pickup,completed
ORD-0117953,R-0282,2025-09-06,20.82,web,pickup,COMPLETED
ORD-0117954,R-0282,2025-09-10,15.86,web,delivery,completed
ORD-0117955,R-0282,2025-09-19,16.03,web,pickup,completed
ORD-0117956,R-0282,2025-09-24,20.23,app,pickup,completed
ORD-0117957,R-0282,2025-09-07,29.54,web,pickup,completed
ORD-0117958,R-0282,2025-09-15,17.54,app,pickup,completed
ORD-0117959,R-0282,2025-09-12,15.49,web,delivery,completed
ORD-0117960,R-0282,2025-09-27,21.24,web,pickup,completed
ORD-0117961,R-0282,2025-09-30,12.90,app,delivery,completed
ORD-0117962,R-0282,2025-09-20,15.61,app,pickup,COMPLETED
ORD-0117963,R-0282,2025-09-27,19.35,app,delivery,COMPLETED
ORD-0117964,R-0282,2025-09-11,23.36,web,pickup,completed
ORD-0117965,R-0282,2025-09-19,9.44,web,pickup,completed
ORD-0118704,R-0286,2025-09-27,47.79,web,pickup,completed
ORD-0118705,R-0286,2025-09-17,69.38,web,delivery,completed
ORD-0118706,R-0286,2025-09-19,38.92,web,delivery,cancelled
ORD-0118707,R-0286,2025-09-04,65.76,web,pickup,completed
ORD-0118708,R-0286,2025-09-01,73.96,web,delivery,completed
ORD-0118709,R-0286,2025-09-02,30.49,web,pickup,completed
ORD-0118710,R-0286,2025-09-06,63.75,app,delivery,completed
ORD-0118711,R-0286,2025-09-04,46.91,web,pickup,completed
ORD-0118712,R-0286,2025-09-09,25.46,app,delivery,COMPLETED
ORD-0118713,R-0286,2025-09-26,48.22,web,delivery,completed
ORD-0118714,R-0286,2025-09-03,55.41,web,delivery,completed
ORD-0118715,R-0286,2025-09-19,65.55,web,delivery,completed
ORD-0118716,R-0286,2025-09-28,43.48,web,pickup,completed
ORD-0118717,R-0286,2025-09-12,75.80,app,delivery,completed
ORD-0118718,R-0286,2025-09-01,43.45,app,pickup,completed
ORD-0118719,R-0286,2025-09-12,45.37,web,delivery,completed
ORD-0118720,R-0286,2025-09-20,44.68,app,delivery,completed
ORD-0118721,R-0286,2025-09-10,32.97,app,delivery,completed
ORD-0118722,R-0286,2025-09-27,43.04,web,delivery,completed
ORD-0118723,R-0286,2025-09-05,90.81,app,delivery,completed
ORD-0118724,R-0286,2025-09-14,50.91,web,pickup,completed
ORD-0118725,R-0286,2025-09-15,75.89,app,delivery,completed
ORD-0118726,R-0286,2025-09-12,119.75,web,delivery,completed
ORD-0118727,R-0286,2025-09-20,50.16,web,delivery,completed
ORD-0118728,R-0286,2025-09-14,41.96,web,delivery,completed
ORD-0118729,R-0286,2025-09-12,107.03,app,delivery,completed
ORD-0118730,R-0286,2025-09-09,42.78,web,delivery,completed
ORD-0118731,R-0286,2025-09-20,38.63,web,delivery,completed
ORD-0118732,R-0286,2025-09-21,42.88,web,pickup,completed
ORD-0118733,R-0286,2025-09-12,51.21,app,pickup,COMPLETED
ORD-0118734,R-0286,2025-09-05,90.38,app,delivery,Completed
ORD-0118735,R-0286,2025-09-24,99.99,app,delivery,completed
ORD-0118736,R-0286,2025-09-18,57.44,app,delivery,completed
ORD-0118737,R-0286,2025-09-22,84.98,web,pickup,completed
ORD-0118738,R-0286,2025-09-02,35.72,web,delivery,completed
ORD-0120999,R-0297,2025-09-03,20.20,web,pickup,completed
ORD-0121000,R-0297,2025-09-22,26.05,web,delivery,completed
ORD-0121001,R-0297,2025-09-05,36.92,web,delivery,Completed
ORD-0121002,R-0297,2025-09-30,47.50,web,delivery,completed
ORD-0121003,R-0297,2025-09-10,30.63,web,delivery,COMPLETED
ORD-0121004,R-0297,2025-09-26,28.02,app,delivery,COMPLETED
ORD-0121005,R-0297,2025-09-20,39.38,app,delivery,completed
ORD-0121006,R-0297,2025-09-07,22.48,web,delivery,completed
ORD-0121007,R-0297,2025-09-08,51.14,app,delivery,COMPLETED
ORD-0121008,R-0297,2025-09-15,40.35,app,delivery,completed
ORD-0121009,R-0297,2025-09-20,67.99,web,delivery,COMPLETED
ORD-0121010,R-0297,2025-09-11,27.17,app,delivery,completed
ORD-0121011,R-0297,2025-09-26,26.49,app,delivery,cancelled
ORD-0121012,R-0297,2025-09-05,16.24,web,delivery,completed
ORD-0121013,R-0297,2025-09-13,74.64,web,delivery,completed
ORD-0121014,R-0297,2025-09-17,46.70,web,delivery,completed
ORD-0121015,R-0297,2025-09-27,28.99,web,delivery,completed
ORD-0121016,R-0297,2025-09-27,35.85,web,delivery,completed
ORD-0121017,R-0297,2025-09-12,38.38,app,delivery,completed
ORD-0121018,R-0297,2025-09-30,16.63,app,delivery,completed
ORD-0121019,R-0297,2025-09-12,39.34,web,delivery,completed
ORD-0121020,R-0297,2025-09-01,32.52,app,delivery,completed
ORD-0121021,R-0297,2025-09-13,43.18,app,delivery,Completed
ORD-0121022,R-0297,2025-09-22,60.49,web,delivery,completed
ORD-0121023,R-0297,2025-09-14,28.10,web,delivery,completed
ORD-0121024,R-0297,2025-09-14,39.59,web,delivery,completed
ORD-0121025,R-0297,2025-09-21,26.49,app,delivery,completed
ORD-0121026,R-0297,2025-09-16,38.98,app,delivery,completed
ORD-0121027,R-0297,2025-09-24,52.01,app,delivery,completed
ORD-0121028,R-0297,2025-09-28,29.60,web,delivery,completed
ORD-0121029,R-0297,2025-09-07,38.77,web,delivery,completed
ORD-0121030,R-0297,2025-09-06,56.47,web,delivery,completed
ORD-0121031,R-0297,2025-09-20,36.20,web,delivery,cancelled
ORD-0121032,R-0297,2025-09-08,33.87,app,delivery,completed
ORD-0121033,R-0297,2025-09-10,35.19,app,delivery,completed
ORD-0121034,R-0297,2025-09-12,40.57,web,delivery,completed
ORD-0121035,R-0297,2025-09-26,34.23,app,pickup,completed
ORD-0121036,R-0297,2025-09-14,40.68,web,delivery,completed
ORD-0121037,R-0297,2025-09-20,32.59,web,pickup,completed
ORD-0121038,R-0297,2025-09-27,27.13,app,delivery,COMPLETED
ORD-0121039,R-0297,2025-09-02,37.38,web,delivery,COMPLETED
ORD-0121040,R-0297,2025-09-24,28.56,web,delivery,cancelled
ORD-0121041,R-0297,2025-09-04,36.06,app,delivery,completed
ORD-0121042,R-0297,2025-09-13,32.10,web,delivery,completed
ORD-0121043,R-0297,2025-09-19,43.25,web,delivery,Completed
ORD-0121044,R-0297,2025-09-19,38.79,web,delivery,completed
ORD-0121045,R-0297,2025-09-20,53.95,app,delivery,completed
ORD-0121046,R-0297,2025-09-06,18.51,app,delivery,completed
ORD-0121047,R-0297,2025-09-09,54.67,web,delivery,Completed
ORD-0121048,R-0297,2025-09-23,45.76,web,delivery,completed
ORD-0121049,R-0297,2025-09-17,39.45,web,delivery,completed
ORD-0121050,R-0297,2025-09-27,32.99,web,delivery,completed
ORD-0121051,R-0297,2025-09-11,66.74,web,pickup,completed
ORD-0121052,R-0297,2025-09-16,38.10,web,delivery,completed
ORD-0121053,R-0297,2025-09-30,26.91,app,delivery,completed
ORD-0121054,R-0297,2025-09-06,56.86,app,delivery,completed
ORD-0121055,R-0297,2025-09-12,30.80,web,delivery,completed
ORD-0121056,R-0297,2025-09-05,48.13,web,delivery,completed
ORD-0121057,R-0297,2025-09-26,37.44,web,delivery,Completed
ORD-0121058,R-0297,2025-09-13,39.28,app,delivery,completed
ORD-0121059,R-0297,2025-09-07,29.50,web,delivery,refunded
ORD-0124018,R-0305,2025-09-15,82.18,web,delivery,completed
ORD-0124019,R-0305,2025-09-13,33.70,app,delivery,COMPLETED
ORD-0124020,R-0305,2025-09-26,47.77,web,delivery,completed
ORD-0124021,R-0305,2025-09-06,81.09,web,delivery,completed
ORD-0124022,R-0305,2025-09-28,53.91,app,delivery,completed
ORD-0124023,R-0305,2025-09-04,71.76,web,delivery,completed
ORD-0124024,R-0305,2025-09-02,108.56,app,delivery,completed
ORD-0124025,R-0305,2025-09-06,29.62,app,delivery,completed
ORD-0124026,R-0305,2025-09-27,48.67,web,delivery,completed
ORD-0124027,R-0305,2025-09-06,56.75,web,delivery,completed
ORD-0124028,R-0305,2025-09-28,37.83,web,delivery,completed
ORD-0124029,R-0305,2025-09-13,87.46,app,delivery,completed
ORD-0124030,R-0305,2025-09-18,33.57,app,delivery,completed
ORD-0124031,R-0305,2025-09-19,72.13,web,delivery,COMPLETED
ORD-0124032,R-0305,2025-09-14,123.47,web,delivery,completed
ORD-0124033,R-0305,2025-09-24,80.68,web,delivery,completed
ORD-0124034,R-0305,2025-09-24,79.44,app,delivery,completed
ORD-0124035,R-0305,2025-09-17,86.02,app,delivery,completed
ORD-0124036,R-0305,2025-09-25,42.81,app,delivery,completed
ORD-0124037,R-0305,2025-09-02,60.76,web,delivery,completed
ORD-0124038,R-0305,2025-09-20,58.51,app,delivery,completed
ORD-0124039,R-0305,2025-09-29,47.06,web,delivery,completed
ORD-0124040,R-0305,2025-09-02,102.97,web,pickup,completed
ORD-0124041,R-0305,2025-09-06,39.49,app,delivery,completed
ORD-0124042,R-0305,2025-09-23,50.26,app,delivery,completed
ORD-0124043,R-0305,2025-09-12,67.41,app,delivery,completed
ORD-0124044,R-0305,2025-09-09,27.36,app,delivery,completed
ORD-0124045,R-0305,2025-09-21,108.77,web,delivery,Completed
ORD-0124046,R-0305,2025-09-26,19.76,web,delivery,completed
ORD-0124047,R-0305,2025-09-06,68.58,app,pickup,COMPLETED
ORD-0124048,R-0305,2025-09-26,55.23,web,delivery,completed
ORD-0124049,R-0305,2025-09-27,47.73,web,delivery,completed
ORD-0124050,R-0305,2025-09-09,37.43,web,delivery,completed
ORD-0124051,R-0305,2025-09-28,49.65,app,delivery,completed
ORD-0124052,R-0305,2025-09-28,72.64,web,delivery,completed
ORD-0124053,R-0305,2025-09-05,70.86,web,delivery,completed
ORD-0124054,R-0305,2025-09-09,70.42,web,delivery,completed
ORD-0124055,R-0305,2025-09-14,37.27,app,delivery,completed
ORD-0124056,R-0305,2025-09-19,38.56,web,delivery,completed
ORD-0124057,R-0305,2025-09-27,47.84,web,delivery,completed
ORD-0124058,R-0305,2025-09-13,41.27,app,delivery,completed
ORD-0124059,R-0305,2025-09-15,44.67,web,delivery,completed
ORD-0124060,R-0305,2025-09-28,38.47,web,delivery,completed
ORD-0124061,R-0305,2025-09-18,55.17,web,delivery,completed
ORD-0124062,R-0305,2025-09-27,66.58,app,delivery,completed
ORD-0124063,R-0305,2025-09-20,42.23,web,delivery,completed
ORD-0124064,R-0305,2025-09-26,56.22,app,delivery,completed
ORD-0124065,R-0305,2025-09-05,52.20,web,delivery,completed
ORD-0124066,R-0305,2025-09-10,37.01,app,delivery,completed
ORD-0124067,R-0305,2025-09-13,46.45,web,delivery,completed
ORD-0124068,R-0305,2025-09-03,45.95,app,delivery,Completed
ORD-0124069,R-0305,2025-09-20,94.76,app,delivery,completed
ORD-0124070,R-0305,2025-09-04,46.88,web,delivery,completed
ORD-0124071,R-0305,2025-09-15,51.27,app,delivery,completed
ORD-0125095,R-0309,2025-09-14,49.44,web,delivery,completed
ORD-0125096,R-0309,2025-09-12,87.09,app,delivery,completed
ORD-0125097,R-0309,2025-09-20,35.12,app,pickup,cancelled
ORD-0125098,R-0309,2025-09-27,42.18,app,pickup,completed
ORD-0125099,R-0309,2025-09-18,29.23,web,delivery,Completed
ORD-0125100,R-0309,2025-09-24,39.66,app,pickup,completed
ORD-0125101,R-0309,2025-09-20,28.33,app,delivery,completed
ORD-0125102,R-0309,2025-09-10,52.50,app,pickup,completed
ORD-0125103,R-0309,2025-09-08,42.70,web,pickup,Completed
ORD-0125104,R-0309,2025-09-09,25.22,web,delivery,completed
ORD-0125105,R-0309,2025-09-28,31.46,app,delivery,completed
ORD-0125106,R-0309,2025-09-09,21.28,app,pickup,completed
ORD-0125107,R-0309,2025-09-20,57.63,app,pickup,COMPLETED
ORD-0125108,R-0309,2025-09-17,32.94,app,pickup,completed
ORD-0125109,R-0309,2025-09-22,25.31,app,pickup,completed
ORD-0125110,R-0309,2025-09-17,68.10,web,pickup,completed
ORD-0125111,R-0309,2025-09-10,34.16,web,pickup,completed
ORD-0125112,R-0309,2025-09-19,38.04,app,delivery,completed
ORD-0125113,R-0309,2025-09-28,45.92,web,delivery,Completed
ORD-0125114,R-0309,2025-09-18,38.85,app,pickup,completed
ORD-0129949,R-0323,2025-09-04,34.12,web,delivery,completed
ORD-0129950,R-0323,2025-09-09,15.49,app,delivery,completed
ORD-0129951,R-0323,2025-09-07,30.02,app,pickup,completed
ORD-0129952,R-0323,2025-09-20,26.56,app,delivery,completed
ORD-0129953,R-0323,2025-09-01,41.32,app,delivery,completed
ORD-0129954,R-0323,2025-09-20,48.47,app,delivery,completed
ORD-0129955,R-0323,2025-09-23,34.39,web,delivery,completed
ORD-0129956,R-0323,2025-09-28,31.38,web,delivery,completed
ORD-0129957,R-0323,2025-09-13,14.25,web,delivery,completed
ORD-0129958,R-0323,2025-09-19,27.14,web,delivery,completed
ORD-0129959,R-0323,2025-09-06,33.02,web,delivery,completed
ORD-0129960,R-0323,2025-09-21,28.00,web,delivery,completed
ORD-0129961,R-0323,2025-09-01,17.40,web,delivery,completed
ORD-0129962,R-0323,2025-09-23,22.21,app,delivery,cancelled
ORD-0129963,R-0323,2025-09-26,59.20,app,delivery,Completed
ORD-0129964,R-0323,2025-09-23,23.61,web,pickup,completed
ORD-0129965,R-0323,2025-09-23,14.39,app,pickup,completed
ORD-0129966,R-0323,2025-09-27,21.64,web,delivery,COMPLETED
ORD-0129967,R-0323,2025-09-18,29.90,app,pickup,completed
ORD-0129968,R-0323,2025-09-10,31.79,app,pickup,completed
ORD-0129969,R-0323,2025-09-24,102.10,app,pickup,completed
ORD-0129970,R-0323,2025-09-02,32.46,app,delivery,completed
ORD-0129971,R-0323,2025-09-21,20.63,web,delivery,completed
ORD-0129972,R-0323,2025-09-05,26.75,web,delivery,completed
ORD-0129973,R-0323,2025-09-19,26.48,web,delivery,completed
ORD-0129974,R-0323,2025-09-28,18.01,web,pickup,completed
ORD-0129975,R-0323,2025-09-04,29.67,app,delivery,completed
ORD-0129976,R-0323,2025-09-17,32.44,web,delivery,completed
ORD-0129977,R-0323,2025-09-20,26.15,web,pickup,Completed
ORD-0129978,R-0323,2025-09-19,26.01,app,delivery,completed
ORD-0129979,R-0323,2025-09-20,21.81,app,pickup,completed
ORD-0129980,R-0323,2025-09-18,39.32,web,pickup,completed
ORD-0129981,R-0323,2025-09-27,28.85,app,delivery,COMPLETED
ORD-0129982,R-0323,2025-09-13,18.31,app,delivery,completed
ORD-0129983,R-0323,2025-09-25,20.15,web,pickup,completed
ORD-0129984,R-0323,2025-09-26,13.05,app,delivery,completed
ORD-0129985,R-0323,2025-09-26,48.39,web,delivery,completed
ORD-0129986,R-0323,2025-09-20,33.86,app,pickup,completed
ORD-0129987,R-0323,2025-09-20,31.78,web,delivery,Completed
ORD-0129988,R-0323,2025-09-04,15.49,app,pickup,completed
ORD-0129989,R-0323,2025-09-05,40.90,web,delivery,completed
ORD-0129990,R-0323,2025-09-08,16.57,app,pickup,completed
ORD-0129991,R-0323,2025-09-28,25.72,app,delivery,completed
ORD-0129992,R-0323,2025-09-19,31.78,web,delivery,completed
ORD-0129993,R-0323,2025-09-06,42.84,app,delivery,completed
ORD-0129994,R-0323,2025-09-18,26.60,web,pickup,completed
ORD-0129995,R-0323,2025-09-21,31.63,web,pickup,completed
ORD-0129996,R-0323,2025-09-27,40.25,web,pickup,completed
ORD-0129997,R-0323,2025-09-04,30.82,app,delivery,completed
ORD-0129998,R-0323,2025-09-27,18.62,web,delivery,completed
ORD-0129999,R-0323,2025-09-12,45.88,web,delivery,completed
ORD-0130000,R-0323,2025-09-28,23.40,app,pickup,COMPLETED
ORD-0130001,R-0323,2025-09-10,16.76,app,delivery,COMPLETED
ORD-0130002,R-0323,2025-09-27,32.78,web,delivery,refunded
ORD-0130003,R-0323,2025-09-06,19.18,app,delivery,completed
ORD-0130004,R-0323,2025-09-05,37.05,app,delivery,COMPLETED
ORD-0130005,R-0323,2025-09-25,13.20,web,delivery,completed
ORD-0130006,R-0323,2025-09-27,66.82,app,delivery,completed
ORD-0130007,R-0323,2025-09-28,26.56,app,delivery,completed
ORD-0130008,R-0323,2025-09-26,6.73,web,delivery,completed
ORD-0130009,R-0323,2025-09-24,27.97,web,pickup,completed
ORD-0130010,R-0323,2025-09-02,29.07,web,pickup,completed
ORD-0130011,R-0323,2025-09-21,17.06,app,delivery,completed
ORD-0130012,R-0323,2025-09-18,35.38,web,delivery,completed
ORD-0130013,R-0323,2025-09-18,30.86,app,pickup,completed
ORD-0130014,R-0323,2025-09-06,48.56,app,delivery,completed
ORD-0130015,R-0323,2025-09-17,16.90,app,delivery,completed
ORD-0130016,R-0323,2025-09-19,39.75,app,delivery,completed
ORD-0130017,R-0323,2025-09-11,29.80,app,pickup,completed
ORD-0130018,R-0323,2025-09-04,32.87,app,delivery,completed
ORD-0130019,R-0323,2025-09-10,31.26,app,delivery,COMPLETED
ORD-0130020,R-0323,2025-09-16,21.28,app,pickup,completed
ORD-0130021,R-0323,2025-09-16,23.20,web,delivery,COMPLETED
ORD-0130022,R-0323,2025-09-23,21.28,app,delivery,completed
ORD-0130023,R-0323,2025-09-07,35.34,app,delivery,completed
ORD-0130024,R-0323,2025-09-07,27.26,app,delivery,completed
ORD-0130025,R-0323,2025-09-10,34.53,app,pickup,completed
ORD-0130026,R-0323,2025-09-01,50.58,web,delivery,Completed
ORD-0130027,R-0323,2025-09-18,22.78,app,delivery,completed
ORD-0130028,R-0323,2025-09-27,25.26,web,delivery,completed
ORD-0130029,R-0323,2025-09-10,25.75,web,delivery,completed
ORD-0130030,R-0323,2025-09-20,39.45,web,delivery,completed
ORD-0130031,R-0323,2025-09-27,30.68,web,delivery,completed
ORD-0130032,R-0323,2025-09-22,25.55,web,delivery,completed
ORD-0130033,R-0323,2025-09-25,26.71,app,pickup,completed
ORD-0130034,R-0323,2025-09-26,42.61,app,delivery,completed
ORD-0130035,R-0323,2025-09-20,28.71,web,delivery,completed
ORD-0130036,R-0323,2025-09-10,10.40,app,delivery,completed
ORD-0130037,R-0323,2025-09-07,17.48,web,delivery,Completed
ORD-0130038,R-0323,2025-09-08,35.83,app,delivery,completed
ORD-0130039,R-0323,2025-09-16,24.83,app,delivery,completed
ORD-0130040,R-0323,2025-09-11,34.44,app,delivery,completed
ORD-0130041,R-0323,2025-09-28,21.26,web,delivery,completed
ORD-0130042,R-0323,2025-09-26,61.13,web,pickup,completed
ORD-0130043,R-0323,2025-09-17,49.35,web,delivery,completed
ORD-0130044,R-0323,2025-09-16,27.01,web,delivery,completed
ORD-0130045,R-0323,2025-09-07,44.45,app,pickup,completed
ORD-0130046,R-0323,2025-09-27,19.17,web,delivery,completed
ORD-0130047,R-0323,2025-09-13,49.66,web,pickup,completed
ORD-0130048,R-0323,2025-09-25,42.50,web,delivery,completed
ORD-0130049,R-0323,2025-09-27,22.58,web,delivery,completed
ORD-0130050,R-0323,2025-09-10,39.23,app,delivery,completed
ORD-0130051,R-0323,2025-09-15,23.51,web,delivery,completed
ORD-0130052,R-0323,2025-09-12,47.68,web,delivery,completed
ORD-0130053,R-0323,2025-09-16,27.46,web,delivery,completed
ORD-0130054,R-0323,2025-09-12,26.52,app,delivery,completed
ORD-0130055,R-0323,2025-09-25,24.01,web,delivery,completed
ORD-0130056,R-0323,2025-09-21,34.10,app,pickup,completed
ORD-0130057,R-0323,2025-09-28,27.90,web,pickup,completed
ORD-0130058,R-0323,2025-09-04,29.50,app,delivery,completed
ORD-0130059,R-0323,2025-09-16,24.93,app,delivery,completed
ORD-0130060,R-0323,2025-09-21,38.42,app,delivery,completed
ORD-0130061,R-0323,2025-09-22,28.76,app,delivery,completed
ORD-0130062,R-0323,2025-09-24,43.59,app,delivery,completed
ORD-0130063,R-0323,2025-09-06,47.41,web,delivery,completed
ORD-0130064,R-0323,2025-09-19,37.11,app,pickup,completed
ORD-0130065,R-0323,2025-09-12,38.05,app,delivery,completed
ORD-0130066,R-0323,2025-09-11,16.20,app,delivery,COMPLETED
ORD-0130067,R-0323,2025-09-20,24.72,web,delivery,completed
ORD-0130068,R-0323,2025-09-29,16.72,app,delivery,Completed
ORD-0130069,R-0323,2025-09-06,24.87,web,delivery,completed
ORD-0130070,R-0323,2025-09-20,19.63,web,delivery,completed
ORD-0130071,R-0323,2025-09-05,16.35,web,delivery,completed
ORD-0130072,R-0323,2025-09-18,25.19,app,delivery,completed
ORD-0130073,R-0323,2025-09-17,20.49,web,delivery,completed
ORD-0130074,R-0323,2025-09-05,30.93,app,pickup,completed
ORD-0130075,R-0323,2025-09-26,27.73,web,delivery,completed
ORD-0130076,R-0323,2025-09-06,18.85,app,delivery,COMPLETED
ORD-0130077,R-0323,2025-09-25,17.50,app,delivery,completed
ORD-0130078,R-0323,2025-09-23,53.36,web,delivery,COMPLETED
ORD-0130079,R-0323,2025-09-22,34.05,web,delivery,completed
ORD-0130080,R-0323,2025-09-27,26.61,web,delivery,Completed
ORD-0130081,R-0323,2025-09-11,25.14,app,delivery,completed
ORD-0130082,R-0323,2025-09-27,34.69,app,delivery,completed
ORD-0130083,R-0323,2025-09-02,25.70,web,delivery,completed
ORD-0130084,R-0323,2025-09-26,70.81,app,pickup,Cancelled
ORD-0130085,R-0323,2025-09-15,37.34,app,delivery,completed
ORD-0130086,R-0323,2025-09-14,25.74,app,delivery,Completed
ORD-0130087,R-0323,2025-09-12,37.45,app,delivery,completed
ORD-0130088,R-0323,2025-09-28,40.26,app,delivery,completed
ORD-0130089,R-0323,2025-09-18,27.09,web,pickup,completed
ORD-0130090,R-0323,2025-09-17,57.67,app,delivery,completed
ORD-0130091,R-0323,2025-09-16,19.83,web,delivery,completed
ORD-0130092,R-0323,2025-09-18,19.61,web,delivery,COMPLETED
ORD-0130093,R-0323,2025-09-07,15.05,app,delivery,completed
ORD-0130094,R-0323,2025-09-11,42.12,app,pickup,completed
ORD-0130095,R-0323,2025-09-19,33.24,app,pickup,completed
ORD-0130096,R-0323,2025-09-22,36.56,app,delivery,completed
ORD-0130097,R-0323,2025-09-21,17.02,web,pickup,Completed
ORD-0130098,R-0323,2025-09-09,30.04,web,delivery,completed
ORD-0130099,R-0323,2025-09-20,23.54,web,delivery,completed
ORD-0130100,R-0323,2025-09-13,18.14,app,delivery,completed
ORD-0130101,R-0323,2025-09-28,18.66,app,delivery,completed
ORD-0130102,R-0323,2025-09-11,32.00,web,pickup,completed
ORD-0130103,R-0323,2025-09-04,49.13,web,pickup,completed
ORD-0130104,R-0323,2025-09-25,18.98,app,delivery,completed
ORD-0130105,R-0323,2025-09-07,23.09,web,delivery,completed
ORD-0130106,R-0323,2025-09-27,28.31,app,delivery,completed
ORD-0130107,R-0323,2025-09-27,46.81,app,delivery,completed
ORD-0130108,R-0323,2025-09-11,20.89,app,delivery,completed
ORD-0130109,R-0323,2025-09-20,19.72,web,delivery,completed
ORD-0130110,R-0323,2025-09-06,32.72,web,delivery,completed
ORD-0130111,R-0323,2025-09-24,22.83,app,pickup,completed
ORD-0130112,R-0323,2025-09-26,16.65,web,delivery,completed
ORD-0130113,R-0323,2025-09-26,30.44,app,pickup,completed
ORD-0130114,R-0323,2025-09-07,22.32,app,delivery,completed
ORD-0130115,R-0323,2025-09-27,37.23,app,pickup,completed
ORD-0130116,R-0323,2025-09-13,40.91,web,delivery,completed
ORD-0130117,R-0323,2025-09-03,36.09,app,pickup,completed
ORD-0130118,R-0323,2025-09-05,36.47,app,delivery,completed
ORD-0130119,R-0323,2025-09-16,9.98,web,delivery,completed
ORD-0130120,R-0323,2025-09-28,41.74,app,delivery,COMPLETED
ORD-0130121,R-0323,2025-09-04,22.81,app,delivery,completed
ORD-0130122,R-0323,2025-09-26,55.65,web,pickup,completed
ORD-0130123,R-0323,2025-09-04,36.00,web,delivery,completed
ORD-0130124,R-0323,2025-09-12,21.42,app,delivery,completed
ORD-0130125,R-0323,2025-09-05,38.30,web,delivery,completed
ORD-0130126,R-0323,2025-09-22,29.91,web,delivery,completed
ORD-0130127,R-0323,2025-09-27,37.77,app,delivery,completed
ORD-0130128,R-0323,2025-09-19,13.46,app,delivery,COMPLETED
ORD-0130129,R-0323,2025-09-05,24.14,app,pickup,completed
ORD-0130130,R-0323,2025-09-17,39.75,app,delivery,completed
ORD-0130131,R-0323,2025-09-07,23.48,web,delivery,completed
ORD-0130132,R-0323,2025-09-05,31.75,app,pickup,completed
ORD-0130133,R-0323,2025-09-18,31.47,app,delivery,completed
ORD-0130134,R-0323,2025-09-27,22.31,web,delivery,completed
ORD-0130135,R-0323,2025-09-30,38.50,app,delivery,completed
ORD-0130136,R-0323,2025-09-26,18.85,app,delivery,completed
ORD-0130137,R-0323,2025-09-24,33.35,app,delivery,completed
ORD-0130138,R-0323,2025-09-09,15.79,web,delivery,completed
ORD-0130139,R-0323,2025-09-13,35.98,app,pickup,completed
ORD-0130140,R-0323,2025-09-11,28.82,app,delivery,completed
ORD-0130141,R-0323,2025-09-06,56.35,app,delivery,completed
ORD-0130142,R-0323,2025-09-22,20.63,app,delivery,completed
ORD-0130143,R-0323,2025-09-29,18.33,web,delivery,COMPLETED
ORD-0132745,R-0324,2025-09-20,30.28,web,delivery,completed
ORD-0132746,R-0324,2025-09-25,65.81,web,delivery,Completed
ORD-0132747,R-0324,2025-09-20,34.29,app,delivery,completed
ORD-0132748,R-0324,2025-09-04,38.90,app,delivery,completed
ORD-0132749,R-0324,2025-09-01,26.16,web,pickup,refunded
ORD-0132750,R-0324,2025-09-19,43.47,web,delivery,completed
ORD-0132751,R-0324,2025-09-22,49.73,app,delivery,COMPLETED
ORD-0132752,R-0324,2025-09-20,33.41,web,delivery,completed
ORD-0132753,R-0324,2025-09-05,71.53,app,delivery,completed
ORD-0132754,R-0324,2025-09-20,37.54,app,pickup,completed
ORD-0132755,R-0324,2025-09-17,27.40,app,delivery,completed
ORD-0132756,R-0324,2025-09-16,44.47,app,delivery,cancelled
ORD-0132757,R-0324,2025-09-01,37.31,web,pickup,completed
ORD-0132758,R-0324,2025-09-16,41.01,app,delivery,Completed
ORD-0132759,R-0324,2025-09-04,22.78,app,delivery,completed
ORD-0132760,R-0324,2025-09-28,22.61,web,delivery,completed
ORD-0132761,R-0324,2025-09-24,43.27,web,delivery,completed
ORD-0132762,R-0324,2025-09-07,18.95,app,pickup,completed
ORD-0132763,R-0324,2025-09-14,35.96,web,pickup,completed
ORD-0132764,R-0324,2025-09-20,34.68,app,pickup,completed
ORD-0132765,R-0324,2025-09-12,26.77,web,pickup,completed
ORD-0132766,R-0324,2025-09-27,30.64,app,pickup,completed
ORD-0132767,R-0324,2025-09-06,24.90,app,delivery,completed
ORD-0132768,R-0324,2025-09-10,18.34,app,pickup,completed
ORD-0132769,R-0324,2025-09-18,28.03,web,delivery,completed
ORD-0132770,R-0324,2025-09-18,24.46,app,delivery,completed
ORD-0132771,R-0324,2025-09-12,35.06,app,delivery,completed
ORD-0132772,R-0324,2025-09-01,24.63,web,delivery,cancelled
ORD-0132773,R-0324,2025-09-23,28.47,app,delivery,completed
ORD-0132774,R-0324,2025-09-06,24.01,web,pickup,COMPLETED
ORD-0132775,R-0324,2025-09-25,38.37,app,delivery,completed
ORD-0132776,R-0324,2025-09-28,33.22,app,pickup,completed
ORD-0132777,R-0324,2025-09-25,25.18,web,pickup,completed
ORD-0132778,R-0324,2025-09-11,23.81,app,delivery,completed
ORD-0132944,R-0326,2025-09-29,12.17,web,pickup,completed
ORD-0132945,R-0326,2025-09-08,10.29,web,delivery,completed
ORD-0132946,R-0326,2025-09-18,18.61,web,delivery,COMPLETED
ORD-0132947,R-0326,2025-09-18,31.11,web,delivery,completed
ORD-0132948,R-0326,2025-09-07,23.91,app,delivery,completed
ORD-0132949,R-0326,2025-09-01,19.71,web,pickup,completed
ORD-0132950,R-0326,2025-09-29,11.60,web,pickup,completed
ORD-0132951,R-0326,2025-09-13,14.20,web,pickup,completed
ORD-0132952,R-0326,2025-09-17,24.13,app,pickup,Completed
ORD-0132953,R-0326,2025-09-26,12.04,web,delivery,completed
ORD-0132954,R-0326,2025-09-17,37.52,app,delivery,completed
ORD-0132955,R-0326,2025-09-01,8.41,app,delivery,completed
ORD-0132956,R-0326,2025-09-20,17.56,web,delivery,completed
ORD-0132957,R-0326,2025-09-12,20.60,web,delivery,completed
ORD-0132958,R-0326,2025-09-20,14.30,web,delivery,completed
ORD-0132959,R-0326,2025-09-05,14.80,web,delivery,completed
ORD-0132960,R-0326,2025-09-18,13.73,app,delivery,COMPLETED
ORD-0132961,R-0326,2025-09-27,19.30,web,delivery,COMPLETED
ORD-0132962,R-0326,2025-09-10,17.17,app,pickup,completed
ORD-0132963,R-0326,2025-09-02,21.03,web,delivery,completed
ORD-0132964,R-0326,2025-09-24,41.66,web,pickup,completed
ORD-0132965,R-0326,2025-09-04,43.28,app,delivery,completed
ORD-0132966,R-0326,2025-09-18,12.90,web,pickup,cancelled
ORD-0132967,R-0326,2025-09-12,20.23,web,delivery,completed
ORD-0132968,R-0326,2025-09-03,11.44,web,pickup,completed
ORD-0132969,R-0326,2025-09-24,9.17,web,pickup,completed
ORD-0132970,R-0326,2025-09-28,24.34,web,delivery,completed
ORD-0132971,R-0326,2025-09-03,20.76,web,pickup,completed
ORD-0132972,R-0326,2025-09-27,33.86,web,delivery,completed
ORD-0132973,R-0326,2025-09-25,23.89,web,delivery,completed
ORD-0132974,R-0326,2025-09-12,15.68,web,delivery,completed
ORD-0132975,R-0326,2025-09-20,25.89,web,delivery,COMPLETED
ORD-0132976,R-0326,2025-09-02,17.49,web,pickup,completed
ORD-0132977,R-0326,2025-09-14,10.45,web,pickup,completed
ORD-0132978,R-0326,2025-09-02,17.35,app,delivery,completed
ORD-0132979,R-0326,2025-09-19,17.11,web,pickup,completed
ORD-0132980,R-0326,2025-09-17,38.42,web,pickup,completed
ORD-0132981,R-0326,2025-09-21,19.80,web,delivery,completed
ORD-0132982,R-0326,2025-09-22,10.84,web,delivery,completed
ORD-0132983,R-0326,2025-09-21,16.02,web,delivery,completed
ORD-0132984,R-0326,2025-09-06,21.16,web,pickup,Completed
ORD-0132985,R-0326,2025-09-09,46.42,web,delivery,completed
ORD-0132986,R-0326,2025-09-08,29.67,web,pickup,completed
ORD-0132987,R-0326,2025-09-26,29.23,app,delivery,completed
ORD-0132988,R-0326,2025-09-01,24.03,web,delivery,completed
ORD-0132989,R-0326,2025-09-01,15.26,web,delivery,completed
ORD-0132990,R-0326,2025-09-14,26.55,web,delivery,completed
ORD-0132991,R-0326,2025-09-18,6.00,app,pickup,completed
ORD-0132992,R-0326,2025-09-25,14.22,web,delivery,completed
ORD-0132993,R-0326,2025-09-07,13.51,web,delivery,cancelled
ORD-0132994,R-0326,2025-09-06,20.80,web,delivery,completed
ORD-0132995,R-0326,2025-09-24,28.99,web,pickup,Completed
ORD-0132996,R-0326,2025-09-03,23.95,web,delivery,refunded
ORD-0132997,R-0326,2025-09-12,19.15,web,pickup,completed
ORD-0132998,R-0326,2025-09-12,21.64,web,delivery,completed
ORD-0132999,R-0326,2025-09-12,30.71,web,delivery,completed
ORD-0133000,R-0326,2025-09-25,18.20,app,pickup,completed
ORD-0133001,R-0326,2025-09-14,24.01,app,pickup,completed
ORD-0133002,R-0326,2025-09-04,48.89,app,delivery,completed
ORD-0133003,R-0326,2025-09-22,19.27,web,delivery,completed
ORD-0134293,R-0329,2025-09-30,11.32,web,delivery,completed
ORD-0134294,R-0329,2025-09-13,21.62,web,delivery,completed
ORD-0134295,R-0329,2025-09-16,24.50,app,delivery,Completed
ORD-0134296,R-0329,2025-09-10,37.88,app,pickup,completed
ORD-0134297,R-0329,2025-09-04,38.83,app,delivery,completed
ORD-0134298,R-0329,2025-09-23,19.83,web,pickup,completed
ORD-0134299,R-0329,2025-09-21,41.07,app,pickup,completed
ORD-0134300,R-0329,2025-09-07,20.34,app,pickup,COMPLETED
ORD-0134301,R-0329,2025-09-12,44.95,web,pickup,completed
ORD-0134302,R-0329,2025-09-11,12.83,web,delivery,completed
ORD-0134303,R-0329,2025-09-19,21.09,web,pickup,completed
ORD-0134304,R-0329,2025-09-04,21.23,web,delivery,completed
ORD-0134305,R-0329,2025-09-29,24.09,app,delivery,completed
ORD-0134306,R-0329,2025-09-06,27.11,app,delivery,completed
ORD-0134307,R-0329,2025-09-18,26.76,app,delivery,completed
ORD-0134308,R-0329,2025-09-27,15.98,app,pickup,completed
ORD-0134309,R-0329,2025-09-03,37.44,app,delivery,completed
ORD-0134310,R-0329,2025-09-16,22.92,web,delivery,Completed
ORD-0134311,R-0329,2025-09-22,20.13,app,delivery,cancelled
ORD-0134312,R-0329,2025-09-04,30.19,app,pickup,completed
ORD-0134313,R-0329,2025-09-11,51.36,web,delivery,Completed
ORD-0134314,R-0329,2025-09-10,36.48,app,delivery,completed
ORD-0134315,R-0329,2025-09-26,21.04,app,delivery,completed
ORD-0134316,R-0329,2025-09-24,16.39,app,pickup,completed
ORD-0134317,R-0329,2025-09-17,16.74,app,delivery,completed
ORD-0134318,R-0329,2025-09-20,43.65,web,pickup,completed
ORD-0134319,R-0329,2025-09-27,34.42,app,delivery,completed
ORD-0134320,R-0329,2025-09-23,23.08,web,pickup,completed
ORD-0134915,R-0330,2025-09-19,44.88,web,delivery,completed
ORD-0134916,R-0330,2025-09-19,56.75,web,pickup,completed
ORD-0134917,R-0330,2025-09-03,46.50,web,pickup,completed
ORD-0134918,R-0330,2025-09-24,20.11,app,pickup,completed
ORD-0134919,R-0330,2025-09-17,25.99,web,pickup,completed
ORD-0134920,R-0330,2025-09-20,26.50,app,pickup,completed
ORD-0134921,R-0330,2025-09-28,26.30,app,delivery,completed
ORD-0134922,R-0330,2025-09-17,16.04,app,delivery,completed
ORD-0134923,R-0330,2025-09-12,39.72,web,pickup,COMPLETED
ORD-0134924,R-0330,2025-09-27,28.43,app,pickup,completed
ORD-0134925,R-0330,2025-09-06,31.32,app,pickup,completed
ORD-0134926,R-0330,2025-09-13,18.40,app,delivery,completed
ORD-0134927,R-0330,2025-09-06,29.91,web,delivery,completed
ORD-0134928,R-0330,2025-09-18,19.41,app,pickup,completed
ORD-0134929,R-0330,2025-09-16,50.26,app,delivery,completed
ORD-0134930,R-0330,2025-09-19,31.64,web,pickup,completed
ORD-0134931,R-0330,2025-09-20,46.07,web,delivery,completed
ORD-0134932,R-0330,2025-09-17,34.71,web,pickup,COMPLETED
ORD-0134933,R-0330,2025-09-07,28.81,app,delivery,completed
ORD-0134934,R-0330,2025-09-15,11.86,web,pickup,completed
ORD-0134935,R-0330,2025-09-23,38.16,web,delivery,completed
ORD-0134960,R-0331,2025-09-13,26.75,web,pickup,Completed
ORD-0134961,R-0331,2025-09-15,40.83,web,delivery,completed
ORD-0134962,R-0331,2025-09-07,27.16,app,pickup,completed
ORD-0134963,R-0331,2025-09-20,53.71,app,delivery,completed
ORD-0134964,R-0331,2025-09-17,54.05,app,delivery,completed
ORD-0134965,R-0331,2025-09-20,44.73,app,delivery,completed
ORD-0134966,R-0331,2025-09-21,17.62,app,delivery,completed
ORD-0134967,R-0331,2025-09-30,57.36,app,delivery,completed
ORD-0134968,R-0331,2025-09-19,18.22,app,pickup,completed
ORD-0134969,R-0331,2025-09-19,59.20,app,delivery,completed
ORD-0134970,R-0331,2025-09-02,21.30,app,delivery,completed
ORD-0135240,R-0334,2025-09-18,45.04,app,pickup,completed
ORD-0135241,R-0334,2025-09-20,55.77,web,delivery,COMPLETED
ORD-0135242,R-0334,2025-09-13,36.41,web,pickup,completed
ORD-0135243,R-0334,2025-09-04,43.80,app,pickup,completed
ORD-0135244,R-0334,2025-09-12,41.59,app,delivery,completed
ORD-0135245,R-0334,2025-09-09,36.11,web,pickup,completed
ORD-0135246,R-0334,2025-09-04,22.24,app,pickup,completed
ORD-0135247,R-0334,2025-09-26,62.30,web,pickup,completed
ORD-0135248,R-0334,2025-09-08,70.72,web,delivery,completed
ORD-0135249,R-0334,2025-09-24,42.56,web,delivery,completed
ORD-0135250,R-0334,2025-09-01,54.46,web,delivery,completed
ORD-0135251,R-0334,2025-09-06,30.90,app,pickup,completed
ORD-0135252,R-0334,2025-09-27,61.10,app,pickup,completed
ORD-0135253,R-0334,2025-09-26,46.16,web,delivery,completed
ORD-0135254,R-0334,2025-09-17,42.71,web,delivery,completed
ORD-0135255,R-0334,2025-09-13,31.79,web,pickup,completed
ORD-0135256,R-0334,2025-09-11,55.01,app,delivery,completed
ORD-0135257,R-0334,2025-09-05,96.38,web,pickup,completed
ORD-0135258,R-0334,2025-09-27,58.39,app,delivery,completed
ORD-0135259,R-0334,2025-09-13,29.05,web,pickup,completed
ORD-0135260,R-0334,2025-09-26,51.31,app,pickup,completed
ORD-0135261,R-0334,2025-09-01,60.96,web,pickup,COMPLETED
ORD-0135262,R-0334,2025-09-20,62.52,app,pickup,COMPLETED
ORD-0135263,R-0334,2025-09-20,49.51,web,pickup,completed
ORD-0135264,R-0334,2025-09-06,44.06,web,delivery,completed
ORD-0135265,R-0334,2025-09-06,32.05,app,pickup,completed
ORD-0135266,R-0334,2025-09-12,52.12,web,delivery,Completed
ORD-0135267,R-0334,2025-09-19,64.01,app,pickup,Completed
ORD-0135268,R-0334,2025-09-23,46.44,app,delivery,completed
ORD-0135269,R-0334,2025-09-11,56.93,app,pickup,completed
ORD-0135270,R-0334,2025-09-12,42.94,app,pickup,Completed
ORD-0135271,R-0334,2025-09-28,42.74,web,pickup,completed
ORD-0135272,R-0334,2025-09-22,42.16,web,pickup,completed
ORD-0135273,R-0334,2025-09-18,41.51,web,delivery,completed
ORD-0135274,R-0334,2025-09-04,41.97,web,pickup,completed
ORD-0135275,R-0334,2025-09-13,74.06,app,pickup,completed
ORD-0135276,R-0334,2025-09-17,55.31,web,pickup,completed
ORD-0135277,R-0334,2025-09-27,94.55,web,pickup,completed
ORD-0135278,R-0334,2025-09-24,35.81,web,delivery,refunded
ORD-0135279,R-0334,2025-09-09,60.14,app,pickup,completed
ORD-0135280,R-0334,2025-09-08,40.93,app,delivery,completed
ORD-0135281,R-0334,2025-09-27,52.43,app,pickup,COMPLETED
ORD-0135282,R-0334,2025-09-14,38.09,web,pickup,completed
ORD-0135283,R-0334,2025-09-20,60.15,app,delivery,completed
ORD-0135284,R-0334,2025-09-10,70.23,web,pickup,completed
ORD-0135285,R-0334,2025-09-19,41.36,app,pickup,completed
ORD-0135286,R-0334,2025-09-27,41.69,app,pickup,completed
ORD-0135287,R-0334,2025-09-06,63.00,web,pickup,COMPLETED
ORD-0135288,R-0334,2025-09-05,81.07,web,pickup,completed
ORD-0135289,R-0334,2025-09-18,79.51,web,pickup,completed
ORD-0135290,R-0334,2025-09-29,41.12,web,delivery,completed
ORD-0135291,R-0334,2025-09-12,69.39,app,delivery,completed
ORD-0135292,R-0334,2025-09-21,47.23,web,pickup,completed
ORD-0135293,R-0334,2025-09-03,67.20,web,pickup,completed
ORD-0135294,R-0334,2025-09-19,40.08,web,pickup,cancelled
ORD-0135295,R-0334,2025-09-05,63.46,app,pickup,completed
ORD-0135296,R-0334,2025-09-25,73.78,app,pickup,completed
ORD-0135297,R-0334,2025-09-07,30.77,web,pickup,completed
ORD-0135298,R-0334,2025-09-12,60.42,web,pickup,completed
ORD-0135299,R-0334,2025-09-06,27.66,app,pickup,refunded
ORD-0135300,R-0334,2025-09-20,50.02,app,pickup,completed
ORD-0135301,R-0334,2025-09-27,48.20,web,pickup,completed
ORD-0135302,R-0334,2025-09-22,91.15,web,pickup,completed
ORD-0135303,R-0334,2025-09-27,23.93,web,pickup,completed
ORD-0135304,R-0334,2025-09-03,27.42,app,pickup,completed
ORD-0135305,R-0334,2025-09-22,34.34,web,pickup,completed
ORD-0135306,R-0334,2025-09-22,77.64,web,delivery,completed
ORD-0135307,R-0334,2025-09-06,64.03,app,delivery,Refunded
ORD-0135308,R-0334,2025-09-11,41.40,app,pickup,COMPLETED
ORD-0135309,R-0334,2025-09-28,43.46,web,pickup,completed
ORD-0135310,R-0334,2025-09-19,41.72,app,delivery,completed
ORD-0135311,R-0334,2025-09-14,51.35,web,delivery,COMPLETED
ORD-0135312,R-0334,2025-09-14,49.97,web,pickup,COMPLETED
ORD-0135313,R-0334,2025-09-09,49.54,web,pickup,completed
ORD-0135314,R-0334,2025-09-06,28.85,app,delivery,cancelled
ORD-0135315,R-0334,2025-09-30,67.45,web,pickup,completed
ORD-0135316,R-0334,2025-09-18,42.99,app,pickup,completed
ORD-0135317,R-0334,2025-09-22,28.14,web,delivery,completed
ORD-0135318,R-0334,2025-09-04,40.65,web,delivery,completed
ORD-0135319,R-0334,2025-09-20,68.35,app,pickup,completed
ORD-0135320,R-0334,2025-09-12,78.16,web,pickup,completed
ORD-0135321,R-0334,2025-09-02,37.15,app,pickup,COMPLETED
ORD-0135322,R-0334,2025-09-09,34.83,web,pickup,completed
ORD-0135323,R-0334,2025-09-18,25.41,app,pickup,completed
ORD-0135324,R-0334,2025-09-13,64.20,web,delivery,completed
ORD-0135325,R-0334,2025-09-13,48.60,web,delivery,completed
ORD-0135326,R-0334,2025-09-22,59.52,app,delivery,completed
ORD-0135327,R-0334,2025-09-27,40.38,app,pickup,COMPLETED
ORD-0135328,R-0334,2025-09-22,36.75,app,pickup,completed
ORD-0135329,R-0334,2025-09-22,44.41,app,delivery,completed
ORD-0135330,R-0334,2025-09-23,41.58,web,delivery,completed
ORD-0135331,R-0334,2025-09-14,30.19,web,pickup,completed
ORD-0135332,R-0334,2025-09-29,39.07,web,pickup,completed
ORD-0135333,R-0334,2025-09-08,60.41,app,pickup,completed
ORD-0135334,R-0334,2025-09-26,42.21,web,pickup,completed
ORD-0135335,R-0334,2025-09-04,40.84,web,pickup,completed
ORD-0135336,R-0334,2025-09-02,61.41,web,pickup,completed
ORD-0135337,R-0334,2025-09-04,34.68,web,pickup,completed
ORD-0135338,R-0334,2025-09-10,38.57,web,pickup,completed
ORD-0136377,R-0335,2025-09-20,49.73,app,delivery,completed
ORD-0136378,R-0335,2025-09-21,80.40,web,delivery,completed
ORD-0136379,R-0335,2025-09-24,39.54,web,delivery,completed
ORD-0136380,R-0335,2025-09-12,39.49,web,pickup,completed
ORD-0136381,R-0335,2025-09-26,48.17,app,delivery,completed
ORD-0136382,R-0335,2025-09-13,21.78,web,delivery,completed
ORD-0136383,R-0335,2025-09-28,38.33,web,delivery,Completed
ORD-0136384,R-0335,2025-09-04,32.03,web,delivery,completed
ORD-0136385,R-0335,2025-09-07,25.09,web,delivery,completed
ORD-0136386,R-0335,2025-09-11,61.19,web,delivery,completed
ORD-0136387,R-0335,2025-09-20,30.11,web,delivery,completed
ORD-0136388,R-0335,2025-09-14,40.19,web,delivery,completed
ORD-0136389,R-0335,2025-09-06,28.27,web,delivery,completed
ORD-0136390,R-0335,2025-09-05,30.34,app,delivery,completed
ORD-0136391,R-0335,2025-09-05,71.63,app,delivery,completed
ORD-0136392,R-0335,2025-09-21,49.98,app,delivery,completed
ORD-0136393,R-0335,2025-09-27,48.45,app,delivery,completed
ORD-0136394,R-0335,2025-09-24,43.26,app,delivery,completed
ORD-0136395,R-0335,2025-09-05,64.32,web,delivery,completed
ORD-0136396,R-0335,2025-09-23,50.33,app,delivery,completed
ORD-0136397,R-0335,2025-09-29,39.14,web,delivery,completed
ORD-0136398,R-0335,2025-09-15,34.27,web,pickup,Completed
ORD-0136399,R-0335,2025-09-29,57.44,app,pickup,completed
ORD-0136400,R-0335,2025-09-28,54.98,web,pickup,completed
ORD-0136401,R-0335,2025-09-12,35.70,web,delivery,Completed
ORD-0136402,R-0335,2025-09-19,27.71,app,pickup,completed
ORD-0136403,R-0335,2025-09-16,37.75,app,delivery,completed
ORD-0136404,R-0335,2025-09-26,38.67,web,delivery,completed
ORD-0136405,R-0335,2025-09-12,33.24,app,delivery,completed
ORD-0136406,R-0335,2025-09-16,39.45,web,pickup,completed
ORD-0136407,R-0335,2025-09-06,31.57,web,delivery,completed
ORD-0136408,R-0335,2025-09-07,57.70,web,delivery,completed
ORD-0136409,R-0335,2025-09-26,46.73,app,delivery,completed
ORD-0136410,R-0335,2025-09-06,63.09,app,delivery,completed
ORD-0136411,R-0335,2025-09-19,43.29,app,delivery,Completed
ORD-0136726,R-0336,2025-09-17,32.63,web,pickup,completed
ORD-0136727,R-0336,2025-09-22,31.25,app,pickup,completed
ORD-0136728,R-0336,2025-09-17,37.70,web,pickup,completed
ORD-0136729,R-0336,2025-09-19,22.00,app,delivery,completed
ORD-0136730,R-0336,2025-09-15,62.38,web,delivery,completed
ORD-0136731,R-0336,2025-09-30,36.23,app,delivery,COMPLETED
ORD-0136732,R-0336,2025-09-26,38.11,app,delivery,cancelled
ORD-0136733,R-0336,2025-09-19,45.59,app,delivery,cancelled
ORD-0136734,R-0336,2025-09-22,29.05,web,delivery,completed
ORD-0136735,R-0336,2025-09-22,37.72,app,delivery,completed
ORD-0136736,R-0336,2025-09-24,23.60,web,delivery,completed
ORD-0136737,R-0336,2025-09-28,48.88,app,delivery,completed
ORD-0136738,R-0336,2025-09-26,45.50,app,delivery,completed
ORD-0136739,R-0336,2025-09-28,42.47,app,delivery,completed
ORD-0136740,R-0336,2025-09-26,26.14,app,delivery,completed
ORD-0136741,R-0336,2025-09-18,30.80,app,pickup,completed
ORD-0136742,R-0336,2025-09-26,21.44,web,delivery,completed
ORD-0136743,R-0336,2025-09-30,25.61,web,pickup,completed
ORD-0136744,R-0336,2025-09-16,46.31,web,delivery,completed
ORD-0136745,R-0336,2025-09-20,34.59,app,pickup,completed
ORD-0136746,R-0336,2025-09-28,22.88,app,pickup,completed
ORD-0136747,R-0336,2025-09-23,27.15,app,delivery,completed
ORD-0138865,R-0339,2025-09-13,24.27,app,delivery,completed
ORD-0138866,R-0339,2025-09-04,20.60,app,delivery,completed
ORD-0138867,R-0339,2025-09-15,28.00,web,delivery,completed
ORD-0138868,R-0339,2025-09-25,13.60,web,delivery,completed
ORD-0138869,R-0339,2025-09-20,26.84,app,delivery,completed
ORD-0138870,R-0339,2025-09-13,22.54,web,delivery,completed
ORD-0138871,R-0339,2025-09-20,19.66,app,delivery,completed
ORD-0138872,R-0339,2025-09-23,13.49,app,delivery,completed
ORD-0138873,R-0339,2025-09-05,20.41,app,delivery,completed
ORD-0138874,R-0339,2025-09-17,21.75,web,delivery,completed
ORD-0138875,R-0339,2025-09-18,25.93,web,delivery,completed
ORD-0138876,R-0339,2025-09-20,28.29,web,delivery,completed
ORD-0138877,R-0339,2025-09-13,31.38,app,delivery,completed
ORD-0138878,R-0339,2025-09-08,20.27,web,delivery,completed
ORD-0138879,R-0339,2025-09-27,23.62,app,delivery,completed
ORD-0138880,R-0339,2025-09-22,13.28,web,delivery,completed
ORD-0138881,R-0339,2025-09-14,18.30,web,delivery,completed
ORD-0138882,R-0339,2025-09-28,29.17,web,delivery,completed
ORD-0138883,R-0339,2025-09-19,41.38,web,delivery,completed
ORD-0138884,R-0339,2025-09-04,13.57,app,delivery,completed
ORD-0138885,R-0339,2025-09-02,19.34,app,delivery,cancelled
ORD-0138886,R-0339,2025-09-18,10.64,app,delivery,completed
ORD-0138887,R-0339,2025-09-05,30.54,web,delivery,completed
ORD-0138888,R-0339,2025-09-06,28.50,web,pickup,completed
ORD-0138889,R-0339,2025-09-25,18.75,web,delivery,completed
ORD-0138890,R-0339,2025-09-04,23.10,app,delivery,completed
ORD-0138891,R-0339,2025-09-19,31.37,web,delivery,completed
ORD-0138892,R-0339,2025-09-27,16.48,web,delivery,completed
ORD-0138893,R-0339,2025-09-06,13.90,app,pickup,completed
ORD-0138894,R-0339,2025-09-08,22.00,app,delivery,COMPLETED
ORD-0138895,R-0339,2025-09-13,30.30,app,delivery,completed
ORD-0138896,R-0339,2025-09-03,24.00,app,delivery,completed
ORD-0139874,R-0341,2025-09-15,51.17,app,delivery,completed
ORD-0139875,R-0341,2025-09-10,21.73,app,pickup,completed
ORD-0139876,R-0341,2025-09-02,25.58,web,pickup,Completed
ORD-0139877,R-0341,2025-09-06,36.77,web,delivery,completed
ORD-0139878,R-0341,2025-09-27,23.96,app,pickup,COMPLETED
ORD-0139879,R-0341,2025-09-05,67.47,web,delivery,completed
ORD-0139880,R-0341,2025-09-27,58.12,web,delivery,completed
ORD-0139881,R-0341,2025-09-27,24.16,app,delivery,refunded
ORD-0139882,R-0341,2025-09-08,68.47,web,delivery,completed
ORD-0139883,R-0341,2025-09-03,21.99,web,pickup,completed
ORD-0139884,R-0341,2025-09-16,50.76,app,pickup,Completed
ORD-0139885,R-0341,2025-09-28,32.92,web,delivery,completed
ORD-0139886,R-0341,2025-09-18,31.62,web,delivery,completed
ORD-0139887,R-0341,2025-09-15,33.27,app,delivery,completed
ORD-0139888,R-0341,2025-09-07,24.80,app,delivery,completed
ORD-0139889,R-0341,2025-09-17,33.33,web,pickup,Completed
ORD-0139890,R-0341,2025-09-24,55.84,web,pickup,completed
ORD-0139891,R-0341,2025-09-02,30.92,app,pickup,completed
ORD-0139892,R-0341,2025-09-09,27.17,app,delivery,completed
ORD-0139893,R-0341,2025-09-11,15.42,web,delivery,completed
ORD-0139894,R-0341,2025-09-20,28.12,web,pickup,COMPLETED
ORD-0139895,R-0341,2025-09-05,24.35,app,delivery,completed
ORD-0139896,R-0341,2025-09-20,23.10,app,delivery,completed
ORD-0139897,R-0341,2025-09-13,39.01,web,delivery,completed
ORD-0139898,R-0341,2025-09-27,23.67,web,pickup,completed
ORD-0139899,R-0341,2025-09-25,19.39,web,delivery,Completed
ORD-0139900,R-0341,2025-09-18,36.14,app,delivery,completed
ORD-0139901,R-0341,2025-09-18,25.49,app,pickup,completed
ORD-0139902,R-0341,2025-09-28,37.46,web,pickup,completed
ORD-0139903,R-0341,2025-09-27,15.20,app,delivery,completed
ORD-0139904,R-0341,2025-09-03,30.57,app,delivery,completed
ORD-0139905,R-0341,2025-09-06,12.20,web,delivery,completed
ORD-0139906,R-0341,2025-09-06,26.49,web,delivery,completed
ORD-0139907,R-0341,2025-09-30,30.37,web,delivery,completed
ORD-0139908,R-0341,2025-09-09,28.13,app,delivery,completed
ORD-0139909,R-0341,2025-09-19,28.82,app,delivery,completed
ORD-0139910,R-0341,2025-09-28,21.91,web,delivery,Completed
ORD-0139911,R-0341,2025-09-19,26.90,app,delivery,completed
ORD-0140236,R-0342,2025-09-26,22.15,app,pickup,completed
ORD-0140237,R-0342,2025-09-05,34.20,app,pickup,completed
ORD-0140238,R-0342,2025-09-08,19.69,app,pickup,COMPLETED
ORD-0140239,R-0342,2025-09-20,25.87,web,delivery,completed
ORD-0140240,R-0342,2025-09-20,30.99,web,pickup,completed
ORD-0140241,R-0342,2025-09-21,38.50,app,pickup,completed
ORD-0140242,R-0342,2025-09-19,28.19,app,pickup,completed
ORD-0140243,R-0342,2025-09-09,21.55,app,pickup,completed
ORD-0140244,R-0342,2025-09-23,32.00,web,delivery,completed
ORD-0140245,R-0342,2025-09-08,50.14,web,pickup,completed
ORD-0140246,R-0342,2025-09-23,25.62,app,delivery,completed
ORD-0140247,R-0342,2025-09-13,26.10,web,pickup,completed
ORD-0140248,R-0342,2025-09-27,33.27,app,pickup,COMPLETED
ORD-0140249,R-0342,2025-09-19,27.20,app,delivery,completed
ORD-0140250,R-0342,2025-09-03,35.19,web,pickup,refunded
ORD-0140251,R-0342,2025-09-07,26.39,web,delivery,completed
ORD-0140252,R-0342,2025-09-15,18.34,app,delivery,completed
ORD-0140253,R-0342,2025-09-12,28.88,app,pickup,completed
ORD-0140254,R-0342,2025-09-26,39.15,app,pickup,completed
ORD-0140255,R-0342,2025-09-30,25.74,app,delivery,completed
ORD-0140256,R-0342,2025-09-03,37.76,web,pickup,Completed
ORD-0140257,R-0342,2025-09-28,44.68,web,pickup,completed
ORD-0140258,R-0342,2025-09-03,35.21,web,delivery,cancelled
ORD-0140259,R-0342,2025-09-12,16.64,web,pickup,COMPLETED
ORD-0140260,R-0342,2025-09-23,30.48,app,pickup,completed
ORD-0140261,R-0342,2025-09-20,34.54,app,delivery,completed
ORD-0140262,R-0342,2025-09-16,34.74,web,pickup,completed
ORD-0140263,R-0342,2025-09-30,24.20,web,pickup,completed
ORD-0140264,R-0342,2025-09-18,26.66,web,pickup,completed
ORD-0140265,R-0342,2025-09-13,43.68,app,pickup,completed
ORD-0140266,R-0342,2025-09-21,32.86,app,pickup,completed
ORD-0140267,R-0342,2025-09-14,15.28,web,pickup,completed
ORD-0140268,R-0342,2025-09-07,34.01,web,pickup,completed
ORD-0140269,R-0342,2025-09-09,63.18,app,delivery,completed
ORD-0140270,R-0342,2025-09-30,23.67,app,pickup,completed
ORD-0140271,R-0342,2025-09-25,21.26,app,delivery,refunded
ORD-0140272,R-0342,2025-09-05,22.11,app,pickup,completed
ORD-0140273,R-0342,2025-09-13,44.92,app,delivery,Completed
ORD-0140274,R-0342,2025-09-01,40.99,app,delivery,completed
ORD-0140275,R-0342,2025-09-24,49.92,web,delivery,completed
ORD-0140276,R-0342,2025-09-07,46.92,app,pickup,completed
ORD-0140570,R-0345,2025-09-27,58.08,app,delivery,completed
ORD-0140571,R-0345,2025-09-22,72.41,web,delivery,Completed
ORD-0140572,R-0345,2025-09-19,45.93,app,pickup,completed
ORD-0140573,R-0345,2025-09-04,52.74,web,pickup,completed
ORD-0140574,R-0345,2025-09-20,52.76,web,delivery,Completed
ORD-0140575,R-0345,2025-09-08,37.77,app,delivery,completed
ORD-0140576,R-0345,2025-09-14,47.47,app,pickup,completed
ORD-0140577,R-0345,2025-09-24,38.01,app,pickup,completed
ORD-0140578,R-0345,2025-09-27,61.60,web,pickup,completed
ORD-0140579,R-0345,2025-09-03,44.92,web,delivery,completed
ORD-0140580,R-0345,2025-09-14,48.72,web,pickup,completed
ORD-0140581,R-0345,2025-09-10,49.35,app,pickup,completed
ORD-0140582,R-0345,2025-09-19,70.30,web,pickup,cancelled
ORD-0140583,R-0345,2025-09-24,47.65,web,delivery,completed
ORD-0140584,R-0345,2025-09-03,43.33,web,delivery,completed
ORD-0140585,R-0345,2025-09-12,47.91,web,delivery,completed
ORD-0141344,R-0348,2025-09-18,30.36,app,pickup,completed
ORD-0141345,R-0348,2025-09-04,44.47,web,pickup,completed
ORD-0141346,R-0348,2025-09-12,56.28,app,pickup,completed
ORD-0141347,R-0348,2025-09-13,46.54,web,pickup,completed
ORD-0141348,R-0348,2025-09-30,42.15,web,delivery,completed
ORD-0141349,R-0348,2025-09-24,55.96,web,delivery,completed
ORD-0141350,R-0348,2025-09-13,30.73,web,delivery,completed
ORD-0141351,R-0348,2025-09-21,59.48,web,pickup,COMPLETED
ORD-0141352,R-0348,2025-09-27,43.06,web,pickup,COMPLETED
ORD-0141353,R-0348,2025-09-15,54.85,app,pickup,completed
ORD-0141354,R-0348,2025-09-26,38.67,app,delivery,completed
ORD-0141355,R-0348,2025-09-01,39.79,web,delivery,completed
ORD-0141356,R-0348,2025-09-09,25.85,web,delivery,completed
ORD-0141357,R-0348,2025-09-10,50.48,app,pickup,completed
ORD-0141358,R-0348,2025-09-20,53.11,web,pickup,completed
ORD-0141359,R-0348,2025-09-27,32.46,web,pickup,completed
ORD-0141360,R-0348,2025-09-06,53.03,web,delivery,completed
ORD-0141361,R-0348,2025-09-27,48.05,web,pickup,completed
ORD-0141362,R-0348,2025-09-05,62.87,web,delivery,completed
ORD-0141363,R-0348,2025-09-25,68.85,app,pickup,completed
ORD-0141364,R-0348,2025-09-16,41.68,app,delivery,completed
ORD-0141365,R-0348,2025-09-06,34.07,web,pickup,completed
ORD-0141366,R-0348,2025-09-26,59.63,web,delivery,COMPLETED
ORD-0141367,R-0348,2025-09-05,48.36,web,pickup,completed
ORD-0141368,R-0348,2025-09-23,33.20,app,pickup,completed
ORD-0141369,R-0348,2025-09-19,31.35,app,delivery,completed
ORD-0141370,R-0348,2025-09-25,28.88,web,delivery,completed
ORD-0141371,R-0348,2025-09-02,58.10,app,pickup,completed
ORD-0141372,R-0348,2025-09-15,43.22,web,delivery,completed
ORD-0141373,R-0348,2025-09-12,34.67,app,pickup,completed
ORD-0141374,R-0348,2025-09-01,34.46,web,pickup,completed
ORD-0141375,R-0348,2025-09-21,58.35,web,pickup,completed
ORD-0141376,R-0348,2025-09-10,45.48,web,delivery,completed
ORD-0141377,R-0348,2025-09-13,36.30,web,pickup,completed
ORD-0141378,R-0348,2025-09-28,40.48,app,pickup,completed
ORD-0141379,R-0348,2025-09-05,56.17,web,pickup,completed
ORD-0141380,R-0348,2025-09-13,52.13,web,delivery,completed
ORD-0141381,R-0348,2025-09-08,49.41,web,pickup,completed
ORD-0141382,R-0348,2025-09-24,49.74,web,pickup,completed
ORD-0141383,R-0348,2025-09-13,43.45,web,pickup,completed
ORD-0141384,R-0348,2025-09-27,40.06,app,pickup,completed
ORD-0141385,R-0348,2025-09-17,32.65,app,pickup,Completed
ORD-0141386,R-0348,2025-09-25,75.62,web,pickup,COMPLETED
ORD-0141387,R-0348,2025-09-16,47.77,app,delivery,completed
ORD-0141388,R-0348,2025-09-28,52.41,web,pickup,completed
ORD-0141389,R-0348,2025-09-02,20.22,web,delivery,completed
ORD-0141390,R-0348,2025-09-19,30.11,app,delivery,completed
ORD-0141391,R-0348,2025-09-25,48.64,web,delivery,COMPLETED
ORD-0141392,R-0348,2025-09-13,50.52,web,pickup,completed
ORD-0141393,R-0348,2025-09-25,72.65,app,pickup,completed
ORD-0142579,R-0349,2025-09-18,17.86,app,pickup,completed
ORD-0142580,R-0349,2025-09-15,13.48,app,delivery,completed
ORD-0142581,R-0349,2025-09-25,10.59,web,delivery,completed
ORD-0142582,R-0349,2025-09-10,13.38,app,pickup,completed
ORD-0142583,R-0349,2025-09-01,26.44,web,pickup,completed
ORD-0142584,R-0349,2025-09-23,17.09,web,pickup,completed
ORD-0142585,R-0349,2025-09-09,41.69,web,pickup,completed
ORD-0142586,R-0349,2025-09-21,25.42,web,delivery,completed
ORD-0142587,R-0349,2025-09-27,23.30,web,pickup,completed
ORD-0142588,R-0349,2025-09-16,21.97,web,pickup,completed
ORD-0142589,R-0349,2025-09-23,24.74,app,delivery,completed
ORD-0142590,R-0349,2025-09-25,17.02,web,pickup,completed
ORD-0142591,R-0349,2025-09-24,17.84,web,pickup,completed
ORD-0142592,R-0349,2025-09-21,18.57,web,pickup,completed
ORD-0142593,R-0349,2025-09-11,32.98,app,pickup,completed
ORD-0142594,R-0349,2025-09-04,6.00,web,delivery,completed
ORD-0142595,R-0349,2025-09-07,24.86,app,pickup,completed
ORD-0142596,R-0349,2025-09-13,29.11,app,pickup,completed
ORD-0142597,R-0349,2025-09-18,29.77,web,delivery,completed
ORD-0142598,R-0349,2025-09-03,20.13,app,pickup,completed
ORD-0142599,R-0349,2025-09-29,30.81,app,delivery,completed
ORD-0142600,R-0349,2025-09-19,15.09,app,delivery,completed
ORD-0142601,R-0349,2025-09-22,19.64,app,pickup,completed
ORD-0142602,R-0349,2025-09-12,22.84,web,delivery,completed
ORD-0142603,R-0349,2025-09-23,22.59,web,pickup,completed
ORD-0142604,R-0349,2025-09-04,13.53,web,delivery,completed
ORD-0142605,R-0349,2025-09-06,20.02,web,delivery,cancelled
ORD-0142606,R-0349,2025-09-21,50.29,web,pickup,completed
ORD-0142607,R-0349,2025-09-20,32.43,app,delivery,completed
ORD-0142608,R-0349,2025-09-19,50.34,app,delivery,completed
ORD-0142609,R-0349,2025-09-04,69.26,app,delivery,completed
ORD-0142610,R-0349,2025-09-09,19.58,app,delivery,completed
ORD-0142611,R-0349,2025-09-07,30.63,web,pickup,completed
ORD-0142612,R-0349,2025-09-09,22.43,app,pickup,completed
ORD-0142613,R-0349,2025-09-20,19.32,web,pickup,completed
ORD-0142614,R-0349,2025-09-02,24.33,web,pickup,completed
ORD-0142615,R-0349,2025-09-19,49.44,app,delivery,cancelled
ORD-0143075,R-0350,2025-09-19,23.75,web,pickup,completed
ORD-0143076,R-0350,2025-09-19,19.72,app,pickup,completed
ORD-0143077,R-0350,2025-09-26,9.90,app,delivery,completed
ORD-0143078,R-0350,2025-09-04,60.24,app,pickup,completed
ORD-0143079,R-0350,2025-09-28,17.09,web,delivery,completed
ORD-0143080,R-0350,2025-09-07,21.56,app,pickup,COMPLETED
ORD-0143081,R-0350,2025-09-09,22.07,app,pickup,completed
ORD-0143082,R-0350,2025-09-04,26.75,app,delivery,completed
ORD-0143083,R-0350,2025-09-02,14.34,web,delivery,completed
ORD-0143084,R-0350,2025-09-13,17.43,web,pickup,completed
ORD-0143085,R-0350,2025-09-02,14.60,web,delivery,completed
ORD-0143086,R-0350,2025-09-01,16.94,app,delivery,completed
ORD-0143087,R-0350,2025-09-27,18.32,app,pickup,completed
ORD-0143088,R-0350,2025-09-27,9.96,app,pickup,completed
ORD-0143089,R-0350,2025-09-22,16.55,web,delivery,refunded
ORD-0143090,R-0350,2025-09-10,21.36,app,pickup,completed
ORD-0143091,R-0350,2025-09-23,11.99,app,pickup,COMPLETED
ORD-0143092,R-0350,2025-09-09,35.83,app,pickup,completed
ORD-0143093,R-0350,2025-09-30,12.92,app,pickup,completed
ORD-0143094,R-0350,2025-09-27,16.13,app,pickup,completed
ORD-0143181,R-0351,2025-09-08,20.80,web,delivery,completed
ORD-0143182,R-0351,2025-09-19,27.72,app,pickup,completed
ORD-0143183,R-0351,2025-09-26,10.11,app,pickup,Completed
ORD-0143184,R-0351,2025-09-17,9.61,web,pickup,completed
ORD-0143185,R-0351,2025-09-13,27.74,app,pickup,completed
ORD-0143186,R-0351,2025-09-13,16.98,web,pickup,completed
ORD-0143187,R-0351,2025-09-11,22.35,web,pickup,completed
ORD-0143188,R-0351,2025-09-10,18.83,web,pickup,completed
ORD-0143189,R-0351,2025-09-24,33.46,web,pickup,completed
ORD-0143190,R-0351,2025-09-23,44.91,web,pickup,completed
ORD-0143191,R-0351,2025-09-12,16.41,app,pickup,cancelled
ORD-0143192,R-0351,2025-09-02,40.96,app,pickup,COMPLETED
ORD-0143193,R-0351,2025-09-25,25.60,app,pickup,completed
ORD-0143194,R-0351,2025-09-09,17.42,web,pickup,completed
ORD-0143195,R-0351,2025-09-16,54.55,web,pickup,completed
ORD-0143196,R-0351,2025-09-05,31.99,app,pickup,completed
ORD-0143197,R-0351,2025-09-03,20.35,app,pickup,Completed
ORD-0143198,R-0351,2025-09-20,28.91,app,pickup,completed
ORD-0143199,R-0351,2025-09-27,19.29,web,pickup,completed
ORD-0143200,R-0351,2025-09-05,42.82,app,delivery,completed
ORD-0143201,R-0351,2025-09-20,30.25,app,pickup,completed
ORD-0143202,R-0351,2025-09-14,18.77,app,pickup,completed
ORD-0143203,R-0351,2025-09-20,31.96,web,delivery,completed
ORD-0143204,R-0351,2025-09-29,79.90,app,pickup,completed
ORD-0143205,R-0351,2025-09-06,30.37,app,pickup,refunded
ORD-0143206,R-0351,2025-09-26,13.16,app,pickup,COMPLETED
ORD-0143207,R-0351,2025-09-12,23.92,app,pickup,completed
ORD-0143208,R-0351,2025-09-12,18.90,app,delivery,completed
ORD-0143209,R-0351,2025-09-01,18.15,app,pickup,completed
ORD-0143210,R-0351,2025-09-26,28.55,web,pickup,completed
ORD-0143211,R-0351,2025-09-12,34.82,app,delivery,completed
ORD-0143212,R-0351,2025-09-06,24.55,app,pickup,completed
ORD-0146091,R-0353,2025-09-05,35.02,web,delivery,completed
ORD-0146092,R-0353,2025-09-17,16.66,app,delivery,completed
ORD-0146093,R-0353,2025-09-10,21.98,app,delivery,completed
ORD-0146094,R-0353,2025-09-01,14.64,app,delivery,completed
ORD-0146095,R-0353,2025-09-12,24.64,app,pickup,completed
ORD-0146096,R-0353,2025-09-29,22.60,web,delivery,completed
ORD-0146097,R-0353,2025-09-25,22.29,web,delivery,completed
ORD-0146098,R-0353,2025-09-19,25.59,app,delivery,completed
ORD-0146099,R-0353,2025-09-24,23.75,web,pickup,completed
ORD-0146100,R-0353,2025-09-15,22.75,app,delivery,completed
ORD-0146101,R-0353,2025-09-20,21.79,app,delivery,completed
ORD-0146102,R-0353,2025-09-13,15.34,app,delivery,completed
ORD-0146103,R-0353,2025-09-15,16.90,app,delivery,Completed
ORD-0146104,R-0353,2025-09-27,20.00,app,delivery,completed
ORD-0146105,R-0353,2025-09-19,19.42,app,delivery,Completed
ORD-0146106,R-0353,2025-09-19,31.55,web,delivery,completed
ORD-0146107,R-0353,2025-09-05,31.44,web,delivery,CANCELLED
ORD-0146108,R-0353,2025-09-07,34.42,web,delivery,completed
ORD-0146109,R-0353,2025-09-29,18.41,app,delivery,completed
ORD-0146110,R-0353,2025-09-13,18.18,web,delivery,completed
ORD-0146111,R-0353,2025-09-18,27.64,app,delivery,completed
ORD-0146112,R-0353,2025-09-04,22.09,web,delivery,completed
ORD-0146113,R-0353,2025-09-07,10.34,app,pickup,completed
ORD-0146114,R-0353,2025-09-06,25.24,web,delivery,completed
ORD-0146115,R-0353,2025-09-04,15.65,app,pickup,completed
ORD-0146116,R-0353,2025-09-17,25.25,app,pickup,completed
ORD-0146117,R-0353,2025-09-19,21.84,app,delivery,completed
ORD-0146118,R-0353,2025-09-30,27.12,app,delivery,completed
ORD-0146119,R-0353,2025-09-08,18.78,web,delivery,completed
ORD-0146120,R-0353,2025-09-19,20.41,app,delivery,completed
ORD-0146121,R-0353,2025-09-10,14.97,web,pickup,completed
ORD-0146122,R-0353,2025-09-07,29.06,app,delivery,cancelled
ORD-0146123,R-0353,2025-09-21,23.28,web,delivery,completed
ORD-0146124,R-0353,2025-09-25,10.85,app,delivery,completed
ORD-0146125,R-0353,2025-09-25,14.91,web,delivery,completed
ORD-0146126,R-0353,2025-09-04,12.66,app,delivery,completed
ORD-0146127,R-0353,2025-09-20,18.43,web,delivery,completed
ORD-0146128,R-0353,2025-09-19,25.77,app,delivery,completed
ORD-0146129,R-0353,2025-09-25,13.67,app,delivery,completed
ORD-0146130,R-0353,2025-09-13,30.90,app,delivery,completed
ORD-0146131,R-0353,2025-09-26,28.33,app,delivery,completed
ORD-0146132,R-0353,2025-09-27,26.51,app,pickup,completed
ORD-0146133,R-0353,2025-09-16,31.48,web,delivery,Completed
ORD-0146134,R-0353,2025-09-10,35.37,app,delivery,completed
ORD-0146135,R-0353,2025-09-14,48.26,app,delivery,completed
ORD-0146136,R-0353,2025-09-16,23.00,web,delivery,completed
ORD-0146137,R-0353,2025-09-13,36.05,app,delivery,completed
ORD-0146138,R-0353,2025-09-16,23.50,web,delivery,Cancelled
ORD-0146139,R-0353,2025-09-08,20.91,app,delivery,completed
ORD-0146140,R-0353,2025-09-05,21.30,web,delivery,completed
ORD-0146141,R-0353,2025-09-22,12.13,app,pickup,completed
ORD-0146142,R-0353,2025-09-07,20.85,web,delivery,completed
ORD-0146143,R-0353,2025-09-23,19.52,app,delivery,completed
ORD-0146144,R-0353,2025-09-10,22.77,app,delivery,completed
ORD-0146145,R-0353,2025-09-25,14.57,web,delivery,completed
ORD-0146146,R-0353,2025-09-30,36.23,web,delivery,completed
ORD-0146147,R-0353,2025-09-07,16.40,app,delivery,completed
ORD-0146148,R-0353,2025-09-27,46.37,app,delivery,completed
ORD-0146149,R-0353,2025-09-18,13.28,web,delivery,completed
ORD-0146150,R-0353,2025-09-11,16.28,app,delivery,completed
ORD-0146151,R-0353,2025-09-28,26.33,web,delivery,completed
ORD-0146152,R-0353,2025-09-24,15.79,app,delivery,refunded
ORD-0146153,R-0353,2025-09-19,29.16,app,delivery,Completed
ORD-0146154,R-0353,2025-09-03,17.15,app,delivery,completed
ORD-0146155,R-0353,2025-09-05,38.10,app,delivery,completed
ORD-0146156,R-0353,2025-09-09,11.88,web,delivery,completed
ORD-0146157,R-0353,2025-09-26,15.06,app,delivery,completed
ORD-0146158,R-0353,2025-09-06,11.12,app,delivery,COMPLETED
ORD-0146159,R-0353,2025-09-09,13.36,app,delivery,completed
ORD-0146160,R-0353,2025-09-04,14.60,app,delivery,completed
ORD-0146161,R-0353,2025-09-27,19.57,web,delivery,completed
ORD-0146162,R-0353,2025-09-27,29.57,app,delivery,completed
ORD-0146163,R-0353,2025-09-09,17.63,app,delivery,completed
ORD-0146164,R-0353,2025-09-10,21.73,web,delivery,completed
ORD-0146165,R-0353,2025-09-19,26.33,app,delivery,completed
ORD-0146166,R-0353,2025-09-04,15.79,web,delivery,completed
ORD-0146167,R-0353,2025-09-28,28.05,app,delivery,completed
ORD-0146168,R-0353,2025-09-21,39.71,web,delivery,completed
ORD-0146169,R-0353,2025-09-17,19.30,web,delivery,completed
ORD-0146170,R-0353,2025-09-01,17.33,app,delivery,Completed
ORD-0146171,R-0353,2025-09-15,14.42,web,delivery,completed
ORD-0146172,R-0353,2025-09-15,16.90,web,delivery,cancelled
ORD-0146173,R-0353,2025-09-13,28.43,app,delivery,completed
ORD-0146174,R-0353,2025-09-06,14.02,web,delivery,completed
ORD-0146175,R-0353,2025-09-27,19.05,app,delivery,completed
ORD-0146176,R-0353,2025-09-13,20.24,app,delivery,completed
ORD-0146177,R-0353,2025-09-18,21.00,app,delivery,completed
ORD-0146178,R-0353,2025-09-23,22.22,app,delivery,completed
ORD-0146179,R-0353,2025-09-04,12.35,app,delivery,completed
ORD-0146180,R-0353,2025-09-07,23.57,app,delivery,completed
ORD-0146181,R-0353,2025-09-09,23.06,app,delivery,completed
ORD-0146182,R-0353,2025-09-15,22.37,web,delivery,completed
ORD-0146183,R-0353,2025-09-20,17.04,web,delivery,completed
ORD-0146184,R-0353,2025-09-11,20.82,app,pickup,completed
ORD-0146185,R-0353,2025-09-16,30.49,web,pickup,completed
ORD-0146186,R-0353,2025-09-30,20.68,app,delivery,completed
ORD-0146187,R-0353,2025-09-14,19.42,app,pickup,completed
ORD-0146188,R-0353,2025-09-14,33.42,app,delivery,completed
ORD-0146189,R-0353,2025-09-16,18.90,web,delivery,completed
ORD-0146190,R-0353,2025-09-13,24.81,app,pickup,completed
ORD-0146191,R-0353,2025-09-09,16.92,app,delivery,completed
ORD-0146192,R-0353,2025-09-20,13.24,web,delivery,completed
ORD-0146193,R-0353,2025-09-17,22.23,app,delivery,completed
ORD-0146194,R-0353,2025-09-29,21.66,web,delivery,completed
ORD-0146195,R-0353,2025-09-13,13.59,app,delivery,completed
ORD-0146196,R-0353,2025-09-27,36.55,web,delivery,COMPLETED
ORD-0146197,R-0353,2025-09-13,20.02,app,delivery,completed
ORD-0146198,R-0353,2025-09-05,12.43,web,delivery,completed
ORD-0146199,R-0353,2025-09-09,23.14,web,delivery,completed
ORD-0146200,R-0353,2025-09-12,15.47,web,delivery,completed
ORD-0146201,R-0353,2025-09-14,26.72,web,delivery,completed
ORD-0146202,R-0353,2025-09-17,22.85,app,delivery,completed
ORD-0146203,R-0353,2025-09-05,18.91,web,delivery,completed
ORD-0146204,R-0353,2025-09-27,27.80,app,delivery,completed
ORD-0146205,R-0353,2025-09-24,10.31,web,delivery,completed
ORD-0146206,R-0353,2025-09-14,29.94,app,pickup,COMPLETED
ORD-0146207,R-0353,2025-09-12,18.22,web,delivery,completed
ORD-0146208,R-0353,2025-09-19,14.17,web,delivery,completed
ORD-0146209,R-0353,2025-09-16,17.03,app,delivery,completed
ORD-0146210,R-0353,2025-09-18,11.34,app,delivery,cancelled
ORD-0146211,R-0353,2025-09-12,14.59,web,delivery,completed
ORD-0146212,R-0353,2025-09-27,21.89,app,delivery,completed
ORD-0146213,R-0353,2025-09-16,17.92,web,delivery,completed
ORD-0146214,R-0353,2025-09-20,35.29,app,delivery,completed
ORD-0146215,R-0353,2025-09-06,20.10,web,delivery,completed
ORD-0146216,R-0353,2025-09-11,15.25,web,delivery,completed
ORD-0146217,R-0353,2025-09-20,24.99,web,delivery,completed
ORD-0146218,R-0353,2025-09-14,15.25,app,delivery,completed
ORD-0146219,R-0353,2025-09-12,24.06,app,delivery,completed
ORD-0146220,R-0353,2025-09-25,23.98,web,pickup,completed
ORD-0146221,R-0353,2025-09-17,17.66,app,delivery,completed
ORD-0146222,R-0353,2025-09-05,23.51,app,delivery,completed
ORD-0146223,R-0353,2025-09-03,21.81,app,delivery,completed
ORD-0147610,R-0355,2025-09-27,33.93,web,delivery,COMPLETED
ORD-0148839,R-0357,2025-09-30,15.41,web,delivery,completed
ORD-0148840,R-0357,2025-09-16,36.91,web,delivery,completed
ORD-0148841,R-0357,2025-09-19,25.00,web,pickup,completed
ORD-0148842,R-0357,2025-09-07,18.75,web,delivery,completed
ORD-0148843,R-0357,2025-09-26,22.52,web,delivery,completed
ORD-0148844,R-0357,2025-09-19,39.89,web,delivery,completed
ORD-0148845,R-0357,2025-09-04,30.02,web,delivery,completed
ORD-0148846,R-0357,2025-09-05,36.03,web,pickup,completed
ORD-0148847,R-0357,2025-09-29,15.22,web,delivery,completed
ORD-0148848,R-0357,2025-09-06,38.17,app,pickup,completed
ORD-0148849,R-0357,2025-09-03,40.77,web,delivery,completed
ORD-0148850,R-0357,2025-09-25,28.88,app,delivery,completed
ORD-0148851,R-0357,2025-09-25,40.86,app,pickup,completed
ORD-0148852,R-0357,2025-09-09,15.14,app,delivery,completed
ORD-0148853,R-0357,2025-09-26,52.25,app,delivery,completed
ORD-0148854,R-0357,2025-09-13,29.67,app,delivery,completed
ORD-0148855,R-0357,2025-09-13,24.98,web,pickup,completed
ORD-0148856,R-0357,2025-09-10,21.10,web,delivery,completed
ORD-0148857,R-0357,2025-09-05,26.65,web,delivery,completed
ORD-0148858,R-0357,2025-09-04,20.95,app,pickup,Completed
ORD-0148859,R-0357,2025-09-08,18.34,app,pickup,COMPLETED
ORD-0148860,R-0357,2025-09-12,24.47,web,pickup,completed
ORD-0148861,R-0357,2025-09-30,12.99,app,pickup,Completed
ORD-0148862,R-0357,2025-09-17,64.52,web,delivery,completed
ORD-0148863,R-0357,2025-09-19,25.84,web,delivery,completed
ORD-0148864,R-0357,2025-09-05,18.85,web,delivery,completed
ORD-0148865,R-0357,2025-09-30,10.51,web,delivery,completed
ORD-0148866,R-0357,2025-09-11,33.59,app,delivery,completed
ORD-0148867,R-0357,2025-09-28,39.02,web,pickup,completed
ORD-0148868,R-0357,2025-09-20,28.96,web,pickup,Completed
ORD-0148869,R-0357,2025-09-03,26.91,web,delivery,completed
ORD-0148870,R-0357,2025-09-28,33.68,web,pickup,completed
ORD-0148871,R-0357,2025-09-11,50.36,app,pickup,completed
ORD-0148872,R-0357,2025-09-10,28.70,app,delivery,Completed
ORD-0148873,R-0357,2025-09-18,18.06,web,delivery,Completed
ORD-0148874,R-0357,2025-09-13,27.60,web,delivery,Completed
ORD-0148875,R-0357,2025-09-26,68.69,web,delivery,completed
ORD-0148876,R-0357,2025-09-18,19.11,web,pickup,COMPLETED
ORD-0148877,R-0357,2025-09-27,21.79,app,delivery,cancelled
ORD-0148878,R-0357,2025-09-19,27.86,web,delivery,completed
ORD-0148879,R-0357,2025-09-06,50.22,web,pickup,completed
ORD-0148880,R-0357,2025-09-28,37.26,web,delivery,completed
ORD-0148881,R-0357,2025-09-26,22.67,web,delivery,completed
ORD-0148882,R-0357,2025-09-06,19.12,web,pickup,Completed
ORD-0148883,R-0357,2025-09-06,19.72,app,pickup,Completed
ORD-0148884,R-0357,2025-09-14,38.98,web,delivery,completed
ORD-0148885,R-0357,2025-09-26,28.46,web,delivery,completed
ORD-0148886,R-0357,2025-09-24,34.80,web,delivery,completed
ORD-0148887,R-0357,2025-09-15,25.20,web,delivery,completed
ORD-0148888,R-0357,2025-09-06,16.46,web,delivery,completed
ORD-0148889,R-0357,2025-09-06,28.30,app,pickup,completed
ORD-0148890,R-0357,2025-09-16,48.25,web,delivery,Completed
ORD-0148891,R-0357,2025-09-11,23.90,web,delivery,completed
ORD-0148892,R-0357,2025-09-27,24.43,app,delivery,completed
ORD-0148893,R-0357,2025-09-29,36.55,web,delivery,completed
ORD-0148894,R-0357,2025-09-11,22.33,app,delivery,COMPLETED
ORD-0148895,R-0357,2025-09-14,20.70,web,delivery,completed
ORD-0148896,R-0357,2025-09-30,50.23,app,delivery,COMPLETED
ORD-0148897,R-0357,2025-09-05,28.06,web,pickup,completed
ORD-0148898,R-0357,2025-09-21,15.59,web,delivery,completed
ORD-0148899,R-0357,2025-09-22,51.52,app,delivery,completed
ORD-0148900,R-0357,2025-09-23,49.37,web,delivery,completed
ORD-0148901,R-0357,2025-09-19,26.28,web,delivery,completed
ORD-0148902,R-0357,2025-09-20,40.71,web,delivery,completed
ORD-0148903,R-0357,2025-09-28,42.19,web,pickup,completed
ORD-0148904,R-0357,2025-09-02,63.60,web,delivery,completed
ORD-0148905,R-0357,2025-09-14,18.20,web,delivery,completed
ORD-0148906,R-0357,2025-09-25,20.22,web,pickup,COMPLETED
ORD-0148907,R-0357,2025-09-20,33.44,web,delivery,completed
ORD-0148908,R-0357,2025-09-14,30.71,web,pickup,completed
ORD-0148909,R-0357,2025-09-10,18.11,web,delivery,completed
ORD-0148910,R-0357,2025-09-13,17.01,app,delivery,completed
ORD-0148911,R-0357,2025-09-21,18.99,web,delivery,COMPLETED
ORD-0148912,R-0357,2025-09-26,17.20,app,pickup,completed
ORD-0148913,R-0357,2025-09-13,43.18,app,delivery,completed
ORD-0148914,R-0357,2025-09-19,16.99,app,delivery,completed
ORD-0148915,R-0357,2025-09-19,33.92,web,delivery,completed
ORD-0148916,R-0357,2025-09-19,40.23,web,delivery,completed
ORD-0148917,R-0357,2025-09-22,21.76,web,delivery,completed
ORD-0148918,R-0357,2025-09-25,30.63,web,delivery,completed
ORD-0148919,R-0357,2025-09-14,40.42,web,delivery,Completed
ORD-0148920,R-0357,2025-09-29,23.61,web,pickup,Completed
ORD-0148921,R-0357,2025-09-28,36.86,app,delivery,completed
ORD-0148922,R-0357,2025-09-14,19.07,web,delivery,completed
ORD-0148923,R-0357,2025-09-20,82.67,web,delivery,completed
ORD-0148924,R-0357,2025-09-27,15.77,app,delivery,completed
ORD-0148925,R-0357,2025-09-08,17.55,web,delivery,completed
ORD-0148926,R-0357,2025-09-17,28.41,web,pickup,Completed
ORD-0148927,R-0357,2025-09-30,35.55,web,delivery,completed
ORD-0148928,R-0357,2025-09-21,38.89,web,delivery,completed
ORD-0148929,R-0357,2025-09-28,30.26,web,pickup,completed
ORD-0148930,R-0357,2025-09-20,31.55,web,pickup,completed
ORD-0148931,R-0357,2025-09-11,22.37,web,delivery,completed
ORD-0148932,R-0357,2025-09-24,23.00,web,delivery,completed
ORD-0148933,R-0357,2025-09-17,25.22,app,delivery,COMPLETED
ORD-0148934,R-0357,2025-09-07,28.69,app,pickup,completed
ORD-0148935,R-0357,2025-09-06,32.83,web,delivery,cancelled
ORD-0148936,R-0357,2025-09-29,29.29,app,delivery,completed
ORD-0148937,R-0357,2025-09-21,18.23,web,pickup,completed
ORD-0148938,R-0357,2025-09-12,34.71,web,delivery,completed
ORD-0148939,R-0357,2025-09-19,18.85,web,delivery,cancelled
ORD-0148940,R-0357,2025-09-22,37.97,app,pickup,completed
ORD-0148941,R-0357,2025-09-19,57.63,web,delivery,completed
ORD-0148942,R-0357,2025-09-11,16.59,app,pickup,completed
ORD-0148943,R-0357,2025-09-21,14.49,app,pickup,completed
ORD-0148944,R-0357,2025-09-11,15.05,web,delivery,completed
ORD-0148945,R-0357,2025-09-02,21.66,web,delivery,Completed
ORD-0148946,R-0357,2025-09-06,14.39,app,delivery,completed
ORD-0148947,R-0357,2025-09-30,20.75,web,delivery,completed
ORD-0148948,R-0357,2025-09-12,51.90,app,delivery,completed
ORD-0148949,R-0357,2025-09-19,30.29,web,delivery,completed
ORD-0148950,R-0357,2025-09-06,26.76,web,delivery,completed
ORD-0148951,R-0357,2025-09-06,22.91,web,pickup,completed
ORD-0148952,R-0357,2025-09-03,38.46,web,delivery,completed
ORD-0148953,R-0357,2025-09-25,14.50,web,delivery,completed
ORD-0148954,R-0357,2025-09-21,27.78,web,pickup,completed
ORD-0148955,R-0357,2025-09-19,22.27,web,delivery,completed
ORD-0148956,R-0357,2025-09-14,21.22,app,delivery,COMPLETED
ORD-0148957,R-0357,2025-09-05,31.47,web,pickup,completed
ORD-0148958,R-0357,2025-09-12,29.91,app,delivery,COMPLETED
ORD-0148959,R-0357,2025-09-27,49.45,app,pickup,completed
ORD-0148960,R-0357,2025-09-19,21.67,web,delivery,completed
ORD-0148961,R-0357,2025-09-12,63.65,app,delivery,completed
ORD-0148962,R-0357,2025-09-03,25.63,web,pickup,completed
ORD-0148963,R-0357,2025-09-13,18.15,web,delivery,completed
ORD-0148964,R-0357,2025-09-11,24.27,app,delivery,Completed
ORD-0148965,R-0357,2025-09-18,17.11,web,pickup,completed
ORD-0148966,R-0357,2025-09-20,52.38,web,delivery,completed
ORD-0148967,R-0357,2025-09-12,14.40,app,pickup,completed
ORD-0148968,R-0357,2025-09-27,24.12,web,pickup,completed
ORD-0148969,R-0357,2025-09-25,17.13,app,delivery,completed
ORD-0148970,R-0357,2025-09-11,19.83,web,pickup,completed
ORD-0148971,R-0357,2025-09-29,24.93,web,delivery,completed
ORD-0148972,R-0357,2025-09-25,51.80,web,delivery,completed
ORD-0148973,R-0357,2025-09-06,21.31,web,delivery,completed
ORD-0148974,R-0357,2025-09-14,14.24,app,delivery,completed
ORD-0148975,R-0357,2025-09-04,14.37,web,pickup,completed
ORD-0148976,R-0357,2025-09-10,24.33,web,delivery,completed
ORD-0148977,R-0357,2025-09-29,29.13,app,delivery,completed
ORD-0148978,R-0357,2025-09-19,48.82,web,delivery,completed
ORD-0148979,R-0357,2025-09-26,23.88,app,pickup,completed
ORD-0150229,R-0358,2025-09-12,20.43,web,delivery,completed
ORD-0150230,R-0358,2025-09-21,62.61,app,delivery,completed
ORD-0150231,R-0358,2025-09-20,52.13,app,delivery,completed
ORD-0150232,R-0358,2025-09-09,43.65,app,delivery,Completed
ORD-0150233,R-0358,2025-09-25,42.05,web,delivery,Completed
ORD-0150234,R-0358,2025-09-06,31.23,web,delivery,completed
ORD-0150235,R-0358,2025-09-08,47.77,app,delivery,completed
ORD-0150236,R-0358,2025-09-05,29.88,app,delivery,completed
ORD-0150237,R-0358,2025-09-30,34.50,app,delivery,Completed
ORD-0150238,R-0358,2025-09-09,91.78,app,delivery,completed
ORD-0150239,R-0358,2025-09-14,46.77,app,delivery,Completed
ORD-0150240,R-0358,2025-09-25,68.22,app,delivery,completed
ORD-0150241,R-0358,2025-09-24,38.41,app,pickup,cancelled
ORD-0150242,R-0358,2025-09-28,68.34,app,delivery,completed
ORD-0150243,R-0358,2025-09-30,40.36,app,delivery,completed
ORD-0150244,R-0358,2025-09-22,47.04,app,delivery,completed
ORD-0150245,R-0358,2025-09-26,27.41,app,pickup,completed
ORD-0150246,R-0358,2025-09-22,54.39,app,delivery,completed
ORD-0150247,R-0358,2025-09-11,49.01,app,delivery,completed
ORD-0150248,R-0358,2025-09-14,53.33,app,delivery,completed
ORD-0150249,R-0358,2025-09-08,24.16,app,delivery,COMPLETED
ORD-0150250,R-0358,2025-09-04,44.19,web,delivery,completed
ORD-0150251,R-0358,2025-09-25,66.69,app,pickup,completed
ORD-0150252,R-0358,2025-09-01,56.23,app,pickup,completed
ORD-0150253,R-0358,2025-09-28,62.31,app,delivery,completed
ORD-0150254,R-0358,2025-09-25,29.19,app,delivery,COMPLETED
ORD-0150255,R-0358,2025-09-17,57.04,app,delivery,COMPLETED
ORD-0150256,R-0358,2025-09-19,105.29,web,pickup,COMPLETED
ORD-0150257,R-0358,2025-09-15,35.24,web,delivery,completed
ORD-0150258,R-0358,2025-09-06,31.31,app,delivery,completed
ORD-0150259,R-0358,2025-09-13,33.49,app,delivery,completed
ORD-0150260,R-0358,2025-09-19,59.14,app,delivery,cancelled
ORD-0150261,R-0358,2025-09-14,30.71,app,delivery,completed
ORD-0150262,R-0358,2025-09-20,32.80,app,delivery,completed
ORD-0150263,R-0358,2025-09-26,32.81,app,delivery,completed
ORD-0150264,R-0358,2025-09-07,64.48,app,delivery,completed
ORD-0150265,R-0358,2025-09-26,41.03,web,delivery,completed
ORD-0150266,R-0358,2025-09-25,51.11,app,delivery,completed
ORD-0150550,R-0359,2025-09-21,77.73,web,delivery,completed
ORD-0150551,R-0359,2025-09-25,39.31,web,delivery,completed
ORD-0150552,R-0359,2025-09-26,53.21,web,pickup,completed
ORD-0150553,R-0359,2025-09-18,22.11,app,delivery,completed
ORD-0150554,R-0359,2025-09-03,25.44,web,delivery,completed
ORD-0150555,R-0359,2025-09-19,43.87,app,pickup,COMPLETED
ORD-0150556,R-0359,2025-09-04,66.99,app,pickup,completed
ORD-0150557,R-0359,2025-09-09,59.00,app,delivery,completed
ORD-0150558,R-0359,2025-09-28,29.97,web,delivery,completed
ORD-0150559,R-0359,2025-09-22,35.13,app,pickup,completed
ORD-0150560,R-0359,2025-09-12,80.15,app,pickup,completed
ORD-0150561,R-0359,2025-09-05,45.26,app,delivery,completed
ORD-0150562,R-0359,2025-09-11,59.85,web,delivery,completed
ORD-0150563,R-0359,2025-09-21,50.37,web,delivery,completed
ORD-0150564,R-0359,2025-09-16,23.49,web,delivery,cancelled
ORD-0150565,R-0359,2025-09-26,19.98,app,pickup,completed
ORD-0150566,R-0359,2025-09-21,20.62,app,delivery,cancelled
ORD-0150567,R-0359,2025-09-07,34.16,web,delivery,COMPLETED
ORD-0150568,R-0359,2025-09-28,75.63,web,delivery,completed
ORD-0150569,R-0359,2025-09-17,19.25,app,delivery,completed
ORD-0150570,R-0359,2025-09-07,24.22,web,delivery,completed
ORD-0150571,R-0359,2025-09-07,104.74,app,pickup,completed
ORD-0150572,R-0359,2025-09-18,33.05,web,delivery,completed
ORD-0150573,R-0359,2025-09-19,39.55,web,pickup,completed
ORD-0150574,R-0359,2025-09-13,21.47,app,delivery,completed
ORD-0150575,R-0359,2025-09-05,42.76,app,delivery,Completed
ORD-0150576,R-0359,2025-09-23,32.34,app,delivery,completed
ORD-0150577,R-0359,2025-09-25,44.62,app,pickup,completed
ORD-0150578,R-0359,2025-09-20,29.91,web,delivery,completed
ORD-0150579,R-0359,2025-09-19,20.60,web,delivery,completed
ORD-0150580,R-0359,2025-09-13,39.75,web,pickup,Completed
ORD-0150581,R-0359,2025-09-07,52.65,app,pickup,COMPLETED
ORD-0150582,R-0359,2025-09-04,16.24,web,delivery,Completed
ORD-0150583,R-0359,2025-09-07,34.60,web,delivery,completed
ORD-0150584,R-0359,2025-09-03,99.08,web,pickup,completed
ORD-0150585,R-0359,2025-09-22,29.44,web,delivery,completed
ORD-0150586,R-0359,2025-09-14,57.66,app,delivery,completed
ORD-0150587,R-0359,2025-09-17,25.01,web,pickup,completed
ORD-0150588,R-0359,2025-09-14,19.54,app,pickup,completed
ORD-0150589,R-0359,2025-09-06,59.34,web,pickup,completed
ORD-0150590,R-0359,2025-09-12,22.28,app,delivery,completed
ORD-0150591,R-0359,2025-09-20,39.50,app,delivery,completed
ORD-0150592,R-0359,2025-09-20,31.52,app,delivery,completed
ORD-0150593,R-0359,2025-09-14,29.61,app,delivery,completed
ORD-0150594,R-0359,2025-09-29,48.38,app,delivery,completed
ORD-0150595,R-0359,2025-09-22,14.33,app,delivery,cancelled
ORD-0150596,R-0359,2025-09-27,130.27,app,pickup,completed
ORD-0150597,R-0359,2025-09-25,31.25,web,pickup,completed
ORD-0150598,R-0359,2025-09-24,27.82,web,pickup,cancelled
ORD-0150599,R-0359,2025-09-27,79.56,app,delivery,cancelled
ORD-0150600,R-0359,2025-09-06,40.48,app,delivery,completed
ORD-0150601,R-0359,2025-09-06,44.37,web,delivery,completed
ORD-0150602,R-0359,2025-09-26,30.82,web,delivery,completed
ORD-0150603,R-0359,2025-09-10,26.56,web,delivery,completed
ORD-0150604,R-0359,2025-09-06,19.67,app,pickup,completed
ORD-0151533,R-0362,2025-09-20,39.88,app,pickup,completed
ORD-0151534,R-0362,2025-09-19,27.50,app,delivery,completed
ORD-0151535,R-0362,2025-09-28,32.20,web,delivery,completed
ORD-0151536,R-0362,2025-09-28,22.10,app,pickup,completed
ORD-0151537,R-0362,2025-09-18,20.87,app,delivery,completed
ORD-0151538,R-0362,2025-09-22,27.48,app,delivery,completed
ORD-0151539,R-0362,2025-09-18,15.55,web,delivery,completed
ORD-0151540,R-0362,2025-09-17,14.99,app,delivery,completed
ORD-0151541,R-0362,2025-09-21,22.81,app,pickup,Completed
ORD-0151542,R-0362,2025-09-17,15.80,app,delivery,Refunded
ORD-0151543,R-0362,2025-09-19,16.23,app,delivery,completed
ORD-0151544,R-0362,2025-09-27,11.35,app,pickup,completed
ORD-0151545,R-0362,2025-09-21,36.17,app,delivery,completed
ORD-0151546,R-0362,2025-09-30,18.31,web,delivery,completed
ORD-0151547,R-0362,2025-09-29,18.13,app,delivery,completed
ORD-0151548,R-0362,2025-09-18,46.29,web,delivery,completed
ORD-0152632,R-0363,2025-09-06,14.33,web,pickup,COMPLETED
ORD-0152633,R-0363,2025-09-07,17.36,web,pickup,completed
ORD-0152634,R-0363,2025-09-18,20.13,web,pickup,completed
ORD-0152635,R-0363,2025-09-25,10.54,app,pickup,completed
ORD-0152636,R-0363,2025-09-27,25.37,app,pickup,completed
ORD-0152637,R-0363,2025-09-26,20.81,web,delivery,refunded
ORD-0152638,R-0363,2025-09-08,9.80,app,delivery,completed
ORD-0152639,R-0363,2025-09-14,14.44,web,pickup,completed
ORD-0152640,R-0363,2025-09-13,20.38,app,pickup,completed
ORD-0152641,R-0363,2025-09-05,25.28,app,pickup,COMPLETED
ORD-0152642,R-0363,2025-09-07,8.24,web,pickup,completed
ORD-0152643,R-0363,2025-09-23,14.34,web,pickup,Completed
ORD-0152644,R-0363,2025-09-12,11.26,app,pickup,completed
ORD-0152645,R-0363,2025-09-19,18.69,app,pickup,completed
ORD-0152646,R-0363,2025-09-19,22.97,web,delivery,completed
ORD-0152647,R-0363,2025-09-11,21.90,web,pickup,completed
ORD-0152648,R-0363,2025-09-05,19.63,app,delivery,COMPLETED
ORD-0152649,R-0363,2025-09-16,10.29,app,pickup,completed
ORD-0152650,R-0363,2025-09-18,12.91,web,delivery,completed
ORD-0152651,R-0363,2025-09-14,15.64,web,pickup,completed
ORD-0152652,R-0363,2025-09-13,22.52,web,pickup,completed
ORD-0152653,R-0363,2025-09-28,11.48,web,pickup,completed
ORD-0152654,R-0363,2025-09-14,12.18,web,pickup,completed
ORD-0152655,R-0363,2025-09-15,14.14,web,pickup,completed
ORD-0152656,R-0363,2025-09-05,15.20,app,pickup,completed
ORD-0152657,R-0363,2025-09-07,12.81,app,pickup,completed
ORD-0152658,R-0363,2025-09-21,15.42,app,delivery,completed
ORD-0152659,R-0363,2025-09-07,17.90,app,pickup,completed
ORD-0152660,R-0363,2025-09-01,20.91,web,delivery,completed
ORD-0152661,R-0363,2025-09-22,28.40,app,pickup,completed
ORD-0152662,R-0363,2025-09-15,16.45,web,delivery,completed
ORD-0152663,R-0363,2025-09-09,10.23,web,delivery,COMPLETED
ORD-0152664,R-0363,2025-09-26,15.35,web,pickup,completed
ORD-0152665,R-0363,2025-09-02,14.35,web,pickup,completed
ORD-0152666,R-0363,2025-09-13,14.49,app,pickup,completed
ORD-0152667,R-0363,2025-09-27,13.06,web,delivery,completed
ORD-0152668,R-0363,2025-09-12,27.36,web,pickup,completed
ORD-0152669,R-0363,2025-09-09,16.56,web,delivery,completed
ORD-0152670,R-0363,2025-09-08,16.77,web,pickup,Completed
ORD-0152671,R-0363,2025-09-23,15.73,app,delivery,COMPLETED
ORD-0152672,R-0363,2025-09-19,13.09,web,delivery,completed
ORD-0152673,R-0363,2025-09-17,22.51,app,pickup,completed
ORD-0152674,R-0363,2025-09-06,22.49,web,pickup,completed
ORD-0152675,R-0363,2025-09-27,19.21,web,pickup,completed
ORD-0152676,R-0363,2025-09-25,14.38,web,pickup,completed
ORD-0152677,R-0363,2025-09-12,38.54,web,delivery,completed
ORD-0152678,R-0363,2025-09-19,12.95,web,pickup,completed
ORD-0152679,R-0363,2025-09-01,17.78,app,pickup,completed
ORD-0152680,R-0363,2025-09-12,13.68,app,pickup,completed
ORD-0152681,R-0363,2025-09-17,20.99,app,pickup,completed
ORD-0152682,R-0363,2025-09-27,13.09,web,pickup,completed
ORD-0152683,R-0363,2025-09-07,12.23,web,pickup,completed
ORD-0152684,R-0363,2025-09-28,28.20,web,pickup,completed
ORD-0152685,R-0363,2025-09-16,15.51,app,pickup,Cancelled
ORD-0152686,R-0363,2025-09-27,11.30,app,delivery,completed
ORD-0152687,R-0363,2025-09-28,34.62,app,pickup,completed
ORD-0152688,R-0363,2025-09-13,21.22,app,pickup,completed
ORD-0152689,R-0363,2025-09-21,27.02,app,delivery,Completed
ORD-0152690,R-0363,2025-09-07,13.69,web,pickup,completed
ORD-0152691,R-0363,2025-09-08,14.58,web,delivery,completed
ORD-0152692,R-0363,2025-09-29,14.40,web,pickup,completed
ORD-0152693,R-0363,2025-09-14,15.68,app,pickup,completed
ORD-0152694,R-0363,2025-09-05,19.82,web,pickup,completed
ORD-0152695,R-0363,2025-09-08,14.39,web,pickup,completed
ORD-0152696,R-0363,2025-09-24,11.94,web,pickup,completed
ORD-0153256,R-0364,2025-09-13,27.28,app,pickup,REFUNDED
ORD-0153257,R-0364,2025-09-19,47.56,web,pickup,completed
ORD-0153258,R-0364,2025-09-01,32.19,web,delivery,Completed
ORD-0153259,R-0364,2025-09-02,27.63,app,pickup,completed
ORD-0153260,R-0364,2025-09-14,27.73,web,delivery,completed
ORD-0153261,R-0364,2025-09-10,29.99,app,pickup,Completed
ORD-0153262,R-0364,2025-09-26,33.59,app,pickup,completed
ORD-0153263,R-0364,2025-09-26,20.95,app,delivery,completed
ORD-0153264,R-0364,2025-09-23,26.53,web,delivery,completed
ORD-0153265,R-0364,2025-09-29,37.35,app,pickup,completed
ORD-0153266,R-0364,2025-09-13,31.81,app,pickup,refunded
ORD-0153267,R-0364,2025-09-25,20.09,web,delivery,COMPLETED
ORD-0153268,R-0364,2025-09-13,23.64,web,delivery,completed
ORD-0153269,R-0364,2025-09-06,39.88,app,delivery,completed
ORD-0153270,R-0364,2025-09-19,35.48,app,pickup,completed
ORD-0153271,R-0364,2025-09-29,27.01,app,delivery,Completed
ORD-0153272,R-0364,2025-09-23,16.57,web,pickup,completed
ORD-0153273,R-0364,2025-09-08,32.45,web,delivery,completed
ORD-0153274,R-0364,2025-09-16,35.10,app,delivery,refunded
ORD-0153275,R-0364,2025-09-11,31.38,app,pickup,completed
ORD-0153276,R-0364,2025-09-26,21.15,app,pickup,completed
ORD-0153277,R-0364,2025-09-30,21.45,app,delivery,completed
ORD-0153278,R-0364,2025-09-06,50.04,app,pickup,completed
ORD-0153279,R-0364,2025-09-11,48.18,app,delivery,completed
ORD-0153280,R-0364,2025-09-27,34.54,web,delivery,completed
ORD-0153281,R-0364,2025-09-27,31.37,app,pickup,completed
ORD-0153282,R-0364,2025-09-05,29.59,app,pickup,completed
ORD-0153283,R-0364,2025-09-23,22.83,web,pickup,completed
ORD-0153284,R-0364,2025-09-14,25.95,app,pickup,completed
ORD-0153285,R-0364,2025-09-17,29.15,web,delivery,completed
ORD-0153286,R-0364,2025-09-09,24.90,web,delivery,completed
ORD-0153287,R-0364,2025-09-24,14.59,web,pickup,completed
ORD-0153288,R-0364,2025-09-28,27.49,app,pickup,completed
ORD-0153289,R-0364,2025-09-14,33.15,app,pickup,completed
ORD-0153290,R-0364,2025-09-08,23.97,web,delivery,completed
ORD-0153291,R-0364,2025-09-16,22.98,app,pickup,completed
ORD-0153292,R-0364,2025-09-03,33.76,web,pickup,completed
ORD-0153293,R-0364,2025-09-26,31.43,app,pickup,completed
ORD-0153294,R-0364,2025-09-12,39.09,web,pickup,completed
ORD-0153295,R-0364,2025-09-07,37.35,app,pickup,completed
ORD-0153296,R-0364,2025-09-11,36.60,app,delivery,completed
ORD-0153297,R-0364,2025-09-29,40.21,app,delivery,refunded
ORD-0153298,R-0364,2025-09-30,24.57,web,pickup,completed
ORD-0153299,R-0364,2025-09-09,31.93,web,pickup,completed
ORD-0153300,R-0364,2025-09-08,24.40,app,delivery,completed
ORD-0153301,R-0364,2025-09-27,28.02,app,pickup,completed
ORD-0153302,R-0364,2025-09-18,35.02,web,pickup,completed
ORD-0153303,R-0364,2025-09-06,45.19,web,pickup,completed
ORD-0153304,R-0364,2025-09-21,18.73,web,pickup,completed
ORD-0153305,R-0364,2025-09-11,12.38,app,pickup,completed
ORD-0153306,R-0364,2025-09-09,50.82,app,pickup,COMPLETED
ORD-0153307,R-0364,2025-09-07,53.83,app,pickup,completed
ORD-0153308,R-0364,2025-09-14,27.12,app,pickup,completed
ORD-0153309,R-0364,2025-09-30,30.05,app,pickup,completed
ORD-0153310,R-0364,2025-09-18,24.51,app,delivery,completed
ORD-0153311,R-0364,2025-09-07,40.32,app,pickup,completed
ORD-0153312,R-0364,2025-09-21,34.22,web,pickup,completed
ORD-0153313,R-0364,2025-09-04,23.79,web,delivery,completed
ORD-0154217,R-0366,2025-09-11,40.53,web,delivery,completed
ORD-0154218,R-0366,2025-09-21,28.98,app,delivery,completed
ORD-0154219,R-0366,2025-09-02,54.60,web,delivery,completed
ORD-0154220,R-0366,2025-09-12,74.30,web,delivery,completed
ORD-0154221,R-0366,2025-09-03,34.63,web,delivery,completed
ORD-0154222,R-0366,2025-09-27,28.34,web,delivery,completed
ORD-0154223,R-0366,2025-09-21,44.79,app,delivery,COMPLETED
ORD-0154224,R-0366,2025-09-09,126.53,app,pickup,completed
ORD-0154225,R-0366,2025-09-08,25.00,web,delivery,cancelled
ORD-0154226,R-0366,2025-09-29,62.99,web,delivery,completed
ORD-0154227,R-0366,2025-09-30,33.74,app,delivery,completed
ORD-0154228,R-0366,2025-09-25,89.48,web,delivery,completed
ORD-0154229,R-0366,2025-09-12,47.62,web,delivery,completed
ORD-0154230,R-0366,2025-09-12,45.47,app,delivery,completed
ORD-0154231,R-0366,2025-09-09,42.78,web,pickup,cancelled
ORD-0154232,R-0366,2025-09-29,35.09,web,delivery,completed
ORD-0154233,R-0366,2025-09-20,24.73,app,delivery,refunded
ORD-0154234,R-0366,2025-09-20,57.07,web,pickup,completed
ORD-0154235,R-0366,2025-09-12,54.42,web,delivery,cancelled
ORD-0154236,R-0366,2025-09-29,33.43,app,pickup,completed
ORD-0154237,R-0366,2025-09-04,36.86,app,pickup,COMPLETED
ORD-0154238,R-0366,2025-09-20,44.73,app,delivery,completed
ORD-0154239,R-0366,2025-09-05,30.24,web,delivery,completed
ORD-0154240,R-0366,2025-09-26,47.29,app,pickup,Completed
ORD-0154241,R-0366,2025-09-27,23.41,web,pickup,completed
ORD-0154242,R-0366,2025-09-22,52.61,web,pickup,cancelled
ORD-0154243,R-0366,2025-09-03,41.13,app,delivery,completed
ORD-0154244,R-0366,2025-09-21,36.45,app,delivery,completed
ORD-0154245,R-0366,2025-09-13,40.09,web,delivery,completed
ORD-0154246,R-0366,2025-09-30,78.45,web,delivery,completed
ORD-0154247,R-0366,2025-09-25,27.56,web,pickup,completed
ORD-0154248,R-0366,2025-09-20,27.35,app,delivery,completed
ORD-0154249,R-0366,2025-09-28,50.25,app,delivery,completed
ORD-0154250,R-0366,2025-09-28,65.01,web,pickup,completed
ORD-0154251,R-0366,2025-09-28,75.38,app,delivery,completed
ORD-0154252,R-0366,2025-09-03,41.96,web,pickup,completed
ORD-0154253,R-0366,2025-09-20,87.81,app,delivery,completed
ORD-0154254,R-0366,2025-09-16,43.86,web,pickup,completed
ORD-0154255,R-0366,2025-09-07,74.11,app,delivery,cancelled
ORD-0154256,R-0366,2025-09-18,41.59,app,delivery,completed
ORD-0154257,R-0366,2025-09-03,46.17,app,delivery,completed
ORD-0154258,R-0366,2025-09-01,38.32,web,pickup,cancelled
ORD-0154259,R-0366,2025-09-18,65.10,app,delivery,completed
ORD-0154260,R-0366,2025-09-27,54.46,app,delivery,completed
ORD-0154261,R-0366,2025-09-28,48.82,web,delivery,completed
ORD-0154262,R-0366,2025-09-20,72.01,web,delivery,completed
ORD-0154263,R-0366,2025-09-25,39.57,web,delivery,CANCELLED
ORD-0154264,R-0366,2025-09-22,53.68,app,delivery,completed
ORD-0154265,R-0366,2025-09-29,20.71,app,delivery,completed
ORD-0154266,R-0366,2025-09-21,26.22,app,delivery,completed
ORD-0154267,R-0366,2025-09-13,59.15,app,delivery,Completed
ORD-0154268,R-0366,2025-09-12,56.99,app,delivery,completed
ORD-0154269,R-0366,2025-09-27,28.03,web,delivery,completed
ORD-0154270,R-0366,2025-09-20,30.92,app,delivery,completed
ORD-0155177,R-0367,2025-09-03,35.87,app,pickup,completed
ORD-0155178,R-0367,2025-09-27,27.49,app,delivery,completed
ORD-0155179,R-0367,2025-09-23,28.24,app,pickup,completed
ORD-0155180,R-0367,2025-09-11,44.55,app,delivery,completed
ORD-0155181,R-0367,2025-09-20,51.70,app,pickup,completed
ORD-0155182,R-0367,2025-09-25,37.59,app,pickup,completed
ORD-0155183,R-0367,2025-09-09,39.39,app,pickup,completed
ORD-0155184,R-0367,2025-09-27,45.21,web,delivery,completed
ORD-0155185,R-0367,2025-09-12,24.88,app,delivery,completed
ORD-0155186,R-0367,2025-09-05,54.73,web,pickup,completed
ORD-0155187,R-0367,2025-09-29,67.35,web,pickup,completed
ORD-0155188,R-0367,2025-09-16,17.15,app,pickup,COMPLETED
ORD-0155189,R-0367,2025-09-22,35.72,app,pickup,completed
ORD-0155190,R-0367,2025-09-13,28.55,app,delivery,completed
ORD-0155191,R-0367,2025-09-23,34.98,web,pickup,completed
ORD-0155192,R-0367,2025-09-08,24.73,app,delivery,completed
ORD-0155193,R-0367,2025-09-29,32.17,app,delivery,Completed
ORD-0155194,R-0367,2025-09-17,40.77,app,delivery,completed
ORD-0155195,R-0367,2025-09-28,33.03,app,pickup,completed
ORD-0155196,R-0367,2025-09-13,35.59,app,delivery,completed
ORD-0155197,R-0367,2025-09-15,25.81,app,pickup,completed
ORD-0155198,R-0367,2025-09-29,65.26,app,pickup,completed
ORD-0155199,R-0367,2025-09-17,28.37,app,pickup,completed
ORD-0155200,R-0367,2025-09-25,51.97,app,delivery,COMPLETED
ORD-0155201,R-0367,2025-09-13,70.72,web,pickup,COMPLETED
ORD-0155202,R-0367,2025-09-04,38.03,app,delivery,completed
ORD-0155203,R-0367,2025-09-11,40.48,web,pickup,Completed
ORD-0155204,R-0367,2025-09-24,29.27,app,pickup,completed
ORD-0155205,R-0367,2025-09-05,23.30,web,pickup,completed
ORD-0155206,R-0367,2025-09-13,20.14,web,pickup,completed
ORD-0155207,R-0367,2025-09-15,40.80,app,delivery,completed
ORD-0155208,R-0367,2025-09-25,50.37,app,delivery,Refunded
ORD-0155209,R-0367,2025-09-19,24.64,web,pickup,completed
ORD-0155210,R-0367,2025-09-28,35.01,app,pickup,completed
ORD-0155211,R-0367,2025-09-24,46.15,app,pickup,completed
ORD-0155212,R-0367,2025-09-13,40.60,web,delivery,completed
ORD-0155213,R-0367,2025-09-20,24.63,app,pickup,completed
ORD-0155214,R-0367,2025-09-27,42.33,app,pickup,completed
ORD-0155215,R-0367,2025-09-24,27.07,web,delivery,completed
ORD-0155216,R-0367,2025-09-05,39.15,app,pickup,completed
ORD-0155217,R-0367,2025-09-07,71.98,web,pickup,completed
ORD-0155218,R-0367,2025-09-25,25.78,web,delivery,completed
ORD-0155219,R-0367,2025-09-19,31.81,app,delivery,Completed
ORD-0155220,R-0367,2025-09-28,55.87,web,pickup,completed
ORD-0155221,R-0367,2025-09-13,33.10,app,delivery,COMPLETED
ORD-0155222,R-0367,2025-09-06,56.04,app,pickup,completed
ORD-0155223,R-0367,2025-09-16,37.75,app,pickup,completed
ORD-0155224,R-0367,2025-09-25,30.78,web,delivery,completed
ORD-0155225,R-0367,2025-09-15,19.42,app,delivery,completed
ORD-0155226,R-0367,2025-09-19,44.16,web,pickup,completed
ORD-0155227,R-0367,2025-09-18,32.10,app,pickup,completed
ORD-0155228,R-0367,2025-09-09,30.70,app,pickup,completed
ORD-0155229,R-0367,2025-09-16,45.01,app,pickup,completed
ORD-0155230,R-0367,2025-09-19,46.51,web,pickup,completed
ORD-0155231,R-0367,2025-09-13,66.11,app,pickup,completed
ORD-0155232,R-0367,2025-09-20,52.17,app,pickup,completed
ORD-0155233,R-0367,2025-09-04,44.60,app,pickup,completed
ORD-0155234,R-0367,2025-09-17,25.02,app,delivery,completed
ORD-0155235,R-0367,2025-09-08,53.36,web,pickup,completed
ORD-0155236,R-0367,2025-09-14,22.48,web,pickup,completed
ORD-0155237,R-0367,2025-09-13,71.84,app,pickup,completed
ORD-0155238,R-0367,2025-09-06,35.19,web,delivery,completed
ORD-0155239,R-0367,2025-09-20,62.98,web,delivery,COMPLETED
ORD-0155240,R-0367,2025-09-27,35.18,app,pickup,completed
ORD-0155241,R-0367,2025-09-19,45.37,web,delivery,completed
ORD-0155242,R-0367,2025-09-06,30.68,app,pickup,completed
ORD-0155243,R-0367,2025-09-26,37.79,app,pickup,completed
ORD-0155244,R-0367,2025-09-15,37.89,app,pickup,completed
ORD-0155245,R-0367,2025-09-01,57.32,app,pickup,cancelled
ORD-0155246,R-0367,2025-09-05,24.48,app,pickup,completed
ORD-0155247,R-0367,2025-09-26,27.58,app,delivery,COMPLETED
ORD-0155248,R-0367,2025-09-16,41.87,app,pickup,completed
ORD-0155249,R-0367,2025-09-28,32.93,app,delivery,refunded
ORD-0155250,R-0367,2025-09-03,42.14,web,delivery,completed
ORD-0155251,R-0367,2025-09-22,42.26,web,pickup,completed
ORD-0155252,R-0367,2025-09-23,49.95,web,delivery,completed
ORD-0155253,R-0367,2025-09-20,46.12,web,pickup,completed
ORD-0155254,R-0367,2025-09-08,29.05,app,pickup,completed
ORD-0155255,R-0367,2025-09-20,30.07,web,delivery,completed
ORD-0155256,R-0367,2025-09-12,36.57,app,pickup,completed
ORD-0155257,R-0367,2025-09-11,32.14,app,pickup,completed
ORD-0155258,R-0367,2025-09-01,27.32,app,pickup,COMPLETED
ORD-0155259,R-0367,2025-09-21,23.95,app,pickup,completed
ORD-0155260,R-0367,2025-09-26,35.05,app,pickup,completed
ORD-0155261,R-0367,2025-09-05,44.53,web,pickup,completed
ORD-0155262,R-0367,2025-09-26,45.27,web,pickup,completed
ORD-0155263,R-0367,2025-09-17,42.79,app,delivery,completed
ORD-0155264,R-0367,2025-09-13,31.16,app,delivery,completed
ORD-0155265,R-0367,2025-09-20,31.37,app,pickup,completed
ORD-0155266,R-0367,2025-09-09,27.86,app,delivery,completed
ORD-0155267,R-0367,2025-09-12,26.99,app,pickup,Completed
ORD-0155268,R-0367,2025-09-14,40.27,app,delivery,completed
ORD-0155269,R-0367,2025-09-25,37.39,web,pickup,completed
ORD-0155270,R-0367,2025-09-08,34.53,app,delivery,completed
ORD-0155271,R-0367,2025-09-02,29.62,web,delivery,completed
ORD-0155272,R-0367,2025-09-10,43.62,web,pickup,completed
ORD-0155273,R-0367,2025-09-16,21.92,web,pickup,completed
ORD-0155274,R-0367,2025-09-06,40.72,app,delivery,completed
ORD-0155275,R-0367,2025-09-25,39.01,app,delivery,completed
ORD-0155276,R-0367,2025-09-06,47.84,app,delivery,completed
ORD-0155277,R-0367,2025-09-26,43.12,app,delivery,completed
ORD-0155278,R-0367,2025-09-29,36.38,web,delivery,completed
ORD-0155279,R-0367,2025-09-25,37.00,web,delivery,completed
ORD-0155280,R-0367,2025-09-28,35.90,web,pickup,completed
ORD-0155281,R-0367,2025-09-11,39.03,web,delivery,completed
ORD-0155282,R-0367,2025-09-02,43.32,app,delivery,completed
ORD-0155283,R-0367,2025-09-04,39.45,web,delivery,cancelled
ORD-0155284,R-0367,2025-09-23,32.40,app,pickup,COMPLETED
ORD-0155285,R-0367,2025-09-23,51.79,app,pickup,Completed
ORD-0155286,R-0367,2025-09-11,57.76,app,delivery,completed
ORD-0155287,R-0367,2025-09-10,31.05,web,pickup,completed
ORD-0155288,R-0367,2025-09-14,49.70,app,delivery,COMPLETED
ORD-0155289,R-0367,2025-09-09,30.83,app,pickup,completed
ORD-0155290,R-0367,2025-09-18,28.71,web,delivery,completed
ORD-0155291,R-0367,2025-09-01,47.17,app,delivery,COMPLETED
ORD-0155292,R-0367,2025-09-04,39.09,app,delivery,completed
ORD-0155293,R-0367,2025-09-07,80.07,app,pickup,completed
ORD-0155294,R-0367,2025-09-12,29.98,app,delivery,completed
ORD-0155295,R-0367,2025-09-07,35.40,app,delivery,completed
ORD-0155296,R-0367,2025-09-20,53.86,app,delivery,cancelled
ORD-0155297,R-0367,2025-09-08,23.70,app,pickup,completed
ORD-0155298,R-0367,2025-09-12,41.05,app,delivery,completed
ORD-0155299,R-0367,2025-09-28,35.06,app,pickup,completed
ORD-0157600,R-0369,2025-09-19,34.60,app,pickup,completed
ORD-0157601,R-0369,2025-09-23,14.78,web,pickup,completed
ORD-0157602,R-0369,2025-09-18,20.94,web,delivery,completed
ORD-0157603,R-0369,2025-09-10,27.41,app,pickup,completed
ORD-0157604,R-0369,2025-09-22,20.13,web,delivery,COMPLETED
ORD-0157605,R-0369,2025-09-20,16.51,web,delivery,completed
ORD-0157606,R-0369,2025-09-25,19.36,web,delivery,completed
ORD-0157607,R-0369,2025-09-04,21.44,web,pickup,completed
ORD-0157608,R-0369,2025-09-19,20.80,web,pickup,cancelled
ORD-0157609,R-0369,2025-09-13,39.67,web,delivery,completed
ORD-0157610,R-0369,2025-09-09,24.72,web,delivery,Completed
ORD-0157611,R-0369,2025-09-15,26.89,web,delivery,completed
ORD-0157612,R-0369,2025-09-07,25.47,web,delivery,COMPLETED
ORD-0157613,R-0369,2025-09-09,23.86,web,delivery,Completed
ORD-0157614,R-0369,2025-09-01,33.75,app,delivery,completed
ORD-0157615,R-0369,2025-09-30,17.25,app,delivery,completed
ORD-0157616,R-0369,2025-09-07,30.81,app,delivery,completed
ORD-0157617,R-0369,2025-09-13,15.50,web,delivery,completed
ORD-0157618,R-0369,2025-09-08,18.38,web,delivery,completed
ORD-0157619,R-0369,2025-09-20,23.72,web,delivery,completed
ORD-0157620,R-0369,2025-09-12,30.49,web,delivery,completed
ORD-0157621,R-0369,2025-09-26,24.13,app,delivery,completed
ORD-0157622,R-0369,2025-09-03,22.43,app,delivery,Completed
ORD-0157623,R-0369,2025-09-28,15.61,web,delivery,Completed
ORD-0157624,R-0369,2025-09-23,25.37,web,delivery,completed
ORD-0157625,R-0369,2025-09-18,26.02,web,delivery,completed
ORD-0157626,R-0369,2025-09-05,23.24,web,delivery,completed
ORD-0157627,R-0369,2025-09-12,17.19,web,delivery,completed
ORD-0157628,R-0369,2025-09-25,27.41,app,delivery,completed
ORD-0157629,R-0369,2025-09-06,23.50,web,delivery,completed
ORD-0157630,R-0369,2025-09-29,16.43,web,delivery,completed
ORD-0157631,R-0369,2025-09-13,22.42,web,delivery,Completed
ORD-0157632,R-0369,2025-09-28,20.43,web,delivery,completed
ORD-0157633,R-0369,2025-09-27,15.94,app,pickup,Refunded
ORD-0157634,R-0369,2025-09-13,27.48,web,delivery,completed
ORD-0157635,R-0369,2025-09-21,22.82,web,delivery,completed
ORD-0157636,R-0369,2025-09-20,31.47,app,delivery,completed
ORD-0157637,R-0369,2025-09-12,20.92,app,delivery,COMPLETED
ORD-0159478,R-0374,2025-09-11,31.09,web,pickup,COMPLETED
ORD-0159479,R-0374,2025-09-09,40.06,web,pickup,completed
ORD-0159480,R-0374,2025-09-22,32.58,app,pickup,completed
ORD-0159481,R-0374,2025-09-20,32.03,web,pickup,completed
ORD-0159482,R-0374,2025-09-09,33.58,app,delivery,completed
ORD-0159483,R-0374,2025-09-04,20.98,web,delivery,completed
ORD-0159484,R-0374,2025-09-26,24.42,web,pickup,Completed
ORD-0159485,R-0374,2025-09-18,20.13,web,delivery,completed
ORD-0159486,R-0374,2025-09-26,44.14,app,pickup,completed
ORD-0159487,R-0374,2025-09-18,28.40,app,pickup,completed
ORD-0159488,R-0374,2025-09-08,46.26,app,delivery,completed
ORD-0159489,R-0374,2025-09-14,45.12,app,pickup,completed
ORD-0159490,R-0374,2025-09-01,30.59,web,delivery,completed
ORD-0159491,R-0374,2025-09-11,25.63,app,pickup,Completed
ORD-0159492,R-0374,2025-09-14,45.64,app,pickup,completed
ORD-0159493,R-0374,2025-09-05,35.25,app,delivery,completed
ORD-0159494,R-0374,2025-09-22,49.79,web,pickup,completed
ORD-0159495,R-0374,2025-09-02,34.12,web,delivery,completed
ORD-0159496,R-0374,2025-09-23,28.15,web,pickup,completed
ORD-0159497,R-0374,2025-09-06,28.72,web,pickup,completed
ORD-0159498,R-0374,2025-09-28,29.83,app,delivery,completed
ORD-0159499,R-0374,2025-09-09,37.46,app,delivery,cancelled
ORD-0159500,R-0374,2025-09-14,29.23,app,delivery,Completed
ORD-0159501,R-0374,2025-09-28,33.36,web,delivery,completed
ORD-0159502,R-0374,2025-09-17,35.20,app,delivery,completed
ORD-0159503,R-0374,2025-09-29,37.67,app,pickup,completed
ORD-0159504,R-0374,2025-09-21,28.70,app,pickup,completed
ORD-0159505,R-0374,2025-09-04,37.13,web,pickup,completed
ORD-0159506,R-0374,2025-09-29,25.73,web,delivery,completed
ORD-0159507,R-0374,2025-09-27,32.93,app,pickup,COMPLETED
ORD-0159508,R-0374,2025-09-23,22.82,web,delivery,completed
ORD-0160900,R-0375,2025-09-11,19.37,app,delivery,cancelled
ORD-0160901,R-0375,2025-09-29,44.38,app,delivery,refunded
ORD-0160902,R-0375,2025-09-20,41.21,web,delivery,completed
ORD-0160903,R-0375,2025-09-05,33.92,web,delivery,completed
ORD-0160904,R-0375,2025-09-23,38.50,app,delivery,completed
ORD-0160905,R-0375,2025-09-06,96.78,app,delivery,completed
ORD-0160906,R-0375,2025-09-05,15.81,app,delivery,completed
ORD-0160907,R-0375,2025-09-08,26.91,web,delivery,completed
ORD-0160908,R-0375,2025-09-17,32.16,app,delivery,completed
ORD-0160909,R-0375,2025-09-05,25.05,web,delivery,COMPLETED
ORD-0160910,R-0375,2025-09-26,35.85,app,delivery,completed
ORD-0160911,R-0375,2025-09-29,29.88,web,delivery,Completed
ORD-0160912,R-0375,2025-09-01,50.80,app,pickup,completed
ORD-0160913,R-0375,2025-09-26,28.05,app,delivery,completed
ORD-0160914,R-0375,2025-09-15,28.56,app,pickup,completed
ORD-0160915,R-0375,2025-09-25,37.75,app,delivery,completed
ORD-0160916,R-0375,2025-09-24,50.82,app,delivery,completed
ORD-0160917,R-0375,2025-09-28,14.39,app,delivery,completed
ORD-0160918,R-0375,2025-09-18,56.37,app,delivery,Completed
ORD-0160919,R-0375,2025-09-10,21.15,app,pickup,completed
ORD-0160920,R-0375,2025-09-25,48.33,app,delivery,completed
ORD-0160921,R-0375,2025-09-21,25.64,app,delivery,completed
ORD-0160922,R-0375,2025-09-25,39.15,app,delivery,completed
ORD-0160923,R-0375,2025-09-09,34.55,app,delivery,COMPLETED
ORD-0160924,R-0375,2025-09-29,63.29,web,pickup,completed
ORD-0160925,R-0375,2025-09-27,22.69,app,pickup,completed
ORD-0160926,R-0375,2025-09-03,13.08,web,pickup,completed
ORD-0160927,R-0375,2025-09-27,26.12,app,delivery,completed
ORD-0160928,R-0375,2025-09-03,23.93,app,delivery,COMPLETED
ORD-0160929,R-0375,2025-09-27,24.63,web,delivery,completed
ORD-0160930,R-0375,2025-09-06,30.48,web,delivery,COMPLETED
ORD-0160931,R-0375,2025-09-20,22.58,app,delivery,completed
ORD-0160932,R-0375,2025-09-29,33.02,app,delivery,COMPLETED
ORD-0160933,R-0375,2025-09-25,17.84,web,pickup,completed
ORD-0160934,R-0375,2025-09-06,34.29,app,pickup,completed
ORD-0160935,R-0375,2025-09-27,38.94,web,pickup,completed
ORD-0160936,R-0375,2025-09-16,23.25,web,delivery,completed
ORD-0160937,R-0375,2025-09-20,18.43,web,pickup,completed
ORD-0160938,R-0375,2025-09-28,30.20,app,pickup,completed
ORD-0160939,R-0375,2025-09-19,38.43,web,delivery,Completed
ORD-0160940,R-0375,2025-09-17,57.06,web,delivery,completed
ORD-0160941,R-0375,2025-09-17,45.64,app,delivery,COMPLETED
ORD-0160942,R-0375,2025-09-13,27.95,app,delivery,completed
ORD-0160943,R-0375,2025-09-06,64.24,app,pickup,Completed
ORD-0160944,R-0375,2025-09-01,43.59,web,delivery,completed
ORD-0160945,R-0375,2025-09-14,52.97,app,delivery,completed
ORD-0160946,R-0375,2025-09-10,28.32,app,pickup,completed
ORD-0160947,R-0375,2025-09-22,18.46,app,delivery,completed
ORD-0160948,R-0375,2025-09-20,24.31,web,pickup,completed
ORD-0160949,R-0375,2025-09-23,45.60,app,delivery,completed
ORD-0160950,R-0375,2025-09-27,24.86,web,delivery,completed
ORD-0160951,R-0375,2025-09-26,32.17,web,delivery,completed
ORD-0160952,R-0375,2025-09-14,23.74,web,pickup,COMPLETED
ORD-0160953,R-0375,2025-09-21,30.27,app,delivery,completed
ORD-0160954,R-0375,2025-09-09,33.72,web,pickup,completed
ORD-0160955,R-0375,2025-09-21,37.37,web,delivery,completed
ORD-0160956,R-0375,2025-09-29,12.80,web,delivery,completed
ORD-0160957,R-0375,2025-09-21,21.77,app,delivery,completed
ORD-0160958,R-0375,2025-09-10,14.90,web,delivery,completed
ORD-0160959,R-0375,2025-09-04,14.60,web,delivery,completed
ORD-0160960,R-0375,2025-09-06,19.75,app,delivery,completed
ORD-0160961,R-0375,2025-09-17,21.53,web,delivery,completed
ORD-0160962,R-0375,2025-09-27,47.72,web,delivery,completed
ORD-0160963,R-0375,2025-09-07,30.16,app,pickup,Completed
ORD-0160964,R-0375,2025-09-13,17.13,web,delivery,completed
ORD-0160965,R-0375,2025-09-18,40.60,web,delivery,completed
ORD-0160966,R-0375,2025-09-13,32.27,app,delivery,completed
ORD-0160967,R-0375,2025-09-16,22.93,app,pickup,completed
ORD-0160968,R-0375,2025-09-17,21.27,app,pickup,completed
ORD-0160969,R-0375,2025-09-21,19.54,app,delivery,completed
ORD-0160970,R-0375,2025-09-24,19.04,web,delivery,completed
ORD-0160971,R-0375,2025-09-19,21.01,app,delivery,completed
ORD-0160972,R-0375,2025-09-08,27.63,app,delivery,completed
ORD-0160973,R-0375,2025-09-28,31.46,web,pickup,completed
ORD-0160974,R-0375,2025-09-10,36.46,app,delivery,completed
ORD-0160975,R-0375,2025-09-28,15.68,app,delivery,completed
ORD-0161765,R-0376,2025-09-11,33.98,app,pickup,completed
ORD-0161766,R-0376,2025-09-10,52.69,web,pickup,completed
ORD-0161767,R-0376,2025-09-22,100.31,app,pickup,completed
ORD-0161768,R-0376,2025-09-04,33.43,app,delivery,completed
ORD-0161769,R-0376,2025-09-07,55.48,web,pickup,completed
ORD-0161770,R-0376,2025-09-22,30.44,app,pickup,completed
ORD-0161771,R-0376,2025-09-19,72.93,app,pickup,completed
ORD-0161772,R-0376,2025-09-25,31.12,web,pickup,completed
ORD-0161773,R-0376,2025-09-16,78.84,app,pickup,COMPLETED
ORD-0161774,R-0376,2025-09-08,44.33,app,pickup,completed
ORD-0161775,R-0376,2025-09-19,38.85,web,delivery,completed
ORD-0161776,R-0376,2025-09-09,62.49,web,pickup,completed
ORD-0161777,R-0376,2025-09-13,26.71,web,pickup,Completed
ORD-0161778,R-0376,2025-09-03,29.55,web,pickup,COMPLETED
ORD-0161779,R-0376,2025-09-13,59.26,app,pickup,completed
ORD-0161780,R-0376,2025-09-19,42.73,web,delivery,completed
ORD-0161781,R-0376,2025-09-29,87.19,web,pickup,COMPLETED
ORD-0161782,R-0376,2025-09-05,25.62,app,pickup,completed
ORD-0161783,R-0376,2025-09-05,27.53,app,pickup,completed
ORD-0161784,R-0376,2025-09-29,35.64,app,pickup,completed
ORD-0161785,R-0376,2025-09-26,142.36,app,pickup,Completed
ORD-0161786,R-0376,2025-09-18,33.85,app,pickup,COMPLETED
ORD-0161787,R-0376,2025-09-22,50.16,app,pickup,completed
ORD-0161788,R-0376,2025-09-18,30.22,app,delivery,completed
ORD-0161789,R-0376,2025-09-25,64.14,web,pickup,completed
ORD-0161790,R-0376,2025-09-26,33.64,app,pickup,Completed
ORD-0161791,R-0376,2025-09-25,48.23,web,pickup,Completed
ORD-0161792,R-0376,2025-09-01,63.05,web,delivery,completed
ORD-0161793,R-0376,2025-09-21,32.05,app,pickup,completed
ORD-0161794,R-0376,2025-09-07,74.68,app,delivery,completed
ORD-0161795,R-0376,2025-09-01,44.68,app,pickup,completed
ORD-0161796,R-0376,2025-09-14,43.66,web,pickup,completed
ORD-0161797,R-0376,2025-09-15,73.22,web,pickup,completed
ORD-0161798,R-0376,2025-09-26,39.45,app,pickup,completed
ORD-0161799,R-0376,2025-09-23,51.38,app,delivery,completed
ORD-0161800,R-0376,2025-09-27,43.96,app,pickup,completed
ORD-0161801,R-0376,2025-09-05,48.04,app,pickup,completed
ORD-0161802,R-0376,2025-09-18,67.99,web,delivery,completed
ORD-0161803,R-0376,2025-09-04,75.04,app,delivery,completed
ORD-0161804,R-0376,2025-09-19,51.50,web,pickup,COMPLETED
ORD-0162399,R-0377,2025-09-19,40.89,web,pickup,Cancelled
ORD-0162400,R-0377,2025-09-20,55.78,app,pickup,completed
ORD-0162401,R-0377,2025-09-12,24.29,app,pickup,completed
ORD-0162402,R-0377,2025-09-02,32.45,app,delivery,completed
ORD-0162403,R-0377,2025-09-19,22.38,app,pickup,completed
ORD-0162404,R-0377,2025-09-26,23.26,app,pickup,completed
ORD-0162405,R-0377,2025-09-27,39.64,app,pickup,completed
ORD-0162775,R-0379,2025-09-10,17.78,web,delivery,completed
ORD-0162776,R-0379,2025-09-14,32.21,web,delivery,completed
ORD-0162777,R-0379,2025-09-09,18.95,web,delivery,completed
ORD-0162778,R-0379,2025-09-02,15.50,web,delivery,completed
ORD-0162779,R-0379,2025-09-26,21.93,app,delivery,completed
ORD-0162780,R-0379,2025-09-28,24.62,app,delivery,completed
ORD-0162781,R-0379,2025-09-04,25.67,web,delivery,Completed
ORD-0162782,R-0379,2025-09-23,33.13,web,pickup,completed
ORD-0162783,R-0379,2025-09-07,34.90,app,pickup,completed
ORD-0162784,R-0379,2025-09-30,29.74,web,delivery,completed
ORD-0162785,R-0379,2025-09-13,37.93,app,delivery,completed
ORD-0162786,R-0379,2025-09-23,12.07,web,delivery,completed
ORD-0162787,R-0379,2025-09-10,10.33,web,delivery,completed
ORD-0162788,R-0379,2025-09-05,24.02,web,delivery,completed
ORD-0162789,R-0379,2025-09-26,48.25,web,delivery,COMPLETED
ORD-0162790,R-0379,2025-09-11,11.47,app,delivery,refunded
ORD-0162791,R-0379,2025-09-10,18.49,web,delivery,completed
ORD-0162792,R-0379,2025-09-01,32.87,web,pickup,completed
ORD-0162793,R-0379,2025-09-14,38.28,web,delivery,completed
ORD-0162794,R-0379,2025-09-12,28.28,app,delivery,completed
ORD-0162795,R-0379,2025-09-26,30.46,app,pickup,completed
ORD-0162796,R-0379,2025-09-24,25.99,web,delivery,completed
ORD-0162797,R-0379,2025-09-12,34.10,app,delivery,completed
ORD-0162798,R-0379,2025-09-07,23.59,web,delivery,COMPLETED
ORD-0162799,R-0379,2025-09-22,36.56,app,delivery,completed
ORD-0162800,R-0379,2025-09-17,15.95,app,delivery,completed
ORD-0162801,R-0379,2025-09-19,11.04,web,delivery,completed
ORD-0162802,R-0379,2025-09-22,10.89,app,delivery,completed
ORD-0162803,R-0379,2025-09-09,15.87,web,delivery,completed
ORD-0162804,R-0379,2025-09-21,22.84,app,delivery,completed
ORD-0162805,R-0379,2025-09-06,20.94,web,delivery,COMPLETED
ORD-0162806,R-0379,2025-09-02,21.71,web,delivery,completed
ORD-0162807,R-0379,2025-09-20,13.94,app,delivery,COMPLETED
ORD-0162808,R-0379,2025-09-21,17.60,app,delivery,completed
ORD-0162809,R-0379,2025-09-18,23.93,app,delivery,completed
ORD-0162810,R-0379,2025-09-27,27.76,app,delivery,completed
ORD-0162811,R-0379,2025-09-02,18.68,web,pickup,completed
ORD-0162812,R-0379,2025-09-03,23.96,app,delivery,completed
ORD-0163636,R-0382,2025-09-28,30.87,app,delivery,Completed
ORD-0163637,R-0382,2025-09-27,26.23,web,delivery,completed
ORD-0163638,R-0382,2025-09-30,20.31,web,pickup,completed
ORD-0164587,R-0383,2025-09-03,15.21,web,pickup,cancelled
ORD-0164588,R-0383,2025-09-14,60.83,web,pickup,completed
ORD-0164589,R-0383,2025-09-12,16.05,web,delivery,completed
ORD-0164590,R-0383,2025-09-27,14.30,web,delivery,completed
ORD-0164591,R-0383,2025-09-06,24.51,app,delivery,completed
ORD-0164592,R-0383,2025-09-02,19.43,app,delivery,completed
ORD-0164593,R-0383,2025-09-13,18.70,web,delivery,completed
ORD-0164594,R-0383,2025-09-08,38.59,web,delivery,completed
ORD-0164595,R-0383,2025-09-18,44.90,web,delivery,completed
ORD-0164596,R-0383,2025-09-12,37.16,web,delivery,completed
ORD-0164597,R-0383,2025-09-19,49.80,web,delivery,COMPLETED
ORD-0164598,R-0383,2025-09-03,31.37,app,pickup,completed
ORD-0164599,R-0383,2025-09-21,24.06,app,delivery,completed
ORD-0164600,R-0383,2025-09-01,28.19,app,pickup,completed
ORD-0164601,R-0383,2025-09-28,18.48,app,delivery,Completed
ORD-0164602,R-0383,2025-09-11,23.31,web,delivery,completed
ORD-0164603,R-0383,2025-09-11,16.01,app,delivery,COMPLETED
ORD-0164604,R-0383,2025-09-15,36.36,app,delivery,completed
ORD-0164605,R-0383,2025-09-06,28.57,web,delivery,completed
ORD-0164606,R-0383,2025-09-20,27.53,app,delivery,completed
ORD-0164607,R-0383,2025-09-09,34.92,app,delivery,completed
ORD-0164608,R-0383,2025-09-12,57.99,web,delivery,completed
ORD-0164609,R-0383,2025-09-11,29.47,app,delivery,completed
ORD-0164610,R-0383,2025-09-07,27.61,web,delivery,Completed
ORD-0164611,R-0383,2025-09-06,14.36,web,delivery,completed
ORD-0164612,R-0383,2025-09-03,25.33,app,pickup,completed
ORD-0164613,R-0383,2025-09-20,24.95,web,delivery,completed
ORD-0164614,R-0383,2025-09-06,9.73,web,delivery,completed
ORD-0164615,R-0383,2025-09-20,23.77,web,pickup,completed
ORD-0164616,R-0383,2025-09-06,15.85,web,delivery,COMPLETED
ORD-0164617,R-0383,2025-09-14,21.75,web,delivery,completed
ORD-0164618,R-0383,2025-09-23,28.41,app,delivery,completed
ORD-0164619,R-0383,2025-09-11,28.83,app,delivery,completed
ORD-0164620,R-0383,2025-09-12,9.71,app,pickup,completed
ORD-0164621,R-0383,2025-09-21,39.05,web,pickup,completed
ORD-0164622,R-0383,2025-09-28,22.56,web,delivery,completed
ORD-0164623,R-0383,2025-09-16,21.79,web,delivery,completed
ORD-0164624,R-0383,2025-09-27,17.46,web,pickup,completed
ORD-0164625,R-0383,2025-09-27,24.06,app,delivery,completed
ORD-0164626,R-0383,2025-09-02,23.00,web,delivery,completed
ORD-0164627,R-0383,2025-09-30,23.52,web,pickup,completed
ORD-0164628,R-0383,2025-09-25,21.05,web,delivery,completed
ORD-0164629,R-0383,2025-09-21,18.30,web,delivery,completed
ORD-0164630,R-0383,2025-09-23,23.29,web,pickup,completed
ORD-0164631,R-0383,2025-09-17,15.36,web,delivery,completed
ORD-0164632,R-0383,2025-09-05,18.33,web,delivery,Completed
ORD-0164633,R-0383,2025-09-27,40.45,web,pickup,completed
ORD-0164634,R-0383,2025-09-08,18.66,web,delivery,completed
ORD-0164635,R-0383,2025-09-06,21.50,web,delivery,COMPLETED
ORD-0164636,R-0383,2025-09-26,21.58,app,delivery,completed
ORD-0164637,R-0383,2025-09-27,38.56,app,delivery,refunded
ORD-0164638,R-0383,2025-09-27,40.99,web,delivery,completed
ORD-0164639,R-0383,2025-09-10,22.14,app,delivery,completed
ORD-0164640,R-0383,2025-09-25,18.19,web,delivery,COMPLETED
ORD-0164641,R-0383,2025-09-27,24.26,app,delivery,completed
ORD-0164642,R-0383,2025-09-25,16.41,web,delivery,completed
ORD-0164643,R-0383,2025-09-29,26.25,web,delivery,completed
ORD-0164644,R-0383,2025-09-19,33.02,web,delivery,completed
ORD-0164645,R-0383,2025-09-24,48.76,web,delivery,completed
ORD-0164646,R-0383,2025-09-14,19.76,app,delivery,completed
ORD-0164647,R-0383,2025-09-18,28.45,web,pickup,completed
ORD-0164648,R-0383,2025-09-26,35.15,app,delivery,completed
ORD-0164649,R-0383,2025-09-01,36.23,web,pickup,completed
ORD-0164650,R-0383,2025-09-12,18.17,web,delivery,COMPLETED
ORD-0164651,R-0383,2025-09-07,17.71,web,delivery,completed
ORD-0164652,R-0383,2025-09-11,21.18,app,delivery,completed
ORD-0164653,R-0383,2025-09-19,20.64,app,delivery,completed
ORD-0164654,R-0383,2025-09-20,27.82,app,delivery,completed
ORD-0164655,R-0383,2025-09-09,17.96,web,pickup,completed
ORD-0164656,R-0383,2025-09-12,37.06,web,delivery,completed
ORD-0164657,R-0383,2025-09-30,28.38,web,delivery,Completed
ORD-0164658,R-0383,2025-09-20,31.17,web,delivery,completed
ORD-0164659,R-0383,2025-09-06,35.51,web,delivery,completed
ORD-0164660,R-0383,2025-09-12,31.43,web,pickup,completed
ORD-0164661,R-0383,2025-09-15,18.03,app,delivery,completed
ORD-0164662,R-0383,2025-09-27,25.60,app,pickup,completed
ORD-0164663,R-0383,2025-09-09,14.35,web,pickup,completed
ORD-0164664,R-0383,2025-09-14,17.45,web,pickup,completed
ORD-0164665,R-0383,2025-09-17,29.65,web,delivery,completed
ORD-0164666,R-0383,2025-09-06,36.01,app,delivery,Completed
ORD-0164667,R-0383,2025-09-29,20.64,web,delivery,completed
ORD-0164668,R-0383,2025-09-30,28.61,web,pickup,Completed
ORD-0164669,R-0383,2025-09-23,30.61,app,delivery,completed
ORD-0164670,R-0383,2025-09-27,54.91,app,delivery,completed
ORD-0164671,R-0383,2025-09-13,28.31,app,delivery,COMPLETED
ORD-0164672,R-0383,2025-09-01,32.91,web,pickup,completed
ORD-0164673,R-0383,2025-09-29,20.91,web,pickup,completed
ORD-0164674,R-0383,2025-09-02,20.27,web,delivery,completed
ORD-0164675,R-0383,2025-09-23,24.18,web,delivery,cancelled
ORD-0164676,R-0383,2025-09-21,47.29,app,delivery,completed
ORD-0164677,R-0383,2025-09-04,14.92,web,pickup,completed
ORD-0164678,R-0383,2025-09-14,17.66,web,pickup,COMPLETED
ORD-0164679,R-0383,2025-09-26,21.53,web,delivery,completed
ORD-0166298,R-0385,2025-09-27,17.63,app,pickup,completed
ORD-0166299,R-0385,2025-09-20,23.16,app,delivery,completed
ORD-0166300,R-0385,2025-09-01,19.73,app,pickup,completed
ORD-0166301,R-0385,2025-09-26,32.84,app,pickup,completed
ORD-0166302,R-0385,2025-09-30,43.71,app,delivery,completed
ORD-0166303,R-0385,2025-09-27,15.59,app,delivery,completed
ORD-0166304,R-0385,2025-09-13,12.38,web,delivery,completed
ORD-0166305,R-0385,2025-09-06,29.88,web,pickup,completed
ORD-0166306,R-0385,2025-09-25,19.29,web,delivery,cancelled
ORD-0166307,R-0385,2025-09-15,28.42,app,delivery,completed
ORD-0166308,R-0385,2025-09-04,18.23,app,pickup,COMPLETED
ORD-0166309,R-0385,2025-09-06,25.41,web,delivery,completed
ORD-0166310,R-0385,2025-09-02,27.63,web,pickup,completed
ORD-0166311,R-0385,2025-09-14,23.29,web,delivery,completed
ORD-0166312,R-0385,2025-09-21,19.07,web,pickup,completed
ORD-0166313,R-0385,2025-09-28,19.24,app,delivery,completed
ORD-0166314,R-0385,2025-09-15,38.35,app,delivery,completed
ORD-0166315,R-0385,2025-09-28,31.88,app,pickup,completed
ORD-0166316,R-0385,2025-09-05,22.98,web,delivery,completed
ORD-0166317,R-0385,2025-09-22,18.30,web,delivery,completed
ORD-0166318,R-0385,2025-09-07,27.78,web,delivery,completed
ORD-0166319,R-0385,2025-09-26,16.95,app,delivery,completed
ORD-0166320,R-0385,2025-09-02,26.41,web,delivery,completed
ORD-0166321,R-0385,2025-09-05,17.05,app,pickup,cancelled
ORD-0166322,R-0385,2025-09-28,19.27,web,delivery,completed
ORD-0166323,R-0385,2025-09-14,21.31,web,delivery,completed
ORD-0166324,R-0385,2025-09-07,18.38,web,pickup,completed
ORD-0166325,R-0385,2025-09-29,32.71,app,delivery,completed
ORD-0166326,R-0385,2025-09-17,19.61,web,pickup,completed
ORD-0166327,R-0385,2025-09-04,22.67,web,delivery,COMPLETED
ORD-0166328,R-0385,2025-09-18,53.00,app,pickup,completed
ORD-0166329,R-0385,2025-09-04,20.25,web,pickup,COMPLETED
ORD-0166330,R-0385,2025-09-17,28.43,app,pickup,completed
ORD-0166331,R-0385,2025-09-05,27.20,app,delivery,refunded
ORD-0166332,R-0385,2025-09-12,49.91,app,pickup,completed
ORD-0166333,R-0385,2025-09-13,14.40,app,pickup,completed
ORD-0166334,R-0385,2025-09-24,30.34,web,delivery,Completed
ORD-0166335,R-0385,2025-09-05,36.66,app,pickup,completed
ORD-0166336,R-0385,2025-09-04,17.34,web,delivery,completed
ORD-0166337,R-0385,2025-09-24,18.40,web,delivery,refunded
ORD-0166338,R-0385,2025-09-28,42.00,app,delivery,completed
ORD-0166339,R-0385,2025-09-25,23.39,web,delivery,completed
ORD-0166340,R-0385,2025-09-08,30.16,app,delivery,completed
ORD-0166341,R-0385,2025-09-25,25.00,web,delivery,completed
ORD-0166675,R-0388,2025-09-06,37.90,app,delivery,completed
ORD-0166676,R-0388,2025-09-25,34.99,app,pickup,cancelled
ORD-0166677,R-0388,2025-09-16,42.40,app,delivery,COMPLETED
ORD-0166678,R-0388,2025-09-09,22.98,app,delivery,completed
ORD-0166679,R-0388,2025-09-13,46.80,app,delivery,completed
ORD-0166680,R-0388,2025-09-08,25.95,app,delivery,completed
ORD-0166681,R-0388,2025-09-23,18.49,web,delivery,completed
ORD-0166682,R-0388,2025-09-01,20.36,web,pickup,completed
ORD-0166683,R-0388,2025-09-05,30.18,web,delivery,completed
ORD-0166684,R-0388,2025-09-07,40.43,web,delivery,completed
ORD-0166685,R-0388,2025-09-01,41.89,web,delivery,COMPLETED
ORD-0166686,R-0388,2025-09-23,34.46,web,delivery,completed
ORD-0166687,R-0388,2025-09-18,39.35,app,delivery,Completed
ORD-0166688,R-0388,2025-09-27,29.49,web,pickup,completed
ORD-0166689,R-0388,2025-09-17,37.71,app,delivery,completed
ORD-0166690,R-0388,2025-09-15,31.12,app,delivery,completed
ORD-0168570,R-0390,2025-09-06,26.68,app,pickup,completed
ORD-0168571,R-0390,2025-09-27,20.81,web,pickup,completed
ORD-0168572,R-0390,2025-09-29,42.95,app,pickup,completed
ORD-0168573,R-0390,2025-09-25,41.33,app,delivery,completed
ORD-0168574,R-0390,2025-09-25,35.66,app,pickup,completed
ORD-0168575,R-0390,2025-09-17,44.04,web,pickup,completed
ORD-0168576,R-0390,2025-09-23,42.38,web,pickup,completed
ORD-0172014,R-0401,2025-09-22,15.10,web,delivery,completed
ORD-0172015,R-0401,2025-09-20,19.06,web,delivery,refunded
ORD-0172016,R-0401,2025-09-17,19.57,web,delivery,completed
ORD-0172017,R-0401,2025-09-25,37.62,app,pickup,completed
ORD-0172018,R-0401,2025-09-13,27.60,app,pickup,completed
ORD-0172019,R-0401,2025-09-07,38.48,web,pickup,completed
ORD-0172020,R-0401,2025-09-02,20.40,app,pickup,completed
ORD-0172021,R-0401,2025-09-27,28.98,app,pickup,completed
ORD-0172022,R-0401,2025-09-18,12.69,app,delivery,cancelled
ORD-0172023,R-0401,2025-09-07,40.17,app,delivery,completed
ORD-0172024,R-0401,2025-09-11,23.07,app,pickup,completed
ORD-0172025,R-0401,2025-09-20,29.05,app,pickup,Completed
ORD-0172026,R-0401,2025-09-04,40.84,web,pickup,completed
ORD-0172027,R-0401,2025-09-18,41.78,web,delivery,completed
ORD-0172028,R-0401,2025-09-05,18.88,web,pickup,Completed
ORD-0172029,R-0401,2025-09-30,13.85,web,pickup,completed
ORD-0172030,R-0401,2025-09-27,27.47,app,pickup,completed
ORD-0172031,R-0401,2025-09-01,47.79,app,delivery,completed
ORD-0172032,R-0401,2025-09-05,15.37,app,pickup,COMPLETED
ORD-0172033,R-0401,2025-09-20,28.30,web,pickup,completed
ORD-0172034,R-0401,2025-09-26,35.86,app,delivery,completed
ORD-0172035,R-0401,2025-09-18,9.87,web,pickup,completed
ORD-0172036,R-0401,2025-09-05,11.90,web,delivery,completed
ORD-0172037,R-0401,2025-09-14,25.23,web,delivery,completed
ORD-0172038,R-0401,2025-09-06,16.49,web,pickup,completed
ORD-0172039,R-0401,2025-09-15,23.96,app,pickup,COMPLETED
ORD-0172040,R-0401,2025-09-12,25.91,app,delivery,completed
ORD-0172041,R-0401,2025-09-27,25.33,web,delivery,completed
ORD-0172042,R-0401,2025-09-25,18.08,web,pickup,refunded
ORD-0172043,R-0401,2025-09-30,17.00,app,pickup,completed
ORD-0172044,R-0401,2025-09-21,14.89,web,delivery,completed
ORD-0172045,R-0401,2025-09-17,13.66,app,pickup,completed
ORD-0172046,R-0401,2025-09-13,34.67,app,pickup,completed
ORD-0172047,R-0401,2025-09-22,22.96,app,pickup,COMPLETED
ORD-0172048,R-0401,2025-09-27,11.82,app,pickup,completed
ORD-0172049,R-0401,2025-09-20,26.73,app,pickup,completed
ORD-0172050,R-0401,2025-09-02,17.29,web,pickup,Completed
ORD-0172051,R-0401,2025-09-01,48.86,web,delivery,completed
ORD-0172052,R-0401,2025-09-27,23.83,web,pickup,completed
ORD-0172053,R-0401,2025-09-13,36.19,web,delivery,completed
ORD-0172054,R-0401,2025-09-11,51.68,app,pickup,completed
ORD-0172055,R-0401,2025-09-04,23.72,app,delivery,completed
ORD-0172056,R-0401,2025-09-18,45.66,app,delivery,completed
ORD-0172057,R-0401,2025-09-12,18.42,app,delivery,completed
ORD-0172058,R-0401,2025-09-26,30.43,app,pickup,completed
ORD-0172059,R-0401,2025-09-12,9.47,app,pickup,completed
ORD-0172060,R-0401,2025-09-06,23.29,web,delivery,COMPLETED
ORD-0172061,R-0401,2025-09-01,21.16,app,delivery,completed
ORD-0172062,R-0401,2025-09-02,20.54,app,delivery,completed
ORD-0172063,R-0401,2025-09-13,25.91,web,pickup,completed
ORD-0172064,R-0401,2025-09-17,13.89,app,pickup,completed
ORD-0172065,R-0401,2025-09-07,67.21,app,delivery,completed
ORD-0172066,R-0401,2025-09-22,47.06,app,pickup,completed
ORD-0172067,R-0401,2025-09-26,32.18,app,delivery,completed
ORD-0172068,R-0401,2025-09-04,23.30,app,delivery,completed
ORD-0172069,R-0401,2025-09-05,27.96,app,pickup,completed
ORD-0172070,R-0401,2025-09-20,43.72,app,pickup,completed
ORD-0172071,R-0401,2025-09-26,43.27,web,pickup,completed
ORD-0172072,R-0401,2025-09-27,47.05,app,pickup,completed
ORD-0172073,R-0401,2025-09-19,54.95,web,delivery,completed
ORD-0172074,R-0401,2025-09-26,22.82,app,pickup,completed
ORD-0172075,R-0401,2025-09-25,62.63,web,delivery,completed
ORD-0172076,R-0401,2025-09-19,40.82,web,pickup,completed
ORD-0172077,R-0401,2025-09-12,16.83,web,pickup,completed
ORD-0172078,R-0401,2025-09-12,41.02,web,pickup,completed
ORD-0172079,R-0401,2025-09-22,24.95,app,pickup,completed
ORD-0172080,R-0401,2025-09-06,33.78,app,pickup,completed
ORD-0172081,R-0401,2025-09-06,43.04,app,pickup,completed
ORD-0172082,R-0401,2025-09-14,30.39,web,pickup,completed
ORD-0172083,R-0401,2025-09-08,29.82,app,delivery,completed
ORD-0172084,R-0401,2025-09-05,13.97,app,pickup,completed
ORD-0172085,R-0401,2025-09-29,25.88,web,pickup,completed
ORD-0172086,R-0401,2025-09-24,19.98,web,pickup,completed
ORD-0172087,R-0401,2025-09-23,30.56,app,pickup,completed
ORD-0172088,R-0401,2025-09-07,15.84,app,pickup,Completed
ORD-0172089,R-0401,2025-09-15,20.99,app,pickup,completed
ORD-0172090,R-0401,2025-09-16,24.69,app,delivery,completed
ORD-0172091,R-0401,2025-09-09,14.87,app,delivery,completed
ORD-0172092,R-0401,2025-09-27,51.49,app,pickup,completed
ORD-0172093,R-0401,2025-09-18,67.67,app,pickup,completed
ORD-0172094,R-0401,2025-09-30,27.15,web,pickup,completed
ORD-0172095,R-0401,2025-09-07,9.73,web,pickup,completed
ORD-0172096,R-0401,2025-09-11,48.98,app,pickup,completed
ORD-0172097,R-0401,2025-09-17,14.48,app,pickup,completed
ORD-0172098,R-0401,2025-09-19,19.79,app,delivery,completed
ORD-0172099,R-0401,2025-09-26,14.06,app,delivery,completed
ORD-0172100,R-0401,2025-09-02,19.56,app,delivery,COMPLETED
ORD-0172101,R-0401,2025-09-28,45.79,app,pickup,Completed
ORD-0172102,R-0401,2025-09-24,48.78,app,delivery,completed
ORD-0172103,R-0401,2025-09-21,41.48,web,pickup,completed
ORD-0172104,R-0401,2025-09-18,23.57,web,delivery,completed
ORD-0172105,R-0401,2025-09-13,29.38,app,pickup,completed
ORD-0172106,R-0401,2025-09-07,27.90,web,pickup,completed
ORD-0172107,R-0401,2025-09-02,31.24,app,pickup,completed
ORD-0172108,R-0401,2025-09-03,22.22,app,pickup,completed
ORD-0172109,R-0401,2025-09-20,42.05,app,pickup,completed
ORD-0172110,R-0401,2025-09-24,18.57,app,delivery,cancelled
ORD-0172111,R-0401,2025-09-12,19.19,app,pickup,completed
ORD-0172112,R-0401,2025-09-16,25.32,web,delivery,completed
ORD-0172113,R-0401,2025-09-22,19.25,app,pickup,completed
ORD-0172114,R-0401,2025-09-03,16.66,web,pickup,completed
ORD-0172115,R-0401,2025-09-12,11.94,app,pickup,completed
ORD-0172116,R-0401,2025-09-27,21.19,app,pickup,completed
ORD-0172117,R-0401,2025-09-11,8.71,app,pickup,COMPLETED
ORD-0172118,R-0401,2025-09-13,25.41,app,pickup,completed
ORD-0172119,R-0401,2025-09-05,15.45,app,pickup,completed
ORD-0172120,R-0401,2025-09-09,24.61,app,pickup,completed
ORD-0172121,R-0401,2025-09-30,9.56,web,pickup,completed
ORD-0172122,R-0401,2025-09-22,16.12,app,delivery,completed
ORD-0172123,R-0401,2025-09-05,46.81,web,delivery,completed
ORD-0172124,R-0401,2025-09-21,26.69,web,delivery,completed
ORD-0172125,R-0401,2025-09-21,26.78,app,delivery,completed
ORD-0172126,R-0401,2025-09-10,20.15,app,pickup,refunded
ORD-0172127,R-0401,2025-09-26,20.16,app,pickup,COMPLETED
ORD-0172128,R-0401,2025-09-27,30.29,app,pickup,completed
ORD-0172129,R-0401,2025-09-27,21.89,app,pickup,completed
ORD-0172130,R-0401,2025-09-23,18.94,app,pickup,COMPLETED
ORD-0172131,R-0401,2025-09-15,13.04,web,pickup,completed
ORD-0172132,R-0401,2025-09-13,45.42,app,pickup,completed
ORD-0172133,R-0401,2025-09-07,36.11,app,pickup,completed
ORD-0172134,R-0401,2025-09-19,25.90,app,pickup,completed
ORD-0172135,R-0401,2025-09-07,56.39,web,pickup,completed
ORD-0172136,R-0401,2025-09-05,26.07,app,pickup,completed
ORD-0172137,R-0401,2025-09-02,12.50,app,pickup,completed
ORD-0172138,R-0401,2025-09-05,37.71,app,delivery,completed
ORD-0172139,R-0401,2025-09-06,62.04,web,pickup,completed
ORD-0172140,R-0401,2025-09-21,19.48,web,pickup,completed
ORD-0172141,R-0401,2025-09-26,37.30,app,delivery,completed
ORD-0172142,R-0401,2025-09-07,29.65,app,delivery,COMPLETED
ORD-0172143,R-0401,2025-09-19,14.87,app,delivery,completed
ORD-0172144,R-0401,2025-09-10,40.91,web,delivery,completed
ORD-0172145,R-0401,2025-09-20,27.75,web,delivery,completed
ORD-0172146,R-0401,2025-09-07,38.31,web,delivery,completed
ORD-0172147,R-0401,2025-09-30,35.45,app,pickup,completed
ORD-0172148,R-0401,2025-09-27,35.68,app,delivery,COMPLETED
ORD-0172149,R-0401,2025-09-27,40.82,app,pickup,completed
ORD-0172150,R-0401,2025-09-11,27.98,web,pickup,completed
ORD-0172151,R-0401,2025-09-05,14.50,web,pickup,completed
ORD-0172152,R-0401,2025-09-23,17.35,web,pickup,completed
ORD-0172153,R-0401,2025-09-18,37.64,app,pickup,completed
ORD-0172986,R-0404,2025-09-02,32.75,web,delivery,COMPLETED
ORD-0172987,R-0404,2025-09-27,22.66,app,pickup,completed
ORD-0172988,R-0404,2025-09-01,31.59,app,delivery,completed
ORD-0172989,R-0404,2025-09-01,40.73,app,delivery,refunded
ORD-0172990,R-0404,2025-09-03,21.39,web,pickup,completed
ORD-0172991,R-0404,2025-09-28,27.78,app,pickup,completed
ORD-0172992,R-0404,2025-09-21,41.58,app,pickup,completed
ORD-0172993,R-0404,2025-09-03,21.44,app,pickup,completed
ORD-0172994,R-0404,2025-09-11,44.44,app,delivery,completed
ORD-0172995,R-0404,2025-09-26,25.44,app,pickup,completed
ORD-0172996,R-0404,2025-09-12,44.54,app,delivery,completed
ORD-0172997,R-0404,2025-09-13,27.06,web,pickup,completed
ORD-0172998,R-0404,2025-09-30,20.54,web,delivery,completed
ORD-0172999,R-0404,2025-09-07,16.54,app,pickup,completed
ORD-0173000,R-0404,2025-09-12,21.63,app,delivery,completed
ORD-0173001,R-0404,2025-09-20,27.58,app,pickup,completed
ORD-0173002,R-0404,2025-09-11,35.15,app,pickup,completed
ORD-0173003,R-0404,2025-09-14,37.57,app,pickup,completed
ORD-0173004,R-0404,2025-09-17,17.81,app,pickup,completed
ORD-0173005,R-0404,2025-09-19,26.97,app,pickup,COMPLETED
ORD-0173006,R-0404,2025-09-08,29.46,app,delivery,completed
ORD-0173007,R-0404,2025-09-20,28.77,app,delivery,completed
ORD-0173008,R-0404,2025-09-03,25.66,app,delivery,cancelled
ORD-0173009,R-0404,2025-09-11,21.71,app,pickup,completed
ORD-0173010,R-0404,2025-09-21,39.08,web,pickup,completed
ORD-0173011,R-0404,2025-09-14,25.02,app,pickup,Completed
ORD-0173012,R-0404,2025-09-05,30.00,app,pickup,completed
ORD-0173013,R-0404,2025-09-21,41.23,app,delivery,completed
ORD-0173014,R-0404,2025-09-08,19.02,app,pickup,Completed
ORD-0173015,R-0404,2025-09-05,18.27,app,delivery,completed
ORD-0173016,R-0404,2025-09-15,22.74,app,delivery,Cancelled
ORD-0173017,R-0404,2025-09-07,38.59,app,pickup,Completed
ORD-0173018,R-0404,2025-09-20,30.81,app,pickup,COMPLETED
ORD-0173019,R-0404,2025-09-19,26.06,web,pickup,Completed
ORD-0173020,R-0404,2025-09-14,26.25,web,pickup,completed
ORD-0173021,R-0404,2025-09-06,30.97,web,pickup,completed
ORD-0173022,R-0404,2025-09-05,21.12,app,pickup,completed
ORD-0173023,R-0404,2025-09-26,30.73,app,pickup,completed
ORD-0173024,R-0404,2025-09-21,40.90,app,delivery,completed
ORD-0173025,R-0404,2025-09-13,36.24,app,delivery,completed
ORD-0173026,R-0404,2025-09-14,36.67,web,delivery,completed
ORD-0173027,R-0404,2025-09-09,16.66,web,pickup,completed
ORD-0173028,R-0404,2025-09-20,33.00,app,pickup,completed
ORD-0173029,R-0404,2025-09-08,26.98,app,delivery,completed
ORD-0173030,R-0404,2025-09-30,39.30,app,delivery,completed
ORD-0173031,R-0404,2025-09-03,21.24,web,pickup,completed
ORD-0173032,R-0404,2025-09-25,68.15,app,delivery,completed
ORD-0173033,R-0404,2025-09-12,19.30,app,pickup,completed
ORD-0173034,R-0404,2025-09-10,27.14,app,pickup,completed
ORD-0173035,R-0404,2025-09-22,21.53,app,delivery,completed
ORD-0173036,R-0404,2025-09-09,28.07,app,delivery,completed
ORD-0173037,R-0404,2025-09-11,21.42,web,pickup,COMPLETED
ORD-0173038,R-0404,2025-09-14,35.83,app,pickup,completed
ORD-0173039,R-0404,2025-09-04,23.51,app,pickup,completed
ORD-0173040,R-0404,2025-09-21,17.02,app,pickup,COMPLETED
ORD-0175580,R-0409,2025-09-18,39.19,web,delivery,COMPLETED
ORD-0175581,R-0409,2025-09-20,35.66,web,pickup,completed
ORD-0175582,R-0409,2025-09-26,42.85,web,delivery,completed
ORD-0175583,R-0409,2025-09-14,29.77,web,delivery,cancelled
ORD-0175584,R-0409,2025-09-19,20.74,app,delivery,completed
ORD-0175585,R-0409,2025-09-09,59.12,web,delivery,completed
ORD-0175586,R-0409,2025-09-19,24.26,app,pickup,completed
ORD-0175587,R-0409,2025-09-18,28.49,app,delivery,completed
ORD-0175588,R-0409,2025-09-27,36.37,app,delivery,completed
ORD-0175589,R-0409,2025-09-06,61.16,app,delivery,completed
ORD-0175590,R-0409,2025-09-15,46.84,app,delivery,completed
ORD-0175591,R-0409,2025-09-14,31.55,app,delivery,completed
ORD-0175592,R-0409,2025-09-23,31.30,web,delivery,completed
ORD-0175593,R-0409,2025-09-09,41.76,app,delivery,completed
ORD-0175594,R-0409,2025-09-18,21.57,app,delivery,completed
ORD-0175595,R-0409,2025-09-04,22.98,app,delivery,completed
ORD-0175596,R-0409,2025-09-11,38.02,app,delivery,completed
ORD-0175597,R-0409,2025-09-12,34.01,app,pickup,completed
ORD-0175598,R-0409,2025-09-06,34.54,app,pickup,completed
ORD-0175599,R-0409,2025-09-19,27.72,app,delivery,completed
ORD-0175600,R-0409,2025-09-26,29.65,web,delivery,completed
ORD-0175601,R-0409,2025-09-29,22.41,app,delivery,completed
ORD-0175602,R-0409,2025-09-07,35.15,app,delivery,completed
ORD-0175603,R-0409,2025-09-21,33.84,web,delivery,completed
ORD-0175604,R-0409,2025-09-15,36.25,web,delivery,COMPLETED
ORD-0175605,R-0409,2025-09-18,35.01,web,delivery,completed
ORD-0175606,R-0409,2025-09-27,37.88,web,pickup,Completed
ORD-0175607,R-0409,2025-09-21,73.47,web,delivery,completed
ORD-0175608,R-0409,2025-09-29,20.24,web,delivery,Completed
ORD-0175609,R-0409,2025-09-06,57.08,app,delivery,completed
ORD-0175610,R-0409,2025-09-21,25.11,app,delivery,completed
ORD-0175611,R-0409,2025-09-11,21.52,web,delivery,completed
ORD-0175612,R-0409,2025-09-06,63.01,web,delivery,completed
ORD-0175613,R-0409,2025-09-02,28.05,web,pickup,completed
ORD-0175614,R-0409,2025-09-30,29.34,app,delivery,completed
ORD-0175615,R-0409,2025-09-16,30.57,web,delivery,completed
ORD-0175616,R-0409,2025-09-30,14.12,web,delivery,completed
ORD-0175617,R-0409,2025-09-14,18.39,web,delivery,completed
ORD-0175618,R-0409,2025-09-16,39.24,web,delivery,completed
ORD-0175619,R-0409,2025-09-25,21.04,app,pickup,completed
ORD-0175620,R-0409,2025-09-09,38.29,app,delivery,Completed
ORD-0175621,R-0409,2025-09-10,36.23,app,delivery,completed
ORD-0175622,R-0409,2025-09-11,27.55,web,delivery,completed
ORD-0175623,R-0409,2025-09-13,28.85,app,delivery,completed
ORD-0175624,R-0409,2025-09-17,37.17,web,delivery,completed
ORD-0175625,R-0409,2025-09-07,21.44,app,delivery,completed
ORD-0175626,R-0409,2025-09-26,33.22,web,delivery,completed
ORD-0175627,R-0409,2025-09-21,33.29,web,delivery,completed
ORD-0175628,R-0409,2025-09-09,35.25,web,delivery,completed
ORD-0175629,R-0409,2025-09-03,27.95,app,delivery,COMPLETED
ORD-0175630,R-0409,2025-09-30,24.85,app,delivery,completed
ORD-0175631,R-0409,2025-09-05,36.74,app,delivery,completed
ORD-0175632,R-0409,2025-09-03,34.72,app,delivery,completed
ORD-0175633,R-0409,2025-09-19,31.04,app,delivery,completed
ORD-0175634,R-0409,2025-09-26,52.00,web,delivery,completed
ORD-0175635,R-0409,2025-09-30,43.90,app,delivery,completed
ORD-0175636,R-0409,2025-09-10,30.91,web,delivery,completed
ORD-0175637,R-0409,2025-09-27,38.03,web,delivery,completed
ORD-0175638,R-0409,2025-09-06,38.75,web,delivery,completed
ORD-0175639,R-0409,2025-09-20,35.92,app,delivery,COMPLETED
ORD-0175640,R-0409,2025-09-26,32.79,app,delivery,completed
ORD-0175641,R-0409,2025-09-13,34.21,app,delivery,completed
ORD-0177942,R-0413,2025-09-21,34.96,app,delivery,completed
ORD-0177943,R-0413,2025-09-26,54.44,app,delivery,completed
ORD-0177944,R-0413,2025-09-21,39.51,app,pickup,completed
ORD-0177945,R-0413,2025-09-20,41.75,web,delivery,completed
ORD-0177946,R-0413,2025-09-15,29.87,app,delivery,completed
ORD-0177947,R-0413,2025-09-19,24.75,app,delivery,completed
ORD-0177948,R-0413,2025-09-28,15.10,app,delivery,completed
ORD-0177949,R-0413,2025-09-19,33.81,web,pickup,completed
ORD-0177950,R-0413,2025-09-19,38.11,web,delivery,completed
ORD-0178179,R-0418,2025-09-07,30.37,web,delivery,completed
ORD-0178180,R-0418,2025-09-11,32.51,app,pickup,completed
ORD-0178181,R-0418,2025-09-19,24.70,app,pickup,completed
ORD-0178182,R-0418,2025-09-05,27.54,web,pickup,completed
ORD-0178183,R-0418,2025-09-10,22.86,app,pickup,completed
ORD-0178184,R-0418,2025-09-24,24.83,app,delivery,completed
ORD-0178185,R-0418,2025-09-13,33.30,app,delivery,completed
ORD-0178186,R-0418,2025-09-21,30.99,web,pickup,completed
ORD-0178187,R-0418,2025-09-05,31.98,web,delivery,completed
ORD-0178188,R-0418,2025-09-12,35.34,app,delivery,completed
ORD-0178189,R-0418,2025-09-29,25.98,app,pickup,Completed
ORD-0178190,R-0418,2025-09-20,39.90,app,pickup,completed
ORD-0178191,R-0418,2025-09-28,24.68,app,delivery,refunded
ORD-0178192,R-0418,2025-09-17,21.49,web,pickup,COMPLETED
ORD-0178193,R-0418,2025-09-10,29.66,web,delivery,completed
ORD-0178194,R-0418,2025-09-24,40.00,web,delivery,Completed
ORD-0178195,R-0418,2025-09-09,27.66,app,pickup,COMPLETED
ORD-0178196,R-0418,2025-09-09,24.02,web,delivery,refunded
ORD-0178197,R-0418,2025-09-18,25.66,web,delivery,completed
ORD-0178198,R-0418,2025-09-14,28.42,web,delivery,completed
ORD-0178199,R-0418,2025-09-20,15.70,web,delivery,completed
ORD-0178200,R-0418,2025-09-27,25.63,app,pickup,completed
ORD-0178201,R-0418,2025-09-22,16.63,app,delivery,completed
ORD-0178202,R-0418,2025-09-25,38.25,web,pickup,completed
ORD-0178203,R-0418,2025-09-07,28.24,app,delivery,completed
ORD-0178204,R-0418,2025-09-06,27.12,app,pickup,completed
ORD-0178205,R-0418,2025-09-23,17.96,web,delivery,completed
ORD-0178206,R-0418,2025-09-29,24.09,web,pickup,Completed
ORD-0178207,R-0418,2025-09-06,19.76,web,pickup,completed
ORD-0178208,R-0418,2025-09-20,31.04,web,pickup,completed
ORD-0178209,R-0418,2025-09-27,16.61,app,pickup,completed
ORD-0178210,R-0418,2025-09-04,23.01,app,delivery,completed
ORD-0179047,R-0420,2025-09-28,39.17,web,delivery,Completed
ORD-0179048,R-0420,2025-09-28,12.78,app,pickup,completed
ORD-0179049,R-0420,2025-09-25,25.20,app,pickup,COMPLETED
ORD-0179050,R-0420,2025-09-28,24.20,web,pickup,completed
ORD-0179051,R-0420,2025-09-06,21.85,app,delivery,completed
ORD-0179052,R-0420,2025-09-21,9.45,app,pickup,completed
ORD-0179053,R-0420,2025-09-03,29.37,web,pickup,completed
ORD-0179054,R-0420,2025-09-16,12.74,app,delivery,completed
ORD-0179055,R-0420,2025-09-06,32.05,web,pickup,cancelled
ORD-0179056,R-0420,2025-09-08,18.92,app,delivery,completed
ORD-0179057,R-0420,2025-09-10,28.20,app,delivery,completed
ORD-0179058,R-0420,2025-09-11,11.65,app,pickup,completed
ORD-0179059,R-0420,2025-09-14,16.20,web,delivery,COMPLETED
ORD-0179060,R-0420,2025-09-08,17.10,web,delivery,COMPLETED
ORD-0179061,R-0420,2025-09-20,18.42,app,pickup,Completed
ORD-0179062,R-0420,2025-09-06,27.92,web,delivery,completed
ORD-0179063,R-0420,2025-09-20,24.74,web,pickup,completed
ORD-0179064,R-0420,2025-09-06,28.08,app,delivery,completed
ORD-0179065,R-0420,2025-09-14,29.60,app,pickup,completed
ORD-0179066,R-0420,2025-09-30,19.28,web,delivery,completed
ORD-0179067,R-0420,2025-09-05,26.50,app,pickup,completed
ORD-0179068,R-0420,2025-09-20,20.49,web,delivery,completed
ORD-0179069,R-0420,2025-09-20,28.63,app,pickup,COMPLETED
ORD-0179070,R-0420,2025-09-22,22.35,app,pickup,completed
ORD-0179071,R-0420,2025-09-20,38.73,app,pickup,completed
ORD-0179072,R-0420,2025-09-01,19.70,web,pickup,Completed
ORD-0179073,R-0420,2025-09-14,55.24,web,pickup,completed
ORD-0179074,R-0420,2025-09-04,14.87,app,delivery,completed
ORD-0179075,R-0420,2025-09-12,32.96,web,pickup,Cancelled
ORD-0179076,R-0420,2025-09-28,39.62,web,pickup,completed
ORD-0179077,R-0420,2025-09-14,22.73,app,pickup,completed
ORD-0179078,R-0420,2025-09-20,22.42,app,pickup,completed
ORD-0179079,R-0420,2025-09-27,38.28,app,pickup,completed
ORD-0179080,R-0420,2025-09-24,16.00,app,pickup,completed
ORD-0179081,R-0420,2025-09-07,14.72,web,delivery,completed
ORD-0179082,R-0420,2025-09-25,22.49,web,pickup,Completed
ORD-0179083,R-0420,2025-09-24,40.38,web,pickup,Completed
ORD-0179084,R-0420,2025-09-03,19.03,app,pickup,completed
ORD-0179085,R-0420,2025-09-05,23.35,app,delivery,completed
ORD-0180633,R-0423,2025-09-07,38.80,web,pickup,completed
ORD-0180634,R-0423,2025-09-06,26.41,web,pickup,Completed
ORD-0180635,R-0423,2025-09-01,25.75,web,pickup,completed
ORD-0180636,R-0423,2025-09-18,34.49,app,pickup,completed
ORD-0180637,R-0423,2025-09-18,35.82,app,pickup,completed
ORD-0180638,R-0423,2025-09-14,39.65,app,delivery,completed
ORD-0180639,R-0423,2025-09-19,64.09,app,pickup,completed
ORD-0180640,R-0423,2025-09-05,25.98,web,delivery,completed
ORD-0180641,R-0423,2025-09-08,23.18,app,pickup,completed
ORD-0180642,R-0423,2025-09-19,31.69,web,delivery,completed
ORD-0180643,R-0423,2025-09-10,37.27,web,delivery,completed
ORD-0180644,R-0423,2025-09-28,52.40,web,delivery,completed
ORD-0180645,R-0423,2025-09-13,41.86,web,delivery,COMPLETED
ORD-0180646,R-0423,2025-09-07,22.12,web,delivery,completed
ORD-0180647,R-0423,2025-09-27,45.80,app,pickup,completed
ORD-0180648,R-0423,2025-09-27,30.93,web,pickup,Completed
ORD-0180649,R-0423,2025-09-20,32.76,app,pickup,completed
ORD-0180650,R-0423,2025-09-21,23.02,web,delivery,completed
ORD-0180651,R-0423,2025-09-16,29.61,app,delivery,completed
ORD-0180652,R-0423,2025-09-05,23.83,web,delivery,Completed
ORD-0180653,R-0423,2025-09-20,24.08,web,pickup,completed
ORD-0181212,R-0424,2025-09-14,17.47,app,pickup,completed
ORD-0181213,R-0424,2025-09-13,20.01,web,delivery,completed
ORD-0181214,R-0424,2025-09-18,35.73,app,delivery,completed
ORD-0181215,R-0424,2025-09-04,41.80,app,pickup,completed
ORD-0181216,R-0424,2025-09-18,26.88,web,pickup,completed
ORD-0181217,R-0424,2025-09-15,23.74,app,pickup,completed
ORD-0181218,R-0424,2025-09-03,26.17,app,pickup,Completed
ORD-0181219,R-0424,2025-09-23,33.25,web,pickup,completed
ORD-0181220,R-0424,2025-09-21,51.99,web,delivery,Completed
ORD-0181221,R-0424,2025-09-19,29.13,web,delivery,completed
ORD-0181222,R-0424,2025-09-26,24.90,app,pickup,completed
ORD-0181223,R-0424,2025-09-09,37.76,app,pickup,completed
ORD-0181224,R-0424,2025-09-29,22.93,web,delivery,CANCELLED
ORD-0181225,R-0424,2025-09-08,28.94,web,delivery,completed
ORD-0181226,R-0424,2025-09-28,15.27,app,delivery,completed
ORD-0181227,R-0424,2025-09-11,18.81,app,delivery,completed
ORD-0181228,R-0424,2025-09-05,57.94,web,delivery,completed
ORD-0181229,R-0424,2025-09-09,46.10,web,delivery,completed
ORD-0181230,R-0424,2025-09-03,30.10,app,delivery,completed
ORD-0181231,R-0424,2025-09-05,21.74,app,delivery,completed
ORD-0181232,R-0424,2025-09-14,20.22,web,pickup,completed
ORD-0181233,R-0424,2025-09-25,23.26,app,delivery,completed
ORD-0181234,R-0424,2025-09-13,35.27,web,pickup,completed
ORD-0181235,R-0424,2025-09-17,20.85,app,delivery,completed
ORD-0181236,R-0424,2025-09-27,44.35,app,pickup,completed
ORD-0181237,R-0424,2025-09-13,16.03,web,delivery,completed
ORD-0181238,R-0424,2025-09-05,41.97,app,pickup,completed
ORD-0181239,R-0424,2025-09-16,12.61,web,delivery,Completed
ORD-0181240,R-0424,2025-09-02,26.35,app,pickup,Completed
ORD-0181241,R-0424,2025-09-07,21.80,app,pickup,completed
ORD-0181242,R-0424,2025-09-08,31.47,web,pickup,completed
ORD-0181243,R-0424,2025-09-05,33.87,web,pickup,completed
ORD-0181244,R-0424,2025-09-24,16.15,app,pickup,completed
ORD-0181245,R-0424,2025-09-04,21.55,app,pickup,completed
ORD-0181246,R-0424,2025-09-26,15.49,web,delivery,completed
ORD-0181247,R-0424,2025-09-14,39.70,web,pickup,completed
ORD-0181248,R-0424,2025-09-23,33.80,app,delivery,completed
ORD-0181249,R-0424,2025-09-29,9.89,app,delivery,completed
ORD-0181250,R-0424,2025-09-26,44.71,web,pickup,completed
ORD-0181251,R-0424,2025-09-29,22.54,web,pickup,completed
ORD-0181252,R-0424,2025-09-24,57.25,app,delivery,completed
ORD-0181253,R-0424,2025-09-24,35.81,app,pickup,completed
ORD-0181254,R-0424,2025-09-21,37.41,web,pickup,completed
ORD-0181255,R-0424,2025-09-05,21.20,app,pickup,COMPLETED
ORD-0181256,R-0424,2025-09-26,43.47,app,delivery,completed
ORD-0181257,R-0424,2025-09-10,12.07,web,pickup,completed
ORD-0181258,R-0424,2025-09-02,33.88,app,pickup,completed
ORD-0181259,R-0424,2025-09-16,44.48,web,pickup,completed
ORD-0181260,R-0424,2025-09-13,46.55,web,pickup,completed
ORD-0181261,R-0424,2025-09-03,25.59,web,delivery,completed
ORD-0181262,R-0424,2025-09-20,17.54,web,delivery,completed
ORD-0181263,R-0424,2025-09-06,52.66,web,pickup,completed
ORD-0181264,R-0424,2025-09-19,29.18,web,delivery,completed
ORD-0181265,R-0424,2025-09-27,17.06,web,delivery,completed
ORD-0181266,R-0424,2025-09-18,41.91,app,pickup,Completed
ORD-0181267,R-0424,2025-09-21,54.50,app,pickup,completed
ORD-0181268,R-0424,2025-09-28,33.44,app,pickup,refunded
ORD-0181269,R-0424,2025-09-14,24.58,app,pickup,completed
ORD-0181270,R-0424,2025-09-25,54.30,web,delivery,completed
ORD-0181271,R-0424,2025-09-02,20.32,web,delivery,completed
ORD-0181272,R-0424,2025-09-07,28.68,web,delivery,completed
ORD-0181273,R-0424,2025-09-02,31.86,web,delivery,completed
ORD-0181274,R-0424,2025-09-23,30.70,app,pickup,completed
ORD-0181275,R-0424,2025-09-13,38.07,web,delivery,completed
ORD-0181276,R-0424,2025-09-21,18.73,web,pickup,completed
ORD-0181277,R-0424,2025-09-14,21.75,app,delivery,completed
ORD-0181278,R-0424,2025-09-20,19.28,web,delivery,completed
ORD-0181279,R-0424,2025-09-09,34.51,web,pickup,COMPLETED
ORD-0181280,R-0424,2025-09-04,20.69,app,delivery,completed
ORD-0181281,R-0424,2025-09-20,24.02,app,pickup,Completed
ORD-0181282,R-0424,2025-09-18,20.46,app,pickup,completed
ORD-0181283,R-0424,2025-09-13,18.98,web,pickup,COMPLETED
ORD-0181284,R-0424,2025-09-08,67.80,web,pickup,completed
ORD-0181285,R-0424,2025-09-17,16.11,web,delivery,completed
ORD-0181286,R-0424,2025-09-28,33.93,app,delivery,completed
ORD-0181287,R-0424,2025-09-26,49.75,app,pickup,completed
ORD-0181288,R-0424,2025-09-20,23.13,app,delivery,completed
ORD-0181289,R-0424,2025-09-03,31.75,app,pickup,completed
ORD-0181290,R-0424,2025-09-05,26.61,app,pickup,Completed
ORD-0181291,R-0424,2025-09-11,23.29,app,delivery,completed
ORD-0181292,R-0424,2025-09-05,29.07,web,pickup,completed
ORD-0181293,R-0424,2025-09-02,47.94,web,pickup,completed
ORD-0181294,R-0424,2025-09-15,33.94,app,pickup,completed
ORD-0181295,R-0424,2025-09-14,31.36,app,pickup,completed
ORD-0181296,R-0424,2025-09-11,14.48,app,pickup,completed
ORD-0181297,R-0424,2025-09-21,11.07,web,delivery,completed
ORD-0181298,R-0424,2025-09-12,16.48,web,pickup,refunded
ORD-0181299,R-0424,2025-09-12,37.69,web,pickup,completed
ORD-0181300,R-0424,2025-09-08,24.72,web,pickup,completed
ORD-0181301,R-0424,2025-09-08,19.49,app,delivery,completed
ORD-0181302,R-0424,2025-09-27,29.11,app,delivery,completed
ORD-0181303,R-0424,2025-09-05,40.98,app,pickup,completed
ORD-0181304,R-0424,2025-09-03,54.30,app,pickup,completed
ORD-0181305,R-0424,2025-09-17,21.34,web,delivery,completed
ORD-0181306,R-0424,2025-09-14,38.93,web,pickup,completed
ORD-0181307,R-0424,2025-09-22,45.18,app,pickup,completed
ORD-0181308,R-0424,2025-09-07,47.31,app,delivery,cancelled
ORD-0181309,R-0424,2025-09-19,36.70,web,pickup,completed
ORD-0181310,R-0424,2025-09-06,21.44,web,delivery,Completed
ORD-0181311,R-0424,2025-09-21,33.52,web,delivery,COMPLETED
ORD-0181312,R-0424,2025-09-28,15.83,web,pickup,COMPLETED
ORD-0181313,R-0424,2025-09-27,31.43,app,delivery,completed
ORD-0181314,R-0424,2025-09-12,48.45,app,pickup,Completed
ORD-0181315,R-0424,2025-09-27,37.17,web,pickup,completed
ORD-0181316,R-0424,2025-09-26,47.28,web,delivery,completed
ORD-0181317,R-0424,2025-09-24,16.32,web,pickup,completed
ORD-0181318,R-0424,2025-09-02,24.08,web,pickup,COMPLETED
ORD-0181319,R-0424,2025-09-14,28.62,web,delivery,completed
ORD-0181320,R-0424,2025-09-26,33.03,web,delivery,completed
ORD-0181321,R-0424,2025-09-12,31.48,web,pickup,completed
ORD-0181322,R-0424,2025-09-19,17.90,web,delivery,completed
ORD-0181323,R-0424,2025-09-11,26.97,app,delivery,completed
ORD-0181324,R-0424,2025-09-07,29.77,app,delivery,Completed
ORD-0181325,R-0424,2025-09-10,15.07,web,delivery,Completed
ORD-0181326,R-0424,2025-09-17,12.14,web,delivery,completed
ORD-0181327,R-0424,2025-09-27,25.71,app,delivery,completed
ORD-0181328,R-0424,2025-09-16,22.05,app,delivery,completed
ORD-0181329,R-0424,2025-09-07,20.16,web,pickup,Completed
ORD-0181330,R-0424,2025-09-22,20.03,web,delivery,completed
ORD-0181331,R-0424,2025-09-03,33.17,web,pickup,Completed
ORD-0181332,R-0424,2025-09-19,47.73,web,pickup,Completed
ORD-0181333,R-0424,2025-09-06,39.79,app,pickup,completed
ORD-0181334,R-0424,2025-09-01,41.20,web,delivery,Completed
ORD-0181335,R-0424,2025-09-19,35.94,app,pickup,completed
ORD-0181336,R-0424,2025-09-12,43.11,app,pickup,completed
ORD-0181337,R-0424,2025-09-05,46.22,app,delivery,completed
ORD-0181338,R-0424,2025-09-14,24.29,app,delivery,completed
ORD-0181339,R-0424,2025-09-22,35.05,app,delivery,completed
ORD-0181340,R-0424,2025-09-03,29.23,app,pickup,completed
ORD-0181341,R-0424,2025-09-12,46.51,app,pickup,completed
ORD-0181342,R-0424,2025-09-22,22.27,app,delivery,completed
ORD-0181343,R-0424,2025-09-06,32.02,app,delivery,COMPLETED
ORD-0181344,R-0424,2025-09-22,27.16,app,delivery,completed
ORD-0181345,R-0424,2025-09-11,34.85,web,pickup,completed
ORD-0181346,R-0424,2025-09-06,19.90,app,pickup,COMPLETED
ORD-0181347,R-0424,2025-09-14,32.57,app,pickup,completed
ORD-0181348,R-0424,2025-09-29,34.11,web,pickup,completed
ORD-0181349,R-0424,2025-09-23,21.46,web,delivery,completed
ORD-0181350,R-0424,2025-09-05,17.48,app,delivery,completed
ORD-0181351,R-0424,2025-09-18,51.78,app,pickup,COMPLETED
ORD-0181352,R-0424,2025-09-29,44.65,web,pickup,completed
ORD-0181353,R-0424,2025-09-05,24.45,web,delivery,COMPLETED
ORD-0181354,R-0424,2025-09-28,31.45,app,delivery,COMPLETED
ORD-0181355,R-0424,2025-09-05,49.69,app,delivery,COMPLETED
ORD-0181356,R-0424,2025-09-29,34.72,app,delivery,completed
ORD-0181357,R-0424,2025-09-26,29.47,app,delivery,completed
ORD-0181358,R-0424,2025-09-20,36.23,app,delivery,completed
ORD-0181359,R-0424,2025-09-12,57.13,app,delivery,completed
ORD-0181360,R-0424,2025-09-13,13.75,web,delivery,completed
ORD-0181361,R-0424,2025-09-11,32.11,app,delivery,completed
ORD-0181362,R-0424,2025-09-05,39.73,web,delivery,completed
ORD-0181363,R-0424,2025-09-30,25.19,web,pickup,completed
ORD-0181364,R-0424,2025-09-18,18.11,web,pickup,completed
ORD-0181365,R-0424,2025-09-06,28.44,web,pickup,completed
ORD-0181366,R-0424,2025-09-05,20.96,web,delivery,completed
ORD-0181367,R-0424,2025-09-15,9.66,web,pickup,completed
ORD-0181368,R-0424,2025-09-25,32.64,app,pickup,completed
ORD-0181369,R-0424,2025-09-27,54.87,app,pickup,completed
ORD-0181370,R-0424,2025-09-05,19.65,web,delivery,completed
ORD-0181371,R-0424,2025-09-16,52.10,web,pickup,completed
ORD-0181372,R-0424,2025-09-27,19.30,web,pickup,completed
ORD-0181373,R-0424,2025-09-27,48.55,web,pickup,COMPLETED
ORD-0181374,R-0424,2025-09-12,32.64,app,delivery,completed
ORD-0181375,R-0424,2025-09-21,17.78,web,pickup,completed
ORD-0181376,R-0424,2025-09-27,44.17,web,delivery,completed
ORD-0181377,R-0424,2025-09-15,28.82,app,pickup,Completed
ORD-0181378,R-0424,2025-09-13,37.26,app,delivery,completed
ORD-0181379,R-0424,2025-09-05,18.87,app,pickup,completed
ORD-0181380,R-0424,2025-09-29,23.75,web,delivery,completed
ORD-0181381,R-0424,2025-09-13,13.31,app,delivery,completed
ORD-0181382,R-0424,2025-09-12,25.29,web,pickup,completed
ORD-0181383,R-0424,2025-09-15,22.32,app,pickup,completed
ORD-0181384,R-0424,2025-09-26,33.22,web,pickup,completed
ORD-0181385,R-0424,2025-09-03,30.99,web,delivery,completed
ORD-0181386,R-0424,2025-09-05,30.92,web,pickup,completed
ORD-0181387,R-0424,2025-09-24,66.90,web,pickup,completed
ORD-0181388,R-0424,2025-09-14,20.97,app,pickup,completed
ORD-0181389,R-0424,2025-09-25,31.92,web,delivery,completed
ORD-0181390,R-0424,2025-09-03,64.11,web,delivery,completed
ORD-0181391,R-0424,2025-09-09,42.14,web,pickup,cancelled
ORD-0181392,R-0424,2025-09-28,54.92,web,pickup,completed
ORD-0181393,R-0424,2025-09-01,26.56,app,delivery,completed
ORD-0181394,R-0424,2025-09-29,35.94,web,delivery,COMPLETED
ORD-0181395,R-0424,2025-09-18,33.79,web,delivery,completed
ORD-0181396,R-0424,2025-09-05,35.45,app,delivery,completed
ORD-0181397,R-0424,2025-09-30,23.44,web,delivery,completed
ORD-0181398,R-0424,2025-09-13,27.57,web,delivery,completed
ORD-0181399,R-0424,2025-09-05,17.83,app,pickup,completed
ORD-0181400,R-0424,2025-09-27,29.49,app,delivery,completed
ORD-0181401,R-0424,2025-09-04,27.91,app,delivery,COMPLETED
ORD-0181402,R-0424,2025-09-06,18.25,app,delivery,completed
ORD-0181403,R-0424,2025-09-22,23.76,app,delivery,completed
ORD-0181404,R-0424,2025-09-19,33.79,app,delivery,completed
ORD-0181405,R-0424,2025-09-11,32.62,app,delivery,completed
ORD-0181406,R-0424,2025-09-24,46.57,app,pickup,completed
ORD-0181407,R-0424,2025-09-13,25.53,web,delivery,completed
ORD-0181408,R-0424,2025-09-01,25.65,app,delivery,completed
ORD-0181409,R-0424,2025-09-26,26.53,web,delivery,Completed
ORD-0181410,R-0424,2025-09-23,15.93,app,pickup,Completed
ORD-0181411,R-0424,2025-09-17,41.00,app,pickup,completed
ORD-0181412,R-0424,2025-09-29,40.71,app,delivery,completed
ORD-0181413,R-0424,2025-09-28,29.22,web,pickup,completed
ORD-0181414,R-0424,2025-09-08,54.50,app,delivery,cancelled
ORD-0181415,R-0424,2025-09-18,28.26,web,delivery,completed
ORD-0181416,R-0424,2025-09-12,22.29,web,delivery,cancelled
ORD-0181417,R-0424,2025-09-22,30.43,web,delivery,completed
ORD-0181418,R-0424,2025-09-30,26.86,app,delivery,completed
ORD-0181419,R-0424,2025-09-13,17.66,web,pickup,COMPLETED
ORD-0181420,R-0424,2025-09-28,35.91,app,pickup,Completed
ORD-0181421,R-0424,2025-09-27,44.58,web,pickup,completed
ORD-0181422,R-0424,2025-09-27,41.63,app,pickup,Completed
ORD-0181423,R-0424,2025-09-29,27.91,app,delivery,completed
ORD-0181424,R-0424,2025-09-02,21.13,app,delivery,completed
ORD-0181425,R-0424,2025-09-27,33.34,web,delivery,completed
ORD-0181426,R-0424,2025-09-19,45.86,app,delivery,completed
ORD-0181427,R-0424,2025-09-15,28.58,web,delivery,COMPLETED
ORD-0181428,R-0424,2025-09-25,30.66,web,delivery,Completed
ORD-0181429,R-0424,2025-09-15,44.91,app,pickup,completed
ORD-0181430,R-0424,2025-09-13,25.08,app,delivery,completed
ORD-0181431,R-0424,2025-09-10,37.15,app,delivery,completed
ORD-0181432,R-0424,2025-09-28,18.73,web,pickup,COMPLETED
ORD-0181433,R-0424,2025-09-14,31.94,app,delivery,completed
ORD-0181434,R-0424,2025-09-13,38.31,app,delivery,completed
ORD-0181435,R-0424,2025-09-11,32.29,web,delivery,completed
ORD-0181436,R-0424,2025-09-06,35.25,app,delivery,completed
ORD-0181437,R-0424,2025-09-26,25.15,app,delivery,completed
ORD-0181438,R-0424,2025-09-26,27.03,web,delivery,completed
ORD-0181439,R-0424,2025-09-07,24.08,app,delivery,Completed
ORD-0181440,R-0424,2025-09-06,29.20,web,delivery,completed
ORD-0181441,R-0424,2025-09-19,21.50,app,delivery,completed
ORD-0181442,R-0424,2025-09-20,13.44,app,delivery,completed
ORD-0181443,R-0424,2025-09-17,24.07,web,delivery,completed
ORD-0181444,R-0424,2025-09-25,22.85,app,delivery,completed
ORD-0181445,R-0424,2025-09-06,32.95,app,delivery,completed
ORD-0181446,R-0424,2025-09-12,21.85,app,pickup,COMPLETED
ORD-0181447,R-0424,2025-09-24,29.93,app,delivery,Completed
ORD-0181448,R-0424,2025-09-12,13.54,web,delivery,completed
ORD-0181449,R-0424,2025-09-30,31.40,app,pickup,COMPLETED
ORD-0181450,R-0424,2025-09-15,33.37,app,pickup,completed
ORD-0181451,R-0424,2025-09-14,15.25,app,pickup,completed
ORD-0181452,R-0424,2025-09-24,18.94,app,delivery,COMPLETED
ORD-0181453,R-0424,2025-09-27,18.19,app,delivery,completed
ORD-0181454,R-0424,2025-09-05,52.36,web,delivery,completed
ORD-0181455,R-0424,2025-09-25,38.29,web,delivery,completed
ORD-0181456,R-0424,2025-09-18,28.63,app,pickup,completed
ORD-0181457,R-0424,2025-09-15,31.57,web,pickup,completed
ORD-0181458,R-0424,2025-09-02,31.73,web,delivery,completed
ORD-0181459,R-0424,2025-09-10,44.35,app,pickup,refunded
ORD-0181460,R-0424,2025-09-12,32.61,app,pickup,completed
ORD-0181461,R-0424,2025-09-29,34.09,app,pickup,COMPLETED
ORD-0185583,R-0426,2025-09-26,49.01,app,pickup,completed
ORD-0185584,R-0426,2025-09-12,35.46,web,pickup,completed
ORD-0185585,R-0426,2025-09-10,23.14,web,pickup,completed
ORD-0185586,R-0426,2025-09-06,61.13,web,delivery,Completed
ORD-0185587,R-0426,2025-09-05,38.21,web,pickup,cancelled
ORD-0185588,R-0426,2025-09-19,55.12,app,delivery,completed
ORD-0185589,R-0426,2025-09-05,81.14,app,pickup,completed
ORD-0185590,R-0426,2025-09-05,22.55,web,pickup,completed
ORD-0185591,R-0426,2025-09-01,34.75,web,delivery,completed
ORD-0185592,R-0426,2025-09-19,38.71,web,pickup,completed
ORD-0185593,R-0426,2025-09-02,150.21,web,delivery,completed
ORD-0185594,R-0426,2025-09-20,50.38,web,pickup,COMPLETED
ORD-0185595,R-0426,2025-09-07,64.04,web,delivery,completed
ORD-0185596,R-0426,2025-09-21,29.76,app,delivery,completed
ORD-0185597,R-0426,2025-09-03,32.89,web,pickup,completed
ORD-0185598,R-0426,2025-09-20,26.24,app,pickup,Completed
ORD-0185599,R-0426,2025-09-06,60.56,app,pickup,completed
ORD-0185600,R-0426,2025-09-14,52.61,app,delivery,cancelled
ORD-0185601,R-0426,2025-09-04,48.28,web,delivery,Completed
ORD-0185602,R-0426,2025-09-10,44.44,web,delivery,completed
ORD-0185603,R-0426,2025-09-27,64.97,app,delivery,completed
ORD-0185604,R-0426,2025-09-24,17.95,app,pickup,completed
ORD-0185605,R-0426,2025-09-29,31.05,app,pickup,completed
ORD-0185606,R-0426,2025-09-11,25.50,app,pickup,completed
ORD-0185607,R-0426,2025-09-20,58.56,web,delivery,completed
ORD-0185608,R-0426,2025-09-06,62.73,app,pickup,completed
ORD-0185609,R-0426,2025-09-20,34.23,web,pickup,completed
ORD-0185610,R-0426,2025-09-26,44.18,web,pickup,completed
ORD-0185611,R-0426,2025-09-06,34.12,web,delivery,completed
ORD-0185612,R-0426,2025-09-23,91.94,web,delivery,completed
ORD-0185613,R-0426,2025-09-17,27.46,web,pickup,completed
ORD-0185614,R-0426,2025-09-11,53.96,app,pickup,cancelled
ORD-0185615,R-0426,2025-09-10,62.57,app,delivery,completed
ORD-0185616,R-0426,2025-09-10,40.84,app,pickup,completed
ORD-0185617,R-0426,2025-09-01,25.42,web,delivery,completed
ORD-0185618,R-0426,2025-09-14,91.98,web,delivery,completed
ORD-0185619,R-0426,2025-09-01,65.08,app,delivery,completed
ORD-0185620,R-0426,2025-09-22,66.21,app,pickup,completed
ORD-0185621,R-0426,2025-09-16,43.47,web,pickup,completed
ORD-0185622,R-0426,2025-09-23,79.56,web,pickup,completed
ORD-0185623,R-0426,2025-09-25,60.13,app,delivery,completed
ORD-0185624,R-0426,2025-09-09,44.10,web,pickup,completed
ORD-0185625,R-0426,2025-09-07,23.72,web,delivery,Completed
ORD-0185626,R-0426,2025-09-02,24.63,web,pickup,completed
ORD-0185627,R-0426,2025-09-18,56.05,app,delivery,completed
ORD-0185628,R-0426,2025-09-27,54.96,web,delivery,completed
ORD-0185629,R-0426,2025-09-08,54.94,app,delivery,completed
ORD-0185630,R-0426,2025-09-03,31.88,web,delivery,completed
ORD-0185631,R-0426,2025-09-21,65.79,web,pickup,completed
ORD-0185632,R-0426,2025-09-15,58.71,app,pickup,completed
ORD-0185633,R-0426,2025-09-02,36.96,web,delivery,completed
ORD-0185634,R-0426,2025-09-28,68.69,web,delivery,completed
ORD-0185635,R-0426,2025-09-05,53.06,app,pickup,COMPLETED
ORD-0185636,R-0426,2025-09-28,20.52,web,delivery,completed
ORD-0185637,R-0426,2025-09-03,16.59,web,delivery,completed
ORD-0185638,R-0426,2025-09-04,23.16,web,pickup,COMPLETED
ORD-0185639,R-0426,2025-09-15,60.03,web,pickup,completed
ORD-0185640,R-0426,2025-09-22,85.55,app,pickup,completed
ORD-0185641,R-0426,2025-09-22,42.27,web,pickup,completed
ORD-0185642,R-0426,2025-09-19,46.36,web,delivery,completed
ORD-0185643,R-0426,2025-09-29,50.92,web,delivery,completed
ORD-0185644,R-0426,2025-09-05,131.45,web,pickup,completed
ORD-0185645,R-0426,2025-09-18,54.67,app,delivery,completed
ORD-0185646,R-0426,2025-09-07,36.20,web,pickup,completed
ORD-0185647,R-0426,2025-09-22,33.05,app,pickup,completed
ORD-0185648,R-0426,2025-09-17,47.70,app,pickup,completed
ORD-0185649,R-0426,2025-09-13,72.56,web,pickup,completed
ORD-0185650,R-0426,2025-09-22,59.35,app,delivery,Cancelled
ORD-0185651,R-0426,2025-09-07,72.00,app,pickup,completed
ORD-0185652,R-0426,2025-09-18,42.35,web,delivery,COMPLETED
ORD-0185653,R-0426,2025-09-14,41.99,app,pickup,completed
ORD-0185654,R-0426,2025-09-22,49.57,web,delivery,completed
ORD-0185655,R-0426,2025-09-25,35.78,web,delivery,completed
ORD-0187274,R-0429,2025-09-05,83.67,app,pickup,completed
ORD-0187275,R-0429,2025-09-13,70.92,web,delivery,Completed
ORD-0187276,R-0429,2025-09-11,73.19,app,pickup,completed
ORD-0187277,R-0429,2025-09-13,94.84,app,delivery,completed
ORD-0187278,R-0429,2025-09-01,109.53,app,pickup,completed
ORD-0187279,R-0429,2025-09-03,67.28,app,pickup,Completed
ORD-0187280,R-0429,2025-09-13,105.22,web,pickup,completed
ORD-0187281,R-0429,2025-09-29,89.08,app,pickup,completed
ORD-0187282,R-0429,2025-09-22,51.73,web,delivery,refunded
ORD-0187283,R-0429,2025-09-20,24.82,app,delivery,completed
ORD-0187284,R-0429,2025-09-23,25.67,web,pickup,completed
ORD-0187285,R-0429,2025-09-12,196.51,app,pickup,Completed
ORD-0187286,R-0429,2025-09-06,133.77,app,delivery,completed
ORD-0187287,R-0429,2025-09-15,31.80,app,delivery,completed
ORD-0187288,R-0429,2025-09-29,28.54,app,delivery,completed
ORD-0187289,R-0429,2025-09-15,64.54,app,delivery,completed
ORD-0187290,R-0429,2025-09-06,45.15,app,delivery,completed
ORD-0187291,R-0429,2025-09-13,56.37,app,pickup,completed
ORD-0187292,R-0429,2025-09-09,50.07,app,delivery,completed
ORD-0187293,R-0429,2025-09-02,130.99,app,pickup,completed
ORD-0187294,R-0429,2025-09-27,51.29,web,delivery,cancelled
ORD-0187295,R-0429,2025-09-26,111.21,app,pickup,completed
ORD-0187296,R-0429,2025-09-14,85.79,web,delivery,completed
ORD-0187297,R-0429,2025-09-15,70.32,app,pickup,Completed
ORD-0187298,R-0429,2025-09-25,55.54,web,delivery,completed
ORD-0187299,R-0429,2025-09-30,61.54,app,delivery,Completed
ORD-0187300,R-0429,2025-09-20,143.64,app,pickup,completed
ORD-0187301,R-0429,2025-09-28,54.66,web,delivery,completed
ORD-0187302,R-0429,2025-09-12,34.19,app,pickup,completed
ORD-0187303,R-0429,2025-09-25,67.92,web,pickup,COMPLETED
ORD-0187304,R-0429,2025-09-02,66.96,web,delivery,completed
ORD-0187305,R-0429,2025-09-03,29.44,app,delivery,completed
ORD-0187306,R-0429,2025-09-14,44.94,app,delivery,completed
ORD-0187307,R-0429,2025-09-14,112.38,app,delivery,completed
ORD-0187308,R-0429,2025-09-21,46.25,app,delivery,completed
ORD-0187309,R-0429,2025-09-02,108.23,app,pickup,completed
ORD-0187310,R-0429,2025-09-19,73.86,web,pickup,completed
ORD-0187311,R-0429,2025-09-17,30.80,web,pickup,completed
ORD-0187312,R-0429,2025-09-12,99.87,app,pickup,completed
ORD-0187313,R-0429,2025-09-06,51.02,app,delivery,completed
ORD-0187314,R-0429,2025-09-04,138.99,web,pickup,completed
ORD-0187315,R-0429,2025-09-08,37.09,web,pickup,completed
ORD-0187316,R-0429,2025-09-04,49.73,web,pickup,completed
ORD-0187317,R-0429,2025-09-21,76.10,app,delivery,completed
ORD-0187318,R-0429,2025-09-25,76.19,web,pickup,completed
ORD-0187319,R-0429,2025-09-21,102.41,app,pickup,completed
ORD-0187320,R-0429,2025-09-19,52.69,app,pickup,completed
ORD-0187321,R-0429,2025-09-20,80.66,web,delivery,completed
ORD-0187322,R-0429,2025-09-01,56.41,app,delivery,completed
ORD-0187323,R-0429,2025-09-30,49.53,web,delivery,completed
ORD-0187324,R-0429,2025-09-30,83.08,app,pickup,completed
ORD-0187325,R-0429,2025-09-06,76.08,app,delivery,completed
ORD-0187326,R-0429,2025-09-19,51.25,app,pickup,completed
ORD-0187327,R-0429,2025-09-25,43.60,app,delivery,COMPLETED
ORD-0187328,R-0429,2025-09-14,96.14,app,pickup,completed
ORD-0187329,R-0429,2025-09-03,56.10,app,delivery,completed
ORD-0187330,R-0429,2025-09-02,63.61,app,pickup,completed
ORD-0187331,R-0429,2025-09-13,42.30,app,delivery,completed
ORD-0187332,R-0429,2025-09-04,58.29,app,delivery,completed
ORD-0187333,R-0429,2025-09-26,63.54,app,delivery,Completed
ORD-0187334,R-0429,2025-09-06,104.42,app,delivery,completed
ORD-0187335,R-0429,2025-09-27,52.18,app,delivery,completed
ORD-0187336,R-0429,2025-09-15,114.87,app,pickup,completed
ORD-0187337,R-0429,2025-09-14,140.75,web,delivery,COMPLETED
ORD-0187338,R-0429,2025-09-06,84.42,web,delivery,completed
ORD-0187339,R-0429,2025-09-22,113.29,app,delivery,completed
ORD-0187340,R-0429,2025-09-10,39.73,app,delivery,completed
ORD-0187341,R-0429,2025-09-27,70.33,app,pickup,completed
ORD-0187342,R-0429,2025-09-05,61.99,app,delivery,completed
ORD-0187343,R-0429,2025-09-09,114.89,web,pickup,completed
ORD-0187344,R-0429,2025-09-14,33.41,app,pickup,completed
ORD-0187345,R-0429,2025-09-13,65.59,app,delivery,completed
ORD-0187346,R-0429,2025-09-21,65.45,web,pickup,completed
ORD-0187347,R-0429,2025-09-26,35.68,web,delivery,completed
ORD-0187348,R-0429,2025-09-27,43.89,app,pickup,cancelled
ORD-0187349,R-0429,2025-09-19,93.44,app,pickup,COMPLETED
ORD-0187350,R-0429,2025-09-13,51.56,app,delivery,Cancelled
ORD-0187351,R-0429,2025-09-26,147.39,app,delivery,completed
ORD-0187352,R-0429,2025-09-21,61.68,web,pickup,completed
ORD-0187353,R-0429,2025-09-11,51.56,app,delivery,completed
ORD-0187354,R-0429,2025-09-10,52.12,app,pickup,COMPLETED
ORD-0187355,R-0429,2025-09-12,62.05,app,delivery,Completed
ORD-0187356,R-0429,2025-09-07,52.88,app,pickup,completed
ORD-0187357,R-0429,2025-09-26,116.11,app,pickup,completed
ORD-0187358,R-0429,2025-09-27,50.90,app,delivery,completed
ORD-0187359,R-0429,2025-09-30,102.32,app,pickup,completed
ORD-0187360,R-0429,2025-09-13,108.17,app,pickup,completed
ORD-0187361,R-0429,2025-09-28,66.46,web,pickup,completed
ORD-0190280,R-0434,2025-09-19,33.19,web,pickup,completed
ORD-0190281,R-0434,2025-09-17,28.05,app,pickup,completed
ORD-0190282,R-0434,2025-09-20,33.45,web,delivery,completed
ORD-0190283,R-0434,2025-09-24,23.00,app,pickup,completed
ORD-0190284,R-0434,2025-09-18,28.36,web,delivery,completed
ORD-0190285,R-0434,2025-09-26,31.91,app,delivery,completed
ORD-0190286,R-0434,2025-09-14,31.38,app,delivery,completed
ORD-0190287,R-0434,2025-09-21,28.31,app,pickup,completed
ORD-0190288,R-0434,2025-09-27,31.76,app,delivery,completed
ORD-0190289,R-0434,2025-09-23,19.03,app,pickup,completed
ORD-0190290,R-0434,2025-09-29,26.11,app,delivery,completed
ORD-0190291,R-0434,2025-09-25,27.83,app,pickup,completed
ORD-0190292,R-0434,2025-09-20,22.90,app,delivery,completed
ORD-0190293,R-0434,2025-09-16,25.04,web,pickup,completed
ORD-0190294,R-0434,2025-09-16,34.73,app,delivery,completed
ORD-0190295,R-0434,2025-09-13,32.40,web,delivery,completed
ORD-0190296,R-0434,2025-09-20,37.20,app,delivery,completed
ORD-0190297,R-0434,2025-09-15,29.02,app,pickup,completed
ORD-0190298,R-0434,2025-09-28,38.43,app,pickup,completed
ORD-0190299,R-0434,2025-09-10,23.80,app,pickup,cancelled
ORD-0190300,R-0434,2025-09-11,29.87,web,delivery,completed
ORD-0190301,R-0434,2025-09-02,23.63,app,pickup,Completed
ORD-0190302,R-0434,2025-09-29,26.13,app,delivery,completed
ORD-0190303,R-0434,2025-09-27,34.85,app,delivery,completed
ORD-0190304,R-0434,2025-09-16,39.05,app,pickup,completed
ORD-0190305,R-0434,2025-09-07,18.74,app,pickup,completed
ORD-0190306,R-0434,2025-09-20,21.35,web,delivery,completed
ORD-0190307,R-0434,2025-09-05,42.86,web,delivery,COMPLETED
ORD-0190308,R-0434,2025-09-20,33.98,app,delivery,completed
ORD-0190309,R-0434,2025-09-03,33.09,app,delivery,completed
ORD-0190310,R-0434,2025-09-17,17.86,app,delivery,completed
ORD-0190311,R-0434,2025-09-09,14.34,app,delivery,COMPLETED
ORD-0190312,R-0434,2025-09-14,30.51,app,pickup,completed
ORD-0190313,R-0434,2025-09-17,22.19,app,pickup,completed
ORD-0190314,R-0434,2025-09-11,30.68,web,delivery,completed
ORD-0190315,R-0434,2025-09-12,24.13,web,pickup,cancelled
ORD-0190316,R-0434,2025-09-09,22.32,app,delivery,completed
ORD-0190317,R-0434,2025-09-11,18.12,app,pickup,completed
ORD-0190318,R-0434,2025-09-20,35.66,web,delivery,completed
ORD-0190319,R-0434,2025-09-12,32.30,web,delivery,completed
ORD-0190320,R-0434,2025-09-01,39.68,web,delivery,completed
ORD-0190321,R-0434,2025-09-12,24.79,web,pickup,completed
ORD-0190322,R-0434,2025-09-06,27.37,web,delivery,completed
ORD-0190323,R-0434,2025-09-02,33.64,app,delivery,completed
ORD-0190324,R-0434,2025-09-30,25.39,app,delivery,cancelled
ORD-0190325,R-0434,2025-09-22,16.36,app,delivery,completed
ORD-0190326,R-0434,2025-09-04,28.90,web,delivery,completed
ORD-0190327,R-0434,2025-09-01,38.63,web,delivery,completed
ORD-0190328,R-0434,2025-09-11,30.78,app,pickup,completed
ORD-0190329,R-0434,2025-09-24,29.22,web,pickup,completed
ORD-0190330,R-0434,2025-09-19,26.19,web,delivery,completed
ORD-0190331,R-0434,2025-09-10,32.78,web,delivery,Completed
ORD-0190332,R-0434,2025-09-22,37.68,app,delivery,completed
ORD-0190333,R-0434,2025-09-12,23.42,app,delivery,completed
ORD-0190334,R-0434,2025-09-01,38.42,app,delivery,completed
ORD-0190335,R-0434,2025-09-01,39.55,app,pickup,completed
ORD-0190336,R-0434,2025-09-17,21.93,app,pickup,completed
ORD-0190337,R-0434,2025-09-30,18.58,app,delivery,completed
ORD-0190338,R-0434,2025-09-06,33.80,app,pickup,completed
ORD-0190339,R-0434,2025-09-14,36.85,web,pickup,completed
ORD-0190340,R-0434,2025-09-14,25.50,web,pickup,completed
ORD-0190341,R-0434,2025-09-07,20.94,web,delivery,cancelled
ORD-0190342,R-0434,2025-09-22,53.61,app,delivery,completed
ORD-0190343,R-0434,2025-09-05,30.47,app,delivery,completed
ORD-0190344,R-0434,2025-09-02,27.04,web,delivery,completed
ORD-0190345,R-0434,2025-09-15,26.71,web,delivery,completed
ORD-0190346,R-0434,2025-09-30,36.90,web,pickup,completed
ORD-0190347,R-0434,2025-09-02,36.09,web,delivery,completed
ORD-0190348,R-0434,2025-09-09,22.91,app,pickup,completed
ORD-0190349,R-0434,2025-09-02,27.49,web,delivery,completed
ORD-0190350,R-0434,2025-09-21,42.11,app,pickup,completed
ORD-0190351,R-0434,2025-09-29,16.97,web,delivery,completed
ORD-0190352,R-0434,2025-09-01,38.74,app,delivery,completed
ORD-0190353,R-0434,2025-09-19,30.63,web,pickup,completed
ORD-0190354,R-0434,2025-09-13,31.04,web,delivery,completed
ORD-0190355,R-0434,2025-09-27,20.44,web,delivery,completed
ORD-0190356,R-0434,2025-09-14,30.77,app,pickup,COMPLETED
ORD-0190357,R-0434,2025-09-27,17.53,app,pickup,completed
ORD-0190358,R-0434,2025-09-26,41.03,app,delivery,Completed
ORD-0190359,R-0434,2025-09-13,21.62,web,delivery,Completed
ORD-0190360,R-0434,2025-09-13,34.34,app,delivery,COMPLETED
ORD-0190361,R-0434,2025-09-28,37.49,web,delivery,completed
ORD-0190362,R-0434,2025-09-04,25.17,web,delivery,completed
ORD-0190363,R-0434,2025-09-23,32.65,app,delivery,Completed
ORD-0190364,R-0434,2025-09-03,16.42,app,delivery,COMPLETED
ORD-0190365,R-0434,2025-09-28,35.12,app,pickup,completed
ORD-0190366,R-0434,2025-09-25,30.29,app,delivery,Completed
ORD-0190367,R-0434,2025-09-19,48.19,app,delivery,completed
ORD-0190368,R-0434,2025-09-07,21.41,app,pickup,COMPLETED
ORD-0190369,R-0434,2025-09-19,34.73,app,delivery,completed
ORD-0190370,R-0434,2025-09-14,18.51,app,pickup,completed
ORD-0190371,R-0434,2025-09-10,33.71,app,delivery,completed
ORD-0190372,R-0434,2025-09-06,15.01,app,pickup,completed
ORD-0190373,R-0434,2025-09-26,21.65,app,delivery,completed
ORD-0190374,R-0434,2025-09-04,17.73,web,delivery,completed
ORD-0190375,R-0434,2025-09-14,27.97,app,pickup,completed
ORD-0190376,R-0434,2025-09-13,20.23,app,delivery,COMPLETED
ORD-0190377,R-0434,2025-09-19,20.93,app,delivery,completed
ORD-0190378,R-0434,2025-09-03,13.06,app,delivery,COMPLETED
ORD-0190379,R-0434,2025-09-13,31.89,app,delivery,completed
ORD-0190380,R-0434,2025-09-07,22.26,web,pickup,completed
ORD-0190381,R-0434,2025-09-13,26.31,app,delivery,completed
ORD-0190382,R-0434,2025-09-13,27.58,web,delivery,completed
ORD-0190383,R-0434,2025-09-11,25.38,web,pickup,Completed
ORD-0190384,R-0434,2025-09-04,46.50,web,delivery,COMPLETED
ORD-0190385,R-0434,2025-09-06,25.59,app,delivery,completed
ORD-0190386,R-0434,2025-09-03,17.85,app,delivery,completed
ORD-0190387,R-0434,2025-09-01,18.17,web,delivery,completed
ORD-0190388,R-0434,2025-09-28,33.23,web,pickup,completed
ORD-0190389,R-0434,2025-09-25,21.50,app,pickup,completed
ORD-0190390,R-0434,2025-09-11,22.59,web,pickup,completed
ORD-0190391,R-0434,2025-09-30,24.97,app,delivery,completed
ORD-0190392,R-0434,2025-09-18,26.99,app,delivery,completed
ORD-0190393,R-0434,2025-09-07,37.97,web,delivery,completed
ORD-0190394,R-0434,2025-09-13,17.85,app,delivery,refunded
ORD-0190395,R-0434,2025-09-21,37.89,web,delivery,completed
ORD-0190396,R-0434,2025-09-20,18.21,app,delivery,cancelled
ORD-0190397,R-0434,2025-09-10,18.57,web,pickup,completed
ORD-0190398,R-0434,2025-09-19,42.85,web,pickup,completed
ORD-0190399,R-0434,2025-09-12,40.27,app,pickup,Completed
ORD-0190400,R-0434,2025-09-01,19.75,app,delivery,completed
ORD-0190401,R-0434,2025-09-04,31.86,app,delivery,completed
ORD-0190402,R-0434,2025-09-06,27.41,app,pickup,completed
ORD-0190403,R-0434,2025-09-28,53.29,web,delivery,completed
ORD-0190404,R-0434,2025-09-25,17.22,web,delivery,completed
ORD-0190405,R-0434,2025-09-23,16.52,app,delivery,Completed
ORD-0190406,R-0434,2025-09-21,19.15,app,delivery,COMPLETED
ORD-0190407,R-0434,2025-09-19,30.38,web,delivery,completed
ORD-0190408,R-0434,2025-09-05,19.56,web,pickup,Completed
ORD-0190409,R-0434,2025-09-30,17.62,app,pickup,completed
ORD-0190410,R-0434,2025-09-12,40.81,app,pickup,Completed
ORD-0190411,R-0434,2025-09-12,44.19,app,delivery,completed
ORD-0190412,R-0434,2025-09-14,27.31,app,pickup,completed
ORD-0190413,R-0434,2025-09-06,30.93,web,pickup,completed
ORD-0190414,R-0434,2025-09-08,12.52,app,pickup,completed
ORD-0190415,R-0434,2025-09-29,22.26,app,delivery,completed
ORD-0193396,R-0446,2025-09-19,17.48,app,pickup,completed
ORD-0193397,R-0446,2025-09-26,44.27,app,delivery,completed
ORD-0193398,R-0446,2025-09-19,34.16,app,delivery,COMPLETED
ORD-0193399,R-0446,2025-09-20,46.40,app,pickup,completed
ORD-0193400,R-0446,2025-09-16,63.85,app,delivery,completed
ORD-0193401,R-0446,2025-09-01,26.34,app,delivery,COMPLETED
ORD-0193402,R-0446,2025-09-26,48.22,app,delivery,completed
ORD-0193403,R-0446,2025-09-19,76.63,web,delivery,completed
ORD-0193404,R-0446,2025-09-26,53.23,app,pickup,completed
ORD-0193405,R-0446,2025-09-10,84.47,web,delivery,completed
ORD-0193406,R-0446,2025-09-05,21.96,app,delivery,completed
ORD-0193407,R-0446,2025-09-07,41.35,app,delivery,completed
ORD-0193408,R-0446,2025-09-12,54.49,web,pickup,completed
ORD-0193409,R-0446,2025-09-05,18.47,web,pickup,Completed
ORD-0193410,R-0446,2025-09-09,28.27,web,delivery,completed
ORD-0193411,R-0446,2025-09-18,55.78,web,delivery,completed
ORD-0193412,R-0446,2025-09-10,33.15,app,delivery,completed
ORD-0193413,R-0446,2025-09-17,19.69,app,delivery,COMPLETED
ORD-0193414,R-0446,2025-09-29,33.67,web,delivery,completed
ORD-0193415,R-0446,2025-09-16,32.46,app,delivery,cancelled
ORD-0193416,R-0446,2025-09-20,27.73,app,delivery,completed
ORD-0193417,R-0446,2025-09-10,39.74,app,delivery,Completed
ORD-0193418,R-0446,2025-09-08,71.57,app,delivery,completed
ORD-0193419,R-0446,2025-09-07,45.15,app,pickup,completed
ORD-0193420,R-0446,2025-09-07,64.40,app,delivery,completed
ORD-0193421,R-0446,2025-09-24,32.32,app,pickup,Completed
ORD-0193422,R-0446,2025-09-22,21.31,app,delivery,completed
ORD-0193423,R-0446,2025-09-06,38.78,web,delivery,Completed
ORD-0193424,R-0446,2025-09-11,68.60,app,delivery,completed
ORD-0193425,R-0446,2025-09-15,22.56,app,delivery,completed
ORD-0193426,R-0446,2025-09-22,36.76,web,pickup,completed
ORD-0193427,R-0446,2025-09-01,30.02,web,pickup,completed
ORD-0193428,R-0446,2025-09-17,75.24,app,pickup,completed
ORD-0193429,R-0446,2025-09-04,24.60,app,delivery,completed
ORD-0193430,R-0446,2025-09-26,42.82,web,pickup,completed
ORD-0193431,R-0446,2025-09-07,43.55,app,delivery,completed
ORD-0193432,R-0446,2025-09-09,38.07,app,pickup,completed
ORD-0193433,R-0446,2025-09-21,20.65,web,pickup,COMPLETED
ORD-0193434,R-0446,2025-09-16,29.59,app,delivery,completed
ORD-0193435,R-0446,2025-09-23,27.27,web,pickup,completed
ORD-0193436,R-0446,2025-09-27,31.67,web,pickup,completed
ORD-0193437,R-0446,2025-09-16,70.39,web,delivery,completed
ORD-0193438,R-0446,2025-09-16,48.58,web,delivery,completed
ORD-0193439,R-0446,2025-09-14,36.40,app,pickup,completed
ORD-0193440,R-0446,2025-09-28,40.58,app,delivery,completed
ORD-0193441,R-0446,2025-09-04,34.24,app,delivery,completed
ORD-0193442,R-0446,2025-09-26,23.40,web,delivery,completed
ORD-0193443,R-0446,2025-09-07,45.33,app,delivery,completed
ORD-0193444,R-0446,2025-09-04,28.87,app,delivery,completed
ORD-0193445,R-0446,2025-09-07,26.86,app,pickup,completed
ORD-0193446,R-0446,2025-09-29,28.31,app,pickup,completed
ORD-0193447,R-0446,2025-09-11,53.73,app,pickup,COMPLETED
ORD-0193448,R-0446,2025-09-06,38.88,app,pickup,completed
ORD-0193449,R-0446,2025-09-02,39.00,web,pickup,COMPLETED
ORD-0193450,R-0446,2025-09-05,53.98,app,delivery,completed
ORD-0193451,R-0446,2025-09-28,41.55,app,pickup,completed
ORD-0193452,R-0446,2025-09-25,57.22,app,pickup,completed
ORD-0193453,R-0446,2025-09-08,30.65,web,delivery,completed
ORD-0193454,R-0446,2025-09-06,32.98,web,pickup,completed
ORD-0193455,R-0446,2025-09-12,36.15,web,delivery,Completed
ORD-0193456,R-0446,2025-09-24,47.67,web,delivery,completed
ORD-0193457,R-0446,2025-09-02,16.14,web,delivery,completed
ORD-0193458,R-0446,2025-09-28,41.73,web,delivery,completed
ORD-0193459,R-0446,2025-09-11,69.98,web,delivery,completed
ORD-0193460,R-0446,2025-09-13,47.11,app,delivery,completed
ORD-0193461,R-0446,2025-09-08,30.44,app,pickup,Completed
ORD-0193462,R-0446,2025-09-15,22.63,app,delivery,completed
ORD-0193463,R-0446,2025-09-09,43.82,app,pickup,completed
ORD-0193464,R-0446,2025-09-21,26.61,app,delivery,completed
ORD-0193465,R-0446,2025-09-19,26.31,app,pickup,COMPLETED
ORD-0193466,R-0446,2025-09-03,24.86,app,pickup,completed
ORD-0193467,R-0446,2025-09-03,36.47,app,pickup,COMPLETED
ORD-0193468,R-0446,2025-09-04,40.17,web,delivery,completed
ORD-0193469,R-0446,2025-09-13,88.32,app,pickup,completed
ORD-0193470,R-0446,2025-09-29,22.31,app,delivery,completed
ORD-0193471,R-0446,2025-09-04,30.11,web,delivery,completed
ORD-0193472,R-0446,2025-09-20,65.76,app,pickup,Completed
ORD-0193473,R-0446,2025-09-15,16.97,app,pickup,completed
ORD-0193474,R-0446,2025-09-13,31.03,web,delivery,completed
ORD-0193475,R-0446,2025-09-21,23.38,app,delivery,completed
ORD-0193476,R-0446,2025-09-12,28.04,app,delivery,completed
ORD-0193477,R-0446,2025-09-11,41.21,app,delivery,completed
ORD-0193478,R-0446,2025-09-04,35.18,app,delivery,completed
ORD-0193479,R-0446,2025-09-28,35.17,app,pickup,completed
ORD-0193480,R-0446,2025-09-12,23.54,app,delivery,completed
ORD-0193481,R-0446,2025-09-03,30.66,web,delivery,completed
ORD-0193482,R-0446,2025-09-20,49.96,app,pickup,completed
ORD-0193483,R-0446,2025-09-09,29.43,web,delivery,completed
ORD-0193484,R-0446,2025-09-24,26.87,app,delivery,completed
ORD-0193485,R-0446,2025-09-02,35.48,web,delivery,COMPLETED
ORD-0193486,R-0446,2025-09-07,36.99,app,pickup,completed
ORD-0193487,R-0446,2025-09-23,38.92,app,pickup,completed
ORD-0193488,R-0446,2025-09-26,45.59,web,pickup,completed
ORD-0193489,R-0446,2025-09-20,17.80,app,delivery,completed
ORD-0193490,R-0446,2025-09-26,24.22,app,pickup,completed
ORD-0193491,R-0446,2025-09-11,63.90,app,pickup,completed
ORD-0193492,R-0446,2025-09-03,29.21,app,pickup,completed
ORD-0193493,R-0446,2025-09-05,24.21,web,pickup,COMPLETED
ORD-0193494,R-0446,2025-09-28,58.38,app,pickup,completed
ORD-0193495,R-0446,2025-09-29,37.28,web,pickup,completed
ORD-0193496,R-0446,2025-09-26,32.52,app,delivery,COMPLETED
ORD-0193497,R-0446,2025-09-14,33.63,app,delivery,completed
ORD-0193498,R-0446,2025-09-15,32.04,app,pickup,completed
ORD-0193499,R-0446,2025-09-21,51.28,web,delivery,completed
ORD-0193500,R-0446,2025-09-18,41.70,app,delivery,completed
ORD-0193501,R-0446,2025-09-15,35.85,app,delivery,completed
ORD-0193502,R-0446,2025-09-02,18.93,web,delivery,completed
ORD-0193503,R-0446,2025-09-28,35.49,app,delivery,completed
ORD-0193504,R-0446,2025-09-05,60.75,web,pickup,completed
ORD-0193505,R-0446,2025-09-17,33.40,app,delivery,completed
ORD-0193506,R-0446,2025-09-30,26.53,app,pickup,completed
ORD-0193507,R-0446,2025-09-25,46.76,web,pickup,completed
ORD-0193508,R-0446,2025-09-05,35.49,app,delivery,completed
ORD-0193509,R-0446,2025-09-22,49.28,app,delivery,completed
ORD-0193510,R-0446,2025-09-20,46.64,app,delivery,cancelled
ORD-0193511,R-0446,2025-09-24,39.44,app,pickup,COMPLETED
ORD-0193512,R-0446,2025-09-02,30.40,app,delivery,completed
ORD-0193513,R-0446,2025-09-17,17.13,app,delivery,completed
ORD-0193514,R-0446,2025-09-14,22.61,web,pickup,COMPLETED
ORD-0193515,R-0446,2025-09-24,45.75,app,delivery,completed
ORD-0193516,R-0446,2025-09-02,25.47,web,delivery,COMPLETED
ORD-0193517,R-0446,2025-09-19,38.23,app,delivery,completed
ORD-0193518,R-0446,2025-09-18,81.16,app,delivery,REFUNDED
ORD-0193519,R-0446,2025-09-05,36.38,app,delivery,completed
ORD-0193520,R-0446,2025-09-10,45.99,app,pickup,completed
ORD-0193521,R-0446,2025-09-08,25.23,app,delivery,COMPLETED
ORD-0193522,R-0446,2025-09-14,50.11,web,delivery,completed
ORD-0193523,R-0446,2025-09-27,70.66,web,delivery,completed
ORD-0193524,R-0446,2025-09-20,19.55,app,pickup,COMPLETED
ORD-0193525,R-0446,2025-09-01,23.85,web,delivery,completed
ORD-0193526,R-0446,2025-09-21,63.41,app,delivery,completed
ORD-0193527,R-0446,2025-09-11,37.24,web,delivery,COMPLETED
ORD-0193528,R-0446,2025-09-28,24.39,app,delivery,COMPLETED
ORD-0193529,R-0446,2025-09-19,40.37,app,delivery,completed
ORD-0193530,R-0446,2025-09-19,60.83,app,delivery,completed
ORD-0193531,R-0446,2025-09-06,24.91,app,pickup,completed
ORD-0193532,R-0446,2025-09-06,29.86,app,delivery,completed
ORD-0193533,R-0446,2025-09-01,26.96,app,delivery,completed
ORD-0193534,R-0446,2025-09-01,54.56,app,pickup,completed
ORD-0193535,R-0446,2025-09-23,52.52,web,delivery,completed
ORD-0193536,R-0446,2025-09-19,20.40,app,delivery,completed
ORD-0193537,R-0446,2025-09-28,41.89,web,pickup,completed
ORD-0193538,R-0446,2025-09-12,36.40,app,pickup,completed
ORD-0193539,R-0446,2025-09-13,44.29,app,pickup,completed
ORD-0193540,R-0446,2025-09-11,46.33,web,pickup,completed
ORD-0193541,R-0446,2025-09-30,94.32,app,delivery,completed
ORD-0193542,R-0446,2025-09-13,69.65,app,delivery,completed
ORD-0193543,R-0446,2025-09-20,55.05,app,pickup,completed
ORD-0193544,R-0446,2025-09-28,17.73,app,delivery,completed
ORD-0193545,R-0446,2025-09-14,62.90,app,delivery,cancelled
ORD-0193546,R-0446,2025-09-09,20.03,app,delivery,completed
ORD-0193547,R-0446,2025-09-20,51.71,app,delivery,completed
ORD-0193548,R-0446,2025-09-24,32.11,app,delivery,completed
ORD-0193549,R-0446,2025-09-05,23.23,web,pickup,COMPLETED
ORD-0193550,R-0446,2025-09-08,22.30,web,delivery,completed
ORD-0193551,R-0446,2025-09-21,37.31,web,delivery,completed
ORD-0193552,R-0446,2025-09-22,39.71,web,delivery,completed
ORD-0193553,R-0446,2025-09-25,32.59,app,delivery,completed
ORD-0193554,R-0446,2025-09-29,44.87,app,delivery,completed
ORD-0193555,R-0446,2025-09-05,40.46,app,delivery,completed
ORD-0193556,R-0446,2025-09-30,52.37,app,delivery,COMPLETED
ORD-0193557,R-0446,2025-09-13,18.45,app,pickup,completed
ORD-0193558,R-0446,2025-09-05,57.32,app,delivery,completed
ORD-0193559,R-0446,2025-09-12,23.73,web,delivery,completed
ORD-0193560,R-0446,2025-09-20,38.54,app,pickup,cancelled
ORD-0193561,R-0446,2025-09-06,66.25,web,pickup,completed
ORD-0193562,R-0446,2025-09-13,49.48,app,delivery,completed
ORD-0193563,R-0446,2025-09-18,31.30,app,delivery,completed
ORD-0193564,R-0446,2025-09-26,27.54,app,delivery,Completed
ORD-0193565,R-0446,2025-09-30,26.37,app,pickup,completed
ORD-0193566,R-0446,2025-09-16,30.70,app,delivery,completed
ORD-0193567,R-0446,2025-09-21,26.46,web,delivery,completed
ORD-0193568,R-0446,2025-09-19,38.81,app,pickup,completed
ORD-0193569,R-0446,2025-09-15,26.21,app,delivery,completed
ORD-0193570,R-0446,2025-09-03,42.12,app,delivery,completed
ORD-0193571,R-0446,2025-09-07,36.19,web,pickup,completed
ORD-0193572,R-0446,2025-09-04,42.18,app,pickup,completed
ORD-0193573,R-0446,2025-09-05,56.25,app,delivery,completed
ORD-0193574,R-0446,2025-09-29,32.85,app,pickup,COMPLETED
ORD-0193575,R-0446,2025-09-19,40.41,web,pickup,completed
ORD-0193576,R-0446,2025-09-01,23.65,app,pickup,Completed
ORD-0193577,R-0446,2025-09-27,57.48,app,delivery,completed
ORD-0193578,R-0446,2025-09-19,22.82,web,delivery,completed
ORD-0193579,R-0446,2025-09-16,62.76,app,delivery,completed
ORD-0193580,R-0446,2025-09-22,15.71,app,delivery,Completed
ORD-0193581,R-0446,2025-09-13,40.16,app,delivery,completed
ORD-0193582,R-0446,2025-09-27,57.78,app,pickup,completed
ORD-0193583,R-0446,2025-09-20,24.21,web,pickup,completed
ORD-0193584,R-0446,2025-09-25,52.69,web,pickup,completed
ORD-0193585,R-0446,2025-09-27,43.67,app,delivery,completed
ORD-0193586,R-0446,2025-09-19,38.87,web,pickup,completed
ORD-0193587,R-0446,2025-09-11,55.24,app,pickup,completed
ORD-0193588,R-0446,2025-09-06,32.01,app,pickup,completed
ORD-0193589,R-0446,2025-09-05,61.54,app,pickup,completed
ORD-0193590,R-0446,2025-09-19,46.25,app,pickup,completed
ORD-0193591,R-0446,2025-09-08,63.28,app,pickup,completed
ORD-0193592,R-0446,2025-09-14,42.11,app,delivery,Completed
ORD-0193593,R-0446,2025-09-06,53.50,web,pickup,completed
ORD-0193594,R-0446,2025-09-07,30.62,app,delivery,completed
ORD-0196062,R-0447,2025-09-30,25.05,web,pickup,completed
ORD-0196063,R-0447,2025-09-27,35.24,web,delivery,COMPLETED
ORD-0196064,R-0447,2025-09-17,13.92,web,delivery,completed
ORD-0196065,R-0447,2025-09-01,12.64,app,delivery,completed
ORD-0196066,R-0447,2025-09-25,23.12,app,delivery,completed
ORD-0196067,R-0447,2025-09-12,34.53,app,pickup,completed
ORD-0196068,R-0447,2025-09-28,12.36,web,delivery,Completed
ORD-0196069,R-0447,2025-09-29,28.15,app,delivery,completed
ORD-0196070,R-0447,2025-09-18,26.72,web,delivery,completed
ORD-0196071,R-0447,2025-09-13,20.68,web,delivery,completed
ORD-0196072,R-0447,2025-09-08,38.83,web,delivery,completed
ORD-0196073,R-0447,2025-09-09,44.33,web,delivery,completed
ORD-0196074,R-0447,2025-09-05,20.47,app,delivery,completed
ORD-0196075,R-0447,2025-09-12,21.74,app,delivery,COMPLETED
ORD-0196076,R-0447,2025-09-03,22.32,app,pickup,completed
ORD-0196077,R-0447,2025-09-18,20.76,app,delivery,cancelled
ORD-0196078,R-0447,2025-09-03,21.42,app,delivery,completed
ORD-0196079,R-0447,2025-09-24,26.98,web,delivery,completed
ORD-0196080,R-0447,2025-09-29,19.40,web,pickup,completed
ORD-0196081,R-0447,2025-09-27,22.84,app,delivery,completed
ORD-0196082,R-0447,2025-09-23,26.49,web,delivery,completed
ORD-0196083,R-0447,2025-09-28,23.14,web,delivery,completed
ORD-0196084,R-0447,2025-09-12,17.94,app,delivery,completed
ORD-0196085,R-0447,2025-09-21,16.35,app,delivery,completed
ORD-0196086,R-0447,2025-09-27,26.56,web,delivery,completed
ORD-0196087,R-0447,2025-09-29,18.68,web,delivery,completed
ORD-0196088,R-0447,2025-09-09,21.87,app,pickup,completed
ORD-0196089,R-0447,2025-09-06,13.19,web,delivery,completed
ORD-0196090,R-0447,2025-09-11,34.68,web,delivery,completed
ORD-0196091,R-0447,2025-09-18,53.02,app,delivery,completed
ORD-0196092,R-0447,2025-09-03,17.15,app,delivery,completed
ORD-0196093,R-0447,2025-09-19,13.69,web,delivery,completed
ORD-0196094,R-0447,2025-09-04,18.13,web,delivery,completed
ORD-0196095,R-0447,2025-09-28,26.38,web,delivery,completed
ORD-0196096,R-0447,2025-09-06,15.12,app,delivery,completed
ORD-0196097,R-0447,2025-09-05,26.08,app,delivery,completed
ORD-0196098,R-0447,2025-09-29,25.48,app,pickup,completed
ORD-0196099,R-0447,2025-09-25,16.36,app,pickup,completed
ORD-0196100,R-0447,2025-09-26,37.22,web,delivery,completed
ORD-0196101,R-0447,2025-09-25,22.14,app,delivery,Cancelled
ORD-0196102,R-0447,2025-09-26,45.70,app,delivery,completed
ORD-0196103,R-0447,2025-09-15,28.23,app,delivery,completed
ORD-0196104,R-0447,2025-09-25,24.35,web,delivery,completed
ORD-0196105,R-0447,2025-09-20,13.95,web,delivery,completed
ORD-0196106,R-0447,2025-09-27,17.39,web,delivery,completed
ORD-0196107,R-0447,2025-09-01,23.38,app,delivery,completed
ORD-0196108,R-0447,2025-09-14,53.76,web,delivery,cancelled
ORD-0196109,R-0447,2025-09-06,25.54,app,pickup,completed
ORD-0196110,R-0447,2025-09-28,12.19,app,delivery,completed
ORD-0196111,R-0447,2025-09-19,21.90,app,delivery,Completed
ORD-0196112,R-0447,2025-09-20,14.05,app,delivery,completed
ORD-0196113,R-0447,2025-09-30,23.84,app,pickup,Cancelled
ORD-0196114,R-0447,2025-09-03,26.63,app,delivery,completed
ORD-0196115,R-0447,2025-09-05,11.42,app,delivery,completed
ORD-0196116,R-0447,2025-09-10,31.30,app,delivery,completed
ORD-0196117,R-0447,2025-09-17,32.84,app,delivery,completed
ORD-0196118,R-0447,2025-09-25,36.26,web,delivery,completed
ORD-0196119,R-0447,2025-09-29,31.11,app,delivery,COMPLETED
ORD-0196120,R-0447,2025-09-11,27.13,app,delivery,completed
ORD-0196121,R-0447,2025-09-06,21.73,app,delivery,CANCELLED
ORD-0196122,R-0447,2025-09-17,27.41,app,delivery,completed
ORD-0196123,R-0447,2025-09-29,13.89,web,delivery,completed
ORD-0196124,R-0447,2025-09-25,23.86,web,pickup,Completed
ORD-0196125,R-0447,2025-09-27,25.21,web,pickup,completed
ORD-0196126,R-0447,2025-09-18,21.29,app,delivery,completed
ORD-0196127,R-0447,2025-09-06,20.45,app,pickup,Completed
ORD-0196128,R-0447,2025-09-17,31.50,app,delivery,COMPLETED
ORD-0196129,R-0447,2025-09-10,17.56,web,delivery,completed
ORD-0196130,R-0447,2025-09-03,16.37,web,delivery,COMPLETED
ORD-0196131,R-0447,2025-09-24,12.36,app,delivery,completed
ORD-0196132,R-0447,2025-09-27,30.57,web,pickup,completed
ORD-0196133,R-0447,2025-09-07,34.28,app,delivery,completed
ORD-0196134,R-0447,2025-09-06,87.06,app,delivery,completed
ORD-0196135,R-0447,2025-09-14,13.40,app,delivery,completed
ORD-0196136,R-0447,2025-09-27,23.97,app,delivery,completed
ORD-0196137,R-0447,2025-09-05,17.06,app,pickup,completed
ORD-0196138,R-0447,2025-09-20,39.20,app,delivery,completed
ORD-0196139,R-0447,2025-09-04,19.20,app,delivery,completed
ORD-0196140,R-0447,2025-09-14,21.17,app,delivery,completed
ORD-0196141,R-0447,2025-09-27,32.44,web,delivery,completed
ORD-0196142,R-0447,2025-09-04,14.95,web,delivery,completed
ORD-0196143,R-0447,2025-09-04,9.92,app,delivery,completed
ORD-0196144,R-0447,2025-09-06,33.29,app,pickup,completed
ORD-0196145,R-0447,2025-09-05,22.88,app,delivery,completed
ORD-0196146,R-0447,2025-09-27,21.53,app,delivery,Completed
ORD-0196147,R-0447,2025-09-03,13.35,web,delivery,completed
ORD-0196148,R-0447,2025-09-22,24.48,app,delivery,completed
ORD-0196149,R-0447,2025-09-12,17.47,app,delivery,completed
ORD-0196150,R-0447,2025-09-02,23.26,app,pickup,completed
ORD-0196151,R-0447,2025-09-02,29.11,app,delivery,completed
ORD-0196152,R-0447,2025-09-14,20.99,app,delivery,completed
ORD-0196153,R-0447,2025-09-13,20.42,web,delivery,completed
ORD-0196154,R-0447,2025-09-29,34.86,app,pickup,completed
ORD-0196155,R-0447,2025-09-29,21.03,web,delivery,completed
ORD-0196156,R-0447,2025-09-04,22.03,app,delivery,completed
ORD-0196157,R-0447,2025-09-11,11.41,app,delivery,completed
ORD-0196158,R-0447,2025-09-16,10.03,app,pickup,completed
ORD-0196159,R-0447,2025-09-14,22.67,app,pickup,completed
ORD-0196160,R-0447,2025-09-16,19.48,app,delivery,Completed
ORD-0196161,R-0447,2025-09-09,19.08,web,delivery,completed
ORD-0196162,R-0447,2025-09-11,25.43,web,delivery,COMPLETED
ORD-0196163,R-0447,2025-09-10,24.39,app,pickup,Completed
ORD-0196164,R-0447,2025-09-15,18.32,app,delivery,completed
ORD-0196165,R-0447,2025-09-01,14.10,app,delivery,completed
ORD-0196166,R-0447,2025-09-14,29.95,web,delivery,completed
ORD-0196167,R-0447,2025-09-29,22.44,app,delivery,completed
ORD-0196168,R-0447,2025-09-29,26.97,web,pickup,completed
ORD-0196169,R-0447,2025-09-03,16.62,app,pickup,completed
ORD-0196170,R-0447,2025-09-14,18.28,app,delivery,completed
ORD-0196171,R-0447,2025-09-04,15.45,app,delivery,completed
ORD-0196172,R-0447,2025-09-27,17.45,app,pickup,completed
ORD-0196173,R-0447,2025-09-07,21.79,app,pickup,completed
ORD-0196174,R-0447,2025-09-12,20.22,web,pickup,cancelled
ORD-0196175,R-0447,2025-09-26,18.51,web,delivery,COMPLETED
ORD-0196176,R-0447,2025-09-02,13.43,app,pickup,completed
ORD-0196177,R-0447,2025-09-27,18.23,app,delivery,completed
ORD-0196178,R-0447,2025-09-17,37.92,web,pickup,completed
ORD-0196179,R-0447,2025-09-01,14.57,app,delivery,Completed
ORD-0196180,R-0447,2025-09-24,35.19,app,delivery,completed
ORD-0196181,R-0447,2025-09-20,15.09,app,delivery,completed
ORD-0196182,R-0447,2025-09-25,33.55,web,delivery,completed
ORD-0196183,R-0447,2025-09-13,29.36,app,pickup,COMPLETED
ORD-0196184,R-0447,2025-09-15,19.29,web,delivery,completed
ORD-0196185,R-0447,2025-09-26,19.72,app,delivery,completed
ORD-0196186,R-0447,2025-09-26,50.05,web,delivery,completed
ORD-0196187,R-0447,2025-09-18,9.81,app,delivery,completed
ORD-0196188,R-0447,2025-09-03,10.72,web,delivery,completed
ORD-0196189,R-0447,2025-09-20,19.40,web,delivery,completed
ORD-0196190,R-0447,2025-09-13,14.99,app,delivery,completed
ORD-0196191,R-0447,2025-09-20,24.09,web,delivery,completed
ORD-0196192,R-0447,2025-09-09,13.42,app,delivery,completed
ORD-0196193,R-0447,2025-09-07,20.67,app,delivery,completed
ORD-0196194,R-0447,2025-09-09,15.41,app,delivery,completed
ORD-0196195,R-0447,2025-09-04,25.51,app,pickup,completed
ORD-0196196,R-0447,2025-09-06,37.93,web,delivery,completed
ORD-0196197,R-0447,2025-09-09,28.57,web,delivery,completed
ORD-0196198,R-0447,2025-09-21,16.40,app,delivery,completed
ORD-0196199,R-0447,2025-09-07,12.55,web,delivery,completed
ORD-0196200,R-0447,2025-09-26,29.85,app,delivery,completed
ORD-0196201,R-0447,2025-09-17,18.53,app,delivery,completed
ORD-0196202,R-0447,2025-09-13,34.78,app,delivery,completed
ORD-0196203,R-0447,2025-09-05,23.40,app,delivery,completed
ORD-0196204,R-0447,2025-09-25,16.98,app,delivery,completed
ORD-0196205,R-0447,2025-09-22,25.76,app,delivery,completed
ORD-0196206,R-0447,2025-09-18,27.90,app,delivery,completed
ORD-0196207,R-0447,2025-09-05,22.48,web,delivery,completed
ORD-0196208,R-0447,2025-09-09,26.87,app,delivery,completed
ORD-0199276,R-0450,2025-09-19,19.28,web,delivery,completed
ORD-0199277,R-0450,2025-09-21,11.02,web,pickup,cancelled
ORD-0199278,R-0450,2025-09-28,22.58,web,delivery,completed
ORD-0199279,R-0450,2025-09-19,18.34,web,delivery,completed
ORD-0199280,R-0450,2025-09-22,22.67,web,delivery,completed
ORD-0199281,R-0450,2025-09-24,30.50,web,delivery,COMPLETED
ORD-0199282,R-0450,2025-09-21,39.35,app,pickup,COMPLETED
ORD-0199283,R-0450,2025-09-17,30.81,app,delivery,completed
ORD-0199284,R-0450,2025-09-24,20.15,app,delivery,completed
ORD-0199285,R-0450,2025-09-19,52.49,app,delivery,completed
ORD-0199629,R-0451,2025-09-09,74.04,app,pickup,refunded
ORD-0199630,R-0451,2025-09-01,46.63,app,delivery,completed
ORD-0199631,R-0451,2025-09-12,82.97,app,pickup,completed
ORD-0199632,R-0451,2025-09-10,26.98,app,pickup,completed
ORD-0199633,R-0451,2025-09-02,33.89,app,pickup,completed
ORD-0199634,R-0451,2025-09-14,37.68,app,delivery,completed
ORD-0199635,R-0451,2025-09-06,42.44,app,pickup,completed
ORD-0199636,R-0451,2025-09-04,25.19,web,delivery,completed
ORD-0199637,R-0451,2025-09-12,16.73,app,delivery,completed
ORD-0199638,R-0451,2025-09-15,41.29,app,pickup,completed
ORD-0199639,R-0451,2025-09-12,40.34,app,pickup,completed
ORD-0199640,R-0451,2025-09-21,64.58,app,pickup,completed
ORD-0199641,R-0451,2025-09-13,38.05,web,delivery,completed
ORD-0199642,R-0451,2025-09-29,31.90,app,delivery,completed
ORD-0199643,R-0451,2025-09-24,24.61,web,delivery,COMPLETED
ORD-0199644,R-0451,2025-09-06,36.14,app,delivery,completed
ORD-0199645,R-0451,2025-09-14,23.91,app,pickup,completed
ORD-0199646,R-0451,2025-09-19,19.83,app,pickup,completed
ORD-0199647,R-0451,2025-09-05,24.97,web,pickup,completed
ORD-0199648,R-0451,2025-09-16,23.58,app,delivery,completed
ORD-0199649,R-0451,2025-09-21,28.59,web,pickup,Completed
ORD-0199650,R-0451,2025-09-24,77.24,app,pickup,completed
ORD-0199651,R-0451,2025-09-06,30.68,app,pickup,completed
ORD-0199652,R-0451,2025-09-28,47.32,web,pickup,completed
ORD-0199653,R-0451,2025-09-15,13.92,app,delivery,COMPLETED
ORD-0199654,R-0451,2025-09-07,25.28,web,pickup,completed
ORD-0199655,R-0451,2025-09-19,19.90,web,pickup,completed
ORD-0199656,R-0451,2025-09-05,43.40,app,pickup,completed
ORD-0199657,R-0451,2025-09-29,32.79,web,pickup,completed
ORD-0199658,R-0451,2025-09-11,19.67,app,pickup,completed
ORD-0199659,R-0451,2025-09-14,28.56,web,pickup,COMPLETED
ORD-0199660,R-0451,2025-09-07,49.57,app,pickup,completed
ORD-0199661,R-0451,2025-09-01,28.52,app,pickup,completed
ORD-0199662,R-0451,2025-09-27,44.66,app,pickup,completed
ORD-0199663,R-0451,2025-09-05,11.73,web,pickup,cancelled
ORD-0199664,R-0451,2025-09-08,38.02,app,delivery,COMPLETED
ORD-0199665,R-0451,2025-09-09,30.27,app,delivery,completed
ORD-0199666,R-0451,2025-09-19,30.03,app,delivery,Completed
ORD-0199667,R-0451,2025-09-08,38.03,app,delivery,completed
ORD-0199668,R-0451,2025-09-18,29.83,app,delivery,completed
ORD-0199669,R-0451,2025-09-30,54.25,app,delivery,completed
ORD-0199670,R-0451,2025-09-26,28.77,web,delivery,COMPLETED
ORD-0199671,R-0451,2025-09-03,40.82,app,delivery,completed
ORD-0199672,R-0451,2025-09-10,27.90,web,pickup,completed
ORD-0199673,R-0451,2025-09-17,26.24,app,delivery,cancelled
ORD-0199674,R-0451,2025-09-22,23.34,app,delivery,completed
ORD-0199675,R-0451,2025-09-20,55.83,app,pickup,cancelled
ORD-0199676,R-0451,2025-09-23,30.76,web,pickup,completed
ORD-0199677,R-0451,2025-09-11,48.59,web,pickup,cancelled
ORD-0199678,R-0451,2025-09-18,22.15,app,pickup,completed
ORD-0199679,R-0451,2025-09-07,38.79,web,delivery,Completed
ORD-0199680,R-0451,2025-09-02,17.55,app,pickup,completed
ORD-0199681,R-0451,2025-09-26,34.77,web,delivery,Completed
ORD-0199682,R-0451,2025-09-12,70.32,app,delivery,completed
ORD-0199683,R-0451,2025-09-20,46.01,web,pickup,completed
ORD-0199684,R-0451,2025-09-29,42.06,web,delivery,Completed
ORD-0199685,R-0451,2025-09-27,37.41,web,pickup,completed
ORD-0199686,R-0451,2025-09-27,35.82,web,delivery,completed
ORD-0199687,R-0451,2025-09-26,32.59,app,delivery,completed
ORD-0199688,R-0451,2025-09-02,57.21,web,delivery,completed
ORD-0199689,R-0451,2025-09-06,28.41,web,pickup,Completed
ORD-0199690,R-0451,2025-09-13,97.41,web,pickup,completed
ORD-0199691,R-0451,2025-09-30,22.63,web,delivery,COMPLETED
ORD-0199692,R-0451,2025-09-08,56.39,web,pickup,completed
ORD-0199693,R-0451,2025-09-25,32.79,app,delivery,completed
ORD-0199694,R-0451,2025-09-10,28.97,app,pickup,completed
ORD-0199695,R-0451,2025-09-27,24.45,app,pickup,completed
ORD-0199696,R-0451,2025-09-14,14.42,app,pickup,completed
ORD-0199697,R-0451,2025-09-05,54.79,app,delivery,completed
ORD-0199698,R-0451,2025-09-26,26.91,app,delivery,completed
ORD-0199699,R-0451,2025-09-26,43.28,app,pickup,cancelled
ORD-0199700,R-0451,2025-09-01,41.58,app,delivery,completed
ORD-0199701,R-0451,2025-09-13,25.53,web,pickup,completed
ORD-0199702,R-0451,2025-09-26,43.44,app,pickup,completed
ORD-0199703,R-0451,2025-09-16,20.22,web,pickup,completed
ORD-0199704,R-0451,2025-09-08,69.93,web,pickup,completed
ORD-0199705,R-0451,2025-09-07,20.73,web,delivery,completed
ORD-0199706,R-0451,2025-09-19,45.09,web,pickup,completed
ORD-0199707,R-0451,2025-09-28,31.31,app,pickup,Completed
ORD-0199708,R-0451,2025-09-01,23.34,web,pickup,completed
ORD-0199709,R-0451,2025-09-07,21.38,app,pickup,completed
ORD-0199710,R-0451,2025-09-17,31.35,web,pickup,completed
ORD-0199711,R-0451,2025-09-02,124.57,app,delivery,COMPLETED
ORD-0199712,R-0451,2025-09-29,29.07,app,pickup,completed
ORD-0199713,R-0451,2025-09-19,27.89,app,delivery,completed
ORD-0199714,R-0451,2025-09-09,25.26,web,delivery,completed
ORD-0199715,R-0451,2025-09-18,14.51,app,delivery,completed
ORD-0199716,R-0451,2025-09-22,41.41,app,pickup,completed
ORD-0199717,R-0451,2025-09-19,33.97,web,pickup,cancelled
ORD-0199718,R-0451,2025-09-25,50.17,app,delivery,refunded
ORD-0199719,R-0451,2025-09-08,33.00,app,delivery,completed
ORD-0199720,R-0451,2025-09-27,15.26,app,pickup,Completed
ORD-0199721,R-0451,2025-09-10,21.73,app,pickup,completed
ORD-0199722,R-0451,2025-09-05,18.85,app,pickup,completed
ORD-0199723,R-0451,2025-09-01,37.80,web,pickup,Completed
ORD-0199724,R-0451,2025-09-20,20.46,app,pickup,completed
ORD-0199725,R-0451,2025-09-17,30.41,app,pickup,completed
ORD-0199726,R-0451,2025-09-24,64.33,app,pickup,COMPLETED
ORD-0199727,R-0451,2025-09-20,24.53,app,delivery,completed
ORD-0199728,R-0451,2025-09-23,23.82,web,pickup,completed
ORD-0199729,R-0451,2025-09-26,80.80,app,pickup,completed
ORD-0199730,R-0451,2025-09-26,47.91,app,pickup,COMPLETED
ORD-0199731,R-0451,2025-09-13,19.60,app,pickup,completed
ORD-0199732,R-0451,2025-09-05,12.79,app,pickup,completed
ORD-0199733,R-0451,2025-09-14,24.31,app,pickup,completed
ORD-0199734,R-0451,2025-09-18,19.95,web,pickup,completed
ORD-0199735,R-0451,2025-09-20,125.04,app,pickup,completed
ORD-0199736,R-0451,2025-09-23,31.56,app,pickup,completed
ORD-0199737,R-0451,2025-09-27,42.92,app,pickup,COMPLETED
ORD-0199738,R-0451,2025-09-25,30.15,app,delivery,COMPLETED
ORD-0200901,R-0453,2025-09-21,59.38,app,delivery,completed
ORD-0200902,R-0453,2025-09-19,73.15,app,pickup,Completed
ORD-0200903,R-0453,2025-09-16,86.69,app,delivery,completed
ORD-0200904,R-0453,2025-09-30,58.07,web,pickup,completed
ORD-0200905,R-0453,2025-09-24,122.41,app,pickup,completed
ORD-0200906,R-0453,2025-09-20,84.97,app,delivery,completed
ORD-0200907,R-0453,2025-09-26,125.98,web,pickup,completed
ORD-0200908,R-0453,2025-09-14,119.58,web,pickup,completed
ORD-0200909,R-0453,2025-09-12,50.93,app,pickup,Completed
ORD-0200910,R-0453,2025-09-13,85.23,app,pickup,completed
ORD-0200911,R-0453,2025-09-22,51.20,web,pickup,Completed
ORD-0200912,R-0453,2025-09-13,42.22,app,pickup,Completed
ORD-0200913,R-0453,2025-09-23,33.42,app,delivery,completed
ORD-0201405,R-0454,2025-09-01,25.47,web,delivery,COMPLETED
ORD-0201406,R-0454,2025-09-02,28.71,app,pickup,completed
ORD-0201407,R-0454,2025-09-21,39.51,app,pickup,completed
ORD-0201408,R-0454,2025-09-29,31.45,app,pickup,completed
ORD-0201409,R-0454,2025-09-19,28.49,web,delivery,completed
ORD-0201410,R-0454,2025-09-01,39.43,app,pickup,Completed
ORD-0201411,R-0454,2025-09-08,37.19,app,pickup,completed
ORD-0201412,R-0454,2025-09-14,42.40,web,delivery,completed
ORD-0201413,R-0454,2025-09-03,33.43,app,delivery,completed
ORD-0201414,R-0454,2025-09-12,31.39,web,delivery,COMPLETED
ORD-0201415,R-0454,2025-09-22,36.41,web,delivery,completed
ORD-0201416,R-0454,2025-09-22,21.24,web,delivery,completed
ORD-0201417,R-0454,2025-09-20,17.76,app,pickup,completed
ORD-0201418,R-0454,2025-09-19,35.25,web,delivery,completed
ORD-0201419,R-0454,2025-09-07,27.96,app,pickup,completed
ORD-0201420,R-0454,2025-09-23,14.50,app,pickup,completed
ORD-0201421,R-0454,2025-09-14,40.85,app,delivery,completed
ORD-0201422,R-0454,2025-09-26,44.02,app,pickup,completed
ORD-0201423,R-0454,2025-09-19,27.17,app,delivery,completed
ORD-0201424,R-0454,2025-09-23,28.37,app,delivery,completed
ORD-0201425,R-0454,2025-09-22,26.67,web,delivery,completed
ORD-0201426,R-0454,2025-09-18,22.36,app,delivery,Completed
ORD-0201427,R-0454,2025-09-04,20.03,web,delivery,completed
ORD-0201428,R-0454,2025-09-20,36.42,app,delivery,completed
ORD-0201429,R-0454,2025-09-05,21.34,app,pickup,completed
ORD-0201430,R-0454,2025-09-06,31.45,app,delivery,completed
ORD-0201431,R-0454,2025-09-14,23.66,app,pickup,completed
ORD-0201432,R-0454,2025-09-29,30.21,web,pickup,completed
ORD-0201433,R-0454,2025-09-11,25.99,app,delivery,completed
ORD-0201434,R-0454,2025-09-19,58.55,app,pickup,completed
ORD-0201435,R-0454,2025-09-03,30.47,app,delivery,completed
ORD-0201436,R-0454,2025-09-19,39.44,app,delivery,completed
ORD-0201437,R-0454,2025-09-27,32.41,web,delivery,COMPLETED
ORD-0201438,R-0454,2025-09-08,28.96,app,delivery,completed
ORD-0201439,R-0454,2025-09-19,34.42,app,delivery,completed
ORD-0201440,R-0454,2025-09-01,40.72,web,pickup,completed
ORD-0201441,R-0454,2025-09-26,25.72,web,delivery,COMPLETED
ORD-0201442,R-0454,2025-09-05,37.64,web,delivery,completed
ORD-0201443,R-0454,2025-09-26,30.21,app,delivery,completed
ORD-0201444,R-0454,2025-09-27,38.31,web,pickup,completed
ORD-0201445,R-0454,2025-09-25,25.64,app,delivery,completed
ORD-0201446,R-0454,2025-09-22,26.53,web,delivery,completed
ORD-0201447,R-0454,2025-09-27,21.82,app,delivery,Completed
ORD-0201448,R-0454,2025-09-21,20.88,app,delivery,completed
ORD-0201449,R-0454,2025-09-13,26.36,app,delivery,completed
ORD-0201450,R-0454,2025-09-24,36.40,app,pickup,completed
ORD-0201451,R-0454,2025-09-17,24.36,web,pickup,completed
ORD-0201452,R-0454,2025-09-29,30.13,app,delivery,completed
ORD-0201453,R-0454,2025-09-17,60.08,app,pickup,completed
ORD-0202278,R-0455,2025-09-28,21.48,app,delivery,completed
ORD-0202279,R-0455,2025-09-30,27.67,app,delivery,completed
ORD-0202280,R-0455,2025-09-27,33.64,app,delivery,completed
ORD-0202281,R-0455,2025-09-27,24.66,app,delivery,completed
ORD-0202282,R-0455,2025-09-27,24.47,app,delivery,completed
ORD-0206052,R-0464,2025-09-19,74.14,web,delivery,completed
ORD-0206053,R-0464,2025-09-03,97.42,web,pickup,completed
ORD-0206054,R-0464,2025-09-07,43.59,web,delivery,completed
ORD-0206055,R-0464,2025-09-28,52.52,app,pickup,completed
ORD-0206056,R-0464,2025-09-14,42.40,web,delivery,cancelled
ORD-0206057,R-0464,2025-09-07,53.95,app,delivery,Completed
ORD-0206058,R-0464,2025-09-10,53.17,web,pickup,completed
ORD-0206059,R-0464,2025-09-27,26.24,app,delivery,completed
ORD-0206060,R-0464,2025-09-28,34.89,app,pickup,completed
ORD-0206061,R-0464,2025-09-15,61.91,web,delivery,COMPLETED
ORD-0206062,R-0464,2025-09-06,23.17,app,delivery,completed
ORD-0206063,R-0464,2025-09-07,87.06,web,delivery,completed
ORD-0206064,R-0464,2025-09-18,23.54,web,pickup,completed
ORD-0206065,R-0464,2025-09-09,72.61,web,delivery,completed
ORD-0206066,R-0464,2025-09-25,106.30,web,delivery,completed
ORD-0206067,R-0464,2025-09-22,53.20,app,delivery,completed
ORD-0206068,R-0464,2025-09-06,22.08,web,delivery,completed
ORD-0206069,R-0464,2025-09-16,95.94,web,delivery,completed
ORD-0206070,R-0464,2025-09-20,51.84,app,delivery,completed
ORD-0206071,R-0464,2025-09-24,67.00,web,pickup,completed
ORD-0206072,R-0464,2025-09-13,38.99,app,pickup,completed
ORD-0206073,R-0464,2025-09-12,73.10,app,pickup,completed
ORD-0206074,R-0464,2025-09-07,55.21,web,delivery,completed
ORD-0206075,R-0464,2025-09-14,61.82,app,delivery,completed
ORD-0206076,R-0464,2025-09-26,81.12,app,delivery,completed
ORD-0206077,R-0464,2025-09-14,44.14,web,pickup,completed
ORD-0206078,R-0464,2025-09-11,84.20,web,delivery,completed
ORD-0206079,R-0464,2025-09-19,35.30,app,delivery,completed
ORD-0206080,R-0464,2025-09-01,35.64,app,delivery,completed
ORD-0206081,R-0464,2025-09-13,34.64,app,pickup,completed
ORD-0206082,R-0464,2025-09-30,29.53,app,delivery,completed
ORD-0206790,R-0466,2025-09-09,21.95,web,delivery,completed
ORD-0206791,R-0466,2025-09-26,18.45,web,delivery,Completed
ORD-0206792,R-0466,2025-09-13,21.80,web,delivery,completed
ORD-0206793,R-0466,2025-09-23,23.70,web,delivery,completed
ORD-0206794,R-0466,2025-09-05,20.34,web,delivery,completed
ORD-0206795,R-0466,2025-09-14,26.71,app,delivery,completed
ORD-0206796,R-0466,2025-09-05,28.43,app,delivery,COMPLETED
ORD-0206797,R-0466,2025-09-29,22.45,web,delivery,completed
ORD-0206798,R-0466,2025-09-07,21.34,web,delivery,completed
ORD-0206799,R-0466,2025-09-26,25.70,web,pickup,COMPLETED
ORD-0206800,R-0466,2025-09-23,18.51,web,delivery,completed
ORD-0206801,R-0466,2025-09-19,18.70,web,delivery,completed
ORD-0206802,R-0466,2025-09-13,30.47,web,delivery,completed
ORD-0206803,R-0466,2025-09-20,22.17,app,delivery,completed
ORD-0206804,R-0466,2025-09-27,15.11,web,delivery,completed
ORD-0206805,R-0466,2025-09-13,19.89,web,delivery,completed
ORD-0206806,R-0466,2025-09-04,18.36,app,delivery,COMPLETED
ORD-0206807,R-0466,2025-09-09,18.75,app,pickup,COMPLETED
ORD-0206808,R-0466,2025-09-13,27.58,web,delivery,completed
ORD-0206809,R-0466,2025-09-27,21.52,app,pickup,completed
ORD-0206810,R-0466,2025-09-30,21.22,web,delivery,completed
ORD-0206811,R-0466,2025-09-06,27.71,web,delivery,completed
ORD-0206812,R-0466,2025-09-26,27.19,web,pickup,completed
ORD-0206813,R-0466,2025-09-27,19.69,web,delivery,Completed
ORD-0206814,R-0466,2025-09-07,24.96,web,delivery,completed
ORD-0206815,R-0466,2025-09-06,20.87,web,delivery,completed
ORD-0206816,R-0466,2025-09-01,26.72,web,delivery,COMPLETED
ORD-0206817,R-0466,2025-09-13,32.00,app,delivery,completed
ORD-0206818,R-0466,2025-09-14,23.55,web,delivery,completed
ORD-0206819,R-0466,2025-09-06,24.06,app,delivery,completed
ORD-0206820,R-0466,2025-09-13,20.45,web,pickup,completed
ORD-0206821,R-0466,2025-09-02,19.22,web,delivery,completed
ORD-0206822,R-0466,2025-09-20,26.33,web,delivery,completed
ORD-0206823,R-0466,2025-09-14,48.65,web,delivery,completed
ORD-0206824,R-0466,2025-09-05,22.41,web,pickup,completed
ORD-0206825,R-0466,2025-09-06,31.36,app,delivery,completed
ORD-0206826,R-0466,2025-09-17,14.80,web,delivery,completed
ORD-0206827,R-0466,2025-09-26,18.95,web,pickup,completed
ORD-0206828,R-0466,2025-09-16,29.46,web,pickup,completed
ORD-0206829,R-0466,2025-09-07,42.84,web,delivery,completed
ORD-0206830,R-0466,2025-09-05,34.70,app,delivery,completed
ORD-0206831,R-0466,2025-09-18,25.99,web,delivery,completed
ORD-0206832,R-0466,2025-09-28,28.32,web,pickup,completed
ORD-0206833,R-0466,2025-09-13,23.81,app,delivery,completed
ORD-0206834,R-0466,2025-09-15,22.86,web,delivery,COMPLETED
ORD-0206835,R-0466,2025-09-01,22.75,web,delivery,completed
ORD-0206836,R-0466,2025-09-27,38.69,web,delivery,completed
ORD-0206837,R-0466,2025-09-23,24.55,web,delivery,completed
ORD-0206838,R-0466,2025-09-13,29.08,app,delivery,completed
ORD-0206839,R-0466,2025-09-21,24.80,web,delivery,completed
ORD-0206840,R-0466,2025-09-17,33.22,web,delivery,Completed
ORD-0206841,R-0466,2025-09-09,20.04,web,delivery,completed
ORD-0206842,R-0466,2025-09-05,22.13,web,delivery,completed
ORD-0206843,R-0466,2025-09-12,24.77,web,delivery,Completed
ORD-0206844,R-0466,2025-09-11,29.91,web,delivery,completed
ORD-0206845,R-0466,2025-09-03,25.11,web,delivery,completed
ORD-0207115,R-0468,2025-09-12,37.08,web,delivery,cancelled
ORD-0207116,R-0468,2025-09-23,28.99,web,pickup,COMPLETED
ORD-0208102,R-0472,2025-09-30,25.66,app,delivery,completed
ORD-0208103,R-0472,2025-09-27,33.85,app,delivery,completed
ORD-0208104,R-0472,2025-09-06,38.57,web,delivery,completed
ORD-0208105,R-0472,2025-09-26,66.89,web,delivery,completed
ORD-0208106,R-0472,2025-09-06,22.38,web,delivery,completed
ORD-0208107,R-0472,2025-09-01,12.15,web,delivery,completed
ORD-0208108,R-0472,2025-09-26,23.69,app,delivery,completed
ORD-0208109,R-0472,2025-09-16,47.85,web,pickup,completed
ORD-0208110,R-0472,2025-09-26,28.03,app,delivery,COMPLETED
ORD-0208111,R-0472,2025-09-20,57.29,app,pickup,completed
ORD-0208112,R-0472,2025-09-05,29.68,web,delivery,completed
ORD-0208113,R-0472,2025-09-16,11.68,web,delivery,completed
ORD-0208114,R-0472,2025-09-30,24.27,web,delivery,completed
ORD-0208115,R-0472,2025-09-16,34.25,app,pickup,completed
ORD-0208116,R-0472,2025-09-25,28.33,web,delivery,refunded
ORD-0208117,R-0472,2025-09-28,21.70,app,delivery,refunded
ORD-0208118,R-0472,2025-09-20,60.12,app,delivery,completed
ORD-0208119,R-0472,2025-09-07,48.74,app,pickup,completed
ORD-0208120,R-0472,2025-09-11,34.46,web,delivery,cancelled
ORD-0208121,R-0472,2025-09-26,21.94,app,pickup,completed
ORD-0208122,R-0472,2025-09-24,21.99,web,delivery,completed
ORD-0208123,R-0472,2025-09-05,30.73,web,delivery,completed
ORD-0208124,R-0472,2025-09-06,35.80,web,delivery,completed
ORD-0208125,R-0472,2025-09-06,60.53,web,delivery,completed
ORD-0208126,R-0472,2025-09-30,33.84,web,pickup,Completed
ORD-0208127,R-0472,2025-09-06,36.83,app,delivery,Completed
ORD-0208128,R-0472,2025-09-01,25.26,web,pickup,completed
ORD-0208129,R-0472,2025-09-10,17.11,app,delivery,completed
ORD-0208130,R-0472,2025-09-23,8.46,web,delivery,Completed
ORD-0208131,R-0472,2025-09-07,75.15,web,pickup,completed
ORD-0208132,R-0472,2025-09-28,25.51,app,delivery,completed
ORD-0208133,R-0472,2025-09-06,28.62,web,delivery,completed
ORD-0208134,R-0472,2025-09-25,18.67,app,delivery,completed
ORD-0208135,R-0472,2025-09-02,34.55,app,delivery,completed
ORD-0208136,R-0472,2025-09-29,36.93,app,delivery,completed
ORD-0208137,R-0472,2025-09-20,52.40,web,delivery,completed
ORD-0208138,R-0472,2025-09-27,29.15,web,delivery,cancelled
ORD-0208139,R-0472,2025-09-21,22.27,app,pickup,completed
ORD-0208140,R-0472,2025-09-28,27.22,web,pickup,completed
ORD-0208141,R-0472,2025-09-13,36.20,web,pickup,completed
ORD-0208142,R-0472,2025-09-11,36.96,web,pickup,completed
ORD-0208143,R-0472,2025-09-05,27.98,web,pickup,completed
ORD-0208144,R-0472,2025-09-26,37.55,web,delivery,completed
ORD-0208145,R-0472,2025-09-20,26.86,web,delivery,completed
ORD-0208146,R-0472,2025-09-25,38.12,web,delivery,completed
ORD-0208147,R-0472,2025-09-13,19.52,web,delivery,completed
ORD-0208148,R-0472,2025-09-01,14.81,app,delivery,completed
ORD-0208149,R-0472,2025-09-04,15.33,app,delivery,completed
ORD-0208150,R-0472,2025-09-04,25.31,app,delivery,completed
ORD-0208151,R-0472,2025-09-05,24.50,web,delivery,completed
ORD-0208152,R-0472,2025-09-03,11.02,web,delivery,COMPLETED
ORD-0208153,R-0472,2025-09-27,32.34,app,delivery,completed
ORD-0208154,R-0472,2025-09-19,16.37,app,pickup,completed
ORD-0208155,R-0472,2025-09-24,29.18,app,delivery,completed
ORD-0208156,R-0472,2025-09-18,70.75,web,delivery,completed
ORD-0208157,R-0472,2025-09-12,39.06,web,delivery,completed
ORD-0208158,R-0472,2025-09-13,27.38,web,pickup,completed
ORD-0208159,R-0472,2025-09-29,13.39,app,delivery,completed
ORD-0208160,R-0472,2025-09-15,26.25,web,delivery,completed
ORD-0208161,R-0472,2025-09-11,16.92,app,delivery,COMPLETED
ORD-0208162,R-0472,2025-09-21,24.66,web,delivery,completed
ORD-0208163,R-0472,2025-09-02,49.07,app,delivery,completed
ORD-0208164,R-0472,2025-09-11,30.89,app,delivery,completed
ORD-0208165,R-0472,2025-09-27,17.27,web,pickup,completed
ORD-0208166,R-0472,2025-09-06,15.93,web,delivery,completed
ORD-0208167,R-0472,2025-09-05,26.35,app,delivery,completed
ORD-0208168,R-0472,2025-09-19,31.78,app,delivery,completed
ORD-0208169,R-0472,2025-09-06,9.05,web,delivery,completed
ORD-0208170,R-0472,2025-09-06,17.32,web,pickup,completed
ORD-0208171,R-0472,2025-09-13,13.25,app,delivery,completed
ORD-0208172,R-0472,2025-09-06,16.45,app,pickup,cancelled
ORD-0208173,R-0472,2025-09-02,32.92,web,delivery,completed
ORD-0208174,R-0472,2025-09-06,35.99,app,pickup,completed
ORD-0208175,R-0472,2025-09-02,8.69,web,pickup,completed
ORD-0208176,R-0472,2025-09-27,37.60,app,pickup,COMPLETED
ORD-0208177,R-0472,2025-09-14,72.78,app,pickup,completed
ORD-0208178,R-0472,2025-09-07,22.73,app,delivery,completed
ORD-0208179,R-0472,2025-09-14,31.79,web,delivery,completed
ORD-0208180,R-0472,2025-09-27,71.88,app,delivery,completed
ORD-0208181,R-0472,2025-09-27,20.18,web,delivery,completed
ORD-0208182,R-0472,2025-09-21,18.36,app,pickup,completed
ORD-0208183,R-0472,2025-09-23,24.09,app,pickup,COMPLETED
ORD-0208184,R-0472,2025-09-25,15.66,web,delivery,completed
ORD-0208185,R-0472,2025-09-19,40.46,web,pickup,completed
ORD-0208186,R-0472,2025-09-11,35.41,app,delivery,completed
ORD-0208187,R-0472,2025-09-05,21.16,web,delivery,completed
ORD-0212243,R-0487,2025-09-12,22.37,app,delivery,completed
ORD-0212244,R-0487,2025-09-20,28.62,web,pickup,completed
ORD-0212245,R-0487,2025-09-06,21.64,app,pickup,completed
ORD-0212246,R-0487,2025-09-27,25.24,web,pickup,completed
ORD-0212247,R-0487,2025-09-02,23.36,app,pickup,COMPLETED
ORD-0212248,R-0487,2025-09-18,26.82,app,pickup,completed
ORD-0212249,R-0487,2025-09-26,35.55,web,delivery,completed
ORD-0212250,R-0487,2025-09-20,38.80,app,delivery,completed
ORD-0212251,R-0487,2025-09-29,29.10,web,pickup,completed
ORD-0212252,R-0487,2025-09-30,72.17,app,delivery,completed
ORD-0212253,R-0487,2025-09-20,17.09,app,pickup,completed
ORD-0212254,R-0487,2025-09-18,24.80,web,delivery,completed
ORD-0212255,R-0487,2025-09-15,28.08,web,delivery,completed
ORD-0212256,R-0487,2025-09-04,38.44,app,pickup,completed
ORD-0212257,R-0487,2025-09-15,41.14,web,delivery,completed
ORD-0212258,R-0487,2025-09-26,20.68,web,pickup,completed
ORD-0212259,R-0487,2025-09-17,31.64,app,delivery,completed
ORD-0212260,R-0487,2025-09-21,65.72,app,delivery,completed
ORD-0212261,R-0487,2025-09-08,30.27,app,pickup,completed
ORD-0212262,R-0487,2025-09-07,36.18,web,pickup,completed
ORD-0212263,R-0487,2025-09-07,60.70,web,pickup,completed
ORD-0212264,R-0487,2025-09-07,50.06,app,delivery,completed
ORD-0212265,R-0487,2025-09-30,16.16,web,delivery,completed
ORD-0212266,R-0487,2025-09-04,38.41,web,delivery,completed
ORD-0212267,R-0487,2025-09-13,32.47,web,delivery,completed
ORD-0212268,R-0487,2025-09-08,20.43,app,pickup,COMPLETED
ORD-0212269,R-0487,2025-09-28,35.84,web,delivery,completed
ORD-0212270,R-0487,2025-09-17,19.78,app,delivery,completed
ORD-0212271,R-0487,2025-09-04,40.58,app,delivery,completed
ORD-0212585,R-0488,2025-09-22,35.76,web,delivery,completed
ORD-0212586,R-0488,2025-09-12,29.52,app,pickup,completed
ORD-0212587,R-0488,2025-09-22,24.10,app,delivery,Completed
ORD-0212588,R-0488,2025-09-17,24.12,app,pickup,COMPLETED
ORD-0212589,R-0488,2025-09-21,38.36,app,pickup,completed
ORD-0212590,R-0488,2025-09-27,39.20,web,delivery,completed
ORD-0212591,R-0488,2025-09-01,43.79,web,pickup,completed
ORD-0212592,R-0488,2025-09-29,35.93,web,delivery,completed
ORD-0212593,R-0488,2025-09-10,26.66,app,delivery,completed
ORD-0212594,R-0488,2025-09-11,36.58,app,delivery,completed
ORD-0212595,R-0488,2025-09-12,33.02,app,delivery,completed
ORD-0212596,R-0488,2025-09-21,18.63,app,delivery,completed
ORD-0212597,R-0488,2025-09-29,39.42,app,delivery,completed
ORD-0212598,R-0488,2025-09-05,28.10,web,pickup,completed
ORD-0212599,R-0488,2025-09-07,29.07,web,pickup,completed
ORD-0212600,R-0488,2025-09-04,28.75,web,delivery,completed
ORD-0212601,R-0488,2025-09-30,31.83,web,pickup,completed
ORD-0212602,R-0488,2025-09-13,26.69,app,delivery,completed
ORD-0212603,R-0488,2025-09-09,31.68,web,pickup,completed
ORD-0212604,R-0488,2025-09-12,23.54,app,delivery,completed
ORD-0212605,R-0488,2025-09-20,33.49,app,pickup,completed
ORD-0212606,R-0488,2025-09-08,17.57,app,delivery,Completed
ORD-0212607,R-0488,2025-09-15,34.37,web,delivery,completed
ORD-0212608,R-0488,2025-09-11,20.60,app,delivery,completed
ORD-0213684,R-0491,2025-09-19,33.99,app,pickup,completed
ORD-0213685,R-0491,2025-09-12,28.11,web,pickup,completed
ORD-0213686,R-0491,2025-09-21,10.87,app,pickup,completed
ORD-0213687,R-0491,2025-09-10,23.49,web,pickup,completed
ORD-0213688,R-0491,2025-09-30,17.34,app,pickup,completed
ORD-0213689,R-0491,2025-09-29,23.18,web,pickup,completed
ORD-0213690,R-0491,2025-09-06,15.82,app,pickup,completed
ORD-0213691,R-0491,2025-09-10,21.69,app,pickup,cancelled
ORD-0213692,R-0491,2025-09-17,21.25,app,pickup,Completed
ORD-0213693,R-0491,2025-09-30,20.06,app,pickup,completed
ORD-0213694,R-0491,2025-09-19,29.02,web,pickup,completed
ORD-0213695,R-0491,2025-09-05,22.96,app,pickup,completed
ORD-0213696,R-0491,2025-09-17,35.79,web,pickup,completed
ORD-0213697,R-0491,2025-09-19,38.30,app,pickup,completed
ORD-0213698,R-0491,2025-09-27,48.34,web,delivery,completed
ORD-0213699,R-0491,2025-09-19,30.19,app,pickup,completed
ORD-0213700,R-0491,2025-09-05,19.20,app,pickup,completed
ORD-0213701,R-0491,2025-09-12,27.44,app,pickup,completed
ORD-0213702,R-0491,2025-09-27,21.96,web,pickup,COMPLETED
ORD-0213703,R-0491,2025-09-19,37.16,app,pickup,completed
ORD-0213704,R-0491,2025-09-20,17.04,app,delivery,COMPLETED
ORD-0213705,R-0491,2025-09-04,27.16,app,pickup,completed
ORD-0213706,R-0491,2025-09-28,43.65,web,pickup,completed
ORD-0213707,R-0491,2025-09-12,30.58,app,pickup,completed
ORD-0213708,R-0491,2025-09-19,35.27,web,pickup,completed
ORD-0213709,R-0491,2025-09-29,26.39,app,pickup,REFUNDED
ORD-0213710,R-0491,2025-09-02,19.60,app,pickup,completed
ORD-0213711,R-0491,2025-09-28,26.84,app,pickup,completed
ORD-0213712,R-0491,2025-09-26,22.33,web,pickup,COMPLETED
ORD-0213713,R-0491,2025-09-13,22.40,app,pickup,completed
ORD-0213714,R-0491,2025-09-21,38.69,app,pickup,completed
ORD-0213715,R-0491,2025-09-27,20.32,web,pickup,completed
ORD-0213716,R-0491,2025-09-24,20.79,app,pickup,completed
ORD-0213717,R-0491,2025-09-13,24.27,web,pickup,COMPLETED
ORD-0213718,R-0491,2025-09-17,17.26,app,pickup,completed
ORD-0213719,R-0491,2025-09-10,23.22,web,pickup,Completed
ORD-0213720,R-0491,2025-09-10,39.80,app,delivery,Completed
ORD-0213721,R-0491,2025-09-24,17.42,app,pickup,completed
ORD-0213722,R-0491,2025-09-30,15.40,web,pickup,completed
ORD-0213723,R-0491,2025-09-01,20.82,app,pickup,completed
ORD-0213724,R-0491,2025-09-28,45.30,app,delivery,completed
ORD-0213725,R-0491,2025-09-14,20.27,web,pickup,completed
ORD-0213726,R-0491,2025-09-13,24.81,app,pickup,Completed
ORD-0213727,R-0491,2025-09-22,22.44,web,pickup,completed
ORD-0213728,R-0491,2025-09-27,27.24,web,delivery,completed
ORD-0213729,R-0491,2025-09-11,23.22,app,pickup,CANCELLED
ORD-0213730,R-0491,2025-09-15,39.38,web,pickup,completed
ORD-0213731,R-0491,2025-09-11,21.13,web,pickup,completed
ORD-0213732,R-0491,2025-09-21,29.04,web,pickup,completed
ORD-0213733,R-0491,2025-09-02,22.35,web,pickup,completed
ORD-0213734,R-0491,2025-09-21,23.13,app,pickup,Completed
ORD-0213735,R-0491,2025-09-12,45.74,app,delivery,completed
ORD-0213736,R-0491,2025-09-06,18.33,app,delivery,completed
ORD-0213737,R-0491,2025-09-03,41.56,app,delivery,completed
ORD-0213738,R-0491,2025-09-01,21.37,app,pickup,completed
ORD-0213739,R-0491,2025-09-14,30.25,app,pickup,completed
ORD-0213740,R-0491,2025-09-11,16.50,app,pickup,completed
ORD-0213741,R-0491,2025-09-23,23.21,app,pickup,completed
ORD-0213742,R-0491,2025-09-04,32.85,app,pickup,completed
ORD-0213743,R-0491,2025-09-21,21.01,web,pickup,completed
ORD-0215142,R-0495,2025-09-09,62.10,web,pickup,completed
ORD-0215143,R-0495,2025-09-05,63.64,web,pickup,completed
ORD-0215144,R-0495,2025-09-08,65.13,web,delivery,refunded
ORD-0215145,R-0495,2025-09-20,79.07,app,pickup,completed
ORD-0215146,R-0495,2025-09-19,61.65,web,pickup,COMPLETED
ORD-0215147,R-0495,2025-09-09,43.39,app,pickup,completed
ORD-0215148,R-0495,2025-09-14,91.92,app,delivery,completed
ORD-0215149,R-0495,2025-09-13,54.16,app,pickup,completed
ORD-0215150,R-0495,2025-09-20,51.00,app,pickup,completed
ORD-0215151,R-0495,2025-09-25,54.74,app,pickup,completed
ORD-0215152,R-0495,2025-09-23,28.16,app,pickup,completed
ORD-0215153,R-0495,2025-09-08,76.81,web,pickup,completed
ORD-0215154,R-0495,2025-09-27,60.56,web,pickup,cancelled
ORD-0215155,R-0495,2025-09-14,47.16,app,pickup,completed
ORD-0215156,R-0495,2025-09-16,41.50,app,pickup,COMPLETED
ORD-0215157,R-0495,2025-09-13,35.73,app,pickup,completed
ORD-0215158,R-0495,2025-09-27,48.44,app,pickup,completed
ORD-0215159,R-0495,2025-09-27,101.14,app,pickup,completed
ORD-0215160,R-0495,2025-09-26,60.96,app,pickup,completed
ORD-0215161,R-0495,2025-09-21,52.55,app,delivery,COMPLETED
ORD-0215162,R-0495,2025-09-30,85.65,web,pickup,completed
ORD-0215163,R-0495,2025-09-26,60.49,app,pickup,completed
ORD-0215164,R-0495,2025-09-13,64.64,app,delivery,completed
ORD-0215165,R-0495,2025-09-23,58.07,web,pickup,completed
ORD-0215166,R-0495,2025-09-08,35.17,app,pickup,completed
ORD-0215167,R-0495,2025-09-07,55.66,web,pickup,completed
ORD-0215168,R-0495,2025-09-06,43.99,app,pickup,COMPLETED
ORD-0215169,R-0495,2025-09-06,59.03,web,pickup,completed
ORD-0215170,R-0495,2025-09-07,56.70,web,pickup,COMPLETED
ORD-0216285,R-0501,2025-09-29,19.18,app,delivery,completed
ORD-0216286,R-0501,2025-09-30,16.98,web,delivery,cancelled
ORD-0216287,R-0501,2025-09-29,21.33,app,pickup,completed
ORD-0216288,R-0501,2025-09-30,21.64,web,delivery,completed
ORD-0217765,R-0502,2025-09-01,32.84,app,pickup,completed
ORD-0217766,R-0502,2025-09-20,22.58,app,pickup,completed
ORD-0217767,R-0502,2025-09-20,27.26,app,delivery,completed
ORD-0217768,R-0502,2025-09-11,19.15,web,delivery,completed
ORD-0217769,R-0502,2025-09-20,60.46,app,delivery,completed
ORD-0217770,R-0502,2025-09-14,41.59,app,delivery,completed
ORD-0217771,R-0502,2025-09-18,41.64,app,delivery,completed
ORD-0217772,R-0502,2025-09-26,37.99,app,delivery,completed
ORD-0218971,R-0510,2025-09-14,64.45,web,delivery,completed
ORD-0218972,R-0510,2025-09-10,50.47,app,pickup,completed
ORD-0218973,R-0510,2025-09-19,70.65,web,delivery,completed
ORD-0218974,R-0510,2025-09-20,38.90,web,delivery,completed
ORD-0218975,R-0510,2025-09-17,29.57,web,delivery,completed
ORD-0218976,R-0510,2025-09-14,81.24,web,delivery,completed
ORD-0218977,R-0510,2025-09-29,63.85,app,delivery,completed
ORD-0218978,R-0510,2025-09-19,82.89,web,delivery,Completed
ORD-0218979,R-0510,2025-09-30,74.14,app,delivery,completed
ORD-0218980,R-0510,2025-09-10,58.74,web,delivery,completed
ORD-0218981,R-0510,2025-09-29,64.52,web,pickup,Completed
ORD-0218982,R-0510,2025-09-14,41.63,app,delivery,cancelled
ORD-0218983,R-0510,2025-09-18,41.27,web,delivery,COMPLETED
ORD-0219402,R-0512,2025-09-30,109.79,web,delivery,completed
ORD-0219403,R-0512,2025-09-29,54.07,web,delivery,completed
ORD-0219888,R-0513,2025-09-23,23.26,web,delivery,completed
ORD-0219889,R-0513,2025-09-30,17.70,web,delivery,completed
ORD-0219890,R-0513,2025-09-01,41.59,app,delivery,completed
ORD-0219891,R-0513,2025-09-15,25.81,web,pickup,completed
ORD-0219892,R-0513,2025-09-01,21.64,app,delivery,Completed
ORD-0219893,R-0513,2025-09-18,28.09,app,delivery,completed
ORD-0219894,R-0513,2025-09-28,15.04,app,delivery,completed
ORD-0219895,R-0513,2025-09-20,24.35,app,delivery,completed
ORD-0219896,R-0513,2025-09-20,26.19,app,pickup,completed
ORD-0219897,R-0513,2025-09-06,33.76,web,pickup,completed
ORD-0219898,R-0513,2025-09-07,37.68,web,pickup,COMPLETED
ORD-0219899,R-0513,2025-09-04,18.31,app,delivery,completed
ORD-0219900,R-0513,2025-09-25,22.42,app,pickup,completed
ORD-0219901,R-0513,2025-09-20,32.87,web,pickup,completed
ORD-0219902,R-0513,2025-09-08,32.57,app,delivery,completed
ORD-0219903,R-0513,2025-09-30,23.66,app,pickup,completed
ORD-0219904,R-0513,2025-09-27,20.09,app,delivery,completed
ORD-0219905,R-0513,2025-09-08,25.98,web,delivery,completed
ORD-0219906,R-0513,2025-09-11,18.85,app,delivery,Completed
ORD-0219907,R-0513,2025-09-22,14.98,app,delivery,completed
ORD-0219908,R-0513,2025-09-28,24.03,web,delivery,completed
ORD-0219909,R-0513,2025-09-17,18.27,app,delivery,completed
ORD-0219910,R-0513,2025-09-23,19.19,app,delivery,completed
ORD-0219911,R-0513,2025-09-13,26.22,app,delivery,completed
ORD-0219912,R-0513,2025-09-02,25.43,app,delivery,completed
ORD-0219913,R-0513,2025-09-29,31.31,app,delivery,completed
ORD-0219914,R-0513,2025-09-17,35.67,app,delivery,completed
ORD-0219915,R-0513,2025-09-07,41.79,app,delivery,completed
ORD-0219916,R-0513,2025-09-05,19.33,web,delivery,completed
ORD-0219917,R-0513,2025-09-27,26.65,app,delivery,completed
ORD-0219918,R-0513,2025-09-19,37.28,web,delivery,completed
ORD-0219919,R-0513,2025-09-06,36.05,app,delivery,cancelled
ORD-0219920,R-0513,2025-09-08,14.44,app,delivery,completed
ORD-0219921,R-0513,2025-09-14,23.72,web,delivery,completed
ORD-0219922,R-0513,2025-09-20,30.43,app,delivery,completed
ORD-0219923,R-0513,2025-09-30,20.72,web,delivery,Completed
ORD-0219924,R-0513,2025-09-04,29.60,web,delivery,completed
ORD-0219925,R-0513,2025-09-16,61.00,web,delivery,completed
ORD-0219926,R-0513,2025-09-27,32.24,app,delivery,completed
ORD-0219927,R-0513,2025-09-21,24.42,app,delivery,completed
ORD-0219928,R-0513,2025-09-10,25.55,web,delivery,COMPLETED
ORD-0219929,R-0513,2025-09-24,21.20,web,delivery,completed
ORD-0219930,R-0513,2025-09-14,29.97,web,delivery,completed
ORD-0219931,R-0513,2025-09-21,11.89,app,delivery,completed
ORD-0219932,R-0513,2025-09-13,26.92,web,delivery,completed
ORD-0219933,R-0513,2025-09-23,38.17,app,delivery,completed
ORD-0219934,R-0513,2025-09-07,21.60,app,delivery,completed
ORD-0219935,R-0513,2025-09-18,19.67,web,delivery,completed
ORD-0219936,R-0513,2025-09-25,24.45,web,pickup,completed
ORD-0219937,R-0513,2025-09-12,19.63,app,delivery,Completed
ORD-0219938,R-0513,2025-09-19,25.31,web,delivery,COMPLETED
ORD-0219939,R-0513,2025-09-02,37.45,app,delivery,completed
ORD-0219940,R-0513,2025-09-14,29.21,app,delivery,Completed
ORD-0219941,R-0513,2025-09-20,17.14,app,delivery,completed
ORD-0219942,R-0513,2025-09-22,28.49,web,delivery,Completed
ORD-0219943,R-0513,2025-09-11,37.14,app,delivery,Completed
ORD-0219944,R-0513,2025-09-13,25.42,app,delivery,cancelled
ORD-0219945,R-0513,2025-09-24,14.75,app,delivery,completed
ORD-0219946,R-0513,2025-09-22,26.97,web,pickup,completed
ORD-0219947,R-0513,2025-09-21,43.34,web,delivery,completed
ORD-0219948,R-0513,2025-09-13,32.95,web,delivery,completed
ORD-0219949,R-0513,2025-09-29,25.13,app,delivery,Completed
ORD-0219950,R-0513,2025-09-02,15.97,app,delivery,completed
ORD-0219951,R-0513,2025-09-26,15.80,app,delivery,completed
ORD-0219952,R-0513,2025-09-12,20.83,app,pickup,completed
ORD-0219953,R-0513,2025-09-09,22.44,app,delivery,completed
ORD-0219954,R-0513,2025-09-17,24.71,web,delivery,COMPLETED
ORD-0219955,R-0513,2025-09-05,15.02,app,pickup,completed
ORD-0219956,R-0513,2025-09-10,22.97,app,pickup,completed
ORD-0219957,R-0513,2025-09-29,29.79,app,delivery,COMPLETED
ORD-0219958,R-0513,2025-09-19,30.05,app,delivery,completed
ORD-0219959,R-0513,2025-09-01,17.57,web,pickup,completed
ORD-0219960,R-0513,2025-09-09,19.26,web,delivery,completed
ORD-0219961,R-0513,2025-09-20,26.74,app,delivery,Completed
ORD-0219962,R-0513,2025-09-05,16.07,app,delivery,cancelled
ORD-0219963,R-0513,2025-09-26,19.35,app,delivery,completed
ORD-0219964,R-0513,2025-09-17,22.08,app,delivery,completed
ORD-0219965,R-0513,2025-09-12,25.73,app,delivery,completed
ORD-0219966,R-0513,2025-09-25,14.18,app,pickup,completed
ORD-0219967,R-0513,2025-09-28,27.65,app,delivery,completed
ORD-0219968,R-0513,2025-09-28,16.34,app,delivery,completed
ORD-0219969,R-0513,2025-09-02,22.57,app,delivery,completed
ORD-0219970,R-0513,2025-09-10,13.10,app,delivery,completed
ORD-0219971,R-0513,2025-09-21,28.15,app,delivery,completed
ORD-0219972,R-0513,2025-09-29,26.89,web,pickup,completed
ORD-0219973,R-0513,2025-09-05,21.57,web,delivery,completed
ORD-0219974,R-0513,2025-09-28,29.24,web,delivery,completed
ORD-0219975,R-0513,2025-09-26,20.79,app,delivery,completed
ORD-0219976,R-0513,2025-09-23,26.14,app,delivery,COMPLETED
ORD-0219977,R-0513,2025-09-12,20.59,web,pickup,COMPLETED
ORD-0219978,R-0513,2025-09-02,17.15,app,pickup,completed
ORD-0219979,R-0513,2025-09-13,20.15,web,pickup,completed
ORD-0219980,R-0513,2025-09-27,17.94,app,pickup,completed
ORD-0219981,R-0513,2025-09-27,23.99,app,delivery,completed
ORD-0219982,R-0513,2025-09-16,16.53,app,pickup,completed
ORD-0219983,R-0513,2025-09-25,19.56,app,delivery,completed
ORD-0219984,R-0513,2025-09-14,23.85,app,delivery,completed
ORD-0219985,R-0513,2025-09-28,22.82,web,delivery,completed
ORD-0219986,R-0513,2025-09-20,36.99,app,delivery,completed
ORD-0219987,R-0513,2025-09-28,27.97,app,pickup,completed
ORD-0219988,R-0513,2025-09-30,33.40,app,pickup,completed
ORD-0219989,R-0513,2025-09-17,27.64,app,delivery,completed
ORD-0219990,R-0513,2025-09-16,37.90,app,delivery,completed
ORD-0219991,R-0513,2025-09-18,31.55,app,delivery,completed
ORD-0219992,R-0513,2025-09-17,17.39,app,delivery,completed
ORD-0219993,R-0513,2025-09-26,22.99,app,delivery,completed
ORD-0219994,R-0513,2025-09-27,52.92,app,pickup,completed
ORD-0219995,R-0513,2025-09-16,35.73,app,delivery,completed
ORD-0219996,R-0513,2025-09-18,25.17,app,delivery,completed
ORD-0219997,R-0513,2025-09-19,23.28,app,pickup,completed
ORD-0219998,R-0513,2025-09-28,14.30,app,delivery,completed
ORD-0219999,R-0513,2025-09-11,22.06,app,delivery,completed
ORD-0220000,R-0513,2025-09-13,24.33,app,delivery,COMPLETED
ORD-0220001,R-0513,2025-09-26,25.07,app,delivery,completed
ORD-0220002,R-0513,2025-09-24,29.01,web,delivery,completed
ORD-0220003,R-0513,2025-09-24,23.82,app,pickup,completed
ORD-0220004,R-0513,2025-09-08,18.87,app,delivery,completed
ORD-0220005,R-0513,2025-09-07,40.80,web,pickup,Completed
ORD-0220006,R-0513,2025-09-25,21.49,app,delivery,completed
ORD-0220007,R-0513,2025-09-19,21.76,app,pickup,completed
ORD-0220008,R-0513,2025-09-24,18.48,app,delivery,completed
ORD-0220009,R-0513,2025-09-20,23.02,app,delivery,completed
ORD-0220010,R-0513,2025-09-18,50.55,app,delivery,completed
ORD-0220011,R-0513,2025-09-14,10.97,web,delivery,completed
ORD-0220012,R-0513,2025-09-16,27.49,app,delivery,Completed
ORD-0222181,R-0518,2025-09-20,21.25,web,pickup,COMPLETED
ORD-0222182,R-0518,2025-09-17,32.60,app,pickup,completed
ORD-0222183,R-0518,2025-09-17,33.12,app,delivery,cancelled
ORD-0222184,R-0518,2025-09-24,17.71,web,delivery,completed
ORD-0222185,R-0518,2025-09-19,29.49,web,delivery,completed
ORD-0222668,R-0519,2025-09-29,14.57,web,delivery,completed
ORD-0222669,R-0519,2025-09-19,17.33,web,delivery,COMPLETED
ORD-0222670,R-0519,2025-09-05,19.56,app,delivery,Completed
ORD-0222671,R-0519,2025-09-23,9.00,web,delivery,completed
ORD-0222672,R-0519,2025-09-27,10.56,app,pickup,Completed
ORD-0222673,R-0519,2025-09-01,15.27,app,pickup,completed
ORD-0222674,R-0519,2025-09-28,16.26,app,delivery,completed
ORD-0222675,R-0519,2025-09-23,19.54,web,delivery,completed
ORD-0222676,R-0519,2025-09-04,21.64,web,delivery,completed
ORD-0222677,R-0519,2025-09-21,53.47,web,pickup,completed
ORD-0222678,R-0519,2025-09-01,12.86,app,pickup,completed
ORD-0222679,R-0519,2025-09-29,9.31,app,delivery,COMPLETED
ORD-0222680,R-0519,2025-09-20,22.04,app,delivery,COMPLETED
ORD-0222681,R-0519,2025-09-25,13.31,web,delivery,completed
ORD-0222682,R-0519,2025-09-26,11.43,web,delivery,completed
ORD-0222683,R-0519,2025-09-03,15.60,app,delivery,completed
ORD-0222684,R-0519,2025-09-14,21.93,web,pickup,completed
ORD-0222685,R-0519,2025-09-05,7.60,web,delivery,Completed
ORD-0222686,R-0519,2025-09-28,20.68,app,delivery,completed
ORD-0222687,R-0519,2025-09-05,42.34,app,delivery,completed
ORD-0222688,R-0519,2025-09-16,14.67,web,delivery,completed
ORD-0222689,R-0519,2025-09-11,17.45,app,delivery,completed
ORD-0222690,R-0519,2025-09-19,13.79,app,delivery,COMPLETED
ORD-0222691,R-0519,2025-09-01,19.32,app,delivery,completed
ORD-0222692,R-0519,2025-09-04,10.67,app,delivery,completed
ORD-0222693,R-0519,2025-09-08,13.98,app,delivery,Completed
ORD-0222694,R-0519,2025-09-19,16.27,app,delivery,cancelled
ORD-0222695,R-0519,2025-09-22,11.64,web,delivery,completed
ORD-0222696,R-0519,2025-09-13,18.57,web,delivery,COMPLETED
ORD-0222697,R-0519,2025-09-20,28.99,app,delivery,COMPLETED
ORD-0222698,R-0519,2025-09-13,15.16,app,pickup,completed
ORD-0222699,R-0519,2025-09-05,18.11,web,pickup,completed
ORD-0222700,R-0519,2025-09-23,10.37,app,delivery,completed
ORD-0222701,R-0519,2025-09-14,22.29,web,delivery,completed
ORD-0222702,R-0519,2025-09-13,21.15,app,delivery,completed
ORD-0222703,R-0519,2025-09-14,13.12,app,delivery,completed
ORD-0222704,R-0519,2025-09-06,20.77,app,delivery,completed
ORD-0222705,R-0519,2025-09-15,11.33,app,delivery,completed
ORD-0222706,R-0519,2025-09-14,18.11,app,pickup,completed
ORD-0222707,R-0519,2025-09-12,32.55,web,delivery,completed
ORD-0222708,R-0519,2025-09-04,27.50,app,pickup,completed
ORD-0222709,R-0519,2025-09-25,13.83,app,delivery,completed
ORD-0222710,R-0519,2025-09-13,10.64,app,delivery,completed
ORD-0222711,R-0519,2025-09-23,13.41,web,delivery,completed
ORD-0222712,R-0519,2025-09-07,13.04,app,pickup,completed
ORD-0222713,R-0519,2025-09-19,13.21,web,pickup,completed
ORD-0222714,R-0519,2025-09-03,23.74,app,pickup,completed
ORD-0222715,R-0519,2025-09-27,16.44,app,delivery,completed
ORD-0222716,R-0519,2025-09-24,15.25,web,delivery,completed
ORD-0222717,R-0519,2025-09-13,11.41,app,delivery,completed
ORD-0222718,R-0519,2025-09-04,22.72,app,delivery,completed
ORD-0222719,R-0519,2025-09-22,25.96,app,pickup,cancelled
ORD-0222720,R-0519,2025-09-23,20.50,app,pickup,completed
ORD-0222721,R-0519,2025-09-13,19.93,app,delivery,completed
ORD-0222722,R-0519,2025-09-18,15.83,app,delivery,completed
ORD-0222723,R-0519,2025-09-06,17.97,web,pickup,COMPLETED
ORD-0222724,R-0519,2025-09-24,19.02,app,delivery,completed
ORD-0222725,R-0519,2025-09-20,22.20,app,delivery,completed
ORD-0222726,R-0519,2025-09-25,24.15,app,delivery,Completed
ORD-0222727,R-0519,2025-09-27,19.03,app,delivery,completed
ORD-0222728,R-0519,2025-09-02,11.52,app,delivery,completed
ORD-0222729,R-0519,2025-09-11,22.47,web,pickup,completed
ORD-0222730,R-0519,2025-09-04,14.23,app,delivery,COMPLETED
ORD-0222731,R-0519,2025-09-16,12.94,web,delivery,completed
ORD-0222732,R-0519,2025-09-23,19.86,app,delivery,completed
ORD-0222733,R-0519,2025-09-24,12.99,web,delivery,completed
ORD-0222734,R-0519,2025-09-29,12.51,web,delivery,completed
ORD-0222735,R-0519,2025-09-05,18.97,app,delivery,COMPLETED
ORD-0222736,R-0519,2025-09-05,12.09,app,delivery,completed
ORD-0222737,R-0519,2025-09-11,8.94,web,delivery,completed
ORD-0222738,R-0519,2025-09-23,23.90,app,delivery,completed
ORD-0222739,R-0519,2025-09-01,9.21,app,delivery,completed
ORD-0222740,R-0519,2025-09-05,9.64,app,delivery,completed
ORD-0222741,R-0519,2025-09-27,10.75,app,delivery,completed
ORD-0222742,R-0519,2025-09-10,13.28,app,pickup,completed
ORD-0222743,R-0519,2025-09-30,11.82,web,delivery,completed
ORD-0222744,R-0519,2025-09-29,11.35,web,delivery,Completed
ORD-0222745,R-0519,2025-09-09,8.47,web,delivery,completed
ORD-0222746,R-0519,2025-09-20,31.68,app,delivery,completed
ORD-0224459,R-0523,2025-09-14,15.62,app,pickup,completed
ORD-0224460,R-0523,2025-09-05,25.59,app,delivery,completed
ORD-0224461,R-0523,2025-09-06,22.47,app,pickup,completed
ORD-0224462,R-0523,2025-09-05,20.08,web,delivery,completed
ORD-0224463,R-0523,2025-09-28,25.96,web,delivery,COMPLETED
ORD-0224464,R-0523,2025-09-13,32.89,web,pickup,completed
ORD-0224465,R-0523,2025-09-26,28.73,web,delivery,completed
ORD-0224466,R-0523,2025-09-25,15.23,app,pickup,completed
ORD-0224467,R-0523,2025-09-22,21.94,web,delivery,completed
ORD-0224468,R-0523,2025-09-11,21.27,web,delivery,completed
ORD-0224469,R-0523,2025-09-04,21.04,web,pickup,completed
ORD-0224470,R-0523,2025-09-11,18.63,web,delivery,completed
ORD-0224471,R-0523,2025-09-02,18.36,app,delivery,completed
ORD-0224472,R-0523,2025-09-30,26.94,app,delivery,completed
ORD-0224473,R-0523,2025-09-30,24.84,app,pickup,completed
ORD-0224474,R-0523,2025-09-14,21.48,app,pickup,COMPLETED
ORD-0224475,R-0523,2025-09-08,14.55,web,pickup,completed
ORD-0224476,R-0523,2025-09-20,30.72,app,delivery,completed
ORD-0224477,R-0523,2025-09-11,19.93,app,delivery,completed
ORD-0224478,R-0523,2025-09-20,17.43,app,delivery,completed
ORD-0224479,R-0523,2025-09-27,30.33,web,delivery,completed
ORD-0224480,R-0523,2025-09-08,17.01,app,delivery,completed
ORD-0224481,R-0523,2025-09-28,19.85,app,delivery,completed
ORD-0224482,R-0523,2025-09-14,20.30,web,pickup,completed
ORD-0224483,R-0523,2025-09-16,19.05,web,delivery,completed
ORD-0224484,R-0523,2025-09-29,21.27,web,pickup,completed
ORD-0224485,R-0523,2025-09-19,22.37,web,pickup,completed
ORD-0224486,R-0523,2025-09-10,28.05,app,delivery,completed
ORD-0224487,R-0523,2025-09-13,43.45,web,delivery,completed
ORD-0224488,R-0523,2025-09-24,30.48,web,delivery,completed
ORD-0225212,R-0525,2025-09-17,39.44,web,delivery,cancelled
ORD-0225213,R-0525,2025-09-10,8.36,web,delivery,completed
ORD-0225214,R-0525,2025-09-19,25.41,web,pickup,completed
ORD-0225215,R-0525,2025-09-25,19.35,web,pickup,completed
ORD-0225216,R-0525,2025-09-03,28.20,web,delivery,completed
ORD-0225217,R-0525,2025-09-25,36.12,app,delivery,completed
ORD-0225218,R-0525,2025-09-01,21.27,web,delivery,completed
ORD-0225219,R-0525,2025-09-17,63.66,web,delivery,completed
ORD-0225220,R-0525,2025-09-22,16.92,app,delivery,COMPLETED
ORD-0225221,R-0525,2025-09-27,29.89,web,pickup,completed
ORD-0225222,R-0525,2025-09-07,16.42,web,pickup,completed
ORD-0225223,R-0525,2025-09-08,27.43,app,pickup,completed
ORD-0225224,R-0525,2025-09-29,26.15,web,delivery,completed
ORD-0225225,R-0525,2025-09-13,21.36,app,pickup,completed
ORD-0225226,R-0525,2025-09-05,25.63,web,pickup,completed
ORD-0225227,R-0525,2025-09-15,38.11,app,delivery,completed
ORD-0225228,R-0525,2025-09-16,17.93,web,pickup,completed
ORD-0225229,R-0525,2025-09-21,51.16,app,pickup,completed
ORD-0225230,R-0525,2025-09-09,21.06,web,delivery,completed
ORD-0225231,R-0525,2025-09-15,44.40,web,pickup,completed
ORD-0225232,R-0525,2025-09-09,22.09,app,delivery,completed
ORD-0225233,R-0525,2025-09-22,17.75,web,delivery,COMPLETED
ORD-0225234,R-0525,2025-09-01,37.48,app,delivery,Completed
ORD-0225235,R-0525,2025-09-08,39.78,app,pickup,Completed
ORD-0225236,R-0525,2025-09-12,44.51,web,pickup,completed
ORD-0225237,R-0525,2025-09-24,22.69,web,delivery,completed
ORD-0225238,R-0525,2025-09-26,18.19,web,delivery,completed
ORD-0225239,R-0525,2025-09-04,22.26,web,delivery,completed
ORD-0225240,R-0525,2025-09-11,28.91,web,delivery,completed
ORD-0225241,R-0525,2025-09-03,25.59,app,delivery,COMPLETED
ORD-0225242,R-0525,2025-09-24,38.44,web,delivery,completed
ORD-0225243,R-0525,2025-09-19,30.02,web,pickup,completed
ORD-0225244,R-0525,2025-09-05,23.75,app,pickup,completed
ORD-0225245,R-0525,2025-09-06,31.35,web,pickup,completed
ORD-0225246,R-0525,2025-09-21,48.49,app,delivery,completed
ORD-0225247,R-0525,2025-09-06,31.25,web,pickup,completed
ORD-0225248,R-0525,2025-09-04,37.44,app,pickup,COMPLETED
ORD-0225249,R-0525,2025-09-13,23.39,web,pickup,completed
ORD-0225250,R-0525,2025-09-25,35.21,app,pickup,completed
ORD-0225251,R-0525,2025-09-20,37.44,web,delivery,completed
ORD-0225252,R-0525,2025-09-21,26.25,app,delivery,completed
ORD-0225253,R-0525,2025-09-21,13.75,web,pickup,completed
ORD-0225254,R-0525,2025-09-06,53.25,app,delivery,completed
ORD-0225255,R-0525,2025-09-28,51.36,web,pickup,completed
ORD-0225256,R-0525,2025-09-13,19.47,app,pickup,COMPLETED
ORD-0225257,R-0525,2025-09-18,21.56,web,delivery,completed
ORD-0225258,R-0525,2025-09-19,21.79,web,delivery,completed
ORD-0225259,R-0525,2025-09-29,18.01,web,pickup,completed
ORD-0225260,R-0525,2025-09-16,44.60,app,delivery,completed
ORD-0225261,R-0525,2025-09-21,31.08,app,delivery,completed
ORD-0225262,R-0525,2025-09-07,24.87,web,pickup,completed
ORD-0225263,R-0525,2025-09-03,38.22,app,pickup,completed
ORD-0225264,R-0525,2025-09-18,21.15,web,delivery,completed
ORD-0225265,R-0525,2025-09-02,13.88,app,delivery,completed
ORD-0225266,R-0525,2025-09-27,70.17,web,delivery,completed
ORD-0225267,R-0525,2025-09-13,47.71,web,delivery,completed
ORD-0225268,R-0525,2025-09-22,48.84,app,pickup,completed
ORD-0225269,R-0525,2025-09-15,26.15,app,pickup,completed
ORD-0225270,R-0525,2025-09-14,47.45,app,delivery,completed
ORD-0225271,R-0525,2025-09-07,21.53,web,delivery,completed
ORD-0225272,R-0525,2025-09-05,39.21,web,pickup,cancelled
ORD-0225273,R-0525,2025-09-20,37.39,app,delivery,completed
ORD-0225274,R-0525,2025-09-27,24.40,web,pickup,completed
ORD-0225275,R-0525,2025-09-18,23.86,web,delivery,completed
ORD-0225276,R-0525,2025-09-06,52.81,app,delivery,Completed
ORD-0225277,R-0525,2025-09-11,34.22,web,pickup,completed
ORD-0225278,R-0525,2025-09-13,19.42,web,pickup,completed
ORD-0225279,R-0525,2025-09-21,23.57,app,delivery,completed
ORD-0225280,R-0525,2025-09-13,38.51,web,delivery,Completed
ORD-0225281,R-0525,2025-09-07,25.18,web,pickup,Completed
ORD-0225282,R-0525,2025-09-04,34.36,app,delivery,completed
ORD-0225283,R-0525,2025-09-26,21.43,web,delivery,completed
ORD-0225284,R-0525,2025-09-14,38.20,web,delivery,completed
ORD-0225285,R-0525,2025-09-21,39.06,web,delivery,completed
ORD-0225286,R-0525,2025-09-20,25.58,app,pickup,completed
ORD-0225287,R-0525,2025-09-05,40.24,web,delivery,completed
ORD-0225288,R-0525,2025-09-20,34.25,web,delivery,completed
ORD-0225289,R-0525,2025-09-22,39.17,app,delivery,completed
ORD-0225290,R-0525,2025-09-19,21.55,app,delivery,completed
ORD-0225291,R-0525,2025-09-28,18.71,web,delivery,completed
ORD-0225292,R-0525,2025-09-05,25.94,web,delivery,Completed
ORD-0225293,R-0525,2025-09-23,14.45,web,delivery,completed
ORD-0225294,R-0525,2025-09-07,15.55,app,delivery,cancelled
ORD-0225295,R-0525,2025-09-04,23.03,web,pickup,completed
ORD-0225296,R-0525,2025-09-27,27.81,web,delivery,Completed
ORD-0225297,R-0525,2025-09-26,43.00,app,delivery,completed
ORD-0225298,R-0525,2025-09-15,16.07,app,delivery,completed
ORD-0225299,R-0525,2025-09-30,31.65,app,delivery,Completed
ORD-0225300,R-0525,2025-09-22,29.11,web,delivery,completed
ORD-0225301,R-0525,2025-09-28,25.22,web,pickup,completed
ORD-0225302,R-0525,2025-09-17,43.42,app,delivery,completed
ORD-0225303,R-0525,2025-09-06,15.32,app,delivery,completed
ORD-0226092,R-0526,2025-09-17,38.95,app,delivery,cancelled
ORD-0226093,R-0526,2025-09-06,24.86,app,delivery,completed
ORD-0226094,R-0526,2025-09-30,29.83,app,delivery,completed
ORD-0226095,R-0526,2025-09-21,27.63,web,pickup,completed
ORD-0226096,R-0526,2025-09-11,19.60,app,delivery,COMPLETED
ORD-0226097,R-0526,2025-09-29,29.57,web,pickup,completed
ORD-0226098,R-0526,2025-09-22,39.39,web,delivery,completed
ORD-0226099,R-0526,2025-09-16,25.02,web,pickup,completed
ORD-0226100,R-0526,2025-09-26,30.64,web,delivery,completed
ORD-0226101,R-0526,2025-09-14,46.31,app,delivery,completed
ORD-0226102,R-0526,2025-09-29,29.22,web,delivery,completed
ORD-0226103,R-0526,2025-09-10,32.80,web,delivery,completed
ORD-0226104,R-0526,2025-09-02,18.71,web,pickup,COMPLETED
ORD-0226105,R-0526,2025-09-09,25.82,web,delivery,completed
ORD-0226106,R-0526,2025-09-27,25.13,web,pickup,COMPLETED
ORD-0226107,R-0526,2025-09-12,17.87,app,pickup,completed
ORD-0226108,R-0526,2025-09-23,25.11,web,delivery,completed
ORD-0226109,R-0526,2025-09-30,28.46,web,delivery,completed
ORD-0226110,R-0526,2025-09-30,18.64,app,delivery,completed
ORD-0226111,R-0526,2025-09-03,59.10,app,delivery,completed
ORD-0226112,R-0526,2025-09-25,23.37,app,pickup,completed
ORD-0226113,R-0526,2025-09-09,21.43,web,delivery,completed
ORD-0226114,R-0526,2025-09-15,18.75,web,pickup,completed
ORD-0226115,R-0526,2025-09-25,21.54,web,pickup,completed
ORD-0226116,R-0526,2025-09-27,45.74,app,pickup,completed
ORD-0226117,R-0526,2025-09-28,23.05,app,pickup,completed
ORD-0226118,R-0526,2025-09-01,29.71,app,delivery,completed
ORD-0226119,R-0526,2025-09-03,22.67,web,pickup,completed
ORD-0226120,R-0526,2025-09-09,30.50,app,delivery,completed
ORD-0226121,R-0526,2025-09-23,40.15,web,delivery,completed
ORD-0226122,R-0526,2025-09-12,30.10,web,delivery,completed
ORD-0226123,R-0526,2025-09-26,25.11,web,pickup,completed
ORD-0226124,R-0526,2025-09-11,22.22,web,delivery,completed
ORD-0226387,R-0529,2025-09-08,13.86,app,pickup,COMPLETED
ORD-0226388,R-0529,2025-09-28,14.42,app,delivery,completed
ORD-0226389,R-0529,2025-09-27,30.97,app,pickup,completed
ORD-0226390,R-0529,2025-09-18,69.21,app,delivery,completed
ORD-0226391,R-0529,2025-09-09,41.60,app,pickup,completed
ORD-0226392,R-0529,2025-09-22,17.00,app,pickup,completed
ORD-0226393,R-0529,2025-09-20,29.44,app,pickup,completed
ORD-0226394,R-0529,2025-09-23,14.90,web,delivery,completed
ORD-0226395,R-0529,2025-09-29,10.52,web,pickup,cancelled
ORD-0226396,R-0529,2025-09-28,24.38,app,pickup,completed
ORD-0226397,R-0529,2025-09-06,18.14,web,pickup,completed
ORD-0226398,R-0529,2025-09-09,26.58,app,pickup,completed
ORD-0226399,R-0529,2025-09-22,23.31,app,pickup,completed
ORD-0226400,R-0529,2025-09-30,16.91,app,pickup,COMPLETED
ORD-0226401,R-0529,2025-09-12,18.65,web,delivery,CANCELLED
ORD-0226402,R-0529,2025-09-17,41.33,app,pickup,completed
ORD-0226403,R-0529,2025-09-12,22.70,app,pickup,Completed
ORD-0226404,R-0529,2025-09-09,30.91,app,pickup,completed
ORD-0226405,R-0529,2025-09-24,16.55,web,delivery,completed
ORD-0226406,R-0529,2025-09-19,49.33,app,pickup,completed
ORD-0226407,R-0529,2025-09-14,19.63,app,pickup,completed
ORD-0226408,R-0529,2025-09-29,16.65,app,pickup,completed
ORD-0226409,R-0529,2025-09-17,7.48,web,pickup,completed
ORD-0226410,R-0529,2025-09-18,32.66,app,delivery,completed
ORD-0226411,R-0529,2025-09-24,23.39,app,delivery,completed
ORD-0226412,R-0529,2025-09-19,22.43,web,pickup,completed
ORD-0226413,R-0529,2025-09-21,20.05,web,pickup,Completed
ORD-0226414,R-0529,2025-09-08,17.92,web,pickup,completed
ORD-0226415,R-0529,2025-09-21,18.62,app,pickup,completed
ORD-0226416,R-0529,2025-09-26,15.20,web,delivery,completed
ORD-0226417,R-0529,2025-09-22,30.29,app,pickup,completed
ORD-0226418,R-0529,2025-09-17,16.49,app,pickup,completed
ORD-0226419,R-0529,2025-09-10,15.18,app,pickup,completed
ORD-0227276,R-0530,2025-09-07,29.48,web,delivery,cancelled
ORD-0227277,R-0530,2025-09-19,43.43,web,delivery,COMPLETED
ORD-0227278,R-0530,2025-09-05,40.95,app,delivery,Completed
ORD-0227279,R-0530,2025-09-09,63.68,app,delivery,completed
ORD-0227280,R-0530,2025-09-20,27.90,web,delivery,Completed
ORD-0227281,R-0530,2025-09-25,32.13,web,delivery,completed
ORD-0227282,R-0530,2025-09-12,64.16,app,delivery,completed
ORD-0227647,R-0531,2025-09-07,26.13,web,pickup,completed
ORD-0227648,R-0531,2025-09-12,11.95,web,delivery,completed
ORD-0227649,R-0531,2025-09-06,48.79,web,delivery,completed
ORD-0227650,R-0531,2025-09-07,29.09,web,pickup,cancelled
ORD-0227651,R-0531,2025-09-04,13.53,web,delivery,completed
ORD-0227652,R-0531,2025-09-14,27.72,web,pickup,completed
ORD-0227653,R-0531,2025-09-05,40.68,web,pickup,completed
ORD-0227654,R-0531,2025-09-25,27.83,app,delivery,completed
ORD-0227655,R-0531,2025-09-19,21.94,web,pickup,completed
ORD-0227656,R-0531,2025-09-17,25.12,web,pickup,Completed
ORD-0227657,R-0531,2025-09-30,19.31,web,pickup,completed
ORD-0227658,R-0531,2025-09-28,29.33,app,delivery,completed
ORD-0227659,R-0531,2025-09-10,28.49,web,delivery,completed
ORD-0227660,R-0531,2025-09-05,25.62,web,delivery,completed
ORD-0227661,R-0531,2025-09-06,24.67,app,delivery,completed
ORD-0227662,R-0531,2025-09-12,36.76,app,delivery,completed
ORD-0227663,R-0531,2025-09-06,34.87,web,delivery,completed
ORD-0227664,R-0531,2025-09-11,35.62,app,pickup,Completed
ORD-0227665,R-0531,2025-09-30,43.39,app,delivery,completed
ORD-0227666,R-0531,2025-09-08,28.97,web,delivery,completed
ORD-0227667,R-0531,2025-09-01,54.05,web,delivery,completed
ORD-0227668,R-0531,2025-09-21,27.65,app,pickup,Completed
ORD-0227669,R-0531,2025-09-12,15.82,web,delivery,completed
ORD-0227670,R-0531,2025-09-29,28.34,app,pickup,completed
ORD-0227671,R-0531,2025-09-01,35.19,web,delivery,completed
ORD-0227672,R-0531,2025-09-28,17.90,web,delivery,completed
ORD-0227673,R-0531,2025-09-14,42.14,web,pickup,completed
ORD-0227674,R-0531,2025-09-10,28.70,web,delivery,completed
ORD-0227675,R-0531,2025-09-12,25.52,app,delivery,completed
ORD-0227676,R-0531,2025-09-09,45.39,web,delivery,completed
ORD-0227677,R-0531,2025-09-27,9.99,web,pickup,completed
ORD-0227678,R-0531,2025-09-19,19.09,app,delivery,completed
ORD-0227679,R-0531,2025-09-01,15.01,web,delivery,completed
ORD-0228083,R-0533,2025-09-05,31.00,app,delivery,Completed
ORD-0228084,R-0533,2025-09-21,14.98,web,delivery,REFUNDED
ORD-0228085,R-0533,2025-09-14,35.85,web,delivery,completed
ORD-0228086,R-0533,2025-09-15,23.10,web,delivery,completed
ORD-0228087,R-0533,2025-09-04,48.13,app,delivery,completed
ORD-0228088,R-0533,2025-09-07,15.30,web,delivery,completed
ORD-0228089,R-0533,2025-09-30,28.96,web,delivery,completed
ORD-0228090,R-0533,2025-09-03,33.10,web,delivery,completed
ORD-0228091,R-0533,2025-09-28,31.64,web,delivery,completed
ORD-0228092,R-0533,2025-09-04,45.43,web,delivery,completed
ORD-0228093,R-0533,2025-09-03,42.31,web,delivery,completed
ORD-0228094,R-0533,2025-09-28,27.69,app,delivery,completed
ORD-0228095,R-0533,2025-09-04,27.58,web,delivery,completed
ORD-0228096,R-0533,2025-09-19,40.10,app,delivery,completed
ORD-0228097,R-0533,2025-09-12,42.51,web,delivery,completed
ORD-0228098,R-0533,2025-09-13,18.48,web,delivery,completed
ORD-0228099,R-0533,2025-09-04,13.09,app,pickup,COMPLETED
ORD-0228100,R-0533,2025-09-08,10.09,web,delivery,completed
ORD-0228101,R-0533,2025-09-06,23.60,app,pickup,completed
ORD-0228102,R-0533,2025-09-23,16.95,app,pickup,completed
ORD-0228103,R-0533,2025-09-03,18.98,web,delivery,completed
ORD-0228104,R-0533,2025-09-24,46.80,web,delivery,completed
ORD-0228105,R-0533,2025-09-01,25.64,web,delivery,completed
ORD-0228106,R-0533,2025-09-18,16.69,app,delivery,completed
ORD-0228107,R-0533,2025-09-26,24.13,web,pickup,completed
ORD-0228108,R-0533,2025-09-04,24.07,app,delivery,COMPLETED
ORD-0228109,R-0533,2025-09-13,14.21,web,delivery,completed
ORD-0228110,R-0533,2025-09-09,28.95,app,delivery,completed
ORD-0228111,R-0533,2025-09-23,23.84,app,delivery,completed
ORD-0228112,R-0533,2025-09-25,17.10,app,delivery,completed
ORD-0228113,R-0533,2025-09-12,23.77,app,delivery,completed
ORD-0228114,R-0533,2025-09-19,20.72,web,pickup,refunded
ORD-0228115,R-0533,2025-09-26,41.19,web,delivery,completed
ORD-0228116,R-0533,2025-09-26,31.23,web,delivery,COMPLETED
ORD-0228117,R-0533,2025-09-20,52.68,web,delivery,cancelled
ORD-0228118,R-0533,2025-09-21,31.09,web,delivery,completed
ORD-0228119,R-0533,2025-09-19,17.31,app,delivery,completed
ORD-0228120,R-0533,2025-09-27,17.35,web,delivery,completed
ORD-0228121,R-0533,2025-09-27,32.59,web,pickup,completed
ORD-0228122,R-0533,2025-09-28,16.08,web,delivery,completed
ORD-0228123,R-0533,2025-09-13,12.19,web,delivery,completed
ORD-0228124,R-0533,2025-09-25,15.26,web,delivery,completed
ORD-0228125,R-0533,2025-09-09,27.91,web,delivery,completed
ORD-0228126,R-0533,2025-09-11,20.14,web,delivery,COMPLETED
ORD-0228127,R-0533,2025-09-21,28.10,web,delivery,completed
ORD-0228128,R-0533,2025-09-12,10.58,web,delivery,completed
ORD-0228129,R-0533,2025-09-30,23.82,web,delivery,completed
ORD-0228130,R-0533,2025-09-24,20.35,web,delivery,completed
ORD-0228131,R-0533,2025-09-06,36.75,web,delivery,completed
ORD-0228132,R-0533,2025-09-07,23.52,web,delivery,Completed
ORD-0228133,R-0533,2025-09-19,41.98,web,delivery,Completed
ORD-0228134,R-0533,2025-09-27,23.45,web,delivery,completed
ORD-0228135,R-0533,2025-09-19,20.98,app,delivery,completed
ORD-0228136,R-0533,2025-09-06,36.97,web,delivery,completed
ORD-0228137,R-0533,2025-09-01,16.02,web,delivery,completed
ORD-0228138,R-0533,2025-09-04,25.79,web,delivery,completed
ORD-0228139,R-0533,2025-09-04,30.69,web,delivery,COMPLETED
ORD-0228140,R-0533,2025-09-20,28.25,app,pickup,completed
ORD-0228141,R-0533,2025-09-28,35.58,web,delivery,completed
ORD-0228142,R-0533,2025-09-30,35.03,app,pickup,completed
ORD-0228143,R-0533,2025-09-21,15.62,web,delivery,completed
ORD-0228144,R-0533,2025-09-21,19.52,web,delivery,completed
ORD-0228145,R-0533,2025-09-20,19.39,web,pickup,cancelled
ORD-0228146,R-0533,2025-09-05,33.66,web,delivery,refunded
ORD-0228147,R-0533,2025-09-11,16.19,app,pickup,completed
ORD-0228148,R-0533,2025-09-17,16.30,app,delivery,completed
ORD-0228149,R-0533,2025-09-28,50.82,app,delivery,completed
ORD-0229275,R-0535,2025-09-06,30.58,app,delivery,completed
ORD-0229276,R-0535,2025-09-15,35.23,app,delivery,completed
ORD-0229277,R-0535,2025-09-25,30.49,web,pickup,Completed
ORD-0229278,R-0535,2025-09-13,21.30,web,delivery,completed
ORD-0229279,R-0535,2025-09-20,25.96,web,pickup,completed
ORD-0229280,R-0535,2025-09-27,29.90,web,pickup,COMPLETED
ORD-0229281,R-0535,2025-09-15,44.78,app,pickup,completed
ORD-0229282,R-0535,2025-09-13,34.76,web,pickup,completed
ORD-0229283,R-0535,2025-09-11,19.82,web,pickup,completed
ORD-0229284,R-0535,2025-09-21,37.01,web,pickup,COMPLETED
ORD-0229285,R-0535,2025-09-05,31.51,web,delivery,completed
ORD-0229286,R-0535,2025-09-18,37.89,web,delivery,Completed
ORD-0229287,R-0535,2025-09-13,33.56,app,delivery,COMPLETED
ORD-0229288,R-0535,2025-09-22,29.60,web,delivery,completed
ORD-0229289,R-0535,2025-09-11,19.53,app,pickup,completed
ORD-0229290,R-0535,2025-09-09,42.12,app,pickup,cancelled
ORD-0229291,R-0535,2025-09-17,24.55,web,pickup,completed
ORD-0229292,R-0535,2025-09-28,17.93,app,delivery,completed
ORD-0229293,R-0535,2025-09-14,28.46,web,pickup,completed
ORD-0229294,R-0535,2025-09-21,44.30,app,delivery,completed
ORD-0229295,R-0535,2025-09-11,30.21,web,delivery,completed
ORD-0229296,R-0535,2025-09-18,16.46,app,pickup,completed
ORD-0229297,R-0535,2025-09-22,13.14,app,delivery,completed
ORD-0229298,R-0535,2025-09-21,36.00,app,pickup,completed
ORD-0229299,R-0535,2025-09-18,22.53,web,pickup,completed
ORD-0229300,R-0535,2025-09-26,21.71,app,delivery,cancelled
ORD-0229301,R-0535,2025-09-18,33.99,app,pickup,completed
ORD-0229302,R-0535,2025-09-26,16.19,web,delivery,cancelled
ORD-0229303,R-0535,2025-09-16,32.54,web,pickup,completed
ORD-0229304,R-0535,2025-09-19,40.82,web,pickup,completed
ORD-0229305,R-0535,2025-09-12,40.80,app,delivery,completed
ORD-0229306,R-0535,2025-09-12,21.91,app,pickup,completed
ORD-0229307,R-0535,2025-09-17,45.24,web,delivery,completed
ORD-0229308,R-0535,2025-09-21,36.40,web,pickup,completed
ORD-0229309,R-0535,2025-09-21,21.85,app,pickup,completed
ORD-0229310,R-0535,2025-09-04,21.55,web,pickup,completed
ORD-0229311,R-0535,2025-09-05,75.98,app,delivery,completed
ORD-0229312,R-0535,2025-09-19,24.06,app,pickup,completed
ORD-0229313,R-0535,2025-09-25,27.74,app,pickup,completed
ORD-0229314,R-0535,2025-09-07,45.70,app,delivery,completed
ORD-0229315,R-0535,2025-09-07,23.28,web,delivery,cancelled
ORD-0229316,R-0535,2025-09-29,14.10,web,delivery,COMPLETED
ORD-0229317,R-0535,2025-09-04,24.60,app,delivery,completed
ORD-0229318,R-0535,2025-09-02,34.14,app,pickup,completed
ORD-0229319,R-0535,2025-09-20,26.09,web,delivery,completed
ORD-0229320,R-0535,2025-09-27,18.41,web,pickup,completed
ORD-0229321,R-0535,2025-09-02,19.81,app,delivery,completed
ORD-0229322,R-0535,2025-09-12,17.45,web,delivery,completed
ORD-0229323,R-0535,2025-09-06,29.32,web,pickup,completed
ORD-0229324,R-0535,2025-09-13,32.94,web,pickup,COMPLETED
ORD-0229325,R-0535,2025-09-24,48.05,web,pickup,cancelled
ORD-0229326,R-0535,2025-09-07,29.18,web,delivery,completed
ORD-0229327,R-0535,2025-09-07,28.05,web,delivery,completed
ORD-0229328,R-0535,2025-09-14,20.08,app,pickup,completed
ORD-0229329,R-0535,2025-09-06,21.70,web,pickup,completed
ORD-0229330,R-0535,2025-09-04,17.09,app,pickup,completed
ORD-0229331,R-0535,2025-09-19,29.53,web,delivery,completed
ORD-0229332,R-0535,2025-09-18,31.61,web,pickup,completed
ORD-0229333,R-0535,2025-09-18,35.76,app,pickup,completed
ORD-0229334,R-0535,2025-09-28,30.09,app,delivery,completed
ORD-0229335,R-0535,2025-09-29,19.23,app,pickup,completed
ORD-0229336,R-0535,2025-09-12,19.38,web,pickup,completed
ORD-0229337,R-0535,2025-09-06,17.16,web,delivery,completed
ORD-0229338,R-0535,2025-09-23,25.23,web,pickup,completed
ORD-0229339,R-0535,2025-09-13,20.72,app,pickup,completed
ORD-0229340,R-0535,2025-09-12,41.60,web,pickup,completed
ORD-0229341,R-0535,2025-09-15,37.46,app,delivery,completed
ORD-0229342,R-0535,2025-09-13,26.61,web,delivery,completed
ORD-0229343,R-0535,2025-09-01,21.75,app,pickup,Completed
ORD-0229344,R-0535,2025-09-19,32.85,app,delivery,completed
ORD-0229345,R-0535,2025-09-17,16.75,web,delivery,completed
ORD-0229346,R-0535,2025-09-17,34.72,app,pickup,completed
ORD-0229347,R-0535,2025-09-11,38.65,app,pickup,completed
ORD-0229348,R-0535,2025-09-27,29.74,web,pickup,completed
ORD-0229349,R-0535,2025-09-04,14.11,web,delivery,completed
ORD-0229350,R-0535,2025-09-09,17.49,web,pickup,completed
ORD-0229351,R-0535,2025-09-04,19.74,app,delivery,completed
ORD-0229352,R-0535,2025-09-14,25.09,web,pickup,completed
ORD-0229353,R-0535,2025-09-12,35.42,web,delivery,Cancelled
ORD-0229354,R-0535,2025-09-07,38.81,app,delivery,completed
ORD-0229355,R-0535,2025-09-05,24.41,web,delivery,completed
ORD-0229356,R-0535,2025-09-04,27.41,web,pickup,completed
ORD-0229357,R-0535,2025-09-06,31.70,app,pickup,completed
ORD-0229358,R-0535,2025-09-11,19.32,web,pickup,completed
ORD-0229794,R-0536,2025-09-19,17.66,app,delivery,completed
ORD-0229795,R-0536,2025-09-03,21.93,app,delivery,completed
ORD-0229796,R-0536,2025-09-24,32.17,web,delivery,completed
ORD-0229797,R-0536,2025-09-23,29.65,app,delivery,completed
ORD-0229798,R-0536,2025-09-07,26.45,app,delivery,completed
ORD-0229799,R-0536,2025-09-14,34.27,web,delivery,completed
ORD-0229800,R-0536,2025-09-20,53.59,web,delivery,completed
ORD-0229801,R-0536,2025-09-28,30.05,web,delivery,completed
ORD-0229802,R-0536,2025-09-26,20.74,app,delivery,completed
ORD-0229803,R-0536,2025-09-19,25.69,app,delivery,completed
ORD-0229804,R-0536,2025-09-19,15.75,app,pickup,refunded
ORD-0229805,R-0536,2025-09-21,34.26,app,delivery,completed
ORD-0229806,R-0536,2025-09-18,19.00,app,delivery,completed
ORD-0229807,R-0536,2025-09-24,18.77,app,delivery,completed
ORD-0229808,R-0536,2025-09-26,27.83,web,delivery,Completed
ORD-0229809,R-0536,2025-09-28,19.25,app,delivery,COMPLETED
ORD-0229810,R-0536,2025-09-10,22.28,app,delivery,completed
ORD-0229811,R-0536,2025-09-16,29.88,app,delivery,completed
ORD-0229812,R-0536,2025-09-28,28.88,web,delivery,Completed
ORD-0229813,R-0536,2025-09-16,18.89,web,delivery,completed
ORD-0229814,R-0536,2025-09-07,24.95,app,pickup,completed
ORD-0229815,R-0536,2025-09-25,23.35,app,delivery,completed
ORD-0229816,R-0536,2025-09-15,14.69,web,delivery,completed
ORD-0229817,R-0536,2025-09-07,23.85,app,pickup,completed
ORD-0229818,R-0536,2025-09-05,19.78,app,pickup,completed
ORD-0229819,R-0536,2025-09-21,16.19,app,delivery,completed
ORD-0229820,R-0536,2025-09-04,19.67,app,pickup,COMPLETED
ORD-0229821,R-0536,2025-09-01,15.97,app,pickup,COMPLETED
ORD-0229822,R-0536,2025-09-13,19.00,app,delivery,completed
ORD-0229823,R-0536,2025-09-22,16.68,app,delivery,Completed
ORD-0229824,R-0536,2025-09-21,16.94,app,delivery,COMPLETED
ORD-0229825,R-0536,2025-09-17,31.22,web,pickup,completed
ORD-0229826,R-0536,2025-09-11,18.78,app,delivery,completed
ORD-0229827,R-0536,2025-09-25,30.73,app,pickup,completed
ORD-0229828,R-0536,2025-09-26,42.48,app,delivery,completed
ORD-0229829,R-0536,2025-09-14,19.58,web,delivery,completed
ORD-0229830,R-0536,2025-09-06,30.19,web,delivery,completed
ORD-0229831,R-0536,2025-09-18,15.50,web,delivery,completed
ORD-0229832,R-0536,2025-09-01,23.83,web,delivery,completed
ORD-0229833,R-0536,2025-09-07,26.82,app,delivery,COMPLETED
ORD-0229834,R-0536,2025-09-26,55.59,app,delivery,completed
ORD-0229835,R-0536,2025-09-12,34.03,app,delivery,Completed
ORD-0229836,R-0536,2025-09-11,18.87,web,delivery,completed
ORD-0229837,R-0536,2025-09-04,9.48,app,delivery,completed
ORD-0229838,R-0536,2025-09-08,21.54,app,pickup,completed
ORD-0229839,R-0536,2025-09-05,28.31,app,delivery,completed
ORD-0229840,R-0536,2025-09-11,29.82,app,delivery,completed
ORD-0229841,R-0536,2025-09-17,18.96,app,delivery,completed
ORD-0229842,R-0536,2025-09-21,28.94,app,delivery,completed
ORD-0229843,R-0536,2025-09-05,29.73,web,delivery,completed
ORD-0229844,R-0536,2025-09-03,20.92,app,delivery,completed
ORD-0229845,R-0536,2025-09-28,22.20,web,delivery,completed
ORD-0229846,R-0536,2025-09-20,21.92,app,delivery,completed
ORD-0229847,R-0536,2025-09-26,26.50,app,delivery,completed
ORD-0229848,R-0536,2025-09-01,28.54,app,delivery,completed
ORD-0229849,R-0536,2025-09-07,24.60,app,delivery,completed
ORD-0229850,R-0536,2025-09-21,25.38,web,delivery,completed
ORD-0229851,R-0536,2025-09-28,24.89,web,delivery,COMPLETED
ORD-0229852,R-0536,2025-09-04,12.85,app,pickup,completed
ORD-0229853,R-0536,2025-09-04,24.07,app,pickup,completed
ORD-0229854,R-0536,2025-09-18,20.86,app,delivery,completed
ORD-0230815,R-0538,2025-09-14,47.36,web,delivery,completed
ORD-0230816,R-0538,2025-09-06,33.87,app,pickup,completed
ORD-0230817,R-0538,2025-09-21,23.24,app,pickup,completed
ORD-0230818,R-0538,2025-09-26,26.70,app,delivery,Completed
ORD-0230819,R-0538,2025-09-26,32.10,web,delivery,completed
ORD-0230820,R-0538,2025-09-03,21.94,app,delivery,completed
ORD-0230821,R-0538,2025-09-06,29.19,app,delivery,completed
ORD-0230822,R-0538,2025-09-17,19.30,app,delivery,completed
ORD-0230823,R-0538,2025-09-24,23.37,app,delivery,completed
ORD-0230824,R-0538,2025-09-03,25.52,web,delivery,completed
ORD-0230825,R-0538,2025-09-27,37.60,web,delivery,completed
ORD-0230826,R-0538,2025-09-24,23.75,web,delivery,completed
ORD-0230827,R-0538,2025-09-19,37.55,web,pickup,completed
ORD-0230828,R-0538,2025-09-13,20.06,app,pickup,completed
ORD-0230829,R-0538,2025-09-13,30.15,app,pickup,completed
ORD-0230830,R-0538,2025-09-21,33.23,web,delivery,completed
ORD-0230831,R-0538,2025-09-29,24.50,web,delivery,completed
ORD-0230832,R-0538,2025-09-02,31.77,app,pickup,completed
ORD-0230833,R-0538,2025-09-28,22.10,web,pickup,completed
ORD-0230834,R-0538,2025-09-23,21.71,web,delivery,completed
ORD-0230835,R-0538,2025-09-17,34.66,web,pickup,completed
ORD-0230836,R-0538,2025-09-24,24.87,web,pickup,completed
ORD-0230837,R-0538,2025-09-27,40.38,app,pickup,completed
ORD-0230838,R-0538,2025-09-20,32.44,app,pickup,COMPLETED
ORD-0230839,R-0538,2025-09-11,20.38,web,delivery,completed
ORD-0230840,R-0538,2025-09-13,51.29,app,pickup,completed
ORD-0230841,R-0538,2025-09-18,15.83,web,delivery,COMPLETED
ORD-0230842,R-0538,2025-09-06,35.51,app,delivery,completed
ORD-0230843,R-0538,2025-09-26,27.97,web,pickup,completed
ORD-0230844,R-0538,2025-09-13,28.84,web,delivery,completed
ORD-0230845,R-0538,2025-09-08,32.30,web,pickup,COMPLETED
ORD-0230846,R-0538,2025-09-20,25.21,app,pickup,completed
ORD-0230847,R-0538,2025-09-07,23.35,web,pickup,completed
ORD-0230848,R-0538,2025-09-18,30.29,app,delivery,completed
ORD-0230849,R-0538,2025-09-04,37.19,web,pickup,completed
ORD-0230850,R-0538,2025-09-14,17.57,app,pickup,completed
ORD-0230851,R-0538,2025-09-10,26.39,app,delivery,completed
ORD-0230852,R-0538,2025-09-30,19.45,web,pickup,completed
ORD-0230853,R-0538,2025-09-21,24.53,web,pickup,completed
ORD-0230854,R-0538,2025-09-26,29.44,web,pickup,completed
ORD-0230855,R-0538,2025-09-14,18.84,web,pickup,completed
ORD-0230856,R-0538,2025-09-27,24.81,web,delivery,completed
ORD-0230857,R-0538,2025-09-22,22.20,web,pickup,completed
ORD-0230858,R-0538,2025-09-06,23.60,app,delivery,completed
ORD-0230859,R-0538,2025-09-18,21.27,web,delivery,completed
ORD-0230860,R-0538,2025-09-29,26.11,app,pickup,completed
ORD-0230861,R-0538,2025-09-13,20.77,app,delivery,completed
ORD-0230862,R-0538,2025-09-06,38.56,app,pickup,completed
ORD-0230863,R-0538,2025-09-28,30.19,web,pickup,completed
ORD-0230864,R-0538,2025-09-22,28.90,app,delivery,completed
ORD-0230865,R-0538,2025-09-20,42.71,web,delivery,cancelled
ORD-0230866,R-0538,2025-09-08,20.89,web,pickup,completed
ORD-0230867,R-0538,2025-09-16,18.16,app,delivery,completed
ORD-0230868,R-0538,2025-09-07,40.37,app,pickup,completed
ORD-0230869,R-0538,2025-09-13,34.77,web,pickup,Completed
ORD-0230870,R-0538,2025-09-04,27.22,app,delivery,completed
ORD-0230871,R-0538,2025-09-19,62.69,web,pickup,Completed
ORD-0230872,R-0538,2025-09-17,34.63,web,delivery,refunded
ORD-0230873,R-0538,2025-09-23,20.98,web,delivery,completed
ORD-0230874,R-0538,2025-09-08,36.70,app,pickup,completed
ORD-0230875,R-0538,2025-09-20,29.17,web,pickup,completed
ORD-0230876,R-0538,2025-09-09,19.32,web,pickup,COMPLETED
ORD-0230877,R-0538,2025-09-13,28.83,app,pickup,completed
ORD-0230878,R-0538,2025-09-11,29.37,app,pickup,completed
ORD-0230879,R-0538,2025-09-23,43.88,web,pickup,completed
ORD-0230880,R-0538,2025-09-11,18.89,app,delivery,COMPLETED
ORD-0230881,R-0538,2025-09-07,22.81,web,pickup,COMPLETED
ORD-0230882,R-0538,2025-09-06,27.66,web,pickup,completed
ORD-0230883,R-0538,2025-09-06,28.04,web,pickup,Completed
ORD-0230884,R-0538,2025-09-16,33.13,web,delivery,completed
ORD-0230885,R-0538,2025-09-11,32.23,web,pickup,completed
ORD-0230886,R-0538,2025-09-08,46.01,app,pickup,completed
ORD-0230887,R-0538,2025-09-06,29.23,web,pickup,completed
ORD-0230888,R-0538,2025-09-05,35.20,app,pickup,completed
ORD-0230889,R-0538,2025-09-13,23.32,web,delivery,cancelled
ORD-0230890,R-0538,2025-09-19,45.11,app,pickup,cancelled
ORD-0230891,R-0538,2025-09-28,16.87,web,delivery,Cancelled
ORD-0230892,R-0538,2025-09-04,17.07,app,delivery,completed
ORD-0230893,R-0538,2025-09-28,24.82,web,pickup,Completed
ORD-0230894,R-0538,2025-09-28,33.32,app,pickup,completed
ORD-0230895,R-0538,2025-09-14,29.70,web,delivery,completed
ORD-0230896,R-0538,2025-09-09,30.79,app,delivery,completed
ORD-0230897,R-0538,2025-09-14,34.81,web,pickup,COMPLETED
ORD-0230898,R-0538,2025-09-15,25.44,web,delivery,completed
ORD-0230899,R-0538,2025-09-08,28.96,web,delivery,completed
ORD-0230900,R-0538,2025-09-18,22.44,app,delivery,completed
ORD-0230901,R-0538,2025-09-05,39.14,app,pickup,Completed
ORD-0230902,R-0538,2025-09-13,25.16,web,pickup,completed
ORD-0230903,R-0538,2025-09-26,19.08,app,delivery,completed
ORD-0230904,R-0538,2025-09-21,21.72,web,pickup,completed
ORD-0230905,R-0538,2025-09-13,30.58,app,pickup,completed
ORD-0230906,R-0538,2025-09-27,34.31,app,pickup,completed
ORD-0230907,R-0538,2025-09-12,30.71,app,delivery,completed
ORD-0230908,R-0538,2025-09-11,27.61,app,delivery,completed
ORD-0230909,R-0538,2025-09-20,21.79,web,delivery,completed
ORD-0230910,R-0538,2025-09-20,21.40,app,delivery,COMPLETED
ORD-0230911,R-0538,2025-09-22,45.06,app,delivery,COMPLETED
ORD-0230912,R-0538,2025-09-05,23.39,app,delivery,completed
ORD-0230913,R-0538,2025-09-15,25.33,app,pickup,completed
ORD-0230914,R-0538,2025-09-23,20.88,web,pickup,completed
ORD-0230915,R-0538,2025-09-03,35.37,app,delivery,completed
ORD-0230916,R-0538,2025-09-15,23.30,web,pickup,COMPLETED
ORD-0230917,R-0538,2025-09-13,36.64,app,pickup,cancelled
ORD-0230918,R-0538,2025-09-16,34.96,web,delivery,COMPLETED
ORD-0230919,R-0538,2025-09-06,29.32,web,delivery,CANCELLED
ORD-0230920,R-0538,2025-09-14,53.94,web,delivery,completed
ORD-0230921,R-0538,2025-09-18,24.67,web,pickup,completed
ORD-0230922,R-0538,2025-09-12,39.23,app,delivery,COMPLETED
ORD-0230923,R-0538,2025-09-12,19.47,web,pickup,completed
ORD-0230924,R-0538,2025-09-06,26.71,app,delivery,COMPLETED
ORD-0230925,R-0538,2025-09-25,25.45,web,delivery,completed
ORD-0230926,R-0538,2025-09-17,14.36,app,pickup,completed
ORD-0230927,R-0538,2025-09-10,24.60,app,delivery,completed
ORD-0230928,R-0538,2025-09-04,20.25,web,pickup,completed
ORD-0230929,R-0538,2025-09-05,18.77,app,delivery,completed
ORD-0230930,R-0538,2025-09-14,39.73,web,delivery,completed
ORD-0230931,R-0538,2025-09-19,18.46,app,pickup,completed
ORD-0230932,R-0538,2025-09-29,47.42,web,delivery,COMPLETED
ORD-0230933,R-0538,2025-09-20,26.67,app,pickup,completed
ORD-0230934,R-0538,2025-09-13,22.94,web,delivery,completed
ORD-0230935,R-0538,2025-09-15,28.99,app,delivery,cancelled
ORD-0230936,R-0538,2025-09-28,23.49,app,pickup,COMPLETED
ORD-0230937,R-0538,2025-09-19,21.52,web,delivery,completed
ORD-0230938,R-0538,2025-09-26,46.68,app,pickup,completed
ORD-0237813,R-0549,2025-09-10,9.06,web,pickup,Completed
ORD-0237814,R-0549,2025-09-20,14.22,web,delivery,completed
ORD-0237815,R-0549,2025-09-20,7.59,app,pickup,completed
ORD-0237816,R-0549,2025-09-25,30.49,web,delivery,completed
ORD-0237817,R-0549,2025-09-07,15.63,web,pickup,completed
ORD-0237818,R-0549,2025-09-27,13.17,web,delivery,completed
ORD-0237819,R-0549,2025-09-29,16.95,app,delivery,completed
ORD-0237820,R-0549,2025-09-21,32.62,web,delivery,completed
ORD-0237821,R-0549,2025-09-23,18.41,web,pickup,completed
ORD-0237822,R-0549,2025-09-11,13.62,web,pickup,completed
ORD-0237823,R-0549,2025-09-19,27.83,web,pickup,completed
ORD-0237824,R-0549,2025-09-29,28.06,web,delivery,completed
ORD-0237825,R-0549,2025-09-24,15.67,web,delivery,completed
ORD-0237826,R-0549,2025-09-24,14.46,web,pickup,cancelled
ORD-0237827,R-0549,2025-09-26,22.99,web,pickup,completed
ORD-0237828,R-0549,2025-09-13,24.45,app,delivery,completed
ORD-0237829,R-0549,2025-09-12,29.37,web,delivery,completed
ORD-0237830,R-0549,2025-09-15,6.68,app,delivery,completed
ORD-0237831,R-0549,2025-09-01,17.21,app,pickup,completed
ORD-0237832,R-0549,2025-09-06,25.70,web,delivery,completed
ORD-0237833,R-0549,2025-09-28,19.98,web,pickup,Completed
ORD-0237834,R-0549,2025-09-30,12.26,web,pickup,completed
ORD-0237835,R-0549,2025-09-28,31.24,web,delivery,completed
ORD-0237836,R-0549,2025-09-15,23.89,web,pickup,completed
ORD-0237837,R-0549,2025-09-16,17.16,app,delivery,completed
ORD-0237838,R-0549,2025-09-23,30.77,web,pickup,cancelled
ORD-0237839,R-0549,2025-09-11,12.94,web,delivery,completed
ORD-0237840,R-0549,2025-09-26,19.27,web,pickup,completed
ORD-0237841,R-0549,2025-09-27,17.82,app,pickup,completed
ORD-0237842,R-0549,2025-09-20,26.43,app,delivery,completed
ORD-0237843,R-0549,2025-09-07,16.36,web,pickup,Refunded
ORD-0237844,R-0549,2025-09-27,13.33,web,pickup,completed
ORD-0237845,R-0549,2025-09-27,23.38,web,pickup,completed
ORD-0237846,R-0549,2025-09-05,41.15,web,delivery,completed
ORD-0237847,R-0549,2025-09-25,18.65,app,delivery,completed
ORD-0237848,R-0549,2025-09-01,21.24,web,delivery,completed
ORD-0237849,R-0549,2025-09-27,24.53,web,pickup,completed
ORD-0237850,R-0549,2025-09-06,36.67,web,delivery,completed
ORD-0237851,R-0549,2025-09-19,18.16,web,pickup,completed
ORD-0237852,R-0549,2025-09-06,23.36,web,delivery,completed
ORD-0237853,R-0549,2025-09-03,15.82,app,delivery,COMPLETED
ORD-0237854,R-0549,2025-09-11,8.94,web,pickup,completed
ORD-0237855,R-0549,2025-09-11,21.76,web,delivery,COMPLETED
ORD-0237856,R-0549,2025-09-12,17.24,web,delivery,completed
ORD-0237857,R-0549,2025-09-03,23.96,web,pickup,Completed
ORD-0237858,R-0549,2025-09-18,14.72,web,pickup,completed
ORD-0237859,R-0549,2025-09-24,26.40,app,pickup,completed
ORD-0237860,R-0549,2025-09-02,25.09,web,pickup,Completed
ORD-0237861,R-0549,2025-09-19,22.29,app,pickup,completed
ORD-0237862,R-0549,2025-09-10,17.25,app,pickup,completed
ORD-0237863,R-0549,2025-09-22,13.38,app,pickup,completed
ORD-0237864,R-0549,2025-09-10,26.95,web,delivery,completed
ORD-0237865,R-0549,2025-09-26,17.79,app,delivery,completed
ORD-0237866,R-0549,2025-09-25,23.24,app,delivery,cancelled
ORD-0237867,R-0549,2025-09-16,17.04,web,delivery,completed
ORD-0237868,R-0549,2025-09-11,24.80,web,delivery,completed
ORD-0237869,R-0549,2025-09-25,21.44,web,delivery,completed
ORD-0237870,R-0549,2025-09-29,19.54,web,delivery,completed
ORD-0237871,R-0549,2025-09-26,24.73,app,pickup,completed
ORD-0237872,R-0549,2025-09-05,14.54,app,pickup,completed
ORD-0237873,R-0549,2025-09-08,20.62,web,pickup,completed
ORD-0237874,R-0549,2025-09-05,21.64,web,pickup,completed
ORD-0237875,R-0549,2025-09-28,10.80,web,delivery,completed
ORD-0237876,R-0549,2025-09-13,22.37,web,pickup,completed
ORD-0237877,R-0549,2025-09-04,17.44,app,pickup,completed
ORD-0237878,R-0549,2025-09-08,25.78,web,pickup,completed
ORD-0237879,R-0549,2025-09-27,19.57,web,delivery,COMPLETED
ORD-0237880,R-0549,2025-09-19,17.00,web,delivery,Completed
ORD-0237881,R-0549,2025-09-12,13.23,web,delivery,completed
ORD-0237882,R-0549,2025-09-20,19.88,web,pickup,completed
ORD-0237883,R-0549,2025-09-30,22.47,web,pickup,completed
ORD-0237884,R-0549,2025-09-09,10.27,web,delivery,completed
ORD-0237885,R-0549,2025-09-08,11.95,web,delivery,completed
ORD-0237886,R-0549,2025-09-20,23.99,web,pickup,COMPLETED
ORD-0237887,R-0549,2025-09-03,13.71,web,delivery,refunded
ORD-0238892,R-0550,2025-09-12,57.86,web,delivery,completed
ORD-0238893,R-0550,2025-09-06,65.59,app,pickup,completed
ORD-0238894,R-0550,2025-09-15,57.63,app,pickup,completed
ORD-0238895,R-0550,2025-09-13,49.74,web,delivery,completed
ORD-0238896,R-0550,2025-09-22,28.94,web,delivery,completed
ORD-0238897,R-0550,2025-09-06,50.81,app,delivery,completed
ORD-0238898,R-0550,2025-09-13,45.47,app,delivery,completed
ORD-0238899,R-0550,2025-09-17,25.13,app,pickup,completed
ORD-0238900,R-0550,2025-09-03,48.31,app,delivery,completed
ORD-0238901,R-0550,2025-09-23,27.30,app,delivery,completed
ORD-0238902,R-0550,2025-09-29,27.58,web,pickup,COMPLETED
ORD-0238903,R-0550,2025-09-06,28.50,app,delivery,completed
ORD-0238904,R-0550,2025-09-01,29.90,web,pickup,cancelled
ORD-0238905,R-0550,2025-09-07,44.47,app,pickup,cancelled
ORD-0238906,R-0550,2025-09-17,29.63,web,delivery,cancelled
ORD-0239148,R-0551,2025-09-25,35.40,app,pickup,completed
ORD-0239149,R-0551,2025-09-24,54.14,app,delivery,completed
ORD-0239150,R-0551,2025-09-13,34.15,app,pickup,completed
ORD-0239151,R-0551,2025-09-13,78.92,app,pickup,completed
ORD-0239152,R-0551,2025-09-27,35.16,app,pickup,completed
ORD-0239153,R-0551,2025-09-29,54.53,app,delivery,completed
ORD-0239154,R-0551,2025-09-13,46.64,app,pickup,completed
ORD-0239155,R-0551,2025-09-10,39.58,web,delivery,completed
ORD-0239156,R-0551,2025-09-10,37.01,app,pickup,completed
ORD-0239157,R-0551,2025-09-17,40.10,app,pickup,completed
ORD-0239158,R-0551,2025-09-09,44.02,app,delivery,completed
ORD-0239159,R-0551,2025-09-26,98.84,app,delivery,completed
ORD-0239160,R-0551,2025-09-13,32.87,web,delivery,COMPLETED
ORD-0239161,R-0551,2025-09-16,52.22,app,pickup,completed
ORD-0239162,R-0551,2025-09-30,46.79,web,delivery,cancelled
ORD-0239163,R-0551,2025-09-09,30.73,web,delivery,completed
ORD-0239164,R-0551,2025-09-23,33.04,app,delivery,Completed
ORD-0239165,R-0551,2025-09-24,75.86,app,delivery,completed
ORD-0239166,R-0551,2025-09-29,21.41,app,delivery,completed
ORD-0239167,R-0551,2025-09-29,31.32,app,delivery,completed
ORD-0239168,R-0551,2025-09-01,55.02,app,pickup,Completed
ORD-0239169,R-0551,2025-09-12,53.48,app,delivery,completed
ORD-0239170,R-0551,2025-09-25,42.26,app,pickup,Completed
ORD-0239171,R-0551,2025-09-27,80.88,web,pickup,completed
ORD-0239172,R-0551,2025-09-19,94.80,app,delivery,completed
ORD-0239173,R-0551,2025-09-27,16.67,app,delivery,COMPLETED
ORD-0239174,R-0551,2025-09-07,32.12,app,delivery,completed
ORD-0239175,R-0551,2025-09-13,37.07,app,pickup,completed
ORD-0239176,R-0551,2025-09-29,140.10,app,delivery,completed
ORD-0239177,R-0551,2025-09-22,42.61,app,delivery,completed
ORD-0239178,R-0551,2025-09-15,30.25,app,pickup,COMPLETED
ORD-0239179,R-0551,2025-09-14,39.88,web,delivery,completed
ORD-0239180,R-0551,2025-09-14,61.75,web,delivery,cancelled
ORD-0239181,R-0551,2025-09-04,22.18,web,pickup,completed
ORD-0239182,R-0551,2025-09-11,22.71,web,delivery,Completed
ORD-0239183,R-0551,2025-09-12,54.31,web,delivery,completed
ORD-0239184,R-0551,2025-09-19,49.78,web,pickup,COMPLETED
ORD-0239185,R-0551,2025-09-22,21.56,web,delivery,completed
ORD-0239186,R-0551,2025-09-16,12.28,app,delivery,completed
ORD-0239187,R-0551,2025-09-03,38.09,app,delivery,completed
ORD-0239188,R-0551,2025-09-20,21.08,web,delivery,completed
ORD-0239189,R-0551,2025-09-05,45.96,app,delivery,COMPLETED
ORD-0239190,R-0551,2025-09-22,31.04,web,pickup,completed
ORD-0239191,R-0551,2025-09-29,9.28,app,pickup,completed
ORD-0239192,R-0551,2025-09-16,32.17,app,pickup,Completed
ORD-0239193,R-0551,2025-09-28,16.85,app,delivery,completed
ORD-0239194,R-0551,2025-09-13,36.93,web,pickup,COMPLETED
ORD-0239195,R-0551,2025-09-06,15.20,web,pickup,completed
ORD-0239196,R-0551,2025-09-07,72.55,web,delivery,completed
ORD-0239197,R-0551,2025-09-19,45.29,app,delivery,Completed
ORD-0239198,R-0551,2025-09-11,72.85,app,pickup,COMPLETED
ORD-0239199,R-0551,2025-09-11,20.87,app,pickup,completed
ORD-0239200,R-0551,2025-09-08,14.62,app,delivery,completed
ORD-0239201,R-0551,2025-09-30,86.73,web,pickup,completed
ORD-0239202,R-0551,2025-09-17,44.25,app,pickup,completed
ORD-0239203,R-0551,2025-09-01,42.03,app,delivery,completed
ORD-0240666,R-0553,2025-09-25,26.15,app,delivery,completed
ORD-0240667,R-0553,2025-09-24,39.20,app,delivery,completed
ORD-0240668,R-0553,2025-09-25,26.65,web,pickup,completed
ORD-0240669,R-0553,2025-09-16,20.54,app,pickup,Completed
ORD-0240670,R-0553,2025-09-13,27.08,app,pickup,completed
ORD-0240671,R-0553,2025-09-12,22.49,app,pickup,Completed
ORD-0240672,R-0553,2025-09-10,12.55,web,pickup,completed
ORD-0240673,R-0553,2025-09-30,20.68,app,pickup,completed
ORD-0240674,R-0553,2025-09-05,33.66,web,delivery,completed
ORD-0240675,R-0553,2025-09-12,19.20,web,pickup,refunded
ORD-0240676,R-0553,2025-09-27,50.23,app,delivery,completed
ORD-0240677,R-0553,2025-09-11,18.57,app,delivery,completed
ORD-0240678,R-0553,2025-09-12,16.79,app,pickup,COMPLETED
ORD-0240679,R-0553,2025-09-09,22.26,web,delivery,COMPLETED
ORD-0240680,R-0553,2025-09-19,45.06,app,delivery,completed
ORD-0240681,R-0553,2025-09-10,22.26,web,delivery,completed
ORD-0240682,R-0553,2025-09-12,11.82,web,delivery,completed
ORD-0240683,R-0553,2025-09-09,26.46,app,delivery,completed
ORD-0240684,R-0553,2025-09-07,19.32,app,pickup,completed
ORD-0240685,R-0553,2025-09-11,27.24,web,pickup,completed
ORD-0240686,R-0553,2025-09-01,18.34,app,pickup,completed
ORD-0240687,R-0553,2025-09-22,28.41,app,pickup,completed
ORD-0240688,R-0553,2025-09-08,45.15,app,pickup,completed
ORD-0240689,R-0553,2025-09-06,30.76,app,pickup,completed
ORD-0240690,R-0553,2025-09-13,18.83,web,pickup,COMPLETED
ORD-0240691,R-0553,2025-09-04,26.87,app,delivery,COMPLETED
ORD-0240692,R-0553,2025-09-23,39.70,web,pickup,completed
ORD-0240693,R-0553,2025-09-08,19.83,web,pickup,completed
ORD-0240694,R-0553,2025-09-29,21.34,app,pickup,Completed
ORD-0240695,R-0553,2025-09-23,19.43,app,pickup,completed
ORD-0240696,R-0553,2025-09-15,27.35,web,pickup,completed
ORD-0240697,R-0553,2025-09-24,22.23,app,pickup,completed
ORD-0240698,R-0553,2025-09-11,25.25,app,delivery,Completed
ORD-0240699,R-0553,2025-09-13,17.49,web,pickup,completed
ORD-0240700,R-0553,2025-09-12,25.14,app,pickup,completed
ORD-0240701,R-0553,2025-09-28,32.39,web,delivery,completed
ORD-0240702,R-0553,2025-09-06,36.47,app,pickup,completed
ORD-0240703,R-0553,2025-09-22,23.51,web,pickup,completed
ORD-0240704,R-0553,2025-09-07,47.05,app,delivery,completed
ORD-0240705,R-0553,2025-09-23,14.87,app,delivery,completed
ORD-0240706,R-0553,2025-09-26,16.51,web,pickup,completed
ORD-0240707,R-0553,2025-09-03,19.98,web,delivery,completed
ORD-0240708,R-0553,2025-09-06,21.79,app,pickup,completed
ORD-0240709,R-0553,2025-09-30,45.32,web,pickup,completed
ORD-0240710,R-0553,2025-09-15,20.18,web,pickup,completed
ORD-0240711,R-0553,2025-09-19,29.19,app,pickup,completed
ORD-0240712,R-0553,2025-09-04,32.67,web,pickup,COMPLETED
ORD-0240713,R-0553,2025-09-14,34.93,app,pickup,completed
ORD-0240714,R-0553,2025-09-23,19.71,web,pickup,completed
ORD-0240715,R-0553,2025-09-06,17.59,web,delivery,completed
ORD-0240716,R-0553,2025-09-28,14.57,web,pickup,Completed
ORD-0240717,R-0553,2025-09-30,33.10,app,pickup,completed
ORD-0240718,R-0553,2025-09-22,18.94,web,delivery,completed
ORD-0240719,R-0553,2025-09-06,38.64,app,pickup,completed
ORD-0240720,R-0553,2025-09-21,31.91,web,pickup,completed
ORD-0240721,R-0553,2025-09-25,30.57,web,pickup,completed
ORD-0240722,R-0553,2025-09-24,20.40,web,delivery,COMPLETED
ORD-0240723,R-0553,2025-09-04,18.46,web,delivery,completed
ORD-0240724,R-0553,2025-09-24,44.66,web,delivery,completed
ORD-0240725,R-0553,2025-09-16,28.96,app,pickup,completed
ORD-0240726,R-0553,2025-09-20,34.03,web,pickup,completed
ORD-0240727,R-0553,2025-09-25,24.39,app,pickup,completed
ORD-0240728,R-0553,2025-09-19,20.45,web,delivery,completed
ORD-0240729,R-0553,2025-09-13,34.69,web,pickup,completed
ORD-0240730,R-0553,2025-09-05,30.16,app,pickup,completed
ORD-0240731,R-0553,2025-09-18,20.36,web,delivery,completed
ORD-0240732,R-0553,2025-09-05,27.69,web,delivery,completed
ORD-0240733,R-0553,2025-09-06,41.84,web,delivery,Completed
ORD-0240734,R-0553,2025-09-24,35.33,app,pickup,completed
ORD-0240735,R-0553,2025-09-12,29.09,app,delivery,cancelled
ORD-0240736,R-0553,2025-09-04,45.14,web,pickup,completed
ORD-0240737,R-0553,2025-09-29,26.44,web,pickup,completed
ORD-0240738,R-0553,2025-09-07,34.71,app,pickup,completed
ORD-0240739,R-0553,2025-09-20,21.42,app,delivery,completed
ORD-0240740,R-0553,2025-09-12,19.88,app,pickup,completed
ORD-0240741,R-0553,2025-09-26,35.48,web,pickup,completed
ORD-0240742,R-0553,2025-09-03,28.59,web,pickup,completed
ORD-0240743,R-0553,2025-09-09,26.05,app,delivery,Completed
ORD-0240744,R-0553,2025-09-14,40.11,web,pickup,completed
ORD-0240745,R-0553,2025-09-07,22.00,app,delivery,cancelled
ORD-0240746,R-0553,2025-09-14,25.91,app,pickup,COMPLETED
ORD-0240747,R-0553,2025-09-19,26.66,app,delivery,COMPLETED
ORD-0240748,R-0553,2025-09-06,18.96,web,delivery,completed
ORD-0240749,R-0553,2025-09-11,19.71,web,pickup,completed
ORD-0240750,R-0553,2025-09-11,26.23,web,pickup,completed
ORD-0240751,R-0553,2025-09-06,24.33,web,pickup,completed
ORD-0240752,R-0553,2025-09-18,26.01,app,delivery,completed
ORD-0240753,R-0553,2025-09-23,14.10,app,pickup,refunded
ORD-0240754,R-0553,2025-09-13,32.93,web,pickup,completed
ORD-0240755,R-0553,2025-09-20,28.68,web,delivery,completed
ORD-0240756,R-0553,2025-09-26,20.14,app,pickup,completed
ORD-0240757,R-0553,2025-09-14,34.13,web,pickup,completed
ORD-0240758,R-0553,2025-09-26,23.76,app,delivery,completed
ORD-0240759,R-0553,2025-09-09,36.47,app,delivery,completed
ORD-0240760,R-0553,2025-09-29,31.07,app,delivery,completed
ORD-0240761,R-0553,2025-09-20,29.43,app,pickup,COMPLETED
ORD-0240762,R-0553,2025-09-11,22.65,app,delivery,completed
ORD-0240763,R-0553,2025-09-20,35.75,app,pickup,completed
ORD-0240764,R-0553,2025-09-17,52.76,web,pickup,completed
ORD-0240765,R-0553,2025-09-13,23.51,app,delivery,completed
ORD-0240766,R-0553,2025-09-04,28.61,app,delivery,completed
ORD-0242778,R-0560,2025-09-27,27.54,app,pickup,completed
ORD-0242779,R-0560,2025-09-05,38.93,app,pickup,completed
ORD-0242780,R-0560,2025-09-05,61.08,app,pickup,COMPLETED
ORD-0242781,R-0560,2025-09-28,27.70,app,pickup,completed
ORD-0242782,R-0560,2025-09-05,47.01,app,pickup,completed
ORD-0242783,R-0560,2025-09-26,31.43,app,pickup,completed
ORD-0242784,R-0560,2025-09-11,32.26,app,pickup,completed
ORD-0242785,R-0560,2025-09-18,43.45,app,pickup,completed
ORD-0242786,R-0560,2025-09-16,19.50,app,pickup,completed
ORD-0242787,R-0560,2025-09-05,30.06,app,pickup,Cancelled
ORD-0242788,R-0560,2025-09-28,39.99,app,pickup,completed
ORD-0242789,R-0560,2025-09-21,23.55,app,pickup,completed
ORD-0242790,R-0560,2025-09-18,23.76,app,delivery,completed
ORD-0242791,R-0560,2025-09-18,12.95,app,pickup,completed
ORD-0242792,R-0560,2025-09-13,34.55,app,pickup,completed
ORD-0242793,R-0560,2025-09-11,57.32,web,pickup,COMPLETED
ORD-0242794,R-0560,2025-09-07,12.69,app,pickup,completed
ORD-0242795,R-0560,2025-09-16,28.18,app,pickup,COMPLETED
ORD-0242796,R-0560,2025-09-04,41.06,web,delivery,completed
ORD-0242797,R-0560,2025-09-14,25.99,app,pickup,completed
ORD-0242798,R-0560,2025-09-15,28.17,web,pickup,completed
ORD-0242799,R-0560,2025-09-13,27.64,app,pickup,completed
ORD-0242800,R-0560,2025-09-02,23.74,web,pickup,completed
ORD-0242801,R-0560,2025-09-12,11.83,web,pickup,completed
ORD-0242802,R-0560,2025-09-14,33.89,app,pickup,COMPLETED
ORD-0242803,R-0560,2025-09-23,26.05,app,delivery,completed
ORD-0242804,R-0560,2025-09-06,16.32,web,pickup,completed
ORD-0242805,R-0560,2025-09-04,20.21,web,delivery,COMPLETED
ORD-0242806,R-0560,2025-09-26,69.10,web,pickup,completed
ORD-0242807,R-0560,2025-09-05,40.29,web,pickup,completed
ORD-0242808,R-0560,2025-09-14,30.14,app,pickup,completed
ORD-0242809,R-0560,2025-09-23,17.92,app,pickup,completed
ORD-0242810,R-0560,2025-09-14,61.12,app,pickup,cancelled
ORD-0242811,R-0560,2025-09-12,14.10,app,pickup,completed
ORD-0242812,R-0560,2025-09-19,23.68,app,delivery,cancelled
ORD-0242813,R-0560,2025-09-18,17.08,web,pickup,completed
ORD-0244993,R-0568,2025-09-23,41.87,web,delivery,completed
ORD-0244994,R-0568,2025-09-26,46.93,app,pickup,completed
ORD-0244995,R-0568,2025-09-12,53.46,app,delivery,completed
ORD-0244996,R-0568,2025-09-09,20.37,web,pickup,completed
ORD-0244997,R-0568,2025-09-07,31.46,web,delivery,completed
ORD-0244998,R-0568,2025-09-05,55.17,app,delivery,completed
ORD-0244999,R-0568,2025-09-07,61.54,web,delivery,completed
ORD-0245000,R-0568,2025-09-19,60.59,app,pickup,completed
ORD-0245001,R-0568,2025-09-22,54.52,app,pickup,completed
ORD-0245002,R-0568,2025-09-04,70.82,app,pickup,completed
ORD-0245003,R-0568,2025-09-13,46.49,app,pickup,completed
ORD-0245004,R-0568,2025-09-02,35.72,web,delivery,completed
ORD-0245005,R-0568,2025-09-05,52.42,app,pickup,completed
ORD-0245006,R-0568,2025-09-23,17.95,app,delivery,completed
ORD-0245007,R-0568,2025-09-12,49.71,app,delivery,COMPLETED
ORD-0245008,R-0568,2025-09-08,63.37,app,pickup,cancelled
ORD-0245009,R-0568,2025-09-04,38.91,app,delivery,completed
ORD-0245010,R-0568,2025-09-09,55.65,app,delivery,Completed
ORD-0245011,R-0568,2025-09-15,37.29,web,delivery,refunded
ORD-0245012,R-0568,2025-09-27,49.76,app,pickup,completed
ORD-0245013,R-0568,2025-09-07,48.03,app,delivery,completed
ORD-0245014,R-0568,2025-09-04,49.23,app,pickup,completed
ORD-0245015,R-0568,2025-09-09,57.00,app,delivery,completed
ORD-0245016,R-0568,2025-09-26,46.74,app,delivery,completed
ORD-0245017,R-0568,2025-09-12,28.71,app,pickup,completed
ORD-0245018,R-0568,2025-09-26,37.74,web,pickup,completed
ORD-0245019,R-0568,2025-09-29,93.33,app,pickup,completed
ORD-0245020,R-0568,2025-09-28,43.54,web,pickup,completed
ORD-0245021,R-0568,2025-09-09,66.31,web,pickup,completed
ORD-0245022,R-0568,2025-09-13,84.12,web,delivery,completed
ORD-0245023,R-0568,2025-09-03,34.83,app,pickup,completed
ORD-0245024,R-0568,2025-09-26,82.44,app,pickup,completed
ORD-0245025,R-0568,2025-09-04,29.47,web,delivery,completed
ORD-0245026,R-0568,2025-09-24,86.08,app,delivery,completed
ORD-0245027,R-0568,2025-09-05,28.33,app,pickup,completed
ORD-0245028,R-0568,2025-09-18,42.44,app,pickup,completed
ORD-0245029,R-0568,2025-09-02,41.23,app,delivery,completed
ORD-0245030,R-0568,2025-09-05,42.35,app,delivery,completed
ORD-0245031,R-0568,2025-09-20,52.66,app,pickup,completed
ORD-0245032,R-0568,2025-09-08,85.81,app,delivery,COMPLETED
ORD-0245033,R-0568,2025-09-07,47.81,app,delivery,completed
ORD-0245034,R-0568,2025-09-10,34.57,web,pickup,completed
ORD-0245035,R-0568,2025-09-07,36.41,app,delivery,completed
ORD-0245036,R-0568,2025-09-08,27.76,app,pickup,completed
ORD-0245037,R-0568,2025-09-05,127.36,app,pickup,completed
ORD-0245038,R-0568,2025-09-12,74.75,app,pickup,completed
ORD-0245039,R-0568,2025-09-26,56.75,app,pickup,Completed
ORD-0245040,R-0568,2025-09-22,29.11,web,pickup,Completed
ORD-0245041,R-0568,2025-09-23,28.09,app,delivery,completed
ORD-0245042,R-0568,2025-09-03,49.29,web,pickup,completed
ORD-0245043,R-0568,2025-09-28,69.85,web,delivery,completed
ORD-0245044,R-0568,2025-09-14,28.66,app,delivery,completed
ORD-0245045,R-0568,2025-09-19,37.37,app,delivery,completed
ORD-0245046,R-0568,2025-09-05,38.14,web,delivery,completed
ORD-0245047,R-0568,2025-09-08,82.05,app,delivery,completed
ORD-0245048,R-0568,2025-09-29,60.92,app,pickup,COMPLETED
ORD-0245049,R-0568,2025-09-04,46.29,app,pickup,completed
ORD-0245050,R-0568,2025-09-13,50.87,app,delivery,completed
ORD-0245051,R-0568,2025-09-24,62.14,app,pickup,completed
ORD-0245052,R-0568,2025-09-28,33.28,web,delivery,completed
ORD-0245053,R-0568,2025-09-23,78.11,web,delivery,completed
ORD-0245054,R-0568,2025-09-14,48.89,app,delivery,completed
ORD-0245055,R-0568,2025-09-26,41.50,web,delivery,COMPLETED
ORD-0245056,R-0568,2025-09-25,35.14,app,pickup,completed
ORD-0245057,R-0568,2025-09-03,50.14,app,pickup,completed
ORD-0245058,R-0568,2025-09-14,49.67,app,delivery,completed
ORD-0245059,R-0568,2025-09-02,54.10,app,delivery,completed
ORD-0245060,R-0568,2025-09-22,35.61,web,pickup,completed
ORD-0245061,R-0568,2025-09-20,37.47,app,delivery,completed
ORD-0245062,R-0568,2025-09-24,40.41,app,pickup,completed
ORD-0245063,R-0568,2025-09-15,49.64,web,pickup,completed
ORD-0245064,R-0568,2025-09-04,55.03,web,delivery,completed
ORD-0245065,R-0568,2025-09-07,43.76,app,pickup,completed
ORD-0245066,R-0568,2025-09-17,27.27,app,delivery,cancelled
ORD-0245067,R-0568,2025-09-17,54.45,app,delivery,completed
ORD-0245068,R-0568,2025-09-07,44.53,app,pickup,completed
ORD-0245069,R-0568,2025-09-25,82.73,web,pickup,completed
ORD-0245070,R-0568,2025-09-08,63.95,app,pickup,completed
ORD-0245071,R-0568,2025-09-14,59.26,web,delivery,completed
ORD-0245072,R-0568,2025-09-20,48.91,app,delivery,completed
ORD-0245073,R-0568,2025-09-21,66.22,app,delivery,COMPLETED
ORD-0245074,R-0568,2025-09-13,43.78,app,delivery,completed
ORD-0245075,R-0568,2025-09-08,71.66,app,pickup,completed
ORD-0245076,R-0568,2025-09-30,64.09,web,pickup,completed
ORD-0245077,R-0568,2025-09-20,65.67,app,pickup,Completed
ORD-0246918,R-0577,2025-09-24,36.14,web,delivery,completed
ORD-0246919,R-0577,2025-09-18,57.09,web,delivery,COMPLETED
ORD-0246920,R-0577,2025-09-20,40.40,web,delivery,completed
ORD-0246921,R-0577,2025-09-29,34.85,app,pickup,COMPLETED
ORD-0246922,R-0577,2025-09-30,30.57,web,delivery,COMPLETED
ORD-0246923,R-0577,2025-09-27,24.59,app,pickup,completed
ORD-0246924,R-0577,2025-09-29,50.41,web,delivery,completed
ORD-0248043,R-0579,2025-09-27,45.07,web,delivery,COMPLETED
ORD-0248044,R-0579,2025-09-10,46.62,app,delivery,completed
ORD-0248045,R-0579,2025-09-09,22.16,app,delivery,completed
ORD-0248046,R-0579,2025-09-27,18.57,web,delivery,completed
ORD-0248047,R-0579,2025-09-17,33.34,app,pickup,completed
ORD-0248048,R-0579,2025-09-20,24.34,app,pickup,completed
ORD-0248049,R-0579,2025-09-28,27.95,app,pickup,completed
ORD-0248050,R-0579,2025-09-06,18.06,app,pickup,completed
ORD-0248051,R-0579,2025-09-01,9.36,web,delivery,completed
ORD-0248052,R-0579,2025-09-04,48.72,app,delivery,completed
ORD-0248053,R-0579,2025-09-25,20.17,app,delivery,completed
ORD-0248054,R-0579,2025-09-07,25.95,app,delivery,completed
ORD-0248055,R-0579,2025-09-19,38.06,web,delivery,completed
ORD-0248056,R-0579,2025-09-09,27.03,web,delivery,Completed
ORD-0248057,R-0579,2025-09-19,25.44,web,delivery,completed
ORD-0248058,R-0579,2025-09-13,49.21,app,delivery,Cancelled
ORD-0248059,R-0579,2025-09-15,14.50,app,delivery,completed
ORD-0248060,R-0579,2025-09-15,24.59,app,pickup,completed
ORD-0248061,R-0579,2025-09-05,30.39,app,delivery,completed
ORD-0248062,R-0579,2025-09-28,20.51,web,delivery,completed
ORD-0248063,R-0579,2025-09-10,28.62,app,delivery,completed
ORD-0248064,R-0579,2025-09-21,41.09,web,delivery,completed
ORD-0248065,R-0579,2025-09-28,44.69,app,pickup,completed
ORD-0248066,R-0579,2025-09-02,23.42,web,delivery,COMPLETED
ORD-0248067,R-0579,2025-09-08,70.88,app,delivery,completed
ORD-0248068,R-0579,2025-09-06,48.18,web,delivery,cancelled
ORD-0248069,R-0579,2025-09-07,26.24,app,delivery,completed
ORD-0248070,R-0579,2025-09-24,12.48,app,delivery,Completed
ORD-0248071,R-0579,2025-09-19,14.32,app,delivery,completed
ORD-0248072,R-0579,2025-09-27,22.20,app,delivery,completed
ORD-0248073,R-0579,2025-09-18,19.14,app,delivery,completed
ORD-0248074,R-0579,2025-09-26,20.08,app,delivery,completed
ORD-0248075,R-0579,2025-09-23,29.36,app,delivery,completed
ORD-0248076,R-0579,2025-09-13,30.20,app,delivery,completed
ORD-0248077,R-0579,2025-09-15,27.27,app,pickup,completed
ORD-0248078,R-0579,2025-09-21,34.39,app,delivery,completed
ORD-0248079,R-0579,2025-09-18,21.89,app,delivery,completed
ORD-0248080,R-0579,2025-09-27,25.52,app,delivery,cancelled
ORD-0248081,R-0579,2025-09-10,37.99,app,delivery,completed
ORD-0248082,R-0579,2025-09-04,31.56,app,pickup,completed
ORD-0248083,R-0579,2025-09-06,30.18,app,delivery,completed
ORD-0248084,R-0579,2025-09-07,20.75,web,pickup,completed
ORD-0248085,R-0579,2025-09-18,17.02,app,delivery,completed
ORD-0248086,R-0579,2025-09-20,25.20,app,delivery,completed
ORD-0248087,R-0579,2025-09-10,16.72,web,delivery,completed
ORD-0248088,R-0579,2025-09-12,56.98,app,pickup,Completed
ORD-0248089,R-0579,2025-09-25,24.19,app,delivery,completed
ORD-0248090,R-0579,2025-09-29,16.24,app,pickup,completed
ORD-0248670,R-0580,2025-09-06,28.94,web,delivery,completed
ORD-0248671,R-0580,2025-09-09,28.21,web,delivery,Completed
ORD-0248672,R-0580,2025-09-11,47.88,web,delivery,completed
ORD-0248673,R-0580,2025-09-14,38.30,web,delivery,completed
ORD-0248674,R-0580,2025-09-16,45.29,app,pickup,completed
ORD-0248675,R-0580,2025-09-25,43.46,web,delivery,completed
ORD-0248676,R-0580,2025-09-01,54.42,app,delivery,completed
ORD-0248677,R-0580,2025-09-22,55.94,app,delivery,completed
ORD-0248678,R-0580,2025-09-18,40.30,web,delivery,completed
ORD-0248679,R-0580,2025-09-16,13.20,app,delivery,completed
ORD-0248680,R-0580,2025-09-13,30.72,web,pickup,Completed
ORD-0249062,R-0585,2025-09-26,24.94,app,pickup,completed
ORD-0249063,R-0585,2025-09-26,29.51,app,delivery,completed
ORD-0249064,R-0585,2025-09-14,24.89,app,delivery,completed
ORD-0249065,R-0585,2025-09-19,24.61,app,delivery,completed
ORD-0249066,R-0585,2025-09-13,29.95,app,delivery,completed
ORD-0249067,R-0585,2025-09-18,33.79,app,delivery,COMPLETED
ORD-0249068,R-0585,2025-09-10,34.46,web,delivery,cancelled
ORD-0249069,R-0585,2025-09-23,53.13,app,delivery,completed
ORD-0249070,R-0585,2025-09-02,52.67,app,delivery,COMPLETED
ORD-0249071,R-0585,2025-09-25,37.88,web,delivery,completed
ORD-0249072,R-0585,2025-09-13,53.61,web,pickup,completed
ORD-0249073,R-0585,2025-09-20,23.55,app,delivery,completed
ORD-0249074,R-0585,2025-09-08,30.45,web,delivery,completed
ORD-0249075,R-0585,2025-09-10,17.81,app,delivery,COMPLETED
ORD-0249076,R-0585,2025-09-22,31.90,app,delivery,completed
ORD-0249077,R-0585,2025-09-05,34.70,web,delivery,completed
ORD-0249078,R-0585,2025-09-20,38.33,app,delivery,completed
ORD-0249079,R-0585,2025-09-30,30.55,web,delivery,COMPLETED
ORD-0249080,R-0585,2025-09-29,20.80,app,delivery,COMPLETED
ORD-0249081,R-0585,2025-09-09,33.29,app,delivery,completed
ORD-0249082,R-0585,2025-09-12,18.01,app,pickup,completed
ORD-0249083,R-0585,2025-09-28,66.40,web,delivery,completed
ORD-0249084,R-0585,2025-09-24,31.35,app,pickup,completed
ORD-0249085,R-0585,2025-09-05,34.02,app,delivery,completed
ORD-0249086,R-0585,2025-09-11,19.09,app,delivery,completed
ORD-0249087,R-0585,2025-09-27,26.44,app,pickup,completed
ORD-0249088,R-0585,2025-09-13,17.34,app,pickup,completed
ORD-0249089,R-0585,2025-09-06,69.62,app,pickup,completed
ORD-0249090,R-0585,2025-09-15,32.32,app,delivery,completed
ORD-0249091,R-0585,2025-09-29,40.60,web,delivery,completed
ORD-0249092,R-0585,2025-09-15,38.15,web,pickup,COMPLETED
ORD-0249093,R-0585,2025-09-19,30.24,app,pickup,completed
ORD-0249094,R-0585,2025-09-12,25.57,app,pickup,completed
ORD-0249095,R-0585,2025-09-25,32.65,app,delivery,completed
ORD-0249096,R-0585,2025-09-18,25.46,web,pickup,completed
ORD-0249097,R-0585,2025-09-20,21.47,web,delivery,completed
ORD-0249810,R-0586,2025-09-30,20.25,app,pickup,completed
ORD-0249811,R-0586,2025-09-14,15.53,web,delivery,completed
ORD-0249812,R-0586,2025-09-21,28.67,web,pickup,completed
ORD-0249813,R-0586,2025-09-22,16.10,app,delivery,completed
ORD-0249814,R-0586,2025-09-18,21.76,web,pickup,completed
ORD-0249815,R-0586,2025-09-14,26.52,web,pickup,completed
ORD-0249816,R-0586,2025-09-30,14.24,app,delivery,completed
ORD-0249817,R-0586,2025-09-04,17.43,app,pickup,completed
ORD-0249818,R-0586,2025-09-19,29.96,web,delivery,completed
ORD-0249819,R-0586,2025-09-19,21.03,app,pickup,completed
ORD-0249820,R-0586,2025-09-01,25.25,app,delivery,completed
ORD-0249821,R-0586,2025-09-19,26.73,app,pickup,completed
ORD-0249822,R-0586,2025-09-25,18.26,app,delivery,completed
ORD-0249823,R-0586,2025-09-17,29.97,app,pickup,completed
ORD-0249824,R-0586,2025-09-14,18.01,app,delivery,COMPLETED
ORD-0249825,R-0586,2025-09-07,30.72,web,pickup,completed
ORD-0249826,R-0586,2025-09-10,53.45,web,delivery,completed
ORD-0249827,R-0586,2025-09-07,24.77,web,pickup,Refunded
ORD-0249828,R-0586,2025-09-27,21.12,web,delivery,refunded
ORD-0249829,R-0586,2025-09-12,29.73,app,pickup,COMPLETED
ORD-0249830,R-0586,2025-09-11,11.91,app,pickup,completed
ORD-0249831,R-0586,2025-09-02,10.82,app,pickup,COMPLETED
ORD-0249832,R-0586,2025-09-13,15.19,app,delivery,completed
ORD-0249833,R-0586,2025-09-19,30.84,app,pickup,completed
ORD-0249834,R-0586,2025-09-10,23.84,web,pickup,completed
ORD-0249835,R-0586,2025-09-23,19.66,app,delivery,completed
ORD-0249836,R-0586,2025-09-01,17.87,web,pickup,cancelled
ORD-0249837,R-0586,2025-09-27,19.28,app,delivery,completed
ORD-0249838,R-0586,2025-09-14,20.98,web,pickup,completed
ORD-0249839,R-0586,2025-09-28,19.51,app,delivery,completed
ORD-0249840,R-0586,2025-09-30,12.11,app,delivery,completed
ORD-0249841,R-0586,2025-09-16,27.95,web,pickup,completed
ORD-0249842,R-0586,2025-09-06,29.35,app,pickup,completed
ORD-0249843,R-0586,2025-09-26,26.48,app,pickup,completed
ORD-0249844,R-0586,2025-09-15,21.15,app,pickup,completed
ORD-0249845,R-0586,2025-09-11,29.56,app,delivery,completed
ORD-0249846,R-0586,2025-09-22,21.61,app,delivery,completed
ORD-0249847,R-0586,2025-09-25,17.97,app,pickup,completed
ORD-0249848,R-0586,2025-09-21,12.12,web,pickup,completed
ORD-0249849,R-0586,2025-09-12,23.05,web,delivery,completed
ORD-0249850,R-0586,2025-09-25,24.11,app,pickup,Refunded
ORD-0251008,R-0589,2025-09-05,9.82,web,delivery,completed
ORD-0251009,R-0589,2025-09-05,25.14,app,delivery,completed
ORD-0251010,R-0589,2025-09-05,17.45,app,delivery,completed
ORD-0251011,R-0589,2025-09-26,18.16,app,delivery,completed
ORD-0251012,R-0589,2025-09-23,38.41,app,pickup,completed
ORD-0251013,R-0589,2025-09-13,16.63,web,delivery,completed
ORD-0251014,R-0589,2025-09-30,26.91,app,delivery,completed
ORD-0251015,R-0589,2025-09-19,14.44,web,delivery,completed
ORD-0251016,R-0589,2025-09-13,44.24,app,pickup,Completed
ORD-0251017,R-0589,2025-09-20,41.73,web,pickup,completed
ORD-0251018,R-0589,2025-09-21,7.82,app,delivery,completed
ORD-0251019,R-0589,2025-09-05,8.51,app,pickup,completed
ORD-0251020,R-0589,2025-09-08,11.23,web,pickup,completed
ORD-0251021,R-0589,2025-09-11,24.89,web,pickup,completed
ORD-0251022,R-0589,2025-09-22,31.93,web,delivery,completed
ORD-0251023,R-0589,2025-09-11,20.02,web,delivery,completed
ORD-0251024,R-0589,2025-09-19,26.38,web,delivery,completed
ORD-0251025,R-0589,2025-09-26,13.38,web,pickup,completed
ORD-0251026,R-0589,2025-09-19,12.67,app,delivery,completed
ORD-0251027,R-0589,2025-09-21,31.39,app,delivery,completed
ORD-0251028,R-0589,2025-09-20,18.57,web,delivery,completed
ORD-0251029,R-0589,2025-09-20,7.07,app,delivery,COMPLETED
ORD-0251030,R-0589,2025-09-14,15.60,app,pickup,completed
ORD-0251031,R-0589,2025-09-14,24.01,app,pickup,completed
ORD-0251032,R-0589,2025-09-12,17.95,web,delivery,cancelled
ORD-0251033,R-0589,2025-09-04,23.33,web,delivery,completed
ORD-0251034,R-0589,2025-09-10,20.19,web,pickup,refunded
ORD-0251035,R-0589,2025-09-20,20.09,web,delivery,refunded
ORD-0251036,R-0589,2025-09-20,23.41,web,delivery,completed
ORD-0251037,R-0589,2025-09-07,67.24,web,delivery,completed
ORD-0251038,R-0589,2025-09-23,13.15,app,pickup,completed
ORD-0251039,R-0589,2025-09-08,20.06,web,delivery,completed
ORD-0251040,R-0589,2025-09-04,10.91,web,delivery,completed
ORD-0251041,R-0589,2025-09-21,18.61,web,delivery,Completed
ORD-0251042,R-0589,2025-09-11,14.56,web,delivery,completed
ORD-0251043,R-0589,2025-09-27,13.37,app,pickup,Completed
ORD-0251044,R-0589,2025-09-21,23.41,web,delivery,Completed
ORD-0251045,R-0589,2025-09-14,26.40,app,delivery,completed
ORD-0251046,R-0589,2025-09-03,44.20,web,pickup,Completed
ORD-0251047,R-0589,2025-09-08,19.66,app,delivery,completed
ORD-0251048,R-0589,2025-09-12,40.68,web,delivery,completed
ORD-0251049,R-0589,2025-09-19,13.07,web,delivery,completed
ORD-0251050,R-0589,2025-09-27,40.43,web,delivery,completed
ORD-0251051,R-0589,2025-09-01,22.42,web,delivery,completed
ORD-0251052,R-0589,2025-09-23,20.46,app,pickup,completed
ORD-0251053,R-0589,2025-09-05,28.11,app,delivery,completed
ORD-0251054,R-0589,2025-09-09,10.81,app,delivery,completed
ORD-0251055,R-0589,2025-09-27,15.33,web,delivery,completed
ORD-0251056,R-0589,2025-09-15,17.92,app,delivery,completed
ORD-0251057,R-0589,2025-09-05,15.56,app,pickup,completed
ORD-0251058,R-0589,2025-09-17,12.00,web,pickup,COMPLETED
ORD-0251059,R-0589,2025-09-12,34.09,app,pickup,completed
ORD-0251060,R-0589,2025-09-27,17.60,web,pickup,completed
ORD-0252707,R-0594,2025-09-13,34.94,web,delivery,completed
ORD-0252708,R-0594,2025-09-19,62.37,app,pickup,completed
ORD-0252709,R-0594,2025-09-17,53.14,app,pickup,completed
ORD-0252710,R-0594,2025-09-24,72.22,web,delivery,completed
ORD-0252711,R-0594,2025-09-15,35.13,app,pickup,completed
ORD-0252712,R-0594,2025-09-02,20.56,app,pickup,COMPLETED
ORD-0252713,R-0594,2025-09-03,41.16,app,delivery,completed
ORD-0252714,R-0594,2025-09-06,109.12,app,delivery,completed
ORD-0252715,R-0594,2025-09-25,33.84,app,delivery,completed
ORD-0252716,R-0594,2025-09-08,107.83,web,delivery,completed
ORD-0252717,R-0594,2025-09-05,69.13,web,pickup,completed
ORD-0252718,R-0594,2025-09-26,29.43,app,delivery,completed
ORD-0252719,R-0594,2025-09-19,29.70,app,delivery,completed
ORD-0252720,R-0594,2025-09-06,61.24,app,pickup,completed
ORD-0252721,R-0594,2025-09-25,42.85,app,pickup,completed
ORD-0252722,R-0594,2025-09-03,42.16,app,delivery,completed
ORD-0252723,R-0594,2025-09-10,101.96,app,pickup,completed
ORD-0252724,R-0594,2025-09-23,29.39,web,pickup,completed
ORD-0252725,R-0594,2025-09-12,28.40,app,pickup,completed
ORD-0252726,R-0594,2025-09-18,41.29,app,delivery,completed
ORD-0252727,R-0594,2025-09-30,29.65,app,pickup,completed
ORD-0252728,R-0594,2025-09-21,87.79,app,pickup,COMPLETED
ORD-0252729,R-0594,2025-09-12,57.65,app,pickup,completed
ORD-0252730,R-0594,2025-09-27,27.98,app,pickup,completed
ORD-0252731,R-0594,2025-09-22,48.71,app,delivery,completed
ORD-0252732,R-0594,2025-09-10,73.87,app,delivery,CANCELLED
ORD-0252733,R-0594,2025-09-09,93.22,app,delivery,cancelled
ORD-0252734,R-0594,2025-09-23,43.12,app,delivery,completed
ORD-0252735,R-0594,2025-09-18,31.60,web,delivery,completed
ORD-0252736,R-0594,2025-09-13,42.67,app,pickup,completed
ORD-0252737,R-0594,2025-09-02,31.09,app,delivery,completed
ORD-0252738,R-0594,2025-09-10,53.36,app,pickup,completed
ORD-0252739,R-0594,2025-09-18,47.43,app,delivery,completed
ORD-0252740,R-0594,2025-09-17,31.80,app,delivery,completed
ORD-0252741,R-0594,2025-09-27,45.68,web,pickup,completed
ORD-0252742,R-0594,2025-09-26,62.40,web,delivery,completed
ORD-0252743,R-0594,2025-09-05,37.98,app,delivery,COMPLETED
ORD-0252744,R-0594,2025-09-12,61.40,app,delivery,completed
ORD-0252745,R-0594,2025-09-15,46.05,app,pickup,Completed
ORD-0252746,R-0594,2025-09-19,45.20,app,delivery,Completed
ORD-0252747,R-0594,2025-09-22,52.51,app,delivery,completed
ORD-0252748,R-0594,2025-09-29,30.44,app,delivery,completed
ORD-0252749,R-0594,2025-09-05,56.16,app,delivery,completed
ORD-0252750,R-0594,2025-09-21,45.31,app,delivery,completed
ORD-0252751,R-0594,2025-09-08,83.35,app,pickup,COMPLETED
ORD-0252752,R-0594,2025-09-12,40.80,app,pickup,completed
ORD-0252753,R-0594,2025-09-10,28.83,app,delivery,Completed
ORD-0252754,R-0594,2025-09-22,60.96,app,delivery,completed
ORD-0252755,R-0594,2025-09-14,72.35,web,pickup,completed
ORD-0252756,R-0594,2025-09-26,26.84,app,delivery,completed
ORD-0252757,R-0594,2025-09-23,92.48,web,delivery,completed
ORD-0253272,R-0597,2025-09-18,17.06,web,delivery,completed
ORD-0253273,R-0597,2025-09-01,10.35,app,delivery,completed
ORD-0253274,R-0597,2025-09-19,21.94,web,delivery,completed
ORD-0253275,R-0597,2025-09-29,10.99,web,delivery,completed
ORD-0253276,R-0597,2025-09-11,20.77,web,delivery,completed
ORD-0253277,R-0597,2025-09-08,14.08,web,delivery,completed
ORD-0253278,R-0597,2025-09-02,19.17,app,delivery,completed
ORD-0253279,R-0597,2025-09-12,23.50,web,delivery,completed
ORD-0253280,R-0597,2025-09-22,18.08,web,delivery,completed
ORD-0253281,R-0597,2025-09-25,18.78,app,delivery,completed
