order_id,restaurant_id,order_date,order_value_eur,order_channel,fulfilment_type,order_status
ORD-0004079,R-0006,2025-05-02,31.87,web,delivery,completed
ORD-0004080,R-0006,2025-05-11,22.21,app,pickup,completed
ORD-0004081,R-0006,2025-05-21,47.37,app,delivery,completed
ORD-0004082,R-0006,2025-05-26,44.36,app,pickup,completed
ORD-0004083,R-0006,2025-05-30,17.05,app,delivery,completed
ORD-0004084,R-0006,2025-05-20,35.31,web,delivery,completed
ORD-0004085,R-0006,2025-05-15,36.76,app,delivery,completed
ORD-0004086,R-0006,2025-05-02,31.22,app,delivery,completed
ORD-0004087,R-0006,2025-05-09,75.52,app,pickup,completed
ORD-0004088,R-0006,2025-05-30,72.58,app,pickup,completed
ORD-0004089,R-0006,2025-05-18,30.59,web,delivery,completed
ORD-0004090,R-0006,2025-05-11,32.37,web,delivery,completed
ORD-0004091,R-0006,2025-05-08,28.71,app,delivery,completed
ORD-0004092,R-0006,2025-05-03,28.09,app,pickup,COMPLETED
ORD-0004093,R-0006,2025-05-24,25.08,app,delivery,completed
ORD-0004094,R-0006,2025-05-13,39.12,app,pickup,completed
ORD-0004095,R-0006,2025-05-30,71.86,app,delivery,completed
ORD-0004096,R-0006,2025-05-15,57.26,app,delivery,completed
ORD-0004097,R-0006,2025-05-26,43.37,app,delivery,completed
ORD-0004098,R-0006,2025-05-04,14.58,app,pickup,completed
ORD-0004099,R-0006,2025-05-05,16.46,app,delivery,completed
ORD-0005979,R-0010,2025-05-01,95.17,web,pickup,completed
ORD-0005980,R-0010,2025-05-23,46.12,web,delivery,completed
ORD-0005981,R-0010,2025-05-16,37.81,web,delivery,completed
ORD-0005982,R-0010,2025-05-20,105.06,app,pickup,completed
ORD-0005983,R-0010,2025-05-05,21.52,web,delivery,completed
ORD-0005984,R-0010,2025-05-23,37.47,web,pickup,completed
ORD-0005985,R-0010,2025-05-23,24.71,web,delivery,completed
ORD-0005986,R-0010,2025-05-24,23.16,web,pickup,completed
ORD-0005987,R-0010,2025-05-15,19.68,web,pickup,completed
ORD-0005988,R-0010,2025-05-21,53.73,web,pickup,completed
ORD-0005989,R-0010,2025-05-17,28.02,web,pickup,completed
ORD-0005990,R-0010,2025-05-08,38.78,app,pickup,completed
ORD-0005991,R-0010,2025-05-01,59.56,web,delivery,completed
ORD-0005992,R-0010,2025-05-13,50.74,web,pickup,completed
ORD-0005993,R-0010,2025-05-26,49.81,web,pickup,completed
ORD-0005994,R-0010,2025-05-10,72.56,app,delivery,COMPLETED
ORD-0005995,R-0010,2025-05-24,84.14,web,pickup,completed
ORD-0005996,R-0010,2025-05-21,26.71,app,delivery,completed
ORD-0005997,R-0010,2025-05-11,55.20,web,delivery,completed
ORD-0005998,R-0010,2025-05-01,38.53,web,pickup,completed
ORD-0005999,R-0010,2025-05-14,40.38,web,pickup,Completed
ORD-0006000,R-0010,2025-05-12,24.23,app,pickup,completed
ORD-0006001,R-0010,2025-05-04,37.76,web,pickup,completed
ORD-0006002,R-0010,2025-05-26,36.42,web,delivery,completed
ORD-0006003,R-0010,2025-05-31,78.68,web,pickup,completed
ORD-0006004,R-0010,2025-05-04,29.90,web,pickup,completed
ORD-0006005,R-0010,2025-05-08,17.47,app,delivery,completed
ORD-0006006,R-0010,2025-05-20,42.56,web,pickup,Completed
ORD-0006007,R-0010,2025-05-30,28.79,app,delivery,completed
ORD-0006008,R-0010,2025-05-30,43.73,web,pickup,completed
ORD-0006009,R-0010,2025-05-30,59.00,web,delivery,completed
ORD-0006010,R-0010,2025-05-14,41.10,app,delivery,completed
ORD-0006011,R-0010,2025-05-31,39.21,app,pickup,completed
ORD-0006012,R-0010,2025-05-11,43.45,web,delivery,COMPLETED
ORD-0006013,R-0010,2025-05-03,63.26,web,delivery,completed
ORD-0006014,R-0010,2025-05-23,29.91,app,delivery,completed
ORD-0006015,R-0010,2025-05-17,60.51,web,pickup,completed
ORD-0006016,R-0010,2025-05-25,31.64,web,delivery,completed
ORD-0006017,R-0010,2025-05-20,53.44,app,pickup,completed
ORD-0006018,R-0010,2025-05-26,23.95,app,delivery,completed
ORD-0006019,R-0010,2025-05-11,56.44,web,pickup,completed
ORD-0006020,R-0010,2025-05-09,44.35,web,pickup,completed
ORD-0006021,R-0010,2025-05-24,47.77,app,pickup,completed
ORD-0006022,R-0010,2025-05-16,65.96,web,delivery,completed
ORD-0006023,R-0010,2025-05-06,31.37,web,delivery,completed
ORD-0006024,R-0010,2025-05-12,42.26,web,pickup,completed
ORD-0006025,R-0010,2025-05-25,51.61,web,delivery,COMPLETED
ORD-0006026,R-0010,2025-05-30,41.20,app,delivery,completed
ORD-0006027,R-0010,2025-05-24,60.25,web,pickup,completed
ORD-0006028,R-0010,2025-05-23,52.12,web,delivery,completed
ORD-0006029,R-0010,2025-05-25,37.08,app,delivery,completed
ORD-0006030,R-0010,2025-05-07,68.37,web,delivery,completed
ORD-0006031,R-0010,2025-05-18,56.85,app,delivery,completed
ORD-0006032,R-0010,2025-05-19,31.12,web,pickup,COMPLETED
ORD-0006033,R-0010,2025-05-30,33.49,web,delivery,completed
ORD-0006034,R-0010,2025-05-01,39.30,web,delivery,completed
ORD-0006035,R-0010,2025-05-31,54.47,web,delivery,completed
ORD-0006036,R-0010,2025-05-23,20.13,web,delivery,completed
ORD-0006037,R-0010,2025-05-01,31.62,app,pickup,completed
ORD-0006038,R-0010,2025-05-17,37.12,web,pickup,completed
ORD-0006039,R-0010,2025-05-02,26.90,app,pickup,completed
ORD-0006040,R-0010,2025-05-19,29.11,app,delivery,completed
ORD-0006041,R-0010,2025-05-15,44.91,web,delivery,completed
ORD-0006042,R-0010,2025-05-24,38.37,web,delivery,completed
ORD-0006043,R-0010,2025-05-18,39.51,app,pickup,completed
ORD-0006044,R-0010,2025-05-25,27.50,web,pickup,completed
ORD-0006045,R-0010,2025-05-11,42.53,web,delivery,completed
ORD-0006046,R-0010,2025-05-27,24.30,web,pickup,completed
ORD-0006047,R-0010,2025-05-28,73.64,web,pickup,completed
ORD-0006048,R-0010,2025-05-21,81.91,web,pickup,completed
ORD-0006049,R-0010,2025-05-09,38.60,web,pickup,Completed
ORD-0006050,R-0010,2025-05-31,30.27,web,pickup,completed
ORD-0006051,R-0010,2025-05-26,58.73,app,delivery,completed
ORD-0006052,R-0010,2025-05-27,53.25,app,delivery,completed
ORD-0006053,R-0010,2025-05-01,86.04,web,pickup,completed
ORD-0006054,R-0010,2025-05-26,95.05,web,pickup,completed
ORD-0006055,R-0010,2025-05-07,19.98,web,pickup,completed
ORD-0006056,R-0010,2025-05-16,71.08,web,delivery,completed
ORD-0006057,R-0010,2025-05-23,42.39,web,delivery,completed
ORD-0006058,R-0010,2025-05-13,52.39,web,pickup,completed
ORD-0009213,R-0015,2025-05-30,36.03,app,delivery,completed
ORD-0009214,R-0015,2025-05-18,41.81,web,pickup,completed
ORD-0009215,R-0015,2025-05-15,26.75,app,delivery,completed
ORD-0009216,R-0015,2025-05-15,60.88,web,pickup,completed
ORD-0009217,R-0015,2025-05-27,31.63,app,pickup,completed
ORD-0009218,R-0015,2025-05-22,24.87,web,pickup,COMPLETED
ORD-0009219,R-0015,2025-05-03,23.87,app,pickup,completed
ORD-0009220,R-0015,2025-05-30,25.16,app,delivery,completed
ORD-0009221,R-0015,2025-05-22,18.57,app,pickup,completed
ORD-0009222,R-0015,2025-05-05,14.59,web,pickup,completed
ORD-0009223,R-0015,2025-05-15,16.03,web,pickup,COMPLETED
ORD-0009224,R-0015,2025-05-09,24.13,app,delivery,completed
ORD-0009225,R-0015,2025-05-18,36.54,app,pickup,completed
ORD-0009226,R-0015,2025-05-17,29.64,web,pickup,completed
ORD-0009227,R-0015,2025-05-31,27.66,web,delivery,completed
ORD-0009228,R-0015,2025-05-02,65.10,app,pickup,completed
ORD-0009229,R-0015,2025-05-15,49.75,app,pickup,Completed
ORD-0009230,R-0015,2025-05-06,15.94,app,delivery,completed
ORD-0009231,R-0015,2025-05-01,32.39,app,delivery,COMPLETED
ORD-0009232,R-0015,2025-05-24,15.26,app,delivery,cancelled
ORD-0009233,R-0015,2025-05-24,28.89,app,pickup,completed
ORD-0009234,R-0015,2025-05-30,14.06,app,pickup,completed
ORD-0009235,R-0015,2025-05-18,19.68,web,pickup,completed
ORD-0009236,R-0015,2025-05-09,33.77,app,pickup,completed
ORD-0009237,R-0015,2025-05-11,21.04,app,pickup,completed
ORD-0009238,R-0015,2025-05-19,14.82,web,delivery,Completed
ORD-0009239,R-0015,2025-05-20,17.59,app,pickup,completed
ORD-0009240,R-0015,2025-05-02,16.98,app,pickup,completed
ORD-0009241,R-0015,2025-05-29,28.50,app,delivery,completed
ORD-0009242,R-0015,2025-05-30,43.53,app,delivery,completed
ORD-0009243,R-0015,2025-05-25,23.56,app,pickup,completed
ORD-0009244,R-0015,2025-05-09,40.35,app,pickup,completed
ORD-0009245,R-0015,2025-05-11,19.98,app,pickup,completed
ORD-0009246,R-0015,2025-05-23,24.57,web,delivery,completed
ORD-0009247,R-0015,2025-05-10,56.17,web,pickup,completed
ORD-0009248,R-0015,2025-05-12,22.00,app,delivery,completed
ORD-0009249,R-0015,2025-05-22,38.03,web,pickup,completed
ORD-0009250,R-0015,2025-05-02,18.73,web,delivery,completed
ORD-0009251,R-0015,2025-05-04,25.46,app,delivery,completed
ORD-0009252,R-0015,2025-05-02,17.63,app,pickup,completed
ORD-0009253,R-0015,2025-05-09,26.45,app,pickup,completed
ORD-0009254,R-0015,2025-05-16,28.53,app,pickup,COMPLETED
ORD-0009255,R-0015,2025-05-27,33.14,web,delivery,completed
ORD-0009256,R-0015,2025-05-06,18.45,web,delivery,COMPLETED
ORD-0009257,R-0015,2025-05-11,23.87,web,pickup,completed
ORD-0009258,R-0015,2025-05-01,40.06,app,pickup,completed
ORD-0009259,R-0015,2025-05-15,14.00,app,pickup,completed
ORD-0009260,R-0015,2025-05-01,8.03,app,delivery,completed
ORD-0010371,R-0017,2025-05-25,27.50,app,delivery,completed
ORD-0010372,R-0017,2025-05-23,30.19,web,pickup,completed
ORD-0010373,R-0017,2025-05-24,22.22,web,delivery,completed
ORD-0010374,R-0017,2025-05-27,23.66,app,pickup,completed
ORD-0010375,R-0017,2025-05-26,34.30,web,pickup,completed
ORD-0010376,R-0017,2025-05-29,21.08,web,delivery,completed
ORD-0010377,R-0017,2025-05-23,68.49,web,delivery,completed
ORD-0010378,R-0017,2025-05-24,48.36,app,delivery,completed
ORD-0010379,R-0017,2025-05-26,28.64,web,pickup,completed
ORD-0010380,R-0017,2025-05-31,34.95,web,pickup,completed
ORD-0010381,R-0017,2025-05-27,34.35,web,delivery,completed
ORD-0010382,R-0017,2025-05-23,34.78,app,delivery,completed
ORD-0012111,R-0023,2025-05-02,12.68,app,delivery,completed
ORD-0012112,R-0023,2025-05-31,18.95,app,delivery,completed
ORD-0012113,R-0023,2025-05-14,10.65,app,pickup,completed
ORD-0012114,R-0023,2025-05-03,22.71,web,pickup,completed
ORD-0012115,R-0023,2025-05-12,22.89,app,delivery,completed
ORD-0012116,R-0023,2025-05-17,22.86,app,delivery,Completed
ORD-0012117,R-0023,2025-05-31,17.36,app,delivery,completed
ORD-0012118,R-0023,2025-05-19,22.61,app,delivery,completed
ORD-0012119,R-0023,2025-05-02,19.35,app,pickup,completed
ORD-0012120,R-0023,2025-05-03,17.77,app,delivery,completed
ORD-0012121,R-0023,2025-05-13,17.51,app,delivery,completed
ORD-0012122,R-0023,2025-05-28,21.15,app,delivery,completed
ORD-0012123,R-0023,2025-05-11,23.88,app,delivery,completed
ORD-0012124,R-0023,2025-05-31,17.22,web,delivery,completed
ORD-0012125,R-0023,2025-05-01,21.38,app,delivery,completed
ORD-0012126,R-0023,2025-05-17,24.90,app,delivery,completed
ORD-0012127,R-0023,2025-05-31,26.76,app,delivery,completed
ORD-0012128,R-0023,2025-05-16,25.94,app,delivery,COMPLETED
ORD-0012129,R-0023,2025-05-16,36.37,app,delivery,completed
ORD-0012130,R-0023,2025-05-10,28.22,app,delivery,completed
ORD-0012131,R-0023,2025-05-25,48.55,web,delivery,completed
ORD-0012132,R-0023,2025-05-30,32.53,app,delivery,completed
ORD-0012133,R-0023,2025-05-14,29.73,web,delivery,completed
ORD-0012134,R-0023,2025-05-30,12.84,app,delivery,completed
ORD-0012135,R-0023,2025-05-04,29.05,web,delivery,completed
ORD-0012136,R-0023,2025-05-22,27.96,app,pickup,completed
ORD-0012137,R-0023,2025-05-10,20.89,app,delivery,completed
ORD-0012138,R-0023,2025-05-03,9.16,app,delivery,cancelled
ORD-0012139,R-0023,2025-05-20,7.55,web,pickup,completed
ORD-0012140,R-0023,2025-05-17,18.96,web,delivery,completed
ORD-0012141,R-0023,2025-05-18,17.05,app,delivery,completed
ORD-0012142,R-0023,2025-05-24,11.52,web,delivery,completed
ORD-0012143,R-0023,2025-05-16,24.95,app,delivery,completed
ORD-0012144,R-0023,2025-05-12,12.35,app,delivery,completed
ORD-0012145,R-0023,2025-05-24,10.72,app,delivery,completed
ORD-0012146,R-0023,2025-05-23,49.75,app,delivery,completed
ORD-0012147,R-0023,2025-05-17,26.19,app,delivery,completed
ORD-0012148,R-0023,2025-05-20,16.53,web,delivery,completed
ORD-0012149,R-0023,2025-05-16,11.89,web,delivery,completed
ORD-0012150,R-0023,2025-05-20,13.68,web,delivery,completed
ORD-0012151,R-0023,2025-05-13,15.25,app,delivery,completed
ORD-0012152,R-0023,2025-05-26,15.75,app,delivery,completed
ORD-0012153,R-0023,2025-05-23,18.63,app,delivery,completed
ORD-0012154,R-0023,2025-05-23,13.08,app,delivery,completed
ORD-0012155,R-0023,2025-05-31,14.85,app,delivery,completed
ORD-0012156,R-0023,2025-05-16,10.52,app,pickup,completed
ORD-0012157,R-0023,2025-05-30,9.42,app,delivery,COMPLETED
ORD-0012158,R-0023,2025-05-13,10.47,app,pickup,completed
ORD-0012159,R-0023,2025-05-29,15.33,web,delivery,completed
ORD-0012160,R-0023,2025-05-18,18.74,app,pickup,completed
ORD-0012161,R-0023,2025-05-18,25.77,app,delivery,completed
ORD-0012162,R-0023,2025-05-28,23.37,app,delivery,completed
ORD-0012163,R-0023,2025-05-31,27.50,app,delivery,completed
ORD-0012164,R-0023,2025-05-07,17.38,web,delivery,completed
ORD-0012165,R-0023,2025-05-04,27.86,app,delivery,completed
ORD-0012166,R-0023,2025-05-24,8.80,app,pickup,cancelled
ORD-0012167,R-0023,2025-05-11,27.28,app,delivery,completed
ORD-0012168,R-0023,2025-05-04,20.93,app,delivery,completed
ORD-0012169,R-0023,2025-05-08,29.27,app,delivery,completed
ORD-0012170,R-0023,2025-05-11,7.06,web,delivery,completed
ORD-0012171,R-0023,2025-05-24,30.97,web,delivery,completed
ORD-0012172,R-0023,2025-05-03,10.89,app,delivery,completed
ORD-0012173,R-0023,2025-05-16,33.73,app,delivery,completed
ORD-0012174,R-0023,2025-05-01,13.92,app,pickup,completed
ORD-0012175,R-0023,2025-05-23,25.24,app,delivery,Completed
ORD-0012176,R-0023,2025-05-31,20.53,app,delivery,COMPLETED
ORD-0012177,R-0023,2025-05-11,32.31,app,delivery,completed
ORD-0012178,R-0023,2025-05-30,22.64,app,delivery,completed
ORD-0012179,R-0023,2025-05-29,37.60,app,delivery,completed
ORD-0012180,R-0023,2025-05-11,15.82,app,delivery,completed
ORD-0012181,R-0023,2025-05-07,12.87,web,pickup,COMPLETED
ORD-0012182,R-0023,2025-05-10,16.26,web,delivery,Completed
ORD-0012183,R-0023,2025-05-30,27.61,app,pickup,completed
ORD-0012184,R-0023,2025-05-14,26.01,app,delivery,completed
ORD-0012185,R-0023,2025-05-16,12.53,app,delivery,completed
ORD-0012186,R-0023,2025-05-04,15.01,app,delivery,completed
ORD-0012187,R-0023,2025-05-08,22.18,app,delivery,completed
ORD-0012188,R-0023,2025-05-30,35.52,app,delivery,completed
ORD-0012189,R-0023,2025-05-30,15.93,app,delivery,completed
ORD-0012190,R-0023,2025-05-10,11.83,app,delivery,completed
ORD-0012191,R-0023,2025-05-23,32.15,app,delivery,Completed
ORD-0012192,R-0023,2025-05-22,9.59,app,delivery,completed
ORD-0012193,R-0023,2025-05-14,24.60,app,delivery,completed
ORD-0012194,R-0023,2025-05-23,8.71,web,delivery,completed
ORD-0012195,R-0023,2025-05-29,18.75,app,delivery,completed
ORD-0012196,R-0023,2025-05-24,18.40,web,pickup,completed
ORD-0012197,R-0023,2025-05-17,15.42,app,delivery,completed
ORD-0012198,R-0023,2025-05-20,35.63,web,pickup,completed
ORD-0012199,R-0023,2025-05-27,19.04,app,delivery,completed
ORD-0012200,R-0023,2025-05-24,19.85,web,delivery,completed
ORD-0012201,R-0023,2025-05-30,19.14,web,delivery,completed
ORD-0012202,R-0023,2025-05-27,14.36,app,delivery,cancelled
ORD-0012203,R-0023,2025-05-02,45.15,app,delivery,completed
ORD-0012204,R-0023,2025-05-23,18.22,app,delivery,cancelled
ORD-0012205,R-0023,2025-05-04,45.65,app,pickup,completed
ORD-0012206,R-0023,2025-05-26,14.02,app,delivery,Completed
ORD-0012207,R-0023,2025-05-03,21.44,web,pickup,completed
ORD-0012208,R-0023,2025-05-09,17.47,web,delivery,completed
ORD-0012209,R-0023,2025-05-10,15.28,web,delivery,completed
ORD-0012210,R-0023,2025-05-30,19.68,web,delivery,completed
ORD-0012211,R-0023,2025-05-31,42.22,web,delivery,completed
ORD-0012212,R-0023,2025-05-17,36.15,web,delivery,completed
ORD-0012213,R-0023,2025-05-17,21.49,web,delivery,completed
ORD-0012214,R-0023,2025-05-17,12.12,app,delivery,completed
ORD-0012215,R-0023,2025-05-21,22.49,app,pickup,completed
ORD-0012216,R-0023,2025-05-02,17.11,app,delivery,completed
ORD-0012217,R-0023,2025-05-10,14.30,web,delivery,completed
ORD-0012218,R-0023,2025-05-19,25.62,app,delivery,completed
ORD-0012219,R-0023,2025-05-08,11.63,app,delivery,completed
ORD-0012220,R-0023,2025-05-19,20.56,web,delivery,completed
ORD-0012221,R-0023,2025-05-29,23.68,app,delivery,completed
ORD-0012222,R-0023,2025-05-24,27.91,app,delivery,completed
ORD-0012223,R-0023,2025-05-17,12.55,web,pickup,Completed
ORD-0012224,R-0023,2025-05-09,42.34,app,delivery,completed
ORD-0012225,R-0023,2025-05-13,21.99,app,delivery,completed
ORD-0012226,R-0023,2025-05-03,21.04,web,delivery,completed
ORD-0012227,R-0023,2025-05-04,12.19,app,delivery,completed
ORD-0012228,R-0023,2025-05-31,14.99,app,delivery,completed
ORD-0012229,R-0023,2025-05-30,18.15,app,pickup,completed
ORD-0012230,R-0023,2025-05-20,19.24,app,delivery,completed
ORD-0012231,R-0023,2025-05-20,22.42,app,delivery,completed
ORD-0012232,R-0023,2025-05-09,18.17,web,pickup,completed
ORD-0012233,R-0023,2025-05-12,35.32,web,delivery,completed
ORD-0012234,R-0023,2025-05-07,16.65,web,delivery,completed
ORD-0012235,R-0023,2025-05-30,22.76,app,pickup,completed
ORD-0016268,R-0025,2025-05-17,31.71,web,delivery,completed
ORD-0016269,R-0025,2025-05-09,21.08,app,pickup,completed
ORD-0016270,R-0025,2025-05-15,12.58,web,delivery,completed
ORD-0016271,R-0025,2025-05-02,29.08,web,delivery,completed
ORD-0016272,R-0025,2025-05-26,18.04,web,pickup,completed
ORD-0016273,R-0025,2025-05-30,10.33,web,delivery,completed
ORD-0016274,R-0025,2025-05-12,30.20,web,pickup,completed
ORD-0016275,R-0025,2025-05-27,13.65,web,delivery,completed
ORD-0016276,R-0025,2025-05-21,15.32,app,delivery,Cancelled
ORD-0016277,R-0025,2025-05-10,24.27,web,pickup,completed
ORD-0016278,R-0025,2025-05-07,22.96,web,delivery,completed
ORD-0016279,R-0025,2025-05-18,19.42,app,delivery,COMPLETED
ORD-0016280,R-0025,2025-05-09,26.87,app,pickup,completed
ORD-0016281,R-0025,2025-05-22,29.47,app,delivery,completed
ORD-0016282,R-0025,2025-05-09,16.96,web,pickup,completed
ORD-0016283,R-0025,2025-05-27,22.41,app,delivery,completed
ORD-0016284,R-0025,2025-05-28,22.88,web,delivery,COMPLETED
ORD-0016285,R-0025,2025-05-16,36.18,web,delivery,completed
ORD-0016286,R-0025,2025-05-18,25.43,web,delivery,completed
ORD-0016287,R-0025,2025-05-11,12.18,app,pickup,cancelled
ORD-0016288,R-0025,2025-05-28,49.83,web,pickup,COMPLETED
ORD-0016289,R-0025,2025-05-29,22.67,app,delivery,completed
ORD-0016290,R-0025,2025-05-20,23.86,web,delivery,completed
ORD-0016291,R-0025,2025-05-04,22.63,app,delivery,completed
ORD-0016292,R-0025,2025-05-17,25.92,web,delivery,Completed
ORD-0016293,R-0025,2025-05-22,25.34,app,pickup,completed
ORD-0016294,R-0025,2025-05-30,30.99,web,delivery,completed
ORD-0016295,R-0025,2025-05-30,22.23,web,pickup,cancelled
ORD-0016296,R-0025,2025-05-25,9.99,web,pickup,completed
ORD-0016297,R-0025,2025-05-01,18.58,web,delivery,completed
ORD-0016298,R-0025,2025-05-13,20.13,web,pickup,completed
ORD-0016299,R-0025,2025-05-30,18.35,app,delivery,completed
ORD-0016300,R-0025,2025-05-12,14.72,app,pickup,completed
ORD-0016301,R-0025,2025-05-19,18.29,web,delivery,cancelled
ORD-0016302,R-0025,2025-05-26,29.49,web,pickup,completed
ORD-0016303,R-0025,2025-05-07,24.29,web,delivery,completed
ORD-0016304,R-0025,2025-05-07,13.37,app,delivery,cancelled
ORD-0016305,R-0025,2025-05-30,12.51,web,delivery,completed
ORD-0016306,R-0025,2025-05-27,11.53,app,pickup,completed
ORD-0016307,R-0025,2025-05-14,23.66,web,delivery,COMPLETED
ORD-0016308,R-0025,2025-05-30,13.65,app,pickup,completed
ORD-0016309,R-0025,2025-05-18,22.68,app,pickup,completed
ORD-0016310,R-0025,2025-05-07,27.35,app,delivery,COMPLETED
ORD-0016311,R-0025,2025-05-11,26.94,app,delivery,completed
ORD-0016312,R-0025,2025-05-26,19.12,app,delivery,completed
ORD-0016313,R-0025,2025-05-17,40.78,app,delivery,completed
ORD-0016314,R-0025,2025-05-01,17.38,app,pickup,completed
ORD-0016315,R-0025,2025-05-16,24.50,app,pickup,COMPLETED
ORD-0016316,R-0025,2025-05-01,18.84,app,delivery,completed
ORD-0016317,R-0025,2025-05-05,20.14,app,delivery,completed
ORD-0016318,R-0025,2025-05-21,29.00,app,pickup,completed
ORD-0016319,R-0025,2025-05-20,27.24,web,delivery,completed
ORD-0016320,R-0025,2025-05-17,12.19,web,delivery,completed
ORD-0016321,R-0025,2025-05-20,14.95,app,delivery,completed
ORD-0016322,R-0025,2025-05-13,29.05,web,delivery,completed
ORD-0016323,R-0025,2025-05-01,13.52,web,delivery,completed
ORD-0016324,R-0025,2025-05-21,15.02,web,delivery,completed
ORD-0016325,R-0025,2025-05-23,26.39,app,delivery,completed
ORD-0016326,R-0025,2025-05-18,33.03,web,pickup,completed
ORD-0016327,R-0025,2025-05-19,29.24,app,pickup,completed
ORD-0016328,R-0025,2025-05-06,12.13,web,pickup,completed
ORD-0016329,R-0025,2025-05-09,21.16,app,delivery,completed
ORD-0016330,R-0025,2025-05-17,20.35,app,delivery,completed
ORD-0016331,R-0025,2025-05-09,18.81,web,delivery,completed
ORD-0016332,R-0025,2025-05-08,12.29,app,delivery,completed
ORD-0016333,R-0025,2025-05-25,38.05,web,delivery,completed
ORD-0016334,R-0025,2025-05-20,20.73,web,delivery,completed
ORD-0016335,R-0025,2025-05-03,16.44,web,delivery,completed
ORD-0016336,R-0025,2025-05-27,24.55,web,delivery,completed
ORD-0016337,R-0025,2025-05-17,21.95,web,delivery,completed
ORD-0016338,R-0025,2025-05-24,31.49,app,pickup,completed
ORD-0016339,R-0025,2025-05-17,19.56,app,delivery,completed
ORD-0016340,R-0025,2025-05-16,19.96,web,delivery,completed
ORD-0016341,R-0025,2025-05-23,23.55,web,pickup,completed
ORD-0016342,R-0025,2025-05-16,29.88,app,delivery,completed
ORD-0016343,R-0025,2025-05-21,15.23,web,pickup,completed
ORD-0016344,R-0025,2025-05-18,14.15,web,pickup,completed
ORD-0019481,R-0033,2025-05-04,20.02,app,delivery,Completed
ORD-0019482,R-0033,2025-05-02,25.53,app,delivery,completed
ORD-0019483,R-0033,2025-05-31,33.90,app,pickup,COMPLETED
ORD-0019484,R-0033,2025-05-21,25.35,app,delivery,completed
ORD-0022871,R-0046,2025-05-02,18.03,web,delivery,completed
ORD-0022872,R-0046,2025-05-17,18.74,app,delivery,completed
ORD-0022873,R-0046,2025-05-16,20.91,app,delivery,cancelled
ORD-0022874,R-0046,2025-05-11,22.59,app,delivery,completed
ORD-0022875,R-0046,2025-05-03,22.68,web,pickup,completed
ORD-0022876,R-0046,2025-05-01,17.29,app,delivery,completed
ORD-0022877,R-0046,2025-05-15,14.83,app,pickup,completed
ORD-0022878,R-0046,2025-05-11,38.16,web,delivery,completed
ORD-0022879,R-0046,2025-05-01,20.74,app,delivery,completed
ORD-0022880,R-0046,2025-05-25,17.13,app,pickup,completed
ORD-0022881,R-0046,2025-05-30,12.28,web,pickup,completed
ORD-0022882,R-0046,2025-05-03,24.18,web,pickup,completed
ORD-0022883,R-0046,2025-05-25,20.88,app,pickup,completed
ORD-0022884,R-0046,2025-05-05,15.84,app,pickup,completed
ORD-0022885,R-0046,2025-05-08,26.76,web,pickup,completed
ORD-0022886,R-0046,2025-05-03,15.40,web,pickup,COMPLETED
ORD-0022887,R-0046,2025-05-18,23.35,app,delivery,completed
ORD-0022888,R-0046,2025-05-12,24.49,web,delivery,completed
ORD-0022889,R-0046,2025-05-28,14.89,app,delivery,completed
ORD-0022890,R-0046,2025-05-19,21.73,app,pickup,completed
ORD-0022891,R-0046,2025-05-08,19.25,app,delivery,completed
ORD-0022892,R-0046,2025-05-24,27.20,app,pickup,completed
ORD-0022893,R-0046,2025-05-27,26.44,app,delivery,completed
ORD-0022894,R-0046,2025-05-09,10.36,app,delivery,completed
ORD-0022895,R-0046,2025-05-11,26.02,app,pickup,completed
ORD-0022896,R-0046,2025-05-23,26.04,web,delivery,COMPLETED
ORD-0022897,R-0046,2025-05-23,39.63,app,pickup,completed
ORD-0022898,R-0046,2025-05-28,26.18,app,delivery,completed
ORD-0022899,R-0046,2025-05-21,22.28,web,delivery,completed
ORD-0022900,R-0046,2025-05-08,18.50,app,delivery,completed
ORD-0022901,R-0046,2025-05-12,14.56,app,delivery,completed
ORD-0022902,R-0046,2025-05-13,23.75,app,delivery,completed
ORD-0022903,R-0046,2025-05-13,17.30,app,pickup,completed
ORD-0022904,R-0046,2025-05-08,16.75,app,delivery,completed
ORD-0022905,R-0046,2025-05-16,21.49,app,delivery,Completed
ORD-0022906,R-0046,2025-05-16,25.41,app,pickup,completed
ORD-0022907,R-0046,2025-05-18,31.36,app,delivery,completed
ORD-0022908,R-0046,2025-05-31,24.25,app,delivery,refunded
ORD-0022909,R-0046,2025-05-02,24.68,web,delivery,completed
ORD-0022910,R-0046,2025-05-26,18.64,web,delivery,completed
ORD-0022911,R-0046,2025-05-12,18.15,web,pickup,completed
ORD-0022912,R-0046,2025-05-03,20.84,app,pickup,completed
ORD-0022913,R-0046,2025-05-26,22.33,web,delivery,completed
ORD-0022914,R-0046,2025-05-17,15.50,app,delivery,completed
ORD-0022915,R-0046,2025-05-09,16.66,app,pickup,completed
ORD-0022916,R-0046,2025-05-09,30.76,app,delivery,completed
ORD-0022917,R-0046,2025-05-10,23.15,web,delivery,completed
ORD-0022918,R-0046,2025-05-30,9.48,app,delivery,completed
ORD-0022919,R-0046,2025-05-05,24.49,app,delivery,completed
ORD-0022920,R-0046,2025-05-01,21.34,app,pickup,COMPLETED
ORD-0022921,R-0046,2025-05-30,24.07,web,pickup,completed
ORD-0022922,R-0046,2025-05-30,22.51,app,delivery,completed
ORD-0022923,R-0046,2025-05-18,38.57,app,delivery,COMPLETED
ORD-0022924,R-0046,2025-05-24,22.48,app,delivery,completed
ORD-0022925,R-0046,2025-05-14,10.07,app,delivery,completed
ORD-0022926,R-0046,2025-05-02,35.36,app,pickup,completed
ORD-0022927,R-0046,2025-05-08,29.05,app,pickup,completed
ORD-0022928,R-0046,2025-05-28,16.98,app,pickup,completed
ORD-0022929,R-0046,2025-05-20,17.78,app,pickup,completed
ORD-0022930,R-0046,2025-05-16,30.60,app,delivery,completed
ORD-0022931,R-0046,2025-05-31,53.01,app,pickup,completed
ORD-0022932,R-0046,2025-05-16,26.90,web,delivery,completed
ORD-0022933,R-0046,2025-05-09,18.07,web,delivery,completed
ORD-0022934,R-0046,2025-05-05,25.77,web,delivery,COMPLETED
ORD-0022935,R-0046,2025-05-10,18.14,app,delivery,completed
ORD-0022936,R-0046,2025-05-19,16.42,app,delivery,Completed
ORD-0022937,R-0046,2025-05-25,21.42,app,delivery,completed
ORD-0025708,R-0053,2025-05-31,39.16,app,delivery,Completed
ORD-0025709,R-0053,2025-05-12,37.10,web,delivery,completed
ORD-0025710,R-0053,2025-05-12,19.69,web,delivery,completed
ORD-0025711,R-0053,2025-05-20,31.61,app,delivery,completed
ORD-0025712,R-0053,2025-05-30,25.25,web,delivery,completed
ORD-0025713,R-0053,2025-05-23,18.44,web,pickup,cancelled
ORD-0025714,R-0053,2025-05-14,40.31,web,delivery,completed
ORD-0025715,R-0053,2025-05-18,55.70,app,pickup,completed
ORD-0025716,R-0053,2025-05-05,28.16,web,delivery,COMPLETED
ORD-0025717,R-0053,2025-05-14,21.15,web,delivery,completed
ORD-0025718,R-0053,2025-05-27,40.49,app,pickup,completed
ORD-0025719,R-0053,2025-05-23,23.65,app,delivery,completed
ORD-0025720,R-0053,2025-05-12,17.63,app,pickup,Completed
ORD-0025721,R-0053,2025-05-31,22.26,web,delivery,completed
ORD-0025722,R-0053,2025-05-06,57.02,app,pickup,completed
ORD-0025723,R-0053,2025-05-31,46.75,web,delivery,completed
ORD-0025724,R-0053,2025-05-16,41.84,app,delivery,completed
ORD-0025725,R-0053,2025-05-17,28.17,app,pickup,completed
ORD-0025726,R-0053,2025-05-25,21.09,app,pickup,completed
ORD-0025727,R-0053,2025-05-15,25.01,app,delivery,completed
ORD-0025728,R-0053,2025-05-25,34.03,web,pickup,completed
ORD-0025729,R-0053,2025-05-25,52.55,app,delivery,COMPLETED
ORD-0025730,R-0053,2025-05-22,28.33,web,delivery,completed
ORD-0025731,R-0053,2025-05-08,30.66,web,pickup,completed
ORD-0025732,R-0053,2025-05-30,22.87,app,delivery,completed
ORD-0025733,R-0053,2025-05-09,22.10,web,delivery,completed
ORD-0025734,R-0053,2025-05-13,17.73,web,delivery,completed
ORD-0025735,R-0053,2025-05-26,13.19,web,delivery,completed
ORD-0025736,R-0053,2025-05-26,32.71,web,pickup,cancelled
ORD-0025737,R-0053,2025-05-09,70.48,web,delivery,completed
ORD-0025738,R-0053,2025-05-15,45.00,app,delivery,completed
ORD-0025739,R-0053,2025-05-01,34.98,web,pickup,completed
ORD-0025740,R-0053,2025-05-25,42.35,web,pickup,completed
ORD-0025741,R-0053,2025-05-07,30.90,web,pickup,completed
ORD-0025742,R-0053,2025-05-08,35.55,app,pickup,COMPLETED
ORD-0025743,R-0053,2025-05-28,38.48,app,delivery,completed
ORD-0025744,R-0053,2025-05-05,30.20,web,pickup,completed
ORD-0025745,R-0053,2025-05-17,17.84,app,pickup,cancelled
ORD-0025746,R-0053,2025-05-13,40.41,web,pickup,completed
ORD-0025747,R-0053,2025-05-14,23.56,web,delivery,cancelled
ORD-0025748,R-0053,2025-05-06,23.37,web,pickup,completed
ORD-0025749,R-0053,2025-05-20,27.27,web,delivery,completed
ORD-0025750,R-0053,2025-05-21,30.16,app,delivery,completed
ORD-0025751,R-0053,2025-05-10,42.34,web,pickup,completed
ORD-0025752,R-0053,2025-05-26,44.61,web,pickup,completed
ORD-0025753,R-0053,2025-05-22,33.47,app,pickup,COMPLETED
ORD-0025754,R-0053,2025-05-05,38.62,web,pickup,completed
ORD-0025755,R-0053,2025-05-26,30.14,web,delivery,completed
ORD-0025756,R-0053,2025-05-02,23.65,app,pickup,completed
ORD-0025757,R-0053,2025-05-18,50.48,app,pickup,completed
ORD-0025758,R-0053,2025-05-05,20.63,app,pickup,completed
ORD-0025759,R-0053,2025-05-10,21.96,app,delivery,completed
ORD-0025760,R-0053,2025-05-27,29.07,web,pickup,completed
ORD-0025761,R-0053,2025-05-04,30.66,web,pickup,completed
ORD-0025762,R-0053,2025-05-08,30.95,app,delivery,completed
ORD-0025763,R-0053,2025-05-10,54.42,web,delivery,completed
ORD-0025764,R-0053,2025-05-17,29.71,web,pickup,Completed
ORD-0025765,R-0053,2025-05-09,23.71,app,pickup,completed
ORD-0025766,R-0053,2025-05-23,36.62,web,delivery,completed
ORD-0025767,R-0053,2025-05-12,50.83,app,delivery,Completed
ORD-0025768,R-0053,2025-05-16,42.84,app,delivery,completed
ORD-0025769,R-0053,2025-05-03,33.43,web,delivery,completed
ORD-0025770,R-0053,2025-05-20,28.75,app,delivery,completed
ORD-0025771,R-0053,2025-05-24,42.62,app,delivery,completed
ORD-0025772,R-0053,2025-05-03,21.66,app,delivery,completed
ORD-0025773,R-0053,2025-05-21,25.94,app,pickup,completed
ORD-0025774,R-0053,2025-05-22,22.17,web,pickup,Completed
ORD-0025775,R-0053,2025-05-14,49.94,app,delivery,COMPLETED
ORD-0025776,R-0053,2025-05-06,57.84,app,delivery,completed
ORD-0025777,R-0053,2025-05-10,49.79,web,delivery,completed
ORD-0025778,R-0053,2025-05-15,27.69,app,pickup,completed
ORD-0025779,R-0053,2025-05-26,18.20,app,pickup,completed
ORD-0025780,R-0053,2025-05-03,33.83,app,delivery,Completed
ORD-0025781,R-0053,2025-05-07,24.48,web,delivery,COMPLETED
ORD-0025782,R-0053,2025-05-21,29.61,web,pickup,completed
ORD-0025783,R-0053,2025-05-01,30.98,app,pickup,Completed
ORD-0025784,R-0053,2025-05-18,49.43,web,pickup,refunded
ORD-0025785,R-0053,2025-05-09,33.39,web,pickup,completed
ORD-0025786,R-0053,2025-05-30,35.95,web,pickup,completed
ORD-0025787,R-0053,2025-05-04,49.21,app,delivery,completed
ORD-0025788,R-0053,2025-05-08,32.95,web,pickup,completed
ORD-0025789,R-0053,2025-05-30,27.25,web,delivery,completed
ORD-0025790,R-0053,2025-05-17,22.75,app,pickup,completed
ORD-0025791,R-0053,2025-05-25,36.76,web,delivery,completed
ORD-0025792,R-0053,2025-05-04,40.94,web,pickup,completed
ORD-0027769,R-0058,2025-05-04,22.42,web,pickup,completed
ORD-0027770,R-0058,2025-05-22,20.57,app,delivery,completed
ORD-0027771,R-0058,2025-05-22,18.65,app,delivery,COMPLETED
ORD-0027772,R-0058,2025-05-22,34.00,app,delivery,cancelled
ORD-0027773,R-0058,2025-05-11,25.28,app,delivery,completed
ORD-0027774,R-0058,2025-05-14,17.09,web,delivery,completed
ORD-0027775,R-0058,2025-05-07,31.78,web,pickup,completed
ORD-0027776,R-0058,2025-05-18,18.76,web,pickup,completed
ORD-0027777,R-0058,2025-05-21,19.12,app,delivery,completed
ORD-0027778,R-0058,2025-05-17,26.70,app,pickup,completed
ORD-0027779,R-0058,2025-05-27,29.18,web,delivery,completed
ORD-0027780,R-0058,2025-05-23,31.86,app,delivery,completed
ORD-0027781,R-0058,2025-05-23,34.33,app,delivery,completed
ORD-0027782,R-0058,2025-05-23,19.96,web,pickup,completed
ORD-0027783,R-0058,2025-05-05,37.86,app,pickup,completed
ORD-0028470,R-0061,2025-05-30,53.96,app,delivery,completed
ORD-0028471,R-0061,2025-05-24,13.58,app,pickup,completed
ORD-0028472,R-0061,2025-05-17,29.23,web,delivery,completed
ORD-0028473,R-0061,2025-05-25,33.34,app,pickup,completed
ORD-0028474,R-0061,2025-05-30,35.14,app,pickup,COMPLETED
ORD-0028475,R-0061,2025-05-06,53.06,app,delivery,completed
ORD-0028476,R-0061,2025-05-20,16.94,app,pickup,completed
ORD-0028477,R-0061,2025-05-24,28.16,web,delivery,COMPLETED
ORD-0028478,R-0061,2025-05-06,24.29,app,pickup,COMPLETED
ORD-0028479,R-0061,2025-05-31,30.24,app,pickup,completed
ORD-0028480,R-0061,2025-05-10,38.37,app,delivery,completed
ORD-0028481,R-0061,2025-05-22,78.55,web,pickup,completed
ORD-0028482,R-0061,2025-05-16,41.17,app,pickup,COMPLETED
ORD-0028483,R-0061,2025-05-03,47.24,web,pickup,completed
ORD-0028484,R-0061,2025-05-11,43.64,web,pickup,completed
ORD-0028485,R-0061,2025-05-16,53.26,app,pickup,completed
ORD-0028486,R-0061,2025-05-21,16.50,web,delivery,completed
ORD-0028487,R-0061,2025-05-28,34.76,app,delivery,completed
ORD-0028488,R-0061,2025-05-01,16.02,app,delivery,completed
ORD-0028489,R-0061,2025-05-23,63.52,app,pickup,completed
ORD-0028490,R-0061,2025-05-10,34.68,app,pickup,completed
ORD-0028491,R-0061,2025-05-10,33.25,web,delivery,completed
ORD-0028492,R-0061,2025-05-29,33.28,app,delivery,COMPLETED
ORD-0028493,R-0061,2025-05-15,15.13,app,delivery,completed
ORD-0028494,R-0061,2025-05-15,12.39,app,delivery,completed
ORD-0028495,R-0061,2025-05-01,24.96,app,delivery,completed
ORD-0028496,R-0061,2025-05-10,23.68,web,pickup,completed
ORD-0028497,R-0061,2025-05-06,25.55,web,delivery,completed
ORD-0028498,R-0061,2025-05-11,25.62,web,pickup,COMPLETED
ORD-0028499,R-0061,2025-05-03,34.26,app,delivery,completed
ORD-0028500,R-0061,2025-05-26,33.03,app,delivery,completed
ORD-0028501,R-0061,2025-05-28,33.40,web,delivery,completed
ORD-0028502,R-0061,2025-05-08,25.57,app,delivery,completed
ORD-0028503,R-0061,2025-05-22,36.88,web,delivery,completed
ORD-0028504,R-0061,2025-05-27,20.15,app,pickup,completed
ORD-0028505,R-0061,2025-05-22,52.31,app,delivery,completed
ORD-0028506,R-0061,2025-05-08,30.23,web,delivery,completed
ORD-0028507,R-0061,2025-05-21,22.30,app,delivery,completed
ORD-0028508,R-0061,2025-05-25,33.25,app,pickup,completed
ORD-0028509,R-0061,2025-05-29,20.07,web,delivery,completed
ORD-0028510,R-0061,2025-05-29,19.78,app,delivery,COMPLETED
ORD-0028511,R-0061,2025-05-17,33.45,app,delivery,cancelled
ORD-0028512,R-0061,2025-05-24,22.40,app,delivery,completed
ORD-0028513,R-0061,2025-05-10,52.57,web,pickup,completed
ORD-0028514,R-0061,2025-05-11,22.27,web,pickup,completed
ORD-0028515,R-0061,2025-05-10,39.22,app,pickup,completed
ORD-0028516,R-0061,2025-05-27,21.16,app,pickup,completed
ORD-0028517,R-0061,2025-05-12,38.31,web,delivery,completed
ORD-0028518,R-0061,2025-05-26,36.80,app,pickup,completed
ORD-0028519,R-0061,2025-05-24,13.97,app,delivery,completed
ORD-0028520,R-0061,2025-05-24,41.27,web,delivery,completed
ORD-0028521,R-0061,2025-05-06,33.03,app,pickup,completed
ORD-0028522,R-0061,2025-05-05,32.50,app,pickup,completed
ORD-0028523,R-0061,2025-05-17,30.42,app,pickup,completed
ORD-0028524,R-0061,2025-05-18,27.58,web,pickup,COMPLETED
ORD-0028525,R-0061,2025-05-13,13.23,app,delivery,refunded
ORD-0028526,R-0061,2025-05-16,29.39,app,delivery,completed
ORD-0028527,R-0061,2025-05-20,27.36,app,delivery,completed
ORD-0028528,R-0061,2025-05-22,25.72,app,delivery,completed
ORD-0028529,R-0061,2025-05-03,21.14,web,pickup,completed
ORD-0028530,R-0061,2025-05-10,47.06,app,pickup,completed
ORD-0028531,R-0061,2025-05-07,31.04,web,delivery,completed
ORD-0028532,R-0061,2025-05-31,25.36,web,delivery,completed
ORD-0028533,R-0061,2025-05-16,16.55,app,delivery,Completed
ORD-0028534,R-0061,2025-05-03,22.30,app,pickup,cancelled
ORD-0028535,R-0061,2025-05-23,26.76,app,delivery,COMPLETED
ORD-0028536,R-0061,2025-05-17,46.35,app,delivery,completed
ORD-0028537,R-0061,2025-05-06,28.19,app,delivery,completed
ORD-0028538,R-0061,2025-05-03,26.46,app,pickup,completed
ORD-0028539,R-0061,2025-05-31,38.17,app,pickup,Completed
ORD-0028540,R-0061,2025-05-30,38.98,app,pickup,completed
ORD-0028541,R-0061,2025-05-05,28.77,app,pickup,completed
ORD-0028542,R-0061,2025-05-01,37.36,web,delivery,Completed
ORD-0028543,R-0061,2025-05-21,35.72,app,delivery,completed
ORD-0028544,R-0061,2025-05-25,40.90,web,pickup,completed
ORD-0028545,R-0061,2025-05-15,28.07,app,delivery,completed
ORD-0028546,R-0061,2025-05-15,20.97,app,delivery,completed
ORD-0028547,R-0061,2025-05-18,27.24,web,pickup,completed
ORD-0028548,R-0061,2025-05-14,36.92,app,pickup,completed
ORD-0028549,R-0061,2025-05-04,50.71,app,delivery,completed
ORD-0028550,R-0061,2025-05-02,42.28,web,delivery,completed
ORD-0028551,R-0061,2025-05-21,27.81,app,pickup,completed
ORD-0028552,R-0061,2025-05-20,39.50,app,pickup,COMPLETED
ORD-0028553,R-0061,2025-05-23,24.15,app,pickup,completed
ORD-0028554,R-0061,2025-05-16,46.77,app,pickup,completed
ORD-0028555,R-0061,2025-05-23,55.94,app,pickup,completed
ORD-0028556,R-0061,2025-05-24,43.81,app,delivery,completed
ORD-0028557,R-0061,2025-05-27,19.55,web,pickup,completed
ORD-0028558,R-0061,2025-05-04,21.59,app,pickup,completed
ORD-0028559,R-0061,2025-05-05,40.57,app,pickup,completed
ORD-0028560,R-0061,2025-05-16,36.93,web,delivery,completed
ORD-0028561,R-0061,2025-05-09,23.24,app,delivery,completed
ORD-0028562,R-0061,2025-05-01,22.46,web,delivery,completed
ORD-0028563,R-0061,2025-05-30,36.78,app,pickup,COMPLETED
ORD-0028564,R-0061,2025-05-27,20.20,app,pickup,completed
ORD-0028565,R-0061,2025-05-10,35.36,app,delivery,completed
ORD-0028566,R-0061,2025-05-16,50.02,app,delivery,completed
ORD-0028567,R-0061,2025-05-20,30.30,app,delivery,completed
ORD-0028568,R-0061,2025-05-06,54.68,app,delivery,completed
ORD-0028569,R-0061,2025-05-16,38.19,app,pickup,completed
ORD-0028570,R-0061,2025-05-01,29.32,app,pickup,completed
ORD-0028571,R-0061,2025-05-05,39.17,web,delivery,completed
ORD-0028572,R-0061,2025-05-10,45.23,web,delivery,completed
ORD-0028573,R-0061,2025-05-21,21.57,web,pickup,completed
ORD-0028574,R-0061,2025-05-18,29.00,web,delivery,completed
ORD-0033231,R-0072,2025-05-25,33.04,web,delivery,completed
ORD-0033232,R-0072,2025-05-31,30.35,web,delivery,completed
ORD-0033575,R-0074,2025-05-16,37.79,app,pickup,completed
ORD-0033576,R-0074,2025-05-04,37.15,web,delivery,completed
ORD-0033577,R-0074,2025-05-24,53.87,app,delivery,completed
ORD-0033578,R-0074,2025-05-09,37.72,app,delivery,Completed
ORD-0033579,R-0074,2025-05-17,22.96,app,delivery,completed
ORD-0033580,R-0074,2025-05-25,30.77,web,delivery,completed
ORD-0033581,R-0074,2025-05-14,14.11,web,delivery,Completed
ORD-0033582,R-0074,2025-05-02,20.46,web,delivery,completed
ORD-0033583,R-0074,2025-05-13,10.61,app,pickup,completed
ORD-0033584,R-0074,2025-05-18,58.34,web,delivery,completed
ORD-0033585,R-0074,2025-05-31,65.29,web,delivery,completed
ORD-0033586,R-0074,2025-05-13,44.13,app,pickup,completed
ORD-0033587,R-0074,2025-05-31,40.85,web,pickup,completed
ORD-0033588,R-0074,2025-05-17,26.59,app,delivery,COMPLETED
ORD-0033589,R-0074,2025-05-26,15.36,app,pickup,completed
ORD-0033590,R-0074,2025-05-03,25.60,web,pickup,completed
ORD-0033591,R-0074,2025-05-06,27.42,app,delivery,Completed
ORD-0033592,R-0074,2025-05-15,20.40,web,delivery,completed
ORD-0033593,R-0074,2025-05-09,35.24,web,delivery,completed
ORD-0033594,R-0074,2025-05-25,26.80,app,delivery,completed
ORD-0033595,R-0074,2025-05-25,17.81,web,pickup,completed
ORD-0033596,R-0074,2025-05-05,49.04,web,delivery,completed
ORD-0033597,R-0074,2025-05-29,17.54,web,delivery,completed
ORD-0033598,R-0074,2025-05-07,15.79,app,pickup,completed
ORD-0033599,R-0074,2025-05-08,25.27,web,delivery,completed
ORD-0033600,R-0074,2025-05-17,39.71,app,delivery,completed
ORD-0033601,R-0074,2025-05-12,38.64,app,delivery,Completed
ORD-0033602,R-0074,2025-05-25,45.68,app,delivery,completed
ORD-0033603,R-0074,2025-05-30,20.73,web,pickup,completed
ORD-0033604,R-0074,2025-05-18,37.64,app,pickup,COMPLETED
ORD-0033605,R-0074,2025-05-23,22.30,app,delivery,cancelled
ORD-0033606,R-0074,2025-05-18,48.67,app,delivery,completed
ORD-0033607,R-0074,2025-05-16,21.76,app,delivery,completed
ORD-0033608,R-0074,2025-05-22,33.51,web,pickup,completed
ORD-0033609,R-0074,2025-05-22,23.36,app,delivery,completed
ORD-0033610,R-0074,2025-05-10,45.11,app,delivery,COMPLETED
ORD-0033611,R-0074,2025-05-08,21.56,app,delivery,cancelled
ORD-0033612,R-0074,2025-05-28,23.57,app,delivery,cancelled
ORD-0033613,R-0074,2025-05-24,41.63,web,delivery,completed
ORD-0033614,R-0074,2025-05-15,17.79,app,delivery,completed
ORD-0033615,R-0074,2025-05-15,25.56,app,delivery,completed
ORD-0033616,R-0074,2025-05-27,32.76,app,delivery,completed
ORD-0033617,R-0074,2025-05-10,30.66,app,delivery,completed
ORD-0033618,R-0074,2025-05-21,33.74,app,delivery,completed
ORD-0033619,R-0074,2025-05-17,46.25,web,delivery,completed
ORD-0033620,R-0074,2025-05-22,29.00,web,delivery,Completed
ORD-0033621,R-0074,2025-05-20,24.03,web,delivery,completed
ORD-0033622,R-0074,2025-05-13,33.46,app,delivery,completed
ORD-0033623,R-0074,2025-05-22,31.89,app,delivery,completed
ORD-0033624,R-0074,2025-05-07,39.10,web,delivery,completed
ORD-0033625,R-0074,2025-05-29,39.68,app,delivery,completed
ORD-0033626,R-0074,2025-05-28,37.99,web,pickup,Completed
ORD-0033627,R-0074,2025-05-10,30.39,app,pickup,cancelled
ORD-0033628,R-0074,2025-05-25,18.95,app,delivery,Completed
ORD-0033629,R-0074,2025-05-30,21.93,app,delivery,completed
ORD-0033630,R-0074,2025-05-17,38.23,app,delivery,completed
ORD-0033631,R-0074,2025-05-05,45.55,web,delivery,completed
ORD-0033632,R-0074,2025-05-28,30.53,app,pickup,completed
ORD-0036423,R-0081,2025-05-24,40.49,app,delivery,completed
ORD-0036424,R-0081,2025-05-12,71.09,web,delivery,completed
ORD-0036425,R-0081,2025-05-31,44.82,web,delivery,completed
ORD-0036426,R-0081,2025-05-05,51.71,app,delivery,completed
ORD-0036427,R-0081,2025-05-14,44.27,app,pickup,completed
ORD-0036428,R-0081,2025-05-25,60.41,web,pickup,completed
ORD-0036429,R-0081,2025-05-29,43.82,app,pickup,Completed
ORD-0036430,R-0081,2025-05-15,31.35,web,delivery,Completed
ORD-0036431,R-0081,2025-05-28,76.03,app,delivery,COMPLETED
ORD-0036432,R-0081,2025-05-27,44.00,app,pickup,completed
ORD-0036433,R-0081,2025-05-16,45.45,web,pickup,COMPLETED
ORD-0036434,R-0081,2025-05-04,38.19,app,delivery,completed
ORD-0036435,R-0081,2025-05-31,37.89,web,delivery,completed
ORD-0036436,R-0081,2025-05-20,42.04,web,delivery,completed
ORD-0036437,R-0081,2025-05-30,74.17,app,delivery,completed
ORD-0036438,R-0081,2025-05-20,64.34,app,pickup,completed
ORD-0036439,R-0081,2025-05-26,44.20,web,pickup,completed
ORD-0036440,R-0081,2025-05-23,41.69,app,delivery,completed
ORD-0036441,R-0081,2025-05-14,94.83,web,delivery,COMPLETED
ORD-0036442,R-0081,2025-05-16,58.87,web,delivery,completed
ORD-0036443,R-0081,2025-05-23,91.10,web,pickup,completed
ORD-0036444,R-0081,2025-05-09,67.06,web,pickup,completed
ORD-0036445,R-0081,2025-05-17,50.43,app,pickup,completed
ORD-0036446,R-0081,2025-05-15,56.74,web,delivery,COMPLETED
ORD-0036447,R-0081,2025-05-04,40.15,web,pickup,completed
ORD-0036448,R-0081,2025-05-15,87.05,app,delivery,COMPLETED
ORD-0036449,R-0081,2025-05-04,50.91,web,delivery,completed
ORD-0038397,R-0087,2025-05-27,13.56,app,delivery,completed
ORD-0038398,R-0087,2025-05-19,47.37,web,delivery,completed
ORD-0038399,R-0087,2025-05-13,31.38,app,pickup,completed
ORD-0038400,R-0087,2025-05-21,24.15,app,delivery,completed
ORD-0038401,R-0087,2025-05-02,29.37,app,delivery,COMPLETED
ORD-0038402,R-0087,2025-05-11,38.62,web,pickup,completed
ORD-0038403,R-0087,2025-05-28,50.06,app,pickup,completed
ORD-0038404,R-0087,2025-05-12,26.73,web,pickup,completed
ORD-0038405,R-0087,2025-05-30,21.42,app,pickup,completed
ORD-0038406,R-0087,2025-05-05,25.66,app,delivery,completed
ORD-0038407,R-0087,2025-05-31,26.24,web,delivery,completed
ORD-0038408,R-0087,2025-05-21,26.34,app,delivery,completed
ORD-0038409,R-0087,2025-05-16,48.57,app,pickup,completed
ORD-0038410,R-0087,2025-05-19,23.24,web,delivery,COMPLETED
ORD-0038411,R-0087,2025-05-19,24.09,app,pickup,completed
ORD-0038412,R-0087,2025-05-10,26.12,app,pickup,completed
ORD-0038413,R-0087,2025-05-24,46.83,app,delivery,completed
ORD-0038414,R-0087,2025-05-01,17.20,web,pickup,completed
ORD-0038415,R-0087,2025-05-03,27.58,app,pickup,completed
ORD-0038416,R-0087,2025-05-19,31.71,app,pickup,completed
ORD-0038417,R-0087,2025-05-31,52.51,app,delivery,completed
ORD-0038418,R-0087,2025-05-03,24.98,app,delivery,completed
ORD-0038419,R-0087,2025-05-11,67.26,app,delivery,completed
ORD-0038420,R-0087,2025-05-22,29.26,web,pickup,completed
ORD-0038421,R-0087,2025-05-19,16.67,app,delivery,completed
ORD-0038422,R-0087,2025-05-30,34.96,app,delivery,completed
ORD-0038423,R-0087,2025-05-02,32.75,web,delivery,completed
ORD-0038424,R-0087,2025-05-02,24.32,web,pickup,refunded
ORD-0038425,R-0087,2025-05-11,40.54,web,delivery,CANCELLED
ORD-0038426,R-0087,2025-05-31,38.35,app,delivery,completed
ORD-0038427,R-0087,2025-05-27,30.63,web,pickup,completed
ORD-0038428,R-0087,2025-05-29,24.82,app,pickup,completed
ORD-0038429,R-0087,2025-05-22,18.52,app,pickup,completed
ORD-0038430,R-0087,2025-05-25,50.37,web,delivery,completed
ORD-0038431,R-0087,2025-05-15,39.07,web,delivery,completed
ORD-0038432,R-0087,2025-05-24,17.18,web,delivery,cancelled
ORD-0038433,R-0087,2025-05-31,26.87,web,delivery,completed
ORD-0038434,R-0087,2025-05-18,19.10,app,delivery,completed
ORD-0038435,R-0087,2025-05-21,37.56,app,pickup,completed
ORD-0038436,R-0087,2025-05-08,35.24,web,pickup,completed
ORD-0038437,R-0087,2025-05-31,16.26,app,pickup,completed
ORD-0038438,R-0087,2025-05-24,39.46,web,pickup,completed
ORD-0038439,R-0087,2025-05-29,21.21,web,delivery,completed
ORD-0038440,R-0087,2025-05-17,32.75,web,delivery,completed
ORD-0038441,R-0087,2025-05-17,27.29,web,delivery,completed
ORD-0038442,R-0087,2025-05-09,73.51,web,pickup,completed
ORD-0040995,R-0092,2025-05-11,23.11,web,delivery,completed
ORD-0040996,R-0092,2025-05-14,24.69,web,pickup,completed
ORD-0040997,R-0092,2025-05-11,30.21,web,delivery,cancelled
ORD-0040998,R-0092,2025-05-31,30.30,web,pickup,cancelled
ORD-0040999,R-0092,2025-05-24,24.68,web,pickup,completed
ORD-0041000,R-0092,2025-05-29,18.39,web,pickup,Completed
ORD-0041001,R-0092,2025-05-25,20.21,web,pickup,completed
ORD-0041002,R-0092,2025-05-08,20.54,app,delivery,completed
ORD-0041003,R-0092,2025-05-26,13.16,web,delivery,COMPLETED
ORD-0044051,R-0104,2025-05-29,28.99,web,delivery,COMPLETED
ORD-0044052,R-0104,2025-05-20,18.66,web,delivery,completed
ORD-0044053,R-0104,2025-05-10,49.44,web,delivery,completed
ORD-0044054,R-0104,2025-05-02,16.28,app,delivery,completed
ORD-0044055,R-0104,2025-05-28,25.31,app,delivery,completed
ORD-0044056,R-0104,2025-05-25,20.12,web,delivery,completed
ORD-0044057,R-0104,2025-05-16,9.96,app,delivery,completed
ORD-0044058,R-0104,2025-05-20,16.60,app,delivery,completed
ORD-0044059,R-0104,2025-05-08,27.64,app,delivery,COMPLETED
ORD-0044060,R-0104,2025-05-22,27.78,web,delivery,completed
ORD-0044061,R-0104,2025-05-04,35.39,app,delivery,completed
ORD-0044062,R-0104,2025-05-16,14.40,web,delivery,Completed
ORD-0044063,R-0104,2025-05-21,51.61,app,delivery,completed
ORD-0044064,R-0104,2025-05-24,20.86,web,pickup,cancelled
ORD-0044065,R-0104,2025-05-02,35.12,web,delivery,completed
ORD-0044066,R-0104,2025-05-19,53.10,web,pickup,completed
ORD-0044067,R-0104,2025-05-16,17.82,app,delivery,COMPLETED
ORD-0044068,R-0104,2025-05-11,28.90,web,delivery,Completed
ORD-0044069,R-0104,2025-05-17,29.59,web,delivery,completed
ORD-0044070,R-0104,2025-05-16,20.87,web,delivery,completed
ORD-0044071,R-0104,2025-05-01,22.67,web,pickup,COMPLETED
ORD-0044072,R-0104,2025-05-16,27.57,app,pickup,completed
ORD-0044073,R-0104,2025-05-09,20.51,app,pickup,completed
ORD-0044074,R-0104,2025-05-26,27.10,app,delivery,completed
ORD-0044075,R-0104,2025-05-29,14.13,app,delivery,Completed
ORD-0044076,R-0104,2025-05-13,31.78,app,pickup,completed
ORD-0044077,R-0104,2025-05-15,22.43,app,delivery,completed
ORD-0044078,R-0104,2025-05-21,41.65,web,delivery,completed
ORD-0044079,R-0104,2025-05-11,21.71,app,delivery,COMPLETED
ORD-0044080,R-0104,2025-05-22,36.38,web,pickup,cancelled
ORD-0044081,R-0104,2025-05-17,24.97,app,delivery,completed
ORD-0044082,R-0104,2025-05-31,26.18,app,delivery,completed
ORD-0044083,R-0104,2025-05-12,37.46,web,delivery,completed
ORD-0044084,R-0104,2025-05-09,12.21,app,pickup,COMPLETED
ORD-0044085,R-0104,2025-05-01,18.29,web,pickup,completed
ORD-0044086,R-0104,2025-05-06,36.45,web,delivery,completed
ORD-0044087,R-0104,2025-05-30,31.11,web,pickup,COMPLETED
ORD-0044088,R-0104,2025-05-02,20.36,web,pickup,completed
ORD-0044089,R-0104,2025-05-01,24.29,app,delivery,completed
ORD-0044090,R-0104,2025-05-09,14.04,app,delivery,COMPLETED
ORD-0044091,R-0104,2025-05-18,52.72,app,pickup,completed
ORD-0044092,R-0104,2025-05-10,16.89,app,delivery,completed
ORD-0044093,R-0104,2025-05-13,14.57,web,pickup,completed
ORD-0044094,R-0104,2025-05-29,17.79,app,pickup,completed
ORD-0044095,R-0104,2025-05-16,22.69,app,delivery,completed
ORD-0044096,R-0104,2025-05-04,23.46,web,delivery,COMPLETED
ORD-0044097,R-0104,2025-05-03,25.79,web,delivery,completed
ORD-0044098,R-0104,2025-05-07,40.35,web,pickup,completed
ORD-0044099,R-0104,2025-05-01,33.05,web,delivery,completed
ORD-0044100,R-0104,2025-05-28,17.62,app,delivery,completed
ORD-0044101,R-0104,2025-05-12,17.76,app,pickup,completed
ORD-0044102,R-0104,2025-05-09,10.94,app,delivery,completed
ORD-0044103,R-0104,2025-05-20,32.63,web,delivery,completed
ORD-0044104,R-0104,2025-05-31,19.60,app,delivery,completed
ORD-0044105,R-0104,2025-05-14,27.18,web,delivery,completed
ORD-0044106,R-0104,2025-05-29,15.80,app,pickup,completed
ORD-0044107,R-0104,2025-05-31,18.11,app,pickup,completed
ORD-0044108,R-0104,2025-05-10,61.16,web,delivery,completed
ORD-0044109,R-0104,2025-05-04,32.30,app,delivery,COMPLETED
ORD-0044110,R-0104,2025-05-26,21.39,app,pickup,completed
ORD-0044111,R-0104,2025-05-29,24.20,app,delivery,completed
ORD-0044112,R-0104,2025-05-31,33.78,app,pickup,completed
ORD-0044113,R-0104,2025-05-14,22.18,app,pickup,completed
ORD-0044114,R-0104,2025-05-23,19.09,app,pickup,completed
ORD-0045045,R-0105,2025-05-26,20.98,app,pickup,completed
ORD-0045046,R-0105,2025-05-16,37.64,app,delivery,completed
ORD-0045047,R-0105,2025-05-20,35.87,app,delivery,completed
ORD-0045048,R-0105,2025-05-13,32.33,app,delivery,completed
ORD-0045049,R-0105,2025-05-28,22.93,app,pickup,COMPLETED
ORD-0045050,R-0105,2025-05-15,32.18,web,delivery,completed
ORD-0045051,R-0105,2025-05-30,24.80,web,pickup,completed
ORD-0045052,R-0105,2025-05-16,29.99,web,pickup,completed
ORD-0045053,R-0105,2025-05-10,41.42,app,delivery,completed
ORD-0045654,R-0110,2025-05-24,23.10,web,pickup,completed
ORD-0045655,R-0110,2025-05-25,60.33,web,pickup,completed
ORD-0045656,R-0110,2025-05-30,22.81,web,pickup,completed
ORD-0045657,R-0110,2025-05-16,39.19,web,delivery,completed
ORD-0045658,R-0110,2025-05-29,21.63,web,delivery,completed
ORD-0045659,R-0110,2025-05-20,39.85,web,pickup,completed
ORD-0045660,R-0110,2025-05-02,26.26,app,delivery,COMPLETED
ORD-0045661,R-0110,2025-05-24,39.10,web,pickup,COMPLETED
ORD-0045662,R-0110,2025-05-21,47.19,web,pickup,COMPLETED
ORD-0045663,R-0110,2025-05-31,18.66,app,pickup,completed
ORD-0045664,R-0110,2025-05-04,26.42,web,pickup,completed
ORD-0045665,R-0110,2025-05-07,52.65,app,pickup,completed
ORD-0045666,R-0110,2025-05-23,31.80,app,pickup,completed
ORD-0045667,R-0110,2025-05-25,53.21,app,pickup,completed
ORD-0045668,R-0110,2025-05-03,29.17,app,delivery,completed
ORD-0045669,R-0110,2025-05-22,30.76,web,pickup,completed
ORD-0045670,R-0110,2025-05-24,26.98,app,delivery,completed
ORD-0045671,R-0110,2025-05-17,35.23,app,delivery,completed
ORD-0045672,R-0110,2025-05-03,53.49,web,pickup,completed
ORD-0045673,R-0110,2025-05-05,37.90,web,delivery,completed
ORD-0045674,R-0110,2025-05-21,56.81,app,pickup,COMPLETED
ORD-0045675,R-0110,2025-05-03,49.85,web,delivery,completed
ORD-0045676,R-0110,2025-05-26,55.59,web,delivery,COMPLETED
ORD-0045677,R-0110,2025-05-28,29.37,web,delivery,completed
ORD-0045678,R-0110,2025-05-24,40.51,app,pickup,completed
ORD-0045679,R-0110,2025-05-16,43.03,app,delivery,completed
ORD-0045680,R-0110,2025-05-17,40.60,web,delivery,completed
ORD-0045681,R-0110,2025-05-14,26.90,web,pickup,completed
ORD-0045682,R-0110,2025-05-18,37.90,web,delivery,completed
ORD-0045683,R-0110,2025-05-24,22.80,app,delivery,completed
ORD-0045684,R-0110,2025-05-17,32.26,web,pickup,completed
ORD-0045685,R-0110,2025-05-19,40.96,app,pickup,completed
ORD-0045686,R-0110,2025-05-23,33.37,app,delivery,completed
ORD-0045687,R-0110,2025-05-17,20.62,app,pickup,completed
ORD-0045688,R-0110,2025-05-31,35.29,web,delivery,completed
ORD-0045689,R-0110,2025-05-24,25.20,web,pickup,completed
ORD-0045690,R-0110,2025-05-19,23.60,app,delivery,Completed
ORD-0045691,R-0110,2025-05-21,28.20,web,delivery,refunded
ORD-0045692,R-0110,2025-05-30,40.21,app,delivery,completed
ORD-0045693,R-0110,2025-05-07,23.83,web,delivery,completed
ORD-0045694,R-0110,2025-05-11,19.75,app,delivery,COMPLETED
ORD-0045695,R-0110,2025-05-17,21.35,web,pickup,completed
ORD-0045696,R-0110,2025-05-29,18.31,web,pickup,completed
ORD-0045697,R-0110,2025-05-21,32.59,web,pickup,completed
ORD-0045698,R-0110,2025-05-21,25.52,web,delivery,completed
ORD-0045699,R-0110,2025-05-21,37.05,app,delivery,completed
ORD-0045700,R-0110,2025-05-17,23.60,app,pickup,completed
ORD-0045701,R-0110,2025-05-21,37.08,web,pickup,cancelled
ORD-0046584,R-0111,2025-05-24,37.44,app,pickup,completed
ORD-0046585,R-0111,2025-05-25,19.50,app,pickup,COMPLETED
ORD-0046586,R-0111,2025-05-24,21.45,app,pickup,completed
ORD-0046587,R-0111,2025-05-23,20.94,web,pickup,completed
ORD-0046588,R-0111,2025-05-23,30.06,app,delivery,completed
ORD-0046589,R-0111,2025-05-30,40.62,app,pickup,completed
ORD-0046590,R-0111,2025-05-23,20.26,app,pickup,completed
ORD-0046591,R-0111,2025-05-30,24.39,app,pickup,COMPLETED
ORD-0046592,R-0111,2025-05-23,37.26,app,pickup,completed
ORD-0050227,R-0123,2025-05-30,53.63,web,delivery,completed
ORD-0050228,R-0123,2025-05-30,68.50,web,delivery,completed
ORD-0050368,R-0124,2025-05-10,41.93,web,delivery,completed
ORD-0050369,R-0124,2025-05-16,38.48,app,delivery,cancelled
ORD-0050370,R-0124,2025-05-18,29.47,app,delivery,completed
ORD-0050371,R-0124,2025-05-29,26.80,app,delivery,COMPLETED
ORD-0050372,R-0124,2025-05-05,55.93,web,delivery,completed
ORD-0050373,R-0124,2025-05-04,39.02,app,delivery,completed
ORD-0050374,R-0124,2025-05-26,30.25,web,delivery,completed
ORD-0050375,R-0124,2025-05-06,32.98,web,delivery,completed
ORD-0050376,R-0124,2025-05-03,49.37,app,delivery,completed
ORD-0050377,R-0124,2025-05-12,25.47,web,delivery,completed
ORD-0050378,R-0124,2025-05-05,20.97,web,delivery,completed
ORD-0050379,R-0124,2025-05-25,32.98,web,pickup,completed
ORD-0050380,R-0124,2025-05-13,29.40,app,delivery,completed
ORD-0050381,R-0124,2025-05-15,19.86,web,delivery,completed
ORD-0050382,R-0124,2025-05-02,19.60,app,delivery,completed
ORD-0050383,R-0124,2025-05-24,37.48,app,delivery,completed
ORD-0050384,R-0124,2025-05-31,22.23,web,delivery,cancelled
ORD-0050385,R-0124,2025-05-01,38.60,app,delivery,completed
ORD-0050386,R-0124,2025-05-21,45.57,app,pickup,completed
ORD-0050387,R-0124,2025-05-24,26.25,web,pickup,completed
ORD-0050388,R-0124,2025-05-03,34.74,app,pickup,completed
ORD-0050389,R-0124,2025-05-16,43.73,app,delivery,completed
ORD-0050390,R-0124,2025-05-08,57.06,app,delivery,completed
ORD-0050391,R-0124,2025-05-18,41.97,app,pickup,completed
ORD-0050392,R-0124,2025-05-11,20.02,app,delivery,completed
ORD-0051369,R-0126,2025-05-09,16.70,web,pickup,COMPLETED
ORD-0051370,R-0126,2025-05-02,21.89,app,delivery,completed
ORD-0051371,R-0126,2025-05-28,32.50,app,delivery,cancelled
ORD-0051372,R-0126,2025-05-14,24.63,app,delivery,completed
ORD-0051373,R-0126,2025-05-06,43.78,web,delivery,completed
ORD-0051374,R-0126,2025-05-12,21.75,web,pickup,completed
ORD-0051375,R-0126,2025-05-24,15.90,app,pickup,completed
ORD-0051376,R-0126,2025-05-31,21.50,web,pickup,completed
ORD-0051377,R-0126,2025-05-10,44.38,web,delivery,completed
ORD-0051378,R-0126,2025-05-29,43.72,app,pickup,completed
ORD-0051379,R-0126,2025-05-23,23.81,app,pickup,COMPLETED
ORD-0051380,R-0126,2025-05-17,17.52,app,delivery,Completed
ORD-0051381,R-0126,2025-05-20,12.80,app,delivery,completed
ORD-0051382,R-0126,2025-05-07,10.83,app,pickup,COMPLETED
ORD-0051383,R-0126,2025-05-09,25.46,web,pickup,completed
ORD-0051384,R-0126,2025-05-14,24.21,web,delivery,completed
ORD-0051385,R-0126,2025-05-12,12.97,app,delivery,completed
ORD-0051386,R-0126,2025-05-02,12.37,app,delivery,completed
ORD-0051387,R-0126,2025-05-17,46.99,web,pickup,COMPLETED
ORD-0051388,R-0126,2025-05-05,49.77,web,pickup,Completed
ORD-0051389,R-0126,2025-05-17,27.25,web,pickup,CANCELLED
ORD-0051390,R-0126,2025-05-13,37.41,app,delivery,completed
ORD-0051391,R-0126,2025-05-08,46.79,app,pickup,completed
ORD-0051392,R-0126,2025-05-26,17.98,app,pickup,completed
ORD-0051393,R-0126,2025-05-27,44.79,app,pickup,completed
ORD-0051394,R-0126,2025-05-16,16.57,app,pickup,Completed
ORD-0051395,R-0126,2025-05-15,28.81,web,pickup,completed
ORD-0051396,R-0126,2025-05-23,8.23,app,delivery,cancelled
ORD-0051397,R-0126,2025-05-13,43.10,app,delivery,Completed
ORD-0051398,R-0126,2025-05-17,24.51,app,pickup,completed
ORD-0051399,R-0126,2025-05-09,21.23,app,pickup,completed
ORD-0051400,R-0126,2025-05-24,35.35,web,delivery,completed
ORD-0051401,R-0126,2025-05-02,13.62,web,delivery,completed
ORD-0051402,R-0126,2025-05-12,21.57,app,delivery,completed
ORD-0051403,R-0126,2025-05-13,15.43,app,pickup,COMPLETED
ORD-0051404,R-0126,2025-05-17,21.51,web,delivery,Completed
ORD-0051405,R-0126,2025-05-31,20.73,app,pickup,completed
ORD-0051406,R-0126,2025-05-17,21.38,web,pickup,COMPLETED
ORD-0051407,R-0126,2025-05-02,21.42,web,pickup,Completed
ORD-0051408,R-0126,2025-05-25,52.42,web,pickup,completed
ORD-0051409,R-0126,2025-05-05,24.88,app,delivery,completed
ORD-0051410,R-0126,2025-05-18,35.75,web,pickup,completed
ORD-0051411,R-0126,2025-05-05,10.88,app,delivery,completed
ORD-0051412,R-0126,2025-05-11,18.66,web,delivery,completed
ORD-0051413,R-0126,2025-05-28,17.15,web,pickup,completed
ORD-0051414,R-0126,2025-05-08,21.75,app,delivery,completed
ORD-0051415,R-0126,2025-05-03,22.16,web,pickup,completed
ORD-0051416,R-0126,2025-05-09,25.62,app,delivery,completed
ORD-0051417,R-0126,2025-05-18,43.80,web,pickup,completed
ORD-0051418,R-0126,2025-05-08,42.32,app,delivery,Completed
ORD-0051419,R-0126,2025-05-18,24.61,web,pickup,completed
ORD-0051420,R-0126,2025-05-17,12.25,web,delivery,completed
ORD-0051421,R-0126,2025-05-28,19.99,app,delivery,completed
ORD-0051422,R-0126,2025-05-15,27.56,app,delivery,completed
ORD-0051423,R-0126,2025-05-08,76.09,app,delivery,completed
ORD-0051424,R-0126,2025-05-08,17.63,web,pickup,COMPLETED
ORD-0051425,R-0126,2025-05-16,41.96,web,delivery,completed
ORD-0051426,R-0126,2025-05-20,41.96,app,pickup,completed
ORD-0051427,R-0126,2025-05-21,21.39,web,pickup,Completed
ORD-0051428,R-0126,2025-05-10,46.67,web,delivery,completed
ORD-0051429,R-0126,2025-05-05,27.40,web,delivery,completed
ORD-0051430,R-0126,2025-05-18,20.81,web,delivery,completed
ORD-0051431,R-0126,2025-05-19,26.53,app,delivery,completed
ORD-0051432,R-0126,2025-05-27,31.63,web,pickup,completed
ORD-0051433,R-0126,2025-05-10,24.28,web,pickup,Completed
ORD-0051434,R-0126,2025-05-01,41.82,web,delivery,Completed
ORD-0051435,R-0126,2025-05-31,28.88,web,delivery,completed
ORD-0051436,R-0126,2025-05-06,19.72,app,delivery,cancelled
ORD-0051437,R-0126,2025-05-16,33.22,app,pickup,completed
ORD-0051438,R-0126,2025-05-12,30.94,app,pickup,completed
ORD-0051439,R-0126,2025-05-12,19.74,app,delivery,completed
ORD-0051440,R-0126,2025-05-02,11.10,app,pickup,completed
ORD-0051441,R-0126,2025-05-02,22.43,web,pickup,completed
ORD-0051442,R-0126,2025-05-30,41.07,app,delivery,completed
ORD-0051443,R-0126,2025-05-19,29.50,web,delivery,completed
ORD-0051444,R-0126,2025-05-03,39.95,web,pickup,completed
ORD-0051445,R-0126,2025-05-24,32.96,app,pickup,completed
ORD-0051446,R-0126,2025-05-10,60.02,app,delivery,completed
ORD-0051447,R-0126,2025-05-17,39.18,web,delivery,completed
ORD-0051448,R-0126,2025-05-19,27.42,app,delivery,COMPLETED
ORD-0051449,R-0126,2025-05-17,28.11,app,delivery,completed
ORD-0051450,R-0126,2025-05-28,23.17,web,pickup,completed
ORD-0051451,R-0126,2025-05-31,34.41,web,pickup,completed
ORD-0051452,R-0126,2025-05-21,63.16,app,pickup,Completed
ORD-0051453,R-0126,2025-05-18,48.86,app,pickup,completed
ORD-0051454,R-0126,2025-05-29,40.26,app,pickup,completed
ORD-0051455,R-0126,2025-05-31,24.31,app,delivery,completed
ORD-0051456,R-0126,2025-05-19,26.03,app,pickup,completed
ORD-0051457,R-0126,2025-05-10,44.86,app,delivery,completed
ORD-0051458,R-0126,2025-05-30,20.01,app,pickup,completed
ORD-0051459,R-0126,2025-05-06,32.44,web,delivery,completed
ORD-0051460,R-0126,2025-05-10,37.28,app,delivery,COMPLETED
ORD-0051461,R-0126,2025-05-06,44.03,app,pickup,COMPLETED
ORD-0051462,R-0126,2025-05-09,23.66,app,delivery,completed
ORD-0051463,R-0126,2025-05-20,42.71,app,delivery,refunded
ORD-0051464,R-0126,2025-05-04,13.39,web,pickup,completed
ORD-0051465,R-0126,2025-05-30,58.36,web,delivery,completed
ORD-0051466,R-0126,2025-05-31,15.70,web,delivery,completed
ORD-0051467,R-0126,2025-05-03,59.43,web,delivery,completed
ORD-0051468,R-0126,2025-05-09,31.97,app,delivery,completed
ORD-0051469,R-0126,2025-05-25,51.39,app,pickup,completed
ORD-0051470,R-0126,2025-05-23,28.83,app,pickup,completed
ORD-0051471,R-0126,2025-05-25,34.93,web,delivery,completed
ORD-0051472,R-0126,2025-05-15,25.85,web,pickup,COMPLETED
ORD-0051473,R-0126,2025-05-25,30.50,app,delivery,completed
ORD-0051474,R-0126,2025-05-02,37.52,app,pickup,completed
ORD-0051475,R-0126,2025-05-21,26.59,web,delivery,completed
ORD-0051476,R-0126,2025-05-20,22.99,web,pickup,cancelled
ORD-0051477,R-0126,2025-05-10,21.16,web,pickup,completed
ORD-0051478,R-0126,2025-05-24,47.25,app,pickup,Completed
ORD-0051479,R-0126,2025-05-23,39.25,web,delivery,completed
ORD-0051480,R-0126,2025-05-10,23.96,web,pickup,completed
ORD-0051481,R-0126,2025-05-03,23.50,web,delivery,completed
ORD-0051482,R-0126,2025-05-13,26.02,web,delivery,completed
ORD-0051483,R-0126,2025-05-18,27.31,app,delivery,completed
ORD-0051484,R-0126,2025-05-07,48.48,app,pickup,Completed
ORD-0051485,R-0126,2025-05-09,20.45,web,delivery,completed
ORD-0051486,R-0126,2025-05-12,13.31,web,pickup,refunded
ORD-0051487,R-0126,2025-05-31,33.71,web,delivery,completed
ORD-0051488,R-0126,2025-05-05,18.97,web,pickup,completed
ORD-0051489,R-0126,2025-05-09,17.15,web,delivery,completed
ORD-0051490,R-0126,2025-05-30,61.64,app,pickup,Completed
ORD-0051491,R-0126,2025-05-12,38.59,web,pickup,completed
ORD-0051492,R-0126,2025-05-04,43.95,app,pickup,Completed
ORD-0051493,R-0126,2025-05-30,18.99,app,delivery,completed
ORD-0051494,R-0126,2025-05-16,20.99,app,pickup,completed
ORD-0051495,R-0126,2025-05-09,58.56,app,delivery,COMPLETED
ORD-0051496,R-0126,2025-05-13,31.81,app,pickup,completed
ORD-0056775,R-0136,2025-05-31,23.98,app,delivery,Completed
ORD-0056776,R-0136,2025-05-31,46.78,app,delivery,completed
ORD-0057603,R-0141,2025-05-30,32.13,app,delivery,completed
ORD-0057604,R-0141,2025-05-12,42.69,app,pickup,completed
ORD-0057605,R-0141,2025-05-06,27.63,app,pickup,completed
ORD-0057606,R-0141,2025-05-11,28.94,web,pickup,completed
ORD-0057607,R-0141,2025-05-31,39.29,web,delivery,completed
ORD-0057608,R-0141,2025-05-19,22.86,app,delivery,completed
ORD-0057609,R-0141,2025-05-27,15.37,web,pickup,completed
ORD-0057610,R-0141,2025-05-17,19.86,app,delivery,completed
ORD-0057611,R-0141,2025-05-07,12.54,web,delivery,completed
ORD-0057612,R-0141,2025-05-27,11.77,web,pickup,completed
ORD-0057613,R-0141,2025-05-26,18.40,app,pickup,COMPLETED
ORD-0057614,R-0141,2025-05-13,30.68,web,pickup,Completed
ORD-0057615,R-0141,2025-05-04,12.73,web,pickup,completed
ORD-0057616,R-0141,2025-05-24,37.17,web,delivery,completed
ORD-0057617,R-0141,2025-05-25,18.78,web,pickup,completed
ORD-0057618,R-0141,2025-05-15,42.44,app,pickup,completed
ORD-0057619,R-0141,2025-05-07,24.93,app,delivery,completed
ORD-0057620,R-0141,2025-05-10,17.53,app,pickup,completed
ORD-0057621,R-0141,2025-05-05,10.50,web,pickup,completed
ORD-0057622,R-0141,2025-05-07,26.50,app,pickup,completed
ORD-0057623,R-0141,2025-05-31,14.75,app,pickup,completed
ORD-0057624,R-0141,2025-05-22,11.16,web,delivery,completed
ORD-0057625,R-0141,2025-05-03,33.66,app,delivery,completed
ORD-0057626,R-0141,2025-05-27,32.96,web,delivery,completed
ORD-0057627,R-0141,2025-05-03,27.95,app,delivery,completed
ORD-0057628,R-0141,2025-05-28,18.70,web,delivery,Completed
ORD-0057629,R-0141,2025-05-27,40.96,app,pickup,completed
ORD-0057630,R-0141,2025-05-20,20.87,app,delivery,completed
ORD-0057631,R-0141,2025-05-21,22.07,app,pickup,completed
ORD-0057632,R-0141,2025-05-25,40.89,app,delivery,completed
ORD-0057633,R-0141,2025-05-10,34.02,app,pickup,completed
ORD-0057634,R-0141,2025-05-27,37.27,web,pickup,completed
ORD-0057635,R-0141,2025-05-07,25.06,web,pickup,cancelled
ORD-0057636,R-0141,2025-05-22,20.59,web,pickup,completed
ORD-0057637,R-0141,2025-05-12,13.94,web,pickup,completed
ORD-0057638,R-0141,2025-05-19,11.40,app,pickup,completed
ORD-0057639,R-0141,2025-05-01,17.45,web,pickup,completed
ORD-0057640,R-0141,2025-05-17,61.74,web,delivery,completed
ORD-0059308,R-0143,2025-05-05,36.73,app,delivery,completed
ORD-0059309,R-0143,2025-05-21,33.12,web,pickup,completed
ORD-0059310,R-0143,2025-05-10,67.94,web,pickup,Completed
ORD-0059311,R-0143,2025-05-29,63.59,web,delivery,completed
ORD-0059312,R-0143,2025-05-10,52.19,app,pickup,completed
ORD-0059313,R-0143,2025-05-15,34.93,app,pickup,Completed
ORD-0059314,R-0143,2025-05-02,81.09,app,pickup,completed
ORD-0059315,R-0143,2025-05-31,40.03,app,pickup,completed
ORD-0059316,R-0143,2025-05-25,58.52,app,pickup,completed
ORD-0059317,R-0143,2025-05-31,31.70,web,pickup,completed
ORD-0059318,R-0143,2025-05-10,43.34,web,pickup,completed
ORD-0059319,R-0143,2025-05-12,29.59,web,pickup,completed
ORD-0059320,R-0143,2025-05-10,71.61,app,delivery,completed
ORD-0059321,R-0143,2025-05-15,36.59,app,pickup,completed
ORD-0059322,R-0143,2025-05-14,53.21,app,pickup,completed
ORD-0059323,R-0143,2025-05-28,58.64,web,pickup,completed
ORD-0059324,R-0143,2025-05-24,48.94,app,pickup,completed
ORD-0059325,R-0143,2025-05-30,45.72,app,pickup,completed
ORD-0059326,R-0143,2025-05-02,38.51,app,pickup,completed
ORD-0059327,R-0143,2025-05-05,48.14,app,pickup,completed
ORD-0059328,R-0143,2025-05-06,106.01,app,pickup,completed
ORD-0059329,R-0143,2025-05-22,55.56,web,pickup,completed
ORD-0059330,R-0143,2025-05-22,37.99,web,pickup,completed
ORD-0059331,R-0143,2025-05-18,77.67,web,delivery,completed
ORD-0059332,R-0143,2025-05-28,63.67,web,delivery,COMPLETED
ORD-0059333,R-0143,2025-05-27,51.47,app,delivery,completed
ORD-0059334,R-0143,2025-05-10,37.20,app,pickup,completed
ORD-0059335,R-0143,2025-05-05,44.42,app,pickup,COMPLETED
ORD-0059336,R-0143,2025-05-09,129.25,web,pickup,completed
ORD-0059337,R-0143,2025-05-23,48.87,app,delivery,completed
ORD-0059338,R-0143,2025-05-31,37.93,web,pickup,completed
ORD-0059339,R-0143,2025-05-09,36.46,app,pickup,completed
ORD-0059340,R-0143,2025-05-18,53.48,web,pickup,completed
ORD-0059341,R-0143,2025-05-16,58.75,web,pickup,completed
ORD-0059342,R-0143,2025-05-07,48.94,app,delivery,Completed
ORD-0060028,R-0146,2025-05-24,25.43,web,pickup,completed
ORD-0060029,R-0146,2025-05-31,34.32,web,pickup,completed
ORD-0060030,R-0146,2025-05-16,46.14,app,delivery,completed
ORD-0060031,R-0146,2025-05-29,31.23,app,delivery,completed
ORD-0060032,R-0146,2025-05-15,30.97,app,delivery,completed
ORD-0060033,R-0146,2025-05-02,31.06,app,delivery,completed
ORD-0060034,R-0146,2025-05-28,22.25,web,delivery,completed
ORD-0060035,R-0146,2025-05-18,40.83,app,delivery,completed
ORD-0060036,R-0146,2025-05-11,29.90,app,pickup,Completed
ORD-0060037,R-0146,2025-05-29,30.43,app,pickup,completed
ORD-0060038,R-0146,2025-05-30,53.93,web,delivery,completed
ORD-0060039,R-0146,2025-05-23,34.66,web,pickup,completed
ORD-0060040,R-0146,2025-05-22,34.63,web,delivery,completed
ORD-0060041,R-0146,2025-05-08,40.39,app,pickup,completed
ORD-0060042,R-0146,2025-05-29,26.49,web,delivery,completed
ORD-0060043,R-0146,2025-05-10,26.85,app,pickup,COMPLETED
ORD-0060044,R-0146,2025-05-10,40.09,web,pickup,COMPLETED
ORD-0060045,R-0146,2025-05-24,26.06,web,pickup,completed
ORD-0060046,R-0146,2025-05-02,30.32,web,pickup,completed
ORD-0060047,R-0146,2025-05-14,34.65,app,pickup,Completed
ORD-0060048,R-0146,2025-05-12,23.11,web,pickup,completed
ORD-0060049,R-0146,2025-05-09,60.10,app,pickup,Cancelled
ORD-0060050,R-0146,2025-05-03,24.82,web,pickup,completed
ORD-0060051,R-0146,2025-05-15,32.76,app,delivery,COMPLETED
ORD-0060052,R-0146,2025-05-18,35.34,app,pickup,COMPLETED
ORD-0060053,R-0146,2025-05-18,35.77,web,delivery,completed
ORD-0060054,R-0146,2025-05-12,42.32,app,delivery,COMPLETED
ORD-0060055,R-0146,2025-05-16,41.29,app,delivery,completed
ORD-0060056,R-0146,2025-05-30,51.23,web,pickup,completed
ORD-0060057,R-0146,2025-05-29,45.38,web,pickup,Completed
ORD-0060058,R-0146,2025-05-06,24.47,app,pickup,completed
ORD-0060059,R-0146,2025-05-17,33.44,app,pickup,completed
ORD-0060060,R-0146,2025-05-15,25.53,app,pickup,completed
ORD-0060061,R-0146,2025-05-11,34.26,app,pickup,completed
ORD-0060062,R-0146,2025-05-12,34.00,app,delivery,COMPLETED
ORD-0060063,R-0146,2025-05-11,30.49,app,delivery,completed
ORD-0060064,R-0146,2025-05-11,26.58,app,delivery,COMPLETED
ORD-0060065,R-0146,2025-05-26,24.07,app,pickup,completed
ORD-0060066,R-0146,2025-05-03,36.94,app,pickup,completed
ORD-0060067,R-0146,2025-05-16,38.38,app,pickup,Completed
ORD-0060068,R-0146,2025-05-30,58.67,web,delivery,completed
ORD-0060069,R-0146,2025-05-08,26.41,web,pickup,cancelled
ORD-0060070,R-0146,2025-05-17,31.46,web,pickup,completed
ORD-0060071,R-0146,2025-05-09,22.39,app,pickup,completed
ORD-0060072,R-0146,2025-05-26,22.71,app,pickup,completed
ORD-0060073,R-0146,2025-05-07,27.65,app,delivery,COMPLETED
ORD-0060074,R-0146,2025-05-19,23.26,web,delivery,completed
ORD-0060075,R-0146,2025-05-10,47.13,web,delivery,completed
ORD-0060076,R-0146,2025-05-22,29.99,app,delivery,completed
ORD-0060077,R-0146,2025-05-13,37.08,web,pickup,completed
ORD-0060078,R-0146,2025-05-27,23.03,web,delivery,completed
ORD-0060079,R-0146,2025-05-11,37.46,app,delivery,completed
ORD-0060080,R-0146,2025-05-19,26.92,app,pickup,completed
ORD-0060081,R-0146,2025-05-31,28.53,web,delivery,completed
ORD-0060082,R-0146,2025-05-13,34.36,app,pickup,completed
ORD-0060083,R-0146,2025-05-30,25.42,app,pickup,completed
ORD-0060084,R-0146,2025-05-14,46.13,web,delivery,completed
ORD-0060085,R-0146,2025-05-25,23.11,app,delivery,completed
ORD-0060086,R-0146,2025-05-11,19.20,app,pickup,completed
ORD-0060087,R-0146,2025-05-10,35.26,app,pickup,completed
ORD-0060088,R-0146,2025-05-26,19.56,web,delivery,completed
ORD-0060089,R-0146,2025-05-13,28.29,app,pickup,completed
ORD-0060090,R-0146,2025-05-31,27.01,web,pickup,completed
ORD-0060091,R-0146,2025-05-04,29.06,web,delivery,completed
ORD-0060092,R-0146,2025-05-26,28.00,web,pickup,completed
ORD-0060093,R-0146,2025-05-23,24.07,web,delivery,COMPLETED
ORD-0060094,R-0146,2025-05-30,50.97,web,pickup,cancelled
ORD-0060095,R-0146,2025-05-24,27.27,app,delivery,completed
ORD-0060096,R-0146,2025-05-19,15.46,web,delivery,COMPLETED
ORD-0060097,R-0146,2025-05-31,40.82,web,delivery,completed
ORD-0060098,R-0146,2025-05-17,37.03,web,delivery,completed
ORD-0060099,R-0146,2025-05-08,39.28,app,pickup,Completed
ORD-0060100,R-0146,2025-05-15,41.81,app,delivery,completed
ORD-0060101,R-0146,2025-05-14,21.86,app,pickup,completed
ORD-0060102,R-0146,2025-05-20,24.96,app,pickup,completed
ORD-0060103,R-0146,2025-05-19,25.61,app,delivery,completed
ORD-0060104,R-0146,2025-05-22,23.62,web,pickup,completed
ORD-0060105,R-0146,2025-05-11,30.02,app,delivery,completed
ORD-0060106,R-0146,2025-05-05,40.48,app,delivery,cancelled
ORD-0060107,R-0146,2025-05-22,47.66,web,delivery,completed
ORD-0060108,R-0146,2025-05-16,24.19,web,delivery,completed
ORD-0060109,R-0146,2025-05-24,46.03,app,delivery,Completed
ORD-0060110,R-0146,2025-05-16,45.22,app,delivery,completed
ORD-0060111,R-0146,2025-05-26,64.47,web,pickup,completed
ORD-0060112,R-0146,2025-05-22,36.83,app,pickup,completed
ORD-0060113,R-0146,2025-05-17,31.60,app,pickup,completed
ORD-0060114,R-0146,2025-05-11,24.32,app,delivery,completed
ORD-0060115,R-0146,2025-05-16,24.23,app,pickup,completed
ORD-0060116,R-0146,2025-05-16,31.31,app,delivery,COMPLETED
ORD-0060117,R-0146,2025-05-16,27.67,web,delivery,completed
ORD-0060118,R-0146,2025-05-19,34.50,web,delivery,completed
ORD-0060119,R-0146,2025-05-23,37.53,app,delivery,completed
ORD-0060120,R-0146,2025-05-21,55.21,app,pickup,COMPLETED
ORD-0060121,R-0146,2025-05-07,22.72,app,pickup,completed
ORD-0060122,R-0146,2025-05-03,34.70,web,pickup,completed
ORD-0060123,R-0146,2025-05-14,21.74,app,delivery,completed
ORD-0060124,R-0146,2025-05-03,28.39,app,pickup,completed
ORD-0060125,R-0146,2025-05-04,31.05,app,pickup,completed
ORD-0060126,R-0146,2025-05-10,34.82,app,delivery,COMPLETED
ORD-0060127,R-0146,2025-05-04,33.13,app,pickup,completed
ORD-0060128,R-0146,2025-05-05,22.06,web,pickup,completed
ORD-0060129,R-0146,2025-05-26,34.23,app,pickup,completed
ORD-0060130,R-0146,2025-05-15,31.21,web,delivery,completed
ORD-0060131,R-0146,2025-05-07,24.80,app,pickup,cancelled
ORD-0060132,R-0146,2025-05-16,31.73,app,pickup,completed
ORD-0060133,R-0146,2025-05-16,29.42,app,pickup,completed
ORD-0060134,R-0146,2025-05-04,16.69,app,pickup,completed
ORD-0060135,R-0146,2025-05-26,28.49,web,pickup,completed
ORD-0060136,R-0146,2025-05-09,45.75,app,pickup,completed
ORD-0060137,R-0146,2025-05-27,40.31,web,delivery,completed
ORD-0060138,R-0146,2025-05-27,35.67,web,delivery,completed
ORD-0060139,R-0146,2025-05-09,31.77,app,delivery,completed
ORD-0060140,R-0146,2025-05-11,36.85,app,pickup,Completed
ORD-0060141,R-0146,2025-05-19,14.95,app,pickup,completed
ORD-0060142,R-0146,2025-05-30,29.20,app,delivery,Completed
ORD-0060143,R-0146,2025-05-29,34.24,app,pickup,completed
ORD-0060144,R-0146,2025-05-16,29.75,web,delivery,completed
ORD-0060145,R-0146,2025-05-11,27.08,web,delivery,completed
ORD-0060146,R-0146,2025-05-12,31.70,web,delivery,completed
ORD-0060147,R-0146,2025-05-27,34.88,web,delivery,completed
ORD-0060148,R-0146,2025-05-20,44.75,app,pickup,completed
ORD-0060149,R-0146,2025-05-22,24.33,app,delivery,completed
ORD-0060150,R-0146,2025-05-11,49.65,app,pickup,refunded
ORD-0060151,R-0146,2025-05-23,22.55,web,pickup,completed
ORD-0060152,R-0146,2025-05-24,26.01,web,pickup,completed
ORD-0060153,R-0146,2025-05-16,21.82,app,delivery,completed
ORD-0060154,R-0146,2025-05-18,29.07,web,delivery,completed
ORD-0060155,R-0146,2025-05-24,45.26,web,pickup,completed
ORD-0060156,R-0146,2025-05-10,24.15,web,pickup,completed
ORD-0060157,R-0146,2025-05-01,26.82,app,delivery,completed
ORD-0060158,R-0146,2025-05-23,39.35,web,pickup,completed
ORD-0060159,R-0146,2025-05-28,55.87,web,pickup,completed
ORD-0060160,R-0146,2025-05-04,45.22,web,pickup,completed
ORD-0060161,R-0146,2025-05-12,35.46,web,delivery,completed
ORD-0060162,R-0146,2025-05-17,35.75,web,pickup,completed
ORD-0060163,R-0146,2025-05-23,44.70,web,delivery,completed
ORD-0060164,R-0146,2025-05-03,33.59,web,pickup,completed
ORD-0060165,R-0146,2025-05-29,21.29,web,delivery,completed
ORD-0060166,R-0146,2025-05-01,32.87,app,pickup,COMPLETED
ORD-0060167,R-0146,2025-05-25,40.93,web,pickup,cancelled
ORD-0060168,R-0146,2025-05-22,23.76,web,delivery,completed
ORD-0060169,R-0146,2025-05-11,21.65,app,pickup,completed
ORD-0060170,R-0146,2025-05-09,39.05,web,delivery,COMPLETED
ORD-0060171,R-0146,2025-05-23,20.00,app,pickup,completed
ORD-0060172,R-0146,2025-05-21,30.49,app,delivery,completed
ORD-0060173,R-0146,2025-05-16,35.16,web,delivery,completed
ORD-0060174,R-0146,2025-05-08,34.74,app,delivery,completed
ORD-0060175,R-0146,2025-05-11,19.75,web,pickup,completed
ORD-0060176,R-0146,2025-05-15,49.07,web,delivery,completed
ORD-0060177,R-0146,2025-05-05,30.71,web,pickup,completed
ORD-0060178,R-0146,2025-05-26,34.54,app,delivery,completed
ORD-0060179,R-0146,2025-05-26,24.24,web,delivery,completed
ORD-0061581,R-0154,2025-05-26,33.91,web,pickup,refunded
ORD-0061582,R-0154,2025-05-27,60.99,app,delivery,completed
ORD-0061583,R-0154,2025-05-23,28.96,web,delivery,completed
ORD-0061584,R-0154,2025-05-27,28.41,web,delivery,COMPLETED
ORD-0061585,R-0154,2025-05-18,37.35,app,delivery,completed
ORD-0061586,R-0154,2025-05-25,36.44,app,delivery,completed
ORD-0061587,R-0154,2025-05-26,24.45,app,pickup,completed
ORD-0061588,R-0154,2025-05-19,79.28,app,delivery,completed
ORD-0061589,R-0154,2025-05-17,72.10,app,delivery,completed
ORD-0061590,R-0154,2025-05-08,67.35,app,pickup,completed
ORD-0061591,R-0154,2025-05-07,22.19,app,delivery,completed
ORD-0061592,R-0154,2025-05-24,49.92,app,delivery,completed
ORD-0061593,R-0154,2025-05-06,30.92,web,delivery,completed
ORD-0061594,R-0154,2025-05-15,14.28,app,delivery,completed
ORD-0061595,R-0154,2025-05-31,47.96,app,delivery,completed
ORD-0061596,R-0154,2025-05-03,31.83,app,delivery,completed
ORD-0061597,R-0154,2025-05-24,35.94,app,delivery,Completed
ORD-0061598,R-0154,2025-05-31,37.78,web,pickup,Completed
ORD-0061599,R-0154,2025-05-10,45.66,web,delivery,completed
ORD-0061600,R-0154,2025-05-06,71.84,app,delivery,completed
ORD-0061601,R-0154,2025-05-24,23.27,web,delivery,completed
ORD-0061602,R-0154,2025-05-25,20.05,web,delivery,completed
ORD-0061603,R-0154,2025-05-23,50.14,web,delivery,cancelled
ORD-0061604,R-0154,2025-05-17,18.12,web,delivery,completed
ORD-0061605,R-0154,2025-05-02,35.85,app,delivery,completed
ORD-0061606,R-0154,2025-05-28,21.75,app,delivery,completed
ORD-0061607,R-0154,2025-05-02,22.93,app,delivery,completed
ORD-0061608,R-0154,2025-05-09,47.77,app,delivery,completed
ORD-0061609,R-0154,2025-05-03,47.00,app,delivery,Completed
ORD-0061610,R-0154,2025-05-21,48.29,app,delivery,completed
ORD-0061611,R-0154,2025-05-20,32.92,web,delivery,completed
ORD-0061612,R-0154,2025-05-02,66.60,app,delivery,completed
ORD-0061613,R-0154,2025-05-16,35.65,web,delivery,completed
ORD-0061614,R-0154,2025-05-01,93.04,app,delivery,completed
ORD-0061615,R-0154,2025-05-25,42.34,web,delivery,completed
ORD-0061616,R-0154,2025-05-12,18.40,app,delivery,refunded
ORD-0061617,R-0154,2025-05-09,108.31,app,delivery,completed
ORD-0061618,R-0154,2025-05-29,54.75,app,pickup,completed
ORD-0061619,R-0154,2025-05-13,77.50,web,delivery,completed
ORD-0061620,R-0154,2025-05-15,16.19,app,delivery,completed
ORD-0061621,R-0154,2025-05-04,28.11,app,delivery,COMPLETED
ORD-0061622,R-0154,2025-05-25,44.14,app,delivery,COMPLETED
ORD-0061623,R-0154,2025-05-31,16.49,web,delivery,completed
ORD-0061624,R-0154,2025-05-11,56.52,app,delivery,completed
ORD-0061625,R-0154,2025-05-11,36.13,web,delivery,completed
ORD-0061626,R-0154,2025-05-17,45.66,app,delivery,COMPLETED
ORD-0061627,R-0154,2025-05-24,24.37,web,delivery,completed
ORD-0061628,R-0154,2025-05-22,18.50,web,delivery,completed
ORD-0061629,R-0154,2025-05-03,17.29,web,delivery,completed
ORD-0061630,R-0154,2025-05-04,41.26,app,delivery,completed
ORD-0061631,R-0154,2025-05-03,41.63,web,delivery,cancelled
ORD-0061632,R-0154,2025-05-08,32.85,app,delivery,completed
ORD-0061633,R-0154,2025-05-06,18.84,app,delivery,completed
ORD-0061634,R-0154,2025-05-21,36.15,app,delivery,completed
ORD-0061635,R-0154,2025-05-18,46.03,web,delivery,completed
ORD-0061636,R-0154,2025-05-14,53.83,web,delivery,completed
ORD-0061637,R-0154,2025-05-12,46.32,app,delivery,completed
ORD-0061638,R-0154,2025-05-31,18.71,web,delivery,completed
ORD-0061639,R-0154,2025-05-16,56.24,web,delivery,Completed
ORD-0061640,R-0154,2025-05-19,41.52,web,delivery,completed
ORD-0061641,R-0154,2025-05-30,13.00,web,delivery,Completed
ORD-0061642,R-0154,2025-05-04,61.88,app,delivery,completed
ORD-0061643,R-0154,2025-05-03,28.17,app,delivery,completed
ORD-0061644,R-0154,2025-05-26,60.00,web,delivery,completed
ORD-0061645,R-0154,2025-05-11,35.53,app,delivery,completed
ORD-0061646,R-0154,2025-05-20,28.87,web,delivery,completed
ORD-0061647,R-0154,2025-05-03,36.89,web,delivery,completed
ORD-0061648,R-0154,2025-05-11,73.21,web,delivery,Completed
ORD-0061649,R-0154,2025-05-22,90.92,app,delivery,completed
ORD-0061650,R-0154,2025-05-24,25.32,web,delivery,COMPLETED
ORD-0061651,R-0154,2025-05-30,23.13,web,delivery,completed
ORD-0061652,R-0154,2025-05-11,53.30,app,delivery,completed
ORD-0061653,R-0154,2025-05-16,81.52,web,delivery,completed
ORD-0061654,R-0154,2025-05-07,72.02,web,delivery,completed
ORD-0061655,R-0154,2025-05-02,29.48,app,delivery,completed
ORD-0066167,R-0162,2025-05-23,21.07,web,pickup,completed
ORD-0066168,R-0162,2025-05-21,17.21,app,delivery,completed
ORD-0066169,R-0162,2025-05-22,18.99,app,delivery,completed
ORD-0066170,R-0162,2025-05-24,26.70,web,delivery,completed
ORD-0066171,R-0162,2025-05-29,29.55,web,pickup,completed
ORD-0066172,R-0162,2025-05-24,15.75,web,delivery,COMPLETED
ORD-0066173,R-0162,2025-05-22,15.80,web,pickup,completed
ORD-0066174,R-0162,2025-05-21,26.23,web,delivery,completed
ORD-0066175,R-0162,2025-05-28,17.14,web,delivery,completed
ORD-0066176,R-0162,2025-05-30,21.87,web,delivery,completed
ORD-0066177,R-0162,2025-05-27,37.42,app,pickup,cancelled
ORD-0066178,R-0162,2025-05-26,19.32,web,delivery,completed
ORD-0066179,R-0162,2025-05-23,18.08,app,delivery,completed
ORD-0066180,R-0162,2025-05-29,15.96,web,delivery,completed
ORD-0066181,R-0162,2025-05-29,40.25,web,pickup,completed
ORD-0066182,R-0162,2025-05-28,19.24,web,pickup,completed
ORD-0066183,R-0162,2025-05-30,51.45,app,delivery,completed
ORD-0066184,R-0162,2025-05-23,32.04,web,pickup,completed
ORD-0066185,R-0162,2025-05-30,11.72,web,delivery,COMPLETED
ORD-0066186,R-0162,2025-05-22,27.40,app,delivery,completed
ORD-0066187,R-0162,2025-05-21,9.68,web,pickup,completed
ORD-0066188,R-0162,2025-05-23,28.37,web,delivery,completed
ORD-0066189,R-0162,2025-05-24,14.82,app,delivery,completed
ORD-0066190,R-0162,2025-05-24,18.87,app,delivery,completed
ORD-0066191,R-0162,2025-05-27,26.68,app,delivery,completed
ORD-0066192,R-0162,2025-05-29,19.55,app,pickup,completed
ORD-0066193,R-0162,2025-05-30,30.60,app,delivery,completed
ORD-0066194,R-0162,2025-05-22,23.29,app,pickup,completed
ORD-0066195,R-0162,2025-05-30,30.06,app,delivery,completed
ORD-0066196,R-0162,2025-05-29,22.14,web,delivery,completed
ORD-0066197,R-0162,2025-05-30,25.18,app,delivery,COMPLETED
ORD-0066198,R-0162,2025-05-26,19.32,web,delivery,completed
ORD-0066199,R-0162,2025-05-25,25.03,web,pickup,completed
ORD-0066200,R-0162,2025-05-25,11.19,web,delivery,completed
ORD-0074118,R-0171,2025-05-29,14.19,web,pickup,completed
ORD-0074119,R-0171,2025-05-25,18.37,web,pickup,COMPLETED
ORD-0074120,R-0171,2025-05-21,20.94,app,pickup,completed
ORD-0074121,R-0171,2025-05-24,17.81,web,delivery,completed
ORD-0074122,R-0171,2025-05-31,24.91,web,pickup,completed
ORD-0074123,R-0171,2025-05-27,24.35,app,pickup,completed
ORD-0074124,R-0171,2025-05-08,21.77,app,pickup,completed
ORD-0074125,R-0171,2025-05-20,36.94,web,delivery,completed
ORD-0074126,R-0171,2025-05-12,24.55,web,delivery,completed
ORD-0074127,R-0171,2025-05-04,23.30,web,pickup,completed
ORD-0074128,R-0171,2025-05-31,18.00,app,delivery,COMPLETED
ORD-0074129,R-0171,2025-05-26,13.64,app,pickup,completed
ORD-0074130,R-0171,2025-05-18,24.43,app,delivery,completed
ORD-0074131,R-0171,2025-05-23,25.80,app,delivery,completed
ORD-0074132,R-0171,2025-05-24,15.45,app,delivery,completed
ORD-0074133,R-0171,2025-05-28,18.42,web,delivery,completed
ORD-0074134,R-0171,2025-05-08,16.23,app,delivery,completed
ORD-0074135,R-0171,2025-05-21,32.47,app,delivery,completed
ORD-0074136,R-0171,2025-05-27,24.65,web,delivery,completed
ORD-0074137,R-0171,2025-05-29,17.69,app,pickup,completed
ORD-0074138,R-0171,2025-05-03,31.50,app,delivery,Completed
ORD-0074139,R-0171,2025-05-15,13.03,web,delivery,completed
ORD-0074140,R-0171,2025-05-26,18.69,web,pickup,completed
ORD-0074141,R-0171,2025-05-15,19.86,app,pickup,completed
ORD-0074142,R-0171,2025-05-03,20.15,web,delivery,Completed
ORD-0074143,R-0171,2025-05-17,27.55,app,delivery,completed
ORD-0074144,R-0171,2025-05-04,17.87,web,pickup,completed
ORD-0074145,R-0171,2025-05-26,15.81,web,delivery,completed
ORD-0074146,R-0171,2025-05-23,19.14,app,delivery,completed
ORD-0074147,R-0171,2025-05-24,36.44,app,delivery,completed
ORD-0074148,R-0171,2025-05-26,25.21,app,delivery,completed
ORD-0074149,R-0171,2025-05-12,13.89,app,delivery,completed
ORD-0074150,R-0171,2025-05-08,23.27,web,delivery,completed
ORD-0074151,R-0171,2025-05-18,39.91,web,delivery,completed
ORD-0074152,R-0171,2025-05-22,40.84,web,delivery,completed
ORD-0074153,R-0171,2025-05-26,36.02,app,pickup,completed
ORD-0074154,R-0171,2025-05-27,19.38,web,delivery,Completed
ORD-0074155,R-0171,2025-05-28,19.81,web,delivery,completed
ORD-0074156,R-0171,2025-05-09,17.53,app,pickup,COMPLETED
ORD-0074157,R-0171,2025-05-04,29.94,app,delivery,completed
ORD-0074158,R-0171,2025-05-15,15.54,app,pickup,completed
ORD-0074159,R-0171,2025-05-19,11.25,app,pickup,completed
ORD-0074160,R-0171,2025-05-29,19.44,web,delivery,completed
ORD-0074161,R-0171,2025-05-08,24.45,web,pickup,COMPLETED
ORD-0074162,R-0171,2025-05-17,27.14,app,delivery,completed
ORD-0074163,R-0171,2025-05-27,51.73,web,delivery,completed
ORD-0074164,R-0171,2025-05-03,25.09,app,delivery,COMPLETED
ORD-0074165,R-0171,2025-05-07,23.94,app,delivery,completed
ORD-0074166,R-0171,2025-05-18,16.61,web,pickup,completed
ORD-0074167,R-0171,2025-05-23,22.02,app,pickup,completed
ORD-0074168,R-0171,2025-05-21,15.12,web,delivery,completed
ORD-0074169,R-0171,2025-05-15,42.87,app,pickup,completed
ORD-0074170,R-0171,2025-05-03,23.48,web,delivery,Completed
ORD-0074171,R-0171,2025-05-30,25.62,app,delivery,completed
ORD-0074172,R-0171,2025-05-15,14.76,web,delivery,completed
ORD-0074173,R-0171,2025-05-17,20.60,app,delivery,completed
ORD-0074174,R-0171,2025-05-19,21.06,app,delivery,completed
ORD-0074175,R-0171,2025-05-31,27.96,app,delivery,completed
ORD-0074176,R-0171,2025-05-17,23.57,web,pickup,cancelled
ORD-0074177,R-0171,2025-05-18,26.47,web,delivery,completed
ORD-0074178,R-0171,2025-05-05,36.57,app,pickup,completed
ORD-0074179,R-0171,2025-05-02,24.72,app,pickup,completed
ORD-0074180,R-0171,2025-05-12,18.05,web,delivery,completed
ORD-0074181,R-0171,2025-05-09,28.34,app,delivery,completed
ORD-0074182,R-0171,2025-05-07,33.97,app,pickup,COMPLETED
ORD-0074183,R-0171,2025-05-30,22.10,web,delivery,completed
ORD-0074184,R-0171,2025-05-06,22.12,app,delivery,completed
ORD-0074185,R-0171,2025-05-09,18.10,app,delivery,Completed
ORD-0074186,R-0171,2025-05-10,11.67,app,pickup,completed
ORD-0074187,R-0171,2025-05-08,18.09,web,pickup,completed
ORD-0074188,R-0171,2025-05-31,29.10,web,delivery,cancelled
ORD-0074189,R-0171,2025-05-03,24.54,web,delivery,COMPLETED
ORD-0074190,R-0171,2025-05-24,18.00,web,delivery,completed
ORD-0074191,R-0171,2025-05-09,32.34,web,delivery,completed
ORD-0074192,R-0171,2025-05-17,19.79,app,delivery,completed
ORD-0074193,R-0171,2025-05-05,19.38,app,delivery,completed
ORD-0074194,R-0171,2025-05-01,30.19,web,pickup,completed
ORD-0074195,R-0171,2025-05-29,22.09,app,delivery,completed
ORD-0074196,R-0171,2025-05-30,37.16,web,pickup,completed
ORD-0074197,R-0171,2025-05-07,18.74,app,pickup,completed
ORD-0074198,R-0171,2025-05-30,14.77,app,delivery,completed
ORD-0074199,R-0171,2025-05-08,23.35,app,pickup,Completed
ORD-0074834,R-0173,2025-05-30,32.06,app,pickup,completed
ORD-0074835,R-0173,2025-05-18,55.29,web,pickup,completed
ORD-0074836,R-0173,2025-05-25,74.11,web,delivery,completed
ORD-0074837,R-0173,2025-05-23,80.66,app,pickup,Completed
ORD-0074838,R-0173,2025-05-21,46.46,web,delivery,completed
ORD-0074839,R-0173,2025-05-22,107.52,app,pickup,completed
ORD-0074840,R-0173,2025-05-03,48.34,web,delivery,completed
ORD-0074841,R-0173,2025-05-30,52.65,app,delivery,completed
ORD-0074842,R-0173,2025-05-16,63.89,web,delivery,completed
ORD-0074843,R-0173,2025-05-09,41.84,app,delivery,completed
ORD-0074844,R-0173,2025-05-15,66.44,app,pickup,completed
ORD-0074845,R-0173,2025-05-01,40.72,app,delivery,completed
ORD-0074846,R-0173,2025-05-12,43.34,web,delivery,completed
ORD-0074847,R-0173,2025-05-02,49.50,web,pickup,completed
ORD-0074848,R-0173,2025-05-08,36.21,web,delivery,completed
ORD-0074849,R-0173,2025-05-13,54.92,web,delivery,Completed
ORD-0074850,R-0173,2025-05-15,38.27,web,delivery,completed
ORD-0074851,R-0173,2025-05-22,85.77,app,delivery,COMPLETED
ORD-0074852,R-0173,2025-05-03,41.63,web,pickup,completed
ORD-0074853,R-0173,2025-05-16,88.45,app,pickup,completed
ORD-0074854,R-0173,2025-05-09,36.31,web,pickup,completed
ORD-0074855,R-0173,2025-05-04,41.93,web,pickup,completed
ORD-0074856,R-0173,2025-05-24,68.10,web,delivery,completed
ORD-0074857,R-0173,2025-05-14,29.00,web,delivery,Completed
ORD-0074858,R-0173,2025-05-31,42.95,web,pickup,completed
ORD-0074859,R-0173,2025-05-18,106.34,web,pickup,Completed
ORD-0074860,R-0173,2025-05-09,32.54,web,delivery,completed
ORD-0074861,R-0173,2025-05-16,46.68,app,delivery,completed
ORD-0074862,R-0173,2025-05-20,25.06,app,pickup,completed
ORD-0074863,R-0173,2025-05-03,77.03,app,delivery,cancelled
ORD-0074864,R-0173,2025-05-01,57.60,web,pickup,Completed
ORD-0074865,R-0173,2025-05-19,25.40,app,delivery,COMPLETED
ORD-0074866,R-0173,2025-05-02,50.66,web,delivery,COMPLETED
ORD-0074867,R-0173,2025-05-01,41.82,web,pickup,COMPLETED
ORD-0074868,R-0173,2025-05-24,24.40,web,delivery,completed
ORD-0074869,R-0173,2025-05-31,50.56,app,pickup,completed
ORD-0074870,R-0173,2025-05-14,36.94,web,delivery,completed
ORD-0074871,R-0173,2025-05-10,71.30,web,delivery,completed
ORD-0074872,R-0173,2025-05-01,66.08,app,pickup,completed
ORD-0074873,R-0173,2025-05-17,33.02,web,pickup,COMPLETED
ORD-0074874,R-0173,2025-05-16,56.70,web,pickup,completed
ORD-0074875,R-0173,2025-05-15,67.56,app,pickup,COMPLETED
ORD-0074876,R-0173,2025-05-29,56.06,app,pickup,completed
ORD-0075286,R-0175,2025-05-25,24.66,web,delivery,completed
ORD-0075287,R-0175,2025-05-10,22.54,web,delivery,completed
ORD-0075288,R-0175,2025-05-21,22.86,web,pickup,completed
ORD-0075289,R-0175,2025-05-29,27.80,app,pickup,completed
ORD-0075290,R-0175,2025-05-13,24.27,app,delivery,completed
ORD-0075291,R-0175,2025-05-01,27.52,web,pickup,completed
ORD-0075292,R-0175,2025-05-02,27.01,web,pickup,completed
ORD-0075293,R-0175,2025-05-09,20.65,app,delivery,completed
ORD-0075294,R-0175,2025-05-09,21.06,app,pickup,completed
ORD-0075295,R-0175,2025-05-11,9.00,app,delivery,Completed
ORD-0075296,R-0175,2025-05-11,24.94,app,pickup,completed
ORD-0075297,R-0175,2025-05-25,21.12,app,pickup,cancelled
ORD-0075298,R-0175,2025-05-10,33.61,web,delivery,completed
ORD-0075299,R-0175,2025-05-23,34.58,web,delivery,completed
ORD-0075300,R-0175,2025-05-18,34.70,app,pickup,completed
ORD-0075301,R-0175,2025-05-03,19.44,web,delivery,completed
ORD-0075302,R-0175,2025-05-25,20.81,web,pickup,completed
ORD-0075303,R-0175,2025-05-14,33.04,app,delivery,completed
ORD-0075304,R-0175,2025-05-02,29.80,app,delivery,completed
ORD-0075305,R-0175,2025-05-18,27.95,app,delivery,completed
ORD-0075306,R-0175,2025-05-23,29.83,web,delivery,completed
ORD-0075307,R-0175,2025-05-01,16.30,web,pickup,REFUNDED
ORD-0075308,R-0175,2025-05-20,22.84,web,pickup,completed
ORD-0075309,R-0175,2025-05-17,26.84,web,pickup,completed
ORD-0075310,R-0175,2025-05-22,27.69,web,pickup,completed
ORD-0075311,R-0175,2025-05-31,16.50,app,pickup,Completed
ORD-0075312,R-0175,2025-05-28,21.16,web,delivery,completed
ORD-0075313,R-0175,2025-05-12,12.15,app,delivery,completed
ORD-0075314,R-0175,2025-05-17,14.99,web,pickup,completed
ORD-0075315,R-0175,2025-05-16,16.31,web,delivery,completed
ORD-0075316,R-0175,2025-05-09,20.61,web,pickup,completed
ORD-0079846,R-0184,2025-05-20,19.42,web,delivery,completed
ORD-0079847,R-0184,2025-05-08,26.27,app,pickup,completed
ORD-0079848,R-0184,2025-05-30,13.43,app,delivery,completed
ORD-0079849,R-0184,2025-05-31,30.21,app,pickup,CANCELLED
ORD-0079850,R-0184,2025-05-25,22.51,web,delivery,completed
ORD-0079851,R-0184,2025-05-11,9.25,web,delivery,completed
ORD-0079852,R-0184,2025-05-05,17.62,web,pickup,completed
ORD-0079853,R-0184,2025-05-21,12.07,web,delivery,completed
ORD-0079854,R-0184,2025-05-24,37.04,web,pickup,completed
ORD-0079855,R-0184,2025-05-25,14.16,app,pickup,completed
ORD-0079856,R-0184,2025-05-17,26.95,app,pickup,completed
ORD-0079857,R-0184,2025-05-08,27.39,app,pickup,completed
ORD-0079858,R-0184,2025-05-02,12.35,web,delivery,completed
ORD-0079859,R-0184,2025-05-06,12.16,app,pickup,completed
ORD-0079860,R-0184,2025-05-20,22.86,app,pickup,completed
ORD-0079861,R-0184,2025-05-03,15.12,app,pickup,completed
ORD-0079862,R-0184,2025-05-16,20.96,web,pickup,Completed
ORD-0079863,R-0184,2025-05-16,25.66,app,delivery,COMPLETED
ORD-0079864,R-0184,2025-05-23,15.97,app,delivery,completed
ORD-0079865,R-0184,2025-05-06,29.53,web,delivery,completed
ORD-0079866,R-0184,2025-05-19,20.98,web,pickup,completed
ORD-0079867,R-0184,2025-05-02,17.34,web,pickup,completed
ORD-0079868,R-0184,2025-05-21,31.13,app,delivery,completed
ORD-0079869,R-0184,2025-05-24,18.63,app,pickup,COMPLETED
ORD-0079870,R-0184,2025-05-03,16.11,web,pickup,cancelled
ORD-0079871,R-0184,2025-05-03,18.58,web,delivery,completed
ORD-0079872,R-0184,2025-05-02,34.65,web,delivery,completed
ORD-0079873,R-0184,2025-05-09,22.26,web,pickup,completed
ORD-0079874,R-0184,2025-05-31,19.60,app,pickup,COMPLETED
ORD-0079875,R-0184,2025-05-14,24.89,web,delivery,completed
ORD-0079876,R-0184,2025-05-04,19.13,app,pickup,completed
ORD-0079877,R-0184,2025-05-29,32.69,web,pickup,completed
ORD-0079878,R-0184,2025-05-09,16.92,web,delivery,completed
ORD-0079879,R-0184,2025-05-28,18.94,app,delivery,completed
ORD-0079880,R-0184,2025-05-07,16.78,app,delivery,completed
ORD-0079881,R-0184,2025-05-04,24.57,app,pickup,completed
ORD-0079882,R-0184,2025-05-31,10.65,web,pickup,CANCELLED
ORD-0079883,R-0184,2025-05-24,16.68,app,pickup,completed
ORD-0079884,R-0184,2025-05-25,20.19,app,delivery,completed
ORD-0079885,R-0184,2025-05-10,10.04,app,delivery,completed
ORD-0079886,R-0184,2025-05-17,20.12,web,delivery,completed
ORD-0079887,R-0184,2025-05-10,28.23,app,pickup,completed
ORD-0079888,R-0184,2025-05-03,20.21,app,pickup,completed
ORD-0079889,R-0184,2025-05-14,36.46,app,pickup,completed
ORD-0079890,R-0184,2025-05-10,25.27,app,pickup,completed
ORD-0079891,R-0184,2025-05-09,12.64,app,delivery,cancelled
ORD-0079892,R-0184,2025-05-05,16.31,web,pickup,Completed
ORD-0079893,R-0184,2025-05-09,23.27,app,delivery,Cancelled
ORD-0079894,R-0184,2025-05-09,19.02,app,delivery,completed
ORD-0079895,R-0184,2025-05-04,18.53,app,pickup,completed
ORD-0079896,R-0184,2025-05-07,23.85,web,delivery,completed
ORD-0079897,R-0184,2025-05-15,22.61,app,delivery,completed
ORD-0079898,R-0184,2025-05-01,8.64,web,pickup,completed
ORD-0079899,R-0184,2025-05-05,24.57,web,delivery,cancelled
ORD-0079900,R-0184,2025-05-03,26.87,app,delivery,completed
ORD-0079901,R-0184,2025-05-17,14.43,app,pickup,completed
ORD-0079902,R-0184,2025-05-15,18.18,web,delivery,completed
ORD-0079903,R-0184,2025-05-31,17.27,app,delivery,completed
ORD-0079904,R-0184,2025-05-23,24.77,app,pickup,completed
ORD-0079905,R-0184,2025-05-20,30.60,app,delivery,completed
ORD-0079906,R-0184,2025-05-05,22.13,app,delivery,Completed
ORD-0079907,R-0184,2025-05-02,26.17,web,delivery,completed
ORD-0079908,R-0184,2025-05-08,25.76,app,delivery,completed
ORD-0079909,R-0184,2025-05-25,10.64,web,pickup,COMPLETED
ORD-0079910,R-0184,2025-05-15,13.70,web,pickup,completed
ORD-0079911,R-0184,2025-05-15,10.40,app,pickup,completed
ORD-0079912,R-0184,2025-05-09,25.51,app,delivery,completed
ORD-0079913,R-0184,2025-05-20,14.43,web,delivery,Completed
ORD-0079914,R-0184,2025-05-19,15.02,web,pickup,completed
ORD-0079915,R-0184,2025-05-25,27.87,app,delivery,completed
ORD-0079916,R-0184,2025-05-27,25.28,web,delivery,completed
ORD-0079917,R-0184,2025-05-11,18.09,app,pickup,completed
ORD-0079918,R-0184,2025-05-28,19.73,web,pickup,completed
ORD-0079919,R-0184,2025-05-25,14.56,app,delivery,completed
ORD-0079920,R-0184,2025-05-25,23.56,web,pickup,completed
ORD-0079921,R-0184,2025-05-29,21.42,app,pickup,Completed
ORD-0079922,R-0184,2025-05-24,18.89,app,delivery,completed
ORD-0079923,R-0184,2025-05-30,17.24,app,pickup,completed
ORD-0079924,R-0184,2025-05-21,16.51,app,pickup,completed
ORD-0079925,R-0184,2025-05-30,9.14,web,pickup,completed
ORD-0079926,R-0184,2025-05-27,8.85,app,pickup,completed
ORD-0079927,R-0184,2025-05-09,19.24,app,delivery,completed
ORD-0079928,R-0184,2025-05-24,26.25,web,delivery,COMPLETED
ORD-0079929,R-0184,2025-05-31,16.25,app,delivery,completed
ORD-0079930,R-0184,2025-05-10,10.20,web,delivery,cancelled
ORD-0079931,R-0184,2025-05-04,22.54,app,delivery,completed
ORD-0079932,R-0184,2025-05-06,34.99,app,pickup,completed
ORD-0079933,R-0184,2025-05-05,24.30,app,pickup,completed
ORD-0079934,R-0184,2025-05-30,31.10,app,delivery,cancelled
ORD-0079935,R-0184,2025-05-22,14.91,web,pickup,completed
ORD-0079936,R-0184,2025-05-13,19.26,web,pickup,completed
ORD-0079937,R-0184,2025-05-15,21.59,app,pickup,Completed
ORD-0079938,R-0184,2025-05-02,17.41,web,pickup,COMPLETED
ORD-0079939,R-0184,2025-05-04,17.64,app,delivery,completed
ORD-0079940,R-0184,2025-05-29,10.50,web,delivery,completed
ORD-0079941,R-0184,2025-05-30,15.54,app,delivery,completed
ORD-0080957,R-0187,2025-05-13,30.27,app,delivery,completed
ORD-0080958,R-0187,2025-05-19,49.28,web,delivery,completed
ORD-0080959,R-0187,2025-05-02,42.16,app,delivery,completed
ORD-0080960,R-0187,2025-05-18,49.10,app,delivery,completed
ORD-0080961,R-0187,2025-05-25,27.42,web,delivery,COMPLETED
ORD-0080962,R-0187,2025-05-03,15.89,web,delivery,completed
ORD-0080963,R-0187,2025-05-17,35.13,web,delivery,completed
ORD-0080964,R-0187,2025-05-14,27.31,web,pickup,completed
ORD-0080965,R-0187,2025-05-02,46.81,app,delivery,completed
ORD-0080966,R-0187,2025-05-20,29.10,app,delivery,completed
ORD-0080967,R-0187,2025-05-03,33.04,web,delivery,completed
ORD-0080968,R-0187,2025-05-18,63.63,app,delivery,cancelled
ORD-0080969,R-0187,2025-05-16,43.49,app,delivery,completed
ORD-0080970,R-0187,2025-05-18,10.95,app,delivery,completed
ORD-0080971,R-0187,2025-05-14,37.72,web,delivery,COMPLETED
ORD-0080972,R-0187,2025-05-01,60.90,web,delivery,completed
ORD-0080973,R-0187,2025-05-26,15.97,app,delivery,completed
ORD-0080974,R-0187,2025-05-02,15.95,web,delivery,completed
ORD-0080975,R-0187,2025-05-03,15.60,app,delivery,completed
ORD-0080976,R-0187,2025-05-23,15.32,web,delivery,refunded
ORD-0080977,R-0187,2025-05-07,34.91,app,delivery,completed
ORD-0080978,R-0187,2025-05-18,34.76,app,delivery,completed
ORD-0080979,R-0187,2025-05-31,24.67,web,delivery,completed
ORD-0080980,R-0187,2025-05-01,25.46,web,delivery,completed
ORD-0080981,R-0187,2025-05-27,41.39,app,delivery,completed
ORD-0080982,R-0187,2025-05-25,20.29,web,delivery,completed
ORD-0080983,R-0187,2025-05-11,23.62,web,delivery,completed
ORD-0080984,R-0187,2025-05-09,23.24,app,delivery,completed
ORD-0080985,R-0187,2025-05-04,24.29,web,delivery,CANCELLED
ORD-0080986,R-0187,2025-05-23,56.38,app,delivery,completed
ORD-0080987,R-0187,2025-05-19,26.15,web,delivery,completed
ORD-0080988,R-0187,2025-05-16,20.07,web,delivery,completed
ORD-0080989,R-0187,2025-05-26,23.44,app,delivery,completed
ORD-0080990,R-0187,2025-05-17,44.71,web,delivery,completed
ORD-0080991,R-0187,2025-05-16,14.34,web,delivery,completed
ORD-0080992,R-0187,2025-05-13,35.18,app,delivery,completed
ORD-0080993,R-0187,2025-05-30,18.44,web,delivery,completed
ORD-0080994,R-0187,2025-05-05,15.54,app,delivery,completed
ORD-0080995,R-0187,2025-05-17,15.27,web,delivery,completed
ORD-0080996,R-0187,2025-05-24,22.92,app,pickup,completed
ORD-0080997,R-0187,2025-05-01,24.59,app,delivery,completed
ORD-0080998,R-0187,2025-05-24,25.43,web,delivery,completed
ORD-0080999,R-0187,2025-05-25,30.43,app,delivery,completed
ORD-0081000,R-0187,2025-05-02,27.64,app,delivery,completed
ORD-0081001,R-0187,2025-05-17,35.69,web,delivery,completed
ORD-0081002,R-0187,2025-05-25,29.49,app,delivery,completed
ORD-0081003,R-0187,2025-05-12,55.16,app,delivery,completed
ORD-0081004,R-0187,2025-05-13,46.07,app,delivery,completed
ORD-0081005,R-0187,2025-05-11,19.99,app,delivery,completed
ORD-0081006,R-0187,2025-05-05,31.01,web,delivery,COMPLETED
ORD-0081007,R-0187,2025-05-26,33.43,web,delivery,completed
ORD-0081008,R-0187,2025-05-02,50.76,web,delivery,completed
ORD-0081009,R-0187,2025-05-11,15.66,app,delivery,Completed
ORD-0081010,R-0187,2025-05-03,26.92,app,delivery,completed
ORD-0081011,R-0187,2025-05-30,36.72,web,pickup,completed
ORD-0081012,R-0187,2025-05-10,39.53,app,delivery,completed
ORD-0081013,R-0187,2025-05-19,39.93,app,delivery,Completed
ORD-0081014,R-0187,2025-05-08,37.59,app,pickup,completed
ORD-0081015,R-0187,2025-05-08,31.39,web,delivery,cancelled
ORD-0081016,R-0187,2025-05-15,29.66,app,delivery,completed
ORD-0081017,R-0187,2025-05-05,19.43,app,delivery,completed
ORD-0081018,R-0187,2025-05-11,41.79,app,delivery,completed
ORD-0081019,R-0187,2025-05-22,24.55,web,delivery,Completed
ORD-0081020,R-0187,2025-05-30,15.65,web,delivery,completed
ORD-0081021,R-0187,2025-05-29,37.84,app,delivery,completed
ORD-0081022,R-0187,2025-05-05,15.71,app,delivery,completed
ORD-0081023,R-0187,2025-05-18,16.18,web,delivery,completed
ORD-0081024,R-0187,2025-05-29,28.05,web,delivery,cancelled
ORD-0081025,R-0187,2025-05-07,15.93,app,delivery,completed
ORD-0081026,R-0187,2025-05-31,31.41,web,delivery,completed
ORD-0081027,R-0187,2025-05-15,37.49,app,delivery,completed
ORD-0081028,R-0187,2025-05-27,12.76,app,delivery,completed
ORD-0081029,R-0187,2025-05-24,12.60,app,delivery,completed
ORD-0081030,R-0187,2025-05-02,21.84,app,delivery,completed
ORD-0081031,R-0187,2025-05-06,22.18,app,delivery,completed
ORD-0081032,R-0187,2025-05-23,18.81,web,delivery,cancelled
ORD-0081033,R-0187,2025-05-17,24.72,web,delivery,completed
ORD-0082766,R-0190,2025-05-31,14.93,app,pickup,completed
ORD-0082767,R-0190,2025-05-25,14.58,app,pickup,completed
ORD-0082768,R-0190,2025-05-27,18.69,app,delivery,Completed
ORD-0082769,R-0190,2025-05-31,43.38,app,pickup,completed
ORD-0082770,R-0190,2025-05-30,10.39,web,delivery,completed
ORD-0082771,R-0190,2025-05-25,22.24,web,pickup,completed
ORD-0082772,R-0190,2025-05-25,27.12,app,delivery,completed
ORD-0082773,R-0190,2025-05-28,18.51,app,pickup,completed
ORD-0082774,R-0190,2025-05-30,21.90,app,pickup,completed
ORD-0082775,R-0190,2025-05-31,22.70,app,delivery,completed
ORD-0082776,R-0190,2025-05-25,13.19,app,delivery,completed
ORD-0082777,R-0190,2025-05-25,18.49,app,delivery,completed
ORD-0082778,R-0190,2025-05-27,17.47,app,pickup,completed
ORD-0082779,R-0190,2025-05-25,37.17,app,delivery,completed
ORD-0082780,R-0190,2025-05-26,24.36,app,pickup,completed
ORD-0082781,R-0190,2025-05-31,17.87,web,pickup,completed
ORD-0082782,R-0190,2025-05-25,12.90,app,delivery,completed
ORD-0082783,R-0190,2025-05-27,20.14,app,delivery,completed
ORD-0082784,R-0190,2025-05-28,14.17,app,pickup,completed
ORD-0082785,R-0190,2025-05-27,12.40,web,delivery,completed
ORD-0082786,R-0190,2025-05-31,16.61,web,delivery,completed
ORD-0082787,R-0190,2025-05-25,19.56,app,delivery,completed
ORD-0082788,R-0190,2025-05-29,38.55,app,pickup,completed
ORD-0086735,R-0198,2025-05-23,19.50,app,delivery,completed
ORD-0086736,R-0198,2025-05-23,20.04,web,pickup,completed
ORD-0086737,R-0198,2025-05-14,22.21,web,delivery,completed
ORD-0086738,R-0198,2025-05-15,16.48,app,pickup,completed
ORD-0086739,R-0198,2025-05-23,30.96,web,delivery,completed
ORD-0086740,R-0198,2025-05-26,31.51,web,delivery,completed
ORD-0086741,R-0198,2025-05-24,21.98,app,delivery,completed
ORD-0086742,R-0198,2025-05-08,24.01,web,delivery,completed
ORD-0086743,R-0198,2025-05-06,18.78,app,delivery,completed
ORD-0086744,R-0198,2025-05-25,35.33,web,delivery,completed
ORD-0086745,R-0198,2025-05-05,22.87,web,delivery,COMPLETED
ORD-0086746,R-0198,2025-05-23,34.51,app,delivery,completed
ORD-0086747,R-0198,2025-05-02,41.66,web,delivery,completed
ORD-0086748,R-0198,2025-05-10,32.62,web,delivery,completed
ORD-0091093,R-0207,2025-05-21,43.01,app,delivery,completed
ORD-0091094,R-0207,2025-05-29,61.37,app,pickup,completed
ORD-0091095,R-0207,2025-05-31,64.32,web,delivery,completed
ORD-0091096,R-0207,2025-05-13,51.11,web,pickup,COMPLETED
ORD-0091097,R-0207,2025-05-26,63.34,app,delivery,completed
ORD-0091098,R-0207,2025-05-17,28.78,app,delivery,cancelled
ORD-0091099,R-0207,2025-05-30,38.86,web,pickup,completed
ORD-0091100,R-0207,2025-05-02,35.49,web,pickup,completed
ORD-0091101,R-0207,2025-05-03,31.11,app,delivery,completed
ORD-0091102,R-0207,2025-05-27,58.02,app,pickup,completed
ORD-0091103,R-0207,2025-05-01,66.71,app,delivery,completed
ORD-0091104,R-0207,2025-05-27,68.80,app,pickup,COMPLETED
ORD-0091105,R-0207,2025-05-11,45.66,web,delivery,completed
ORD-0091106,R-0207,2025-05-11,79.61,app,pickup,completed
ORD-0091107,R-0207,2025-05-04,65.66,web,pickup,completed
ORD-0091108,R-0207,2025-05-24,77.45,web,pickup,completed
ORD-0091109,R-0207,2025-05-17,49.44,web,pickup,completed
ORD-0091110,R-0207,2025-05-28,35.46,app,delivery,completed
ORD-0091111,R-0207,2025-05-15,53.49,app,delivery,completed
ORD-0091112,R-0207,2025-05-03,51.20,app,delivery,completed
ORD-0091113,R-0207,2025-05-21,47.50,web,delivery,completed
ORD-0091114,R-0207,2025-05-26,70.93,app,delivery,COMPLETED
ORD-0091115,R-0207,2025-05-17,44.89,app,delivery,completed
ORD-0093599,R-0211,2025-05-10,28.03,app,delivery,completed
ORD-0093600,R-0211,2025-05-03,45.40,web,delivery,completed
ORD-0093601,R-0211,2025-05-14,35.47,app,delivery,cancelled
ORD-0093602,R-0211,2025-05-06,22.34,app,delivery,Completed
ORD-0093603,R-0211,2025-05-10,20.21,app,pickup,COMPLETED
ORD-0093604,R-0211,2025-05-02,21.96,web,pickup,completed
ORD-0093605,R-0211,2025-05-29,36.23,app,delivery,completed
ORD-0093606,R-0211,2025-05-13,32.97,app,pickup,completed
ORD-0093607,R-0211,2025-05-29,13.99,app,pickup,completed
ORD-0093608,R-0211,2025-05-11,27.90,app,delivery,completed
ORD-0093609,R-0211,2025-05-29,41.02,web,delivery,completed
ORD-0093610,R-0211,2025-05-03,31.37,web,delivery,completed
ORD-0093611,R-0211,2025-05-06,17.67,web,delivery,completed
ORD-0093612,R-0211,2025-05-11,34.05,web,delivery,completed
ORD-0101012,R-0227,2025-05-31,41.93,app,delivery,completed
ORD-0101013,R-0227,2025-05-27,35.16,app,delivery,completed
ORD-0101014,R-0227,2025-05-16,31.84,app,pickup,completed
ORD-0101015,R-0227,2025-05-26,31.30,app,delivery,completed
ORD-0101016,R-0227,2025-05-09,55.43,app,pickup,COMPLETED
ORD-0101017,R-0227,2025-05-24,44.60,web,delivery,completed
ORD-0101018,R-0227,2025-05-09,26.24,web,delivery,Completed
ORD-0101019,R-0227,2025-05-28,47.36,web,delivery,completed
ORD-0101020,R-0227,2025-05-10,45.81,web,delivery,completed
ORD-0101021,R-0227,2025-05-17,35.03,web,pickup,completed
ORD-0101022,R-0227,2025-05-07,27.26,app,pickup,completed
ORD-0101023,R-0227,2025-05-20,57.95,app,delivery,completed
ORD-0101024,R-0227,2025-05-17,37.37,web,pickup,completed
ORD-0101025,R-0227,2025-05-16,36.68,web,pickup,Completed
ORD-0101026,R-0227,2025-05-08,27.89,web,delivery,completed
ORD-0101027,R-0227,2025-05-10,82.45,web,delivery,completed
ORD-0101028,R-0227,2025-05-30,44.14,app,delivery,COMPLETED
ORD-0101029,R-0227,2025-05-19,34.34,app,delivery,completed
ORD-0101030,R-0227,2025-05-17,22.87,app,pickup,COMPLETED
ORD-0101031,R-0227,2025-05-02,33.68,app,pickup,completed
ORD-0101032,R-0227,2025-05-19,35.99,web,pickup,completed
ORD-0101033,R-0227,2025-05-03,70.81,web,delivery,completed
ORD-0101034,R-0227,2025-05-10,36.18,web,pickup,completed
ORD-0101035,R-0227,2025-05-27,48.29,app,delivery,COMPLETED
ORD-0101036,R-0227,2025-05-11,69.78,app,pickup,Completed
ORD-0101037,R-0227,2025-05-10,62.30,web,pickup,completed
ORD-0101038,R-0227,2025-05-23,105.27,web,pickup,completed
ORD-0101039,R-0227,2025-05-21,30.32,app,delivery,Completed
ORD-0101040,R-0227,2025-05-25,51.89,web,pickup,completed
ORD-0101041,R-0227,2025-05-28,49.45,web,delivery,completed
ORD-0101042,R-0227,2025-05-03,61.51,app,delivery,completed
ORD-0101043,R-0227,2025-05-03,48.29,web,pickup,completed
ORD-0105345,R-0236,2025-05-30,34.96,web,pickup,completed
ORD-0105346,R-0236,2025-05-18,23.05,app,delivery,completed
ORD-0105347,R-0236,2025-05-18,27.24,app,delivery,completed
ORD-0105348,R-0236,2025-05-30,27.40,app,delivery,completed
ORD-0105349,R-0236,2025-05-28,29.08,web,pickup,completed
ORD-0105350,R-0236,2025-05-24,25.72,app,pickup,completed
ORD-0105351,R-0236,2025-05-10,35.73,web,pickup,completed
ORD-0105352,R-0236,2025-05-16,55.76,app,pickup,completed
ORD-0105353,R-0236,2025-05-09,17.58,app,delivery,completed
ORD-0105354,R-0236,2025-05-30,24.07,app,delivery,Completed
ORD-0105355,R-0236,2025-05-31,25.36,app,delivery,completed
ORD-0105356,R-0236,2025-05-27,36.52,web,delivery,completed
ORD-0105357,R-0236,2025-05-03,22.14,app,pickup,completed
ORD-0105358,R-0236,2025-05-17,28.59,web,pickup,completed
ORD-0105359,R-0236,2025-05-03,32.94,app,delivery,completed
ORD-0105360,R-0236,2025-05-19,18.66,app,pickup,completed
ORD-0105361,R-0236,2025-05-12,21.63,app,delivery,completed
ORD-0105362,R-0236,2025-05-11,32.43,app,pickup,completed
ORD-0105363,R-0236,2025-05-03,33.63,app,pickup,completed
ORD-0105364,R-0236,2025-05-31,46.38,web,delivery,COMPLETED
ORD-0105365,R-0236,2025-05-24,26.05,app,pickup,completed
ORD-0105366,R-0236,2025-05-24,32.35,web,delivery,completed
ORD-0105367,R-0236,2025-05-17,31.37,web,delivery,completed
ORD-0105368,R-0236,2025-05-16,17.55,app,delivery,Completed
ORD-0105369,R-0236,2025-05-31,28.79,app,delivery,completed
ORD-0105370,R-0236,2025-05-23,20.26,app,delivery,completed
ORD-0105371,R-0236,2025-05-25,31.45,web,pickup,completed
ORD-0105372,R-0236,2025-05-15,24.51,app,pickup,completed
ORD-0105373,R-0236,2025-05-07,36.43,app,delivery,refunded
ORD-0105374,R-0236,2025-05-23,44.28,app,delivery,completed
ORD-0105375,R-0236,2025-05-03,35.78,app,delivery,Completed
ORD-0105376,R-0236,2025-05-13,37.18,web,delivery,Completed
ORD-0105377,R-0236,2025-05-01,63.84,web,delivery,completed
ORD-0105378,R-0236,2025-05-15,36.40,web,delivery,completed
ORD-0105379,R-0236,2025-05-05,39.59,app,delivery,completed
ORD-0105380,R-0236,2025-05-16,35.11,app,pickup,completed
ORD-0105381,R-0236,2025-05-19,33.09,web,pickup,completed
ORD-0105382,R-0236,2025-05-11,25.81,web,delivery,completed
ORD-0105383,R-0236,2025-05-20,13.13,web,pickup,Completed
ORD-0105384,R-0236,2025-05-31,36.27,web,pickup,completed
ORD-0105385,R-0236,2025-05-16,40.53,app,pickup,completed
ORD-0105386,R-0236,2025-05-06,36.23,web,delivery,completed
ORD-0105387,R-0236,2025-05-31,37.65,app,delivery,completed
ORD-0105388,R-0236,2025-05-11,33.63,app,pickup,refunded
ORD-0107442,R-0244,2025-05-12,18.78,web,delivery,completed
ORD-0107443,R-0244,2025-05-27,17.51,app,delivery,completed
ORD-0107444,R-0244,2025-05-15,16.52,web,delivery,completed
ORD-0107445,R-0244,2025-05-15,22.97,web,delivery,completed
ORD-0107446,R-0244,2025-05-03,26.62,app,delivery,completed
ORD-0107447,R-0244,2025-05-22,15.23,web,delivery,completed
ORD-0107448,R-0244,2025-05-10,17.13,app,pickup,completed
ORD-0107449,R-0244,2025-05-27,11.77,app,delivery,completed
ORD-0107450,R-0244,2025-05-28,17.59,web,delivery,completed
ORD-0107451,R-0244,2025-05-06,18.16,app,delivery,completed
ORD-0107452,R-0244,2025-05-30,28.57,web,delivery,completed
ORD-0107453,R-0244,2025-05-17,9.19,web,delivery,COMPLETED
ORD-0107454,R-0244,2025-05-14,13.20,app,delivery,COMPLETED
ORD-0107455,R-0244,2025-05-16,9.54,app,delivery,completed
ORD-0107456,R-0244,2025-05-01,19.52,app,delivery,COMPLETED
ORD-0107457,R-0245,2025-05-26,14.95,web,delivery,completed
ORD-0107458,R-0245,2025-05-19,26.11,web,pickup,Completed
ORD-0107459,R-0245,2025-05-23,24.51,app,pickup,completed
ORD-0107460,R-0245,2025-05-30,28.88,app,delivery,completed
ORD-0107461,R-0245,2025-05-03,8.87,app,delivery,COMPLETED
ORD-0107462,R-0245,2025-05-19,14.54,web,pickup,Completed
ORD-0107463,R-0245,2025-05-16,12.43,app,delivery,completed
ORD-0107464,R-0245,2025-05-04,11.93,app,pickup,Completed
ORD-0107465,R-0245,2025-05-10,13.00,app,delivery,COMPLETED
ORD-0107466,R-0245,2025-05-09,12.16,web,delivery,completed
ORD-0107467,R-0245,2025-05-26,28.39,web,pickup,completed
ORD-0107468,R-0245,2025-05-24,19.95,app,delivery,Completed
ORD-0107469,R-0245,2025-05-09,19.13,web,pickup,completed
ORD-0107470,R-0245,2025-05-03,35.05,app,delivery,completed
ORD-0107471,R-0245,2025-05-31,23.15,web,pickup,completed
ORD-0107472,R-0245,2025-05-29,35.63,app,delivery,completed
ORD-0107473,R-0245,2025-05-24,16.02,web,pickup,completed
ORD-0107474,R-0245,2025-05-06,29.68,web,delivery,COMPLETED
ORD-0107475,R-0245,2025-05-19,22.64,web,delivery,completed
ORD-0107476,R-0245,2025-05-31,13.03,app,delivery,completed
ORD-0107477,R-0245,2025-05-04,29.54,app,pickup,completed
ORD-0107478,R-0245,2025-05-30,16.98,app,delivery,completed
ORD-0107479,R-0245,2025-05-26,26.31,web,pickup,completed
ORD-0107480,R-0245,2025-05-28,29.92,web,delivery,Completed
ORD-0107481,R-0245,2025-05-18,30.11,web,delivery,completed
ORD-0107482,R-0245,2025-05-09,16.36,web,pickup,completed
ORD-0107483,R-0245,2025-05-27,20.30,web,pickup,completed
ORD-0107484,R-0245,2025-05-26,10.45,app,pickup,completed
ORD-0107485,R-0245,2025-05-22,28.46,web,pickup,completed
ORD-0109100,R-0247,2025-05-22,29.62,web,pickup,completed
ORD-0109101,R-0247,2025-05-10,28.27,app,pickup,completed
ORD-0109102,R-0247,2025-05-15,37.57,web,delivery,completed
ORD-0109103,R-0247,2025-05-07,27.76,app,delivery,completed
ORD-0109104,R-0247,2025-05-31,36.06,web,pickup,completed
ORD-0109105,R-0247,2025-05-12,28.86,web,pickup,completed
ORD-0109106,R-0247,2025-05-30,37.88,web,pickup,completed
ORD-0109107,R-0247,2025-05-31,49.31,web,pickup,completed
ORD-0109108,R-0247,2025-05-24,19.40,web,delivery,completed
ORD-0109109,R-0247,2025-05-18,20.03,web,pickup,completed
ORD-0109110,R-0247,2025-05-03,27.91,web,delivery,Completed
ORD-0109111,R-0247,2025-05-07,20.00,app,pickup,completed
ORD-0109112,R-0247,2025-05-31,26.63,web,pickup,completed
ORD-0109113,R-0247,2025-05-02,22.03,app,pickup,cancelled
ORD-0109114,R-0247,2025-05-12,30.91,web,delivery,completed
ORD-0109115,R-0247,2025-05-17,12.13,web,delivery,COMPLETED
ORD-0109116,R-0247,2025-05-14,37.81,web,pickup,completed
ORD-0109117,R-0247,2025-05-22,19.54,web,pickup,completed
ORD-0109118,R-0247,2025-05-11,34.60,app,pickup,completed
ORD-0109119,R-0247,2025-05-17,35.89,web,pickup,completed
ORD-0109120,R-0247,2025-05-02,29.15,web,delivery,completed
ORD-0109121,R-0247,2025-05-07,33.03,web,pickup,completed
ORD-0109122,R-0247,2025-05-09,16.69,web,pickup,COMPLETED
ORD-0109123,R-0247,2025-05-24,23.65,web,delivery,completed
ORD-0109124,R-0247,2025-05-23,25.18,web,pickup,Completed
ORD-0109125,R-0247,2025-05-21,15.55,app,pickup,completed
ORD-0109126,R-0247,2025-05-23,22.84,web,pickup,completed
ORD-0109127,R-0247,2025-05-14,28.38,web,delivery,completed
ORD-0109128,R-0247,2025-05-12,20.44,web,delivery,completed
ORD-0109129,R-0247,2025-05-26,20.81,web,pickup,completed
ORD-0109130,R-0247,2025-05-11,23.34,web,pickup,completed
ORD-0109131,R-0247,2025-05-27,26.34,app,delivery,completed
ORD-0109132,R-0247,2025-05-20,14.61,web,delivery,completed
ORD-0109133,R-0247,2025-05-02,21.25,web,pickup,completed
ORD-0109134,R-0247,2025-05-17,19.86,app,pickup,completed
ORD-0109135,R-0247,2025-05-08,42.26,web,delivery,completed
ORD-0111656,R-0260,2025-05-04,24.34,web,delivery,COMPLETED
ORD-0111657,R-0260,2025-05-23,33.56,app,delivery,completed
ORD-0111658,R-0260,2025-05-23,16.92,app,delivery,completed
ORD-0111659,R-0260,2025-05-01,20.01,web,delivery,completed
ORD-0111660,R-0260,2025-05-03,17.35,web,delivery,completed
ORD-0111661,R-0260,2025-05-09,20.54,web,pickup,completed
ORD-0111662,R-0260,2025-05-18,22.62,web,delivery,COMPLETED
ORD-0111663,R-0260,2025-05-24,32.82,app,delivery,Completed
ORD-0111664,R-0260,2025-05-01,27.62,web,delivery,completed
ORD-0111665,R-0260,2025-05-12,31.18,app,delivery,completed
ORD-0111666,R-0260,2025-05-09,32.80,web,pickup,completed
ORD-0111667,R-0260,2025-05-12,32.76,app,pickup,completed
ORD-0111668,R-0260,2025-05-19,28.73,app,delivery,completed
ORD-0111669,R-0260,2025-05-21,32.74,web,delivery,completed
ORD-0111670,R-0260,2025-05-19,17.98,web,delivery,completed
ORD-0111671,R-0260,2025-05-26,39.17,web,delivery,completed
ORD-0111672,R-0260,2025-05-22,23.84,app,pickup,completed
ORD-0114517,R-0271,2025-05-31,14.87,app,delivery,completed
ORD-0114518,R-0271,2025-05-26,20.69,web,delivery,completed
ORD-0114519,R-0271,2025-05-25,33.17,app,pickup,completed
ORD-0114520,R-0271,2025-05-30,35.96,web,delivery,completed
ORD-0114521,R-0271,2025-05-25,38.64,web,pickup,completed
ORD-0114522,R-0271,2025-05-25,47.42,web,delivery,completed
ORD-0116038,R-0277,2025-05-30,24.74,web,delivery,COMPLETED
ORD-0116039,R-0277,2025-05-20,36.77,app,pickup,completed
ORD-0116040,R-0277,2025-05-28,20.36,web,pickup,completed
ORD-0116041,R-0277,2025-05-25,41.73,app,delivery,completed
ORD-0116042,R-0277,2025-05-20,9.42,app,delivery,completed
ORD-0116043,R-0277,2025-05-26,51.19,app,delivery,completed
ORD-0116044,R-0277,2025-05-19,50.49,app,delivery,completed
ORD-0116045,R-0277,2025-05-14,15.38,web,delivery,completed
ORD-0116046,R-0277,2025-05-16,18.89,web,delivery,completed
ORD-0116047,R-0277,2025-05-27,20.43,app,delivery,completed
ORD-0116048,R-0277,2025-05-26,25.61,app,pickup,completed
ORD-0116049,R-0277,2025-05-19,42.41,app,pickup,Completed
ORD-0116050,R-0277,2025-05-28,9.06,web,delivery,completed
ORD-0116051,R-0277,2025-05-15,13.38,web,pickup,completed
ORD-0116052,R-0277,2025-05-24,12.84,app,pickup,completed
ORD-0116053,R-0277,2025-05-15,37.37,app,delivery,completed
ORD-0116054,R-0277,2025-05-29,18.77,app,delivery,Completed
ORD-0116055,R-0277,2025-05-17,12.14,app,pickup,completed
ORD-0118628,R-0286,2025-05-02,52.08,web,delivery,Completed
ORD-0118629,R-0286,2025-05-30,51.97,web,delivery,completed
ORD-0118630,R-0286,2025-05-09,67.14,web,delivery,completed
ORD-0118631,R-0286,2025-05-24,66.53,web,delivery,completed
ORD-0118632,R-0286,2025-05-04,67.39,web,pickup,Completed
ORD-0118633,R-0286,2025-05-22,60.89,web,pickup,completed
ORD-0118634,R-0286,2025-05-06,84.75,app,delivery,completed
ORD-0118635,R-0286,2025-05-12,43.06,app,delivery,completed
ORD-0118636,R-0286,2025-05-10,74.20,web,pickup,completed
ORD-0118637,R-0286,2025-05-30,28.99,app,delivery,completed
ORD-0118638,R-0286,2025-05-11,71.13,web,delivery,completed
ORD-0118639,R-0286,2025-05-23,32.24,web,delivery,completed
ORD-0118640,R-0286,2025-05-10,93.89,web,delivery,completed
ORD-0118641,R-0286,2025-05-19,101.50,web,delivery,completed
ORD-0118642,R-0286,2025-05-20,42.43,web,delivery,completed
ORD-0119051,R-0287,2025-05-14,61.07,app,pickup,COMPLETED
ORD-0119052,R-0287,2025-05-29,82.88,web,delivery,completed
ORD-0119053,R-0287,2025-05-05,44.40,app,delivery,completed
ORD-0119054,R-0287,2025-05-04,22.00,app,delivery,completed
ORD-0119055,R-0287,2025-05-03,66.94,web,pickup,completed
ORD-0119056,R-0287,2025-05-11,84.83,app,pickup,completed
ORD-0119057,R-0287,2025-05-13,56.59,app,pickup,completed
ORD-0119058,R-0287,2025-05-03,94.79,app,pickup,completed
ORD-0119059,R-0287,2025-05-03,76.55,app,pickup,completed
ORD-0119060,R-0287,2025-05-29,47.46,app,delivery,COMPLETED
ORD-0119061,R-0287,2025-05-20,71.53,app,delivery,completed
ORD-0119062,R-0287,2025-05-30,38.89,web,pickup,completed
ORD-0119063,R-0287,2025-05-18,45.77,app,delivery,completed
ORD-0119505,R-0290,2025-05-18,31.13,app,delivery,completed
ORD-0119506,R-0290,2025-05-19,53.50,app,pickup,completed
ORD-0119507,R-0290,2025-05-03,37.66,app,pickup,COMPLETED
ORD-0119508,R-0290,2025-05-03,21.28,app,delivery,completed
ORD-0119509,R-0290,2025-05-02,38.37,web,delivery,cancelled
ORD-0119510,R-0290,2025-05-17,21.48,web,delivery,completed
ORD-0119511,R-0290,2025-05-10,27.48,app,delivery,completed
ORD-0119512,R-0290,2025-05-28,48.29,app,pickup,completed
ORD-0119513,R-0290,2025-05-04,93.33,app,delivery,completed
ORD-0119514,R-0290,2025-05-10,51.79,app,delivery,completed
ORD-0119515,R-0290,2025-05-06,35.66,app,delivery,completed
ORD-0119516,R-0290,2025-05-03,23.76,web,delivery,completed
ORD-0119517,R-0290,2025-05-26,62.95,app,pickup,COMPLETED
ORD-0119518,R-0290,2025-05-27,42.15,app,delivery,completed
ORD-0119519,R-0290,2025-05-09,126.34,app,delivery,completed
ORD-0119520,R-0290,2025-05-30,61.44,app,pickup,completed
ORD-0119521,R-0290,2025-05-01,24.46,app,delivery,completed
ORD-0119522,R-0290,2025-05-10,143.06,app,pickup,completed
ORD-0119523,R-0290,2025-05-18,59.32,app,delivery,completed
ORD-0119524,R-0290,2025-05-24,76.42,web,pickup,completed
ORD-0119525,R-0290,2025-05-04,36.92,web,delivery,completed
ORD-0119526,R-0290,2025-05-29,36.21,app,delivery,completed
ORD-0119527,R-0290,2025-05-31,33.24,app,delivery,completed
ORD-0119528,R-0290,2025-05-25,146.02,app,delivery,Completed
ORD-0119529,R-0290,2025-05-16,43.46,app,pickup,completed
ORD-0120122,R-0294,2025-05-09,40.93,web,pickup,completed
ORD-0120123,R-0294,2025-05-31,17.19,web,pickup,completed
ORD-0120124,R-0294,2025-05-31,45.91,web,delivery,COMPLETED
ORD-0120125,R-0294,2025-05-18,64.23,web,pickup,COMPLETED
ORD-0120126,R-0294,2025-05-04,30.20,web,delivery,refunded
ORD-0120127,R-0294,2025-05-14,48.71,app,delivery,completed
ORD-0120128,R-0294,2025-05-25,25.80,web,delivery,completed
ORD-0120129,R-0294,2025-05-11,55.78,web,delivery,completed
ORD-0120130,R-0294,2025-05-16,41.70,app,pickup,completed
ORD-0120131,R-0294,2025-05-14,44.02,app,delivery,completed
ORD-0120132,R-0294,2025-05-24,36.35,web,delivery,completed
ORD-0120133,R-0294,2025-05-14,38.73,app,pickup,completed
ORD-0120134,R-0294,2025-05-19,21.58,web,pickup,completed
ORD-0120135,R-0294,2025-05-23,64.90,app,delivery,completed
ORD-0120136,R-0294,2025-05-11,41.05,web,delivery,completed
ORD-0123883,R-0305,2025-05-26,45.12,app,delivery,completed
ORD-0123884,R-0305,2025-05-31,100.74,app,delivery,COMPLETED
ORD-0123885,R-0305,2025-05-25,73.67,web,delivery,completed
ORD-0123886,R-0305,2025-05-31,58.05,app,delivery,completed
ORD-0123887,R-0305,2025-05-26,137.80,app,delivery,completed
ORD-0123888,R-0305,2025-05-23,85.44,web,delivery,COMPLETED
ORD-0123889,R-0305,2025-05-27,53.96,web,delivery,COMPLETED
ORD-0123890,R-0305,2025-05-29,66.29,app,delivery,completed
ORD-0123891,R-0305,2025-05-23,43.20,web,delivery,completed
ORD-0129519,R-0320,2025-05-28,47.38,app,delivery,completed
ORD-0129520,R-0320,2025-05-11,65.35,app,delivery,completed
ORD-0129521,R-0320,2025-05-19,50.14,app,delivery,completed
ORD-0129522,R-0320,2025-05-23,34.28,app,delivery,completed
ORD-0129523,R-0320,2025-05-05,33.70,app,delivery,completed
ORD-0129524,R-0320,2025-05-13,43.79,app,pickup,completed
ORD-0129525,R-0320,2025-05-17,47.92,app,delivery,refunded
ORD-0129526,R-0320,2025-05-12,40.80,app,delivery,Completed
ORD-0129527,R-0320,2025-05-04,36.19,app,delivery,refunded
ORD-0129528,R-0320,2025-05-16,43.80,app,delivery,COMPLETED
ORD-0129529,R-0320,2025-05-14,38.09,app,delivery,completed
ORD-0132627,R-0324,2025-05-11,31.90,web,delivery,completed
ORD-0132628,R-0324,2025-05-08,28.68,app,pickup,completed
ORD-0132629,R-0324,2025-05-23,36.12,app,delivery,completed
ORD-0132630,R-0324,2025-05-01,24.55,web,delivery,Completed
ORD-0132631,R-0324,2025-05-15,38.41,app,delivery,completed
ORD-0132632,R-0324,2025-05-11,44.37,app,delivery,COMPLETED
ORD-0132633,R-0324,2025-05-07,16.84,app,delivery,completed
ORD-0132634,R-0324,2025-05-14,35.88,app,delivery,completed
ORD-0132635,R-0324,2025-05-11,11.64,app,pickup,completed
ORD-0132636,R-0324,2025-05-17,21.67,app,delivery,completed
ORD-0132637,R-0324,2025-05-14,23.04,web,delivery,completed
ORD-0132638,R-0324,2025-05-31,17.18,web,pickup,completed
ORD-0132639,R-0324,2025-05-19,63.39,app,delivery,completed
ORD-0132640,R-0324,2025-05-13,14.78,app,pickup,completed
ORD-0132641,R-0324,2025-05-11,16.67,app,pickup,completed
ORD-0132642,R-0324,2025-05-28,57.66,app,delivery,COMPLETED
ORD-0132643,R-0324,2025-05-24,16.08,app,pickup,completed
ORD-0132644,R-0324,2025-05-01,62.71,web,pickup,cancelled
ORD-0132645,R-0324,2025-05-27,24.58,app,pickup,completed
ORD-0132646,R-0324,2025-05-29,28.77,app,delivery,completed
ORD-0132647,R-0324,2025-05-19,23.24,web,delivery,completed
ORD-0132648,R-0324,2025-05-09,32.45,app,pickup,COMPLETED
ORD-0132649,R-0324,2025-05-26,15.30,app,delivery,completed
ORD-0132650,R-0324,2025-05-04,20.74,app,pickup,completed
ORD-0132651,R-0324,2025-05-05,13.53,app,pickup,cancelled
ORD-0132652,R-0324,2025-05-17,38.18,app,pickup,completed
ORD-0132653,R-0324,2025-05-04,31.89,web,delivery,completed
ORD-0132654,R-0324,2025-05-31,19.75,app,delivery,completed
ORD-0132655,R-0324,2025-05-29,36.19,app,pickup,completed
ORD-0132656,R-0324,2025-05-23,64.08,app,pickup,completed
ORD-0134795,R-0330,2025-05-16,24.70,app,pickup,completed
ORD-0134796,R-0330,2025-05-15,27.64,web,pickup,COMPLETED
ORD-0134797,R-0330,2025-05-20,41.72,app,delivery,completed
ORD-0134798,R-0330,2025-05-11,74.44,web,pickup,completed
ORD-0134799,R-0330,2025-05-31,17.19,web,delivery,completed
ORD-0134800,R-0330,2025-05-21,21.45,web,pickup,completed
ORD-0134801,R-0330,2025-05-30,34.21,web,pickup,completed
ORD-0134802,R-0330,2025-05-25,37.08,app,pickup,completed
ORD-0134803,R-0330,2025-05-11,25.05,app,delivery,completed
ORD-0134804,R-0330,2025-05-01,25.55,web,pickup,completed
ORD-0134805,R-0330,2025-05-24,28.16,web,pickup,completed
ORD-0134806,R-0330,2025-05-26,21.30,app,pickup,completed
ORD-0134807,R-0330,2025-05-11,15.94,web,delivery,completed
ORD-0134808,R-0330,2025-05-10,18.07,app,pickup,completed
ORD-0134809,R-0330,2025-05-09,10.02,web,pickup,Completed
ORD-0134810,R-0330,2025-05-16,31.55,web,delivery,completed
ORD-0134811,R-0330,2025-05-31,21.65,web,delivery,completed
ORD-0134812,R-0330,2025-05-26,21.80,web,pickup,completed
ORD-0134813,R-0330,2025-05-16,26.89,app,delivery,completed
ORD-0134814,R-0330,2025-05-23,33.29,web,delivery,completed
ORD-0134815,R-0330,2025-05-01,22.54,app,pickup,completed
ORD-0134816,R-0330,2025-05-23,13.05,web,delivery,completed
ORD-0134817,R-0330,2025-05-23,36.19,web,pickup,completed
ORD-0134818,R-0330,2025-05-23,23.27,web,delivery,completed
ORD-0134819,R-0330,2025-05-08,42.73,web,pickup,completed
ORD-0134820,R-0330,2025-05-21,21.33,web,pickup,CANCELLED
ORD-0134821,R-0330,2025-05-11,12.02,app,pickup,completed
ORD-0134822,R-0330,2025-05-03,64.70,web,pickup,completed
ORD-0134823,R-0330,2025-05-06,15.60,app,delivery,completed
ORD-0134824,R-0330,2025-05-19,33.85,web,delivery,completed
ORD-0134825,R-0330,2025-05-02,19.33,app,pickup,COMPLETED
ORD-0134826,R-0330,2025-05-01,25.70,app,pickup,completed
ORD-0134827,R-0330,2025-05-16,32.65,web,pickup,completed
ORD-0134828,R-0330,2025-05-26,27.80,web,delivery,completed
ORD-0134829,R-0330,2025-05-06,24.70,web,pickup,Completed
ORD-0134830,R-0330,2025-05-31,18.98,web,pickup,completed
ORD-0134831,R-0330,2025-05-16,14.83,web,pickup,refunded
ORD-0134832,R-0330,2025-05-03,19.46,web,pickup,completed
ORD-0134833,R-0330,2025-05-30,23.36,web,pickup,completed
ORD-0134834,R-0330,2025-05-09,23.35,web,pickup,completed
ORD-0136268,R-0335,2025-05-22,52.28,app,delivery,completed
ORD-0136269,R-0335,2025-05-16,24.50,app,delivery,completed
ORD-0136270,R-0335,2025-05-04,44.12,web,pickup,refunded
ORD-0136271,R-0335,2025-05-11,56.45,web,delivery,COMPLETED
ORD-0136272,R-0335,2025-05-11,60.66,web,delivery,completed
ORD-0136273,R-0335,2025-05-12,53.35,web,delivery,completed
ORD-0136274,R-0335,2025-05-24,41.60,app,delivery,Completed
ORD-0136275,R-0335,2025-05-30,57.05,app,delivery,completed
ORD-0136276,R-0335,2025-05-02,89.92,app,delivery,cancelled
ORD-0136277,R-0335,2025-05-24,44.74,web,delivery,completed
ORD-0136278,R-0335,2025-05-20,37.00,web,delivery,completed
ORD-0136279,R-0335,2025-05-16,47.05,web,pickup,completed
ORD-0136280,R-0335,2025-05-06,24.18,app,pickup,COMPLETED
ORD-0136281,R-0335,2025-05-14,59.74,app,delivery,completed
ORD-0136282,R-0335,2025-05-06,41.21,web,delivery,cancelled
ORD-0136283,R-0335,2025-05-10,94.48,web,delivery,completed
ORD-0136284,R-0335,2025-05-20,52.50,web,delivery,completed
ORD-0136285,R-0335,2025-05-10,46.23,app,pickup,completed
ORD-0136286,R-0335,2025-05-11,42.98,web,delivery,Completed
ORD-0136287,R-0335,2025-05-06,30.65,app,delivery,completed
ORD-0136288,R-0335,2025-05-29,26.64,app,delivery,completed
ORD-0137309,R-0337,2025-05-13,16.72,web,delivery,completed
ORD-0137310,R-0337,2025-05-15,24.34,web,delivery,completed
ORD-0137311,R-0337,2025-05-04,28.07,app,delivery,COMPLETED
ORD-0137312,R-0337,2025-05-17,19.37,web,delivery,completed
ORD-0137313,R-0337,2025-05-09,34.68,web,delivery,COMPLETED
ORD-0137314,R-0337,2025-05-17,16.22,web,delivery,completed
ORD-0137315,R-0337,2025-05-03,31.66,web,pickup,completed
ORD-0137316,R-0337,2025-05-31,28.91,web,delivery,COMPLETED
ORD-0137317,R-0337,2025-05-22,40.80,app,delivery,completed
ORD-0137318,R-0337,2025-05-15,20.26,app,pickup,completed
ORD-0137319,R-0337,2025-05-08,31.54,web,delivery,completed
ORD-0137320,R-0337,2025-05-22,36.79,app,delivery,completed
ORD-0137321,R-0337,2025-05-30,32.95,web,delivery,completed
ORD-0137322,R-0337,2025-05-22,31.16,web,delivery,completed
ORD-0137323,R-0337,2025-05-02,31.40,web,delivery,completed
ORD-0138782,R-0339,2025-05-24,22.50,web,pickup,completed
ORD-0138783,R-0339,2025-05-23,17.56,web,delivery,completed
ORD-0138784,R-0339,2025-05-26,15.83,app,delivery,COMPLETED
ORD-0138785,R-0339,2025-05-23,26.65,app,delivery,completed
ORD-0138786,R-0339,2025-05-31,14.04,web,delivery,completed
ORD-0140500,R-0345,2025-05-20,75.80,app,pickup,completed
ORD-0140501,R-0345,2025-05-15,32.47,web,delivery,completed
ORD-0140502,R-0345,2025-05-10,40.12,web,delivery,COMPLETED
ORD-0140503,R-0345,2025-05-24,50.36,app,pickup,completed
ORD-0140504,R-0345,2025-05-11,37.82,app,pickup,completed
ORD-0140505,R-0345,2025-05-31,70.48,app,pickup,completed
ORD-0140506,R-0345,2025-05-09,30.38,web,delivery,completed
ORD-0140507,R-0345,2025-05-26,39.59,web,pickup,completed
ORD-0140508,R-0345,2025-05-13,57.80,web,pickup,refunded
ORD-0140509,R-0345,2025-05-10,74.88,app,pickup,completed
ORD-0140510,R-0345,2025-05-15,39.72,web,pickup,completed
ORD-0142474,R-0349,2025-05-31,9.57,app,pickup,completed
ORD-0142475,R-0349,2025-05-31,26.63,app,pickup,Completed
ORD-0142476,R-0349,2025-05-24,21.11,app,delivery,completed
ORD-0142477,R-0349,2025-05-25,19.10,app,delivery,completed
ORD-0142478,R-0349,2025-05-24,31.16,web,delivery,completed
ORD-0142479,R-0349,2025-05-31,20.27,app,pickup,completed
ORD-0142480,R-0349,2025-05-30,15.52,web,delivery,completed
ORD-0142481,R-0349,2025-05-30,27.27,web,pickup,completed
ORD-0142956,R-0350,2025-05-23,19.53,web,pickup,completed
ORD-0142957,R-0350,2025-05-30,22.94,app,pickup,completed
ORD-0142958,R-0350,2025-05-28,29.64,web,pickup,completed
ORD-0142959,R-0350,2025-05-24,13.96,app,delivery,COMPLETED
ORD-0142960,R-0350,2025-05-06,17.12,app,delivery,completed
ORD-0142961,R-0350,2025-05-06,9.62,web,pickup,Completed
ORD-0142962,R-0350,2025-05-15,14.83,app,delivery,completed
ORD-0142963,R-0350,2025-05-23,12.11,web,delivery,completed
ORD-0142964,R-0350,2025-05-15,22.54,app,pickup,completed
ORD-0142965,R-0350,2025-05-17,22.13,app,pickup,COMPLETED
ORD-0142966,R-0350,2025-05-17,10.97,app,pickup,completed
ORD-0142967,R-0350,2025-05-30,9.77,app,delivery,completed
ORD-0142968,R-0350,2025-05-22,17.90,app,pickup,COMPLETED
ORD-0142969,R-0350,2025-05-01,14.29,app,pickup,completed
ORD-0142970,R-0350,2025-05-22,16.27,web,delivery,completed
ORD-0142971,R-0350,2025-05-29,33.20,app,delivery,completed
ORD-0142972,R-0350,2025-05-03,30.16,web,pickup,completed
ORD-0142973,R-0350,2025-05-19,16.22,app,delivery,COMPLETED
ORD-0142974,R-0350,2025-05-28,10.74,app,delivery,completed
ORD-0142975,R-0350,2025-05-09,17.58,app,delivery,Completed
ORD-0142976,R-0350,2025-05-26,17.26,app,pickup,completed
ORD-0142977,R-0350,2025-05-30,32.10,app,delivery,completed
ORD-0142978,R-0350,2025-05-15,15.94,app,pickup,COMPLETED
ORD-0142979,R-0350,2025-05-09,23.37,web,delivery,completed
ORD-0142980,R-0350,2025-05-09,19.25,app,pickup,completed
ORD-0142981,R-0350,2025-05-04,23.75,app,delivery,Completed
ORD-0142982,R-0350,2025-05-29,13.81,app,pickup,completed
ORD-0142983,R-0350,2025-05-11,24.39,web,pickup,Completed
ORD-0143102,R-0351,2025-05-13,20.98,app,delivery,completed
ORD-0143103,R-0351,2025-05-24,26.92,web,delivery,cancelled
ORD-0143104,R-0351,2025-05-10,18.88,web,pickup,refunded
ORD-0143105,R-0351,2025-05-18,48.62,app,pickup,completed
ORD-0143106,R-0351,2025-05-27,21.93,app,delivery,COMPLETED
ORD-0143107,R-0351,2025-05-30,18.48,app,pickup,completed
ORD-0143108,R-0351,2025-05-20,45.05,web,delivery,completed
ORD-0143109,R-0351,2025-05-29,30.79,app,pickup,completed
ORD-0143110,R-0351,2025-05-17,39.32,web,delivery,completed
ORD-0143111,R-0351,2025-05-11,26.20,web,delivery,completed
ORD-0143112,R-0351,2025-05-17,55.09,web,delivery,completed
ORD-0143113,R-0351,2025-05-31,21.94,app,delivery,completed
ORD-0143114,R-0351,2025-05-16,38.97,app,pickup,completed
ORD-0143115,R-0351,2025-05-01,9.62,web,delivery,Completed
ORD-0143116,R-0351,2025-05-16,24.07,app,pickup,completed
ORD-0143117,R-0351,2025-05-10,33.81,web,delivery,completed
ORD-0143118,R-0351,2025-05-16,17.93,app,delivery,completed
ORD-0143119,R-0351,2025-05-30,17.07,web,delivery,completed
ORD-0143120,R-0351,2025-05-21,14.17,web,pickup,completed
ORD-0143121,R-0351,2025-05-30,17.07,web,delivery,completed
ORD-0143122,R-0351,2025-05-15,14.93,web,pickup,completed
ORD-0143123,R-0351,2025-05-12,32.49,app,pickup,completed
ORD-0143124,R-0351,2025-05-24,38.01,app,pickup,completed
ORD-0143125,R-0351,2025-05-28,26.42,app,pickup,completed
ORD-0143126,R-0351,2025-05-05,28.83,app,delivery,completed
ORD-0143127,R-0351,2025-05-23,25.00,app,pickup,cancelled
ORD-0148227,R-0357,2025-05-12,21.28,web,delivery,completed
ORD-0148228,R-0357,2025-05-29,23.68,web,delivery,COMPLETED
ORD-0148229,R-0357,2025-05-31,24.95,web,pickup,completed
ORD-0148230,R-0357,2025-05-21,78.61,app,delivery,Completed
ORD-0148231,R-0357,2025-05-12,15.09,app,pickup,completed
ORD-0148232,R-0357,2025-05-17,32.57,web,delivery,completed
ORD-0148233,R-0357,2025-05-24,22.00,app,delivery,completed
ORD-0148234,R-0357,2025-05-04,22.96,web,delivery,COMPLETED
ORD-0148235,R-0357,2025-05-25,27.58,web,pickup,COMPLETED
ORD-0148236,R-0357,2025-05-20,21.97,app,delivery,completed
ORD-0148237,R-0357,2025-05-06,13.00,web,delivery,cancelled
ORD-0148238,R-0357,2025-05-31,33.12,app,delivery,COMPLETED
ORD-0148239,R-0357,2025-05-04,38.93,web,pickup,completed
ORD-0148240,R-0357,2025-05-28,24.25,web,delivery,completed
ORD-0148241,R-0357,2025-05-12,37.63,web,delivery,completed
ORD-0148242,R-0357,2025-05-03,46.92,app,delivery,completed
ORD-0148243,R-0357,2025-05-28,20.49,app,delivery,Completed
ORD-0148244,R-0357,2025-05-17,14.21,web,delivery,completed
ORD-0148245,R-0357,2025-05-09,22.82,web,delivery,completed
ORD-0148246,R-0357,2025-05-24,36.16,web,delivery,COMPLETED
ORD-0148247,R-0357,2025-05-03,27.39,web,delivery,COMPLETED
ORD-0148248,R-0357,2025-05-26,24.57,app,delivery,cancelled
ORD-0148249,R-0357,2025-05-12,39.62,web,pickup,completed
ORD-0148250,R-0357,2025-05-31,27.84,app,delivery,completed
ORD-0148251,R-0357,2025-05-01,8.81,app,delivery,completed
ORD-0148252,R-0357,2025-05-22,20.40,web,delivery,completed
ORD-0148253,R-0357,2025-05-02,23.65,web,delivery,completed
ORD-0148254,R-0357,2025-05-27,32.12,app,pickup,completed
ORD-0148255,R-0357,2025-05-20,51.98,web,delivery,completed
ORD-0148256,R-0357,2025-05-31,82.62,web,delivery,completed
ORD-0148257,R-0357,2025-05-16,16.54,web,delivery,completed
ORD-0148258,R-0357,2025-05-10,19.28,web,delivery,COMPLETED
ORD-0148259,R-0357,2025-05-27,40.31,web,delivery,completed
ORD-0148260,R-0357,2025-05-13,12.88,web,delivery,completed
ORD-0148261,R-0357,2025-05-09,27.10,web,pickup,completed
ORD-0148262,R-0357,2025-05-16,39.98,app,delivery,cancelled
ORD-0148263,R-0357,2025-05-02,19.41,web,delivery,completed
ORD-0148264,R-0357,2025-05-17,16.31,web,delivery,COMPLETED
ORD-0148265,R-0357,2025-05-02,36.28,app,delivery,completed
ORD-0148266,R-0357,2025-05-04,34.24,web,delivery,completed
ORD-0148267,R-0357,2025-05-01,36.91,app,delivery,COMPLETED
ORD-0148268,R-0357,2025-05-15,51.74,web,pickup,completed
ORD-0148269,R-0357,2025-05-09,15.44,app,pickup,completed
ORD-0148270,R-0357,2025-05-06,21.18,app,delivery,CANCELLED
ORD-0148271,R-0357,2025-05-17,8.91,web,pickup,completed
ORD-0148272,R-0357,2025-05-23,23.50,web,delivery,completed
ORD-0148273,R-0357,2025-05-11,37.97,web,delivery,Completed
ORD-0148274,R-0357,2025-05-16,27.24,app,delivery,COMPLETED
ORD-0148275,R-0357,2025-05-24,53.04,app,delivery,completed
ORD-0148276,R-0357,2025-05-31,28.33,web,delivery,completed
ORD-0148277,R-0357,2025-05-23,41.35,web,delivery,completed
ORD-0148278,R-0357,2025-05-24,20.71,web,delivery,completed
ORD-0148279,R-0357,2025-05-26,20.79,web,delivery,Completed
ORD-0148280,R-0357,2025-05-10,23.71,web,delivery,COMPLETED
ORD-0148281,R-0357,2025-05-03,29.27,app,delivery,COMPLETED
ORD-0148282,R-0357,2025-05-24,29.29,web,delivery,completed
ORD-0148283,R-0357,2025-05-24,27.24,web,delivery,completed
ORD-0148284,R-0357,2025-05-16,43.40,app,delivery,COMPLETED
ORD-0148285,R-0357,2025-05-29,19.44,web,delivery,completed
ORD-0148286,R-0357,2025-05-30,34.20,web,delivery,completed
ORD-0148287,R-0357,2025-05-08,38.44,web,delivery,COMPLETED
ORD-0148288,R-0357,2025-05-16,37.39,web,delivery,COMPLETED
ORD-0148289,R-0357,2025-05-03,34.47,web,delivery,completed
ORD-0148290,R-0357,2025-05-29,32.54,web,delivery,cancelled
ORD-0148291,R-0357,2025-05-27,28.96,web,delivery,completed
ORD-0148292,R-0357,2025-05-23,52.65,web,pickup,completed
ORD-0148293,R-0357,2025-05-26,31.45,web,delivery,COMPLETED
ORD-0148294,R-0357,2025-05-31,19.98,web,pickup,completed
ORD-0148295,R-0357,2025-05-17,33.50,web,delivery,completed
ORD-0148296,R-0357,2025-05-05,12.34,web,pickup,completed
ORD-0148297,R-0357,2025-05-12,34.50,web,delivery,completed
ORD-0148298,R-0357,2025-05-18,23.68,web,pickup,completed
ORD-0148299,R-0357,2025-05-07,21.35,app,delivery,completed
ORD-0148300,R-0357,2025-05-05,14.55,web,delivery,completed
ORD-0148301,R-0357,2025-05-11,43.33,app,pickup,completed
ORD-0148302,R-0357,2025-05-11,26.27,app,delivery,completed
ORD-0148303,R-0357,2025-05-12,16.93,web,delivery,completed
ORD-0148304,R-0357,2025-05-07,20.62,web,pickup,cancelled
ORD-0148305,R-0357,2025-05-10,39.03,web,pickup,completed
ORD-0148306,R-0357,2025-05-17,45.17,web,pickup,completed
ORD-0148307,R-0357,2025-05-02,49.70,app,pickup,completed
ORD-0148308,R-0357,2025-05-12,28.66,web,pickup,Completed
ORD-0148309,R-0357,2025-05-11,26.02,app,delivery,CANCELLED
ORD-0148310,R-0357,2025-05-30,30.39,web,delivery,completed
ORD-0148311,R-0357,2025-05-22,14.87,web,pickup,completed
ORD-0148312,R-0357,2025-05-15,23.58,app,delivery,completed
ORD-0148313,R-0357,2025-05-09,28.94,web,pickup,completed
ORD-0148314,R-0357,2025-05-02,25.39,web,delivery,completed
ORD-0148315,R-0357,2025-05-18,18.82,web,delivery,completed
ORD-0148316,R-0357,2025-05-02,25.97,web,pickup,completed
ORD-0148317,R-0357,2025-05-09,40.39,web,delivery,completed
ORD-0148318,R-0357,2025-05-17,33.87,app,delivery,Refunded
ORD-0148319,R-0357,2025-05-01,20.87,web,delivery,completed
ORD-0148320,R-0357,2025-05-11,51.74,web,delivery,completed
ORD-0148321,R-0357,2025-05-22,21.21,web,delivery,COMPLETED
ORD-0148322,R-0357,2025-05-12,43.79,web,delivery,completed
ORD-0148323,R-0357,2025-05-24,21.26,web,pickup,completed
ORD-0148324,R-0357,2025-05-20,11.06,app,delivery,completed
ORD-0148325,R-0357,2025-05-15,24.19,web,delivery,COMPLETED
ORD-0148326,R-0357,2025-05-25,39.87,web,delivery,completed
ORD-0148327,R-0357,2025-05-04,24.97,web,delivery,COMPLETED
ORD-0148328,R-0357,2025-05-06,13.35,web,delivery,COMPLETED
ORD-0148329,R-0357,2025-05-23,21.27,app,delivery,COMPLETED
ORD-0148330,R-0357,2025-05-29,56.01,web,delivery,completed
ORD-0148331,R-0357,2025-05-08,19.26,web,delivery,completed
ORD-0148332,R-0357,2025-05-09,27.43,web,delivery,completed
ORD-0148333,R-0357,2025-05-19,14.25,web,delivery,refunded
ORD-0148334,R-0357,2025-05-23,35.95,web,pickup,Completed
ORD-0148335,R-0357,2025-05-21,24.34,app,pickup,completed
ORD-0148336,R-0357,2025-05-11,58.70,web,pickup,completed
ORD-0148337,R-0357,2025-05-02,17.05,web,pickup,completed
ORD-0148338,R-0357,2025-05-10,18.97,app,delivery,completed
ORD-0148339,R-0357,2025-05-15,16.92,web,delivery,completed
ORD-0148340,R-0357,2025-05-22,13.40,app,pickup,completed
ORD-0148341,R-0357,2025-05-24,62.59,web,delivery,completed
ORD-0148342,R-0357,2025-05-03,35.79,app,delivery,Completed
ORD-0148343,R-0357,2025-05-10,15.43,web,delivery,COMPLETED
ORD-0148344,R-0357,2025-05-15,23.81,web,delivery,completed
ORD-0148345,R-0357,2025-05-10,16.79,web,pickup,Completed
ORD-0148346,R-0357,2025-05-23,30.52,web,delivery,completed
ORD-0148347,R-0357,2025-05-18,53.97,web,pickup,completed
ORD-0148348,R-0357,2025-05-16,15.77,web,delivery,completed
ORD-0148349,R-0357,2025-05-18,24.10,web,delivery,completed
ORD-0148350,R-0357,2025-05-11,27.52,web,pickup,COMPLETED
ORD-0148351,R-0357,2025-05-13,18.80,app,delivery,completed
ORD-0148352,R-0357,2025-05-21,50.24,app,pickup,completed
ORD-0148353,R-0357,2025-05-19,17.44,web,delivery,completed
ORD-0148354,R-0357,2025-05-06,28.32,web,delivery,completed
ORD-0148355,R-0357,2025-05-07,31.47,web,delivery,completed
ORD-0148356,R-0357,2025-05-20,31.39,web,delivery,completed
ORD-0148357,R-0357,2025-05-31,72.29,app,delivery,completed
ORD-0148358,R-0357,2025-05-13,27.01,app,delivery,completed
ORD-0148359,R-0357,2025-05-04,30.61,web,pickup,COMPLETED
ORD-0148360,R-0357,2025-05-24,18.11,web,pickup,Completed
ORD-0148361,R-0357,2025-05-17,29.82,web,delivery,completed
ORD-0148362,R-0357,2025-05-20,14.25,web,delivery,completed
ORD-0148363,R-0357,2025-05-17,26.35,app,delivery,completed
ORD-0148364,R-0357,2025-05-11,16.17,web,pickup,completed
ORD-0148365,R-0357,2025-05-02,39.76,web,pickup,completed
ORD-0148366,R-0357,2025-05-23,22.05,web,delivery,completed
ORD-0148367,R-0357,2025-05-16,11.29,web,pickup,completed
ORD-0148368,R-0357,2025-05-22,34.18,app,delivery,COMPLETED
ORD-0148369,R-0357,2025-05-03,16.08,app,delivery,COMPLETED
ORD-0148370,R-0357,2025-05-27,23.00,web,delivery,completed
ORD-0148371,R-0357,2025-05-17,80.29,web,delivery,completed
ORD-0148372,R-0357,2025-05-26,26.43,web,delivery,completed
ORD-0150093,R-0358,2025-05-29,35.22,app,delivery,completed
ORD-0150094,R-0358,2025-05-08,67.64,app,delivery,completed
ORD-0150095,R-0358,2025-05-25,78.30,app,delivery,completed
ORD-0150096,R-0358,2025-05-16,34.44,app,delivery,completed
ORD-0150097,R-0358,2025-05-23,50.99,app,delivery,completed
ORD-0150098,R-0358,2025-05-14,35.75,app,delivery,completed
ORD-0150099,R-0358,2025-05-27,70.22,app,delivery,completed
ORD-0150100,R-0358,2025-05-08,30.72,app,pickup,completed
ORD-0150101,R-0358,2025-05-25,33.97,app,delivery,completed
ORD-0150102,R-0358,2025-05-04,41.53,app,delivery,completed
ORD-0150103,R-0358,2025-05-13,50.38,app,delivery,completed
ORD-0150104,R-0358,2025-05-14,29.87,app,delivery,completed
ORD-0150105,R-0358,2025-05-13,35.27,app,delivery,completed
ORD-0150106,R-0358,2025-05-06,35.79,web,delivery,COMPLETED
ORD-0150107,R-0358,2025-05-16,42.52,app,delivery,completed
ORD-0150108,R-0358,2025-05-16,65.31,app,delivery,completed
ORD-0150109,R-0358,2025-05-02,46.44,web,pickup,completed
ORD-0150110,R-0358,2025-05-24,59.34,app,delivery,completed
ORD-0150111,R-0358,2025-05-20,45.61,app,delivery,completed
ORD-0150112,R-0358,2025-05-22,31.56,app,delivery,completed
ORD-0150113,R-0358,2025-05-18,64.01,app,delivery,completed
ORD-0150114,R-0358,2025-05-04,29.08,app,delivery,completed
ORD-0150115,R-0358,2025-05-17,36.62,web,delivery,completed
ORD-0150116,R-0358,2025-05-19,31.91,app,delivery,completed
ORD-0150117,R-0358,2025-05-06,57.00,web,delivery,completed
ORD-0150118,R-0358,2025-05-04,36.47,app,pickup,Completed
ORD-0150119,R-0358,2025-05-15,24.35,web,delivery,completed
ORD-0150120,R-0358,2025-05-09,43.86,app,delivery,COMPLETED
ORD-0150121,R-0358,2025-05-20,38.83,web,delivery,completed
ORD-0150122,R-0358,2025-05-17,47.40,app,delivery,completed
ORD-0150123,R-0358,2025-05-01,24.89,app,pickup,completed
ORD-0150124,R-0358,2025-05-21,45.12,app,delivery,Completed
ORD-0150125,R-0358,2025-05-24,35.38,app,pickup,completed
ORD-0150126,R-0358,2025-05-04,48.91,web,delivery,completed
ORD-0150127,R-0358,2025-05-07,78.34,app,pickup,Completed
ORD-0150128,R-0358,2025-05-25,34.72,app,delivery,completed
ORD-0150129,R-0358,2025-05-13,42.21,app,delivery,completed
ORD-0150130,R-0358,2025-05-30,35.66,web,delivery,completed
ORD-0150131,R-0358,2025-05-18,30.73,app,delivery,completed
ORD-0150381,R-0359,2025-05-08,53.13,app,delivery,completed
ORD-0150382,R-0359,2025-05-05,13.51,web,delivery,Completed
ORD-0150383,R-0359,2025-05-22,29.98,app,pickup,completed
ORD-0150384,R-0359,2025-05-23,33.88,app,pickup,COMPLETED
ORD-0150385,R-0359,2025-05-29,37.50,web,delivery,completed
ORD-0150386,R-0359,2025-05-23,22.08,web,delivery,completed
ORD-0150387,R-0359,2025-05-09,32.32,app,pickup,completed
ORD-0150388,R-0359,2025-05-21,34.49,web,pickup,refunded
ORD-0150389,R-0359,2025-05-14,34.68,web,pickup,completed
ORD-0150390,R-0359,2025-05-16,48.62,web,delivery,Completed
ORD-0150391,R-0359,2025-05-04,31.72,web,delivery,completed
ORD-0150392,R-0359,2025-05-17,25.52,app,delivery,completed
ORD-0150393,R-0359,2025-05-27,34.52,app,pickup,completed
ORD-0150394,R-0359,2025-05-11,24.54,app,delivery,Completed
ORD-0150395,R-0359,2025-05-12,34.61,web,delivery,cancelled
ORD-0150396,R-0359,2025-05-04,45.13,app,delivery,completed
ORD-0150397,R-0359,2025-05-30,65.92,web,pickup,COMPLETED
ORD-0150398,R-0359,2025-05-16,29.01,app,pickup,completed
ORD-0150399,R-0359,2025-05-10,44.04,app,pickup,cancelled
ORD-0150400,R-0359,2025-05-10,43.77,app,pickup,completed
ORD-0150401,R-0359,2025-05-25,39.74,app,pickup,completed
ORD-0150402,R-0359,2025-05-04,26.45,web,delivery,completed
ORD-0150403,R-0359,2025-05-22,59.20,app,pickup,completed
ORD-0150404,R-0359,2025-05-16,35.11,app,pickup,completed
ORD-0150405,R-0359,2025-05-31,46.91,app,pickup,completed
ORD-0150406,R-0359,2025-05-09,64.49,web,pickup,completed
ORD-0150407,R-0359,2025-05-29,33.75,app,pickup,completed
ORD-0150408,R-0359,2025-05-10,26.79,app,delivery,completed
ORD-0150409,R-0359,2025-05-04,33.97,web,delivery,completed
ORD-0150410,R-0359,2025-05-02,22.61,app,delivery,completed
ORD-0150411,R-0359,2025-05-08,27.74,app,delivery,completed
ORD-0150412,R-0359,2025-05-17,33.48,app,delivery,completed
ORD-0150413,R-0359,2025-05-01,29.62,app,pickup,completed
ORD-0150414,R-0359,2025-05-05,30.80,app,delivery,completed
ORD-0150415,R-0359,2025-05-14,32.26,web,pickup,COMPLETED
ORD-0150416,R-0359,2025-05-01,28.58,app,delivery,completed
ORD-0151510,R-0361,2025-05-31,81.26,app,delivery,completed
ORD-0152392,R-0363,2025-05-20,21.85,app,pickup,COMPLETED
ORD-0152393,R-0363,2025-05-15,10.48,web,delivery,completed
ORD-0152394,R-0363,2025-05-24,28.88,web,delivery,completed
ORD-0152395,R-0363,2025-05-15,15.33,app,pickup,completed
ORD-0152396,R-0363,2025-05-16,16.66,web,pickup,completed
ORD-0152397,R-0363,2025-05-13,10.20,app,pickup,COMPLETED
ORD-0152398,R-0363,2025-05-05,14.25,web,pickup,completed
ORD-0152399,R-0363,2025-05-30,12.42,app,pickup,completed
ORD-0152400,R-0363,2025-05-23,17.39,web,pickup,completed
ORD-0152401,R-0363,2025-05-22,25.74,app,pickup,completed
ORD-0152402,R-0363,2025-05-08,12.43,web,pickup,refunded
ORD-0152403,R-0363,2025-05-04,17.22,web,pickup,completed
ORD-0152404,R-0363,2025-05-03,12.17,web,pickup,completed
ORD-0152405,R-0363,2025-05-16,16.81,app,pickup,completed
ORD-0152406,R-0363,2025-05-23,10.70,web,pickup,completed
ORD-0152407,R-0363,2025-05-24,22.44,web,pickup,completed
ORD-0152408,R-0363,2025-05-11,20.11,web,pickup,completed
ORD-0152409,R-0363,2025-05-06,19.24,web,pickup,completed
ORD-0152410,R-0363,2025-05-31,10.58,web,pickup,completed
ORD-0152411,R-0363,2025-05-24,13.55,app,pickup,completed
ORD-0152412,R-0363,2025-05-16,18.33,web,delivery,completed
ORD-0152413,R-0363,2025-05-31,22.16,app,delivery,completed
ORD-0152414,R-0363,2025-05-23,19.24,app,delivery,COMPLETED
ORD-0152415,R-0363,2025-05-08,13.25,web,pickup,completed
ORD-0152416,R-0363,2025-05-05,14.67,web,pickup,COMPLETED
ORD-0152417,R-0363,2025-05-21,16.58,web,pickup,completed
ORD-0152418,R-0363,2025-05-09,21.56,web,pickup,completed
ORD-0152419,R-0363,2025-05-17,19.20,web,pickup,completed
ORD-0152420,R-0363,2025-05-05,13.10,app,delivery,completed
ORD-0152421,R-0363,2025-05-24,21.99,web,delivery,completed
ORD-0152422,R-0363,2025-05-24,26.77,web,pickup,completed
ORD-0152423,R-0363,2025-05-11,19.66,web,pickup,completed
ORD-0152424,R-0363,2025-05-25,29.99,web,pickup,completed
ORD-0152425,R-0363,2025-05-15,10.52,web,pickup,completed
ORD-0152426,R-0363,2025-05-02,12.80,web,pickup,completed
ORD-0152427,R-0363,2025-05-11,14.25,app,pickup,completed
ORD-0152428,R-0363,2025-05-13,18.49,web,delivery,cancelled
ORD-0152429,R-0363,2025-05-31,15.21,web,delivery,refunded
ORD-0152430,R-0363,2025-05-21,9.91,app,pickup,completed
ORD-0152431,R-0363,2025-05-16,14.55,app,delivery,completed
ORD-0152432,R-0363,2025-05-24,23.17,app,pickup,completed
ORD-0152433,R-0363,2025-05-07,19.19,web,pickup,completed
ORD-0152434,R-0363,2025-05-02,10.84,web,pickup,completed
ORD-0152435,R-0363,2025-05-19,15.73,web,delivery,completed
ORD-0152436,R-0363,2025-05-18,15.18,web,pickup,completed
ORD-0152437,R-0363,2025-05-17,20.80,web,pickup,completed
ORD-0152438,R-0363,2025-05-19,18.66,app,pickup,completed
ORD-0152439,R-0363,2025-05-24,13.31,app,pickup,COMPLETED
ORD-0152440,R-0363,2025-05-26,17.39,app,delivery,completed
ORD-0152441,R-0363,2025-05-09,10.85,app,pickup,completed
ORD-0152442,R-0363,2025-05-03,15.67,web,delivery,completed
ORD-0152443,R-0363,2025-05-12,15.18,app,pickup,Completed
ORD-0152444,R-0363,2025-05-25,13.08,web,pickup,completed
ORD-0152445,R-0363,2025-05-20,15.83,app,pickup,completed
ORD-0152446,R-0363,2025-05-09,25.13,app,pickup,completed
ORD-0152447,R-0363,2025-05-28,12.19,web,pickup,completed
ORD-0152448,R-0363,2025-05-04,12.60,web,delivery,Completed
ORD-0152449,R-0363,2025-05-04,9.21,web,delivery,completed
ORD-0152450,R-0363,2025-05-20,14.72,app,delivery,completed
ORD-0152451,R-0363,2025-05-23,17.88,web,pickup,completed
ORD-0152452,R-0363,2025-05-14,19.57,web,pickup,cancelled
ORD-0152453,R-0363,2025-05-31,23.37,app,pickup,COMPLETED
ORD-0152454,R-0363,2025-05-29,14.80,web,delivery,completed
ORD-0152455,R-0363,2025-05-14,14.27,web,delivery,COMPLETED
ORD-0152456,R-0363,2025-05-12,26.68,web,pickup,completed
ORD-0152457,R-0363,2025-05-22,29.21,web,pickup,completed
ORD-0152458,R-0363,2025-05-03,18.95,web,pickup,completed
ORD-0152459,R-0363,2025-05-01,10.42,web,pickup,completed
ORD-0152460,R-0363,2025-05-08,19.89,web,pickup,completed
ORD-0152461,R-0363,2025-05-16,17.04,web,pickup,COMPLETED
ORD-0152462,R-0363,2025-05-30,17.15,web,pickup,completed
ORD-0152463,R-0363,2025-05-27,10.86,app,delivery,COMPLETED
ORD-0152464,R-0363,2025-05-16,25.51,web,delivery,completed
ORD-0152465,R-0363,2025-05-02,13.08,app,delivery,completed
ORD-0152466,R-0363,2025-05-07,11.53,web,pickup,completed
ORD-0152467,R-0363,2025-05-12,8.22,web,pickup,completed
ORD-0152468,R-0363,2025-05-22,17.23,web,delivery,completed
ORD-0152469,R-0363,2025-05-22,23.10,web,pickup,completed
ORD-0153074,R-0364,2025-05-17,26.90,app,pickup,completed
ORD-0153075,R-0364,2025-05-16,27.61,app,pickup,completed
ORD-0153076,R-0364,2025-05-09,35.32,app,pickup,completed
ORD-0153077,R-0364,2025-05-07,24.19,app,pickup,completed
ORD-0153078,R-0364,2025-05-26,20.80,app,pickup,completed
ORD-0153079,R-0364,2025-05-15,33.01,app,delivery,completed
ORD-0153080,R-0364,2025-05-21,39.57,web,pickup,completed
ORD-0153081,R-0364,2025-05-30,34.87,app,pickup,completed
ORD-0153082,R-0364,2025-05-11,23.63,web,pickup,completed
ORD-0153083,R-0364,2025-05-17,35.74,web,delivery,completed
ORD-0153084,R-0364,2025-05-18,36.47,web,pickup,completed
ORD-0153085,R-0364,2025-05-23,21.52,app,pickup,completed
ORD-0153086,R-0364,2025-05-27,16.99,web,pickup,completed
ORD-0153087,R-0364,2025-05-16,36.49,app,pickup,completed
ORD-0153088,R-0364,2025-05-28,30.42,app,delivery,completed
ORD-0153089,R-0364,2025-05-29,21.65,app,pickup,completed
ORD-0153090,R-0364,2025-05-28,23.65,app,pickup,COMPLETED
ORD-0153091,R-0364,2025-05-22,24.66,app,pickup,completed
ORD-0153092,R-0364,2025-05-07,18.06,app,delivery,completed
ORD-0153093,R-0364,2025-05-10,21.23,app,pickup,COMPLETED
ORD-0153094,R-0364,2025-05-10,26.74,app,pickup,completed
ORD-0153095,R-0364,2025-05-27,32.06,app,pickup,completed
ORD-0153096,R-0364,2025-05-30,29.32,web,pickup,completed
ORD-0153097,R-0364,2025-05-05,32.14,app,delivery,completed
ORD-0153098,R-0364,2025-05-09,33.55,app,pickup,completed
ORD-0153099,R-0364,2025-05-22,19.79,app,pickup,completed
ORD-0153100,R-0364,2025-05-08,22.75,app,pickup,completed
ORD-0154014,R-0366,2025-05-07,36.06,app,delivery,COMPLETED
ORD-0154015,R-0366,2025-05-09,79.54,web,delivery,completed
ORD-0154016,R-0366,2025-05-05,49.41,web,delivery,COMPLETED
ORD-0154017,R-0366,2025-05-09,62.90,web,delivery,COMPLETED
ORD-0154018,R-0366,2025-05-06,26.18,app,delivery,completed
ORD-0154019,R-0366,2025-05-24,58.05,app,delivery,Completed
ORD-0154020,R-0366,2025-05-09,32.97,web,pickup,completed
ORD-0154021,R-0366,2025-05-10,59.83,app,pickup,completed
ORD-0154022,R-0366,2025-05-03,48.79,web,delivery,COMPLETED
ORD-0154023,R-0366,2025-05-15,26.17,app,delivery,completed
ORD-0154024,R-0366,2025-05-14,31.56,web,delivery,completed
ORD-0154025,R-0366,2025-05-10,30.56,web,delivery,Completed
ORD-0154026,R-0366,2025-05-01,50.53,app,delivery,completed
ORD-0154027,R-0366,2025-05-11,41.34,web,pickup,completed
ORD-0154028,R-0366,2025-05-26,36.77,app,delivery,completed
ORD-0154029,R-0366,2025-05-17,68.09,web,delivery,Completed
ORD-0154030,R-0366,2025-05-09,49.24,app,delivery,completed
ORD-0154031,R-0366,2025-05-17,45.79,app,delivery,completed
ORD-0154032,R-0366,2025-05-01,59.44,app,delivery,cancelled
ORD-0154033,R-0366,2025-05-09,56.12,app,pickup,completed
ORD-0154034,R-0366,2025-05-10,39.12,app,delivery,completed
ORD-0154035,R-0366,2025-05-27,64.54,app,delivery,completed
ORD-0154036,R-0366,2025-05-10,65.66,web,delivery,completed
ORD-0154037,R-0366,2025-05-31,44.48,web,delivery,cancelled
ORD-0154038,R-0366,2025-05-28,27.50,web,pickup,completed
ORD-0154039,R-0366,2025-05-19,18.50,app,delivery,completed
ORD-0154040,R-0366,2025-05-17,41.83,app,delivery,completed
ORD-0154041,R-0366,2025-05-03,56.95,app,delivery,completed
ORD-0154042,R-0366,2025-05-18,36.64,web,pickup,completed
ORD-0154043,R-0366,2025-05-31,31.11,app,delivery,completed
ORD-0154044,R-0366,2025-05-06,41.77,app,delivery,completed
ORD-0154045,R-0366,2025-05-03,54.54,app,delivery,cancelled
ORD-0154046,R-0366,2025-05-28,51.98,app,delivery,completed
ORD-0154047,R-0366,2025-05-29,41.98,app,delivery,completed
ORD-0154048,R-0366,2025-05-11,44.33,web,delivery,completed
ORD-0154049,R-0366,2025-05-21,60.08,app,delivery,completed
ORD-0154050,R-0366,2025-05-27,24.85,app,delivery,completed
ORD-0154051,R-0366,2025-05-11,75.64,web,delivery,completed
ORD-0154052,R-0366,2025-05-19,21.54,web,delivery,completed
ORD-0154053,R-0366,2025-05-06,35.16,app,delivery,completed
ORD-0154054,R-0366,2025-05-30,51.97,web,delivery,completed
ORD-0154055,R-0366,2025-05-17,67.33,app,delivery,completed
ORD-0154056,R-0366,2025-05-06,40.15,web,delivery,Completed
ORD-0154057,R-0366,2025-05-04,47.31,web,delivery,completed
ORD-0154058,R-0366,2025-05-23,34.32,web,pickup,cancelled
ORD-0154059,R-0366,2025-05-17,27.96,web,pickup,cancelled
ORD-0154759,R-0367,2025-05-25,30.55,app,pickup,completed
ORD-0154760,R-0367,2025-05-27,25.80,app,delivery,completed
ORD-0154761,R-0367,2025-05-09,62.66,web,delivery,completed
ORD-0154762,R-0367,2025-05-19,21.95,web,pickup,completed
ORD-0154763,R-0367,2025-05-09,48.01,web,pickup,completed
ORD-0154764,R-0367,2025-05-04,48.66,web,pickup,completed
ORD-0154765,R-0367,2025-05-08,32.18,app,pickup,COMPLETED
ORD-0154766,R-0367,2025-05-16,31.54,app,pickup,COMPLETED
ORD-0154767,R-0367,2025-05-05,48.84,app,pickup,completed
ORD-0154768,R-0367,2025-05-04,34.13,app,pickup,completed
ORD-0154769,R-0367,2025-05-29,36.15,web,delivery,Completed
ORD-0154770,R-0367,2025-05-29,52.49,app,delivery,completed
ORD-0154771,R-0367,2025-05-01,25.23,web,pickup,completed
ORD-0154772,R-0367,2025-05-13,37.02,app,pickup,completed
ORD-0154773,R-0367,2025-05-02,35.60,app,pickup,completed
ORD-0154774,R-0367,2025-05-07,23.39,app,pickup,completed
ORD-0154775,R-0367,2025-05-03,40.47,app,pickup,completed
ORD-0154776,R-0367,2025-05-21,37.96,web,delivery,Completed
ORD-0154777,R-0367,2025-05-27,44.07,app,delivery,cancelled
ORD-0154778,R-0367,2025-05-30,25.73,app,pickup,completed
ORD-0154779,R-0367,2025-05-25,55.63,app,pickup,COMPLETED
ORD-0154780,R-0367,2025-05-12,21.43,app,delivery,cancelled
ORD-0154781,R-0367,2025-05-24,24.21,app,pickup,completed
ORD-0154782,R-0367,2025-05-25,39.11,app,pickup,completed
ORD-0154783,R-0367,2025-05-09,39.10,app,pickup,completed
ORD-0154784,R-0367,2025-05-01,41.66,app,delivery,completed
ORD-0154785,R-0367,2025-05-07,41.46,web,delivery,completed
ORD-0154786,R-0367,2025-05-28,46.87,app,delivery,cancelled
ORD-0154787,R-0367,2025-05-28,18.70,app,delivery,completed
ORD-0154788,R-0367,2025-05-06,35.39,app,pickup,completed
ORD-0154789,R-0367,2025-05-15,32.15,web,pickup,completed
ORD-0154790,R-0367,2025-05-19,21.43,web,delivery,completed
ORD-0154791,R-0367,2025-05-07,33.95,app,pickup,completed
ORD-0154792,R-0367,2025-05-25,44.00,app,pickup,completed
ORD-0154793,R-0367,2025-05-22,36.98,app,delivery,completed
ORD-0154794,R-0367,2025-05-17,36.91,web,pickup,completed
ORD-0154795,R-0367,2025-05-21,32.76,app,delivery,completed
ORD-0154796,R-0367,2025-05-10,57.36,app,pickup,COMPLETED
ORD-0154797,R-0367,2025-05-10,32.65,app,delivery,completed
ORD-0154798,R-0367,2025-05-31,28.90,app,pickup,completed
ORD-0154799,R-0367,2025-05-04,42.90,web,pickup,completed
ORD-0154800,R-0367,2025-05-17,28.62,app,pickup,Completed
ORD-0154801,R-0367,2025-05-10,37.26,app,pickup,completed
ORD-0154802,R-0367,2025-05-12,37.91,web,pickup,completed
ORD-0154803,R-0367,2025-05-01,22.38,app,pickup,completed
ORD-0154804,R-0367,2025-05-17,47.01,app,pickup,completed
ORD-0154805,R-0367,2025-05-03,42.50,app,delivery,completed
ORD-0154806,R-0367,2025-05-23,48.23,app,pickup,completed
ORD-0154807,R-0367,2025-05-23,38.30,app,pickup,completed
ORD-0154808,R-0367,2025-05-30,46.93,app,pickup,completed
ORD-0154809,R-0367,2025-05-27,53.29,app,delivery,completed
ORD-0154810,R-0367,2025-05-17,27.24,app,pickup,completed
ORD-0154811,R-0367,2025-05-03,37.92,web,pickup,completed
ORD-0154812,R-0367,2025-05-04,44.12,app,pickup,completed
ORD-0154813,R-0367,2025-05-16,50.14,app,delivery,Completed
ORD-0154814,R-0367,2025-05-20,30.78,app,delivery,COMPLETED
ORD-0154815,R-0367,2025-05-01,84.87,app,delivery,completed
ORD-0154816,R-0367,2025-05-03,36.63,app,pickup,Completed
ORD-0154817,R-0367,2025-05-19,26.25,web,pickup,completed
ORD-0154818,R-0367,2025-05-02,22.17,app,pickup,completed
ORD-0154819,R-0367,2025-05-30,35.19,app,pickup,completed
ORD-0154820,R-0367,2025-05-22,26.52,web,pickup,completed
ORD-0154821,R-0367,2025-05-06,28.57,app,pickup,COMPLETED
ORD-0154822,R-0367,2025-05-06,51.89,web,pickup,COMPLETED
ORD-0154823,R-0367,2025-05-09,37.73,app,pickup,completed
ORD-0154824,R-0367,2025-05-16,60.07,app,pickup,completed
ORD-0154825,R-0367,2025-05-09,37.09,web,delivery,completed
ORD-0154826,R-0367,2025-05-25,22.41,app,pickup,completed
ORD-0157472,R-0369,2025-05-03,14.02,web,delivery,completed
ORD-0157473,R-0369,2025-05-08,28.58,web,pickup,cancelled
ORD-0157474,R-0369,2025-05-15,17.27,web,delivery,completed
ORD-0157475,R-0369,2025-05-14,31.59,web,delivery,completed
ORD-0157476,R-0369,2025-05-15,18.89,app,pickup,completed
ORD-0157477,R-0369,2025-05-14,14.57,web,delivery,completed
ORD-0157478,R-0369,2025-05-04,18.71,app,pickup,completed
ORD-0157479,R-0369,2025-05-16,25.77,web,delivery,completed
ORD-0157480,R-0369,2025-05-07,9.62,web,delivery,COMPLETED
ORD-0157481,R-0369,2025-05-15,23.99,web,delivery,completed
ORD-0157482,R-0369,2025-05-11,18.02,web,delivery,completed
ORD-0157483,R-0369,2025-05-02,15.30,app,delivery,completed
ORD-0157484,R-0369,2025-05-04,23.70,web,delivery,completed
ORD-0157485,R-0369,2025-05-29,15.20,app,pickup,completed
ORD-0157486,R-0369,2025-05-22,16.21,web,delivery,COMPLETED
ORD-0157487,R-0369,2025-05-27,35.76,web,pickup,Completed
ORD-0157488,R-0369,2025-05-11,13.56,web,delivery,completed
ORD-0157489,R-0369,2025-05-24,22.21,web,pickup,completed
ORD-0157490,R-0369,2025-05-25,36.57,web,delivery,completed
ORD-0157491,R-0369,2025-05-27,15.90,web,delivery,refunded
ORD-0157492,R-0369,2025-05-26,20.36,app,delivery,completed
ORD-0157493,R-0369,2025-05-02,19.36,web,delivery,COMPLETED
ORD-0157494,R-0369,2025-05-14,21.86,web,delivery,completed
ORD-0157495,R-0369,2025-05-11,21.25,app,pickup,completed
ORD-0160620,R-0375,2025-05-10,65.97,web,pickup,completed
ORD-0160621,R-0375,2025-05-17,74.26,app,delivery,completed
ORD-0160622,R-0375,2025-05-02,56.77,app,pickup,completed
ORD-0160623,R-0375,2025-05-04,13.94,web,pickup,completed
ORD-0160624,R-0375,2025-05-08,29.58,web,delivery,completed
ORD-0160625,R-0375,2025-05-16,26.82,web,delivery,completed
ORD-0160626,R-0375,2025-05-18,54.38,app,pickup,completed
ORD-0160627,R-0375,2025-05-18,43.37,app,delivery,completed
ORD-0160628,R-0375,2025-05-18,31.25,web,pickup,Completed
ORD-0160629,R-0375,2025-05-15,36.78,web,delivery,completed
ORD-0160630,R-0375,2025-05-10,39.92,app,pickup,completed
ORD-0160631,R-0375,2025-05-17,41.33,app,delivery,completed
ORD-0160632,R-0375,2025-05-08,20.91,web,delivery,completed
ORD-0160633,R-0375,2025-05-07,49.73,app,pickup,completed
ORD-0160634,R-0375,2025-05-04,26.29,app,delivery,completed
ORD-0160635,R-0375,2025-05-17,28.18,app,delivery,completed
ORD-0160636,R-0375,2025-05-09,21.70,web,pickup,completed
ORD-0160637,R-0375,2025-05-14,54.72,app,delivery,completed
ORD-0160638,R-0375,2025-05-13,31.37,app,delivery,completed
ORD-0160639,R-0375,2025-05-16,30.48,app,delivery,completed
ORD-0160640,R-0375,2025-05-05,19.31,app,pickup,completed
ORD-0160641,R-0375,2025-05-31,46.85,web,delivery,Completed
ORD-0160642,R-0375,2025-05-21,34.36,web,pickup,completed
ORD-0160643,R-0375,2025-05-14,16.28,web,delivery,completed
ORD-0160644,R-0375,2025-05-08,32.99,app,delivery,completed
ORD-0160645,R-0375,2025-05-22,16.37,app,delivery,completed
ORD-0160646,R-0375,2025-05-16,15.89,web,delivery,completed
ORD-0160647,R-0375,2025-05-06,32.99,app,pickup,completed
ORD-0160648,R-0375,2025-05-02,36.39,web,delivery,completed
ORD-0160649,R-0375,2025-05-15,34.08,app,delivery,completed
ORD-0160650,R-0375,2025-05-04,43.96,app,pickup,completed
ORD-0160651,R-0375,2025-05-09,26.37,app,delivery,completed
ORD-0160652,R-0375,2025-05-29,61.66,app,delivery,completed
ORD-0160653,R-0375,2025-05-17,23.10,app,delivery,completed
ORD-0160654,R-0375,2025-05-18,19.02,app,delivery,completed
ORD-0160655,R-0375,2025-05-12,20.19,app,delivery,completed
ORD-0160656,R-0375,2025-05-10,25.77,app,pickup,completed
ORD-0160657,R-0375,2025-05-26,17.93,app,delivery,completed
ORD-0160658,R-0375,2025-05-23,42.80,web,pickup,completed
ORD-0160659,R-0375,2025-05-17,32.48,web,delivery,completed
ORD-0160660,R-0375,2025-05-23,18.30,web,delivery,completed
ORD-0160661,R-0375,2025-05-29,33.35,app,delivery,completed
ORD-0160662,R-0375,2025-05-11,46.99,web,delivery,Completed
ORD-0160663,R-0375,2025-05-29,52.01,web,pickup,completed
ORD-0160664,R-0375,2025-05-25,18.24,app,delivery,COMPLETED
ORD-0160665,R-0375,2025-05-02,30.09,app,delivery,Completed
ORD-0160666,R-0375,2025-05-02,19.97,app,delivery,Completed
ORD-0160667,R-0375,2025-05-19,13.82,web,delivery,completed
ORD-0160668,R-0375,2025-05-30,17.79,web,pickup,completed
ORD-0160669,R-0375,2025-05-24,57.69,web,delivery,completed
ORD-0160670,R-0375,2025-05-21,45.62,app,delivery,COMPLETED
ORD-0160671,R-0375,2025-05-27,28.11,web,delivery,completed
ORD-0160672,R-0375,2025-05-23,42.13,app,delivery,completed
ORD-0160673,R-0375,2025-05-16,57.01,web,delivery,completed
ORD-0160674,R-0375,2025-05-07,69.25,app,pickup,completed
ORD-0160675,R-0375,2025-05-05,75.35,app,delivery,completed
ORD-0160676,R-0375,2025-05-26,15.71,app,pickup,completed
ORD-0160677,R-0375,2025-05-26,32.98,app,delivery,Completed
ORD-0160678,R-0375,2025-05-02,16.33,app,delivery,completed
ORD-0160679,R-0375,2025-05-27,20.54,web,delivery,completed
ORD-0160680,R-0375,2025-05-01,24.18,web,delivery,completed
ORD-0160681,R-0375,2025-05-21,22.48,app,delivery,completed
ORD-0160682,R-0375,2025-05-14,36.68,web,delivery,completed
ORD-0160683,R-0375,2025-05-31,24.07,web,delivery,completed
ORD-0160684,R-0375,2025-05-02,56.82,app,delivery,completed
ORD-0160685,R-0375,2025-05-23,24.72,app,pickup,completed
ORD-0160686,R-0375,2025-05-12,47.13,app,delivery,completed
ORD-0161597,R-0376,2025-05-23,56.41,app,pickup,completed
ORD-0161598,R-0376,2025-05-02,65.96,web,delivery,completed
ORD-0161599,R-0376,2025-05-23,35.10,web,pickup,completed
ORD-0161600,R-0376,2025-05-20,71.00,web,delivery,completed
ORD-0161601,R-0376,2025-05-22,54.76,app,pickup,completed
ORD-0161602,R-0376,2025-05-23,44.56,app,pickup,completed
ORD-0161603,R-0376,2025-05-22,37.70,web,delivery,completed
ORD-0161604,R-0376,2025-05-30,95.58,web,pickup,completed
ORD-0161605,R-0376,2025-05-06,43.29,web,pickup,completed
ORD-0161606,R-0376,2025-05-13,40.03,web,delivery,refunded
ORD-0161607,R-0376,2025-05-31,46.35,app,pickup,completed
ORD-0161608,R-0376,2025-05-08,35.98,app,pickup,Completed
ORD-0161609,R-0376,2025-05-27,42.90,web,delivery,completed
ORD-0161610,R-0376,2025-05-11,98.97,app,pickup,completed
ORD-0161611,R-0376,2025-05-15,41.12,web,pickup,Completed
ORD-0161612,R-0376,2025-05-01,36.69,app,pickup,COMPLETED
ORD-0161613,R-0376,2025-05-09,52.56,web,delivery,completed
ORD-0161614,R-0376,2025-05-24,63.74,app,pickup,completed
ORD-0161615,R-0376,2025-05-07,50.42,app,delivery,completed
ORD-0161616,R-0376,2025-05-11,35.13,app,pickup,completed
ORD-0161617,R-0376,2025-05-30,34.32,web,pickup,completed
ORD-0161618,R-0376,2025-05-29,23.85,app,delivery,completed
ORD-0161619,R-0376,2025-05-03,55.52,app,delivery,completed
ORD-0161620,R-0376,2025-05-29,36.32,app,delivery,completed
ORD-0161621,R-0376,2025-05-03,52.84,app,delivery,COMPLETED
ORD-0161622,R-0376,2025-05-01,59.22,app,delivery,Completed
ORD-0161623,R-0376,2025-05-09,36.67,web,pickup,cancelled
ORD-0161624,R-0376,2025-05-29,43.23,web,pickup,COMPLETED
ORD-0161625,R-0376,2025-05-16,57.46,app,delivery,COMPLETED
ORD-0161626,R-0376,2025-05-23,27.91,web,pickup,completed
ORD-0161627,R-0376,2025-05-19,34.82,app,delivery,Completed
ORD-0161628,R-0376,2025-05-07,90.87,app,pickup,completed
ORD-0161629,R-0376,2025-05-24,26.09,app,pickup,completed
ORD-0161630,R-0376,2025-05-14,41.30,app,pickup,completed
ORD-0161631,R-0376,2025-05-03,48.24,app,delivery,completed
ORD-0161632,R-0376,2025-05-20,60.14,app,delivery,completed
ORD-0161633,R-0376,2025-05-22,41.78,web,pickup,COMPLETED
ORD-0161634,R-0376,2025-05-08,26.52,app,pickup,completed
ORD-0161635,R-0376,2025-05-06,57.55,app,pickup,completed
ORD-0162613,R-0379,2025-05-01,23.89,app,delivery,completed
ORD-0162614,R-0379,2025-05-08,26.88,app,delivery,completed
ORD-0162615,R-0379,2025-05-19,19.77,app,delivery,completed
ORD-0162616,R-0379,2025-05-22,17.36,web,delivery,completed
ORD-0162617,R-0379,2025-05-03,24.42,web,delivery,completed
ORD-0162618,R-0379,2025-05-28,12.77,web,delivery,completed
ORD-0162619,R-0379,2025-05-26,23.42,web,delivery,completed
ORD-0162620,R-0379,2025-05-04,17.70,web,delivery,Completed
ORD-0162621,R-0379,2025-05-30,29.42,web,delivery,completed
ORD-0162622,R-0379,2025-05-11,40.04,web,delivery,completed
ORD-0162623,R-0379,2025-05-27,23.13,web,delivery,completed
ORD-0162624,R-0379,2025-05-13,17.65,web,delivery,completed
ORD-0162625,R-0379,2025-05-13,16.38,web,delivery,completed
ORD-0162626,R-0379,2025-05-03,35.37,app,delivery,completed
ORD-0162627,R-0379,2025-05-24,35.58,web,delivery,completed
ORD-0162628,R-0379,2025-05-26,15.39,web,delivery,COMPLETED
ORD-0162629,R-0379,2025-05-10,17.45,app,delivery,completed
ORD-0162630,R-0379,2025-05-07,13.85,web,pickup,COMPLETED
ORD-0162631,R-0379,2025-05-31,24.86,app,delivery,cancelled
ORD-0162632,R-0379,2025-05-02,28.51,web,delivery,completed
ORD-0162633,R-0379,2025-05-28,35.20,web,delivery,Completed
ORD-0162634,R-0379,2025-05-21,31.08,app,delivery,completed
ORD-0162635,R-0379,2025-05-31,13.42,app,delivery,completed
ORD-0162636,R-0379,2025-05-18,30.48,web,delivery,COMPLETED
ORD-0162637,R-0379,2025-05-22,14.03,app,pickup,completed
ORD-0162638,R-0379,2025-05-04,25.65,web,delivery,completed
ORD-0162639,R-0379,2025-05-28,26.21,app,delivery,completed
ORD-0162640,R-0379,2025-05-09,28.28,web,delivery,completed
ORD-0162641,R-0379,2025-05-31,18.10,web,delivery,completed
ORD-0162642,R-0379,2025-05-04,26.79,app,delivery,completed
ORD-0162643,R-0379,2025-05-23,31.37,web,delivery,completed
ORD-0162644,R-0379,2025-05-12,16.37,app,delivery,completed
ORD-0162645,R-0379,2025-05-23,32.97,app,delivery,Completed
ORD-0162646,R-0379,2025-05-01,13.07,web,delivery,completed
ORD-0162647,R-0379,2025-05-01,25.94,app,delivery,completed
ORD-0162648,R-0379,2025-05-27,24.07,web,delivery,completed
ORD-0162649,R-0379,2025-05-29,14.32,app,delivery,completed
ORD-0162650,R-0379,2025-05-15,13.07,app,delivery,completed
ORD-0166598,R-0388,2025-05-11,21.83,app,delivery,completed
ORD-0166599,R-0388,2025-05-01,23.44,app,delivery,completed
ORD-0166600,R-0388,2025-05-29,22.77,web,pickup,Completed
ORD-0166601,R-0388,2025-05-01,34.22,web,delivery,completed
ORD-0166602,R-0388,2025-05-10,35.76,app,delivery,COMPLETED
ORD-0166603,R-0388,2025-05-07,20.03,web,pickup,CANCELLED
ORD-0166604,R-0388,2025-05-13,27.19,app,delivery,completed
ORD-0166605,R-0388,2025-05-25,25.23,app,delivery,completed
ORD-0166606,R-0388,2025-05-30,62.37,app,delivery,completed
ORD-0166607,R-0388,2025-05-07,22.56,app,delivery,completed
ORD-0166608,R-0388,2025-05-01,28.49,web,delivery,completed
ORD-0166609,R-0388,2025-05-02,34.77,web,delivery,completed
ORD-0166610,R-0388,2025-05-01,20.43,app,delivery,Completed
ORD-0166611,R-0388,2025-05-08,19.79,app,delivery,Completed
ORD-0166612,R-0388,2025-05-11,29.90,web,delivery,completed
ORD-0166613,R-0388,2025-05-23,53.11,web,pickup,COMPLETED
ORD-0166614,R-0388,2025-05-26,24.02,web,delivery,completed
ORD-0166615,R-0388,2025-05-06,28.21,app,pickup,completed
ORD-0166616,R-0388,2025-05-08,26.46,app,delivery,completed
ORD-0166617,R-0388,2025-05-22,24.28,app,delivery,completed
ORD-0178046,R-0415,2025-05-05,45.51,app,delivery,Completed
ORD-0178047,R-0415,2025-05-20,23.43,app,pickup,Completed
ORD-0178048,R-0415,2025-05-16,47.23,app,delivery,completed
ORD-0178049,R-0415,2025-05-18,33.05,web,delivery,cancelled
ORD-0178050,R-0415,2025-05-03,24.28,web,delivery,completed
ORD-0178051,R-0415,2025-05-22,30.02,web,delivery,completed
ORD-0178052,R-0415,2025-05-26,44.82,app,delivery,completed
ORD-0178053,R-0415,2025-05-16,53.05,web,delivery,completed
ORD-0178795,R-0420,2025-05-28,25.76,app,pickup,completed
ORD-0178796,R-0420,2025-05-17,16.08,web,pickup,completed
ORD-0178797,R-0420,2025-05-31,22.71,app,pickup,completed
ORD-0178798,R-0420,2025-05-17,31.96,web,pickup,completed
ORD-0178799,R-0420,2025-05-09,27.04,app,pickup,completed
ORD-0178800,R-0420,2025-05-03,27.63,web,pickup,completed
ORD-0178801,R-0420,2025-05-21,22.09,web,pickup,completed
ORD-0178802,R-0420,2025-05-30,40.01,app,pickup,completed
ORD-0178803,R-0420,2025-05-12,25.72,web,delivery,completed
ORD-0178804,R-0420,2025-05-25,35.89,app,delivery,completed
ORD-0178805,R-0420,2025-05-05,14.49,web,pickup,completed
ORD-0178806,R-0420,2025-05-28,42.41,web,delivery,completed
ORD-0178807,R-0420,2025-05-03,23.78,app,delivery,completed
ORD-0178808,R-0420,2025-05-18,25.66,app,delivery,completed
ORD-0178809,R-0420,2025-05-26,18.06,web,pickup,completed
ORD-0178810,R-0420,2025-05-24,29.71,web,pickup,completed
ORD-0178811,R-0420,2025-05-30,37.09,app,pickup,COMPLETED
ORD-0178812,R-0420,2025-05-01,26.14,app,delivery,completed
ORD-0178813,R-0420,2025-05-03,27.02,web,pickup,completed
ORD-0178814,R-0420,2025-05-02,17.19,app,pickup,COMPLETED
ORD-0178815,R-0420,2025-05-18,21.23,app,pickup,completed
ORD-0178816,R-0420,2025-05-31,38.16,web,pickup,completed
ORD-0178817,R-0420,2025-05-29,11.45,app,pickup,completed
ORD-0178818,R-0420,2025-05-06,36.78,web,delivery,completed
ORD-0178819,R-0420,2025-05-09,33.10,web,pickup,completed
ORD-0178820,R-0420,2025-05-31,29.52,web,pickup,Completed
ORD-0178821,R-0420,2025-05-17,33.27,app,pickup,completed
ORD-0178822,R-0420,2025-05-19,33.38,web,delivery,completed
ORD-0178823,R-0420,2025-05-15,32.68,app,delivery,completed
ORD-0178824,R-0420,2025-05-02,29.92,web,pickup,COMPLETED
ORD-0178825,R-0420,2025-05-03,29.17,app,delivery,completed
ORD-0178826,R-0420,2025-05-02,34.78,web,pickup,Completed
ORD-0178827,R-0420,2025-05-30,19.41,app,delivery,completed
ORD-0178828,R-0420,2025-05-02,14.41,web,delivery,completed
ORD-0178829,R-0420,2025-05-12,29.64,app,delivery,completed
ORD-0178830,R-0420,2025-05-03,24.31,web,delivery,completed
ORD-0178831,R-0420,2025-05-03,61.17,web,delivery,completed
ORD-0178832,R-0420,2025-05-09,10.35,web,pickup,completed
ORD-0178833,R-0420,2025-05-10,11.59,app,pickup,completed
ORD-0178834,R-0420,2025-05-03,12.73,app,delivery,completed
ORD-0178835,R-0420,2025-05-02,18.61,app,pickup,completed
ORD-0178836,R-0420,2025-05-04,11.86,web,pickup,completed
ORD-0178837,R-0420,2025-05-09,36.92,app,delivery,completed
ORD-0178838,R-0420,2025-05-10,16.11,web,pickup,completed
ORD-0178839,R-0420,2025-05-24,24.69,web,pickup,completed
ORD-0178840,R-0420,2025-05-31,47.46,app,delivery,completed
ORD-0178841,R-0420,2025-05-17,24.13,web,delivery,completed
ORD-0178842,R-0420,2025-05-16,13.00,app,delivery,completed
ORD-0178843,R-0420,2025-05-27,39.30,web,delivery,completed
ORD-0178844,R-0420,2025-05-16,18.44,app,delivery,completed
ORD-0178845,R-0420,2025-05-11,26.61,app,pickup,completed
ORD-0178846,R-0420,2025-05-07,23.58,web,pickup,completed
ORD-0178847,R-0420,2025-05-09,11.70,web,pickup,completed
ORD-0178848,R-0420,2025-05-11,15.22,web,pickup,completed
ORD-0178849,R-0420,2025-05-02,17.96,app,delivery,completed
ORD-0178850,R-0420,2025-05-21,27.98,app,pickup,completed
ORD-0178851,R-0420,2025-05-28,15.72,web,pickup,completed
ORD-0178852,R-0420,2025-05-23,36.45,app,pickup,completed
ORD-0178853,R-0420,2025-05-10,56.56,app,delivery,COMPLETED
ORD-0178854,R-0420,2025-05-28,17.12,app,delivery,completed
ORD-0178855,R-0420,2025-05-09,24.22,web,pickup,completed
ORD-0178856,R-0420,2025-05-30,18.19,app,pickup,Completed
ORD-0178857,R-0420,2025-05-08,19.56,app,pickup,completed
ORD-0178858,R-0420,2025-05-17,42.48,app,pickup,completed
ORD-0178859,R-0420,2025-05-22,24.94,web,pickup,completed
ORD-0178860,R-0420,2025-05-25,24.01,app,delivery,completed
ORD-0178861,R-0420,2025-05-26,14.49,web,pickup,completed
ORD-0178862,R-0420,2025-05-04,23.31,web,delivery,completed
ORD-0178863,R-0420,2025-05-09,22.28,app,delivery,completed
ORD-0178864,R-0420,2025-05-01,36.33,app,pickup,completed
ORD-0178865,R-0420,2025-05-24,18.11,web,delivery,completed
ORD-0178866,R-0420,2025-05-01,16.04,web,pickup,completed
ORD-0178867,R-0420,2025-05-15,21.42,web,delivery,completed
ORD-0178868,R-0420,2025-05-17,25.15,web,pickup,COMPLETED
ORD-0178869,R-0420,2025-05-10,17.63,web,pickup,COMPLETED
ORD-0178870,R-0420,2025-05-17,28.62,web,pickup,completed
ORD-0178871,R-0420,2025-05-17,30.25,web,pickup,completed
ORD-0185380,R-0426,2025-05-09,31.53,app,pickup,completed
ORD-0185381,R-0426,2025-05-29,51.35,web,pickup,completed
ORD-0185382,R-0426,2025-05-12,39.49,web,delivery,completed
ORD-0185383,R-0426,2025-05-12,33.05,app,delivery,COMPLETED
ORD-0185384,R-0426,2025-05-09,40.70,web,pickup,COMPLETED
ORD-0185385,R-0426,2025-05-25,68.81,web,delivery,cancelled
ORD-0185386,R-0426,2025-05-15,44.15,web,delivery,completed
ORD-0185387,R-0426,2025-05-06,20.16,app,pickup,completed
ORD-0185388,R-0426,2025-05-21,74.54,web,pickup,completed
ORD-0185389,R-0426,2025-05-31,29.85,web,pickup,completed
ORD-0185390,R-0426,2025-05-31,93.79,web,pickup,completed
ORD-0185391,R-0426,2025-05-24,29.66,web,pickup,completed
ORD-0185392,R-0426,2025-05-22,33.74,app,pickup,completed
ORD-0185393,R-0426,2025-05-23,58.59,web,delivery,completed
ORD-0185394,R-0426,2025-05-14,45.34,web,pickup,completed
ORD-0185395,R-0426,2025-05-04,43.51,web,pickup,completed
ORD-0185396,R-0426,2025-05-22,61.17,web,delivery,completed
ORD-0185397,R-0426,2025-05-01,20.24,app,pickup,completed
ORD-0185398,R-0426,2025-05-09,51.80,app,delivery,completed
ORD-0185399,R-0426,2025-05-01,47.93,app,delivery,completed
ORD-0185400,R-0426,2025-05-26,37.45,app,delivery,completed
ORD-0185401,R-0426,2025-05-08,72.00,web,pickup,completed
ORD-0185402,R-0426,2025-05-30,63.37,web,pickup,COMPLETED
ORD-0185403,R-0426,2025-05-01,46.73,web,pickup,completed
ORD-0185404,R-0426,2025-05-26,69.66,app,delivery,COMPLETED
ORD-0185405,R-0426,2025-05-06,88.94,web,delivery,completed
ORD-0185406,R-0426,2025-05-10,112.11,app,delivery,COMPLETED
ORD-0185407,R-0426,2025-05-24,47.75,app,pickup,completed
ORD-0185408,R-0426,2025-05-16,34.68,web,delivery,completed
ORD-0185409,R-0426,2025-05-21,54.99,web,delivery,completed
ORD-0185410,R-0426,2025-05-04,12.33,web,delivery,completed
ORD-0185411,R-0426,2025-05-16,67.72,web,delivery,completed
ORD-0185412,R-0426,2025-05-24,39.80,app,pickup,completed
ORD-0185413,R-0426,2025-05-26,82.11,web,pickup,completed
ORD-0185414,R-0426,2025-05-03,18.62,web,pickup,completed
ORD-0185415,R-0426,2025-05-28,59.67,web,pickup,completed
ORD-0185416,R-0426,2025-05-07,34.54,app,delivery,completed
ORD-0185417,R-0426,2025-05-29,86.70,app,pickup,completed
ORD-0185418,R-0426,2025-05-06,32.25,web,pickup,completed
ORD-0185419,R-0426,2025-05-09,50.06,web,pickup,completed
ORD-0185420,R-0426,2025-05-18,36.03,app,pickup,COMPLETED
ORD-0185421,R-0426,2025-05-14,114.53,web,delivery,completed
ORD-0185422,R-0426,2025-05-11,81.71,web,delivery,completed
ORD-0185423,R-0426,2025-05-31,62.65,app,delivery,COMPLETED
ORD-0185424,R-0426,2025-05-15,40.56,app,delivery,completed
ORD-0185425,R-0426,2025-05-17,67.71,web,pickup,COMPLETED
ORD-0185426,R-0426,2025-05-18,28.94,app,delivery,completed
ORD-0185427,R-0426,2025-05-25,70.00,web,pickup,completed
ORD-0185428,R-0426,2025-05-30,32.18,web,pickup,completed
ORD-0189896,R-0434,2025-05-09,23.51,app,delivery,COMPLETED
ORD-0189897,R-0434,2025-05-07,26.19,app,delivery,completed
ORD-0189898,R-0434,2025-05-07,20.01,app,delivery,completed
ORD-0189899,R-0434,2025-05-10,25.37,web,pickup,completed
ORD-0189900,R-0434,2025-05-10,32.70,app,delivery,completed
ORD-0189901,R-0434,2025-05-22,20.55,web,delivery,completed
ORD-0189902,R-0434,2025-05-06,30.61,app,delivery,Completed
ORD-0189903,R-0434,2025-05-08,45.77,web,delivery,completed
ORD-0189904,R-0434,2025-05-05,26.79,app,delivery,refunded
ORD-0189905,R-0434,2025-05-16,33.74,app,pickup,Completed
ORD-0189906,R-0434,2025-05-20,22.11,app,pickup,completed
ORD-0189907,R-0434,2025-05-16,23.33,app,delivery,completed
ORD-0189908,R-0434,2025-05-05,30.41,app,delivery,Completed
ORD-0189909,R-0434,2025-05-28,20.23,app,delivery,completed
ORD-0189910,R-0434,2025-05-07,22.68,app,delivery,completed
ORD-0189911,R-0434,2025-05-01,24.91,app,pickup,completed
ORD-0189912,R-0434,2025-05-19,27.46,web,delivery,Completed
ORD-0189913,R-0434,2025-05-07,26.40,app,pickup,completed
ORD-0189914,R-0434,2025-05-02,35.64,app,delivery,completed
ORD-0189915,R-0434,2025-05-21,21.15,app,delivery,completed
ORD-0189916,R-0434,2025-05-20,35.83,app,delivery,completed
ORD-0189917,R-0434,2025-05-16,27.48,web,pickup,completed
ORD-0189918,R-0434,2025-05-04,22.72,app,delivery,completed
ORD-0189919,R-0434,2025-05-28,16.57,web,pickup,completed
ORD-0189920,R-0434,2025-05-31,12.64,web,delivery,completed
ORD-0189921,R-0434,2025-05-23,18.04,app,pickup,completed
ORD-0189922,R-0434,2025-05-16,18.68,app,pickup,completed
ORD-0189923,R-0434,2025-05-18,15.48,app,pickup,completed
ORD-0189924,R-0434,2025-05-12,29.74,app,delivery,refunded
ORD-0189925,R-0434,2025-05-16,36.70,web,delivery,CANCELLED
ORD-0189926,R-0434,2025-05-11,29.07,web,pickup,completed
ORD-0189927,R-0434,2025-05-10,42.13,app,delivery,completed
ORD-0189928,R-0434,2025-05-05,21.13,app,delivery,completed
ORD-0189929,R-0434,2025-05-26,33.31,app,pickup,completed
ORD-0189930,R-0434,2025-05-04,60.05,app,delivery,completed
ORD-0189931,R-0434,2025-05-26,23.28,app,delivery,COMPLETED
ORD-0189932,R-0434,2025-05-15,20.00,web,pickup,completed
ORD-0189933,R-0434,2025-05-10,18.30,app,delivery,completed
ORD-0189934,R-0434,2025-05-24,25.33,web,delivery,completed
ORD-0189935,R-0434,2025-05-06,22.96,app,pickup,completed
ORD-0189936,R-0434,2025-05-15,22.72,app,pickup,completed
ORD-0189937,R-0434,2025-05-25,25.69,app,delivery,completed
ORD-0189938,R-0434,2025-05-22,21.50,app,delivery,completed
ORD-0189939,R-0434,2025-05-21,17.94,app,delivery,COMPLETED
ORD-0189940,R-0434,2025-05-27,23.15,web,pickup,completed
ORD-0189941,R-0434,2025-05-28,40.95,app,delivery,CANCELLED
ORD-0189942,R-0434,2025-05-19,31.75,app,delivery,completed
ORD-0189943,R-0434,2025-05-01,33.78,app,pickup,completed
ORD-0189944,R-0434,2025-05-31,27.48,app,delivery,completed
ORD-0189945,R-0434,2025-05-09,21.23,web,delivery,completed
ORD-0189946,R-0434,2025-05-22,38.24,app,pickup,Completed
ORD-0189947,R-0434,2025-05-13,21.07,web,pickup,completed
ORD-0189948,R-0434,2025-05-09,30.06,app,pickup,Completed
ORD-0189949,R-0434,2025-05-09,19.17,app,delivery,completed
ORD-0189950,R-0434,2025-05-16,19.57,app,pickup,completed
ORD-0189951,R-0434,2025-05-31,45.29,web,delivery,completed
ORD-0189952,R-0434,2025-05-05,29.98,app,pickup,completed
ORD-0189953,R-0434,2025-05-22,37.96,app,pickup,Cancelled
ORD-0189954,R-0434,2025-05-03,16.90,app,pickup,completed
ORD-0189955,R-0434,2025-05-20,30.64,web,pickup,completed
ORD-0189956,R-0434,2025-05-24,28.43,web,delivery,COMPLETED
ORD-0189957,R-0434,2025-05-03,22.93,app,delivery,completed
ORD-0189958,R-0434,2025-05-20,17.57,app,pickup,completed
ORD-0189959,R-0434,2025-05-01,22.83,app,delivery,completed
ORD-0189960,R-0434,2025-05-24,28.02,web,pickup,completed
ORD-0189961,R-0434,2025-05-16,20.00,app,pickup,completed
ORD-0189962,R-0434,2025-05-06,12.09,app,pickup,completed
ORD-0189963,R-0434,2025-05-10,55.50,web,pickup,completed
ORD-0189964,R-0434,2025-05-19,28.22,web,pickup,completed
ORD-0189965,R-0434,2025-05-28,16.27,app,delivery,completed
ORD-0189966,R-0434,2025-05-29,34.14,app,pickup,completed
ORD-0189967,R-0434,2025-05-26,34.93,app,pickup,completed
ORD-0189968,R-0434,2025-05-21,34.82,web,pickup,cancelled
ORD-0189969,R-0434,2025-05-24,19.77,app,delivery,completed
ORD-0189970,R-0434,2025-05-08,29.42,app,pickup,completed
ORD-0189971,R-0434,2025-05-16,43.52,app,pickup,completed
ORD-0189972,R-0434,2025-05-24,43.76,app,delivery,completed
ORD-0189973,R-0434,2025-05-10,20.99,app,pickup,completed
ORD-0189974,R-0434,2025-05-13,49.94,app,delivery,completed
ORD-0189975,R-0434,2025-05-15,54.73,app,pickup,completed
ORD-0189976,R-0434,2025-05-15,38.54,app,delivery,completed
ORD-0189977,R-0434,2025-05-31,25.06,app,delivery,completed
ORD-0189978,R-0434,2025-05-03,19.32,web,delivery,Completed
ORD-0189979,R-0434,2025-05-19,24.33,app,delivery,COMPLETED
ORD-0189980,R-0434,2025-05-06,26.72,web,delivery,Completed
ORD-0189981,R-0434,2025-05-26,18.14,app,pickup,COMPLETED
ORD-0189982,R-0434,2025-05-12,42.33,web,delivery,completed
ORD-0191134,R-0436,2025-05-04,48.00,app,delivery,completed
ORD-0191135,R-0436,2025-05-24,38.49,app,delivery,completed
ORD-0191136,R-0436,2025-05-17,38.40,web,delivery,completed
ORD-0191137,R-0436,2025-05-09,28.00,web,pickup,COMPLETED
ORD-0191138,R-0436,2025-05-13,79.17,app,delivery,REFUNDED
ORD-0191139,R-0436,2025-05-02,34.00,web,delivery,completed
ORD-0191140,R-0436,2025-05-26,35.36,web,pickup,completed
ORD-0191141,R-0436,2025-05-04,42.93,app,pickup,Completed
ORD-0191142,R-0436,2025-05-10,71.47,app,pickup,Completed
ORD-0191143,R-0436,2025-05-02,39.58,app,delivery,completed
ORD-0191144,R-0436,2025-05-14,23.83,app,pickup,completed
ORD-0191145,R-0436,2025-05-03,47.42,app,delivery,completed
ORD-0191146,R-0436,2025-05-22,43.07,app,delivery,completed
ORD-0191147,R-0436,2025-05-22,40.40,app,delivery,completed
ORD-0191148,R-0436,2025-05-16,59.66,app,pickup,completed
ORD-0191149,R-0436,2025-05-15,78.73,app,pickup,completed
ORD-0191150,R-0436,2025-05-24,37.04,web,pickup,completed
ORD-0191151,R-0436,2025-05-13,40.37,app,delivery,completed
ORD-0191152,R-0436,2025-05-30,56.46,app,delivery,completed
ORD-0191153,R-0436,2025-05-11,42.82,web,delivery,completed
ORD-0191154,R-0436,2025-05-22,72.06,web,delivery,Completed
ORD-0191155,R-0436,2025-05-09,66.01,web,delivery,completed
ORD-0191156,R-0436,2025-05-19,45.49,app,pickup,Completed
ORD-0191157,R-0436,2025-05-16,38.72,app,delivery,refunded
ORD-0191158,R-0436,2025-05-05,58.66,web,delivery,completed
ORD-0191159,R-0436,2025-05-02,97.15,app,delivery,completed
ORD-0191160,R-0436,2025-05-23,57.24,app,delivery,Completed
ORD-0191161,R-0436,2025-05-15,58.93,app,delivery,completed
ORD-0191162,R-0436,2025-05-04,43.31,app,delivery,completed
ORD-0191163,R-0436,2025-05-22,57.61,web,delivery,cancelled
ORD-0191164,R-0436,2025-05-02,97.91,app,delivery,COMPLETED
ORD-0191165,R-0436,2025-05-27,69.02,app,delivery,completed
ORD-0191166,R-0436,2025-05-05,54.37,app,delivery,completed
ORD-0191167,R-0436,2025-05-19,56.58,app,delivery,completed
ORD-0191168,R-0436,2025-05-04,48.73,web,delivery,completed
ORD-0191169,R-0436,2025-05-23,78.72,app,delivery,completed
ORD-0191170,R-0436,2025-05-03,96.00,app,delivery,completed
ORD-0191171,R-0436,2025-05-15,44.48,web,delivery,Completed
ORD-0191172,R-0436,2025-05-04,123.41,app,pickup,completed
ORD-0191173,R-0436,2025-05-02,19.07,app,delivery,completed
ORD-0192776,R-0446,2025-05-15,19.98,app,pickup,completed
ORD-0192777,R-0446,2025-05-29,49.53,app,pickup,refunded
ORD-0192778,R-0446,2025-05-18,41.55,web,delivery,completed
ORD-0192779,R-0446,2025-05-14,44.75,web,pickup,completed
ORD-0192780,R-0446,2025-05-09,34.10,app,delivery,completed
ORD-0192781,R-0446,2025-05-16,46.94,app,delivery,COMPLETED
ORD-0192782,R-0446,2025-05-12,39.22,app,pickup,completed
ORD-0192783,R-0446,2025-05-03,27.53,app,delivery,completed
ORD-0192784,R-0446,2025-05-09,68.47,web,pickup,COMPLETED
ORD-0192785,R-0446,2025-05-20,37.60,web,pickup,completed
ORD-0192786,R-0446,2025-05-16,66.66,web,pickup,completed
ORD-0192787,R-0446,2025-05-24,23.93,app,delivery,completed
ORD-0192788,R-0446,2025-05-02,36.96,app,delivery,completed
ORD-0192789,R-0446,2025-05-31,21.10,app,delivery,Completed
ORD-0192790,R-0446,2025-05-11,38.91,app,pickup,completed
ORD-0192791,R-0446,2025-05-28,32.73,app,delivery,completed
ORD-0192792,R-0446,2025-05-31,27.50,app,delivery,completed
ORD-0192793,R-0446,2025-05-04,43.10,web,pickup,completed
ORD-0192794,R-0446,2025-05-23,52.50,web,delivery,completed
ORD-0192795,R-0446,2025-05-30,19.01,web,pickup,completed
ORD-0192796,R-0446,2025-05-11,32.59,web,pickup,COMPLETED
ORD-0192797,R-0446,2025-05-02,24.19,app,pickup,completed
ORD-0192798,R-0446,2025-05-16,70.62,web,delivery,completed
ORD-0192799,R-0446,2025-05-08,24.96,app,delivery,Completed
ORD-0192800,R-0446,2025-05-05,59.18,app,pickup,completed
ORD-0192801,R-0446,2025-05-17,39.51,app,delivery,completed
ORD-0192802,R-0446,2025-05-10,27.22,app,pickup,Cancelled
ORD-0192803,R-0446,2025-05-05,24.99,web,delivery,completed
ORD-0192804,R-0446,2025-05-23,17.05,web,pickup,completed
ORD-0192805,R-0446,2025-05-20,33.51,app,pickup,Completed
ORD-0192806,R-0446,2025-05-10,48.51,app,pickup,completed
ORD-0192807,R-0446,2025-05-02,60.77,app,pickup,completed
ORD-0192808,R-0446,2025-05-22,24.49,app,delivery,completed
ORD-0192809,R-0446,2025-05-30,29.24,app,delivery,completed
ORD-0192810,R-0446,2025-05-20,36.00,app,delivery,completed
ORD-0192811,R-0446,2025-05-22,34.95,app,delivery,completed
ORD-0192812,R-0446,2025-05-24,44.07,web,pickup,refunded
ORD-0192813,R-0446,2025-05-14,29.73,app,delivery,completed
ORD-0192814,R-0446,2025-05-03,44.03,app,pickup,completed
ORD-0192815,R-0446,2025-05-05,49.79,app,pickup,COMPLETED
ORD-0192816,R-0446,2025-05-16,22.55,app,pickup,completed
ORD-0192817,R-0446,2025-05-28,60.75,app,delivery,cancelled
ORD-0192818,R-0446,2025-05-07,37.21,app,delivery,completed
ORD-0192819,R-0446,2025-05-28,49.23,web,pickup,completed
ORD-0192820,R-0446,2025-05-09,65.71,web,delivery,completed
ORD-0192821,R-0446,2025-05-22,58.92,app,pickup,completed
ORD-0192822,R-0446,2025-05-24,38.80,web,delivery,completed
ORD-0192823,R-0446,2025-05-06,24.89,app,delivery,completed
ORD-0192824,R-0446,2025-05-08,37.36,app,delivery,completed
ORD-0192825,R-0446,2025-05-04,23.41,app,pickup,cancelled
ORD-0192826,R-0446,2025-05-29,41.75,app,delivery,completed
ORD-0192827,R-0446,2025-05-07,29.93,web,pickup,completed
ORD-0192828,R-0446,2025-05-03,28.59,app,delivery,Completed
ORD-0192829,R-0446,2025-05-15,36.88,app,delivery,completed
ORD-0192830,R-0446,2025-05-31,24.82,app,delivery,completed
ORD-0192831,R-0446,2025-05-22,33.32,web,delivery,completed
ORD-0192832,R-0446,2025-05-13,66.63,app,pickup,completed
ORD-0192833,R-0446,2025-05-04,22.52,app,delivery,completed
ORD-0192834,R-0446,2025-05-06,29.26,web,pickup,completed
ORD-0192835,R-0446,2025-05-19,24.94,web,delivery,completed
ORD-0192836,R-0446,2025-05-10,40.45,app,delivery,completed
ORD-0192837,R-0446,2025-05-10,53.23,web,delivery,completed
ORD-0192838,R-0446,2025-05-09,34.47,app,delivery,completed
ORD-0192839,R-0446,2025-05-26,46.72,web,delivery,completed
ORD-0192840,R-0446,2025-05-23,51.03,app,delivery,Completed
ORD-0192841,R-0446,2025-05-11,42.41,app,delivery,completed
ORD-0192842,R-0446,2025-05-04,47.27,app,delivery,completed
ORD-0192843,R-0446,2025-05-11,110.67,app,delivery,completed
ORD-0192844,R-0446,2025-05-29,55.02,web,pickup,completed
ORD-0192845,R-0446,2025-05-14,21.33,app,delivery,completed
ORD-0192846,R-0446,2025-05-14,21.97,web,delivery,completed
ORD-0192847,R-0446,2025-05-05,21.19,web,pickup,cancelled
ORD-0192848,R-0446,2025-05-12,48.81,web,pickup,completed
ORD-0192849,R-0446,2025-05-16,64.19,app,delivery,completed
ORD-0192850,R-0446,2025-05-06,33.54,app,pickup,completed
ORD-0192851,R-0446,2025-05-23,22.60,app,delivery,completed
ORD-0192852,R-0446,2025-05-01,27.54,web,delivery,completed
ORD-0192853,R-0446,2025-05-11,50.03,web,delivery,cancelled
ORD-0192854,R-0446,2025-05-23,47.90,web,delivery,completed
ORD-0192855,R-0446,2025-05-22,35.04,app,pickup,COMPLETED
ORD-0192856,R-0446,2025-05-07,55.71,web,pickup,completed
ORD-0192857,R-0446,2025-05-21,52.01,app,delivery,completed
ORD-0192858,R-0446,2025-05-19,23.39,web,delivery,cancelled
ORD-0192859,R-0446,2025-05-23,37.10,app,delivery,Completed
ORD-0192860,R-0446,2025-05-11,26.27,web,delivery,completed
ORD-0192861,R-0446,2025-05-03,31.38,app,pickup,completed
ORD-0192862,R-0446,2025-05-05,29.49,web,pickup,COMPLETED
ORD-0192863,R-0446,2025-05-21,47.88,app,delivery,completed
ORD-0192864,R-0446,2025-05-05,26.92,web,delivery,completed
ORD-0192865,R-0446,2025-05-12,29.31,app,pickup,completed
ORD-0192866,R-0446,2025-05-10,39.63,app,delivery,completed
ORD-0192867,R-0446,2025-05-05,54.65,app,delivery,completed
ORD-0192868,R-0446,2025-05-07,57.60,app,pickup,completed
ORD-0192869,R-0446,2025-05-07,62.65,app,delivery,completed
ORD-0192870,R-0446,2025-05-28,25.90,web,pickup,completed
ORD-0192871,R-0446,2025-05-15,34.66,web,delivery,completed
ORD-0192872,R-0446,2025-05-17,40.35,web,pickup,completed
ORD-0192873,R-0446,2025-05-19,23.50,app,pickup,cancelled
ORD-0192874,R-0446,2025-05-12,22.68,app,delivery,completed
ORD-0192875,R-0446,2025-05-07,18.54,app,pickup,completed
ORD-0192876,R-0446,2025-05-03,42.03,app,delivery,completed
ORD-0192877,R-0446,2025-05-21,16.15,app,delivery,completed
ORD-0192878,R-0446,2025-05-12,29.67,app,pickup,completed
ORD-0192879,R-0446,2025-05-05,22.46,web,delivery,completed
ORD-0192880,R-0446,2025-05-28,39.63,web,delivery,completed
ORD-0192881,R-0446,2025-05-23,55.64,app,delivery,completed
ORD-0192882,R-0446,2025-05-15,50.23,web,pickup,Completed
ORD-0192883,R-0446,2025-05-24,28.94,app,delivery,completed
ORD-0192884,R-0446,2025-05-31,43.57,app,delivery,completed
ORD-0192885,R-0446,2025-05-22,46.75,app,delivery,completed
ORD-0192886,R-0446,2025-05-12,18.73,app,delivery,COMPLETED
ORD-0192887,R-0446,2025-05-16,43.53,app,pickup,Completed
ORD-0192888,R-0446,2025-05-24,28.20,app,delivery,refunded
ORD-0192889,R-0446,2025-05-05,46.87,web,delivery,completed
ORD-0192890,R-0446,2025-05-25,34.70,app,pickup,completed
ORD-0192891,R-0446,2025-05-22,48.25,app,pickup,completed
ORD-0192892,R-0446,2025-05-26,42.60,app,delivery,Completed
ORD-0192893,R-0446,2025-05-18,63.54,app,delivery,completed
ORD-0192894,R-0446,2025-05-11,31.41,app,delivery,completed
ORD-0192895,R-0446,2025-05-12,25.42,web,pickup,completed
ORD-0192896,R-0446,2025-05-17,36.85,app,pickup,Completed
ORD-0192897,R-0446,2025-05-17,40.82,web,delivery,completed
ORD-0192898,R-0446,2025-05-24,35.78,app,delivery,completed
ORD-0192899,R-0446,2025-05-26,52.84,app,pickup,completed
ORD-0192900,R-0446,2025-05-27,78.69,web,delivery,completed
ORD-0192901,R-0446,2025-05-30,110.27,app,delivery,completed
ORD-0192902,R-0446,2025-05-03,58.02,app,delivery,completed
ORD-0192903,R-0446,2025-05-14,25.40,app,pickup,completed
ORD-0192904,R-0446,2025-05-09,37.43,app,delivery,completed
ORD-0192905,R-0446,2025-05-26,36.62,app,delivery,completed
ORD-0192906,R-0446,2025-05-13,32.25,app,delivery,completed
ORD-0192907,R-0446,2025-05-17,47.83,app,pickup,completed
ORD-0192908,R-0446,2025-05-30,51.24,web,delivery,completed
ORD-0192909,R-0446,2025-05-19,55.01,web,delivery,completed
ORD-0192910,R-0446,2025-05-29,38.08,app,delivery,completed
ORD-0192911,R-0446,2025-05-02,48.40,app,delivery,completed
ORD-0192912,R-0446,2025-05-31,21.35,app,delivery,completed
ORD-0192913,R-0446,2025-05-19,38.42,web,delivery,completed
ORD-0192914,R-0446,2025-05-03,57.67,web,pickup,cancelled
ORD-0192915,R-0446,2025-05-25,27.96,app,delivery,completed
ORD-0192916,R-0446,2025-05-21,67.21,app,pickup,completed
ORD-0192917,R-0446,2025-05-11,32.94,app,delivery,completed
ORD-0192918,R-0446,2025-05-02,20.63,app,delivery,completed
ORD-0192919,R-0446,2025-05-23,30.42,web,pickup,completed
ORD-0192920,R-0446,2025-05-29,30.12,web,delivery,completed
ORD-0192921,R-0446,2025-05-12,45.22,app,delivery,completed
ORD-0192922,R-0446,2025-05-19,42.94,web,pickup,completed
ORD-0192923,R-0446,2025-05-02,42.85,app,delivery,completed
ORD-0192924,R-0446,2025-05-16,114.04,app,pickup,completed
ORD-0192925,R-0446,2025-05-16,40.96,app,pickup,completed
ORD-0192926,R-0446,2025-05-25,38.84,app,delivery,completed
ORD-0192927,R-0446,2025-05-15,32.24,app,delivery,Completed
ORD-0192928,R-0446,2025-05-01,45.49,app,delivery,completed
ORD-0192929,R-0446,2025-05-21,31.91,app,pickup,completed
ORD-0192930,R-0446,2025-05-18,56.10,web,pickup,refunded
ORD-0192931,R-0446,2025-05-08,66.67,web,delivery,completed
ORD-0192932,R-0446,2025-05-25,70.09,app,pickup,completed
ORD-0192933,R-0446,2025-05-30,39.03,app,pickup,COMPLETED
ORD-0192934,R-0446,2025-05-21,31.51,web,pickup,completed
ORD-0192935,R-0446,2025-05-06,18.14,web,pickup,completed
ORD-0192936,R-0446,2025-05-29,31.89,web,pickup,Completed
ORD-0192937,R-0446,2025-05-04,37.07,app,delivery,completed
ORD-0192938,R-0446,2025-05-16,66.36,app,delivery,completed
ORD-0192939,R-0446,2025-05-10,42.01,web,delivery,completed
ORD-0192940,R-0446,2025-05-11,17.06,web,pickup,COMPLETED
ORD-0192941,R-0446,2025-05-13,40.32,web,delivery,completed
ORD-0199416,R-0451,2025-05-28,28.62,app,pickup,completed
ORD-0199417,R-0451,2025-05-28,25.42,web,pickup,cancelled
ORD-0199418,R-0451,2025-05-28,21.25,app,delivery,COMPLETED
ORD-0199419,R-0451,2025-05-23,29.47,app,delivery,completed
ORD-0199420,R-0451,2025-05-25,17.79,web,pickup,completed
ORD-0199421,R-0451,2025-05-28,21.83,web,pickup,cancelled
ORD-0199422,R-0451,2025-05-31,29.20,app,pickup,completed
ORD-0199423,R-0451,2025-05-22,32.48,app,pickup,completed
ORD-0199424,R-0451,2025-05-23,46.67,web,delivery,Completed
ORD-0199425,R-0451,2025-05-29,29.56,web,pickup,Cancelled
ORD-0199426,R-0451,2025-05-24,32.91,web,pickup,completed
ORD-0199427,R-0451,2025-05-23,39.93,app,delivery,completed
ORD-0199428,R-0451,2025-05-27,22.67,app,pickup,completed
ORD-0205987,R-0464,2025-05-05,23.98,web,pickup,completed
ORD-0205988,R-0464,2025-05-28,33.28,web,pickup,completed
ORD-0205989,R-0464,2025-05-13,45.76,app,delivery,completed
ORD-0205990,R-0464,2025-05-16,80.96,web,delivery,completed
ORD-0205991,R-0464,2025-05-09,73.32,app,delivery,completed
ORD-0205992,R-0464,2025-05-17,44.58,app,delivery,completed
ORD-0205993,R-0464,2025-05-08,31.60,web,pickup,completed
ORD-0205994,R-0464,2025-05-01,31.96,web,delivery,completed
ORD-0205995,R-0464,2025-05-04,81.38,web,pickup,completed
ORD-0205996,R-0464,2025-05-09,30.43,web,pickup,completed
ORD-0205997,R-0464,2025-05-09,62.83,app,pickup,completed
ORD-0207882,R-0472,2025-05-26,10.37,app,pickup,Completed
ORD-0207883,R-0472,2025-05-08,33.11,web,pickup,completed
ORD-0207884,R-0472,2025-05-24,34.04,app,delivery,completed
ORD-0207885,R-0472,2025-05-16,28.10,app,delivery,completed
ORD-0207886,R-0472,2025-05-24,34.25,web,delivery,completed
ORD-0207887,R-0472,2025-05-08,30.19,app,delivery,completed
ORD-0207888,R-0472,2025-05-09,38.78,web,delivery,completed
ORD-0207889,R-0472,2025-05-08,16.02,web,delivery,completed
ORD-0207890,R-0472,2025-05-16,38.57,web,delivery,completed
ORD-0207891,R-0472,2025-05-03,15.81,web,delivery,completed
ORD-0207892,R-0472,2025-05-31,38.72,web,pickup,completed
ORD-0207893,R-0472,2025-05-22,27.76,app,pickup,completed
ORD-0207894,R-0472,2025-05-22,29.24,app,pickup,COMPLETED
ORD-0207895,R-0472,2025-05-06,49.89,app,delivery,completed
ORD-0207896,R-0472,2025-05-29,15.13,web,delivery,completed
ORD-0207897,R-0472,2025-05-09,33.82,app,pickup,completed
ORD-0207898,R-0472,2025-05-18,23.80,app,delivery,completed
ORD-0207899,R-0472,2025-05-28,29.72,web,pickup,completed
ORD-0207900,R-0472,2025-05-31,22.30,web,delivery,completed
ORD-0207901,R-0472,2025-05-08,10.93,app,pickup,completed
ORD-0207902,R-0472,2025-05-22,32.42,web,delivery,completed
ORD-0207903,R-0472,2025-05-26,34.36,web,delivery,completed
ORD-0207904,R-0472,2025-05-25,20.38,app,pickup,completed
ORD-0207905,R-0472,2025-05-18,26.88,web,delivery,completed
ORD-0207906,R-0472,2025-05-31,50.63,web,delivery,completed
ORD-0207907,R-0472,2025-05-31,24.28,app,pickup,completed
ORD-0207908,R-0472,2025-05-07,71.96,app,delivery,completed
ORD-0207909,R-0472,2025-05-14,17.42,app,pickup,completed
ORD-0207910,R-0472,2025-05-21,15.38,app,delivery,completed
ORD-0207911,R-0472,2025-05-23,29.13,app,delivery,Completed
ORD-0207912,R-0472,2025-05-25,21.44,app,pickup,completed
ORD-0207913,R-0472,2025-05-28,53.54,app,delivery,completed
ORD-0207914,R-0472,2025-05-17,23.21,app,pickup,completed
ORD-0207915,R-0472,2025-05-18,20.38,app,pickup,completed
ORD-0207916,R-0472,2025-05-02,20.75,app,delivery,completed
ORD-0207917,R-0472,2025-05-23,71.84,app,delivery,completed
ORD-0212117,R-0487,2025-05-10,22.83,web,delivery,completed
ORD-0212118,R-0487,2025-05-01,26.79,app,pickup,completed
ORD-0212119,R-0487,2025-05-04,17.89,web,delivery,completed
ORD-0212120,R-0487,2025-05-24,16.87,app,delivery,Completed
ORD-0212121,R-0487,2025-05-24,82.48,app,delivery,completed
ORD-0212122,R-0487,2025-05-23,18.69,app,delivery,completed
ORD-0212123,R-0487,2025-05-17,38.08,web,pickup,completed
ORD-0212124,R-0487,2025-05-22,11.24,app,pickup,completed
ORD-0212125,R-0487,2025-05-23,47.71,web,pickup,completed
ORD-0212126,R-0487,2025-05-09,35.15,web,delivery,completed
ORD-0212127,R-0487,2025-05-16,34.38,app,delivery,refunded
ORD-0212128,R-0487,2025-05-16,68.42,web,delivery,Completed
ORD-0212129,R-0487,2025-05-27,19.68,web,delivery,completed
ORD-0212130,R-0487,2025-05-04,31.16,web,delivery,completed
ORD-0212131,R-0487,2025-05-28,22.40,web,pickup,completed
ORD-0212132,R-0487,2025-05-08,56.81,web,delivery,completed
ORD-0212133,R-0487,2025-05-24,40.32,app,delivery,completed
ORD-0212134,R-0487,2025-05-18,43.04,web,pickup,completed
ORD-0212135,R-0487,2025-05-29,29.45,web,delivery,completed
ORD-0212136,R-0487,2025-05-18,11.75,web,delivery,completed
ORD-0212137,R-0487,2025-05-23,33.54,web,pickup,completed
ORD-0212138,R-0487,2025-05-18,43.52,app,pickup,COMPLETED
ORD-0212139,R-0487,2025-05-03,41.27,web,delivery,completed
ORD-0212140,R-0487,2025-05-09,28.31,web,delivery,completed
ORD-0213513,R-0491,2025-05-06,24.62,app,pickup,completed
ORD-0213514,R-0491,2025-05-18,21.95,web,pickup,completed
ORD-0213515,R-0491,2025-05-03,13.00,web,pickup,completed
ORD-0213516,R-0491,2025-05-03,23.74,web,pickup,completed
ORD-0213517,R-0491,2025-05-15,38.03,web,delivery,completed
ORD-0213518,R-0491,2025-05-31,30.09,app,pickup,completed
ORD-0213519,R-0491,2025-05-17,40.56,app,pickup,completed
ORD-0213520,R-0491,2025-05-05,30.22,app,pickup,completed
ORD-0213521,R-0491,2025-05-08,26.79,app,pickup,completed
ORD-0213522,R-0491,2025-05-15,32.77,web,pickup,completed
ORD-0213523,R-0491,2025-05-19,30.88,app,pickup,completed
ORD-0213524,R-0491,2025-05-17,35.39,web,pickup,completed
ORD-0213525,R-0491,2025-05-09,29.56,app,pickup,completed
ORD-0213526,R-0491,2025-05-01,29.87,web,delivery,completed
ORD-0213527,R-0491,2025-05-15,31.44,app,pickup,completed
ORD-0213528,R-0491,2025-05-10,50.57,app,delivery,COMPLETED
ORD-0213529,R-0491,2025-05-31,32.08,web,pickup,completed
ORD-0213530,R-0491,2025-05-30,27.07,app,pickup,completed
ORD-0213531,R-0491,2025-05-14,28.56,app,pickup,completed
ORD-0213532,R-0491,2025-05-06,21.10,app,pickup,completed
ORD-0213533,R-0491,2025-05-03,31.32,app,pickup,COMPLETED
ORD-0213534,R-0491,2025-05-09,37.33,web,pickup,completed
ORD-0213535,R-0491,2025-05-24,18.90,app,pickup,completed
ORD-0213536,R-0491,2025-05-20,27.10,app,pickup,completed
ORD-0213537,R-0491,2025-05-30,48.18,app,delivery,completed
ORD-0213538,R-0491,2025-05-09,45.67,web,pickup,completed
ORD-0213539,R-0491,2025-05-03,47.86,web,pickup,completed
ORD-0213540,R-0491,2025-05-15,30.36,app,pickup,completed
ORD-0213541,R-0491,2025-05-31,47.84,app,delivery,completed
ORD-0213542,R-0491,2025-05-17,19.48,web,pickup,completed
ORD-0213543,R-0491,2025-05-23,26.94,app,pickup,completed
ORD-0213544,R-0491,2025-05-26,27.43,app,pickup,completed
ORD-0213545,R-0491,2025-05-05,21.50,app,pickup,completed
ORD-0213546,R-0491,2025-05-31,38.31,web,pickup,COMPLETED
ORD-0213547,R-0491,2025-05-13,19.75,app,delivery,completed
ORD-0213548,R-0491,2025-05-18,33.17,web,pickup,cancelled
ORD-0213549,R-0491,2025-05-29,26.88,app,pickup,COMPLETED
ORD-0213550,R-0491,2025-05-15,11.04,app,pickup,COMPLETED
ORD-0213551,R-0491,2025-05-22,38.03,app,pickup,completed
ORD-0213552,R-0491,2025-05-16,29.63,web,pickup,Completed
ORD-0213553,R-0491,2025-05-05,35.40,web,delivery,Completed
ORD-0214981,R-0495,2025-05-25,70.08,web,pickup,Completed
ORD-0214982,R-0495,2025-05-04,56.81,web,pickup,COMPLETED
ORD-0214983,R-0495,2025-05-09,69.59,app,pickup,completed
ORD-0214984,R-0495,2025-05-10,46.00,web,delivery,completed
ORD-0214985,R-0495,2025-05-23,103.04,app,pickup,completed
ORD-0214986,R-0495,2025-05-01,71.02,web,pickup,completed
ORD-0214987,R-0495,2025-05-27,79.46,app,delivery,completed
ORD-0214988,R-0495,2025-05-28,38.17,web,pickup,completed
ORD-0214989,R-0495,2025-05-26,57.26,app,pickup,Completed
ORD-0214990,R-0495,2025-05-06,62.59,app,delivery,completed
ORD-0214991,R-0495,2025-05-23,55.77,app,pickup,completed
ORD-0214992,R-0495,2025-05-05,37.15,web,pickup,completed
ORD-0214993,R-0495,2025-05-09,49.06,app,delivery,completed
ORD-0214994,R-0495,2025-05-03,50.76,web,delivery,completed
ORD-0214995,R-0495,2025-05-11,57.08,app,delivery,completed
ORD-0214996,R-0495,2025-05-02,48.60,web,delivery,completed
ORD-0214997,R-0495,2025-05-08,49.62,app,delivery,completed
ORD-0214998,R-0495,2025-05-03,56.87,app,pickup,completed
ORD-0214999,R-0495,2025-05-18,50.79,web,delivery,completed
ORD-0215000,R-0495,2025-05-29,67.42,app,pickup,completed
ORD-0215001,R-0495,2025-05-23,89.56,app,pickup,completed
ORD-0215002,R-0495,2025-05-08,72.90,app,pickup,completed
ORD-0215003,R-0495,2025-05-31,78.90,app,delivery,COMPLETED
ORD-0215004,R-0495,2025-05-23,70.50,app,pickup,completed
ORD-0215005,R-0495,2025-05-17,106.32,web,pickup,completed
ORD-0215006,R-0495,2025-05-10,39.03,app,delivery,Completed
ORD-0215007,R-0495,2025-05-28,48.75,web,pickup,completed
ORD-0215008,R-0495,2025-05-07,86.76,web,pickup,completed
ORD-0215009,R-0495,2025-05-11,34.99,app,delivery,completed
ORD-0215010,R-0495,2025-05-11,73.37,web,pickup,completed
ORD-0215011,R-0495,2025-05-08,49.02,app,pickup,completed
ORD-0215012,R-0495,2025-05-02,55.04,app,pickup,completed
ORD-0215013,R-0495,2025-05-12,44.83,app,delivery,completed
ORD-0215014,R-0495,2025-05-28,35.15,web,delivery,completed
ORD-0215015,R-0495,2025-05-01,46.31,app,pickup,Completed
ORD-0215016,R-0495,2025-05-03,37.79,web,pickup,completed
ORD-0215017,R-0495,2025-05-24,53.31,app,pickup,completed
ORD-0215018,R-0495,2025-05-07,48.43,app,pickup,completed
ORD-0215019,R-0495,2025-05-30,62.93,app,delivery,completed
ORD-0215020,R-0495,2025-05-31,28.89,app,delivery,completed
ORD-0215021,R-0495,2025-05-21,32.53,web,delivery,completed
ORD-0215022,R-0495,2025-05-17,78.83,web,pickup,completed
ORD-0215023,R-0495,2025-05-20,54.35,app,pickup,completed
ORD-0215024,R-0495,2025-05-16,73.00,web,pickup,completed
ORD-0215025,R-0495,2025-05-24,85.17,web,pickup,Completed
ORD-0215026,R-0495,2025-05-16,77.57,web,pickup,completed
ORD-0215027,R-0495,2025-05-13,46.75,app,pickup,completed
ORD-0215028,R-0495,2025-05-21,58.29,web,pickup,completed
ORD-0215029,R-0495,2025-05-28,39.67,web,pickup,completed
ORD-0215030,R-0495,2025-05-31,101.21,app,delivery,completed
ORD-0215031,R-0495,2025-05-16,66.45,app,pickup,cancelled
ORD-0215032,R-0495,2025-05-07,65.03,app,delivery,completed
ORD-0215033,R-0495,2025-05-02,77.96,web,delivery,completed
ORD-0215034,R-0495,2025-05-16,35.68,web,delivery,completed
ORD-0215035,R-0495,2025-05-16,43.97,web,pickup,completed
ORD-0215036,R-0495,2025-05-17,54.18,app,delivery,completed
ORD-0215037,R-0495,2025-05-27,79.65,web,pickup,Completed
ORD-0215038,R-0495,2025-05-20,62.77,app,delivery,completed
ORD-0218915,R-0510,2025-05-14,25.52,web,pickup,completed
ORD-0218916,R-0510,2025-05-06,44.79,app,delivery,completed
ORD-0218917,R-0510,2025-05-10,105.72,app,delivery,completed
ORD-0218918,R-0510,2025-05-28,42.90,web,delivery,completed
ORD-0218919,R-0510,2025-05-06,62.25,web,delivery,completed
ORD-0218920,R-0510,2025-05-09,67.23,app,pickup,completed
ORD-0218921,R-0510,2025-05-16,49.97,app,delivery,COMPLETED
ORD-0218922,R-0510,2025-05-02,74.33,app,delivery,cancelled
ORD-0218923,R-0510,2025-05-25,94.95,web,delivery,completed
ORD-0219615,R-0513,2025-05-23,22.31,app,delivery,completed
ORD-0219616,R-0513,2025-05-22,32.13,app,delivery,completed
ORD-0219617,R-0513,2025-05-27,19.13,app,pickup,completed
ORD-0219618,R-0513,2025-05-28,26.02,app,delivery,completed
ORD-0219619,R-0513,2025-05-22,25.62,app,delivery,COMPLETED
ORD-0219620,R-0513,2025-05-31,32.35,app,pickup,completed
ORD-0219621,R-0513,2025-05-26,33.40,app,pickup,completed
ORD-0219622,R-0513,2025-05-29,31.25,app,delivery,completed
ORD-0219623,R-0513,2025-05-25,15.94,app,pickup,completed
ORD-0219624,R-0513,2025-05-26,26.67,app,delivery,completed
ORD-0219625,R-0513,2025-05-31,23.17,app,delivery,COMPLETED
ORD-0219626,R-0513,2025-05-30,30.71,app,delivery,completed
ORD-0219627,R-0513,2025-05-19,31.43,app,pickup,completed
ORD-0219628,R-0513,2025-05-21,27.49,app,pickup,Completed
ORD-0219629,R-0513,2025-05-22,28.43,app,delivery,completed
ORD-0219630,R-0513,2025-05-31,16.19,app,delivery,Completed
ORD-0219631,R-0513,2025-05-24,32.12,app,delivery,completed
ORD-0219632,R-0513,2025-05-29,19.16,web,delivery,cancelled
ORD-0219633,R-0513,2025-05-20,38.81,web,pickup,completed
ORD-0219634,R-0513,2025-05-24,19.03,app,delivery,completed
ORD-0219635,R-0513,2025-05-27,16.07,web,delivery,completed
ORD-0219636,R-0513,2025-05-30,24.33,web,delivery,completed
ORD-0219637,R-0513,2025-05-23,21.93,app,delivery,completed
ORD-0222457,R-0519,2025-05-30,39.02,app,delivery,completed
ORD-0222458,R-0519,2025-05-31,17.36,web,delivery,completed
ORD-0222459,R-0519,2025-05-18,14.41,app,delivery,completed
ORD-0222460,R-0519,2025-05-31,20.59,app,delivery,COMPLETED
ORD-0222461,R-0519,2025-05-31,33.07,app,delivery,completed
ORD-0222462,R-0519,2025-05-23,31.71,app,delivery,completed
ORD-0222463,R-0519,2025-05-25,16.57,web,pickup,completed
ORD-0222464,R-0519,2025-05-26,18.69,app,delivery,completed
ORD-0222465,R-0519,2025-05-23,11.87,web,delivery,completed
ORD-0222466,R-0519,2025-05-26,20.61,app,delivery,completed
ORD-0222467,R-0519,2025-05-16,15.45,web,delivery,completed
ORD-0222468,R-0519,2025-05-16,14.36,app,delivery,COMPLETED
ORD-0222469,R-0519,2025-05-23,25.19,app,delivery,completed
ORD-0222470,R-0519,2025-05-16,32.27,app,delivery,completed
ORD-0222471,R-0519,2025-05-30,16.69,web,pickup,COMPLETED
ORD-0222472,R-0519,2025-05-24,11.51,app,delivery,completed
ORD-0222473,R-0519,2025-05-31,12.58,app,delivery,completed
ORD-0222474,R-0519,2025-05-23,19.63,app,delivery,completed
ORD-0222475,R-0519,2025-05-18,14.77,app,delivery,completed
ORD-0222476,R-0519,2025-05-30,27.13,app,delivery,completed
ORD-0222477,R-0519,2025-05-31,30.56,app,pickup,completed
ORD-0224348,R-0523,2025-05-31,13.64,web,delivery,completed
ORD-0224349,R-0523,2025-05-07,20.50,app,pickup,completed
ORD-0224350,R-0523,2025-05-22,18.56,web,delivery,completed
ORD-0224351,R-0523,2025-05-03,29.34,web,delivery,completed
ORD-0224352,R-0523,2025-05-01,33.35,web,delivery,completed
ORD-0224353,R-0523,2025-05-16,10.22,web,delivery,completed
ORD-0224354,R-0523,2025-05-18,13.78,web,delivery,Completed
ORD-0224355,R-0523,2025-05-12,26.40,app,delivery,completed
ORD-0224356,R-0523,2025-05-26,25.22,web,pickup,cancelled
ORD-0224357,R-0523,2025-05-16,22.95,app,delivery,completed
ORD-0224358,R-0523,2025-05-22,19.63,app,pickup,completed
ORD-0224359,R-0523,2025-05-16,32.90,app,delivery,completed
ORD-0224360,R-0523,2025-05-11,35.74,web,delivery,completed
ORD-0224361,R-0523,2025-05-03,25.00,app,pickup,completed
ORD-0224362,R-0523,2025-05-23,21.19,web,delivery,completed
ORD-0224363,R-0523,2025-05-30,15.28,app,pickup,completed
ORD-0224364,R-0523,2025-05-26,23.09,app,delivery,completed
ORD-0224365,R-0523,2025-05-10,21.73,app,delivery,completed
ORD-0224366,R-0523,2025-05-08,21.87,web,pickup,Cancelled
ORD-0224367,R-0523,2025-05-31,17.82,web,pickup,completed
ORD-0224368,R-0523,2025-05-08,31.80,web,delivery,completed
ORD-0224369,R-0523,2025-05-25,45.42,web,delivery,completed
ORD-0224891,R-0525,2025-05-14,29.12,web,pickup,completed
ORD-0224892,R-0525,2025-05-10,18.74,app,pickup,completed
ORD-0224893,R-0525,2025-05-15,24.89,web,delivery,completed
ORD-0224894,R-0525,2025-05-09,21.33,app,delivery,COMPLETED
ORD-0224895,R-0525,2025-05-25,27.47,web,delivery,completed
ORD-0224896,R-0525,2025-05-19,19.94,app,delivery,completed
ORD-0224897,R-0525,2025-05-10,19.71,app,delivery,completed
ORD-0224898,R-0525,2025-05-25,24.06,web,pickup,completed
ORD-0224899,R-0525,2025-05-02,21.95,app,delivery,completed
ORD-0224900,R-0525,2025-05-05,26.90,web,delivery,completed
ORD-0224901,R-0525,2025-05-11,72.39,app,delivery,completed
ORD-0224902,R-0525,2025-05-19,30.87,web,delivery,completed
ORD-0224903,R-0525,2025-05-21,26.71,app,delivery,completed
ORD-0224904,R-0525,2025-05-10,16.96,app,pickup,completed
ORD-0224905,R-0525,2025-05-19,38.96,web,delivery,completed
ORD-0224906,R-0525,2025-05-24,13.17,app,delivery,completed
ORD-0224907,R-0525,2025-05-18,14.83,web,delivery,completed
ORD-0224908,R-0525,2025-05-06,23.42,app,delivery,completed
ORD-0224909,R-0525,2025-05-15,16.35,web,delivery,completed
ORD-0224910,R-0525,2025-05-16,74.57,app,delivery,completed
ORD-0224911,R-0525,2025-05-25,15.45,web,delivery,cancelled
ORD-0224912,R-0525,2025-05-02,32.02,app,delivery,completed
ORD-0224913,R-0525,2025-05-07,26.00,web,delivery,completed
ORD-0224914,R-0525,2025-05-05,16.94,web,delivery,completed
ORD-0224915,R-0525,2025-05-16,15.97,web,delivery,completed
ORD-0224916,R-0525,2025-05-24,40.74,app,pickup,completed
ORD-0224917,R-0525,2025-05-14,46.15,app,delivery,completed
ORD-0224918,R-0525,2025-05-27,29.09,app,pickup,completed
ORD-0224919,R-0525,2025-05-03,22.88,app,pickup,completed
ORD-0224920,R-0525,2025-05-08,31.71,app,delivery,completed
ORD-0224921,R-0525,2025-05-11,24.79,app,pickup,cancelled
ORD-0224922,R-0525,2025-05-06,43.45,app,delivery,Refunded
ORD-0224923,R-0525,2025-05-10,33.68,web,delivery,completed
ORD-0224924,R-0525,2025-05-08,26.29,web,pickup,completed
ORD-0224925,R-0525,2025-05-17,23.48,web,pickup,completed
ORD-0224926,R-0525,2025-05-25,32.38,web,delivery,completed
ORD-0224927,R-0525,2025-05-30,24.57,app,delivery,completed
ORD-0224928,R-0525,2025-05-14,23.36,app,delivery,completed
ORD-0224929,R-0525,2025-05-27,26.39,app,delivery,completed
ORD-0224930,R-0525,2025-05-04,37.61,app,delivery,completed
ORD-0224931,R-0525,2025-05-05,40.99,web,delivery,completed
ORD-0224932,R-0525,2025-05-23,19.93,web,delivery,completed
ORD-0224933,R-0525,2025-05-18,23.34,web,delivery,completed
ORD-0224934,R-0525,2025-05-30,32.40,web,delivery,completed
ORD-0224935,R-0525,2025-05-21,43.79,web,pickup,cancelled
ORD-0224936,R-0525,2025-05-01,44.48,app,delivery,Completed
ORD-0224937,R-0525,2025-05-30,28.15,web,pickup,completed
ORD-0224938,R-0525,2025-05-20,22.19,web,pickup,completed
ORD-0224939,R-0525,2025-05-03,21.78,app,delivery,completed
ORD-0224940,R-0525,2025-05-24,18.36,app,pickup,completed
ORD-0224941,R-0525,2025-05-16,18.07,web,delivery,completed
ORD-0224942,R-0525,2025-05-30,34.04,app,delivery,completed
ORD-0224943,R-0525,2025-05-12,33.35,app,pickup,completed
ORD-0224944,R-0525,2025-05-01,24.83,web,pickup,completed
ORD-0224945,R-0525,2025-05-04,27.83,app,delivery,completed
ORD-0224946,R-0525,2025-05-16,33.50,app,delivery,completed
ORD-0224947,R-0525,2025-05-08,11.04,app,delivery,completed
ORD-0224948,R-0525,2025-05-06,34.37,web,pickup,completed
ORD-0224949,R-0525,2025-05-30,39.57,app,pickup,completed
ORD-0224950,R-0525,2025-05-25,21.96,web,delivery,completed
ORD-0224951,R-0525,2025-05-05,33.63,web,delivery,completed
ORD-0224952,R-0525,2025-05-14,18.03,app,pickup,completed
ORD-0224953,R-0525,2025-05-07,48.38,web,delivery,completed
ORD-0224954,R-0525,2025-05-06,18.71,web,pickup,Completed
ORD-0224955,R-0525,2025-05-25,43.76,app,pickup,completed
ORD-0224956,R-0525,2025-05-02,22.15,app,delivery,completed
ORD-0224957,R-0525,2025-05-17,28.28,web,pickup,completed
ORD-0224958,R-0525,2025-05-24,28.13,web,pickup,completed
ORD-0224959,R-0525,2025-05-29,27.61,web,delivery,completed
ORD-0224960,R-0525,2025-05-18,29.44,web,delivery,completed
ORD-0224961,R-0525,2025-05-17,26.26,web,pickup,completed
ORD-0224962,R-0525,2025-05-08,21.64,web,delivery,completed
ORD-0225974,R-0526,2025-05-20,33.30,web,delivery,completed
ORD-0225975,R-0526,2025-05-23,36.01,web,pickup,completed
ORD-0225976,R-0526,2025-05-31,30.41,app,delivery,completed
ORD-0225977,R-0526,2025-05-24,26.64,app,delivery,completed
ORD-0225978,R-0526,2025-05-17,24.36,web,delivery,completed
ORD-0225979,R-0526,2025-05-28,37.14,app,pickup,completed
ORD-0225980,R-0526,2025-05-30,29.53,app,delivery,completed
ORD-0225981,R-0526,2025-05-18,36.52,app,delivery,completed
ORD-0225982,R-0526,2025-05-16,17.81,web,pickup,completed
ORD-0227552,R-0531,2025-05-22,23.51,web,pickup,completed
ORD-0227553,R-0531,2025-05-30,23.02,web,delivery,completed
ORD-0227554,R-0531,2025-05-24,20.64,web,delivery,completed
ORD-0227555,R-0531,2025-05-30,35.93,web,pickup,completed
ORD-0227556,R-0531,2025-05-10,24.55,web,pickup,completed
ORD-0227557,R-0531,2025-05-12,21.90,web,delivery,completed
ORD-0227558,R-0531,2025-05-05,15.96,web,delivery,completed
ORD-0227559,R-0531,2025-05-24,32.29,web,pickup,Cancelled
ORD-0227560,R-0531,2025-05-23,22.78,app,delivery,completed
ORD-0227561,R-0531,2025-05-24,24.63,web,pickup,Completed
ORD-0227562,R-0531,2025-05-25,23.81,web,pickup,Completed
ORD-0227563,R-0531,2025-05-24,41.17,app,delivery,completed
ORD-0227564,R-0531,2025-05-23,39.70,web,pickup,completed
ORD-0227565,R-0531,2025-05-19,23.55,app,pickup,Completed
ORD-0227566,R-0531,2025-05-01,20.10,web,delivery,COMPLETED
ORD-0227567,R-0531,2025-05-31,26.45,app,delivery,completed
ORD-0227568,R-0531,2025-05-25,32.60,app,pickup,completed
ORD-0227569,R-0531,2025-05-12,33.08,web,pickup,completed
ORD-0227570,R-0531,2025-05-30,30.86,app,pickup,completed
ORD-0227571,R-0531,2025-05-12,38.75,web,delivery,completed
ORD-0227572,R-0531,2025-05-12,30.52,app,pickup,COMPLETED
ORD-0227573,R-0531,2025-05-17,21.16,web,delivery,completed
ORD-0227574,R-0531,2025-05-03,26.61,web,delivery,completed
ORD-0227575,R-0531,2025-05-29,30.00,web,delivery,completed
ORD-0227576,R-0531,2025-05-01,15.67,web,pickup,completed
ORD-0227577,R-0531,2025-05-25,22.08,web,pickup,completed
ORD-0227578,R-0531,2025-05-29,28.37,app,pickup,completed
ORD-0227579,R-0531,2025-05-12,28.66,app,delivery,completed
ORD-0227580,R-0531,2025-05-04,35.04,web,pickup,completed
ORD-0227581,R-0531,2025-05-16,22.34,web,delivery,completed
ORD-0227582,R-0531,2025-05-09,31.29,app,pickup,completed
ORD-0227583,R-0531,2025-05-07,26.96,web,delivery,completed
ORD-0230514,R-0538,2025-05-11,36.88,web,pickup,completed
ORD-0230515,R-0538,2025-05-21,23.14,app,pickup,completed
ORD-0230516,R-0538,2025-05-13,25.82,web,pickup,completed
ORD-0230517,R-0538,2025-05-29,24.65,web,delivery,completed
ORD-0230518,R-0538,2025-05-11,29.46,app,delivery,completed
ORD-0230519,R-0538,2025-05-20,25.78,app,delivery,completed
ORD-0230520,R-0538,2025-05-28,30.05,web,delivery,completed
ORD-0230521,R-0538,2025-05-17,50.93,app,pickup,completed
ORD-0230522,R-0538,2025-05-12,32.85,app,pickup,completed
ORD-0230523,R-0538,2025-05-23,41.56,app,pickup,completed
ORD-0230524,R-0538,2025-05-14,34.00,app,delivery,completed
ORD-0230525,R-0538,2025-05-13,28.16,web,pickup,completed
ORD-0230526,R-0538,2025-05-29,38.24,app,delivery,completed
ORD-0230527,R-0538,2025-05-22,18.54,web,pickup,completed
ORD-0230528,R-0538,2025-05-04,21.39,app,delivery,completed
ORD-0230529,R-0538,2025-05-17,20.53,app,pickup,Cancelled
ORD-0230530,R-0538,2025-05-30,29.52,app,delivery,completed
ORD-0230531,R-0538,2025-05-31,20.64,web,delivery,completed
ORD-0230532,R-0538,2025-05-28,29.18,app,delivery,completed
ORD-0230533,R-0538,2025-05-04,29.06,web,delivery,completed
ORD-0230534,R-0538,2025-05-24,30.98,app,delivery,completed
ORD-0230535,R-0538,2025-05-17,18.52,web,delivery,completed
ORD-0230536,R-0538,2025-05-29,34.85,app,delivery,Completed
ORD-0230537,R-0538,2025-05-02,17.10,app,pickup,completed
ORD-0230538,R-0538,2025-05-01,19.39,web,pickup,completed
ORD-0230539,R-0538,2025-05-06,35.97,app,pickup,completed
ORD-0230540,R-0538,2025-05-08,17.90,web,delivery,completed
ORD-0230541,R-0538,2025-05-13,22.67,app,delivery,completed
ORD-0230542,R-0538,2025-05-05,20.68,web,pickup,COMPLETED
ORD-0230543,R-0538,2025-05-13,36.10,web,delivery,cancelled
ORD-0230544,R-0538,2025-05-09,40.79,web,pickup,completed
ORD-0230545,R-0538,2025-05-12,36.76,app,pickup,completed
ORD-0230546,R-0538,2025-05-22,24.32,app,delivery,completed
ORD-0230547,R-0538,2025-05-29,27.86,web,pickup,completed
ORD-0230548,R-0538,2025-05-13,33.01,web,pickup,COMPLETED
ORD-0230549,R-0538,2025-05-17,35.46,web,delivery,completed
ORD-0230550,R-0538,2025-05-09,18.01,app,delivery,cancelled
ORD-0230551,R-0538,2025-05-14,19.77,web,pickup,completed
ORD-0230552,R-0538,2025-05-11,21.78,web,delivery,completed
ORD-0230553,R-0538,2025-05-03,18.89,app,delivery,completed
ORD-0230554,R-0538,2025-05-21,24.19,web,pickup,completed
ORD-0230555,R-0538,2025-05-07,53.09,app,pickup,completed
ORD-0230556,R-0538,2025-05-26,48.55,web,delivery,completed
ORD-0230557,R-0538,2025-05-05,21.89,app,pickup,completed
ORD-0230558,R-0538,2025-05-09,27.40,app,pickup,completed
ORD-0230559,R-0538,2025-05-24,22.27,web,pickup,completed
ORD-0230560,R-0538,2025-05-03,37.06,web,delivery,completed
ORD-0230561,R-0538,2025-05-30,22.73,web,pickup,completed
ORD-0230562,R-0538,2025-05-14,14.47,web,pickup,completed
ORD-0230563,R-0538,2025-05-04,26.68,app,delivery,completed
ORD-0230564,R-0538,2025-05-18,38.82,web,delivery,completed
ORD-0230565,R-0538,2025-05-23,30.89,app,delivery,completed
ORD-0230566,R-0538,2025-05-21,25.41,app,delivery,completed
ORD-0230567,R-0538,2025-05-07,30.35,app,delivery,completed
ORD-0230568,R-0538,2025-05-14,28.62,web,pickup,completed
ORD-0230569,R-0538,2025-05-02,18.71,web,delivery,completed
ORD-0230570,R-0538,2025-05-30,51.38,app,pickup,completed
ORD-0230571,R-0538,2025-05-10,28.96,app,pickup,completed
ORD-0230572,R-0538,2025-05-06,28.00,web,delivery,completed
ORD-0230573,R-0538,2025-05-26,35.80,web,delivery,completed
ORD-0230574,R-0538,2025-05-16,51.14,app,pickup,completed
ORD-0230575,R-0538,2025-05-01,23.46,web,pickup,completed
ORD-0230576,R-0538,2025-05-19,38.99,web,pickup,completed
ORD-0230577,R-0538,2025-05-18,29.48,web,delivery,completed
ORD-0230578,R-0538,2025-05-17,40.94,app,delivery,completed
ORD-0230579,R-0538,2025-05-17,32.42,app,delivery,completed
ORD-0230580,R-0538,2025-05-22,26.46,app,pickup,completed
ORD-0230581,R-0538,2025-05-24,20.69,web,pickup,completed
ORD-0230582,R-0538,2025-05-17,27.00,app,delivery,completed
ORD-0230583,R-0538,2025-05-09,26.70,app,pickup,completed
ORD-0230584,R-0538,2025-05-02,30.71,web,delivery,completed
ORD-0230585,R-0538,2025-05-06,42.34,web,pickup,completed
ORD-0230586,R-0538,2025-05-07,23.37,app,delivery,completed
ORD-0230587,R-0538,2025-05-01,23.90,web,delivery,completed
ORD-0230588,R-0538,2025-05-17,30.65,web,delivery,cancelled
ORD-0230589,R-0538,2025-05-10,14.79,app,pickup,Completed
ORD-0230590,R-0538,2025-05-24,38.42,web,pickup,completed
ORD-0230591,R-0538,2025-05-22,29.94,app,delivery,completed
ORD-0230592,R-0538,2025-05-30,23.80,app,pickup,COMPLETED
ORD-0230593,R-0538,2025-05-27,19.74,web,pickup,completed
ORD-0230594,R-0538,2025-05-17,28.94,web,delivery,completed
ORD-0230595,R-0538,2025-05-09,52.45,app,pickup,completed
ORD-0230596,R-0538,2025-05-16,38.47,web,delivery,completed
ORD-0230597,R-0538,2025-05-07,33.02,web,pickup,completed
ORD-0230598,R-0538,2025-05-04,19.25,app,delivery,completed
ORD-0230599,R-0538,2025-05-11,31.22,web,delivery,completed
ORD-0235317,R-0545,2025-05-31,22.50,web,delivery,completed
ORD-0235318,R-0545,2025-05-23,24.71,app,delivery,completed
ORD-0235319,R-0545,2025-05-16,9.76,web,pickup,completed
ORD-0235320,R-0545,2025-05-17,20.68,web,pickup,Completed
ORD-0235321,R-0545,2025-05-18,28.07,web,delivery,completed
ORD-0235322,R-0545,2025-05-16,37.00,app,delivery,COMPLETED
ORD-0235323,R-0545,2025-05-17,38.82,app,delivery,completed
ORD-0235324,R-0545,2025-05-17,18.82,web,delivery,completed
ORD-0235325,R-0545,2025-05-31,23.24,web,delivery,completed
ORD-0235326,R-0545,2025-05-15,38.77,app,delivery,completed
ORD-0235327,R-0545,2025-05-27,23.97,web,delivery,completed
ORD-0235328,R-0545,2025-05-16,18.52,app,pickup,completed
ORD-0235329,R-0545,2025-05-19,10.57,web,delivery,completed
ORD-0235330,R-0545,2025-05-25,20.47,app,pickup,completed
ORD-0235331,R-0545,2025-05-30,24.72,web,delivery,completed
ORD-0235332,R-0545,2025-05-24,14.21,app,pickup,completed
ORD-0235333,R-0545,2025-05-23,17.07,app,delivery,completed
ORD-0235334,R-0545,2025-05-23,15.91,app,delivery,completed
ORD-0235335,R-0545,2025-05-20,10.60,web,delivery,completed
ORD-0235336,R-0545,2025-05-31,47.29,app,delivery,completed
ORD-0235337,R-0545,2025-05-22,11.64,web,pickup,completed
ORD-0235338,R-0545,2025-05-23,24.07,app,delivery,completed
ORD-0235339,R-0545,2025-05-15,12.95,web,delivery,completed
ORD-0235340,R-0545,2025-05-23,16.60,web,pickup,completed
ORD-0237573,R-0549,2025-05-09,24.55,web,delivery,completed
ORD-0237574,R-0549,2025-05-09,24.54,app,delivery,COMPLETED
ORD-0237575,R-0549,2025-05-11,20.72,web,pickup,completed
ORD-0237576,R-0549,2025-05-02,23.05,app,pickup,completed
ORD-0237577,R-0549,2025-05-18,30.35,web,delivery,completed
ORD-0237578,R-0549,2025-05-16,23.23,web,pickup,completed
ORD-0237579,R-0549,2025-05-07,23.19,web,pickup,completed
ORD-0237580,R-0549,2025-05-11,31.29,web,delivery,Completed
ORD-0237581,R-0549,2025-05-11,21.57,web,delivery,completed
ORD-0237582,R-0549,2025-05-09,20.88,web,pickup,completed
ORD-0237583,R-0549,2025-05-16,25.14,web,pickup,completed
ORD-0237584,R-0549,2025-05-26,22.20,app,delivery,Completed
ORD-0237585,R-0549,2025-05-29,21.75,web,delivery,completed
ORD-0237586,R-0549,2025-05-02,15.25,web,delivery,completed
ORD-0237587,R-0549,2025-05-17,7.25,web,pickup,completed
ORD-0237588,R-0549,2025-05-14,25.17,web,delivery,completed
ORD-0237589,R-0549,2025-05-19,18.14,app,delivery,completed
ORD-0237590,R-0549,2025-05-23,29.11,web,delivery,completed
ORD-0237591,R-0549,2025-05-09,35.05,web,delivery,completed
ORD-0237592,R-0549,2025-05-23,14.48,web,delivery,completed
ORD-0237593,R-0549,2025-05-12,15.00,app,pickup,completed
ORD-0237594,R-0549,2025-05-18,10.71,web,pickup,completed
ORD-0237595,R-0549,2025-05-06,22.40,web,delivery,completed
ORD-0237596,R-0549,2025-05-12,23.09,web,delivery,completed
ORD-0237597,R-0549,2025-05-25,24.32,web,pickup,completed
ORD-0237598,R-0549,2025-05-12,21.83,web,pickup,completed
ORD-0237599,R-0549,2025-05-14,34.99,web,delivery,completed
ORD-0237600,R-0549,2025-05-25,38.93,web,pickup,completed
ORD-0237601,R-0549,2025-05-31,17.32,web,delivery,completed
ORD-0237602,R-0549,2025-05-29,12.23,app,delivery,completed
ORD-0237603,R-0549,2025-05-27,32.01,app,pickup,completed
ORD-0237604,R-0549,2025-05-03,12.67,web,delivery,Completed
ORD-0237605,R-0549,2025-05-23,14.88,web,pickup,completed
ORD-0237606,R-0549,2025-05-25,34.68,web,pickup,completed
ORD-0237607,R-0549,2025-05-21,18.59,web,pickup,completed
ORD-0237608,R-0549,2025-05-27,8.75,web,delivery,Completed
ORD-0237609,R-0549,2025-05-08,25.12,web,pickup,completed
ORD-0237610,R-0549,2025-05-02,21.47,web,pickup,Completed
ORD-0237611,R-0549,2025-05-13,14.35,app,delivery,completed
ORD-0237612,R-0549,2025-05-18,17.13,web,delivery,completed
ORD-0237613,R-0549,2025-05-30,15.57,web,pickup,COMPLETED
ORD-0237614,R-0549,2025-05-29,18.36,app,delivery,completed
ORD-0237615,R-0549,2025-05-23,21.37,web,delivery,completed
ORD-0237616,R-0549,2025-05-23,24.74,app,pickup,completed
ORD-0237617,R-0549,2025-05-08,50.48,web,pickup,completed
ORD-0237618,R-0549,2025-05-23,20.69,app,pickup,completed
ORD-0237619,R-0549,2025-05-27,15.07,web,pickup,refunded
ORD-0237620,R-0549,2025-05-12,31.07,web,delivery,completed
ORD-0237621,R-0549,2025-05-26,35.85,web,delivery,completed
ORD-0237622,R-0549,2025-05-02,17.15,web,pickup,completed
ORD-0237623,R-0549,2025-05-16,20.86,app,delivery,cancelled
ORD-0237624,R-0549,2025-05-30,13.35,web,delivery,completed
ORD-0237625,R-0549,2025-05-22,26.97,web,delivery,completed
ORD-0237626,R-0549,2025-05-23,15.19,web,pickup,completed
ORD-0237627,R-0549,2025-05-22,16.23,web,pickup,completed
ORD-0238869,R-0550,2025-05-07,52.92,app,delivery,completed
ORD-0238870,R-0550,2025-05-08,45.41,app,pickup,completed
ORD-0238871,R-0550,2025-05-02,31.15,app,pickup,completed
ORD-0238872,R-0550,2025-05-20,22.61,web,pickup,completed
ORD-0238873,R-0550,2025-05-17,66.73,app,delivery,completed
ORD-0240398,R-0553,2025-05-20,25.58,web,delivery,completed
ORD-0240399,R-0553,2025-05-31,33.30,web,delivery,completed
ORD-0240400,R-0553,2025-05-30,22.68,app,pickup,completed
ORD-0240401,R-0553,2025-05-22,28.47,app,delivery,COMPLETED
ORD-0240402,R-0553,2025-05-24,45.70,web,pickup,completed
ORD-0240403,R-0553,2025-05-17,41.62,app,delivery,completed
ORD-0240404,R-0553,2025-05-12,25.15,app,pickup,COMPLETED
ORD-0240405,R-0553,2025-05-16,26.32,web,pickup,Completed
ORD-0240406,R-0553,2025-05-18,40.72,web,pickup,completed
ORD-0240407,R-0553,2025-05-19,27.11,app,delivery,completed
ORD-0240408,R-0553,2025-05-25,28.20,app,pickup,completed
ORD-0240409,R-0553,2025-05-13,15.62,app,pickup,completed
ORD-0240410,R-0553,2025-05-16,17.90,web,pickup,completed
ORD-0240411,R-0553,2025-05-31,37.32,app,pickup,completed
ORD-0240412,R-0553,2025-05-24,30.62,web,pickup,COMPLETED
ORD-0240413,R-0553,2025-05-22,26.52,app,delivery,Completed
ORD-0240414,R-0553,2025-05-14,24.60,web,delivery,completed
ORD-0240415,R-0553,2025-05-12,18.88,app,delivery,completed
ORD-0240416,R-0553,2025-05-27,25.08,web,delivery,completed
ORD-0240417,R-0553,2025-05-13,28.81,app,pickup,COMPLETED
ORD-0240418,R-0553,2025-05-17,21.54,app,pickup,completed
ORD-0240419,R-0553,2025-05-25,24.21,app,delivery,completed
ORD-0240420,R-0553,2025-05-17,33.79,app,pickup,completed
ORD-0240421,R-0553,2025-05-17,45.20,app,delivery,COMPLETED
ORD-0240422,R-0553,2025-05-28,28.23,web,delivery,completed
ORD-0240423,R-0553,2025-05-31,30.09,web,delivery,completed
ORD-0240424,R-0553,2025-05-22,40.52,app,pickup,completed
ORD-0240425,R-0553,2025-05-24,38.76,app,pickup,Completed
ORD-0240426,R-0553,2025-05-31,22.22,app,pickup,completed
ORD-0240427,R-0553,2025-05-22,28.63,web,delivery,Completed
ORD-0240428,R-0553,2025-05-24,41.53,app,pickup,completed
ORD-0240429,R-0553,2025-05-20,45.36,web,delivery,COMPLETED
ORD-0243334,R-0563,2025-05-27,16.52,web,pickup,COMPLETED
ORD-0243335,R-0563,2025-05-20,30.94,app,pickup,completed
ORD-0243336,R-0563,2025-05-21,58.40,app,delivery,completed
ORD-0243337,R-0563,2025-05-14,36.67,app,pickup,completed
ORD-0243338,R-0563,2025-05-16,36.26,web,delivery,completed
ORD-0243339,R-0563,2025-05-08,35.48,app,pickup,refunded
ORD-0243340,R-0563,2025-05-30,18.26,app,pickup,completed
ORD-0243341,R-0563,2025-05-17,28.00,app,delivery,completed
ORD-0243342,R-0563,2025-05-17,16.11,web,pickup,completed
ORD-0243343,R-0563,2025-05-21,49.58,app,pickup,completed
ORD-0243344,R-0563,2025-05-03,18.17,web,delivery,completed
ORD-0243345,R-0563,2025-05-25,22.84,web,pickup,Completed
ORD-0243346,R-0563,2025-05-10,28.17,web,pickup,completed
ORD-0243347,R-0563,2025-05-20,29.49,web,pickup,completed
ORD-0243348,R-0563,2025-05-21,24.68,app,delivery,completed
ORD-0243349,R-0563,2025-05-09,26.37,app,delivery,completed
ORD-0243350,R-0563,2025-05-22,23.50,app,delivery,completed
ORD-0243351,R-0563,2025-05-28,41.88,app,pickup,completed
ORD-0243352,R-0563,2025-05-03,25.84,web,delivery,completed
ORD-0243353,R-0563,2025-05-01,22.91,web,pickup,COMPLETED
ORD-0243354,R-0563,2025-05-03,32.59,web,delivery,completed
ORD-0243355,R-0563,2025-05-16,48.07,app,delivery,completed
ORD-0243356,R-0563,2025-05-11,30.55,web,pickup,completed
ORD-0243357,R-0563,2025-05-15,20.22,web,pickup,completed
ORD-0243358,R-0563,2025-05-26,52.40,app,pickup,refunded
ORD-0244803,R-0568,2025-05-06,49.69,app,delivery,completed
ORD-0244804,R-0568,2025-05-28,55.14,web,delivery,COMPLETED
ORD-0244805,R-0568,2025-05-24,47.76,app,pickup,completed
ORD-0244806,R-0568,2025-05-16,14.12,app,delivery,completed
ORD-0244807,R-0568,2025-05-08,33.81,web,delivery,completed
ORD-0244808,R-0568,2025-05-09,81.96,app,delivery,completed
ORD-0244809,R-0568,2025-05-26,32.35,web,pickup,completed
ORD-0244810,R-0568,2025-05-28,55.71,app,delivery,completed
ORD-0244811,R-0568,2025-05-27,61.81,app,delivery,completed
ORD-0244812,R-0568,2025-05-30,33.88,app,pickup,completed
ORD-0244813,R-0568,2025-05-24,50.54,web,delivery,completed
ORD-0244814,R-0568,2025-05-23,30.88,web,delivery,completed
ORD-0244815,R-0568,2025-05-31,38.38,app,delivery,completed
ORD-0244816,R-0568,2025-05-16,38.44,app,delivery,completed
ORD-0244817,R-0568,2025-05-22,73.78,app,delivery,completed
ORD-0244818,R-0568,2025-05-01,76.66,web,delivery,completed
ORD-0244819,R-0568,2025-05-14,28.20,app,delivery,completed
ORD-0244820,R-0568,2025-05-14,54.37,web,delivery,completed
ORD-0244821,R-0568,2025-05-17,43.00,web,pickup,COMPLETED
ORD-0244822,R-0568,2025-05-11,55.46,app,pickup,Completed
ORD-0244823,R-0568,2025-05-12,21.36,app,pickup,completed
ORD-0244824,R-0568,2025-05-29,41.15,app,pickup,completed
ORD-0244825,R-0568,2025-05-25,32.15,app,pickup,completed
ORD-0244826,R-0568,2025-05-13,38.63,app,delivery,completed
ORD-0244827,R-0568,2025-05-18,36.84,web,delivery,completed
ORD-0244828,R-0568,2025-05-11,41.08,web,pickup,completed
ORD-0244829,R-0568,2025-05-18,52.39,app,delivery,completed
ORD-0244830,R-0568,2025-05-12,122.18,app,pickup,Completed
ORD-0244831,R-0568,2025-05-25,39.72,app,delivery,completed
ORD-0244832,R-0568,2025-05-27,40.23,app,delivery,COMPLETED
ORD-0244833,R-0568,2025-05-03,26.03,app,delivery,completed
ORD-0244834,R-0568,2025-05-19,29.44,app,delivery,completed
ORD-0244835,R-0568,2025-05-19,28.28,app,delivery,completed
ORD-0244836,R-0568,2025-05-07,26.43,web,delivery,cancelled
ORD-0244837,R-0568,2025-05-17,50.36,web,delivery,completed
ORD-0244838,R-0568,2025-05-06,50.26,app,delivery,completed
ORD-0244839,R-0568,2025-05-13,25.54,web,pickup,Completed
ORD-0244840,R-0568,2025-05-20,51.84,web,delivery,completed
ORD-0244841,R-0568,2025-05-28,34.84,app,delivery,completed
ORD-0244842,R-0568,2025-05-31,31.68,app,delivery,completed
ORD-0244843,R-0568,2025-05-27,23.64,app,pickup,completed
ORD-0244844,R-0568,2025-05-14,64.78,web,pickup,completed
ORD-0244845,R-0568,2025-05-18,22.81,web,delivery,completed
ORD-0244846,R-0568,2025-05-09,34.72,web,pickup,completed
ORD-0244847,R-0568,2025-05-25,35.63,app,pickup,COMPLETED
ORD-0244848,R-0568,2025-05-20,86.20,app,pickup,Completed
ORD-0245997,R-0570,2025-05-24,22.14,web,delivery,completed
ORD-0245998,R-0570,2025-05-02,23.35,web,delivery,completed
ORD-0245999,R-0570,2025-05-26,32.88,app,delivery,completed
ORD-0246000,R-0570,2025-05-10,26.11,app,delivery,cancelled
ORD-0246001,R-0570,2025-05-03,26.07,web,delivery,Completed
ORD-0246002,R-0570,2025-05-10,41.06,web,delivery,completed
ORD-0246003,R-0570,2025-05-10,37.35,web,delivery,completed
ORD-0246004,R-0570,2025-05-31,32.82,web,delivery,Completed
ORD-0246005,R-0570,2025-05-15,40.98,app,delivery,completed
ORD-0246006,R-0570,2025-05-12,25.19,app,delivery,completed
ORD-0246007,R-0570,2025-05-17,47.46,web,delivery,completed
ORD-0246008,R-0570,2025-05-20,17.58,web,delivery,completed
ORD-0246009,R-0570,2025-05-15,36.72,web,delivery,completed
ORD-0246010,R-0570,2025-05-08,17.84,web,delivery,completed
ORD-0246011,R-0570,2025-05-29,17.33,web,delivery,completed
ORD-0246012,R-0570,2025-05-17,22.04,web,delivery,completed
ORD-0246013,R-0570,2025-05-03,23.92,web,delivery,completed
ORD-0246014,R-0570,2025-05-13,40.84,app,delivery,completed
ORD-0246015,R-0570,2025-05-23,15.41,web,delivery,completed
ORD-0246016,R-0570,2025-05-25,31.15,app,delivery,completed
ORD-0246017,R-0570,2025-05-28,22.67,web,delivery,completed
ORD-0246018,R-0570,2025-05-21,37.59,web,delivery,completed
ORD-0246019,R-0570,2025-05-03,32.68,web,delivery,completed
ORD-0246020,R-0570,2025-05-24,24.91,web,delivery,completed
ORD-0246021,R-0570,2025-05-02,47.32,web,delivery,Completed
ORD-0246022,R-0570,2025-05-09,26.14,web,pickup,completed
ORD-0246023,R-0570,2025-05-22,21.48,web,delivery,completed
ORD-0246024,R-0570,2025-05-29,27.60,app,delivery,completed
ORD-0246025,R-0570,2025-05-30,18.29,web,pickup,completed
ORD-0246026,R-0570,2025-05-25,23.49,app,delivery,completed
ORD-0246027,R-0570,2025-05-14,29.38,web,delivery,completed
ORD-0246028,R-0570,2025-05-03,17.12,web,delivery,completed
ORD-0246029,R-0570,2025-05-13,31.50,web,delivery,completed
ORD-0246030,R-0570,2025-05-06,24.98,web,delivery,completed
ORD-0246031,R-0570,2025-05-01,43.03,web,delivery,completed
ORD-0246032,R-0570,2025-05-22,24.76,web,delivery,completed
ORD-0246033,R-0570,2025-05-04,22.64,web,delivery,completed
ORD-0246034,R-0570,2025-05-04,20.01,web,delivery,completed
ORD-0246035,R-0570,2025-05-27,34.78,web,pickup,completed
ORD-0246036,R-0570,2025-05-18,39.96,app,delivery,completed
ORD-0246037,R-0570,2025-05-01,34.12,app,delivery,completed
ORD-0246038,R-0570,2025-05-07,17.02,web,delivery,cancelled
ORD-0246039,R-0570,2025-05-17,27.53,app,delivery,completed
ORD-0246040,R-0570,2025-05-06,31.18,web,delivery,completed
ORD-0246041,R-0570,2025-05-05,33.02,web,pickup,completed
ORD-0246042,R-0570,2025-05-18,30.81,app,delivery,completed
ORD-0246043,R-0570,2025-05-31,36.54,app,delivery,completed
ORD-0246044,R-0570,2025-05-16,25.85,web,delivery,completed
ORD-0246045,R-0570,2025-05-25,44.62,web,delivery,completed
ORD-0246046,R-0570,2025-05-19,33.53,web,delivery,COMPLETED
ORD-0246047,R-0570,2025-05-05,13.77,web,delivery,completed
ORD-0246048,R-0570,2025-05-14,18.74,web,delivery,completed
ORD-0246049,R-0570,2025-05-23,50.09,app,delivery,completed
ORD-0246583,R-0575,2025-05-24,18.42,app,pickup,completed
ORD-0246584,R-0575,2025-05-25,45.29,web,pickup,completed
ORD-0246585,R-0575,2025-05-23,20.63,app,delivery,completed
ORD-0246586,R-0575,2025-05-13,29.98,app,pickup,completed
ORD-0246587,R-0575,2025-05-05,17.40,web,pickup,Completed
ORD-0246588,R-0575,2025-05-15,32.27,web,delivery,COMPLETED
ORD-0246589,R-0575,2025-05-30,24.44,web,pickup,completed
ORD-0246590,R-0575,2025-05-04,41.08,web,pickup,completed
ORD-0246591,R-0575,2025-05-24,21.38,app,pickup,completed
ORD-0246592,R-0575,2025-05-05,21.92,app,delivery,completed
ORD-0246593,R-0575,2025-05-14,20.44,web,pickup,completed
ORD-0246594,R-0575,2025-05-06,16.20,web,delivery,completed
ORD-0246595,R-0575,2025-05-02,19.59,app,delivery,refunded
ORD-0246596,R-0575,2025-05-17,20.75,web,pickup,completed
ORD-0246597,R-0575,2025-05-29,20.60,web,pickup,Completed
ORD-0246598,R-0575,2025-05-04,35.95,app,pickup,completed
ORD-0246599,R-0575,2025-05-29,19.31,app,delivery,completed
ORD-0246600,R-0575,2025-05-19,19.87,web,pickup,refunded
ORD-0246601,R-0575,2025-05-02,18.76,app,pickup,completed
ORD-0246602,R-0575,2025-05-24,18.16,app,pickup,completed
ORD-0246603,R-0575,2025-05-31,26.55,app,pickup,completed
ORD-0246604,R-0575,2025-05-30,18.98,web,delivery,completed
ORD-0246605,R-0575,2025-05-16,28.68,app,delivery,completed
ORD-0246606,R-0575,2025-05-21,16.86,app,delivery,completed
ORD-0246607,R-0575,2025-05-18,29.87,app,delivery,completed
ORD-0246608,R-0575,2025-05-01,17.63,app,pickup,completed
ORD-0246609,R-0575,2025-05-05,38.99,app,delivery,completed
ORD-0246610,R-0575,2025-05-23,23.24,web,delivery,completed
ORD-0246611,R-0575,2025-05-11,28.97,app,pickup,completed
ORD-0246612,R-0575,2025-05-04,28.40,app,pickup,completed
ORD-0246613,R-0575,2025-05-15,19.59,web,delivery,completed
ORD-0246614,R-0575,2025-05-16,13.37,web,delivery,completed
ORD-0246615,R-0575,2025-05-12,22.23,app,delivery,completed
ORD-0246616,R-0575,2025-05-04,32.10,app,delivery,completed
ORD-0246617,R-0575,2025-05-12,29.42,web,delivery,Completed
ORD-0246618,R-0575,2025-05-27,33.34,web,pickup,completed
ORD-0246619,R-0575,2025-05-08,17.89,app,delivery,completed
ORD-0246620,R-0575,2025-05-16,33.78,app,delivery,refunded
ORD-0246621,R-0575,2025-05-03,27.07,app,delivery,completed
ORD-0246622,R-0575,2025-05-26,22.39,app,delivery,COMPLETED
ORD-0246623,R-0575,2025-05-10,27.14,web,pickup,completed
ORD-0246624,R-0575,2025-05-17,30.81,web,delivery,completed
ORD-0246625,R-0575,2025-05-21,28.23,web,delivery,Completed
ORD-0246626,R-0575,2025-05-09,26.82,app,pickup,completed
ORD-0246627,R-0575,2025-05-10,29.79,app,pickup,completed
ORD-0246628,R-0575,2025-05-10,24.28,app,delivery,completed
ORD-0246629,R-0575,2025-05-08,14.10,web,delivery,completed
ORD-0246630,R-0575,2025-05-05,18.90,web,delivery,refunded
ORD-0246631,R-0575,2025-05-19,24.15,app,delivery,completed
ORD-0246632,R-0575,2025-05-06,23.35,web,pickup,completed
ORD-0247857,R-0579,2025-05-03,43.03,app,delivery,completed
ORD-0247858,R-0579,2025-05-25,19.02,web,delivery,refunded
ORD-0247859,R-0579,2025-05-05,25.62,web,delivery,completed
ORD-0247860,R-0579,2025-05-30,59.71,app,delivery,completed
ORD-0247861,R-0579,2025-05-24,19.33,web,delivery,completed
ORD-0247862,R-0579,2025-05-18,55.42,web,delivery,completed
ORD-0247863,R-0579,2025-05-30,26.35,app,delivery,completed
ORD-0247864,R-0579,2025-05-29,30.15,app,delivery,completed
ORD-0247865,R-0579,2025-05-03,39.74,app,delivery,completed
ORD-0247866,R-0579,2025-05-27,33.96,web,delivery,completed
ORD-0247867,R-0579,2025-05-24,22.03,web,delivery,completed
ORD-0247868,R-0579,2025-05-14,28.69,app,pickup,completed
ORD-0247869,R-0579,2025-05-25,21.51,app,delivery,completed
ORD-0247870,R-0579,2025-05-23,21.84,web,pickup,completed
ORD-0247871,R-0579,2025-05-26,27.87,app,delivery,completed
ORD-0247872,R-0579,2025-05-30,25.13,web,pickup,completed
ORD-0247873,R-0579,2025-05-26,24.35,web,delivery,COMPLETED
ORD-0247874,R-0579,2025-05-03,21.21,app,pickup,completed
ORD-0247875,R-0579,2025-05-11,24.63,app,pickup,completed
ORD-0247876,R-0579,2025-05-23,24.22,web,pickup,completed
ORD-0247877,R-0579,2025-05-09,21.31,app,delivery,completed
ORD-0247878,R-0579,2025-05-31,30.96,app,pickup,completed
ORD-0247879,R-0579,2025-05-31,26.20,app,delivery,completed
ORD-0247880,R-0579,2025-05-24,27.48,web,pickup,completed
ORD-0247881,R-0579,2025-05-08,19.64,web,delivery,cancelled
ORD-0247882,R-0579,2025-05-09,31.84,app,delivery,completed
ORD-0247883,R-0579,2025-05-03,26.18,web,delivery,completed
ORD-0247884,R-0579,2025-05-18,28.19,web,delivery,completed
ORD-0247885,R-0579,2025-05-13,16.76,web,delivery,refunded
ORD-0247886,R-0579,2025-05-10,10.70,web,delivery,completed
ORD-0247887,R-0579,2025-05-04,25.91,app,delivery,completed
ORD-0247888,R-0579,2025-05-15,47.48,app,delivery,completed
ORD-0247889,R-0579,2025-05-17,34.90,app,delivery,completed
ORD-0247890,R-0579,2025-05-07,27.06,app,pickup,completed
ORD-0247891,R-0579,2025-05-31,16.79,web,delivery,completed
ORD-0247892,R-0579,2025-05-11,46.50,web,delivery,completed
ORD-0247893,R-0579,2025-05-20,37.18,app,delivery,completed
ORD-0249657,R-0586,2025-05-10,23.29,app,delivery,completed
ORD-0249658,R-0586,2025-05-24,22.83,app,pickup,completed
ORD-0249659,R-0586,2025-05-18,17.70,app,pickup,completed
ORD-0249660,R-0586,2025-05-07,13.16,web,pickup,completed
ORD-0249661,R-0586,2025-05-02,31.75,app,delivery,completed
ORD-0249662,R-0586,2025-05-29,24.50,app,pickup,completed
ORD-0249663,R-0586,2025-05-12,14.69,app,pickup,completed
ORD-0249664,R-0586,2025-05-20,17.39,web,pickup,cancelled
ORD-0249665,R-0586,2025-05-01,20.67,app,delivery,completed
ORD-0249666,R-0586,2025-05-23,28.87,app,pickup,completed
ORD-0249667,R-0586,2025-05-15,19.10,app,delivery,completed
ORD-0249668,R-0586,2025-05-30,15.55,web,pickup,completed
ORD-0249669,R-0586,2025-05-30,19.41,web,delivery,completed
ORD-0249670,R-0586,2025-05-28,28.21,app,pickup,completed
ORD-0249671,R-0586,2025-05-16,24.88,app,pickup,completed
ORD-0249672,R-0586,2025-05-17,14.29,app,delivery,completed
ORD-0249673,R-0586,2025-05-05,35.22,app,delivery,completed
ORD-0249674,R-0586,2025-05-16,36.42,app,delivery,completed
ORD-0249675,R-0586,2025-05-17,16.25,app,delivery,Completed
ORD-0249676,R-0586,2025-05-22,17.49,app,delivery,completed
ORD-0249677,R-0586,2025-05-15,27.31,app,delivery,completed
ORD-0249678,R-0586,2025-05-20,25.89,app,pickup,completed
ORD-0249679,R-0586,2025-05-06,17.54,app,delivery,completed
ORD-0249680,R-0586,2025-05-10,13.98,app,pickup,completed
ORD-0249681,R-0586,2025-05-13,14.35,app,delivery,completed
ORD-0249682,R-0586,2025-05-12,18.54,app,pickup,COMPLETED
ORD-0249683,R-0586,2025-05-26,22.93,app,pickup,COMPLETED
ORD-0249684,R-0586,2025-05-24,20.83,app,pickup,completed
ORD-0249685,R-0586,2025-05-28,27.11,app,pickup,completed
ORD-0249686,R-0586,2025-05-08,23.93,app,pickup,completed
ORD-0249687,R-0586,2025-05-21,23.57,app,pickup,completed
ORD-0249688,R-0586,2025-05-28,18.14,web,pickup,completed
ORD-0249689,R-0586,2025-05-18,12.95,app,pickup,completed
ORD-0249690,R-0586,2025-05-22,14.83,app,delivery,completed
ORD-0249691,R-0586,2025-05-04,44.88,app,delivery,cancelled
ORD-0249692,R-0586,2025-05-28,21.47,app,delivery,completed
ORD-0249693,R-0586,2025-05-02,14.18,app,delivery,completed
ORD-0249694,R-0586,2025-05-25,13.47,app,pickup,completed
ORD-0249695,R-0586,2025-05-08,36.63,app,pickup,completed
ORD-0249696,R-0586,2025-05-02,17.32,app,pickup,completed
ORD-0249697,R-0586,2025-05-02,30.40,app,pickup,COMPLETED
ORD-0249698,R-0586,2025-05-12,10.12,app,pickup,completed
ORD-0249699,R-0586,2025-05-10,9.55,app,delivery,completed
ORD-0249700,R-0586,2025-05-20,27.44,app,pickup,completed
ORD-0249701,R-0586,2025-05-17,17.97,app,delivery,COMPLETED
ORD-0249702,R-0586,2025-05-02,37.42,app,pickup,completed
ORD-0249703,R-0586,2025-05-24,24.47,app,pickup,completed
ORD-0249704,R-0586,2025-05-03,22.04,app,delivery,completed
ORD-0249705,R-0586,2025-05-02,19.71,app,pickup,completed
ORD-0249706,R-0586,2025-05-31,11.08,web,pickup,completed
ORD-0249707,R-0586,2025-05-05,18.33,app,delivery,Completed
ORD-0249708,R-0586,2025-05-29,20.20,app,delivery,completed
ORD-0249709,R-0586,2025-05-24,13.88,app,pickup,COMPLETED
ORD-0249710,R-0586,2025-05-07,16.68,app,pickup,completed
ORD-0249711,R-0586,2025-05-18,21.35,app,delivery,completed
ORD-0250868,R-0589,2025-05-11,13.51,web,delivery,completed
ORD-0250869,R-0589,2025-05-08,7.04,app,delivery,completed
ORD-0250870,R-0589,2025-05-19,21.69,app,pickup,completed
ORD-0250871,R-0589,2025-05-12,23.44,app,delivery,completed
ORD-0250872,R-0589,2025-05-04,19.83,web,pickup,completed
ORD-0250873,R-0589,2025-05-29,18.92,app,pickup,completed
ORD-0250874,R-0589,2025-05-03,30.43,web,delivery,COMPLETED
ORD-0250875,R-0589,2025-05-31,16.11,web,delivery,completed
ORD-0250876,R-0589,2025-05-28,28.79,app,delivery,completed
ORD-0250877,R-0589,2025-05-16,37.60,app,pickup,completed
ORD-0250878,R-0589,2025-05-21,8.25,web,delivery,completed
ORD-0250879,R-0589,2025-05-09,22.78,web,delivery,Completed
ORD-0250880,R-0589,2025-05-03,31.01,app,pickup,completed
ORD-0250881,R-0589,2025-05-07,23.60,web,delivery,Completed
ORD-0250882,R-0589,2025-05-05,12.68,app,delivery,COMPLETED
ORD-0250883,R-0589,2025-05-27,20.54,web,delivery,completed
ORD-0250884,R-0589,2025-05-12,13.01,web,pickup,completed
ORD-0250885,R-0589,2025-05-24,12.67,app,delivery,completed
ORD-0250886,R-0589,2025-05-31,30.91,app,pickup,Completed
ORD-0250887,R-0589,2025-05-31,37.45,app,pickup,completed
ORD-0250888,R-0589,2025-05-30,25.72,app,delivery,completed
ORD-0250889,R-0589,2025-05-30,26.85,web,delivery,completed
ORD-0250890,R-0589,2025-05-02,26.34,app,delivery,COMPLETED
ORD-0250891,R-0589,2025-05-31,19.56,web,delivery,completed
ORD-0250892,R-0589,2025-05-27,9.51,web,delivery,completed
ORD-0250893,R-0589,2025-05-28,12.62,web,delivery,completed
ORD-0250894,R-0589,2025-05-10,30.90,web,pickup,Completed
ORD-0250895,R-0589,2025-05-14,6.92,web,delivery,COMPLETED
ORD-0250896,R-0589,2025-05-10,11.49,app,delivery,completed
ORD-0250897,R-0589,2025-05-08,15.38,web,pickup,COMPLETED
ORD-0250898,R-0589,2025-05-30,38.00,app,delivery,completed
ORD-0250899,R-0589,2025-05-18,38.27,web,delivery,completed
ORD-0250900,R-0589,2025-05-31,46.50,web,delivery,refunded
ORD-0250901,R-0589,2025-05-20,17.60,app,delivery,completed
ORD-0250902,R-0589,2025-05-23,16.61,app,delivery,Completed
ORD-0250903,R-0589,2025-05-11,31.62,web,delivery,completed
ORD-0250904,R-0589,2025-05-07,23.53,app,delivery,completed
ORD-0250905,R-0589,2025-05-22,22.23,web,pickup,completed
ORD-0250906,R-0589,2025-05-09,20.29,web,delivery,completed
ORD-0250907,R-0589,2025-05-16,22.89,web,delivery,completed
ORD-0250908,R-0589,2025-05-01,16.51,web,delivery,completed
ORD-0250909,R-0589,2025-05-09,25.02,web,delivery,completed
ORD-0252564,R-0594,2025-05-31,36.46,web,delivery,completed
ORD-0252565,R-0594,2025-05-17,56.22,app,pickup,completed
ORD-0252566,R-0594,2025-05-09,35.12,app,delivery,completed
ORD-0252567,R-0594,2025-05-09,68.07,app,delivery,completed
ORD-0252568,R-0594,2025-05-02,59.26,app,delivery,completed
ORD-0252569,R-0594,2025-05-20,24.51,web,delivery,completed
ORD-0252570,R-0594,2025-05-24,66.56,app,pickup,completed
ORD-0252571,R-0594,2025-05-15,39.83,app,pickup,completed
ORD-0252572,R-0594,2025-05-18,49.11,web,pickup,completed
ORD-0252573,R-0594,2025-05-29,39.62,app,delivery,completed
ORD-0252574,R-0594,2025-05-04,88.33,app,delivery,refunded
ORD-0252575,R-0594,2025-05-27,18.83,web,delivery,cancelled
ORD-0252576,R-0594,2025-05-03,61.14,app,delivery,completed
ORD-0252577,R-0594,2025-05-09,47.18,app,pickup,completed
ORD-0252578,R-0594,2025-05-24,23.24,app,delivery,completed
ORD-0252579,R-0594,2025-05-23,47.74,web,delivery,COMPLETED
ORD-0252580,R-0594,2025-05-02,44.92,app,delivery,completed
ORD-0252581,R-0594,2025-05-29,35.12,app,delivery,completed
ORD-0252582,R-0594,2025-05-29,48.01,app,pickup,COMPLETED
ORD-0252583,R-0594,2025-05-03,37.01,app,delivery,completed
ORD-0252584,R-0594,2025-05-10,77.42,app,delivery,completed
ORD-0252585,R-0594,2025-05-05,74.83,app,delivery,completed
ORD-0252586,R-0594,2025-05-24,55.34,app,delivery,completed
ORD-0252587,R-0594,2025-05-16,60.58,app,pickup,completed
ORD-0252588,R-0594,2025-05-11,27.92,app,pickup,completed
ORD-0252589,R-0594,2025-05-30,26.35,app,pickup,completed
ORD-0252590,R-0594,2025-05-07,55.08,app,delivery,completed
ORD-0252591,R-0594,2025-05-08,106.97,app,delivery,completed
ORD-0252592,R-0594,2025-05-05,28.08,web,delivery,completed
ORD-0252593,R-0594,2025-05-03,27.28,app,delivery,COMPLETED
ORD-0252594,R-0594,2025-05-17,77.12,app,delivery,completed
ORD-0252595,R-0594,2025-05-24,48.50,app,delivery,completed
ORD-0252596,R-0594,2025-05-17,78.26,app,delivery,completed
ORD-0252597,R-0594,2025-05-29,33.64,app,delivery,completed
ORD-0252598,R-0594,2025-05-16,34.53,app,pickup,completed
ORD-0252599,R-0594,2025-05-16,41.47,app,delivery,refunded
ORD-0252600,R-0594,2025-05-09,66.43,app,delivery,completed
ORD-0252601,R-0594,2025-05-12,72.66,app,delivery,completed
ORD-0252602,R-0594,2025-05-29,42.13,app,delivery,completed
